,YAD,AECI,HST,TAL,DUK,FPC,CPLE,CPLW,EEI,FMPP,FPL,GVL,GRID,ISNE,JEA,LGEE,MISO,NSB,NYIS,NWMT,OVEC,PJM,AEC,PNM,SEC,SCEG,SC,SEPA,SOCO,SWPP,SPA,TEC,TVA,WACM,WAUW,NBSO,ERCO
2006-01-01 00:00:00,0,2283.87,0,217.3,10797.53,4233.04,6153.26,0,0,1501.54,9714.13,159.94,0,13940.89,1114.0,3391.16,66034.92,0,16670.55,0,0,80168.08,0,0,0,2426.78,2544.46,0,21778.37,26661.48,57.8,1762.99,16469.03,0,0,0,0
2006-01-01 01:00:00,0,2178.84,0,199.64,10457.59,3895.07,6091.86,0,0,1424.14,9007.43,148.88,0,13461.29,1084.33,3324.7,63606.26,0,15997.56,0,0,77479.2,0,0,0,2368.24,2529.33,0,21216.93,25937.47,56.67,1660.6,15872.5,0,0,0,0
2006-01-01 02:00:00,0,2097.5,0,188.13,10031.55,3605.68,6144.84,0,0,1367.35,8315.01,143.12,0,13229.49,1047.52,3278.14,61649.17,0,15397.74,0,0,75192.16,0,0,0,2345.29,2500.66,0,21103.01,25228.89,55.45,1558.46,15694.16,0,0,0,0
2006-01-01 03:00:00,0,2047.8,0,180.64,9899.45,3411.57,6071.58,0,0,1324.4,7905.06,139.99,0,13127.43,1018.59,3245.23,60578.34,0,14954.31,0,0,73560.4,0,0,0,2366.5,2489.07,0,21157.39,24786.19,54.37,1471.22,15574.48,0,0,0,0
2006-01-01 04:00:00,0,2033.12,0,174.49,10007.87,3245.63,6171.03,0,0,1301.7,7687.87,134.07,0,13073.01,995.63,3239.04,59763.56,0,14920.59,0,0,72599.1,0,0,0,2422.33,2529.59,0,21430.86,24429.68,54.23,1415.37,15403.67,0,0,0,0
2006-01-01 05:00:00,0,2035.32,0,180.2,10306.28,3193.17,6472.07,0,0,1312.32,7756.28,132.15,0,13232.05,994.84,3266.46,59247.78,0,15005.39,0,0,72628.95,0,0,0,2511.86,2589.4,0,21782.88,24140.43,54.7,1411.91,15304.08,0,0,0,0
2006-01-01 06:00:00,0,2057.06,0,180.78,10843.79,3233.45,6763.56,0,0,1334.79,7950.56,132.96,0,13459.96,1020.39,3319.18,59972.5,0,15093.78,0,0,73104.42,0,0,0,2594.84,2644.14,0,22080.63,24113.22,54.67,1419.77,15380.56,0,0,0,0
2006-01-01 07:00:00,0,2085.75,0,181.1,11210.84,3344.73,7149.03,0,0,1366.27,8162.87,138.35,0,13848.01,1042.84,3387.02,60782.27,0,15143.4,0,0,74157.85,0,0,0,2665.04,2674.49,0,22305.02,24335.97,55.28,1452.32,15438.41,0,0,0,0
2006-01-01 08:00:00,0,2125.78,0,176.47,11443.07,3610.02,7366.48,0,0,1432.78,8816.15,140.93,0,14167.1,1067.21,3481.32,61617.66,0,15774.08,0,0,75042.28,0,0,0,2755.08,2775.42,0,22594.09,24647.22,56.04,1475.92,15667.41,0,0,0,0
2006-01-01 09:00:00,0,2232.42,0,186.19,11594.73,3800.2,7395.74,0,0,1508.32,9705.19,137.73,0,14214.03,1113.42,3540.89,62984.53,0,15876.88,0,0,75687.37,0,0,0,2781.29,2871.09,0,23382.7,25094.17,57.78,1583.02,16682.85,0,0,0,0
2006-01-01 10:00:00,0,2309.2,0,196.86,11173.4,4056.52,7109.25,0,0,1584.7,10623.69,137.5,0,14404.14,1111.1,3459.92,64114.76,0,16221.62,0,0,75733.53,0,0,0,2632.8,2707.84,0,22950.5,25755.29,60.03,1700.24,16727.12,0,0,0,0
2006-01-01 11:00:00,0,2306.86,0,204.49,10742.51,4396.98,6768.37,0,0,1674.44,11819.57,138.49,0,14449.03,1110.06,3402.51,64168.4,0,16446.2,0,0,75179.58,0,0,0,2470.31,2551.68,0,22560.61,26211.99,61.57,1829.16,16341.5,0,0,0,0
2006-01-01 12:00:00,0,2279.37,0,209.79,10219.09,4706.19,6522.62,0,0,1777.26,12787.99,139.94,0,14367.72,1132.74,3378.9,64388.91,0,16604.45,0,0,75309.22,0,0,0,2369.3,2460.26,0,22422.52,26469.71,62.56,1983.45,15888.01,0,0,0,0
2006-01-01 13:00:00,0,2261.1,0,204.78,9871.66,4931.22,6373.13,0,0,1835.64,13271.08,143.59,0,14186.95,1155.26,3310.33,64676.97,0,16719.77,0,0,75389.18,0,0,0,2313.09,2410.72,0,22335.0,26397.2,62.45,2096.86,15433.12,0,0,0,0
2006-01-01 14:00:00,0,2230.88,0,208.26,9658.6,5123.41,6245.93,0,0,1876.02,13421.64,152.27,0,14056.68,1166.28,3279.92,64916.09,0,16841.23,0,0,75406.77,0,0,0,2283.65,2389.8,0,22306.42,26117.19,61.92,2153.22,15189.35,0,0,0,0
2006-01-01 15:00:00,0,2177.12,0,226.42,9415.08,5226.58,6088.08,0,0,1917.29,13559.02,159.31,0,14475.66,1167.59,3344.39,65348.65,0,16777.38,0,0,75550.06,0,0,0,2259.0,2358.27,0,22244.79,25895.96,60.45,2129.76,15197.79,0,0,0,0
2006-01-01 16:00:00,0,2140.43,0,210.79,9320.29,5255.03,6002.78,0,0,1901.74,13455.93,163.14,0,14828.26,1175.9,3419.97,65641.39,0,17123.38,0,0,77069.34,0,0,0,2245.87,2313.27,0,22318.68,25590.72,59.1,2157.47,15126.58,0,0,0,0
2006-01-01 17:00:00,0,2101.07,0,206.75,9868.64,5086.36,5918.15,0,0,1837.76,13236.33,161.9,0,15158.1,1168.8,3463.79,65126.17,0,17818.37,0,0,80020.79,0,0,0,2265.94,2283.44,0,22106.51,25097.93,57.56,2134.03,14625.93,0,0,0,0
2006-01-01 18:00:00,0,2019.07,0,207.75,10242.11,4899.2,6025.16,0,0,1782.8,12811.49,161.81,0,15381.34,1165.1,3515.99,65154.56,0,18231.13,0,0,82442.14,0,0,0,2328.76,2334.1,0,22196.81,24645.18,55.55,2078.96,14535.53,0,0,0,0
2006-01-01 19:00:00,0,2194.12,0,262.96,11485.49,6245.59,6887.39,0,0,2211.91,14385.99,216.91,0,16581.57,1471.28,3924.49,73436.55,0,19879.6,0,0,90062.37,0,0,0,2519.83,2692.6,0,21506.57,27723.57,70.26,2636.16,16422.88,0,0,0,0
2006-01-01 20:00:00,0,2226.47,0,256.66,11597.26,6085.61,6754.07,0,0,2075.65,13552.9,211.61,0,15853.41,1391.19,3822.65,72878.84,0,19365.88,0,0,87261.53,0,0,0,2514.73,2676.13,0,21929.44,28427.38,69.0,2476.89,16841.74,0,0,0,0
2006-01-01 21:00:00,0,2272.21,0,257.95,11672.33,5828.53,6579.55,0,0,1959.18,12846.11,206.85,0,15128.02,1303.34,3721.99,71960.21,0,18953.71,0,0,84641.27,0,0,0,2489.06,2582.85,0,22108.38,29150.19,68.14,2300.35,16563.51,0,0,0,0
2006-01-01 22:00:00,0,2237.21,0,239.94,11054.74,5449.47,6419.02,0,0,1846.01,12148.87,193.93,0,14420.29,1223.91,3621.07,70626.16,0,18266.53,0,0,82247.45,0,0,0,2428.01,2513.29,0,21187.32,28556.43,66.71,2158.34,16036.36,0,0,0,0
2006-01-01 23:00:00,0,2103.95,0,225.36,10465.81,5025.4,6227.73,0,0,1739.32,11372.18,176.12,0,13710.87,1148.41,3542.4,68728.58,0,17524.86,0,0,79897.47,0,0,0,2267.5,2385.21,0,20144.19,27627.2,65.25,2022.42,15508.05,0,0,0,0
2006-01-02 00:00:00,0,1965.23,0,209.3,9910.57,4565.38,5986.3,0,0,1627.38,10591.93,162.57,0,13074.55,1077.82,3372.81,66392.83,0,16674.92,0,0,77585.53,0,0,0,2133.3,2257.65,0,19080.39,26664.42,64.34,1869.01,14764.52,0,0,0,0
2006-01-02 01:00:00,0,1836.82,0,197.44,9493.87,4120.48,5733.47,0,0,1512.61,9776.66,152.65,0,12623.36,1010.91,3228.76,64189.82,0,15890.84,0,0,75321.74,0,0,0,2027.32,2111.87,0,18262.17,25782.39,64.29,1721.02,13884.27,0,0,0,0
2006-01-02 02:00:00,0,1775.55,0,181.45,9224.22,3761.87,5561.6,0,0,1425.37,9066.44,139.49,0,12413.64,942.05,3123.08,62004.14,0,15308.56,0,0,73525.26,0,0,0,1939.48,2500.66,0,17550.44,24872.73,64.12,1607.13,13233.62,0,0,0,0
2006-01-02 03:00:00,0,1736.66,0,172.64,9001.61,3537.88,5366.48,0,0,1361.58,8648.76,134.69,0,12327.37,891.27,3069.17,60495.66,0,14950.83,0,0,72581.39,0,0,0,1897.22,2489.07,0,17269.62,24420.75,64.43,1543.15,12799.76,0,0,0,0
2006-01-02 04:00:00,0,1731.58,0,175.48,9019.17,3453.24,5483.04,0,0,1343.48,8632.62,137.91,0,12327.81,870.56,3116.4,60030.28,0,15113.6,0,0,72304.89,0,0,0,1938.43,2529.59,0,17532.34,24610.9,64.33,1511.55,12643.33,0,0,0,0
2006-01-02 05:00:00,0,1794.76,0,182.39,9405.15,3474.26,5565.73,0,0,1366.56,8745.47,144.97,0,12502.23,874.94,3246.16,61392.24,0,15487.14,0,0,73830.78,0,0,0,1972.71,2589.4,0,18110.61,25105.44,65.15,1555.71,12936.94,0,0,0,0
2006-01-02 06:00:00,0,1869.19,0,190.96,9893.47,3601.9,5658.27,0,0,1403.06,9094.67,148.5,0,12779.1,908.19,3335.43,63129.99,0,15826.95,0,0,75976.24,0,0,0,2033.82,2644.14,0,18657.15,25939.98,65.29,1613.26,13176.13,0,0,0,0
2006-01-02 07:00:00,0,1956.48,0,200.37,10381.09,3799.13,5804.43,0,0,1451.61,9496.84,153.08,0,13095.24,949.55,3438.96,64805.46,0,16216.64,0,0,77798.4,0,0,0,2082.88,2674.49,0,19201.9,26801.75,65.3,1670.37,13491.99,0,0,0,0
2006-01-02 08:00:00,0,2082.18,0,211.37,10911.36,4248.36,5997.78,0,0,1588.07,10252.05,160.87,0,14091.24,1047.01,3525.11,66485.94,0,16788.23,0,0,81303.03,0,0,0,2150.05,2775.42,0,19640.93,27746.88,65.84,1793.47,13875.12,0,0,0,0
2006-01-02 09:00:00,0,2202.01,0,225.68,11344.95,4726.71,6198.7,0,0,1713.86,11406.32,173.39,0,14510.37,1139.01,3678.55,68975.84,0,17795.99,0,0,84437.22,0,0,0,2217.52,2008.6,0,20383.77,28826.69,67.12,1954.18,14633.77,0,0,0,0
2006-01-02 10:00:00,0,2333.49,0,234.91,11529.39,5077.3,6289.3,0,0,1802.99,12315.96,179.51,0,14484.54,1167.73,3744.8,71779.49,0,18309.47,0,0,85161.68,0,0,0,2244.98,2031.28,0,21294.65,30252.14,69.7,2112.2,15211.05,0,0,0,0
2006-01-02 11:00:00,0,2412.21,0,244.04,11557.26,4396.98,6217.49,0,0,1889.22,13277.8,184.48,0,14546.85,1194.27,3818.64,74081.1,0,18521.87,0,0,85447.27,0,0,0,2285.13,2028.8,0,21955.39,31010.71,72.21,1829.16,15746.14,0,0,0,0
2006-01-02 12:00:00,0,2456.04,0,255.37,11585.63,5645.3,6135.38,0,0,1975.4,14291.07,190.69,0,14482.89,1240.01,3885.37,75349.86,0,18608.39,0,0,86333.54,0,0,0,2318.06,2006.62,0,22422.81,31116.28,73.74,1983.45,16114.85,0,0,0,0
2006-01-02 13:00:00,0,2469.39,0,260.16,11578.18,4931.22,6057.72,0,0,2060.59,15049.18,143.59,0,14472.35,1292.59,3871.33,76025.2,0,18703.51,0,0,87078.78,0,0,0,2373.54,2011.95,0,22693.7,31044.19,74.58,2494.36,16336.58,0,0,0,0
2006-01-02 14:00:00,0,2467.86,0,208.26,11567.45,6100.44,5992.98,0,0,2138.19,15528.09,152.27,0,14383.37,1332.53,3882.91,76585.54,0,18838.94,0,0,88379.21,0,0,0,2413.2,2007.91,0,22809.4,30780.49,74.39,2549.76,16521.46,0,0,0,0
2006-01-02 15:00:00,0,2477.96,0,258.63,11569.64,6233.99,5907.57,0,0,2194.34,15676.64,159.31,0,14261.27,1365.09,3927.38,77009.21,0,19114.55,0,0,89993.4,0,0,0,2435.68,2001.36,0,22970.88,30453.53,73.31,2575.32,16605.58,0,0,0,0
2006-01-02 16:00:00,0,2474.2,0,256.42,11663.15,5255.03,5857.2,0,0,2235.6,15475.84,163.14,0,14996.18,1384.56,3883.73,76869.33,0,19267.27,0,0,91086.03,0,0,0,2429.14,2007.71,0,23089.84,29641.52,72.19,2582.19,16736.71,0,0,0,0
2006-01-02 17:00:00,0,2466.22,0,256.8,11782.58,6284.03,5796.88,0,0,2229.98,15361.1,161.9,0,15604.4,1364.24,3856.89,75922.19,0,19822.88,0,0,92457.26,0,0,0,2438.17,1991.79,0,22809.03,28679.35,71.4,2526.61,16791.85,0,0,0,0
2006-01-02 18:00:00,0,2461.82,0,265.16,11918.23,6032.32,5903.78,0,0,2150.52,14894.65,161.81,0,16141.67,1349.84,3958.42,75561.87,0,20644.82,0,0,93911.14,0,0,0,2464.72,2072.27,0,22406.59,27892.95,71.23,2437.94,16942.84,0,0,0,0
2006-01-02 19:00:00,0,2691.16,0,262.96,12708.76,6736.49,7195.47,0,0,2354.11,16178.45,256.55,0,17115.3,1627.86,4230.81,78529.0,0,21244.88,0,0,98109.0,0,0,0,2682.12,2581.91,0,24588.54,30210.15,80.3,2859.47,17581.53,0,0,0,0
2006-01-02 20:00:00,0,2740.62,0,256.66,12666.01,6492.89,6889.29,0,0,2199.39,15050.56,247.97,0,16251.76,1536.58,4085.7,77917.26,0,20523.15,0,0,94504.12,0,0,0,2685.74,2505.45,0,24737.65,30685.69,79.22,2649.75,17960.32,0,0,0,0
2006-01-02 21:00:00,0,2272.21,0,310.34,12349.69,6236.28,6531.46,0,0,2047.87,14102.11,242.19,0,15426.38,1434.92,3901.82,77280.34,0,19749.9,0,0,90959.93,0,0,0,2683.75,2414.69,0,24663.82,31160.39,78.19,2493.49,18356.12,0,0,0,0
2006-01-02 22:00:00,0,2706.33,0,296.32,11581.06,5729.59,6192.73,0,0,1916.29,13136.91,225.8,0,14588.84,1346.22,3793.89,75126.15,0,18745.74,0,0,87556.57,0,0,0,2522.22,2302.01,0,23375.99,30651.3,77.12,2331.78,17503.75,0,0,0,0
2006-01-02 23:00:00,0,2568.13,0,275.36,10910.22,5239.11,5876.49,0,0,1779.92,12122.34,205.54,0,13756.22,1235.51,3695.09,72585.35,0,17719.47,0,0,84179.37,0,0,0,2378.15,2184.44,0,22210.64,29488.95,76.19,2197.65,16603.84,0,0,0,0
2006-01-03 00:00:00,0,2442.1,0,256.28,10228.76,4733.16,5566.42,0,0,1648.82,11141.33,189.33,0,12940.76,1137.64,3601.56,70127.82,0,16726.73,0,0,80775.06,0,0,0,2235.49,2062.51,0,21165.66,28281.11,74.88,2043.88,15908.52,0,0,0,0
2006-01-03 01:00:00,0,2324.91,0,234.7,9574.91,4223.33,5195.45,0,0,1515.4,10177.61,172.38,0,12334.48,1041.3,3494.48,67692.25,0,15723.7,0,0,77643.83,0,0,0,2106.36,1957.81,0,20116.62,27073.65,74.37,1904.32,15303.44,0,0,0,0
2006-01-03 02:00:00,0,2234.44,0,216.69,9233.97,3835.83,4944.24,0,0,1400.52,9276.02,159.93,0,12079.16,969.65,3404.76,65290.62,0,14913.91,0,0,74965.14,0,0,0,2027.32,1886.65,0,19426.72,26029.15,73.83,1776.89,14803.03,0,0,0,0
2006-01-03 03:00:00,0,2235.71,0,206.55,9291.6,3654.6,4889.46,0,0,1329.76,9039.1,155.69,0,12241.47,954.22,3350.31,64247.97,0,14762.01,0,0,74034.09,0,0,0,1998.18,1852.77,0,19368.93,25699.62,73.55,1721.2,14874.24,0,0,0,0
2006-01-03 04:00:00,0,2310.54,0,208.37,9636.45,3722.68,5074.91,0,0,1351.43,9236.11,160.18,0,12626.15,978.02,3422.05,64667.14,0,15158.11,0,0,75550.15,0,0,0,2008.66,1875.66,0,20052.18,25985.96,74.72,1733.47,15273.83,0,0,0,0
2006-01-03 05:00:00,0,2395.38,0,216.63,10234.63,3914.5,5315.56,0,0,1400.11,9511.69,164.94,0,13048.86,1024.32,3576.96,66398.02,0,15772.86,0,0,78150.83,0,0,0,2070.2,1949.5,0,20799.17,26750.72,77.61,1755.99,15926.22,0,0,0,0
2006-01-03 06:00:00,0,2479.22,0,228.18,10819.75,4095.0,5592.69,0,0,1455.37,9833.63,170.28,0,13455.3,1071.75,3742.35,68092.28,0,16428.56,0,0,81053.58,0,0,0,2144.84,2036.38,0,21533.45,27634.65,80.67,1810.48,16567.7,0,0,0,0
2006-01-03 07:00:00,0,2572.35,0,237.95,11416.27,4261.59,5873.09,0,0,1509.32,10178.07,174.89,0,13867.27,1126.67,3902.21,69783.23,0,17086.98,0,0,83895.09,0,0,0,2244.42,2112.89,0,22324.78,28564.35,83.4,1871.24,17315.98,0,0,0,0
2006-01-03 08:00:00,0,2640.66,0,262.36,12058.33,4475.23,6132.74,0,0,1628.45,10948.41,178.31,0,14585.54,1192.25,4036.8,71380.01,0,17965.76,0,0,87079.87,0,0,0,2404.57,2200.33,0,23142.21,29448.97,65.84,1942.25,17997.3,0,0,0,0
2006-01-03 09:00:00,0,2735.76,0,290.31,12438.85,4824.15,6403.3,0,0,1747.29,12017.62,182.97,0,15536.68,1259.46,4172.74,74059.2,0,19315.97,0,0,90793.93,0,0,0,2540.79,2347.76,0,24886.76,30613.85,67.12,2103.19,18797.63,0,0,0,0
2006-01-03 10:00:00,0,2690.71,0,299.22,12308.63,5097.49,6507.83,0,0,1810.73,12796.8,184.93,0,15880.17,1313.76,4244.27,76699.28,0,20077.72,0,0,92844.23,0,0,0,2574.22,2399.81,0,25068.98,30837.63,69.7,2217.16,19238.32,0,0,0,0
2006-01-03 11:00:00,0,2524.02,0,299.54,11919.0,5237.62,6535.63,0,0,1858.62,13467.59,190.47,0,16033.77,1330.48,4275.27,76930.43,0,20357.8,0,0,93397.34,0,0,0,2581.49,2406.05,0,25062.95,30187.04,84.18,2279.41,19197.34,0,0,0,0
2006-01-03 12:00:00,0,2378.91,0,295.65,11522.51,5347.92,6357.77,0,0,1923.73,14083.77,191.93,0,16101.72,1319.91,4278.39,77077.33,0,20511.95,0,0,93583.9,0,0,0,2570.14,2395.83,0,24783.15,29893.93,81.09,2260.45,19077.04,0,0,0,0
2006-01-03 13:00:00,0,2253.1,0,291.66,11267.87,5471.39,6163.46,0,0,1961.08,14580.54,190.38,0,16139.66,1311.32,4260.4,77116.67,0,20665.98,0,0,93875.63,0,0,0,2530.89,2369.31,0,24428.39,29551.11,78.08,2242.43,18873.45,0,0,0,0
2006-01-03 14:00:00,0,2156.43,0,288.23,11028.39,5473.36,6018.97,0,0,1975.25,14944.0,191.19,0,16233.08,1304.48,4233.86,76891.54,0,20825.57,0,0,94125.71,0,0,0,2484.5,2341.18,0,23854.54,29187.5,75.74,2262.22,18622.92,0,0,0,0
2006-01-03 15:00:00,0,2077.67,0,285.05,10915.86,5501.79,6088.47,0,0,1969.4,15233.5,192.05,0,16293.46,1297.57,4193.99,76506.19,0,20994.08,0,0,94396.19,0,0,0,2446.31,2310.82,0,23631.94,28628.25,73.27,2285.35,18402.44,0,0,0,0
2006-01-03 16:00:00,0,2022.22,0,284.98,10931.44,5670.14,6177.04,0,0,1974.1,15330.03,192.39,0,16499.33,1290.91,4153.62,76250.12,0,21150.99,0,0,94774.68,0,0,0,2441.51,2281.31,0,23544.46,28116.93,71.42,2308.07,18351.35,0,0,0,0
2006-01-03 17:00:00,0,1968.25,0,284.92,10972.88,5718.54,6247.84,0,0,1976.4,15046.74,193.39,0,16812.86,1300.49,4124.8,75721.76,0,21308.7,0,0,95463.12,0,0,0,2472.69,2326.58,0,23222.46,27633.09,70.34,2322.4,18272.51,0,0,0,0
2006-01-03 18:00:00,0,2019.99,0,281.8,11236.43,5562.23,6421.24,0,0,1917.92,14519.24,193.45,0,17070.83,1320.34,4117.83,75399.43,0,21651.74,0,0,96164.7,0,0,0,2529.68,2372.52,0,23581.88,27252.21,70.78,2267.7,18570.84,0,0,0,0
2006-01-03 19:00:00,0,2328.47,0,262.96,12354.17,6130.63,7369.28,0,0,2230.07,15487.12,237.38,0,17972.23,1589.88,4378.39,77289.14,0,22126.28,0,0,100381.52,0,0,0,2808.85,2710.3,0,25154.42,29251.06,76.65,2622.3,18491.16,0,0,0,0
2006-01-03 20:00:00,0,2404.83,0,256.66,12448.39,6018.36,7143.43,0,0,2072.61,14415.7,234.0,0,17056.21,1537.9,4242.45,76721.79,0,21482.4,0,0,97226.27,0,0,0,2828.58,2729.63,0,25619.93,29916.86,75.78,2440.58,18727.68,0,0,0,0
2006-01-03 21:00:00,0,2467.65,0,315.78,12290.99,5789.79,6904.94,0,0,1927.77,13484.68,230.49,0,16174.91,1484.68,4102.54,76225.06,0,20736.28,0,0,93321.37,0,0,0,2802.29,2721.77,0,25518.99,30473.28,74.67,2275.17,18818.98,0,0,0,0
2006-01-03 22:00:00,0,2426.11,0,297.04,11780.03,5359.41,6694.28,0,0,1789.51,12524.32,215.23,0,15318.51,1433.37,3966.22,74229.33,0,19635.1,0,0,89735.87,0,0,0,2687.25,2660.98,0,24550.57,30066.35,73.66,2116.68,18342.38,0,0,0,0
2006-01-03 23:00:00,0,2302.99,0,278.29,11256.44,4935.01,6466.91,0,0,1672.02,11550.95,199.05,0,14501.09,1379.33,3824.08,71483.04,0,18452.23,0,0,86478.96,0,0,0,2590.27,2597.38,0,23762.67,28940.11,72.72,1965.09,17735.94,0,0,0,0
2006-01-04 00:00:00,0,2173.06,0,259.83,10725.72,4515.77,6224.12,0,0,1567.55,10560.55,183.5,0,13708.54,1333.57,3679.91,68744.65,0,17539.77,0,0,83273.95,0,0,0,2492.8,2526.73,0,23097.13,27832.27,72.06,1825.83,17086.22,0,0,0,0
2006-01-04 01:00:00,0,2041.27,0,245.65,10330.33,4107.84,5972.57,0,0,1492.22,9577.32,170.98,0,13017.76,1274.85,3553.44,66151.12,0,16542.33,0,0,80246.97,0,0,0,2415.36,2453.39,0,22373.36,26739.03,71.27,1690.74,16459.91,0,0,0,0
2006-01-04 02:00:00,0,1966.57,0,235.17,10144.21,3849.34,5817.44,0,0,1418.92,8701.46,166.34,0,12867.93,1258.95,3444.06,63887.7,0,15851.76,0,0,78172.14,0,0,0,2370.46,2451.5,0,22050.64,25734.92,70.59,1600.8,16031.11,0,0,0,0
2006-01-04 03:00:00,0,1962.62,0,235.91,10265.41,3972.14,5947.98,0,0,1433.95,8729.69,168.22,0,12990.08,1300.19,3378.44,63141.88,0,15634.42,0,0,77902.89,0,0,0,2423.69,2522.13,0,22716.92,25210.86,70.41,1622.67,16157.73,0,0,0,0
2006-01-04 04:00:00,0,2009.41,0,248.91,10794.92,4304.3,6321.03,0,0,1523.95,9151.13,174.31,0,13491.06,1362.74,3490.66,63751.16,0,16007.98,0,0,79724.66,0,0,0,2514.13,2605.68,0,23527.95,25399.86,71.82,1717.91,16581.88,0,0,0,0
2006-01-04 05:00:00,0,2083.46,0,266.2,11404.04,4662.94,6752.32,0,0,1605.27,9603.81,183.2,0,13881.9,1444.86,3663.03,65231.18,0,16606.37,0,0,82143.77,0,0,0,2612.33,2690.38,0,24452.53,26036.45,74.41,1834.7,17089.12,0,0,0,0
2006-01-04 06:00:00,0,2182.11,0,275.8,12040.99,5025.64,7241.78,0,0,1685.51,10115.83,192.77,0,14324.68,1523.89,3840.61,66875.72,0,17333.7,0,0,84714.7,0,0,0,2701.06,2762.89,0,25283.35,26848.51,77.34,1958.25,17491.05,0,0,0,0
2006-01-04 07:00:00,0,2293.33,0,288.02,12711.09,5407.39,7751.63,0,0,1762.26,10657.64,203.0,0,14724.34,1604.95,3999.96,68601.92,0,18014.84,0,0,87243.95,0,0,0,2799.76,2850.11,0,26143.47,27739.67,79.23,2091.89,17947.67,0,0,0,0
2006-01-04 08:00:00,0,2373.81,0,319.16,13720.04,6107.68,8203.9,0,0,1938.53,12125.54,216.91,0,16042.09,1744.4,4154.98,70327.86,0,19530.19,0,0,91502.51,0,0,0,3018.35,2943.27,0,27513.99,28615.48,80.03,2297.17,18355.64,0,0,0,0
2006-01-04 09:00:00,0,2509.15,0,334.84,13975.45,6370.26,8133.47,0,0,1905.78,12547.74,222.9,0,16542.6,1745.24,4320.16,73863.91,0,20935.34,0,0,94285.24,0,0,0,3008.46,2935.72,0,29227.23,29848.85,81.63,2339.95,19125.21,0,0,0,0
2006-01-04 10:00:00,0,2561.08,0,318.22,13481.22,6050.43,7818.8,0,0,1815.9,12513.93,210.92,0,16293.34,1570.47,4249.85,75833.66,0,21099.07,0,0,93532.91,0,0,0,2865.21,2830.55,0,26905.1,30518.28,81.31,2250.72,18186.25,0,0,0,0
2006-01-04 11:00:00,0,2529.03,0,306.13,12738.29,5877.25,7465.4,0,0,1794.86,12729.94,200.74,0,15937.53,1484.24,4168.89,76131.16,0,20553.81,0,0,92170.73,0,0,0,2765.03,2702.39,0,25478.01,30507.53,80.32,2193.82,17333.15,0,0,0,0
2006-01-04 12:00:00,0,2496.12,0,303.23,12211.69,5751.04,7186.19,0,0,1783.62,12947.09,197.54,0,15681.01,1445.03,4086.9,76180.49,0,20426.05,0,0,90993.94,0,0,0,2690.26,2583.97,0,24805.9,30281.23,78.42,2174.94,16757.79,0,0,0,0
2006-01-04 13:00:00,0,2435.27,0,298.11,11680.61,5629.3,6870.27,0,0,1780.87,13065.2,194.73,0,15468.95,1406.81,4010.14,76416.63,0,20344.16,0,0,89977.22,0,0,0,2608.27,2476.82,0,24128.76,29992.1,75.94,2172.11,16354.62,0,0,0,0
2006-01-04 14:00:00,0,2363.59,0,289.59,11226.03,5504.03,6562.2,0,0,1788.44,13098.76,194.14,0,15312.25,1367.18,3949.98,76571.46,0,20269.13,0,0,88847.81,0,0,0,2514.66,2374.56,0,23520.86,29641.82,74.01,2167.34,16080.86,0,0,0,0
2006-01-04 15:00:00,0,2286.47,0,281.57,10854.87,5425.32,6233.06,0,0,1810.06,13236.62,195.08,0,15436.01,1346.55,3914.17,76548.92,0,20309.92,0,0,88539.22,0,0,0,2460.92,2288.75,0,22896.56,29155.16,73.6,2165.74,15914.14,0,0,0,0
2006-01-04 16:00:00,0,2215.06,0,284.04,10729.77,5481.87,6062.83,0,0,1844.43,13467.24,195.64,0,16058.96,1339.46,3895.7,76530.65,0,20680.07,0,0,88880.24,0,0,0,2450.21,2239.1,0,22578.07,28569.31,72.89,2201.53,15910.19,0,0,0,0
2006-01-04 17:00:00,0,2169.23,0,282.56,10771.99,5614.89,6260.81,0,0,1864.15,13661.15,193.4,0,16718.56,1366.41,3914.03,76576.58,0,21431.47,0,0,91185.16,0,0,0,2480.14,2292.93,0,22528.92,28046.86,72.22,2227.01,16028.67,0,0,0,0
2006-01-04 18:00:00,0,2231.89,0,276.84,10954.61,5539.63,6494.75,0,0,1837.38,13042.73,194.88,0,17137.6,1404.58,3927.54,76279.63,0,21897.93,0,0,92781.25,0,0,0,2510.62,2347.93,0,22940.73,27735.69,74.14,2208.89,16262.84,0,0,0,0
2006-01-04 19:00:00,0,2516.76,0,331.6,12121.8,6171.14,7385.99,0,0,2136.34,14656.93,234.67,0,18148.83,1581.72,4215.63,78950.68,0,21994.7,0,0,98607.55,0,0,0,2761.92,2674.85,0,24717.52,29549.09,80.9,2574.38,17475.99,0,0,0,0
2006-01-04 20:00:00,0,2622.79,0,325.13,12224.68,6072.84,7127.07,0,0,2012.83,13844.18,232.84,0,17306.47,1525.33,4169.66,78591.84,0,21393.69,0,0,96252.13,0,0,0,2781.51,2651.07,0,25094.18,30297.3,80.54,2400.26,17997.64,0,0,0,0
2006-01-04 21:00:00,0,2720.4,0,316.8,12038.5,5837.27,6821.07,0,0,1901.49,13069.99,229.55,0,16436.27,1475.92,4150.9,78074.54,0,20478.28,0,0,93637.55,0,0,0,2745.7,2603.95,0,24944.17,31031.87,80.32,2267.62,18292.41,0,0,0,0
2006-01-04 22:00:00,0,2691.12,0,298.34,11333.05,5462.31,6498.4,0,0,1783.84,12173.61,214.06,0,15556.16,1426.87,4119.84,75902.76,0,19336.17,0,0,90762.4,0,0,0,2599.65,2496.65,0,23856.73,30704.22,79.59,2152.56,17780.22,0,0,0,0
2006-01-04 23:00:00,0,2582.08,0,279.24,10726.24,5029.53,6159.09,0,0,1667.79,11296.12,199.08,0,14690.18,1366.12,4027.1,73702.84,0,18152.57,0,0,87586.02,0,0,0,2447.71,2396.92,0,22850.23,29656.67,78.43,2021.71,17184.11,0,0,0,0
2006-01-05 00:00:00,0,2472.43,0,260.7,10208.31,4594.53,5845.15,0,0,1567.85,10423.35,184.97,0,13807.39,1306.15,3927.08,71306.19,0,17067.99,0,0,84370.05,0,0,0,2312.86,2308.12,0,21873.48,28541.07,77.65,1892.76,16658.66,0,0,0,0
2006-01-05 01:00:00,0,2370.13,0,244.69,9872.41,4222.18,5557.8,0,0,1479.68,9584.51,173.05,0,13241.3,1251.77,3837.59,68836.25,0,16047.84,0,0,80944.62,0,0,0,2201.76,2229.04,0,20876.18,27439.69,77.05,1788.57,16203.63,0,0,0,0
2006-01-05 02:00:00,0,2339.0,0,233.52,9739.26,4035.31,5391.0,0,0,1404.44,8808.84,165.07,0,13024.62,1222.5,3760.57,66554.9,0,15221.91,0,0,78063.06,0,0,0,2151.53,2194.36,0,20282.19,26449.47,76.81,1722.59,15888.56,0,0,0,0
2006-01-05 03:00:00,0,2372.47,0,235.53,9868.08,4281.32,5516.45,0,0,1432.44,8944.54,166.48,0,13244.76,1258.37,3728.74,64717.12,0,14956.85,0,0,77124.02,0,0,0,2170.8,2257.95,0,20582.77,26121.38,77.09,1775.43,16102.61,0,0,0,0
2006-01-05 04:00:00,0,2436.06,0,247.29,10328.94,4616.78,5798.3,0,0,1520.03,9335.32,176.23,0,13471.86,1329.19,3843.71,65254.24,0,15335.61,0,0,78625.19,0,0,0,2255.28,2340.53,0,21168.12,26408.25,79.3,1879.02,16826.25,0,0,0,0
2006-01-05 05:00:00,0,2504.85,0,257.78,10901.56,4922.43,6153.31,0,0,1605.77,9790.1,186.22,0,13712.03,1407.88,4012.13,66834.99,0,15851.01,0,0,81004.59,0,0,0,2343.82,2419.35,0,21953.46,27168.43,82.37,1980.21,17667.64,0,0,0,0
2006-01-05 06:00:00,0,2571.23,0,266.8,11429.27,5235.91,6476.4,0,0,1686.94,10288.57,196.14,0,13972.89,1477.14,4194.67,68692.12,0,16432.86,0,0,83396.66,0,0,0,2439.6,2500.83,0,22843.41,28022.31,85.44,2080.91,18520.56,0,0,0,0
2006-01-05 07:00:00,0,2627.12,0,276.59,11997.24,5587.44,6816.28,0,0,1774.07,10858.63,203.69,0,14238.02,1545.58,4368.32,70527.31,0,17010.09,0,0,84972.06,0,0,0,2548.27,2582.68,0,23774.95,28872.49,87.93,2192.72,19361.26,0,0,0,0
2006-01-05 08:00:00,0,2688.9,0,293.0,12977.77,6253.9,7168.45,0,0,1956.81,12221.68,214.63,0,14717.81,1668.26,4517.79,72511.31,0,17771.2,0,0,88426.24,0,0,0,2748.3,2662.59,0,24994.45,29747.01,89.8,2338.42,20215.46,0,0,0,0
2006-01-05 09:00:00,0,2778.62,0,317.27,13033.9,6556.37,7244.47,0,0,1939.3,12429.46,221.63,0,15282.07,1668.17,4700.25,76274.87,0,18977.49,0,0,91737.17,0,0,0,2769.37,2652.13,0,26748.13,30914.69,91.5,2382.92,21205.6,0,0,0,0
2006-01-05 10:00:00,0,2804.55,0,292.85,12346.33,6206.68,6856.74,0,0,1845.99,12438.97,203.2,0,15739.91,1481.21,4792.51,79272.12,0,19742.78,0,0,91062.2,0,0,0,2688.25,2545.97,0,26582.49,31516.09,91.13,2265.18,21641.7,0,0,0,0
2006-01-05 11:00:00,0,2752.87,0,281.35,12053.62,5989.0,6540.07,0,0,1802.82,12688.43,197.69,0,15950.48,1410.37,4834.79,80064.45,0,20100.03,0,0,90812.22,0,0,0,2621.67,2444.42,0,26053.1,31467.2,89.45,2216.82,21484.65,0,0,0,0
2006-01-05 12:00:00,0,2719.79,0,280.53,11784.9,5778.43,6338.63,0,0,1778.47,12919.22,192.8,0,15982.73,1371.04,4852.98,80167.36,0,20294.84,0,0,90646.04,0,0,0,2545.07,2350.86,0,25435.47,31364.49,87.67,2187.87,20998.83,0,0,0,0
2006-01-05 13:00:00,0,2690.64,0,286.1,11469.95,5576.98,6210.43,0,0,1767.1,12966.57,191.85,0,16017.26,1336.42,4835.11,80134.63,0,20075.06,0,0,90483.16,0,0,0,2469.61,2272.02,0,24679.03,31154.8,86.07,2178.53,20314.26,0,0,0,0
2006-01-05 14:00:00,0,2637.76,0,292.34,11245.61,5428.97,6100.81,0,0,1773.73,12947.51,191.23,0,15982.2,1301.48,4826.57,79968.08,0,19620.46,0,0,90548.46,0,0,0,2407.67,2201.68,0,24089.2,30772.3,84.99,2174.49,19716.93,0,0,0,0
2006-01-05 15:00:00,0,2606.33,0,298.51,11092.86,5375.86,5986.57,0,0,1796.19,13029.29,193.39,0,15941.93,1295.76,4823.24,79580.86,0,19709.08,0,0,90821.4,0,0,0,2389.7,2181.04,0,23831.68,30467.06,84.47,2187.53,19324.29,0,0,0,0
2006-01-05 16:00:00,0,2571.1,0,298.77,11028.19,5448.8,5960.13,0,0,1830.47,13238.78,193.07,0,16029.79,1292.06,4807.87,79200.65,0,19760.25,0,0,91367.27,0,0,0,2394.33,2196.85,0,23776.63,30095.24,83.84,2228.05,19297.37,0,0,0,0
2006-01-05 17:00:00,0,2532.35,0,292.66,11161.27,5582.2,6242.56,0,0,1848.65,13341.11,196.7,0,16353.09,1315.29,4788.99,79009.74,0,20221.64,0,0,93218.68,0,0,0,2442.12,2250.67,0,23673.63,29617.8,82.95,2272.68,19330.9,0,0,0,0
2006-01-05 18:00:00,0,2522.32,0,279.53,11585.32,5550.39,6471.93,0,0,1826.74,12890.45,197.76,0,16628.71,1340.3,4783.15,78589.45,0,20747.14,0,0,94721.64,0,0,0,2478.83,2292.18,0,23946.62,29526.68,83.05,2262.16,19947.63,0,0,0,0
2006-01-05 19:00:00,0,2814.54,0,323.55,12783.81,6106.71,7444.89,0,0,2134.81,14473.65,235.75,0,17195.9,1586.92,4930.9,82258.22,0,21240.71,0,0,101818.06,0,0,0,2751.33,2625.79,0,27439.19,31207.77,88.77,2575.29,21162.75,0,0,0,0
2006-01-05 20:00:00,0,2896.53,0,318.16,13059.17,6012.25,7367.91,0,0,2037.38,13723.75,229.52,0,16401.75,1528.41,4807.63,82166.78,0,20744.63,0,0,98937.61,0,0,0,2767.82,2614.89,0,28364.21,31947.76,88.37,2403.88,21752.18,0,0,0,0
2006-01-05 21:00:00,0,2967.58,0,314.63,12955.46,5783.37,7135.81,0,0,1937.41,13012.47,223.0,0,15597.65,1456.47,4680.63,81722.08,0,20095.89,0,0,96230.99,0,0,0,2733.42,2599.55,0,28441.16,32683.03,87.47,2251.48,22030.25,0,0,0,0
2006-01-05 22:00:00,0,2911.34,0,300.79,12514.86,5341.04,6849.17,0,0,1823.6,12164.61,207.9,0,14750.38,1371.18,4544.16,79505.06,0,19102.09,0,0,92973.95,0,0,0,2613.57,2543.07,0,27814.14,32069.5,86.13,2115.65,21417.95,0,0,0,0
2006-01-05 23:00:00,0,2796.47,0,286.01,12051.44,4914.03,6563.12,0,0,1721.32,11257.93,196.08,0,13893.12,1282.98,4413.1,77033.64,0,18023.58,0,0,89920.66,0,0,0,2525.78,2485.77,0,27188.06,31041.77,84.32,1993.39,20733.41,0,0,0,0
2006-01-06 00:00:00,0,2684.37,0,275.38,11581.82,4568.59,6342.52,0,0,1622.77,10376.5,188.08,0,13060.44,1242.43,4289.32,74480.53,0,16994.18,0,0,87139.21,0,0,0,2440.8,2424.86,0,26505.41,29984.94,83.84,1856.56,20033.82,0,0,0,0
2006-01-06 01:00:00,0,2572.27,0,264.77,11161.69,4236.41,6143.37,0,0,1532.3,9492.84,174.91,0,12547.43,1207.52,4172.4,71837.56,0,16046.84,0,0,84307.68,0,0,0,2358.64,2377.82,0,25713.35,28857.61,82.48,1762.36,19306.98,0,0,0,0
2006-01-06 02:00:00,0,2486.88,0,256.17,10918.21,4032.46,6008.73,0,0,1459.28,8710.48,164.01,0,12318.5,1210.18,4060.97,69142.24,0,15323.82,0,0,82038.82,0,0,0,2322.29,2370.55,0,25132.83,27779.59,82.93,1677.29,18584.3,0,0,0,0
2006-01-06 03:00:00,0,2496.67,0,255.74,11046.35,4063.35,6118.19,0,0,1485.43,8937.28,164.73,0,12382.14,1271.35,3949.71,67617.17,0,15225.34,0,0,80599.01,0,0,0,2352.08,2459.32,0,25234.26,27425.66,83.02,1676.45,18396.63,0,0,0,0
2006-01-06 04:00:00,0,2570.66,0,271.23,11460.83,4464.63,6354.94,0,0,1583.42,9448.62,180.86,0,12752.05,1381.91,4100.9,68643.66,0,15692.15,0,0,81765.63,0,0,0,2453.61,2550.12,0,25941.14,27701.86,85.04,1784.68,18796.58,0,0,0,0
2006-01-06 05:00:00,0,2660.37,0,291.28,12075.3,5035.19,6756.63,0,0,1696.25,9955.84,199.01,0,13057.28,1507.43,4319.98,70237.88,0,16327.1,0,0,84094.02,0,0,0,2572.44,2641.96,0,26648.36,28560.44,87.31,1921.21,19227.24,0,0,0,0
2006-01-06 06:00:00,0,2762.1,0,310.77,12721.6,5613.43,7119.68,0,0,1806.94,10448.26,215.78,0,13381.59,1633.44,4498.75,72091.29,0,17012.94,0,0,86883.9,0,0,0,2684.18,2733.35,0,27437.86,29573.66,89.2,2039.99,19598.42,0,0,0,0
2006-01-06 07:00:00,0,2863.12,0,335.08,13402.53,6192.57,7491.49,0,0,1923.86,10974.6,234.44,0,13757.32,1772.7,4699.12,74005.81,0,17679.27,0,0,89471.72,0,0,0,2790.39,2821.36,0,28149.62,30592.08,91.62,2193.07,20090.82,0,0,0,0
2006-01-06 08:00:00,0,2980.88,0,388.83,14470.12,7061.25,7880.12,0,0,2162.35,12248.79,261.36,0,14888.8,2023.14,4882.3,76069.7,0,19699.9,0,0,95368.91,0,0,0,2983.73,2943.74,0,29272.63,31618.48,93.63,2453.27,20889.81,0,0,0,0
2006-01-06 09:00:00,0,3132.16,0,317.27,14129.9,7586.67,7921.81,0,0,2344.55,13524.89,268.76,0,15412.13,1668.17,5136.67,81057.33,0,20397.37,0,0,98865.54,0,0,0,3081.88,3043.43,0,30523.69,33133.89,95.64,2594.51,21899.31,0,0,0,0
2006-01-06 10:00:00,0,3132.55,0,401.03,13600.48,7528.37,7771.64,0,0,2354.02,14183.4,269.27,0,15460.07,2052.6,5211.73,82311.01,0,20556.25,0,0,98868.79,0,0,0,3024.15,3006.32,0,30063.5,33618.3,96.52,2563.39,22306.5,0,0,0,0
2006-01-06 11:00:00,0,3067.64,0,388.26,13285.36,7223.8,7502.75,0,0,2305.88,14342.62,265.41,0,15446.78,1942.32,5183.14,82061.8,0,20609.76,0,0,97628.54,0,0,0,2964.18,2915.35,0,29565.29,33311.24,95.43,2524.14,22126.23,0,0,0,0
2006-01-06 12:00:00,0,2952.72,0,373.21,12850.41,6908.97,7219.14,0,0,2232.64,14212.29,256.17,0,15522.44,1844.85,5062.55,81238.24,0,20630.62,0,0,95724.51,0,0,0,2859.46,2774.14,0,28887.85,32546.89,94.01,2491.05,21716.19,0,0,0,0
2006-01-06 13:00:00,0,2831.93,0,356.23,12548.15,6657.51,6930.75,0,0,2168.24,14049.69,248.8,0,15587.85,1781.25,4903.16,80405.29,0,20680.21,0,0,94332.39,0,0,0,2788.17,2669.64,0,28326.07,31795.4,91.79,2476.78,21409.36,0,0,0,0
2006-01-06 14:00:00,0,2704.38,0,339.17,12324.27,6462.41,6782.71,0,0,2116.85,13769.48,239.53,0,15637.54,1717.15,4783.62,79598.87,0,20812.45,0,0,93346.54,0,0,0,2727.7,2589.93,0,27811.26,31077.65,89.77,2463.59,20895.93,0,0,0,0
2006-01-06 15:00:00,0,2587.9,0,322.69,12278.46,6246.77,6744.98,0,0,2047.2,13378.97,233.72,0,15726.0,1655.21,4684.41,79108.41,0,20903.94,0,0,93440.58,0,0,0,2684.3,2528.46,0,27431.86,30336.82,88.29,2434.25,20217.65,0,0,0,0
2006-01-06 16:00:00,0,2491.76,0,316.31,12424.98,6196.57,6886.0,0,0,1984.39,13015.69,227.37,0,16100.33,1609.44,4619.79,78519.57,0,21106.34,0,0,94237.1,0,0,0,2664.35,2576.56,0,27302.86,29568.78,87.01,2411.3,19911.9,0,0,0,0
2006-01-06 17:00:00,0,2435.84,0,320.61,12831.25,6115.63,7271.79,0,0,2005.24,12801.68,226.44,0,16525.43,1563.88,4621.73,78572.67,0,21550.46,0,0,96314.63,0,0,0,2694.27,2640.33,0,27256.2,28859.4,84.97,2428.62,19793.95,0,0,0,0
2006-01-06 18:00:00,0,2564.1,0,319.44,13301.19,6418.87,7535.42,0,0,2102.88,13071.74,243.66,0,16907.07,1704.82,4753.48,78944.96,0,22045.12,0,0,98720.88,0,0,0,2807.31,2758.85,0,27730.37,28870.98,84.48,2508.06,21076.86,0,0,0,0
2006-01-06 19:00:00,0,2646.36,0,358.27,13486.81,6976.57,8233.09,0,0,2387.01,15290.65,262.66,0,16759.13,1865.81,4756.18,78819.43,0,21248.11,0,0,102796.17,0,0,0,3064.87,3159.54,0,29885.67,29813.15,82.01,2673.96,20965.11,0,0,0,0
2006-01-06 20:00:00,0,2762.99,0,356.32,13853.71,7153.96,8194.81,0,0,2334.19,14545.72,261.4,0,16262.05,1851.54,4678.91,78677.07,0,20862.52,0,0,100714.79,0,0,0,3112.64,3214.54,0,30791.15,30368.85,81.44,2578.57,21678.93,0,0,0,0
2006-01-06 21:00:00,0,2869.21,0,355.81,13903.7,7077.35,8169.62,0,0,2255.23,13723.07,260.88,0,15723.59,1836.11,4589.86,78230.35,0,20300.63,0,0,98446.16,0,0,0,3170.23,3223.92,0,30657.82,30433.4,80.67,2515.42,22111.26,0,0,0,0
2006-01-06 22:00:00,0,2873.4,0,349.53,13580.97,6906.2,8163.99,0,0,2178.62,13163.01,254.12,0,15173.73,1787.84,4498.83,76653.14,0,19469.48,0,0,96033.97,0,0,0,3109.39,3220.54,0,30280.9,30190.86,79.85,2461.31,21837.47,0,0,0,0
2006-01-06 23:00:00,0,2770.41,0,346.76,13229.14,6780.93,8097.66,0,0,2131.89,12667.1,247.15,0,14610.68,1771.79,4371.06,74482.19,0,18635.48,0,0,92967.37,0,0,0,3077.28,3217.02,0,29953.15,29549.65,78.9,2405.61,21229.99,0,0,0,0
2006-01-07 00:00:00,0,2661.25,0,351.77,12863.42,6652.05,8010.89,0,0,2082.83,12114.99,240.02,0,14026.19,1758.07,4222.3,72287.43,0,17791.19,0,0,89923.98,0,0,0,3050.78,3205.04,0,29789.76,28762.75,77.76,2375.48,20537.23,0,0,0,0
2006-01-07 01:00:00,0,2565.81,0,351.33,12624.61,6654.92,7996.81,0,0,2061.48,11703.92,236.33,0,13442.53,1765.79,4104.82,70282.71,0,16941.72,0,0,86815.77,0,0,0,3020.33,3215.71,0,29701.99,27902.11,76.86,2384.1,20156.73,0,0,0,0
2006-01-07 02:00:00,0,2513.94,0,360.83,12564.52,6720.05,7981.62,0,0,2079.26,11947.89,235.07,0,13195.01,1807.53,4038.21,68304.5,0,16186.0,0,0,83605.43,0,0,0,3045.89,3258.82,0,29614.05,27216.9,76.07,2408.74,20061.56,0,0,0,0
2006-01-07 03:00:00,0,2496.09,0,383.09,12763.17,6914.2,8074.32,0,0,2114.98,12471.21,237.41,0,13131.87,1867.55,3982.34,66936.37,0,15848.52,0,0,81872.32,0,0,0,3106.92,3322.51,0,29661.25,26742.95,75.54,2434.24,20127.28,0,0,0,0
2006-01-07 04:00:00,0,2506.19,0,391.63,13093.42,7174.95,8364.21,0,0,2198.56,12871.56,247.52,0,13233.43,1971.05,3952.87,66196.39,0,15755.52,0,0,81955.92,0,0,0,3172.51,3400.15,0,29900.62,26651.24,75.03,2489.32,20166.98,0,0,0,0
2006-01-07 05:00:00,0,2564.45,0,398.78,13448.98,7449.85,8704.84,0,0,2292.58,13383.86,261.18,0,13436.77,2041.78,3991.62,66516.95,0,15962.48,0,0,83170.07,0,0,0,3256.31,3476.61,0,30173.56,26971.62,75.16,2566.0,20415.67,0,0,0,0
2006-01-07 06:00:00,0,2621.1,0,310.77,13867.89,7775.13,9015.01,0,0,2402.42,13985.91,270.81,0,13678.06,1633.44,4064.37,67351.83,0,16389.02,0,0,84735.25,0,0,0,3319.3,2733.35,0,30678.23,27419.71,75.99,2657.12,20648.95,0,0,0,0
2006-01-07 07:00:00,0,2683.51,0,335.08,14211.65,6192.57,9274.7,0,0,2514.57,14592.5,275.54,0,13989.49,1772.7,4167.11,68215.02,0,16942.28,0,0,86117.27,0,0,0,3368.23,2821.36,0,30801.94,27883.14,76.9,2747.24,20859.02,0,0,0,0
2006-01-07 08:00:00,0,2741.59,0,425.09,14650.97,8308.32,9519.13,0,0,2597.61,14908.2,282.01,0,14425.78,2290.58,4269.95,68907.37,0,17596.53,0,0,88129.58,0,0,0,3427.3,2943.74,0,30975.32,28338.76,77.91,2860.99,21037.96,0,0,0,0
2006-01-07 09:00:00,0,2814.67,0,426.38,14714.4,8359.4,9247.91,0,0,2566.37,15212.36,280.77,0,14900.92,2273.54,4355.57,70583.0,0,18204.09,0,0,89833.28,0,0,0,3312.87,3612.25,0,32248.09,28818.5,78.78,2927.01,21398.57,0,0,0,0
2006-01-07 10:00:00,0,2783.92,0,401.19,14355.19,8221.06,8585.84,0,0,2509.36,15451.9,276.26,0,14925.05,2198.2,4305.32,72033.01,0,18509.93,0,0,89031.57,0,0,0,3131.14,3412.75,0,31549.43,28999.4,77.26,2889.29,20498.54,0,0,0,0
2006-01-07 11:00:00,0,2628.26,0,391.32,13686.8,7991.86,8066.8,0,0,2474.98,15537.7,274.05,0,14889.69,2076.79,4231.65,72307.33,0,18504.37,0,0,87623.21,0,0,0,3030.48,3233.04,0,30740.77,28422.56,74.54,2848.83,19584.15,0,0,0,0
2006-01-07 12:00:00,0,2444.47,0,378.78,13024.04,7739.01,7718.87,0,0,2429.42,15440.91,266.85,0,14783.51,1970.06,4120.56,72075.06,0,18407.0,0,0,86063.25,0,0,0,2930.29,3076.97,0,29519.84,27711.75,72.18,2799.16,18643.04,0,0,0,0
2006-01-07 13:00:00,0,2300.9,0,361.6,12431.88,7348.15,7348.28,0,0,2331.6,15060.24,251.21,0,14602.51,1850.21,4003.01,71503.02,0,18264.34,0,0,84750.04,0,0,0,2821.3,2930.08,0,28082.21,27100.02,69.54,2717.52,17741.09,0,0,0,0
2006-01-07 14:00:00,0,2190.5,0,347.41,11803.16,6979.25,7048.12,0,0,2214.1,14508.02,240.15,0,14419.57,1739.81,3882.3,70834.18,0,18031.02,0,0,83570.45,0,0,0,2725.67,2856.37,0,26899.2,26664.57,67.13,2649.12,17167.59,0,0,0,0
2006-01-07 15:00:00,0,2093.65,0,336.27,11243.07,6679.54,6791.58,0,0,2116.48,14009.46,232.24,0,14360.68,1648.28,3778.65,70294.73,0,18044.78,0,0,82972.36,0,0,0,2619.15,2770.4,0,26072.22,26319.61,65.03,2584.15,16926.87,0,0,0,0
2006-01-07 16:00:00,0,2013.06,0,317.08,10851.87,6415.37,6732.45,0,0,1978.71,13499.2,226.19,0,15236.92,1555.57,3726.01,69538.0,0,18397.55,0,0,83366.13,0,0,0,2573.91,2753.32,0,25261.79,25972.63,62.9,2501.86,16874.31,0,0,0,0
2006-01-07 17:00:00,0,1980.78,0,305.82,11425.02,6166.25,7060.57,0,0,1873.33,12936.4,222.04,0,16285.8,1523.81,3805.16,69195.21,0,19236.24,0,0,86340.99,0,0,0,2611.83,2832.49,0,24744.93,25419.59,61.34,2397.52,16705.61,0,0,0,0
2006-01-07 18:00:00,0,2058.11,0,313.99,11932.91,6699.28,7325.85,0,0,2042.18,13721.11,230.36,0,16764.35,1684.43,3958.89,69193.19,0,19712.66,0,0,88884.78,0,0,0,2741.99,2915.95,0,25703.6,25395.17,62.81,2473.24,17470.67,0,0,0,0
2006-01-07 19:00:00,0,2299.12,0,368.07,13554.89,7799.59,8788.8,0,0,2538.12,16300.9,269.67,0,17479.82,1969.03,4378.57,75706.46,0,20671.03,0,0,98767.65,0,0,0,3190.19,3318.79,0,28757.79,29017.72,76.39,2955.65,18973.64,0,0,0,0
2006-01-07 20:00:00,0,2425.47,0,375.07,13754.15,8095.0,8686.38,0,0,2518.97,15945.29,271.35,0,16755.0,1976.97,4300.64,75549.82,0,20233.71,0,0,96467.89,0,0,0,3240.75,3361.92,0,29810.64,29671.2,75.96,2912.96,19601.89,0,0,0,0
2006-01-07 21:00:00,0,2534.96,0,374.34,13798.59,8168.22,8526.24,0,0,2488.71,15497.58,273.51,0,15976.75,1966.4,4209.87,75103.09,0,19754.87,0,0,93921.35,0,0,0,3296.27,3345.14,0,29788.69,29759.94,75.06,2863.94,20023.77,0,0,0,0
2006-01-07 22:00:00,0,2578.27,0,366.57,13329.0,8082.6,8318.12,0,0,2445.32,15056.82,266.62,0,15177.05,1951.92,4110.25,73454.7,0,18919.05,0,0,91351.5,0,0,0,3211.41,3294.73,0,29091.24,29540.15,73.83,2815.84,19520.77,0,0,0,0
2006-01-07 23:00:00,0,2487.24,0,362.08,12904.28,7874.87,8088.59,0,0,2402.59,14591.58,256.88,0,14372.92,1928.55,4022.47,71095.48,0,17954.69,0,0,88299.85,0,0,0,3128.11,3240.78,0,28151.36,28838.51,72.42,2736.96,18871.57,0,0,0,0
2006-01-08 00:00:00,0,2385.21,0,348.89,12474.68,7676.34,7871.51,0,0,2373.96,14146.76,246.94,0,13557.13,1917.97,3878.23,68778.33,0,17021.18,0,0,85365.23,0,0,0,3058.02,3174.78,0,27550.96,27978.72,70.99,2673.43,18174.94,0,0,0,0
2006-01-08 01:00:00,0,2277.4,0,335.45,12091.38,7534.55,7698.33,0,0,2345.74,13809.27,239.98,0,13019.93,1910.13,3705.72,66390.65,0,16190.28,0,0,82756.41,0,0,0,2961.27,3124.69,0,26989.22,27128.42,69.48,2627.38,17467.98,0,0,0,0
2006-01-08 02:00:00,0,2198.39,0,327.59,11879.12,7452.49,7565.85,0,0,2313.91,13480.92,237.17,0,12779.56,1908.06,3607.8,64445.74,0,15513.0,0,0,80613.85,0,0,0,2906.88,3114.43,0,26452.28,26346.41,67.84,2597.59,16987.42,0,0,0,0
2006-01-08 03:00:00,0,2164.13,0,321.23,11831.62,7480.49,7497.2,0,0,2305.56,13399.03,234.2,0,12671.35,1908.68,3579.92,63054.64,0,15113.47,0,0,79515.2,0,0,0,2918.24,3151.47,0,26444.83,25639.86,66.95,2580.19,16679.88,0,0,0,0
2006-01-08 04:00:00,0,2151.01,0,317.76,11974.76,7566.08,7643.46,0,0,2324.57,13381.91,236.09,0,12680.1,1925.27,3586.09,62165.68,0,15071.73,0,0,79955.46,0,0,0,2967.55,3210.02,0,26765.76,25494.55,65.93,2596.17,16561.72,0,0,0,0
2006-01-08 05:00:00,0,2157.55,0,318.38,12296.07,7689.71,7902.14,0,0,2372.81,13608.56,239.74,0,12833.0,1944.51,3643.56,62426.78,0,15240.17,0,0,80926.72,0,0,0,3036.05,3266.95,0,27230.17,25479.44,66.02,2633.04,16662.22,0,0,0,0
2006-01-08 06:00:00,0,2192.93,0,321.05,12639.43,7838.87,8150.14,0,0,2428.2,13947.16,245.64,0,13053.6,1969.74,3740.34,63235.06,0,15664.77,0,0,81948.47,0,0,0,3098.66,3322.65,0,27513.91,25795.46,66.53,2688.49,16842.06,0,0,0,0
2006-01-08 07:00:00,0,2228.56,0,323.1,13005.84,7999.93,8355.47,0,0,2484.9,14270.14,251.72,0,13362.6,1998.64,3865.2,64065.19,0,16088.06,0,0,83340.01,0,0,0,3151.96,3379.61,0,27759.21,26153.12,66.72,2748.17,17005.96,0,0,0,0
2006-01-08 08:00:00,0,2281.01,0,325.19,13398.0,8096.11,8481.59,0,0,2516.4,14275.48,258.7,0,13780.73,2031.03,3955.4,64992.2,0,16803.21,0,0,85477.78,0,0,0,3198.75,3432.29,0,28095.77,26620.28,66.44,2861.3,17182.66,0,0,0,0
2006-01-08 09:00:00,0,2377.92,0,319.59,13334.63,7624.08,8163.28,0,0,2340.22,13823.5,249.06,0,13946.5,1937.88,3954.01,66697.92,0,17244.2,0,0,86614.5,0,0,0,3050.97,3323.41,0,28505.43,27187.05,66.43,2827.2,17892.62,0,0,0,0
2006-01-08 10:00:00,0,2464.06,0,273.3,12892.15,6757.9,7631.11,0,0,2136.02,13244.62,230.53,0,13936.08,1715.29,3848.18,68021.48,0,17529.85,0,0,85355.72,0,0,0,2900.65,3148.73,0,26015.74,27451.68,65.87,2597.67,16933.7,0,0,0,0
2006-01-08 11:00:00,0,2407.7,0,257.74,12161.26,6190.64,7138.98,0,0,2011.94,12995.51,214.25,0,13939.81,1572.28,3733.81,68252.54,0,17756.64,0,0,83788.55,0,0,0,2759.5,2945.21,0,24566.74,27537.54,65.24,2437.28,16196.05,0,0,0,0
2006-01-08 12:00:00,0,2302.73,0,259.14,11470.72,5841.93,6685.49,0,0,1931.28,12810.81,201.87,0,13871.81,1471.02,3602.9,68242.22,0,17739.95,0,0,81894.42,0,0,0,2635.07,2760.6,0,23694.69,27450.76,64.75,2358.44,15622.32,0,0,0,0
2006-01-08 13:00:00,0,2210.58,0,260.03,10911.21,5557.78,6352.51,0,0,1857.22,12577.4,194.61,0,13974.4,1386.76,3480.04,67787.84,0,17396.96,0,0,80225.77,0,0,0,2534.22,2615.65,0,22987.63,27248.0,63.56,2294.97,15187.74,0,0,0,0
2006-01-08 14:00:00,0,2155.45,0,259.67,10453.94,5328.09,6149.3,0,0,1768.8,12254.25,188.87,0,13836.29,1322.14,3372.0,67150.54,0,17082.64,0,0,78703.74,0,0,0,2478.77,2530.46,0,22315.57,26982.97,61.93,2217.08,14861.22,0,0,0,0
2006-01-08 15:00:00,0,2098.9,0,260.44,10049.82,5120.01,6042.03,0,0,1678.86,12053.83,186.5,0,13821.71,1267.66,3356.82,66431.53,0,17072.98,0,0,78393.51,0,0,0,2457.15,2493.3,0,21819.72,26543.59,60.38,2128.32,14671.37,0,0,0,0
2006-01-08 16:00:00,0,2028.94,0,262.29,9898.54,4933.45,6044.01,0,0,1591.05,11995.84,186.44,0,14258.71,1226.62,3367.91,65624.64,0,17515.85,0,0,79375.31,0,0,0,2405.25,2458.48,0,21761.11,26017.82,57.79,2026.79,14664.45,0,0,0,0
2006-01-08 17:00:00,0,1995.13,0,263.43,10181.01,5000.47,6203.08,0,0,1600.14,11765.68,187.78,0,14923.54,1251.6,3356.88,65375.81,0,18415.22,0,0,82750.88,0,0,0,2410.32,2497.86,0,21606.46,25609.85,55.8,1996.05,14525.41,0,0,0,0
2006-01-08 18:00:00,0,1971.96,0,258.84,10635.31,5468.25,6434.28,0,0,1759.1,12327.15,193.81,0,15320.13,1318.79,3326.71,66137.54,0,19069.14,0,0,84510.44,0,0,0,2488.22,2609.0,0,21905.19,25425.72,55.73,2152.28,14163.7,0,0,0,0
2006-01-08 19:00:00,0,2345.78,0,327.36,12968.21,6873.56,7797.16,0,0,2343.82,14548.34,241.95,0,17600.42,1747.61,4228.58,76316.97,0,21430.24,0,0,98740.7,0,0,0,2880.08,2813.06,0,25408.32,29646.75,73.24,2829.96,17713.29,0,0,0,0
2006-01-08 20:00:00,0,2430.21,0,325.42,12985.91,7112.68,7496.7,0,0,2295.73,14096.6,244.5,0,16820.74,1721.52,4126.63,76129.07,0,20739.35,0,0,95503.55,0,0,0,2882.43,2805.69,0,25710.17,30273.7,72.89,2744.67,17983.35,0,0,0,0
2006-01-08 21:00:00,0,2521.28,0,317.21,12722.28,7120.28,7130.04,0,0,2223.62,13627.82,246.65,0,16061.03,1679.42,4024.39,75349.85,0,20080.61,0,0,92187.67,0,0,0,2806.39,2728.35,0,25542.91,30912.45,72.25,2681.39,18208.46,0,0,0,0
2006-01-08 22:00:00,0,2516.85,0,296.96,12062.52,6866.24,6736.15,0,0,2129.49,12954.36,237.31,0,15257.48,1626.21,3895.17,73265.23,0,19155.93,0,0,88656.84,0,0,0,2639.46,2601.53,0,24250.79,30500.56,71.56,2595.7,17341.8,0,0,0,0
2006-01-08 23:00:00,0,2422.84,0,275.49,11388.86,6582.79,6337.34,0,0,2033.02,12256.35,225.12,0,14414.59,1573.45,3765.73,70785.78,0,18141.28,0,0,85183.45,0,0,0,2489.17,2478.7,0,22948.44,29443.6,71.59,2516.66,16374.73,0,0,0,0
2006-01-09 00:00:00,0,2309.59,0,254.57,10737.97,6307.2,5954.19,0,0,1935.31,11527.64,215.49,0,13561.41,1529.55,3638.69,68373.6,0,17059.22,0,0,81534.95,0,0,0,2353.05,2361.29,0,21695.04,28317.91,71.76,2451.97,15453.29,0,0,0,0
2006-01-09 01:00:00,0,2208.34,0,236.48,10079.19,5986.19,5583.08,0,0,1839.51,10807.25,208.8,0,13017.38,1499.74,3537.18,66028.94,0,15968.13,0,0,77671.89,0,0,0,2227.6,2254.58,0,20557.39,27166.36,71.63,2377.59,14584.47,0,0,0,0
2006-01-09 02:00:00,0,2175.39,0,225.36,9776.47,5795.0,5263.5,0,0,1764.53,10416.62,203.7,0,12722.74,1489.34,3422.56,63783.88,0,15191.59,0,0,74192.67,0,0,0,2169.18,2198.27,0,19980.8,26057.81,71.41,2298.89,13819.41,0,0,0,0
2006-01-09 03:00:00,0,2208.03,0,222.2,9666.99,5931.51,5180.13,0,0,1788.88,10695.47,208.38,0,12887.5,1546.23,3319.53,62062.64,0,14860.28,0,0,72524.83,0,0,0,2182.15,2268.39,0,20368.5,25716.27,71.66,2306.53,13394.57,0,0,0,0
2006-01-09 04:00:00,0,2308.74,0,230.14,9953.07,6175.36,5359.29,0,0,1840.03,11055.96,217.99,0,13160.47,1648.05,3249.47,63436.43,0,14959.39,0,0,73506.29,0,0,0,2292.03,2348.18,0,20944.52,26045.41,73.8,2379.87,13410.62,0,0,0,0
2006-01-09 05:00:00,0,2434.35,0,242.32,10383.59,6448.61,5645.02,0,0,1902.82,11456.12,229.35,0,13426.12,1761.43,3387.75,65368.29,0,15308.42,0,0,75606.34,0,0,0,2394.29,2423.7,0,21538.97,26936.44,77.25,2459.9,14011.67,0,0,0,0
2006-01-09 06:00:00,0,2550.34,0,258.3,10839.16,6719.13,5906.95,0,0,1960.58,11825.28,239.56,0,13688.02,1841.54,3564.07,67335.74,0,15891.28,0,0,78033.52,0,0,0,2496.42,2495.69,0,22278.47,27909.19,81.12,2540.47,14744.39,0,0,0,0
2006-01-09 07:00:00,0,2660.8,0,277.15,11320.78,6953.53,6178.07,0,0,2009.49,12168.68,252.59,0,13951.33,1909.53,3762.67,69384.54,0,16586.2,0,0,80848.42,0,0,0,2581.5,2548.28,0,22963.69,28960.58,84.82,2618.2,15419.29,0,0,0,0
2006-01-09 08:00:00,0,2764.78,0,301.76,11963.09,7113.53,6487.58,0,0,2097.8,13111.83,267.48,0,14606.21,1969.51,3968.51,71514.4,0,18093.84,0,0,85621.32,0,0,0,2693.91,2578.6,0,23717.5,30011.91,87.71,2726.71,16089.21,0,0,0,0
2006-01-09 09:00:00,0,2862.03,0,314.06,12222.77,6917.74,6534.46,0,0,2039.82,12940.81,260.33,0,15391.19,1875.87,4205.87,75226.39,0,19478.29,0,0,89315.24,0,0,0,2693.58,2591.2,0,24733.04,31203.04,89.47,2559.1,17153.83,0,0,0,0
2006-01-09 10:00:00,0,2827.36,0,304.08,11989.03,6303.65,6400.61,0,0,1886.4,12530.32,222.69,0,15519.83,1618.73,4302.45,77432.5,0,19644.81,0,0,89475.14,0,0,0,2623.36,2491.31,0,24040.59,31901.3,89.55,2331.47,17193.24,0,0,0,0
2006-01-09 11:00:00,0,2686.94,0,295.22,11610.2,6000.98,6229.54,0,0,1823.23,12704.26,203.2,0,15560.0,1485.8,4353.37,77352.35,0,19640.26,0,0,88705.54,0,0,0,2555.63,2382.59,0,23374.27,31779.74,87.42,2231.95,17095.35,0,0,0,0
2006-01-09 12:00:00,0,2584.03,0,288.85,11158.61,5806.98,5963.26,0,0,1808.84,12930.43,192.91,0,15641.56,1396.17,4350.65,77191.16,0,19516.93,0,0,87715.0,0,0,0,2495.1,2293.37,0,22981.86,31494.92,85.33,2190.61,17002.42,0,0,0,0
2006-01-09 13:00:00,0,2498.45,0,285.08,10852.08,5699.04,5738.49,0,0,1807.01,13032.7,188.54,0,15654.3,1344.84,4320.38,77210.63,0,19416.84,0,0,86971.15,0,0,0,2428.97,2234.62,0,22853.82,31190.12,83.27,2166.2,16916.99,0,0,0,0
2006-01-09 14:00:00,0,2440.89,0,283.58,10569.81,5566.32,5641.24,0,0,1806.92,13043.82,188.05,0,15529.29,1307.4,4282.87,77366.94,0,19293.5,0,0,86370.14,0,0,0,2385.86,2203.13,0,22702.59,30760.39,81.46,2138.42,16821.38,0,0,0,0
2006-01-09 15:00:00,0,2407.03,0,284.41,10542.19,5442.13,5665.88,0,0,1812.97,13169.77,187.24,0,15383.75,1297.16,4213.93,77078.99,0,19260.09,0,0,86120.47,0,0,0,2382.02,2181.53,0,22446.3,30362.74,80.03,2099.79,16786.33,0,0,0,0
2006-01-09 16:00:00,0,2351.39,0,286.38,10649.04,5343.32,5720.02,0,0,1843.28,13252.39,187.78,0,15378.15,1292.29,4159.88,76459.81,0,19425.89,0,0,86658.57,0,0,0,2397.04,2201.27,0,22402.64,29847.82,78.45,2085.2,16860.88,0,0,0,0
2006-01-09 17:00:00,0,2342.0,0,288.07,10734.37,5413.77,5819.14,0,0,1856.9,13270.89,189.66,0,15702.62,1310.96,4149.35,76137.99,0,19844.64,0,0,88316.02,0,0,0,2442.36,2239.0,0,22619.28,29564.72,76.7,2115.68,16846.57,0,0,0,0
2006-01-09 18:00:00,0,2395.43,0,285.03,10815.59,5479.53,5946.11,0,0,1851.16,12918.01,194.09,0,15904.2,1378.67,4264.5,76005.59,0,20262.07,0,0,89659.45,0,0,0,2467.28,2277.55,0,22711.54,29534.62,76.91,2173.98,16987.13,0,0,0,0
2006-01-09 19:00:00,0,2710.96,0,329.61,12005.01,6252.07,6987.99,0,0,2150.38,14288.09,234.65,0,16970.49,1656.67,4501.9,79173.79,0,20839.64,0,0,95997.22,0,0,0,2715.98,2598.04,0,24508.21,30936.93,83.8,2648.72,17853.78,0,0,0,0
2006-01-09 20:00:00,0,2819.04,0,326.94,12014.07,6230.92,6727.38,0,0,2043.47,13602.37,232.29,0,16003.06,1615.91,4401.28,78772.04,0,20149.8,0,0,93104.65,0,0,0,2724.72,2559.06,0,24852.45,31748.18,83.46,2532.09,18138.79,0,0,0,0
2006-01-09 21:00:00,0,2900.91,0,318.56,11835.47,6042.66,6447.41,0,0,1935.49,12909.01,231.5,0,15096.12,1553.07,4308.9,77766.97,0,19428.44,0,0,90144.59,0,0,0,2685.5,2531.15,0,24743.36,32398.28,82.95,2410.77,18353.08,0,0,0,0
2006-01-09 22:00:00,0,2857.78,0,300.2,11149.07,5640.33,6161.27,0,0,1825.18,12059.88,222.04,0,14239.11,1489.61,4216.41,75638.42,0,18405.7,0,0,87230.75,0,0,0,2549.47,2450.27,0,23508.92,31718.26,82.16,2286.37,17605.13,0,0,0,0
2006-01-09 23:00:00,0,2754.19,0,281.42,10495.14,5204.28,5871.56,0,0,1712.49,11179.21,210.36,0,13422.47,1432.55,4113.39,73120.61,0,17330.78,0,0,84455.62,0,0,0,2407.1,2376.95,0,22345.74,30627.19,81.86,2171.76,16791.7,0,0,0,0
2006-01-10 00:00:00,0,2642.44,0,263.69,9929.33,4767.29,5585.59,0,0,1598.84,10296.03,196.71,0,12608.71,1383.86,4003.28,70598.37,0,16254.9,0,0,81683.49,0,0,0,2282.26,2300.52,0,21324.36,29475.33,80.55,2060.08,16017.03,0,0,0,0
2006-01-10 01:00:00,0,2532.44,0,248.43,9508.84,4413.93,5318.08,0,0,1500.27,9454.89,182.42,0,11996.75,1341.53,3886.92,68037.61,0,15310.28,0,0,79145.18,0,0,0,2178.74,2223.83,0,20327.2,28264.26,79.75,1942.09,15345.28,0,0,0,0
2006-01-10 02:00:00,0,2439.17,0,238.21,9342.4,4178.77,5211.88,0,0,1405.4,8631.55,170.45,0,11872.08,1322.78,3794.08,65612.66,0,14659.55,0,0,77117.18,0,0,0,2138.16,2208.49,0,19608.89,27124.39,79.23,1858.75,14653.96,0,0,0,0
2006-01-10 03:00:00,0,2463.18,0,238.1,9443.02,4287.11,5359.23,0,0,1395.7,8617.95,167.47,0,11942.85,1354.45,3769.61,64521.32,0,14419.95,0,0,76875.35,0,0,0,2176.52,2288.09,0,19713.48,26801.58,78.43,1857.38,14493.77,0,0,0,0
2006-01-10 04:00:00,0,2521.38,0,249.74,9837.18,4523.14,5682.21,0,0,1463.72,9002.03,172.66,0,12326.81,1423.26,3886.49,65944.86,0,14743.38,0,0,79352.57,0,0,0,2290.92,2374.97,0,20334.44,27101.49,79.57,1919.72,14729.76,0,0,0,0
2006-01-10 05:00:00,0,2579.82,0,262.35,10405.51,4775.36,6062.61,0,0,1535.1,9409.27,179.58,0,12763.61,1489.55,4052.05,67937.97,0,15401.72,0,0,82434.02,0,0,0,2403.44,2455.71,0,21022.24,27913.93,81.24,1994.85,15090.53,0,0,0,0
2006-01-10 06:00:00,0,2638.3,0,277.14,10989.78,5012.34,6430.01,0,0,1606.96,9811.96,186.16,0,13191.25,1558.66,4172.77,69984.78,0,16144.08,0,0,85824.91,0,0,0,2511.48,2535.88,0,21725.07,28822.38,83.25,2072.08,15473.05,0,0,0,0
2006-01-10 07:00:00,0,2705.48,0,293.12,11564.75,5216.75,6776.95,0,0,1654.35,10198.09,192.3,0,13608.49,1618.92,4290.63,71962.1,0,16917.29,0,0,89313.56,0,0,0,2602.1,2599.55,0,22387.35,29814.71,85.43,2164.01,15932.32,0,0,0,0
2006-01-10 08:00:00,0,2788.0,0,317.43,12383.76,5537.21,7142.09,0,0,1763.39,11215.09,200.95,0,14851.81,1695.98,4401.65,73824.55,0,18683.06,0,0,93428.25,0,0,0,2790.08,2678.71,0,23350.93,30841.06,87.43,2287.73,16336.83,0,0,0,0
2006-01-10 09:00:00,0,2882.02,0,335.22,12381.61,5681.76,7015.5,0,0,1772.65,11858.15,208.46,0,15109.47,1655.47,4534.78,76939.82,0,19378.95,0,0,95227.64,0,0,0,2847.51,2644.97,0,24792.3,31994.44,89.68,2253.27,17192.79,0,0,0,0
2006-01-10 10:00:00,0,2961.58,0,304.48,11772.84,5520.54,6406.59,0,0,1776.78,12380.43,193.54,0,15094.43,1444.47,4486.07,79773.46,0,19390.35,0,0,93126.4,0,0,0,2685.68,2454.33,0,24062.24,32977.13,90.96,2163.82,16883.34,0,0,0,0
2006-01-10 11:00:00,0,2923.98,0,288.19,11409.01,5487.3,6095.92,0,0,1809.97,12995.1,190.15,0,14997.88,1362.63,4403.42,79724.2,0,19362.43,0,0,91008.57,0,0,0,2578.27,2308.96,0,23427.5,32765.76,91.55,2145.53,16541.13,0,0,0,0
2006-01-10 12:00:00,0,2880.09,0,285.02,11164.68,5421.07,5900.4,0,0,1841.18,13429.88,190.01,0,14885.83,1325.89,4312.48,79297.03,0,19349.13,0,0,89088.82,0,0,0,2498.95,2233.79,0,22882.4,32471.61,90.9,2158.29,16359.2,0,0,0,0
2006-01-10 13:00:00,0,2841.27,0,283.46,11029.0,5416.89,5793.63,0,0,1872.05,13737.95,191.33,0,14822.42,1323.95,4233.41,78693.66,0,19344.69,0,0,87543.56,0,0,0,2439.65,2201.5,0,22770.58,32094.15,89.49,2200.28,16262.78,0,0,0,0
2006-01-10 14:00:00,0,2806.7,0,283.89,10884.35,5411.77,5719.16,0,0,1888.26,13937.12,193.96,0,14719.65,1320.54,4165.27,77999.53,0,19243.69,0,0,86376.75,0,0,0,2390.89,2171.45,0,22649.06,31580.36,87.41,2269.8,16228.39,0,0,0,0
2006-01-10 15:00:00,0,2784.3,0,283.79,10884.29,5491.25,5688.78,0,0,1906.46,14135.78,196.94,0,14710.66,1315.61,4087.93,77474.1,0,19172.81,0,0,86627.36,0,0,0,2388.62,2160.22,0,22443.39,31029.56,84.67,2299.08,16184.57,0,0,0,0
2006-01-10 16:00:00,0,2743.58,0,285.49,10896.65,5671.3,5767.18,0,0,1930.53,14348.51,200.12,0,15341.18,1317.24,4022.66,77098.58,0,19590.23,0,0,87603.4,0,0,0,2396.11,2166.2,0,22324.3,30430.85,82.04,2332.64,16232.28,0,0,0,0
2006-01-10 17:00:00,0,2719.42,0,286.5,10986.65,5714.08,5956.16,0,0,1952.34,14190.96,201.9,0,15990.69,1331.14,3959.78,77042.26,0,20309.8,0,0,90406.32,0,0,0,2414.95,2203.07,0,22358.68,30043.74,80.82,2377.09,16324.01,0,0,0,0
2006-01-10 18:00:00,0,2764.44,0,281.38,11103.33,5487.88,6095.62,0,0,1932.32,13725.08,199.77,0,16343.33,1357.53,3939.92,76848.53,0,20778.02,0,0,92411.44,0,0,0,2440.54,2263.34,0,22665.05,29917.07,81.28,2278.59,16319.1,0,0,0,0
2006-01-10 19:00:00,0,2860.97,0,327.47,12285.31,6202.52,7117.76,0,0,2202.91,14829.72,236.47,0,17577.63,1587.45,4187.93,80291.25,0,21122.3,0,0,98437.75,0,0,0,2686.13,2560.07,0,24768.78,30903.14,84.14,2670.59,17485.43,0,0,0,0
2006-01-10 20:00:00,0,2931.08,0,322.63,12284.73,6006.39,6822.42,0,0,2069.37,13894.13,229.45,0,16776.29,1513.12,4036.98,80006.2,0,20536.85,0,0,95407.46,0,0,0,2680.14,2508.77,0,25125.56,31792.76,84.49,2480.22,17910.41,0,0,0,0
2006-01-10 21:00:00,0,2993.49,0,308.96,12014.29,5799.17,6502.59,0,0,1941.1,13065.06,223.52,0,15943.93,1433.73,3889.69,79403.09,0,19824.46,0,0,91941.46,0,0,0,2657.52,2433.26,0,25034.46,32680.8,84.18,2292.05,18171.07,0,0,0,0
2006-01-10 22:00:00,0,2949.98,0,282.4,11231.29,5359.72,6212.34,0,0,1819.95,12125.39,210.11,0,15066.91,1345.63,3775.99,77202.05,0,18726.06,0,0,88513.34,0,0,0,2540.76,2315.79,0,23881.66,32123.44,83.49,2105.83,17265.15,0,0,0,0
2006-01-10 23:00:00,0,2844.76,0,254.64,10584.69,4909.75,5943.92,0,0,1701.41,11191.23,191.82,0,14186.06,1258.59,3624.21,74494.04,0,17629.23,0,0,85096.15,0,0,0,2414.12,2204.98,0,22833.09,31080.81,82.73,1950.02,16400.56,0,0,0,0
2006-01-11 00:00:00,0,2730.84,0,235.11,9994.85,4482.54,5678.86,0,0,1579.92,10249.89,173.68,0,13259.7,1172.75,3511.29,71823.17,0,16557.11,0,0,81640.68,0,0,0,2267.33,2097.03,0,21658.78,29964.82,81.91,1815.64,15554.16,0,0,0,0
2006-01-11 01:00:00,0,2626.25,0,219.62,9532.31,4066.89,5418.54,0,0,1459.81,9288.12,157.1,0,12620.92,1085.69,3405.3,69077.7,0,15606.21,0,0,78149.94,0,0,0,2129.88,1995.85,0,20410.73,28861.96,81.02,1721.98,14818.9,0,0,0,0
2006-01-11 02:00:00,0,2573.68,0,209.35,9252.08,3786.09,5233.13,0,0,1344.6,8457.93,146.31,0,12310.6,1054.72,3296.01,66533.82,0,14923.21,0,0,75304.87,0,0,0,2059.31,1930.47,0,19702.8,27953.23,80.58,1639.99,14259.39,0,0,0,0
2006-01-11 03:00:00,0,2606.13,0,204.78,9270.91,3715.69,5194.83,0,0,1300.4,8254.72,143.86,0,12319.32,1072.64,3235.49,65675.03,0,14645.85,0,0,74705.12,0,0,0,2046.39,1954.47,0,19754.73,27611.93,81.22,1606.25,14058.28,0,0,0,0
2006-01-11 04:00:00,0,2657.75,0,216.02,9411.57,3832.87,5321.18,0,0,1328.28,8570.3,147.67,0,12636.79,1099.57,3283.4,66583.55,0,15007.38,0,0,76241.12,0,0,0,2095.74,2005.61,0,20217.0,27920.79,83.22,1672.48,14509.86,0,0,0,0
2006-01-11 05:00:00,0,2705.45,0,226.58,9861.82,4054.39,5542.84,0,0,1383.56,8984.26,154.16,0,12963.52,1136.24,3438.31,68284.06,0,15527.93,0,0,78390.91,0,0,0,2176.33,2067.44,0,20723.99,28659.76,85.19,1754.34,15104.93,0,0,0,0
2006-01-11 06:00:00,0,2767.46,0,231.51,10331.73,4287.62,5741.28,0,0,1455.39,9446.75,161.04,0,13278.7,1183.73,3581.11,69832.22,0,16135.44,0,0,81233.72,0,0,0,2264.28,2124.27,0,21240.42,29492.31,87.8,1842.25,15819.11,0,0,0,0
2006-01-11 07:00:00,0,2823.78,0,243.97,10796.43,4532.32,5955.91,0,0,1530.21,9879.8,165.67,0,13598.96,1214.25,3760.35,71397.28,0,16931.57,0,0,83729.9,0,0,0,2349.19,2163.62,0,21798.35,30310.34,89.7,1931.88,16564.82,0,0,0,0
2006-01-11 08:00:00,0,2874.48,0,265.43,11355.3,4985.14,6154.15,0,0,1680.7,11033.75,177.65,0,14590.27,1275.51,3966.5,72950.21,0,18345.26,0,0,87244.73,0,0,0,2433.16,2205.54,0,22576.68,31159.98,90.98,2033.62,17356.58,0,0,0,0
2006-01-11 09:00:00,0,2967.01,0,283.28,11691.19,5296.15,6296.56,0,0,1736.33,11807.76,187.11,0,14980.57,1327.36,4233.05,76503.14,0,19410.31,0,0,90515.41,0,0,0,2465.58,2217.78,0,23662.24,32401.88,92.14,2075.3,18602.34,0,0,0,0
2006-01-11 10:00:00,0,2867.13,0,283.04,11737.06,5388.37,6305.53,0,0,1776.91,12408.32,189.17,0,14944.62,1306.09,4367.83,78298.25,0,19703.57,0,0,90933.19,0,0,0,2471.5,2189.96,0,23676.64,32335.11,90.66,2107.91,18472.32,0,0,0,0
2006-01-11 11:00:00,0,2711.19,0,286.84,11597.49,5420.07,6200.01,0,0,1816.52,12951.39,189.3,0,15015.8,1300.01,4426.0,78045.57,0,19742.14,0,0,90943.02,0,0,0,2465.21,2151.0,0,23536.88,31673.71,87.21,2125.16,18195.94,0,0,0,0
2006-01-11 12:00:00,0,2532.09,0,290.72,11450.08,5448.72,6074.83,0,0,1878.57,13434.09,190.08,0,15199.42,1316.14,4454.49,77779.33,0,19911.52,0,0,90418.08,0,0,0,2454.65,2121.62,0,23508.83,30853.76,83.68,2153.82,17922.59,0,0,0,0
2006-01-11 13:00:00,0,2371.25,0,291.13,11332.88,5451.99,5991.18,0,0,1947.42,13914.23,193.69,0,15280.12,1326.56,4439.49,77318.55,0,19833.85,0,0,89838.62,0,0,0,2445.38,2107.37,0,23342.42,30061.71,80.41,2216.66,17585.48,0,0,0,0
2006-01-11 14:00:00,0,2244.67,0,291.0,11231.02,5514.36,5930.88,0,0,1987.01,14250.36,197.66,0,15340.44,1329.56,4380.08,76363.29,0,19767.31,0,0,89485.23,0,0,0,2438.76,2128.47,0,23144.93,29385.34,77.8,2267.86,17275.47,0,0,0,0
2006-01-11 15:00:00,0,2151.62,0,291.26,11150.11,5592.05,5914.4,0,0,2024.55,14572.13,199.13,0,15420.02,1341.61,4262.9,75493.97,0,19769.32,0,0,89656.09,0,0,0,2452.13,2151.26,0,22983.92,28818.99,75.8,2305.97,17042.96,0,0,0,0
2006-01-11 16:00:00,0,2082.25,0,291.22,11087.42,5679.15,5933.4,0,0,2039.71,14726.05,200.86,0,15531.73,1346.71,4181.68,74654.9,0,19965.33,0,0,89534.27,0,0,0,2449.38,2173.79,0,22841.47,28209.95,74.08,2343.03,16924.53,0,0,0,0
2006-01-11 17:00:00,0,2077.19,0,292.16,11046.74,5713.3,5937.61,0,0,2026.51,14532.67,202.82,0,15708.11,1358.08,4100.0,74191.86,0,20132.28,0,0,89708.18,0,0,0,2462.23,2207.67,0,22884.67,27676.25,72.62,2401.86,16719.62,0,0,0,0
2006-01-11 18:00:00,0,2182.75,0,277.38,11014.4,5555.93,6001.93,0,0,1973.87,14025.29,198.76,0,15898.76,1358.46,4164.39,74059.68,0,20479.79,0,0,90165.85,0,0,0,2477.32,2268.05,0,23006.68,27547.51,73.7,2286.21,17135.26,0,0,0,0
2006-01-11 19:00:00,0,2476.67,0,326.13,12068.32,6286.4,7018.08,0,0,2216.33,15066.13,238.33,0,16498.39,1566.05,4408.97,77744.88,0,20697.45,0,0,95929.31,0,0,0,2699.96,2540.3,0,24403.4,29761.1,80.3,2681.94,17861.82,0,0,0,0
2006-01-11 20:00:00,0,2585.85,0,317.36,11956.35,6086.82,6682.42,0,0,2060.43,14040.32,230.32,0,15613.12,1481.41,4290.48,77552.44,0,19968.55,0,0,92533.61,0,0,0,2692.76,2493.84,0,24698.59,30585.39,79.77,2483.8,18350.11,0,0,0,0
2006-01-11 21:00:00,0,2666.49,0,304.76,11740.1,5833.43,6336.38,0,0,1926.17,13206.76,226.1,0,14770.61,1407.44,4173.63,76860.16,0,19126.32,0,0,88962.62,0,0,0,2644.68,2421.61,0,24564.44,31335.65,78.91,2303.26,18588.97,0,0,0,0
2006-01-11 22:00:00,0,2606.85,0,282.66,11066.38,5399.0,6017.7,0,0,1794.54,12256.74,209.41,0,13883.39,1322.82,4066.44,74845.81,0,18029.3,0,0,85404.74,0,0,0,2505.35,2310.72,0,23367.2,30790.96,78.05,2124.86,18330.15,0,0,0,0
2006-01-11 23:00:00,0,2486.42,0,260.9,10460.53,4945.14,5719.01,0,0,1670.45,11274.88,193.77,0,13045.3,1237.74,3954.12,72394.04,0,17065.91,0,0,81675.45,0,0,0,2373.54,2223.32,0,22263.75,29745.98,77.05,1958.85,17728.98,0,0,0,0
2006-01-12 00:00:00,0,2369.28,0,239.97,9899.47,4500.92,5400.79,0,0,1549.67,10331.09,178.04,0,12257.25,1159.88,3838.58,69610.12,0,15963.54,0,0,77886.15,0,0,0,2243.45,2141.04,0,21377.88,28635.49,75.99,1813.66,17127.82,0,0,0,0
2006-01-12 01:00:00,0,2247.5,0,221.33,9498.56,4066.45,5114.06,0,0,1429.59,9391.5,162.88,0,11749.97,1092.75,3745.59,66983.11,0,14947.3,0,0,74412.12,0,0,0,2155.63,2059.02,0,20581.47,27504.26,75.05,1687.44,16531.65,0,0,0,0
2006-01-12 02:00:00,0,2182.91,0,205.05,9331.25,3736.62,4936.78,0,0,1326.07,8517.7,150.8,0,11527.56,1046.79,3663.05,64368.2,0,14249.2,0,0,71587.85,0,0,0,2112.8,2047.92,0,20208.26,26421.71,74.25,1603.18,16177.76,0,0,0,0
2006-01-12 03:00:00,0,2195.27,0,201.31,9464.66,3754.32,5043.57,0,0,1312.79,8447.66,146.79,0,11536.6,1066.35,3620.37,62618.16,0,14073.32,0,0,70743.66,0,0,0,2131.5,2101.86,0,20664.21,25987.44,74.52,1618.2,16413.16,0,0,0,0
2006-01-12 04:00:00,0,2265.67,0,211.74,9866.77,3952.71,5330.65,0,0,1352.51,8759.49,150.71,0,11851.29,1117.89,3735.58,63649.72,0,14151.45,0,0,72412.64,0,0,0,2228.97,2174.35,0,21250.06,26187.58,76.1,1690.47,16874.98,0,0,0,0
2006-01-12 05:00:00,0,2340.42,0,223.94,10436.01,4157.8,5644.6,0,0,1416.5,9171.41,156.78,0,12254.45,1172.37,3909.35,65345.87,0,14729.29,0,0,75010.35,0,0,0,2321.83,2239.89,0,21851.59,26914.83,77.66,1761.96,17394.61,0,0,0,0
2006-01-12 06:00:00,0,2421.02,0,236.37,10954.48,4386.95,5959.48,0,0,1485.14,9588.54,162.88,0,12575.16,1229.34,4072.33,67050.79,0,15381.81,0,0,77829.91,0,0,0,2388.99,2284.32,0,22458.56,27788.69,79.6,1824.46,17920.46,0,0,0,0
2006-01-12 07:00:00,0,2498.87,0,246.35,11453.5,4645.22,6225.69,0,0,1557.59,10002.14,167.53,0,12811.38,1284.48,4234.85,68718.4,0,16024.08,0,0,80652.96,0,0,0,2459.5,2322.04,0,23105.85,28635.57,81.54,1890.85,18440.91,0,0,0,0
2006-01-12 08:00:00,0,2570.47,0,266.59,12153.38,5086.11,6536.49,0,0,1710.86,10876.78,178.93,0,13954.1,1373.66,4409.15,70403.2,0,17925.85,0,0,85317.89,0,0,0,2583.8,2373.94,0,23898.76,29475.1,83.34,2011.25,19026.18,0,0,0,0
2006-01-12 09:00:00,0,2667.83,0,293.05,12377.12,5399.12,6665.18,0,0,1744.12,11810.18,188.71,0,14284.14,1394.73,4536.37,74997.79,0,18537.9,0,0,86827.94,0,0,0,2618.98,2356.0,0,25109.11,30571.19,84.54,2081.35,19850.16,0,0,0,0
2006-01-12 10:00:00,0,2592.42,0,279.97,12144.6,5410.04,6384.62,0,0,1792.67,12552.24,190.06,0,14475.79,1327.33,4401.18,75662.97,0,18688.33,0,0,85349.56,0,0,0,2536.37,2243.52,0,24607.24,30736.07,82.57,2114.85,18988.56,0,0,0,0
2006-01-12 11:00:00,0,2434.55,0,277.76,11723.94,5483.84,6070.56,0,0,1851.67,13247.4,190.82,0,14499.03,1309.33,4259.82,74831.55,0,18724.83,0,0,83818.03,0,0,0,2479.44,2165.39,0,24229.49,30354.2,78.89,2151.9,18028.68,0,0,0,0
2006-01-12 12:00:00,0,2291.19,0,281.59,11232.82,5589.47,5813.15,0,0,1926.07,13809.46,192.86,0,14516.59,1324.63,4162.61,74086.29,0,18654.65,0,0,81869.34,0,0,0,2431.29,2159.98,0,23886.79,30015.24,75.97,2221.2,17229.19,0,0,0,0
2006-01-12 13:00:00,0,2161.17,0,291.3,10856.28,5767.43,5712.79,0,0,1975.07,14356.51,198.71,0,14464.07,1342.12,4070.72,73574.81,0,18614.95,0,0,80557.24,0,0,0,2410.84,2179.2,0,23503.66,29568.39,73.95,2327.68,16660.93,0,0,0,0
2006-01-12 14:00:00,0,2063.38,0,297.46,10566.93,5888.39,5721.08,0,0,2022.99,14750.48,204.66,0,14301.3,1341.83,3992.49,73056.31,0,18547.35,0,0,80308.32,0,0,0,2405.1,2211.53,0,23098.72,29140.38,72.21,2401.32,16349.01,0,0,0,0
2006-01-12 15:00:00,0,1985.9,0,299.77,10377.23,5918.55,5761.95,0,0,2051.16,15026.82,208.97,0,14308.64,1334.99,3932.16,72664.01,0,18580.38,0,0,80679.51,0,0,0,2403.5,2224.49,0,22705.91,28720.7,70.05,2450.11,16093.54,0,0,0,0
2006-01-12 16:00:00,0,1913.41,0,298.73,10489.3,5999.1,5825.23,0,0,2060.44,15201.43,212.0,0,14603.88,1319.66,3887.95,72175.52,0,18878.34,0,0,81676.03,0,0,0,2414.03,2222.79,0,22473.65,28353.29,67.47,2476.78,16036.41,0,0,0,0
2006-01-12 17:00:00,0,1896.12,0,294.85,10563.73,6065.89,5869.14,0,0,2058.8,15029.28,214.52,0,15344.11,1331.66,3887.23,72270.58,0,19567.31,0,0,83616.05,0,0,0,2435.52,2231.79,0,22527.9,28066.68,66.44,2522.33,16124.98,0,0,0,0
2006-01-12 18:00:00,0,1999.46,0,277.33,10629.07,5782.13,5919.44,0,0,1982.07,14506.39,208.5,0,15775.88,1347.1,3937.32,72693.35,0,20160.6,0,0,85446.4,0,0,0,2452.53,2276.11,0,22750.74,27971.85,66.93,2425.97,16336.92,0,0,0,0
2006-01-12 19:00:00,0,2284.66,0,329.89,11821.25,6446.4,6946.44,0,0,2264.47,15476.8,248.39,0,16843.93,1579.21,4244.87,75812.55,0,20543.81,0,0,93150.65,0,0,0,2706.45,2553.7,0,24502.74,29856.61,73.68,2753.15,17686.8,0,0,0,0
2006-01-12 20:00:00,0,2395.83,0,321.23,11850.91,6174.52,6604.66,0,0,2104.52,14427.49,235.57,0,16018.76,1497.44,4128.39,75495.9,0,19926.89,0,0,90141.32,0,0,0,2697.54,2485.48,0,24858.61,30706.87,72.75,2550.09,18059.04,0,0,0,0
2006-01-12 21:00:00,0,2513.97,0,307.86,11677.6,5833.46,6270.9,0,0,1965.25,13501.96,227.07,0,15174.49,1418.74,4014.98,74864.3,0,19128.58,0,0,87214.55,0,0,0,2640.71,2398.3,0,24775.92,31539.05,73.34,2379.13,18277.47,0,0,0,0
2006-01-12 22:00:00,0,2474.59,0,284.47,11011.49,5385.9,5975.5,0,0,1827.6,12559.7,209.42,0,14308.79,1333.06,3900.84,72972.58,0,18045.48,0,0,84461.19,0,0,0,2498.24,2253.91,0,23577.23,30805.2,71.62,2215.26,17555.4,0,0,0,0
2006-01-12 23:00:00,0,2369.46,0,260.16,10397.14,4938.12,5697.65,0,0,1698.93,11609.93,192.76,0,13419.71,1245.89,3789.74,70489.03,0,16990.96,0,0,81563.75,0,0,0,2344.67,2138.62,0,22353.56,29775.4,71.89,2063.12,16654.97,0,0,0,0
2006-01-13 00:00:00,0,2282.85,0,241.11,9884.07,4499.02,5415.19,0,0,1576.83,10664.77,176.35,0,12509.57,1154.8,3672.18,68111.06,0,15998.79,0,0,78504.61,0,0,0,2197.24,2038.58,0,21270.15,28860.39,71.55,1919.03,15760.74,0,0,0,0
2006-01-13 01:00:00,0,2233.81,0,218.14,9424.33,4048.4,5081.99,0,0,1456.15,9739.24,161.61,0,11975.67,1079.09,3557.9,65885.97,0,15120.85,0,0,75625.88,0,0,0,2095.81,1952.59,0,20153.21,27898.36,70.38,1774.34,14910.46,0,0,0,0
2006-01-13 02:00:00,0,2197.23,0,202.97,9191.22,3734.66,4837.41,0,0,1351.03,8861.37,150.02,0,11741.05,1033.58,3450.6,63756.5,0,14510.39,0,0,73403.41,0,0,0,2035.34,1931.57,0,19532.31,26991.38,71.06,1649.28,14151.64,0,0,0,0
2006-01-13 03:00:00,0,2202.16,0,201.74,9209.0,3676.81,4843.58,0,0,1331.59,8660.8,146.61,0,11751.92,1049.73,3357.76,62149.68,0,14228.8,0,0,72681.65,0,0,0,2028.19,1975.63,0,19760.22,26562.66,70.18,1630.91,13830.14,0,0,0,0
2006-01-13 04:00:00,0,2275.24,0,214.42,9437.14,3850.75,5036.75,0,0,1359.43,8882.04,152.16,0,11952.88,1085.89,3404.65,63327.96,0,14559.32,0,0,74797.37,0,0,0,2084.0,2024.04,0,20205.73,26759.05,68.37,1675.34,13931.88,0,0,0,0
2006-01-13 05:00:00,0,2377.38,0,227.06,9924.13,4060.56,5273.04,0,0,1397.67,9180.34,157.79,0,12301.35,1139.83,3511.29,64994.83,0,15084.71,0,0,76882.38,0,0,0,2167.65,2082.1,0,20635.67,27533.71,68.4,1723.23,14239.85,0,0,0,0
2006-01-13 06:00:00,0,2495.97,0,237.44,10421.95,4265.52,5578.41,0,0,1458.74,9538.01,164.11,0,12656.4,1184.66,3601.74,66950.42,0,15710.44,0,0,79615.31,0,0,0,2263.71,2143.72,0,21053.7,28495.88,69.82,1770.73,14549.88,0,0,0,0
2006-01-13 07:00:00,0,2578.3,0,244.12,10933.42,4469.9,5861.8,0,0,1525.37,9927.71,169.28,0,13011.83,1228.33,3723.68,69010.26,0,16360.89,0,0,82419.93,0,0,0,2350.95,2190.87,0,21491.86,29384.01,73.81,1816.37,14998.18,0,0,0,0
2006-01-13 08:00:00,0,2651.65,0,254.05,11547.79,4784.1,6126.89,0,0,1658.31,10682.76,176.1,0,13807.79,1286.42,3835.33,70871.0,0,17431.39,0,0,85796.58,0,0,0,2453.96,2243.43,0,22104.81,30259.58,78.96,1932.35,15575.15,0,0,0,0
2006-01-13 09:00:00,0,2760.25,0,268.8,11805.48,5182.39,6168.32,0,0,1751.15,11813.65,185.7,0,14393.2,1310.51,4030.48,73814.87,0,18611.57,0,0,88694.03,0,0,0,2479.12,2216.82,0,23314.4,31356.03,84.98,2091.46,16519.76,0,0,0,0
2006-01-13 10:00:00,0,2890.47,0,281.76,11667.56,5230.37,5847.77,0,0,1821.21,12924.2,187.29,0,14468.92,1264.61,4092.06,77213.28,0,18981.54,0,0,89126.08,0,0,0,2463.03,2154.0,0,23336.18,32273.86,88.4,2183.31,16910.0,0,0,0,0
2006-01-13 11:00:00,0,2933.72,0,285.5,11508.54,5343.19,5796.46,0,0,1891.15,13678.31,188.18,0,14524.51,1273.8,4110.68,78437.69,0,19225.06,0,0,89054.47,0,0,0,2468.2,2126.83,0,23154.76,32109.62,90.33,2228.84,17058.92,0,0,0,0
2006-01-13 12:00:00,0,2908.64,0,287.01,11356.4,5572.8,5812.69,0,0,1967.34,14405.52,192.78,0,14589.29,1288.12,4121.09,78767.03,0,19355.83,0,0,87979.4,0,0,0,2472.53,2128.45,0,22996.75,31634.17,90.38,2298.67,17124.94,0,0,0,0
2006-01-13 13:00:00,0,2861.42,0,289.22,11260.9,5727.14,5901.28,0,0,2036.0,14968.69,201.49,0,14681.54,1326.22,4126.47,78830.73,0,19482.96,0,0,87070.14,0,0,0,2488.64,2144.17,0,22923.42,31328.44,90.4,2369.06,17195.77,0,0,0,0
2006-01-13 14:00:00,0,2794.65,0,291.35,11192.88,5823.03,5900.52,0,0,2078.38,15353.29,207.27,0,14821.87,1344.8,4146.21,78360.82,0,19572.6,0,0,86524.48,0,0,0,2482.98,2158.5,0,22975.11,30941.99,89.66,2411.65,17362.58,0,0,0,0
2006-01-13 15:00:00,0,2710.51,0,295.23,11101.27,5910.41,5972.92,0,0,2106.98,15648.44,204.83,0,14994.76,1348.68,4130.63,77896.6,0,19593.76,0,0,86458.79,0,0,0,2458.37,2201.8,0,23082.03,30395.1,88.56,2425.32,17558.68,0,0,0,0
2006-01-13 16:00:00,0,2633.31,0,292.16,10996.35,6017.89,5938.34,0,0,2126.93,15673.49,203.49,0,15243.38,1350.04,4105.61,77400.53,0,19655.04,0,0,86776.53,0,0,0,2472.76,2226.69,0,23071.0,29778.37,86.56,2411.93,18289.41,0,0,0,0
2006-01-13 17:00:00,0,2593.74,0,287.46,10934.11,5856.95,5920.14,0,0,2103.53,15285.43,201.45,0,15563.1,1353.0,4201.78,77469.6,0,19915.8,0,0,87981.01,0,0,0,2483.06,2210.56,0,23217.63,29314.65,85.01,2375.61,18733.05,0,0,0,0
2006-01-13 18:00:00,0,2510.12,0,283.63,10943.71,5714.37,5924.17,0,0,2049.24,14799.03,203.18,0,15856.36,1339.83,4213.66,77128.67,0,20270.21,0,0,88685.88,0,0,0,2482.72,2244.13,0,23451.23,29261.54,83.36,2341.93,18918.17,0,0,0,0
2006-01-13 19:00:00,0,2781.65,0,284.48,11570.8,5865.91,6731.64,0,0,2147.88,14824.85,227.94,0,15058.44,1520.57,4286.08,78280.66,0,19117.4,0,0,89828.21,0,0,0,2598.84,2593.03,0,24552.7,30098.89,83.91,2505.6,19401.95,0,0,0,0
2006-01-13 20:00:00,0,2882.68,0,279.94,11727.13,5705.9,6468.89,0,0,2024.71,13834.9,221.74,0,14380.28,1430.96,4284.12,78040.12,0,18593.15,0,0,87802.35,0,0,0,2567.64,2532.24,0,26543.46,30421.45,83.51,2364.95,20132.2,0,0,0,0
2006-01-13 21:00:00,0,2955.73,0,267.93,11508.83,5529.82,6166.56,0,0,1907.08,12889.37,218.8,0,13683.92,1344.31,4288.37,77922.88,0,18047.73,0,0,85454.02,0,0,0,2569.53,2463.45,0,27429.06,30321.68,82.9,2234.27,20652.86,0,0,0,0
2006-01-13 22:00:00,0,2935.38,0,263.15,10842.04,5129.44,5877.79,0,0,1786.93,12007.09,203.65,0,12984.85,1274.57,4237.73,76584.52,0,17156.77,0,0,83009.45,0,0,0,2463.63,2369.87,0,27215.09,30072.79,82.01,2113.96,20307.34,0,0,0,0
2006-01-13 23:00:00,0,2854.55,0,260.27,10251.43,4707.28,5594.94,0,0,1648.36,11095.32,187.95,0,12258.37,1200.97,4163.93,74755.1,0,16160.32,0,0,80525.83,0,0,0,2334.38,2250.7,0,26673.52,29429.71,81.18,2007.64,19832.85,0,0,0,0
2006-01-14 00:00:00,0,2743.0,0,255.57,9519.55,4236.83,5330.94,0,0,1512.19,10221.3,161.42,0,11637.39,1096.07,4058.57,72938.49,0,15213.39,0,0,77897.33,0,0,0,2268.1,2162.57,0,26152.25,28719.76,80.1,1859.21,19352.32,0,0,0,0
2006-01-14 01:00:00,0,2678.17,0,250.85,9014.06,3824.59,5065.23,0,0,1397.08,9405.91,164.96,0,11200.09,1190.34,3947.62,71028.74,0,14321.76,0,0,75090.29,0,0,0,2267.29,2170.47,0,25801.39,28097.51,78.81,1613.01,18860.71,0,0,0,0
2006-01-14 02:00:00,0,2653.26,0,245.3,8808.31,3707.84,4794.77,0,0,1337.4,8745.94,176.3,0,11026.09,1288.02,3815.42,69097.27,0,13670.54,0,0,72990.74,0,0,0,2333.08,2273.72,0,25687.03,27652.97,78.1,1590.53,18325.31,0,0,0,0
2006-01-14 03:00:00,0,2649.0,0,240.56,8778.95,3703.72,4521.54,0,0,1340.97,8470.03,181.6,0,10942.09,1370.37,3783.76,67690.16,0,13227.34,0,0,71134.68,0,0,0,2412.8,2415.34,0,25856.2,27291.84,77.65,1593.59,18354.91,0,0,0,0
2006-01-14 04:00:00,0,2683.74,0,243.03,8851.21,3817.86,4397.16,0,0,1436.46,8405.7,183.66,0,10896.85,1430.64,3780.01,67158.49,0,13157.96,0,0,70076.78,0,0,0,2491.28,2587.87,0,26320.71,27215.41,77.49,1621.2,18396.18,0,0,0,0
2006-01-14 05:00:00,0,2745.55,0,264.33,9401.8,4128.67,4697.65,0,0,1555.97,8666.57,188.69,0,11001.49,1479.35,3854.24,67607.92,0,13364.88,0,0,70450.73,0,0,0,2542.79,2740.01,0,27076.07,27581.2,78.09,1724.97,18695.77,0,0,0,0
2006-01-14 06:00:00,0,2805.59,0,288.75,10020.47,4588.04,5269.18,0,0,1692.01,9173.3,197.61,0,11177.73,1541.29,3985.68,68466.84,0,13660.29,0,0,71545.25,0,0,0,2628.18,2882.72,0,27776.93,28018.42,79.37,1835.12,19081.49,0,0,0,0
2006-01-14 07:00:00,0,2870.8,0,307.34,10615.15,5001.39,5767.72,0,0,1809.84,10044.71,208.68,0,11320.03,1594.22,4130.19,69343.38,0,14076.02,0,0,72903.02,0,0,0,2756.63,3024.66,0,28430.35,28475.8,80.9,1926.0,19496.56,0,0,0,0
2006-01-14 08:00:00,0,2923.29,0,341.83,11381.55,5522.56,6311.91,0,0,2008.33,11540.66,225.42,0,11469.54,1762.29,4255.81,69994.59,0,14544.93,0,0,74902.15,0,0,0,2997.96,3211.94,0,29310.12,28940.92,82.31,2099.17,19959.45,0,0,0,0
2006-01-14 09:00:00,0,3001.85,0,360.51,11954.47,6003.35,6841.65,0,0,2122.0,12499.63,248.32,0,11647.45,1961.75,4348.97,71657.55,0,14909.73,0,0,77947.96,0,0,0,3101.44,3385.97,0,30887.4,29395.17,83.08,2311.75,20984.85,0,0,0,0
2006-01-14 10:00:00,0,2916.05,0,360.73,12124.95,6548.5,7250.83,0,0,2133.41,13119.61,256.8,0,11824.55,2028.27,4411.33,73145.14,0,15249.56,0,0,80302.0,0,0,0,3128.57,3368.01,0,31459.29,29498.96,82.49,2406.4,21307.19,0,0,0,0
2006-01-14 11:00:00,0,2731.49,0,358.46,11942.1,6869.62,7218.09,0,0,2143.69,13432.62,253.7,0,12003.4,2003.47,4446.78,73768.44,0,15632.08,0,0,81867.8,0,0,0,3105.61,3281.93,0,31103.04,28911.86,79.87,2485.22,21072.78,0,0,0,0
2006-01-14 12:00:00,0,2583.75,0,353.0,11804.83,6855.65,7002.58,0,0,2140.21,13594.08,245.05,0,12172.31,1947.14,4403.27,73484.06,0,16107.81,0,0,82973.54,0,0,0,3045.48,3158.78,0,30314.89,28185.38,76.67,2503.02,20463.39,0,0,0,0
2006-01-14 13:00:00,0,2454.4,0,342.15,11665.75,6660.57,6934.67,0,0,2101.37,13476.74,232.22,0,12417.42,1860.28,4351.47,72980.17,0,16340.82,0,0,83571.64,0,0,0,2952.32,3048.73,0,29356.87,27782.57,74.48,2503.66,19753.6,0,0,0,0
2006-01-14 14:00:00,0,2362.22,0,327.37,11545.21,6328.49,6992.1,0,0,2035.33,13137.35,221.76,0,12563.84,1768.78,4255.1,71901.47,0,16682.9,0,0,83631.63,0,0,0,2873.4,2983.55,0,28401.27,27425.98,72.98,2468.34,19122.4,0,0,0,0
2006-01-14 15:00:00,0,2287.6,0,310.04,11473.03,5908.74,7029.82,0,0,1957.2,12720.93,217.71,0,12718.31,1677.08,4150.73,71355.75,0,16946.7,0,0,83541.69,0,0,0,2775.61,2930.1,0,27655.32,27053.85,71.3,2378.76,18753.44,0,0,0,0
2006-01-14 16:00:00,0,2232.93,0,298.35,11545.76,5476.48,7005.98,0,0,1871.11,12103.04,215.86,0,12994.75,1587.85,4073.29,71074.31,0,17289.68,0,0,84297.21,0,0,0,2708.37,2891.65,0,27115.63,26724.64,69.84,2266.61,18629.08,0,0,0,0
2006-01-14 17:00:00,0,2201.64,0,297.3,11685.62,5065.4,7142.87,0,0,1783.27,11706.34,216.14,0,13412.54,1502.74,4088.41,70767.82,0,17694.17,0,0,86063.74,0,0,0,2718.89,2840.75,0,26691.2,26302.93,68.73,2100.5,18570.72,0,0,0,0
2006-01-14 18:00:00,0,2305.34,0,295.17,11879.55,5023.85,7529.04,0,0,1757.1,11968.29,219.72,0,13779.06,1479.68,4221.81,71431.78,0,18257.09,0,0,89802.19,0,0,0,2811.77,2952.15,0,26755.57,26008.93,69.4,1992.44,19264.16,0,0,0,0
2006-01-14 19:00:00,0,2515.39,0,359.56,13964.73,6102.46,8130.51,0,0,2224.59,14887.46,258.21,0,14612.02,1903.39,4707.41,77747.82,0,19496.31,0,0,102655.73,0,0,0,3161.94,3148.87,0,31114.04,29634.61,80.83,2516.03,20866.94,0,0,0,0
2006-01-14 20:00:00,0,2635.98,0,359.17,14151.05,6106.58,8093.78,0,0,2170.79,14410.2,260.14,0,13958.65,1867.31,4676.5,77645.8,0,19755.87,0,0,101679.61,0,0,0,3231.22,3219.04,0,31887.25,30247.98,80.37,2415.96,21548.37,0,0,0,0
2006-01-14 21:00:00,0,2747.7,0,359.53,13875.64,6060.85,8013.88,0,0,2116.11,13853.69,264.82,0,13465.71,1835.03,4611.36,77127.91,0,19771.05,0,0,99238.73,0,0,0,3288.92,3291.83,0,31472.95,30381.07,79.57,2342.72,21997.3,0,0,0,0
2006-01-14 22:00:00,0,2769.8,0,353.55,13409.05,6003.82,7914.3,0,0,2058.34,13346.04,261.52,0,13110.75,1812.19,4539.0,75881.39,0,19436.22,0,0,96984.2,0,0,0,3215.26,3333.16,0,30600.0,30100.77,78.52,2280.51,21630.86,0,0,0,0
2006-01-14 23:00:00,0,2676.8,0,350.02,12915.6,5950.71,7859.33,0,0,2006.73,12919.84,253.78,0,12869.05,1802.43,4420.04,73790.29,0,19278.72,0,0,94420.8,0,0,0,3133.62,3325.37,0,29654.01,29448.93,77.2,2242.39,20979.89,0,0,0,0
2006-01-15 00:00:00,0,2571.61,0,346.35,12395.56,5901.4,7805.76,0,0,1993.33,12548.77,245.64,0,12803.81,1801.86,4299.76,71689.74,0,18769.16,0,0,91881.0,0,0,0,3051.78,3310.24,0,28759.69,28622.0,75.85,2252.47,20302.6,0,0,0,0
2006-01-15 01:00:00,0,2465.29,0,342.36,12016.76,6045.35,7703.83,0,0,2003.77,12338.38,240.13,0,13045.44,1818.33,4212.71,69404.13,0,18156.86,0,0,89288.27,0,0,0,2977.77,3273.77,0,28167.53,27774.91,74.94,2287.95,19823.33,0,0,0,0
2006-01-15 02:00:00,0,2415.46,0,347.31,11842.46,6259.17,7587.81,0,0,2046.14,12252.52,240.31,0,13275.15,1865.26,4167.58,67811.3,0,17799.85,0,0,86948.56,0,0,0,2942.26,3237.27,0,27604.67,26913.68,74.24,2330.22,19609.23,0,0,0,0
2006-01-15 03:00:00,0,2406.46,0,365.21,11654.77,6566.27,7528.51,0,0,2100.27,12502.08,245.84,0,13594.81,1949.63,4142.47,66533.81,0,17305.44,0,0,85566.27,0,0,0,2952.01,3280.25,0,27477.46,26349.08,73.59,2398.01,19613.52,0,0,0,0
2006-01-15 04:00:00,0,2419.86,0,382.28,11831.06,7063.14,7528.38,0,0,2217.71,13040.27,257.91,0,14029.4,2037.78,4131.67,65784.34,0,17311.04,0,0,85521.5,0,0,0,3031.08,3363.57,0,27848.26,26188.9,73.18,2482.84,19607.77,0,0,0,0
2006-01-15 05:00:00,0,2463.01,0,393.03,12236.58,7564.05,7690.36,0,0,2366.33,13717.66,270.4,0,14519.13,2117.83,4183.25,66213.14,0,17543.52,0,0,87609.28,0,0,0,3131.06,3448.46,0,28307.78,26369.35,73.77,2587.4,19837.18,0,0,0,0
2006-01-15 06:00:00,0,2498.32,0,288.75,12657.16,7945.51,7947.86,0,0,2500.01,14364.89,280.51,0,14916.77,2198.03,4265.92,66778.56,0,17860.11,0,0,89608.1,0,0,0,3227.52,3513.11,0,28667.58,26773.14,73.83,2674.56,20103.55,0,0,0,0
2006-01-15 07:00:00,0,2524.57,0,307.34,13054.18,8205.05,8166.0,0,0,2598.05,14917.99,287.31,0,15286.47,2270.38,4358.22,67541.52,0,18270.02,0,0,91859.34,0,0,0,3316.0,3575.45,0,28797.54,27234.56,75.21,2737.9,20383.15,0,0,0,0
2006-01-15 08:00:00,0,2553.85,0,341.83,13675.57,8578.51,8476.99,0,0,2715.55,15399.35,294.52,0,15785.22,2384.45,4445.45,68132.67,0,19066.38,0,0,94600.7,0,0,0,3412.37,3669.93,0,29442.17,27729.27,75.68,2892.16,20693.25,0,0,0,0
2006-01-15 09:00:00,0,2601.58,0,405.88,13744.87,8515.49,8538.72,0,0,2677.31,15478.0,286.62,0,16182.62,2276.57,4485.53,69938.18,0,20070.61,0,0,97204.46,0,0,0,3265.06,3571.03,0,30379.67,28209.21,75.74,2927.12,21158.21,0,0,0,0
2006-01-15 10:00:00,0,2653.86,0,385.86,13353.9,8251.81,8351.62,0,0,2585.58,15528.91,275.69,0,16485.78,2117.41,4350.58,71260.59,0,20840.33,0,0,96634.56,0,0,0,3067.2,3357.69,0,30123.78,28433.72,73.81,2887.04,20554.01,0,0,0,0
2006-01-15 11:00:00,0,2584.98,0,369.52,12904.18,7768.11,7798.49,0,0,2465.06,15248.31,265.71,0,16733.59,1962.22,4205.27,71268.57,0,21183.65,0,0,94845.26,0,0,0,2899.85,3113.82,0,29395.3,28152.49,72.37,2803.57,19757.75,0,0,0,0
2006-01-15 12:00:00,0,2490.37,0,351.66,12302.47,7277.93,7304.43,0,0,2312.85,14800.45,252.53,0,16925.36,1845.6,4053.16,71180.4,0,21311.49,0,0,93153.12,0,0,0,2771.07,2912.15,0,28315.09,27915.76,70.98,2695.74,19014.0,0,0,0,0
2006-01-15 13:00:00,0,2397.57,0,338.97,11831.84,6776.18,6984.93,0,0,2169.56,14183.4,238.62,0,17036.91,1735.09,3962.45,70802.0,0,21226.0,0,0,91035.85,0,0,0,2652.18,2765.41,0,27030.25,27761.02,69.55,2604.44,18214.87,0,0,0,0
2006-01-15 14:00:00,0,2284.47,0,321.18,11360.87,6319.01,6716.49,0,0,2041.29,13555.99,226.75,0,17089.25,1614.76,3882.6,70071.16,0,20902.93,0,0,88948.99,0,0,0,2542.48,2648.44,0,25931.5,27297.34,67.69,2499.87,17607.33,0,0,0,0
2006-01-15 15:00:00,0,2203.04,0,309.79,10989.67,5944.02,6595.63,0,0,1896.66,12961.97,214.67,0,17239.1,1515.7,3846.58,69657.64,0,20609.8,0,0,87769.71,0,0,0,2454.17,2546.83,0,25121.71,26623.78,65.5,2375.51,17249.38,0,0,0,0
2006-01-15 16:00:00,0,2116.43,0,294.82,10764.51,5629.86,6583.81,0,0,1743.33,12476.33,205.24,0,17503.86,1416.63,3852.5,68900.07,0,20823.75,0,0,87781.97,0,0,0,2398.34,2503.88,0,24311.97,25884.76,62.69,2243.59,17176.34,0,0,0,0
2006-01-15 17:00:00,0,2075.23,0,285.18,11340.48,5422.57,6881.4,0,0,1663.44,12028.49,204.2,0,17971.85,1403.07,3911.98,68249.19,0,21242.42,0,0,90854.67,0,0,0,2438.41,2481.68,0,23847.12,25315.46,60.57,2124.37,17218.07,0,0,0,0
2006-01-15 18:00:00,0,2067.39,0,281.23,11914.29,5967.91,7120.67,0,0,1820.15,12649.58,208.18,0,18362.42,1505.62,4052.93,68544.25,0,21781.42,0,0,93941.31,0,0,0,2502.51,2566.73,0,24407.13,25209.12,59.94,2271.49,17638.75,0,0,0,0
2006-01-15 19:00:00,0,2468.27,0,324.32,13157.57,6670.03,8456.1,0,0,2167.12,13504.86,228.53,0,19593.48,1843.44,4335.53,75841.65,0,23525.69,0,0,100278.31,0,0,0,2947.56,3334.59,0,24595.33,28664.27,73.96,2714.38,19082.72,0,0,0,0
2006-01-15 20:00:00,0,2531.78,0,320.11,13301.82,6946.11,8300.38,0,0,2108.72,13078.6,227.78,0,18863.07,1818.38,4311.22,75606.88,0,23042.47,0,0,97866.29,0,0,0,2959.47,3334.33,0,25170.62,29403.83,73.14,2662.51,19680.58,0,0,0,0
2006-01-15 21:00:00,0,2578.59,0,320.99,13443.94,6964.28,8178.63,0,0,2045.0,12548.28,227.87,0,17966.57,1760.69,4250.5,74878.77,0,22685.55,0,0,95670.41,0,0,0,2967.36,3308.92,0,25572.67,29977.25,72.15,2598.83,19819.47,0,0,0,0
2006-01-15 22:00:00,0,2543.53,0,307.25,13000.52,6734.64,7967.82,0,0,1967.63,11916.83,225.3,0,17143.88,1693.57,4220.86,73716.88,0,22000.16,0,0,93506.37,0,0,0,2875.72,3249.62,0,24536.28,29389.47,71.09,2500.15,19561.18,0,0,0,0
2006-01-15 23:00:00,0,2395.75,0,293.01,12527.6,6434.26,7780.97,0,0,1888.62,11235.75,215.24,0,16373.0,1635.2,4156.8,71698.47,0,21299.51,0,0,91387.44,0,0,0,2745.77,3154.33,0,23632.18,28433.33,69.94,2401.2,19104.39,0,0,0,0
2006-01-16 00:00:00,0,2248.73,0,282.69,12059.76,6170.64,7610.3,0,0,1800.62,10496.48,203.32,0,15755.44,1585.47,4059.33,69438.21,0,20559.36,0,0,89132.07,0,0,0,2664.69,3060.6,0,22848.43,27370.57,69.04,2335.48,18286.63,0,0,0,0
2006-01-16 01:00:00,0,2119.75,0,270.87,11537.75,5973.8,7406.6,0,0,1717.89,9896.92,194.17,0,15214.38,1549.52,3967.29,67182.25,0,19760.03,0,0,86787.36,0,0,0,2611.18,2974.8,0,22101.35,26318.57,68.32,2282.83,17512.19,0,0,0,0
2006-01-16 02:00:00,0,2053.5,0,260.92,11191.58,5853.97,7260.72,0,0,1665.09,9379.8,190.01,0,14685.37,1536.68,3883.08,65004.78,0,18982.78,0,0,84960.74,0,0,0,2600.84,2894.98,0,21775.82,25317.72,67.76,2237.15,17101.89,0,0,0,0
2006-01-16 03:00:00,0,2007.23,0,258.04,11061.02,5893.17,7307.62,0,0,1668.14,9135.04,188.16,0,14601.99,1495.63,3846.55,63513.66,0,18701.67,0,0,83800.1,0,0,0,2628.52,2868.88,0,21866.0,24676.84,67.26,2202.26,16841.99,0,0,0,0
2006-01-16 04:00:00,0,2005.34,0,268.07,11470.12,6030.71,7407.81,0,0,1719.43,9336.43,191.12,0,14754.03,1529.44,3923.52,63209.96,0,18656.36,0,0,83958.98,0,0,0,2697.6,2918.08,0,22386.14,24582.42,67.02,2233.76,16955.36,0,0,0,0
2006-01-16 05:00:00,0,2062.29,0,273.71,11977.95,6265.33,7591.57,0,0,1796.37,9694.34,204.4,0,15055.11,1598.84,4040.02,64300.96,0,18891.54,0,0,85400.55,0,0,0,2792.64,2988.21,0,22939.74,24776.72,66.93,2299.59,17247.24,0,0,0,0
2006-01-16 06:00:00,0,2129.32,0,282.66,12489.09,6487.47,7746.7,0,0,1859.97,10066.0,212.65,0,15397.87,1662.36,4149.59,65919.52,0,19203.21,0,0,87522.1,0,0,0,2882.62,3049.74,0,23315.56,25375.56,67.24,2374.59,17564.72,0,0,0,0
2006-01-16 07:00:00,0,2198.73,0,291.65,13038.6,6706.31,7963.63,0,0,1928.02,10459.23,217.9,0,15734.37,1723.91,4264.0,67523.98,0,19590.96,0,0,90157.39,0,0,0,2978.46,3119.82,0,23631.88,26173.41,67.62,2436.37,17938.46,0,0,0,0
2006-01-16 08:00:00,0,2265.81,0,308.63,13685.79,6810.51,8170.24,0,0,2052.36,11589.66,227.64,0,16917.59,1792.15,4402.36,69281.61,0,21020.72,0,0,95033.8,0,0,0,3182.37,3245.48,0,24602.13,27112.21,69.29,2541.18,18465.48,0,0,0,0
2006-01-16 09:00:00,0,2364.9,0,312.36,13447.65,6563.49,7689.4,0,0,2015.33,11893.72,232.61,0,17254.09,1839.73,4586.54,72578.73,0,21945.42,0,0,96310.34,0,0,0,3138.91,3240.38,0,25500.12,28205.2,70.77,2474.87,19561.31,0,0,0,0
2006-01-16 10:00:00,0,2349.74,0,287.19,12567.97,5953.0,6835.61,0,0,1929.78,11509.38,217.83,0,17435.2,1753.36,4769.87,75406.79,0,22173.43,0,0,94315.17,0,0,0,2977.2,2997.9,0,25108.07,29415.32,72.62,2299.57,19718.66,0,0,0,0
2006-01-16 11:00:00,0,2282.78,0,278.58,11661.56,5599.45,6256.14,0,0,1849.46,11474.7,209.27,0,17361.24,1714.96,4827.55,75921.94,0,22051.8,0,0,93272.83,0,0,0,2851.6,2816.32,0,24265.12,30113.0,73.83,2206.26,19061.29,0,0,0,0
2006-01-16 12:00:00,0,2201.57,0,278.79,10918.68,5361.54,5834.43,0,0,1825.37,11735.89,198.92,0,17101.09,1657.17,4771.45,75943.66,0,21863.76,0,0,92243.68,0,0,0,2752.88,2702.41,0,23641.4,30399.04,74.32,2167.97,18585.38,0,0,0,0
2006-01-16 13:00:00,0,2159.24,0,280.2,10518.16,5148.53,5577.97,0,0,1799.43,12069.06,196.0,0,16784.02,1625.66,4671.52,75980.45,0,21653.49,0,0,91044.5,0,0,0,2651.8,2579.02,0,23781.92,30437.58,73.77,2130.28,18302.06,0,0,0,0
2006-01-16 14:00:00,0,2163.27,0,277.93,10234.32,5003.31,5470.47,0,0,1761.39,12366.4,194.84,0,16571.81,1659.97,4557.28,76248.12,0,21488.45,0,0,89744.09,0,0,0,2549.3,2407.32,0,23784.09,30664.91,72.94,2108.82,18134.28,0,0,0,0
2006-01-16 15:00:00,0,2151.67,0,278.11,10155.18,5000.65,5485.19,0,0,1740.05,12396.61,187.13,0,16442.36,1529.89,4429.64,76301.85,0,21442.78,0,0,88790.59,0,0,0,2515.34,2332.22,0,23899.93,30667.02,71.09,2083.51,17818.65,0,0,0,0
2006-01-16 16:00:00,0,2158.69,0,271.38,10270.63,5080.75,5514.63,0,0,1757.54,12502.1,183.66,0,16905.01,1433.15,4312.28,76124.09,0,21561.47,0,0,89262.73,0,0,0,2501.29,2330.36,0,23344.83,30516.14,69.35,2050.66,17492.07,0,0,0,0
2006-01-16 17:00:00,0,2215.22,0,262.77,11091.04,5119.29,5750.38,0,0,1806.58,12692.99,183.7,0,17509.41,1355.2,4210.0,74731.23,0,21951.42,0,0,92929.97,0,0,0,2550.9,2328.41,0,22723.4,30050.19,65.38,2026.48,17178.91,0,0,0,0
2006-01-16 18:00:00,0,2296.88,0,245.46,11660.6,5178.09,5982.23,0,0,1842.94,12220.41,185.86,0,17953.49,1395.56,4195.78,74545.01,0,22524.17,0,0,95525.37,0,0,0,2652.25,2447.44,0,22624.56,29581.7,63.94,2050.1,17188.72,0,0,0,0
2006-01-16 19:00:00,0,2561.81,0,327.49,12752.83,6314.8,7555.99,0,0,2147.92,14313.23,237.32,0,19179.3,1667.55,4353.77,78560.44,0,23495.86,0,0,104141.23,0,0,0,2838.58,2768.7,0,25615.79,31350.66,74.16,2660.85,17730.1,0,0,0,0
2006-01-16 20:00:00,0,2707.55,0,322.1,12875.42,6320.28,7342.94,0,0,2064.36,13634.6,236.22,0,18337.07,1616.04,4226.2,78248.82,0,22869.74,0,0,101377.21,0,0,0,2841.52,2749.63,0,25970.49,32162.01,73.89,2551.92,17975.71,0,0,0,0
2006-01-16 21:00:00,0,2832.23,0,312.07,12788.03,6176.67,7104.08,0,0,1998.56,13036.86,235.38,0,17445.49,1558.67,4077.43,77828.08,0,22134.71,0,0,98469.51,0,0,0,2844.97,2717.39,0,25776.35,32778.2,73.27,2431.31,18112.72,0,0,0,0
2006-01-16 22:00:00,0,2834.66,0,292.94,12227.15,5903.37,6818.49,0,0,1920.98,12254.94,223.23,0,16520.48,1501.61,3924.64,75690.3,0,21172.37,0,0,95321.97,0,0,0,2699.37,2604.95,0,24665.26,32022.16,72.29,2315.94,17230.95,0,0,0,0
2006-01-16 23:00:00,0,2743.91,0,274.43,11604.72,5627.97,6499.49,0,0,1838.05,11469.06,210.77,0,15561.64,1453.62,3751.31,73416.01,0,20182.56,0,0,91635.49,0,0,0,2556.77,2496.05,0,23456.26,31042.01,71.09,2209.46,16343.25,0,0,0,0
2006-01-17 00:00:00,0,2668.12,0,253.26,10982.52,5368.34,6155.76,0,0,1753.78,10702.54,197.99,0,14588.67,1413.1,3572.34,71462.03,0,19103.54,0,0,87818.55,0,0,0,2414.25,2388.55,0,22238.83,30091.49,70.83,2120.6,15488.33,0,0,0,0
2006-01-17 01:00:00,0,2558.75,0,234.67,10344.8,5154.66,5825.34,0,0,1670.19,9945.95,184.77,0,13833.2,1369.98,3411.43,69272.27,0,18110.36,0,0,84670.08,0,0,0,2297.38,2289.69,0,20934.82,29090.06,70.52,2052.9,14767.35,0,0,0,0
2006-01-17 02:00:00,0,2524.0,0,221.6,10031.38,5001.41,5655.6,0,0,1586.76,9291.52,174.04,0,13622.53,1348.81,3281.98,67054.0,0,17426.19,0,0,81906.15,0,0,0,2232.8,2256.7,0,20223.18,28169.96,71.2,1993.51,14057.84,0,0,0,0
2006-01-17 03:00:00,0,2572.98,0,219.46,10123.51,5088.54,5756.97,0,0,1603.25,9440.99,172.25,0,13799.55,1379.42,3225.86,65906.96,0,17119.98,0,0,81435.28,0,0,0,2265.41,2305.16,0,20028.57,27697.09,73.12,1981.65,13672.77,0,0,0,0
2006-01-17 04:00:00,0,2652.3,0,231.58,10420.19,5259.86,5987.83,0,0,1654.52,9737.81,181.41,0,14163.89,1453.1,3304.51,66418.27,0,17347.71,0,0,82782.08,0,0,0,2331.66,2377.89,0,20407.89,27883.3,76.51,2015.57,13668.15,0,0,0,0
2006-01-17 05:00:00,0,2733.05,0,246.81,10901.42,5339.06,6257.22,0,0,1699.38,10055.91,189.26,0,14500.93,1509.58,3434.91,67931.95,0,17868.22,0,0,85668.35,0,0,0,2426.97,2457.64,0,20811.82,28638.23,79.08,2034.93,13968.28,0,0,0,0
2006-01-17 06:00:00,0,2808.96,0,260.91,11386.81,5381.16,6521.58,0,0,1748.32,10309.07,200.66,0,14884.05,1534.36,3571.11,69441.54,0,18535.43,0,0,88770.44,0,0,0,2514.63,2524.74,0,21245.86,29557.81,82.89,2047.41,14432.38,0,0,0,0
2006-01-17 07:00:00,0,2883.02,0,279.42,11871.57,5486.65,6741.04,0,0,1795.71,10558.47,209.23,0,15275.42,1590.7,3709.36,71561.52,0,19194.56,0,0,91432.4,0,0,0,2586.59,2582.23,0,21630.14,30490.01,85.66,2082.3,14980.82,0,0,0,0
2006-01-17 08:00:00,0,2957.59,0,315.46,12626.5,5860.67,7064.68,0,0,1917.88,11665.33,219.13,0,16640.34,1691.97,3830.67,73876.71,0,21232.25,0,0,95436.54,0,0,0,2800.39,2666.87,0,22201.52,31448.15,89.63,2204.65,15538.08,0,0,0,0
2006-01-17 09:00:00,0,3076.65,0,312.12,12765.94,5533.27,7123.23,0,0,1812.53,12061.33,206.88,0,16506.98,1587.87,3975.57,76866.58,0,21604.44,0,0,97891.64,0,0,0,2777.49,2621.93,0,23044.87,32813.1,93.09,2151.27,16313.7,0,0,0,0
2006-01-17 10:00:00,0,3174.72,0,299.99,12414.67,5334.54,6657.07,0,0,1781.02,12590.93,195.39,0,16158.38,1417.19,4085.02,80703.97,0,21438.44,0,0,97282.41,0,0,0,2624.94,2471.66,0,23751.45,33486.63,95.78,2128.94,16993.66,0,0,0,0
2006-01-17 11:00:00,0,3113.5,0,295.66,11930.56,5193.08,6184.67,0,0,1778.31,13058.69,189.14,0,15867.27,1333.17,4122.45,82129.09,0,21447.9,0,0,95918.8,0,0,0,2532.33,2334.06,0,23785.71,33119.63,95.68,2108.68,17217.19,0,0,0,0
2006-01-17 12:00:00,0,3023.37,0,295.1,11517.74,5222.92,5938.46,0,0,1823.19,13591.97,188.77,0,15736.88,1288.47,4144.9,82335.37,0,21364.12,0,0,94517.28,0,0,0,2454.71,2225.91,0,23812.79,32720.78,95.73,2132.4,17338.04,0,0,0,0
2006-01-17 13:00:00,0,2929.9,0,296.78,11208.11,5368.14,5862.49,0,0,1866.5,13963.4,189.83,0,15606.24,1293.92,4150.09,81920.53,0,21193.07,0,0,92997.72,0,0,0,2386.44,2176.61,0,23805.66,32196.43,95.65,2196.79,17544.37,0,0,0,0
2006-01-17 14:00:00,0,2832.23,0,297.51,11044.31,5498.27,5789.36,0,0,1900.48,14260.53,192.29,0,15334.88,1311.04,4151.37,81634.55,0,20574.01,0,0,91606.28,0,0,0,2337.81,2154.6,0,23719.54,31650.01,94.89,2256.18,17943.5,0,0,0,0
2006-01-17 15:00:00,0,2742.01,0,299.12,11034.56,5591.22,5824.76,0,0,1937.42,14528.54,194.89,0,15312.01,1314.75,4212.75,81197.3,0,20285.71,0,0,92343.61,0,0,0,2329.51,2153.18,0,23528.69,31108.9,93.6,2277.03,18514.23,0,0,0,0
2006-01-17 16:00:00,0,2662.69,0,287.54,11027.64,5821.31,5894.03,0,0,1981.19,14857.89,200.43,0,15889.98,1312.47,4278.98,80488.59,0,20964.17,0,0,92793.36,0,0,0,2366.11,2176.27,0,23281.38,30522.32,91.48,2295.06,18888.2,0,0,0,0
2006-01-17 17:00:00,0,2621.57,0,281.35,11205.8,5837.36,5992.42,0,0,2008.36,14949.25,202.71,0,16700.17,1334.82,4282.93,79844.73,0,21278.43,0,0,93639.92,0,0,0,2398.26,2187.33,0,23129.39,30070.72,87.83,2276.88,19173.23,0,0,0,0
2006-01-17 18:00:00,0,2576.06,0,258.82,11253.95,5722.54,6064.63,0,0,1992.04,14688.12,200.8,0,17079.51,1336.19,4327.23,79573.48,0,21305.56,0,0,94122.29,0,0,0,2425.04,2224.39,0,23287.71,30053.48,86.48,2262.82,19657.65,0,0,0,0
2006-01-17 19:00:00,0,3075.03,0,302.22,12008.21,6538.57,7058.5,0,0,2310.68,15686.16,250.34,0,17815.31,1581.56,4588.67,83918.43,0,21993.81,0,0,100419.59,0,0,0,2644.48,2465.36,0,25117.4,33095.53,92.34,2679.08,20034.2,0,0,0,0
2006-01-17 20:00:00,0,3155.3,0,295.26,12046.12,6321.45,6735.08,0,0,2149.29,14774.66,244.73,0,16853.19,1504.62,4535.38,83835.69,0,21230.96,0,0,97042.44,0,0,0,2590.66,2403.73,0,25645.57,33812.68,92.91,2478.79,20678.69,0,0,0,0
2006-01-17 21:00:00,0,3241.68,0,289.41,11729.59,6076.24,6425.36,0,0,1994.76,13910.87,238.86,0,15995.82,1422.38,4472.52,83358.44,0,20311.44,0,0,93596.77,0,0,0,2523.11,2290.53,0,25847.13,34436.19,92.56,2279.65,20757.72,0,0,0,0
2006-01-17 22:00:00,0,3178.54,0,285.0,11000.6,5660.81,6120.11,0,0,1865.89,12898.95,224.06,0,15039.95,1325.66,4430.28,81193.38,0,19259.67,0,0,90369.55,0,0,0,2347.77,2190.28,0,25013.47,33782.25,91.81,2174.01,20149.81,0,0,0,0
2006-01-17 23:00:00,0,3096.29,0,264.1,10408.08,5239.11,5819.63,0,0,1756.51,11883.95,205.45,0,14096.32,1229.33,4386.34,78734.8,0,18125.53,0,0,86587.59,0,0,0,2185.11,2096.13,0,24261.63,32861.76,90.38,2050.3,19623.6,0,0,0,0
2006-01-18 00:00:00,0,2993.22,0,243.77,9823.76,4744.37,5539.96,0,0,1640.42,11087.41,182.86,0,13236.56,1121.32,4356.83,76363.72,0,16976.15,0,0,82679.57,0,0,0,2087.33,2008.5,0,23760.59,31771.84,88.77,1897.25,19315.6,0,0,0,0
2006-01-18 01:00:00,0,2901.39,0,225.46,9269.88,4211.88,5204.97,0,0,1501.93,10036.2,160.72,0,12490.52,1027.86,4352.47,73851.18,0,15774.4,0,0,78724.79,0,0,0,2039.49,1947.19,0,23655.53,30684.66,87.33,1767.36,18954.59,0,0,0,0
2006-01-18 02:00:00,0,2857.94,0,208.54,8978.43,3838.66,4825.12,0,0,1374.14,9012.75,150.09,0,12094.36,1024.26,4346.69,71452.86,0,14838.96,0,0,75416.88,0,0,0,2021.77,1928.83,0,23573.82,29775.36,86.52,1626.59,18708.3,0,0,0,0
2006-01-18 03:00:00,0,2901.46,0,223.87,8744.86,3717.06,4628.95,0,0,1342.66,8733.32,146.01,0,12255.49,1096.23,4286.13,70147.77,0,14457.46,0,0,73469.86,0,0,0,2004.56,1922.07,0,24300.27,29380.56,87.36,1616.35,18967.21,0,0,0,0
2006-01-18 04:00:00,0,2978.77,0,246.87,8835.89,3987.13,4684.1,0,0,1364.26,8938.42,150.94,0,12527.84,1171.52,4424.07,71392.2,0,14656.93,0,0,73068.82,0,0,0,2039.98,1961.69,0,25513.34,29657.47,90.21,1663.67,19611.49,0,0,0,0
2006-01-18 05:00:00,0,3054.95,0,268.52,9372.55,4423.35,4966.93,0,0,1445.36,9174.35,151.8,0,12852.69,1235.42,4623.7,73256.92,0,15087.03,0,0,74422.11,0,0,0,2102.15,2024.35,0,26568.26,30390.41,92.96,1740.21,20323.51,0,0,0,0
2006-01-18 06:00:00,0,3113.25,0,296.29,10148.49,4884.11,5334.05,0,0,1555.48,9485.56,178.67,0,13111.93,1306.38,4801.69,75311.65,0,15456.93,0,0,76693.54,0,0,0,2193.79,2121.86,0,27696.76,31161.9,94.89,1824.3,20814.86,0,0,0,0
2006-01-18 07:00:00,0,3163.28,0,326.9,11106.12,5350.35,5667.15,0,0,1704.13,9924.37,195.4,0,13270.54,1532.17,4998.58,77194.16,0,16038.74,0,0,79266.15,0,0,0,2344.02,2303.09,0,28496.78,31958.85,95.89,1962.7,21230.78,0,0,0,0
2006-01-18 08:00:00,0,3212.55,0,375.25,12291.05,5932.12,5992.34,0,0,1931.87,10774.44,216.38,0,13733.28,1655.2,5134.34,78993.29,0,17248.25,0,0,83218.99,0,0,0,2638.12,2537.56,0,29619.15,32763.47,98.22,2188.34,21518.43,0,0,0,0
2006-01-18 09:00:00,0,3287.72,0,397.94,13228.25,6790.03,6269.86,0,0,2123.4,12076.77,240.17,0,14477.25,1837.71,5399.97,83159.94,0,18325.09,0,0,88723.62,0,0,0,3035.71,2853.08,0,31788.6,33893.81,99.3,2493.09,22560.53,0,0,0,0
2006-01-18 10:00:00,0,3129.84,0,386.06,13614.81,7121.94,6680.11,0,0,2226.36,13191.68,242.86,0,14844.08,1863.74,5365.1,84339.83,0,19236.17,0,0,91864.22,0,0,0,3096.99,3082.38,0,30788.77,33641.16,97.69,2529.0,21854.94,0,0,0,0
2006-01-18 11:00:00,0,2860.41,0,384.24,13671.39,6862.61,7042.48,0,0,2249.68,13813.5,234.63,0,14964.23,1800.23,5203.07,82943.09,0,19454.91,0,0,93490.35,0,0,0,3031.73,3044.36,0,29319.73,32651.97,93.29,2520.98,20885.75,0,0,0,0
2006-01-18 12:00:00,0,2612.74,0,369.45,13292.46,6588.35,7284.43,0,0,2247.13,14018.51,230.14,0,14984.53,1742.74,5031.7,81597.45,0,19400.28,0,0,94157.27,0,0,0,2924.06,2932.0,0,27653.68,31656.78,88.72,2487.84,19868.8,0,0,0,0
2006-01-18 13:00:00,0,2419.08,0,358.15,12699.13,6362.92,7178.73,0,0,2235.0,14027.05,227.59,0,14995.76,1689.7,4861.67,80279.88,0,19685.83,0,0,94081.23,0,0,0,2809.75,2786.37,0,26128.89,30883.54,84.69,2455.84,19077.48,0,0,0,0
2006-01-18 14:00:00,0,2317.5,0,344.12,12319.96,6148.9,6907.35,0,0,2201.1,13929.93,225.04,0,15120.19,1634.24,4660.29,78974.59,0,20018.28,0,0,93791.24,0,0,0,2737.9,2701.07,0,25306.64,30295.12,82.34,2408.4,18447.5,0,0,0,0
2006-01-18 15:00:00,0,2239.79,0,319.35,12042.11,5912.64,6781.35,0,0,2129.32,13597.07,221.29,0,15256.33,1577.62,4538.19,77803.81,0,20225.18,0,0,92273.86,0,0,0,2690.58,2668.05,0,24852.68,29543.95,79.46,2358.57,18073.19,0,0,0,0
2006-01-18 16:00:00,0,2171.58,0,316.07,12106.31,5928.34,6840.39,0,0,2074.48,13257.45,219.71,0,15323.58,1526.34,4472.96,77151.19,0,20067.44,0,0,91635.53,0,0,0,2684.63,2640.41,0,24534.07,28669.86,76.47,2344.14,18034.51,0,0,0,0
2006-01-18 17:00:00,0,2132.07,0,307.73,12433.8,5848.55,7012.66,0,0,2044.35,12908.24,220.59,0,15689.08,1505.88,4466.58,76942.44,0,20687.09,0,0,93068.86,0,0,0,2688.6,2615.41,0,24286.2,27967.38,74.41,2327.61,18134.64,0,0,0,0
2006-01-18 18:00:00,0,2156.2,0,315.46,12777.83,6209.67,7249.63,0,0,2113.61,12796.95,236.95,0,15911.97,1651.49,4595.88,77756.72,0,20884.6,0,0,95283.41,0,0,0,2781.05,2706.84,0,24840.04,27763.68,74.3,2454.54,18783.33,0,0,0,0
2006-01-18 19:00:00,0,2585.09,0,363.13,13961.25,7518.23,8329.1,0,0,2457.23,14383.09,269.68,0,17249.59,1952.69,4895.67,81967.31,0,21597.46,0,0,105041.72,0,0,0,3152.62,3215.37,0,27654.71,30618.43,81.38,2941.45,19951.2,0,0,0,0
2006-01-18 20:00:00,0,2687.34,0,361.19,14149.75,7768.51,8171.36,0,0,2416.19,13995.58,273.33,0,16393.42,1944.95,4816.18,81834.21,0,20944.4,0,0,101729.04,0,0,0,3201.76,3255.95,0,28511.02,31382.35,79.99,2884.98,20599.75,0,0,0,0
2006-01-18 21:00:00,0,2749.5,0,357.33,14073.43,7740.2,8050.36,0,0,2350.02,13533.84,275.51,0,15582.73,1920.79,4686.1,80764.98,0,20223.72,0,0,98046.81,0,0,0,3191.58,3234.38,0,28656.91,32046.96,78.85,2816.35,20848.37,0,0,0,0
2006-01-18 22:00:00,0,2701.85,0,346.06,13550.28,7554.49,7952.68,0,0,2281.4,12981.33,266.32,0,14777.9,1901.21,4559.72,78288.26,0,19236.52,0,0,94271.28,0,0,0,3087.55,3162.41,0,27945.62,31454.45,78.03,2753.01,20420.25,0,0,0,0
2006-01-18 23:00:00,0,2555.37,0,335.43,12965.01,7355.28,7787.27,0,0,2218.18,12372.43,259.14,0,13948.5,1876.56,4407.49,75443.46,0,18303.61,0,0,90785.22,0,0,0,2973.43,3086.57,0,27095.2,30329.0,76.68,2691.56,19693.12,0,0,0,0
2006-01-19 00:00:00,0,2401.12,0,325.45,12449.51,7189.66,7568.13,0,0,2151.22,11827.81,251.8,0,13141.69,1863.1,4260.37,72465.62,0,17390.34,0,0,87086.45,0,0,0,2883.23,3022.99,0,26226.24,29179.66,75.49,2676.73,18901.57,0,0,0,0
2006-01-19 01:00:00,0,2278.98,0,315.5,12080.68,7010.89,7337.51,0,0,2082.82,11264.4,239.88,0,12363.81,1838.55,4104.23,69486.84,0,16460.85,0,0,83597.86,0,0,0,2829.7,2995.2,0,25341.61,28041.59,74.18,2669.33,18083.14,0,0,0,0
2006-01-19 02:00:00,0,2167.18,0,310.73,11905.4,6984.42,7292.94,0,0,2017.03,10949.19,233.28,0,12105.46,1784.56,3951.97,66571.42,0,15580.21,0,0,80391.16,0,0,0,2789.0,3025.41,0,24828.06,26859.2,72.95,2672.3,17313.2,0,0,0,0
2006-01-19 03:00:00,0,2124.71,0,316.79,11994.6,7215.4,7412.71,0,0,2044.39,11320.62,237.07,0,12168.08,1795.38,3818.09,64879.25,0,15215.59,0,0,78960.08,0,0,0,2861.43,3119.24,0,25470.13,26166.42,72.13,2724.09,17135.93,0,0,0,0
2006-01-19 04:00:00,0,2137.89,0,326.15,12516.74,7507.71,7697.03,0,0,2087.94,11622.61,245.65,0,12495.72,1836.41,3903.41,65927.84,0,15447.03,0,0,80500.02,0,0,0,2969.08,3210.64,0,26389.32,26230.4,72.04,2824.91,17447.81,0,0,0,0
2006-01-19 05:00:00,0,2186.67,0,333.76,13068.22,7829.12,8001.94,0,0,2136.38,11916.65,259.07,0,12878.8,1934.45,4034.84,67620.64,0,15975.15,0,0,82601.42,0,0,0,3083.76,3300.89,0,27242.93,26764.56,72.77,2933.69,17833.07,0,0,0,0
2006-01-19 06:00:00,0,2241.3,0,352.26,13622.31,8139.23,8366.6,0,0,2176.96,12299.85,269.65,0,13297.9,2011.62,4154.5,69207.95,0,16632.62,0,0,85127.34,0,0,0,3189.14,3383.26,0,27967.18,27499.09,73.7,3041.86,18093.38,0,0,0,0
2006-01-19 07:00:00,0,2308.65,0,366.83,14131.64,8408.1,8689.91,0,0,2199.27,12577.75,277.87,0,13688.08,2051.53,4273.74,70698.04,0,17263.38,0,0,87799.02,0,0,0,3286.92,3443.17,0,28710.28,28265.78,74.92,3135.12,18462.75,0,0,0,0
2006-01-19 08:00:00,0,2368.3,0,401.05,15040.97,8541.9,8915.97,0,0,2240.79,13428.34,290.71,0,15092.51,2076.69,4349.3,72083.19,0,19260.09,0,0,92337.97,0,0,0,3460.84,3499.35,0,29865.16,29088.95,76.1,3196.39,18757.5,0,0,0,0
2006-01-19 09:00:00,0,2488.53,0,405.5,14789.19,7603.71,8477.7,0,0,2118.07,13234.29,271.53,0,15479.03,1944.83,4485.65,76697.97,0,19737.47,0,0,93171.35,0,0,0,3367.03,3323.74,0,31454.22,30361.27,77.67,2927.9,19544.86,0,0,0,0
2006-01-19 10:00:00,0,2502.4,0,367.17,14052.87,6540.54,7932.06,0,0,1967.45,12783.84,235.13,0,15420.43,1678.67,4416.51,77221.32,0,19699.93,0,0,91700.01,0,0,0,3120.5,3050.63,0,29106.33,30588.43,78.01,2539.0,18526.65,0,0,0,0
2006-01-19 11:00:00,0,2409.03,0,340.78,13354.37,6030.57,7309.95,0,0,1914.61,12981.26,208.58,0,15236.39,1560.44,4291.38,76490.3,0,19571.82,0,0,89980.34,0,0,0,2908.89,2799.7,0,27275.08,30481.35,77.28,2316.56,17605.51,0,0,0,0
2006-01-19 12:00:00,0,2300.31,0,320.37,12658.61,5818.1,6832.03,0,0,1897.38,13185.82,202.91,0,15070.38,1520.71,4180.02,75326.4,0,19508.32,0,0,87910.98,0,0,0,2743.24,2601.98,0,25925.39,30149.78,75.78,2208.58,17074.87,0,0,0,0
2006-01-19 13:00:00,0,2202.93,0,311.47,12089.37,5655.66,6498.96,0,0,1885.23,13332.21,198.52,0,14980.97,1491.05,4075.96,74552.22,0,19574.89,0,0,86181.7,0,0,0,2624.49,2458.11,0,24723.46,29824.96,73.83,2161.26,16607.43,0,0,0,0
2006-01-19 14:00:00,0,2132.79,0,301.08,11556.84,5507.26,6205.73,0,0,1887.69,13502.49,195.43,0,14985.85,1467.48,4010.81,73811.99,0,19618.56,0,0,84909.03,0,0,0,2517.06,2350.1,0,23853.01,29450.42,71.93,2135.63,16257.77,0,0,0,0
2006-01-19 15:00:00,0,2073.07,0,290.2,11126.01,5427.52,5992.42,0,0,1872.76,13615.49,194.48,0,15048.19,1455.35,3952.85,73198.62,0,19499.31,0,0,83621.38,0,0,0,2424.21,2272.29,0,23277.05,28995.67,69.29,2135.45,16006.98,0,0,0,0
2006-01-19 16:00:00,0,2018.2,0,285.78,10992.01,5399.78,5960.22,0,0,1841.13,13700.1,195.48,0,15403.31,1433.79,3920.43,73181.91,0,19523.8,0,0,83580.79,0,0,0,2374.51,2241.5,0,23263.36,28550.08,66.8,2185.53,15935.48,0,0,0,0
2006-01-19 17:00:00,0,1956.65,0,287.28,11115.75,5476.85,6258.33,0,0,1829.16,13648.23,197.2,0,16079.9,1396.89,3918.24,73233.95,0,20299.54,0,0,86242.57,0,0,0,2433.59,2318.27,0,23170.04,28130.51,65.52,2216.02,16034.8,0,0,0,0
2006-01-19 18:00:00,0,1909.71,0,292.95,11487.84,5528.96,6507.95,0,0,1847.38,13471.76,199.27,0,16397.83,1481.83,3906.57,73882.79,0,20632.68,0,0,88226.28,0,0,0,2511.62,2407.21,0,23499.19,27791.52,64.43,2203.04,16245.79,0,0,0,0
2006-01-19 19:00:00,0,2263.16,0,345.56,12624.91,6153.66,7604.47,0,0,2158.6,14360.86,240.93,0,17486.86,1712.04,4152.52,77010.16,0,20981.05,0,0,96606.08,0,0,0,2882.71,2838.46,0,25849.68,29484.65,72.13,2555.09,17703.89,0,0,0,0
2006-01-19 20:00:00,0,2288.73,0,345.3,12743.17,6136.81,7398.65,0,0,2050.81,13583.5,239.21,0,16560.51,1646.87,4068.24,76558.69,0,20332.04,0,0,93545.17,0,0,0,2931.46,2884.41,0,26527.05,29947.64,71.07,2402.33,18135.82,0,0,0,0
2006-01-19 21:00:00,0,2335.36,0,337.89,12641.51,5948.39,7141.8,0,0,1939.86,12826.41,234.72,0,15620.77,1567.96,3991.37,75722.04,0,19566.42,0,0,90124.65,0,0,0,2903.78,2872.03,0,26635.9,30521.39,69.65,2271.33,18345.04,0,0,0,0
2006-01-19 22:00:00,0,2295.37,0,319.32,12089.95,5537.07,6862.01,0,0,1826.53,12003.59,220.7,0,14668.18,1493.56,3887.32,73420.49,0,18381.27,0,0,86498.31,0,0,0,2785.14,2802.73,0,25738.62,29986.53,68.62,2147.38,17781.96,0,0,0,0
2006-01-19 23:00:00,0,2163.84,0,297.15,11547.75,5098.57,6561.57,0,0,1711.72,11121.59,206.48,0,13755.75,1419.82,3775.83,70685.11,0,17279.42,0,0,82872.11,0,0,0,2683.93,2731.66,0,24799.18,28758.72,67.28,2018.87,17088.61,0,0,0,0
2006-01-20 00:00:00,0,2042.9,0,276.69,11018.94,4675.61,6277.81,0,0,1593.79,10231.6,192.29,0,12804.85,1356.39,3667.77,68135.62,0,16283.64,0,0,79195.27,0,0,0,2609.92,2672.79,0,23992.48,27492.03,65.68,1901.12,16424.28,0,0,0,0
2006-01-20 01:00:00,0,1946.72,0,259.19,10668.74,4266.94,6021.42,0,0,1481.18,9365.94,179.64,0,12170.64,1294.84,3577.04,65742.64,0,15347.6,0,0,75743.27,0,0,0,2549.55,2621.74,0,23311.53,26200.61,65.14,1793.61,15772.33,0,0,0,0
2006-01-20 02:00:00,0,1908.13,0,248.03,10559.24,3980.05,5866.8,0,0,1382.82,8572.19,170.33,0,11838.72,1280.63,3486.02,63381.08,0,14642.24,0,0,72913.02,0,0,0,2514.61,2635.57,0,22869.62,25084.77,65.23,1709.8,15182.32,0,0,0,0
2006-01-20 03:00:00,0,1939.93,0,254.48,10640.03,4148.14,5956.28,0,0,1380.12,8537.91,168.77,0,11783.23,1312.0,3391.2,61671.71,0,14360.87,0,0,72434.06,0,0,0,2581.63,2718.6,0,23516.44,24789.7,65.01,1741.23,14993.3,0,0,0,0
2006-01-20 04:00:00,0,2009.38,0,266.93,11208.41,4415.26,6285.51,0,0,1419.86,8855.35,176.37,0,12001.87,1374.5,3406.57,62792.9,0,14707.53,0,0,74846.2,0,0,0,2683.09,2796.67,0,24479.35,25093.77,66.52,1823.73,15373.91,0,0,0,0
2006-01-20 05:00:00,0,2063.98,0,279.58,11887.83,4653.36,6664.05,0,0,1469.9,9240.5,185.85,0,12306.8,1448.78,3548.68,64767.22,0,15396.18,0,0,77893.55,0,0,0,2784.99,2864.6,0,25498.37,25916.76,67.89,1902.42,15903.61,0,0,0,0
2006-01-20 06:00:00,0,2106.45,0,297.86,12571.96,4882.13,7062.35,0,0,1528.81,9643.77,193.7,0,12610.97,1530.69,3724.95,66655.11,0,16079.02,0,0,80914.94,0,0,0,2885.34,2919.37,0,26418.05,26727.82,68.36,1970.32,16487.65,0,0,0,0
2006-01-20 07:00:00,0,2152.99,0,307.45,13237.44,5103.27,7476.83,0,0,1594.69,10030.66,203.8,0,12930.95,1596.51,3872.87,68651.35,0,16702.48,0,0,83647.63,0,0,0,2978.96,2962.58,0,27338.8,27602.93,68.47,2036.66,17160.19,0,0,0,0
2006-01-20 08:00:00,0,2201.94,0,327.64,14165.86,5456.33,7841.91,0,0,1728.47,10860.58,214.67,0,13964.06,1696.04,4024.93,70643.02,0,18398.65,0,0,88532.62,0,0,0,3145.09,2968.05,0,28480.17,28469.2,68.38,2133.44,17803.45,0,0,0,0
2006-01-20 09:00:00,0,2274.28,0,333.96,13617.74,5521.99,7538.72,0,0,1772.65,11851.07,209.69,0,14311.93,1669.97,4244.23,73954.64,0,19021.66,0,0,89398.86,0,0,0,3124.41,2872.51,0,29470.55,29514.67,69.03,2153.5,18813.94,0,0,0,0
2006-01-20 10:00:00,0,2356.05,0,314.65,12597.2,5440.31,6772.72,0,0,1798.62,12687.88,201.12,0,14365.39,1533.51,4243.89,77085.66,0,19096.56,0,0,88488.86,0,0,0,2935.46,2697.49,0,27485.42,30621.6,69.91,2133.6,18424.64,0,0,0,0
2006-01-20 11:00:00,0,2368.73,0,292.76,12108.75,5441.52,6343.54,0,0,1849.13,13380.68,193.6,0,14291.01,1443.27,4211.75,77835.56,0,19142.94,0,0,87916.96,0,0,0,2816.7,2581.34,0,25924.46,30882.04,70.66,2141.41,17871.36,0,0,0,0
2006-01-20 12:00:00,0,2372.61,0,282.19,11640.79,5464.18,6083.42,0,0,1914.67,13939.47,193.87,0,14121.93,1398.46,4146.08,77984.64,0,19106.15,0,0,86857.34,0,0,0,2682.81,2477.37,0,24850.8,30946.14,71.23,2240.26,17261.93,0,0,0,0
2006-01-20 13:00:00,0,2379.24,0,283.97,11247.17,5517.11,5948.42,0,0,1965.8,14354.09,193.78,0,13962.82,1369.06,4083.01,77928.61,0,19123.85,0,0,85947.0,0,0,0,2590.08,2393.47,0,24300.86,30905.51,71.25,2375.1,16821.92,0,0,0,0
2006-01-20 14:00:00,0,2355.96,0,284.66,10935.95,5655.69,5888.0,0,0,1993.3,14638.59,196.88,0,13948.66,1357.06,3993.69,77759.82,0,19169.35,0,0,85598.74,0,0,0,2516.56,2335.35,0,23878.07,30733.95,70.64,2499.08,16456.11,0,0,0,0
2006-01-20 15:00:00,0,2316.42,0,282.12,10759.91,5813.85,5838.31,0,0,2009.69,14812.71,197.42,0,14078.6,1340.43,3965.36,77472.66,0,19262.6,0,0,85518.2,0,0,0,2458.86,2271.19,0,23387.73,30454.95,70.24,2579.02,16285.94,0,0,0,0
2006-01-20 16:00:00,0,2319.66,0,270.54,10693.44,5956.08,5796.78,0,0,2007.79,14985.23,203.8,0,14356.89,1330.87,3942.38,77145.87,0,19422.51,0,0,85932.63,0,0,0,2412.96,2208.82,0,22983.24,30244.38,70.11,2621.84,16301.42,0,0,0,0
2006-01-20 17:00:00,0,2324.04,0,268.04,10838.97,5981.92,5980.73,0,0,2010.48,14874.55,202.94,0,14892.78,1337.18,3907.29,76579.48,0,19660.06,0,0,87776.6,0,0,0,2445.52,2253.21,0,23076.75,29944.2,69.94,2626.31,16383.2,0,0,0,0
2006-01-20 18:00:00,0,2369.1,0,268.91,11130.91,5751.6,6307.77,0,0,1980.84,14529.53,201.98,0,15231.34,1390.92,3915.43,76334.0,0,19991.21,0,0,89025.96,0,0,0,2471.29,2328.21,0,23465.1,29806.7,72.11,2525.46,16553.52,0,0,0,0
2006-01-20 19:00:00,0,2501.56,0,292.38,11597.92,5922.15,6874.78,0,0,2169.35,14957.59,220.13,0,15081.95,1494.67,3898.09,74193.84,0,19033.27,0,0,90410.17,0,0,0,2637.29,2690.28,0,24140.57,29407.12,71.05,2646.82,16532.44,0,0,0,0
2006-01-20 20:00:00,0,2592.88,0,284.34,11745.58,5772.88,6732.2,0,0,2036.46,14014.37,213.83,0,14433.13,1428.79,3833.34,73854.6,0,18553.91,0,0,88119.51,0,0,0,2640.39,2667.0,0,24622.18,30051.8,70.3,2487.1,17066.4,0,0,0,0
2006-01-20 21:00:00,0,2682.26,0,279.99,11728.5,5597.67,6562.98,0,0,1915.27,13153.19,210.55,0,13834.68,1362.73,3742.41,73556.66,0,18005.53,0,0,85828.12,0,0,0,2651.41,2646.32,0,24637.71,30063.86,68.92,2328.72,17567.27,0,0,0,0
2006-01-20 22:00:00,0,2717.9,0,268.8,11169.21,5201.17,6363.47,0,0,1801.27,12345.68,198.37,0,13197.5,1297.88,3592.25,71984.84,0,17182.32,0,0,83523.41,0,0,0,2520.91,2563.05,0,23453.69,29838.92,67.75,2194.43,16885.28,0,0,0,0
2006-01-20 23:00:00,0,2642.38,0,257.77,10697.5,4787.22,6146.04,0,0,1683.29,11553.53,183.14,0,12474.64,1228.85,3480.77,69611.14,0,16305.59,0,0,80845.99,0,0,0,2412.55,2471.46,0,22278.86,29317.2,66.48,2062.94,16115.35,0,0,0,0
2006-01-21 00:00:00,0,2526.04,0,242.23,10276.33,4392.94,5912.03,0,0,1566.96,10762.56,170.36,0,11795.18,1159.13,3370.37,67446.03,0,15497.8,0,0,77977.68,0,0,0,2312.58,2373.44,0,21215.27,28582.4,65.22,1938.78,15286.29,0,0,0,0
2006-01-21 01:00:00,0,2439.56,0,225.78,9871.89,4067.4,5690.18,0,0,1466.11,10006.58,159.62,0,11392.46,1099.25,3271.66,65078.74,0,14758.65,0,0,75251.99,0,0,0,2230.41,2294.79,0,20333.8,27912.16,63.42,1816.22,14516.71,0,0,0,0
2006-01-21 02:00:00,0,2406.79,0,214.75,9641.78,3815.36,5545.34,0,0,1378.16,9339.55,152.88,0,11280.64,1040.69,3196.29,63461.55,0,14237.58,0,0,72689.94,0,0,0,2189.44,2261.57,0,19788.94,27431.45,62.48,1706.23,13801.44,0,0,0,0
2006-01-21 03:00:00,0,2408.45,0,208.46,9530.48,3622.17,5368.37,0,0,1311.03,8918.79,148.02,0,11212.69,1010.72,3120.82,62304.98,0,13934.51,0,0,71432.49,0,0,0,2172.76,2256.43,0,19309.67,27037.56,62.92,1650.64,13545.16,0,0,0,0
2006-01-21 04:00:00,0,2471.12,0,207.37,9522.62,3570.65,5287.31,0,0,1291.21,8956.49,144.24,0,11266.25,1004.83,3075.7,62352.13,0,13869.27,0,0,71549.83,0,0,0,2190.34,2288.25,0,19305.42,27065.23,66.25,1620.18,13345.38,0,0,0,0
2006-01-21 05:00:00,0,2580.27,0,210.75,9752.79,3614.37,5450.74,0,0,1307.1,9027.94,146.14,0,11361.16,1019.41,3079.74,63046.96,0,13981.7,0,0,72954.6,0,0,0,2245.46,2323.28,0,19635.84,27520.57,69.99,1644.17,13327.84,0,0,0,0
2006-01-21 06:00:00,0,2673.7,0,216.14,10103.38,3735.04,5704.91,0,0,1339.66,9228.53,149.33,0,11594.65,1041.41,3159.55,64487.22,0,14366.06,0,0,74322.86,0,0,0,2306.35,2343.18,0,20086.81,28008.19,71.79,1684.68,13814.16,0,0,0,0
2006-01-21 07:00:00,0,2749.73,0,219.54,10390.56,3878.99,5896.01,0,0,1388.44,9559.79,152.19,0,11852.7,1076.05,3238.59,66151.3,0,14769.86,0,0,75564.14,0,0,0,2343.63,2347.39,0,20468.48,28461.65,73.35,1719.81,14196.66,0,0,0,0
2006-01-21 08:00:00,0,2819.05,0,226.5,10709.86,4196.22,6071.33,0,0,1483.6,10283.82,156.65,0,12290.74,1129.44,3332.55,67611.8,0,15463.5,0,0,77534.47,0,0,0,2362.9,2361.17,0,20901.56,28919.71,75.21,1792.69,14566.46,0,0,0,0
2006-01-21 09:00:00,0,2915.63,0,238.04,10864.68,4563.29,6059.72,0,0,1582.74,11624.15,166.19,0,12717.65,1201.86,3452.12,69533.11,0,16060.29,0,0,79459.13,0,0,0,2362.03,2343.62,0,21329.51,29432.35,76.57,1938.06,15305.29,0,0,0,0
2006-01-21 10:00:00,0,2866.43,0,240.45,10926.43,4872.4,5878.4,0,0,1688.01,12737.56,170.97,0,12827.35,1202.74,3577.03,71565.26,0,16310.01,0,0,79964.88,0,0,0,2277.39,2246.42,0,21589.54,29678.87,77.0,2052.89,15960.97,0,0,0,0
2006-01-21 11:00:00,0,2680.54,0,248.11,10804.85,5151.79,5806.67,0,0,1777.85,13623.92,176.1,0,12783.23,1244.68,3734.26,72571.26,0,16365.38,0,0,80233.84,0,0,0,2272.21,2220.96,0,21775.66,29096.61,75.46,2181.46,16228.55,0,0,0,0
2006-01-21 12:00:00,0,2521.53,0,260.15,10625.33,5530.56,5740.62,0,0,1862.1,14357.95,187.03,0,12645.29,1323.85,3835.59,72758.37,0,16532.92,0,0,80252.11,0,0,0,2283.17,2215.5,0,21876.31,28445.41,73.32,2316.82,16368.06,0,0,0,0
2006-01-21 13:00:00,0,2375.67,0,270.45,10417.11,5846.33,5689.39,0,0,1930.68,15067.73,198.1,0,12730.8,1387.78,3872.31,72138.53,0,16754.36,0,0,79711.84,0,0,0,2299.28,2225.55,0,21947.47,27662.67,71.14,2420.81,16357.18,0,0,0,0
2006-01-21 14:00:00,0,2270.01,0,271.34,10242.69,6056.44,5681.78,0,0,1964.25,15456.21,209.32,0,13021.35,1429.04,3839.39,71267.59,0,16765.09,0,0,79163.13,0,0,0,2356.96,2262.25,0,22019.06,27105.56,69.58,2468.52,16303.65,0,0,0,0
2006-01-21 15:00:00,0,2203.72,0,279.62,10125.44,6199.7,5699.59,0,0,1976.9,15641.12,219.36,0,13265.78,1441.1,3761.6,70502.21,0,17634.49,0,0,79484.56,0,0,0,2400.91,2295.45,0,22135.0,26752.02,68.44,2498.46,16307.57,0,0,0,0
2006-01-21 16:00:00,0,2171.61,0,284.36,10075.99,6206.05,5723.54,0,0,1954.89,15531.2,221.43,0,13413.56,1408.67,3717.09,69917.11,0,17709.36,0,0,80342.6,0,0,0,2422.23,2285.16,0,22156.19,26576.48,66.61,2503.03,16234.31,0,0,0,0
2006-01-21 17:00:00,0,2138.65,0,278.77,10027.61,5989.11,5760.55,0,0,1917.2,15272.15,221.1,0,13694.87,1361.72,3688.85,69456.34,0,18022.6,0,0,80756.48,0,0,0,2407.5,2297.82,0,22141.66,26400.25,64.56,2439.52,16182.34,0,0,0,0
2006-01-21 18:00:00,0,2230.81,0,258.9,10158.9,5582.07,5813.21,0,0,1826.05,14575.13,213.4,0,13822.57,1298.11,3808.78,69406.26,0,17824.42,0,0,81902.55,0,0,0,2393.6,2338.02,0,22061.55,26250.11,64.78,2344.77,16058.22,0,0,0,0
2006-01-21 19:00:00,0,2492.76,0,318.78,11189.45,6168.41,6686.38,0,0,2221.59,15426.86,252.39,0,15215.03,1544.67,4144.38,76098.55,0,19137.86,0,0,91267.29,0,0,0,2651.05,2626.33,0,23222.96,29478.45,77.49,2614.35,17439.05,0,0,0,0
2006-01-21 20:00:00,0,2619.0,0,306.46,11288.13,5982.11,6416.69,0,0,2073.6,14360.3,237.56,0,14987.1,1460.36,4098.57,75986.24,0,18990.68,0,0,90039.58,0,0,0,2609.03,2559.03,0,23706.55,30031.1,77.2,2452.22,17845.51,0,0,0,0
2006-01-21 21:00:00,0,2739.81,0,295.53,11299.76,5763.03,6168.37,0,0,1952.77,13434.07,225.69,0,14651.87,1380.79,4042.7,75608.07,0,18590.05,0,0,88029.17,0,0,0,2580.94,2472.08,0,23727.89,30152.89,76.67,2315.53,18300.02,0,0,0,0
2006-01-21 22:00:00,0,2763.36,0,278.33,10698.06,5362.35,5923.88,0,0,1837.41,12546.75,208.64,0,14140.26,1297.88,3982.25,74033.89,0,17821.11,0,0,85995.44,0,0,0,2470.64,2362.31,0,22643.37,30012.47,75.89,2184.82,17641.62,0,0,0,0
2006-01-21 23:00:00,0,2684.74,0,258.71,10106.89,4918.94,5680.09,0,0,1716.74,11730.05,192.08,0,13599.36,1216.71,3908.49,71853.16,0,16896.14,0,0,83840.08,0,0,0,2339.67,2250.12,0,21540.33,29386.58,74.88,2052.66,16902.97,0,0,0,0
2006-01-22 00:00:00,0,2590.99,0,241.42,9663.34,4494.76,5442.89,0,0,1597.78,10905.16,177.2,0,13023.05,1118.44,3790.22,69657.17,0,16038.28,0,0,81468.51,0,0,0,2247.1,2153.2,0,20408.17,28670.32,73.8,1929.79,16191.82,0,0,0,0
2006-01-22 01:00:00,0,2514.69,0,221.3,9300.5,4157.09,5215.27,0,0,1485.91,10089.93,164.71,0,12432.41,1034.81,3715.81,67429.47,0,15292.7,0,0,79237.35,0,0,0,2136.33,2057.7,0,19649.62,27901.16,72.83,1802.48,15504.21,0,0,0,0
2006-01-22 02:00:00,0,2481.83,0,207.04,9116.86,3903.14,5026.6,0,0,1390.6,9446.89,154.68,0,12258.03,973.83,3677.8,65841.94,0,14633.23,0,0,77696.81,0,0,0,2055.29,1981.75,0,19211.25,27285.48,72.34,1690.61,15176.07,0,0,0,0
2006-01-22 03:00:00,0,2465.83,0,203.48,9168.08,3686.83,4989.0,0,0,1319.07,9132.53,146.71,0,12286.34,945.85,3636.64,64702.72,0,14370.1,0,0,76661.84,0,0,0,2007.28,1966.93,0,18817.46,26838.85,71.67,1622.88,15002.05,0,0,0,0
2006-01-22 04:00:00,0,2483.78,0,206.83,9245.28,3630.77,5170.45,0,0,1292.91,9076.36,140.56,0,12373.86,953.39,3622.58,63991.39,0,14231.19,0,0,77078.16,0,0,0,2015.11,1976.87,0,18867.59,26768.74,71.09,1599.38,14868.76,0,0,0,0
2006-01-22 05:00:00,0,2532.41,0,211.46,9541.75,3669.09,5513.18,0,0,1304.89,9104.15,140.98,0,12521.1,981.5,3680.05,64483.07,0,14370.01,0,0,78419.52,0,0,0,2057.84,2024.31,0,19187.29,27107.49,70.92,1625.47,15037.32,0,0,0,0
2006-01-22 06:00:00,0,2589.94,0,215.85,9991.8,3783.55,5862.59,0,0,1333.6,9236.47,144.6,0,12675.45,1016.39,3773.9,65371.18,0,14697.54,0,0,79892.08,0,0,0,2107.14,2073.98,0,19635.13,27515.42,71.53,1667.23,15307.37,0,0,0,0
2006-01-22 07:00:00,0,2641.33,0,220.63,10568.89,3936.37,6279.62,0,0,1383.51,9554.59,147.83,0,12845.35,1050.93,3906.98,66386.57,0,15168.38,0,0,81424.87,0,0,0,2156.51,2136.31,0,20051.86,27943.01,72.39,1708.9,15692.13,0,0,0,0
2006-01-22 08:00:00,0,2694.15,0,223.27,11188.16,4207.02,6643.55,0,0,1483.34,10219.1,153.92,0,13324.54,1096.73,4028.04,67396.2,0,15780.8,0,0,83666.7,0,0,0,2225.4,2234.26,0,20455.6,28400.41,73.36,1780.83,16067.2,0,0,0,0
2006-01-22 09:00:00,0,2749.5,0,229.52,11782.12,4582.37,6931.12,0,0,1581.93,11350.34,164.67,0,13826.89,1165.42,4129.38,69245.27,0,16579.67,0,0,85267.79,0,0,0,2287.11,2340.64,0,21097.04,28818.28,74.4,1949.57,16700.26,0,0,0,0
2006-01-22 10:00:00,0,2741.76,0,243.65,12048.9,4887.71,7241.94,0,0,1693.47,12713.35,170.91,0,13941.09,1217.93,4200.05,71346.07,0,17195.8,0,0,85101.48,0,0,0,2350.21,2432.77,0,21504.24,29282.02,74.31,2070.51,16957.87,0,0,0,0
2006-01-22 11:00:00,0,2661.96,0,253.41,12096.2,5135.36,7305.22,0,0,1785.23,13743.58,173.94,0,13883.55,1244.95,4225.01,72240.97,0,17358.69,0,0,85012.36,0,0,0,2410.72,2515.56,0,21834.11,29341.22,73.97,2179.6,16840.41,0,0,0,0
2006-01-22 12:00:00,0,2599.57,0,257.79,12056.97,5439.94,7220.05,0,0,1866.79,14597.93,181.83,0,13800.94,1280.53,4212.6,72442.54,0,17312.45,0,0,84368.18,0,0,0,2468.96,2580.3,0,22079.5,29172.65,73.43,2308.45,16664.2,0,0,0,0
2006-01-22 13:00:00,0,2538.06,0,276.06,12012.26,5752.68,7097.74,0,0,1947.74,15178.17,195.7,0,13709.65,1345.38,4183.27,72557.77,0,17274.39,0,0,84358.39,0,0,0,2514.53,2603.37,0,22296.78,28799.35,72.87,2432.96,16600.11,0,0,0,0
2006-01-22 14:00:00,0,2474.53,0,286.4,12029.52,5972.37,6952.04,0,0,1974.83,15441.45,203.93,0,13583.42,1369.86,4147.99,72493.9,0,17262.15,0,0,84056.55,0,0,0,2542.35,2613.23,0,22462.74,28341.58,71.63,2519.64,16620.34,0,0,0,0
2006-01-22 15:00:00,0,2438.02,0,291.37,12133.64,6083.05,6872.82,0,0,1945.45,15367.31,208.23,0,13579.85,1355.13,4120.99,72343.51,0,17471.09,0,0,84452.28,0,0,0,2579.89,2632.3,0,22548.37,28046.91,70.57,2572.32,16660.19,0,0,0,0
2006-01-22 16:00:00,0,2431.51,0,291.19,12161.85,6138.86,6902.42,0,0,1890.33,15067.21,210.1,0,14019.76,1330.15,4096.71,71654.61,0,17708.65,0,0,85397.37,0,0,0,2613.75,2653.23,0,22612.69,27862.79,69.66,2593.19,16668.58,0,0,0,0
2006-01-22 17:00:00,0,2423.61,0,282.08,12168.84,5988.44,6912.67,0,0,1864.2,14726.66,208.29,0,14925.0,1293.61,4091.03,71436.71,0,18568.54,0,0,87551.75,0,0,0,2644.82,2682.3,0,22595.54,27493.26,69.27,2581.95,16692.22,0,0,0,0
2006-01-22 18:00:00,0,2468.72,0,258.49,12215.2,5660.62,6932.86,0,0,1819.01,14385.56,203.33,0,15374.92,1286.76,4110.32,71705.9,0,18996.36,0,0,89311.04,0,0,0,2681.04,2724.21,0,22794.2,27306.87,69.64,2459.7,16689.68,0,0,0,0
2006-01-22 19:00:00,0,2737.28,0,335.69,14048.47,6780.17,8036.54,0,0,2346.39,16100.88,255.48,0,17828.66,1586.85,4736.82,81570.11,0,21431.81,0,0,102365.22,0,0,0,2950.79,2954.55,0,25414.99,31044.3,85.92,2944.88,18827.59,0,0,0,0
2006-01-22 20:00:00,0,2833.88,0,320.58,14103.18,6530.43,7705.57,0,0,2195.76,15179.58,245.66,0,16915.6,1496.42,4597.21,81107.57,0,20847.98,0,0,99240.19,0,0,0,2945.56,2925.31,0,25823.95,31949.2,85.19,2739.83,19149.67,0,0,0,0
2006-01-22 21:00:00,0,2915.96,0,303.78,13926.42,6207.18,7395.16,0,0,2051.35,14347.35,235.35,0,15994.43,1405.13,4462.53,80432.92,0,20194.64,0,0,96054.31,0,0,0,2945.78,2879.31,0,25804.82,32775.86,84.19,2553.87,19224.66,0,0,0,0
2006-01-22 22:00:00,0,2883.11,0,277.28,13268.89,5666.44,7060.84,0,0,1927.73,13479.47,215.51,0,15050.75,1318.02,4313.96,78151.06,0,19092.48,0,0,92575.22,0,0,0,2818.61,2759.36,0,24796.09,32167.74,83.27,2366.68,18365.24,0,0,0,0
2006-01-22 23:00:00,0,2795.01,0,263.1,12579.32,5144.29,6673.94,0,0,1804.08,12485.16,199.59,0,14143.68,1228.24,4156.62,75593.48,0,17918.9,0,0,88999.45,0,0,0,2659.28,2639.02,0,23694.33,31131.74,82.09,2180.89,17483.11,0,0,0,0
2006-01-23 00:00:00,0,2687.35,0,244.18,11922.23,4649.89,6311.71,0,0,1670.13,11492.62,181.41,0,13244.15,1141.34,4015.43,73019.61,0,16785.5,0,0,85519.59,0,0,0,2512.03,2521.88,0,22574.91,30066.1,81.28,2021.75,16685.2,0,0,0,0
2006-01-23 01:00:00,0,2590.4,0,228.16,11325.54,4195.68,5991.45,0,0,1549.85,10535.16,162.38,0,12622.82,1060.8,3860.98,70460.25,0,15770.12,0,0,82265.43,0,0,0,2400.66,2425.84,0,21570.7,28997.44,80.5,1893.44,15920.82,0,0,0,0
2006-01-23 02:00:00,0,2544.38,0,212.8,11011.71,3863.74,5878.38,0,0,1454.89,9686.91,147.27,0,12332.96,1017.58,3752.68,68250.4,0,14961.57,0,0,79527.25,0,0,0,2371.44,2409.81,0,20892.1,28212.17,79.57,1768.69,15296.6,0,0,0,0
2006-01-23 03:00:00,0,2586.19,0,202.83,11155.32,3718.76,5894.7,0,0,1400.8,9367.38,142.98,0,12403.96,1044.25,3713.14,67668.13,0,14717.5,0,0,79134.03,0,0,0,2400.45,2450.84,0,20859.99,27965.02,79.9,1710.04,15129.6,0,0,0,0
2006-01-23 04:00:00,0,2675.4,0,208.75,11435.27,3835.85,6135.03,0,0,1416.91,9496.78,147.89,0,12731.37,1077.3,3817.06,68587.25,0,15145.16,0,0,80432.69,0,0,0,2495.17,2523.33,0,21250.6,28343.44,81.94,1745.33,15405.4,0,0,0,0
2006-01-23 05:00:00,0,2766.89,0,217.45,11880.1,4023.68,6354.59,0,0,1449.28,9796.81,154.66,0,13065.1,1113.17,3924.8,70198.11,0,15620.2,0,0,82612.43,0,0,0,2584.24,2583.89,0,21633.09,29204.74,84.66,1786.27,15869.64,0,0,0,0
2006-01-23 06:00:00,0,2861.1,0,226.85,12320.48,4217.66,6575.91,0,0,1486.82,10114.03,162.35,0,13406.43,1146.8,4065.08,71881.69,0,16168.26,0,0,85099.39,0,0,0,2681.67,2655.78,0,22019.13,30121.09,87.26,1831.6,16310.11,0,0,0,0
2006-01-23 07:00:00,0,2949.61,0,234.91,12744.54,4410.15,6843.2,0,0,1534.96,10404.75,166.83,0,13699.91,1189.46,4177.01,73687.29,0,16817.06,0,0,87607.37,0,0,0,2766.83,2691.29,0,22372.13,31010.85,89.76,1881.03,16831.51,0,0,0,0
2006-01-23 08:00:00,0,3039.16,0,250.47,13184.39,4785.11,7109.58,0,0,1694.13,11362.85,178.22,0,14556.42,1264.9,4284.57,75409.92,0,17987.12,0,0,90592.23,0,0,0,2845.15,2722.84,0,22946.52,31897.54,92.33,2010.67,17425.75,0,0,0,0
2006-01-23 09:00:00,0,3148.49,0,274.65,13577.84,5093.64,7183.42,0,0,1803.05,12504.76,184.86,0,15202.76,1273.35,4426.49,78832.69,0,19063.05,0,0,93534.12,0,0,0,2832.94,2660.64,0,23885.12,32995.46,94.54,2164.87,18040.0,0,0,0,0
2006-01-23 10:00:00,0,3113.0,0,282.77,13554.09,5284.93,7129.04,0,0,1830.82,13260.78,186.0,0,15440.02,1277.25,4520.14,80868.79,0,19477.95,0,0,94113.99,0,0,0,2788.94,2576.13,0,23978.51,33525.26,94.27,2242.94,18560.77,0,0,0,0
2006-01-23 11:00:00,0,2987.35,0,275.49,13273.56,5464.02,6996.51,0,0,1876.54,13832.54,192.95,0,15544.57,1289.68,4534.06,80469.41,0,19611.4,0,0,93809.01,0,0,0,2754.42,2496.79,0,23882.76,32840.96,91.82,2292.79,18664.01,0,0,0,0
2006-01-23 12:00:00,0,2870.06,0,285.49,13015.07,5745.83,6819.89,0,0,1941.99,14396.96,202.53,0,15702.13,1312.37,4491.19,79700.98,0,19830.12,0,0,93256.37,0,0,0,2694.5,2412.89,0,23752.13,32256.23,89.33,2388.1,18549.8,0,0,0,0
2006-01-23 13:00:00,0,2731.05,0,286.45,12718.69,6042.2,6642.25,0,0,2010.61,14978.12,213.07,0,15781.93,1365.36,4419.27,78724.29,0,19898.8,0,0,92304.74,0,0,0,2613.57,2332.95,0,23644.41,31444.91,86.59,2501.83,18439.82,0,0,0,0
2006-01-23 14:00:00,0,2585.31,0,291.7,12239.35,6274.2,6447.92,0,0,2066.85,15370.64,223.82,0,15865.68,1410.71,4345.15,77746.86,0,20201.86,0,0,91462.72,0,0,0,2578.79,2314.4,0,23540.18,30583.44,84.34,2591.32,18396.02,0,0,0,0
2006-01-23 15:00:00,0,2447.98,0,295.26,11881.05,6408.02,6309.38,0,0,2094.82,15661.74,233.1,0,16004.48,1425.98,4270.91,76969.56,0,20520.95,0,0,91123.08,0,0,0,2575.47,2318.58,0,23526.59,29798.89,82.53,2635.16,18409.47,0,0,0,0
2006-01-23 16:00:00,0,2336.34,0,295.97,11828.1,6400.01,6302.5,0,0,2114.47,15854.69,234.22,0,16167.46,1424.01,4193.17,76230.51,0,20705.73,0,0,91067.96,0,0,0,2556.01,2321.38,0,23528.73,29037.23,81.12,2637.98,18477.58,0,0,0,0
2006-01-23 17:00:00,0,2284.46,0,292.56,11943.44,6403.57,6337.97,0,0,2119.22,15678.98,228.53,0,16437.33,1401.82,4150.4,75585.35,0,20945.54,0,0,91692.17,0,0,0,2546.56,2318.33,0,23462.47,28399.21,79.61,2607.28,18418.06,0,0,0,0
2006-01-23 18:00:00,0,2367.29,0,284.08,12008.07,6045.49,6384.03,0,0,2033.81,14913.02,216.64,0,16650.38,1382.12,4241.48,76020.66,0,21267.72,0,0,93168.4,0,0,0,2550.72,2374.08,0,23495.92,28214.65,78.77,2534.23,18601.64,0,0,0,0
2006-01-23 19:00:00,0,2662.33,0,321.72,12607.01,6766.47,7362.22,0,0,2336.35,15988.35,262.31,0,17126.66,1612.36,4525.23,79990.51,0,21388.87,0,0,98594.5,0,0,0,2762.88,2578.68,0,24451.41,29899.16,83.86,2881.05,18614.53,0,0,0,0
2006-01-23 20:00:00,0,2787.43,0,310.58,12539.24,6510.15,7010.29,0,0,2158.5,14878.33,252.17,0,16259.48,1509.87,4446.58,79924.67,0,20769.84,0,0,95563.88,0,0,0,2749.96,2510.22,0,24791.67,30888.93,83.32,2691.73,19234.25,0,0,0,0
2006-01-23 21:00:00,0,2876.29,0,299.84,12289.37,6131.99,6671.63,0,0,2006.64,13899.53,239.68,0,15415.83,1421.42,4367.61,79242.75,0,19821.49,0,0,92349.74,0,0,0,2742.03,2410.45,0,24658.21,31748.75,82.57,2508.48,19568.0,0,0,0,0
2006-01-23 22:00:00,0,2817.91,0,278.28,11528.78,5600.07,6292.38,0,0,1863.72,12782.9,218.12,0,14518.86,1333.56,4283.98,76934.46,0,18712.3,0,0,89131.35,0,0,0,2597.58,2276.92,0,23501.78,31151.61,82.08,2351.72,18937.61,0,0,0,0
2006-01-23 23:00:00,0,2697.84,0,259.55,10751.64,5088.37,5927.15,0,0,1732.01,11735.81,199.05,0,13577.38,1244.55,4190.26,74321.29,0,17359.79,0,0,85916.91,0,0,0,2430.78,2157.46,0,22416.58,30055.29,81.41,2171.16,18310.0,0,0,0,0
2006-01-24 00:00:00,0,2575.5,0,240.27,10121.62,4583.64,5570.91,0,0,1593.9,10722.17,179.43,0,12737.25,1140.32,4090.33,71712.84,0,16320.44,0,0,83137.98,0,0,0,2277.52,2046.02,0,21395.09,28901.3,80.7,1970.8,17736.94,0,0,0,0
2006-01-24 01:00:00,0,2460.77,0,222.72,9603.86,4100.78,5299.46,0,0,1463.15,9711.61,159.12,0,12195.45,1041.04,3994.25,68984.26,0,15347.9,0,0,80501.64,0,0,0,2131.27,1952.92,0,20407.99,27771.81,80.01,1789.82,17172.38,0,0,0,0
2006-01-24 02:00:00,0,2407.31,0,207.06,9360.27,3773.51,5121.33,0,0,1349.59,8763.93,146.13,0,11941.78,991.22,3931.22,66397.25,0,14718.72,0,0,78228.36,0,0,0,2072.38,1913.3,0,20023.93,26828.86,79.55,1643.9,16861.53,0,0,0,0
2006-01-24 03:00:00,0,2420.12,0,200.94,9472.57,3713.03,5145.95,0,0,1316.93,8503.04,145.99,0,11971.33,1008.84,3912.74,64442.53,0,14513.69,0,0,77602.97,0,0,0,2063.14,1939.79,0,20218.97,26378.33,79.86,1610.74,17102.48,0,0,0,0
2006-01-24 04:00:00,0,2470.27,0,208.18,9757.06,3861.9,5365.93,0,0,1349.43,8742.99,151.39,0,12347.31,1035.32,4021.02,65159.97,0,14909.58,0,0,79759.85,0,0,0,2117.64,1999.99,0,20885.99,26615.71,81.92,1651.12,17631.63,0,0,0,0
2006-01-24 05:00:00,0,2528.61,0,217.17,10283.52,4053.69,5667.99,0,0,1394.57,9114.19,156.63,0,12892.28,1066.92,4179.09,66710.89,0,15648.98,0,0,82791.41,0,0,0,2204.71,2074.36,0,21641.72,27415.21,84.44,1701.22,18211.61,0,0,0,0
2006-01-24 06:00:00,0,2598.27,0,224.79,10808.97,4250.15,6001.54,0,0,1448.03,9515.42,163.24,0,13461.3,1110.81,4344.09,68476.99,0,16449.53,0,0,86205.6,0,0,0,2297.4,2135.68,0,22415.26,28301.35,86.94,1746.77,18826.0,0,0,0,0
2006-01-24 07:00:00,0,2682.27,0,230.62,11372.0,4442.78,6318.87,0,0,1511.04,9938.21,168.92,0,13984.21,1157.32,4498.36,70262.39,0,17259.72,0,0,89094.19,0,0,0,2391.65,2190.1,0,23195.62,29245.34,88.92,1797.89,19394.54,0,0,0,0
2006-01-24 08:00:00,0,2745.53,0,240.32,12026.36,4731.94,6605.7,0,0,1660.44,10757.55,173.88,0,15324.74,1196.25,4655.56,72219.93,0,19310.38,0,0,94507.66,0,0,0,2465.29,2237.66,0,24114.85,30123.43,90.48,1893.06,20104.69,0,0,0,0
2006-01-24 09:00:00,0,2830.85,0,260.97,12433.95,5070.76,6868.33,0,0,1759.16,11747.41,179.01,0,15290.98,1235.73,4746.59,76331.34,0,20111.0,0,0,95178.02,0,0,0,2518.64,2287.42,0,26156.25,31459.22,91.56,2070.76,21065.97,0,0,0,0
2006-01-24 10:00:00,0,2740.83,0,262.79,12372.65,5233.65,6998.77,0,0,1811.27,12565.68,183.83,0,15015.56,1275.61,4599.74,77871.37,0,19895.86,0,0,92486.99,0,0,0,2546.41,2290.13,0,25893.33,31587.99,89.63,2162.88,20120.42,0,0,0,0
2006-01-24 11:00:00,0,2587.18,0,280.46,12143.49,5383.02,6922.25,0,0,1863.6,13212.53,187.69,0,14735.9,1302.33,4489.55,77501.45,0,19672.58,0,0,89117.58,0,0,0,2532.58,2277.06,0,25181.05,31132.35,86.51,2209.86,19016.07,0,0,0,0
2006-01-24 12:00:00,0,2432.81,0,282.97,11885.08,5520.47,6829.58,0,0,1932.71,13729.04,196.37,0,14552.12,1306.07,4399.17,77189.03,0,19513.18,0,0,86995.82,0,0,0,2505.73,2272.63,0,24450.79,30563.2,83.17,2285.86,18151.23,0,0,0,0
2006-01-24 13:00:00,0,2308.8,0,283.53,11645.59,5685.46,6706.57,0,0,1994.94,14270.71,203.3,0,14494.97,1311.69,4303.69,76648.14,0,19460.23,0,0,86231.15,0,0,0,2481.44,2263.39,0,23901.58,30018.22,79.55,2364.09,17479.06,0,0,0,0
2006-01-24 14:00:00,0,2227.15,0,284.74,11346.57,5785.43,6520.08,0,0,2050.32,14769.77,212.31,0,14436.11,1328.56,4208.0,76241.08,0,19373.67,0,0,85453.61,0,0,0,2457.96,2239.3,0,23409.91,29578.37,76.51,2412.05,17161.83,0,0,0,0
2006-01-24 15:00:00,0,2160.16,0,286.4,10956.92,5908.95,6360.39,0,0,2079.98,15141.44,206.73,0,14434.47,1331.05,4114.05,75591.51,0,19297.1,0,0,84973.83,0,0,0,2444.34,2231.17,0,23069.46,29159.68,74.0,2442.61,16953.96,0,0,0,0
2006-01-24 16:00:00,0,2112.2,0,285.21,10741.65,5993.45,6222.05,0,0,2102.73,15397.8,203.16,0,14755.03,1334.74,4030.85,74996.87,0,19351.6,0,0,85489.87,0,0,0,2437.61,2225.06,0,22943.35,28678.31,72.32,2476.84,16749.37,0,0,0,0
2006-01-24 17:00:00,0,2070.73,0,284.71,10745.58,6034.62,6360.49,0,0,2106.35,15317.3,204.6,0,15767.1,1353.61,4002.9,74013.71,0,20227.75,0,0,89523.89,0,0,0,2444.99,2256.75,0,22868.52,27932.1,70.91,2496.02,16609.64,0,0,0,0
2006-01-24 18:00:00,0,2067.73,0,281.66,10981.44,5863.46,6594.05,0,0,2044.2,14750.29,204.86,0,16144.41,1360.08,4026.29,74628.03,0,20845.99,0,0,91887.44,0,0,0,2474.48,2308.91,0,22782.88,27703.77,71.58,2463.43,17010.78,0,0,0,0
2006-01-24 19:00:00,0,2558.42,0,328.44,12248.23,6607.13,7389.14,0,0,2326.15,15939.0,242.61,0,17410.8,1591.61,4385.65,80855.37,0,21316.95,0,0,100837.73,0,0,0,2750.24,2649.26,0,25322.42,30084.42,79.54,2818.22,18468.23,0,0,0,0
2006-01-24 20:00:00,0,2667.85,0,323.53,12347.65,6356.38,7132.16,0,0,2153.34,14671.22,234.39,0,16602.62,1504.48,4329.06,81051.91,0,20805.47,0,0,97900.66,0,0,0,2767.97,2637.3,0,25898.33,30942.37,79.11,2628.42,18976.03,0,0,0,0
2006-01-24 21:00:00,0,2771.17,0,319.03,12222.91,6022.53,6847.26,0,0,2007.89,13608.17,228.48,0,15738.52,1429.58,4290.65,80576.34,0,20008.72,0,0,94730.67,0,0,0,2697.7,2616.94,0,25976.79,31800.31,77.76,2469.29,19145.81,0,0,0,0
2006-01-24 22:00:00,0,2747.1,0,300.88,11639.62,5465.33,6551.33,0,0,1870.57,12560.95,213.34,0,14859.94,1373.01,4260.76,78684.65,0,18877.05,0,0,91473.61,0,0,0,2572.85,2548.49,0,24989.94,31349.83,77.69,2289.06,18671.62,0,0,0,0
2006-01-24 23:00:00,0,2664.1,0,281.47,11067.49,4929.38,6232.01,0,0,1730.2,11594.77,198.68,0,13990.45,1331.19,4236.24,76597.38,0,17762.67,0,0,88476.09,0,0,0,2479.82,2476.37,0,24029.19,30477.47,77.09,2083.73,17950.47,0,0,0,0
2006-01-25 00:00:00,0,2573.6,0,263.65,10565.4,4442.78,5923.5,0,0,1592.76,10639.11,184.78,0,13091.18,1293.94,4202.93,74566.98,0,16781.17,0,0,85289.49,0,0,0,2391.27,2405.56,0,23129.73,29442.04,76.91,1904.62,17260.26,0,0,0,0
2006-01-25 01:00:00,0,2484.17,0,250.74,10171.97,3953.88,5686.56,0,0,1462.67,9664.08,170.36,0,12617.06,1254.47,4150.54,72172.71,0,15782.73,0,0,81957.78,0,0,0,2305.82,2357.8,0,22197.54,28389.83,77.53,1752.83,16714.81,0,0,0,0
2006-01-25 02:00:00,0,2477.62,0,236.0,10154.89,3592.75,5552.75,0,0,1356.36,8721.25,159.45,0,12367.87,1227.69,4075.29,69847.37,0,15193.61,0,0,78872.34,0,0,0,2267.75,2336.64,0,21513.28,27559.04,79.03,1640.18,16395.7,0,0,0,0
2006-01-25 03:00:00,0,2562.56,0,232.7,10281.31,3594.88,5664.43,0,0,1316.21,8598.2,155.57,0,12349.76,1237.01,4039.42,68060.59,0,14704.2,0,0,76775.19,0,0,0,2304.23,2445.99,0,21432.93,27456.55,80.89,1607.52,16439.01,0,0,0,0
2006-01-25 04:00:00,0,2680.19,0,249.24,10856.66,3873.34,5995.22,0,0,1357.53,8910.47,160.83,0,12641.44,1321.21,4140.32,68905.51,0,14981.07,0,0,76941.41,0,0,0,2431.54,2566.88,0,22181.97,27993.79,84.3,1666.0,17305.55,0,0,0,0
2006-01-25 05:00:00,0,2792.55,0,260.23,11623.91,4214.38,6387.96,0,0,1445.51,9364.54,174.74,0,12994.6,1433.31,4311.4,70800.01,0,15564.86,0,0,79151.12,0,0,0,2559.41,2691.4,0,23196.69,28979.31,87.58,1756.84,18180.1,0,0,0,0
2006-01-25 06:00:00,0,2908.6,0,266.61,12696.67,4597.42,6899.0,0,0,1560.42,9834.75,192.97,0,13352.14,1526.33,4512.55,72763.22,0,16093.91,0,0,82432.63,0,0,0,2676.9,2816.25,0,24343.76,30026.71,90.25,1863.29,19002.34,0,0,0,0
2006-01-25 07:00:00,0,3027.34,0,285.97,13719.75,5117.25,7457.54,0,0,1674.63,10313.58,207.31,0,13731.62,1568.68,4708.53,74697.59,0,16668.66,0,0,86176.89,0,0,0,2795.32,2934.55,0,25626.88,31020.15,92.83,1972.7,19700.31,0,0,0,0
2006-01-25 08:00:00,0,3133.43,0,310.92,14885.14,5737.2,7864.26,0,0,1847.67,11356.82,221.42,0,14825.6,1695.77,4883.92,76539.37,0,18847.03,0,0,92469.31,0,0,0,3023.67,3066.04,0,27243.72,31974.17,95.28,2187.55,20397.43,0,0,0,0
2006-01-25 09:00:00,0,3241.24,0,331.77,14431.16,6106.29,7718.07,0,0,1938.39,12152.24,219.6,0,15077.21,1685.71,5142.87,81102.08,0,19243.72,0,0,95478.5,0,0,0,3032.51,3008.08,0,28520.99,33175.17,97.03,2298.15,21635.86,0,0,0,0
2006-01-25 10:00:00,0,3151.01,0,329.55,13808.11,5918.05,7504.34,0,0,1926.5,12580.53,210.82,0,15067.37,1625.94,5240.38,82778.86,0,19398.07,0,0,95651.76,0,0,0,2906.41,2864.08,0,27719.72,33085.28,96.99,2231.41,21459.14,0,0,0,0
2006-01-25 11:00:00,0,2974.27,0,319.58,13166.03,5643.69,7173.8,0,0,1899.44,12719.56,204.69,0,14897.79,1552.6,5254.82,82279.36,0,19548.22,0,0,96227.27,0,0,0,2796.23,2704.99,0,27103.68,32363.54,94.34,2158.05,20951.76,0,0,0,0
2006-01-25 12:00:00,0,2783.5,0,311.57,12581.66,5341.67,6826.66,0,0,1861.86,12621.77,196.39,0,14930.12,1465.01,5210.01,81589.29,0,19710.91,0,0,95472.23,0,0,0,2704.97,2550.73,0,26357.39,31586.1,90.82,2085.41,20262.11,0,0,0,0
2006-01-25 13:00:00,0,2604.86,0,304.77,12152.5,5166.64,6591.5,0,0,1811.45,12498.51,189.7,0,14961.17,1395.52,5140.4,80658.78,0,19833.08,0,0,94701.3,0,0,0,2631.34,2435.89,0,25621.88,30882.98,87.81,2056.95,19549.55,0,0,0,0
2006-01-25 14:00:00,0,2454.38,0,297.77,11878.01,5066.83,6455.34,0,0,1778.66,12198.83,185.64,0,14885.21,1356.42,5003.35,79596.54,0,19997.53,0,0,93563.57,0,0,0,2578.46,2366.36,0,25050.5,30188.69,85.42,2050.53,19002.81,0,0,0,0
2006-01-25 15:00:00,0,2344.54,0,291.64,11717.84,4971.54,6396.14,0,0,1748.1,12019.63,183.56,0,14792.83,1332.38,4876.79,78678.01,0,20015.09,0,0,93292.47,0,0,0,2541.88,2343.67,0,24663.34,29471.55,83.36,2041.44,18750.59,0,0,0,0
2006-01-25 16:00:00,0,2261.37,0,290.34,11920.42,4980.83,6568.93,0,0,1705.86,11883.52,186.21,0,15037.39,1309.84,4761.17,77883.61,0,20244.01,0,0,94126.78,0,0,0,2517.33,2391.39,0,24488.93,28900.33,81.98,2065.14,18646.58,0,0,0,0
2006-01-25 17:00:00,0,2217.39,0,296.35,12398.32,5039.52,6945.39,0,0,1716.43,12020.79,187.97,0,15705.41,1312.5,4698.07,77331.49,0,20647.71,0,0,95565.01,0,0,0,2531.94,2484.86,0,24400.14,28199.77,80.75,2098.82,18612.25,0,0,0,0
2006-01-25 18:00:00,0,2343.91,0,295.18,13003.52,5258.08,7356.81,0,0,1770.41,11599.68,194.18,0,16015.74,1384.43,4771.62,78251.02,0,21000.53,0,0,97099.1,0,0,0,2643.77,2562.55,0,24469.68,27927.25,80.09,2116.82,19433.75,0,0,0,0
2006-01-25 19:00:00,0,2673.8,0,356.22,14494.72,6458.41,8544.48,0,0,2212.25,14066.62,247.36,0,17340.59,1773.58,5088.41,82237.36,0,21935.37,0,0,106674.74,0,0,0,3014.12,3029.01,0,28093.09,30299.0,86.85,2637.27,21209.14,0,0,0,0
2006-01-25 20:00:00,0,2803.64,0,353.43,14848.63,6516.42,8456.79,0,0,2169.44,13561.86,247.08,0,16451.03,1751.09,4999.15,82367.71,0,21412.99,0,0,103342.56,0,0,0,3067.12,3105.11,0,29016.48,31273.83,86.6,2500.02,21923.96,0,0,0,0
2006-01-25 21:00:00,0,2910.66,0,346.68,14750.62,6524.76,8367.58,0,0,2121.46,13094.03,246.81,0,15585.62,1698.99,4907.1,81549.1,0,20650.44,0,0,99771.67,0,0,0,3073.52,3120.65,0,29164.53,32194.5,86.19,2395.9,22225.38,0,0,0,0
2006-01-25 22:00:00,0,2887.34,0,329.17,14285.0,6333.81,8250.66,0,0,2064.16,12465.08,240.85,0,14788.93,1641.45,4795.6,79399.86,0,19652.92,0,0,96423.75,0,0,0,3011.49,3099.4,0,28494.87,31822.84,85.94,2322.42,21943.79,0,0,0,0
2006-01-25 23:00:00,0,2789.91,0,312.0,13787.78,6085.6,8085.05,0,0,1994.95,11816.38,233.17,0,14021.13,1609.97,4681.85,76986.43,0,18784.29,0,0,93244.53,0,0,0,2965.11,3096.67,0,27805.28,30845.61,85.35,2295.85,21332.55,0,0,0,0
2006-01-26 00:00:00,0,2684.54,0,295.02,13234.38,5854.64,7883.63,0,0,1911.4,11143.19,223.94,0,13227.8,1629.69,4575.74,74570.97,0,18012.03,0,0,90134.01,0,0,0,2949.21,3103.46,0,27204.93,29784.23,84.49,2256.9,20702.11,0,0,0,0
2006-01-26 01:00:00,0,2574.25,0,283.42,12831.6,5681.5,7660.34,0,0,1822.99,10474.45,215.85,0,12516.7,1692.68,4460.71,72089.3,0,17119.76,0,0,86934.14,0,0,0,2971.81,3156.26,0,26720.35,28638.63,83.6,2204.54,20141.42,0,0,0,0
2006-01-26 02:00:00,0,2525.19,0,282.21,12682.54,5597.71,7551.77,0,0,1761.72,10025.44,218.24,0,12377.61,1764.79,4374.96,69955.85,0,16304.52,0,0,84070.77,0,0,0,3014.44,3284.93,0,26561.14,27532.5,82.79,2170.51,19870.81,0,0,0,0
2006-01-26 03:00:00,0,2546.99,0,293.23,12861.26,5869.43,7668.1,0,0,1795.87,10523.5,233.84,0,12548.87,1849.15,4353.13,69261.03,0,16056.36,0,0,82759.18,0,0,0,3122.37,3404.58,0,27089.84,27050.59,83.19,2176.95,19830.34,0,0,0,0
2006-01-26 04:00:00,0,2611.44,0,314.98,13502.71,6361.71,8042.23,0,0,1908.04,11202.85,253.98,0,12827.54,1920.01,4431.73,70659.33,0,16287.29,0,0,84685.38,0,0,0,3237.74,3508.23,0,27837.35,27240.71,85.1,2313.15,20238.31,0,0,0,0
2006-01-26 05:00:00,0,2682.18,0,331.12,14080.12,6928.21,8431.8,0,0,2022.78,11899.67,271.37,0,13169.49,1990.64,4566.13,72317.47,0,16918.41,0,0,87661.05,0,0,0,3350.36,3588.69,0,28654.34,27948.34,87.49,2475.15,20737.18,0,0,0,0
2006-01-26 06:00:00,0,2763.82,0,349.94,14626.56,7489.67,8757.78,0,0,2138.32,12586.7,291.22,0,13516.78,2051.04,4717.99,74196.8,0,17574.3,0,0,90478.63,0,0,0,3446.09,3658.15,0,29403.0,28794.87,89.71,2644.41,21217.06,0,0,0,0
2006-01-26 07:00:00,0,2845.56,0,377.24,15184.63,8005.64,9080.98,0,0,2234.36,13264.52,303.15,0,13958.95,2121.43,4876.73,76219.09,0,18233.74,0,0,93513.54,0,0,0,3522.72,3717.47,0,30086.82,29641.51,91.82,2816.38,21735.38,0,0,0,0
2006-01-26 08:00:00,0,2920.14,0,430.51,16158.54,8403.54,9378.78,0,0,2326.74,14219.89,307.76,0,15536.32,2224.67,5037.35,77823.14,0,20444.16,0,0,99627.81,0,0,0,3669.32,3782.59,0,31226.24,30483.8,93.5,3003.96,22202.86,0,0,0,0
2006-01-26 09:00:00,0,3008.08,0,431.57,15490.3,8041.96,9047.51,0,0,2203.82,13833.15,291.14,0,15995.16,2109.86,5157.47,81967.31,0,21132.04,0,0,101442.89,0,0,0,3512.98,3559.48,0,31815.23,31615.4,94.5,3027.23,22689.87,0,0,0,0
2006-01-26 10:00:00,0,2835.91,0,404.9,14520.91,7037.04,8388.02,0,0,2037.36,13310.68,265.04,0,15926.52,1875.84,4991.5,82082.25,0,21200.23,0,0,99100.07,0,0,0,3239.85,3238.43,0,30387.24,31583.01,92.29,2781.06,21812.51,0,0,0,0
2006-01-26 11:00:00,0,2626.04,0,385.05,13754.29,6372.68,7760.83,0,0,1957.0,13181.2,235.33,0,15768.11,1685.24,4768.71,80383.51,0,21157.07,0,0,96525.04,0,0,0,3011.78,2953.6,0,29223.06,31240.65,88.63,2480.08,20833.64,0,0,0,0
2006-01-26 12:00:00,0,2446.11,0,359.21,13167.74,6046.23,7297.26,0,0,1920.67,13259.29,214.48,0,15643.29,1612.73,4625.39,78779.3,0,21060.01,0,0,94519.23,0,0,0,2856.03,2741.37,0,27999.41,30818.65,85.15,2307.02,20059.24,0,0,0,0
2006-01-26 13:00:00,0,2313.86,0,339.23,12723.67,5838.79,6988.03,0,0,1904.84,13219.32,204.71,0,15520.51,1574.42,4527.44,77624.13,0,20951.03,0,0,93117.46,0,0,0,2728.76,2591.58,0,27010.7,30438.7,82.69,2222.97,19310.89,0,0,0,0
2006-01-26 14:00:00,0,2220.44,0,324.09,12401.02,5665.54,6827.06,0,0,1901.42,13068.31,200.96,0,15514.42,1550.94,4434.72,76593.15,0,20918.34,0,0,92156.06,0,0,0,2629.73,2477.09,0,26215.42,30042.41,80.89,2157.29,18746.3,0,0,0,0
2006-01-26 15:00:00,0,2161.93,0,307.28,12192.36,5523.79,6769.74,0,0,1886.09,12857.95,199.08,0,15571.09,1532.48,4344.49,75878.1,0,21030.99,0,0,91657.22,0,0,0,2579.16,2416.11,0,25528.95,29698.22,79.7,2118.86,18470.34,0,0,0,0
2006-01-26 16:00:00,0,2116.89,0,295.76,12102.25,5499.48,6834.17,0,0,1867.24,12756.14,198.74,0,15858.86,1513.83,4275.5,75295.97,0,21290.28,0,0,91766.41,0,0,0,2554.55,2447.46,0,25068.42,29180.9,78.66,2115.82,18569.1,0,0,0,0
2006-01-26 17:00:00,0,2092.21,0,294.94,12261.53,5450.89,7182.99,0,0,1857.02,12785.98,197.89,0,16575.45,1491.05,4274.72,75233.96,0,21652.35,0,0,93493.85,0,0,0,2588.75,2569.3,0,24812.58,28682.45,77.9,2163.26,18713.29,0,0,0,0
2006-01-26 18:00:00,0,2096.68,0,301.74,13151.33,5539.78,7865.99,0,0,1883.97,12595.02,203.84,0,17018.31,1582.33,4431.72,75804.88,0,22125.68,0,0,97063.13,0,0,0,2744.93,2730.27,0,25642.07,28344.85,77.05,2175.59,19373.29,0,0,0,0
2006-01-26 19:00:00,0,2529.3,0,353.38,14356.16,6406.3,9097.49,0,0,2215.95,14271.98,252.63,0,18807.84,1912.0,4867.62,79859.11,0,23071.53,0,0,106253.46,0,0,0,3149.25,3268.88,0,27622.74,30614.23,83.46,2580.69,20465.2,0,0,0,0
2006-01-26 20:00:00,0,2628.28,0,352.87,14681.76,6437.15,8987.29,0,0,2140.19,13627.34,255.61,0,17995.15,1872.13,4775.61,79757.96,0,22455.11,0,0,103328.58,0,0,0,3223.49,3359.89,0,28707.51,31320.85,83.21,2452.04,21199.48,0,0,0,0
2006-01-26 21:00:00,0,2715.0,0,347.29,14587.78,6303.29,8785.47,0,0,2052.73,12976.59,258.14,0,17131.43,1799.23,4682.0,79328.96,0,21719.59,0,0,100179.5,0,0,0,3231.32,3354.1,0,28838.99,32061.89,82.35,2332.72,21584.32,0,0,0,0
2006-01-26 22:00:00,0,2700.24,0,328.85,14074.86,5959.26,8538.59,0,0,1963.68,12220.31,245.57,0,16229.4,1716.8,4574.86,77438.29,0,20614.46,0,0,96878.46,0,0,0,3178.41,3322.44,0,28175.75,31451.34,81.61,2225.98,21317.69,0,0,0,0
2006-01-26 23:00:00,0,2595.86,0,311.75,13544.46,5641.41,8288.05,0,0,1865.04,11420.71,228.24,0,15320.96,1644.11,4446.99,75134.41,0,19529.67,0,0,93673.88,0,0,0,3111.98,3287.0,0,27416.53,30311.19,80.74,2131.71,20692.11,0,0,0,0
2006-01-27 00:00:00,0,2486.82,0,296.86,13120.41,5317.46,8114.3,0,0,1764.24,10599.65,207.3,0,14403.58,1565.08,4327.9,72421.61,0,18450.87,0,0,90460.1,0,0,0,3024.36,3240.02,0,26674.15,29161.86,79.6,2050.89,20015.85,0,0,0,0
2006-01-27 01:00:00,0,2380.13,0,281.78,12873.15,4978.4,8031.68,0,0,1665.12,9788.7,196.0,0,13650.4,1492.59,4220.49,69623.3,0,17403.96,0,0,87494.52,0,0,0,2964.15,3203.36,0,25902.29,28015.41,78.64,1974.09,19420.68,0,0,0,0
2006-01-27 02:00:00,0,2279.68,0,270.09,12813.3,4724.08,8079.85,0,0,1569.26,9080.35,191.17,0,13422.14,1447.72,4112.35,67005.05,0,16622.23,0,0,84812.8,0,0,0,2941.44,3227.03,0,25191.15,26912.84,78.21,1910.61,19185.46,0,0,0,0
2006-01-27 03:00:00,0,2230.23,0,282.45,13032.3,4855.63,8251.23,0,0,1566.67,9205.61,182.47,0,13514.6,1461.29,4063.18,64981.99,0,16355.08,0,0,83890.13,0,0,0,3021.16,3299.39,0,25364.74,26049.36,78.64,1936.18,19204.58,0,0,0,0
2006-01-27 04:00:00,0,2272.6,0,306.77,13617.84,5126.38,8637.29,0,0,1630.31,9598.56,190.18,0,13882.24,1478.97,4176.95,65720.69,0,16461.51,0,0,85717.48,0,0,0,3151.66,3408.01,0,26075.14,26192.62,80.73,2037.79,19627.04,0,0,0,0
2006-01-27 05:00:00,0,2325.15,0,320.33,14205.31,5380.56,9039.78,0,0,1693.78,9989.82,202.24,0,14291.61,1445.51,4344.69,67223.55,0,17079.77,0,0,88298.24,0,0,0,3270.58,3510.86,0,26886.62,26671.69,81.93,2124.54,20071.06,0,0,0,0
2006-01-27 06:00:00,0,2380.19,0,322.9,14796.65,5661.11,9430.35,0,0,1755.79,10393.76,204.63,0,14707.11,1452.81,4501.69,68849.5,0,17752.38,0,0,91054.76,0,0,0,3394.1,3613.26,0,27779.48,27395.71,84.23,2234.44,20494.43,0,0,0,0
2006-01-27 07:00:00,0,2436.04,0,325.19,15341.27,5873.25,9770.48,0,0,1818.89,10793.91,211.89,0,15126.1,1483.1,4655.74,70523.41,0,18452.81,0,0,93994.57,0,0,0,3515.86,3705.59,0,28708.55,28149.67,86.4,2323.38,20753.69,0,0,0,0
2006-01-27 08:00:00,0,2486.79,0,361.37,16504.57,6251.34,10092.19,0,0,1956.91,12041.56,213.0,0,16634.65,1615.9,4849.4,72415.83,0,20701.45,0,0,100263.19,0,0,0,3720.76,3810.19,0,30026.09,28960.63,88.38,2495.4,21270.39,0,0,0,0
2006-01-27 09:00:00,0,2587.2,0,345.03,16094.74,6135.94,9597.51,0,0,1945.41,12294.79,212.05,0,16532.54,1595.29,4945.13,77384.47,0,20872.89,0,0,100161.91,0,0,0,3592.83,3651.51,0,30977.95,30252.35,89.59,2389.14,21675.28,0,0,0,0
2006-01-27 10:00:00,0,2676.59,0,331.39,15052.86,5794.09,8617.74,0,0,1904.88,12559.16,205.9,0,16087.95,1574.85,4765.71,78579.03,0,20787.82,0,0,96939.63,0,0,0,3334.49,3348.61,0,29202.36,30841.79,89.1,2278.62,20448.27,0,0,0,0
2006-01-27 11:00:00,0,2636.81,0,319.83,13891.17,5675.15,7912.25,0,0,1901.24,12825.11,202.67,0,15727.89,1538.14,4576.55,77789.68,0,20491.36,0,0,93686.48,0,0,0,3114.18,3064.78,0,27559.48,31004.91,88.06,2208.3,19322.1,0,0,0,0
2006-01-27 12:00:00,0,2562.56,0,310.52,13107.92,5612.88,7470.74,0,0,1915.09,13042.93,198.46,0,15470.61,1514.93,4398.34,76694.24,0,20174.73,0,0,91196.36,0,0,0,2967.43,2852.2,0,26423.93,30779.15,85.86,2172.8,18346.9,0,0,0,0
2006-01-27 13:00:00,0,2490.43,0,301.73,12579.74,5500.12,7126.9,0,0,1912.45,13078.1,195.13,0,15314.72,1491.5,4259.01,75699.97,0,19905.02,0,0,89082.53,0,0,0,2840.35,2704.17,0,25542.25,30375.55,83.85,2153.32,17894.87,0,0,0,0
2006-01-27 14:00:00,0,2415.75,0,293.78,12296.16,5379.61,6939.06,0,0,1910.83,12997.89,194.14,0,15264.04,1479.43,4159.66,74632.17,0,19822.58,0,0,87466.9,0,0,0,2746.97,2607.97,0,24861.0,29901.69,81.94,2123.3,17481.01,0,0,0,0
2006-01-27 15:00:00,0,2335.09,0,287.75,12043.83,5254.47,6809.06,0,0,1911.34,12859.23,193.79,0,15219.86,1472.63,4106.53,73829.05,0,19792.9,0,0,86582.14,0,0,0,2680.81,2544.62,0,24379.46,29357.83,79.72,2089.7,17346.44,0,0,0,0
2006-01-27 16:00:00,0,2263.83,0,287.68,11804.97,5228.43,6760.38,0,0,1895.94,12751.03,194.58,0,15428.19,1474.7,4067.31,73528.27,0,19865.78,0,0,86534.93,0,0,0,2632.95,2513.69,0,24126.22,28778.22,77.29,2100.44,17241.71,0,0,0,0
2006-01-27 17:00:00,0,2226.12,0,288.05,11969.24,5349.66,7180.12,0,0,1873.68,12775.11,194.92,0,16357.78,1431.81,4069.52,73636.57,0,20660.42,0,0,89805.19,0,0,0,2641.45,2600.53,0,23934.86,28225.58,74.95,2139.44,17215.52,0,0,0,0
2006-01-27 18:00:00,0,2217.03,0,290.18,12841.18,5419.21,7653.07,0,0,1852.61,12498.15,196.94,0,16707.18,1443.41,4179.23,74116.12,0,21183.01,0,0,93810.51,0,0,0,2766.97,2717.68,0,24428.34,27729.35,75.53,2139.78,17751.09,0,0,0,0
2006-01-27 19:00:00,0,2384.75,0,312.11,13232.17,5848.21,8737.54,0,0,2115.41,14451.52,218.59,0,16818.27,1605.78,4195.6,74024.05,0,20230.31,0,0,96209.78,0,0,0,3093.44,3210.8,0,25744.88,28549.66,74.58,2463.92,17533.25,0,0,0,0
2006-01-27 20:00:00,0,2449.24,0,308.66,13536.69,5917.93,8706.65,0,0,2026.19,13714.02,219.89,0,16112.58,1562.67,4114.07,74288.63,0,19765.65,0,0,94457.95,0,0,0,3151.85,3281.16,0,26636.73,29241.79,73.1,2331.21,18128.12,0,0,0,0
2006-01-27 21:00:00,0,2535.8,0,303.4,13630.59,5880.01,8605.92,0,0,1936.36,12952.56,221.65,0,15357.71,1520.68,4046.99,73621.79,0,19272.45,0,0,92094.59,0,0,0,3213.75,3295.9,0,26829.93,29304.11,71.98,2246.41,18644.45,0,0,0,0
2006-01-27 22:00:00,0,2590.59,0,283.68,13195.44,5572.18,8426.67,0,0,1845.62,12172.95,217.08,0,14559.01,1470.82,3970.28,72033.09,0,18432.66,0,0,89293.85,0,0,0,3131.31,3251.03,0,26093.11,29180.76,70.65,2176.87,18214.55,0,0,0,0
2006-01-27 23:00:00,0,2481.95,0,269.06,12838.41,5309.24,8233.96,0,0,1762.47,11462.28,207.14,0,13782.07,1412.46,3883.71,69728.82,0,17474.73,0,0,86083.45,0,0,0,3058.78,3187.97,0,25159.19,28321.59,69.47,2096.4,17570.35,0,0,0,0
2006-01-28 00:00:00,0,2361.91,0,264.51,12425.86,5040.51,8068.14,0,0,1668.36,10709.4,197.48,0,13025.48,1361.45,3728.22,67406.28,0,16535.55,0,0,83200.16,0,0,0,2984.35,3115.16,0,24449.89,27395.56,67.97,2005.09,16943.7,0,0,0,0
2006-01-28 01:00:00,0,2235.37,0,257.75,12056.86,4856.52,7928.56,0,0,1591.99,10063.99,193.02,0,12382.82,1331.12,3599.22,64917.89,0,15616.1,0,0,80831.41,0,0,0,2910.15,3087.97,0,23847.91,26577.35,66.17,1938.19,16264.15,0,0,0,0
2006-01-28 02:00:00,0,2138.33,0,257.48,11927.85,4778.43,7810.54,0,0,1530.2,9564.42,190.07,0,12181.46,1293.57,3510.94,63045.11,0,14903.46,0,0,78522.83,0,0,0,2894.26,3102.1,0,23307.82,25817.82,64.64,1904.21,15922.76,0,0,0,0
2006-01-28 03:00:00,0,2060.4,0,255.0,11836.17,4773.71,7712.5,0,0,1495.52,9284.18,186.71,0,12063.34,1268.18,3454.88,61485.59,0,14512.46,0,0,77080.12,0,0,0,2921.82,3141.25,0,23163.9,25220.71,63.86,1898.17,15693.57,0,0,0,0
2006-01-28 04:00:00,0,2036.32,0,259.25,11969.86,4966.28,7780.11,0,0,1508.34,9292.03,188.78,0,12003.04,1268.84,3434.91,60814.13,0,14318.51,0,0,77135.51,0,0,0,2943.67,3173.66,0,23205.53,25133.24,62.96,1953.07,15511.22,0,0,0,0
2006-01-28 05:00:00,0,2058.54,0,277.32,12271.39,5153.29,7992.17,0,0,1527.63,9462.47,191.16,0,12124.2,1295.92,3467.49,61026.28,0,14430.14,0,0,78231.35,0,0,0,3004.39,3216.88,0,23759.63,25121.38,63.27,2066.02,15652.98,0,0,0,0
2006-01-28 06:00:00,0,2081.03,0,290.39,12635.68,5336.2,8230.53,0,0,1563.29,9778.58,197.16,0,12290.06,1342.52,3581.54,61845.81,0,14858.6,0,0,79363.42,0,0,0,3061.09,3250.27,0,24221.64,25280.24,63.7,2147.15,15958.62,0,0,0,0
2006-01-28 07:00:00,0,2126.5,0,287.66,12992.64,5538.1,8484.93,0,0,1631.54,10134.71,203.55,0,12444.37,1399.63,3691.43,62777.45,0,15277.99,0,0,80254.31,0,0,0,3111.4,3295.7,0,24750.66,25685.03,64.48,2204.49,16259.35,0,0,0,0
2006-01-28 08:00:00,0,2161.64,0,290.44,13328.02,5769.08,8583.05,0,0,1714.08,10735.01,203.14,0,12901.76,1456.26,3799.06,63668.99,0,16033.85,0,0,82478.48,0,0,0,3165.57,3374.39,0,25315.79,26034.37,63.82,2264.99,16629.66,0,0,0,0
2006-01-28 09:00:00,0,2223.44,0,287.63,12843.83,5633.38,8067.28,0,0,1688.61,11341.75,191.85,0,13293.8,1449.41,3875.97,65625.06,0,16460.95,0,0,83483.28,0,0,0,3020.98,3284.28,0,25840.98,26411.02,63.27,2217.37,17436.98,0,0,0,0
2006-01-28 10:00:00,0,2306.63,0,277.45,12193.37,5373.95,7421.07,0,0,1680.88,11981.09,186.88,0,13331.2,1395.27,3778.46,67469.7,0,16903.23,0,0,81992.04,0,0,0,2840.03,3084.35,0,24914.46,26795.18,62.81,2149.0,16891.06,0,0,0,0
2006-01-28 11:00:00,0,2321.29,0,267.81,11679.17,5235.95,6829.32,0,0,1673.68,12507.75,186.25,0,13252.42,1371.13,3707.31,68525.76,0,17114.65,0,0,80429.54,0,0,0,2715.13,2854.18,0,24290.68,27124.12,62.23,2111.91,16323.89,0,0,0,0
2006-01-28 12:00:00,0,2282.3,0,263.72,11190.22,5159.2,6391.47,0,0,1685.51,12976.64,188.39,0,13182.54,1362.61,3635.75,69031.23,0,16932.07,0,0,79204.69,0,0,0,2598.99,2673.54,0,23836.66,27154.01,62.14,2124.77,15885.46,0,0,0,0
2006-01-28 13:00:00,0,2244.58,0,263.98,10722.72,5107.78,6122.34,0,0,1701.64,13200.89,187.87,0,13042.34,1352.72,3572.59,69121.23,0,16670.49,0,0,77760.32,0,0,0,2515.96,2547.45,0,23343.66,27123.77,61.97,2133.79,15692.59,0,0,0,0
2006-01-28 14:00:00,0,2211.77,0,263.91,10372.57,5081.81,5957.14,0,0,1702.13,13187.81,186.02,0,13027.26,1321.58,3501.9,69040.51,0,16616.85,0,0,76507.12,0,0,0,2428.27,2469.67,0,22758.68,27108.17,61.88,2132.78,15476.01,0,0,0,0
2006-01-28 15:00:00,0,2179.33,0,263.88,10029.24,5076.95,5869.84,0,0,1708.24,13090.97,185.38,0,13115.53,1293.57,3449.36,68788.18,0,16711.75,0,0,76267.26,0,0,0,2376.67,2425.55,0,22292.11,27037.15,60.75,2144.83,15418.22,0,0,0,0
2006-01-28 16:00:00,0,2149.22,0,268.2,9866.39,5091.01,5837.96,0,0,1725.7,12971.4,185.04,0,13242.21,1276.86,3425.71,68607.43,0,16828.21,0,0,76825.01,0,0,0,2350.44,2396.82,0,22029.98,26862.73,60.29,2169.84,15367.85,0,0,0,0
2006-01-28 17:00:00,0,2105.25,0,267.61,10067.62,5121.53,6139.34,0,0,1693.18,12809.74,183.04,0,13894.31,1271.75,3505.73,68799.64,0,17277.34,0,0,79406.06,0,0,0,2358.29,2370.45,0,21846.13,26589.64,59.7,2182.43,15210.81,0,0,0,0
2006-01-28 18:00:00,0,2077.93,0,260.22,10618.95,4871.44,6359.53,0,0,1676.54,12390.04,184.23,0,14291.37,1288.49,3544.83,68930.59,0,17773.98,0,0,81912.75,0,0,0,2419.68,2444.49,0,22039.58,26222.38,59.65,2040.45,14943.68,0,0,0,0
2006-01-28 19:00:00,0,2130.53,0,308.31,12167.45,5686.22,7619.98,0,0,2073.79,14135.46,213.5,0,15542.79,1526.62,3949.23,74606.06,0,19068.78,0,0,90751.84,0,0,0,2730.53,2772.95,0,23954.97,27617.64,68.67,2484.84,17152.55,0,0,0,0
2006-01-28 20:00:00,0,2173.78,0,305.1,12424.36,5677.29,7560.02,0,0,1952.95,13273.5,214.11,0,14918.72,1464.44,3837.3,74020.33,0,18621.84,0,0,88457.6,0,0,0,2753.8,2814.33,0,24492.91,28116.33,68.03,2346.29,17606.02,0,0,0,0
2006-01-28 21:00:00,0,2244.1,0,298.69,12492.81,5631.28,7475.46,0,0,1850.17,12448.46,212.15,0,14294.75,1409.59,3765.71,73425.88,0,18217.85,0,0,86305.03,0,0,0,2769.74,2815.52,0,24658.49,28118.76,67.32,2215.18,18144.9,0,0,0,0
2006-01-28 22:00:00,0,2278.76,0,280.85,11991.46,5323.94,7325.92,0,0,1758.82,11685.28,201.7,0,13605.77,1348.05,3727.28,71657.11,0,17479.85,0,0,84172.0,0,0,0,2668.83,2751.12,0,23694.53,28149.62,66.82,2096.35,17611.89,0,0,0,0
2006-01-28 23:00:00,0,2166.94,0,261.8,11520.78,4977.94,7101.27,0,0,1661.4,10895.96,188.9,0,12904.06,1279.72,3643.36,69205.21,0,16760.46,0,0,81678.06,0,0,0,2579.67,2688.5,0,22717.39,27402.34,63.8,2011.05,16900.1,0,0,0,0
2006-01-29 00:00:00,0,2038.28,0,245.07,11038.59,4643.9,6824.75,0,0,1575.75,10133.3,176.77,0,12180.67,1220.95,3574.29,66760.11,0,15896.27,0,0,78922.56,0,0,0,2494.24,2610.13,0,21652.83,26562.81,62.13,1926.79,16082.83,0,0,0,0
2006-01-29 01:00:00,0,1901.62,0,231.26,10534.58,4359.43,6529.02,0,0,1499.94,9467.3,166.05,0,11725.56,1194.7,3457.4,64018.18,0,15113.64,0,0,76341.15,0,0,0,2400.94,2517.89,0,20743.85,25767.69,59.83,1833.91,15293.42,0,0,0,0
2006-01-29 02:00:00,0,1825.56,0,217.94,10137.02,4168.69,6264.93,0,0,1427.98,8871.1,159.16,0,11608.79,1154.8,3356.21,61516.23,0,14460.78,0,0,73906.52,0,0,0,2344.51,2482.91,0,20158.27,25092.44,58.24,1754.34,14610.9,0,0,0,0
2006-01-29 03:00:00,0,1822.03,0,211.29,9945.04,4032.18,6004.85,0,0,1374.64,8575.74,153.31,0,11616.81,1128.91,3262.58,59963.01,0,14130.88,0,0,72929.62,0,0,0,2321.99,2479.62,0,19769.65,24679.34,57.64,1723.05,14098.91,0,0,0,0
2006-01-29 04:00:00,0,1875.07,0,210.74,9953.55,3989.17,5994.62,0,0,1392.47,8682.76,145.65,0,11667.01,1132.46,3175.6,59153.68,0,14099.32,0,0,73150.71,0,0,0,2325.09,2499.45,0,19597.24,24743.81,57.38,1698.49,13897.58,0,0,0,0
2006-01-29 05:00:00,0,1953.75,0,215.0,10078.18,3942.39,6111.79,0,0,1423.89,8973.5,145.9,0,11776.4,1079.9,3157.99,59331.36,0,14260.43,0,0,74215.86,0,0,0,2347.89,2504.98,0,19796.92,25199.29,58.03,1696.76,13804.73,0,0,0,0
2006-01-29 06:00:00,0,2056.47,0,220.44,10231.05,3966.9,6200.34,0,0,1451.04,9319.42,148.7,0,12020.47,1035.92,3223.68,60149.99,0,14574.71,0,0,75370.39,0,0,0,2368.33,2492.12,0,20058.39,25871.07,59.41,1742.0,13994.23,0,0,0,0
2006-01-29 07:00:00,0,2138.41,0,221.84,10389.03,4020.72,6162.55,0,0,1497.21,9666.07,154.92,0,12316.65,1043.31,3303.24,61209.56,0,15072.37,0,0,76610.17,0,0,0,2391.5,2472.15,0,20276.39,26409.23,60.55,1785.66,14329.58,0,0,0,0
2006-01-29 08:00:00,0,2230.39,0,231.43,10765.22,4304.73,6294.8,0,0,1557.48,10179.66,159.71,0,12659.9,1071.3,3372.73,62294.33,0,15601.36,0,0,78817.99,0,0,0,2437.96,2518.25,0,20629.21,26984.35,61.18,1882.04,14595.61,0,0,0,0
2006-01-29 09:00:00,0,2347.37,0,241.32,10830.85,4535.07,6219.76,0,0,1581.31,10909.24,162.63,0,12676.66,1157.06,3421.37,64233.12,0,15903.71,0,0,80033.85,0,0,0,2382.72,2436.19,0,21390.55,27533.15,62.66,1965.78,15230.47,0,0,0,0
2006-01-29 10:00:00,0,2428.99,0,253.69,10674.66,4787.95,6005.37,0,0,1645.03,11963.34,168.19,0,12670.08,1196.86,3460.74,65991.67,0,16180.17,0,0,80897.18,0,0,0,2341.8,2332.23,0,21862.51,27801.86,63.89,2075.36,15728.49,0,0,0,0
2006-01-29 11:00:00,0,2395.43,0,258.33,10445.63,4990.53,5882.28,0,0,1696.73,12997.3,174.11,0,12886.37,1229.28,3503.61,67379.74,0,16601.84,0,0,80775.43,0,0,0,2314.88,2284.25,0,22121.78,27553.16,64.78,2138.74,15800.22,0,0,0,0
2006-01-29 12:00:00,0,2289.51,0,262.59,10304.58,5137.72,5743.59,0,0,1754.29,13516.95,178.18,0,13021.81,1250.97,3506.85,68163.15,0,16790.7,0,0,80641.89,0,0,0,2329.49,2279.03,0,22400.71,27273.65,64.44,2220.55,15900.9,0,0,0,0
2006-01-29 13:00:00,0,2193.28,0,265.04,10220.76,5284.02,5681.84,0,0,1800.43,13788.73,183.74,0,13111.32,1299.12,3517.22,68511.39,0,16975.68,0,0,80523.81,0,0,0,2337.19,2266.78,0,22472.79,27081.44,63.74,2281.61,15468.2,0,0,0,0
2006-01-29 14:00:00,0,2142.48,0,269.09,10175.06,5365.5,5573.37,0,0,1843.66,13967.16,188.2,0,13325.54,1326.26,3516.16,68501.18,0,17268.23,0,0,80193.06,0,0,0,2350.54,2268.5,0,22465.03,27020.24,63.09,2298.21,14766.88,0,0,0,0
2006-01-29 15:00:00,0,2098.6,0,272.78,10099.32,5357.24,5522.98,0,0,1849.83,14138.15,192.11,0,13590.47,1332.62,3537.72,68301.34,0,17454.41,0,0,80224.34,0,0,0,2364.15,2282.84,0,22280.74,26874.08,62.62,2305.93,14437.61,0,0,0,0
2006-01-29 16:00:00,0,2046.61,0,264.28,10053.72,5372.89,5571.61,0,0,1830.12,14114.54,199.03,0,13907.09,1280.1,3548.46,67932.26,0,17822.03,0,0,80398.76,0,0,0,2374.64,2271.52,0,22108.41,26611.48,61.32,2288.92,14529.77,0,0,0,0
2006-01-29 17:00:00,0,2003.09,0,263.13,10055.15,5281.65,5677.16,0,0,1810.6,13917.7,197.48,0,14539.59,1255.92,3519.51,67571.17,0,18182.5,0,0,80612.17,0,0,0,2379.63,2274.19,0,22022.83,26295.57,60.01,2255.99,14569.62,0,0,0,0
2006-01-29 18:00:00,0,1998.76,0,263.41,10121.95,5039.44,5773.79,0,0,1778.53,13496.81,197.28,0,14843.69,1262.65,3505.29,67278.15,0,18522.13,0,0,81737.41,0,0,0,2404.13,2328.7,0,21910.57,25823.06,59.83,2187.68,14302.52,0,0,0,0
2006-01-29 19:00:00,0,2316.55,0,311.34,12248.08,6452.06,7159.59,0,0,2255.21,15069.76,243.03,0,16955.6,1578.48,4218.25,76878.46,0,20895.85,0,0,96942.04,0,0,0,2715.12,2600.37,0,24783.63,29570.58,76.24,2650.94,17314.22,0,0,0,0
2006-01-29 20:00:00,0,2408.48,0,303.75,12238.51,6240.25,6835.39,0,0,2102.58,14056.52,237.83,0,16062.85,1484.2,4015.22,76658.11,0,20104.87,0,0,93308.72,0,0,0,2703.63,2533.98,0,25131.64,30295.67,75.72,2495.15,17812.89,0,0,0,0
2006-01-29 21:00:00,0,2495.97,0,296.45,11958.78,6011.73,6502.05,0,0,1963.62,13119.07,235.59,0,15131.56,1402.14,3875.09,75936.61,0,19106.4,0,0,89782.03,0,0,0,2699.59,2457.9,0,24979.52,30928.31,75.18,2346.76,18042.68,0,0,0,0
2006-01-29 22:00:00,0,2483.51,0,279.24,11346.77,5505.45,6189.3,0,0,1837.57,12232.35,220.63,0,14207.1,1323.31,3769.44,73708.86,0,17944.03,0,0,86086.77,0,0,0,2560.11,2332.02,0,23671.09,30506.08,74.78,2191.71,17676.79,0,0,0,0
2006-01-29 23:00:00,0,2386.09,0,258.86,10635.12,5028.28,5853.1,0,0,1713.96,11269.44,203.6,0,13301.75,1243.82,3660.42,71194.86,0,16813.72,0,0,82383.79,0,0,0,2407.7,2205.94,0,22409.01,29476.4,74.29,2046.17,16976.5,0,0,0,0
2006-01-30 00:00:00,0,2283.75,0,242.26,9953.59,4548.47,5512.76,0,0,1592.42,10344.88,184.74,0,12475.67,1162.31,3587.05,68883.07,0,15736.92,0,0,78811.67,0,0,0,2256.98,2089.66,0,21201.9,28399.28,73.65,1914.1,16377.03,0,0,0,0
2006-01-30 01:00:00,0,2202.03,0,224.24,9341.86,4086.12,5172.9,0,0,1468.88,9456.7,165.92,0,11962.9,1072.69,3507.41,66525.47,0,14808.0,0,0,75134.76,0,0,0,2118.67,1975.36,0,20072.65,27306.99,72.83,1786.13,15794.92,0,0,0,0
2006-01-30 02:00:00,0,2176.68,0,205.88,9035.29,3681.96,4878.22,0,0,1350.32,8665.45,153.02,0,11777.45,1011.14,3430.35,64169.13,0,14187.02,0,0,72327.49,0,0,0,2049.23,1899.74,0,19474.54,26249.63,72.27,1681.75,15404.44,0,0,0,0
2006-01-30 03:00:00,0,2249.74,0,199.35,9012.78,3575.18,4784.37,0,0,1307.32,8392.57,146.38,0,11873.36,1006.26,3403.62,62508.61,0,14008.81,0,0,71536.27,0,0,0,2035.59,1887.85,0,19670.12,26005.02,72.67,1620.15,15572.64,0,0,0,0
2006-01-30 04:00:00,0,2363.2,0,207.8,9254.06,3729.12,4989.89,0,0,1357.0,8679.96,149.76,0,12310.1,1035.96,3525.84,63626.88,0,14391.97,0,0,73701.17,0,0,0,2093.96,1930.27,0,20265.75,26376.65,73.73,1665.09,15985.79,0,0,0,0
2006-01-30 05:00:00,0,2459.02,0,217.45,9744.43,3947.48,5213.43,0,0,1426.57,9050.79,155.57,0,12827.65,1088.87,3689.74,65546.74,0,14910.4,0,0,76205.75,0,0,0,2181.78,2002.68,0,20900.39,27246.44,75.81,1731.5,16415.74,0,0,0,0
2006-01-30 06:00:00,0,2532.18,0,228.7,10260.91,4159.18,5484.46,0,0,1499.12,9465.79,162.12,0,13348.06,1138.58,3854.47,67113.27,0,15597.94,0,0,79231.2,0,0,0,2268.56,2055.02,0,21654.82,28161.64,79.01,1776.32,16798.15,0,0,0,0
2006-01-30 07:00:00,0,2607.63,0,237.99,10790.45,4379.83,5751.29,0,0,1571.82,9891.58,167.04,0,13854.03,1177.24,4018.29,69054.3,0,16206.21,0,0,82380.73,0,0,0,2351.72,2105.81,0,22490.08,29122.08,81.96,1819.5,17408.92,0,0,0,0
2006-01-30 08:00:00,0,2684.73,0,246.39,11602.16,4658.45,6034.4,0,0,1714.26,10816.03,173.81,0,14701.47,1243.78,4227.06,71600.55,0,17809.98,0,0,87653.8,0,0,0,2422.59,2162.69,0,23783.02,30117.62,85.24,1967.57,18292.14,0,0,0,0
2006-01-30 09:00:00,0,2796.06,0,257.35,11827.65,4961.85,6244.06,0,0,1767.16,11684.52,182.75,0,15597.59,1295.43,4342.34,76232.3,0,18680.87,0,0,89028.44,0,0,0,2480.79,2207.92,0,25210.38,31689.29,87.28,2073.3,19020.1,0,0,0,0
2006-01-30 10:00:00,0,2696.72,0,270.48,11738.8,5172.26,6159.69,0,0,1820.2,12545.19,186.31,0,16020.85,1307.6,4278.73,78393.2,0,18905.76,0,0,87528.87,0,0,0,2528.97,2235.21,0,24747.81,31700.2,86.99,2118.81,18280.4,0,0,0,0
2006-01-30 11:00:00,0,2572.44,0,279.1,11475.29,5308.03,6013.31,0,0,1846.41,13203.93,188.23,0,16268.01,1316.96,4250.03,78947.33,0,18628.94,0,0,85374.31,0,0,0,2562.96,2242.73,0,24278.66,31425.35,84.94,2154.84,17861.14,0,0,0,0
2006-01-30 12:00:00,0,2452.05,0,283.78,11216.13,5347.69,5900.15,0,0,1894.8,13775.22,187.39,0,16448.95,1319.34,4244.85,79064.68,0,18515.02,0,0,84028.08,0,0,0,2565.74,2236.64,0,23778.31,30921.46,82.86,2202.51,17642.97,0,0,0,0
2006-01-30 13:00:00,0,2344.39,0,286.99,11009.32,5359.59,5825.37,0,0,1941.13,14145.1,187.19,0,16537.56,1334.27,4240.62,78697.44,0,18558.09,0,0,83379.49,0,0,0,2542.37,2222.22,0,23231.83,30408.18,80.73,2259.95,17476.77,0,0,0,0
2006-01-30 14:00:00,0,2267.21,0,286.42,10829.92,5383.73,5756.29,0,0,1943.95,14311.86,189.1,0,16542.8,1325.74,4219.98,78334.35,0,18645.9,0,0,83614.59,0,0,0,2508.97,2196.27,0,23050.29,29974.67,78.7,2253.29,17454.32,0,0,0,0
2006-01-30 15:00:00,0,2222.47,0,284.84,10716.16,5371.07,5724.13,0,0,1942.56,14384.3,192.36,0,16627.86,1326.99,4193.06,77830.3,0,18935.4,0,0,84395.88,0,0,0,2500.61,2198.57,0,22940.05,29569.14,76.99,2237.93,17350.78,0,0,0,0
2006-01-30 16:00:00,0,2181.91,0,286.38,10720.02,5360.56,5755.23,0,0,1946.34,14386.64,195.63,0,16851.79,1322.69,4168.66,77124.7,0,19484.44,0,0,85051.49,0,0,0,2495.72,2203.49,0,22787.3,29073.12,76.19,2258.22,17300.54,0,0,0,0
2006-01-30 17:00:00,0,2137.82,0,287.85,10730.33,5413.34,5856.52,0,0,1948.35,14286.17,196.77,0,17147.99,1337.03,4139.04,76582.39,0,20187.14,0,0,86989.33,0,0,0,2492.9,2239.18,0,22742.02,28273.68,74.85,2253.89,17198.24,0,0,0,0
2006-01-30 18:00:00,0,2160.53,0,282.08,10928.08,5415.37,6005.27,0,0,1938.94,13922.25,198.33,0,17328.42,1339.02,4189.95,75939.81,0,20786.2,0,0,88765.35,0,0,0,2501.47,2293.23,0,23054.8,27820.58,73.97,2236.09,17563.17,0,0,0,0
2006-01-30 19:00:00,0,2540.27,0,327.09,12082.89,6152.42,6977.94,0,0,2174.46,14790.37,232.54,0,17751.71,1600.78,4465.58,79637.16,0,21264.53,0,0,95659.57,0,0,0,2714.94,2569.81,0,24965.05,29991.59,81.26,2560.22,18320.78,0,0,0,0
2006-01-30 20:00:00,0,2673.94,0,317.54,12151.96,6035.24,6718.8,0,0,2043.08,13877.87,231.69,0,16841.75,1531.3,4393.19,79713.65,0,20691.58,0,0,93000.28,0,0,0,2713.4,2516.45,0,25411.19,30842.89,81.04,2393.35,18869.2,0,0,0,0
2006-01-30 21:00:00,0,2774.93,0,298.14,11914.1,5788.2,6441.5,0,0,1921.57,13032.95,224.18,0,15944.18,1458.77,4352.08,79435.91,0,19910.08,0,0,90382.01,0,0,0,2675.63,2429.32,0,25431.21,31638.01,80.4,2227.45,19084.53,0,0,0,0
2006-01-30 22:00:00,0,2753.08,0,278.58,11176.4,5329.36,6167.11,0,0,1811.32,12150.46,208.93,0,15018.86,1369.63,4263.61,77529.14,0,18842.31,0,0,87539.86,0,0,0,2539.17,2323.87,0,24349.0,31281.67,79.7,2087.25,18671.55,0,0,0,0
2006-01-30 23:00:00,0,2656.69,0,261.51,10596.51,4904.14,5928.49,0,0,1704.74,11259.74,188.26,0,14081.15,1282.18,4163.66,75144.21,0,17781.23,0,0,84906.59,0,0,0,2387.36,2225.93,0,23299.25,30389.3,79.02,1958.3,18275.91,0,0,0,0
2006-01-31 00:00:00,0,2557.59,0,243.52,10084.43,4461.99,5689.8,0,0,1587.93,10341.3,171.35,0,13186.17,1201.66,4066.06,72797.06,0,16752.39,0,0,82216.78,0,0,0,2244.46,2116.0,0,22205.75,29380.44,78.75,1818.95,17940.12,0,0,0,0
2006-01-31 01:00:00,0,2462.8,0,223.96,9637.47,4007.36,5376.72,0,0,1481.74,9458.26,156.63,0,12499.51,1105.88,3963.47,70387.83,0,15705.7,0,0,79644.19,0,0,0,2110.24,2031.96,0,21354.19,28339.27,78.23,1725.56,17658.64,0,0,0,0
2006-01-31 02:00:00,0,2441.25,0,210.69,9469.72,3666.68,5146.4,0,0,1379.92,8721.22,149.23,0,12170.1,1037.84,3842.4,67850.69,0,14896.54,0,0,77799.4,0,0,0,2046.83,1992.67,0,20903.17,27417.5,77.54,1645.35,17465.41,0,0,0,0
2006-01-31 03:00:00,0,2474.42,0,209.32,9496.85,3571.13,5136.74,0,0,1344.18,8755.56,145.5,0,12293.29,1025.47,3758.99,66977.71,0,14718.22,0,0,76932.87,0,0,0,2032.45,1995.85,0,21169.21,27114.98,78.28,1644.5,17770.46,0,0,0,0
2006-01-31 04:00:00,0,2543.55,0,216.52,9839.95,3730.06,5307.28,0,0,1383.95,9093.54,146.38,0,12596.19,1071.88,3876.41,68263.7,0,15155.71,0,0,78886.39,0,0,0,2086.03,2054.65,0,22349.21,27412.46,80.65,1708.68,18277.86,0,0,0,0
2006-01-31 05:00:00,0,2614.8,0,231.83,10627.37,3921.15,5539.35,0,0,1428.06,9486.09,151.85,0,12948.77,1178.18,4067.6,69980.52,0,15752.75,0,0,81727.58,0,0,0,2211.93,2168.45,0,23596.07,28207.97,83.44,1740.21,18843.29,0,0,0,0
2006-01-31 06:00:00,0,2685.78,0,258.14,11405.29,4205.55,5799.4,0,0,1487.53,9868.72,162.74,0,13323.32,1255.38,4249.19,71784.45,0,16411.15,0,0,84710.49,0,0,0,2380.66,2348.9,0,24654.13,29085.64,86.07,1773.73,19433.15,0,0,0,0
2006-01-31 07:00:00,0,2759.47,0,288.11,12190.56,4501.09,6148.29,0,0,1571.92,10228.63,173.26,0,13731.88,1338.69,4432.53,73519.79,0,16969.96,0,0,87344.91,0,0,0,2544.12,2547.98,0,25674.53,29957.72,88.37,1855.45,20000.34,0,0,0,0
2006-01-31 08:00:00,0,2826.42,0,346.27,13337.29,5014.56,6621.27,0,0,1715.61,11022.43,192.75,0,14370.05,1523.34,4634.95,75489.5,0,17999.5,0,0,91082.8,0,0,0,2847.94,2772.33,0,27750.61,30828.83,90.5,2050.29,20633.14,0,0,0,0
2006-01-31 09:00:00,0,2923.58,0,352.66,13555.6,5723.28,7014.02,0,0,1856.36,11820.08,208.97,0,15031.85,1622.09,4782.87,79828.74,0,19310.75,0,0,95106.83,0,0,0,2952.45,2928.69,0,29263.85,32138.58,92.32,2247.49,21447.26,0,0,0,0
2006-01-31 10:00:00,0,2754.99,0,344.11,13358.35,5967.03,7242.45,0,0,1948.19,12467.58,213.17,0,15643.17,1645.41,4730.12,79874.78,0,19745.15,0,0,95297.38,0,0,0,2902.62,2894.88,0,27921.08,31673.03,89.93,2275.38,20590.91,0,0,0,0
2006-01-31 11:00:00,0,2539.24,0,326.72,12894.86,5921.2,7134.36,0,0,1964.22,12873.17,208.76,0,15939.61,1594.33,4651.43,79022.19,0,19986.98,0,0,95427.88,0,0,0,2846.88,2803.63,0,27031.09,31257.98,86.37,2221.98,19782.6,0,0,0,0
2006-01-31 12:00:00,0,2371.44,0,313.99,12326.79,5772.08,6874.39,0,0,1921.69,13178.07,203.37,0,16166.55,1527.51,4555.16,78086.41,0,20233.61,0,0,95157.43,0,0,0,2769.7,2655.43,0,26007.86,30615.34,82.56,2195.82,19171.66,0,0,0,0
2006-01-31 13:00:00,0,2250.84,0,306.52,11893.64,5651.8,6582.15,0,0,1900.87,13310.32,199.22,0,16354.05,1470.17,4435.05,77174.21,0,20468.56,0,0,94423.96,0,0,0,2686.79,2534.34,0,25229.97,30168.65,79.28,2165.71,18492.09,0,0,0,0
2006-01-31 14:00:00,0,2175.45,0,299.62,11591.37,5479.93,6278.97,0,0,1866.19,13234.25,194.99,0,16471.87,1419.71,4336.25,76245.5,0,20707.44,0,0,92859.95,0,0,0,2609.34,2439.93,0,24700.81,29767.31,77.02,2123.01,17950.53,0,0,0,0
2006-01-31 15:00:00,0,2098.36,0,289.89,11428.06,5330.7,6175.46,0,0,1826.44,13085.34,192.16,0,16572.9,1374.29,4256.05,75396.16,0,20923.2,0,0,91487.48,0,0,0,2548.62,2379.88,0,24263.14,29207.07,75.32,2092.68,17801.77,0,0,0,0
2006-01-31 16:00:00,0,2025.45,0,287.21,11408.71,5238.29,6212.27,0,0,1772.77,13038.68,191.52,0,16761.83,1349.96,4193.34,74902.99,0,21142.13,0,0,90945.07,0,0,0,2505.1,2372.25,0,24030.87,28584.07,73.64,2068.59,17823.61,0,0,0,0
2006-01-31 17:00:00,0,1973.88,0,287.52,11500.47,5232.37,6411.22,0,0,1758.27,12918.33,192.32,0,16994.25,1305.42,4152.44,74244.34,0,21324.8,0,0,91173.25,0,0,0,2497.66,2417.43,0,23746.11,27944.85,71.87,2087.81,17674.48,0,0,0,0
2006-01-31 18:00:00,0,1966.62,0,289.78,11899.27,5352.31,6751.79,0,0,1798.16,12523.61,197.13,0,17173.48,1365.33,4223.6,74338.12,0,21664.93,0,0,92680.51,0,0,0,2583.75,2504.57,0,24034.36,27546.91,71.07,2109.37,18177.01,0,0,0,0
2006-01-31 19:00:00,0,2245.2,0,319.58,12882.1,6081.8,7562.12,0,0,2093.71,13836.23,222.24,0,17283.19,1564.52,4475.32,76457.59,0,21317.59,0,0,97465.31,0,0,0,2869.93,2853.77,0,25446.93,28925.35,76.41,2509.48,18412.57,0,0,0,0
2006-01-31 20:00:00,0,2358.45,0,316.99,13150.98,6123.33,7415.13,0,0,1994.23,12915.2,220.86,0,16374.63,1524.97,4395.6,76457.25,0,20683.52,0,0,94464.35,0,0,0,2929.99,2921.26,0,26375.46,29612.74,75.81,2409.57,19107.6,0,0,0,0
2006-01-31 21:00:00,0,2445.29,0,309.17,13142.07,6080.77,7273.22,0,0,1898.5,12229.01,222.48,0,15408.54,1477.07,4307.29,76057.28,0,19820.63,0,0,91080.71,0,0,0,2924.5,2927.97,0,26568.82,30260.4,74.99,2313.7,19441.18,0,0,0,0
2006-01-31 22:00:00,0,2414.11,0,291.62,12754.04,5806.78,7146.31,0,0,1813.75,11543.03,212.01,0,14448.99,1441.66,4207.53,74154.73,0,18631.09,0,0,87916.48,0,0,0,2859.28,2898.85,0,25786.93,29701.98,73.92,2224.5,19222.26,0,0,0,0
2006-01-31 23:00:00,0,2296.56,0,272.94,12332.47,5535.11,7138.18,0,0,1728.51,10813.11,200.6,0,13384.65,1421.7,4093.42,71625.44,0,17422.53,0,0,84695.27,0,0,0,2804.95,2887.24,0,24929.58,28613.78,73.24,2144.51,18603.08,0,0,0,0
2006-02-01 00:00:00,0,2171.84,0,257.03,11971.17,5298.9,7122.21,0,0,1657.99,10114.19,188.34,0,12463.6,1396.74,3979.94,68996.07,0,16466.81,0,0,81509.55,0,0,0,2734.6,2863.42,0,24134.91,27504.58,72.66,2064.51,17997.53,0,0,0,0
2006-02-01 01:00:00,0,2055.24,0,244.69,11676.02,5044.72,7106.79,0,0,1597.28,9373.81,176.37,0,11805.2,1369.18,3873.28,66284.76,0,15525.79,0,0,78394.16,0,0,0,2691.09,2879.45,0,23432.57,26432.93,72.05,1986.12,17386.07,0,0,0,0
2006-02-01 02:00:00,0,1963.85,0,237.62,11540.53,4951.19,7168.54,0,0,1560.04,8752.09,169.68,0,11844.07,1379.52,3772.85,63840.13,0,14705.75,0,0,76263.87,0,0,0,2691.23,2965.22,0,23263.61,25400.17,71.6,1946.46,17119.06,0,0,0,0
2006-02-01 03:00:00,0,1956.49,0,246.0,11672.66,5219.1,7395.16,0,0,1623.18,9057.31,175.26,0,12154.86,1456.18,3749.06,62296.69,0,14463.93,0,0,75772.83,0,0,0,2778.09,3064.2,0,23873.56,24757.06,71.27,2034.56,17233.28,0,0,0,0
2006-02-01 04:00:00,0,2003.5,0,260.42,12232.0,5588.18,7753.27,0,0,1713.89,9469.27,186.9,0,12480.71,1554.74,3876.24,63436.92,0,14785.09,0,0,77492.71,0,0,0,2896.41,3167.51,0,24673.94,24946.29,72.66,2176.62,17627.46,0,0,0,0
2006-02-01 05:00:00,0,2102.16,0,278.37,12800.1,5967.65,8091.46,0,0,1807.14,9935.69,198.32,0,12586.91,1644.97,4042.77,65203.78,0,15369.6,0,0,79652.84,0,0,0,3026.3,3269.37,0,25521.45,25552.21,74.86,2316.73,18131.09,0,0,0,0
2006-02-01 06:00:00,0,2213.31,0,292.76,13371.9,6303.81,8409.03,0,0,1891.62,10433.78,208.09,0,12933.02,1735.85,4211.19,67094.94,0,15984.22,0,0,82114.66,0,0,0,3131.22,3343.65,0,26484.17,26437.2,77.31,2426.31,18623.97,0,0,0,0
2006-02-01 07:00:00,0,2306.67,0,308.83,13950.87,6621.75,8718.21,0,0,1968.48,10912.61,221.12,0,13247.77,1833.77,4374.89,68974.82,0,16632.88,0,0,85020.33,0,0,0,3218.59,3388.74,0,27436.39,27387.84,80.16,2515.61,19096.82,0,0,0,0
2006-02-01 08:00:00,0,2390.53,0,351.73,14885.32,7155.4,9118.01,0,0,2109.85,12419.45,237.52,0,14888.08,1925.37,4575.26,71059.25,0,18606.14,0,0,91380.24,0,0,0,3423.74,3504.6,0,29109.84,28379.45,82.94,2661.58,19853.66,0,0,0,0
2006-02-01 09:00:00,0,2496.72,0,363.25,14656.98,7057.1,8669.9,0,0,2009.38,12480.03,241.64,0,15169.09,1839.27,4638.07,75130.85,0,18836.39,0,0,91588.39,0,0,0,3266.86,3279.28,0,30251.76,29767.59,84.76,2524.98,20447.09,0,0,0,0
2006-02-01 10:00:00,0,2502.01,0,342.65,13997.89,6424.15,8123.77,0,0,1868.16,12423.41,217.94,0,14933.63,1596.21,4479.26,76442.0,0,18888.54,0,0,90542.62,0,0,0,3056.59,3046.95,0,28077.73,30405.37,84.31,2305.58,19194.18,0,0,0,0
2006-02-01 11:00:00,0,2422.48,0,323.16,13007.04,5979.03,7529.02,0,0,1808.47,12559.53,198.25,0,14719.26,1485.98,4382.04,76264.16,0,18928.39,0,0,88571.21,0,0,0,2886.77,2852.77,0,26386.46,30229.58,81.45,2217.58,18093.25,0,0,0,0
2006-02-01 12:00:00,0,2309.12,0,314.91,12347.76,5723.78,7085.4,0,0,1779.76,12674.38,192.82,0,14757.93,1435.84,4294.64,75619.64,0,18950.13,0,0,86807.26,0,0,0,2769.94,2685.91,0,25142.71,29671.49,78.08,2166.51,17422.48,0,0,0,0
2006-02-01 13:00:00,0,2213.03,0,308.91,11904.0,5519.29,6756.05,0,0,1761.73,12724.68,185.87,0,14843.56,1395.89,4190.84,74807.92,0,19036.28,0,0,85597.84,0,0,0,2666.62,2548.27,0,24409.12,28984.67,75.55,2129.51,16976.84,0,0,0,0
2006-02-01 14:00:00,0,2120.25,0,300.79,11600.99,5279.89,6508.69,0,0,1758.56,12674.32,182.48,0,14735.89,1352.06,4121.67,74526.09,0,19051.47,0,0,84907.74,0,0,0,2588.59,2453.57,0,23726.63,28379.96,74.28,2084.66,16692.51,0,0,0,0
2006-02-01 15:00:00,0,2046.86,0,289.21,11327.18,5121.65,6259.51,0,0,1775.62,12773.16,180.7,0,14642.56,1315.31,4031.72,73994.79,0,19171.35,0,0,84654.48,0,0,0,2513.28,2391.09,0,23348.56,27876.44,73.33,2062.07,16550.39,0,0,0,0
2006-02-01 16:00:00,0,1988.39,0,279.68,11139.77,5134.89,6135.38,0,0,1818.17,13168.24,184.31,0,14757.24,1306.72,3962.17,73646.11,0,19366.0,0,0,85048.09,0,0,0,2423.72,2344.96,0,23232.99,27495.11,72.89,2057.8,16446.38,0,0,0,0
2006-02-01 17:00:00,0,1977.32,0,277.56,11199.78,5246.16,6326.76,0,0,1866.14,13532.79,187.83,0,15333.3,1314.73,3928.13,73631.33,0,19958.43,0,0,87603.94,0,0,0,2428.22,2354.52,0,22967.7,27140.99,72.51,2118.31,16474.17,0,0,0,0
2006-02-01 18:00:00,0,2055.59,0,281.54,11845.66,5427.84,6763.91,0,0,1845.01,13043.84,196.77,0,15674.85,1366.29,3968.64,73993.17,0,20548.32,0,0,90562.17,0,0,0,2472.38,2447.67,0,23218.52,26824.87,71.9,2163.4,16779.59,0,0,0,0
2006-02-01 19:00:00,0,2178.04,0,318.79,12533.77,5996.48,7521.84,0,0,2089.38,14132.15,219.22,0,16632.63,1582.02,4250.33,76689.35,0,20675.34,0,0,96644.15,0,0,0,2740.12,2701.89,0,24729.09,27554.7,73.6,2489.56,17657.46,0,0,0,0
2006-02-01 20:00:00,0,2288.29,0,317.78,12673.97,5953.92,7326.92,0,0,1964.47,13222.36,215.66,0,15815.18,1534.11,4159.52,76383.84,0,20031.1,0,0,94200.63,0,0,0,2790.44,2732.54,0,25404.85,28436.12,72.47,2377.98,18129.21,0,0,0,0
2006-02-01 21:00:00,0,2382.3,0,310.39,12612.07,5731.44,7114.14,0,0,1846.53,12414.09,215.65,0,14965.85,1465.07,4040.98,75801.06,0,19365.51,0,0,91207.74,0,0,0,2776.47,2723.22,0,25535.86,29219.5,71.54,2266.05,18417.35,0,0,0,0
2006-02-01 22:00:00,0,2366.25,0,294.69,12111.86,5359.28,6858.86,0,0,1728.03,11522.71,204.82,0,14103.21,1387.57,3930.24,73635.07,0,18328.09,0,0,87853.12,0,0,0,2668.44,2655.92,0,24684.37,28862.87,70.54,2159.29,17910.89,0,0,0,0
2006-02-01 23:00:00,0,2281.86,0,278.36,11594.56,4977.57,6628.53,0,0,1610.32,10656.97,191.52,0,13256.13,1302.19,3796.24,71140.5,0,17282.99,0,0,84630.3,0,0,0,2574.93,2577.38,0,23703.86,27825.7,69.46,2046.92,17256.71,0,0,0,0
2006-02-02 00:00:00,0,2192.12,0,257.41,11158.92,4574.82,6412.63,0,0,1488.55,9750.95,176.92,0,12398.26,1210.73,3663.33,68674.34,0,16210.02,0,0,81198.88,0,0,0,2493.13,2517.26,0,22729.74,26814.7,68.32,1925.04,16609.28,0,0,0,0
2006-02-02 01:00:00,0,2100.75,0,241.31,10799.25,4229.15,6176.22,0,0,1381.61,8881.69,162.68,0,12003.82,1134.02,3538.77,66129.2,0,15199.15,0,0,78192.43,0,0,0,2435.73,2490.05,0,21720.41,25693.93,67.58,1822.82,15934.06,0,0,0,0
2006-02-02 02:00:00,0,2039.25,0,231.51,10667.26,3987.6,6157.6,0,0,1286.45,8090.81,151.67,0,11907.88,1093.81,3405.53,63867.67,0,14509.42,0,0,76233.74,0,0,0,2428.39,2538.06,0,21169.64,24649.37,66.64,1724.86,15343.02,0,0,0,0
2006-02-02 03:00:00,0,2053.2,0,234.98,10839.27,4113.41,6338.11,0,0,1296.73,8185.84,151.34,0,12072.91,1125.92,3356.72,62951.78,0,14339.44,0,0,76113.19,0,0,0,2496.9,2629.4,0,21435.13,24123.28,66.18,1730.09,15349.34,0,0,0,0
2006-02-02 04:00:00,0,2122.26,0,246.22,11384.62,4324.31,6691.84,0,0,1353.46,8584.99,159.2,0,12385.5,1195.86,3507.43,63606.87,0,14766.74,0,0,78180.41,0,0,0,2611.9,2722.15,0,21913.41,24254.85,67.07,1775.41,15778.35,0,0,0,0
2006-02-02 05:00:00,0,2179.9,0,258.96,12001.82,4502.38,7090.24,0,0,1408.28,8998.7,165.2,0,12726.63,1264.87,3676.44,65191.4,0,15373.06,0,0,80698.62,0,0,0,2723.29,2817.46,0,22546.47,24931.2,68.41,1816.69,16311.8,0,0,0,0
2006-02-02 06:00:00,0,2250.5,0,269.15,12618.34,4653.39,7455.0,0,0,1462.33,9415.75,170.15,0,13078.36,1312.89,3836.22,66761.65,0,16021.62,0,0,83196.21,0,0,0,2834.28,2914.3,0,23224.85,25758.01,70.65,1855.38,16793.8,0,0,0,0
2006-02-02 07:00:00,0,2340.7,0,286.65,13161.63,4831.56,7819.83,0,0,1514.59,9825.11,172.38,0,13433.73,1341.3,3993.98,68422.92,0,16698.74,0,0,86208.79,0,0,0,2937.17,2995.55,0,23881.86,26687.49,72.62,1908.85,17300.16,0,0,0,0
2006-02-02 08:00:00,0,2423.65,0,307.69,14031.11,5189.76,8264.09,0,0,1666.89,10826.74,183.51,0,14811.59,1423.9,4165.2,70223.14,0,18651.27,0,0,91388.48,0,0,0,3148.67,3117.62,0,24946.11,27660.69,73.72,1990.6,17846.53,0,0,0,0
2006-02-02 09:00:00,0,2509.6,0,323.95,13917.7,5260.8,8080.17,0,0,1748.0,11956.2,191.18,0,14733.53,1392.78,4308.36,74142.71,0,18775.66,0,0,91846.3,0,0,0,3116.45,3030.26,0,25992.79,28969.75,75.07,2040.35,18641.32,0,0,0,0
2006-02-02 10:00:00,0,2476.94,0,311.16,13305.23,5319.35,7480.99,0,0,1790.47,12710.66,187.13,0,14622.84,1316.01,4278.13,75953.83,0,18519.62,0,0,89733.04,0,0,0,2874.63,2762.67,0,25642.69,29321.59,75.87,2134.16,18534.56,0,0,0,0
2006-02-02 11:00:00,0,2328.18,0,298.93,12668.87,5430.67,6970.36,0,0,1844.81,13349.05,185.57,0,14375.34,1283.43,4208.3,75975.99,0,18306.08,0,0,87586.2,0,0,0,2651.48,2562.94,0,24984.3,28801.94,74.7,2192.18,18168.27,0,0,0,0
2006-02-02 12:00:00,0,2178.77,0,300.55,12059.64,5572.42,6545.43,0,0,1932.85,13987.0,192.43,0,14228.78,1280.67,4115.4,75445.27,0,18145.25,0,0,85476.83,0,0,0,2524.61,2413.49,0,24529.12,28364.57,73.41,2313.43,17905.56,0,0,0,0
2006-02-02 13:00:00,0,2083.73,0,296.85,11597.12,5723.47,6221.99,0,0,2015.22,14660.13,194.28,0,14142.31,1302.41,4066.15,75088.01,0,18118.92,0,0,83861.31,0,0,0,2452.16,2307.99,0,24234.05,28220.17,72.12,2445.5,17655.03,0,0,0,0
2006-02-02 14:00:00,0,2036.04,0,298.41,11335.84,5962.97,6076.97,0,0,2085.5,15363.42,213.89,0,14102.29,1341.61,4042.3,74682.83,0,18072.6,0,0,82485.65,0,0,0,2417.15,2237.03,0,24128.91,28011.83,71.8,2551.47,17524.1,0,0,0,0
2006-02-02 15:00:00,0,1983.91,0,299.76,11239.66,6220.26,6078.94,0,0,2167.96,15898.36,218.52,0,14246.71,1378.2,3999.64,74157.09,0,18066.18,0,0,82542.97,0,0,0,2427.68,2238.35,0,23779.28,27694.2,71.25,2632.62,17364.3,0,0,0,0
2006-02-02 16:00:00,0,1931.67,0,289.36,11198.64,6392.77,6158.85,0,0,2216.49,16254.01,226.22,0,14394.49,1411.87,3951.65,73390.28,0,18290.31,0,0,82812.96,0,0,0,2462.71,2256.83,0,23970.72,27384.38,70.97,2637.24,17456.0,0,0,0,0
2006-02-02 17:00:00,0,1912.01,0,286.75,11414.44,6435.83,6277.69,0,0,2236.95,16089.93,229.0,0,14970.14,1420.21,3905.05,72968.57,0,18634.06,0,0,84815.63,0,0,0,2485.2,2284.87,0,23840.05,27085.58,70.78,2598.36,17525.24,0,0,0,0
2006-02-02 18:00:00,0,1983.15,0,283.05,11884.98,6185.5,6526.07,0,0,2187.31,15499.0,222.77,0,15239.57,1404.51,3907.9,72567.24,0,19078.28,0,0,86960.48,0,0,0,2511.96,2295.45,0,23605.32,26610.0,71.51,2509.81,17617.69,0,0,0,0
2006-02-02 19:00:00,0,2144.17,0,294.58,12599.73,6700.59,7218.44,0,0,2398.14,16054.04,255.01,0,16179.32,1572.53,4200.36,75351.13,0,19846.23,0,0,92622.22,0,0,0,2660.26,2602.91,0,24441.7,27795.8,72.98,2788.27,17872.02,0,0,0,0
2006-02-02 20:00:00,0,2231.1,0,276.42,12643.36,6452.63,6958.24,0,0,2231.85,14999.96,245.59,0,15289.9,1479.86,4073.31,75199.39,0,19216.34,0,0,89892.92,0,0,0,2668.17,2544.43,0,24603.47,28479.95,71.49,2602.73,18119.88,0,0,0,0
2006-02-02 21:00:00,0,2319.04,0,272.25,12441.63,6171.56,6658.8,0,0,2082.08,14113.14,238.5,0,14416.66,1371.73,3926.69,74662.97,0,18698.27,0,0,86876.21,0,0,0,2676.94,2436.06,0,24288.43,29209.18,70.48,2420.28,18146.53,0,0,0,0
2006-02-02 22:00:00,0,2298.74,0,279.91,11698.03,5631.5,6324.21,0,0,1943.36,13264.05,224.38,0,13571.22,1292.58,3788.17,72450.69,0,17757.95,0,0,83655.2,0,0,0,2523.11,2282.0,0,23007.36,28954.68,69.6,2245.73,17136.58,0,0,0,0
2006-02-02 23:00:00,0,2206.49,0,259.53,10996.78,5120.51,5959.85,0,0,1809.57,12343.88,206.53,0,12689.4,1240.52,3633.17,69922.46,0,16785.86,0,0,80679.96,0,0,0,2365.18,2157.9,0,21724.91,27914.66,68.93,2102.16,16146.35,0,0,0,0
2006-02-03 00:00:00,0,2126.86,0,238.32,10240.63,4638.2,5545.85,0,0,1675.2,11332.94,190.95,0,11902.09,1135.16,3476.8,67364.95,0,15754.68,0,0,77548.84,0,0,0,2200.81,2040.44,0,20471.05,26868.88,67.95,1952.09,15310.11,0,0,0,0
2006-02-03 01:00:00,0,2026.89,0,220.13,9469.5,4158.03,5104.86,0,0,1539.28,10385.23,174.36,0,11421.63,1039.01,3339.03,64884.42,0,14701.68,0,0,74250.09,0,0,0,2071.85,1937.52,0,19292.99,25839.45,67.24,1817.04,14583.18,0,0,0,0
2006-02-03 02:00:00,0,1960.53,0,204.97,8938.7,3784.79,4771.35,0,0,1418.47,9403.55,158.47,0,11256.38,938.36,3244.95,62685.2,0,13920.28,0,0,71630.74,0,0,0,2011.08,1868.37,0,18650.36,24826.57,66.45,1701.21,13968.22,0,0,0,0
2006-02-03 03:00:00,0,1958.71,0,199.26,8869.6,3665.44,4629.85,0,0,1350.71,9068.89,151.09,0,11398.92,930.07,3199.62,62001.09,0,13789.26,0,0,70935.08,0,0,0,1980.58,1823.97,0,18799.87,24511.52,66.45,1653.27,13954.79,0,0,0,0
2006-02-03 04:00:00,0,2047.52,0,206.79,9104.85,3813.65,4692.11,0,0,1376.85,9307.2,154.94,0,11822.04,980.13,3299.69,62986.76,0,14192.79,0,0,72622.02,0,0,0,2007.41,1843.05,0,19390.91,24788.97,67.64,1694.86,14430.46,0,0,0,0
2006-02-03 05:00:00,0,2156.04,0,215.22,9594.06,3993.5,4908.94,0,0,1417.99,9632.55,160.53,0,12279.04,1024.2,3455.11,64791.27,0,14781.61,0,0,74774.17,0,0,0,2083.1,1908.77,0,19968.32,25684.56,69.25,1759.6,14987.94,0,0,0,0
2006-02-03 06:00:00,0,2285.61,0,223.99,10041.54,4213.13,5157.6,0,0,1477.37,10019.87,168.01,0,12650.61,1070.73,3617.15,66770.29,0,15352.47,0,0,76925.1,0,0,0,2158.51,1978.24,0,20555.94,26786.82,71.06,1842.33,15558.25,0,0,0,0
2006-02-03 07:00:00,0,2385.49,0,232.24,10474.78,4408.38,5423.36,0,0,1533.98,10394.96,174.29,0,12999.61,1116.64,3766.72,68612.57,0,15928.05,0,0,78939.11,0,0,0,2254.77,2054.31,0,21115.07,27842.88,73.02,1879.74,16093.33,0,0,0,0
2006-02-03 08:00:00,0,2479.49,0,241.78,11260.28,4689.37,5821.73,0,0,1659.53,11105.49,177.87,0,13534.8,1167.51,3914.89,70632.03,0,16803.69,0,0,81800.82,0,0,0,2388.24,2131.38,0,21953.92,28872.66,75.54,1949.8,16721.8,0,0,0,0
2006-02-03 09:00:00,0,2612.64,0,256.28,11483.61,4939.66,6083.69,0,0,1761.18,11769.79,184.66,0,14057.53,1218.15,4088.05,75058.18,0,17691.66,0,0,85382.58,0,0,0,2460.43,2214.66,0,22915.0,30533.74,78.33,2032.25,17440.84,0,0,0,0
2006-02-03 10:00:00,0,2553.79,0,272.69,11374.87,5145.98,6216.05,0,0,1843.47,12239.92,186.81,0,14545.69,1255.66,4157.88,76316.28,0,18336.76,0,0,85790.48,0,0,0,2488.34,2217.7,0,23150.32,31071.81,80.34,2101.64,17700.77,0,0,0,0
2006-02-03 11:00:00,0,2438.94,0,279.99,11133.16,5384.84,6044.44,0,0,1933.09,12801.45,191.04,0,14684.5,1282.81,4158.6,75887.25,0,18779.17,0,0,85023.37,0,0,0,2495.61,2203.4,0,23255.63,30777.16,80.04,2185.93,17527.21,0,0,0,0
2006-02-03 12:00:00,0,2343.57,0,281.28,10963.91,5668.63,5771.25,0,0,1998.13,13503.07,195.82,0,14738.55,1309.77,4152.88,75762.83,0,18922.31,0,0,84101.49,0,0,0,2481.95,2199.35,0,23449.74,30596.5,78.08,2299.44,17151.78,0,0,0,0
2006-02-03 13:00:00,0,2266.21,0,291.1,10778.71,5886.57,5647.32,0,0,2053.05,14350.12,201.63,0,14796.4,1330.27,4125.87,75893.15,0,18938.37,0,0,83128.84,0,0,0,2457.11,2224.86,0,23095.21,30329.52,77.22,2366.54,16904.78,0,0,0,0
2006-02-03 14:00:00,0,2220.63,0,294.41,10610.91,5991.55,5687.43,0,0,2086.83,14907.76,205.82,0,14846.85,1347.91,4088.51,75809.75,0,18959.53,0,0,82523.75,0,0,0,2435.61,2283.2,0,22803.85,30031.26,76.14,2447.71,16765.5,0,0,0,0
2006-02-03 15:00:00,0,2197.38,0,302.32,10494.37,6087.63,5745.53,0,0,2129.91,15394.71,210.88,0,14826.67,1362.73,4041.59,75242.38,0,18583.22,0,0,81959.97,0,0,0,2443.64,2286.12,0,22379.24,29657.08,75.52,2524.54,16618.2,0,0,0,0
2006-02-03 16:00:00,0,2176.09,0,300.78,10534.17,6187.48,5858.49,0,0,2156.84,15512.56,214.7,0,14755.63,1387.67,3974.31,74742.91,0,18260.58,0,0,81774.86,0,0,0,2442.54,2281.27,0,22265.15,29266.58,75.3,2514.55,16634.31,0,0,0,0
2006-02-03 17:00:00,0,2179.7,0,296.68,10599.37,6180.85,5970.36,0,0,2161.37,15507.52,215.25,0,14719.87,1414.68,3893.0,74674.85,0,18388.47,0,0,82515.38,0,0,0,2452.04,2267.5,0,22419.65,29008.88,74.54,2518.64,16516.31,0,0,0,0
2006-02-03 18:00:00,0,2238.32,0,285.15,10613.3,5952.86,5996.29,0,0,2127.85,15109.55,215.83,0,14885.98,1397.52,3887.01,74821.89,0,18650.82,0,0,83707.79,0,0,0,2462.93,2295.41,0,22449.91,28811.7,74.45,2465.69,16600.69,0,0,0,0
2006-02-03 19:00:00,0,2433.14,0,289.44,10850.75,5910.69,6378.88,0,0,2096.16,14878.96,225.4,0,14448.63,1481.26,3768.19,74549.63,0,18282.38,0,0,84871.13,0,0,0,2559.32,2534.72,0,22768.19,29319.4,72.17,2428.49,15822.76,0,0,0,0
2006-02-03 20:00:00,0,2578.97,0,282.84,10870.58,5783.96,6115.05,0,0,1964.68,13852.98,221.79,0,13867.98,1388.24,3671.76,74922.56,0,17841.5,0,0,83053.32,0,0,0,2533.43,2498.32,0,23234.61,29801.3,72.22,2280.32,16262.25,0,0,0,0
2006-02-03 21:00:00,0,2714.12,0,278.09,10852.95,5558.03,5893.24,0,0,1827.14,12945.09,217.27,0,13231.89,1309.28,3592.09,74917.54,0,17375.45,0,0,81215.16,0,0,0,2527.75,2420.75,0,23222.9,29899.88,72.71,2141.74,16917.76,0,0,0,0
2006-02-03 22:00:00,0,2746.75,0,259.57,10217.57,5149.97,5662.17,0,0,1704.43,12089.45,198.87,0,12674.76,1242.64,3512.47,73731.71,0,16692.7,0,0,79048.29,0,0,0,2406.67,2308.48,0,22150.82,29551.61,73.59,2003.22,16454.2,0,0,0,0
2006-02-03 23:00:00,0,2708.15,0,243.51,9625.73,4736.3,5437.35,0,0,1573.93,11205.2,189.11,0,12076.2,1185.88,3439.12,72291.73,0,16010.94,0,0,76575.9,0,0,0,2265.98,2199.64,0,21144.41,29069.85,73.39,1895.64,15852.65,0,0,0,0
2006-02-04 00:00:00,0,2657.55,0,227.5,9171.49,4421.28,5207.91,0,0,1474.99,10408.7,172.29,0,11455.36,1115.49,3339.78,70638.23,0,15244.66,0,0,74419.94,0,0,0,2171.68,2080.3,0,20164.57,28537.17,73.33,1784.44,15293.14,0,0,0,0
2006-02-04 01:00:00,0,2617.16,0,212.71,8809.41,4124.21,4977.01,0,0,1368.81,9697.05,163.16,0,11025.63,1031.13,3292.18,68593.93,0,14529.03,0,0,72461.22,0,0,0,2088.18,1991.06,0,19375.48,27995.99,73.37,1697.0,14775.73,0,0,0,0
2006-02-04 02:00:00,0,2624.99,0,199.59,8638.75,3871.98,4784.22,0,0,1272.28,9112.25,155.26,0,10922.16,969.98,3223.61,66777.55,0,13990.49,0,0,70629.58,0,0,0,2018.8,1909.61,0,18900.38,27604.52,73.68,1579.16,14267.81,0,0,0,0
2006-02-04 03:00:00,0,2652.98,0,193.15,8592.02,3654.46,4645.27,0,0,1228.54,8761.04,149.86,0,10963.03,943.77,3185.83,65821.43,0,13768.86,0,0,69741.23,0,0,0,1962.74,1877.83,0,18540.26,27298.95,74.38,1463.57,14111.13,0,0,0,0
2006-02-04 04:00:00,0,2699.6,0,195.61,8432.23,3607.72,4624.9,0,0,1206.51,8630.23,146.56,0,11089.16,930.5,3174.76,65319.01,0,13851.85,0,0,70152.68,0,0,0,1945.12,1864.1,0,18570.47,27281.85,74.9,1400.91,14059.21,0,0,0,0
2006-02-04 05:00:00,0,2788.0,0,200.16,8487.44,3636.01,4708.92,0,0,1209.43,8621.31,146.99,0,11308.14,966.07,3263.23,65962.72,0,14031.97,0,0,71508.46,0,0,0,1964.68,1895.12,0,18801.88,27702.28,76.54,1436.97,14340.31,0,0,0,0
2006-02-04 06:00:00,0,2875.25,0,208.09,8738.74,3709.46,4813.42,0,0,1239.89,8792.92,152.23,0,11575.11,994.32,3412.49,67244.11,0,14279.09,0,0,73400.89,0,0,0,1978.7,1944.68,0,19144.24,28280.56,77.94,1489.18,14911.41,0,0,0,0
2006-02-04 07:00:00,0,2962.98,0,215.61,9025.23,3859.16,4944.18,0,0,1272.81,9091.98,159.27,0,11787.18,1015.08,3544.22,68384.99,0,14642.08,0,0,75432.62,0,0,0,2007.65,1987.12,0,19608.31,28978.37,79.63,1565.81,15576.98,0,0,0,0
2006-02-04 08:00:00,0,3048.49,0,221.31,9344.49,4147.78,5157.67,0,0,1342.66,9584.36,166.14,0,12090.43,1030.18,3693.79,69671.55,0,15175.91,0,0,77995.1,0,0,0,2044.86,2027.02,0,20654.14,29693.76,81.37,1678.71,16485.73,0,0,0,0
2006-02-04 09:00:00,0,3204.05,0,235.24,9580.51,4417.88,5309.02,0,0,1436.59,10154.93,170.4,0,12231.47,1080.18,3846.3,71802.52,0,15299.02,0,0,79275.21,0,0,0,2107.44,2085.21,0,22618.05,30411.23,82.79,1769.84,17940.55,0,0,0,0
2006-02-04 10:00:00,0,3249.59,0,251.18,9754.31,4679.78,5402.18,0,0,1524.71,10642.65,171.42,0,12276.33,1113.8,3938.28,73425.27,0,15642.17,0,0,80902.52,0,0,0,2171.25,2129.23,0,24387.34,30948.98,83.5,1844.73,18783.47,0,0,0,0
2006-02-04 11:00:00,0,3160.4,0,259.21,9775.67,5016.98,5441.52,0,0,1594.53,11171.67,171.23,0,12431.12,1189.02,4015.17,74160.7,0,15865.85,0,0,81909.24,0,0,0,2221.97,2147.64,0,25547.45,30594.93,83.63,1972.69,19143.86,0,0,0,0
2006-02-04 12:00:00,0,3046.8,0,280.68,9713.09,5237.67,5476.48,0,0,1672.99,11790.0,173.9,0,12556.83,1216.78,4095.66,74133.92,0,16079.05,0,0,82356.13,0,0,0,2268.84,2175.07,0,25800.56,29903.39,82.12,2063.06,19295.49,0,0,0,0
2006-02-04 13:00:00,0,2945.08,0,278.16,9622.53,5362.39,5466.75,0,0,1722.23,12262.53,175.59,0,12654.94,1259.16,4131.66,73704.2,0,16540.61,0,0,82929.18,0,0,0,2294.75,2198.67,0,25846.7,29321.17,80.57,2122.81,19229.71,0,0,0,0
2006-02-04 14:00:00,0,2829.91,0,273.05,9514.96,5426.44,5451.93,0,0,1742.6,12449.2,178.87,0,12797.58,1255.1,4167.05,73376.36,0,16638.75,0,0,83217.23,0,0,0,2301.17,2223.49,0,25862.39,28776.71,78.54,2109.06,19223.01,0,0,0,0
2006-02-04 15:00:00,0,2707.57,0,267.9,9295.04,5497.96,5362.15,0,0,1773.7,12890.22,179.24,0,13130.23,1280.46,4175.67,72879.89,0,17289.6,0,0,83678.97,0,0,0,2341.55,2292.17,0,25980.12,28228.14,75.77,2148.95,19225.1,0,0,0,0
2006-02-04 16:00:00,0,2613.73,0,260.01,9107.69,5430.59,5336.09,0,0,1777.39,13166.23,179.63,0,13562.54,1269.7,4202.47,72305.1,0,17523.83,0,0,84310.66,0,0,0,2374.8,2408.32,0,26197.15,27801.3,73.6,2099.59,19251.79,0,0,0,0
2006-02-04 17:00:00,0,2567.35,0,258.84,9271.84,5242.62,5378.24,0,0,1763.46,13290.2,180.48,0,14117.37,1245.19,4266.89,71499.45,0,17949.16,0,0,84837.63,0,0,0,2379.75,2479.26,0,26066.66,27404.17,71.97,2046.15,19185.58,0,0,0,0
2006-02-04 18:00:00,0,2544.75,0,252.24,9743.47,4874.37,5529.38,0,0,1710.61,13118.89,182.68,0,14506.93,1195.13,4336.7,71169.85,0,18341.64,0,0,85710.43,0,0,0,2408.03,2512.25,0,25929.79,27055.87,71.63,1985.42,19217.58,0,0,0,0
2006-02-04 19:00:00,0,2812.22,0,303.33,11455.44,5505.73,6445.9,0,0,1957.3,13553.04,206.9,0,15040.4,1482.88,4815.21,78969.64,0,19362.97,0,0,94225.17,0,0,0,2772.55,2637.68,0,28838.26,29757.74,85.57,2292.63,21127.33,0,0,0,0
2006-02-04 20:00:00,0,2939.59,0,306.06,11849.85,5455.03,6310.2,0,0,1860.0,12537.79,203.3,0,14410.96,1435.48,4765.94,79365.73,0,18752.36,0,0,91391.79,0,0,0,2834.55,2694.43,0,29677.61,30217.05,84.74,2178.77,21636.94,0,0,0,0
2006-02-04 21:00:00,0,3059.82,0,305.86,11929.96,5393.6,6131.13,0,0,1768.88,12013.76,201.95,0,13760.42,1395.9,4689.49,79277.11,0,18071.21,0,0,88217.6,0,0,0,2889.18,2743.58,0,29630.99,30381.85,83.87,2089.88,22006.07,0,0,0,0
2006-02-04 22:00:00,0,3047.05,0,295.09,11705.35,5049.33,6073.27,0,0,1680.12,11622.13,196.09,0,13077.97,1354.61,4592.82,77616.08,0,17157.76,0,0,85115.34,0,0,0,2812.45,2765.93,0,29089.76,30159.21,82.7,1997.06,21470.81,0,0,0,0
2006-02-04 23:00:00,0,2975.64,0,287.67,11359.03,4704.95,6079.85,0,0,1593.12,10975.47,194.68,0,12388.18,1323.12,4503.8,75747.7,0,16329.46,0,0,81845.16,0,0,0,2764.83,2818.7,0,28232.43,29630.77,81.5,1912.18,20990.11,0,0,0,0
2006-02-05 00:00:00,0,2904.57,0,283.5,11069.63,4371.48,6129.36,0,0,1527.62,10410.94,195.52,0,11666.24,1308.72,4431.51,73744.24,0,15348.72,0,0,78532.44,0,0,0,2734.79,2886.48,0,27496.38,29104.82,80.41,1827.1,20476.11,0,0,0,0
2006-02-05 01:00:00,0,2861.13,0,280.93,10882.93,4060.4,6148.74,0,0,1479.55,10000.34,191.0,0,11079.31,1327.58,4325.89,71662.19,0,14348.33,0,0,75531.43,0,0,0,2722.6,2950.78,0,27026.93,28628.0,80.29,1751.47,19978.04,0,0,0,0
2006-02-05 02:00:00,0,2860.69,0,282.42,10829.94,4029.44,6224.72,0,0,1460.59,9791.7,188.17,0,10843.23,1382.71,4243.98,69646.88,0,13529.71,0,0,73813.28,0,0,0,2726.88,2985.58,0,26554.31,28203.45,80.39,1692.68,19972.13,0,0,0,0
2006-02-05 03:00:00,0,2859.53,0,313.97,10817.44,4025.59,6284.65,0,0,1453.9,9709.25,189.22,0,10765.02,1444.57,4182.6,68537.58,0,13090.39,0,0,71817.91,0,0,0,2745.74,3065.45,0,27035.13,27820.64,80.57,1656.58,20127.52,0,0,0,0
2006-02-05 04:00:00,0,2889.03,0,352.61,11050.98,4268.61,6458.0,0,0,1467.55,9973.73,197.1,0,10808.66,1561.73,4182.41,67823.81,0,12821.82,0,0,71679.51,0,0,0,2783.73,3164.68,0,27685.85,27749.86,81.27,1665.07,20412.33,0,0,0,0
2006-02-05 05:00:00,0,2944.56,0,371.11,11413.31,4735.66,6782.81,0,0,1559.31,10346.62,214.2,0,10951.61,1701.47,4240.26,68496.8,0,13021.27,0,0,73667.34,0,0,0,2852.03,3248.81,0,27990.49,28046.13,82.3,1732.56,20858.01,0,0,0,0
2006-02-05 06:00:00,0,3002.21,0,362.79,11840.36,5209.02,7153.33,0,0,1691.14,10990.38,230.25,0,11114.27,1850.14,4329.29,69623.11,0,12967.46,0,0,75515.12,0,0,0,2910.11,3308.4,0,28494.93,28426.27,83.28,1845.09,21275.91,0,0,0,0
2006-02-05 07:00:00,0,3061.46,0,356.71,12248.66,5751.46,7511.51,0,0,1836.15,11644.24,244.57,0,11350.21,1946.23,4471.5,70443.48,0,13436.82,0,0,78147.5,0,0,0,2983.33,3370.37,0,28986.5,28901.75,84.74,1972.43,21666.03,0,0,0,0
2006-02-05 08:00:00,0,3122.02,0,365.32,12946.74,6504.73,7998.5,0,0,2050.15,12321.2,257.02,0,11594.9,2045.08,4637.06,71354.51,0,14356.82,0,0,81717.83,0,0,0,3169.17,3572.91,0,30442.06,29382.24,86.17,2194.86,22343.68,0,0,0,0
2006-02-05 09:00:00,0,3242.28,0,353.45,13107.97,6645.06,8146.45,0,0,2102.93,12899.24,236.47,0,11987.9,1962.1,4823.0,73291.27,0,15100.97,0,0,84254.12,0,0,0,3164.62,3630.88,0,32176.51,30024.14,86.99,2313.13,23638.09,0,0,0,0
2006-02-05 10:00:00,0,3117.83,0,344.27,12894.12,6462.38,7972.03,0,0,2053.86,13241.1,215.69,0,12285.86,1814.35,4923.53,74687.15,0,15667.46,0,0,86245.31,0,0,0,3021.53,3414.64,0,32035.52,30374.9,85.57,2341.37,23245.82,0,0,0,0
2006-02-05 11:00:00,0,2933.86,0,330.72,12490.65,6236.37,7606.7,0,0,2001.62,13302.97,207.63,0,12444.44,1652.16,4916.41,74933.28,0,16005.1,0,0,86656.7,0,0,0,2854.45,3176.74,0,30837.72,30114.34,82.72,2324.84,22334.81,0,0,0,0
2006-02-05 12:00:00,0,2802.33,0,317.75,12083.16,6042.43,7208.92,0,0,1960.21,13393.26,205.05,0,12552.5,1579.23,4837.19,74679.23,0,16146.74,0,0,85889.51,0,0,0,2746.68,2988.82,0,29330.17,29365.95,80.31,2304.4,21343.39,0,0,0,0
2006-02-05 13:00:00,0,2682.19,0,312.24,11678.54,5820.94,6890.0,0,0,1891.03,13346.26,200.06,0,12316.48,1530.0,4713.45,74049.88,0,16234.05,0,0,85281.21,0,0,0,2664.42,2849.3,0,28013.53,28719.6,77.83,2284.01,20330.0,0,0,0,0
2006-02-05 14:00:00,0,2600.42,0,301.17,11337.89,5548.97,6702.87,0,0,1815.5,13063.01,194.15,0,12227.97,1451.08,4582.39,73199.53,0,16362.34,0,0,84902.25,0,0,0,2591.84,2734.93,0,26894.19,28209.81,75.76,2254.36,19245.4,0,0,0,0
2006-02-05 15:00:00,0,2488.27,0,289.66,11106.88,5297.29,6663.57,0,0,1757.47,12686.45,190.9,0,12315.81,1369.13,4426.09,72489.95,0,16509.04,0,0,84068.14,0,0,0,2559.02,2708.38,0,26106.6,27709.1,73.45,2205.58,18455.28,0,0,0,0
2006-02-05 16:00:00,0,2415.56,0,280.83,10885.07,5151.81,6644.87,0,0,1682.95,12220.09,189.92,0,12489.92,1314.38,4315.52,71606.98,0,16850.81,0,0,83585.83,0,0,0,2555.23,2757.45,0,25584.05,27271.57,71.45,2119.24,18267.02,0,0,0,0
2006-02-05 17:00:00,0,2372.74,0,274.64,10940.1,5070.24,6851.78,0,0,1598.63,11791.61,191.21,0,13029.74,1273.51,4275.72,70690.92,0,17339.41,0,0,85168.44,0,0,0,2565.45,2840.77,0,25013.04,26893.26,69.96,2052.47,18198.43,0,0,0,0
2006-02-05 18:00:00,0,2405.59,0,285.69,11502.69,4931.71,7147.57,0,0,1586.6,11711.13,195.99,0,13478.94,1287.64,4273.45,70588.56,0,17886.76,0,0,87133.54,0,0,0,2640.22,2882.56,0,24788.37,26809.9,70.03,1994.8,18809.27,0,0,0,0
2006-02-05 19:00:00,0,2761.61,0,345.94,14534.62,6396.49,8431.1,0,0,2117.89,13842.68,243.54,0,16247.13,1713.6,5051.29,81789.36,0,20715.07,0,0,102479.28,0,0,0,3135.27,3229.98,0,28866.15,30451.24,88.32,2565.32,21456.21,0,0,0,0
2006-02-05 20:00:00,0,2883.65,0,345.56,14803.65,6544.84,8350.15,0,0,2056.98,13481.09,248.83,0,15375.66,1705.12,4978.38,81793.52,0,20003.11,0,0,98795.19,0,0,0,3216.13,3304.5,0,30128.61,31523.18,88.49,2436.92,22221.58,0,0,0,0
2006-02-05 21:00:00,0,2985.28,0,345.31,14608.96,6449.14,8227.93,0,0,1993.93,13043.28,251.6,0,14530.89,1695.15,4930.09,80746.38,0,19316.41,0,0,95287.89,0,0,0,3224.47,3321.27,0,30360.12,32368.45,89.09,2315.39,22660.53,0,0,0,0
2006-02-05 22:00:00,0,2932.82,0,335.98,14101.53,6187.68,8027.72,0,0,1923.41,12370.62,240.69,0,13711.94,1685.24,4903.98,78368.3,0,18322.1,0,0,92253.59,0,0,0,3175.58,3304.59,0,29682.24,31629.99,88.31,2203.39,22343.06,0,0,0,0
2006-02-05 23:00:00,0,2844.64,0,326.99,13577.01,5936.84,7830.72,0,0,1869.36,11759.5,230.73,0,12914.28,1683.47,4838.61,75896.21,0,17366.91,0,0,89263.43,0,0,0,3118.0,3287.31,0,28744.03,30567.76,87.1,2099.22,21671.56,0,0,0,0
2006-02-06 00:00:00,0,2755.54,0,314.97,13080.95,5633.13,7638.85,0,0,1812.97,11184.33,219.8,0,12195.04,1680.14,4773.15,73340.88,0,16477.56,0,0,86468.27,0,0,0,3050.13,3248.44,0,27761.19,29480.99,85.62,1995.17,20966.03,0,0,0,0
2006-02-06 01:00:00,0,2664.35,0,302.53,12733.63,5362.35,7481.82,0,0,1757.71,10568.94,208.5,0,11600.89,1643.31,4667.41,70623.7,0,15635.84,0,0,83436.42,0,0,0,2987.09,3217.22,0,26822.48,28284.74,84.03,1940.97,20287.7,0,0,0,0
2006-02-06 02:00:00,0,2629.91,0,300.19,12626.2,5253.83,7475.85,0,0,1732.6,10187.66,204.01,0,11487.85,1629.21,4570.83,68156.28,0,14919.33,0,0,80567.89,0,0,0,2963.57,3267.72,0,26288.87,27295.16,83.38,1939.12,20080.62,0,0,0,0
2006-02-06 03:00:00,0,2673.96,0,303.93,12819.2,5516.29,7665.33,0,0,1794.84,10669.61,206.34,0,11593.52,1656.61,4564.09,66699.32,0,14652.99,0,0,79648.48,0,0,0,3056.39,3390.62,0,26497.79,26919.47,84.81,2005.53,20173.88,0,0,0,0
2006-02-06 04:00:00,0,2752.59,0,313.91,13345.96,5828.66,8022.0,0,0,1876.33,11184.04,222.0,0,11899.77,1724.29,4668.21,67864.16,0,14928.57,0,0,80862.56,0,0,0,3158.05,3479.71,0,26868.57,27233.76,87.02,2090.68,20512.9,0,0,0,0
2006-02-06 05:00:00,0,2856.66,0,326.34,13908.68,6114.56,8379.78,0,0,1961.97,11745.3,222.19,0,12272.05,1792.45,4808.76,69703.82,0,15353.01,0,0,83180.23,0,0,0,3260.0,3552.09,0,27469.33,28173.69,89.28,2186.51,20771.76,0,0,0,0
2006-02-06 06:00:00,0,2946.24,0,336.05,14462.31,6403.84,8706.42,0,0,2046.06,12356.0,226.3,0,12624.93,1842.25,4980.62,71567.09,0,15877.86,0,0,85879.68,0,0,0,3346.39,3602.88,0,28344.86,29201.66,91.99,2286.16,21161.98,0,0,0,0
2006-02-06 07:00:00,0,3043.15,0,338.38,15027.37,6689.69,9067.27,0,0,2125.45,12923.1,237.08,0,12960.2,1883.15,5159.14,73408.32,0,16417.7,0,0,88530.47,0,0,0,3435.06,3649.04,0,28883.01,30226.63,94.6,2385.23,21504.27,0,0,0,0
2006-02-06 08:00:00,0,3151.65,0,381.83,16185.81,7334.85,9520.94,0,0,2282.49,14252.3,254.29,0,14478.33,2015.08,5349.16,75494.7,0,18553.7,0,0,95130.07,0,0,0,3636.01,3759.84,0,30184.07,31297.32,97.3,2580.13,22216.47,0,0,0,0
2006-02-06 09:00:00,0,3296.81,0,378.03,15704.01,7357.29,9038.54,0,0,2198.8,13648.2,263.01,0,14744.53,1982.86,5438.07,80954.76,0,19293.77,0,0,96498.01,0,0,0,3438.48,3532.15,0,30964.34,33004.82,99.42,2525.94,23118.25,0,0,0,0
2006-02-06 10:00:00,0,3170.26,0,336.15,14544.64,6759.2,8112.4,0,0,1971.47,12811.74,229.82,0,14708.11,1747.39,5124.99,81724.01,0,19338.16,0,0,94663.99,0,0,0,3197.19,3227.7,0,29827.87,33393.24,98.82,2345.97,22856.88,0,0,0,0
2006-02-06 11:00:00,0,3012.81,0,310.45,13699.16,6350.82,7442.32,0,0,1880.55,12774.06,209.22,0,14621.37,1587.58,4861.85,80891.67,0,19124.15,0,0,92980.16,0,0,0,2980.93,2956.91,0,28707.4,32993.22,97.31,2247.55,22487.71,0,0,0,0
2006-02-06 12:00:00,0,2883.32,0,300.59,13383.49,6116.76,6964.89,0,0,1843.01,12795.93,198.34,0,14643.06,1474.35,4668.48,79962.66,0,19152.01,0,0,90927.86,0,0,0,2863.31,2808.28,0,27915.38,32318.51,95.06,2212.41,22217.31,0,0,0,0
2006-02-06 13:00:00,0,2746.03,0,293.39,13018.58,5903.04,6645.54,0,0,1800.79,12722.39,191.53,0,14604.48,1391.29,4564.14,78913.74,0,19132.34,0,0,88769.22,0,0,0,2751.48,2710.51,0,27510.72,31638.86,93.11,2179.33,21890.83,0,0,0,0
2006-02-06 14:00:00,0,2607.74,0,291.03,12767.21,5647.32,6407.93,0,0,1753.9,12472.35,186.07,0,14657.56,1326.54,4460.38,77932.67,0,19227.23,0,0,87003.06,0,0,0,2666.58,2580.03,0,27241.35,31049.67,91.04,2140.26,21664.89,0,0,0,0
2006-02-06 15:00:00,0,2498.12,0,291.02,12573.78,5368.25,6312.96,0,0,1712.71,12104.14,182.49,0,14615.98,1283.8,4393.87,76957.83,0,19391.5,0,0,85630.13,0,0,0,2575.35,2500.62,0,27084.56,30564.2,89.01,2102.48,21553.65,0,0,0,0
2006-02-06 16:00:00,0,2415.08,0,297.17,12502.18,5246.83,6362.69,0,0,1703.65,11967.4,184.63,0,14587.8,1274.48,4340.0,76347.0,0,19560.24,0,0,85212.24,0,0,0,2558.56,2501.95,0,26724.13,30038.21,87.32,2078.74,21298.19,0,0,0,0
2006-02-06 17:00:00,0,2364.84,0,294.11,12715.26,5263.16,6736.65,0,0,1713.37,12204.97,192.2,0,15120.02,1286.52,4326.24,75752.84,0,19833.49,0,0,86875.95,0,0,0,2583.32,2577.9,0,26495.64,29398.71,85.65,2094.59,21230.67,0,0,0,0
2006-02-06 18:00:00,0,2462.26,0,289.54,13358.46,5411.98,7217.87,0,0,1772.07,11845.98,200.62,0,15427.55,1334.53,4494.29,76302.37,0,20138.82,0,0,89623.29,0,0,0,2651.6,2645.29,0,26469.53,29244.37,84.46,2137.97,21442.24,0,0,0,0
2006-02-06 19:00:00,0,2814.45,0,311.17,13501.45,6051.07,7981.26,0,0,2089.28,13631.63,223.45,0,17121.7,1567.78,4884.25,81675.98,0,21311.25,0,0,101159.46,0,0,0,2902.72,2951.89,0,27593.91,30643.54,89.56,2510.34,21374.01,0,0,0,0
2006-02-06 20:00:00,0,2987.79,0,305.16,13670.86,6030.18,7753.35,0,0,1991.3,13023.02,217.12,0,16224.65,1513.51,4867.66,81792.09,0,20634.15,0,0,98486.75,0,0,0,2940.73,2963.94,0,28046.49,31632.4,89.96,2387.09,21926.46,0,0,0,0
2006-02-06 21:00:00,0,3108.7,0,297.19,13532.42,5871.51,7497.7,0,0,1888.72,12408.9,213.44,0,15331.74,1456.46,4835.25,81140.07,0,19933.57,0,0,95693.81,0,0,0,2952.04,2933.66,0,27842.0,32437.46,89.7,2264.6,22121.31,0,0,0,0
2006-02-06 22:00:00,0,3054.41,0,275.01,12939.63,5492.27,7188.75,0,0,1794.04,11599.51,204.24,0,14425.25,1383.31,4781.79,79073.79,0,18889.59,0,0,92850.42,0,0,0,2825.47,2838.71,0,26854.96,31832.32,88.94,2147.04,21443.43,0,0,0,0
2006-02-06 23:00:00,0,2965.12,0,253.02,12321.87,5125.54,6899.29,0,0,1694.29,10808.42,191.01,0,13520.78,1312.18,4698.79,76826.67,0,17857.62,0,0,90029.87,0,0,0,2717.9,2739.81,0,25862.08,30877.46,87.84,2038.28,20767.65,0,0,0,0
2006-02-07 00:00:00,0,2867.68,0,232.18,11712.88,4769.04,6651.54,0,0,1598.0,10077.49,177.39,0,12665.82,1239.87,4624.81,74546.53,0,16819.5,0,0,87183.68,0,0,0,2614.29,2651.74,0,24783.1,29818.08,86.74,1925.3,20129.99,0,0,0,0
2006-02-07 01:00:00,0,2791.55,0,212.96,11234.47,4409.91,6434.05,0,0,1504.97,9339.27,163.24,0,11992.65,1177.07,4564.17,72066.39,0,15853.22,0,0,84502.53,0,0,0,2501.43,2576.4,0,23831.53,28781.15,85.69,1807.26,19648.35,0,0,0,0
2006-02-07 02:00:00,0,2769.69,0,197.08,11126.36,4139.72,6471.32,0,0,1432.67,8617.12,151.07,0,11899.26,1119.62,4532.68,69680.62,0,15095.54,0,0,82513.85,0,0,0,2478.26,2554.09,0,23550.05,27967.67,85.32,1713.82,19726.33,0,0,0,0
2006-02-07 03:00:00,0,2804.15,0,195.94,11326.6,4192.68,6740.67,0,0,1452.26,8845.79,147.26,0,11967.54,1127.42,4567.51,68812.52,0,14867.07,0,0,82416.56,0,0,0,2496.59,2579.3,0,23755.53,27747.48,86.82,1707.18,20146.49,0,0,0,0
2006-02-07 04:00:00,0,2871.98,0,209.22,11822.87,4443.11,7033.48,0,0,1523.21,9254.54,152.47,0,12430.3,1178.28,4744.36,70433.98,0,15211.91,0,0,84732.87,0,0,0,2523.59,2594.94,0,24286.9,28158.63,89.11,1773.77,20737.24,0,0,0,0
2006-02-07 05:00:00,0,2953.97,0,217.33,12412.33,4700.74,7393.71,0,0,1593.69,9685.13,157.67,0,12627.86,1223.49,4935.09,72456.94,0,15806.74,0,0,87473.2,0,0,0,2627.05,2657.71,0,24947.84,29070.99,91.46,1848.07,21415.85,0,0,0,0
2006-02-07 06:00:00,0,3032.7,0,225.07,12999.69,4948.79,7737.74,0,0,1664.15,10104.82,163.16,0,12971.03,1266.53,5114.63,74501.14,0,16443.78,0,0,90360.52,0,0,0,2729.71,2728.41,0,25770.62,30041.93,93.81,1914.26,22114.63,0,0,0,0
2006-02-07 07:00:00,0,3102.22,0,237.67,13649.72,5197.87,8081.98,0,0,1731.88,10522.29,168.79,0,13304.34,1316.71,5296.44,76406.86,0,17067.11,0,0,93414.28,0,0,0,2829.44,2791.42,0,26605.71,30968.72,96.09,1980.92,22820.27,0,0,0,0
2006-02-07 08:00:00,0,3162.68,0,254.29,14840.96,5756.27,8392.33,0,0,1902.25,12055.41,182.27,0,14867.24,1463.89,5492.78,78360.18,0,19117.73,0,0,100069.81,0,0,0,3038.62,2896.24,0,28626.93,31832.5,98.25,2165.23,23820.43,0,0,0,0
2006-02-07 09:00:00,0,3243.56,0,281.43,14657.25,5746.37,8539.25,0,0,1909.6,12238.07,188.85,0,15055.49,1467.5,5573.78,83110.19,0,19454.98,0,0,100841.37,0,0,0,3102.12,2945.92,0,30143.15,33218.09,99.97,2181.39,24604.07,0,0,0,0
2006-02-07 10:00:00,0,3116.56,0,310.88,14329.74,5580.54,8292.82,0,0,1834.4,12191.3,186.56,0,14953.47,1405.64,5316.62,82625.55,0,19581.3,0,0,98625.82,0,0,0,3073.55,2914.53,0,29245.56,33440.83,97.83,2146.28,23219.18,0,0,0,0
2006-02-07 11:00:00,0,2928.93,0,327.54,13348.09,5378.56,8086.41,0,0,1798.82,12286.82,189.49,0,14882.34,1344.69,5077.91,81204.75,0,19536.7,0,0,96015.59,0,0,0,2969.0,2858.99,0,28279.41,32557.45,93.65,2133.35,21922.44,0,0,0,0
2006-02-07 12:00:00,0,2729.82,0,313.82,12496.97,5318.83,7777.07,0,0,1788.36,12512.94,195.0,0,14797.57,1326.33,4857.11,80245.38,0,19460.57,0,0,93689.46,0,0,0,2882.56,2846.83,0,27159.18,31686.48,90.36,2150.21,20950.1,0,0,0,0
2006-02-07 13:00:00,0,2575.93,0,305.19,11920.16,5337.36,7306.92,0,0,1793.49,12728.12,195.44,0,14755.23,1347.8,4671.29,79359.39,0,19356.04,0,0,91688.37,0,0,0,2836.82,2811.18,0,26087.25,30957.73,88.21,2178.66,20098.2,0,0,0,0
2006-02-07 14:00:00,0,2480.78,0,296.99,11537.19,5380.14,6930.27,0,0,1825.34,12835.67,195.69,0,14785.24,1354.53,4537.79,78527.02,0,19367.07,0,0,90121.43,0,0,0,2792.3,2774.53,0,25187.02,30311.75,87.05,2210.93,19375.93,0,0,0,0
2006-02-07 15:00:00,0,2395.85,0,290.34,11295.89,5570.98,6659.39,0,0,1856.15,12891.51,196.49,0,14832.1,1429.55,4452.71,77751.69,0,19422.53,0,0,89234.33,0,0,0,2738.1,2716.74,0,24724.38,29816.05,85.32,2296.33,18903.12,0,0,0,0
2006-02-07 16:00:00,0,2332.59,0,286.9,11184.02,5677.8,6433.12,0,0,1881.07,13096.03,197.28,0,14987.76,1452.75,4399.53,77227.85,0,19598.57,0,0,88690.83,0,0,0,2679.13,2639.5,0,24682.68,29298.31,83.77,2315.54,18805.84,0,0,0,0
2006-02-07 17:00:00,0,2291.25,0,286.3,11314.67,5736.58,6543.88,0,0,1913.86,13433.5,194.26,0,15686.83,1397.36,4376.59,76688.62,0,20006.44,0,0,89463.05,0,0,0,2632.81,2600.01,0,24835.43,28685.6,82.9,2261.37,18980.52,0,0,0,0
2006-02-07 18:00:00,0,2370.28,0,285.86,12473.5,5643.07,7115.66,0,0,1910.89,13143.69,196.52,0,16141.61,1382.38,4537.16,77124.7,0,20672.35,0,0,93111.72,0,0,0,2682.03,2675.25,0,25395.95,28258.4,82.29,2202.78,20042.35,0,0,0,0
2006-02-07 19:00:00,0,2615.08,0,330.5,13654.51,6120.99,8195.04,0,0,2097.99,13896.64,229.32,0,17506.63,1617.44,4978.61,81228.4,0,21274.26,0,0,101862.85,0,0,0,2982.77,2962.27,0,28115.81,29592.95,86.92,2423.5,21137.54,0,0,0,0
2006-02-07 20:00:00,0,2745.15,0,328.79,14165.0,6008.32,8076.29,0,0,1971.28,12952.87,229.34,0,16642.8,1577.84,4918.02,81668.82,0,20733.72,0,0,99381.86,0,0,0,3034.15,3019.6,0,29460.82,30682.56,86.31,2293.09,22032.81,0,0,0,0
2006-02-07 21:00:00,0,2848.54,0,324.2,14212.67,5774.58,7872.57,0,0,1849.48,12129.77,227.18,0,15772.71,1527.58,4866.74,81383.12,0,20082.0,0,0,96607.51,0,0,0,3006.16,3027.11,0,29781.66,31674.77,85.64,2151.21,22536.47,0,0,0,0
2006-02-07 22:00:00,0,2805.57,0,307.9,13841.17,5307.57,7713.74,0,0,1733.65,11349.27,215.91,0,14903.04,1473.28,4772.81,79422.24,0,19064.87,0,0,93823.77,0,0,0,2940.75,3025.83,0,29240.03,31254.25,84.32,2003.33,22292.99,0,0,0,0
2006-02-07 23:00:00,0,2710.48,0,295.94,13388.01,4926.94,7624.43,0,0,1620.04,10550.06,206.58,0,14027.13,1435.77,4659.08,77033.38,0,18033.75,0,0,90766.25,0,0,0,2885.86,3019.93,0,28684.9,30345.13,83.06,1886.5,21674.02,0,0,0,0
2006-02-08 00:00:00,0,2597.93,0,288.8,12915.85,4635.31,7528.81,0,0,1520.76,9745.47,196.79,0,13172.41,1413.19,4565.61,74562.71,0,17033.78,0,0,87767.15,0,0,0,2832.84,2998.39,0,28116.91,29265.68,82.15,1799.0,21028.22,0,0,0,0
2006-02-08 01:00:00,0,2489.43,0,285.63,12538.88,4395.26,7384.07,0,0,1429.55,8932.52,189.0,0,12637.48,1372.85,4476.56,72184.34,0,16049.5,0,0,85165.79,0,0,0,2809.57,3005.03,0,27596.09,28127.8,81.52,1728.0,20397.25,0,0,0,0
2006-02-08 02:00:00,0,2458.13,0,290.45,12411.61,4273.73,7389.85,0,0,1348.7,8237.58,184.73,0,12603.06,1398.17,4394.37,70372.33,0,15404.7,0,0,83586.57,0,0,0,2825.4,3094.49,0,27427.82,27267.07,80.62,1679.7,20299.66,0,0,0,0
2006-02-08 03:00:00,0,2505.18,0,311.39,12641.38,4480.06,7666.63,0,0,1389.59,8511.41,193.48,0,12722.94,1472.41,4415.77,70032.15,0,15218.01,0,0,84315.66,0,0,0,2950.5,3235.34,0,28054.48,27111.82,81.39,1704.47,20437.19,0,0,0,0
2006-02-08 04:00:00,0,2587.07,0,329.97,13239.27,4929.68,8105.13,0,0,1497.34,9022.75,215.13,0,13086.76,1621.15,4486.41,71569.63,0,15543.46,0,0,86525.14,0,0,0,3096.26,3366.81,0,28863.79,27583.95,83.38,1834.35,20903.31,0,0,0,0
2006-02-08 05:00:00,0,2646.92,0,348.54,13836.82,5417.86,8551.49,0,0,1607.57,9518.42,234.49,0,13459.37,1753.91,4610.39,73389.0,0,16197.71,0,0,89205.55,0,0,0,3241.79,3495.91,0,29851.03,28446.63,85.72,2008.4,21351.4,0,0,0,0
2006-02-08 06:00:00,0,2717.42,0,370.29,14413.86,5915.17,8948.45,0,0,1718.9,10032.03,257.32,0,13856.06,1897.84,4749.1,75212.63,0,16908.56,0,0,92017.0,0,0,0,3386.52,3618.26,0,30933.42,29444.97,88.07,2187.22,21772.52,0,0,0,0
2006-02-08 07:00:00,0,2815.51,0,392.8,14986.03,6413.53,9299.9,0,0,1834.38,10521.05,281.61,0,14252.21,2071.21,4898.99,77034.93,0,17637.84,0,0,95041.88,0,0,0,3516.56,3726.75,0,31711.07,30452.24,90.49,2346.34,22251.77,0,0,0,0
2006-02-08 08:00:00,0,2908.97,0,427.77,16128.5,7211.33,9694.37,0,0,2037.26,11894.91,292.89,0,15627.37,2206.3,5083.29,78922.85,0,19655.05,0,0,100893.34,0,0,0,3699.63,3863.73,0,33308.45,31391.79,92.65,2586.58,23041.99,0,0,0,0
2006-02-08 09:00:00,0,3017.16,0,405.3,15814.04,7311.64,9319.39,0,0,2122.21,12982.99,283.31,0,15637.12,2119.16,5188.36,83606.76,0,19832.11,0,0,100556.47,0,0,0,3515.86,3667.46,0,33946.4,32908.6,95.2,2633.24,23858.36,0,0,0,0
2006-02-08 10:00:00,0,2904.25,0,375.17,14627.79,6861.14,8501.26,0,0,2108.85,13427.01,261.69,0,15304.98,1980.32,5006.47,82820.69,0,19857.31,0,0,96832.93,0,0,0,3244.45,3346.56,0,31112.06,33046.09,93.49,2474.78,22190.83,0,0,0,0
2006-02-08 11:00:00,0,2769.54,0,351.65,13647.91,6506.28,8001.2,0,0,2045.82,13573.43,245.52,0,15132.76,1822.47,4811.72,81046.7,0,19816.0,0,0,94291.54,0,0,0,3068.93,3108.16,0,28665.76,32227.24,90.71,2361.09,20871.78,0,0,0,0
2006-02-08 12:00:00,0,2653.14,0,326.43,12937.9,6255.22,7695.2,0,0,1996.94,13617.66,222.73,0,15008.6,1693.89,4678.34,79980.75,0,19805.49,0,0,92616.86,0,0,0,2970.48,2961.76,0,27284.57,31497.92,88.7,2280.05,19772.45,0,0,0,0
2006-02-08 13:00:00,0,2566.66,0,311.08,12412.74,5965.23,7373.49,0,0,1956.64,13493.43,200.16,0,14903.56,1558.76,4595.18,79155.93,0,19772.19,0,0,91546.29,0,0,0,2882.26,2837.42,0,26410.05,30956.28,86.8,2207.69,19035.33,0,0,0,0
2006-02-08 14:00:00,0,2488.02,0,293.89,12098.97,5633.64,7069.03,0,0,1904.93,13136.92,187.73,0,14913.61,1447.89,4568.37,78172.56,0,19789.73,0,0,90607.19,0,0,0,2759.71,2727.1,0,25775.61,30440.91,84.85,2148.14,18741.61,0,0,0,0
2006-02-08 15:00:00,0,2428.16,0,285.48,11958.86,5384.14,6787.63,0,0,1843.75,12710.42,183.47,0,14941.3,1377.85,4576.97,77086.73,0,19859.54,0,0,89926.83,0,0,0,2638.95,2595.15,0,25225.57,29967.97,84.03,2097.67,18738.85,0,0,0,0
2006-02-08 16:00:00,0,2399.64,0,279.8,11722.59,5270.88,6663.09,0,0,1774.4,12326.62,181.69,0,15050.25,1314.97,4568.28,76180.67,0,19976.2,0,0,89952.21,0,0,0,2548.29,2494.05,0,24816.37,29450.32,84.34,2071.82,18991.37,0,0,0,0
2006-02-08 17:00:00,0,2399.62,0,282.81,11749.14,5276.39,6910.67,0,0,1777.38,12075.92,184.26,0,15853.11,1301.89,4575.88,75518.29,0,20365.22,0,0,91811.27,0,0,0,2525.47,2523.52,0,24433.71,29032.61,83.92,2069.61,19157.86,0,0,0,0
2006-02-08 18:00:00,0,2486.65,0,290.97,12814.64,5398.09,7435.18,0,0,1803.29,11798.2,197.72,0,16305.24,1368.37,4712.7,76163.12,0,21216.8,0,0,95559.16,0,0,0,2624.75,2665.0,0,25149.29,28910.12,82.74,2049.97,19830.67,0,0,0,0
2006-02-08 19:00:00,0,2767.25,0,331.76,13706.95,6391.9,8465.15,0,0,2120.08,13738.98,233.31,0,17590.82,1654.65,5001.12,81551.06,0,21725.09,0,0,103706.9,0,0,0,3020.47,3079.32,0,27375.54,30770.47,85.06,2641.31,20531.34,0,0,0,0
2006-02-08 20:00:00,0,2910.86,0,330.06,14095.93,6573.28,8315.12,0,0,2045.69,13239.39,237.45,0,16785.23,1653.33,4927.5,82060.5,0,21310.98,0,0,101319.62,0,0,0,3063.95,3134.63,0,28697.76,31946.25,86.62,2548.96,21347.19,0,0,0,0
2006-02-08 21:00:00,0,3030.79,0,323.34,14021.34,6541.65,8067.0,0,0,1984.39,12795.46,240.52,0,15976.05,1634.84,4853.52,81735.23,0,20574.52,0,0,98573.66,0,0,0,3052.07,3120.95,0,28742.22,32879.63,85.71,2468.41,21666.31,0,0,0,0
2006-02-08 22:00:00,0,2982.31,0,311.25,13496.53,6302.54,7854.8,0,0,1933.82,12186.67,232.61,0,15143.92,1595.38,4749.97,79762.69,0,19608.67,0,0,95802.12,0,0,0,2971.62,3081.43,0,28016.97,32129.13,85.07,2375.65,21075.31,0,0,0,0
2006-02-08 23:00:00,0,2920.15,0,295.53,12984.51,6111.58,7670.78,0,0,1913.7,11651.54,222.41,0,14305.06,1555.73,4666.45,77587.48,0,18661.69,0,0,92892.5,0,0,0,2897.7,3038.99,0,27182.57,31208.43,84.27,2278.7,20498.94,0,0,0,0
2006-02-09 00:00:00,0,2878.34,0,284.61,12443.43,5856.84,7375.45,0,0,1893.18,11144.21,209.92,0,13463.46,1523.22,4596.0,75195.21,0,17706.33,0,0,89971.29,0,0,0,2829.98,2997.79,0,26344.7,30290.56,83.87,2174.17,19911.27,0,0,0,0
2006-02-09 01:00:00,0,2848.35,0,274.61,12076.03,5568.04,7093.86,0,0,1869.64,10633.98,197.43,0,12986.08,1496.75,4483.68,72853.44,0,16765.41,0,0,87359.18,0,0,0,2794.39,2992.99,0,25515.32,29402.87,83.91,2074.31,19417.53,0,0,0,0
2006-02-09 02:00:00,0,2849.08,0,266.57,12028.01,5424.01,6972.4,0,0,1864.9,10569.46,191.51,0,13001.61,1504.16,4395.27,70820.28,0,15964.86,0,0,85561.23,0,0,0,2799.11,3075.72,0,25157.54,28719.04,84.37,1995.9,19377.91,0,0,0,0
2006-02-09 03:00:00,0,2931.53,0,273.26,12339.68,5597.04,7196.79,0,0,1940.08,11227.38,197.28,0,13284.37,1558.9,4385.41,70285.46,0,15683.96,0,0,86096.13,0,0,0,2913.25,3193.34,0,25491.57,28545.16,86.11,1981.03,19595.46,0,0,0,0
2006-02-09 04:00:00,0,3055.14,0,287.09,13013.12,5851.99,7601.86,0,0,2040.47,11972.61,207.11,0,13624.68,1643.71,4532.77,71799.28,0,15987.04,0,0,88321.8,0,0,0,3070.18,3319.35,0,26216.15,29030.6,89.04,2034.91,20057.74,0,0,0,0
2006-02-09 05:00:00,0,3171.15,0,300.06,13705.97,6106.75,8055.82,0,0,2135.05,12664.38,215.68,0,13931.07,1729.78,4692.46,73626.8,0,16623.78,0,0,90760.97,0,0,0,3201.03,3421.25,0,27231.32,29944.29,91.86,2101.59,20619.41,0,0,0,0
2006-02-09 06:00:00,0,3279.3,0,314.53,14360.04,6350.93,8472.45,0,0,2222.58,13272.94,223.49,0,14244.18,1799.75,4873.87,75520.61,0,17317.81,0,0,93327.42,0,0,0,3324.02,3521.5,0,28285.6,30898.6,94.43,2179.46,21280.66,0,0,0,0
2006-02-09 07:00:00,0,3380.78,0,331.6,14975.52,6614.86,8865.96,0,0,2299.44,13883.18,233.94,0,14585.94,1878.56,5067.33,77413.34,0,17993.74,0,0,96246.0,0,0,0,3454.71,3617.99,0,29327.78,31828.41,97.09,2267.54,21965.58,0,0,0,0
2006-02-09 08:00:00,0,3477.65,0,363.15,15913.86,7006.22,9170.99,0,0,2396.82,15064.44,246.61,0,16054.36,1994.64,5282.07,79257.51,0,19952.91,0,0,102275.07,0,0,0,3654.34,3706.75,0,30805.39,32715.56,99.53,2406.16,22720.7,0,0,0,0
2006-02-09 09:00:00,0,3575.46,0,343.88,15466.9,6907.05,9005.11,0,0,2237.4,14117.92,238.64,0,16134.67,1798.53,5401.24,84148.28,0,20092.47,0,0,101758.33,0,0,0,3500.42,3540.51,0,31349.63,34218.37,102.25,2356.01,23552.99,0,0,0,0
2006-02-09 10:00:00,0,3357.97,0,320.5,14747.54,6274.91,8569.65,0,0,2030.23,13267.35,211.81,0,15758.19,1610.64,5185.7,83278.08,0,20036.3,0,0,98245.37,0,0,0,3272.81,3346.93,0,29387.58,34302.37,101.51,2256.01,22616.89,0,0,0,0
2006-02-09 11:00:00,0,3144.55,0,312.78,14014.15,5898.67,8030.09,0,0,1948.44,13044.82,203.51,0,15456.76,1518.16,4992.07,81981.17,0,19945.6,0,0,95432.69,0,0,0,3137.04,3169.05,0,28537.25,33463.74,98.6,2205.78,21791.92,0,0,0,0
2006-02-09 12:00:00,0,3017.26,0,307.95,13388.88,5638.28,7633.37,0,0,1893.57,12948.45,195.92,0,15289.73,1461.91,4887.25,81035.9,0,19882.14,0,0,93409.53,0,0,0,3039.23,3019.67,0,27917.17,32703.82,96.32,2170.31,21173.51,0,0,0,0
2006-02-09 13:00:00,0,2883.49,0,302.12,12851.76,5382.73,7304.82,0,0,1842.85,12672.99,187.75,0,15079.25,1413.22,4800.98,79961.56,0,19841.28,0,0,91809.07,0,0,0,2942.69,2894.13,0,27223.66,31981.37,93.86,2146.59,20641.93,0,0,0,0
2006-02-09 14:00:00,0,2752.33,0,295.57,12407.84,5217.59,6971.01,0,0,1798.72,12371.2,184.85,0,14973.54,1462.4,4707.78,78852.58,0,19786.21,0,0,90307.59,0,0,0,2803.79,2750.56,0,26413.25,31386.07,91.96,2124.38,20170.13,0,0,0,0
2006-02-09 15:00:00,0,2619.91,0,290.85,12168.11,5136.22,6784.53,0,0,1750.06,12107.45,181.16,0,14945.72,1349.19,4626.31,77955.12,0,19823.22,0,0,89548.72,0,0,0,2685.01,2630.42,0,26109.6,30587.17,90.5,2111.21,19984.51,0,0,0,0
2006-02-09 16:00:00,0,2504.11,0,286.67,12201.52,5090.75,6803.66,0,0,1758.92,11815.14,181.54,0,15107.38,1314.7,4536.65,77280.68,0,19941.53,0,0,89645.41,0,0,0,2669.78,2615.04,0,26235.78,29689.89,88.8,2120.63,20007.68,0,0,0,0
2006-02-09 17:00:00,0,2426.74,0,288.15,12343.46,5283.28,7008.01,0,0,1790.18,11935.93,182.08,0,15900.42,1319.95,4469.26,76505.69,0,20299.58,0,0,90976.25,0,0,0,2679.33,2692.95,0,26123.12,29079.26,87.47,2173.9,20078.34,0,0,0,0
2006-02-09 18:00:00,0,2476.71,0,292.5,13435.28,5374.96,7977.75,0,0,1811.64,11848.54,187.59,0,16482.89,1343.46,4612.05,77104.55,0,21213.2,0,0,95465.7,0,0,0,2825.38,2888.47,0,26718.28,28847.86,85.47,2189.0,20756.35,0,0,0,0
2006-02-09 19:00:00,0,2758.07,0,333.58,14456.84,6049.29,9108.64,0,0,2068.64,13549.44,227.25,0,17756.98,1661.11,5032.08,80970.94,0,21770.46,0,0,104746.2,0,0,0,3212.85,3323.29,0,29121.41,30348.64,89.68,2455.13,21677.61,0,0,0,0
2006-02-09 20:00:00,0,2880.47,0,333.8,14833.18,6039.46,9003.27,0,0,1971.5,13029.21,228.25,0,16901.03,1656.75,4977.83,81106.13,0,21203.2,0,0,101654.41,0,0,0,3267.81,3392.77,0,30500.98,31249.99,88.88,2327.41,22533.93,0,0,0,0
2006-02-09 21:00:00,0,2960.55,0,329.61,14764.29,5968.17,8833.66,0,0,1904.31,12593.48,229.33,0,16011.54,1638.38,4895.68,80634.44,0,20512.25,0,0,98719.16,0,0,0,3249.54,3376.4,0,30988.19,31941.43,87.98,2245.87,22857.71,0,0,0,0
2006-02-09 22:00:00,0,2891.79,0,317.2,14279.86,5760.0,8668.17,0,0,1843.98,11997.9,223.59,0,15087.92,1603.8,4789.37,78368.14,0,19433.58,0,0,95932.68,0,0,0,3166.3,3337.43,0,30728.82,31203.53,87.47,2168.39,22497.89,0,0,0,0
2006-02-09 23:00:00,0,2795.0,0,307.85,13745.87,5527.9,8468.24,0,0,1775.77,11363.26,215.08,0,14156.26,1558.99,4686.3,75928.63,0,18396.11,0,0,92823.93,0,0,0,3082.9,3288.69,0,30107.24,30119.26,86.38,2084.99,21887.77,0,0,0,0
2006-02-10 00:00:00,0,2674.26,0,297.66,13300.39,5312.66,8278.06,0,0,1709.82,10677.73,207.9,0,13214.4,1521.07,4571.72,73124.33,0,17446.24,0,0,89699.37,0,0,0,3009.64,3249.64,0,29321.73,28948.46,84.98,2012.93,21220.58,0,0,0,0
2006-02-10 01:00:00,0,2557.81,0,286.75,12951.93,5089.96,8148.86,0,0,1641.68,10026.48,204.22,0,12660.6,1508.05,4450.43,70274.32,0,16512.41,0,0,86879.09,0,0,0,2943.23,3254.14,0,28525.73,27751.74,83.74,1958.32,20574.29,0,0,0,0
2006-02-10 02:00:00,0,2506.63,0,284.43,12842.38,5023.71,8225.11,0,0,1604.52,9639.0,204.64,0,12597.27,1534.74,4328.99,67706.95,0,15787.58,0,0,85255.8,0,0,0,2910.38,3287.87,0,28378.24,26629.73,82.55,1976.08,20466.94,0,0,0,0
2006-02-10 03:00:00,0,2510.35,0,288.08,13032.04,5367.76,8444.15,0,0,1670.93,10108.59,213.84,0,12756.22,1555.12,4311.73,66601.71,0,15619.2,0,0,86045.91,0,0,0,2971.11,3366.55,0,28739.27,26120.51,82.91,2087.98,20558.52,0,0,0,0
2006-02-10 04:00:00,0,2548.91,0,308.45,13548.26,5780.9,8765.88,0,0,1771.71,10759.33,221.61,0,13214.5,1610.15,4412.13,67808.12,0,15923.87,0,0,88254.02,0,0,0,3045.97,3426.74,0,29316.15,26372.07,84.43,2232.22,21023.34,0,0,0,0
2006-02-10 05:00:00,0,2622.26,0,330.63,14103.27,6173.67,9046.96,0,0,1872.07,11432.79,234.64,0,13711.37,1661.48,4538.58,69547.8,0,16657.46,0,0,90716.01,0,0,0,3146.19,3493.33,0,30069.41,27179.16,87.24,2359.39,21407.76,0,0,0,0
2006-02-10 06:00:00,0,2674.48,0,349.37,14662.6,6501.26,9330.59,0,0,1946.64,12004.4,242.27,0,14228.01,1693.94,4682.12,71200.52,0,17331.71,0,0,93826.81,0,0,0,3229.38,3527.43,0,30920.8,28040.78,89.95,2484.78,21740.71,0,0,0,0
2006-02-10 07:00:00,0,2720.81,0,368.13,15256.05,6801.1,9548.75,0,0,2021.18,12594.1,246.3,0,14926.23,1740.76,4825.28,72842.89,0,18172.6,0,0,96499.86,0,0,0,3305.85,3555.6,0,31662.78,28890.86,91.56,2573.62,22021.75,0,0,0,0
2006-02-10 08:00:00,0,2779.36,0,403.05,16414.2,7291.61,9839.68,0,0,2198.74,13856.32,258.94,0,16295.69,1842.56,5011.47,74811.05,0,20158.95,0,0,101696.49,0,0,0,3498.39,3652.51,0,32797.59,29746.44,92.83,2740.45,22510.07,0,0,0,0
2006-02-10 09:00:00,0,2888.2,0,369.81,15771.53,7137.77,9156.76,0,0,2110.35,13364.67,249.19,0,16313.62,1753.09,5070.15,79663.61,0,20512.84,0,0,101101.65,0,0,0,3329.97,3398.08,0,33022.32,31141.58,94.56,2541.78,23001.92,0,0,0,0
2006-02-10 10:00:00,0,2910.61,0,347.61,14468.38,6541.73,8086.8,0,0,1940.87,12841.77,223.54,0,16104.08,1627.84,4885.75,80393.02,0,20561.48,0,0,98200.67,0,0,0,3037.34,3064.76,0,30434.62,32077.11,94.61,2349.0,21833.57,0,0,0,0
2006-02-10 11:00:00,0,2861.66,0,322.11,13336.58,6138.93,7349.21,0,0,1876.27,12762.53,205.41,0,15886.21,1567.97,4726.87,80168.13,0,20370.89,0,0,95260.94,0,0,0,2878.59,2849.47,0,28120.2,32010.6,93.6,2246.25,20658.96,0,0,0,0
2006-02-10 12:00:00,0,2778.14,0,316.93,12522.67,5948.82,6836.13,0,0,1855.01,12872.52,200.9,0,15628.93,1526.38,4541.89,79707.47,0,20182.69,0,0,93181.18,0,0,0,2769.49,2720.3,0,26538.72,31753.54,91.39,2197.33,19923.4,0,0,0,0
2006-02-10 13:00:00,0,2669.28,0,306.95,11932.67,5829.39,6469.24,0,0,1825.96,12875.55,195.36,0,15451.58,1482.58,4427.75,79167.82,0,20160.46,0,0,91514.11,0,0,0,2650.34,2571.86,0,25546.08,31490.69,89.65,2181.83,19395.17,0,0,0,0
2006-02-10 14:00:00,0,2597.29,0,297.31,11486.89,5726.52,6115.9,0,0,1797.35,12684.79,191.46,0,15393.63,1439.82,4381.3,78773.2,0,19959.36,0,0,89886.5,0,0,0,2560.62,2446.46,0,25181.56,31389.7,88.17,2154.77,19009.03,0,0,0,0
2006-02-10 15:00:00,0,2502.58,0,290.13,11374.7,5432.37,5986.76,0,0,1766.4,12337.52,189.29,0,15390.57,1408.77,4358.84,78326.23,0,19812.81,0,0,89220.35,0,0,0,2536.8,2396.65,0,24846.39,31043.84,87.15,2110.05,18942.51,0,0,0,0
2006-02-10 16:00:00,0,2401.83,0,289.2,11395.62,5314.02,6074.9,0,0,1753.79,12088.31,186.71,0,15457.05,1364.21,4342.14,77607.43,0,19927.22,0,0,89134.94,0,0,0,2506.55,2381.79,0,24825.3,30548.63,86.71,2083.52,19200.48,0,0,0,0
2006-02-10 17:00:00,0,2376.29,0,289.06,11659.52,5369.24,6363.82,0,0,1768.84,12370.05,186.48,0,16260.34,1343.37,4384.49,77015.87,0,20418.56,0,0,90607.33,0,0,0,2502.26,2446.0,0,24521.45,30153.11,86.2,2087.26,19410.83,0,0,0,0
2006-02-10 18:00:00,0,2464.96,0,291.94,12656.14,5426.94,7024.6,0,0,1776.59,12007.96,196.63,0,16838.44,1376.26,4520.31,76757.21,0,21060.0,0,0,93814.21,0,0,0,2607.9,2583.95,0,24976.24,29971.68,85.31,2138.0,20086.65,0,0,0,0
2006-02-10 19:00:00,0,2595.78,0,309.56,12508.27,5643.51,7607.36,0,0,1963.63,13480.39,202.44,0,16908.5,1505.61,4369.9,75993.07,0,20121.76,0,0,95763.62,0,0,0,2785.22,2870.2,0,25070.38,30100.59,78.48,2374.49,18011.82,0,0,0,0
2006-02-10 20:00:00,0,2713.14,0,307.12,12810.07,5633.44,7570.41,0,0,1884.85,12637.58,202.91,0,16187.96,1458.42,4286.56,76191.16,0,19670.74,0,0,93927.23,0,0,0,2830.73,2928.54,0,25940.63,30926.23,77.68,2258.86,18711.57,0,0,0,0
2006-02-10 21:00:00,0,2831.45,0,305.04,12840.94,5611.14,7443.28,0,0,1806.23,11984.93,208.28,0,15486.34,1411.7,4197.87,76180.2,0,19196.61,0,0,91962.29,0,0,0,2847.61,2917.41,0,26062.88,31169.0,77.37,2160.26,19012.0,0,0,0,0
2006-02-10 22:00:00,0,2843.66,0,289.35,12373.76,5392.38,7280.02,0,0,1727.03,11358.12,204.11,0,14784.13,1343.35,4108.2,74901.0,0,18451.15,0,0,89905.3,0,0,0,2748.54,2834.93,0,25327.97,30688.03,77.18,2065.95,18440.46,0,0,0,0
2006-02-10 23:00:00,0,2783.23,0,279.64,11895.26,5184.24,7086.71,0,0,1649.51,10703.11,193.9,0,14045.76,1274.43,4010.11,73245.04,0,17677.67,0,0,87273.96,0,0,0,2634.47,2730.38,0,24394.75,30102.37,77.12,1984.85,17823.85,0,0,0,0
2006-02-11 00:00:00,0,2710.48,0,270.72,11458.05,4984.51,6888.96,0,0,1586.02,10033.4,183.31,0,13274.03,1225.11,3894.59,71299.18,0,16897.6,0,0,84814.97,0,0,0,2545.85,2633.03,0,23353.41,29499.81,76.7,1909.8,17190.14,0,0,0,0
2006-02-11 01:00:00,0,2658.36,0,257.21,11085.76,4849.5,6692.05,0,0,1520.13,9389.08,174.6,0,12778.0,1232.05,3807.76,69143.71,0,16098.18,0,0,82574.7,0,0,0,2445.73,2560.56,0,22448.05,28842.07,76.56,1851.89,16687.39,0,0,0,0
2006-02-11 02:00:00,0,2653.12,0,238.58,10987.17,4759.68,6525.75,0,0,1487.2,8934.11,171.03,0,12555.69,1251.22,3739.12,67615.33,0,15436.88,0,0,81034.69,0,0,0,2374.85,2521.69,0,21797.16,28461.79,77.03,1825.31,16396.23,0,0,0,0
2006-02-11 03:00:00,0,2664.01,0,220.41,10966.86,4772.26,6507.21,0,0,1462.66,8757.28,174.39,0,12438.76,1261.83,3721.74,66678.66,0,15031.45,0,0,80465.45,0,0,0,2356.79,2542.09,0,21310.24,28126.44,76.98,1824.91,16247.15,0,0,0,0
2006-02-11 04:00:00,0,2698.72,0,217.57,10983.51,4861.07,6661.55,0,0,1484.47,8879.53,176.06,0,12443.97,1289.51,3750.97,66220.78,0,14891.42,0,0,80581.5,0,0,0,2394.79,2551.98,0,21207.7,28023.4,77.14,1850.48,16361.5,0,0,0,0
2006-02-11 05:00:00,0,2774.04,0,214.39,11332.5,4978.22,6905.4,0,0,1532.73,9110.87,181.78,0,12690.3,1335.59,3834.14,67023.82,0,14873.72,0,0,81221.32,0,0,0,2465.8,2569.56,0,21495.19,28406.41,77.38,1919.38,16667.61,0,0,0,0
2006-02-11 06:00:00,0,2833.96,0,212.39,11653.31,5171.42,7074.52,0,0,1592.01,9496.5,188.06,0,12977.28,1401.88,3942.0,68076.66,0,15144.41,0,0,82410.39,0,0,0,2547.74,2601.12,0,21886.67,28817.71,78.07,1988.36,17026.4,0,0,0,0
2006-02-11 07:00:00,0,2908.43,0,215.0,11999.5,5345.11,7323.75,0,0,1655.83,9861.43,190.14,0,13265.46,1451.76,4033.05,69223.1,0,15637.58,0,0,84021.83,0,0,0,2602.05,2629.98,0,22446.03,29350.1,78.81,2034.85,17462.21,0,0,0,0
2006-02-11 08:00:00,0,2994.29,0,222.18,12403.79,5620.16,7628.2,0,0,1770.87,10594.12,191.13,0,13720.36,1507.9,4142.08,70475.67,0,16383.87,0,0,87285.74,0,0,0,2649.9,2698.94,0,23244.76,29874.4,80.55,2114.9,18139.71,0,0,0,0
2006-02-11 09:00:00,0,3213.83,0,232.9,12447.7,5581.21,7686.58,0,0,1757.45,11014.16,178.8,0,14155.11,1420.84,4200.13,73186.9,0,16846.72,0,0,88253.68,0,0,0,2635.12,2680.94,0,24171.62,30754.67,82.47,2107.74,19224.29,0,0,0,0
2006-02-11 10:00:00,0,3218.66,0,246.7,12315.57,5349.05,7475.01,0,0,1696.64,11791.28,185.87,0,14258.55,1329.83,4194.34,74185.02,0,17270.69,0,0,87262.81,0,0,0,2544.24,2616.25,0,25207.24,31534.94,82.51,2075.96,19290.05,0,0,0,0
2006-02-11 11:00:00,0,3215.33,0,241.1,12047.88,5172.82,7218.94,0,0,1701.57,12482.77,173.23,0,14263.78,1284.43,4124.41,73775.36,0,17418.02,0,0,86252.87,0,0,0,2511.07,2551.14,0,25724.83,31988.94,83.09,2092.82,19008.98,0,0,0,0
2006-02-11 12:00:00,0,3155.09,0,248.54,11864.25,5241.33,6986.21,0,0,1756.5,12978.91,174.27,0,14160.24,1210.88,4071.02,73331.37,0,17441.72,0,0,85791.94,0,0,0,2518.9,2520.05,0,25988.42,31992.64,82.69,2142.0,18761.34,0,0,0,0
2006-02-11 13:00:00,0,3054.47,0,266.47,11761.68,5348.82,6844.83,0,0,1829.54,13421.05,180.23,0,13935.66,1233.99,4041.15,73088.1,0,17417.68,0,0,85657.06,0,0,0,2522.05,2505.57,0,26221.74,31622.63,81.7,2190.21,18536.29,0,0,0,0
2006-02-11 14:00:00,0,2959.66,0,263.09,11751.91,5392.84,6719.05,0,0,1861.34,13732.06,184.17,0,13833.37,1186.09,4034.89,72704.65,0,17383.51,0,0,86113.2,0,0,0,2538.46,2536.21,0,26208.93,31124.05,80.72,2220.74,18421.78,0,0,0,0
2006-02-11 15:00:00,0,2884.74,0,270.66,11816.5,5399.39,6685.41,0,0,1848.74,13912.07,186.86,0,13943.13,1234.11,3990.81,72345.03,0,17520.21,0,0,86327.45,0,0,0,2536.22,2541.85,0,26394.91,30691.58,79.42,2187.93,18143.54,0,0,0,0
2006-02-11 16:00:00,0,2782.23,0,266.35,11839.1,5271.27,6692.58,0,0,1832.76,13888.0,190.02,0,14158.83,1262.33,3936.89,71991.85,0,17952.58,0,0,86154.11,0,0,0,2543.0,2537.44,0,26433.71,30179.9,76.94,2154.41,18097.05,0,0,0,0
2006-02-11 17:00:00,0,2698.7,0,268.59,11879.27,5183.61,6744.1,0,0,1824.34,13688.61,192.9,0,14992.7,1242.16,3917.36,71244.8,0,18532.43,0,0,87262.59,0,0,0,2562.05,2566.55,0,26210.77,29620.26,74.44,2121.36,18090.71,0,0,0,0
2006-02-11 18:00:00,0,2659.38,0,258.24,11971.1,5121.57,6796.38,0,0,1794.42,13505.81,197.22,0,15469.79,1244.67,4014.27,71208.6,0,19072.02,0,0,88745.8,0,0,0,2615.97,2615.63,0,25742.79,29372.09,73.39,2116.05,18100.99,0,0,0,0
2006-02-11 19:00:00,0,2878.72,0,294.7,12685.87,5407.9,7231.79,0,0,2023.2,13793.71,199.32,0,16497.71,1413.33,4405.34,79346.26,0,20400.72,0,0,97499.02,0,0,0,2751.66,2816.66,0,28048.38,31796.5,86.99,2291.01,19550.5,0,0,0,0
2006-02-11 20:00:00,0,3009.82,0,301.11,12873.39,5301.67,7034.35,0,0,1862.52,12772.59,193.73,0,15793.48,1412.57,4413.55,79958.67,0,20183.35,0,0,95960.68,0,0,0,2801.76,2852.1,0,28817.51,32337.68,86.48,2109.36,20301.75,0,0,0,0
2006-02-11 21:00:00,0,3122.19,0,305.56,12780.53,5108.78,6889.59,0,0,1742.29,11853.06,192.96,0,15102.06,1396.3,4385.24,79836.85,0,19731.75,0,0,93886.81,0,0,0,2872.08,2838.77,0,28392.89,32535.17,85.96,1957.43,20888.78,0,0,0,0
2006-02-11 22:00:00,0,3096.85,0,300.36,12329.98,4741.1,6790.11,0,0,1636.71,10980.95,187.17,0,14416.37,1383.81,4337.26,78493.24,0,18902.3,0,0,91340.09,0,0,0,2848.71,2792.51,0,27944.0,32118.43,85.24,1860.44,20513.04,0,0,0,0
2006-02-11 23:00:00,0,3032.37,0,294.64,11924.91,4363.83,6705.58,0,0,1525.31,10260.98,188.2,0,13735.31,1374.1,4278.97,76627.34,0,18038.19,0,0,88793.1,0,0,0,2775.05,2778.25,0,27409.14,31599.98,84.47,1765.13,20063.43,0,0,0,0
2006-02-12 00:00:00,0,2974.54,0,283.47,11487.0,4236.39,6628.31,0,0,1435.36,9483.92,185.14,0,13089.93,1373.24,4187.67,74506.15,0,17172.45,0,0,86270.8,0,0,0,2676.7,2765.02,0,26969.14,31074.71,83.58,1698.03,19671.36,0,0,0,0
2006-02-12 01:00:00,0,2945.19,0,279.52,11138.19,4128.08,6565.76,0,0,1388.42,8708.87,186.73,0,12531.04,1397.48,4093.56,72539.75,0,16371.34,0,0,84061.75,0,0,0,2596.99,2767.75,0,26727.86,30615.05,83.35,1675.95,19304.63,0,0,0,0
2006-02-12 02:00:00,0,2957.9,0,278.52,11039.0,4107.95,6508.05,0,0,1360.64,8082.23,187.03,0,12272.12,1441.87,4035.28,71033.75,0,15597.23,0,0,82094.18,0,0,0,2594.09,2778.23,0,26371.81,30222.26,83.36,1688.98,19399.83,0,0,0,0
2006-02-12 03:00:00,0,2987.13,0,288.88,11054.41,4244.42,6557.42,0,0,1395.66,7959.81,184.96,0,12311.11,1488.92,4012.52,70132.48,0,15147.23,0,0,81281.33,0,0,0,2633.55,2888.25,0,26446.01,29855.66,83.43,1703.61,19754.91,0,0,0,0
2006-02-12 04:00:00,0,3040.55,0,308.12,11297.34,4580.34,6708.6,0,0,1498.43,8341.48,191.07,0,12522.95,1564.48,4013.29,69425.01,0,15111.01,0,0,81398.11,0,0,0,2676.39,3006.08,0,26807.56,29870.7,83.88,1769.34,20153.96,0,0,0,0
2006-02-12 05:00:00,0,3102.85,0,318.16,11677.49,4904.53,7046.96,0,0,1593.09,9053.41,203.05,0,12765.08,1645.96,4060.1,69914.82,0,15438.19,0,0,82604.57,0,0,0,2769.57,3122.67,0,27442.46,30134.07,84.83,1850.45,20631.78,0,0,0,0
2006-02-12 06:00:00,0,3167.76,0,332.76,12147.96,5232.0,7402.41,0,0,1694.07,9785.17,215.19,0,13017.38,1738.37,4118.47,70881.42,0,15705.58,0,0,84214.67,0,0,0,2872.6,3226.21,0,27940.99,30438.17,85.96,1964.06,20969.65,0,0,0,0
2006-02-12 07:00:00,0,3226.91,0,352.81,12607.07,5572.89,7752.37,0,0,1802.91,10552.65,229.5,0,13344.44,1847.73,4220.9,71855.17,0,16115.53,0,0,85933.46,0,0,0,2979.08,3331.6,0,28567.79,30819.71,87.27,2096.28,21273.06,0,0,0,0
2006-02-12 08:00:00,0,3285.05,0,385.41,13242.36,6470.53,8129.3,0,0,2005.77,11745.13,246.65,0,14141.8,2029.12,4334.29,73041.82,0,17055.93,0,0,89465.69,0,0,0,3148.51,3557.89,0,29948.29,31241.84,88.67,2365.22,22009.12,0,0,0,0
2006-02-12 09:00:00,0,3399.77,0,393.05,13202.99,7106.42,8169.01,0,0,2249.64,13194.56,251.8,0,14764.94,2074.45,4440.63,75443.87,0,17663.23,0,0,91927.25,0,0,0,3152.1,3579.63,0,31422.31,31792.78,89.04,2566.82,22767.25,0,0,0,0
2006-02-12 10:00:00,0,3222.57,0,392.12,12914.62,7407.94,8039.19,0,0,2353.57,14201.82,253.79,0,15162.83,2051.13,4477.76,76146.81,0,18248.73,0,0,92447.09,0,0,0,3061.05,3418.86,0,31676.84,31774.54,86.67,2616.0,22043.6,0,0,0,0
2006-02-12 11:00:00,0,3041.26,0,388.35,12520.05,7497.87,7889.77,0,0,2365.9,14427.86,252.47,0,15373.84,2002.21,4447.08,75670.71,0,18557.49,0,0,91319.67,0,0,0,2937.48,3244.81,0,31359.61,31393.84,83.96,2627.03,21604.23,0,0,0,0
2006-02-12 12:00:00,0,2927.25,0,387.37,12097.5,7445.43,7480.63,0,0,2358.84,14566.25,249.86,0,15416.34,1980.15,4413.6,75322.62,0,18717.48,0,0,90201.1,0,0,0,2826.31,3073.53,0,30818.11,30804.99,81.74,2619.06,21120.16,0,0,0,0
2006-02-12 13:00:00,0,2857.42,0,378.16,11856.09,7283.04,7221.23,0,0,2327.23,14566.02,245.01,0,15493.27,1941.52,4415.66,75040.02,0,18748.98,0,0,89720.78,0,0,0,2741.68,2937.33,0,30140.68,30347.23,80.02,2616.32,20590.23,0,0,0,0
2006-02-12 14:00:00,0,2798.38,0,360.91,11689.17,7042.87,7192.69,0,0,2237.99,14450.03,239.21,0,15490.47,1878.5,4387.58,74565.1,0,18754.33,0,0,89257.96,0,0,0,2684.69,2843.6,0,29229.34,29876.26,79.07,2600.59,20081.77,0,0,0,0
2006-02-12 15:00:00,0,2717.07,0,342.71,11553.96,6869.31,7116.14,0,0,2139.5,14052.72,231.96,0,15337.97,1794.74,4342.9,73877.94,0,18831.65,0,0,88449.75,0,0,0,2654.04,2810.89,0,28460.33,29456.22,77.81,2608.64,19732.87,0,0,0,0
2006-02-12 16:00:00,0,2633.63,0,326.09,11296.25,6567.99,6958.85,0,0,2028.76,13409.98,224.45,0,15234.03,1691.2,4210.64,72982.14,0,19188.08,0,0,87408.3,0,0,0,2639.93,2863.15,0,28002.13,29046.52,75.81,2555.84,19455.86,0,0,0,0
2006-02-12 17:00:00,0,2580.62,0,317.32,11356.66,6015.79,7069.09,0,0,1937.67,12853.34,220.94,0,15650.79,1586.71,4154.68,72008.58,0,19656.13,0,0,87663.23,0,0,0,2646.77,2959.56,0,27347.98,28626.15,74.21,2445.88,19287.11,0,0,0,0
2006-02-12 18:00:00,0,2574.43,0,318.11,11935.14,5702.4,7360.16,0,0,1841.0,12667.07,220.4,0,16006.28,1547.15,4235.2,71909.69,0,20007.09,0,0,89486.35,0,0,0,2697.07,2985.43,0,26945.37,28454.61,73.93,2304.57,19619.26,0,0,0,0
2006-02-12 19:00:00,0,2975.24,0,383.55,15060.56,7403.02,8606.91,0,0,2348.22,14145.72,281.7,0,18226.34,1943.78,5020.19,83922.06,0,22284.24,0,0,105387.33,0,0,0,3181.64,3332.82,0,31389.4,32553.63,92.81,2825.43,22559.23,0,0,0,0
2006-02-12 20:00:00,0,3109.18,0,398.37,15414.59,7638.94,8563.49,0,0,2342.68,13957.72,288.31,0,17306.54,1972.82,4984.76,84533.17,0,21579.09,0,0,103251.71,0,0,0,3261.43,3396.63,0,32734.66,33735.11,93.16,2750.48,23476.92,0,0,0,0
2006-02-12 21:00:00,0,3225.9,0,398.86,15195.8,7634.74,8458.35,0,0,2325.48,13756.49,289.39,0,16404.05,1960.23,4910.8,83970.87,0,20832.35,0,0,100610.96,0,0,0,3261.88,3395.6,0,32744.12,34345.58,92.95,2663.32,23866.11,0,0,0,0
2006-02-12 22:00:00,0,3163.53,0,390.3,14754.81,7477.93,8359.26,0,0,2309.32,13475.89,281.09,0,15502.53,1991.26,4843.54,81821.5,0,19836.28,0,0,98026.43,0,0,0,3203.49,3361.56,0,32363.2,33683.5,92.43,2575.66,23490.05,0,0,0,0
2006-02-12 23:00:00,0,3105.07,0,378.94,14267.85,7298.11,8294.64,0,0,2300.82,13289.29,269.7,0,14644.82,1973.64,4729.03,79479.18,0,18888.76,0,0,95589.14,0,0,0,3156.0,3316.84,0,31705.67,32810.94,91.42,2481.67,22900.21,0,0,0,0
2006-02-13 00:00:00,0,3048.27,0,366.74,13743.1,7065.01,8138.92,0,0,2288.96,13050.08,260.91,0,13885.28,1913.91,4638.55,77225.18,0,17988.41,0,0,92771.4,0,0,0,3091.26,3265.57,0,30930.64,31923.95,90.47,2397.14,22256.1,0,0,0,0
2006-02-13 01:00:00,0,3028.4,0,359.16,13431.21,6830.44,7998.67,0,0,2260.01,12795.94,255.72,0,13345.0,1865.71,4547.37,74927.35,0,17124.13,0,0,90099.35,0,0,0,3043.92,3251.98,0,30349.13,31092.71,89.93,2318.74,21760.03,0,0,0,0
2006-02-13 02:00:00,0,3066.72,0,356.63,13422.81,6813.17,8090.62,0,0,2279.8,12969.45,256.92,0,13339.43,1841.74,4450.3,72892.31,0,16394.57,0,0,88337.71,0,0,0,3060.83,3330.53,0,30099.25,30411.13,89.93,2258.45,21839.26,0,0,0,0
2006-02-13 03:00:00,0,3182.12,0,363.29,13639.03,7056.21,8318.02,0,0,2343.3,13271.86,263.69,0,13670.67,1870.81,4429.77,72228.87,0,16192.25,0,0,89521.42,0,0,0,3150.88,3427.58,0,30323.66,30127.72,91.47,2293.43,22092.27,0,0,0,0
2006-02-13 04:00:00,0,3303.99,0,375.45,14171.38,7382.96,8717.63,0,0,2412.45,13684.2,270.44,0,13969.38,1961.01,4562.66,73574.67,0,16757.03,0,0,92723.57,0,0,0,3267.77,3506.82,0,30898.72,30458.79,93.66,2388.44,22727.81,0,0,0,0
2006-02-13 05:00:00,0,3390.73,0,387.62,14699.86,7748.39,9058.96,0,0,2478.07,13931.82,276.99,0,14280.13,2045.19,4717.55,75440.53,0,17612.55,0,0,95753.95,0,0,0,3380.91,3574.39,0,31720.3,31067.06,96.07,2556.04,23291.4,0,0,0,0
2006-02-13 06:00:00,0,3468.5,0,401.58,15258.08,8125.24,9394.08,0,0,2535.35,14188.75,286.39,0,14762.32,2145.33,4894.4,77364.83,0,18416.58,0,0,98833.95,0,0,0,3494.23,3654.57,0,32464.63,31826.01,98.74,2758.74,23802.85,0,0,0,0
2006-02-13 07:00:00,0,3544.91,0,410.41,15857.82,8533.66,9730.62,0,0,2576.38,14366.66,295.61,0,15392.72,2241.05,5075.31,79066.66,0,19158.06,0,0,102053.58,0,0,0,3610.68,3748.07,0,33147.96,32525.24,101.26,2941.72,24348.15,0,0,0,0
2006-02-13 08:00:00,0,3585.61,0,439.29,16935.0,6470.53,10091.18,0,0,2723.29,15411.56,294.06,0,16533.06,2336.55,5332.83,80901.34,0,20884.32,0,0,107857.18,0,0,0,3802.57,3881.68,0,35037.81,33191.13,103.35,3113.86,25365.53,0,0,0,0
2006-02-13 09:00:00,0,3634.04,0,418.64,16464.99,8757.51,9695.96,0,0,2714.27,16033.87,272.83,0,16113.64,2204.47,5441.42,85057.41,0,20757.03,0,0,104710.97,0,0,0,3650.72,3774.32,0,35064.45,34636.22,105.71,3158.58,25791.09,0,0,0,0
2006-02-13 10:00:00,0,3339.42,0,393.05,15678.65,8244.89,9015.88,0,0,2681.55,16258.28,259.17,0,15541.14,2108.57,5274.49,83679.52,0,20398.91,0,0,99498.27,0,0,0,3507.56,3592.66,0,33080.81,33990.79,102.92,3015.27,24181.35,0,0,0,0
2006-02-13 11:00:00,0,3066.55,0,391.65,14873.28,7841.01,8545.62,0,0,2649.7,16273.22,258.4,0,15138.45,2046.16,5152.92,82587.09,0,20024.92,0,0,96357.26,0,0,0,3389.33,3427.21,0,31888.1,32823.8,98.96,2851.09,23234.11,0,0,0,0
2006-02-13 12:00:00,0,2856.12,0,388.97,14107.17,7546.93,8118.43,0,0,2602.55,16237.67,254.32,0,14898.96,1967.07,5019.71,81803.7,0,19789.09,0,0,94233.91,0,0,0,3264.94,3254.68,0,31064.89,31832.07,95.81,2747.79,22383.2,0,0,0,0
2006-02-13 13:00:00,0,2658.34,0,374.34,13535.4,7232.22,7725.39,0,0,2505.58,16169.23,244.85,0,14888.56,1868.56,4898.83,80901.1,0,19682.96,0,0,92941.95,0,0,0,3132.81,3086.11,0,30185.82,30952.63,92.79,2648.79,21438.65,0,0,0,0
2006-02-13 14:00:00,0,2500.11,0,355.07,13126.61,6928.35,7379.97,0,0,2381.12,15748.95,234.11,0,14924.36,1757.67,4778.48,79663.11,0,19669.48,0,0,92120.74,0,0,0,3008.04,2950.16,0,29281.33,30165.62,89.73,2582.51,20598.82,0,0,0,0
2006-02-13 15:00:00,0,2345.15,0,339.89,12880.18,6692.45,7157.75,0,0,2276.87,15085.58,229.04,0,14904.5,1677.87,4670.05,78424.15,0,19652.82,0,0,90978.59,0,0,0,2921.84,2856.8,0,28753.14,29344.65,86.83,2542.62,19916.97,0,0,0,0
2006-02-13 16:00:00,0,2205.22,0,321.63,12869.72,6612.96,7078.52,0,0,2175.72,14323.99,225.35,0,14903.59,1610.03,4611.47,77393.26,0,19711.11,0,0,90278.39,0,0,0,2854.27,2824.76,0,28428.61,28612.9,84.57,2508.54,19701.21,0,0,0,0
2006-02-13 17:00:00,0,2118.21,0,314.99,12943.55,6510.52,7283.12,0,0,2084.23,13931.38,222.11,0,15486.8,1558.05,4568.27,76541.75,0,20016.1,0,0,91285.41,0,0,0,2857.79,2880.71,0,28208.14,27914.51,82.46,2501.11,19759.28,0,0,0,0
2006-02-13 18:00:00,0,2148.91,0,338.04,13948.57,6422.73,8137.17,0,0,2106.4,13878.38,232.08,0,16153.62,1617.84,4632.23,76588.49,0,20787.08,0,0,94700.4,0,0,0,3014.76,3079.92,0,28747.89,27466.96,80.25,2522.77,20469.04,0,0,0,0
2006-02-13 19:00:00,0,2520.11,0,384.52,15051.59,7481.48,9192.28,0,0,2493.82,15792.27,273.21,0,17566.58,1956.87,4945.86,81710.78,0,21583.22,0,0,104535.45,0,0,0,3367.58,3536.11,0,31175.92,29541.45,84.48,2841.06,21628.52,0,0,0,0
2006-02-13 20:00:00,0,2650.69,0,390.87,15424.19,7791.32,9099.48,0,0,2478.63,15667.25,282.68,0,16777.83,1998.64,4870.91,81784.81,0,20952.68,0,0,101909.12,0,0,0,3459.26,3614.41,0,32593.64,30766.65,84.41,2798.5,22422.03,0,0,0,0
2006-02-13 21:00:00,0,2741.87,0,388.13,15264.55,7812.48,8907.56,0,0,2452.59,15466.53,289.07,0,15971.0,2006.92,4768.79,81222.2,0,20283.81,0,0,99095.15,0,0,0,3433.48,3568.93,0,32432.18,31673.31,83.29,2747.21,22689.08,0,0,0,0
2006-02-13 22:00:00,0,2686.63,0,376.47,14734.99,7686.06,8698.66,0,0,2422.01,15035.55,281.18,0,15093.51,2007.59,4634.19,78995.68,0,19293.25,0,0,96317.82,0,0,0,3345.51,3504.25,0,31612.34,31097.72,81.52,2699.39,22141.34,0,0,0,0
2006-02-13 23:00:00,0,2586.96,0,366.3,14148.15,7516.65,8483.98,0,0,2387.56,14572.25,272.94,0,14196.27,2001.97,4490.55,76554.35,0,18324.77,0,0,93594.94,0,0,0,3249.47,3424.95,0,30457.92,30115.3,80.32,2647.46,21421.78,0,0,0,0
2006-02-14 00:00:00,0,2504.74,0,352.77,13631.17,7272.83,8240.85,0,0,2347.1,14107.65,262.69,0,13280.35,1974.22,4364.74,73880.8,0,17415.86,0,0,90897.77,0,0,0,3152.99,3336.45,0,29218.35,29138.99,79.25,2581.48,20656.5,0,0,0,0
2006-02-14 01:00:00,0,2414.03,0,343.59,13219.89,7045.19,7971.93,0,0,2305.55,13726.81,254.21,0,12674.66,1953.67,4247.09,71206.25,0,16467.59,0,0,87922.93,0,0,0,3072.22,3285.19,0,28073.08,28012.54,78.86,2518.95,19871.23,0,0,0,0
2006-02-14 02:00:00,0,2368.88,0,341.82,13114.05,7053.61,7937.39,0,0,2330.35,13960.01,252.62,0,12580.66,1936.88,4127.52,68675.54,0,15613.39,0,0,84846.07,0,0,0,3027.16,3297.91,0,27540.11,26905.32,78.51,2505.86,19581.87,0,0,0,0
2006-02-14 03:00:00,0,2389.84,0,348.87,13287.78,7278.86,8112.5,0,0,2401.05,14416.61,257.14,0,12711.24,1975.9,4032.51,67661.9,0,15361.43,0,0,84744.82,0,0,0,3073.6,3356.53,0,27967.65,26411.37,79.16,2562.38,19877.25,0,0,0,0
2006-02-14 04:00:00,0,2460.62,0,350.7,13761.25,7524.14,8487.62,0,0,2470.58,14947.53,263.18,0,12998.08,2043.93,4094.7,68926.77,0,15674.29,0,0,87285.57,0,0,0,3141.56,3392.4,0,28526.65,26707.86,81.23,2662.14,20323.06,0,0,0,0
2006-02-14 05:00:00,0,2528.94,0,358.24,14269.98,7814.24,8845.71,0,0,2553.28,15447.25,268.87,0,13282.98,2128.11,4237.57,70544.13,0,16318.12,0,0,89835.21,0,0,0,3225.2,3448.54,0,29221.6,27462.18,83.05,2771.7,20720.68,0,0,0,0
2006-02-14 06:00:00,0,2593.74,0,367.35,14796.78,8114.13,9152.48,0,0,2623.98,15906.72,275.24,0,13566.63,2197.43,4377.96,72212.72,0,17027.55,0,0,92690.88,0,0,0,3307.16,3514.11,0,30037.13,28340.18,84.82,2881.15,21055.62,0,0,0,0
2006-02-14 07:00:00,0,2668.2,0,382.16,15347.03,8394.32,9385.67,0,0,2679.16,16302.24,285.31,0,13962.28,2260.49,4526.35,73938.55,0,17697.67,0,0,95922.25,0,0,0,3394.23,3576.15,0,30911.93,29268.09,86.27,2971.66,21416.22,0,0,0,0
2006-02-14 08:00:00,0,2734.13,0,420.52,16375.34,8753.47,9565.61,0,0,2754.05,17114.17,298.12,0,15296.28,2308.45,4760.6,75815.39,0,19625.11,0,0,101635.55,0,0,0,3555.12,3638.93,0,32582.16,30177.85,88.29,3093.05,22232.41,0,0,0,0
2006-02-14 09:00:00,0,2821.16,0,399.07,15685.43,8048.6,8983.61,0,0,2561.22,16165.56,275.71,0,15211.34,2142.64,4843.51,80267.88,0,19694.97,0,0,99813.18,0,0,0,3384.48,3473.11,0,32394.97,31512.63,90.46,2886.79,22435.15,0,0,0,0
2006-02-14 10:00:00,0,2640.48,0,369.18,14436.77,7438.77,8120.61,0,0,2475.0,15640.29,258.05,0,14991.26,2023.35,4671.44,79178.98,0,19648.31,0,0,95425.87,0,0,0,3108.74,3209.17,0,29725.74,31264.49,89.45,2709.06,21020.11,0,0,0,0
2006-02-14 11:00:00,0,2411.65,0,343.31,13195.31,7192.99,7404.92,0,0,2396.99,15375.22,252.71,0,14829.35,1953.4,4534.59,77201.42,0,19473.2,0,0,91862.36,0,0,0,2910.02,2924.11,0,27549.04,30449.2,85.43,2623.24,19817.65,0,0,0,0
2006-02-14 12:00:00,0,2237.86,0,332.0,12334.54,6934.49,6865.37,0,0,2305.06,15104.61,244.21,0,14586.79,1887.58,4391.27,75899.45,0,19361.0,0,0,89113.66,0,0,0,2775.27,2717.55,0,26136.13,29677.86,81.79,2524.69,18747.51,0,0,0,0
2006-02-14 13:00:00,0,2110.57,0,319.84,11728.82,6669.57,6487.02,0,0,2201.85,14707.91,230.15,0,14389.44,1756.06,4259.33,74930.13,0,19279.81,0,0,86721.64,0,0,0,2650.37,2566.03,0,25241.17,29107.62,78.75,2406.78,17919.51,0,0,0,0
2006-02-14 14:00:00,0,2008.57,0,304.88,11374.69,6390.87,6231.74,0,0,2110.87,14227.7,219.73,0,14392.53,1659.1,4144.31,74008.46,0,19286.48,0,0,84625.94,0,0,0,2559.86,2472.29,0,24478.42,28713.13,76.4,2328.15,17294.1,0,0,0,0
2006-02-14 15:00:00,0,1924.36,0,298.13,11208.76,6110.89,6051.21,0,0,2023.25,13636.56,209.48,0,14465.9,1547.83,4062.45,73158.68,0,19243.65,0,0,82925.91,0,0,0,2524.41,2406.88,0,23862.37,28304.96,74.5,2253.79,17119.73,0,0,0,0
2006-02-14 16:00:00,0,1852.79,0,292.02,11041.41,5854.34,5985.25,0,0,1894.6,13007.13,203.57,0,14677.98,1444.06,3995.38,72267.91,0,19206.87,0,0,82158.81,0,0,0,2490.54,2379.95,0,23424.68,27697.14,72.8,2171.23,17223.17,0,0,0,0
2006-02-14 17:00:00,0,1824.51,0,291.43,11146.5,5706.81,6253.44,0,0,1831.74,12543.96,200.19,0,15243.12,1407.02,3992.09,71862.62,0,19506.99,0,0,84032.57,0,0,0,2491.22,2428.13,0,23354.93,27265.56,70.93,2107.26,17287.4,0,0,0,0
2006-02-14 18:00:00,0,1877.28,0,303.91,11980.32,5829.66,6791.05,0,0,1923.29,12507.4,207.37,0,15664.35,1516.84,4074.84,72399.14,0,20113.67,0,0,86928.31,0,0,0,2593.26,2535.35,0,24154.4,26937.87,69.67,2214.13,17703.05,0,0,0,0
2006-02-14 19:00:00,0,2166.0,0,344.92,12852.61,6713.16,7739.83,0,0,2205.7,14269.74,240.66,0,16887.17,1789.1,4335.04,75830.94,0,20747.16,0,0,95300.26,0,0,0,2906.96,2882.12,0,25939.76,28681.03,74.89,2656.08,18740.43,0,0,0,0
2006-02-14 20:00:00,0,2284.68,0,350.95,13081.35,6889.48,7603.87,0,0,2132.46,13719.24,244.62,0,16019.75,1788.51,4289.91,75829.02,0,20198.72,0,0,92934.1,0,0,0,2982.53,2960.84,0,26905.38,29498.59,74.8,2550.59,19577.39,0,0,0,0
2006-02-14 21:00:00,0,2375.3,0,351.13,13017.71,6771.17,7401.59,0,0,2028.36,12969.8,246.93,0,15129.5,1757.56,4227.31,75475.37,0,19582.23,0,0,90220.3,0,0,0,2974.64,2957.95,0,26900.28,30330.49,74.63,2460.19,19943.29,0,0,0,0
2006-02-14 22:00:00,0,2345.69,0,339.81,12534.08,6509.65,7188.37,0,0,1934.17,12134.92,240.07,0,14239.77,1709.12,4137.54,73706.39,0,18627.83,0,0,87261.67,0,0,0,2898.89,2919.27,0,26022.5,29763.88,74.86,2382.42,19461.93,0,0,0,0
2006-02-14 23:00:00,0,2239.32,0,319.57,12028.56,6191.02,6943.62,0,0,1821.07,11321.4,231.71,0,13366.87,1662.34,4010.5,71504.21,0,17637.29,0,0,83958.77,0,0,0,2813.17,2868.75,0,25051.49,28701.87,74.22,2281.15,18717.03,0,0,0,0
2006-02-15 00:00:00,0,2128.68,0,293.41,11553.04,5870.52,6730.37,0,0,1708.25,10546.21,222.02,0,12525.81,1639.28,3878.36,69188.67,0,16602.72,0,0,80537.18,0,0,0,2712.9,2809.3,0,24146.61,27599.83,73.0,2191.32,17889.5,0,0,0,0
2006-02-15 01:00:00,0,2014.05,0,276.6,11216.51,5500.07,6554.24,0,0,1607.17,9783.45,212.69,0,12032.99,1622.64,3767.75,66752.33,0,15607.47,0,0,77576.08,0,0,0,2629.11,2751.33,0,23455.65,26476.65,71.97,2106.43,17084.0,0,0,0,0
2006-02-15 02:00:00,0,1935.64,0,272.42,11061.23,5353.58,6508.6,0,0,1562.14,9414.04,204.48,0,11958.33,1611.98,3675.33,64290.82,0,14814.67,0,0,75742.86,0,0,0,2596.81,2794.6,0,23096.41,25353.49,71.53,2037.07,16400.32,0,0,0,0
2006-02-15 03:00:00,0,1940.74,0,280.85,11245.38,5413.39,6709.45,0,0,1609.58,9736.0,202.97,0,12134.99,1631.68,3609.76,62745.05,0,14583.0,0,0,75530.91,0,0,0,2721.74,2924.07,0,23898.32,24923.51,71.07,2085.68,16403.54,0,0,0,0
2006-02-15 04:00:00,0,2002.87,0,293.66,11852.59,5679.09,7082.01,0,0,1691.22,10272.96,207.1,0,12489.57,1698.57,3704.67,64278.94,0,15047.24,0,0,77914.36,0,0,0,2872.86,3060.66,0,24729.27,25189.0,71.82,2165.26,16800.35,0,0,0,0
2006-02-15 05:00:00,0,2063.66,0,308.61,12488.87,5972.13,7468.28,0,0,1798.03,10827.06,218.53,0,12794.11,1763.82,3866.88,66321.68,0,15629.32,0,0,80696.75,0,0,0,3005.87,3174.25,0,25644.86,25979.89,73.04,2239.61,17277.96,0,0,0,0
2006-02-15 06:00:00,0,2130.83,0,330.79,13110.14,6233.6,7868.97,0,0,1877.49,11282.88,228.15,0,13131.19,1782.46,4042.16,68476.65,0,16246.13,0,0,83890.33,0,0,0,3118.63,3262.87,0,26452.98,26838.71,74.54,2317.54,17746.87,0,0,0,0
2006-02-15 07:00:00,0,2195.96,0,346.83,13721.13,6469.26,8213.45,0,0,1945.54,11692.59,234.75,0,13640.14,1790.45,4201.86,70610.86,0,16964.51,0,0,86795.71,0,0,0,3221.81,3339.64,0,27254.11,27713.46,76.72,2383.37,18281.14,0,0,0,0
2006-02-15 08:00:00,0,2267.6,0,373.84,14566.3,6982.44,8462.92,0,0,2091.44,13002.06,249.8,0,14881.89,1877.79,4416.86,73094.91,0,19015.46,0,0,92584.33,0,0,0,3414.88,3419.85,0,28777.09,28593.98,79.15,2542.53,19287.64,0,0,0,0
2006-02-15 09:00:00,0,2397.87,0,335.74,13780.3,6893.23,7822.48,0,0,2064.3,13184.89,239.14,0,14614.41,1734.6,4413.14,78183.05,0,19369.27,0,0,91343.65,0,0,0,3202.89,3127.22,0,28561.96,30168.95,79.8,2445.05,19882.56,0,0,0,0
2006-02-15 10:00:00,0,2404.56,0,321.51,12827.31,6373.79,7089.3,0,0,1959.93,13003.26,205.55,0,14182.57,1491.04,4288.84,78120.17,0,18882.31,0,0,88902.54,0,0,0,2927.89,2859.44,0,26482.22,30816.4,77.41,2283.71,18736.05,0,0,0,0
2006-02-15 11:00:00,0,2358.23,0,311.88,11944.71,6191.56,6519.09,0,0,1929.77,13082.98,197.86,0,13694.73,1438.06,4172.25,77676.02,0,18561.64,0,0,86690.16,0,0,0,2678.51,2586.92,0,25103.17,30629.16,73.83,2230.51,17839.17,0,0,0,0
2006-02-15 12:00:00,0,2269.8,0,303.31,11345.06,6083.75,6021.59,0,0,1915.29,13172.41,194.25,0,13414.99,1404.39,4102.06,77079.38,0,18283.8,0,0,84349.09,0,0,0,2510.6,2377.99,0,24217.36,30405.09,72.88,2206.74,17145.52,0,0,0,0
2006-02-15 13:00:00,0,2185.43,0,296.05,10956.69,5902.0,5716.19,0,0,1904.11,13210.14,191.67,0,13245.13,1375.36,4033.55,76528.3,0,18147.68,0,0,82448.41,0,0,0,2411.89,2255.84,0,23369.15,30092.51,72.06,2211.62,16623.07,0,0,0,0
2006-02-15 14:00:00,0,2130.02,0,289.57,10720.76,5656.81,5615.71,0,0,1872.84,13048.1,188.95,0,13166.61,1361.33,3958.51,76051.24,0,18048.81,0,0,80799.63,0,0,0,2363.84,2191.27,0,22852.04,29764.5,71.48,2197.44,16232.22,0,0,0,0
2006-02-15 15:00:00,0,2081.42,0,285.86,10586.45,5424.0,5599.77,0,0,1864.51,12892.24,186.69,0,13170.15,1347.33,3892.43,75497.89,0,18011.14,0,0,80340.73,0,0,0,2335.99,2162.92,0,22661.42,29366.64,70.02,2169.58,15910.37,0,0,0,0
2006-02-15 16:00:00,0,2038.17,0,287.42,10520.82,5364.1,5637.48,0,0,1878.94,12901.07,188.66,0,13400.57,1341.52,3853.66,74965.3,0,18112.56,0,0,81117.78,0,0,0,2319.99,2150.43,0,22615.16,29048.63,68.86,2158.41,15812.04,0,0,0,0
2006-02-15 17:00:00,0,2059.56,0,288.25,10671.99,5500.67,5839.71,0,0,1881.22,13295.43,194.74,0,14051.9,1325.69,3819.24,74767.89,0,18543.91,0,0,83803.4,0,0,0,2330.4,2205.04,0,22496.4,28874.55,67.37,2204.86,15949.52,0,0,0,0
2006-02-15 18:00:00,0,2094.2,0,288.09,11092.36,5552.02,6201.2,0,0,1888.54,13093.96,201.34,0,14585.03,1336.39,3824.53,75046.72,0,19267.38,0,0,87606.89,0,0,0,2392.34,2325.9,0,22829.48,28576.06,66.05,2210.94,16186.88,0,0,0,0
2006-02-15 19:00:00,0,2255.58,0,320.72,12005.76,5968.46,7042.51,0,0,2090.99,13929.4,222.58,0,15979.92,1581.83,4050.31,77429.01,0,19879.99,0,0,93900.66,0,0,0,2685.69,2618.64,0,24359.47,29274.43,70.57,2496.45,16900.59,0,0,0,0
2006-02-15 20:00:00,0,2323.37,0,318.11,12155.48,5862.4,6836.03,0,0,1966.97,13078.23,218.8,0,15167.61,1514.33,3941.75,77315.5,0,19348.07,0,0,91633.74,0,0,0,2729.46,2647.82,0,24768.35,30117.12,69.08,2302.97,17336.9,0,0,0,0
2006-02-15 21:00:00,0,2380.13,0,309.85,12039.21,5662.07,6608.68,0,0,1847.43,12264.75,217.4,0,14307.44,1446.17,3839.91,77132.67,0,18757.22,0,0,88978.33,0,0,0,2709.93,2650.72,0,24851.97,30844.31,67.87,2167.88,17594.23,0,0,0,0
2006-02-15 22:00:00,0,2332.36,0,291.6,11487.97,5239.79,6366.39,0,0,1727.4,11427.71,202.46,0,13441.81,1371.35,3738.87,74812.31,0,17741.91,0,0,86008.37,0,0,0,2602.6,2579.08,0,23887.95,30166.85,67.04,2055.6,16826.92,0,0,0,0
2006-02-15 23:00:00,0,2207.01,0,271.73,10954.56,4825.93,6078.77,0,0,1612.1,10556.43,188.48,0,12616.3,1286.29,3635.56,72390.33,0,16627.1,0,0,82972.75,0,0,0,2488.41,2487.68,0,22790.76,29029.71,66.36,1943.73,15961.74,0,0,0,0
2006-02-16 00:00:00,0,2077.81,0,252.27,10404.31,4410.5,5804.07,0,0,1499.17,9725.85,175.01,0,11804.36,1210.4,3554.25,69863.2,0,15577.16,0,0,79886.4,0,0,0,2383.21,2407.96,0,21650.94,27930.01,65.09,1832.83,15136.52,0,0,0,0
2006-02-16 01:00:00,0,1977.11,0,233.81,10012.54,4017.78,5553.76,0,0,1392.69,8877.18,161.04,0,11446.97,1150.12,3439.55,67427.51,0,14710.22,0,0,76895.63,0,0,0,2312.86,2343.94,0,20498.42,26805.42,63.7,1721.52,14354.47,0,0,0,0
2006-02-16 02:00:00,0,1896.1,0,219.93,9833.38,3778.81,5421.56,0,0,1299.88,8177.88,150.19,0,11366.7,1107.9,3352.74,64813.32,0,14117.74,0,0,74493.6,0,0,0,2271.54,2344.25,0,19772.82,25680.45,63.22,1644.6,13640.93,0,0,0,0
2006-02-16 03:00:00,0,1889.71,0,219.83,10074.94,3986.1,5658.41,0,0,1326.83,8380.46,150.7,0,11497.92,1141.2,3238.57,63189.17,0,13925.42,0,0,73838.42,0,0,0,2343.57,2442.95,0,19935.86,25189.62,62.72,1674.79,13294.07,0,0,0,0
2006-02-16 04:00:00,0,1894.74,0,232.24,10653.25,4229.24,6162.94,0,0,1385.11,8782.02,159.53,0,11831.22,1202.53,3269.19,64162.94,0,14359.88,0,0,75807.61,0,0,0,2475.19,2522.33,0,20578.63,25272.05,62.41,1753.52,13555.55,0,0,0,0
2006-02-16 05:00:00,0,1925.68,0,244.21,11249.1,4461.62,6595.45,0,0,1440.35,9202.18,168.66,0,12180.23,1251.05,3386.63,65862.08,0,14969.6,0,0,78346.52,0,0,0,2599.15,2598.32,0,21363.17,25927.16,64.05,1839.71,14107.31,0,0,0,0
2006-02-16 06:00:00,0,1983.69,0,256.49,11870.2,4657.67,7007.93,0,0,1489.91,9642.21,175.79,0,12528.47,1312.83,3531.29,67393.81,0,15589.31,0,0,81274.26,0,0,0,2688.25,2657.96,0,22222.27,26822.82,65.5,1925.61,14722.81,0,0,0,0
2006-02-16 07:00:00,0,2033.22,0,265.76,12502.12,4894.93,7400.96,0,0,1552.1,10053.29,183.56,0,13018.03,1370.38,3675.3,69017.75,0,16350.49,0,0,84050.59,0,0,0,2774.49,2712.2,0,22940.41,27573.09,67.11,2017.36,15230.85,0,0,0,0
2006-02-16 08:00:00,0,2075.29,0,304.33,13395.02,5447.46,7872.34,0,0,1729.79,11217.06,202.01,0,14110.53,1444.25,3901.29,70940.8,0,18237.06,0,0,90296.31,0,0,0,2927.2,2813.34,0,24628.72,28281.7,68.84,2186.09,16109.1,0,0,0,0
2006-02-16 09:00:00,0,2184.81,0,306.78,12965.34,5516.06,7253.56,0,0,1804.43,11906.43,197.53,0,13795.72,1430.98,4077.16,75032.19,0,18447.65,0,0,90417.8,0,0,0,2869.36,2731.42,0,24844.82,29679.31,70.98,2190.31,16940.76,0,0,0,0
2006-02-16 10:00:00,0,2208.95,0,302.03,12039.36,5505.87,6469.11,0,0,1841.43,12320.56,190.45,0,13434.17,1370.35,4081.7,76362.46,0,18084.19,0,0,87945.55,0,0,0,2658.0,2528.02,0,23965.85,30552.53,71.77,2161.88,16808.22,0,0,0,0
2006-02-16 11:00:00,0,2218.96,0,296.65,11395.94,5558.53,5993.56,0,0,1864.89,12751.81,188.52,0,13196.04,1360.74,4047.76,77304.61,0,17867.15,0,0,85658.69,0,0,0,2539.68,2380.75,0,23528.76,30993.94,71.59,2139.73,16632.33,0,0,0,0
2006-02-16 12:00:00,0,2221.29,0,292.96,11036.16,5518.65,5765.43,0,0,1880.96,13177.81,186.89,0,13025.03,1368.57,4030.44,77583.65,0,17743.33,0,0,84231.19,0,0,0,2448.93,2280.36,0,23133.09,30960.67,71.89,2165.84,16434.53,0,0,0,0
2006-02-16 13:00:00,0,2217.66,0,287.74,10739.96,5475.46,5744.94,0,0,1910.66,13427.75,185.33,0,12956.64,1372.9,4025.18,77535.65,0,17811.28,0,0,83001.56,0,0,0,2404.95,2249.05,0,22912.02,30865.83,72.43,2192.01,16315.9,0,0,0,0
2006-02-16 14:00:00,0,2217.63,0,284.92,10578.4,5448.37,5719.17,0,0,1932.2,13490.83,186.19,0,12939.17,1373.42,4026.65,77347.47,0,17953.33,0,0,82340.17,0,0,0,2373.39,2230.0,0,22705.74,30668.64,73.4,2200.44,16182.56,0,0,0,0
2006-02-16 15:00:00,0,2243.79,0,284.0,10457.95,5480.82,5708.25,0,0,1949.07,13646.27,185.62,0,13009.04,1369.84,4032.01,76991.94,0,18044.03,0,0,82449.69,0,0,0,2344.15,2209.97,0,22537.45,30534.69,74.61,2250.54,16143.77,0,0,0,0
2006-02-16 16:00:00,0,2310.81,0,285.0,10337.27,5624.4,5708.89,0,0,1973.47,13898.88,190.33,0,13281.36,1360.89,4018.75,76730.51,0,18177.94,0,0,82739.23,0,0,0,2331.42,2184.52,0,22223.89,30501.56,75.0,2322.73,16176.81,0,0,0,0
2006-02-16 17:00:00,0,2399.92,0,288.02,10515.87,5764.99,5792.43,0,0,1958.57,14067.85,198.1,0,14092.78,1369.81,3981.03,76400.81,0,18541.64,0,0,83957.26,0,0,0,2342.01,2202.94,0,21983.73,30259.1,72.29,2383.75,16344.43,0,0,0,0
2006-02-16 18:00:00,0,2510.96,0,282.12,10586.38,5751.3,5933.16,0,0,1954.45,13807.67,203.08,0,14833.75,1371.26,3945.62,75982.9,0,19287.31,0,0,86541.6,0,0,0,2391.69,2281.38,0,21843.13,30029.34,72.03,2364.01,16365.18,0,0,0,0
2006-02-16 19:00:00,0,2836.45,0,317.36,11594.43,6163.01,6872.53,0,0,2148.46,14437.17,229.4,0,16030.48,1541.88,4136.53,78081.77,0,19891.31,0,0,93429.97,0,0,0,2637.17,2569.78,0,23926.6,31517.51,77.12,2650.93,17121.58,0,0,0,0
2006-02-16 20:00:00,0,3001.04,0,308.81,11605.47,5957.55,6588.22,0,0,1984.78,13511.32,223.35,0,15365.43,1471.1,3990.51,78080.17,0,19343.17,0,0,90145.22,0,0,0,2661.83,2527.75,0,24329.25,32713.12,75.65,2442.72,17424.83,0,0,0,0
2006-02-16 21:00:00,0,3138.12,0,299.6,11459.79,5627.76,6288.27,0,0,1854.4,12694.83,217.73,0,14577.03,1393.92,3848.16,77366.97,0,18671.45,0,0,87069.74,0,0,0,2632.76,2483.19,0,24264.9,33205.17,74.44,2230.87,17577.84,0,0,0,0
2006-02-16 22:00:00,0,3065.31,0,281.35,10786.09,5126.69,5974.35,0,0,1732.44,11753.22,200.63,0,13718.52,1324.94,3717.15,75069.26,0,17679.0,0,0,84207.02,0,0,0,2494.19,2388.36,0,23083.08,32409.2,74.41,2040.33,16773.05,0,0,0,0
2006-02-16 23:00:00,0,2992.41,0,262.54,10099.31,4664.82,5639.66,0,0,1608.02,10753.68,184.32,0,12822.88,1252.24,3593.59,72884.52,0,16709.42,0,0,81293.22,0,0,0,2343.15,2291.59,0,21868.95,31761.52,78.54,1877.52,15863.15,0,0,0,0
2006-02-17 00:00:00,0,2902.79,0,243.8,9475.24,4224.8,5308.06,0,0,1485.57,9703.41,169.27,0,11938.35,1161.29,3487.59,70784.18,0,15618.63,0,0,77842.45,0,0,0,2224.79,2212.27,0,20680.32,31113.84,79.84,1735.29,14974.23,0,0,0,0
2006-02-17 01:00:00,0,2838.19,0,225.78,8955.93,3811.21,4997.64,0,0,1368.1,8757.56,153.98,0,11399.92,1087.94,3395.86,68871.04,0,14584.62,0,0,74160.8,0,0,0,2131.79,2132.57,0,19729.51,30511.27,80.37,1606.81,14453.83,0,0,0,0
2006-02-17 02:00:00,0,2807.04,0,213.7,8750.78,3528.17,4770.34,0,0,1259.59,7929.64,142.38,0,11258.82,1072.04,3311.88,67147.2,0,13863.43,0,0,70964.23,0,0,0,2090.85,2096.72,0,19175.14,29957.11,81.01,1509.58,14077.23,0,0,0,0
2006-02-17 03:00:00,0,2890.19,0,215.43,8736.9,3643.08,4765.76,0,0,1250.32,7969.01,139.77,0,11427.19,1105.17,3374.86,65921.35,0,13673.06,0,0,70003.93,0,0,0,2107.17,2155.24,0,19437.48,29833.45,82.74,1535.55,13819.81,0,0,0,0
2006-02-17 04:00:00,0,3002.47,0,227.78,9110.11,3901.25,5014.41,0,0,1319.37,8448.36,146.96,0,11771.28,1175.98,3596.54,67412.37,0,14127.97,0,0,70764.03,0,0,0,2205.09,2223.33,0,20094.54,30242.64,85.19,1624.24,14345.23,0,0,0,0
2006-02-17 05:00:00,0,3110.31,0,239.07,9759.3,4212.86,5333.2,0,0,1385.76,8905.4,154.88,0,12109.22,1241.44,3834.67,69945.58,0,14662.12,0,0,72726.21,0,0,0,2296.96,2292.33,0,20815.96,31233.47,87.84,1715.17,15228.52,0,0,0,0
2006-02-17 06:00:00,0,3209.95,0,248.43,10368.6,4478.25,5648.08,0,0,1449.81,9345.65,161.97,0,12439.26,1309.23,4029.58,71988.27,0,15227.17,0,0,75629.79,0,0,0,2395.47,2370.29,0,21383.52,32177.5,91.07,1798.69,16301.5,0,0,0,0
2006-02-17 07:00:00,0,3308.06,0,265.21,10843.95,4732.81,5909.41,0,0,1514.4,9769.63,167.29,0,12764.76,1394.62,4301.04,74090.08,0,15848.94,0,0,78602.69,0,0,0,2505.21,2446.21,0,21860.56,33169.97,94.42,1880.17,17336.31,0,0,0,0
2006-02-17 08:00:00,0,3428.45,0,305.22,11706.83,5364.58,6297.09,0,0,1696.08,11130.14,182.17,0,13953.02,1525.89,4641.27,76921.99,0,17200.0,0,0,84222.17,0,0,0,2678.95,2569.93,0,22991.09,34280.33,98.13,2029.7,18506.26,0,0,0,0
2006-02-17 09:00:00,0,3627.3,0,313.59,11594.29,5538.29,6248.27,0,0,1764.06,11650.52,186.97,0,14288.45,1456.83,4943.69,83079.83,0,18448.54,0,0,88824.25,0,0,0,2595.66,2437.6,0,24018.5,36577.91,102.07,2070.17,20405.11,0,0,0,0
2006-02-17 10:00:00,0,3629.02,0,301.46,11439.29,5387.83,6131.04,0,0,1775.21,12131.36,182.34,0,14483.33,1334.38,4991.22,84684.24,0,18956.94,0,0,88462.2,0,0,0,2526.57,2309.5,0,24067.79,37350.23,105.01,2088.57,21185.63,0,0,0,0
2006-02-17 11:00:00,0,3552.18,0,295.32,11320.72,5346.36,5941.91,0,0,1811.53,12683.28,182.34,0,14629.45,1269.42,4956.35,85221.25,0,19211.61,0,0,88235.29,0,0,0,2460.88,2226.62,0,24175.79,37411.31,103.76,2116.79,21034.77,0,0,0,0
2006-02-17 12:00:00,0,3463.87,0,290.18,11117.5,5471.4,5724.76,0,0,1850.42,13275.74,185.05,0,14787.22,1274.52,4819.46,85386.21,0,19072.1,0,0,88613.17,0,0,0,2431.55,2198.39,0,24337.65,37317.97,102.1,2181.38,20689.87,0,0,0,0
2006-02-17 13:00:00,0,3357.01,0,290.82,11001.57,5606.92,5670.93,0,0,1900.32,13694.1,190.04,0,14889.2,1308.71,4692.55,85166.14,0,19762.06,0,0,87400.04,0,0,0,2396.21,2203.32,0,24458.78,36991.76,100.56,2241.17,20148.84,0,0,0,0
2006-02-17 14:00:00,0,3234.49,0,293.12,10988.91,5685.63,5672.8,0,0,1942.99,14070.09,196.08,0,14917.68,1335.69,4564.89,84538.68,0,18837.81,0,0,85645.65,0,0,0,2377.93,2227.2,0,24585.56,36454.47,98.79,2299.4,19628.36,0,0,0,0
2006-02-17 15:00:00,0,3114.81,0,300.53,10794.53,5792.54,5708.63,0,0,1966.28,14323.29,202.92,0,14409.63,1345.3,4439.34,83529.57,0,18840.29,0,0,85316.47,0,0,0,2371.99,2221.6,0,24551.45,35759.97,96.95,2390.45,19111.92,0,0,0,0
2006-02-17 16:00:00,0,3027.7,0,309.09,10687.76,5898.1,5722.3,0,0,2011.38,14678.89,211.52,0,14366.34,1376.58,4357.59,83076.6,0,19353.16,0,0,86144.2,0,0,0,2383.81,2219.79,0,24462.78,35111.22,95.3,2446.29,18914.64,0,0,0,0
2006-02-17 17:00:00,0,3026.5,0,311.8,10754.73,6107.89,5877.23,0,0,2064.63,14812.06,219.18,0,14981.84,1401.52,4327.81,82628.08,0,19907.16,0,0,88421.75,0,0,0,2410.14,2229.49,0,24346.47,34822.11,94.98,2485.21,18825.98,0,0,0,0
2006-02-17 18:00:00,0,3152.58,0,296.42,11025.85,5929.18,6137.82,0,0,2022.15,14217.58,216.59,0,15556.86,1394.5,4389.94,82882.93,0,20404.1,0,0,91622.24,0,0,0,2428.79,2266.7,0,24059.12,34805.7,93.24,2443.44,18941.45,0,0,0,0
2006-02-17 19:00:00,0,3297.36,0,320.74,11328.88,5968.84,6504.51,0,0,2115.19,14510.54,231.41,0,16721.58,1475.38,4377.04,85962.41,0,20499.01,0,0,98549.78,0,0,0,2532.44,2531.01,0,23778.03,34730.99,88.32,2501.18,18423.01,0,0,0,0
2006-02-17 20:00:00,0,3462.6,0,300.51,11609.54,5667.5,6510.52,0,0,1940.7,13294.98,215.02,0,16092.1,1379.49,4328.99,86994.68,0,20049.29,0,0,96934.23,0,0,0,2516.72,2491.85,0,24382.54,35308.06,87.92,2300.1,19082.31,0,0,0,0
2006-02-17 21:00:00,0,3638.13,0,287.77,11731.55,5468.25,6439.65,0,0,1791.8,12345.07,208.47,0,15472.94,1312.35,4262.47,86737.15,0,19592.2,0,0,95056.44,0,0,0,2519.74,2454.05,0,24681.21,35469.54,87.74,2143.19,19738.53,0,0,0,0
2006-02-17 22:00:00,0,3647.68,0,268.52,11440.14,5042.0,6419.5,0,0,1668.07,11479.03,196.86,0,14806.85,1246.55,4218.49,85494.26,0,18831.52,0,0,93528.21,0,0,0,2411.45,2393.05,0,24111.21,35041.9,87.39,2001.26,19281.68,0,0,0,0
2006-02-17 23:00:00,0,3628.83,0,249.89,11111.08,4611.73,6409.19,0,0,1566.51,10697.09,182.92,0,14126.78,1181.67,4171.71,84218.22,0,18094.27,0,0,92503.12,0,0,0,2310.01,2349.66,0,23493.67,34553.15,87.91,1872.69,18750.58,0,0,0,0
2006-02-18 00:00:00,0,3598.24,0,234.0,10811.87,4212.71,6328.57,0,0,1472.39,9882.97,167.2,0,13441.33,1114.83,4104.25,82776.12,0,17403.72,0,0,91132.23,0,0,0,2249.27,2303.61,0,22753.39,34016.21,87.92,1763.1,18148.24,0,0,0,0
2006-02-18 01:00:00,0,3590.34,0,219.62,10545.15,3880.95,6215.67,0,0,1374.65,9100.19,153.08,0,12728.69,1065.5,4026.54,81257.66,0,16348.5,0,0,89549.08,0,0,0,2192.5,2257.71,0,22243.42,33463.23,88.14,1655.69,17542.15,0,0,0,0
2006-02-18 02:00:00,0,3589.34,0,206.49,10511.75,3689.22,6115.32,0,0,1290.66,8454.14,142.56,0,12319.83,1021.83,3996.14,80257.08,0,15430.69,0,0,87420.24,0,0,0,2161.68,2235.85,0,21946.34,33099.05,89.03,1581.8,17277.61,0,0,0,0
2006-02-18 03:00:00,0,3640.76,0,200.13,10560.46,3580.37,6166.81,0,0,1231.33,8090.5,136.11,0,12177.52,1000.7,3971.57,79628.51,0,15116.2,0,0,86571.97,0,0,0,2149.45,2260.26,0,21634.76,32870.38,89.9,1551.08,17214.64,0,0,0,0
2006-02-18 04:00:00,0,3733.18,0,197.33,10707.0,3641.22,6375.43,0,0,1229.41,8084.99,133.47,0,12250.87,1005.83,3990.4,79968.51,0,15182.12,0,0,87278.44,0,0,0,2161.03,2342.32,0,21597.81,33052.66,90.8,1558.7,17157.69,0,0,0,0
2006-02-18 05:00:00,0,3818.31,0,198.85,11145.88,3775.04,6864.73,0,0,1252.61,8156.12,136.88,0,12769.65,1028.39,4099.7,80839.81,0,15354.29,0,0,88634.9,0,0,0,2226.06,2430.26,0,21836.81,33587.66,93.08,1603.86,17670.75,0,0,0,0
2006-02-18 06:00:00,0,3890.61,0,206.67,11614.09,3985.41,7251.69,0,0,1300.31,8429.16,141.41,0,12991.66,1059.78,4269.21,81753.04,0,15624.77,0,0,90174.63,0,0,0,2309.92,2517.59,0,22176.72,34090.41,95.37,1667.11,18266.83,0,0,0,0
2006-02-18 07:00:00,0,3954.98,0,219.48,12057.01,4197.3,7597.85,0,0,1354.64,8819.95,148.57,0,13238.0,1093.63,4455.78,82416.19,0,15923.39,0,0,91592.73,0,0,0,2410.19,2610.29,0,22635.55,34559.56,98.12,1725.69,18938.18,0,0,0,0
2006-02-18 08:00:00,0,4006.9,0,236.04,12513.25,4612.11,7935.1,0,0,1472.88,9590.92,159.17,0,13842.27,1172.73,4680.58,83246.67,0,16649.81,0,0,94968.99,0,0,0,2520.43,2740.15,0,23549.51,35017.7,99.89,1789.89,19694.86,0,0,0,0
2006-02-18 09:00:00,0,4193.89,0,244.84,12558.09,4790.59,8032.6,0,0,1561.18,10634.67,161.41,0,14232.73,1180.83,4910.53,85561.67,0,17479.21,0,0,98462.67,0,0,0,2593.3,2819.9,0,24679.76,35737.37,102.09,1846.9,20718.57,0,0,0,0
2006-02-18 10:00:00,0,4255.99,0,248.06,12692.09,4977.07,8030.09,0,0,1617.47,11925.56,164.75,0,14142.31,1191.56,5122.54,87246.5,0,18150.12,0,0,100714.31,0,0,0,2655.48,2828.01,0,25325.16,36762.82,104.17,1956.25,21854.75,0,0,0,0
2006-02-18 11:00:00,0,4164.19,0,248.87,12377.34,5083.5,7817.91,0,0,1662.87,12806.79,169.09,0,14171.79,1205.01,5206.75,86782.82,0,18366.12,0,0,100359.67,0,0,0,2716.42,2835.84,0,25474.02,36923.15,104.63,2020.74,22144.99,0,0,0,0
2006-02-18 12:00:00,0,4036.38,0,259.28,12231.3,5201.1,7685.07,0,0,1730.23,13527.79,177.1,0,14255.03,1270.07,5253.12,86337.42,0,18555.12,0,0,100350.94,0,0,0,2770.45,2858.93,0,25860.31,36629.8,103.83,2092.13,22174.44,0,0,0,0
2006-02-18 13:00:00,0,3916.22,0,272.02,12084.07,5373.66,7506.35,0,0,1795.91,14035.81,184.08,0,14304.23,1326.3,5152.89,85790.33,0,18616.58,0,0,100087.09,0,0,0,2743.7,2828.87,0,26057.8,36048.57,101.95,2165.06,22052.97,0,0,0,0
2006-02-18 14:00:00,0,3812.78,0,285.72,12050.89,5481.69,7435.68,0,0,1844.97,14358.98,189.57,0,14501.7,1359.36,5010.83,85185.66,0,18619.98,0,0,99283.24,0,0,0,2603.07,2747.21,0,26493.9,35476.7,99.99,2208.67,21882.42,0,0,0,0
2006-02-18 15:00:00,0,3672.27,0,299.23,11800.64,5550.84,7427.1,0,0,1889.17,14629.93,193.27,0,14649.38,1375.51,4856.59,84374.33,0,18677.38,0,0,98054.11,0,0,0,2571.68,2691.54,0,26841.33,34944.79,97.57,2230.15,21556.7,0,0,0,0
2006-02-18 16:00:00,0,3536.35,0,303.77,11636.77,5750.59,7408.27,0,0,1929.5,14794.07,194.95,0,14620.12,1366.6,4784.79,83320.62,0,18957.13,0,0,97089.34,0,0,0,2650.46,2748.39,0,27122.28,34404.69,94.55,2256.45,21366.59,0,0,0,0
2006-02-18 17:00:00,0,3446.36,0,290.02,11627.57,5780.84,7447.1,0,0,1942.61,14665.66,197.67,0,15409.48,1371.89,4781.43,82243.09,0,19340.44,0,0,98046.19,0,0,0,2731.42,2843.23,0,27244.2,33791.06,91.58,2264.74,21372.62,0,0,0,0
2006-02-18 18:00:00,0,3403.19,0,264.82,11828.2,5575.12,7601.36,0,0,1879.22,14173.03,199.16,0,16121.53,1307.42,4834.48,82463.9,0,19969.45,0,0,100430.36,0,0,0,2798.84,2894.27,0,27454.38,33510.43,90.52,2217.79,21487.38,0,0,0,0
2006-02-18 19:00:00,0,3633.38,0,281.14,12971.61,5948.77,8043.19,0,0,2203.38,15021.76,225.75,0,17794.04,1490.25,5448.36,91568.98,0,22017.69,0,0,111900.72,0,0,0,2855.12,3122.41,0,28764.86,35480.03,99.67,2464.36,23327.41,0,0,0,0
2006-02-18 20:00:00,0,3763.62,0,274.42,13523.1,5660.09,8004.56,0,0,2003.91,13710.53,216.39,0,17140.75,1404.46,5434.04,91647.87,0,21469.96,0,0,110270.39,0,0,0,2864.7,3126.47,0,29684.56,36011.3,99.51,2276.02,24117.94,0,0,0,0
2006-02-18 21:00:00,0,3874.67,0,269.56,13771.07,5472.85,8021.94,0,0,1826.87,12582.46,210.73,0,16522.78,1318.8,5418.57,90466.57,0,20988.76,0,0,108095.09,0,0,0,2880.74,3070.24,0,29757.13,36213.54,99.9,2129.45,24605.16,0,0,0,0
2006-02-18 22:00:00,0,3800.9,0,252.98,13573.6,4999.59,8058.47,0,0,1681.76,11581.84,194.74,0,15937.79,1221.81,5372.37,88604.52,0,20338.96,0,0,105775.24,0,0,0,2845.67,2983.17,0,29236.58,35746.01,99.63,1994.45,24260.27,0,0,0,0
2006-02-18 23:00:00,0,3728.14,0,231.67,13278.34,4552.76,8024.79,0,0,1566.14,10722.46,180.88,0,15311.07,1192.32,5311.18,86807.47,0,19546.6,0,0,103299.9,0,0,0,2749.77,2915.68,0,28660.87,35246.08,99.12,1874.79,23870.32,0,0,0,0
2006-02-19 00:00:00,0,3679.94,0,216.76,13030.62,4141.22,8041.72,0,0,1469.76,9859.67,164.06,0,14719.94,1146.32,5248.91,84984.83,0,18639.54,0,0,100827.39,0,0,0,2688.27,2866.79,0,27950.36,34779.58,99.01,1763.3,23553.92,0,0,0,0
2006-02-19 01:00:00,0,3630.57,0,210.05,12949.99,3815.85,8112.04,0,0,1374.15,9013.16,148.49,0,14184.49,1085.15,5191.21,83435.33,0,17762.68,0,0,99022.21,0,0,0,2657.9,2874.68,0,27329.28,34318.26,99.0,1651.01,23333.66,0,0,0,0
2006-02-19 02:00:00,0,3651.33,0,207.44,12993.65,3613.85,8333.65,0,0,1291.15,8351.58,140.42,0,13724.95,1040.69,5163.52,81881.43,0,16869.91,0,0,97341.76,0,0,0,2668.35,2975.01,0,27149.22,33880.61,98.87,1548.3,23446.99,0,0,0,0
2006-02-19 03:00:00,0,3680.07,0,205.53,13096.16,3493.29,8495.18,0,0,1241.97,8070.28,138.13,0,13554.23,1039.34,5145.03,80767.51,0,16390.76,0,0,96687.37,0,0,0,2699.6,3104.04,0,27210.48,33528.09,98.7,1490.3,23710.85,0,0,0,0
2006-02-19 04:00:00,0,3729.16,0,208.23,13417.64,3563.93,8765.32,0,0,1255.36,8138.31,134.0,0,13652.39,1064.41,5182.33,80284.0,0,16164.05,0,0,96738.46,0,0,0,2825.67,3280.54,0,27645.23,33568.3,99.48,1473.67,23956.34,0,0,0,0
2006-02-19 05:00:00,0,3770.17,0,215.49,13978.53,3683.67,9211.11,0,0,1287.84,8271.53,136.05,0,13892.63,1116.0,5308.73,81005.38,0,16205.31,0,0,97426.44,0,0,0,2965.2,3446.72,0,28071.18,33873.99,100.56,1496.6,24366.49,0,0,0,0
2006-02-19 06:00:00,0,3810.98,0,224.46,14514.25,3863.67,9590.42,0,0,1333.06,8645.57,144.01,0,14212.7,1177.92,5426.69,81793.07,0,16437.27,0,0,98437.65,0,0,0,3092.65,3585.35,0,28550.18,34197.19,101.6,1549.93,24815.62,0,0,0,0
2006-02-19 07:00:00,0,3850.3,0,235.57,15037.09,4023.09,9965.62,0,0,1387.53,9048.76,151.62,0,14541.96,1216.22,5537.03,82583.12,0,16910.88,0,0,99824.11,0,0,0,3208.38,3710.88,0,29024.12,34522.15,102.89,1615.47,25180.96,0,0,0,0
2006-02-19 08:00:00,0,3889.25,0,251.5,15851.46,4535.98,10625.7,0,0,1543.91,9993.17,169.35,0,15202.7,1266.73,5637.01,83821.07,0,17964.53,0,0,103915.0,0,0,0,3377.52,3903.89,0,30240.39,34872.99,103.8,1730.32,26370.69,0,0,0,0
2006-02-19 09:00:00,0,3957.32,0,275.01,16359.41,4993.13,10825.67,0,0,1671.36,10948.61,185.22,0,15404.29,1303.74,5630.37,85594.12,0,18512.33,0,0,103477.6,0,0,0,3470.4,4074.75,0,31402.15,35313.48,103.44,1882.37,27223.65,0,0,0,0
2006-02-19 10:00:00,0,3841.83,0,292.16,16210.82,5409.58,10542.41,0,0,1717.62,11889.33,193.79,0,15281.24,1356.01,5495.54,85551.19,0,18674.18,0,0,101515.3,0,0,0,3561.59,4183.01,0,31690.73,35340.14,102.39,1964.26,26691.95,0,0,0,0
2006-02-19 11:00:00,0,3738.19,0,293.56,15542.27,5526.71,9991.43,0,0,1768.95,12662.72,194.23,0,15127.35,1397.87,5290.08,84662.29,0,18742.86,0,0,99817.65,0,0,0,3601.79,4187.38,0,31554.83,35300.43,100.77,2043.95,25817.93,0,0,0,0
2006-02-19 12:00:00,0,3643.43,0,299.86,14919.81,5587.14,9476.55,0,0,1828.45,13313.41,192.37,0,14937.36,1433.62,5076.88,83709.94,0,18733.13,0,0,98180.29,0,0,0,3590.84,4121.4,0,31219.47,34805.96,98.44,2105.57,24925.23,0,0,0,0
2006-02-19 13:00:00,0,3530.33,0,288.26,14226.84,5589.62,8971.26,0,0,1876.46,13754.47,189.88,0,14735.48,1431.84,4865.36,82749.99,0,18678.67,0,0,96419.51,0,0,0,3522.19,3978.74,0,30800.33,34095.65,95.89,2179.86,23951.65,0,0,0,0
2006-02-19 14:00:00,0,3423.02,0,279.05,13612.98,5544.6,8513.45,0,0,1896.91,13963.63,188.64,0,14567.08,1420.38,4689.23,81779.91,0,18586.22,0,0,94684.35,0,0,0,3423.35,3757.31,0,30338.81,33303.87,93.41,2233.38,23067.0,0,0,0,0
2006-02-19 15:00:00,0,3327.49,0,265.67,13178.14,5451.24,8196.06,0,0,1881.33,13940.51,184.96,0,14431.28,1405.25,4567.22,80688.65,0,18450.96,0,0,93159.16,0,0,0,3284.11,3562.86,0,29509.13,32584.34,92.01,2281.98,22263.61,0,0,0,0
2006-02-19 16:00:00,0,3240.99,0,261.9,12831.7,5351.71,7960.4,0,0,1819.91,13843.51,182.02,0,14273.83,1411.87,4506.98,79803.16,0,18507.82,0,0,91732.22,0,0,0,3182.85,3421.24,0,28651.57,31877.25,90.48,2320.81,21833.92,0,0,0,0
2006-02-19 17:00:00,0,3197.98,0,262.95,12564.74,5344.27,7910.02,0,0,1810.67,13699.91,185.8,0,15035.82,1422.77,4539.87,79018.22,0,18919.11,0,0,92051.21,0,0,0,3156.84,3327.96,0,27879.77,31244.11,89.13,2295.6,21248.75,0,0,0,0
2006-02-19 18:00:00,0,3210.78,0,257.45,13449.35,5195.44,8447.51,0,0,1773.52,13488.93,190.64,0,15768.32,1424.87,4662.53,79083.52,0,19484.52,0,0,95150.05,0,0,0,3198.54,3305.54,0,27412.1,30844.26,87.71,2219.61,20983.97,0,0,0,0
2006-02-19 19:00:00,0,3325.0,0,296.03,15142.07,5781.17,9784.75,0,0,2083.89,13307.37,214.56,0,16907.69,1576.3,4886.29,85990.77,0,20561.76,0,0,106399.54,0,0,0,3362.34,3815.85,0,26495.22,32724.68,90.99,2485.45,21039.84,0,0,0,0
2006-02-19 20:00:00,0,3388.91,0,295.98,15242.83,5594.2,9659.92,0,0,1943.53,12408.75,211.75,0,16233.65,1504.72,4807.57,86108.39,0,20069.94,0,0,104345.88,0,0,0,3362.61,3797.95,0,26968.6,33580.96,90.67,2319.8,21757.14,0,0,0,0
2006-02-19 21:00:00,0,3447.27,0,293.16,15092.59,5364.04,9486.67,0,0,1823.05,11711.95,211.3,0,15556.4,1425.73,4711.29,85364.32,0,19619.81,0,0,102105.18,0,0,0,3348.29,3725.95,0,27186.0,33747.25,90.49,2165.24,21597.74,0,0,0,0
2006-02-19 22:00:00,0,3364.33,0,278.52,14430.14,4922.75,9252.67,0,0,1704.97,11014.05,199.7,0,14822.83,1339.06,4617.97,84047.02,0,18893.83,0,0,99856.24,0,0,0,3257.59,3613.51,0,26423.46,33074.13,90.06,2016.35,21200.1,0,0,0,0
2006-02-19 23:00:00,0,3252.4,0,260.45,13789.16,4466.4,8965.72,0,0,1582.02,10246.02,183.92,0,14096.81,1264.29,4533.37,81822.59,0,18058.26,0,0,97656.38,0,0,0,3119.73,3497.24,0,25681.22,32172.07,89.51,1862.56,20607.25,0,0,0,0
2006-02-20 00:00:00,0,3147.26,0,251.76,13240.69,4059.53,8708.26,0,0,1474.89,9495.8,169.64,0,13477.32,1211.57,4414.02,79520.44,0,17263.64,0,0,95284.92,0,0,0,3014.8,3386.06,0,24820.52,31174.16,88.81,1723.73,19979.01,0,0,0,0
2006-02-20 01:00:00,0,3035.77,0,240.49,12699.67,3761.99,8453.51,0,0,1382.49,8737.5,161.8,0,13008.88,1172.5,4348.29,77306.9,0,16606.64,0,0,93531.57,0,0,0,2957.03,3261.97,0,23739.89,30198.43,87.71,1601.1,19494.81,0,0,0,0
2006-02-20 02:00:00,0,2974.9,0,230.25,12391.88,3538.97,8281.84,0,0,1312.49,8093.99,160.24,0,12738.67,1201.93,4313.87,75640.38,0,16119.63,0,0,92440.99,0,0,0,2913.71,3162.45,0,23263.21,29472.15,86.52,1500.68,19408.01,0,0,0,0
2006-02-20 03:00:00,0,2964.51,0,228.88,12288.2,3542.73,8242.53,0,0,1266.65,7705.24,158.03,0,12725.14,1200.67,4395.78,74921.04,0,15929.98,0,0,92206.92,0,0,0,2922.71,3161.98,0,23355.63,29173.74,86.07,1445.41,19388.84,0,0,0,0
2006-02-20 04:00:00,0,3013.87,0,235.79,12551.21,3671.32,8489.68,0,0,1278.51,7700.66,162.64,0,12857.13,1216.79,4523.96,75569.72,0,16116.21,0,0,92928.15,0,0,0,2950.8,3180.29,0,23582.83,29093.89,85.74,1444.21,19538.08,0,0,0,0
2006-02-20 05:00:00,0,3068.16,0,246.53,13116.66,3892.23,8735.01,0,0,1325.06,7990.73,169.79,0,13116.49,1306.79,4649.24,77024.83,0,16512.67,0,0,94577.64,0,0,0,2986.69,3194.01,0,23969.44,29417.06,85.98,1502.17,19783.66,0,0,0,0
2006-02-20 06:00:00,0,3122.03,0,257.33,13616.79,4160.64,8981.11,0,0,1371.66,8367.57,175.91,0,13496.94,1358.46,4768.55,78711.23,0,16987.97,0,0,96974.59,0,0,0,3040.72,3219.03,0,24353.97,29983.09,86.87,1570.62,20067.82,0,0,0,0
2006-02-20 07:00:00,0,3170.34,0,266.63,14092.21,4422.0,9244.22,0,0,1421.35,8762.53,182.61,0,14119.17,1435.4,4893.13,80290.93,0,17523.74,0,0,99329.97,0,0,0,3104.47,3262.84,0,24772.42,30598.95,87.88,1634.28,20464.52,0,0,0,0
2006-02-20 08:00:00,0,3208.04,0,292.45,14583.38,5095.79,9531.82,0,0,1604.09,10040.48,198.38,0,14934.17,1588.77,5009.71,82438.16,0,18925.7,0,0,103469.13,0,0,0,3198.59,3342.71,0,25494.64,31200.8,88.23,1810.75,20997.09,0,0,0,0
2006-02-20 09:00:00,0,3242.27,0,298.86,14514.12,5398.69,9761.2,0,0,1687.78,11260.66,203.67,0,15143.69,1643.41,5043.1,85951.25,0,19199.78,0,0,101698.4,0,0,0,3298.16,3404.18,0,26307.53,32339.42,90.03,1925.93,21774.47,0,0,0,0
2006-02-20 10:00:00,0,3248.83,0,293.66,14349.72,5491.75,9722.72,0,0,1797.12,12212.67,200.35,0,15383.42,1688.32,4985.42,85657.59,0,19120.75,0,0,99082.47,0,0,0,3312.74,3407.69,0,26470.2,33144.57,92.33,2033.4,22470.71,0,0,0,0
2006-02-20 11:00:00,0,3202.81,0,290.6,14020.28,5607.12,9557.45,0,0,1930.93,13359.12,195.92,0,15532.56,1666.74,4916.93,84688.68,0,19158.7,0,0,97171.3,0,0,0,3322.89,3410.76,0,26767.66,33162.48,94.25,2176.39,22692.74,0,0,0,0
2006-02-20 12:00:00,0,3118.02,0,291.22,13817.82,5773.43,9391.42,0,0,2044.5,14314.34,194.58,0,15513.33,1611.28,4832.58,83771.72,0,19167.92,0,0,95601.06,0,0,0,3293.35,3349.26,0,26850.54,32365.26,94.08,2320.81,22746.45,0,0,0,0
2006-02-20 13:00:00,0,3028.75,0,298.48,13769.81,5854.94,9239.02,0,0,2133.34,14943.04,194.42,0,15401.12,1555.27,4736.79,82933.42,0,19120.58,0,0,94177.45,0,0,0,3275.84,3298.7,0,26701.66,31623.3,93.16,2433.93,22641.02,0,0,0,0
2006-02-20 14:00:00,0,2917.11,0,301.2,13328.75,5951.37,8924.91,0,0,2200.5,15431.63,195.5,0,15201.1,1511.45,4596.2,82383.69,0,19111.66,0,0,92834.22,0,0,0,3266.78,3282.2,0,26363.43,31068.07,92.06,2503.95,22459.79,0,0,0,0
2006-02-20 15:00:00,0,2803.75,0,277.01,12721.68,6029.86,8576.93,0,0,2268.86,15717.02,200.09,0,15082.28,1465.36,4492.6,81544.58,0,19150.21,0,0,91181.16,0,0,0,3238.24,3235.78,0,26051.94,30532.34,90.14,2538.18,21992.76,0,0,0,0
2006-02-20 16:00:00,0,2710.21,0,269.62,12216.48,6112.51,8164.0,0,0,2313.71,15643.55,204.01,0,15077.53,1408.79,4449.21,80553.19,0,19238.88,0,0,89847.08,0,0,0,3215.25,3196.5,0,25860.02,30050.21,88.4,2512.17,21549.05,0,0,0,0
2006-02-20 17:00:00,0,2639.33,0,262.09,12281.21,6137.72,8043.5,0,0,2322.7,15320.37,208.84,0,15759.55,1379.28,4587.99,80146.9,0,19550.36,0,0,90423.22,0,0,0,3188.47,3136.21,0,25638.5,29617.04,85.96,2449.22,21243.28,0,0,0,0
2006-02-20 18:00:00,0,2597.88,0,244.59,13186.48,5999.23,8318.3,0,0,2247.22,14919.54,206.86,0,16429.68,1355.59,4587.61,78951.63,0,20211.22,0,0,95400.51,0,0,0,3184.79,3112.02,0,25599.56,28685.21,82.05,2333.12,21098.45,0,0,0,0
2006-02-20 19:00:00,0,2920.27,0,308.72,13505.51,6356.69,8692.65,0,0,2335.04,15468.07,235.25,0,17617.34,1529.89,5065.09,83509.27,0,21426.33,0,0,104948.28,0,0,0,3090.41,3212.18,0,27608.36,31239.72,94.08,2654.92,21888.11,0,0,0,0
2006-02-20 20:00:00,0,3082.79,0,299.54,13701.79,6094.81,8450.33,0,0,2137.47,14280.54,227.64,0,16735.33,1453.23,4983.5,83771.12,0,20809.15,0,0,102673.07,0,0,0,3077.62,3165.84,0,27858.7,32571.29,94.18,2449.22,22404.41,0,0,0,0
2006-02-20 21:00:00,0,3194.52,0,289.86,13597.78,5773.36,8158.26,0,0,1967.01,13277.13,218.8,0,15838.66,1364.14,4883.82,83126.94,0,20241.72,0,0,99883.13,0,0,0,3054.5,3067.41,0,27441.46,33537.46,93.79,2265.99,22388.35,0,0,0,0
2006-02-20 22:00:00,0,3117.52,0,267.43,13033.13,5290.7,7837.42,0,0,1808.8,12304.31,200.01,0,14955.78,1285.8,4768.7,80774.25,0,19304.51,0,0,96774.13,0,0,0,2904.48,2925.37,0,26179.65,32841.86,93.11,2124.28,21613.93,0,0,0,0
2006-02-20 23:00:00,0,3018.58,0,245.82,12411.61,4820.58,7449.09,0,0,1674.86,11239.65,182.85,0,14050.84,1210.41,4634.69,78324.69,0,18350.22,0,0,93483.64,0,0,0,2736.76,2778.38,0,24965.1,31907.05,92.26,1997.35,20835.53,0,0,0,0
2006-02-21 00:00:00,0,2923.18,0,232.54,11744.18,4326.99,7086.74,0,0,1531.69,10175.5,165.31,0,13141.7,1134.21,4519.73,75674.27,0,17290.92,0,0,90179.1,0,0,0,2592.95,2640.52,0,23772.95,30913.1,91.25,1843.72,20113.15,0,0,0,0
2006-02-21 01:00:00,0,2860.81,0,214.12,11214.73,3860.43,6844.98,0,0,1403.88,9210.92,149.87,0,12696.39,1057.34,4389.16,73034.81,0,16275.76,0,0,87255.96,0,0,0,2471.85,2536.83,0,22931.1,29932.83,90.23,1720.43,19527.59,0,0,0,0
2006-02-21 02:00:00,0,2840.22,0,199.5,11076.59,3507.65,6834.3,0,0,1288.49,8261.09,138.18,0,12664.86,1017.62,4265.45,70539.17,0,15535.44,0,0,84945.56,0,0,0,2420.65,2501.61,0,22587.74,29312.24,89.81,1594.32,19307.98,0,0,0,0
2006-02-21 03:00:00,0,2906.47,0,196.14,11307.69,3572.12,7102.44,0,0,1256.24,8137.13,137.37,0,12824.23,1050.46,4277.88,69594.94,0,15384.26,0,0,84911.45,0,0,0,2424.94,2516.01,0,22545.03,29171.32,91.0,1599.78,19399.5,0,0,0,0
2006-02-21 04:00:00,0,3009.67,0,204.26,11868.16,3786.87,7426.47,0,0,1303.91,8444.4,148.17,0,13190.76,1110.5,4396.51,71090.31,0,15806.34,0,0,86999.58,0,0,0,2472.56,2538.13,0,22966.97,29619.76,93.34,1637.67,19798.07,0,0,0,0
2006-02-21 05:00:00,0,3108.07,0,213.89,12372.48,3975.21,7728.39,0,0,1358.2,8821.48,156.19,0,13570.99,1172.77,4546.7,72908.89,0,16482.07,0,0,89486.52,0,0,0,2531.48,2569.71,0,23438.92,30532.17,95.61,1673.89,20282.99,0,0,0,0
2006-02-21 06:00:00,0,3192.07,0,224.03,12909.73,4188.37,7985.45,0,0,1413.39,9203.25,162.49,0,13939.33,1228.51,4723.94,74822.35,0,17158.01,0,0,92213.37,0,0,0,2596.96,2605.72,0,23900.68,31442.57,98.15,1716.33,20761.91,0,0,0,0
2006-02-21 07:00:00,0,3279.14,0,233.38,13433.21,4419.01,8233.21,0,0,1474.38,9648.34,166.0,0,14794.55,1284.53,4895.15,76728.52,0,18416.88,0,0,95578.19,0,0,0,2673.38,2649.88,0,24418.87,32350.91,100.81,1771.94,21247.19,0,0,0,0
2006-02-21 08:00:00,0,3375.72,0,249.34,14333.66,5015.12,8536.95,0,0,1668.49,10936.2,178.68,0,15703.68,1386.94,5146.07,79922.68,0,19932.71,0,0,101188.7,0,0,0,2763.71,2700.21,0,25330.35,33260.21,103.23,1947.74,21955.41,0,0,0,0
2006-02-21 09:00:00,0,3440.96,0,280.32,13862.36,5243.11,8327.94,0,0,1762.8,11898.7,184.92,0,15383.03,1334.73,5095.16,83843.67,0,19891.32,0,0,98241.37,0,0,0,2808.09,2735.38,0,26475.06,34730.47,104.79,2021.38,22718.58,0,0,0,0
2006-02-21 10:00:00,0,3250.2,0,288.27,13312.39,5414.5,7900.81,0,0,1783.3,12393.9,186.12,0,14871.36,1275.5,4885.46,83852.09,0,19687.94,0,0,94319.48,0,0,0,2803.8,2703.99,0,27237.78,34769.45,100.63,2069.52,22883.1,0,0,0,0
2006-02-21 11:00:00,0,3018.38,0,293.65,12551.81,5477.8,7624.91,0,0,1829.63,13008.84,185.7,0,14585.42,1266.16,4730.39,82507.27,0,19457.8,0,0,91344.18,0,0,0,2786.75,2657.63,0,27551.97,33713.68,96.96,2121.54,22366.34,0,0,0,0
2006-02-21 12:00:00,0,2833.22,0,284.75,11900.32,5540.58,7428.51,0,0,1907.42,13809.44,189.05,0,14476.91,1293.6,4574.09,81412.96,0,19281.03,0,0,89137.46,0,0,0,2760.41,2633.03,0,27471.45,32681.19,93.91,2178.95,21681.69,0,0,0,0
2006-02-21 13:00:00,0,2682.42,0,285.58,11472.03,5594.77,7146.2,0,0,2005.86,14571.52,194.12,0,14433.99,1327.09,4429.24,80116.96,0,19203.44,0,0,87290.07,0,0,0,2667.93,2579.7,0,27064.72,31860.42,91.58,2228.49,20841.75,0,0,0,0
2006-02-21 14:00:00,0,2578.81,0,286.1,11225.22,5699.55,6838.8,0,0,2093.42,15273.26,203.57,0,14447.59,1374.3,4301.26,78862.22,0,19122.11,0,0,85803.23,0,0,0,2601.82,2535.51,0,26122.66,31309.71,89.93,2285.5,20101.88,0,0,0,0
2006-02-21 15:00:00,0,2479.14,0,291.59,11074.64,5896.14,6598.28,0,0,2152.93,15863.81,210.48,0,14481.75,1395.93,4211.27,77535.72,0,19094.58,0,0,84245.37,0,0,0,2512.77,2450.91,0,25036.43,30758.78,88.25,2385.62,19498.3,0,0,0,0
2006-02-21 16:00:00,0,2405.69,0,280.9,10860.82,6085.52,6399.96,0,0,2198.22,16167.64,214.44,0,14510.44,1397.76,4133.28,76573.16,0,19155.17,0,0,83629.67,0,0,0,2463.92,2352.6,0,24247.05,30090.79,87.22,2464.21,19215.21,0,0,0,0
2006-02-21 17:00:00,0,2409.75,0,281.22,10993.36,6258.92,6432.84,0,0,2223.83,16128.44,216.91,0,15091.68,1393.16,4071.22,76057.09,0,19529.16,0,0,84801.75,0,0,0,2480.23,2292.08,0,23881.44,29583.18,86.64,2529.21,19089.97,0,0,0,0
2006-02-21 18:00:00,0,2487.93,0,276.29,11406.26,6199.86,6764.08,0,0,2192.55,15584.74,216.56,0,15687.71,1389.79,4184.76,76190.02,0,20532.72,0,0,89637.05,0,0,0,2502.65,2362.88,0,23681.27,29408.09,85.52,2543.99,19074.22,0,0,0,0
2006-02-21 19:00:00,0,2641.96,0,312.96,12122.64,6629.78,7488.13,0,0,2350.38,16111.35,247.68,0,17076.26,1542.1,4626.2,79466.1,0,21054.94,0,0,99150.74,0,0,0,2691.54,2648.65,0,24560.9,29619.59,87.12,2749.88,19246.2,0,0,0,0
2006-02-21 20:00:00,0,2762.28,0,309.82,12291.72,6304.11,7304.98,0,0,2158.71,14806.0,233.84,0,16231.09,1435.88,4533.55,79671.02,0,20416.78,0,0,96460.67,0,0,0,2718.07,2632.87,0,24889.08,30665.49,85.95,2539.79,19951.37,0,0,0,0
2006-02-21 21:00:00,0,2841.76,0,302.16,12222.22,5874.12,7078.54,0,0,1979.98,13678.19,223.01,0,15347.49,1341.42,4468.2,79411.75,0,19789.11,0,0,93751.46,0,0,0,2682.15,2598.18,0,24773.08,31450.29,84.54,2338.93,20399.52,0,0,0,0
2006-02-21 22:00:00,0,2780.9,0,277.61,11725.68,5348.17,6822.75,0,0,1829.8,12582.63,205.23,0,14474.2,1253.32,4403.17,77173.55,0,18813.14,0,0,90965.9,0,0,0,2555.67,2515.49,0,23809.61,30942.93,83.35,2152.52,19767.26,0,0,0,0
2006-02-21 23:00:00,0,2670.87,0,253.28,11259.31,4833.67,6565.51,0,0,1688.33,11524.23,187.29,0,13597.82,1171.2,4279.76,74661.89,0,17802.14,0,0,88066.08,0,0,0,2448.47,2434.27,0,22898.35,29953.88,82.27,1973.2,19117.64,0,0,0,0
2006-02-22 00:00:00,0,2557.69,0,228.39,10824.5,4352.46,6378.14,0,0,1550.94,10488.18,170.7,0,12711.72,1083.06,4169.75,71969.87,0,16782.04,0,0,85012.34,0,0,0,2357.33,2356.06,0,21963.01,28881.98,81.4,1816.47,18458.94,0,0,0,0
2006-02-22 01:00:00,0,2460.41,0,208.94,10477.7,3883.6,6168.26,0,0,1412.27,9457.75,154.71,0,12243.36,1004.77,4016.26,69177.65,0,15737.06,0,0,82362.54,0,0,0,2283.66,2283.66,0,21007.85,27803.03,80.65,1665.12,17754.05,0,0,0,0
2006-02-22 02:00:00,0,2434.15,0,192.64,10336.55,3547.57,6162.04,0,0,1290.57,8514.46,140.76,0,12150.29,962.9,3898.09,66557.61,0,15177.05,0,0,80597.73,0,0,0,2255.58,2300.37,0,20547.34,27048.85,80.14,1547.96,17276.15,0,0,0,0
2006-02-22 03:00:00,0,2508.17,0,193.11,10567.18,3592.82,6355.48,0,0,1258.15,8259.84,137.37,0,12276.19,986.43,3879.43,65482.5,0,14988.17,0,0,80711.64,0,0,0,2311.79,2373.16,0,20604.61,26962.76,80.63,1557.94,17190.95,0,0,0,0
2006-02-22 04:00:00,0,2603.17,0,203.79,11052.44,3798.56,6740.97,0,0,1300.36,8515.25,142.21,0,12639.15,1033.26,3959.46,66758.51,0,15342.46,0,0,83117.39,0,0,0,2425.09,2444.33,0,20830.79,27367.57,81.82,1611.39,17451.95,0,0,0,0
2006-02-22 05:00:00,0,2689.43,0,215.01,11553.93,4007.23,7019.01,0,0,1352.13,8845.7,148.24,0,13044.11,1085.63,4096.16,68440.42,0,16018.16,0,0,85627.04,0,0,0,2523.36,2504.35,0,21177.77,28223.89,84.13,1663.07,17664.77,0,0,0,0
2006-02-22 06:00:00,0,2779.23,0,226.68,12032.69,4223.81,7220.18,0,0,1402.61,9203.2,154.02,0,13417.93,1135.38,4217.26,70116.37,0,16775.4,0,0,88480.77,0,0,0,2616.13,2558.15,0,21518.6,29147.18,87.07,1720.47,18008.42,0,0,0,0
2006-02-22 07:00:00,0,2872.43,0,238.51,12458.53,4442.45,7408.74,0,0,1454.09,9584.05,160.57,0,14112.22,1189.2,4349.87,71792.54,0,17760.93,0,0,91414.78,0,0,0,2695.1,2606.43,0,21816.18,30088.98,89.22,1787.19,18428.81,0,0,0,0
2006-02-22 08:00:00,0,2961.69,0,265.14,13207.77,4962.14,7715.17,0,0,1634.74,10601.8,173.52,0,15186.25,1309.82,4507.81,74260.49,0,19563.09,0,0,96583.05,0,0,0,2832.57,2699.48,0,22636.97,31028.91,91.28,1944.36,18903.36,0,0,0,0
2006-02-22 09:00:00,0,3036.27,0,284.82,13264.26,5283.97,7414.92,0,0,1761.44,11920.87,183.8,0,15046.71,1290.89,4602.49,78738.7,0,19634.43,0,0,96246.03,0,0,0,2678.94,2559.2,0,23015.68,32565.65,92.89,2018.88,19524.06,0,0,0,0
2006-02-22 10:00:00,0,2909.65,0,286.29,13040.98,5389.58,7092.21,0,0,1795.41,12692.1,183.87,0,14694.23,1250.17,4557.35,78199.18,0,19617.4,0,0,94485.7,0,0,0,2543.12,2380.17,0,22873.35,32759.15,92.95,2071.26,19821.71,0,0,0,0
2006-02-22 11:00:00,0,2778.63,0,294.02,12837.34,5474.77,6884.4,0,0,1881.68,13459.93,186.11,0,14545.03,1256.21,4446.46,77408.54,0,19536.87,0,0,93103.13,0,0,0,2488.06,2262.63,0,22771.15,32347.6,90.99,2128.64,19480.63,0,0,0,0
2006-02-22 12:00:00,0,2659.79,0,301.61,12527.65,5608.74,6711.34,0,0,1980.71,14293.38,191.27,0,14503.42,1312.8,4377.09,76207.82,0,19361.82,0,0,91605.62,0,0,0,2464.89,2206.02,0,22636.43,31570.94,88.23,2188.92,18884.46,0,0,0,0
2006-02-22 13:00:00,0,2533.33,0,308.91,12133.33,5770.16,6629.48,0,0,2094.15,15203.74,198.68,0,14487.73,1375.19,4333.27,75172.04,0,19315.4,0,0,90805.1,0,0,0,2459.94,2213.36,0,22618.61,30784.11,86.14,2259.59,18447.2,0,0,0,0
2006-02-22 14:00:00,0,2409.88,0,313.15,11606.05,5961.41,6442.99,0,0,2182.6,15969.81,209.65,0,14513.49,1414.5,4281.85,74466.49,0,19313.93,0,0,89932.07,0,0,0,2454.9,2224.76,0,22690.19,30193.15,83.74,2352.39,18208.41,0,0,0,0
2006-02-22 15:00:00,0,2274.18,0,316.06,11308.21,6201.69,6257.51,0,0,2231.73,16504.52,217.69,0,14509.37,1434.8,4231.28,73977.42,0,19175.46,0,0,89605.21,0,0,0,2480.83,2236.61,0,22726.88,29628.94,82.51,2469.72,17942.23,0,0,0,0
2006-02-22 16:00:00,0,2167.27,0,318.89,11217.9,6361.68,6202.92,0,0,2276.93,16881.89,220.57,0,14480.46,1457.32,4181.5,73142.4,0,19197.07,0,0,89277.57,0,0,0,2498.12,2261.13,0,22770.51,29096.66,81.17,2542.26,17863.11,0,0,0,0
2006-02-22 17:00:00,0,2112.14,0,311.71,11231.23,6439.4,6256.22,0,0,2280.5,16807.08,217.22,0,15041.53,1476.28,4140.22,72447.01,0,19591.39,0,0,89891.48,0,0,0,2508.79,2287.83,0,22865.69,28531.29,80.21,2608.33,17923.16,0,0,0,0
2006-02-22 18:00:00,0,2177.09,0,300.91,11520.9,6337.65,6456.28,0,0,2236.05,16026.87,216.55,0,15673.23,1444.35,4180.12,72531.86,0,20332.29,0,0,91905.64,0,0,0,2517.31,2337.31,0,22899.8,28263.78,80.07,2620.13,18032.1,0,0,0,0
2006-02-22 19:00:00,0,2397.15,0,327.19,12042.5,6744.36,7138.93,0,0,2421.89,16649.33,248.94,0,16848.5,1624.92,4391.28,75756.55,0,20702.92,0,0,96190.4,0,0,0,2684.99,2514.21,0,23654.68,28948.17,82.42,2789.6,17718.74,0,0,0,0
2006-02-22 20:00:00,0,2550.52,0,314.93,12040.53,6403.38,6811.35,0,0,2226.47,15288.33,234.48,0,16022.72,1512.0,4311.45,75800.0,0,20008.84,0,0,93543.41,0,0,0,2683.8,2459.09,0,23962.23,30121.2,82.23,2584.79,18101.66,0,0,0,0
2006-02-22 21:00:00,0,2677.04,0,303.48,11959.61,5983.08,6501.82,0,0,2047.75,14154.13,225.86,0,15156.13,1402.86,4226.14,75267.98,0,19346.97,0,0,90847.22,0,0,0,2684.42,2369.23,0,23747.21,31057.46,81.6,2396.46,18264.58,0,0,0,0
2006-02-22 22:00:00,0,2668.95,0,281.66,11254.05,5415.72,6209.57,0,0,1871.06,12921.84,208.3,0,14272.79,1298.0,4124.5,73392.78,0,18309.69,0,0,87920.47,0,0,0,2538.5,2238.17,0,22495.62,30583.36,80.44,2230.92,17502.76,0,0,0,0
2006-02-22 23:00:00,0,2600.43,0,260.81,10594.63,4885.33,5897.47,0,0,1705.36,11769.28,191.33,0,13351.82,1201.45,3989.07,71105.76,0,17227.77,0,0,84884.92,0,0,0,2399.93,2136.09,0,21227.87,29722.7,79.81,2062.38,16784.99,0,0,0,0
2006-02-23 00:00:00,0,2520.66,0,240.23,10006.09,4380.88,5621.61,0,0,1552.25,10693.81,174.46,0,12492.5,1110.32,3834.58,68672.43,0,16126.6,0,0,81823.24,0,0,0,2235.74,2032.66,0,20042.49,28730.04,79.27,1906.79,16119.38,0,0,0,0
2006-02-23 01:00:00,0,2451.03,0,221.18,9390.08,3902.59,5380.96,0,0,1417.13,9666.88,157.95,0,12105.72,1028.32,3726.34,66227.08,0,15116.06,0,0,78926.32,0,0,0,2120.83,1937.55,0,19082.57,27711.17,79.06,1747.47,15436.39,0,0,0,0
2006-02-23 02:00:00,0,2452.73,0,202.96,9150.64,3548.26,5295.24,0,0,1296.87,8723.37,145.25,0,11988.15,962.82,3649.92,64019.17,0,14403.37,0,0,77201.7,0,0,0,2044.0,1926.73,0,18487.25,26946.82,78.78,1615.49,15023.13,0,0,0,0
2006-02-23 03:00:00,0,2498.54,0,195.32,9241.78,3550.89,5472.07,0,0,1263.98,8454.43,140.65,0,12080.18,962.41,3640.36,63142.51,0,14269.96,0,0,77456.51,0,0,0,2050.91,1964.25,0,18593.89,26777.48,80.07,1597.38,15007.53,0,0,0,0
2006-02-23 04:00:00,0,2582.54,0,203.5,9639.42,3755.65,5756.19,0,0,1308.1,8719.75,145.68,0,12370.86,1003.81,3794.72,64801.89,0,14717.9,0,0,79188.85,0,0,0,2129.14,2028.81,0,19133.63,27246.24,82.67,1636.59,15566.6,0,0,0,0
2006-02-23 05:00:00,0,2676.83,0,213.4,10175.99,3954.54,6063.93,0,0,1361.93,9066.32,153.13,0,12741.18,1044.29,3999.83,66858.1,0,15287.81,0,0,81650.15,0,0,0,2220.09,2089.21,0,19608.87,28158.93,85.41,1678.43,16288.85,0,0,0,0
2006-02-23 06:00:00,0,2760.27,0,223.9,10747.66,4148.24,6285.99,0,0,1415.33,9432.85,160.27,0,13102.2,1083.43,4200.13,68938.75,0,15944.84,0,0,84450.55,0,0,0,2312.63,2154.07,0,20103.66,29138.03,87.96,1722.18,17072.69,0,0,0,0
2006-02-23 07:00:00,0,2828.97,0,234.27,11297.59,4339.12,6593.67,0,0,1468.88,9778.23,168.71,0,13772.03,1119.13,4416.32,71018.82,0,16741.06,0,0,87397.37,0,0,0,2389.69,2207.94,0,20619.54,30093.02,90.19,1770.81,17951.29,0,0,0,0
2006-02-23 08:00:00,0,2900.76,0,251.58,12144.96,4743.26,6944.13,0,0,1643.96,10918.77,178.24,0,14987.15,1212.84,4708.02,74170.21,0,18474.12,0,0,92787.25,0,0,0,2453.91,2265.44,0,21478.36,31105.55,92.5,1919.38,19120.15,0,0,0,0
2006-02-23 09:00:00,0,2966.19,0,267.39,12208.12,5116.75,7092.12,0,0,1780.39,12265.36,188.95,0,14927.35,1252.92,4688.55,78478.24,0,18961.03,0,0,93181.41,0,0,0,2501.95,2287.34,0,22760.66,32648.21,93.96,2103.83,19911.81,0,0,0,0
2006-02-23 10:00:00,0,2756.13,0,292.59,12081.05,5298.8,6890.87,0,0,1844.86,13064.04,188.8,0,14475.52,1296.53,4496.91,78007.51,0,19062.53,0,0,90998.98,0,0,0,2502.26,2278.2,0,23341.84,32396.4,89.2,2201.69,19273.32,0,0,0,0
2006-02-23 11:00:00,0,2514.24,0,312.96,11916.17,5538.52,6691.38,0,0,1951.56,13986.59,198.24,0,14226.77,1293.29,4330.11,76779.01,0,18619.59,0,0,88736.88,0,0,0,2503.59,2266.05,0,23640.79,31553.07,84.88,2318.3,18546.94,0,0,0,0
2006-02-23 12:00:00,0,2345.84,0,323.03,11753.45,5936.98,6568.65,0,0,2078.56,15085.7,209.44,0,14123.92,1358.77,4185.61,75657.83,0,19089.87,0,0,87157.34,0,0,0,2514.84,2263.11,0,23590.96,30825.49,81.16,2431.95,17856.47,0,0,0,0
2006-02-23 13:00:00,0,2209.84,0,332.88,11620.68,6256.37,6471.63,0,0,2175.86,16048.24,221.13,0,14270.26,1451.16,4072.33,74788.46,0,19376.64,0,0,85648.23,0,0,0,2518.68,2281.75,0,23546.82,30250.93,78.17,2498.14,17214.82,0,0,0,0
2006-02-23 14:00:00,0,2116.15,0,310.43,11202.15,6406.99,6398.97,0,0,2241.24,16712.29,228.75,0,14363.28,1469.46,4003.88,74421.11,0,19311.08,0,0,83263.45,0,0,0,2521.76,2303.34,0,23506.05,29821.8,76.48,2558.99,16832.46,0,0,0,0
2006-02-23 15:00:00,0,2036.49,0,306.57,10760.37,6564.42,6304.82,0,0,2310.26,17155.83,230.83,0,14420.68,1441.68,3940.61,73761.24,0,18924.96,0,0,80988.21,0,0,0,2527.15,2324.12,0,23386.96,29304.71,75.59,2641.25,16877.3,0,0,0,0
2006-02-23 16:00:00,0,1988.16,0,319.47,10725.2,6601.11,6195.76,0,0,2341.07,17292.08,225.97,0,14480.59,1402.96,3877.56,73122.58,0,18624.39,0,0,79656.53,0,0,0,2517.91,2331.02,0,23250.22,28646.59,74.9,2688.32,17074.14,0,0,0,0
2006-02-23 17:00:00,0,1967.33,0,313.58,10828.22,6580.11,6207.67,0,0,2324.42,17011.97,222.94,0,14869.89,1375.52,3874.02,72619.04,0,18960.11,0,0,81616.75,0,0,0,2518.97,2337.34,0,23164.34,28116.53,74.11,2715.96,17010.86,0,0,0,0
2006-02-23 18:00:00,0,2062.77,0,301.9,11176.82,6401.25,6511.02,0,0,2277.8,16227.86,221.94,0,15375.58,1365.01,3958.53,72797.71,0,19901.88,0,0,85373.98,0,0,0,2535.15,2395.01,0,23063.59,27628.82,74.42,2698.04,17284.61,0,0,0,0
2006-02-23 19:00:00,0,2296.97,0,315.83,12380.57,6840.93,7254.12,0,0,2493.2,16806.75,246.14,0,16223.52,1525.76,4308.56,77920.66,0,20364.79,0,0,94825.53,0,0,0,2724.06,2630.04,0,24524.28,28527.78,78.35,2897.02,18095.42,0,0,0,0
2006-02-23 20:00:00,0,2453.57,0,308.67,12591.02,6590.13,7116.83,0,0,2305.49,15533.88,236.9,0,15471.06,1436.88,4250.27,78272.95,0,20008.78,0,0,92987.28,0,0,0,2747.49,2658.98,0,24929.1,29883.62,78.67,2710.4,18794.07,0,0,0,0
2006-02-23 21:00:00,0,2577.32,0,302.48,12486.61,6223.65,6918.38,0,0,2131.48,14449.77,227.73,0,14688.64,1348.6,4153.16,78203.74,0,19496.33,0,0,90589.74,0,0,0,2718.59,2655.76,0,25104.2,30840.88,78.29,2525.7,19121.24,0,0,0,0
2006-02-23 22:00:00,0,2562.38,0,284.49,11964.15,5685.71,6695.16,0,0,1971.6,13269.55,209.57,0,13893.48,1264.02,4052.85,76605.96,0,18482.51,0,0,87947.24,0,0,0,2602.02,2600.87,0,24317.8,30414.26,77.51,2331.93,18834.61,0,0,0,0
2006-02-23 23:00:00,0,2478.76,0,260.59,11501.36,5138.69,6501.3,0,0,1809.69,12071.74,192.2,0,13097.03,1183.31,3984.97,74657.24,0,17559.13,0,0,85182.22,0,0,0,2511.69,2566.26,0,23464.82,29433.38,76.43,2147.25,18304.22,0,0,0,0
2006-02-24 00:00:00,0,2398.45,0,241.39,11128.63,4600.07,6342.17,0,0,1648.16,10955.21,179.96,0,12285.01,1107.09,3924.99,72432.45,0,16548.77,0,0,82199.41,0,0,0,2447.51,2542.88,0,22737.52,28385.47,75.83,1951.07,17748.7,0,0,0,0
2006-02-24 01:00:00,0,2325.32,0,225.32,10920.01,4101.18,6220.3,0,0,1494.61,9884.75,161.4,0,11910.51,1041.0,3853.54,70280.37,0,15808.35,0,0,79146.21,0,0,0,2432.63,2555.57,0,22088.87,27300.39,75.4,1772.7,17174.18,0,0,0,0
2006-02-24 02:00:00,0,2324.25,0,211.82,10768.08,3716.55,6240.07,0,0,1368.56,8864.79,142.28,0,11770.41,1000.03,3816.34,68276.49,0,14843.68,0,0,76709.8,0,0,0,2437.98,2632.68,0,21884.39,26255.63,75.11,1650.13,16886.85,0,0,0,0
2006-02-24 03:00:00,0,2370.1,0,210.62,10858.46,3627.01,6476.16,0,0,1316.13,8549.92,134.98,0,11901.69,1030.9,3834.71,67675.18,0,14501.72,0,0,76010.34,0,0,0,2535.93,2763.86,0,22385.67,25950.43,75.9,1632.3,17136.76,0,0,0,0
2006-02-24 04:00:00,0,2451.21,0,219.55,11337.22,3776.92,6849.4,0,0,1324.4,8773.33,139.63,0,12155.68,1111.69,4009.8,69108.39,0,14749.76,0,0,77295.84,0,0,0,2671.16,2895.63,0,23210.07,26256.26,78.38,1702.09,17709.04,0,0,0,0
2006-02-24 05:00:00,0,2550.18,0,231.98,11914.94,3920.27,7195.23,0,0,1362.53,9097.26,147.78,0,12371.45,1194.38,4202.85,70906.93,0,15300.66,0,0,80108.77,0,0,0,2803.36,2998.82,0,24090.64,27080.39,81.31,1730.6,18298.16,0,0,0,0
2006-02-24 06:00:00,0,2642.12,0,245.39,12495.17,4089.85,7493.12,0,0,1414.66,9457.11,158.75,0,12588.6,1227.55,4399.31,72799.02,0,16027.62,0,0,83557.5,0,0,0,2916.79,3082.1,0,25066.11,27961.79,84.3,1760.02,18860.12,0,0,0,0
2006-02-24 07:00:00,0,2724.33,0,258.49,13147.36,4317.97,7796.43,0,0,1481.81,9864.42,168.59,0,13690.63,1251.48,4584.84,74545.51,0,17641.87,0,0,88572.79,0,0,0,3021.74,3161.49,0,25933.76,28836.01,87.27,1810.65,19319.32,0,0,0,0
2006-02-24 08:00:00,0,2817.87,0,305.83,14026.15,4698.66,8050.04,0,0,1645.94,10985.91,185.4,0,14727.36,1366.1,4837.11,77632.43,0,19122.72,0,0,95010.71,0,0,0,3241.97,3284.93,0,28253.39,29720.13,89.97,1927.93,20570.83,0,0,0,0
2006-02-24 09:00:00,0,2879.57,0,316.36,13297.73,5018.22,7465.18,0,0,1754.98,12074.9,194.38,0,14802.21,1402.72,4835.24,81350.42,0,19277.46,0,0,94613.45,0,0,0,2979.76,2955.42,0,27867.27,31241.62,92.04,2017.89,20607.88,0,0,0,0
2006-02-24 10:00:00,0,2640.36,0,318.4,12387.64,5320.53,6856.33,0,0,1827.16,12592.14,190.25,0,14838.74,1412.86,4573.46,80333.66,0,19345.13,0,0,92590.08,0,0,0,2704.96,2663.97,0,25921.31,31048.91,88.93,2122.37,19210.63,0,0,0,0
2006-02-24 11:00:00,0,2443.73,0,308.23,11739.26,5459.4,6340.79,0,0,1869.71,13222.35,187.98,0,14863.67,1397.24,4455.04,78941.29,0,19378.1,0,0,90877.29,0,0,0,2502.03,2428.47,0,24616.59,30565.55,83.38,2189.38,18185.54,0,0,0,0
2006-02-24 12:00:00,0,2328.5,0,300.23,11281.05,5527.88,5953.86,0,0,1939.18,13792.42,188.64,0,14887.74,1383.79,4327.54,77972.86,0,19376.2,0,0,89291.63,0,0,0,2391.72,2278.19,0,23882.88,30179.47,78.4,2244.1,17448.29,0,0,0,0
2006-02-24 13:00:00,0,2183.31,0,294.26,10883.67,5571.31,5645.22,0,0,1980.68,14202.1,190.14,0,14893.72,1373.78,4189.65,77017.94,0,19388.9,0,0,87881.13,0,0,0,2338.01,2188.58,0,23409.11,29650.8,76.0,2291.92,16864.74,0,0,0,0
2006-02-24 14:00:00,0,2101.14,0,293.12,10617.07,5589.1,5442.51,0,0,2000.73,14579.64,193.98,0,14915.05,1363.99,4078.32,75890.4,0,19371.93,0,0,86413.47,0,0,0,2313.69,2158.69,0,22915.62,29232.87,73.54,2317.27,16455.0,0,0,0,0
2006-02-24 15:00:00,0,2051.67,0,291.53,10418.84,5612.48,5343.1,0,0,2001.21,14905.38,195.95,0,15023.0,1364.59,3990.96,75243.41,0,19497.06,0,0,85100.45,0,0,0,2277.27,2135.42,0,22548.02,28771.06,71.43,2323.67,16266.77,0,0,0,0
2006-02-24 16:00:00,0,1985.58,0,287.86,10388.58,5602.96,5413.38,0,0,1985.64,15014.38,197.37,0,15290.83,1364.29,3899.3,74853.13,0,19948.79,0,0,84669.66,0,0,0,2234.43,2114.56,0,22202.01,28139.15,70.41,2294.22,16405.69,0,0,0,0
2006-02-24 17:00:00,0,1934.54,0,289.71,10349.84,5574.25,5665.92,0,0,1985.49,14827.35,197.93,0,15805.23,1346.66,3836.77,74485.32,0,20388.91,0,0,85138.17,0,0,0,2254.41,2142.0,0,22113.52,27878.09,69.32,2252.64,16467.37,0,0,0,0
2006-02-24 18:00:00,0,1936.58,0,286.19,11050.21,5573.34,6245.23,0,0,1986.75,14551.69,201.11,0,16297.59,1339.01,3895.47,74708.38,0,20906.9,0,0,88642.19,0,0,0,2337.77,2273.52,0,22263.11,27469.09,69.81,2213.95,16608.06,0,0,0,0
2006-02-24 19:00:00,0,2072.06,0,299.39,11686.03,5371.9,7377.63,0,0,1927.67,13844.96,209.1,0,17146.12,1442.74,4031.82,73870.18,0,21029.62,0,0,95378.42,0,0,0,2619.62,2597.27,0,23066.96,27728.83,68.88,2241.98,16343.29,0,0,0,0
2006-02-24 20:00:00,0,2183.87,0,292.82,11970.5,5316.41,7343.91,0,0,1831.07,12806.71,204.13,0,16432.68,1378.13,3973.17,74128.62,0,20406.29,0,0,93501.98,0,0,0,2667.74,2646.05,0,23913.54,28364.69,67.69,2135.15,16944.29,0,0,0,0
2006-02-24 21:00:00,0,2288.48,0,287.71,12134.0,5209.69,7262.15,0,0,1733.12,11965.38,198.87,0,15804.98,1312.05,3908.11,74104.01,0,19840.79,0,0,91345.49,0,0,0,2694.41,2663.57,0,24312.46,28412.31,66.95,2041.86,17514.13,0,0,0,0
2006-02-24 22:00:00,0,2330.87,0,272.87,11630.07,4914.96,7114.99,0,0,1643.03,11270.17,190.64,0,15184.44,1243.84,3840.55,72476.62,0,19117.78,0,0,89259.31,0,0,0,2598.53,2632.87,0,23793.68,28130.63,66.15,1948.76,17133.84,0,0,0,0
2006-02-24 23:00:00,0,2241.5,0,251.7,11316.52,4540.54,6919.38,0,0,1547.91,10541.29,175.91,0,14541.85,1169.86,3768.99,70545.46,0,18250.24,0,0,86374.2,0,0,0,2507.52,2583.44,0,23043.17,27402.41,65.09,1855.68,16528.61,0,0,0,0
2006-02-25 00:00:00,0,2140.17,0,233.75,10969.99,4213.41,6738.85,0,0,1448.78,9841.24,161.72,0,13852.17,1091.15,3641.49,68154.49,0,17297.55,0,0,82926.93,0,0,0,2421.99,2520.79,0,22140.06,26513.92,63.82,1757.04,15891.27,0,0,0,0
2006-02-25 01:00:00,0,2031.75,0,215.76,10590.89,3931.39,6549.03,0,0,1364.09,9201.69,149.18,0,13144.14,1011.38,3532.14,65718.86,0,16399.96,0,0,79815.22,0,0,0,2329.12,2447.33,0,21349.77,25593.78,62.64,1668.61,15196.29,0,0,0,0
2006-02-25 02:00:00,0,1978.88,0,206.02,10499.34,3665.38,6463.72,0,0,1288.96,8608.7,139.12,0,12812.28,964.88,3442.08,63742.92,0,15763.95,0,0,77518.67,0,0,0,2279.34,2432.84,0,20775.88,24911.09,61.96,1585.9,14840.12,0,0,0,0
2006-02-25 03:00:00,0,1965.53,0,200.02,10499.73,3484.2,6415.51,0,0,1229.4,8206.06,134.09,0,12732.37,922.17,3373.68,62388.46,0,15454.99,0,0,76408.63,0,0,0,2253.95,2455.25,0,20355.23,24489.55,61.5,1529.23,14631.56,0,0,0,0
2006-02-25 04:00:00,0,2002.97,0,198.54,10711.19,3482.94,6565.98,0,0,1212.22,8273.09,134.01,0,12944.94,914.94,3361.27,61547.82,0,15330.27,0,0,75840.31,0,0,0,2281.05,2507.65,0,20289.65,24515.11,61.18,1525.6,14444.71,0,0,0,0
2006-02-25 05:00:00,0,2090.76,0,203.08,11028.74,3544.41,6783.56,0,0,1234.79,8477.43,138.59,0,13157.63,933.46,3422.38,61629.98,0,15330.09,0,0,76661.56,0,0,0,2333.02,2551.06,0,20582.22,24998.18,62.29,1560.55,14537.45,0,0,0,0
2006-02-25 06:00:00,0,2208.63,0,210.64,11489.39,3661.01,6941.97,0,0,1269.91,8788.73,145.6,0,13271.53,954.61,3524.41,62762.28,0,15592.73,0,0,78169.37,0,0,0,2385.08,2579.59,0,21153.58,25641.55,63.56,1603.58,14873.91,0,0,0,0
2006-02-25 07:00:00,0,2328.86,0,217.0,11894.19,3813.23,7132.83,0,0,1315.15,9200.06,151.11,0,13641.46,970.57,3618.26,64305.67,0,16092.4,0,0,79505.16,0,0,0,2438.18,2607.57,0,21520.32,26334.74,65.48,1652.12,15276.19,0,0,0,0
2006-02-25 08:00:00,0,2428.61,0,221.5,12287.35,4201.25,7277.55,0,0,1418.13,9890.09,156.64,0,14240.35,1010.9,3648.15,66175.55,0,16573.1,0,0,81572.72,0,0,0,2523.59,2699.55,0,22261.79,27086.48,67.13,1741.14,15944.76,0,0,0,0
2006-02-25 09:00:00,0,2665.61,0,226.49,11921.72,4585.07,6786.92,0,0,1570.21,10800.1,162.93,0,14629.92,1051.12,3645.85,68908.21,0,17107.95,0,0,81635.98,0,0,0,2498.38,2573.77,0,23017.74,28252.17,68.11,1887.69,16544.37,0,0,0,0
2006-02-25 10:00:00,0,2772.19,0,230.43,11576.86,4951.81,6339.09,0,0,1683.41,11684.41,166.4,0,14690.56,1071.31,3564.3,71002.09,0,17501.81,0,0,80770.69,0,0,0,2398.55,2445.99,0,23151.19,29361.94,68.21,1999.22,16405.75,0,0,0,0
2006-02-25 11:00:00,0,2780.64,0,235.09,11137.05,5226.97,6062.76,0,0,1752.1,12702.07,170.71,0,14653.56,1121.64,3572.46,71927.38,0,17536.59,0,0,79464.14,0,0,0,2378.59,2404.41,0,23103.87,29754.97,68.99,2122.51,16029.93,0,0,0,0
2006-02-25 12:00:00,0,2729.65,0,239.5,10740.33,5443.67,5830.03,0,0,1822.91,13743.01,173.41,0,14510.56,1163.45,3552.45,71912.94,0,17388.55,0,0,79252.36,0,0,0,2363.26,2367.97,0,22948.41,29764.09,69.69,2287.64,15833.68,0,0,0,0
2006-02-25 13:00:00,0,2654.11,0,249.51,10326.03,5627.92,5696.4,0,0,1879.71,14618.56,185.71,0,14452.17,1240.98,3527.21,71645.47,0,17419.5,0,0,78646.56,0,0,0,2401.19,2349.59,0,22822.93,29273.3,70.27,2432.03,15736.95,0,0,0,0
2006-02-25 14:00:00,0,2575.82,0,253.85,9934.07,5831.18,5616.32,0,0,1963.02,15202.91,201.16,0,14572.06,1300.37,3495.78,71224.05,0,17570.21,0,0,77188.95,0,0,0,2400.18,2324.14,0,22750.49,28799.5,69.32,2528.31,15584.97,0,0,0,0
2006-02-25 15:00:00,0,2480.84,0,260.0,9686.45,6034.06,5579.38,0,0,2052.63,15721.35,214.03,0,14505.32,1289.79,3460.86,71037.59,0,17839.91,0,0,75891.63,0,0,0,2417.49,2327.57,0,22627.18,28407.33,67.87,2558.2,15635.5,0,0,0,0
2006-02-25 16:00:00,0,2390.62,0,266.23,9521.13,6171.16,5565.25,0,0,2080.54,15919.07,219.18,0,14452.93,1342.67,3457.88,70834.72,0,17828.35,0,0,75015.04,0,0,0,2408.35,2324.93,0,22637.14,28037.41,66.62,2519.58,15771.54,0,0,0,0
2006-02-25 17:00:00,0,2339.99,0,269.84,9639.36,6139.64,5625.58,0,0,2085.13,15738.59,212.93,0,15030.19,1344.98,3507.57,70313.43,0,18058.31,0,0,76315.73,0,0,0,2429.25,2325.39,0,22536.93,27698.68,65.35,2468.69,15731.86,0,0,0,0
2006-02-25 18:00:00,0,2342.04,0,270.93,9895.06,5917.01,5817.14,0,0,2013.96,15141.18,207.85,0,15436.83,1293.97,3590.79,70014.35,0,17848.05,0,0,78702.55,0,0,0,2460.7,2370.91,0,22411.15,27494.01,63.85,2386.28,15587.61,0,0,0,0
2006-02-25 19:00:00,0,2530.81,0,295.09,11240.2,6257.23,6452.06,0,0,2297.22,15550.73,234.86,0,16053.85,1488.48,4188.71,77218.92,0,19372.33,0,0,90091.06,0,0,0,2604.38,2626.0,0,23522.34,29634.37,77.84,2571.75,16857.59,0,0,0,0
2006-02-25 20:00:00,0,2664.44,0,293.52,11372.12,6037.71,6269.2,0,0,2139.59,14478.23,227.27,0,15301.28,1390.46,4166.86,77543.61,0,18869.07,0,0,88552.4,0,0,0,2599.24,2583.26,0,24051.71,30253.41,78.07,2399.16,17469.7,0,0,0,0
2006-02-25 21:00:00,0,2787.28,0,283.48,11321.09,5840.76,6092.93,0,0,1997.66,13462.13,218.57,0,14666.03,1299.01,4111.3,77623.81,0,18836.65,0,0,87486.02,0,0,0,2592.9,2529.03,0,24009.64,30402.36,77.62,2251.91,18203.04,0,0,0,0
2006-02-25 22:00:00,0,2805.55,0,263.93,10700.14,5400.94,5914.81,0,0,1859.25,12545.87,201.21,0,14032.97,1191.63,4067.22,76210.92,0,18287.61,0,0,85924.92,0,0,0,2505.7,2425.91,0,22991.81,30018.71,77.1,2142.2,17819.86,0,0,0,0
2006-02-25 23:00:00,0,2744.99,0,243.7,10156.17,4982.09,5771.69,0,0,1723.43,11667.53,187.17,0,13548.26,1119.73,4007.65,74325.78,0,17741.04,0,0,84523.88,0,0,0,2364.65,2331.3,0,22088.18,29438.74,76.91,2036.73,17457.43,0,0,0,0
2006-02-26 00:00:00,0,2674.36,0,221.83,9706.66,4579.15,5546.81,0,0,1600.75,10785.02,173.02,0,13028.43,1058.53,3962.98,72390.99,0,17132.61,0,0,82710.37,0,0,0,2271.97,2238.23,0,21298.92,28793.48,76.51,1932.61,17192.33,0,0,0,0
2006-02-26 01:00:00,0,2623.12,0,206.19,9471.61,4212.94,5366.86,0,0,1475.11,9968.66,161.35,0,12576.84,992.58,3887.78,70563.42,0,16447.14,0,0,80744.34,0,0,0,2185.28,2140.11,0,20723.81,28193.43,75.92,1814.12,16968.43,0,0,0,0
2006-02-26 02:00:00,0,2621.58,0,192.65,9621.46,3929.57,5337.81,0,0,1364.19,9346.28,154.09,0,12490.03,939.39,3845.07,68931.89,0,15746.93,0,0,79374.84,0,0,0,2116.52,2089.56,0,20298.85,27798.03,75.75,1690.92,16644.74,0,0,0,0
2006-02-26 03:00:00,0,2648.62,0,180.48,9799.46,3720.02,5584.56,0,0,1287.6,9017.38,149.21,0,12691.35,918.39,3812.44,68106.1,0,15386.63,0,0,78441.09,0,0,0,2084.32,2063.54,0,19979.22,27520.4,76.06,1624.53,16681.08,0,0,0,0
2006-02-26 04:00:00,0,2701.75,0,187.84,10026.46,3598.77,6203.5,0,0,1252.04,8738.3,143.11,0,12732.65,911.88,3822.72,67664.51,0,15263.45,0,0,79106.57,0,0,0,2118.32,2105.76,0,20259.19,27590.38,77.1,1597.51,16904.57,0,0,0,0
2006-02-26 05:00:00,0,2775.29,0,196.4,10588.94,3603.24,6939.75,0,0,1254.03,8643.88,142.97,0,12897.73,987.41,3906.56,68629.94,0,15431.93,0,0,80768.05,0,0,0,2164.12,2261.27,0,21028.15,28037.53,77.73,1597.38,17386.23,0,0,0,0
2006-02-26 06:00:00,0,2845.68,0,205.88,11230.55,3672.1,7479.33,0,0,1255.73,8703.01,138.56,0,13113.11,1048.31,4023.7,69737.05,0,15777.99,0,0,82371.24,0,0,0,2263.29,2475.97,0,22004.17,28520.04,78.93,1590.88,17912.6,0,0,0,0
2006-02-26 07:00:00,0,2928.84,0,212.45,11852.38,3802.61,7953.02,0,0,1283.26,9034.07,147.22,0,13572.0,1098.82,4150.57,70950.84,0,16513.27,0,0,84761.26,0,0,0,2407.17,2751.23,0,23091.57,29077.73,80.79,1597.05,18389.75,0,0,0,0
2006-02-26 08:00:00,0,3011.15,0,226.32,12888.27,4016.04,8540.6,0,0,1395.55,9884.73,154.67,0,14302.03,1150.0,4331.5,72997.43,0,17558.11,0,0,89181.17,0,0,0,2757.6,3129.21,0,25355.3,29592.99,82.8,1614.27,20146.03,0,0,0,0
2006-02-26 09:00:00,0,3080.09,0,244.58,13018.04,4288.02,8689.44,0,0,1521.51,10768.97,162.76,0,14681.0,1215.38,4461.64,75091.97,0,18149.29,0,0,90794.83,0,0,0,3044.57,3476.73,0,26581.71,30376.86,83.7,1693.13,20978.59,0,0,0,0
2006-02-26 10:00:00,0,2887.6,0,253.54,12662.36,4561.37,8512.95,0,0,1632.51,11448.71,168.88,0,14616.77,1258.9,4429.29,75088.36,0,18317.54,0,0,89943.62,0,0,0,3108.63,3500.5,0,26629.15,30254.1,82.18,1761.94,20519.09,0,0,0,0
2006-02-26 11:00:00,0,2683.9,0,265.29,12195.93,5057.78,7832.2,0,0,1742.69,12230.43,190.31,0,14538.05,1390.64,4299.23,74316.04,0,18427.98,0,0,89280.66,0,0,0,3004.99,3343.53,0,26458.93,29533.01,80.15,1858.81,19804.99,0,0,0,0
2006-02-26 12:00:00,0,2558.15,0,275.88,11768.78,5579.88,7352.58,0,0,1831.42,12765.52,185.84,0,14452.8,1454.29,4197.41,73691.5,0,18478.32,0,0,88906.52,0,0,0,2868.88,3127.17,0,25845.07,28860.61,77.98,2133.95,19104.11,0,0,0,0
2006-02-26 13:00:00,0,2456.71,0,275.27,11453.17,5641.33,7058.94,0,0,1873.49,13094.46,177.33,0,14426.03,1652.9,4097.09,72895.93,0,18489.13,0,0,88199.27,0,0,0,2747.86,2940.09,0,25090.53,28235.89,76.09,2166.3,18355.23,0,0,0,0
2006-02-26 14:00:00,0,2332.24,0,271.59,11184.42,5516.36,6829.11,0,0,1859.86,13073.53,188.09,0,14552.0,1688.93,4005.86,71956.09,0,18524.87,0,0,87480.81,0,0,0,2638.63,2779.05,0,24408.53,27528.4,74.19,2192.64,17654.71,0,0,0,0
2006-02-26 15:00:00,0,2267.51,0,264.33,10925.48,5427.89,6701.5,0,0,1894.12,12848.26,186.1,0,14603.43,1610.68,3918.01,71059.6,0,18587.41,0,0,86415.23,0,0,0,2570.33,2699.18,0,23839.87,26881.51,72.73,2181.25,17041.94,0,0,0,0
2006-02-26 16:00:00,0,2198.58,0,267.65,10739.21,5328.19,6721.48,0,0,1946.58,12726.51,188.89,0,14523.86,1526.64,3848.93,70257.77,0,18753.44,0,0,86258.12,0,0,0,2537.47,2708.29,0,23558.36,26403.38,70.99,2138.39,16954.11,0,0,0,0
2006-02-26 17:00:00,0,2154.9,0,261.59,10641.74,5120.78,6867.74,0,0,1922.78,12518.18,190.13,0,15133.24,1437.8,3794.21,69962.04,0,19127.11,0,0,87344.14,0,0,0,2532.15,2771.84,0,23534.58,26158.21,69.4,2094.28,17274.56,0,0,0,0
2006-02-26 18:00:00,0,2161.09,0,259.69,11048.78,4792.92,7278.17,0,0,1907.7,12379.04,191.61,0,15977.72,1355.5,3906.33,70216.6,0,19775.38,0,0,89903.05,0,0,0,2584.36,2837.93,0,23404.26,25893.16,67.61,2041.07,17667.12,0,0,0,0
2006-02-26 19:00:00,0,2486.76,0,321.35,14557.71,6242.41,8899.43,0,0,2111.51,12911.42,233.41,0,18936.12,1707.96,5019.87,80467.79,0,22847.66,0,0,108266.51,0,0,0,3142.63,3298.8,0,27559.0,29185.71,85.0,2437.53,20849.94,0,0,0,0
2006-02-26 20:00:00,0,2649.5,0,323.42,14942.05,6195.73,8806.31,0,0,2012.99,12288.73,234.56,0,18228.29,1648.76,4963.85,81064.3,0,22259.33,0,0,105425.41,0,0,0,3249.38,3382.29,0,28843.62,30565.76,85.18,2326.68,21766.95,0,0,0,0
2006-02-26 21:00:00,0,2779.57,0,316.98,14818.4,6064.99,8651.86,0,0,1906.02,11606.85,237.24,0,17414.6,1588.99,4879.21,80882.5,0,21548.91,0,0,102440.78,0,0,0,3252.13,3381.19,0,29047.41,31577.52,84.64,2266.18,22286.18,0,0,0,0
2006-02-26 22:00:00,0,2745.93,0,297.19,14450.94,5748.5,8547.61,0,0,1799.58,11016.12,227.82,0,16538.99,1532.97,4766.12,79067.13,0,20554.94,0,0,99334.62,0,0,0,3196.15,3370.8,0,28760.01,31035.88,83.56,2218.0,22134.76,0,0,0,0
2006-02-26 23:00:00,0,2642.39,0,281.24,13965.52,5439.64,8402.6,0,0,1693.23,10331.17,218.59,0,15678.2,1486.98,4649.69,76786.97,0,19570.92,0,0,96079.76,0,0,0,3144.91,3354.76,0,28580.88,29997.8,81.93,2143.06,21541.24,0,0,0,0
2006-02-27 00:00:00,0,2525.02,0,271.59,13513.92,5113.63,8195.89,0,0,1583.34,9610.58,214.08,0,14880.55,1449.34,4518.15,74332.04,0,18596.64,0,0,92912.6,0,0,0,3105.43,3344.6,0,28279.75,28846.67,80.72,2073.08,20907.13,0,0,0,0
2006-02-27 01:00:00,0,2385.44,0,269.12,13188.42,4796.88,8055.45,0,0,1483.36,8878.65,209.92,0,14298.73,1432.81,4381.78,71800.84,0,17692.96,0,0,90105.26,0,0,0,3077.99,3361.71,0,27920.12,27612.2,79.32,1981.24,20249.07,0,0,0,0
2006-02-27 02:00:00,0,2292.27,0,265.89,13072.21,4574.36,8177.13,0,0,1409.1,8303.4,207.11,0,14028.18,1390.66,4256.41,69354.24,0,16940.54,0,0,87964.12,0,0,0,3067.39,3423.08,0,27993.29,26400.59,78.34,1915.92,20101.89,0,0,0,0
2006-02-27 03:00:00,0,2280.92,0,288.43,13254.46,4776.29,8525.54,0,0,1438.4,8494.77,212.07,0,14261.43,1399.33,4229.01,68516.85,0,16658.06,0,0,88205.86,0,0,0,3162.3,3541.4,0,28736.03,25793.87,78.33,1955.56,20131.49,0,0,0,0
2006-02-27 04:00:00,0,2327.53,0,324.28,13792.45,5113.36,8970.61,0,0,1509.81,8849.74,219.17,0,14714.38,1459.6,4341.48,69918.35,0,16864.45,0,0,90627.45,0,0,0,3280.72,3651.17,0,29398.67,26037.08,79.55,2066.84,20443.85,0,0,0,0
2006-02-27 05:00:00,0,2388.39,0,344.79,14361.46,5462.94,9343.27,0,0,1585.79,9260.29,234.04,0,15157.25,1548.42,4485.25,71765.44,0,17433.51,0,0,93290.15,0,0,0,3373.62,3714.44,0,30064.98,26710.15,80.94,2163.69,20787.43,0,0,0,0
2006-02-27 06:00:00,0,2450.43,0,366.09,14930.51,5832.86,9635.32,0,0,1663.41,9739.35,251.52,0,15555.63,1687.51,4628.6,73543.52,0,18104.66,0,0,95819.56,0,0,0,3452.86,3760.19,0,30719.41,27496.08,82.68,2273.27,21158.68,0,0,0,0
2006-02-27 07:00:00,0,2502.87,0,380.71,15552.66,6238.36,9871.94,0,0,1758.05,10293.84,260.73,0,16760.96,1792.41,4773.66,75231.91,0,19883.23,0,0,100096.18,0,0,0,3533.27,3805.36,0,31469.55,28287.54,84.21,2381.04,21554.33,0,0,0,0
2006-02-27 08:00:00,0,2571.84,0,226.32,16438.21,6909.25,10072.59,0,0,1928.25,11842.31,281.09,0,17364.2,1972.03,5010.7,78421.1,0,20865.62,0,0,103798.71,0,0,0,3672.98,3890.37,0,25355.3,29173.11,86.33,2537.85,22956.42,0,0,0,0
2006-02-27 09:00:00,0,2656.74,0,395.38,15285.86,6553.56,9065.84,0,0,1964.03,12494.74,255.41,0,17091.22,1830.73,4882.17,81628.75,0,20756.18,0,0,101390.28,0,0,0,3412.69,3576.03,0,33064.6,30700.28,88.45,2380.12,22206.46,0,0,0,0
2006-02-27 10:00:00,0,2482.95,0,377.73,13889.4,6202.87,8128.84,0,0,1958.17,12899.01,224.5,0,16755.24,1683.44,4699.83,80263.78,0,20683.97,0,0,98390.17,0,0,0,3171.55,3266.77,0,31013.67,30524.64,86.12,2281.33,20702.25,0,0,0,0
2006-02-27 11:00:00,0,2321.64,0,359.39,13030.74,6080.29,7458.98,0,0,1949.69,13230.02,213.37,0,16493.11,1624.32,4529.55,78915.55,0,20562.17,0,0,96534.69,0,0,0,3047.97,3050.08,0,29139.86,29957.87,82.22,2219.42,19318.94,0,0,0,0
2006-02-27 12:00:00,0,2149.96,0,345.83,12410.62,5982.69,6936.92,0,0,1953.25,13385.95,210.22,0,16214.28,1612.01,4391.53,77655.94,0,20394.69,0,0,94607.55,0,0,0,2896.63,2824.26,0,27516.87,29301.32,78.05,2178.0,18133.02,0,0,0,0
2006-02-27 13:00:00,0,2025.64,0,332.94,11863.64,5900.62,6480.83,0,0,1942.99,13451.8,208.1,0,15977.5,1582.38,4260.76,76677.38,0,20290.71,0,0,93077.23,0,0,0,2709.59,2598.47,0,26199.25,28895.24,75.73,2176.44,17377.75,0,0,0,0
2006-02-27 14:00:00,0,1936.94,0,314.8,11408.79,5755.01,6183.73,0,0,1912.52,13287.94,203.96,0,15764.1,1529.9,4137.93,75366.24,0,20215.2,0,0,90816.87,0,0,0,2548.11,2437.8,0,25206.54,28496.67,73.88,2157.91,16994.47,0,0,0,0
2006-02-27 15:00:00,0,1866.46,0,299.27,11098.22,5517.35,6006.87,0,0,1860.61,12956.52,197.27,0,15656.84,1442.17,4058.01,74223.26,0,20199.05,0,0,89401.67,0,0,0,2491.69,2344.15,0,24381.21,28003.11,71.84,2106.05,16770.22,0,0,0,0
2006-02-27 16:00:00,0,1817.51,0,287.87,11026.05,5366.81,5970.11,0,0,1816.73,12577.25,190.01,0,15810.01,1377.68,3977.42,73249.77,0,20378.53,0,0,89265.32,0,0,0,2464.34,2316.35,0,23637.34,27483.27,70.56,2106.06,16647.92,0,0,0,0
2006-02-27 17:00:00,0,1755.2,0,277.89,11064.93,5422.27,6148.81,0,0,1824.23,12450.55,189.26,0,16359.95,1347.46,3935.11,72569.48,0,20620.68,0,0,89832.81,0,0,0,2462.11,2382.29,0,23148.63,27144.24,68.54,2136.19,16598.49,0,0,0,0
2006-02-27 18:00:00,0,1744.03,0,279.5,11692.07,5486.21,6812.16,0,0,1826.4,12550.08,193.15,0,17186.68,1367.5,3988.72,72896.53,0,21197.56,0,0,92613.59,0,0,0,2530.0,2511.33,0,23161.72,26808.2,66.89,2177.93,16609.9,0,0,0,0
2006-02-27 19:00:00,0,2021.6,0,318.8,12903.97,5998.34,7979.22,0,0,2093.61,13686.8,217.71,0,18748.17,1581.83,4349.94,77349.11,0,22040.0,0,0,101140.1,0,0,0,2870.49,2878.82,0,25322.86,27427.11,71.23,2475.49,18096.86,0,0,0,0
2006-02-27 20:00:00,0,2077.78,0,316.49,13199.28,5950.0,7800.06,0,0,1986.08,12971.98,216.3,0,17900.67,1555.84,4312.92,77630.59,0,21373.94,0,0,98684.17,0,0,0,2914.43,2931.73,0,26355.73,28209.29,70.31,2311.58,18758.2,0,0,0,0
2006-02-27 21:00:00,0,2144.29,0,309.37,13140.97,5760.28,7547.28,0,0,1872.98,12328.39,217.99,0,17058.85,1505.52,4256.75,77440.95,0,20790.59,0,0,96330.57,0,0,0,2886.9,2899.08,0,26438.89,28928.5,69.74,2188.57,19015.96,0,0,0,0
2006-02-27 22:00:00,0,2135.57,0,291.5,12562.6,5411.93,7242.55,0,0,1763.29,11567.05,211.66,0,16186.89,1440.25,4176.78,75571.99,0,19882.7,0,0,94034.49,0,0,0,2766.96,2809.99,0,25475.6,28651.06,68.8,2080.04,18406.97,0,0,0,0
2006-02-27 23:00:00,0,2037.13,0,272.92,11990.61,5053.16,6917.92,0,0,1657.87,10783.65,199.23,0,15293.88,1378.52,4061.34,73267.07,0,18982.26,0,0,91167.09,0,0,0,2646.02,2716.4,0,24478.32,27573.76,68.11,1969.58,17638.77,0,0,0,0
2006-02-28 00:00:00,0,1936.73,0,256.2,11437.77,4740.62,6658.85,0,0,1555.1,10025.63,187.26,0,14492.21,1328.19,3934.11,70766.13,0,17963.98,0,0,88060.41,0,0,0,2522.62,2624.9,0,23505.94,26453.56,67.34,1868.16,16943.25,0,0,0,0
2006-02-28 01:00:00,0,1831.1,0,241.12,11001.87,4447.01,6418.76,0,0,1456.41,9294.53,175.9,0,13884.83,1292.56,3805.28,68194.58,0,16976.72,0,0,85305.54,0,0,0,2415.65,2525.89,0,22523.05,25248.48,66.49,1768.11,16224.46,0,0,0,0
2006-02-28 02:00:00,0,1748.12,0,231.89,10786.46,4283.72,6242.12,0,0,1376.98,8651.22,166.23,0,13741.8,1296.25,3667.84,65767.41,0,16179.85,0,0,82663.83,0,0,0,2351.63,2510.03,0,21898.85,24018.68,65.73,1704.05,15619.71,0,0,0,0
2006-02-28 03:00:00,0,1769.02,0,238.85,10941.82,4500.94,6421.44,0,0,1391.84,8932.29,173.43,0,13906.92,1364.97,3571.86,64760.39,0,15930.59,0,0,82920.32,0,0,0,2404.19,2578.41,0,22224.57,23541.18,65.17,1749.39,15572.46,0,0,0,0
2006-02-28 04:00:00,0,1847.7,0,257.09,11450.12,4830.81,6729.33,0,0,1459.55,9365.3,187.43,0,14234.2,1472.99,3663.71,66382.86,0,16271.74,0,0,85081.24,0,0,0,2520.67,2667.46,0,22977.5,23627.99,66.38,1861.69,15982.86,0,0,0,0
2006-02-28 05:00:00,0,1943.38,0,276.87,12087.36,5163.92,7093.77,0,0,1529.14,9834.49,199.73,0,14555.37,1578.59,3803.6,68490.55,0,16963.33,0,0,87459.95,0,0,0,2645.84,2764.59,0,24001.66,24397.08,67.99,1964.18,16448.56,0,0,0,0
2006-02-28 06:00:00,0,2043.42,0,297.82,12684.43,5467.68,7438.6,0,0,1595.37,10255.64,210.52,0,14882.67,1667.89,3982.43,70556.56,0,17702.47,0,0,90747.61,0,0,0,2747.44,2844.14,0,25207.55,25270.61,69.85,2044.08,16927.49,0,0,0,0
2006-02-28 07:00:00,0,2150.75,0,315.72,13198.82,5768.9,7739.92,0,0,1661.41,10653.06,216.78,0,15785.01,1769.6,4156.84,72563.67,0,19112.84,0,0,94685.97,0,0,0,2832.43,2909.46,0,26346.47,26264.44,71.81,2135.57,17361.8,0,0,0,0
2006-02-28 08:00:00,0,2265.7,0,360.41,13781.9,6558.73,7861.53,0,0,1861.56,12144.86,235.57,0,16378.63,1909.6,4410.66,76073.85,0,20409.99,0,0,99925.43,0,0,0,2955.34,2970.67,0,28591.15,27315.07,73.78,2309.81,18543.2,0,0,0,0
2006-02-28 09:00:00,0,2318.15,0,356.62,12957.57,6376.18,7502.23,0,0,1855.74,12080.23,229.77,0,15896.41,1775.02,4429.76,79993.8,0,20229.05,0,0,99820.72,0,0,0,2801.25,2803.59,0,27496.13,28746.01,73.75,2254.71,18407.99,0,0,0,0
2006-02-28 10:00:00,0,2154.71,0,340.12,12502.29,6086.16,7103.65,0,0,1812.39,12454.85,215.25,0,15640.68,1653.85,4366.09,79035.94,0,20123.64,0,0,97677.06,0,0,0,2666.08,2594.49,0,25508.41,28673.07,71.0,2191.82,17402.71,0,0,0,0
2006-02-28 11:00:00,0,1992.87,0,315.99,12018.32,5889.83,6692.39,0,0,1804.13,12802.68,202.94,0,15491.01,1536.01,4279.31,77674.04,0,20223.47,0,0,95523.87,0,0,0,2545.76,2431.4,0,24078.88,28346.44,68.02,2171.03,16754.17,0,0,0,0
2006-02-28 12:00:00,0,1881.52,0,300.92,11504.45,5748.74,6315.72,0,0,1827.2,13083.67,191.77,0,15354.89,1412.49,4104.41,76658.01,0,20225.57,0,0,92999.66,0,0,0,2445.29,2305.56,0,22948.24,28068.9,65.95,2176.43,16301.64,0,0,0,0
2006-02-28 13:00:00,0,1831.51,0,290.38,10968.02,5604.59,6058.18,0,0,1832.61,13191.58,184.57,0,15245.38,1313.69,3948.46,75682.51,0,20148.78,0,0,90747.11,0,0,0,2380.68,2178.66,0,22321.18,27855.69,64.66,2186.94,15945.35,0,0,0,0
2006-02-28 14:00:00,0,1793.67,0,280.5,10634.21,5407.24,5873.26,0,0,1841.68,13121.37,181.8,0,15170.13,1253.47,3826.46,74584.4,0,20075.53,0,0,89012.88,0,0,0,2324.86,2116.12,0,22086.38,27646.78,63.75,2177.78,15663.26,0,0,0,0
2006-02-28 15:00:00,0,1774.22,0,275.73,10397.42,5233.62,5693.03,0,0,1842.99,13046.25,184.57,0,15219.98,1214.4,3739.55,73425.48,0,20028.38,0,0,87418.16,0,0,0,2276.93,2109.17,0,22062.12,27550.56,63.31,2153.36,15505.43,0,0,0,0
2006-02-28 16:00:00,0,1753.08,0,277.53,10326.43,5236.94,5704.91,0,0,1866.69,13196.4,185.34,0,15433.54,1238.91,3749.74,72701.7,0,20092.41,0,0,86061.31,0,0,0,2263.5,2136.09,0,22079.9,27583.27,63.75,2159.07,15396.83,0,0,0,0
2006-02-28 17:00:00,0,1742.84,0,281.81,10458.03,5523.91,5806.24,0,0,1911.44,13585.13,193.26,0,15971.14,1277.28,3727.98,72431.52,0,20331.47,0,0,86778.93,0,0,0,2304.69,2153.06,0,22071.07,27551.95,64.45,2214.89,15583.83,0,0,0,0
2006-02-28 18:00:00,0,1751.26,0,281.08,10589.7,5634.59,6024.49,0,0,1921.35,13423.05,198.54,0,16817.41,1290.01,3740.2,72627.98,0,20902.65,0,0,90708.4,0,0,0,2366.16,2221.56,0,22076.13,27167.56,64.31,2236.39,15813.28,0,0,0,0
2006-02-28 19:00:00,0,1889.8,0,309.36,11200.59,6095.98,6614.36,0,0,2158.38,14372.42,222.75,0,17538.82,1484.04,3910.34,74074.43,0,21049.89,0,0,96079.49,0,0,0,2586.56,2504.08,0,23025.11,27281.54,70.24,2511.77,16212.38,0,0,0,0
2006-02-28 20:00:00,0,1909.13,0,299.16,11252.71,5876.63,6332.94,0,0,1988.09,13373.75,216.28,0,16716.64,1402.16,3784.0,73896.82,0,20412.16,0,0,93591.6,0,0,0,2594.97,2497.98,0,23548.19,27344.39,67.35,2310.75,16350.08,0,0,0,0
2006-02-28 21:00:00,0,1948.57,0,286.21,11085.51,5571.99,6088.14,0,0,1840.71,12518.39,210.23,0,15849.0,1323.25,3663.82,73635.18,0,19799.98,0,0,91245.07,0,0,0,2539.72,2450.63,0,23578.64,27700.9,65.63,2127.7,16536.29,0,0,0,0
2006-02-28 22:00:00,0,1910.32,0,265.98,10490.06,5073.25,5817.84,0,0,1707.57,11516.05,195.35,0,14950.08,1256.86,3532.62,71661.81,0,18913.22,0,0,88450.18,0,0,0,2418.81,2349.65,0,22644.49,27352.28,64.39,1980.85,15760.92,0,0,0,0
2006-02-28 23:00:00,0,1781.65,0,247.26,9922.53,4600.29,5512.72,0,0,1583.58,10518.12,179.33,0,14102.88,1190.95,3402.7,69344.14,0,17994.67,0,0,85615.54,0,0,0,2309.93,2248.2,0,21650.15,26082.6,62.83,1845.77,14893.81,0,0,0,0
2006-03-01 00:00:00,0,1643.32,0,229.76,9367.36,4169.09,5240.99,0,0,1468.4,9600.88,165.19,0,13428.99,1133.3,3307.62,67066.41,0,17224.12,0,0,83487.43,0,0,0,2200.04,2141.55,0,20592.68,24791.1,61.75,1708.5,14116.32,0,0,0,0
2006-03-01 01:00:00,0,1513.12,0,213.23,8886.27,3801.08,5007.88,0,0,1366.46,8761.03,151.08,0,12929.38,1097.12,3201.99,64770.7,0,16542.46,0,0,81289.6,0,0,0,2091.53,2033.07,0,19657.3,23663.86,60.52,1588.86,13369.82,0,0,0,0
2006-03-01 02:00:00,0,1423.18,0,200.51,8661.16,3586.49,4821.88,0,0,1277.09,7930.44,142.02,0,12914.49,1083.55,3091.92,62468.83,0,15895.98,0,0,80110.84,0,0,0,2035.71,1962.73,0,19088.28,22548.15,59.18,1501.6,12718.66,0,0,0,0
2006-03-01 03:00:00,0,1423.81,0,202.08,8708.95,3737.47,4958.96,0,0,1282.88,8036.35,145.43,0,13196.44,1143.99,3027.12,61430.04,0,15788.03,0,0,80683.55,0,0,0,2035.14,2037.06,0,19232.98,22085.53,58.5,1514.25,12400.51,0,0,0,0
2006-03-01 04:00:00,0,1478.43,0,215.58,9129.76,4067.77,5245.25,0,0,1340.24,8457.92,163.25,0,13686.45,1219.47,3157.6,62990.04,0,16159.23,0,0,83172.52,0,0,0,2144.51,2131.82,0,19889.04,22198.58,58.98,1595.34,12622.27,0,0,0,0
2006-03-01 05:00:00,0,1550.02,0,226.82,9683.73,4335.31,5545.21,0,0,1398.19,8867.45,164.92,0,14182.02,1276.84,3327.05,64764.53,0,16724.7,0,0,85306.97,0,0,0,2262.49,2234.92,0,20501.67,22855.27,60.51,1676.72,13156.38,0,0,0,0
2006-03-01 06:00:00,0,1622.72,0,240.06,10237.94,4658.11,5842.93,0,0,1466.57,9361.3,172.08,0,14627.04,1322.64,3497.64,66514.36,0,17352.8,0,0,87842.01,0,0,0,2375.99,2334.29,0,21206.39,23595.35,62.24,1765.49,13735.92,0,0,0,0
2006-03-01 07:00:00,0,1698.74,0,254.19,10827.17,4978.1,6174.62,0,0,1539.77,9942.64,183.85,0,15836.37,1399.14,3646.46,68312.85,0,18946.47,0,0,91019.46,0,0,0,2486.58,2424.33,0,21998.04,24384.33,63.92,1858.06,14327.3,0,0,0,0
2006-03-01 08:00:00,0,1796.2,0,297.84,11402.48,5572.83,6560.22,0,0,1734.39,11302.43,204.84,0,16479.07,1552.99,3868.62,71649.4,0,19837.39,0,0,95559.32,0,0,0,2647.66,2520.65,0,23946.44,25211.09,65.31,2005.88,15675.37,0,0,0,0
2006-03-01 09:00:00,0,1884.15,0,305.21,11154.59,5557.03,6480.2,0,0,1784.8,11755.7,201.04,0,16386.45,1442.21,3950.05,75388.92,0,19944.82,0,0,95611.98,0,0,0,2594.57,2488.24,0,23124.94,26861.8,66.7,2069.06,15776.94,0,0,0,0
2006-03-01 10:00:00,0,1845.85,0,296.95,10826.62,5485.4,6194.7,0,0,1806.7,12063.7,192.34,0,16089.36,1372.81,3941.51,75781.4,0,19871.69,0,0,93707.48,0,0,0,2508.81,2353.19,0,22523.18,27469.59,67.08,2117.09,15797.46,0,0,0,0
2006-03-01 11:00:00,0,1797.17,0,294.3,10610.5,5368.97,5891.77,0,0,1789.53,12354.96,182.48,0,15849.49,1300.58,3882.89,75447.11,0,19733.13,0,0,91415.27,0,0,0,2435.87,2248.87,0,22122.62,27903.07,66.94,2118.0,15586.2,0,0,0,0
2006-03-01 12:00:00,0,1770.37,0,292.26,10614.03,5262.59,5734.15,0,0,1819.54,12791.18,177.07,0,15629.71,1252.62,3832.77,74880.87,0,19586.33,0,0,89549.88,0,0,0,2392.8,2221.12,0,22059.22,28012.13,67.0,2108.71,15569.62,0,0,0,0
2006-03-01 13:00:00,0,1781.37,0,293.38,10706.37,5197.56,5784.87,0,0,1838.43,13109.76,174.58,0,15379.75,1254.74,3819.98,74382.39,0,19383.02,0,0,87871.93,0,0,0,2390.2,2274.97,0,22222.67,28284.8,68.03,2115.67,15578.08,0,0,0,0
2006-03-01 14:00:00,0,1815.02,0,297.16,10790.59,5304.36,5874.3,0,0,1845.63,13343.08,176.63,0,15171.25,1267.43,3822.09,73698.72,0,19133.44,0,0,85769.16,0,0,0,2438.01,2321.22,0,22500.08,28512.06,68.52,2152.44,15560.08,0,0,0,0
2006-03-01 15:00:00,0,1839.76,0,303.8,10918.26,5419.61,5935.52,0,0,1864.86,13700.82,186.3,0,15067.54,1303.17,3858.07,72976.93,0,19049.06,0,0,84146.91,0,0,0,2476.13,2360.35,0,22576.2,28564.67,68.77,2199.23,15539.81,0,0,0,0
2006-03-01 16:00:00,0,1877.79,0,306.32,10834.19,5540.57,5981.13,0,0,1931.99,14144.84,201.1,0,15197.29,1359.12,3925.53,72606.09,0,19065.39,0,0,82755.52,0,0,0,2494.55,2388.88,0,22454.68,28234.16,69.09,2262.93,15613.72,0,0,0,0
2006-03-01 17:00:00,0,1924.8,0,301.19,10826.95,5937.24,6083.41,0,0,2031.2,14560.66,215.26,0,15448.17,1400.21,3899.17,72229.64,0,19210.22,0,0,83036.52,0,0,0,2511.68,2378.12,0,22239.83,27891.2,69.23,2355.24,15749.98,0,0,0,0
2006-03-01 18:00:00,0,1951.68,0,295.15,10722.32,5991.19,6060.23,0,0,2037.25,14221.17,215.77,0,16595.65,1389.37,3775.27,72017.26,0,20142.31,0,0,86868.33,0,0,0,2486.39,2334.74,0,22200.17,27276.03,69.01,2403.05,16017.2,0,0,0,0
2006-03-01 19:00:00,0,2031.97,0,309.13,11461.87,6190.55,6607.75,0,0,2204.8,14999.32,229.25,0,17319.85,1518.93,3923.71,73502.84,0,20427.43,0,0,92132.15,0,0,0,2638.85,2580.78,0,23089.98,28088.99,73.63,2551.02,16484.94,0,0,0,0
2006-03-01 20:00:00,0,1989.16,0,298.71,11288.1,5911.89,6235.75,0,0,2012.88,13676.12,217.61,0,16455.28,1411.27,3732.77,72918.84,0,19833.11,0,0,89249.17,0,0,0,2607.79,2479.22,0,23262.62,28294.74,70.93,2338.51,16523.05,0,0,0,0
2006-03-01 21:00:00,0,1990.02,0,285.3,11095.01,5553.35,5910.92,0,0,1843.84,12661.41,212.14,0,15584.24,1325.43,3603.41,72532.18,0,19268.5,0,0,86500.85,0,0,0,2540.64,2387.37,0,23193.86,28409.93,68.83,2151.75,16755.04,0,0,0,0
2006-03-01 22:00:00,0,1971.14,0,266.36,10345.74,5065.06,5586.14,0,0,1700.17,11567.08,197.32,0,14716.15,1241.39,3482.02,70450.86,0,18317.56,0,0,83603.28,0,0,0,2399.04,2275.53,0,22044.32,27812.55,66.99,1985.19,15948.22,0,0,0,0
2006-03-01 23:00:00,0,1852.33,0,246.57,9593.78,4583.27,5249.63,0,0,1580.75,10533.81,181.93,0,13883.09,1169.09,3367.56,68119.32,0,17431.23,0,0,81023.74,0,0,0,2259.42,2166.6,0,21008.83,26560.03,65.02,1846.74,15016.06,0,0,0,0
2006-03-02 00:00:00,0,1757.48,0,225.63,8941.21,4166.48,4912.54,0,0,1470.4,9635.74,167.81,0,13179.9,1108.34,3259.92,65946.14,0,16521.15,0,0,79349.79,0,0,0,2139.91,2058.24,0,19867.72,25400.98,63.81,1712.87,14097.77,0,0,0,0
2006-03-02 01:00:00,0,1670.31,0,207.25,8419.32,3834.49,4600.8,0,0,1370.99,8766.89,153.08,0,12752.79,1071.83,3161.68,63727.99,0,15742.16,0,0,77487.29,0,0,0,2028.4,1950.11,0,18740.37,24317.62,63.43,1598.62,13238.45,0,0,0,0
2006-03-02 02:00:00,0,1612.81,0,192.97,8143.28,3619.94,4395.93,0,0,1283.02,7951.57,141.83,0,12745.98,1052.15,3066.32,61636.1,0,15238.49,0,0,76096.92,0,0,0,1980.86,1865.5,0,17969.48,23376.79,62.8,1508.77,12588.66,0,0,0,0
2006-03-02 03:00:00,0,1628.71,0,191.84,8097.38,3723.81,4402.92,0,0,1285.28,8020.46,143.35,0,12971.63,1090.01,2983.18,60338.78,0,15220.8,0,0,77184.82,0,0,0,1968.05,1857.41,0,17845.32,22839.44,61.91,1514.63,12270.55,0,0,0,0
2006-03-02 04:00:00,0,1709.07,0,202.08,8417.68,4031.91,4679.56,0,0,1355.33,8470.17,150.41,0,13336.71,1158.38,3016.48,61922.09,0,15597.91,0,0,79753.83,0,0,0,2006.25,1910.37,0,18307.83,23163.72,61.92,1590.12,12315.46,0,0,0,0
2006-03-02 05:00:00,0,1820.94,0,213.62,8972.51,4338.07,4964.43,0,0,1430.48,8900.68,154.96,0,13663.38,1229.56,3136.46,63865.0,0,16185.0,0,0,82482.88,0,0,0,2078.0,1966.92,0,18816.93,23978.69,63.19,1675.03,12803.18,0,0,0,0
2006-03-02 06:00:00,0,1949.43,0,226.19,9526.16,4625.43,5260.95,0,0,1500.03,9310.78,160.14,0,14021.73,1292.85,3259.59,65632.96,0,16782.83,0,0,84414.3,0,0,0,2170.56,2029.59,0,19477.28,24936.71,64.92,1755.73,13333.68,0,0,0,0
2006-03-02 07:00:00,0,2073.56,0,236.87,10209.82,4911.15,5632.34,0,0,1588.61,9935.79,167.48,0,15214.35,1355.79,3415.6,67293.54,0,18369.14,0,0,87990.57,0,0,0,2287.36,2106.97,0,20124.12,25973.46,67.13,1844.93,13936.3,0,0,0,0
2006-03-02 08:00:00,0,2216.86,0,274.5,10723.56,5482.95,5953.57,0,0,1775.26,11247.36,186.99,0,15664.76,1470.03,3622.97,70562.73,0,19331.9,0,0,92176.66,0,0,0,2473.43,2279.0,0,21912.68,27087.64,70.43,2020.49,15035.44,0,0,0,0
2006-03-02 09:00:00,0,2381.86,0,283.19,10720.37,5383.3,5928.15,0,0,1773.29,11604.92,185.45,0,15410.63,1335.43,3868.75,74651.97,0,19686.67,0,0,92495.23,0,0,0,2500.46,2323.84,0,22208.68,28749.68,74.13,2070.2,15656.24,0,0,0,0
2006-03-02 10:00:00,0,2356.93,0,298.39,10766.15,5320.22,5793.34,0,0,1783.91,12292.92,185.5,0,15270.35,1265.63,3940.94,75944.68,0,19756.4,0,0,92247.74,0,0,0,2482.55,2276.19,0,22237.21,29410.88,75.89,2133.75,15910.11,0,0,0,0
2006-03-02 11:00:00,0,2311.67,0,310.08,10748.49,5372.53,5710.26,0,0,1796.25,12846.64,186.04,0,15279.59,1266.9,3937.86,76198.3,0,19924.87,0,0,91727.42,0,0,0,2449.03,2237.11,0,22289.08,29556.67,76.51,2179.18,15955.27,0,0,0,0
2006-03-02 12:00:00,0,2233.44,0,327.24,10811.57,5496.91,5796.27,0,0,1840.16,13440.23,192.88,0,15182.25,1320.93,3895.34,75826.55,0,19952.4,0,0,90688.49,0,0,0,2450.58,2227.81,0,22394.74,29424.03,75.07,2219.5,15905.02,0,0,0,0
2006-03-02 13:00:00,0,2168.44,0,344.04,10890.55,5744.02,5974.79,0,0,1913.03,14104.97,201.32,0,15102.55,1399.56,3842.71,75519.33,0,19893.06,0,0,89903.15,0,0,0,2470.16,2269.01,0,22608.47,29223.7,74.48,2284.69,15799.16,0,0,0,0
2006-03-02 14:00:00,0,2111.39,0,354.15,10768.11,6005.6,6081.73,0,0,1987.36,14784.8,208.1,0,15053.81,1471.4,3778.73,75412.22,0,20065.15,0,0,89447.88,0,0,0,2494.7,2318.81,0,22770.91,28930.8,73.1,2395.22,15536.15,0,0,0,0
2006-03-02 15:00:00,0,2074.58,0,354.52,10671.85,6282.9,6092.69,0,0,2087.49,15426.09,214.5,0,15060.02,1531.03,3709.58,74646.64,0,20201.53,0,0,89535.47,0,0,0,2483.43,2333.32,0,22804.39,28581.77,71.85,2493.34,15289.69,0,0,0,0
2006-03-02 16:00:00,0,2053.77,0,350.07,10560.09,6505.42,6162.45,0,0,2175.5,15875.06,222.74,0,15128.27,1563.21,3676.44,73721.77,0,20389.7,0,0,89259.77,0,0,0,2483.61,2361.4,0,22633.81,28293.98,72.17,2540.06,15233.26,0,0,0,0
2006-03-02 17:00:00,0,2094.86,0,341.96,10343.52,6675.94,6194.96,0,0,2239.15,16056.83,228.06,0,15411.52,1565.79,3701.0,73106.28,0,20552.13,0,0,89779.84,0,0,0,2498.36,2361.58,0,22587.72,28149.5,71.26,2578.59,15403.12,0,0,0,0
2006-03-02 18:00:00,0,2138.8,0,329.63,10349.24,6501.31,6097.06,0,0,2219.86,15458.65,228.46,0,15869.58,1527.54,3706.76,73228.78,0,20806.45,0,0,90727.17,0,0,0,2538.71,2377.07,0,22512.45,27893.76,72.34,2559.11,15473.03,0,0,0,0
2006-03-02 19:00:00,0,2269.04,0,340.97,11299.0,6751.49,6761.42,0,0,2347.0,15732.65,244.61,0,16202.66,1647.81,3978.64,75326.54,0,20911.07,0,0,94941.34,0,0,0,2706.03,2597.35,0,23660.18,27888.07,73.82,2687.35,16356.92,0,0,0,0
2006-03-02 20:00:00,0,2367.34,0,324.7,11220.3,6426.6,6363.36,0,0,2149.89,14446.12,239.59,0,15375.39,1527.88,3927.78,75228.3,0,20358.22,0,0,92370.42,0,0,0,2681.22,2518.23,0,23566.49,28852.93,73.44,2507.42,16784.35,0,0,0,0
2006-03-02 21:00:00,0,2463.04,0,309.98,10831.61,6084.52,6024.53,0,0,1968.17,13374.83,235.95,0,14535.93,1417.04,3884.09,74881.81,0,19608.28,0,0,89183.33,0,0,0,2597.82,2392.55,0,23240.8,29635.8,72.88,2329.07,17150.19,0,0,0,0
2006-03-02 22:00:00,0,2440.49,0,283.63,10092.15,5478.95,5676.35,0,0,1796.39,12301.98,218.48,0,13784.37,1330.02,3835.24,72931.97,0,18405.78,0,0,86185.48,0,0,0,2437.59,2271.06,0,22040.35,29120.07,72.79,2138.67,16522.03,0,0,0,0
2006-03-02 23:00:00,0,2356.8,0,258.83,9479.34,4912.65,5339.65,0,0,1636.89,11240.68,200.9,0,13016.21,1244.54,3811.88,71100.92,0,17395.79,0,0,83301.55,0,0,0,2273.56,2155.26,0,20913.83,28165.97,71.69,1965.92,15815.74,0,0,0,0
2006-03-03 00:00:00,0,2291.81,0,235.66,9011.3,4370.16,5005.67,0,0,1489.61,10227.97,182.94,0,12439.02,1149.49,3769.67,69109.89,0,16486.9,0,0,80951.52,0,0,0,2142.6,2048.14,0,19764.41,27223.83,71.94,1808.0,15329.39,0,0,0,0
2006-03-03 01:00:00,0,2227.71,0,214.53,8635.69,3859.61,4773.21,0,0,1356.47,9249.58,165.58,0,12018.08,1061.36,3728.83,66982.27,0,15885.06,0,0,79417.25,0,0,0,2022.25,1947.8,0,18679.73,26328.21,71.61,1670.18,14944.51,0,0,0,0
2006-03-03 02:00:00,0,2226.43,0,196.65,8692.4,3503.17,4598.59,0,0,1251.6,8319.78,151.05,0,12107.45,992.56,3646.08,64944.88,0,15381.46,0,0,78384.52,0,0,0,1979.95,1869.71,0,18000.84,25431.66,72.19,1557.63,14635.71,0,0,0,0
2006-03-03 03:00:00,0,2327.5,0,191.57,8982.27,3477.86,4670.69,0,0,1232.46,8163.16,141.17,0,12344.83,961.51,3599.74,64504.64,0,15407.04,0,0,78851.91,0,0,0,1978.73,1883.92,0,18006.42,25425.74,73.27,1555.91,14693.14,0,0,0,0
2006-03-03 04:00:00,0,2463.85,0,199.89,9638.36,3699.88,5081.06,0,0,1298.26,8523.38,145.74,0,12846.12,1002.63,3718.57,66321.57,0,15944.8,0,0,81786.73,0,0,0,2052.2,1990.46,0,18738.63,25975.66,76.25,1628.94,15359.2,0,0,0,0
2006-03-03 05:00:00,0,2600.06,0,211.86,10481.99,3933.2,5547.2,0,0,1361.84,8905.67,150.67,0,13305.4,1051.33,3896.32,68251.67,0,16698.06,0,0,85037.79,0,0,0,2180.27,2114.78,0,19523.74,26935.71,80.07,1689.6,15893.26,0,0,0,0
2006-03-03 06:00:00,0,2723.68,0,222.17,11364.5,4153.66,6193.83,0,0,1420.64,9321.88,155.96,0,13789.82,1100.38,4068.47,70311.65,0,17415.97,0,0,88171.56,0,0,0,2308.8,2269.94,0,20610.79,27974.22,82.98,1734.97,16662.92,0,0,0,0
2006-03-03 07:00:00,0,2846.66,0,235.44,12267.38,4378.82,6908.99,0,0,1494.97,9867.65,161.58,0,15135.51,1146.3,4253.85,72414.32,0,19175.91,0,0,92807.02,0,0,0,2478.98,2461.78,0,21757.81,29017.8,86.15,1780.18,17474.78,0,0,0,0
2006-03-03 08:00:00,0,2979.49,0,269.01,13352.48,4863.51,7579.93,0,0,1674.07,11141.94,173.17,0,15860.99,1235.88,4604.31,76734.96,0,20219.71,0,0,99022.72,0,0,0,2689.34,2622.47,0,24486.99,30146.18,89.15,1933.93,19082.71,0,0,0,0
2006-03-03 09:00:00,0,3035.96,0,281.35,13428.77,5217.33,7766.72,0,0,1772.5,12241.28,184.98,0,15846.85,1263.1,4692.1,80027.85,0,20376.55,0,0,98964.59,0,0,0,2676.34,2694.53,0,25206.19,31762.6,92.86,2146.0,19597.55,0,0,0,0
2006-03-03 10:00:00,0,2868.51,0,294.18,12789.49,5389.87,7497.21,0,0,1847.78,12974.86,188.45,0,15591.58,1277.46,4618.77,79610.63,0,20288.15,0,0,96381.0,0,0,0,2665.3,2698.5,0,24799.62,32023.19,92.34,2233.02,19339.71,0,0,0,0
2006-03-03 11:00:00,0,2695.1,0,297.98,12091.02,5535.67,7057.29,0,0,1913.04,13638.28,185.09,0,15397.35,1270.64,4428.57,78363.68,0,20047.53,0,0,93502.97,0,0,0,2629.32,2626.35,0,24491.34,31563.76,89.17,2303.62,18936.01,0,0,0,0
2006-03-03 12:00:00,0,2560.36,0,290.75,11640.94,5705.42,6639.34,0,0,1987.55,14347.9,184.8,0,15283.65,1278.0,4297.67,77268.26,0,19853.26,0,0,91241.79,0,0,0,2587.81,2559.4,0,23905.29,30980.96,86.35,2385.13,18233.66,0,0,0,0
2006-03-03 13:00:00,0,2423.01,0,287.16,11252.53,5969.45,6326.46,0,0,2083.87,15107.35,186.85,0,15087.23,1291.74,4182.26,76243.58,0,19776.04,0,0,89312.76,0,0,0,2513.21,2478.03,0,23281.54,30366.85,83.74,2461.65,17576.12,0,0,0,0
2006-03-03 14:00:00,0,2287.77,0,283.94,10895.63,6233.54,6031.15,0,0,2187.02,15798.17,193.12,0,15022.95,1304.05,4076.52,75149.94,0,19794.94,0,0,87957.52,0,0,0,2477.64,2427.26,0,22730.05,29802.24,81.42,2567.55,16877.82,0,0,0,0
2006-03-03 15:00:00,0,2161.48,0,293.1,10609.73,6421.99,5791.21,0,0,2285.99,16325.8,199.69,0,15037.75,1329.12,4009.35,74090.36,0,19903.71,0,0,86987.13,0,0,0,2429.31,2382.03,0,22310.28,29110.14,79.17,2656.9,16554.15,0,0,0,0
2006-03-03 16:00:00,0,2064.63,0,298.17,10497.99,6515.08,5721.38,0,0,2335.74,16654.18,211.87,0,15189.5,1369.51,3962.6,73056.02,0,20214.53,0,0,86451.94,0,0,0,2439.56,2358.41,0,22264.71,28494.78,77.26,2699.24,16436.55,0,0,0,0
2006-03-03 17:00:00,0,2031.29,0,298.24,10528.36,6642.08,5902.3,0,0,2334.99,16564.64,222.18,0,15690.11,1397.19,3924.04,72482.61,0,20656.0,0,0,86876.49,0,0,0,2417.17,2344.18,0,22346.63,27846.17,76.05,2732.0,16530.13,0,0,0,0
2006-03-03 18:00:00,0,2072.15,0,290.68,10964.35,6522.12,6308.07,0,0,2294.64,15715.92,221.1,0,16554.23,1394.66,3941.17,72254.32,0,21311.46,0,0,89406.96,0,0,0,2425.44,2419.05,0,22633.54,27388.82,75.22,2688.06,16607.43,0,0,0,0
2006-03-03 19:00:00,0,2120.1,0,288.12,11291.35,6303.72,6944.59,0,0,2281.49,15534.16,224.52,0,17030.95,1429.15,3985.76,72492.2,0,21031.78,0,0,94813.61,0,0,0,2600.83,2607.5,0,22324.16,27277.82,70.81,2629.71,16341.5,0,0,0,0
2006-03-03 20:00:00,0,2251.23,0,281.68,11529.38,5955.46,6841.22,0,0,2100.43,14121.68,210.49,0,16378.29,1361.29,3975.51,73289.94,0,20630.37,0,0,93416.48,0,0,0,2638.32,2665.11,0,23161.93,28135.96,70.92,2444.34,17130.09,0,0,0,0
2006-03-03 21:00:00,0,2380.14,0,276.77,11590.63,5623.58,6708.94,0,0,1937.92,13019.86,201.42,0,15646.18,1294.36,3955.78,73677.62,0,20120.6,0,0,91597.33,0,0,0,2662.66,2645.52,0,23348.15,28297.21,70.51,2258.8,17771.96,0,0,0,0
2006-03-03 22:00:00,0,2416.51,0,259.33,11209.71,5087.19,6610.72,0,0,1782.66,12119.79,192.07,0,14860.47,1226.94,3913.94,72581.12,0,19234.7,0,0,89197.41,0,0,0,2540.89,2579.14,0,22691.59,28097.43,70.05,2086.75,17532.06,0,0,0,0
2006-03-03 23:00:00,0,2344.33,0,241.12,10893.96,4610.87,6518.28,0,0,1634.9,11266.36,175.11,0,14092.62,1162.21,3858.72,70795.71,0,18292.7,0,0,86441.63,0,0,0,2432.61,2527.69,0,22061.31,27455.22,69.43,1939.62,17109.15,0,0,0,0
2006-03-04 00:00:00,0,2266.07,0,225.03,10646.41,4193.18,6449.93,0,0,1492.06,10355.31,160.66,0,13352.05,1091.09,3783.94,68856.86,0,17344.44,0,0,83651.04,0,0,0,2365.01,2493.69,0,21472.1,26696.98,68.78,1783.27,16684.28,0,0,0,0
2006-03-04 01:00:00,0,2195.61,0,212.41,10506.43,3836.18,6415.23,0,0,1369.47,9465.29,147.47,0,12682.93,1043.06,3762.68,67099.57,0,16438.41,0,0,81460.02,0,0,0,2306.7,2468.38,0,21240.32,25945.32,68.11,1637.55,16332.94,0,0,0,0
2006-03-04 02:00:00,0,2162.57,0,202.86,10481.96,3582.97,6534.38,0,0,1283.3,8716.41,137.84,0,12284.02,1002.45,3763.09,65874.29,0,15617.2,0,0,79370.0,0,0,0,2297.31,2523.81,0,21032.04,25213.33,68.21,1521.99,16412.06,0,0,0,0
2006-03-04 03:00:00,0,2182.11,0,197.86,10585.48,3395.52,6715.59,0,0,1226.54,8263.8,133.45,0,12231.35,993.49,3745.44,65453.26,0,15198.21,0,0,78139.15,0,0,0,2335.56,2649.72,0,21302.86,24767.2,68.2,1471.85,16611.77,0,0,0,0
2006-03-04 04:00:00,0,2215.09,0,197.87,10894.28,3390.88,6968.64,0,0,1218.97,8159.2,134.99,0,12298.4,1020.02,3737.94,65219.09,0,15074.32,0,0,78217.74,0,0,0,2427.72,2808.01,0,21683.98,24539.76,68.22,1471.43,16898.48,0,0,0,0
2006-03-04 05:00:00,0,2274.88,0,205.41,11269.51,3468.14,7289.12,0,0,1239.24,8150.19,142.03,0,12397.57,1069.96,3797.98,66186.11,0,15314.32,0,0,78973.12,0,0,0,2558.2,2957.91,0,22386.87,24751.7,68.48,1523.79,17287.05,0,0,0,0
2006-03-04 06:00:00,0,2337.06,0,214.12,11738.02,3640.15,7633.48,0,0,1275.14,8356.71,149.92,0,12501.38,1074.09,3892.5,67292.38,0,15575.16,0,0,80084.22,0,0,0,2699.93,3083.11,0,23116.7,25193.76,68.99,1592.51,17716.88,0,0,0,0
2006-03-04 07:00:00,0,2396.6,0,224.06,12197.57,3843.09,7941.21,0,0,1323.62,8771.88,156.6,0,12905.08,1102.62,3995.06,68414.23,0,16208.87,0,0,81792.67,0,0,0,2839.17,3199.24,0,23837.44,25583.14,70.1,1647.7,18119.75,0,0,0,0
2006-03-04 08:00:00,0,2458.2,0,246.5,12597.11,4403.9,7922.47,0,0,1496.24,10017.9,169.47,0,13326.63,1182.32,4088.11,70035.95,0,17010.11,0,0,85219.78,0,0,0,2866.24,3292.23,0,25259.12,26000.35,72.04,1755.69,19103.7,0,0,0,0
2006-03-04 09:00:00,0,2593.86,0,259.79,12335.6,4765.59,7762.78,0,0,1647.31,11151.02,171.61,0,13391.1,1263.82,4152.06,72129.39,0,17250.3,0,0,85992.86,0,0,0,2839.06,3249.93,0,25226.39,26550.76,72.9,1851.68,19043.4,0,0,0,0
2006-03-04 10:00:00,0,2616.81,0,269.76,11820.91,5022.47,7319.26,0,0,1716.94,12073.95,171.42,0,13319.65,1331.33,4056.76,72533.24,0,17323.56,0,0,84472.52,0,0,0,2738.81,3075.67,0,24798.19,27128.85,72.62,1959.75,18372.58,0,0,0,0
2006-03-04 11:00:00,0,2617.24,0,266.79,11260.37,5177.75,6904.94,0,0,1768.02,12917.93,172.19,0,13158.06,1362.18,3869.1,71568.14,0,17298.45,0,0,82800.77,0,0,0,2648.32,2894.95,0,24190.37,27489.13,72.52,2041.52,17625.26,0,0,0,0
2006-03-04 12:00:00,0,2599.41,0,263.69,10669.58,5224.39,6440.83,0,0,1820.25,13584.29,172.48,0,13038.17,1376.44,3703.31,70575.95,0,17201.23,0,0,81148.92,0,0,0,2557.8,2727.81,0,23391.02,27782.83,71.92,2120.82,16879.31,0,0,0,0
2006-03-04 13:00:00,0,2567.17,0,262.1,10176.2,5226.73,6033.6,0,0,1835.49,13835.52,172.9,0,12975.78,1379.21,3593.68,69784.18,0,17126.76,0,0,79589.47,0,0,0,2463.09,2600.71,0,22753.47,27703.81,71.18,2201.72,16219.61,0,0,0,0
2006-03-04 14:00:00,0,2509.25,0,256.55,9745.66,5170.22,5781.35,0,0,1822.71,13786.9,170.71,0,12991.52,1354.61,3514.91,68910.24,0,17005.19,0,0,77968.32,0,0,0,2371.91,2514.83,0,22063.28,27342.08,70.07,2249.47,15680.12,0,0,0,0
2006-03-04 15:00:00,0,2462.29,0,253.15,9330.34,5152.05,5537.07,0,0,1818.58,13710.57,169.38,0,13029.93,1327.83,3454.6,68242.09,0,16887.81,0,0,76595.37,0,0,0,2279.17,2443.57,0,21584.18,26964.99,69.16,2288.24,15198.62,0,0,0,0
2006-03-04 16:00:00,0,2437.66,0,248.25,9111.09,5299.56,5406.19,0,0,1812.12,13629.81,173.54,0,12871.02,1287.24,3395.96,68008.61,0,16970.73,0,0,75847.91,0,0,0,2204.28,2366.17,0,21087.5,26694.32,68.29,2321.74,15261.61,0,0,0,0
2006-03-04 17:00:00,0,2416.21,0,252.83,8956.79,5446.58,5456.52,0,0,1817.24,13629.15,182.13,0,13416.52,1270.29,3399.23,67899.88,0,17338.14,0,0,76185.7,0,0,0,2213.21,2315.08,0,20735.19,26304.28,67.69,2351.64,15651.01,0,0,0,0
2006-03-04 18:00:00,0,2407.98,0,247.87,9523.26,5344.14,5930.54,0,0,1797.43,13430.52,189.15,0,14263.79,1242.21,3550.29,67796.56,0,17937.53,0,0,79304.92,0,0,0,2276.36,2384.39,0,20170.69,26033.56,67.72,2295.68,15716.01,0,0,0,0
2006-03-04 19:00:00,0,2258.81,0,288.49,11494.99,5710.81,7279.97,0,0,1968.15,13990.44,203.44,0,16187.43,1461.23,4143.95,72561.33,0,19766.38,0,0,91659.6,0,0,0,2716.98,2766.0,0,22495.26,27274.3,70.14,2504.8,16916.72,0,0,0,0
2006-03-04 20:00:00,0,2304.47,0,285.21,11812.21,5528.89,7176.49,0,0,1848.89,13067.15,200.62,0,15539.35,1426.45,4098.55,72998.56,0,19302.2,0,0,90116.26,0,0,0,2751.72,2816.73,0,23452.74,27857.18,69.51,2289.5,17526.61,0,0,0,0
2006-03-04 21:00:00,0,2379.16,0,279.62,11942.19,5351.01,6976.95,0,0,1731.63,12183.2,200.85,0,14854.98,1393.33,4052.89,73240.92,0,18791.81,0,0,88271.17,0,0,0,2766.58,2805.51,0,23921.56,27699.73,68.57,2088.04,18101.08,0,0,0,0
2006-03-04 22:00:00,0,2390.33,0,263.6,11567.74,4903.89,6855.56,0,0,1633.44,11327.73,193.8,0,14142.45,1350.31,3984.02,71856.05,0,18019.48,0,0,86052.91,0,0,0,2659.64,2748.12,0,23441.12,27071.32,67.37,1915.42,17614.82,0,0,0,0
2006-03-04 23:00:00,0,2286.55,0,249.19,11269.77,4485.77,6808.72,0,0,1526.89,10496.19,182.28,0,13423.59,1308.53,3893.63,69828.28,0,17200.87,0,0,83956.96,0,0,0,2552.94,2683.27,0,22845.8,26184.33,66.17,1786.15,17061.56,0,0,0,0
2006-03-05 00:00:00,0,2188.12,0,236.06,11016.52,4103.36,6738.64,0,0,1426.91,9696.16,170.87,0,12769.33,1284.99,3799.86,67653.66,0,16426.34,0,0,81781.17,0,0,0,2467.66,2637.25,0,22217.4,25389.38,65.05,1665.36,16564.17,0,0,0,0
2006-03-05 01:00:00,0,2093.61,0,224.1,10786.68,3778.98,6704.86,0,0,1347.72,8922.65,162.25,0,12161.75,1263.36,3752.93,65518.48,0,15687.28,0,0,79752.23,0,0,0,2431.57,2621.18,0,21690.94,24505.15,64.02,1565.73,16100.76,0,0,0,0
2006-03-05 02:00:00,0,2019.26,0,222.9,10620.59,3574.96,6735.87,0,0,1289.7,8334.83,156.8,0,11857.73,1239.55,3730.56,64237.84,0,15065.58,0,0,78520.07,0,0,0,2454.82,2705.36,0,21365.96,23745.23,63.68,1507.15,16009.57,0,0,0,0
2006-03-05 03:00:00,0,1992.5,0,220.92,10627.34,3546.48,6821.37,0,0,1247.96,8036.9,153.55,0,11767.1,1245.76,3719.23,63222.9,0,14881.85,0,0,77916.13,0,0,0,2508.32,2798.44,0,21323.4,23138.96,63.44,1485.58,15986.54,0,0,0,0
2006-03-05 04:00:00,0,2006.62,0,225.4,10864.56,3712.9,7031.32,0,0,1254.8,8109.44,154.78,0,11847.4,1263.77,3738.09,62873.87,0,14864.75,0,0,78308.11,0,0,0,2590.25,2901.5,0,21847.77,23087.11,63.16,1488.82,16216.85,0,0,0,0
2006-03-05 05:00:00,0,2062.83,0,227.96,11280.75,3923.18,7373.27,0,0,1294.18,8261.46,157.58,0,12040.48,1307.47,3811.11,63617.25,0,15071.8,0,0,79088.06,0,0,0,2695.04,3004.48,0,22625.03,23214.72,63.8,1549.18,16461.59,0,0,0,0
2006-03-05 06:00:00,0,2120.25,0,238.45,11769.95,4157.69,7696.0,0,0,1346.02,8568.86,162.02,0,12255.86,1350.91,3916.85,64699.34,0,15442.37,0,0,80008.71,0,0,0,2818.96,3108.73,0,23496.3,23519.06,64.51,1609.84,16795.41,0,0,0,0
2006-03-05 07:00:00,0,2162.9,0,255.17,12224.0,4397.74,7966.23,0,0,1408.78,9008.69,166.64,0,12691.16,1384.09,4008.2,65724.95,0,16200.78,0,0,81750.4,0,0,0,2936.79,3205.05,0,24203.11,23893.64,65.41,1674.68,17182.51,0,0,0,0
2006-03-05 08:00:00,0,2237.9,0,277.59,12521.0,4919.85,7800.72,0,0,1544.65,10114.99,178.95,0,13167.66,1434.48,4067.3,67561.36,0,16802.29,0,0,84478.37,0,0,0,2899.93,3234.55,0,25648.82,24473.52,67.13,1813.43,18148.6,0,0,0,0
2006-03-05 09:00:00,0,2385.2,0,282.11,11918.4,5093.61,7463.41,0,0,1622.55,11173.91,170.7,0,13248.48,1367.71,4019.78,69695.01,0,17056.32,0,0,84912.67,0,0,0,2770.56,3125.76,0,25175.51,25140.1,67.65,1898.54,18057.87,0,0,0,0
2006-03-05 10:00:00,0,2376.6,0,276.27,11315.19,5226.91,6940.81,0,0,1663.45,11749.23,170.57,0,13109.85,1313.91,3937.06,70333.95,0,16985.8,0,0,83041.63,0,0,0,2634.46,2939.71,0,24114.93,25478.72,67.03,1992.74,17323.89,0,0,0,0
2006-03-05 11:00:00,0,2325.32,0,270.2,10774.7,5114.9,6475.17,0,0,1667.55,12125.27,168.2,0,12921.77,1287.47,3734.24,70630.95,0,16854.28,0,0,81542.08,0,0,0,2523.21,2740.66,0,23209.85,25815.39,66.24,2032.53,16791.99,0,0,0,0
2006-03-05 12:00:00,0,2221.76,0,269.12,10304.24,5159.12,6060.82,0,0,1706.09,12654.29,167.55,0,12747.36,1282.33,3644.23,70483.93,0,16736.15,0,0,80320.02,0,0,0,2437.88,2589.61,0,22806.62,25651.33,65.09,2055.73,16304.22,0,0,0,0
2006-03-05 13:00:00,0,2114.31,0,264.42,9932.69,5205.44,5819.51,0,0,1718.88,12930.65,165.93,0,12623.82,1278.33,3752.14,70416.42,0,16611.63,0,0,79446.91,0,0,0,2358.71,2497.49,0,22277.2,25393.43,63.26,2088.57,15967.33,0,0,0,0
2006-03-05 14:00:00,0,2058.06,0,261.25,9637.71,5178.85,5747.33,0,0,1707.9,13029.17,163.34,0,12601.07,1256.9,3821.89,70205.44,0,16439.54,0,0,78622.78,0,0,0,2276.42,2429.05,0,21847.28,25272.32,61.78,2122.52,15610.85,0,0,0,0
2006-03-05 15:00:00,0,1957.99,0,261.49,9342.12,5059.34,5676.31,0,0,1708.74,13130.17,164.89,0,12662.1,1223.56,3826.34,70118.36,0,16275.71,0,0,78276.05,0,0,0,2212.7,2386.5,0,21467.62,24872.58,61.29,2154.9,15475.14,0,0,0,0
2006-03-05 16:00:00,0,1919.47,0,255.4,9203.19,5080.38,5662.04,0,0,1718.3,13106.68,172.43,0,12586.76,1182.12,3781.71,70000.43,0,16345.21,0,0,78413.05,0,0,0,2180.85,2332.45,0,21227.95,24708.32,61.06,2142.61,15671.81,0,0,0,0
2006-03-05 17:00:00,0,1900.39,0,253.62,9212.31,5320.36,5599.82,0,0,1800.2,13298.89,184.8,0,13081.29,1182.85,3774.26,68915.57,0,16748.08,0,0,79195.89,0,0,0,2200.02,2340.81,0,20623.02,24336.3,59.59,2163.99,15443.28,0,0,0,0
2006-03-05 18:00:00,0,1860.5,0,256.61,9869.49,5289.23,5933.71,0,0,1801.07,13194.38,190.91,0,14039.23,1182.3,3816.31,68556.57,0,17430.66,0,0,82244.61,0,0,0,2263.21,2316.44,0,20299.7,24249.7,59.35,2144.03,15039.0,0,0,0,0
2006-03-05 19:00:00,0,1983.27,0,312.17,11563.69,6096.74,7294.66,0,0,2105.98,14173.43,225.75,0,16509.58,1491.33,4415.67,75245.73,0,20243.04,0,0,94651.9,0,0,0,2636.06,2633.31,0,22771.23,26342.93,70.98,2549.86,17016.38,0,0,0,0
2006-03-05 20:00:00,0,2021.04,0,300.3,11816.81,5887.39,7144.12,0,0,1956.89,13239.9,216.04,0,15766.14,1416.63,4312.01,74768.26,0,19722.57,0,0,92443.84,0,0,0,2682.13,2646.46,0,23278.34,27142.73,68.18,2338.39,17626.44,0,0,0,0
2006-03-05 21:00:00,0,2083.52,0,287.66,11897.22,5579.34,6947.48,0,0,1819.27,12420.87,210.06,0,14992.3,1342.0,4202.81,74219.74,0,19203.86,0,0,89834.13,0,0,0,2653.02,2618.32,0,23363.85,27643.15,67.3,2156.55,18065.98,0,0,0,0
2006-03-05 22:00:00,0,2062.07,0,265.84,11324.84,5072.9,6703.03,0,0,1699.06,11498.96,195.16,0,14210.79,1265.37,4056.79,71729.87,0,18342.85,0,0,87299.45,0,0,0,2542.15,2526.53,0,22511.8,27221.66,65.81,1995.8,17273.35,0,0,0,0
2006-03-05 23:00:00,0,1976.21,0,246.43,10667.45,4584.46,6428.48,0,0,1577.57,10555.83,179.61,0,13476.95,1189.79,3927.33,69216.48,0,17518.39,0,0,84710.49,0,0,0,2415.23,2423.99,0,21652.45,26138.11,64.61,1845.11,16596.74,0,0,0,0
2006-03-06 00:00:00,0,1904.97,0,228.05,10134.15,4129.98,6145.12,0,0,1459.41,9637.93,164.01,0,12816.95,1116.03,3799.58,66803.18,0,16731.42,0,0,82107.51,0,0,0,2305.79,2329.27,0,20786.56,25026.26,63.31,1710.23,16015.96,0,0,0,0
2006-03-06 01:00:00,0,1841.28,0,212.27,9712.48,3734.24,5881.52,0,0,1353.44,8766.65,148.03,0,12352.11,1057.24,3658.01,64475.79,0,15926.81,0,0,80028.44,0,0,0,2215.51,2246.73,0,19918.7,24024.88,62.86,1579.79,15258.43,0,0,0,0
2006-03-06 02:00:00,0,1849.41,0,198.76,9545.76,3488.13,5822.24,0,0,1264.36,7946.22,136.27,0,12380.17,1022.06,3553.84,62455.14,0,15366.99,0,0,79111.89,0,0,0,2188.61,2273.66,0,19569.54,22969.85,62.66,1491.48,14882.89,0,0,0,0
2006-03-06 03:00:00,0,1937.07,0,198.53,9770.62,3655.67,5923.7,0,0,1281.73,8124.07,138.32,0,12550.52,1054.98,3540.4,61938.83,0,15339.87,0,0,80222.84,0,0,0,2243.01,2348.93,0,19945.14,22971.96,63.82,1513.87,14646.82,0,0,0,0
2006-03-06 04:00:00,0,2052.72,0,208.72,10124.16,3959.33,6141.64,0,0,1344.2,8500.46,146.93,0,12918.46,1119.37,3650.67,63307.05,0,15822.53,0,0,82578.37,0,0,0,2349.72,2416.15,0,20586.11,23313.32,66.32,1599.22,14835.38,0,0,0,0
2006-03-06 05:00:00,0,2186.81,0,220.49,10719.46,4260.94,6479.28,0,0,1407.87,8900.53,155.42,0,13285.53,1175.75,3769.21,65175.03,0,16470.79,0,0,84707.56,0,0,0,2459.9,2481.51,0,21252.29,24291.77,69.23,1682.13,15157.12,0,0,0,0
2006-03-06 06:00:00,0,2317.37,0,233.46,11305.32,4554.52,6883.02,0,0,1467.44,9338.16,164.18,0,13676.04,1232.92,3908.8,66921.37,0,17129.88,0,0,87125.07,0,0,0,2553.05,2529.38,0,21767.0,25338.03,72.76,1756.38,15524.92,0,0,0,0
2006-03-06 07:00:00,0,2434.09,0,248.64,11904.22,4889.4,7225.57,0,0,1555.53,9979.91,171.98,0,15185.14,1305.16,4055.61,68717.45,0,18967.24,0,0,91334.78,0,0,0,2665.55,2590.78,0,22389.34,26372.29,76.1,1847.66,15890.38,0,0,0,0
2006-03-06 08:00:00,0,2574.05,0,298.53,12755.16,5576.24,7520.45,0,0,1740.73,11259.77,190.96,0,15579.5,1446.27,4243.05,72459.94,0,19617.74,0,0,96262.39,0,0,0,2755.21,2637.71,0,24249.49,27603.22,79.42,1988.51,16926.89,0,0,0,0
2006-03-06 09:00:00,0,2576.64,0,295.86,12858.2,5485.35,7527.37,0,0,1792.58,11881.53,187.27,0,15292.75,1359.36,4322.68,75711.4,0,19769.2,0,0,96543.89,0,0,0,2744.93,2630.43,0,23998.66,28727.87,79.93,2052.98,17191.92,0,0,0,0
2006-03-06 10:00:00,0,2370.83,0,298.29,12517.33,5524.21,7376.32,0,0,1827.27,12297.96,185.86,0,14901.49,1344.2,4315.36,76106.28,0,19622.19,0,0,95420.62,0,0,0,2705.84,2635.13,0,23492.26,28764.6,76.46,2116.86,17127.15,0,0,0,0
2006-03-06 11:00:00,0,2220.3,0,298.09,12272.16,5412.72,7227.67,0,0,1821.6,12684.69,178.89,0,14600.88,1294.56,4302.61,75956.84,0,19413.4,0,0,93358.31,0,0,0,2576.58,2564.93,0,22635.44,28479.44,74.21,2127.72,16738.32,0,0,0,0
2006-03-06 12:00:00,0,2109.84,0,292.82,11971.15,5360.69,7055.2,0,0,1852.2,13142.03,177.7,0,14372.14,1270.5,4228.83,75696.98,0,19241.65,0,0,91404.43,0,0,0,2444.91,2434.5,0,22296.06,28177.05,72.16,2168.84,16429.55,0,0,0,0
2006-03-06 13:00:00,0,2003.59,0,292.58,11666.63,5316.1,6857.95,0,0,1880.41,13440.18,176.94,0,14206.01,1277.91,4151.7,75215.56,0,19059.25,0,0,90132.73,0,0,0,2391.49,2342.15,0,22203.78,27930.37,70.99,2243.16,16102.22,0,0,0,0
2006-03-06 14:00:00,0,1893.77,0,305.86,11367.27,5345.94,6631.68,0,0,1912.71,13806.04,181.2,0,14189.06,1298.54,4082.5,74704.57,0,19015.26,0,0,89649.58,0,0,0,2402.81,2324.91,0,22196.95,27608.33,69.56,2284.95,15808.48,0,0,0,0
2006-03-06 15:00:00,0,1796.78,0,317.87,11158.12,5540.15,6463.47,0,0,1964.71,14185.05,189.77,0,14238.67,1346.22,4024.06,73994.37,0,19010.07,0,0,89062.71,0,0,0,2385.61,2302.75,0,22145.03,27213.56,67.98,2344.89,15574.71,0,0,0,0
2006-03-06 16:00:00,0,1737.29,0,327.04,10999.32,5845.79,6424.22,0,0,2052.92,14643.18,202.03,0,14244.37,1413.66,3992.89,73123.36,0,19065.62,0,0,88595.03,0,0,0,2405.68,2260.24,0,21946.83,26797.46,66.79,2428.46,15447.95,0,0,0,0
2006-03-06 17:00:00,0,1735.09,0,330.39,10957.68,6154.17,6462.15,0,0,2116.65,14973.86,213.68,0,14498.21,1438.14,3987.05,72506.84,0,19294.05,0,0,88405.27,0,0,0,2410.22,2250.24,0,21834.43,26481.83,66.36,2506.16,15555.04,0,0,0,0
2006-03-06 18:00:00,0,1781.84,0,323.92,11081.2,6120.58,6619.71,0,0,2124.56,14633.53,218.56,0,15506.23,1430.36,4022.2,72051.3,0,20213.49,0,0,90942.51,0,0,0,2424.21,2286.25,0,21690.14,25987.14,67.76,2487.13,15625.2,0,0,0,0
2006-03-06 19:00:00,0,2010.97,0,338.64,11616.93,6305.12,7113.45,0,0,2223.04,14756.94,233.67,0,16370.72,1567.14,4162.61,73953.08,0,20217.7,0,0,94548.54,0,0,0,2549.64,2534.07,0,23065.19,26541.51,69.6,2632.54,16549.84,0,0,0,0
2006-03-06 20:00:00,0,2125.35,0,313.11,11798.67,6049.85,6963.44,0,0,2029.38,13596.81,223.96,0,15576.16,1458.9,4111.76,73824.27,0,19663.55,0,0,92601.27,0,0,0,2552.07,2498.58,0,23295.32,27401.98,69.82,2441.97,17026.14,0,0,0,0
2006-03-06 21:00:00,0,2244.66,0,302.49,11699.68,5747.7,6748.42,0,0,1868.84,12655.52,219.91,0,14762.39,1366.84,4058.91,73678.34,0,19055.14,0,0,89806.82,0,0,0,2517.82,2455.72,0,23320.24,28190.12,69.83,2246.11,17359.68,0,0,0,0
2006-03-06 22:00:00,0,2245.37,0,280.13,11175.72,5223.16,6505.07,0,0,1741.85,11756.43,204.12,0,13931.69,1268.63,4016.58,71881.09,0,18048.92,0,0,86509.63,0,0,0,2391.47,2350.92,0,22230.17,27878.63,69.59,2068.62,16864.97,0,0,0,0
2006-03-06 23:00:00,0,2174.52,0,255.27,10683.27,4723.7,6272.97,0,0,1614.52,10796.89,187.1,0,13155.22,1171.28,3947.0,69858.74,0,17092.27,0,0,83445.58,0,0,0,2293.29,2251.41,0,21148.86,26836.84,69.44,1919.99,16455.35,0,0,0,0
2006-03-07 00:00:00,0,2109.24,0,229.5,10199.68,4244.87,6107.41,0,0,1481.37,9850.38,169.45,0,12431.99,1075.56,3867.72,67818.57,0,16278.65,0,0,81071.49,0,0,0,2197.46,2161.48,0,20116.11,25849.63,69.46,1784.23,16057.43,0,0,0,0
2006-03-07 01:00:00,0,2026.22,0,208.12,9827.52,3809.11,5961.19,0,0,1357.76,8998.17,156.9,0,12104.66,1017.47,3784.34,65733.65,0,15520.95,0,0,79030.66,0,0,0,2117.06,2100.02,0,19240.1,24789.59,69.45,1657.64,15774.03,0,0,0,0
2006-03-07 02:00:00,0,1984.31,0,191.67,9849.21,3478.35,6064.75,0,0,1257.56,8111.03,141.46,0,12137.39,946.85,3699.57,63730.49,0,14956.69,0,0,77551.57,0,0,0,2096.7,2139.1,0,18632.85,23787.38,69.38,1548.45,15461.09,0,0,0,0
2006-03-07 03:00:00,0,2028.12,0,186.48,10095.45,3473.63,6402.49,0,0,1254.34,8152.3,135.0,0,12347.14,932.58,3657.14,63269.78,0,14967.97,0,0,78001.05,0,0,0,2155.08,2257.18,0,18910.41,23341.63,69.78,1552.12,15633.05,0,0,0,0
2006-03-07 04:00:00,0,2126.3,0,194.91,10582.27,3689.23,6776.67,0,0,1316.96,8502.89,137.96,0,12691.85,954.14,3827.67,64898.05,0,15442.72,0,0,80451.74,0,0,0,2256.76,2354.36,0,19938.0,23569.69,71.59,1616.04,16303.02,0,0,0,0
2006-03-07 05:00:00,0,2228.79,0,206.63,11327.12,3908.8,7160.65,0,0,1371.89,8923.67,140.69,0,13032.09,1033.98,4032.39,66767.65,0,16112.18,0,0,83231.21,0,0,0,2351.5,2460.72,0,21253.95,24255.82,73.33,1677.48,17008.4,0,0,0,0
2006-03-07 06:00:00,0,2312.88,0,221.27,11972.12,4144.93,7454.41,0,0,1430.78,9363.24,147.07,0,13384.71,1090.37,4222.6,68602.86,0,16741.6,0,0,86167.42,0,0,0,2489.78,2576.25,0,22663.47,25110.71,75.28,1735.47,17733.26,0,0,0,0
2006-03-07 07:00:00,0,2382.94,0,233.58,12616.64,4381.22,7664.63,0,0,1519.66,9980.05,153.38,0,14807.85,1153.24,4423.82,70400.48,0,18633.52,0,0,91106.42,0,0,0,2689.6,2729.96,0,24074.88,25965.0,77.45,1771.18,18454.76,0,0,0,0
2006-03-07 08:00:00,0,2470.73,0,278.51,13295.03,4923.03,7806.03,0,0,1671.17,11172.98,173.06,0,15158.96,1336.47,4719.92,74822.23,0,19120.84,0,0,95593.2,0,0,0,2881.99,2897.89,0,26612.84,26983.4,79.76,1894.41,19883.54,0,0,0,0
2006-03-07 09:00:00,0,2538.14,0,295.6,13126.89,5112.81,7549.96,0,0,1681.07,11752.59,178.41,0,14870.26,1401.5,4782.58,77161.84,0,19189.22,0,0,94690.55,0,0,0,2838.88,2934.69,0,26389.69,28633.03,81.46,2019.9,20160.79,0,0,0,0
2006-03-07 10:00:00,0,2427.84,0,296.83,12581.25,5022.32,7194.56,0,0,1696.26,11881.8,173.1,0,14446.0,1420.86,4689.66,76386.84,0,19001.27,0,0,90961.53,0,0,0,2746.31,2824.59,0,25428.27,29108.33,81.02,2048.53,19681.94,0,0,0,0
2006-03-07 11:00:00,0,2340.62,0,294.79,11970.84,4875.77,6779.4,0,0,1676.56,12289.96,173.26,0,14153.89,1388.67,4499.81,75256.56,0,18824.67,0,0,87590.57,0,0,0,2663.01,2687.73,0,24812.07,29349.0,79.45,2017.5,18963.04,0,0,0,0
2006-03-07 12:00:00,0,2267.51,0,289.52,11498.5,4797.6,6306.04,0,0,1656.14,12571.47,175.61,0,13960.27,1364.66,4311.74,74467.94,0,18716.54,0,0,85453.42,0,0,0,2593.56,2584.12,0,24265.33,29313.17,77.96,1996.97,18055.18,0,0,0,0
2006-03-07 13:00:00,0,2184.76,0,281.35,11051.54,4782.22,5942.67,0,0,1648.05,12558.69,174.96,0,13862.37,1355.63,4161.63,73709.1,0,18626.39,0,0,83939.18,0,0,0,2511.4,2472.83,0,23677.99,28973.76,76.28,1993.02,17173.84,0,0,0,0
2006-03-07 14:00:00,0,2123.25,0,275.29,10611.78,4764.55,5681.57,0,0,1633.93,12230.13,172.9,0,13849.62,1341.53,4035.1,73011.53,0,18488.89,0,0,82728.39,0,0,0,2458.0,2381.67,0,23051.39,28703.19,74.51,1991.46,16590.11,0,0,0,0
2006-03-07 15:00:00,0,2082.48,0,272.56,10305.05,4778.96,5499.58,0,0,1624.56,12050.9,173.22,0,13880.81,1338.32,3921.54,72360.88,0,18549.09,0,0,81654.09,0,0,0,2422.79,2323.54,0,22468.13,28445.58,73.06,1985.53,16414.07,0,0,0,0
2006-03-07 16:00:00,0,2052.06,0,275.07,10233.65,4986.94,5492.08,0,0,1667.37,11870.85,178.88,0,13956.54,1348.7,3823.37,72000.12,0,18629.02,0,0,80689.36,0,0,0,2428.1,2300.41,0,22021.9,28186.29,72.63,2001.39,16399.35,0,0,0,0
2006-03-07 17:00:00,0,2026.19,0,277.91,10287.03,5256.31,5682.16,0,0,1731.86,12123.24,186.8,0,14175.75,1364.57,3748.12,71743.61,0,18839.71,0,0,80864.29,0,0,0,2417.99,2318.79,0,22080.2,27793.45,71.23,2080.97,16432.04,0,0,0,0
2006-03-07 18:00:00,0,2032.69,0,276.44,10711.36,5356.35,6200.31,0,0,1811.12,12253.15,196.45,0,15185.85,1359.58,3766.05,72173.71,0,19747.51,0,0,84659.23,0,0,0,2421.57,2413.6,0,21999.53,27449.84,70.69,2175.36,16389.0,0,0,0,0
2006-03-07 19:00:00,0,2128.66,0,298.94,11721.43,5861.22,7317.09,0,0,1974.81,13601.54,216.59,0,16204.26,1509.05,4149.47,74348.1,0,20165.64,0,0,93140.57,0,0,0,2681.69,2667.18,0,23242.44,27798.05,71.52,2417.19,17043.89,0,0,0,0
2006-03-07 20:00:00,0,2161.09,0,294.82,12019.1,5750.43,7302.39,0,0,1860.1,12828.37,211.96,0,15439.95,1452.22,4079.39,73988.75,0,19629.77,0,0,90797.69,0,0,0,2742.1,2742.45,0,23863.85,28431.91,70.09,2224.93,17602.82,0,0,0,0
2006-03-07 21:00:00,0,2213.27,0,285.69,12213.96,5515.42,7247.15,0,0,1755.3,12085.68,210.93,0,14667.58,1377.06,4040.96,73623.28,0,19086.61,0,0,88636.59,0,0,0,2745.71,2762.75,0,24202.87,28657.43,69.44,2075.02,17989.15,0,0,0,0
2006-03-07 22:00:00,0,2180.67,0,268.62,11878.86,5075.7,7146.18,0,0,1657.13,11220.98,199.02,0,13901.35,1304.34,4002.14,71553.58,0,18271.71,0,0,86291.94,0,0,0,2685.61,2747.8,0,23561.14,27981.17,68.63,1949.76,17574.53,0,0,0,0
2006-03-07 23:00:00,0,2070.52,0,250.57,11484.22,4731.83,7054.31,0,0,1564.23,10353.97,186.64,0,13190.79,1228.78,3932.25,69249.06,0,17460.9,0,0,84066.02,0,0,0,2617.22,2718.01,0,22695.17,26705.02,67.26,1843.69,16972.13,0,0,0,0
2006-03-08 00:00:00,0,1946.26,0,235.08,11119.59,4425.91,6928.98,0,0,1472.2,9587.09,172.81,0,12533.39,1166.67,3823.87,66725.86,0,16653.84,0,0,81801.88,0,0,0,2541.97,2686.37,0,21797.19,25429.74,66.39,1757.54,16339.33,0,0,0,0
2006-03-08 01:00:00,0,1820.47,0,220.23,10799.44,4163.05,6770.22,0,0,1397.23,8835.06,160.43,0,12110.73,1106.45,3718.37,64306.22,0,15848.92,0,0,79785.66,0,0,0,2503.95,2698.4,0,20974.67,24218.59,65.68,1690.04,15718.94,0,0,0,0
2006-03-08 02:00:00,0,1701.61,0,208.3,10685.44,4061.53,6864.25,0,0,1346.35,8366.9,153.18,0,12146.7,1074.45,3608.09,61984.43,0,15291.67,0,0,78560.18,0,0,0,2490.9,2766.89,0,20812.48,23112.55,64.71,1622.57,15327.33,0,0,0,0
2006-03-08 03:00:00,0,1626.57,0,213.06,10804.37,4307.42,7120.89,0,0,1390.37,8683.45,163.38,0,12308.26,1108.97,3606.6,60769.67,0,15212.89,0,0,79506.67,0,0,0,2588.9,2893.5,0,21355.54,22474.21,63.81,1653.25,15334.85,0,0,0,0
2006-03-08 04:00:00,0,1649.71,0,233.0,11340.22,4671.05,7513.96,0,0,1472.83,9120.11,173.53,0,12671.7,1209.79,3745.76,61918.12,0,15606.63,0,0,82305.54,0,0,0,2691.03,2986.66,0,22313.67,22498.42,64.93,1756.19,15647.23,0,0,0,0
2006-03-08 05:00:00,0,1703.89,0,251.63,11979.84,4980.12,7851.75,0,0,1557.07,9690.97,185.46,0,13022.62,1288.74,3862.22,63783.1,0,16256.13,0,0,85047.26,0,0,0,2808.82,3080.33,0,23178.63,23046.36,65.93,1860.46,15953.9,0,0,0,0
2006-03-08 06:00:00,0,1750.23,0,271.05,12568.23,5269.52,8221.93,0,0,1629.86,10242.65,191.94,0,13398.85,1373.1,3944.88,65514.83,0,16863.12,0,0,87324.75,0,0,0,2910.73,3155.98,0,24065.81,23749.69,67.4,1978.82,16352.17,0,0,0,0
2006-03-08 07:00:00,0,1807.93,0,290.85,13326.81,5548.74,8546.38,0,0,1712.19,10858.41,200.77,0,14854.36,1439.82,4033.12,67202.45,0,18638.49,0,0,91315.26,0,0,0,3022.87,3243.01,0,24985.08,24482.71,68.91,2092.12,16743.23,0,0,0,0
2006-03-08 08:00:00,0,1879.96,0,323.42,14077.86,6083.25,8654.85,0,0,1861.61,11873.24,208.95,0,15204.08,1521.03,4247.12,70045.74,0,19206.0,0,0,94948.77,0,0,0,3159.63,3303.66,0,26948.04,25316.39,70.15,2190.13,17812.91,0,0,0,0
2006-03-08 09:00:00,0,1993.03,0,306.2,13605.03,5684.85,8152.53,0,0,1841.52,12041.47,190.0,0,14924.44,1407.7,4228.75,73635.07,0,19219.71,0,0,94552.77,0,0,0,2951.15,3039.69,0,25147.11,26952.67,71.15,2123.1,17519.92,0,0,0,0
2006-03-08 10:00:00,0,1992.46,0,301.65,12601.53,5522.52,7255.77,0,0,1836.51,12247.05,185.55,0,14510.22,1374.1,4211.62,75128.69,0,19007.7,0,0,92780.15,0,0,0,2768.32,2797.97,0,23673.43,27564.42,71.53,2111.85,16847.16,0,0,0,0
2006-03-08 11:00:00,0,1968.41,0,295.39,11549.64,5328.98,6600.59,0,0,1820.63,12626.14,177.76,0,14239.19,1330.3,4125.38,75679.38,0,18823.37,0,0,90808.28,0,0,0,2591.19,2576.57,0,22682.55,28107.76,72.41,2077.75,16202.86,0,0,0,0
2006-03-08 12:00:00,0,1912.87,0,288.66,10892.33,5274.35,6169.57,0,0,1848.03,13011.33,174.93,0,14077.03,1317.73,4072.4,75781.14,0,18691.9,0,0,88718.23,0,0,0,2444.56,2386.26,0,22165.78,28363.91,70.71,2074.93,15889.7,0,0,0,0
2006-03-08 13:00:00,0,1800.91,0,282.46,10533.62,5230.44,5787.45,0,0,1861.95,13210.69,174.73,0,14029.93,1311.17,4041.48,75660.94,0,18352.68,0,0,87026.29,0,0,0,2369.5,2292.76,0,22016.15,28430.16,70.47,2093.82,15691.4,0,0,0,0
2006-03-08 14:00:00,0,1754.55,0,279.14,10398.89,5176.42,5558.79,0,0,1868.45,13163.53,176.8,0,13980.73,1302.13,3988.33,75385.95,0,18220.34,0,0,85367.88,0,0,0,2320.69,2228.45,0,21836.45,28499.18,70.75,2126.64,15467.32,0,0,0,0
2006-03-08 15:00:00,0,1763.43,0,278.36,10498.96,5240.05,5423.4,0,0,1869.34,13048.45,180.54,0,13926.4,1300.59,3936.31,74954.9,0,18210.96,0,0,84927.58,0,0,0,2335.11,2218.6,0,21705.67,28397.27,71.01,2195.51,15352.88,0,0,0,0
2006-03-08 16:00:00,0,1803.43,0,282.07,10459.91,5417.62,5559.34,0,0,1890.48,13047.8,193.98,0,13869.39,1335.09,3880.21,74529.6,0,18204.85,0,0,84883.27,0,0,0,2344.49,2217.49,0,21750.91,27993.69,71.05,2260.89,15684.12,0,0,0,0
2006-03-08 17:00:00,0,1843.86,0,282.46,10554.48,5745.58,5823.38,0,0,1927.66,13405.21,209.01,0,14181.37,1350.24,3838.9,74113.36,0,18535.96,0,0,86374.4,0,0,0,2342.74,2252.82,0,21908.53,27776.07,69.89,2355.72,15863.62,0,0,0,0
2006-03-08 18:00:00,0,1866.28,0,279.82,10965.98,5829.79,6203.77,0,0,1953.59,13422.61,214.83,0,15102.53,1365.88,3775.65,73871.56,0,19473.61,0,0,88593.66,0,0,0,2393.83,2337.87,0,21895.37,27592.03,70.26,2388.19,15940.3,0,0,0,0
2006-03-08 19:00:00,0,1953.18,0,299.08,11522.16,6053.69,6751.79,0,0,2081.0,13967.25,228.55,0,15932.37,1499.35,3972.82,74223.1,0,19763.08,0,0,91735.23,0,0,0,2586.97,2563.4,0,23139.85,27884.37,73.76,2545.43,16866.48,0,0,0,0
2006-03-08 20:00:00,0,1982.75,0,295.23,11575.06,5850.03,6555.61,0,0,1926.97,13107.01,221.13,0,15138.86,1422.98,3818.25,73582.87,0,19202.88,0,0,88928.69,0,0,0,2617.35,2552.03,0,23522.33,28294.99,71.79,2321.76,17120.99,0,0,0,0
2006-03-08 21:00:00,0,2011.8,0,286.22,11432.46,5551.53,6305.97,0,0,1797.14,12351.08,216.33,0,14293.01,1346.07,3679.86,72977.2,0,18595.65,0,0,85714.65,0,0,0,2583.51,2502.17,0,23613.86,28406.98,70.2,2129.2,17418.56,0,0,0,0
2006-03-08 22:00:00,0,1959.27,0,267.35,10812.22,5071.18,6009.79,0,0,1685.3,11480.93,198.66,0,13466.07,1265.65,3583.67,70501.41,0,17611.89,0,0,82799.85,0,0,0,2468.16,2400.14,0,22495.45,27603.88,69.01,1962.03,16479.52,0,0,0,0
2006-03-08 23:00:00,0,1815.06,0,248.96,10201.57,4606.8,5699.22,0,0,1576.66,10587.81,182.17,0,12689.77,1184.21,3476.42,67960.33,0,16612.54,0,0,79652.65,0,0,0,2356.55,2295.08,0,21331.78,26179.95,68.24,1823.03,15535.67,0,0,0,0
2006-03-09 00:00:00,0,1673.64,0,231.95,9622.91,4181.09,5405.95,0,0,1474.78,9685.63,166.5,0,11936.28,1102.11,3373.63,65360.32,0,15759.95,0,0,76264.86,0,0,0,2243.67,2183.3,0,20189.4,24942.65,66.31,1687.21,14616.37,0,0,0,0
2006-03-09 01:00:00,0,1538.01,0,215.72,9151.69,3781.94,5117.45,0,0,1379.88,8830.8,150.45,0,11609.9,1040.16,3265.67,62831.96,0,14806.22,0,0,73469.19,0,0,0,2127.59,2070.07,0,19179.21,23776.77,64.95,1558.97,13748.5,0,0,0,0
2006-03-09 02:00:00,0,1447.24,0,204.91,8939.17,3527.54,4869.83,0,0,1295.36,8061.8,137.5,0,11606.95,997.8,3170.11,60576.99,0,14192.78,0,0,71257.38,0,0,0,2061.41,1993.52,0,18509.75,22725.04,63.35,1444.19,13074.8,0,0,0,0
2006-03-09 03:00:00,0,1443.77,0,206.03,9080.26,3617.28,4981.9,0,0,1301.03,8216.7,136.08,0,11805.25,1015.29,3098.41,59035.11,0,14078.94,0,0,70744.43,0,0,0,2077.02,2106.49,0,18588.66,22285.42,59.99,1438.16,12668.62,0,0,0,0
2006-03-09 04:00:00,0,1506.7,0,216.55,9573.4,3904.55,5328.66,0,0,1366.13,8601.96,145.57,0,12172.62,1072.5,3058.68,59911.25,0,14581.4,0,0,72644.07,0,0,0,2177.19,2202.56,0,19166.66,22660.22,60.6,1513.75,12618.62,0,0,0,0
2006-03-09 05:00:00,0,1599.16,0,227.59,10231.37,4185.63,5716.16,0,0,1430.81,9007.73,154.28,0,12559.11,1132.11,3161.32,61732.99,0,15280.41,0,0,74583.84,0,0,0,2275.98,2289.83,0,19954.83,23374.78,62.48,1599.69,13006.91,0,0,0,0
2006-03-09 06:00:00,0,1684.63,0,239.27,10883.36,4477.07,6065.64,0,0,1492.8,9433.26,162.07,0,12895.49,1170.85,3294.76,63441.5,0,15832.82,0,0,76549.18,0,0,0,2366.69,2367.03,0,20850.49,24187.27,64.28,1694.68,13446.01,0,0,0,0
2006-03-09 07:00:00,0,1775.81,0,249.19,11714.17,4819.97,6463.58,0,0,1595.67,10188.41,168.42,0,14021.44,1236.56,3437.44,64845.45,0,17180.0,0,0,80012.03,0,0,0,2493.77,2461.09,0,21693.98,25080.37,65.9,1801.47,13939.57,0,0,0,0
2006-03-09 08:00:00,0,1842.48,0,285.21,11882.41,5344.03,6569.55,0,0,1753.29,11303.52,180.78,0,14681.77,1321.52,3722.32,67417.54,0,18369.25,0,0,84277.79,0,0,0,2595.96,2524.79,0,23454.01,25918.67,65.95,1967.54,15163.52,0,0,0,0
2006-03-09 09:00:00,0,1921.26,0,280.83,11431.58,5261.09,6246.46,0,0,1790.56,11908.39,184.89,0,14741.98,1304.1,3920.01,70642.45,0,18694.53,0,0,84665.35,0,0,0,2551.73,2439.28,0,22831.03,27468.33,67.35,2014.64,15876.48,0,0,0,0
2006-03-09 10:00:00,0,1994.28,0,289.01,10981.2,5126.67,5860.89,0,0,1768.72,12184.52,180.25,0,14684.35,1289.65,3974.21,72493.43,0,18924.94,0,0,84826.64,0,0,0,2492.29,2337.82,0,22251.03,28312.26,69.44,2056.99,16010.99,0,0,0,0
2006-03-09 11:00:00,0,2046.73,0,296.33,10725.29,5018.37,5601.76,0,0,1761.08,12571.78,173.75,0,14643.71,1260.53,3963.04,73854.46,0,18818.93,0,0,84158.35,0,0,0,2427.85,2241.13,0,21775.34,29021.4,71.9,2015.16,15998.49,0,0,0,0
2006-03-09 12:00:00,0,2082.09,0,299.56,10585.0,5058.55,5471.04,0,0,1802.48,13019.97,171.01,0,14602.78,1268.97,3950.0,74735.83,0,19061.17,0,0,83651.12,0,0,0,2373.76,2195.82,0,21755.35,29363.31,73.55,2072.81,15870.05,0,0,0,0
2006-03-09 13:00:00,0,2067.95,0,296.71,10588.22,5129.83,5560.38,0,0,1836.12,13382.12,173.64,0,14739.2,1287.9,3925.79,75014.02,0,18965.37,0,0,83101.66,0,0,0,2342.3,2193.27,0,21940.57,29144.17,74.13,2144.04,15675.12,0,0,0,0
2006-03-09 14:00:00,0,2109.3,0,306.88,10552.71,5397.03,5674.81,0,0,1895.67,13718.0,182.2,0,14622.13,1309.76,3873.48,74876.05,0,18611.37,0,0,82217.2,0,0,0,2357.88,2206.96,0,21884.81,28956.64,74.84,2262.0,15630.63,0,0,0,0
2006-03-09 15:00:00,0,2086.94,0,303.83,10423.98,5804.04,5776.97,0,0,1986.76,14040.96,194.24,0,14492.99,1360.28,3884.88,74474.05,0,18319.63,0,0,81750.16,0,0,0,2387.6,2238.67,0,21870.25,28578.67,72.35,2405.74,15747.97,0,0,0,0
2006-03-09 16:00:00,0,2085.56,0,303.26,10263.96,6086.47,5894.16,0,0,2093.2,14579.07,205.64,0,14628.88,1419.77,3884.61,73884.14,0,18225.15,0,0,81673.52,0,0,0,2390.52,2257.58,0,21846.15,28306.82,71.94,2506.67,15843.08,0,0,0,0
2006-03-09 17:00:00,0,2086.03,0,306.35,10262.4,6401.41,5897.2,0,0,2156.81,15019.99,218.39,0,14800.09,1440.43,3851.68,73351.0,0,18408.58,0,0,81620.85,0,0,0,2421.61,2253.95,0,21904.59,28038.17,72.36,2570.73,15972.83,0,0,0,0
2006-03-09 18:00:00,0,2111.98,0,300.16,10384.52,6313.52,5865.66,0,0,2172.31,14930.46,221.44,0,15149.88,1440.6,3799.57,72871.43,0,18699.49,0,0,82216.48,0,0,0,2436.64,2242.46,0,21515.09,27706.31,70.81,2546.56,15947.13,0,0,0,0
2006-03-09 19:00:00,0,2119.1,0,306.0,11284.43,6540.85,6634.9,0,0,2298.67,15220.81,236.17,0,15776.92,1583.88,3994.68,73402.88,0,19182.78,0,0,88919.78,0,0,0,2655.97,2465.7,0,22782.66,27248.34,71.81,2679.73,17284.58,0,0,0,0
2006-03-09 20:00:00,0,2182.85,0,294.52,11227.2,6230.34,6294.47,0,0,2118.34,14180.04,225.34,0,14942.07,1485.73,3854.35,73146.04,0,18536.74,0,0,85638.07,0,0,0,2657.46,2414.62,0,22814.48,27905.38,70.55,2461.8,17384.27,0,0,0,0
2006-03-09 21:00:00,0,2219.69,0,289.59,10925.92,5920.9,5965.08,0,0,1966.2,13305.93,220.71,0,14094.0,1384.03,3727.5,72750.85,0,17845.44,0,0,82648.61,0,0,0,2591.8,2341.5,0,22793.89,28410.99,69.21,2249.87,17309.66,0,0,0,0
2006-03-09 22:00:00,0,2182.08,0,268.71,10280.97,5378.82,5653.26,0,0,1808.86,12420.84,204.84,0,13185.24,1287.72,3572.7,70445.96,0,16888.47,0,0,79648.54,0,0,0,2447.84,2255.73,0,21566.08,28014.42,67.41,2075.89,16453.71,0,0,0,0
2006-03-09 23:00:00,0,2081.25,0,253.4,9736.35,4877.38,5356.17,0,0,1653.83,11421.55,187.39,0,12271.66,1187.81,3404.29,67952.12,0,15929.18,0,0,76364.69,0,0,0,2313.67,2142.14,0,20594.67,26854.15,67.54,1951.45,15434.69,0,0,0,0
2006-03-10 00:00:00,0,1973.14,0,233.66,9202.57,4392.6,5043.85,0,0,1522.22,10448.86,169.9,0,11413.13,1092.33,3306.21,65652.76,0,14892.56,0,0,73569.67,0,0,0,2190.25,2036.88,0,19534.31,25660.44,66.42,1811.24,14478.61,0,0,0,0
2006-03-10 01:00:00,0,1871.62,0,212.01,8645.84,3925.69,4713.24,0,0,1395.68,9504.83,152.66,0,10885.09,998.38,3204.35,63435.2,0,14012.18,0,0,70887.51,0,0,0,2064.38,1938.96,0,18499.69,24607.45,65.07,1677.01,13619.92,0,0,0,0
2006-03-10 02:00:00,0,1805.75,0,194.0,8263.92,3566.85,4425.13,0,0,1281.48,8599.27,139.36,0,10744.35,938.46,3116.36,61408.55,0,13480.03,0,0,68208.16,0,0,0,1999.82,1852.39,0,17828.43,23557.37,64.06,1551.88,12951.16,0,0,0,0
2006-03-10 03:00:00,0,1841.02,0,189.87,8284.26,3486.24,4313.89,0,0,1242.93,8415.61,134.22,0,10945.98,949.56,3034.24,60345.95,0,13399.67,0,0,66884.19,0,0,0,1972.33,1818.46,0,17647.45,23290.42,63.26,1538.73,12530.75,0,0,0,0
2006-03-10 04:00:00,0,1922.99,0,197.76,8557.18,3692.82,4433.55,0,0,1296.96,8771.99,139.11,0,11288.09,988.22,3055.37,61874.35,0,13939.77,0,0,67212.66,0,0,0,1992.86,1822.29,0,18061.31,23539.76,64.81,1606.69,12364.81,0,0,0,0
2006-03-10 05:00:00,0,2017.37,0,218.65,9026.36,3915.24,4706.54,0,0,1353.45,9190.06,145.9,0,11629.3,1034.87,3147.24,63863.73,0,14563.72,0,0,68792.59,0,0,0,2052.85,1894.03,0,18619.26,24372.75,67.38,1674.16,12844.8,0,0,0,0
2006-03-10 06:00:00,0,2113.76,0,229.48,9546.56,4135.28,4972.85,0,0,1407.8,9606.76,152.85,0,11990.32,1090.8,3321.43,65668.21,0,15207.89,0,0,70925.37,0,0,0,2118.49,1950.52,0,19131.87,25285.64,70.24,1749.69,13428.14,0,0,0,0
2006-03-10 07:00:00,0,2199.53,0,239.09,10109.34,4386.47,5275.88,0,0,1495.52,10245.26,160.05,0,12831.61,1142.26,3480.02,67365.91,0,16390.29,0,0,74784.67,0,0,0,2218.13,2024.75,0,19674.56,26231.11,73.29,1828.59,14048.96,0,0,0,0
2006-03-10 08:00:00,0,2310.02,0,266.28,10797.94,4966.33,5627.11,0,0,1675.72,11593.56,177.58,0,13751.53,1212.53,3826.61,70907.25,0,17512.43,0,0,81215.53,0,0,0,2371.63,2141.15,0,20909.81,27409.2,75.7,1989.58,15523.68,0,0,0,0
2006-03-10 09:00:00,0,2327.6,0,283.75,10651.62,5257.21,5968.63,0,0,1797.65,12678.75,187.38,0,14008.26,1230.17,3999.1,74221.43,0,17739.81,0,0,83040.79,0,0,0,2416.37,2242.87,0,21516.73,28410.92,75.34,2147.12,15953.16,0,0,0,0
2006-03-10 10:00:00,0,2225.96,0,298.83,10510.62,5443.7,6057.64,0,0,1879.04,13418.13,197.26,0,14020.8,1268.75,4061.06,74932.81,0,18026.31,0,0,83433.66,0,0,0,2460.24,2284.36,0,21686.62,28795.78,73.44,2249.14,16125.62,0,0,0,0
2006-03-10 11:00:00,0,2092.27,0,307.0,10577.21,5647.42,5985.48,0,0,1937.34,14024.99,201.42,0,13843.8,1311.02,4063.65,74640.7,0,18057.36,0,0,83217.91,0,0,0,2469.13,2279.1,0,21783.83,28472.68,71.81,2343.08,15838.59,0,0,0,0
2006-03-10 12:00:00,0,1996.53,0,313.93,10672.7,5919.17,5922.24,0,0,2032.41,14697.66,209.82,0,13914.43,1376.68,3992.53,73874.91,0,17987.15,0,0,82764.1,0,0,0,2477.47,2286.52,0,22162.34,28175.68,69.92,2422.15,15571.05,0,0,0,0
2006-03-10 13:00:00,0,1911.63,0,324.03,10766.07,6268.15,5939.0,0,0,2123.81,15376.61,217.25,0,13987.49,1454.89,3911.43,73196.43,0,17979.77,0,0,82184.27,0,0,0,2479.72,2309.91,0,22734.07,28027.48,68.27,2527.22,15385.76,0,0,0,0
2006-03-10 14:00:00,0,1850.92,0,326.32,10769.06,6566.77,6004.69,0,0,2239.93,15972.43,222.19,0,13665.96,1515.92,3831.7,72570.83,0,18118.09,0,0,81668.75,0,0,0,2482.9,2321.5,0,23048.19,27831.76,66.37,2607.49,15209.62,0,0,0,0
2006-03-10 15:00:00,0,1793.49,0,329.75,10729.52,6783.1,6095.09,0,0,2324.63,16450.08,227.18,0,13707.56,1561.33,3762.78,71769.89,0,18538.38,0,0,81565.94,0,0,0,2497.57,2348.43,0,23250.67,27516.61,66.14,2659.36,15085.03,0,0,0,0
2006-03-10 16:00:00,0,1787.98,0,329.65,10689.23,6960.47,6168.66,0,0,2388.29,16797.51,238.26,0,13692.36,1589.07,3723.28,71352.97,0,18576.42,0,0,81081.78,0,0,0,2506.85,2386.29,0,23273.91,27249.38,66.72,2709.65,15184.04,0,0,0,0
2006-03-10 17:00:00,0,1768.43,0,318.38,10640.2,7002.16,6210.19,0,0,2386.19,16812.0,239.85,0,13758.04,1579.41,3684.98,71017.4,0,18126.3,0,0,80447.58,0,0,0,2508.26,2412.32,0,23282.95,27030.04,66.37,2709.06,15528.63,0,0,0,0
2006-03-10 18:00:00,0,1763.78,0,307.74,10649.4,6763.13,6154.69,0,0,2341.06,16133.3,236.4,0,13862.24,1517.66,3671.85,70404.97,0,18184.35,0,0,80961.88,0,0,0,2503.93,2407.79,0,23281.68,26714.08,65.82,2676.71,15803.91,0,0,0,0
2006-03-10 19:00:00,0,1891.99,0,301.72,11047.46,6447.08,6607.76,0,0,2316.99,16045.92,236.51,0,14101.54,1547.67,3698.56,67729.29,0,17909.05,0,0,83458.11,0,0,0,2565.36,2601.27,0,23456.81,26153.22,63.77,2624.59,15701.28,0,0,0,0
2006-03-10 20:00:00,0,1906.71,0,294.67,10919.79,6078.94,6215.96,0,0,2124.8,14717.26,221.78,0,13444.35,1457.58,3548.15,67782.14,0,17256.45,0,0,79735.83,0,0,0,2522.6,2518.21,0,23341.44,26759.41,62.23,2398.31,15685.28,0,0,0,0
2006-03-10 21:00:00,0,1968.12,0,288.57,10650.38,5766.83,5887.94,0,0,1955.5,13510.91,212.84,0,12772.89,1360.33,3428.68,67601.43,0,16608.95,0,0,77076.39,0,0,0,2506.68,2437.73,0,23004.48,26576.56,60.65,2193.54,15871.61,0,0,0,0
2006-03-10 22:00:00,0,1979.15,0,269.82,9877.23,5250.66,5554.39,0,0,1799.43,12446.35,201.6,0,12131.61,1264.78,3331.94,66006.09,0,15782.68,0,0,74491.55,0,0,0,2372.71,2291.35,0,21791.63,25940.95,59.24,2025.62,15171.72,0,0,0,0
2006-03-10 23:00:00,0,1856.44,0,246.26,9161.39,4764.06,5249.79,0,0,1655.66,11481.36,185.2,0,11552.13,1176.7,3201.34,63709.95,0,14988.48,0,0,71877.63,0,0,0,2226.4,2184.37,0,20511.82,24922.15,58.28,1877.82,14454.54,0,0,0,0
2006-03-11 00:00:00,0,1743.22,0,226.84,8575.22,4322.33,4954.92,0,0,1522.67,10568.02,170.16,0,10935.99,1086.22,3076.57,61463.69,0,14207.6,0,0,68689.97,0,0,0,2111.13,2080.71,0,19364.37,23860.99,57.59,1749.24,13765.87,0,0,0,0
2006-03-11 01:00:00,0,1615.41,0,209.72,8054.07,3922.89,4620.81,0,0,1405.91,9710.32,154.55,0,10342.5,1017.01,2963.92,59144.45,0,13488.12,0,0,66076.99,0,0,0,2020.61,1979.96,0,18623.78,22777.73,56.17,1633.55,13062.55,0,0,0,0
2006-03-11 02:00:00,0,1515.18,0,195.87,7759.87,3656.14,4354.32,0,0,1297.04,9032.29,142.32,0,10238.49,963.54,2894.73,57209.68,0,13034.87,0,0,64339.36,0,0,0,1952.08,1877.97,0,18149.03,21777.56,54.51,1525.61,12500.74,0,0,0,0
2006-03-11 03:00:00,0,1474.22,0,189.18,7659.95,3479.2,4208.58,0,0,1231.82,8676.39,136.09,0,10268.49,934.75,2856.07,56121.14,0,12909.19,0,0,63104.77,0,0,0,1913.17,1811.7,0,17720.02,21039.99,53.76,1470.21,12293.57,0,0,0,0
2006-03-11 04:00:00,0,1481.64,0,187.33,7673.3,3489.45,4176.1,0,0,1215.27,8554.02,134.95,0,10353.8,946.7,2862.2,55720.34,0,12976.94,0,0,63433.1,0,0,0,1898.42,1830.6,0,17614.58,20812.06,53.51,1465.7,12158.18,0,0,0,0
2006-03-11 05:00:00,0,1475.4,0,191.33,7858.93,3562.27,4351.24,0,0,1232.57,8649.92,134.54,0,10498.2,969.85,2915.56,55946.79,0,13201.26,0,0,64528.49,0,0,0,1910.7,1873.26,0,17777.09,20856.52,53.37,1503.73,12087.31,0,0,0,0
2006-03-11 06:00:00,0,1488.3,0,198.14,8270.26,3698.23,4607.31,0,0,1264.83,8882.32,139.26,0,10723.01,1001.89,3045.56,56898.39,0,13560.31,0,0,65733.42,0,0,0,1950.69,1928.33,0,18107.05,21162.64,53.3,1559.65,12234.84,0,0,0,0
2006-03-11 07:00:00,0,1538.42,0,206.81,8634.51,3909.88,4849.65,0,0,1343.36,9402.41,146.38,0,11113.84,1038.36,3137.11,58208.18,0,14327.82,0,0,68195.37,0,0,0,2015.03,1987.93,0,18432.81,21640.56,55.43,1606.76,12441.77,0,0,0,0
2006-03-11 08:00:00,0,1613.86,0,225.66,8826.21,4311.71,5091.73,0,0,1493.94,10620.52,157.81,0,11610.3,1096.81,3234.26,60564.56,0,14507.98,0,0,69364.5,0,0,0,2131.42,2118.01,0,18879.51,22168.51,56.96,1724.37,13040.8,0,0,0,0
2006-03-11 09:00:00,0,1736.64,0,238.92,9050.44,4781.54,5194.8,0,0,1674.81,12259.71,165.7,0,11765.42,1123.98,3304.92,62942.97,0,14744.67,0,0,70165.23,0,0,0,2213.31,2213.77,0,19717.23,22727.08,57.35,1895.94,13478.79,0,0,0,0
2006-03-11 10:00:00,0,1756.56,0,252.16,9127.54,5154.32,5146.75,0,0,1759.79,13344.69,173.02,0,11573.4,1161.91,3378.17,64609.78,0,14795.8,0,0,71448.17,0,0,0,2266.21,2263.21,0,20500.78,23398.12,58.42,2059.01,14040.99,0,0,0,0
2006-03-11 11:00:00,0,1742.17,0,266.26,9165.26,5557.31,5397.48,0,0,1846.59,14315.77,179.55,0,11465.62,1263.65,3397.21,65736.39,0,14722.35,0,0,71759.36,0,0,0,2335.64,2381.87,0,21625.66,23975.76,59.09,2261.27,14360.8,0,0,0,0
2006-03-11 12:00:00,0,1717.92,0,286.76,9482.05,5895.72,5783.92,0,0,1952.03,15122.92,191.52,0,11379.53,1351.06,3345.03,66666.21,0,14664.96,0,0,72013.93,0,0,0,2428.93,2514.81,0,22747.13,24240.58,60.73,2400.53,14781.82,0,0,0,0
2006-03-11 13:00:00,0,1740.63,0,301.83,9933.31,6153.81,6059.82,0,0,2033.68,15645.73,206.29,0,11298.5,1394.21,3301.11,66978.03,0,14577.38,0,0,72103.42,0,0,0,2543.15,2642.75,0,23585.36,24344.53,61.16,2532.73,15265.98,0,0,0,0
2006-03-11 14:00:00,0,1816.62,0,306.89,10290.96,6434.72,6264.77,0,0,2107.77,15958.08,217.24,0,11285.93,1420.54,3366.65,67122.73,0,14563.07,0,0,72364.38,0,0,0,2630.13,2724.91,0,23963.59,24719.08,60.49,2656.5,15801.63,0,0,0,0
2006-03-11 15:00:00,0,1906.24,0,310.14,10443.11,6713.97,6456.5,0,0,2186.8,16214.95,229.88,0,11340.06,1464.72,3494.89,66906.36,0,14767.66,0,0,72901.17,0,0,0,2716.78,2749.95,0,24408.64,25051.63,61.78,2741.6,16165.39,0,0,0,0
2006-03-11 16:00:00,0,1956.95,0,311.65,10444.84,6883.07,6528.84,0,0,2224.58,16265.76,242.9,0,11495.27,1482.89,3573.24,66299.37,0,15126.59,0,0,73675.15,0,0,0,2736.6,2759.62,0,24549.5,24955.6,63.63,2774.91,16378.62,0,0,0,0
2006-03-11 17:00:00,0,1975.31,0,306.48,10428.26,6785.25,6470.1,0,0,2210.11,15982.04,251.24,0,11726.49,1469.54,3612.65,65670.71,0,15505.0,0,0,74334.93,0,0,0,2703.55,2729.16,0,24420.94,24808.13,63.95,2725.37,16415.79,0,0,0,0
2006-03-11 18:00:00,0,1913.18,0,295.15,10103.91,6465.39,6254.45,0,0,2126.18,15453.47,248.97,0,12612.61,1409.0,3506.91,64502.27,0,16006.96,0,0,74728.25,0,0,0,2623.66,2620.42,0,23969.98,24549.83,64.5,2621.05,16002.18,0,0,0,0
2006-03-11 19:00:00,0,1966.11,0,326.3,11861.85,6637.59,6961.6,0,0,2339.95,16085.14,273.5,0,14338.7,1571.16,3920.51,69442.49,0,17693.66,0,0,84066.39,0,0,0,2820.42,2803.5,0,25027.49,25224.2,71.32,2695.12,17081.76,0,0,0,0
2006-03-11 20:00:00,0,1840.32,0,311.34,11443.87,6321.32,6480.42,0,0,2160.47,14881.14,254.01,0,13748.89,1475.06,3605.67,69118.58,0,17158.83,0,0,80928.75,0,0,0,2694.16,2681.44,0,24439.17,25422.71,67.02,2479.09,16715.85,0,0,0,0
2006-03-11 21:00:00,0,1817.74,0,294.39,11108.26,6023.07,6081.06,0,0,2012.59,13798.05,235.19,0,13135.1,1390.39,3384.95,68862.71,0,16647.42,0,0,78193.08,0,0,0,2619.03,2553.27,0,23929.76,25052.47,63.53,2300.83,16611.28,0,0,0,0
2006-03-11 22:00:00,0,1807.42,0,272.44,10262.77,5451.11,5716.28,0,0,1864.75,12829.42,216.2,0,12449.18,1298.39,3219.86,67084.77,0,15939.46,0,0,75770.23,0,0,0,2418.53,2373.35,0,22357.27,24727.05,61.68,2115.51,15799.76,0,0,0,0
2006-03-11 23:00:00,0,1675.33,0,250.46,9520.4,4932.98,5380.98,0,0,1722.11,11850.99,195.38,0,11690.31,1211.91,3105.25,64567.59,0,15180.89,0,0,73075.41,0,0,0,2241.33,2233.33,0,20963.69,23867.61,60.31,1959.81,14886.27,0,0,0,0
2006-03-12 00:00:00,0,1558.58,0,232.26,8868.21,4476.88,5066.89,0,0,1579.77,10911.52,177.71,0,10985.77,1126.1,2999.59,61988.86,0,14539.66,0,0,70320.29,0,0,0,2122.45,2113.44,0,19632.17,22893.86,58.74,1816.95,13977.05,0,0,0,0
2006-03-12 01:00:00,0,1443.76,0,216.75,8297.81,4074.62,4772.22,0,0,1453.2,10048.97,162.27,0,10622.24,1057.26,2891.06,59491.77,0,14112.6,0,0,67856.89,0,0,0,2034.09,2002.62,0,18838.11,21983.6,56.55,1681.48,13074.72,0,0,0,0
2006-03-12 02:00:00,0,1368.79,0,202.45,7958.6,3818.45,4523.49,0,0,1341.61,9362.08,151.49,0,10610.27,1000.3,2787.63,57486.14,0,13596.99,0,0,65385.93,0,0,0,1968.91,1898.91,0,18351.27,21192.17,54.34,1565.13,12342.45,0,0,0,0
2006-03-12 03:00:00,0,1345.02,0,190.99,7615.01,3627.77,4343.34,0,0,1261.39,8970.51,144.08,0,10622.49,964.3,2705.19,56064.04,0,13347.03,0,0,64118.42,0,0,0,1922.11,1807.28,0,17987.03,20747.85,53.15,1502.67,11803.18,0,0,0,0
2006-03-12 04:00:00,0,1346.08,0,186.83,7523.14,3564.75,4288.06,0,0,1231.23,8777.81,137.61,0,10638.69,960.21,2673.25,55424.27,0,13362.95,0,0,63831.38,0,0,0,1905.62,1811.69,0,17769.34,20731.99,52.39,1489.0,11504.32,0,0,0,0
2006-03-12 05:00:00,0,1400.25,0,189.97,7593.7,3609.74,4320.57,0,0,1242.99,8802.33,138.29,0,10651.7,974.3,2688.55,55721.25,0,13578.7,0,0,64315.21,0,0,0,1904.8,1839.31,0,17838.32,21078.35,53.32,1518.59,11337.53,0,0,0,0
2006-03-12 06:00:00,0,1480.3,0,196.98,7805.7,3731.94,4485.71,0,0,1271.4,9022.26,141.64,0,10872.9,1005.63,2737.62,56478.31,0,13829.73,0,0,65114.02,0,0,0,1929.28,1882.26,0,18127.71,21614.05,54.47,1564.25,11564.27,0,0,0,0
2006-03-12 07:00:00,0,1543.12,0,204.67,8106.28,3924.69,4722.93,0,0,1337.73,9530.31,148.32,0,11223.93,1039.05,2785.34,57418.02,0,14356.98,0,0,66740.37,0,0,0,1981.5,1971.67,0,18445.43,22041.07,55.81,1613.9,11869.4,0,0,0,0
2006-03-12 08:00:00,0,1635.03,0,220.15,8385.67,4351.27,4972.12,0,0,1515.9,10772.78,161.79,0,11484.3,1103.98,2922.01,59406.55,0,14634.56,0,0,68751.0,0,0,0,2071.7,2121.43,0,18789.52,22522.01,57.44,1753.88,12422.64,0,0,0,0
2006-03-12 09:00:00,0,1762.0,0,234.55,8712.41,4846.66,5064.53,0,0,1685.39,12341.46,170.44,0,11818.08,1140.09,3053.71,61615.22,0,14971.3,0,0,69906.18,0,0,0,2175.21,2186.74,0,19583.04,23183.03,58.31,1944.08,13204.16,0,0,0,0
2006-03-12 10:00:00,0,1816.77,0,259.63,8982.39,5186.82,5237.44,0,0,1753.32,13304.1,174.37,0,12066.97,1169.22,3196.02,63321.68,0,15106.34,0,0,71163.13,0,0,0,2224.96,2259.14,0,20632.48,23860.92,59.39,2062.19,13944.18,0,0,0,0
2006-03-12 11:00:00,0,1845.37,0,277.34,9329.86,5536.96,5552.39,0,0,1843.62,14206.57,183.26,0,12304.88,1278.33,3260.87,63931.27,0,15190.6,0,0,72434.08,0,0,0,2327.37,2427.33,0,22042.47,24474.53,60.59,2229.52,14504.35,0,0,0,0
2006-03-12 12:00:00,0,1855.31,0,291.47,9932.23,5828.12,5936.51,0,0,1942.15,14992.65,194.87,0,12405.54,1343.39,3283.46,64014.76,0,15412.1,0,0,73362.01,0,0,0,2473.12,2578.66,0,23179.81,24900.01,61.73,2378.65,15059.38,0,0,0,0
2006-03-12 13:00:00,0,1853.82,0,300.62,10498.03,6102.0,6229.18,0,0,2023.94,15578.2,211.44,0,12559.38,1386.43,3305.83,64474.36,0,15680.91,0,0,73944.97,0,0,0,2565.76,2690.54,0,24170.19,25099.15,62.57,2535.95,15884.23,0,0,0,0
2006-03-12 14:00:00,0,1883.55,0,307.11,10948.77,6400.97,6457.89,0,0,2101.4,16015.31,225.9,0,12712.67,1412.45,3335.51,65166.15,0,15940.84,0,0,74124.3,0,0,0,2646.86,2738.84,0,24937.29,25306.46,63.38,2701.68,16495.29,0,0,0,0
2006-03-12 15:00:00,0,1856.62,0,310.57,11194.97,6689.5,6647.79,0,0,2159.62,16283.7,238.71,0,12889.9,1455.09,3356.99,65563.61,0,16155.64,0,0,74507.44,0,0,0,2717.89,2767.32,0,25449.78,25159.61,63.36,2812.53,16780.72,0,0,0,0
2006-03-12 16:00:00,0,1893.76,0,313.31,11213.97,6878.94,6731.3,0,0,2186.85,16260.07,249.1,0,12987.88,1453.7,3371.97,65499.3,0,16232.2,0,0,74824.24,0,0,0,2713.46,2764.48,0,25609.75,25084.71,63.99,2860.44,16940.73,0,0,0,0
2006-03-12 17:00:00,0,1901.39,0,313.0,11061.23,6854.04,6684.56,0,0,2179.08,15984.61,256.66,0,13196.19,1451.99,3347.56,65137.27,0,16200.46,0,0,75156.71,0,0,0,2665.96,2714.03,0,25494.13,24633.37,64.28,2828.52,16880.34,0,0,0,0
2006-03-12 18:00:00,0,1831.76,0,303.7,10617.41,6575.8,6421.25,0,0,2117.55,15475.41,251.08,0,13459.52,1404.61,3281.16,64603.95,0,16555.57,0,0,74922.22,0,0,0,2590.92,2582.26,0,24771.38,24267.08,63.43,2722.05,16394.63,0,0,0,0
2006-03-12 19:00:00,0,2031.96,0,359.87,12875.45,7182.92,7369.31,0,0,2448.46,16343.39,285.62,0,15250.69,1658.84,3985.52,73737.48,0,18822.27,0,0,89332.1,0,0,0,2831.24,2777.71,0,26071.86,27428.82,75.99,2950.66,18458.11,0,0,0,0
2006-03-12 20:00:00,0,1968.09,0,342.46,12407.9,6765.99,6780.42,0,0,2267.8,15118.46,261.72,0,14360.31,1540.06,3812.28,73243.41,0,18131.55,0,0,85125.02,0,0,0,2737.61,2658.47,0,25494.26,27973.93,73.67,2709.36,18022.16,0,0,0,0
2006-03-12 21:00:00,0,1973.74,0,321.46,11975.28,6353.51,6302.17,0,0,2103.41,14126.15,249.98,0,13483.36,1437.57,3673.62,72642.11,0,17324.18,0,0,81370.36,0,0,0,2636.98,2533.25,0,24895.47,28186.07,71.55,2492.96,17865.35,0,0,0,0
2006-03-12 22:00:00,0,1951.86,0,295.37,11088.75,5760.07,5897.3,0,0,1943.78,13075.58,230.95,0,12589.42,1341.21,3551.81,70356.17,0,16259.6,0,0,78184.17,0,0,0,2478.59,2364.54,0,23222.42,27492.96,69.36,2297.29,16856.08,0,0,0,0
2006-03-12 23:00:00,0,1809.78,0,270.1,10242.88,5208.22,5511.34,0,0,1787.36,11997.56,208.93,0,11695.82,1243.23,3431.64,67701.95,0,15234.81,0,0,75259.3,0,0,0,2320.61,2217.51,0,21702.7,26157.75,67.3,2106.77,15812.12,0,0,0,0
2006-03-13 00:00:00,0,1675.87,0,245.59,9475.01,4672.6,5110.64,0,0,1630.58,11008.4,186.96,0,10928.34,1140.04,3320.21,65041.88,0,14376.83,0,0,72602.39,0,0,0,2158.65,2070.53,0,20345.05,25006.04,65.9,1953.16,14792.84,0,0,0,0
2006-03-13 01:00:00,0,1544.41,0,220.54,8842.29,4169.4,4753.66,0,0,1488.78,10002.56,168.33,0,10490.24,1044.39,3220.83,62364.07,0,13684.22,0,0,69852.07,0,0,0,2035.8,1935.02,0,19180.15,24050.86,64.83,1810.63,13869.43,0,0,0,0
2006-03-13 02:00:00,0,1418.42,0,201.94,8483.65,3773.29,4447.32,0,0,1355.98,9024.46,152.0,0,10400.54,967.26,3130.18,60123.64,0,13133.99,0,0,67588.49,0,0,0,1982.8,1840.13,0,18332.81,23109.94,63.2,1661.92,13038.54,0,0,0,0
2006-03-13 03:00:00,0,1378.45,0,194.99,8357.42,3670.19,4344.62,0,0,1300.11,8740.52,143.37,0,10512.97,948.32,3055.66,58458.76,0,12954.42,0,0,66743.21,0,0,0,1955.6,1814.1,0,18005.26,22667.34,62.07,1618.44,12524.07,0,0,0,0
2006-03-13 04:00:00,0,1429.75,0,204.87,8417.85,3873.1,4502.08,0,0,1344.48,9095.8,147.42,0,10878.78,994.14,3004.02,58687.3,0,13377.5,0,0,67748.51,0,0,0,2003.3,1861.79,0,18287.7,23012.23,61.24,1662.03,12263.6,0,0,0,0
2006-03-13 05:00:00,0,1527.5,0,214.48,8860.72,4069.99,4770.13,0,0,1390.66,9461.96,153.28,0,11257.09,1039.01,3118.7,60350.32,0,13951.49,0,0,69526.76,0,0,0,2076.87,1914.26,0,18671.2,23910.71,62.94,1704.46,12551.0,0,0,0,0
2006-03-13 06:00:00,0,1636.83,0,223.94,9324.04,4257.43,5046.64,0,0,1435.6,9841.67,159.03,0,11608.89,1082.98,3232.72,61951.18,0,14531.95,0,0,71664.93,0,0,0,2156.41,1968.31,0,19202.93,24973.32,64.4,1755.23,12999.17,0,0,0,0
2006-03-13 07:00:00,0,1765.1,0,235.51,10077.38,4530.64,5472.92,0,0,1534.02,10484.03,166.75,0,12504.83,1148.15,3354.84,63365.96,0,15748.62,0,0,75753.86,0,0,0,2294.31,2048.51,0,19772.53,26084.49,66.69,1828.51,13475.56,0,0,0,0
2006-03-13 08:00:00,0,1931.56,0,271.94,10403.66,5019.08,5704.52,0,0,1716.66,11838.53,183.95,0,13163.71,1220.39,3717.86,65935.18,0,16542.34,0,0,79756.19,0,0,0,2345.75,2131.42,0,20907.21,27442.82,68.1,2013.05,14708.97,0,0,0,0
2006-03-13 09:00:00,0,2127.48,0,291.16,10677.25,5385.47,5768.07,0,0,1880.36,13075.44,193.35,0,13005.03,1257.36,3865.81,68786.7,0,17012.6,0,0,81756.58,0,0,0,2402.68,2197.01,0,21610.69,29189.11,69.54,2188.23,15196.23,0,0,0,0
2006-03-13 10:00:00,0,2208.72,0,308.7,10721.8,5537.21,5760.73,0,0,1962.61,13874.53,201.33,0,12943.06,1280.93,3883.94,71111.64,0,17287.27,0,0,84064.58,0,0,0,2444.53,2231.21,0,22081.25,29996.44,70.99,2286.27,15655.13,0,0,0,0
2006-03-13 11:00:00,0,2235.67,0,318.38,10889.15,5804.4,5929.01,0,0,2042.73,14605.53,200.63,0,13068.23,1341.58,3936.29,73316.51,0,17359.19,0,0,85687.82,0,0,0,2468.05,2313.42,0,22621.31,30250.71,70.82,2437.43,15966.86,0,0,0,0
2006-03-13 12:00:00,0,2224.33,0,327.53,11157.22,6265.38,6170.71,0,0,2144.31,15500.21,211.41,0,13165.55,1437.35,3929.05,74766.59,0,17305.42,0,0,86831.04,0,0,0,2562.61,2433.42,0,23227.87,30265.39,71.71,2592.55,16055.55,0,0,0,0
2006-03-13 13:00:00,0,2200.98,0,331.84,11372.29,6676.45,6413.35,0,0,2271.07,16349.37,222.66,0,13207.22,1504.68,3984.93,74945.09,0,17500.98,0,0,87904.24,0,0,0,2640.98,2532.46,0,23759.56,30117.57,72.56,2752.2,16129.46,0,0,0,0
2006-03-13 14:00:00,0,2160.85,0,335.71,11494.85,7023.6,6568.15,0,0,2367.62,17017.54,239.81,0,13284.18,1552.58,3975.9,74237.31,0,17658.59,0,0,88347.67,0,0,0,2701.92,2590.82,0,24099.72,29786.51,71.8,2870.39,16184.77,0,0,0,0
2006-03-13 15:00:00,0,2103.64,0,338.97,11481.78,7323.37,6647.28,0,0,2469.39,17575.66,249.8,0,13543.01,1599.83,3952.64,73818.17,0,17891.56,0,0,88333.89,0,0,0,2727.23,2622.82,0,24213.34,29336.7,70.32,2960.53,16212.49,0,0,0,0
2006-03-13 16:00:00,0,2074.15,0,335.6,11290.64,7443.76,6646.87,0,0,2501.54,17883.19,253.25,0,13818.6,1620.11,3908.31,73283.61,0,18068.58,0,0,87764.13,0,0,0,2743.58,2623.6,0,24166.34,28744.97,70.6,2984.55,16278.58,0,0,0,0
2006-03-13 17:00:00,0,2091.22,0,327.43,11131.6,7308.15,6677.48,0,0,2472.82,17651.36,250.79,0,13935.85,1619.08,3838.34,72310.04,0,18089.28,0,0,86909.17,0,0,0,2717.44,2577.16,0,24104.22,28376.59,70.5,2951.12,16375.27,0,0,0,0
2006-03-13 18:00:00,0,2142.7,0,317.8,10982.6,6947.57,6590.48,0,0,2383.33,16749.06,242.46,0,14344.6,1564.4,3762.12,71335.76,0,18070.36,0,0,85268.71,0,0,0,2646.01,2507.13,0,23892.11,28165.5,70.17,2878.17,16493.79,0,0,0,0
2006-03-13 19:00:00,0,2351.34,0,330.08,12332.73,7128.58,7236.01,0,0,2515.98,16868.44,267.11,0,14938.61,1690.83,3997.03,74295.29,0,18512.63,0,0,93454.62,0,0,0,2820.51,2752.05,0,25064.97,28166.62,72.43,2921.39,17216.05,0,0,0,0
2006-03-13 20:00:00,0,2424.76,0,318.63,12065.34,6758.45,6701.74,0,0,2319.47,15694.17,253.53,0,14120.93,1580.5,3823.7,74505.31,0,17836.65,0,0,88562.87,0,0,0,2737.78,2646.27,0,24616.84,29747.44,72.57,2684.7,17199.2,0,0,0,0
2006-03-13 21:00:00,0,2540.62,0,304.92,11738.77,6352.05,6270.04,0,0,2151.29,14659.62,240.43,0,13260.55,1456.14,3654.86,74352.19,0,17062.25,0,0,84362.0,0,0,0,2643.95,2538.69,0,24244.43,30471.64,72.95,2494.58,17156.71,0,0,0,0
2006-03-13 22:00:00,0,2499.84,0,281.52,10936.18,5777.17,5894.75,0,0,2002.1,13599.08,216.81,0,12383.51,1333.99,3561.34,72727.96,0,16039.18,0,0,80318.65,0,0,0,2490.11,2384.15,0,22835.21,29834.4,72.96,2311.81,16264.99,0,0,0,0
2006-03-13 23:00:00,0,2431.21,0,258.54,10197.54,5251.58,5540.06,0,0,1867.2,12562.1,196.39,0,11522.78,1230.73,3482.38,70975.45,0,15074.09,0,0,76482.5,0,0,0,2334.84,2243.12,0,21471.24,28971.83,73.0,2097.03,15286.05,0,0,0,0
2006-03-14 00:00:00,0,2383.03,0,238.15,9511.75,4734.08,5190.35,0,0,1716.45,11497.46,178.98,0,10791.51,1126.99,3417.87,68997.98,0,14393.28,0,0,73236.46,0,0,0,2190.32,2108.41,0,20190.12,28163.71,72.97,1907.2,14378.62,0,0,0,0
2006-03-14 01:00:00,0,2334.79,0,219.01,8868.76,4240.06,4842.69,0,0,1565.16,10457.88,162.74,0,10419.96,1042.12,3364.86,67016.99,0,13725.21,0,0,70662.29,0,0,0,2070.03,2002.57,0,18977.93,27339.04,73.39,1786.49,13616.31,0,0,0,0
2006-03-14 02:00:00,0,2361.32,0,203.6,8483.89,3859.88,4527.21,0,0,1431.7,9475.1,141.26,0,10362.91,977.37,3330.79,65464.73,0,13239.87,0,0,68192.62,0,0,0,2006.27,1912.4,0,18082.89,26691.65,73.7,1730.61,13023.04,0,0,0,0
2006-03-14 03:00:00,0,2435.44,0,199.86,8401.13,3772.99,4365.57,0,0,1367.98,9037.55,140.33,0,10486.36,953.6,3324.1,64220.22,0,13283.67,0,0,67499.05,0,0,0,1973.95,1867.39,0,17812.41,26652.13,75.06,1681.39,12956.94,0,0,0,0
2006-03-14 04:00:00,0,2550.39,0,208.11,8427.47,3966.24,4435.61,0,0,1395.58,9312.58,148.92,0,10871.56,992.91,3477.58,64508.49,0,13751.13,0,0,67972.58,0,0,0,2000.17,1874.37,0,18122.62,27060.43,77.92,1713.61,13663.45,0,0,0,0
2006-03-14 05:00:00,0,2657.51,0,217.04,8859.35,4172.63,4670.38,0,0,1434.98,9668.87,157.97,0,11221.77,1045.49,3682.61,66295.21,0,14377.29,0,0,70301.87,0,0,0,2078.17,1925.88,0,18453.62,27954.09,80.91,1759.33,14794.19,0,0,0,0
2006-03-14 06:00:00,0,2756.24,0,227.77,9340.4,4347.38,4937.09,0,0,1472.71,10026.23,164.1,0,11562.36,1095.86,3906.91,67965.22,0,14885.34,0,0,72885.3,0,0,0,2157.98,1975.61,0,19014.9,28890.94,83.98,1801.0,15783.81,0,0,0,0
2006-03-14 07:00:00,0,2840.68,0,241.38,10062.3,4601.4,5300.59,0,0,1569.66,10609.8,171.89,0,12257.38,1163.5,4141.65,69524.89,0,16395.71,0,0,77935.51,0,0,0,2282.22,2049.51,0,19859.02,29784.42,86.94,1866.74,16598.95,0,0,0,0
2006-03-14 08:00:00,0,3000.35,0,277.73,10747.97,5088.74,5693.09,0,0,1752.39,12021.45,187.78,0,13036.99,1233.58,4585.99,74930.42,0,17322.86,0,0,84849.87,0,0,0,2371.47,2187.76,0,21798.91,31183.55,90.42,2067.1,18749.88,0,0,0,0
2006-03-14 09:00:00,0,2985.21,0,297.78,11091.87,5368.06,6011.23,0,0,1871.97,13143.37,194.89,0,13359.07,1272.57,4742.23,77701.25,0,17711.4,0,0,86645.65,0,0,0,2425.67,2240.38,0,23488.29,31982.0,92.58,2217.72,19219.64,0,0,0,0
2006-03-14 10:00:00,0,2755.19,0,322.1,11058.67,5561.46,6162.23,0,0,1976.85,14122.86,197.86,0,13639.98,1318.17,4650.88,77717.9,0,18304.11,0,0,87497.24,0,0,0,2478.3,2256.36,0,23890.64,31330.78,89.83,2326.48,19111.45,0,0,0,0
2006-03-14 11:00:00,0,2576.95,0,301.03,11304.31,5841.81,6191.64,0,0,2078.29,15096.02,209.55,0,13956.85,1377.46,4460.86,77373.19,0,18169.45,0,0,86635.36,0,0,0,2489.59,2271.28,0,23546.62,30635.84,86.68,2467.47,18452.0,0,0,0,0
2006-03-14 12:00:00,0,2424.9,0,303.93,11076.69,6196.27,6242.58,0,0,2211.73,16054.18,220.25,0,13957.72,1489.31,4326.85,76867.24,0,17681.1,0,0,85114.28,0,0,0,2485.72,2295.4,0,23323.87,30055.68,83.61,2569.08,17768.73,0,0,0,0
2006-03-14 13:00:00,0,2278.68,0,307.32,10385.71,6502.17,6026.12,0,0,2342.87,16874.33,231.73,0,13534.19,1570.79,4202.92,76016.57,0,17543.3,0,0,83930.03,0,0,0,2473.63,2305.51,0,23017.13,29596.81,81.11,2674.95,17019.19,0,0,0,0
2006-03-14 14:00:00,0,2148.15,0,307.57,10105.7,6768.05,5779.83,0,0,2426.41,17468.92,250.54,0,13132.3,1619.99,4076.55,74946.57,0,17545.35,0,0,82388.41,0,0,0,2454.17,2311.46,0,22431.48,29116.76,79.17,2782.59,16308.52,0,0,0,0
2006-03-14 15:00:00,0,2025.43,0,308.63,9950.07,7010.33,5658.16,0,0,2493.26,17865.83,248.56,0,13020.59,1577.03,3971.08,73705.2,0,17607.27,0,0,80904.25,0,0,0,2421.95,2320.68,0,21973.48,28542.81,77.39,2907.5,15978.97,0,0,0,0
2006-03-14 16:00:00,0,1936.01,0,303.44,9920.28,7144.31,5566.57,0,0,2524.46,17903.02,242.98,0,13169.97,1470.02,3897.61,72412.22,0,17772.6,0,0,79449.13,0,0,0,2383.58,2275.25,0,21688.8,27831.63,75.78,2965.29,15871.86,0,0,0,0
2006-03-14 17:00:00,0,1903.08,0,298.84,9989.92,7158.8,5532.5,0,0,2499.95,17549.0,233.97,0,13546.52,1391.92,3847.07,71216.27,0,18100.01,0,0,79543.06,0,0,0,2370.53,2224.23,0,21715.43,27245.09,74.56,2951.62,16065.74,0,0,0,0
2006-03-14 18:00:00,0,1927.06,0,290.7,10351.69,6912.23,5678.3,0,0,2419.22,16607.88,218.75,0,14206.24,1372.83,3857.62,70568.92,0,18580.98,0,0,81186.37,0,0,0,2374.7,2244.83,0,21795.62,26498.7,73.85,2895.23,16186.09,0,0,0,0
2006-03-14 19:00:00,0,2115.97,0,302.53,11505.85,7095.31,6626.34,0,0,2518.44,16509.82,220.39,0,15794.4,1502.16,4207.98,75850.79,0,19868.31,0,0,94028.47,0,0,0,2595.05,2508.2,0,23549.07,26563.8,76.06,2954.63,17566.93,0,0,0,0
2006-03-14 20:00:00,0,2265.21,0,290.32,11762.38,6718.43,6373.05,0,0,2318.63,15085.67,217.26,0,14972.14,1423.08,4145.71,76142.83,0,19170.17,0,0,90519.62,0,0,0,2598.85,2513.44,0,24167.0,28431.99,75.94,2738.94,18327.97,0,0,0,0
2006-03-14 21:00:00,0,2393.75,0,282.01,11768.42,6288.04,6095.96,0,0,2131.01,13971.8,215.58,0,14064.23,1336.17,4104.74,75905.25,0,18489.92,0,0,87204.42,0,0,0,2560.35,2472.39,0,24296.58,29448.0,75.53,2515.12,18773.33,0,0,0,0
2006-03-14 22:00:00,0,2397.7,0,263.46,11301.25,5515.34,5802.82,0,0,1963.84,12791.44,201.28,0,13257.33,1252.42,4055.25,73974.97,0,17542.86,0,0,84013.61,0,0,0,2462.26,2419.35,0,23567.42,29093.69,75.02,2288.46,18632.1,0,0,0,0
2006-03-14 23:00:00,0,2324.55,0,245.68,10903.3,4948.0,5605.47,0,0,1730.5,11448.65,180.52,0,12526.53,1165.69,3975.67,71932.2,0,16635.49,0,0,80995.83,0,0,0,2372.69,2351.05,0,23012.08,28328.78,74.42,2054.59,18122.24,0,0,0,0
2006-03-15 00:00:00,0,2255.71,0,231.84,10570.18,4474.99,5474.11,0,0,1543.87,10270.12,163.35,0,11791.35,1077.45,3895.71,69939.26,0,15815.94,0,0,78415.96,0,0,0,2304.08,2321.16,0,22719.78,27451.5,73.52,1844.14,17584.44,0,0,0,0
2006-03-15 01:00:00,0,2186.67,0,221.46,10318.66,4008.83,5410.07,0,0,1390.03,9231.32,146.72,0,11231.19,1035.6,3825.16,67845.96,0,14997.59,0,0,76187.05,0,0,0,2287.62,2360.23,0,22320.1,26535.43,73.11,1653.67,17031.62,0,0,0,0
2006-03-15 02:00:00,0,2171.87,0,214.74,10226.38,3613.7,5407.64,0,0,1268.25,8260.83,133.82,0,11128.76,1009.98,3758.62,65645.01,0,14352.09,0,0,74422.33,0,0,0,2290.75,2420.11,0,22137.51,25600.46,72.96,1514.87,16758.28,0,0,0,0
2006-03-15 03:00:00,0,2219.24,0,226.49,10376.31,3441.17,5641.3,0,0,1220.96,7996.79,132.21,0,11183.74,1044.05,3718.56,64434.17,0,14130.98,0,0,73690.96,0,0,0,2365.21,2559.14,0,22833.39,25504.61,73.84,1427.93,17055.25,0,0,0,0
2006-03-15 04:00:00,0,2309.06,0,253.08,11056.67,3573.78,6124.66,0,0,1247.9,8326.81,145.06,0,11460.89,1134.83,3813.92,65699.76,0,14471.6,0,0,74507.71,0,0,0,2528.79,2717.18,0,23797.9,25831.89,76.09,1449.55,17480.66,0,0,0,0
2006-03-15 05:00:00,0,2404.69,0,275.64,11721.69,3834.82,6522.41,0,0,1302.7,8692.89,165.64,0,11838.17,1258.11,3954.71,67647.71,0,15011.18,0,0,76489.25,0,0,0,2711.09,2875.52,0,24723.62,26625.34,78.7,1532.59,17955.01,0,0,0,0
2006-03-15 06:00:00,0,2508.8,0,297.05,12454.08,4230.52,6898.42,0,0,1375.83,9051.25,191.48,0,12210.24,1426.45,4091.74,69648.61,0,15597.28,0,0,78925.46,0,0,0,2860.03,2994.46,0,25722.02,27529.0,81.39,1621.2,18394.97,0,0,0,0
2006-03-15 07:00:00,0,2598.04,0,325.83,13852.45,4818.48,7502.42,0,0,1544.37,10013.43,212.82,0,13966.5,1569.37,4239.71,71729.2,0,17893.27,0,0,85778.55,0,0,0,3049.84,3136.98,0,26914.41,28426.63,83.7,1776.31,18896.54,0,0,0,0
2006-03-15 08:00:00,0,2700.02,0,332.1,13459.01,5406.3,7421.66,0,0,1655.52,10984.82,213.7,0,14202.3,1507.95,4429.59,76809.33,0,18277.34,0,0,88879.67,0,0,0,2934.3,3024.88,0,28434.91,29571.93,86.04,2011.15,19949.23,0,0,0,0
2006-03-15 09:00:00,0,2636.64,0,295.53,12678.02,5348.82,7025.46,0,0,1717.32,11675.43,196.79,0,14302.07,1436.26,4424.38,78178.59,0,18505.31,0,0,89810.93,0,0,0,2743.54,2849.38,0,26350.35,30217.12,85.2,2081.98,19017.0,0,0,0,0
2006-03-15 10:00:00,0,2401.91,0,286.6,11878.34,5068.07,6398.2,0,0,1764.83,12099.65,182.29,0,14365.41,1370.42,4380.14,77448.05,0,18606.74,0,0,88370.68,0,0,0,2570.75,2612.31,0,24384.14,29908.26,81.24,2039.69,17882.27,0,0,0,0
2006-03-15 11:00:00,0,2217.6,0,284.0,11241.76,4873.25,5929.32,0,0,1775.64,12624.75,172.32,0,14500.09,1316.06,4263.95,76546.2,0,18574.5,0,0,86451.71,0,0,0,2443.25,2415.18,0,23574.56,29339.02,76.83,2001.35,17104.36,0,0,0,0
2006-03-15 12:00:00,0,2092.85,0,279.4,10820.08,4818.51,5560.58,0,0,1807.47,13033.98,168.23,0,14292.85,1300.27,4137.61,75433.82,0,18493.88,0,0,84994.48,0,0,0,2352.02,2291.12,0,22992.82,29084.16,73.55,1993.86,16512.01,0,0,0,0
2006-03-15 13:00:00,0,1991.6,0,270.62,10494.83,4789.31,5299.29,0,0,1831.64,13330.32,165.81,0,13949.86,1296.23,4017.04,74556.6,0,18504.19,0,0,83781.59,0,0,0,2262.05,2174.0,0,22513.05,28992.82,71.46,1997.11,15976.98,0,0,0,0
2006-03-15 14:00:00,0,1905.63,0,263.09,10237.5,4784.03,5142.05,0,0,1844.64,13421.63,166.95,0,14053.94,1281.39,3913.7,73686.39,0,18308.32,0,0,82055.58,0,0,0,2209.21,2092.3,0,22042.24,28737.16,70.09,2007.61,15523.82,0,0,0,0
2006-03-15 15:00:00,0,1871.68,0,259.55,10113.8,4839.79,5062.49,0,0,1846.43,13440.03,168.33,0,14142.26,1277.51,3837.35,72844.95,0,18315.05,0,0,80282.03,0,0,0,2196.65,2068.19,0,21612.49,28267.95,69.39,2044.48,15481.3,0,0,0,0
2006-03-15 16:00:00,0,1817.2,0,262.12,10059.14,5021.56,5126.81,0,0,1852.66,13556.73,175.98,0,14269.67,1298.82,3797.64,72150.53,0,18458.99,0,0,79323.95,0,0,0,2239.49,2085.56,0,21334.28,27641.19,68.41,2141.05,15606.56,0,0,0,0
2006-03-15 17:00:00,0,1831.11,0,268.83,10063.37,5450.88,5365.31,0,0,1895.32,13941.09,188.01,0,14313.09,1323.65,3764.76,71808.54,0,18767.66,0,0,79628.06,0,0,0,2261.98,2127.45,0,21490.96,27308.02,68.61,2261.11,15869.72,0,0,0,0
2006-03-15 18:00:00,0,1885.52,0,268.36,10169.05,5577.56,5659.48,0,0,1938.47,13980.83,198.12,0,14952.95,1334.66,3753.46,71463.31,0,19174.23,0,0,82239.08,0,0,0,2312.56,2258.65,0,21570.44,27111.77,69.35,2346.78,15953.03,0,0,0,0
2006-03-15 19:00:00,0,2100.78,0,297.49,11381.19,5988.2,6809.56,0,0,2062.5,14197.55,216.63,0,16499.94,1515.45,4132.76,74432.04,0,20233.3,0,0,92554.67,0,0,0,2569.64,2548.78,0,23002.66,27815.69,70.97,2533.14,16952.06,0,0,0,0
2006-03-15 20:00:00,0,2195.02,0,292.37,11584.5,5819.9,6596.9,0,0,1921.7,13214.62,211.48,0,15577.22,1458.76,4098.78,74191.1,0,19574.63,0,0,89866.24,0,0,0,2597.08,2541.57,0,23645.96,28877.41,71.65,2310.41,17552.2,0,0,0,0
2006-03-15 21:00:00,0,2258.04,0,285.52,11648.55,5563.83,6411.27,0,0,1802.44,12423.82,210.3,0,14693.54,1389.72,4017.7,74215.51,0,18965.56,0,0,87171.75,0,0,0,2547.07,2512.23,0,23964.65,29457.89,71.45,2132.55,17859.13,0,0,0,0
2006-03-15 22:00:00,0,2222.54,0,268.22,11287.69,5098.64,6243.35,0,0,1696.88,11543.21,197.77,0,13766.06,1322.81,3932.73,72283.25,0,17977.03,0,0,84508.87,0,0,0,2439.2,2441.61,0,23222.5,28740.38,70.5,1968.9,17481.96,0,0,0,0
2006-03-15 23:00:00,0,2098.29,0,250.59,10907.94,4651.56,6177.6,0,0,1591.68,10623.51,185.71,0,12939.78,1254.3,3861.13,69923.66,0,17003.1,0,0,81724.21,0,0,0,2340.84,2375.79,0,22266.21,27512.39,67.86,1814.07,16875.21,0,0,0,0
2006-03-16 00:00:00,0,1977.58,0,234.99,10558.28,4293.82,6093.76,0,0,1479.34,9713.74,172.87,0,12263.86,1207.56,3756.65,67477.77,0,16119.01,0,0,79249.41,0,0,0,2264.64,2318.78,0,21345.88,26330.1,66.84,1675.6,16295.6,0,0,0,0
2006-03-16 01:00:00,0,1878.68,0,222.16,10269.69,3957.78,6033.58,0,0,1376.5,8828.88,160.49,0,11697.77,1161.77,3663.17,65135.88,0,15306.07,0,0,76887.42,0,0,0,2233.55,2294.36,0,20598.14,25227.42,66.24,1561.59,15700.1,0,0,0,0
2006-03-16 02:00:00,0,1782.04,0,214.06,10025.98,3715.61,6113.3,0,0,1290.44,8024.3,155.05,0,11642.26,1169.22,3593.66,62982.78,0,14634.32,0,0,75426.17,0,0,0,2225.25,2338.14,0,20254.89,24215.15,66.06,1470.95,15290.31,0,0,0,0
2006-03-16 03:00:00,0,1747.16,0,220.22,10242.27,3851.89,6415.76,0,0,1302.15,8164.74,159.16,0,11727.43,1237.18,3585.44,62113.53,0,14524.91,0,0,75732.12,0,0,0,2300.97,2472.89,0,20749.75,23440.42,65.63,1484.02,15307.22,0,0,0,0
2006-03-16 04:00:00,0,1788.2,0,236.93,10660.23,4134.4,6827.93,0,0,1362.99,8538.27,166.17,0,12093.63,1306.41,3702.9,63092.31,0,14873.25,0,0,77865.33,0,0,0,2435.8,2597.88,0,21614.7,23668.15,66.0,1569.22,15764.41,0,0,0,0
2006-03-16 05:00:00,0,1855.8,0,245.15,11246.16,4406.2,7183.62,0,0,1420.36,8934.62,173.19,0,12508.19,1376.7,3856.57,64734.4,0,15472.36,0,0,80569.7,0,0,0,2583.65,2733.29,0,22485.16,24308.46,66.92,1656.73,16360.5,0,0,0,0
2006-03-16 06:00:00,0,1915.09,0,262.13,11754.48,4669.59,7488.63,0,0,1475.66,9366.56,182.97,0,12956.22,1461.99,4027.48,66304.31,0,16114.23,0,0,83082.26,0,0,0,2695.16,2826.09,0,23305.32,25142.09,67.86,1742.05,16946.34,0,0,0,0
2006-03-16 07:00:00,0,1990.44,0,279.54,12640.11,5003.74,7877.43,0,0,1586.9,10179.33,195.4,0,14725.67,1525.31,4189.79,67913.86,0,18204.58,0,0,88578.8,0,0,0,2886.05,2972.55,0,24298.86,26027.99,69.8,1865.86,17528.47,0,0,0,0
2006-03-16 08:00:00,0,2132.38,0,311.14,13080.54,5418.69,7988.48,0,0,1720.3,11260.37,209.42,0,14983.93,1571.98,4391.74,72772.71,0,18642.78,0,0,92065.56,0,0,0,2991.21,2994.86,0,26602.54,27277.04,72.64,1997.72,18580.38,0,0,0,0
2006-03-16 09:00:00,0,2205.94,0,305.97,12523.52,5308.72,7532.75,0,0,1786.14,12061.37,192.86,0,14870.71,1379.68,4310.5,75215.33,0,18841.3,0,0,91792.49,0,0,0,2817.96,2841.85,0,25474.68,28551.11,73.76,2041.85,18227.58,0,0,0,0
2006-03-16 10:00:00,0,2125.39,0,292.36,12217.28,5335.81,7059.26,0,0,1800.14,12527.21,184.42,0,14557.43,1324.93,4249.18,75990.25,0,18761.98,0,0,89071.33,0,0,0,2640.61,2590.83,0,24423.36,29148.4,75.05,2109.82,17550.6,0,0,0,0
2006-03-16 11:00:00,0,2056.19,0,284.07,11972.94,5252.42,6471.18,0,0,1814.58,12947.7,179.52,0,14255.35,1274.41,4089.79,76190.13,0,18583.98,0,0,86510.2,0,0,0,2498.43,2415.78,0,23848.93,29092.63,75.82,2156.36,16860.05,0,0,0,0
2006-03-16 12:00:00,0,1993.46,0,279.72,11485.1,5349.22,6074.97,0,0,1849.7,13393.27,175.15,0,13993.88,1259.2,3938.01,75658.17,0,18397.93,0,0,84717.44,0,0,0,2419.37,2300.11,0,23570.32,29109.24,75.33,2230.15,16505.48,0,0,0,0
2006-03-16 13:00:00,0,1922.89,0,274.42,10899.85,5465.31,5690.39,0,0,1901.49,13729.91,174.85,0,13820.2,1250.54,3875.52,74922.68,0,18218.1,0,0,83331.78,0,0,0,2397.34,2252.62,0,23281.05,28943.34,72.92,2287.57,16148.26,0,0,0,0
2006-03-16 14:00:00,0,1860.69,0,276.77,10345.7,5548.74,5456.24,0,0,1921.79,13997.51,175.41,0,13752.78,1245.44,3851.5,74371.13,0,18087.69,0,0,81893.6,0,0,0,2400.22,2254.51,0,22539.41,28628.36,70.2,2350.44,16004.5,0,0,0,0
2006-03-16 15:00:00,0,1812.87,0,276.74,10049.99,5672.27,5345.08,0,0,1957.07,14307.68,182.58,0,13793.2,1276.7,3833.16,74037.28,0,18175.97,0,0,81297.83,0,0,0,2358.02,2248.77,0,22246.98,28232.14,68.83,2443.22,15956.93,0,0,0,0
2006-03-16 16:00:00,0,1785.79,0,285.13,10068.74,5878.85,5307.42,0,0,2020.34,14607.14,199.16,0,13901.71,1335.13,3876.33,73712.0,0,18283.24,0,0,81311.17,0,0,0,2312.24,2152.88,0,22390.95,27666.58,67.98,2514.74,15973.4,0,0,0,0
2006-03-16 17:00:00,0,1801.05,0,292.36,10136.01,6248.66,5435.77,0,0,2110.2,14969.86,214.39,0,14008.82,1383.38,3858.34,73369.41,0,18506.1,0,0,82299.27,0,0,0,2306.11,2149.95,0,22311.64,27412.56,67.23,2568.43,16165.2,0,0,0,0
2006-03-16 18:00:00,0,1877.27,0,291.88,10342.38,6281.7,5692.83,0,0,2126.16,14700.84,219.07,0,14717.85,1396.2,3808.14,73066.39,0,19014.33,0,0,85713.38,0,0,0,2342.38,2229.78,0,22222.42,27309.65,67.11,2559.03,16220.35,0,0,0,0
2006-03-16 19:00:00,0,2119.27,0,320.0,11015.58,6469.72,6671.62,0,0,2242.21,14964.51,240.11,0,16080.97,1538.35,4066.79,74538.66,0,19800.99,0,0,91767.75,0,0,0,2544.62,2502.46,0,23109.85,27254.59,68.72,2703.06,16890.72,0,0,0,0
2006-03-16 20:00:00,0,2217.41,0,307.74,11140.7,6105.73,6383.92,0,0,2069.2,13817.0,222.0,0,15214.7,1425.33,3910.43,74318.0,0,19204.09,0,0,89506.17,0,0,0,2551.78,2469.66,0,23560.02,28489.9,68.79,2451.37,17342.72,0,0,0,0
2006-03-16 21:00:00,0,2343.13,0,296.45,11150.21,5733.84,6091.09,0,0,1879.18,12818.64,210.74,0,14409.35,1344.67,3721.94,73875.75,0,18639.73,0,0,86792.83,0,0,0,2507.0,2440.05,0,23659.71,29353.53,68.96,2223.98,17581.96,0,0,0,0
2006-03-16 22:00:00,0,2326.44,0,275.52,10632.27,5165.91,5795.76,0,0,1721.31,11825.35,196.2,0,13623.09,1258.4,3584.74,71535.42,0,17772.94,0,0,83841.48,0,0,0,2371.92,2332.97,0,22700.16,28873.58,68.69,2045.51,16501.64,0,0,0,0
2006-03-16 23:00:00,0,2245.75,0,252.81,10118.8,4656.17,5556.92,0,0,1577.66,10811.23,179.76,0,12878.6,1171.38,3437.13,69151.94,0,16793.58,0,0,80769.27,0,0,0,2259.76,2226.67,0,21698.56,28013.28,68.47,1887.82,15596.26,0,0,0,0
2006-03-17 00:00:00,0,2154.62,0,230.04,9630.01,4162.71,5350.76,0,0,1449.44,9789.46,163.07,0,12175.82,1084.59,3336.04,66770.94,0,15952.1,0,0,78065.0,0,0,0,2154.28,2122.96,0,20491.48,27113.73,68.7,1741.29,14757.41,0,0,0,0
2006-03-17 01:00:00,0,2068.28,0,210.86,9205.25,3719.71,5135.35,0,0,1332.89,8872.4,146.92,0,11750.79,1021.36,3242.05,64588.38,0,15201.08,0,0,75911.85,0,0,0,2060.79,2030.83,0,19434.35,26198.91,69.17,1607.2,13920.81,0,0,0,0
2006-03-17 02:00:00,0,2048.58,0,195.14,8910.77,3394.96,5034.56,0,0,1232.42,7963.94,134.39,0,11749.0,982.2,3168.51,62503.18,0,14783.98,0,0,75065.98,0,0,0,2013.57,1979.8,0,18938.0,25312.21,69.54,1500.43,13190.7,0,0,0,0
2006-03-17 03:00:00,0,2095.97,0,195.68,8992.66,3497.05,5111.56,0,0,1243.48,7948.09,133.77,0,11822.88,1020.09,3114.74,61430.27,0,14695.15,0,0,75181.35,0,0,0,2012.59,2049.47,0,18658.84,25022.98,70.34,1503.5,13019.56,0,0,0,0
2006-03-17 04:00:00,0,2195.38,0,204.79,9328.07,3752.63,5332.42,0,0,1310.64,8295.33,143.37,0,12187.45,1090.48,3239.47,63082.48,0,15078.25,0,0,77143.53,0,0,0,2088.46,2116.06,0,18999.71,25425.79,72.22,1575.9,13388.25,0,0,0,0
2006-03-17 05:00:00,0,2295.69,0,216.07,9984.87,4047.45,5703.37,0,0,1378.06,8684.55,152.19,0,12599.68,1151.53,3442.88,64980.13,0,15714.79,0,0,79591.17,0,0,0,2177.06,2174.19,0,19244.98,26241.62,74.45,1653.2,13968.51,0,0,0,0
2006-03-17 06:00:00,0,2400.75,0,225.19,10593.17,4353.38,6057.78,0,0,1443.81,9103.74,161.08,0,13047.67,1216.39,3672.57,66888.34,0,16317.18,0,0,81995.07,0,0,0,2246.46,2224.61,0,19666.9,27221.96,77.33,1732.01,14779.56,0,0,0,0
2006-03-17 07:00:00,0,2501.74,0,247.46,11687.68,4707.65,6548.04,0,0,1591.32,10114.16,171.38,0,14887.73,1265.77,3918.16,69002.19,0,18499.82,0,0,88512.77,0,0,0,2430.53,2345.47,0,20800.78,28200.0,80.45,1837.09,15735.43,0,0,0,0
2006-03-17 08:00:00,0,2674.95,0,273.47,11677.62,5110.19,6652.82,0,0,1705.63,11173.96,180.0,0,15155.95,1328.97,4268.59,74949.45,0,18909.38,0,0,91663.83,0,0,0,2513.69,2417.9,0,22499.53,29964.02,83.89,1948.79,17305.63,0,0,0,0
2006-03-17 09:00:00,0,2751.48,0,285.84,11224.81,5238.19,6473.5,0,0,1790.63,12105.89,186.49,0,15036.7,1311.82,4344.27,77217.31,0,18977.85,0,0,91822.13,0,0,0,2522.69,2387.99,0,22779.77,31004.52,85.72,2064.08,17388.76,0,0,0,0
2006-03-17 10:00:00,0,2718.51,0,299.75,11023.5,5351.68,6082.86,0,0,1830.23,12652.62,183.64,0,14821.22,1269.5,4404.49,77257.11,0,18899.33,0,0,89265.92,0,0,0,2453.16,2281.37,0,22609.6,31464.48,86.54,2148.27,17262.32,0,0,0,0
2006-03-17 11:00:00,0,2647.38,0,308.68,10686.43,5408.36,5832.64,0,0,1875.02,13290.63,183.86,0,14630.54,1249.18,4415.86,76242.89,0,18786.0,0,0,86621.1,0,0,0,2390.44,2217.52,0,22342.17,31517.35,86.64,2245.01,17116.76,0,0,0,0
2006-03-17 12:00:00,0,2525.96,0,319.58,10507.5,5574.57,5535.66,0,0,1926.15,14046.09,191.1,0,14463.92,1298.96,4390.0,75363.13,0,18689.04,0,0,84514.06,0,0,0,2364.13,2217.55,0,22240.62,30943.2,84.5,2346.89,16861.31,0,0,0,0
2006-03-17 13:00:00,0,2379.7,0,331.35,10367.2,5856.13,5445.7,0,0,1979.85,14623.9,201.47,0,14315.58,1380.47,4308.19,74556.77,0,18530.97,0,0,83044.3,0,0,0,2372.27,2197.78,0,22015.66,30212.75,81.73,2411.81,16437.32,0,0,0,0
2006-03-17 14:00:00,0,2241.92,0,337.07,10238.44,6139.31,5424.34,0,0,2055.05,15254.08,214.96,0,14242.5,1468.2,4223.17,73596.64,0,18460.18,0,0,82035.48,0,0,0,2379.48,2177.92,0,21829.13,29583.51,79.35,2533.97,16154.08,0,0,0,0
2006-03-17 15:00:00,0,2128.93,0,343.21,10128.2,6420.05,5424.0,0,0,2151.9,15869.7,231.28,0,14287.17,1536.34,4132.17,72512.16,0,18470.25,0,0,81258.23,0,0,0,2383.02,2177.14,0,21707.85,28940.61,76.57,2646.89,16000.36,0,0,0,0
2006-03-17 16:00:00,0,2066.54,0,347.46,10152.61,6678.02,5524.66,0,0,2237.83,16340.07,243.0,0,14407.02,1586.16,4020.27,71680.71,0,18659.71,0,0,80590.56,0,0,0,2387.57,2181.63,0,21741.15,28500.01,74.93,2714.36,15948.32,0,0,0,0
2006-03-17 17:00:00,0,2105.22,0,348.85,10229.59,6817.96,5739.12,0,0,2282.6,16478.02,247.14,0,14560.11,1615.01,3897.35,70879.11,0,18958.86,0,0,80063.34,0,0,0,2385.73,2188.51,0,21768.78,28196.62,74.27,2726.37,15915.21,0,0,0,0
2006-03-17 18:00:00,0,2140.54,0,341.73,10337.54,6699.89,5907.04,0,0,2279.79,15820.3,241.78,0,15372.67,1560.56,3872.2,70613.0,0,19470.54,0,0,82925.82,0,0,0,2382.97,2246.32,0,21712.53,28002.63,74.09,2699.79,16002.1,0,0,0,0
2006-03-17 19:00:00,0,2091.93,0,337.66,10644.97,6469.54,6123.72,0,0,2272.67,15663.72,244.39,0,16238.08,1550.62,3845.87,70810.52,0,19498.38,0,0,88217.51,0,0,0,2465.71,2412.57,0,21288.96,27293.0,67.59,2629.06,15553.2,0,0,0,0
2006-03-17 20:00:00,0,2177.25,0,316.24,10689.8,6054.59,5988.66,0,0,2058.16,14123.95,226.36,0,15572.56,1419.67,3805.5,71421.45,0,19071.77,0,0,87023.3,0,0,0,2423.45,2349.41,0,21744.92,27970.45,67.43,2410.13,15962.87,0,0,0,0
2006-03-17 21:00:00,0,2299.6,0,298.35,10533.16,5694.87,5837.42,0,0,1879.38,12973.02,215.8,0,14902.01,1321.61,3759.53,71513.51,0,18684.02,0,0,85500.06,0,0,0,2449.05,2320.77,0,22009.14,28144.0,66.67,2237.83,16505.64,0,0,0,0
2006-03-17 22:00:00,0,2335.95,0,272.8,9946.83,5190.39,5714.68,0,0,1712.14,11913.2,199.88,0,14215.69,1227.72,3728.37,70340.94,0,17939.49,0,0,83504.82,0,0,0,2337.67,2234.43,0,21213.24,28023.83,65.77,2101.71,16037.58,0,0,0,0
2006-03-17 23:00:00,0,2258.49,0,250.06,9522.23,4709.53,5603.87,0,0,1559.36,10889.52,183.05,0,13535.13,1145.92,3704.37,68586.81,0,17051.77,0,0,81317.72,0,0,0,2230.9,2164.9,0,20352.17,27393.0,64.68,1981.59,15490.87,0,0,0,0
2006-03-18 00:00:00,0,2179.76,0,231.99,9119.86,4280.32,5383.78,0,0,1443.21,10014.55,169.08,0,12827.49,1074.83,3644.12,66670.61,0,16249.59,0,0,79417.52,0,0,0,2148.44,2107.28,0,19554.64,26549.49,63.72,1860.04,14993.06,0,0,0,0
2006-03-18 01:00:00,0,2081.6,0,216.23,8829.74,3911.14,5215.98,0,0,1342.46,9193.0,155.27,0,12168.32,1027.17,3579.13,64821.27,0,15485.33,0,0,77394.95,0,0,0,2078.86,2053.47,0,19113.4,25679.66,62.51,1732.76,14494.25,0,0,0,0
2006-03-18 02:00:00,0,2007.66,0,201.15,8826.59,3659.75,5136.57,0,0,1257.4,8552.23,144.63,0,11919.82,989.72,3557.63,63396.06,0,14854.11,0,0,75922.47,0,0,0,2043.09,2015.82,0,18910.83,24925.74,62.07,1618.56,14362.58,0,0,0,0
2006-03-18 03:00:00,0,1979.11,0,192.38,8907.54,3489.2,5190.78,0,0,1199.95,8162.18,133.61,0,11867.83,968.85,3545.31,62753.82,0,14848.53,0,0,75222.24,0,0,0,2017.74,2029.31,0,19006.9,24333.51,61.79,1551.71,14400.63,0,0,0,0
2006-03-18 04:00:00,0,1996.2,0,190.99,9252.12,3476.5,5374.96,0,0,1200.53,8033.29,130.07,0,11929.02,989.84,3562.6,62393.99,0,14822.77,0,0,75300.93,0,0,0,2023.15,2101.98,0,19275.05,24221.7,61.89,1519.34,14590.57,0,0,0,0
2006-03-18 05:00:00,0,2057.49,0,194.47,9821.76,3548.03,5793.58,0,0,1218.28,8048.55,134.33,0,12100.16,1045.72,3635.76,63048.49,0,14920.92,0,0,75813.89,0,0,0,2056.82,2213.62,0,19779.84,24403.68,62.96,1538.71,15044.3,0,0,0,0
2006-03-18 06:00:00,0,2134.97,0,201.9,10498.78,3687.74,6261.53,0,0,1256.08,8297.25,140.54,0,12310.59,1090.5,3741.74,64171.02,0,15093.26,0,0,76535.7,0,0,0,2129.94,2339.69,0,20396.22,24852.57,64.09,1565.92,15625.7,0,0,0,0
2006-03-18 07:00:00,0,2215.37,0,212.15,11138.43,3916.03,6709.79,0,0,1323.51,8767.82,149.74,0,12952.44,1162.83,3847.69,65399.73,0,16035.84,0,0,78692.67,0,0,0,2293.28,2524.79,0,21213.98,25298.94,65.64,1592.31,16121.01,0,0,0,0
2006-03-18 08:00:00,0,2324.71,0,231.26,11391.18,4389.05,6899.86,0,0,1492.58,9896.37,163.88,0,13388.58,1226.16,3933.21,67815.56,0,16673.44,0,0,80879.57,0,0,0,2405.94,2707.76,0,22600.27,25768.15,67.33,1725.02,17265.97,0,0,0,0
2006-03-18 09:00:00,0,2483.8,0,243.83,11273.66,4773.12,6797.47,0,0,1627.87,11131.39,168.12,0,13520.33,1277.45,3982.97,69890.1,0,16857.06,0,0,81521.41,0,0,0,2507.41,2766.44,0,22814.35,26447.79,69.32,1882.2,17689.52,0,0,0,0
2006-03-18 10:00:00,0,2523.14,0,254.39,10977.8,4974.84,6399.48,0,0,1646.85,12073.05,169.9,0,13416.31,1306.46,3837.5,70707.42,0,16788.09,0,0,80769.81,0,0,0,2504.32,2689.96,0,23031.73,27088.11,70.75,1966.8,17705.44,0,0,0,0
2006-03-18 11:00:00,0,2547.86,0,255.6,10576.6,5021.04,6079.4,0,0,1706.23,13090.63,166.54,0,13284.86,1296.26,3678.22,70459.45,0,16682.22,0,0,79738.81,0,0,0,2449.66,2579.13,0,23221.78,27615.72,71.17,2088.69,17351.33,0,0,0,0
2006-03-18 12:00:00,0,2564.99,0,255.67,10280.6,5135.88,5789.3,0,0,1806.56,13875.73,163.7,0,13155.8,1303.16,3577.35,70165.78,0,16636.18,0,0,78568.41,0,0,0,2364.62,2473.11,0,23191.9,28030.05,71.27,2198.78,17007.49,0,0,0,0
2006-03-18 13:00:00,0,2573.89,0,258.36,9889.5,5149.91,5490.77,0,0,1847.96,14338.72,164.36,0,13011.95,1306.73,3520.29,69800.43,0,16575.51,0,0,77223.45,0,0,0,2288.87,2369.44,0,22901.08,28296.95,70.58,2242.18,16518.57,0,0,0,0
2006-03-18 14:00:00,0,2553.72,0,258.92,9415.78,5185.32,5327.82,0,0,1874.34,14550.79,165.89,0,12934.41,1300.83,3459.62,69051.12,0,16488.77,0,0,75893.57,0,0,0,2256.8,2328.08,0,22688.77,28220.88,69.71,2269.48,15696.47,0,0,0,0
2006-03-18 15:00:00,0,2531.78,0,265.71,9024.16,5340.62,5208.44,0,0,1915.61,14880.73,173.16,0,12969.97,1283.26,3394.43,68455.12,0,16392.53,0,0,74612.79,0,0,0,2223.0,2322.69,0,22457.3,28102.13,69.09,2293.32,15137.1,0,0,0,0
2006-03-18 16:00:00,0,2517.82,0,268.99,8918.88,5488.15,5118.03,0,0,1986.25,15061.46,182.43,0,12839.15,1249.44,3330.6,68088.41,0,16426.26,0,0,73751.14,0,0,0,2199.0,2294.93,0,22040.83,27925.12,67.95,2272.99,15136.59,0,0,0,0
2006-03-18 17:00:00,0,2498.87,0,273.35,8864.31,5672.57,5138.1,0,0,2025.88,14838.64,190.8,0,13109.99,1230.54,3312.91,67818.12,0,16782.63,0,0,73684.01,0,0,0,2204.34,2269.88,0,21445.79,27740.12,67.08,2288.51,15484.95,0,0,0,0
2006-03-18 18:00:00,0,2478.92,0,264.93,9092.82,5534.9,5436.37,0,0,1963.61,14413.75,197.19,0,14048.54,1199.08,3367.51,67538.78,0,17387.7,0,0,76617.26,0,0,0,2238.29,2257.99,0,20775.2,27672.88,66.12,2261.51,15289.96,0,0,0,0
2006-03-18 19:00:00,0,2304.79,0,290.46,11031.72,5843.36,6831.62,0,0,2139.21,14891.14,208.82,0,16039.75,1413.76,4034.58,72485.29,0,19451.72,0,0,90081.14,0,0,0,2563.0,2540.41,0,22305.49,28043.69,70.6,2494.56,16459.74,0,0,0,0
2006-03-18 20:00:00,0,2356.78,0,280.89,11358.58,5566.94,6750.77,0,0,1955.07,13615.0,199.73,0,15402.17,1338.2,4044.98,72822.4,0,19015.55,0,0,88951.17,0,0,0,2600.69,2593.17,0,23089.05,28708.33,69.96,2258.14,17090.25,0,0,0,0
2006-03-18 21:00:00,0,2442.5,0,277.4,11476.23,5341.32,6589.34,0,0,1804.33,12653.52,195.94,0,14744.61,1292.85,4026.7,72775.46,0,18649.27,0,0,86741.87,0,0,0,2641.03,2617.51,0,23360.0,28714.95,69.04,2070.38,17722.41,0,0,0,0
2006-03-18 22:00:00,0,2471.53,0,260.74,11060.84,4879.97,6462.61,0,0,1678.45,11720.35,188.06,0,14041.05,1232.38,3975.78,71207.61,0,17929.69,0,0,84624.5,0,0,0,2546.23,2582.51,0,22885.53,28375.61,68.03,1916.32,17234.0,0,0,0,0
2006-03-18 23:00:00,0,2382.0,0,243.68,10691.67,4468.12,6382.69,0,0,1546.78,10803.29,173.09,0,13287.01,1174.92,3915.89,69160.93,0,17081.89,0,0,82428.66,0,0,0,2451.97,2537.36,0,22243.17,27601.72,66.84,1786.58,16658.88,0,0,0,0
2006-03-19 00:00:00,0,2286.05,0,230.74,10373.93,4087.31,6278.79,0,0,1439.74,9888.8,159.93,0,12518.78,1127.1,3813.14,67069.48,0,16256.45,0,0,80103.02,0,0,0,2368.61,2483.35,0,21581.71,26812.8,65.5,1672.03,16117.51,0,0,0,0
2006-03-19 01:00:00,0,2180.72,0,217.55,10176.89,3745.51,6173.96,0,0,1329.21,8916.84,148.9,0,11936.93,1085.0,3718.99,64975.05,0,15486.17,0,0,77757.12,0,0,0,2312.98,2449.58,0,20952.7,25951.8,64.29,1565.71,15511.63,0,0,0,0
2006-03-19 02:00:00,0,2098.61,0,206.51,10184.14,3514.7,6172.84,0,0,1247.44,8174.22,140.69,0,11736.7,1050.34,3695.54,63302.69,0,14907.85,0,0,76099.63,0,0,0,2291.18,2477.62,0,20438.1,25111.48,63.75,1495.1,15252.64,0,0,0,0
2006-03-19 03:00:00,0,2061.04,0,201.0,10336.07,3393.98,6281.75,0,0,1196.32,7787.3,136.15,0,11643.8,1044.78,3684.29,62396.68,0,14652.42,0,0,75103.76,0,0,0,2275.86,2518.12,0,20090.4,24398.39,63.52,1459.16,15121.99,0,0,0,0
2006-03-19 04:00:00,0,2086.98,0,197.38,10559.3,3438.84,6552.66,0,0,1204.53,7768.04,134.74,0,11635.99,1066.9,3695.38,61859.18,0,14564.89,0,0,75401.99,0,0,0,2314.31,2589.65,0,20085.86,24237.18,63.48,1456.34,15072.6,0,0,0,0
2006-03-19 05:00:00,0,2167.45,0,200.57,10966.53,3536.13,7041.9,0,0,1227.56,7879.19,137.83,0,11794.21,1107.07,3754.96,62462.76,0,14694.23,0,0,76446.45,0,0,0,2413.06,2695.49,0,20389.54,24318.07,64.66,1503.42,15319.65,0,0,0,0
2006-03-19 06:00:00,0,2244.73,0,207.98,11366.03,3701.39,7473.54,0,0,1267.94,8208.52,143.76,0,12010.46,1142.33,3860.2,63495.91,0,15034.22,0,0,77613.29,0,0,0,2482.93,2788.55,0,20935.18,24710.93,66.01,1558.62,15767.89,0,0,0,0
2006-03-19 07:00:00,0,2315.5,0,213.66,11784.28,3944.82,7672.18,0,0,1351.62,8803.07,151.92,0,12616.71,1188.56,3954.47,64475.93,0,15970.41,0,0,80432.62,0,0,0,2585.9,2883.72,0,21479.86,25192.78,67.32,1616.36,16298.07,0,0,0,0
2006-03-19 08:00:00,0,2420.54,0,231.08,11925.59,4439.95,7476.64,0,0,1535.11,10027.55,161.47,0,13064.59,1191.48,4069.78,66877.14,0,16690.09,0,0,83225.03,0,0,0,2663.79,3001.04,0,22642.9,25679.65,68.67,1751.71,17433.14,0,0,0,0
2006-03-19 09:00:00,0,2560.96,0,236.69,11759.74,4813.68,7226.98,0,0,1667.01,11391.98,162.22,0,13078.36,1183.15,4130.81,68844.84,0,16937.98,0,0,83906.35,0,0,0,2730.55,3080.38,0,23388.43,26343.8,70.07,1870.08,18117.27,0,0,0,0
2006-03-19 10:00:00,0,2605.06,0,240.13,11223.65,5025.79,6717.86,0,0,1711.19,12322.55,163.98,0,12931.0,1202.89,4137.75,69547.67,0,16908.37,0,0,82639.22,0,0,0,2717.83,3024.44,0,23694.75,26982.79,70.83,1981.72,18013.87,0,0,0,0
2006-03-19 11:00:00,0,2633.85,0,245.25,10767.7,5170.45,6305.33,0,0,1773.02,13233.21,169.11,0,12828.24,1236.33,3916.04,69407.95,0,16839.08,0,0,81043.86,0,0,0,2637.64,2846.85,0,23908.67,27519.23,71.59,2111.61,17625.45,0,0,0,0
2006-03-19 12:00:00,0,2645.03,0,249.36,10530.82,5335.81,5936.79,0,0,1847.6,13937.33,178.9,0,12761.5,1265.44,3731.54,69102.96,0,16830.43,0,0,79267.55,0,0,0,2511.25,2638.56,0,24027.24,27970.71,71.64,2267.28,17392.75,0,0,0,0
2006-03-19 13:00:00,0,2646.96,0,254.24,10223.46,5467.94,5671.91,0,0,1894.72,14391.4,181.37,0,12779.49,1264.53,3620.84,68556.52,0,16860.59,0,0,77412.59,0,0,0,2435.24,2526.09,0,23902.05,28311.94,71.37,2356.88,17165.79,0,0,0,0
2006-03-19 14:00:00,0,2631.37,0,256.39,9912.62,5541.05,5574.07,0,0,1925.27,14713.06,170.51,0,12909.09,1243.56,3521.12,68066.49,0,16762.16,0,0,75692.08,0,0,0,2305.57,2399.93,0,23954.94,28305.4,70.78,2467.07,16812.89,0,0,0,0
2006-03-19 15:00:00,0,2618.24,0,263.7,9619.31,5751.97,5500.84,0,0,1970.3,15028.79,168.56,0,12989.92,1230.73,3449.5,67611.74,0,16597.73,0,0,74354.93,0,0,0,2277.01,2406.28,0,23713.81,28215.2,69.98,2567.34,16794.15,0,0,0,0
2006-03-19 16:00:00,0,2608.15,0,267.95,9472.15,5970.84,5486.02,0,0,2005.06,15154.74,174.17,0,12975.16,1221.93,3399.89,67382.14,0,16641.97,0,0,73566.94,0,0,0,2245.09,2382.66,0,23451.23,28067.4,69.18,2631.9,16871.56,0,0,0,0
2006-03-19 17:00:00,0,2607.92,0,271.47,9515.13,6056.11,5557.94,0,0,1995.16,14938.39,185.46,0,13097.87,1204.46,3392.35,67045.55,0,16946.56,0,0,73475.41,0,0,0,2220.31,2374.67,0,23119.24,27928.76,68.72,2640.49,16709.77,0,0,0,0
2006-03-19 18:00:00,0,2600.2,0,266.49,10028.95,6000.43,5849.01,0,0,1971.51,14633.2,194.14,0,13983.24,1189.63,3497.32,66627.94,0,17615.63,0,0,76078.64,0,0,0,2266.96,2329.13,0,22574.93,27788.74,68.82,2604.6,16504.98,0,0,0,0
2006-03-19 19:00:00,0,2574.69,0,317.92,11487.29,6607.13,7194.96,0,0,2291.08,15293.06,226.59,0,16509.61,1505.57,4294.3,74970.23,0,20499.51,0,0,93008.8,0,0,0,2632.55,2653.25,0,24543.32,29479.91,81.74,2858.62,18675.25,0,0,0,0
2006-03-19 20:00:00,0,2614.17,0,310.55,11676.48,6315.72,7032.06,0,0,2135.42,14154.37,219.68,0,15712.4,1427.81,4227.68,74753.1,0,19905.88,0,0,90880.87,0,0,0,2664.2,2652.16,0,25042.6,30428.34,80.28,2655.12,19055.27,0,0,0,0
2006-03-19 21:00:00,0,2654.39,0,301.34,11762.87,5973.08,6827.31,0,0,1981.8,13266.94,214.19,0,14900.24,1335.17,4172.19,74555.2,0,19273.62,0,0,88139.54,0,0,0,2655.54,2617.22,0,25231.14,30863.69,79.03,2433.16,19207.47,0,0,0,0
2006-03-19 22:00:00,0,2589.59,0,284.14,11329.58,5408.07,6631.02,0,0,1825.6,12291.0,197.45,0,14084.69,1240.52,4107.79,72492.83,0,18270.46,0,0,85269.41,0,0,0,2531.83,2545.94,0,24261.68,30118.12,77.67,2215.86,18538.11,0,0,0,0
2006-03-19 23:00:00,0,2470.53,0,259.41,10905.73,4861.92,6438.06,0,0,1669.97,11287.46,180.47,0,13335.61,1147.8,4023.62,70371.52,0,17330.51,0,0,82460.99,0,0,0,2433.21,2469.15,0,23280.89,29007.82,76.22,2040.6,17913.49,0,0,0,0
2006-03-20 00:00:00,0,2343.53,0,231.29,10464.71,4347.1,6240.05,0,0,1525.87,10322.53,164.44,0,12604.31,1053.99,3933.81,68019.02,0,16461.46,0,0,80373.56,0,0,0,2335.82,2379.43,0,22209.9,27877.12,74.79,1886.67,17279.68,0,0,0,0
2006-03-20 01:00:00,0,2227.97,0,211.68,10249.38,3860.97,6130.29,0,0,1396.16,9377.95,148.72,0,12160.91,966.52,3835.49,65624.19,0,15623.53,0,0,78610.3,0,0,0,2256.16,2309.99,0,21266.2,26737.44,74.06,1735.93,16643.06,0,0,0,0
2006-03-20 02:00:00,0,2119.17,0,196.22,10212.1,3505.64,6226.71,0,0,1278.35,8474.85,135.52,0,12117.09,919.87,3744.49,63243.16,0,15075.37,0,0,77549.9,0,0,0,2237.34,2354.96,0,20809.53,25811.75,73.86,1594.81,16147.85,0,0,0,0
2006-03-20 03:00:00,0,2104.97,0,194.98,10582.36,3499.21,6630.83,0,0,1249.06,8347.78,134.47,0,12172.95,958.16,3711.17,62013.7,0,15020.17,0,0,78047.74,0,0,0,2328.3,2501.03,0,20790.96,25453.79,73.65,1564.67,16083.4,0,0,0,0
2006-03-20 04:00:00,0,2170.79,0,206.71,11228.3,3718.79,7179.77,0,0,1303.45,8725.19,141.29,0,12500.18,1013.33,3829.73,63430.13,0,15457.35,0,0,80313.62,0,0,0,2406.5,2582.92,0,21114.22,25539.22,74.21,1623.58,16396.23,0,0,0,0
2006-03-20 05:00:00,0,2235.17,0,219.91,11918.17,3937.02,7614.07,0,0,1361.36,9107.56,148.0,0,12821.36,1063.35,3990.33,65295.12,0,16092.52,0,0,82633.23,0,0,0,2488.79,2642.78,0,21542.93,26127.07,75.71,1687.19,16934.35,0,0,0,0
2006-03-20 06:00:00,0,2302.76,0,230.47,12526.5,4156.24,7973.17,0,0,1416.89,9486.34,154.71,0,13172.84,1113.69,4150.38,67111.14,0,16663.78,0,0,85163.78,0,0,0,2616.18,2743.08,0,21992.68,26949.15,77.3,1754.54,17365.52,0,0,0,0
2006-03-20 07:00:00,0,2360.88,0,254.23,13744.25,4568.53,8457.91,0,0,1565.88,10481.11,166.52,0,14949.72,1197.52,4350.59,69291.42,0,18878.24,0,0,92932.8,0,0,0,2720.33,2811.56,0,22569.26,27751.44,78.6,1858.15,17942.48,0,0,0,0
2006-03-20 08:00:00,0,2431.08,0,278.68,13601.0,4999.38,8142.6,0,0,1706.13,11750.78,177.7,0,14992.26,1227.79,4566.58,73783.75,0,19003.46,0,0,94055.53,0,0,0,2793.33,2792.57,0,23854.53,28628.64,80.05,2023.81,18595.6,0,0,0,0
2006-03-20 09:00:00,0,2496.93,0,286.62,13180.65,5294.63,7632.71,0,0,1839.95,12961.65,187.53,0,14894.19,1232.36,4611.68,76700.45,0,19067.92,0,0,94296.89,0,0,0,2756.02,2745.98,0,24715.83,29957.14,81.64,2164.13,19153.74,0,0,0,0
2006-03-20 10:00:00,0,2560.52,0,292.72,12921.84,5435.18,7072.58,0,0,1919.85,13755.12,190.68,0,14680.07,1249.08,4599.87,78074.72,0,18985.28,0,0,92441.17,0,0,0,2731.78,2737.07,0,24590.61,30670.9,83.09,2254.14,19520.44,0,0,0,0
2006-03-20 11:00:00,0,2583.7,0,301.63,12761.83,5709.26,6708.6,0,0,2012.74,14591.43,197.19,0,14507.49,1308.47,4518.38,78265.47,0,18807.64,0,0,90108.99,0,0,0,2683.11,2674.28,0,24355.93,31184.7,84.02,2407.97,19493.09,0,0,0,0
2006-03-20 12:00:00,0,2608.52,0,313.27,12712.23,6203.22,6887.36,0,0,2131.71,15480.53,208.17,0,14334.65,1399.43,4428.98,77804.83,0,18679.96,0,0,88269.36,0,0,0,2668.07,2621.23,0,23900.94,31421.19,85.14,2569.74,19132.18,0,0,0,0
2006-03-20 13:00:00,0,2607.9,0,318.92,12574.42,6630.47,6920.94,0,0,2242.95,16258.05,219.95,0,14169.09,1467.39,4350.08,77297.46,0,18555.1,0,0,87573.42,0,0,0,2641.48,2613.64,0,23641.27,31377.19,84.23,2720.83,18830.18,0,0,0,0
2006-03-20 14:00:00,0,2577.97,0,323.84,12453.21,7002.52,6817.82,0,0,2348.08,16940.45,231.3,0,14070.4,1529.15,4306.73,76652.81,0,18530.17,0,0,87153.91,0,0,0,2627.76,2628.1,0,23278.93,31173.13,82.76,2857.04,18518.98,0,0,0,0
2006-03-20 15:00:00,0,2566.57,0,328.75,12293.13,7318.76,6794.41,0,0,2453.24,17446.04,239.84,0,14102.3,1572.22,4292.28,75830.54,0,18552.43,0,0,86777.54,0,0,0,2633.09,2637.04,0,23069.54,30944.13,81.73,2975.33,18376.08,0,0,0,0
2006-03-20 16:00:00,0,2548.52,0,328.87,12198.68,7424.23,6769.38,0,0,2520.77,17731.11,243.14,0,14191.65,1597.62,4270.28,75017.87,0,18878.04,0,0,86608.37,0,0,0,2633.34,2629.97,0,23012.86,30669.04,81.06,3003.14,18293.23,0,0,0,0
2006-03-20 17:00:00,0,2519.12,0,326.25,12374.64,7401.26,6787.04,0,0,2493.14,17595.72,244.13,0,14308.46,1594.53,4253.39,74417.52,0,19295.72,0,0,87551.43,0,0,0,2645.54,2620.67,0,23121.74,30394.78,80.34,2962.57,18273.55,0,0,0,0
2006-03-20 18:00:00,0,2509.5,0,320.22,12629.57,7148.87,6941.33,0,0,2415.94,16884.76,239.03,0,15134.31,1562.43,4244.23,74294.36,0,19564.35,0,0,90063.93,0,0,0,2658.6,2614.98,0,23015.51,30199.32,79.97,2872.83,18345.08,0,0,0,0
2006-03-20 19:00:00,0,2641.19,0,332.62,12440.42,7158.8,7407.82,0,0,2520.41,16795.95,265.28,0,16722.88,1677.49,4359.52,76585.8,0,20550.53,0,0,95980.14,0,0,0,2750.41,2759.75,0,23799.23,29229.96,79.74,2960.17,18221.78,0,0,0,0
2006-03-20 20:00:00,0,2676.79,0,321.39,12507.87,6829.37,7108.76,0,0,2327.19,15492.02,253.62,0,15862.99,1557.69,4253.32,76600.5,0,19946.31,0,0,93657.89,0,0,0,2751.0,2732.38,0,24362.44,30281.02,78.81,2748.01,18597.33,0,0,0,0
2006-03-20 21:00:00,0,2715.76,0,305.91,12224.58,6412.55,6830.33,0,0,2136.68,14420.93,241.03,0,15009.71,1426.01,4160.23,76146.48,0,19345.38,0,0,91433.75,0,0,0,2746.44,2676.35,0,24420.41,30648.97,77.92,2544.2,18497.46,0,0,0,0
2006-03-20 22:00:00,0,2605.87,0,283.72,11544.57,5794.3,6517.05,0,0,1966.37,13370.62,220.45,0,14155.7,1312.75,4071.3,73891.33,0,18430.73,0,0,89068.65,0,0,0,2609.06,2546.0,0,23429.1,29819.94,76.44,2351.4,17689.06,0,0,0,0
2006-03-20 23:00:00,0,2475.51,0,263.52,10885.54,5213.0,6192.26,0,0,1795.42,12226.15,202.78,0,13340.91,1209.21,3993.26,71487.75,0,17520.47,0,0,86418.83,0,0,0,2467.45,2421.83,0,22271.75,28814.78,75.06,2169.33,16745.86,0,0,0,0
2006-03-21 00:00:00,0,2351.97,0,237.38,10276.9,4647.01,5868.96,0,0,1636.75,11165.05,183.37,0,12608.5,1112.81,3896.96,69256.6,0,16666.46,0,0,83895.27,0,0,0,2352.05,2315.59,0,21067.29,27831.17,73.28,1997.81,15893.74,0,0,0,0
2006-03-21 01:00:00,0,2266.13,0,216.18,9794.73,4144.43,5613.9,0,0,1494.56,10201.93,164.6,0,12069.99,1025.95,3806.16,67026.07,0,15843.9,0,0,81090.33,0,0,0,2245.36,2224.71,0,19890.77,26999.89,71.66,1829.14,15072.13,0,0,0,0
2006-03-21 02:00:00,0,2208.9,0,202.01,9664.42,3789.36,5578.73,0,0,1365.49,9315.47,148.55,0,12038.84,955.09,3723.38,64922.9,0,15265.84,0,0,79519.6,0,0,0,2187.46,2211.99,0,19364.52,26236.93,71.02,1692.87,14339.15,0,0,0,0
2006-03-21 03:00:00,0,2227.5,0,199.27,9891.15,3689.36,5664.57,0,0,1299.47,9055.64,140.04,0,12155.73,947.67,3690.5,63512.3,0,15194.97,0,0,80206.73,0,0,0,2217.92,2286.25,0,19314.68,25921.56,70.79,1659.41,14249.39,0,0,0,0
2006-03-21 04:00:00,0,2305.99,0,208.18,10319.56,3868.48,5873.94,0,0,1338.88,9410.85,144.54,0,12521.4,990.65,3769.58,64887.1,0,15534.42,0,0,83073.92,0,0,0,2318.73,2371.56,0,19856.88,26136.86,72.03,1701.97,14678.64,0,0,0,0
2006-03-21 05:00:00,0,2388.61,0,216.41,10794.25,4059.23,6142.6,0,0,1387.82,9789.39,150.89,0,12871.41,1036.4,3909.24,66857.0,0,16184.24,0,0,85758.67,0,0,0,2439.79,2447.67,0,20339.04,27006.29,74.33,1757.17,15307.83,0,0,0,0
2006-03-21 06:00:00,0,2470.2,0,226.22,11292.33,4254.7,6397.83,0,0,1440.61,10159.32,157.35,0,13251.61,1081.29,4029.91,68557.01,0,16784.35,0,0,88594.99,0,0,0,2544.54,2502.47,0,20820.71,27939.95,77.49,1820.67,15992.32,0,0,0,0
2006-03-21 07:00:00,0,2549.5,0,239.4,11881.83,4498.75,6635.74,0,0,1553.13,10865.5,165.97,0,14962.33,1154.28,4226.87,70358.28,0,18860.78,0,0,95298.47,0,0,0,2679.62,2560.76,0,21364.56,28840.88,80.23,1905.44,16587.91,0,0,0,0
2006-03-21 08:00:00,0,2645.81,0,275.36,12488.46,5014.26,6934.95,0,0,1734.38,12228.48,182.39,0,15092.2,1214.84,4513.78,75602.21,0,19188.25,0,0,99492.79,0,0,0,2795.35,2631.31,0,22786.65,30203.24,82.98,2056.08,17415.05,0,0,0,0
2006-03-21 09:00:00,0,2798.24,0,290.29,12874.78,5287.08,7216.91,0,0,1853.57,13305.58,193.58,0,14873.66,1246.01,4751.43,78375.4,0,19264.34,0,0,100358.75,0,0,0,2802.57,2657.44,0,23410.55,31713.45,85.62,2261.74,17841.66,0,0,0,0
2006-03-21 10:00:00,0,2843.26,0,294.8,12860.43,5590.53,7368.75,0,0,1994.4,14416.81,202.5,0,14577.8,1278.43,4824.25,78768.84,0,19268.53,0,0,100235.67,0,0,0,2757.35,2634.67,0,23656.58,32384.81,87.28,2416.28,17706.92,0,0,0,0
2006-03-21 11:00:00,0,2857.01,0,298.67,12872.21,5916.0,7407.64,0,0,2111.26,15413.89,213.53,0,14274.3,1419.6,4841.34,78552.63,0,19017.97,0,0,99368.46,0,0,0,2722.79,2624.26,0,23772.16,32659.98,89.09,2541.69,17544.54,0,0,0,0
2006-03-21 12:00:00,0,2859.23,0,320.18,12893.6,6412.38,7444.39,0,0,2241.9,16454.0,228.39,0,13968.03,1547.32,4847.74,78244.1,0,18921.31,0,0,98292.8,0,0,0,2680.0,2584.05,0,23699.49,32569.6,90.42,2664.16,17229.55,0,0,0,0
2006-03-21 13:00:00,0,2828.0,0,353.54,12972.71,6863.94,7461.98,0,0,2364.48,17305.75,236.69,0,13721.73,1627.71,4833.23,77558.2,0,19016.84,0,0,97055.3,0,0,0,2635.96,2532.85,0,23411.97,32316.0,90.43,2790.43,17088.67,0,0,0,0
2006-03-21 14:00:00,0,2789.04,0,371.08,13046.18,7167.99,7510.11,0,0,2479.51,17967.85,244.53,0,13692.17,1685.01,4807.26,76720.28,0,18739.57,0,0,96520.96,0,0,0,2642.84,2539.84,0,23021.46,31926.89,90.58,2890.7,16866.74,0,0,0,0
2006-03-21 15:00:00,0,2770.89,0,382.8,13090.75,7322.78,7615.44,0,0,2551.25,18365.93,244.85,0,13729.69,1726.62,4788.38,75908.38,0,18806.0,0,0,95693.29,0,0,0,2667.28,2575.8,0,22425.91,31521.71,90.52,2933.48,16627.34,0,0,0,0
2006-03-21 16:00:00,0,2789.53,0,383.34,13188.44,7471.17,7766.47,0,0,2579.31,18568.46,241.19,0,13859.2,1716.74,4770.44,74936.51,0,19098.04,0,0,94938.26,0,0,0,2642.27,2577.3,0,22197.69,31136.75,90.1,2958.28,16548.52,0,0,0,0
2006-03-21 17:00:00,0,2808.67,0,371.54,13276.21,7409.27,8032.73,0,0,2550.11,18415.38,241.74,0,14077.8,1679.63,4751.62,74069.15,0,19255.48,0,0,94443.31,0,0,0,2605.67,2529.75,0,22124.08,30886.12,89.38,2894.78,16985.12,0,0,0,0
2006-03-21 18:00:00,0,2815.47,0,346.46,13350.15,7005.47,8339.6,0,0,2483.52,17613.57,237.44,0,15077.76,1604.14,4723.47,73413.71,0,19989.16,0,0,95849.28,0,0,0,2586.73,2532.18,0,21972.87,30798.51,88.36,2794.04,17448.24,0,0,0,0
2006-03-21 19:00:00,0,2797.33,0,356.21,13079.2,7223.57,8208.77,0,0,2625.67,17556.37,256.13,0,15987.96,1663.69,4785.8,77202.52,0,20180.1,0,0,99318.38,0,0,0,2699.29,2669.6,0,23146.19,29312.31,85.38,2920.97,18208.93,0,0,0,0
2006-03-21 20:00:00,0,2869.06,0,326.94,13106.95,6978.79,8004.84,0,0,2444.64,16154.19,249.73,0,15155.25,1572.98,4688.15,77052.44,0,19629.24,0,0,96919.84,0,0,0,2724.67,2671.24,0,23587.02,30912.14,84.93,2759.05,19181.17,0,0,0,0
2006-03-21 21:00:00,0,2947.38,0,310.51,12875.49,6696.81,7782.23,0,0,2278.74,15009.83,244.02,0,14300.13,1491.02,4565.38,76630.67,0,18947.39,0,0,93142.46,0,0,0,2703.75,2649.24,0,23619.07,31634.25,83.98,2600.74,19601.59,0,0,0,0
2006-03-21 22:00:00,0,2867.52,0,284.05,12286.77,6134.68,7532.74,0,0,2111.26,13860.86,221.04,0,13442.71,1377.7,4428.99,74712.9,0,17969.92,0,0,89343.84,0,0,0,2620.54,2602.38,0,22357.57,30904.5,83.23,2414.97,19129.43,0,0,0,0
2006-03-21 23:00:00,0,2779.52,0,257.46,11795.71,5567.07,7278.7,0,0,1943.58,12645.34,195.97,0,12674.65,1223.38,4423.28,72797.82,0,16941.48,0,0,86208.5,0,0,0,2530.02,2543.16,0,21483.19,30110.32,82.2,2222.25,18557.21,0,0,0,0
2006-03-22 00:00:00,0,2723.84,0,235.81,11184.05,5031.64,7002.53,0,0,1781.83,11497.98,175.26,0,11957.54,1101.62,4380.89,70829.18,0,15954.64,0,0,83017.13,0,0,0,2451.91,2472.07,0,20699.46,29434.91,81.21,2059.71,18060.94,0,0,0,0
2006-03-22 01:00:00,0,2654.36,0,213.88,10665.12,4464.14,6836.73,0,0,1615.31,10415.22,156.34,0,11530.77,1008.83,4358.85,68845.76,0,15164.4,0,0,80706.69,0,0,0,2319.53,2380.02,0,19767.91,28582.49,80.75,1912.7,17631.91,0,0,0,0
2006-03-22 02:00:00,0,2653.02,0,191.22,10589.17,4010.9,6883.0,0,0,1468.16,9423.37,140.25,0,11598.67,935.01,4349.31,66640.29,0,14724.6,0,0,79971.43,0,0,0,2219.56,2372.74,0,19692.08,27984.45,80.67,1783.0,17230.47,0,0,0,0
2006-03-22 03:00:00,0,2737.27,0,183.49,10708.65,3808.61,6900.43,0,0,1385.27,9015.08,133.5,0,11830.46,912.91,4433.39,65885.06,0,14581.35,0,0,79807.62,0,0,0,2250.65,2411.79,0,20385.26,27908.99,82.32,1739.55,17370.74,0,0,0,0
2006-03-22 04:00:00,0,2827.46,0,188.11,11382.81,3871.3,7090.93,0,0,1382.36,9167.11,137.35,0,12197.33,952.16,4578.01,67358.48,0,15074.17,0,0,82166.99,0,0,0,2346.0,2487.73,0,21502.85,28233.83,84.88,1753.56,17930.59,0,0,0,0
2006-03-22 05:00:00,0,2924.15,0,202.4,12248.33,3960.19,7400.79,0,0,1393.52,9412.6,141.0,0,12488.83,1019.6,4787.98,69164.85,0,15701.41,0,0,84354.33,0,0,0,2429.23,2564.48,0,22627.31,29065.79,86.83,1803.68,18518.59,0,0,0,0
2006-03-22 06:00:00,0,3023.68,0,216.96,12943.21,4143.68,7682.02,0,0,1421.01,9697.22,146.63,0,12824.57,1088.89,5007.28,70979.73,0,16245.19,0,0,86701.75,0,0,0,2591.79,2679.43,0,23802.65,29979.23,88.59,1805.35,19167.15,0,0,0,0
2006-03-22 07:00:00,0,3113.76,0,246.91,14419.54,4570.02,8124.13,0,0,1554.97,10541.87,158.59,0,14499.28,1240.37,5234.87,72987.24,0,18431.86,0,0,94009.24,0,0,0,2887.35,2887.28,0,25583.43,30904.94,90.49,1901.42,20007.27,0,0,0,0
2006-03-22 08:00:00,0,3271.97,0,282.77,14468.0,5020.59,8276.99,0,0,1691.21,11691.89,178.0,0,14902.8,1318.09,5413.91,78935.79,0,18720.97,0,0,94579.59,0,0,0,2972.48,3039.42,0,28180.62,32836.66,94.16,1998.4,21904.37,0,0,0,0
2006-03-22 09:00:00,0,3183.88,0,301.49,14038.73,5192.75,8044.17,0,0,1785.19,12550.19,185.39,0,14823.95,1385.07,5177.48,79350.89,0,18771.17,0,0,93103.92,0,0,0,2891.52,3049.63,0,27948.32,33630.78,95.98,2058.91,21772.43,0,0,0,0
2006-03-22 10:00:00,0,3029.38,0,305.66,13374.32,5349.46,7584.09,0,0,1848.31,13139.98,188.82,0,14589.21,1385.09,4924.02,78781.81,0,18780.12,0,0,90348.88,0,0,0,2817.03,2948.4,0,27522.29,33777.2,95.25,2093.64,21029.91,0,0,0,0
2006-03-22 11:00:00,0,2911.11,0,300.11,12713.67,5267.42,7053.93,0,0,1874.72,13708.93,184.83,0,14411.11,1364.67,4739.45,78186.14,0,18762.6,0,0,88302.08,0,0,0,2743.99,2809.72,0,26858.63,33031.82,94.05,2113.75,20502.65,0,0,0,0
2006-03-22 12:00:00,0,2796.8,0,292.92,12118.5,5254.35,6544.72,0,0,1914.29,14407.64,183.2,0,14248.92,1367.5,4628.29,77437.09,0,18764.97,0,0,86432.44,0,0,0,2645.0,2660.69,0,25760.64,32319.0,91.24,2169.33,19835.13,0,0,0,0
2006-03-22 13:00:00,0,2697.7,0,285.26,11510.81,5306.7,6152.38,0,0,1967.41,14951.44,181.08,0,14409.11,1360.28,4509.37,76557.64,0,18567.71,0,0,84978.79,0,0,0,2553.88,2537.93,0,24689.34,31810.31,88.73,2235.31,18952.4,0,0,0,0
2006-03-22 14:00:00,0,2596.16,0,277.33,11049.47,5394.84,5893.51,0,0,2003.84,15397.53,181.05,0,14330.93,1345.29,4395.18,75667.06,0,18465.94,0,0,83969.69,0,0,0,2467.41,2436.68,0,23955.23,31367.99,87.05,2333.15,18081.98,0,0,0,0
2006-03-22 15:00:00,0,2502.68,0,271.17,10684.78,5512.93,5751.0,0,0,2046.2,15664.85,182.01,0,14192.01,1335.95,4283.98,75076.85,0,18530.64,0,0,82785.14,0,0,0,2405.87,2362.06,0,23326.9,30958.96,85.77,2446.79,17409.7,0,0,0,0
2006-03-22 16:00:00,0,2417.08,0,274.63,10584.86,5681.85,5721.93,0,0,2079.2,15734.21,193.65,0,14007.11,1350.92,4178.05,74566.04,0,18589.51,0,0,81697.58,0,0,0,2394.75,2335.2,0,22725.69,30523.8,84.54,2524.5,17168.58,0,0,0,0
2006-03-22 17:00:00,0,2397.48,0,280.06,10790.83,5938.96,5870.09,0,0,2084.96,15570.03,207.37,0,14018.08,1386.04,4103.38,74194.76,0,18752.49,0,0,81306.56,0,0,0,2391.96,2349.38,0,22623.04,30239.56,83.5,2583.42,17201.6,0,0,0,0
2006-03-22 18:00:00,0,2421.64,0,280.96,11079.32,6003.41,6315.92,0,0,2065.23,15136.31,215.22,0,14623.78,1366.98,4083.49,73761.19,0,19241.56,0,0,83666.74,0,0,0,2423.09,2443.44,0,22650.29,29899.85,83.26,2573.36,17335.03,0,0,0,0
2006-03-22 19:00:00,0,2570.16,0,301.04,12125.71,6145.75,7562.4,0,0,2152.71,15136.87,227.13,0,15691.33,1505.32,4521.29,75858.89,0,19995.71,0,0,92168.49,0,0,0,2698.18,2729.36,0,23934.33,28233.25,83.13,2709.55,18528.98,0,0,0,0
2006-03-22 20:00:00,0,2721.73,0,293.03,12545.79,5923.09,7480.33,0,0,2008.91,14035.65,219.08,0,14862.43,1436.41,4504.33,75707.55,0,19374.09,0,0,90014.3,0,0,0,2767.47,2791.4,0,24899.18,30402.88,83.48,2456.54,19544.69,0,0,0,0
2006-03-22 21:00:00,0,2847.04,0,284.55,12712.43,5609.84,7342.0,0,0,1866.98,13116.92,211.9,0,14031.12,1361.65,4445.58,75511.16,0,18695.73,0,0,87414.28,0,0,0,2772.01,2807.1,0,25183.02,31430.76,82.92,2240.42,20013.96,0,0,0,0
2006-03-22 22:00:00,0,2797.86,0,267.65,12316.85,5086.24,7187.43,0,0,1704.95,12086.76,195.97,0,13212.43,1278.96,4381.63,73505.91,0,17684.06,0,0,84850.04,0,0,0,2714.34,2780.73,0,24556.56,30818.28,82.65,2059.72,19653.62,0,0,0,0
2006-03-22 23:00:00,0,2711.9,0,247.92,11903.59,4609.84,7036.01,0,0,1571.57,11093.51,181.17,0,12471.89,1202.98,4286.5,71420.93,0,16706.46,0,0,82111.25,0,0,0,2649.35,2748.15,0,23953.28,29993.36,82.02,1894.98,19124.31,0,0,0,0
2006-03-23 00:00:00,0,2620.2,0,230.88,11495.59,4146.3,6894.83,0,0,1448.25,10092.5,166.97,0,11748.12,1137.25,4192.59,69200.29,0,15854.14,0,0,79944.94,0,0,0,2578.06,2709.5,0,23329.84,29144.77,81.12,1739.46,18589.12,0,0,0,0
2006-03-23 01:00:00,0,2537.71,0,218.23,11179.33,3708.15,6755.81,0,0,1331.39,9127.32,154.63,0,11266.39,1079.22,4087.56,66842.25,0,15062.82,0,0,77791.61,0,0,0,2532.69,2695.36,0,22699.11,28277.25,80.1,1585.51,18063.97,0,0,0,0
2006-03-23 02:00:00,0,2523.47,0,210.37,11176.7,3410.96,6870.09,0,0,1234.4,8216.4,146.53,0,11262.3,1043.43,4012.09,64701.5,0,14514.06,0,0,76296.45,0,0,0,2509.67,2773.47,0,22291.67,27567.98,79.3,1470.07,17927.35,0,0,0,0
2006-03-23 03:00:00,0,2581.47,0,211.14,11437.19,3526.41,7162.58,0,0,1249.94,8238.09,148.81,0,11360.84,1072.01,4052.96,64253.44,0,14384.64,0,0,76697.48,0,0,0,2609.29,2888.51,0,22839.93,27410.92,80.13,1477.18,18173.95,0,0,0,0
2006-03-23 04:00:00,0,2677.53,0,220.09,12021.09,3765.01,7572.11,0,0,1310.26,8624.2,155.46,0,11649.68,1132.21,4188.54,65658.09,0,14761.42,0,0,79051.5,0,0,0,2757.42,3015.58,0,23453.21,27707.66,82.5,1545.54,18617.11,0,0,0,0
2006-03-23 05:00:00,0,2779.97,0,231.59,12626.2,3982.4,7932.42,0,0,1368.22,9034.33,158.34,0,11965.73,1180.19,4350.72,67362.3,0,15384.13,0,0,81843.93,0,0,0,2921.71,3164.34,0,24135.67,28560.62,84.56,1614.9,19091.6,0,0,0,0
2006-03-23 06:00:00,0,2867.49,0,238.22,13248.21,4197.17,8259.71,0,0,1423.56,9474.11,162.67,0,12513.07,1197.56,4487.65,69174.81,0,16055.64,0,0,84598.28,0,0,0,3048.67,3266.21,0,24745.56,29451.85,86.56,1671.44,19607.86,0,0,0,0
2006-03-23 07:00:00,0,2953.22,0,251.65,14479.04,4556.78,8690.11,0,0,1576.58,10387.11,169.15,0,14086.05,1251.79,4708.64,71399.67,0,18171.19,0,0,91222.69,0,0,0,3246.03,3364.67,0,26067.73,30347.81,88.93,1802.32,20324.42,0,0,0,0
2006-03-23 08:00:00,0,3116.93,0,285.87,14105.4,4988.76,8317.07,0,0,1685.31,11456.14,176.73,0,14249.1,1294.87,4888.45,77214.73,0,18323.62,0,0,91832.88,0,0,0,3106.91,3189.03,0,27772.16,32300.59,92.2,1940.86,21285.09,0,0,0,0
2006-03-23 09:00:00,0,3061.92,0,287.84,13435.5,5305.05,7788.3,0,0,1783.23,12337.49,185.51,0,13993.02,1303.45,4774.81,78195.03,0,18420.68,0,0,89865.13,0,0,0,2925.61,3023.9,0,27805.86,33168.11,93.83,2050.04,20794.6,0,0,0,0
2006-03-23 10:00:00,0,2972.03,0,306.71,12591.12,5369.77,7194.17,0,0,1866.27,13176.0,196.99,0,13665.81,1330.19,4587.06,78041.67,0,18454.75,0,0,87808.94,0,0,0,2840.56,2910.93,0,27116.24,33568.95,93.71,2140.26,20025.91,0,0,0,0
2006-03-23 11:00:00,0,2899.43,0,305.66,12124.77,5442.66,6983.03,0,0,1920.47,13793.02,196.7,0,13413.13,1378.84,4401.01,77426.42,0,18351.89,0,0,86161.45,0,0,0,2735.81,2774.01,0,26356.68,33296.86,92.35,2269.8,19083.39,0,0,0,0
2006-03-23 12:00:00,0,2811.18,0,302.44,11664.13,5569.55,6824.15,0,0,1962.15,14490.83,195.9,0,13548.41,1414.64,4261.99,77192.96,0,18166.7,0,0,85215.65,0,0,0,2692.77,2663.85,0,25726.27,32656.27,90.66,2471.74,18388.21,0,0,0,0
2006-03-23 13:00:00,0,2711.16,0,294.44,11204.5,5737.44,6590.79,0,0,2044.57,15106.66,195.37,0,13654.95,1428.52,4178.52,76867.9,0,18013.28,0,0,84606.75,0,0,0,2624.15,2576.43,0,25387.36,31995.14,89.21,2620.05,17765.16,0,0,0,0
2006-03-23 14:00:00,0,2607.8,0,295.87,11043.0,5906.42,6361.46,0,0,2123.2,15553.91,198.97,0,13693.57,1409.69,4134.69,76355.77,0,17833.63,0,0,83816.9,0,0,0,2592.21,2536.57,0,25121.89,31309.25,88.39,2667.15,17706.3,0,0,0,0
2006-03-23 15:00:00,0,2488.99,0,299.72,11029.81,6023.25,6300.7,0,0,2178.04,15812.63,195.18,0,13570.08,1396.52,4086.97,75553.83,0,17741.59,0,0,82827.3,0,0,0,2544.07,2569.99,0,24882.92,30680.87,86.7,2682.75,17575.02,0,0,0,0
2006-03-23 16:00:00,0,2404.16,0,296.15,11128.81,6034.39,6271.08,0,0,2179.73,15774.96,204.21,0,13417.45,1407.15,4081.56,74878.97,0,17724.68,0,0,81986.07,0,0,0,2518.78,2528.45,0,24533.61,30180.43,85.71,2604.01,17530.01,0,0,0,0
2006-03-23 17:00:00,0,2405.07,0,288.21,11116.62,5963.62,6183.64,0,0,2156.32,15628.72,213.35,0,13546.18,1424.84,4059.89,74535.36,0,17942.54,0,0,81594.35,0,0,0,2497.33,2493.22,0,24384.45,29915.1,84.98,2528.62,17460.94,0,0,0,0
2006-03-23 18:00:00,0,2449.03,0,282.61,11519.93,5922.65,6478.86,0,0,2146.43,15333.93,213.82,0,14263.76,1418.75,4082.57,73937.14,0,18808.61,0,0,84422.11,0,0,0,2504.88,2508.91,0,24213.38,29738.25,83.76,2517.21,17356.53,0,0,0,0
2006-03-23 19:00:00,0,2555.22,0,303.23,11712.41,6155.78,7227.13,0,0,2195.2,15323.71,224.33,0,15365.64,1504.6,4297.54,75626.49,0,19351.36,0,0,91264.22,0,0,0,2665.1,2696.73,0,24650.11,28509.29,82.25,2590.87,18157.39,0,0,0,0
2006-03-23 20:00:00,0,2662.91,0,297.35,11931.5,5992.67,7098.2,0,0,2035.2,14252.1,219.7,0,14510.4,1428.68,4241.77,75200.98,0,18802.6,0,0,89000.83,0,0,0,2681.76,2696.38,0,25444.36,30656.33,82.58,2423.06,18964.8,0,0,0,0
2006-03-23 21:00:00,0,2776.48,0,292.53,11911.45,5666.33,6816.73,0,0,1885.01,13312.52,213.61,0,13641.98,1344.47,4161.22,75133.24,0,18235.28,0,0,86375.85,0,0,0,2687.76,2636.79,0,25681.32,31509.19,81.92,2269.22,19337.95,0,0,0,0
2006-03-23 22:00:00,0,2718.23,0,272.89,11391.4,5198.2,6546.98,0,0,1777.36,12403.03,196.81,0,12853.26,1257.5,4068.21,73247.72,0,17228.57,0,0,83558.52,0,0,0,2564.4,2534.34,0,24729.99,30862.85,81.64,2138.38,18635.87,0,0,0,0
2006-03-23 23:00:00,0,2653.09,0,252.52,10864.6,4753.89,6323.04,0,0,1664.47,11414.17,179.32,0,12132.74,1166.4,3981.72,71264.94,0,16218.23,0,0,80742.96,0,0,0,2472.41,2451.61,0,23689.7,30118.75,81.17,2017.46,18074.37,0,0,0,0
2006-03-24 00:00:00,0,2587.22,0,234.87,10378.39,4282.75,6164.45,0,0,1530.65,10380.22,163.12,0,11406.91,1076.83,3878.15,69182.79,0,15352.71,0,0,78483.31,0,0,0,2379.53,2369.92,0,22738.18,29358.51,80.91,1872.99,17528.09,0,0,0,0
2006-03-24 01:00:00,0,2542.53,0,216.97,9968.13,3815.15,5945.04,0,0,1387.9,9376.76,148.04,0,11067.48,999.27,3779.02,66983.99,0,14620.58,0,0,76439.97,0,0,0,2289.2,2300.95,0,21989.07,28572.8,80.65,1683.69,16976.57,0,0,0,0
2006-03-24 02:00:00,0,2552.39,0,203.08,9859.05,3537.72,5947.92,0,0,1275.07,8519.65,139.63,0,11007.52,972.77,3712.87,64929.08,0,14197.05,0,0,75205.64,0,0,0,2277.28,2321.26,0,21648.91,28051.51,80.08,1582.65,16744.38,0,0,0,0
2006-03-24 03:00:00,0,2617.68,0,201.19,10054.33,3545.1,6156.72,0,0,1268.35,8521.67,139.2,0,11148.88,1003.01,3718.88,64378.88,0,14116.63,0,0,76013.06,0,0,0,2307.09,2370.96,0,22112.57,27868.21,81.04,1564.29,17012.96,0,0,0,0
2006-03-24 04:00:00,0,2712.07,0,210.28,10518.85,3709.53,6455.16,0,0,1315.37,8826.22,142.83,0,11440.06,1058.54,3839.7,65859.05,0,14483.06,0,0,78463.16,0,0,0,2378.89,2424.8,0,22795.63,28295.56,82.62,1589.14,17484.44,0,0,0,0
2006-03-24 05:00:00,0,2804.01,0,224.46,11137.63,3916.38,6773.33,0,0,1365.43,9189.01,149.68,0,11795.6,1121.65,4020.77,67598.66,0,15090.71,0,0,81002.0,0,0,0,2466.97,2490.18,0,23565.93,29187.52,84.47,1638.09,18006.65,0,0,0,0
2006-03-24 06:00:00,0,2899.05,0,240.89,11753.28,4130.52,7078.23,0,0,1423.64,9546.78,154.98,0,12288.11,1177.24,4185.79,69375.88,0,15739.19,0,0,83537.98,0,0,0,2570.88,2555.57,0,24382.84,30139.87,86.48,1709.45,18517.63,0,0,0,0
2006-03-24 07:00:00,0,2990.66,0,276.24,12883.13,4463.13,7490.59,0,0,1523.09,10272.66,166.46,0,13630.19,1275.69,4425.32,71705.52,0,17839.27,0,0,89246.71,0,0,0,2734.02,2653.62,0,25728.35,31059.38,89.03,1806.93,19271.18,0,0,0,0
2006-03-24 08:00:00,0,3152.42,0,297.95,13137.56,4891.07,7600.2,0,0,1645.77,11093.24,180.57,0,13683.6,1346.22,4613.22,77306.06,0,18036.54,0,0,90418.86,0,0,0,2814.42,2694.42,0,27598.32,32856.42,91.81,1880.06,20429.82,0,0,0,0
2006-03-24 09:00:00,0,3107.05,0,309.1,13202.76,5295.24,7631.11,0,0,1765.5,11875.15,192.29,0,13608.52,1397.69,4504.93,78608.38,0,18187.0,0,0,90662.4,0,0,0,2852.53,2736.39,0,27811.8,33601.15,93.38,1971.45,20084.46,0,0,0,0
2006-03-24 10:00:00,0,2987.29,0,310.54,13106.7,5595.33,7665.68,0,0,1859.41,12411.63,192.17,0,13544.19,1436.13,4419.23,78308.32,0,18048.82,0,0,89873.57,0,0,0,2899.82,2813.52,0,27349.79,33257.33,91.53,2140.46,19473.48,0,0,0,0
2006-03-24 11:00:00,0,2844.72,0,306.24,12949.15,5406.48,7589.38,0,0,1900.59,12995.16,187.13,0,13492.12,1470.6,4344.5,77812.14,0,17961.39,0,0,88617.21,0,0,0,2873.06,2819.4,0,26703.14,32293.69,88.38,2105.89,19034.42,0,0,0,0
2006-03-24 12:00:00,0,2722.9,0,301.08,12790.1,5231.55,7509.03,0,0,1889.97,13497.1,184.19,0,13574.66,1464.45,4282.77,77568.4,0,18395.73,0,0,87904.87,0,0,0,2844.16,2804.21,0,25877.98,31636.99,85.82,2088.31,18417.59,0,0,0,0
2006-03-24 13:00:00,0,2611.48,0,293.58,12567.22,5081.23,7416.97,0,0,1867.92,13723.08,179.7,0,13581.22,1407.31,4248.31,77170.16,0,18499.75,0,0,87143.82,0,0,0,2810.42,2791.05,0,24876.09,31140.37,84.23,2080.88,17912.11,0,0,0,0
2006-03-24 14:00:00,0,2522.78,0,286.43,12350.38,4926.1,7284.66,0,0,1837.55,13663.92,174.95,0,13521.15,1368.16,4219.31,76374.32,0,18393.35,0,0,86120.45,0,0,0,2747.94,2748.46,0,24151.62,30635.08,83.19,2049.98,17553.65,0,0,0,0
2006-03-24 15:00:00,0,2445.71,0,282.9,12072.38,4848.2,7122.27,0,0,1795.96,13530.5,174.07,0,13527.96,1349.72,4187.36,75543.04,0,18378.46,0,0,85098.07,0,0,0,2680.14,2690.68,0,23556.71,30136.75,82.76,2016.83,17272.79,0,0,0,0
2006-03-24 16:00:00,0,2391.36,0,278.72,11779.45,4947.74,6962.29,0,0,1765.88,13531.33,177.86,0,13583.96,1358.17,4117.27,74534.04,0,18414.34,0,0,84033.9,0,0,0,2613.45,2629.3,0,23238.33,29623.83,81.82,2006.92,17166.11,0,0,0,0
2006-03-24 17:00:00,0,2386.39,0,282.28,11531.96,5169.74,6843.16,0,0,1791.85,13570.84,186.4,0,13849.01,1362.98,4106.0,73708.33,0,18336.45,0,0,83531.73,0,0,0,2578.58,2585.01,0,23136.61,29309.25,81.45,2021.81,17257.12,0,0,0,0
2006-03-24 18:00:00,0,2402.38,0,284.29,11486.77,5208.86,6949.88,0,0,1807.81,13330.38,195.36,0,14495.06,1336.48,4109.6,72743.46,0,18654.92,0,0,84823.84,0,0,0,2574.82,2587.28,0,23171.03,28943.78,81.02,2045.16,17209.15,0,0,0,0
2006-03-24 19:00:00,0,2244.82,0,286.15,11214.81,5408.39,6931.04,0,0,1914.59,14083.87,200.56,0,14636.38,1403.37,3957.88,70748.68,0,18059.55,0,0,84958.37,0,0,0,2652.73,2716.14,0,23444.23,26837.06,71.28,2232.37,16865.31,0,0,0,0
2006-03-24 20:00:00,0,2373.36,0,288.85,11463.31,5285.07,6808.56,0,0,1766.16,12946.72,199.11,0,14034.89,1357.24,3935.47,71826.03,0,17555.28,0,0,83077.48,0,0,0,2679.26,2765.24,0,24566.51,27917.3,72.46,2110.91,17375.74,0,0,0,0
2006-03-24 21:00:00,0,2501.3,0,288.99,11449.25,5159.74,6700.29,0,0,1654.16,11987.43,199.26,0,13352.67,1307.08,3881.88,71917.17,0,17124.12,0,0,81209.06,0,0,0,2729.68,2739.4,0,24902.93,28351.96,72.35,1997.84,17833.59,0,0,0,0
2006-03-24 22:00:00,0,2510.1,0,279.79,11027.61,4807.19,6584.82,0,0,1562.96,11199.62,192.81,0,12672.08,1264.77,3833.21,70582.8,0,16448.93,0,0,78992.95,0,0,0,2643.24,2700.16,0,24438.09,28290.31,71.86,1894.91,17463.8,0,0,0,0
2006-03-24 23:00:00,0,2442.71,0,274.29,10661.78,4486.52,6419.18,0,0,1480.92,10568.14,183.34,0,11971.48,1234.47,3772.88,68699.32,0,15712.59,0,0,76610.19,0,0,0,2557.01,2652.3,0,23819.13,27836.13,71.24,1800.68,17064.19,0,0,0,0
2006-03-25 00:00:00,0,2372.44,0,265.25,10364.94,4195.94,6217.9,0,0,1427.32,10044.24,174.49,0,11269.76,1200.15,3695.65,66727.36,0,14958.22,0,0,74832.37,0,0,0,2482.91,2609.06,0,23241.63,27200.06,70.33,1713.21,16638.31,0,0,0,0
2006-03-25 01:00:00,0,2317.46,0,256.51,10125.04,3982.97,6052.78,0,0,1372.38,9566.62,166.87,0,10912.67,1191.78,3639.32,64879.39,0,14238.52,0,0,73441.55,0,0,0,2412.43,2554.81,0,22859.68,26586.4,69.88,1632.55,16291.22,0,0,0,0
2006-03-25 02:00:00,0,2318.22,0,249.56,10041.69,3950.66,5999.24,0,0,1340.95,9279.36,164.2,0,10901.15,1237.27,3589.9,63797.06,0,13738.81,0,0,72454.49,0,0,0,2394.91,2570.68,0,22644.83,26170.44,69.75,1592.61,16390.92,0,0,0,0
2006-03-25 03:00:00,0,2346.85,0,261.42,10086.83,4146.86,6048.13,0,0,1355.89,9268.54,168.18,0,10894.07,1338.38,3559.74,63016.22,0,13603.2,0,0,72206.12,0,0,0,2429.87,2638.1,0,22777.87,25856.48,69.93,1584.32,16567.01,0,0,0,0
2006-03-25 04:00:00,0,2390.16,0,272.36,10299.91,4540.89,6192.77,0,0,1426.68,9645.77,175.34,0,10915.58,1445.02,3578.02,62774.09,0,13578.88,0,0,72776.13,0,0,0,2488.55,2739.99,0,23181.12,25830.1,70.73,1608.6,16731.87,0,0,0,0
2006-03-25 05:00:00,0,2463.11,0,283.21,10624.44,4936.67,6518.6,0,0,1514.66,10053.96,183.1,0,10982.79,1548.31,3659.33,63511.18,0,13645.03,0,0,73930.59,0,0,0,2588.42,2857.9,0,23771.05,26197.5,72.2,1677.63,17014.34,0,0,0,0
2006-03-25 06:00:00,0,2533.22,0,297.66,11040.77,5372.78,6897.07,0,0,1621.78,10621.76,190.66,0,11229.82,1642.91,3779.07,64333.21,0,13967.65,0,0,74874.66,0,0,0,2703.93,2966.01,0,24500.46,26648.13,73.68,1784.33,17369.42,0,0,0,0
2006-03-25 07:00:00,0,2604.93,0,307.37,11543.65,5721.38,7228.6,0,0,1765.2,11333.91,200.08,0,11614.93,1693.19,3912.32,65367.92,0,14729.31,0,0,77492.36,0,0,0,2798.28,3107.45,0,25419.77,27143.12,75.24,1903.67,17821.56,0,0,0,0
2006-03-25 08:00:00,0,2748.27,0,290.54,11414.11,5786.31,7051.02,0,0,1810.11,11855.63,195.66,0,12017.06,1577.35,4073.42,67872.69,0,15256.14,0,0,79463.44,0,0,0,2748.54,3070.69,0,26242.72,27794.88,76.2,2050.64,18871.94,0,0,0,0
2006-03-25 09:00:00,0,2666.9,0,284.71,11095.69,5621.13,6743.68,0,0,1750.1,11833.58,187.73,0,12510.75,1478.48,4197.67,69048.93,0,15767.45,0,0,80805.74,0,0,0,2686.56,2970.38,0,25545.88,28060.51,74.28,2086.57,18741.61,0,0,0,0
2006-03-25 10:00:00,0,2511.77,0,283.83,10798.85,5535.83,6563.6,0,0,1741.95,12026.95,187.39,0,12638.22,1448.23,4149.43,69003.22,0,16110.01,0,0,81529.35,0,0,0,2619.49,2815.15,0,25101.23,27864.74,71.97,2151.52,18146.4,0,0,0,0
2006-03-25 11:00:00,0,2368.03,0,278.45,10409.4,5527.99,6223.83,0,0,1757.39,12290.34,187.18,0,12697.84,1419.48,4008.17,68854.56,0,16268.61,0,0,81446.18,0,0,0,2520.66,2664.26,0,24747.19,27262.01,70.95,2180.75,17666.93,0,0,0,0
2006-03-25 12:00:00,0,2282.35,0,276.87,10110.13,5506.85,5903.98,0,0,1755.71,12397.13,185.73,0,12690.5,1390.28,3858.9,68724.87,0,16282.94,0,0,80834.78,0,0,0,2426.52,2515.23,0,24286.78,26909.24,69.37,2211.71,17170.55,0,0,0,0
2006-03-25 13:00:00,0,2201.99,0,269.68,9876.83,5391.48,5657.55,0,0,1713.9,12456.68,180.02,0,12628.08,1347.47,3763.02,68610.34,0,16085.05,0,0,80213.1,0,0,0,2343.99,2405.71,0,23665.04,26482.92,68.01,2197.91,16631.19,0,0,0,0
2006-03-25 14:00:00,0,2109.6,0,263.7,9821.55,5203.72,5673.06,0,0,1639.16,12445.14,175.05,0,12572.68,1287.14,3724.45,68184.86,0,15954.7,0,0,79640.94,0,0,0,2298.47,2346.84,0,22810.48,25927.98,67.05,2161.77,16049.86,0,0,0,0
2006-03-25 15:00:00,0,2042.03,0,258.43,9556.62,4989.1,5606.77,0,0,1564.0,12222.71,169.75,0,12593.53,1217.34,3648.41,67530.69,0,16073.14,0,0,78878.13,0,0,0,2240.88,2266.27,0,22092.23,25336.18,66.79,2106.08,15537.62,0,0,0,0
2006-03-25 16:00:00,0,2009.36,0,254.12,9612.89,4853.29,5647.73,0,0,1537.94,12083.31,166.27,0,12694.43,1185.2,3577.64,67045.49,0,16113.36,0,0,77986.53,0,0,0,2255.13,2301.07,0,21955.76,24824.51,66.4,2094.5,15434.59,0,0,0,0
2006-03-25 17:00:00,0,2002.92,0,255.38,9544.26,4898.52,5772.56,0,0,1556.95,12000.36,172.45,0,12863.75,1173.68,3561.23,66743.38,0,16222.7,0,0,77258.92,0,0,0,2284.89,2358.28,0,22032.52,24733.81,65.34,2060.82,15695.56,0,0,0,0
2006-03-25 18:00:00,0,2017.48,0,250.49,9695.51,4756.72,5937.17,0,0,1562.57,11819.79,179.94,0,13461.1,1155.81,3547.2,66200.27,0,16723.45,0,0,78088.91,0,0,0,2316.42,2421.28,0,21786.04,24891.51,64.08,1971.76,15827.3,0,0,0,0
2006-03-25 19:00:00,0,2102.48,0,288.92,11392.32,5396.21,6721.15,0,0,1881.0,13469.61,201.27,0,14723.24,1411.96,3981.13,69612.3,0,18135.87,0,0,84511.16,0,0,0,2617.86,2626.84,0,23550.23,25970.9,69.55,2256.44,16969.35,0,0,0,0
2006-03-25 20:00:00,0,2226.35,0,291.13,11724.33,5293.53,6696.54,0,0,1784.31,12621.78,201.8,0,14081.79,1408.46,3994.85,70818.5,0,17715.18,0,0,82764.97,0,0,0,2682.84,2730.35,0,24583.03,27314.73,70.69,2136.28,17806.7,0,0,0,0
2006-03-25 21:00:00,0,2354.85,0,288.77,11799.56,5197.74,6631.41,0,0,1688.2,11934.99,203.63,0,13433.75,1379.34,3946.5,71078.23,0,17273.39,0,0,80822.33,0,0,0,2707.32,2706.59,0,24964.92,27724.49,70.54,2018.19,18427.73,0,0,0,0
2006-03-25 22:00:00,0,2376.18,0,276.72,11445.31,4923.27,6519.4,0,0,1610.99,11337.41,198.74,0,12773.59,1370.32,3877.71,69824.69,0,16448.45,0,0,79021.39,0,0,0,2600.23,2650.97,0,24557.09,27632.93,70.06,1916.58,18191.35,0,0,0,0
2006-03-25 23:00:00,0,2302.65,0,268.38,11161.26,4711.18,6457.74,0,0,1548.42,10881.78,188.57,0,12070.69,1382.51,3800.19,67916.46,0,15677.99,0,0,76868.9,0,0,0,2506.75,2625.93,0,24146.16,27070.41,69.54,1819.82,17783.7,0,0,0,0
2006-03-26 00:00:00,0,2226.07,0,259.46,10830.8,4500.57,6318.27,0,0,1519.42,10437.92,178.7,0,11365.67,1407.89,3683.91,65909.67,0,14985.59,0,0,74717.98,0,0,0,2461.28,2632.88,0,23977.27,26354.34,68.81,1729.97,17328.77,0,0,0,0
2006-03-26 01:00:00,0,2164.99,0,250.55,10580.68,4377.79,6190.98,0,0,1500.07,10041.64,171.73,0,10998.7,1440.66,3620.36,63990.92,0,14279.01,0,0,72944.41,0,0,0,2437.82,2642.04,0,24009.32,25608.0,68.28,1646.1,16943.36,0,0,0,0
2006-03-26 02:00:00,0,2159.01,0,243.24,10456.59,4433.26,6147.37,0,0,1498.68,9791.68,169.98,0,10954.64,1482.07,3589.97,62936.92,0,13758.38,0,0,71303.4,0,0,0,2462.51,2710.34,0,24007.3,25054.41,68.1,1604.31,16867.51,0,0,0,0
2006-03-26 03:00:00,0,2177.5,0,252.64,10531.01,4665.63,6207.45,0,0,1514.59,9847.92,170.18,0,10880.68,1518.58,3585.52,62177.05,0,13489.64,0,0,70639.58,0,0,0,2522.62,2803.84,0,24358.82,24672.33,67.92,1605.42,17005.65,0,0,0,0
2006-03-26 04:00:00,0,2216.98,0,265.24,10784.95,5018.58,6393.07,0,0,1588.07,10165.84,176.8,0,10826.46,1550.12,3612.63,61854.96,0,13468.12,0,0,71133.15,0,0,0,2609.11,2928.14,0,24888.73,24606.97,68.33,1635.57,17170.64,0,0,0,0
2006-03-26 05:00:00,0,2282.18,0,276.74,11074.95,5416.01,6700.83,0,0,1682.1,10625.57,185.78,0,10835.8,1623.88,3698.28,62597.37,0,13620.44,0,0,72128.86,0,0,0,2726.79,3046.15,0,25318.47,24891.22,69.44,1730.19,17416.94,0,0,0,0
2006-03-26 06:00:00,0,2350.89,0,292.84,11457.22,5797.43,7072.36,0,0,1770.61,11193.09,197.65,0,11026.88,1710.89,3823.6,63187.63,0,13931.88,0,0,73294.78,0,0,0,2860.78,3152.39,0,25878.59,25279.04,70.53,1843.33,17722.98,0,0,0,0
2006-03-26 07:00:00,0,2415.29,0,309.75,11850.5,5999.54,7253.33,0,0,1839.35,11627.83,206.7,0,11384.0,1745.48,3937.82,64249.41,0,14614.32,0,0,76078.59,0,0,0,2938.03,3243.38,0,26532.47,25717.05,71.83,1939.39,18079.78,0,0,0,0
2006-03-26 08:00:00,0,2538.19,0,292.97,11685.96,5871.4,7111.16,0,0,1807.06,11817.45,200.88,0,11744.54,1639.73,4039.44,66161.47,0,14986.99,0,0,77707.47,0,0,0,2820.34,3159.92,0,26646.32,26305.31,72.37,2045.24,18617.41,0,0,0,0
2006-03-26 09:00:00,0,2457.55,0,289.69,11246.91,5706.37,6804.41,0,0,1747.21,11796.78,196.59,0,11888.8,1561.21,3970.14,66485.64,0,15353.53,0,0,77681.2,0,0,0,2737.88,3042.24,0,25658.98,26846.96,70.11,2120.64,18367.62,0,0,0,0
2006-03-26 10:00:00,0,2330.35,0,297.0,10849.01,5615.53,6504.16,0,0,1740.45,12013.63,194.9,0,11721.49,1532.77,3822.96,66106.68,0,15430.09,0,0,77354.69,0,0,0,2653.23,2890.01,0,25384.78,26894.26,67.6,2149.92,17756.4,0,0,0,0
2006-03-26 11:00:00,0,2227.69,0,301.48,10531.18,5561.11,6257.46,0,0,1747.99,12136.62,194.91,0,11765.09,1518.48,3562.69,65846.96,0,15383.68,0,0,76040.93,0,0,0,2579.05,2743.31,0,25213.31,26811.39,66.11,2145.31,17127.05,0,0,0,0
2006-03-26 12:00:00,0,2151.54,0,296.26,10302.8,5486.83,5986.48,0,0,1742.04,12283.46,190.36,0,11903.16,1490.31,3478.74,65815.31,0,15598.46,0,0,75569.58,0,0,0,2487.8,2593.47,0,24800.78,26720.59,64.56,2170.52,16587.55,0,0,0,0
2006-03-26 13:00:00,0,2092.46,0,288.17,10001.36,5345.96,5771.85,0,0,1704.53,12426.1,184.12,0,12064.97,1449.49,3470.71,66151.76,0,15729.11,0,0,75194.78,0,0,0,2397.48,2475.85,0,24107.32,26575.6,63.38,2153.18,16062.34,0,0,0,0
2006-03-26 14:00:00,0,2039.73,0,274.19,9702.07,5147.37,5595.06,0,0,1638.28,12450.5,176.07,0,12119.66,1382.14,3470.34,65881.93,0,15800.06,0,0,74185.29,0,0,0,2300.77,2364.62,0,23144.27,26251.96,63.23,2107.74,15607.91,0,0,0,0
2006-03-26 15:00:00,0,1998.0,0,262.5,9492.9,4964.81,5461.27,0,0,1574.58,12355.79,170.44,0,12270.91,1319.76,3522.14,65198.1,0,15788.56,0,0,73720.1,0,0,0,2217.26,2283.59,0,22483.24,25938.54,63.14,2069.65,15287.67,0,0,0,0
2006-03-26 16:00:00,0,1954.85,0,256.36,9455.03,4833.81,5427.55,0,0,1548.29,12131.65,165.65,0,12277.71,1260.86,3498.49,64429.06,0,15928.89,0,0,73346.19,0,0,0,2210.53,2276.85,0,21867.84,25492.54,62.83,2056.25,15071.15,0,0,0,0
2006-03-26 17:00:00,0,1917.09,0,252.52,9363.59,4876.11,5498.12,0,0,1564.91,12137.58,168.95,0,12420.46,1212.42,3470.32,64055.55,0,16312.17,0,0,73540.85,0,0,0,2235.28,2327.95,0,21536.81,24834.3,62.07,2036.01,15282.01,0,0,0,0
2006-03-26 18:00:00,0,1927.43,0,249.26,9518.56,4820.73,5722.5,0,0,1566.0,11930.17,176.61,0,12929.38,1203.14,3437.01,63934.8,0,16410.98,0,0,74584.39,0,0,0,2287.28,2370.94,0,20983.32,24546.0,59.86,1965.7,15326.41,0,0,0,0
2006-03-26 19:00:00,0,2136.99,0,302.12,12186.86,5852.9,7182.16,0,0,1993.85,13415.89,215.36,0,15449.82,1557.46,4169.92,72435.44,0,19218.94,0,0,88405.47,0,0,0,2674.52,2684.38,0,24185.37,27167.24,72.28,2364.6,17677.89,0,0,0,0
2006-03-26 20:00:00,0,2219.38,0,300.19,12531.22,5845.05,7041.27,0,0,1918.51,12692.09,213.23,0,14629.92,1555.06,4152.17,72314.2,0,18472.06,0,0,85749.5,0,0,0,2741.61,2739.04,0,25379.58,28703.81,71.56,2242.79,18495.76,0,0,0,0
2006-03-26 21:00:00,0,2292.86,0,294.51,12537.7,5827.8,6852.15,0,0,1837.02,12167.15,214.03,0,13784.81,1580.08,4085.51,72219.02,0,17873.89,0,0,83058.71,0,0,0,2742.99,2747.59,0,25662.12,29200.99,70.87,2143.91,19023.79,0,0,0,0
2006-03-26 22:00:00,0,2251.15,0,279.07,12105.91,5648.03,6630.12,0,0,1759.47,11511.25,204.29,0,12970.97,1592.55,4008.63,70810.16,0,16936.51,0,0,80293.18,0,0,0,2692.16,2718.66,0,25130.93,28458.72,70.45,2041.34,18827.89,0,0,0,0
2006-03-26 23:00:00,0,2141.02,0,264.41,11699.07,5451.5,6442.97,0,0,1689.82,10936.07,193.51,0,12222.34,1554.19,3910.13,68862.27,0,15983.27,0,0,77935.78,0,0,0,2614.37,2677.99,0,24563.01,27276.68,69.99,1951.62,18294.75,0,0,0,0
2006-03-27 00:00:00,0,2037.13,0,252.3,11416.27,5190.67,6331.48,0,0,1630.64,10320.74,184.81,0,11530.89,1535.35,3803.46,66707.61,0,15145.19,0,0,75740.75,0,0,0,2540.08,2647.29,0,23912.64,26149.72,69.51,1872.06,17722.19,0,0,0,0
2006-03-27 01:00:00,0,1949.68,0,239.98,11222.72,4971.87,6286.92,0,0,1576.96,9688.32,177.4,0,11036.21,1514.96,3718.09,64395.22,0,14496.71,0,0,73734.49,0,0,0,2492.32,2635.37,0,23368.26,25212.32,68.82,1819.89,17163.68,0,0,0,0
2006-03-27 02:00:00,0,1890.9,0,234.27,11267.01,4954.89,6469.08,0,0,1542.34,9456.76,176.36,0,10970.14,1508.77,3649.81,62194.0,0,14094.96,0,0,72277.65,0,0,0,2504.11,2745.28,0,23169.71,24329.78,68.78,1797.32,16912.17,0,0,0,0
2006-03-27 03:00:00,0,1887.77,0,245.02,11517.52,5188.4,6848.2,0,0,1602.94,9891.87,186.79,0,11032.81,1540.14,3658.67,61272.58,0,13963.85,0,0,72661.06,0,0,0,2646.12,2906.36,0,23815.35,23625.31,68.74,1854.9,17149.65,0,0,0,0
2006-03-27 04:00:00,0,1947.74,0,264.67,12138.32,5534.95,7336.11,0,0,1685.51,10376.52,200.69,0,11287.21,1609.24,3809.8,62458.01,0,14191.4,0,0,74533.27,0,0,0,2831.13,3071.79,0,24752.51,23778.39,70.11,1980.8,17674.48,0,0,0,0
2006-03-27 05:00:00,0,2041.57,0,280.55,12739.48,5864.11,7766.51,0,0,1777.49,10862.69,204.93,0,11621.2,1669.0,3982.8,64083.6,0,14755.6,0,0,76975.11,0,0,0,3000.49,3222.34,0,25770.77,24586.27,72.79,2084.61,18213.39,0,0,0,0
2006-03-27 06:00:00,0,2109.93,0,294.29,13309.39,6207.13,8151.95,0,0,1866.16,11419.21,212.76,0,12377.64,1742.78,4137.5,65673.79,0,15625.18,0,0,79637.76,0,0,0,3161.48,3362.12,0,26891.84,25466.98,74.09,2191.35,18721.74,0,0,0,0
2006-03-27 07:00:00,0,2167.17,0,323.25,14355.04,6474.76,8473.16,0,0,1976.25,12305.46,222.73,0,13689.98,1760.71,4364.29,67790.09,0,17451.17,0,0,85994.48,0,0,0,3340.46,3468.43,0,28101.95,26218.7,75.77,2300.28,19381.94,0,0,0,0
2006-03-27 08:00:00,0,2248.42,0,317.96,13758.22,6680.34,8064.45,0,0,1956.03,12509.71,225.28,0,13867.79,1703.11,4500.41,73016.02,0,17629.21,0,0,87313.88,0,0,0,3158.14,3254.12,0,28788.93,27464.74,76.95,2332.6,19996.82,0,0,0,0
2006-03-27 09:00:00,0,2355.17,0,305.26,13046.41,6000.28,7668.58,0,0,1856.73,12294.87,194.28,0,13602.98,1465.27,4417.68,73674.08,0,17636.99,0,0,85562.29,0,0,0,3002.72,3090.59,0,27055.3,28591.06,77.51,2197.43,19027.31,0,0,0,0
2006-03-27 10:00:00,0,2366.57,0,297.78,12433.0,5757.12,7197.14,0,0,1867.61,12553.16,191.78,0,13331.24,1453.15,4318.48,73920.67,0,17608.11,0,0,83029.17,0,0,0,2868.14,2935.68,0,25490.79,29152.06,77.88,2185.44,18104.86,0,0,0,0
2006-03-27 11:00:00,0,2351.89,0,300.59,11851.43,5673.79,6832.71,0,0,1844.34,12847.27,191.34,0,13119.05,1435.57,4194.57,73797.95,0,17549.51,0,0,81148.64,0,0,0,2791.06,2814.21,0,24586.58,29610.97,77.3,2168.14,17558.62,0,0,0,0
2006-03-27 12:00:00,0,2314.31,0,295.62,11331.61,5613.08,6531.95,0,0,1848.14,13093.51,185.84,0,12975.29,1419.58,4076.62,73709.81,0,17434.22,0,0,80071.65,0,0,0,2696.61,2676.45,0,24065.54,29568.96,77.14,2156.03,16956.15,0,0,0,0
2006-03-27 13:00:00,0,2234.58,0,289.59,10914.74,5518.44,6325.9,0,0,1838.79,13200.2,182.14,0,12903.39,1376.79,3987.47,73769.76,0,17248.39,0,0,79185.34,0,0,0,2604.09,2579.33,0,23588.06,29433.88,76.36,2130.51,16459.94,0,0,0,0
2006-03-27 14:00:00,0,2187.81,0,282.36,10620.35,5331.42,6214.43,0,0,1820.45,13056.21,176.86,0,12866.31,1328.08,3936.32,73669.67,0,17070.5,0,0,78291.85,0,0,0,2540.41,2517.89,0,23024.21,29273.42,75.47,2101.32,16099.86,0,0,0,0
2006-03-27 15:00:00,0,2180.12,0,273.82,10450.52,5080.19,6139.07,0,0,1795.87,12628.18,175.86,0,12880.87,1294.56,3917.9,73544.75,0,17082.85,0,0,77603.41,0,0,0,2491.41,2479.91,0,22428.33,29109.03,72.79,2065.77,16114.75,0,0,0,0
2006-03-27 16:00:00,0,2169.72,0,269.97,10355.27,5102.7,6078.81,0,0,1796.32,12440.24,177.86,0,12927.03,1295.83,3889.59,73496.93,0,17153.71,0,0,77293.63,0,0,0,2459.4,2399.19,0,21884.55,28925.07,72.92,2040.82,16123.98,0,0,0,0
2006-03-27 17:00:00,0,2159.83,0,273.22,10452.65,5361.56,6006.97,0,0,1821.23,12511.46,189.64,0,13153.48,1302.74,3849.05,73309.91,0,17449.77,0,0,77998.03,0,0,0,2413.11,2385.27,0,21924.15,28621.85,72.68,2104.61,16111.92,0,0,0,0
2006-03-27 18:00:00,0,2172.37,0,275.64,10703.88,5484.32,6137.07,0,0,1860.52,12745.3,199.52,0,13868.43,1296.5,3844.11,73232.13,0,17944.55,0,0,80954.29,0,0,0,2391.34,2413.07,0,22070.06,28241.68,72.7,2192.0,16111.06,0,0,0,0
2006-03-27 19:00:00,0,2206.56,0,300.14,11414.16,5920.83,6986.04,0,0,2009.26,13634.63,216.23,0,15263.89,1527.35,4063.66,74012.84,0,18983.22,0,0,87764.65,0,0,0,2647.81,2636.32,0,23270.26,27316.81,72.63,2449.67,16702.99,0,0,0,0
2006-03-27 20:00:00,0,2261.32,0,294.84,11590.78,5771.14,6784.88,0,0,1886.69,12804.36,211.78,0,14421.59,1495.96,3986.74,73680.88,0,18334.56,0,0,85470.89,0,0,0,2683.2,2642.43,0,23976.67,28465.99,71.63,2242.77,17273.63,0,0,0,0
2006-03-27 21:00:00,0,2326.73,0,288.06,11617.21,5522.11,6521.37,0,0,1786.17,12014.51,210.61,0,13571.15,1443.47,3884.31,73249.59,0,17679.99,0,0,82784.65,0,0,0,2630.86,2609.97,0,24214.91,28991.68,70.42,2090.65,17651.86,0,0,0,0
2006-03-27 22:00:00,0,2284.3,0,270.53,11159.83,5108.25,6276.8,0,0,1691.04,11170.96,198.54,0,12802.06,1377.32,3772.99,70982.43,0,16782.69,0,0,80064.72,0,0,0,2535.01,2537.35,0,23403.47,28491.11,68.67,1955.39,16872.24,0,0,0,0
2006-03-27 23:00:00,0,2180.16,0,252.11,10675.65,4785.27,6078.67,0,0,1585.55,10360.3,186.74,0,12074.96,1306.25,3635.39,68404.03,0,15863.72,0,0,77450.09,0,0,0,2448.07,2474.36,0,22488.81,27403.99,67.58,1837.29,16049.11,0,0,0,0
2006-03-28 00:00:00,0,2079.2,0,236.25,10227.28,4486.09,5908.45,0,0,1488.75,9555.97,174.13,0,11359.17,1260.73,3525.46,65945.64,0,15029.24,0,0,75171.46,0,0,0,2374.93,2414.47,0,21513.5,26262.81,66.36,1721.72,15278.91,0,0,0,0
2006-03-28 01:00:00,0,1991.85,0,221.78,9902.73,4222.51,5739.9,0,0,1404.4,8759.49,161.21,0,11021.49,1225.48,3387.65,63574.6,0,14327.9,0,0,72946.22,0,0,0,2310.99,2354.73,0,20575.52,25128.13,65.46,1624.6,14487.39,0,0,0,0
2006-03-28 02:00:00,0,1923.6,0,213.99,9762.24,4094.73,5735.46,0,0,1334.44,8221.35,155.03,0,10964.19,1233.82,3271.51,61474.53,0,13912.49,0,0,71549.11,0,0,0,2289.92,2398.79,0,20040.67,24052.4,65.37,1561.94,13950.5,0,0,0,0
2006-03-28 03:00:00,0,1950.22,0,219.5,10040.29,4313.81,6076.05,0,0,1377.73,8597.61,161.67,0,11069.61,1306.62,3214.42,60793.64,0,13828.81,0,0,71557.72,0,0,0,2365.47,2521.79,0,20462.78,23572.14,66.02,1593.96,13685.07,0,0,0,0
2006-03-28 04:00:00,0,2041.49,0,231.03,10609.97,4632.64,6469.67,0,0,1458.94,9052.2,170.22,0,11318.05,1397.07,3290.26,61643.18,0,14081.95,0,0,73829.28,0,0,0,2476.79,2614.91,0,21037.63,23723.3,68.94,1688.48,13884.45,0,0,0,0
2006-03-28 05:00:00,0,2144.2,0,247.72,11251.61,4935.6,6810.39,0,0,1538.61,9512.87,175.75,0,11648.11,1451.18,3417.7,63584.53,0,14620.85,0,0,76206.23,0,0,0,2585.13,2698.2,0,21730.48,24514.05,72.62,1783.17,14400.36,0,0,0,0
2006-03-28 06:00:00,0,2239.78,0,267.76,11769.97,5230.93,7082.79,0,0,1609.65,9969.42,182.58,0,12310.44,1507.02,3546.97,65294.22,0,15439.09,0,0,78479.39,0,0,0,2692.87,2768.46,0,22477.45,25448.87,75.88,1873.13,14945.21,0,0,0,0
2006-03-28 07:00:00,0,2340.06,0,298.6,12899.62,5608.84,7413.93,0,0,1757.96,11203.22,195.37,0,13439.73,1564.09,3701.38,67379.47,0,17244.66,0,0,85403.68,0,0,0,2877.79,2849.52,0,23622.01,26435.48,78.73,2009.28,15688.1,0,0,0,0
2006-03-28 08:00:00,0,2485.12,0,304.44,12871.54,5722.82,7137.4,0,0,1813.89,11664.17,188.43,0,13634.27,1478.2,3956.85,71506.41,0,17562.76,0,0,87014.94,0,0,0,2776.77,2703.87,0,25012.88,28164.09,80.66,2081.19,16648.81,0,0,0,0
2006-03-28 09:00:00,0,2483.22,0,293.88,12343.74,5396.52,6773.53,0,0,1825.61,11940.99,180.31,0,13415.41,1346.03,4064.38,73616.97,0,17628.79,0,0,87265.31,0,0,0,2656.28,2610.18,0,24231.82,28832.11,80.87,2093.04,16802.1,0,0,0,0
2006-03-28 10:00:00,0,2438.81,0,295.1,11840.09,5317.52,6419.53,0,0,1818.97,12244.45,169.97,0,13251.91,1279.09,4137.48,74869.98,0,17540.63,0,0,85784.42,0,0,0,2595.84,2533.75,0,23659.09,29205.4,80.32,2074.89,17006.33,0,0,0,0
2006-03-28 11:00:00,0,2363.7,0,294.16,11620.58,5235.2,6150.81,0,0,1838.55,12720.42,170.54,0,13200.63,1229.9,4159.34,75191.94,0,17469.23,0,0,84731.83,0,0,0,2547.19,2475.63,0,23141.77,29263.42,78.93,2077.57,16875.31,0,0,0,0
2006-03-28 12:00:00,0,2275.13,0,289.95,11440.45,5288.69,6036.17,0,0,1864.88,13128.02,172.53,0,13197.04,1231.28,4158.73,75300.38,0,17645.55,0,0,84437.73,0,0,0,2505.24,2418.82,0,22866.9,28909.34,76.58,2113.59,16648.71,0,0,0,0
2006-03-28 13:00:00,0,2220.75,0,287.05,11262.63,5345.89,5923.91,0,0,1886.23,13313.92,172.28,0,13224.47,1230.09,4125.43,75166.44,0,17516.87,0,0,84134.7,0,0,0,2431.27,2320.14,0,22856.6,28551.99,73.93,2144.94,16390.52,0,0,0,0
2006-03-28 14:00:00,0,2168.46,0,287.96,10992.83,5364.52,5807.18,0,0,1895.97,13409.22,172.34,0,13148.86,1232.89,4093.85,74665.72,0,17460.69,0,0,83852.18,0,0,0,2373.94,2249.59,0,22824.33,28014.76,72.28,2175.64,16079.13,0,0,0,0
2006-03-28 15:00:00,0,2073.19,0,293.43,10760.11,5480.37,5852.09,0,0,1897.62,13323.87,175.22,0,13057.67,1247.17,4055.33,74023.79,0,17388.73,0,0,83318.88,0,0,0,2352.51,2250.36,0,22676.15,27400.14,70.7,2243.67,15798.4,0,0,0,0
2006-03-28 16:00:00,0,1987.41,0,299.67,10880.59,5594.61,6018.23,0,0,1909.17,13345.58,191.35,0,12942.02,1269.13,4001.32,73446.46,0,17353.8,0,0,83178.47,0,0,0,2339.5,2263.01,0,22552.71,26986.71,69.51,2306.33,15597.44,0,0,0,0
2006-03-28 17:00:00,0,1964.55,0,301.13,10971.88,5925.65,6041.07,0,0,1999.01,13723.92,208.72,0,13132.88,1316.96,3951.69,72733.32,0,17652.91,0,0,83396.88,0,0,0,2389.16,2265.77,0,22422.13,26527.01,68.84,2403.0,15588.98,0,0,0,0
2006-03-28 18:00:00,0,1984.56,0,301.3,11065.06,6055.83,6130.02,0,0,2037.16,13815.47,215.04,0,13903.44,1313.01,3903.62,72240.07,0,18020.43,0,0,84038.19,0,0,0,2415.3,2297.77,0,22442.67,26260.71,69.39,2445.85,15734.86,0,0,0,0
2006-03-28 19:00:00,0,2026.05,0,314.82,11491.14,6227.46,6728.46,0,0,2161.78,14241.15,233.71,0,15060.44,1475.09,4051.47,72748.78,0,18848.48,0,0,87896.31,0,0,0,2551.29,2510.81,0,23028.58,25285.7,69.15,2611.47,16277.39,0,0,0,0
2006-03-28 20:00:00,0,2096.27,0,303.27,11435.1,5939.15,6425.31,0,0,1981.2,13189.46,216.07,0,14225.82,1405.1,3917.23,71724.29,0,18176.98,0,0,84607.23,0,0,0,2559.27,2475.14,0,23226.28,27023.81,69.02,2369.85,16516.63,0,0,0,0
2006-03-28 21:00:00,0,2182.58,0,289.72,11134.2,5613.93,6089.36,0,0,1836.71,12323.16,208.67,0,13407.34,1340.84,3776.27,71129.74,0,17506.24,0,0,81469.27,0,0,0,2556.38,2450.07,0,23146.39,27694.28,68.78,2176.76,16778.29,0,0,0,0
2006-03-28 22:00:00,0,2177.18,0,268.39,10493.93,5082.31,5771.75,0,0,1691.42,11284.76,194.78,0,12640.0,1266.93,3699.04,69179.86,0,16588.91,0,0,78464.47,0,0,0,2419.4,2339.81,0,21924.69,27440.65,68.99,2012.89,16311.48,0,0,0,0
2006-03-28 23:00:00,0,2098.12,0,247.86,9994.8,4585.86,5477.29,0,0,1563.14,10320.32,178.62,0,11894.43,1197.17,3600.25,66686.53,0,15614.13,0,0,75436.92,0,0,0,2288.06,2225.91,0,20888.49,26351.26,68.55,1855.95,15733.08,0,0,0,0
2006-03-29 00:00:00,0,2020.21,0,226.72,9494.64,4122.88,5211.78,0,0,1447.54,9458.43,162.92,0,11180.57,1132.46,3519.87,64353.48,0,14751.49,0,0,72923.12,0,0,0,2161.73,2121.58,0,19850.84,25221.86,67.9,1726.95,15257.77,0,0,0,0
2006-03-29 01:00:00,0,1941.6,0,208.88,9041.31,3725.72,4969.89,0,0,1340.37,8586.3,147.99,0,10872.83,1081.72,3449.51,62137.74,0,14096.94,0,0,70555.93,0,0,0,2040.57,2016.59,0,18837.84,24148.34,67.19,1604.69,14720.25,0,0,0,0
2006-03-29 02:00:00,0,1909.77,0,195.32,8863.44,3502.22,4799.09,0,0,1247.25,7818.12,137.74,0,10804.29,1049.27,3393.99,60125.09,0,13620.03,0,0,69046.99,0,0,0,1996.07,1941.6,0,18433.12,23024.87,66.4,1503.93,14369.08,0,0,0,0
2006-03-29 03:00:00,0,1960.55,0,195.89,8986.83,3653.62,4960.12,0,0,1273.24,7928.36,135.13,0,10904.67,1097.5,3406.21,59659.61,0,13556.74,0,0,69236.31,0,0,0,1989.78,2015.19,0,18714.28,22785.29,66.71,1498.56,14560.84,0,0,0,0
2006-03-29 04:00:00,0,2052.12,0,207.3,9595.39,3938.03,5317.46,0,0,1335.99,8352.57,140.75,0,11148.63,1139.19,3552.02,60645.5,0,13841.29,0,0,71653.06,0,0,0,2092.09,2113.73,0,19442.38,22979.17,68.93,1576.84,15047.66,0,0,0,0
2006-03-29 05:00:00,0,2143.17,0,218.27,10337.11,4241.75,5683.28,0,0,1400.16,8795.26,151.36,0,11515.18,1174.47,3708.03,62181.54,0,14445.7,0,0,74164.3,0,0,0,2208.41,2206.47,0,20178.92,23725.69,71.32,1656.01,15645.14,0,0,0,0
2006-03-29 06:00:00,0,2228.46,0,229.77,11125.32,4520.33,6091.48,0,0,1464.32,9255.44,161.48,0,12278.36,1230.55,3856.89,63826.33,0,15374.56,0,0,76654.98,0,0,0,2322.02,2300.62,0,20932.19,24553.04,73.59,1729.92,16259.0,0,0,0,0
2006-03-29 07:00:00,0,2301.04,0,260.76,12295.13,4917.66,6701.78,0,0,1638.75,10494.71,177.15,0,13316.32,1349.42,4065.65,66126.88,0,17040.31,0,0,82463.67,0,0,0,2538.84,2465.53,0,22462.84,25370.25,76.02,1876.56,17259.18,0,0,0,0
2006-03-29 08:00:00,0,2381.34,0,278.74,12114.92,5216.67,6595.63,0,0,1722.69,11255.76,188.47,0,13408.97,1336.77,4139.5,70168.61,0,17364.75,0,0,83548.2,0,0,0,2577.16,2522.81,0,23245.43,27219.67,76.96,1978.84,17991.17,0,0,0,0
2006-03-29 09:00:00,0,2270.91,0,285.7,11690.21,5267.51,6479.79,0,0,1795.89,11980.16,183.43,0,13078.91,1291.46,4091.58,71320.53,0,17199.48,0,0,83049.76,0,0,0,2581.1,2534.68,0,22774.28,27971.46,75.04,2075.95,17340.76,0,0,0,0
2006-03-29 10:00:00,0,2161.32,0,290.5,11270.2,5307.75,6231.48,0,0,1810.47,12531.96,180.1,0,12790.82,1276.14,4066.37,71741.59,0,17005.71,0,0,81761.59,0,0,0,2532.06,2459.65,0,22549.08,28340.89,72.38,2102.14,16885.31,0,0,0,0
2006-03-29 11:00:00,0,2054.85,0,297.06,10841.07,5381.3,6042.1,0,0,1842.25,13091.25,178.32,0,12623.86,1263.13,3969.6,72165.0,0,16936.04,0,0,80686.48,0,0,0,2500.33,2378.7,0,22591.03,28485.53,69.78,2126.72,16442.39,0,0,0,0
2006-03-29 12:00:00,0,1969.87,0,304.82,10592.97,5478.3,5817.96,0,0,1892.65,13707.18,182.72,0,12558.5,1279.26,3829.77,72365.58,0,16860.04,0,0,79827.21,0,0,0,2469.73,2355.54,0,22686.74,28474.58,68.8,2185.74,16173.39,0,0,0,0
2006-03-29 13:00:00,0,1918.54,0,304.84,10393.19,5605.12,5685.33,0,0,1945.07,14151.75,190.49,0,12555.59,1310.44,3749.07,72213.73,0,16823.26,0,0,78866.41,0,0,0,2468.17,2359.12,0,22702.14,28591.54,68.12,2235.59,15837.69,0,0,0,0
2006-03-29 14:00:00,0,1860.7,0,313.55,10267.43,5730.92,5617.83,0,0,1980.24,14518.39,189.19,0,12530.04,1345.94,3696.83,71778.05,0,16834.65,0,0,78099.73,0,0,0,2452.01,2328.3,0,22526.51,28548.07,66.96,2306.88,15539.89,0,0,0,0
2006-03-29 15:00:00,0,1803.28,0,309.46,10118.07,5928.86,5631.86,0,0,2040.28,14918.85,201.96,0,12534.53,1396.9,3634.23,71211.25,0,16946.31,0,0,78113.5,0,0,0,2419.9,2271.12,0,22141.4,28608.21,65.83,2394.39,15589.94,0,0,0,0
2006-03-29 16:00:00,0,1811.47,0,306.69,10234.66,6139.24,5661.96,0,0,2115.06,15310.96,216.48,0,12523.35,1463.64,3588.31,70700.23,0,17031.85,0,0,78315.77,0,0,0,2420.97,2254.19,0,21856.92,28285.02,67.11,2458.42,15663.91,0,0,0,0
2006-03-29 17:00:00,0,1852.67,0,306.01,10398.64,6403.48,5798.73,0,0,2175.4,15493.04,227.85,0,12818.73,1494.45,3606.5,70539.9,0,17320.86,0,0,78717.2,0,0,0,2435.63,2235.74,0,21996.95,28018.68,69.04,2513.8,15886.41,0,0,0,0
2006-03-29 18:00:00,0,1911.62,0,301.73,10494.78,6376.43,5872.45,0,0,2186.23,15093.54,227.5,0,13647.33,1463.94,3646.98,70085.71,0,17802.62,0,0,80072.84,0,0,0,2438.44,2259.19,0,22095.69,27778.5,68.6,2529.05,15748.78,0,0,0,0
2006-03-29 19:00:00,0,1967.87,0,322.54,11049.34,6520.55,6573.98,0,0,2291.3,15243.75,240.22,0,14914.42,1564.26,3862.46,71876.46,0,18695.62,0,0,86540.52,0,0,0,2576.3,2505.82,0,22919.94,27153.18,69.06,2690.66,16548.15,0,0,0,0
2006-03-29 20:00:00,0,1959.58,0,309.82,11068.81,6133.6,6276.37,0,0,2110.64,13988.15,222.26,0,14093.28,1431.77,3718.48,71088.79,0,18058.96,0,0,82606.0,0,0,0,2564.88,2455.01,0,22924.45,27951.17,67.4,2437.76,16532.5,0,0,0,0
2006-03-29 21:00:00,0,1998.45,0,298.45,10972.53,5803.13,5973.32,0,0,1931.26,12968.57,214.61,0,13255.71,1334.46,3602.23,70565.3,0,17457.53,0,0,79246.82,0,0,0,2508.15,2414.83,0,22841.63,28206.78,66.12,2222.83,16550.44,0,0,0,0
2006-03-29 22:00:00,0,1967.09,0,276.32,10335.85,5218.28,5673.81,0,0,1756.54,11871.26,200.05,0,12523.27,1245.1,3511.18,68676.42,0,16594.45,0,0,76531.39,0,0,0,2368.12,2316.21,0,21652.5,27569.5,65.83,2049.0,15961.11,0,0,0,0
2006-03-29 23:00:00,0,1836.46,0,253.25,9796.39,4681.47,5391.41,0,0,1604.27,10849.09,181.3,0,11821.12,1161.32,3426.68,66148.6,0,15637.17,0,0,74163.21,0,0,0,2242.73,2215.67,0,20535.12,26199.39,64.89,1889.19,15201.39,0,0,0,0
2006-03-30 00:00:00,0,1712.07,0,227.26,9295.88,4196.11,5167.7,0,0,1464.71,9847.24,163.62,0,11149.74,1073.67,3346.25,63595.2,0,14781.61,0,0,71810.66,0,0,0,2133.58,2121.64,0,19443.69,24941.8,63.63,1747.24,14488.0,0,0,0,0
2006-03-30 01:00:00,0,1600.29,0,209.85,8929.12,3749.27,4952.81,0,0,1347.11,8906.79,147.61,0,10857.16,1002.43,3260.43,61315.83,0,14094.81,0,0,69661.21,0,0,0,2055.45,2059.19,0,18488.97,23784.31,62.5,1600.13,13777.08,0,0,0,0
2006-03-30 02:00:00,0,1528.65,0,199.92,8744.14,3408.62,4866.98,0,0,1238.03,7996.06,133.72,0,10830.06,964.27,3191.72,59075.04,0,13606.26,0,0,68145.34,0,0,0,2017.3,2031.96,0,17946.84,22725.41,61.86,1484.48,13213.68,0,0,0,0
2006-03-30 03:00:00,0,1523.31,0,197.47,8825.43,3482.05,5031.93,0,0,1229.05,7969.03,129.0,0,10915.54,1000.77,3167.14,57977.81,0,13503.61,0,0,68097.79,0,0,0,2030.53,2107.78,0,18011.96,22087.21,61.31,1489.5,13166.26,0,0,0,0
2006-03-30 04:00:00,0,1578.49,0,207.83,9353.14,3705.93,5415.75,0,0,1290.93,8379.71,135.04,0,11161.81,1072.56,3308.34,59215.16,0,13758.86,0,0,70020.36,0,0,0,2144.15,2194.61,0,18568.63,22168.87,61.63,1560.18,13534.44,0,0,0,0
2006-03-30 05:00:00,0,1647.3,0,218.63,10004.48,3944.06,5829.51,0,0,1357.34,8784.69,141.93,0,11497.56,1138.19,3476.06,61082.38,0,14316.57,0,0,72358.39,0,0,0,2253.38,2289.9,0,19202.54,22751.52,62.76,1633.22,14080.5,0,0,0,0
2006-03-30 06:00:00,0,1712.86,0,229.67,10679.56,4181.06,6227.85,0,0,1421.81,9207.66,148.78,0,12128.3,1183.89,3654.65,62952.23,0,15130.89,0,0,74706.72,0,0,0,2354.57,2371.64,0,19866.3,23462.13,64.08,1702.28,14634.34,0,0,0,0
2006-03-30 07:00:00,0,1790.72,0,259.4,11832.94,4661.19,6792.83,0,0,1584.39,10351.49,162.16,0,13221.96,1268.84,3891.47,65345.89,0,16856.58,0,0,80977.38,0,0,0,2549.51,2506.55,0,21293.79,24238.39,66.02,1838.19,15446.77,0,0,0,0
2006-03-30 08:00:00,0,1940.7,0,276.99,11657.37,4978.67,6655.44,0,0,1690.02,11549.25,175.11,0,13305.21,1276.58,3993.31,69556.1,0,17119.1,0,0,81128.66,0,0,0,2526.1,2470.18,0,22301.99,25733.8,67.27,1992.41,16276.76,0,0,0,0
2006-03-30 09:00:00,0,1958.56,0,286.13,11221.91,5203.76,6391.85,0,0,1802.41,12607.54,183.98,0,12953.23,1235.67,3980.2,70644.97,0,16914.1,0,0,79520.95,0,0,0,2495.59,2407.71,0,22437.53,26772.63,67.66,2105.1,16124.56,0,0,0,0
2006-03-30 10:00:00,0,1951.73,0,297.38,10903.77,5306.57,6070.18,0,0,1842.11,13130.14,182.85,0,12712.99,1247.67,3926.18,71543.25,0,16830.99,0,0,77944.47,0,0,0,2424.59,2306.54,0,22200.82,27427.17,67.36,2145.42,16017.85,0,0,0,0
2006-03-30 11:00:00,0,1917.11,0,302.17,10576.05,5461.14,5837.79,0,0,1895.21,13750.99,183.14,0,12568.25,1256.56,3889.14,72180.97,0,16824.99,0,0,77217.37,0,0,0,2372.37,2252.1,0,22198.61,28138.77,68.48,2236.96,15806.87,0,0,0,0
2006-03-30 12:00:00,0,1873.55,0,312.42,10402.16,5742.05,5737.92,0,0,1956.53,14330.91,190.18,0,12516.24,1296.01,3913.9,72443.34,0,16759.36,0,0,77052.55,0,0,0,2369.64,2260.68,0,22521.79,28627.22,69.45,2345.34,15837.8,0,0,0,0
2006-03-30 13:00:00,0,1810.38,0,320.15,10288.18,6011.37,5627.28,0,0,2002.16,14687.05,199.02,0,12487.69,1331.49,3930.7,72516.07,0,16733.1,0,0,77648.19,0,0,0,2391.72,2267.13,0,22899.63,28842.91,70.61,2491.99,16057.07,0,0,0,0
2006-03-30 14:00:00,0,1827.69,0,326.65,10198.22,6247.81,5633.55,0,0,2047.52,14977.64,210.77,0,12447.8,1358.34,3947.8,72455.37,0,16786.09,0,0,78431.5,0,0,0,2401.44,2273.87,0,23258.87,29054.93,72.7,2664.76,16266.92,0,0,0,0
2006-03-30 15:00:00,0,1897.68,0,329.86,10163.73,6469.21,5664.31,0,0,2088.87,15256.25,227.66,0,12398.28,1385.59,3942.32,72377.13,0,16955.17,0,0,78760.35,0,0,0,2410.18,2252.3,0,23211.45,29121.91,74.5,2786.7,16387.49,0,0,0,0
2006-03-30 16:00:00,0,1888.45,0,330.48,10409.34,6590.54,5680.14,0,0,2130.58,15440.62,237.06,0,12456.41,1415.1,3923.65,72153.02,0,17088.32,0,0,79252.52,0,0,0,2409.27,2247.31,0,22979.95,28910.99,72.54,2813.31,16427.71,0,0,0,0
2006-03-30 17:00:00,0,1858.89,0,331.76,10466.76,6637.33,5763.7,0,0,2157.66,15625.7,241.99,0,12705.26,1432.7,3917.66,71832.89,0,17299.05,0,0,80543.69,0,0,0,2418.13,2234.86,0,22879.26,28737.02,72.37,2764.78,16541.14,0,0,0,0
2006-03-30 18:00:00,0,1859.46,0,324.02,10559.72,6576.33,5899.15,0,0,2166.97,15275.89,237.81,0,13448.64,1446.17,3862.65,71175.66,0,17531.15,0,0,80517.42,0,0,0,2424.01,2271.36,0,22779.69,28476.87,73.63,2703.31,16607.01,0,0,0,0
2006-03-30 19:00:00,0,1999.1,0,345.12,11150.24,6770.68,6576.97,0,0,2281.19,15400.65,252.31,0,14789.43,1577.12,4088.05,72594.33,0,18613.01,0,0,89345.01,0,0,0,2595.05,2494.8,0,24000.44,27708.57,75.59,2829.12,17407.17,0,0,0,0
2006-03-30 20:00:00,0,1979.87,0,325.89,11097.34,6359.87,6261.66,0,0,2121.01,14283.38,240.83,0,13949.42,1465.92,3853.93,71917.12,0,17929.85,0,0,84763.77,0,0,0,2577.99,2442.7,0,23803.41,28406.07,72.94,2580.61,17074.91,0,0,0,0
2006-03-30 21:00:00,0,2013.1,0,305.76,11001.11,5976.39,5959.03,0,0,1967.3,13331.46,233.13,0,13099.44,1367.41,3693.93,71281.61,0,17250.42,0,0,80895.21,0,0,0,2542.47,2401.76,0,23499.66,28517.5,70.56,2355.85,17064.83,0,0,0,0
2006-03-30 22:00:00,0,1987.15,0,281.91,10329.88,5409.11,5644.77,0,0,1814.05,12361.28,213.09,0,12321.8,1266.97,3570.62,69027.55,0,16311.66,0,0,77500.05,0,0,0,2404.63,2286.53,0,22090.37,27721.36,69.11,2153.82,16137.08,0,0,0,0
2006-03-30 23:00:00,0,1814.09,0,259.76,9694.89,4885.38,5327.22,0,0,1680.57,11394.85,193.46,0,11594.09,1174.15,3439.97,66384.61,0,15350.13,0,0,74449.78,0,0,0,2259.46,2178.12,0,20833.23,26130.49,67.15,1975.74,15190.56,0,0,0,0
2006-03-31 00:00:00,0,1672.42,0,237.17,9088.6,4370.59,5041.14,0,0,1549.57,10499.22,173.74,0,10908.74,1082.0,3319.07,63803.62,0,14538.54,0,0,71573.92,0,0,0,2133.09,2077.12,0,19703.51,24901.63,65.53,1818.52,14284.75,0,0,0,0
2006-03-31 01:00:00,0,1537.91,0,215.95,8608.23,3870.38,4813.52,0,0,1414.96,9555.04,154.19,0,10611.81,988.13,3213.61,61194.64,0,13857.79,0,0,68876.61,0,0,0,2025.42,1973.26,0,18583.07,23690.77,63.79,1664.76,13366.69,0,0,0,0
2006-03-31 02:00:00,0,1407.51,0,198.04,8386.08,3502.72,4718.22,0,0,1291.02,8630.7,138.74,0,10543.25,924.49,3104.81,58931.32,0,13324.02,0,0,66962.8,0,0,0,1973.22,1912.24,0,17870.37,22436.48,63.01,1524.87,12682.64,0,0,0,0
2006-03-31 03:00:00,0,1375.92,0,192.57,8530.17,3482.87,4869.55,0,0,1246.81,8427.11,133.82,0,10609.28,940.0,3008.46,57416.59,0,13178.03,0,0,65989.36,0,0,0,1959.49,1968.1,0,17764.69,21957.15,61.62,1512.72,12334.36,0,0,0,0
2006-03-31 04:00:00,0,1417.08,0,201.8,8984.69,3703.54,5268.98,0,0,1298.7,8799.44,139.75,0,10836.58,988.44,3038.29,57954.78,0,13448.36,0,0,66755.55,0,0,0,2041.79,2029.41,0,18249.89,22117.98,60.63,1584.26,12365.86,0,0,0,0
2006-03-31 05:00:00,0,1483.48,0,214.41,9515.48,3926.12,5664.6,0,0,1354.24,9200.74,146.03,0,11189.99,1037.28,3165.79,59786.52,0,14044.9,0,0,68692.66,0,0,0,2140.46,2097.44,0,18751.31,22761.37,60.3,1655.88,12843.22,0,0,0,0
2006-03-31 06:00:00,0,1556.83,0,226.43,10046.9,4150.71,6011.39,0,0,1408.12,9581.19,152.79,0,12091.64,1089.41,3296.21,61315.41,0,15109.3,0,0,71278.82,0,0,0,2239.64,2163.88,0,19301.65,23545.42,60.42,1722.11,13336.38,0,0,0,0
2006-03-31 07:00:00,0,1647.21,0,262.13,11012.76,4626.7,6521.78,0,0,1577.49,10717.61,166.74,0,12855.51,1187.77,3540.79,63336.61,0,16568.41,0,0,78317.75,0,0,0,2385.38,2259.7,0,20919.46,24483.41,61.19,1852.47,14359.42,0,0,0,0
2006-03-31 08:00:00,0,1743.93,0,275.13,10865.72,5011.39,6393.99,0,0,1731.01,12058.84,179.91,0,12803.93,1215.55,3801.47,66933.91,0,17061.37,0,0,79612.59,0,0,0,2396.31,2263.78,0,21726.68,26303.9,62.78,2008.78,15177.59,0,0,0,0
2006-03-31 09:00:00,0,1748.71,0,288.42,10784.21,5303.98,6058.25,0,0,1842.66,13074.5,188.44,0,12629.74,1237.85,3930.61,68856.46,0,17067.78,0,0,81123.59,0,0,0,2425.55,2229.79,0,21981.84,26997.47,65.04,2152.25,15518.84,0,0,0,0
2006-03-31 10:00:00,0,1766.16,0,303.03,10537.96,5419.2,5771.73,0,0,1882.69,13639.17,186.86,0,12475.63,1243.46,3998.98,71218.92,0,17110.03,0,0,82081.03,0,0,0,2429.91,2203.89,0,22048.84,27690.99,66.8,2232.24,15795.83,0,0,0,0
2006-03-31 11:00:00,0,1777.04,0,309.89,10561.31,5660.37,5630.02,0,0,1942.56,14223.92,190.38,0,12544.87,1299.01,4023.85,72902.09,0,17064.71,0,0,82287.14,0,0,0,2443.35,2222.72,0,22433.3,28175.67,67.9,2357.2,15940.84,0,0,0,0
2006-03-31 12:00:00,0,1778.19,0,316.02,10730.66,6038.39,5697.81,0,0,2019.38,14881.67,200.0,0,12634.05,1353.25,4003.09,74256.32,0,17063.99,0,0,82605.97,0,0,0,2490.22,2284.15,0,23082.25,28247.7,68.61,2514.45,16021.11,0,0,0,0
2006-03-31 13:00:00,0,1793.24,0,320.01,10908.52,6359.59,5800.61,0,0,2097.37,15314.06,210.86,0,12657.44,1394.1,3974.06,74965.79,0,17155.63,0,0,83149.06,0,0,0,2520.08,2325.49,0,23593.6,28225.75,68.69,2688.8,16098.38,0,0,0,0
2006-03-31 14:00:00,0,1797.09,0,323.09,11056.91,6627.47,5917.24,0,0,2145.71,15643.88,226.8,0,12606.67,1423.78,3972.35,74712.4,0,17201.51,0,0,83781.67,0,0,0,2533.89,2365.67,0,23995.6,28112.95,68.62,2837.63,16135.78,0,0,0,0
2006-03-31 15:00:00,0,1784.16,0,327.65,11069.0,6820.04,5982.92,0,0,2192.87,15869.8,250.87,0,12622.83,1439.37,3926.77,74319.8,0,17289.99,0,0,84269.1,0,0,0,2541.35,2371.19,0,24046.56,27990.56,68.03,2931.78,16329.8,0,0,0,0
2006-03-31 16:00:00,0,1755.28,0,331.0,11000.51,6923.1,6048.06,0,0,2236.37,16067.74,263.49,0,12783.73,1457.35,3880.46,73884.85,0,17423.81,0,0,84592.82,0,0,0,2532.82,2361.52,0,23854.34,27873.07,67.8,2930.28,16545.8,0,0,0,0
2006-03-31 17:00:00,0,1753.82,0,331.51,11069.77,6906.69,6098.52,0,0,2219.25,16102.12,261.07,0,13014.96,1489.26,3826.35,73082.58,0,17532.14,0,0,84466.48,0,0,0,2505.05,2376.09,0,23933.61,27611.81,67.91,2883.15,16802.58,0,0,0,0
2006-03-31 18:00:00,0,1751.37,0,325.39,11043.84,6762.31,6004.21,0,0,2207.51,15720.3,249.95,0,13306.61,1485.98,3778.21,72605.92,0,17583.22,0,0,83668.9,0,0,0,2510.0,2382.83,0,23685.76,27328.67,67.97,2814.95,17008.64,0,0,0,0
2006-03-31 19:00:00,0,1850.84,0,324.77,11627.01,6621.33,6552.2,0,0,2237.24,15656.74,251.43,0,13708.45,1554.13,3734.47,70728.09,0,17239.99,0,0,88858.22,0,0,0,2566.15,2555.89,0,25139.11,25750.05,66.7,2720.01,16822.88,0,0,0,0
2006-03-31 20:00:00,0,1813.77,0,310.46,11312.34,6203.49,6142.25,0,0,2070.79,14460.69,235.98,0,12972.78,1442.81,3523.03,70316.78,0,16419.59,0,0,85152.49,0,0,0,2523.6,2465.99,0,24669.48,26459.61,64.04,2478.36,16487.48,0,0,0,0
2006-03-31 21:00:00,0,1846.61,0,293.83,10929.97,5815.88,5792.75,0,0,1922.81,13425.48,223.2,0,12271.44,1358.03,3389.69,69698.15,0,15820.6,0,0,81631.11,0,0,0,2505.55,2377.77,0,24273.89,25877.04,61.5,2291.55,16236.48,0,0,0,0
2006-03-31 22:00:00,0,1865.56,0,268.84,10163.21,5211.94,5458.6,0,0,1759.89,12367.9,206.8,0,11588.24,1275.28,3273.18,67505.69,0,15164.14,0,0,78378.21,0,0,0,2350.84,2253.84,0,22908.98,25469.61,59.09,2110.62,15292.11,0,0,0,0
2006-03-31 23:00:00,0,1750.66,0,246.77,9410.34,4692.63,5105.45,0,0,1616.43,11390.93,190.04,0,10886.86,1177.48,3158.36,64697.51,0,14363.46,0,0,75225.29,0,0,0,2205.56,2139.29,0,21615.9,24558.07,57.07,1944.49,14413.91,0,0,0,0
2006-04-01 00:00:00,0,1637.92,0,225.77,8680.49,4206.45,4768.98,0,0,1484.95,10395.25,171.69,0,10202.93,1069.73,3050.33,62109.73,0,13569.14,0,0,72285.95,0,0,0,2089.41,2034.84,0,20394.75,23636.62,54.84,1794.91,13602.41,0,0,0,0
2006-04-01 01:00:00,0,1551.53,0,211.25,8164.21,3802.87,4484.03,0,0,1371.08,9431.11,154.09,0,9722.51,1004.38,2921.2,59674.3,0,12768.8,0,0,69374.91,0,0,0,2007.01,1949.15,0,19514.19,22738.64,52.98,1651.19,12778.65,0,0,0,0
2006-04-01 02:00:00,0,1494.65,0,196.08,7744.33,3543.57,4207.32,0,0,1280.45,8653.96,141.51,0,9687.14,947.41,2795.72,57477.29,0,12346.22,0,0,66675.24,0,0,0,1938.35,1854.94,0,18949.31,21783.9,51.83,1538.85,12108.29,0,0,0,0
2006-04-01 03:00:00,0,1487.36,0,189.04,7553.4,3365.6,3997.0,0,0,1210.68,8173.02,135.25,0,9697.71,921.63,2691.88,56147.76,0,12205.66,0,0,64412.44,0,0,0,1890.25,1776.55,0,18481.17,21252.86,51.04,1474.88,11645.14,0,0,0,0
2006-04-01 04:00:00,0,1512.2,0,183.97,7378.38,3401.04,3991.59,0,0,1196.28,8038.42,132.88,0,9746.0,929.44,2640.11,55763.65,0,12048.27,0,0,63270.56,0,0,0,1881.68,1803.81,0,18263.78,20987.75,50.77,1466.35,11428.86,0,0,0,0
2006-04-01 05:00:00,0,1567.47,0,184.83,7414.07,3484.79,4075.51,0,0,1209.41,8082.25,135.29,0,9821.03,953.38,2650.98,56044.95,0,12240.33,0,0,63418.85,0,0,0,1899.79,1838.93,0,18363.36,21111.25,51.54,1498.73,11424.19,0,0,0,0
2006-04-01 06:00:00,0,1648.1,0,190.38,7644.95,3646.29,4235.6,0,0,1244.06,8322.03,139.38,0,10099.34,982.1,2695.63,57144.18,0,12742.53,0,0,63890.53,0,0,0,1925.24,1878.76,0,18600.69,21400.82,52.58,1547.81,11771.75,0,0,0,0
2006-04-01 07:00:00,0,1722.71,0,204.29,8163.47,3949.24,4580.34,0,0,1353.77,9090.37,148.6,0,10630.78,1032.29,2795.56,58586.35,0,13566.37,0,0,66316.41,0,0,0,1970.5,2010.0,0,19071.63,21780.24,53.89,1624.42,12172.74,0,0,0,0
2006-04-01 08:00:00,0,1834.36,0,220.79,8579.0,4380.58,4898.7,0,0,1514.18,10499.29,162.6,0,11160.14,1078.78,2951.13,61187.23,0,14090.53,0,0,68569.34,0,0,0,2091.53,2128.61,0,19493.44,22080.9,54.48,1779.14,12606.39,0,0,0,0
2006-04-01 09:00:00,0,1839.56,0,244.34,8971.84,4863.76,5189.72,0,0,1631.96,11664.02,170.19,0,11396.31,1149.07,3151.62,63675.33,0,14169.36,0,0,71008.69,0,0,0,2220.45,2239.62,0,20330.46,22351.09,54.43,1921.52,13181.64,0,0,0,0
2006-04-01 10:00:00,0,1837.25,0,264.69,9197.01,5161.09,5250.98,0,0,1719.16,12586.28,174.89,0,11321.89,1244.28,3267.25,64900.35,0,14509.73,0,0,72460.56,0,0,0,2309.04,2332.61,0,21408.62,22816.85,54.74,2065.89,13823.35,0,0,0,0
2006-04-01 11:00:00,0,1773.49,0,290.72,9562.2,5556.18,5528.7,0,0,1817.72,13797.48,184.88,0,11174.0,1360.5,3273.01,65999.81,0,14559.36,0,0,73495.85,0,0,0,2397.48,2436.47,0,22554.69,23580.93,55.59,2227.02,14316.96,0,0,0,0
2006-04-01 12:00:00,0,1754.54,0,312.93,9978.43,5954.4,5902.95,0,0,1934.47,14712.05,198.15,0,11324.26,1458.4,3239.6,66274.54,0,14786.86,0,0,74390.79,0,0,0,2530.13,2589.8,0,23479.71,24163.52,57.86,2353.84,14723.95,0,0,0,0
2006-04-01 13:00:00,0,1776.98,0,329.87,10413.8,6233.05,6201.96,0,0,2025.78,15320.91,214.78,0,11542.15,1549.63,3250.78,66118.82,0,14911.77,0,0,74901.4,0,0,0,2637.74,2724.59,0,24460.73,24809.04,60.68,2482.69,15198.72,0,0,0,0
2006-04-01 14:00:00,0,1775.14,0,340.49,10819.76,6538.98,6426.22,0,0,2110.54,15865.06,234.04,0,11723.03,1585.11,3239.97,66201.86,0,15440.85,0,0,74863.77,0,0,0,2732.89,2830.57,0,25459.59,25219.11,62.62,2629.64,15712.05,0,0,0,0
2006-04-01 15:00:00,0,1768.2,0,348.38,11018.49,6853.6,6602.83,0,0,2214.54,16315.54,241.89,0,11897.21,1609.11,3234.33,65772.87,0,15480.07,0,0,74523.4,0,0,0,2824.16,2927.57,0,26216.11,25488.44,64.03,2756.23,16342.74,0,0,0,0
2006-04-01 16:00:00,0,1792.0,0,350.49,11089.66,7104.97,6667.31,0,0,2293.19,16574.14,241.49,0,12102.18,1635.22,3218.41,64982.18,0,15684.84,0,0,73515.6,0,0,0,2908.68,2986.59,0,26912.16,26046.33,66.06,2795.91,16813.1,0,0,0,0
2006-04-01 17:00:00,0,1831.23,0,345.68,10904.07,6924.33,6647.81,0,0,2285.61,16363.43,241.26,0,12122.59,1648.75,3183.56,64809.06,0,15489.18,0,0,72620.18,0,0,0,2875.15,2952.12,0,26903.66,26427.33,67.78,2722.0,16800.27,0,0,0,0
2006-04-01 18:00:00,0,1825.24,0,327.73,10521.55,6614.27,6563.61,0,0,2209.87,15834.7,233.21,0,12402.02,1608.49,3210.7,64087.39,0,15432.93,0,0,72893.47,0,0,0,2802.14,2844.03,0,26410.8,26480.05,66.4,2626.95,16350.09,0,0,0,0
2006-04-01 19:00:00,0,1876.15,0,334.71,11937.03,6735.17,7175.82,0,0,2284.82,15792.57,250.93,0,13581.12,1669.78,3705.9,67530.6,0,17282.57,0,0,83036.5,0,0,0,2949.76,2913.59,0,27010.09,27424.41,70.97,2745.56,17436.23,0,0,0,0
2006-04-01 20:00:00,0,1815.54,0,317.07,11375.16,6281.08,6604.25,0,0,2075.75,14225.07,235.47,0,12933.43,1533.51,3515.64,67125.08,0,16677.54,0,0,79739.32,0,0,0,2812.08,2767.37,0,25905.15,27306.79,67.47,2528.94,16848.15,0,0,0,0
2006-04-01 21:00:00,0,1829.02,0,300.81,10997.34,5788.81,6135.65,0,0,1890.28,12996.01,224.35,0,12297.11,1415.9,3353.06,66643.77,0,16135.26,0,0,76884.76,0,0,0,2727.45,2632.84,0,25253.27,26792.94,63.98,2329.19,16520.15,0,0,0,0
2006-04-01 22:00:00,0,1837.23,0,273.19,10110.5,5152.75,5697.07,0,0,1733.23,11976.59,208.26,0,11714.78,1318.31,3224.94,65056.41,0,15703.06,0,0,74128.2,0,0,0,2505.99,2445.44,0,23721.77,26396.33,62.02,2139.37,15543.35,0,0,0,0
2006-04-01 23:00:00,0,1740.67,0,247.22,9275.56,4624.56,5314.36,0,0,1580.46,11014.54,189.19,0,11115.36,1212.89,3075.63,62582.02,0,14707.32,0,0,71079.61,0,0,0,2303.09,2284.07,0,22213.43,25645.39,60.15,1955.93,14481.56,0,0,0,0
2006-04-02 00:00:00,0,1658.99,0,228.44,8560.0,4147.46,4932.25,0,0,1453.58,10100.54,171.99,0,10471.03,1112.47,2928.36,60062.69,0,13678.63,0,0,67922.1,0,0,0,2159.04,2151.02,0,20801.3,24740.69,58.38,1810.55,13513.76,0,0,0,0
2006-04-02 01:00:00,0,1552.13,0,211.45,8033.19,3776.29,4592.44,0,0,1348.2,9207.05,156.91,0,9989.82,1028.61,2834.62,57709.78,0,12934.14,0,0,64940.58,0,0,0,2031.6,2021.12,0,19839.31,23708.88,56.4,1687.05,12670.35,0,0,0,0
2006-04-02 02:00:00,0,1461.63,0,195.11,7662.17,3510.86,4337.51,0,0,1260.24,8466.71,146.06,0,9948.22,970.01,2776.39,55936.33,0,12337.83,0,0,63084.61,0,0,0,1955.15,1912.91,0,19085.23,22753.85,54.44,1561.0,12251.45,0,0,0,0
2006-04-02 03:00:00,0,1410.01,0,186.98,7482.64,3351.6,4211.56,0,0,1200.07,8006.97,139.0,0,9876.58,926.74,2748.49,54886.99,0,12108.61,0,0,62093.5,0,0,0,1898.19,1836.51,0,18592.72,21713.98,52.7,1491.14,11965.95,0,0,0,0
2006-04-02 04:00:00,0,1413.74,0,184.81,7532.04,3396.26,4309.25,0,0,1190.93,7929.98,135.93,0,9815.1,926.48,2782.23,54674.04,0,12180.47,0,0,62500.73,0,0,0,1883.48,1837.44,0,18356.77,21192.4,52.5,1467.5,11648.76,0,0,0,0
2006-04-02 05:00:00,0,1423.06,0,185.49,7697.67,3481.09,4504.64,0,0,1199.82,7997.0,137.81,0,9900.79,943.58,2869.39,55274.01,0,12346.1,0,0,63512.95,0,0,0,1882.27,1862.25,0,18424.85,21097.37,52.85,1489.44,11580.17,0,0,0,0
2006-04-02 06:00:00,0,1446.27,0,190.45,8001.59,3644.61,4737.44,0,0,1234.43,8258.13,141.28,0,10235.0,973.09,2995.24,56593.35,0,12843.92,0,0,65078.03,0,0,0,1909.88,1906.92,0,18558.22,21204.6,53.38,1538.08,11838.16,0,0,0,0
2006-04-02 07:00:00,0,1480.16,0,203.8,8487.12,3931.47,5027.33,0,0,1331.45,8956.53,149.59,0,10881.27,1021.21,3085.12,58379.1,0,13827.66,0,0,67480.4,0,0,0,1987.08,2059.19,0,18741.14,21292.72,54.03,1604.63,12234.17,0,0,0,0
2006-04-02 08:00:00,0,1598.13,0,223.2,8670.49,4365.8,5135.01,0,0,1499.54,10266.58,163.22,0,11236.44,1092.08,3087.03,61091.08,0,14232.0,0,0,68589.78,0,0,0,2108.8,2179.38,0,19202.93,21679.79,55.02,1769.52,12679.87,0,0,0,0
2006-04-02 09:00:00,0,1724.41,0,252.72,8785.58,4826.99,5241.1,0,0,1627.51,11471.94,174.04,0,11292.59,1156.22,3169.39,63394.89,0,14517.82,0,0,69260.24,0,0,0,2195.44,2297.14,0,20723.93,22740.97,56.29,1918.75,13392.96,0,0,0,0
2006-04-02 10:00:00,0,1744.39,0,276.5,8919.81,5153.17,5236.84,0,0,1764.18,12795.24,177.35,0,11172.82,1287.29,3244.19,64659.92,0,14479.84,0,0,70196.59,0,0,0,2279.69,2385.68,0,22309.0,23676.74,58.14,2078.43,14069.08,0,0,0,0
2006-04-02 11:00:00,0,1753.96,0,306.61,9134.16,5646.42,5437.94,0,0,1891.65,14215.88,190.66,0,10998.64,1436.2,3346.4,65648.85,0,14439.35,0,0,69617.95,0,0,0,2428.88,2550.22,0,24027.27,24504.63,60.2,2263.24,14909.56,0,0,0,0
2006-04-02 12:00:00,0,1875.58,0,329.48,9497.43,6134.84,5700.62,0,0,2008.25,15305.81,212.09,0,10909.35,1556.17,3422.41,66143.81,0,14342.21,0,0,69134.39,0,0,0,2567.85,2671.83,0,25556.99,25511.09,61.77,2414.59,15757.56,0,0,0,0
2006-04-02 13:00:00,0,1984.52,0,348.52,9859.22,6452.39,5937.99,0,0,2114.06,16017.9,230.26,0,10870.56,1639.15,3497.11,66387.56,0,14214.15,0,0,69036.96,0,0,0,2667.66,2759.11,0,26766.53,25978.81,62.73,2522.43,16721.97,0,0,0,0
2006-04-02 14:00:00,0,2033.51,0,366.22,10362.9,6847.67,6143.82,0,0,2220.17,16612.17,249.21,0,10907.61,1720.66,3509.66,66478.04,0,14146.42,0,0,69248.78,0,0,0,2772.84,2820.1,0,27902.15,26128.5,63.41,2656.06,17520.43,0,0,0,0
2006-04-02 15:00:00,0,2047.32,0,364.41,10904.97,7128.8,6326.04,0,0,2322.82,17109.02,263.74,0,11007.33,1787.96,3526.83,66685.95,0,14164.2,0,0,70149.96,0,0,0,2855.74,2834.87,0,28685.47,26226.29,65.32,2719.69,17852.9,0,0,0,0
2006-04-02 16:00:00,0,1971.14,0,353.54,11271.26,7279.32,6460.44,0,0,2400.18,17340.1,270.22,0,11024.53,1820.76,3574.28,66913.26,0,14498.05,0,0,71895.77,0,0,0,2941.28,2885.76,0,28868.23,25738.1,64.29,2717.35,17957.15,0,0,0,0
2006-04-02 17:00:00,0,1902.21,0,347.5,11180.03,7155.78,6548.98,0,0,2393.86,17023.49,260.74,0,11150.17,1793.8,3644.08,66350.92,0,14778.04,0,0,73314.2,0,0,0,2973.6,2895.05,0,28454.49,25350.54,63.21,2651.85,17830.18,0,0,0,0
2006-04-02 18:00:00,0,1818.58,0,334.96,10874.59,6763.82,6447.25,0,0,2309.27,16363.21,243.01,0,11985.54,1724.06,3602.4,65602.18,0,15195.02,0,0,73885.09,0,0,0,2906.7,2831.4,0,27650.67,25160.46,62.28,2557.9,17362.36,0,0,0,0
2006-04-02 19:00:00,0,2007.03,0,365.36,12650.59,7136.67,7058.52,0,0,2486.62,16460.76,276.37,0,14621.97,1823.14,4176.54,73434.87,0,18084.23,0,0,85597.62,0,0,0,3023.2,2843.56,0,28426.44,27197.61,72.62,2847.29,19337.02,0,0,0,0
2006-04-02 20:00:00,0,1938.37,0,345.96,12070.52,6616.39,6462.45,0,0,2237.82,14947.46,258.75,0,13824.52,1626.74,3928.21,72565.84,0,17406.78,0,0,81490.84,0,0,0,2886.34,2688.4,0,27170.95,27910.89,71.41,2625.86,18692.17,0,0,0,0
2006-04-02 21:00:00,0,1903.85,0,324.15,11542.28,6111.47,5966.31,0,0,2041.7,13705.82,244.73,0,13079.09,1499.27,3767.58,71966.66,0,16741.07,0,0,78261.21,0,0,0,2745.58,2563.17,0,26245.69,27986.7,68.92,2405.5,18378.66,0,0,0,0
2006-04-02 22:00:00,0,1862.66,0,295.85,10716.27,5487.8,5572.8,0,0,1862.0,12565.87,221.85,0,12353.97,1360.02,3642.36,69372.98,0,15966.15,0,0,75347.42,0,0,0,2557.36,2374.48,0,24405.56,27361.97,66.19,2203.43,17251.09,0,0,0,0
2006-04-02 23:00:00,0,1720.07,0,269.78,10001.49,4928.52,5225.79,0,0,1685.54,11450.92,200.36,0,11657.24,1229.91,3517.33,66565.89,0,15166.74,0,0,72797.38,0,0,0,2387.38,2204.63,0,22919.46,25951.39,63.52,2023.86,16164.34,0,0,0,0
2006-04-03 00:00:00,0,1615.02,0,244.69,9287.15,4409.29,4866.16,0,0,1533.46,10403.4,179.43,0,11011.88,1117.29,3385.96,63834.09,0,14401.8,0,0,70093.8,0,0,0,2223.8,2058.3,0,21498.89,24743.44,61.33,1865.28,15020.12,0,0,0,0
2006-04-03 01:00:00,0,1564.86,0,221.42,8607.38,3910.7,4511.34,0,0,1396.11,9399.45,160.5,0,10723.43,1013.37,3272.27,61058.72,0,13760.48,0,0,67478.08,0,0,0,2096.5,1936.93,0,20260.87,23841.96,59.17,1713.34,13943.85,0,0,0,0
2006-04-03 02:00:00,0,1523.96,0,204.72,8286.28,3576.65,4243.09,0,0,1279.71,8453.45,145.62,0,10741.43,937.72,3163.38,58738.2,0,13321.77,0,0,65232.11,0,0,0,2026.08,1871.4,0,19468.39,22986.24,58.15,1606.42,13151.43,0,0,0,0
2006-04-03 03:00:00,0,1541.75,0,197.95,8171.0,3589.09,4244.46,0,0,1266.16,8327.97,141.39,0,10785.19,955.31,3050.69,57173.11,0,13224.98,0,0,64676.65,0,0,0,2003.74,1867.87,0,18970.45,22374.32,58.3,1592.84,12683.52,0,0,0,0
2006-04-03 04:00:00,0,1610.53,0,207.1,8347.71,3762.44,4514.58,0,0,1316.74,8640.61,146.53,0,11113.06,1005.96,3037.71,58122.57,0,13477.31,0,0,66317.31,0,0,0,2063.72,1914.18,0,19030.67,22554.65,59.78,1636.93,12545.49,0,0,0,0
2006-04-03 05:00:00,0,1736.75,0,218.08,8811.79,3960.64,4793.05,0,0,1370.04,8994.72,151.98,0,11524.33,1050.97,3130.04,60115.68,0,14054.41,0,0,68754.21,0,0,0,2139.67,1963.06,0,19307.92,23303.78,62.31,1684.3,12904.54,0,0,0,0
2006-04-03 06:00:00,0,1842.44,0,227.81,9227.65,4161.8,5074.1,0,0,1423.12,9312.77,158.19,0,12365.72,1094.54,3245.21,62040.88,0,15282.69,0,0,71366.83,0,0,0,2214.84,2015.92,0,19566.74,24177.84,63.43,1737.98,13381.57,0,0,0,0
2006-04-03 07:00:00,0,1933.01,0,259.43,10033.45,4552.61,5401.89,0,0,1601.82,10403.13,168.41,0,13276.58,1186.79,3471.08,64230.71,0,17000.38,0,0,77934.82,0,0,0,2363.06,2122.88,0,20454.33,25061.74,65.71,1881.46,14024.54,0,0,0,0
2006-04-03 08:00:00,0,2116.68,0,284.17,10439.76,5059.54,5619.25,0,0,1737.95,11704.29,186.95,0,13533.14,1233.72,3754.44,67814.6,0,17560.47,0,0,81028.21,0,0,0,2443.45,2228.48,0,21476.49,26946.18,68.78,2062.05,14932.59,0,0,0,0
2006-04-03 09:00:00,0,2193.49,0,301.18,10720.55,5513.27,5851.23,0,0,1892.2,12871.74,197.82,0,13237.06,1300.97,3901.28,70580.53,0,18008.16,0,0,82861.5,0,0,0,2533.14,2348.15,0,22076.04,27695.76,73.34,2193.97,15344.63,0,0,0,0
2006-04-03 10:00:00,0,2213.0,0,321.61,10928.63,5905.82,6095.39,0,0,2037.32,13759.48,204.19,0,12875.25,1371.97,3894.31,72902.02,0,18408.23,0,0,83672.93,0,0,0,2630.11,2426.83,0,22642.74,28224.85,75.16,2322.55,15804.67,0,0,0,0
2006-04-03 11:00:00,0,2186.07,0,348.3,11277.73,6370.31,6426.94,0,0,2151.65,14943.46,213.96,0,12833.45,1505.14,3897.96,74169.04,0,18505.96,0,0,84358.97,0,0,0,2757.6,2579.74,0,23663.76,28584.11,75.14,2481.61,16268.48,0,0,0,0
2006-04-03 12:00:00,0,2091.53,0,371.62,11732.21,6837.7,6845.64,0,0,2280.34,16062.11,227.91,0,12904.2,1631.35,3888.46,74636.82,0,18217.69,0,0,84678.4,0,0,0,2897.17,2710.92,0,24503.72,28154.81,73.44,2637.84,16126.24,0,0,0,0
2006-04-03 13:00:00,0,1974.86,0,393.38,12055.89,7202.62,7154.92,0,0,2399.7,16969.39,249.3,0,12949.11,1732.79,3953.12,74379.35,0,18254.44,0,0,85026.42,0,0,0,2962.34,2806.43,0,25217.52,27659.65,70.52,2745.91,15969.72,0,0,0,0
2006-04-03 14:00:00,0,1882.06,0,411.3,12296.71,7526.4,7282.64,0,0,2520.42,17701.13,270.16,0,13375.39,1829.52,4009.22,73411.05,0,18200.2,0,0,84868.6,0,0,0,2991.91,2841.42,0,25808.95,27302.08,69.19,2849.1,15657.74,0,0,0,0
2006-04-03 15:00:00,0,1808.8,0,424.86,12322.7,7818.87,7297.73,0,0,2621.16,18169.91,282.95,0,13913.69,1920.26,4037.63,72421.04,0,18323.41,0,0,84636.86,0,0,0,2969.36,2825.64,0,25591.52,27003.52,67.91,2951.01,15470.62,0,0,0,0
2006-04-03 16:00:00,0,1777.09,0,428.44,12004.84,8015.64,7253.32,0,0,2670.51,18413.99,284.67,0,14178.98,1982.34,3994.15,71721.73,0,18380.89,0,0,84586.28,0,0,0,2976.38,2832.78,0,24753.98,26726.08,67.57,3004.45,15582.85,0,0,0,0
2006-04-03 17:00:00,0,1776.86,0,420.49,11609.23,7919.39,7189.47,0,0,2644.37,18160.79,275.42,0,14401.01,1972.44,3959.73,71050.55,0,18519.49,0,0,84463.62,0,0,0,2958.8,2817.99,0,24480.83,26704.04,67.45,2954.66,15738.58,0,0,0,0
2006-04-03 18:00:00,0,1811.14,0,400.82,11194.53,7486.89,6945.34,0,0,2537.46,17323.35,256.84,0,14680.14,1889.26,3910.73,70591.55,0,18658.18,0,0,83883.38,0,0,0,2877.49,2752.1,0,23992.78,26392.08,68.05,2852.78,16021.16,0,0,0,0
2006-04-03 19:00:00,0,1903.76,0,386.84,11787.74,7420.0,7256.19,0,0,2563.95,16996.1,274.61,0,15109.42,1923.62,3940.95,71453.22,0,18457.0,0,0,88044.8,0,0,0,2993.06,2830.03,0,23999.07,25678.04,68.36,2922.3,16567.25,0,0,0,0
2006-04-03 20:00:00,0,1977.78,0,353.07,11313.87,6896.23,6688.03,0,0,2349.75,15448.36,256.74,0,14180.07,1710.58,3764.2,70809.96,0,17888.91,0,0,84425.06,0,0,0,2872.44,2686.36,0,23100.5,26669.63,67.71,2703.06,16662.71,0,0,0,0
2006-04-03 21:00:00,0,2083.49,0,326.61,10724.21,6349.51,6159.7,0,0,2155.95,14225.93,243.3,0,13276.58,1537.48,3654.96,70093.48,0,17102.56,0,0,80703.19,0,0,0,2732.01,2500.16,0,22736.01,27219.75,66.45,2520.06,16834.62,0,0,0,0
2006-04-03 22:00:00,0,2089.06,0,298.18,10124.12,5726.66,5613.36,0,0,1977.76,13030.73,223.73,0,12420.71,1401.23,3568.19,67605.14,0,16220.39,0,0,77007.26,0,0,0,2529.42,2303.23,0,21335.28,26805.59,65.76,2361.3,15943.99,0,0,0,0
2006-04-03 23:00:00,0,2029.74,0,273.52,9622.01,5179.68,5167.32,0,0,1806.7,11940.15,206.61,0,11623.7,1278.98,3474.74,65269.95,0,15280.55,0,0,74262.49,0,0,0,2332.53,2115.82,0,20144.5,25795.73,65.18,2199.35,15204.39,0,0,0,0
2006-04-04 00:00:00,0,1960.87,0,251.53,9022.66,4662.03,4795.98,0,0,1637.02,10866.23,188.89,0,10944.93,1175.05,3359.21,63118.6,0,14449.32,0,0,71643.96,0,0,0,2171.7,1976.96,0,18999.49,24701.55,64.57,2056.24,14512.41,0,0,0,0
2006-04-04 01:00:00,0,1896.91,0,229.75,8425.93,4187.47,4473.15,0,0,1475.58,9861.54,170.87,0,10579.54,1090.64,3298.05,60989.05,0,13618.3,0,0,69113.12,0,0,0,2010.31,1885.61,0,18044.94,23700.86,64.1,1913.72,13886.31,0,0,0,0
2006-04-04 02:00:00,0,1906.39,0,210.99,8278.26,3900.13,4199.88,0,0,1335.62,8951.51,155.41,0,10549.56,1032.96,3253.84,58788.16,0,13014.14,0,0,66996.57,0,0,0,1934.48,1803.34,0,17346.36,22835.04,63.82,1800.75,13459.93,0,0,0,0
2006-04-04 03:00:00,0,1974.63,0,201.84,8399.09,3786.01,4204.88,0,0,1295.72,8764.86,149.28,0,10863.62,1009.94,3266.86,57895.16,0,13138.73,0,0,66892.08,0,0,0,1932.74,1843.74,0,17205.75,22874.93,64.33,1752.69,13646.54,0,0,0,0
2006-04-04 04:00:00,0,2081.15,0,200.93,8826.91,3936.47,4547.13,0,0,1346.9,9052.4,154.57,0,11307.79,1044.27,3513.1,59267.73,0,13701.58,0,0,68452.75,0,0,0,2019.23,1963.52,0,17900.76,23178.79,67.45,1775.17,14306.08,0,0,0,0
2006-04-04 05:00:00,0,2191.64,0,202.67,9518.19,4130.47,5048.79,0,0,1395.78,9325.82,157.87,0,11747.55,1079.56,3745.73,61276.21,0,14311.66,0,0,71186.76,0,0,0,2138.15,2086.39,0,18947.47,24076.47,70.69,1810.13,15046.07,0,0,0,0
2006-04-04 06:00:00,0,2300.43,0,210.14,10334.26,4331.55,5550.85,0,0,1446.77,9632.29,161.19,0,12341.17,1099.33,3924.82,63212.97,0,15101.92,0,0,74622.92,0,0,0,2254.62,2221.67,0,20057.17,25053.94,73.76,1854.15,15736.46,0,0,0,0
2006-04-04 07:00:00,0,2404.73,0,250.44,11589.24,4645.07,6127.51,0,0,1595.2,10565.41,171.82,0,12909.07,1200.61,4225.43,66816.23,0,16580.64,0,0,83037.11,0,0,0,2512.96,2419.86,0,22304.15,25991.65,76.63,1971.46,17170.52,0,0,0,0
2006-04-04 08:00:00,0,2509.95,0,270.01,11648.34,5076.62,6241.24,0,0,1726.4,11759.43,179.27,0,13284.3,1239.61,4277.35,70770.75,0,17771.51,0,0,84159.77,0,0,0,2529.71,2463.97,0,22897.0,27462.51,78.46,2174.2,17737.57,0,0,0,0
2006-04-04 09:00:00,0,2361.92,0,285.07,11580.24,5360.23,6280.0,0,0,1844.72,12712.51,185.5,0,13926.24,1301.16,4201.14,71640.21,0,18594.93,0,0,84945.56,0,0,0,2499.37,2458.09,0,23051.8,27534.94,75.75,2308.38,17539.96,0,0,0,0
2006-04-04 10:00:00,0,2242.64,0,287.06,11211.22,5651.27,5982.62,0,0,1993.22,13493.36,190.22,0,14257.58,1327.58,4120.64,71139.51,0,18863.18,0,0,82922.44,0,0,0,2453.83,2409.5,0,22882.98,27822.04,75.51,2464.94,17267.14,0,0,0,0
2006-04-04 11:00:00,0,2123.74,0,288.11,10901.81,5980.57,5599.07,0,0,2124.11,14263.16,189.98,0,14507.36,1311.93,3982.24,70724.67,0,18923.25,0,0,81445.33,0,0,0,2383.58,2322.25,0,22569.45,27851.07,75.75,2641.54,16904.39,0,0,0,0
2006-04-04 12:00:00,0,2025.25,0,286.39,10548.14,6423.33,5240.35,0,0,2261.7,15224.18,190.27,0,14698.23,1312.32,3865.05,70557.34,0,18413.01,0,0,80137.75,0,0,0,2351.51,2256.29,0,22094.65,27723.65,75.14,2789.34,16524.12,0,0,0,0
2006-04-04 13:00:00,0,1933.59,0,287.7,10146.59,6753.47,5032.01,0,0,2380.45,15933.37,192.14,0,14713.53,1333.64,3751.63,70130.16,0,18007.04,0,0,78658.98,0,0,0,2335.58,2196.94,0,21627.43,27430.39,73.82,2843.09,15940.03,0,0,0,0
2006-04-04 14:00:00,0,1846.13,0,289.1,9856.48,6974.89,4958.36,0,0,2479.55,16534.65,198.52,0,14666.26,1343.5,3660.4,69740.81,0,17711.6,0,0,77395.5,0,0,0,2322.73,2150.72,0,21341.78,27204.95,72.48,2869.92,15352.86,0,0,0,0
2006-04-04 15:00:00,0,1763.26,0,296.12,9699.66,7098.9,4966.37,0,0,2516.51,17003.2,214.67,0,14594.18,1352.13,3597.49,68921.9,0,17377.41,0,0,76315.94,0,0,0,2335.24,2120.71,0,21375.73,27113.64,70.41,2940.33,15080.02,0,0,0,0
2006-04-04 16:00:00,0,1701.71,0,308.44,9629.5,7101.34,5031.83,0,0,2517.35,17155.6,230.31,0,14434.7,1396.78,3546.44,68329.4,0,17362.05,0,0,75389.58,0,0,0,2355.65,2110.85,0,21545.87,27115.07,68.56,2915.11,14926.33,0,0,0,0
2006-04-04 17:00:00,0,1723.74,0,312.66,9832.44,7032.0,5195.14,0,0,2474.95,16840.48,244.46,0,14311.03,1441.95,3504.02,67889.96,0,17507.13,0,0,74912.33,0,0,0,2371.51,2156.64,0,21988.77,27250.92,67.37,2824.49,15162.18,0,0,0,0
2006-04-04 18:00:00,0,1800.05,0,312.64,9988.56,6853.2,5352.44,0,0,2393.88,16118.68,243.78,0,14433.7,1461.26,3541.23,68088.97,0,17878.52,0,0,75988.26,0,0,0,2391.06,2236.09,0,22135.68,26962.64,68.27,2728.95,15413.99,0,0,0,0
2006-04-04 19:00:00,0,1951.42,0,330.2,10570.77,6803.6,6369.56,0,0,2368.16,15871.23,261.09,0,15255.9,1494.79,3773.38,69988.86,0,18454.13,0,0,85581.23,0,0,0,2534.46,2452.18,0,22691.75,26978.16,70.72,2791.82,15939.57,0,0,0,0
2006-04-04 20:00:00,0,1976.1,0,309.75,10745.55,6188.85,6102.56,0,0,2133.61,14443.43,238.77,0,14379.09,1392.07,3701.89,69369.8,0,17846.05,0,0,81897.19,0,0,0,2517.63,2407.15,0,22568.72,27709.16,68.53,2489.82,16228.86,0,0,0,0
2006-04-04 21:00:00,0,2016.27,0,294.02,10705.93,5705.54,5819.76,0,0,1937.18,13312.85,222.6,0,13465.66,1303.55,3632.0,68983.6,0,17237.8,0,0,79113.05,0,0,0,2446.14,2361.73,0,22263.53,27872.92,66.71,2248.21,16499.08,0,0,0,0
2006-04-04 22:00:00,0,1991.4,0,270.88,10157.84,5172.47,5541.66,0,0,1797.74,12335.55,204.28,0,12559.46,1217.32,3556.82,67085.24,0,16381.18,0,0,76753.22,0,0,0,2309.34,2252.82,0,21099.9,27378.6,65.62,2050.78,16042.27,0,0,0,0
2006-04-04 23:00:00,0,1885.63,0,247.05,9601.97,4654.85,5329.61,0,0,1645.09,11336.76,185.66,0,11760.25,1136.38,3476.92,65005.72,0,15559.68,0,0,74428.53,0,0,0,2207.35,2150.11,0,20051.3,26056.21,64.59,1887.28,15493.73,0,0,0,0
2006-04-05 00:00:00,0,1780.83,0,225.64,9074.14,4179.07,5143.27,0,0,1498.18,10333.3,168.97,0,11069.89,1060.85,3415.17,62911.36,0,14884.18,0,0,72202.4,0,0,0,2107.41,2050.15,0,19103.84,24841.38,63.68,1748.6,14978.08,0,0,0,0
2006-04-05 01:00:00,0,1675.53,0,207.24,8687.53,3746.75,4938.12,0,0,1361.38,9352.97,151.97,0,10693.71,999.5,3353.89,60766.97,0,14230.71,0,0,69915.39,0,0,0,2028.22,1978.96,0,18400.49,23711.88,62.77,1628.02,14456.26,0,0,0,0
2006-04-05 02:00:00,0,1602.94,0,190.81,8569.65,3436.69,4857.3,0,0,1251.72,8442.7,139.71,0,10777.71,958.29,3297.35,58651.62,0,13751.56,0,0,68667.96,0,0,0,1997.64,1991.0,0,18111.54,22625.8,61.6,1517.5,14128.31,0,0,0,0
2006-04-05 03:00:00,0,1584.74,0,187.84,8740.2,3477.5,5006.29,0,0,1255.2,8335.4,137.08,0,10984.85,984.47,3276.43,57892.41,0,13678.42,0,0,69514.9,0,0,0,2049.36,2139.34,0,18487.36,22147.22,61.19,1518.91,14287.2,0,0,0,0
2006-04-05 04:00:00,0,1624.31,0,195.27,9292.87,3681.22,5337.23,0,0,1308.9,8603.35,141.72,0,11343.62,1048.5,3435.79,59167.18,0,14149.56,0,0,72230.35,0,0,0,2188.3,2274.63,0,19374.32,22248.38,62.05,1593.82,14750.19,0,0,0,0
2006-04-05 05:00:00,0,1695.29,0,206.23,10000.52,3886.14,5707.25,0,0,1364.63,8983.01,150.01,0,11730.44,1092.33,3622.78,61064.42,0,14631.28,0,0,75125.25,0,0,0,2303.4,2384.68,0,20295.98,22788.89,63.61,1668.13,15268.92,0,0,0,0
2006-04-05 06:00:00,0,1771.68,0,217.23,10686.16,4137.55,6087.13,0,0,1429.16,9336.36,157.42,0,12543.05,1174.83,3801.58,62948.88,0,15954.6,0,0,78242.51,0,0,0,2404.74,2489.22,0,21195.23,23467.3,65.32,1733.67,15785.24,0,0,0,0
2006-04-05 07:00:00,0,1858.55,0,257.03,11660.36,4686.17,6365.93,0,0,1615.76,10520.52,170.82,0,13654.56,1315.65,4108.38,66179.31,0,17423.15,0,0,85703.65,0,0,0,2604.96,2599.12,0,22866.02,24173.37,66.84,1844.13,16932.61,0,0,0,0
2006-04-05 08:00:00,0,1978.36,0,271.47,11177.52,4979.89,6140.1,0,0,1696.03,11474.48,179.52,0,13942.35,1314.04,4171.36,70179.03,0,18016.31,0,0,87172.39,0,0,0,2525.38,2485.26,0,23242.33,25950.84,67.49,1984.47,17510.38,0,0,0,0
2006-04-05 09:00:00,0,1905.04,0,282.0,10819.83,5267.23,5925.0,0,0,1804.37,12340.03,181.23,0,14028.85,1289.75,4182.92,71119.22,0,18592.54,0,0,86796.36,0,0,0,2457.66,2370.9,0,22852.7,26655.04,66.11,2158.59,16786.06,0,0,0,0
2006-04-05 10:00:00,0,1877.27,0,288.12,10524.92,5425.01,5541.83,0,0,1878.3,12917.25,178.54,0,13688.98,1290.92,4034.65,71531.83,0,18827.44,0,0,84815.78,0,0,0,2391.58,2244.49,0,22553.49,27371.52,65.48,2242.51,16630.46,0,0,0,0
2006-04-05 11:00:00,0,1861.56,0,285.8,10282.28,5323.02,5204.28,0,0,1910.58,13455.26,181.17,0,13524.77,1294.62,3892.34,71525.73,0,18766.67,0,0,83345.0,0,0,0,2330.25,2136.51,0,21959.05,28085.39,67.72,2253.94,16290.74,0,0,0,0
2006-04-05 12:00:00,0,1854.63,0,284.63,10110.12,5479.35,4985.45,0,0,1952.57,14240.89,181.01,0,13429.15,1311.86,3812.78,71361.4,0,18814.33,0,0,82388.64,0,0,0,2318.04,2109.46,0,21719.34,28951.51,69.67,2309.34,15861.81,0,0,0,0
2006-04-05 13:00:00,0,1868.69,0,289.66,10030.5,5641.81,4883.01,0,0,1998.3,14824.45,185.66,0,13443.84,1331.22,3746.42,70995.98,0,18501.15,0,0,81063.22,0,0,0,2333.08,2097.06,0,21656.85,29622.4,70.41,2359.63,15496.54,0,0,0,0
2006-04-05 14:00:00,0,1882.25,0,294.73,9903.9,5822.02,4869.84,0,0,2068.66,15308.99,193.01,0,13461.69,1356.32,3670.42,70473.9,0,18461.54,0,0,79705.42,0,0,0,2363.71,2056.25,0,21696.98,30016.22,70.51,2420.14,15424.44,0,0,0,0
2006-04-05 15:00:00,0,1909.06,0,304.96,9812.79,6074.35,4966.89,0,0,2165.14,15848.18,202.49,0,13486.42,1424.0,3596.31,69922.31,0,18179.3,0,0,78363.6,0,0,0,2390.83,2059.25,0,21852.84,30317.6,71.5,2459.83,15469.85,0,0,0,0
2006-04-05 16:00:00,0,1904.38,0,317.89,9856.41,6291.44,5103.52,0,0,2262.01,16247.93,219.12,0,13408.04,1509.25,3529.25,69207.33,0,17920.01,0,0,77402.52,0,0,0,2429.9,2116.81,0,22421.95,30456.14,70.99,2466.45,15425.13,0,0,0,0
2006-04-05 17:00:00,0,1906.28,0,322.1,9970.86,6502.19,5294.49,0,0,2315.8,16291.58,234.77,0,13301.14,1544.27,3513.06,69320.55,0,17776.97,0,0,77125.49,0,0,0,2447.71,2202.07,0,22662.18,30247.14,70.07,2480.87,15638.97,0,0,0,0
2006-04-05 18:00:00,0,1899.54,0,319.91,10187.08,6531.46,5431.22,0,0,2325.8,15665.26,232.76,0,13875.97,1521.7,3533.04,69138.04,0,18124.53,0,0,79379.24,0,0,0,2445.8,2275.15,0,22528.88,30179.51,70.08,2498.57,15794.24,0,0,0,0
2006-04-05 19:00:00,0,2064.57,0,345.54,10548.5,6743.8,6343.64,0,0,2352.22,15929.74,259.35,0,14732.35,1559.24,3793.86,70401.37,0,18475.42,0,0,84811.59,0,0,0,2586.85,2442.26,0,23051.63,30217.1,71.44,2679.77,16518.07,0,0,0,0
2006-04-05 20:00:00,0,2011.89,0,324.29,10611.49,6073.19,6057.86,0,0,2101.8,14118.17,235.92,0,13961.77,1413.98,3644.88,69818.3,0,17895.47,0,0,81763.72,0,0,0,2543.94,2378.04,0,22879.61,30269.32,69.88,2389.37,16387.21,0,0,0,0
2006-04-05 21:00:00,0,2009.82,0,300.29,10522.22,5711.18,5769.65,0,0,1914.82,12881.45,222.94,0,13204.06,1306.68,3505.36,69375.38,0,17279.45,0,0,78990.79,0,0,0,2460.16,2345.91,0,22506.78,29545.75,68.43,2184.41,16309.94,0,0,0,0
2006-04-05 22:00:00,0,1960.75,0,276.57,9987.3,5165.61,5487.79,0,0,1756.6,11723.04,204.91,0,12441.41,1211.9,3388.08,67559.49,0,16445.32,0,0,76619.0,0,0,0,2304.19,2238.79,0,21017.11,28562.93,65.77,2007.43,15531.26,0,0,0,0
2006-04-05 23:00:00,0,1818.81,0,247.86,9470.73,4611.96,5304.31,0,0,1589.25,10631.29,185.01,0,11687.95,1121.75,3288.0,65147.38,0,15601.35,0,0,74398.94,0,0,0,2184.85,2140.77,0,19821.82,26933.65,63.93,1838.45,14642.49,0,0,0,0
2006-04-06 00:00:00,0,1668.5,0,224.84,8970.49,4140.62,5147.16,0,0,1445.11,9696.89,169.93,0,11006.11,1042.81,3209.16,62607.66,0,14780.73,0,0,72093.26,0,0,0,2079.83,2045.96,0,18704.37,25402.53,62.35,1691.0,13891.6,0,0,0,0
2006-04-06 01:00:00,0,1527.81,0,206.04,8606.76,3737.31,4995.44,0,0,1328.3,8737.95,153.69,0,10619.18,977.41,3140.3,60192.82,0,13989.27,0,0,69854.18,0,0,0,1995.95,1976.2,0,17702.48,23948.44,61.68,1558.58,13248.53,0,0,0,0
2006-04-06 02:00:00,0,1415.23,0,190.65,8353.77,3472.2,5009.28,0,0,1231.03,8027.25,139.24,0,10641.21,928.81,3071.83,58067.92,0,13533.44,0,0,68330.02,0,0,0,1960.66,1963.01,0,17261.12,22686.59,60.95,1448.8,12690.57,0,0,0,0
2006-04-06 03:00:00,0,1355.68,0,189.45,8514.88,3548.38,5302.23,0,0,1241.36,8067.62,134.63,0,10738.71,947.51,3072.8,57171.25,0,13438.81,0,0,68778.64,0,0,0,1987.4,2076.25,0,17443.17,22005.91,59.76,1452.39,12742.35,0,0,0,0
2006-04-06 04:00:00,0,1383.73,0,198.24,8995.09,3869.55,5721.38,0,0,1319.56,8517.97,140.49,0,11047.98,1002.81,3219.24,58156.86,0,13845.18,0,0,70936.57,0,0,0,2107.57,2207.64,0,18177.64,21799.75,60.59,1538.42,13101.94,0,0,0,0
2006-04-06 05:00:00,0,1453.11,0,208.51,9600.65,4182.0,6165.41,0,0,1391.51,8944.99,147.5,0,11384.15,1071.44,3372.01,59907.45,0,14466.73,0,0,73183.56,0,0,0,2240.65,2334.13,0,18947.93,22199.55,61.49,1624.14,13651.95,0,0,0,0
2006-04-06 06:00:00,0,1524.27,0,219.33,10240.13,4446.62,6589.62,0,0,1452.96,9373.81,158.51,0,12702.16,1144.4,3531.06,61703.63,0,16136.7,0,0,77008.87,0,0,0,2363.01,2446.89,0,19683.19,22852.01,62.55,1701.68,14281.28,0,0,0,0
2006-04-06 07:00:00,0,1604.16,0,257.01,11338.18,4974.33,7052.72,0,0,1649.76,10834.48,174.19,0,13397.55,1260.19,3781.82,65128.19,0,17618.6,0,0,82916.01,0,0,0,2576.86,2573.54,0,21384.44,23541.22,64.05,1850.21,15294.72,0,0,0,0
2006-04-06 08:00:00,0,1762.89,0,277.93,11197.62,5033.94,6871.33,0,0,1681.2,11242.78,183.95,0,13652.65,1314.41,3837.36,68892.21,0,17937.58,0,0,83646.75,0,0,0,2541.88,2519.42,0,21910.75,25339.42,65.94,1978.56,15825.73,0,0,0,0
2006-04-06 09:00:00,0,1784.79,0,287.92,11059.22,5236.28,6632.2,0,0,1759.91,12071.53,189.58,0,13530.76,1281.93,3828.59,70397.95,0,18071.05,0,0,83781.75,0,0,0,2485.11,2407.79,0,22129.54,26538.59,68.03,2095.07,15831.82,0,0,0,0
2006-04-06 10:00:00,0,1792.22,0,307.43,11005.5,5260.08,6188.03,0,0,1859.23,12892.67,191.67,0,13438.1,1318.02,3868.95,71591.85,0,18091.4,0,0,82713.47,0,0,0,2432.03,2313.43,0,22461.16,27727.1,69.07,2125.05,15951.05,0,0,0,0
2006-04-06 11:00:00,0,1832.74,0,315.07,10913.85,5355.4,5899.12,0,0,1932.12,13837.3,189.51,0,13335.52,1316.53,3936.96,72691.09,0,17954.26,0,0,81530.61,0,0,0,2394.49,2232.29,0,22802.67,28696.95,71.3,2205.0,16181.13,0,0,0,0
2006-04-06 12:00:00,0,1862.92,0,323.37,10844.99,5699.75,5761.7,0,0,2023.23,14680.58,194.4,0,13180.96,1344.32,3963.91,73000.97,0,17825.19,0,0,80291.45,0,0,0,2423.87,2234.75,0,23402.63,29462.08,72.77,2335.44,16282.86,0,0,0,0
2006-04-06 13:00:00,0,1901.19,0,333.85,10722.81,5999.45,5645.79,0,0,2108.57,15339.25,202.81,0,13160.57,1383.17,3932.54,73320.22,0,17623.53,0,0,79315.82,0,0,0,2447.11,2230.55,0,23777.46,30096.22,74.72,2449.26,16302.25,0,0,0,0
2006-04-06 14:00:00,0,1986.25,0,351.05,10693.12,6356.4,5546.57,0,0,2217.66,15868.59,215.95,0,13386.71,1422.77,3907.36,73393.85,0,17363.08,0,0,78528.07,0,0,0,2494.52,2232.08,0,24275.25,30741.37,76.25,2614.51,16544.14,0,0,0,0
2006-04-06 15:00:00,0,2059.04,0,363.45,10738.91,6794.07,5551.13,0,0,2319.41,16252.25,233.15,0,13491.49,1491.53,3863.9,73608.68,0,17288.36,0,0,78045.1,0,0,0,2545.23,2288.93,0,25065.01,30727.11,78.06,2763.75,16617.9,0,0,0,0
2006-04-06 16:00:00,0,2081.04,0,361.3,10927.41,7128.21,5735.13,0,0,2400.52,16501.18,253.8,0,13530.98,1553.6,3823.23,73764.59,0,17034.97,0,0,78612.38,0,0,0,2620.09,2388.03,0,25380.41,30365.54,78.46,2823.28,16847.17,0,0,0,0
2006-04-06 17:00:00,0,2027.0,0,348.0,10973.93,7289.62,5963.55,0,0,2431.93,16469.85,266.19,0,13474.9,1574.04,3798.78,73746.25,0,17201.58,0,0,79286.27,0,0,0,2669.23,2434.51,0,25543.57,29673.73,77.16,2815.71,16972.13,0,0,0,0
2006-04-06 18:00:00,0,1953.35,0,334.91,10898.35,7096.99,6006.42,0,0,2407.36,16072.53,263.88,0,13836.4,1554.39,3758.29,73626.71,0,17522.08,0,0,80156.33,0,0,0,2639.9,2434.99,0,25007.38,29180.84,73.86,2736.94,17074.83,0,0,0,0
2006-04-06 19:00:00,0,2099.49,0,345.22,11393.95,7037.38,6548.19,0,0,2424.5,15998.32,275.29,0,14594.06,1610.45,3885.21,73471.16,0,17999.24,0,0,84337.91,0,0,0,2692.15,2590.61,0,25316.57,28539.04,74.55,2779.65,17567.0,0,0,0,0
2006-04-06 20:00:00,0,2002.77,0,319.35,11187.96,6497.97,6156.96,0,0,2226.89,14625.14,246.96,0,13705.03,1456.35,3739.45,72388.6,0,17346.11,0,0,80737.09,0,0,0,2622.11,2473.33,0,24468.61,29028.53,72.12,2480.6,17305.92,0,0,0,0
2006-04-06 21:00:00,0,1981.77,0,301.58,11006.08,6013.87,5793.78,0,0,2045.58,13451.2,235.03,0,12927.55,1350.87,3608.05,71774.67,0,16736.36,0,0,77772.67,0,0,0,2548.77,2362.81,0,23850.14,28934.32,69.78,2265.28,17199.94,0,0,0,0
2006-04-06 22:00:00,0,1918.27,0,277.05,10250.3,5385.05,5446.54,0,0,1857.35,12218.17,216.53,0,12153.36,1252.87,3463.57,69416.41,0,15869.95,0,0,75118.43,0,0,0,2397.45,2239.57,0,22269.8,27922.24,68.92,2074.24,16213.57,0,0,0,0
2006-04-06 23:00:00,0,1759.12,0,254.46,9541.26,4809.82,5101.23,0,0,1673.66,11051.54,193.66,0,11449.16,1159.6,3346.51,66767.45,0,15013.07,0,0,72327.22,0,0,0,2231.58,2109.09,0,20818.81,26300.76,66.09,1918.33,15280.14,0,0,0,0
2006-04-07 00:00:00,0,1576.6,0,231.18,8891.27,4235.98,4781.33,0,0,1521.51,10010.71,174.06,0,10776.39,1078.88,3244.37,63996.39,0,14230.87,0,0,69667.05,0,0,0,2092.59,1988.89,0,19418.68,24562.95,62.99,1744.38,14364.19,0,0,0,0
2006-04-07 01:00:00,0,1429.63,0,209.91,8307.01,3790.85,4484.5,0,0,1380.82,9003.02,155.45,0,10438.24,1004.6,3137.14,61247.24,0,13662.24,0,0,67043.38,0,0,0,1990.54,1877.15,0,18131.31,23377.94,61.68,1601.71,13508.63,0,0,0,0
2006-04-07 02:00:00,0,1327.06,0,193.31,7969.87,3467.31,4238.22,0,0,1275.83,8148.49,139.56,0,10471.55,953.36,3029.98,58721.84,0,13222.13,0,0,64967.6,0,0,0,1932.16,1803.26,0,17461.78,22326.28,61.4,1479.41,12842.76,0,0,0,0
2006-04-07 03:00:00,0,1297.05,0,190.65,7984.38,3455.4,4307.78,0,0,1262.55,7989.9,132.84,0,10587.4,963.78,2934.64,57168.51,0,13133.47,0,0,65088.96,0,0,0,1914.72,1816.34,0,17315.45,21785.28,61.24,1461.78,12481.4,0,0,0,0
2006-04-07 04:00:00,0,1343.65,0,199.36,8292.31,3655.72,4553.57,0,0,1319.27,8397.04,138.76,0,10822.45,1010.03,2991.55,57768.17,0,13512.58,0,0,67418.89,0,0,0,1963.32,1866.79,0,17806.71,21907.33,61.4,1527.93,12450.2,0,0,0,0
2006-04-07 05:00:00,0,1435.01,0,210.33,8812.46,3870.76,4825.5,0,0,1376.33,8821.78,145.01,0,11133.28,1055.08,3115.14,59451.76,0,14111.17,0,0,69604.44,0,0,0,2036.69,1923.97,0,18226.86,22577.91,60.88,1590.2,12788.07,0,0,0,0
2006-04-07 06:00:00,0,1523.84,0,222.2,9341.59,4100.0,5097.46,0,0,1433.46,9252.41,151.78,0,12330.81,1102.66,3245.74,61198.66,0,15569.01,0,0,72602.12,0,0,0,2120.58,1982.53,0,18663.27,23415.32,61.65,1658.29,13279.64,0,0,0,0
2006-04-07 07:00:00,0,1631.05,0,257.02,10273.88,4644.11,5485.47,0,0,1627.69,10582.41,167.54,0,12991.79,1223.99,3541.2,63699.9,0,17030.14,0,0,78675.65,0,0,0,2314.73,2120.62,0,20315.36,24225.65,62.78,1859.06,14266.72,0,0,0,0
2006-04-07 08:00:00,0,1824.33,0,280.12,10486.41,5045.93,5611.18,0,0,1759.08,11974.13,180.37,0,13157.62,1236.05,3762.46,67444.33,0,17357.06,0,0,80607.0,0,0,0,2384.12,2178.24,0,21091.94,26230.81,64.17,2001.86,15077.72,0,0,0,0
2006-04-07 09:00:00,0,1842.99,0,290.32,10624.77,5426.46,5788.25,0,0,1904.84,13423.88,190.77,0,13138.01,1294.95,3888.73,69968.02,0,17746.87,0,0,82271.65,0,0,0,2455.38,2259.01,0,21948.45,26901.91,65.94,2130.44,15438.73,0,0,0,0
2006-04-07 10:00:00,0,1845.52,0,304.11,10755.79,5551.69,5890.32,0,0,2051.4,14458.77,196.75,0,13454.47,1384.56,4028.57,71767.36,0,18015.25,0,0,83744.9,0,0,0,2512.28,2324.87,0,22594.18,27569.13,67.37,2142.55,15858.91,0,0,0,0
2006-04-07 11:00:00,0,1822.61,0,315.77,11003.89,5876.98,6095.32,0,0,2153.71,15509.34,203.47,0,13704.93,1504.59,4055.34,73071.46,0,18147.18,0,0,84646.03,0,0,0,2589.78,2397.29,0,23359.13,28150.97,67.97,2238.06,16301.16,0,0,0,0
2006-04-07 12:00:00,0,1803.89,0,331.27,11360.0,6211.2,6324.12,0,0,2260.42,16481.44,212.21,0,13925.72,1608.94,4061.73,73687.64,0,18071.2,0,0,85224.86,0,0,0,2690.84,2474.46,0,24134.35,28198.98,67.73,2389.53,16777.45,0,0,0,0
2006-04-07 13:00:00,0,1815.5,0,344.25,11707.69,6550.71,6581.8,0,0,2367.27,17178.39,221.34,0,14313.42,1708.38,4031.01,73413.0,0,18072.34,0,0,85356.33,0,0,0,2772.82,2553.26,0,25061.8,28250.07,68.13,2546.95,17207.96,0,0,0,0
2006-04-07 14:00:00,0,1814.41,0,349.93,11998.71,6927.86,6789.44,0,0,2480.88,17785.49,227.24,0,14440.48,1785.61,4124.13,72917.06,0,18186.93,0,0,84981.3,0,0,0,2851.58,2645.75,0,25963.85,28096.88,68.01,2702.11,17353.11,0,0,0,0
2006-04-07 15:00:00,0,1863.84,0,350.34,12004.13,7294.58,6907.71,0,0,2585.8,18262.01,228.94,0,14462.69,1834.27,4202.72,72316.79,0,17988.5,0,0,84834.1,0,0,0,2910.16,2701.65,0,26350.51,28014.52,67.24,2843.32,17480.51,0,0,0,0
2006-04-07 16:00:00,0,1892.79,0,344.75,12035.35,7700.85,7029.22,0,0,2651.15,18536.88,237.12,0,14393.68,1848.74,4269.06,72055.59,0,17889.9,0,0,84798.19,0,0,0,2937.41,2745.02,0,26552.2,27889.32,67.58,2981.99,17658.73,0,0,0,0
2006-04-07 17:00:00,0,1894.85,0,343.17,11857.74,7875.52,7101.58,0,0,2640.38,18304.78,245.65,0,14338.19,1792.99,4297.78,71909.18,0,17969.45,0,0,84247.11,0,0,0,2898.03,2713.3,0,26635.55,27829.81,70.42,3021.29,17983.75,0,0,0,0
2006-04-07 18:00:00,0,1887.07,0,340.52,11621.13,7509.22,6915.51,0,0,2551.06,17508.19,242.39,0,14384.12,1667.41,4194.06,71468.0,0,18010.75,0,0,83469.87,0,0,0,2808.3,2642.58,0,26345.85,27732.56,69.29,2933.5,18138.24,0,0,0,0
2006-04-07 19:00:00,0,1871.04,0,330.09,12092.02,6975.82,7223.0,0,0,2444.28,16918.75,241.88,0,13639.11,1658.73,4050.03,68803.08,0,17014.65,0,0,86042.25,0,0,0,2923.79,2783.6,0,26033.1,26040.2,63.45,2798.78,17805.36,0,0,0,0
2006-04-07 20:00:00,0,1880.69,0,308.02,11593.44,6385.12,6707.51,0,0,2202.91,15094.49,224.28,0,12920.87,1453.52,3732.97,68939.89,0,16286.21,0,0,82350.53,0,0,0,2819.19,2657.95,0,25317.56,26459.0,62.11,2575.59,17571.19,0,0,0,0
2006-04-07 21:00:00,0,2025.43,0,289.32,11305.92,5869.89,6315.28,0,0,1994.39,13629.17,216.48,0,12252.2,1306.58,3494.46,68431.13,0,15785.28,0,0,79439.44,0,0,0,2760.85,2557.44,0,24678.68,26346.15,59.67,2384.99,17192.73,0,0,0,0
2006-04-07 22:00:00,0,2065.93,0,268.59,10426.18,5236.57,5946.42,0,0,1811.79,12423.13,204.32,0,11588.99,1190.95,3303.18,66170.18,0,15100.76,0,0,76841.37,0,0,0,2593.35,2450.99,0,23007.86,25561.9,57.85,2244.06,16014.03,0,0,0,0
2006-04-07 23:00:00,0,2034.01,0,251.58,9594.19,4739.62,5592.65,0,0,1642.75,11322.26,184.05,0,10922.77,1103.92,3154.98,63799.16,0,14387.61,0,0,73968.6,0,0,0,2436.32,2335.66,0,21567.93,24970.34,56.2,2057.62,14876.61,0,0,0,0
2006-04-08 00:00:00,0,1953.73,0,238.68,8894.01,4286.65,5247.8,0,0,1509.64,10451.18,165.91,0,10258.03,1029.48,2993.59,61620.91,0,13695.08,0,0,71008.45,0,0,0,2288.04,2216.1,0,20355.86,24300.54,56.35,1903.35,13749.34,0,0,0,0
2006-04-08 01:00:00,0,1891.57,0,229.04,8268.87,3922.72,4913.66,0,0,1394.75,9603.13,148.28,0,9840.84,965.92,2860.79,59489.94,0,12952.27,0,0,67970.07,0,0,0,2165.43,2106.26,0,19479.35,23750.1,55.75,1773.01,12884.95,0,0,0,0
2006-04-08 02:00:00,0,1810.32,0,220.51,7815.8,3671.57,4592.08,0,0,1307.06,8967.48,137.94,0,9801.82,919.96,2752.48,57999.02,0,12424.06,0,0,65250.89,0,0,0,2034.49,1974.22,0,18902.87,23071.06,55.76,1650.82,11995.77,0,0,0,0
2006-04-08 03:00:00,0,1815.81,0,208.71,7591.52,3500.48,4342.89,0,0,1249.15,8613.8,133.68,0,9854.59,881.04,2709.92,57000.98,0,12173.72,0,0,63137.97,0,0,0,1944.72,1860.83,0,18379.42,22650.46,57.36,1562.53,11596.48,0,0,0,0
2006-04-08 04:00:00,0,1861.4,0,204.11,7477.6,3480.97,4242.12,0,0,1243.82,8604.76,133.02,0,9990.01,902.64,2723.83,56800.54,0,12161.87,0,0,62666.15,0,0,0,1900.54,1853.2,0,18078.17,22563.16,57.96,1519.45,11349.5,0,0,0,0
2006-04-08 05:00:00,0,1953.3,0,202.2,7552.34,3537.33,4306.55,0,0,1258.53,8780.19,135.69,0,10102.73,942.65,2777.03,57322.03,0,12422.28,0,0,63619.97,0,0,0,1899.11,1870.18,0,18053.86,22918.82,58.75,1522.78,11261.79,0,0,0,0
2006-04-08 06:00:00,0,2059.28,0,206.05,7808.85,3684.81,4428.51,0,0,1287.06,9031.94,140.9,0,10426.16,977.81,2923.01,58885.42,0,13217.63,0,0,64788.29,0,0,0,1916.18,1897.08,0,18224.62,23454.43,60.22,1571.85,11613.37,0,0,0,0
2006-04-08 07:00:00,0,2169.42,0,218.75,8190.42,4027.37,4686.74,0,0,1396.26,9900.05,150.18,0,11168.55,1030.34,3110.26,61064.05,0,14242.1,0,0,68034.05,0,0,0,2011.71,2047.48,0,18632.95,24026.18,62.44,1663.65,12107.08,0,0,0,0
2006-04-08 08:00:00,0,2451.1,0,241.62,8548.79,4671.49,4988.48,0,0,1640.8,12046.21,166.36,0,11869.77,1113.22,3290.87,64397.11,0,15092.04,0,0,71408.61,0,0,0,2156.7,2193.58,0,19227.67,25099.44,65.41,1901.93,12808.01,0,0,0,0
2006-04-08 09:00:00,0,2567.43,0,266.87,8828.91,5250.73,5278.55,0,0,1878.99,13782.14,175.35,0,12374.05,1208.84,3435.81,65904.86,0,15546.51,0,0,73624.35,0,0,0,2292.22,2360.24,0,20316.82,26054.29,67.13,2101.67,13476.23,0,0,0,0
2006-04-08 10:00:00,0,2524.99,0,292.98,9157.38,5815.43,5462.65,0,0,2066.39,15214.07,185.73,0,12586.05,1343.64,3553.25,65967.42,0,15890.27,0,0,75475.08,0,0,0,2391.68,2433.9,0,21394.81,26127.05,68.14,2344.3,14106.22,0,0,0,0
2006-04-08 11:00:00,0,2350.9,0,316.58,9321.31,6469.61,5539.96,0,0,2243.28,16523.48,202.99,0,12605.06,1450.34,3662.91,65424.6,0,16074.39,0,0,76479.3,0,0,0,2492.19,2523.16,0,22302.4,25907.56,67.53,2539.86,14652.88,0,0,0,0
2006-04-08 12:00:00,0,2207.66,0,335.24,9333.64,6967.61,5640.7,0,0,2384.37,17591.61,216.11,0,12672.45,1540.58,3675.67,65041.86,0,16235.04,0,0,76655.72,0,0,0,2577.45,2604.65,0,22764.87,25434.25,65.29,2676.54,14822.54,0,0,0,0
2006-04-08 13:00:00,0,2087.76,0,351.17,9259.0,7286.4,5837.88,0,0,2501.94,18291.79,227.68,0,12706.81,1648.65,3614.4,64677.07,0,16279.32,0,0,76065.23,0,0,0,2605.93,2649.52,0,23583.66,24922.57,63.23,2786.6,14838.36,0,0,0,0
2006-04-08 14:00:00,0,1983.9,0,357.71,9302.2,7497.12,5821.46,0,0,2588.03,18681.77,235.41,0,12804.18,1740.61,3524.99,64198.5,0,16288.74,0,0,75789.48,0,0,0,2538.78,2599.61,0,23899.28,24425.72,61.84,2881.1,14656.31,0,0,0,0
2006-04-08 15:00:00,0,1897.35,0,326.52,9335.11,7677.39,5757.42,0,0,2614.37,18818.7,240.01,0,12760.08,1802.42,3379.28,63364.79,0,16113.52,0,0,75315.87,0,0,0,2423.04,2486.32,0,23696.6,24072.63,61.52,2931.79,14550.87,0,0,0,0
2006-04-08 16:00:00,0,1837.68,0,328.39,9380.0,7764.19,5686.85,0,0,2610.86,18708.05,244.88,0,12572.27,1817.98,3259.48,62605.18,0,16233.25,0,0,75523.34,0,0,0,2425.62,2428.65,0,23192.98,23719.89,61.09,2944.95,14424.81,0,0,0,0
2006-04-08 17:00:00,0,1825.31,0,306.53,9318.08,7583.71,5730.27,0,0,2593.22,18338.76,250.27,0,12481.83,1764.11,3235.74,62138.37,0,16370.43,0,0,75634.91,0,0,0,2422.35,2410.03,0,22588.77,23627.76,59.71,2852.45,14249.01,0,0,0,0
2006-04-08 18:00:00,0,1842.48,0,305.39,9040.95,7138.62,5852.35,0,0,2507.42,17613.79,248.52,0,13126.42,1641.97,3253.91,62038.65,0,16541.75,0,0,76315.98,0,0,0,2431.19,2463.48,0,22089.7,23753.08,58.14,2717.03,14213.08,0,0,0,0
2006-04-08 19:00:00,0,1942.78,0,333.79,10436.12,7174.78,6297.83,0,0,2573.35,17311.37,257.21,0,14402.94,1679.79,3632.7,66243.52,0,18029.32,0,0,83168.61,0,0,0,2513.44,2527.29,0,21793.55,24508.36,64.26,2772.46,15486.69,0,0,0,0
2006-04-08 20:00:00,0,2038.01,0,331.31,10523.31,6804.32,5894.48,0,0,2341.93,15840.22,245.74,0,13773.74,1568.75,3579.19,67239.64,0,17617.14,0,0,81842.98,0,0,0,2455.14,2453.22,0,21688.5,25947.4,66.15,2614.96,15624.95,0,0,0,0
2006-04-08 21:00:00,0,2159.3,0,313.49,10457.62,6366.69,5624.27,0,0,2144.22,14596.22,230.71,0,13135.7,1490.29,3518.28,67140.29,0,17009.23,0,0,79603.11,0,0,0,2434.05,2360.1,0,21547.48,26180.47,65.71,2434.13,16048.91,0,0,0,0
2006-04-08 22:00:00,0,2193.83,0,284.8,9987.19,5708.77,5396.51,0,0,1940.47,13334.64,212.72,0,12493.95,1333.88,3456.4,65666.31,0,16163.55,0,0,77506.08,0,0,0,2333.89,2221.35,0,20490.58,25980.47,65.07,2275.52,15369.82,0,0,0,0
2006-04-08 23:00:00,0,2125.38,0,263.21,9584.66,5174.9,5239.22,0,0,1788.08,12355.93,199.19,0,11863.88,1262.65,3407.23,63492.3,0,15409.88,0,0,75154.25,0,0,0,2202.05,2102.98,0,19305.39,25359.28,64.52,2106.39,14638.84,0,0,0,0
2006-04-09 00:00:00,0,2057.43,0,238.81,9152.64,4721.87,5091.34,0,0,1660.78,11521.37,181.0,0,11201.95,1196.13,3345.98,61493.13,0,14634.47,0,0,72753.92,0,0,0,2096.61,2005.03,0,18255.54,24570.18,63.91,1967.24,13992.86,0,0,0,0
2006-04-09 01:00:00,0,2004.84,0,222.42,8738.94,4283.05,5064.48,0,0,1530.44,10611.92,170.4,0,10758.43,1149.3,3306.79,59507.7,0,13816.07,0,0,70656.74,0,0,0,1984.32,1918.64,0,17707.92,23820.22,63.63,1825.18,13570.47,0,0,0,0
2006-04-09 02:00:00,0,2011.16,0,204.73,8459.55,3959.08,4999.93,0,0,1415.96,9833.55,160.53,0,10638.52,1044.9,3312.37,57935.33,0,13243.23,0,0,69321.75,0,0,0,1891.1,1816.49,0,17391.92,23210.35,63.96,1682.16,13447.37,0,0,0,0
2006-04-09 03:00:00,0,2039.62,0,185.23,8362.75,3771.94,4881.31,0,0,1338.73,9380.16,151.37,0,10551.05,979.79,3322.2,57010.65,0,12992.53,0,0,68606.38,0,0,0,1866.38,1822.56,0,17432.77,22833.99,64.19,1613.59,13617.48,0,0,0,0
2006-04-09 04:00:00,0,2086.72,0,179.99,8292.39,3752.85,4850.21,0,0,1333.97,9242.7,145.12,0,10518.82,956.04,3355.61,56640.36,0,13050.92,0,0,68912.28,0,0,0,1888.09,1883.24,0,17681.76,22766.35,64.76,1628.9,14071.96,0,0,0,0
2006-04-09 05:00:00,0,2155.43,0,179.72,8537.22,3816.15,4975.72,0,0,1343.87,9312.07,146.51,0,10602.22,969.42,3440.97,57376.66,0,13182.05,0,0,69615.53,0,0,0,1925.68,1982.77,0,18231.22,23058.46,65.98,1668.43,14678.49,0,0,0,0
2006-04-09 06:00:00,0,2232.99,0,182.18,9111.15,3955.92,5282.81,0,0,1379.29,9545.24,149.3,0,10919.72,992.71,3553.43,58426.35,0,13676.66,0,0,70739.89,0,0,0,1994.77,2094.38,0,18777.3,23516.4,67.22,1728.72,15341.27,0,0,0,0
2006-04-09 07:00:00,0,2312.65,0,201.48,10026.49,4162.66,5865.15,0,0,1443.8,10053.75,152.34,0,11309.84,994.58,3627.93,60148.34,0,14314.04,0,0,72389.12,0,0,0,2180.35,2350.83,0,20143.75,23979.73,68.43,1796.34,16339.34,0,0,0,0
2006-04-09 08:00:00,0,2351.63,0,217.74,10184.86,4466.99,6241.91,0,0,1535.53,10901.99,158.63,0,11569.91,995.52,3570.35,61101.33,0,14780.74,0,0,72741.43,0,0,0,2304.62,2486.69,0,21154.89,24326.65,67.58,1887.37,16541.4,0,0,0,0
2006-04-09 09:00:00,0,2190.47,0,234.69,10054.72,4808.04,6308.99,0,0,1626.91,11982.98,166.6,0,11593.78,1082.1,3545.98,62248.55,0,14915.07,0,0,72777.75,0,0,0,2392.42,2569.59,0,21561.9,24614.34,63.7,1982.6,16241.02,0,0,0,0
2006-04-09 10:00:00,0,2079.03,0,248.51,9759.12,5105.06,6051.2,0,0,1766.12,13165.96,171.48,0,11411.44,1187.02,3425.05,62292.39,0,14807.52,0,0,72301.94,0,0,0,2378.75,2532.25,0,21427.5,24794.61,61.56,2111.94,15922.19,0,0,0,0
2006-04-09 11:00:00,0,1971.76,0,260.6,9540.33,5375.55,5535.78,0,0,1901.08,14350.24,174.29,0,11225.64,1232.28,3299.58,62096.79,0,14689.19,0,0,71147.39,0,0,0,2307.03,2412.83,0,21088.2,24978.47,60.73,2268.89,15358.4,0,0,0,0
2006-04-09 12:00:00,0,1880.82,0,268.14,9328.71,5648.88,5170.58,0,0,2006.43,15115.28,179.46,0,11093.6,1255.49,3209.39,62154.65,0,14597.76,0,0,70262.88,0,0,0,2228.23,2316.58,0,20935.22,24832.26,60.45,2495.22,14715.79,0,0,0,0
2006-04-09 13:00:00,0,1793.26,0,275.63,9153.54,5861.95,4986.43,0,0,2037.84,15489.28,187.14,0,11034.09,1284.7,3142.0,62193.37,0,14487.34,0,0,69214.49,0,0,0,2161.32,2243.91,0,20867.95,24597.71,60.17,2675.5,14150.02,0,0,0,0
2006-04-09 14:00:00,0,1724.03,0,281.7,8857.43,5919.07,4865.87,0,0,2068.07,15893.59,188.42,0,11056.19,1315.31,3105.56,62313.71,0,14376.72,0,0,68146.26,0,0,0,2121.1,2195.08,0,20750.02,24428.06,60.19,2680.5,13747.73,0,0,0,0
2006-04-09 15:00:00,0,1685.29,0,285.48,8638.87,5895.69,4809.52,0,0,2022.16,15661.29,191.75,0,11154.95,1304.51,3069.79,61737.47,0,14297.77,0,0,67962.14,0,0,0,2126.84,2148.79,0,20705.8,24242.24,60.11,2503.23,13283.04,0,0,0,0
2006-04-09 16:00:00,0,1658.49,0,289.25,8601.5,5839.42,4840.39,0,0,1996.58,15435.4,196.85,0,11229.57,1285.3,3044.3,60935.55,0,14562.89,0,0,68220.77,0,0,0,2150.93,2123.35,0,20758.31,24012.53,59.51,2379.78,13292.99,0,0,0,0
2006-04-09 17:00:00,0,1641.96,0,291.08,8815.57,5764.58,4907.76,0,0,1997.21,15688.31,200.14,0,11311.08,1272.51,3026.94,60949.63,0,14853.1,0,0,68840.56,0,0,0,2190.36,2140.03,0,20930.55,24109.21,58.45,2372.45,13603.04,0,0,0,0
2006-04-09 18:00:00,0,1626.47,0,285.66,8898.67,5583.05,5098.12,0,0,1993.37,15500.69,205.82,0,12196.17,1272.32,3080.45,61360.91,0,15337.93,0,0,71074.76,0,0,0,2226.13,2187.12,0,21187.85,24279.21,57.45,2246.19,13814.41,0,0,0,0
2006-04-09 19:00:00,0,1893.32,0,325.08,10623.16,6054.6,6444.09,0,0,2169.86,15578.6,231.34,0,14444.42,1487.83,3755.17,69286.9,0,18067.54,0,0,83736.28,0,0,0,2529.33,2472.16,0,22731.42,27054.31,68.34,2502.81,16033.83,0,0,0,0
2006-04-09 20:00:00,0,1912.39,0,308.44,10757.63,5876.05,6257.13,0,0,2042.27,14540.58,223.8,0,13683.31,1406.01,3694.47,68727.86,0,17405.69,0,0,80764.03,0,0,0,2538.78,2463.71,0,22607.96,27158.07,67.31,2330.4,16273.48,0,0,0,0
2006-04-09 21:00:00,0,1979.17,0,296.28,10711.3,5608.9,6097.7,0,0,1925.7,13676.77,217.92,0,12917.92,1326.83,3608.16,68593.69,0,16785.8,0,0,78302.86,0,0,0,2474.35,2424.3,0,22313.29,27425.49,66.11,2188.13,16585.31,0,0,0,0
2006-04-09 22:00:00,0,1961.69,0,272.9,10221.54,5177.52,5996.17,0,0,1810.95,12870.39,201.31,0,12160.52,1243.36,3548.13,67086.73,0,15983.66,0,0,75892.82,0,0,0,2373.42,2364.71,0,21288.01,26886.46,65.27,2046.62,16172.73,0,0,0,0
2006-04-09 23:00:00,0,1874.04,0,248.01,9732.5,4710.1,5850.18,0,0,1705.35,11983.79,184.65,0,11459.42,1158.31,3481.33,65070.3,0,15117.47,0,0,73608.86,0,0,0,2289.08,2315.82,0,20315.23,25606.12,64.72,1907.84,15628.7,0,0,0,0
2006-04-10 00:00:00,0,1787.96,0,223.36,9292.61,4269.76,5700.76,0,0,1581.91,11040.85,167.13,0,10781.14,1071.27,3424.46,63057.91,0,14280.76,0,0,71382.77,0,0,0,2204.32,2258.79,0,19352.4,24406.98,63.95,1800.54,15081.17,0,0,0,0
2006-04-10 01:00:00,0,1699.34,0,202.48,8962.08,3851.95,5602.41,0,0,1461.41,10096.88,151.14,0,10427.32,992.74,3356.99,60942.32,0,13660.16,0,0,69285.09,0,0,0,2152.24,2225.5,0,18674.61,23320.96,63.31,1677.32,14557.44,0,0,0,0
2006-04-10 02:00:00,0,1652.7,0,187.21,8861.18,3506.72,5673.9,0,0,1344.56,9182.06,139.04,0,10486.26,935.04,3305.47,58871.53,0,13266.37,0,0,68028.56,0,0,0,2134.3,2284.82,0,18406.61,22336.13,62.81,1556.27,14235.38,0,0,0,0
2006-04-10 03:00:00,0,1689.16,0,185.6,9107.46,3437.94,5933.11,0,0,1322.83,9125.25,135.24,0,10578.97,920.6,3310.32,58146.68,0,13184.65,0,0,68419.69,0,0,0,2188.98,2406.79,0,18847.36,21930.89,62.81,1522.01,14450.95,0,0,0,0
2006-04-10 04:00:00,0,1769.01,0,194.0,9733.84,3642.68,6326.91,0,0,1372.47,9464.43,140.88,0,10821.41,975.59,3461.47,59422.12,0,13484.44,0,0,70322.53,0,0,0,2313.62,2530.15,0,19770.01,22119.95,64.34,1567.3,14961.34,0,0,0,0
2006-04-10 05:00:00,0,1865.51,0,203.24,10400.04,3845.75,6682.53,0,0,1423.03,9807.98,147.55,0,11155.07,1028.37,3638.16,61435.28,0,14123.02,0,0,72764.35,0,0,0,2440.33,2647.94,0,20657.93,22818.66,66.45,1630.09,15526.3,0,0,0,0
2006-04-10 06:00:00,0,1960.3,0,215.34,11076.62,4060.5,7044.73,0,0,1478.38,10178.26,154.42,0,12583.43,1078.33,3799.93,63378.1,0,15880.11,0,0,76861.01,0,0,0,2559.12,2742.09,0,21526.09,23630.77,68.95,1723.48,16059.1,0,0,0,0
2006-04-10 07:00:00,0,2075.52,0,256.87,12062.08,4492.06,7381.94,0,0,1610.31,10968.34,168.38,0,12982.51,1212.79,4075.68,67069.37,0,16975.14,0,0,81835.05,0,0,0,2771.86,2858.13,0,23344.7,24497.26,71.59,1857.33,17351.16,0,0,0,0
2006-04-10 08:00:00,0,2172.11,0,269.69,11658.47,4880.91,7024.53,0,0,1704.92,11812.83,178.62,0,13163.06,1227.82,4055.7,69791.73,0,17269.17,0,0,82747.0,0,0,0,2625.03,2649.66,0,22727.1,26303.96,72.02,1974.02,17316.41,0,0,0,0
2006-04-10 09:00:00,0,2062.63,0,283.53,11536.51,5132.46,6708.05,0,0,1784.03,12426.03,182.14,0,12874.06,1270.35,3995.57,69523.23,0,17218.58,0,0,81896.66,0,0,0,2514.37,2495.41,0,22708.43,26831.87,69.95,2075.89,16579.91,0,0,0,0
2006-04-10 10:00:00,0,1969.33,0,287.19,11154.32,5400.5,6161.17,0,0,1875.53,12938.96,184.31,0,12663.88,1287.14,3896.95,69423.72,0,17075.58,0,0,80427.16,0,0,0,2436.12,2416.26,0,22477.2,27349.81,68.64,2175.01,16400.17,0,0,0,0
2006-04-10 11:00:00,0,1873.81,0,286.28,10825.99,5623.13,5788.27,0,0,1961.39,13502.31,184.98,0,12537.1,1283.0,3810.59,69236.74,0,16982.06,0,0,79241.73,0,0,0,2327.83,2290.19,0,22123.83,27787.64,66.73,2310.42,16065.86,0,0,0,0
2006-04-10 12:00:00,0,1826.84,0,288.1,10531.41,5825.68,5595.78,0,0,2035.66,14051.13,190.25,0,12437.95,1308.65,3759.54,69164.25,0,16862.62,0,0,79031.64,0,0,0,2286.44,2211.74,0,21809.97,28187.75,66.03,2432.06,15776.99,0,0,0,0
2006-04-10 13:00:00,0,1804.42,0,291.87,10263.57,5982.44,5500.82,0,0,2113.35,14503.29,201.79,0,12390.75,1335.15,3716.17,69124.81,0,16745.34,0,0,78826.98,0,0,0,2263.52,2151.38,0,21567.25,28535.29,65.43,2566.05,15569.3,0,0,0,0
2006-04-10 14:00:00,0,1770.57,0,295.76,10114.65,6186.95,5412.57,0,0,2170.35,14894.65,203.61,0,12331.83,1362.95,3679.96,68985.9,0,16604.4,0,0,78325.95,0,0,0,2273.51,2127.39,0,21489.77,28741.6,64.89,2709.37,15515.2,0,0,0,0
2006-04-10 15:00:00,0,1753.34,0,305.64,10073.03,6305.43,5410.9,0,0,2185.76,15204.9,206.83,0,12324.82,1395.63,3659.53,67984.75,0,16704.96,0,0,77888.11,0,0,0,2303.79,2134.2,0,21555.22,28872.08,64.57,2800.7,15543.02,0,0,0,0
2006-04-10 16:00:00,0,1744.3,0,318.42,10007.31,6381.04,5451.79,0,0,2186.84,15387.89,211.2,0,12382.48,1416.49,3641.09,67447.95,0,16678.84,0,0,77455.95,0,0,0,2321.69,2134.89,0,21841.06,28848.32,64.43,2815.7,15514.25,0,0,0,0
2006-04-10 17:00:00,0,1733.64,0,320.7,10275.87,6424.64,5513.71,0,0,2168.09,15363.32,218.43,0,12483.94,1456.23,3616.7,68199.01,0,16907.99,0,0,78705.46,0,0,0,2342.34,2180.29,0,22344.64,28592.9,65.21,2748.57,15635.64,0,0,0,0
2006-04-10 18:00:00,0,1721.95,0,320.83,10626.34,6261.03,5672.73,0,0,2150.3,15253.55,219.43,0,13009.63,1438.74,3682.15,68410.36,0,17198.01,0,0,79898.83,0,0,0,2366.71,2235.73,0,22332.45,28297.33,66.26,2623.12,16030.41,0,0,0,0
2006-04-10 19:00:00,0,1933.54,0,332.45,10654.63,6350.76,6370.07,0,0,2174.76,14692.58,232.7,0,14213.06,1500.78,3915.68,69589.82,0,17890.77,0,0,85551.05,0,0,0,2530.52,2451.76,0,22925.5,28825.25,68.79,2721.92,16879.55,0,0,0,0
2006-04-10 20:00:00,0,1869.71,0,314.04,10609.65,6102.32,6054.88,0,0,2064.92,13935.28,226.47,0,13460.51,1412.9,3683.14,68833.08,0,17188.28,0,0,81029.93,0,0,0,2528.15,2437.69,0,22655.48,28792.81,66.42,2498.86,16353.78,0,0,0,0
2006-04-10 21:00:00,0,1893.97,0,303.33,10508.38,5776.66,5770.35,0,0,1947.47,13332.77,220.18,0,12677.79,1331.34,3523.71,68270.95,0,16497.51,0,0,77549.02,0,0,0,2461.58,2387.76,0,22342.69,28597.15,64.6,2307.2,16221.07,0,0,0,0
2006-04-10 22:00:00,0,1865.77,0,276.91,9857.54,5291.42,5498.41,0,0,1820.62,12573.53,201.99,0,11893.86,1248.71,3389.49,66395.3,0,15677.06,0,0,74521.03,0,0,0,2345.19,2285.42,0,21159.09,27692.84,63.34,2139.71,15481.25,0,0,0,0
2006-04-10 23:00:00,0,1736.59,0,248.17,9308.2,4763.39,5256.0,0,0,1682.54,11647.8,184.93,0,11143.36,1168.33,3272.44,64002.43,0,14828.83,0,0,71668.71,0,0,0,2231.18,2195.43,0,20046.37,26176.1,62.23,1975.56,14589.76,0,0,0,0
2006-04-11 00:00:00,0,1623.58,0,221.5,8826.98,4269.92,5073.11,0,0,1552.03,10723.57,167.66,0,10460.53,1087.41,3183.24,61518.53,0,14088.66,0,0,68861.6,0,0,0,2141.32,2112.15,0,19039.98,24810.81,61.1,1820.77,13804.4,0,0,0,0
2006-04-11 01:00:00,0,1529.42,0,202.09,8517.31,3830.81,4967.82,0,0,1419.53,9809.54,150.68,0,10171.3,1009.16,3097.84,59189.17,0,13449.47,0,0,66441.27,0,0,0,2081.65,2046.05,0,18169.32,23562.12,60.46,1668.87,13079.15,0,0,0,0
2006-04-11 02:00:00,0,1459.82,0,188.72,8306.49,3487.81,5012.35,0,0,1307.93,8944.11,138.38,0,10179.03,954.51,3016.26,56986.6,0,12985.92,0,0,64806.68,0,0,0,2049.29,2058.61,0,17758.65,22530.74,59.96,1528.48,12500.51,0,0,0,0
2006-04-11 03:00:00,0,1433.21,0,189.96,8485.1,3387.65,5252.6,0,0,1267.88,8753.97,136.05,0,10304.17,942.46,2979.27,55862.94,0,12901.79,0,0,64864.7,0,0,0,2075.47,2145.3,0,18104.07,21834.55,60.0,1484.94,12354.92,0,0,0,0
2006-04-11 04:00:00,0,1468.12,0,201.29,9031.89,3598.73,5651.93,0,0,1328.31,9092.09,142.59,0,10530.01,993.64,3094.92,56925.81,0,13212.93,0,0,66589.88,0,0,0,2176.67,2229.23,0,19119.17,21822.45,60.45,1540.33,12634.99,0,0,0,0
2006-04-11 05:00:00,0,1545.57,0,211.38,9644.64,3823.93,6042.17,0,0,1382.3,9499.07,148.97,0,10851.13,1042.23,3251.36,59038.3,0,13823.52,0,0,69063.89,0,0,0,2289.57,2324.17,0,19971.92,22322.86,62.1,1609.21,13137.0,0,0,0,0
2006-04-11 06:00:00,0,1625.88,0,220.49,10339.38,4046.93,6386.35,0,0,1432.45,9911.98,155.12,0,12287.82,1086.97,3405.62,61035.92,0,15651.59,0,0,73781.8,0,0,0,2405.17,2425.92,0,20809.72,23064.16,63.53,1680.73,13739.15,0,0,0,0
2006-04-11 07:00:00,0,1733.83,0,259.51,11342.36,4670.05,6795.75,0,0,1606.98,10907.97,171.04,0,12639.16,1203.08,3682.32,65067.43,0,16527.22,0,0,78272.15,0,0,0,2631.77,2583.06,0,22839.4,24003.55,65.13,1842.88,15256.92,0,0,0,0
2006-04-11 08:00:00,0,1900.06,0,275.62,11015.81,4982.86,6494.57,0,0,1720.7,11818.91,181.01,0,12786.66,1213.53,3747.62,67567.63,0,16658.61,0,0,79330.49,0,0,0,2539.55,2485.31,0,22253.95,25906.23,66.76,1986.22,15435.46,0,0,0,0
2006-04-11 09:00:00,0,1871.84,0,286.75,10953.81,5184.39,6294.5,0,0,1784.11,12453.72,189.69,0,12649.0,1249.32,3800.85,68319.89,0,16637.16,0,0,79662.59,0,0,0,2475.61,2370.02,0,22149.24,26660.42,67.52,2099.8,15561.49,0,0,0,0
2006-04-11 10:00:00,0,1865.98,0,296.11,10798.55,5270.89,5909.42,0,0,1855.84,13373.91,192.05,0,12491.81,1277.2,3926.35,69416.73,0,16607.39,0,0,79232.77,0,0,0,2426.44,2285.23,0,22076.76,27586.94,67.84,2165.82,15869.99,0,0,0,0
2006-04-11 11:00:00,0,1866.9,0,301.71,10565.92,5409.28,5614.73,0,0,1937.12,14110.63,192.44,0,12386.54,1290.65,3970.05,70616.75,0,16617.15,0,0,79395.22,0,0,0,2371.99,2220.14,0,21769.05,28748.77,68.84,2236.77,15850.94,0,0,0,0
2006-04-11 12:00:00,0,1901.9,0,309.69,10423.61,5531.47,5476.03,0,0,1983.04,14628.68,198.59,0,12418.7,1332.59,4039.06,71590.26,0,16649.39,0,0,80300.47,0,0,0,2361.67,2220.36,0,21681.62,29794.24,70.21,2346.2,15878.03,0,0,0,0
2006-04-11 13:00:00,0,1971.0,0,318.99,10358.39,5773.25,5380.47,0,0,2023.77,14944.61,204.97,0,12463.27,1374.54,4073.7,72718.33,0,16626.59,0,0,81378.23,0,0,0,2361.17,2205.63,0,21797.01,30537.66,71.1,2484.99,16019.89,0,0,0,0
2006-04-11 14:00:00,0,2002.4,0,334.45,10320.88,6014.02,5371.64,0,0,2079.33,15149.8,211.87,0,12449.69,1411.51,4077.93,73169.66,0,16700.07,0,0,82357.65,0,0,0,2376.4,2181.54,0,21970.74,30933.17,71.6,2632.66,16137.94,0,0,0,0
2006-04-11 15:00:00,0,2027.97,0,351.94,10283.42,6282.12,5404.95,0,0,2152.12,15325.34,216.58,0,12460.39,1448.6,4061.79,73211.44,0,16751.6,0,0,83046.71,0,0,0,2399.6,2163.27,0,22227.79,31168.67,71.9,2760.96,16128.45,0,0,0,0
2006-04-11 16:00:00,0,2063.42,0,360.67,10371.9,6487.66,5474.43,0,0,2174.28,15430.97,224.64,0,12479.24,1500.74,4035.88,73052.63,0,16808.03,0,0,83629.14,0,0,0,2410.86,2197.85,0,22617.42,31038.17,72.43,2817.48,16095.22,0,0,0,0
2006-04-11 17:00:00,0,2083.8,0,368.0,10746.3,6615.23,5746.2,0,0,2198.33,15377.75,232.75,0,12624.77,1507.73,4009.9,72543.12,0,16925.64,0,0,83920.96,0,0,0,2434.6,2235.72,0,23006.84,30683.98,72.27,2821.52,16139.68,0,0,0,0
2006-04-11 18:00:00,0,2050.15,0,362.03,10855.26,6584.98,5993.65,0,0,2196.33,15366.1,234.63,0,12946.91,1499.65,3953.79,72616.33,0,17057.72,0,0,82887.05,0,0,0,2449.93,2307.14,0,22868.08,30475.17,72.04,2736.15,16376.55,0,0,0,0
2006-04-11 19:00:00,0,2141.39,0,370.97,10996.98,6893.09,6450.89,0,0,2280.25,15216.63,248.62,0,14108.71,1542.94,4154.32,72824.54,0,17965.18,0,0,89876.18,0,0,0,2574.55,2457.62,0,23294.14,30389.65,73.33,2865.31,17210.81,0,0,0,0
2006-04-11 20:00:00,0,2091.93,0,339.82,10787.64,6465.07,6041.82,0,0,2129.23,14309.13,233.71,0,13286.25,1457.53,3843.19,71453.39,0,17243.55,0,0,84541.88,0,0,0,2547.25,2390.92,0,23066.65,30484.78,71.37,2612.03,16700.96,0,0,0,0
2006-04-11 21:00:00,0,2072.84,0,319.15,10563.36,6051.27,5705.92,0,0,1974.79,13499.28,225.86,0,12505.61,1373.69,3640.96,70554.29,0,16525.81,0,0,80389.26,0,0,0,2468.51,2345.1,0,22672.09,29854.85,70.02,2381.95,16699.86,0,0,0,0
2006-04-11 22:00:00,0,1992.85,0,291.66,9802.81,5472.46,5381.07,0,0,1818.41,12505.12,209.31,0,11733.37,1283.91,3482.05,68706.05,0,15583.13,0,0,76692.28,0,0,0,2323.09,2230.36,0,21233.27,28701.22,67.33,2197.54,15868.71,0,0,0,0
2006-04-11 23:00:00,0,1825.02,0,261.82,9159.28,4909.52,5044.22,0,0,1678.53,11580.16,191.75,0,10980.51,1200.11,3347.43,66180.5,0,14682.67,0,0,73302.57,0,0,0,2196.39,2127.06,0,20031.17,26881.57,64.86,2024.67,14925.05,0,0,0,0
2006-04-12 00:00:00,0,1661.72,0,233.02,8622.35,4390.32,4749.27,0,0,1542.99,10614.6,174.94,0,10248.46,1115.51,3252.9,63457.62,0,13921.9,0,0,70204.13,0,0,0,2075.48,2023.96,0,18813.88,25256.67,63.47,1860.25,13995.47,0,0,0,0
2006-04-12 01:00:00,0,1514.57,0,209.96,8225.53,3928.68,4487.55,0,0,1422.1,9697.68,157.83,0,9949.77,1028.07,3143.53,60746.8,0,13207.26,0,0,67149.08,0,0,0,1990.0,1933.52,0,17725.12,23693.51,62.57,1705.55,13175.24,0,0,0,0
2006-04-12 02:00:00,0,1385.84,0,190.18,7987.99,3567.21,4361.25,0,0,1319.73,8901.4,142.36,0,9909.57,963.61,3037.97,58188.74,0,12674.94,0,0,64762.12,0,0,0,1948.88,1900.3,0,17149.69,22414.5,60.72,1557.62,12506.76,0,0,0,0
2006-04-12 03:00:00,0,1317.0,0,187.54,8077.86,3436.21,4501.31,0,0,1275.29,8514.22,136.59,0,10042.65,947.32,2965.72,56592.85,0,12535.57,0,0,63699.97,0,0,0,1964.16,1972.59,0,17156.41,21614.99,58.99,1517.01,12254.4,0,0,0,0
2006-04-12 04:00:00,0,1327.65,0,196.92,8551.86,3636.13,4844.07,0,0,1324.09,8761.37,142.62,0,10306.9,998.34,3007.27,56547.96,0,12909.29,0,0,65139.85,0,0,0,2055.2,2040.14,0,17825.33,21367.55,59.04,1577.51,12396.37,0,0,0,0
2006-04-12 05:00:00,0,1375.01,0,206.94,9137.43,3851.71,5211.59,0,0,1385.2,9148.32,148.85,0,10731.78,1049.17,3145.73,58285.48,0,13596.38,0,0,67422.1,0,0,0,2160.35,2108.68,0,18557.99,21646.77,59.48,1646.74,12868.64,0,0,0,0
2006-04-12 06:00:00,0,1428.67,0,218.34,9783.69,4073.47,5589.9,0,0,1446.66,9542.59,155.24,0,12176.37,1098.34,3282.43,60047.94,0,15407.38,0,0,71756.06,0,0,0,2253.61,2180.23,0,19222.35,22147.49,60.23,1711.97,13362.58,0,0,0,0
2006-04-12 07:00:00,0,1533.38,0,259.43,10701.68,4676.79,6039.76,0,0,1637.68,10889.84,171.34,0,12445.85,1208.58,3562.69,63050.98,0,16383.69,0,0,77145.91,0,0,0,2446.04,2321.91,0,21135.9,22940.93,61.49,1874.48,14545.63,0,0,0,0
2006-04-12 08:00:00,0,1677.72,0,277.4,10556.82,5086.88,5872.85,0,0,1748.85,12002.41,183.67,0,12634.51,1222.22,3749.14,66852.83,0,16838.01,0,0,79214.88,0,0,0,2432.11,2282.52,0,21283.11,24476.9,63.43,2030.01,15251.68,0,0,0,0
2006-04-12 09:00:00,0,1720.69,0,293.3,10485.85,5324.7,5837.03,0,0,1811.24,12863.53,191.95,0,12598.64,1276.79,3913.44,69213.14,0,17134.31,0,0,81182.54,0,0,0,2439.53,2298.97,0,21599.06,25436.58,66.1,2146.4,15562.75,0,0,0,0
2006-04-12 10:00:00,0,1752.63,0,305.29,10593.19,5434.2,5713.47,0,0,1862.54,13515.23,193.84,0,12423.89,1318.72,3973.57,71230.36,0,17115.52,0,0,82475.99,0,0,0,2441.76,2328.39,0,21982.78,26535.87,68.82,2268.2,16001.3,0,0,0,0
2006-04-12 11:00:00,0,1779.28,0,309.92,10681.08,5674.83,5707.9,0,0,1923.42,14064.85,197.79,0,12456.65,1331.11,3946.33,73160.27,0,17144.18,0,0,83070.03,0,0,0,2464.4,2361.91,0,22669.4,27706.82,70.15,2372.73,16296.11,0,0,0,0
2006-04-12 12:00:00,0,1865.46,0,322.06,10794.3,5879.77,5826.8,0,0,1966.81,14624.23,203.74,0,12543.0,1382.8,4000.06,74243.65,0,17280.46,0,0,84682.26,0,0,0,2513.41,2397.34,0,23081.35,28699.63,72.12,2509.4,16579.3,0,0,0,0
2006-04-12 13:00:00,0,1960.18,0,334.71,10837.01,6153.56,5954.26,0,0,2014.67,14981.37,211.99,0,12597.21,1426.02,4039.29,74914.59,0,17388.7,0,0,85956.93,0,0,0,2537.99,2411.22,0,23408.56,29751.78,74.07,2673.26,16829.41,0,0,0,0
2006-04-12 14:00:00,0,2050.73,0,351.79,10980.38,6422.78,6074.56,0,0,2066.54,15106.19,221.23,0,12638.31,1462.01,4102.92,75045.8,0,17460.26,0,0,86758.84,0,0,0,2572.12,2414.61,0,23914.67,30463.87,76.88,2812.11,16920.14,0,0,0,0
2006-04-12 15:00:00,0,2137.43,0,373.22,11078.63,6640.85,6183.89,0,0,2123.89,15213.95,228.52,0,12769.76,1484.83,4160.93,74791.81,0,17486.54,0,0,87113.26,0,0,0,2614.8,2457.7,0,24245.97,31053.21,79.29,2893.81,17022.56,0,0,0,0
2006-04-12 16:00:00,0,2224.77,0,381.34,11196.24,6796.72,6275.48,0,0,2155.97,15277.79,237.87,0,12917.5,1543.08,4184.72,73875.4,0,17636.37,0,0,87044.67,0,0,0,2686.21,2508.53,0,24445.77,31839.53,79.87,2947.74,17020.87,0,0,0,0
2006-04-12 17:00:00,0,2291.39,0,384.17,11135.65,6871.69,6337.51,0,0,2191.51,15351.21,243.42,0,12990.07,1561.66,4236.62,72734.24,0,17793.93,0,0,86306.92,0,0,0,2728.1,2521.45,0,24714.38,32401.5,79.44,2936.83,17140.62,0,0,0,0
2006-04-12 18:00:00,0,2302.69,0,375.77,11109.74,6831.51,6347.19,0,0,2190.95,15380.26,242.03,0,13269.06,1548.99,4189.26,72601.2,0,17803.28,0,0,84865.63,0,0,0,2691.73,2498.09,0,24776.78,32266.24,77.13,2845.27,17103.48,0,0,0,0
2006-04-12 19:00:00,0,2500.51,0,388.66,11611.03,7023.23,6837.42,0,0,2294.55,15568.2,260.19,0,14461.33,1628.88,4313.63,73124.18,0,18376.83,0,0,92570.53,0,0,0,2752.72,2651.04,0,24798.17,32732.35,79.64,2924.97,18211.15,0,0,0,0
2006-04-12 20:00:00,0,2238.89,0,358.61,11271.4,6581.92,6324.55,0,0,2132.26,14476.14,246.14,0,13618.04,1492.65,4042.61,71406.62,0,17635.5,0,0,87184.88,0,0,0,2679.89,2530.46,0,23976.56,31595.53,76.55,2670.51,17534.12,0,0,0,0
2006-04-12 21:00:00,0,2116.54,0,332.99,10995.54,6167.44,5907.72,0,0,1978.67,13549.96,232.88,0,12803.48,1376.27,3829.89,69942.15,0,16800.96,0,0,82836.54,0,0,0,2589.94,2413.69,0,23451.83,30368.42,71.94,2431.38,17248.39,0,0,0,0
2006-04-12 22:00:00,0,1996.25,0,299.64,10174.94,5599.31,5518.33,0,0,1834.62,12527.04,212.69,0,12000.16,1275.19,3660.68,67692.06,0,15844.79,0,0,79086.16,0,0,0,2416.6,2257.56,0,21871.22,29196.92,68.63,2238.34,16123.99,0,0,0,0
2006-04-12 23:00:00,0,1807.81,0,269.44,9396.17,4996.63,5146.34,0,0,1687.33,11517.27,191.5,0,11231.14,1181.58,3500.05,64657.84,0,15067.3,0,0,75610.38,0,0,0,2235.34,2113.61,0,20365.22,27134.27,65.98,2059.55,15081.21,0,0,0,0
2006-04-13 00:00:00,0,1647.49,0,241.76,8722.44,4418.88,4783.46,0,0,1544.45,10485.37,172.72,0,10493.55,1086.03,3346.04,61782.56,0,14216.22,0,0,72253.04,0,0,0,2072.53,1982.45,0,18980.15,25399.1,63.55,1890.13,14084.55,0,0,0,0
2006-04-13 01:00:00,0,1500.66,0,218.07,8197.76,3928.95,4457.82,0,0,1410.7,9500.86,155.03,0,10045.28,1000.74,3206.49,58890.38,0,13467.47,0,0,69068.75,0,0,0,1972.81,1871.86,0,17764.46,23783.48,61.44,1734.05,13164.2,0,0,0,0
2006-04-13 02:00:00,0,1390.29,0,199.25,7862.59,3536.13,4218.84,0,0,1303.21,8610.96,140.97,0,9987.74,940.75,3073.0,56425.78,0,13026.1,0,0,66405.75,0,0,0,1923.3,1798.09,0,17161.93,22492.81,59.65,1578.34,12466.67,0,0,0,0
2006-04-13 03:00:00,0,1342.0,0,194.73,7776.26,3431.4,4221.31,0,0,1261.78,8343.26,136.63,0,10081.36,956.82,2949.05,55380.72,0,12882.74,0,0,65117.83,0,0,0,1907.85,1848.27,0,17110.4,21697.5,57.88,1516.77,12161.36,0,0,0,0
2006-04-13 04:00:00,0,1347.6,0,202.24,8092.62,3631.24,4486.18,0,0,1321.99,8707.65,143.1,0,10359.36,1007.33,2977.68,56102.32,0,13493.83,0,0,65749.19,0,0,0,1976.12,1907.19,0,17711.12,21472.69,57.22,1568.9,12308.38,0,0,0,0
2006-04-13 05:00:00,0,1400.14,0,212.39,8665.77,3840.38,4781.88,0,0,1382.96,9087.72,149.64,0,10843.8,1057.5,3089.85,58075.72,0,14152.79,0,0,67610.92,0,0,0,2066.6,1969.28,0,18409.74,21868.17,57.81,1635.17,12796.24,0,0,0,0
2006-04-13 06:00:00,0,1464.76,0,222.96,9308.72,4067.99,5115.13,0,0,1441.06,9480.59,155.96,0,12158.79,1107.42,3208.55,60066.76,0,15183.19,0,0,70948.37,0,0,0,2167.6,2048.83,0,19021.47,22445.58,58.72,1704.08,13290.12,0,0,0,0
2006-04-13 07:00:00,0,1560.91,0,259.04,10168.11,4676.97,5458.0,0,0,1637.52,10778.42,171.55,0,13157.14,1223.04,3484.83,63933.82,0,16616.8,0,0,76429.34,0,0,0,2368.4,2172.22,0,20972.65,23210.6,59.99,1877.62,14465.69,0,0,0,0
2006-04-13 08:00:00,0,1693.81,0,277.66,10321.4,5079.58,5572.68,0,0,1750.17,11959.87,183.93,0,13490.96,1230.34,3652.24,66389.91,0,17106.3,0,0,79001.28,0,0,0,2385.32,2178.48,0,21382.34,25121.26,62.64,2023.16,14894.8,0,0,0,0
2006-04-13 09:00:00,0,1749.55,0,292.93,10502.3,5292.89,5726.0,0,0,1816.02,12779.74,190.95,0,13609.78,1281.66,3811.08,67929.45,0,17289.99,0,0,81077.91,0,0,0,2398.71,2222.06,0,21943.04,26333.77,66.33,2134.51,15483.25,0,0,0,0
2006-04-13 10:00:00,0,1836.76,0,305.16,10616.87,5395.31,5766.7,0,0,1862.96,13527.86,192.02,0,13329.22,1314.08,3915.94,69720.48,0,17412.83,0,0,82844.53,0,0,0,2426.0,2266.21,0,22405.67,28036.18,69.78,2232.43,16027.89,0,0,0,0
2006-04-13 11:00:00,0,2021.22,0,315.27,10876.21,5648.97,5868.01,0,0,1929.12,14086.99,194.52,0,13208.73,1325.36,4098.45,71244.81,0,17503.78,0,0,85076.4,0,0,0,2497.91,2349.11,0,23232.48,29798.31,72.52,2347.5,16356.76,0,0,0,0
2006-04-13 12:00:00,0,2204.72,0,327.48,11226.88,5842.58,6114.99,0,0,1977.36,14590.33,202.4,0,13134.79,1370.43,4341.33,72636.4,0,17224.1,0,0,87711.35,0,0,0,2576.51,2431.98,0,24010.91,31702.95,74.87,2474.71,16896.98,0,0,0,0
2006-04-13 13:00:00,0,2364.3,0,340.45,11593.27,6109.17,6418.96,0,0,2023.67,14928.87,209.77,0,13080.95,1405.3,4456.71,74233.72,0,17097.67,0,0,89564.52,0,0,0,2662.69,2489.25,0,24873.15,33329.34,76.85,2639.28,17796.37,0,0,0,0
2006-04-13 14:00:00,0,2473.36,0,356.58,12002.49,6440.43,6751.91,0,0,2075.83,15097.1,220.11,0,13148.06,1432.47,4551.37,75127.07,0,17154.71,0,0,90906.85,0,0,0,2737.13,2558.61,0,25576.22,34515.41,78.53,2801.46,18442.1,0,0,0,0
2006-04-13 15:00:00,0,2531.96,0,370.16,12384.36,6617.96,6945.56,0,0,2125.96,15179.79,228.83,0,12959.82,1458.79,4637.73,75132.99,0,17130.26,0,0,92148.23,0,0,0,2810.82,2641.81,0,26202.32,35110.82,79.37,2872.86,19010.67,0,0,0,0
2006-04-13 16:00:00,0,2567.52,0,380.89,12590.11,6768.59,7105.67,0,0,2162.9,15369.2,237.52,0,12837.92,1530.3,4702.3,75333.38,0,17270.84,0,0,92522.57,0,0,0,2882.47,2696.65,0,26617.26,35567.26,78.72,2931.95,19541.69,0,0,0,0
2006-04-13 17:00:00,0,2589.13,0,386.01,12510.01,6866.1,7184.61,0,0,2200.98,15507.62,243.18,0,12935.29,1563.59,4655.95,75552.71,0,17359.78,0,0,92164.92,0,0,0,2901.63,2714.37,0,26879.58,35609.31,77.32,2921.55,19717.96,0,0,0,0
2006-04-13 18:00:00,0,2573.96,0,377.49,12136.48,6890.23,7034.24,0,0,2205.08,15448.91,243.83,0,13078.31,1552.73,4560.18,76674.83,0,17178.64,0,0,91296.12,0,0,0,2849.08,2669.34,0,26960.61,35128.69,75.66,2837.54,19430.16,0,0,0,0
2006-04-13 19:00:00,0,2762.66,0,388.26,12974.22,6994.47,7502.01,0,0,2291.6,15491.3,259.91,0,14279.73,1578.45,4746.42,78464.98,0,18148.41,0,0,96918.37,0,0,0,2881.93,2781.68,0,26918.48,36153.76,79.59,2916.05,19712.58,0,0,0,0
2006-04-13 20:00:00,0,2511.73,0,363.2,12343.99,6468.3,6839.41,0,0,2098.25,14236.29,239.58,0,13396.08,1433.29,4390.04,74709.85,0,17149.66,0,0,91032.42,0,0,0,2762.96,2632.12,0,25681.95,34754.8,76.6,2663.06,18791.85,0,0,0,0
2006-04-13 21:00:00,0,2302.66,0,334.28,11846.84,5957.12,6274.19,0,0,1910.44,13159.11,226.63,0,12552.79,1323.14,4096.18,72423.19,0,16349.92,0,0,85662.93,0,0,0,2624.07,2495.46,0,24844.96,33146.52,71.92,2393.22,18309.03,0,0,0,0
2006-04-13 22:00:00,0,2142.87,0,296.92,10852.71,5299.24,5806.51,0,0,1758.12,12105.41,207.58,0,11682.75,1226.38,3852.24,70089.4,0,15541.99,0,0,81027.43,0,0,0,2435.88,2298.1,0,22991.36,31435.06,69.08,2163.15,17107.65,0,0,0,0
2006-04-13 23:00:00,0,1912.89,0,266.29,9962.16,4705.56,5356.13,0,0,1614.35,11047.42,189.08,0,10842.67,1140.51,3659.53,66836.99,0,14749.81,0,0,76661.74,0,0,0,2265.53,2142.2,0,21371.27,28836.4,66.42,1957.82,15834.53,0,0,0,0
2006-04-14 00:00:00,0,1728.93,0,240.74,9142.26,4199.92,4918.76,0,0,1482.1,10039.78,171.29,0,10107.53,1056.01,3471.13,63835.97,0,13997.33,0,0,73049.97,0,0,0,2106.14,2008.59,0,19911.71,26842.94,64.0,1771.8,14659.75,0,0,0,0
2006-04-14 01:00:00,0,1566.25,0,215.8,8554.77,3765.56,4543.81,0,0,1363.62,9115.25,153.57,0,9759.05,988.58,3309.72,61059.44,0,13253.68,0,0,69948.0,0,0,0,1981.88,1884.87,0,18558.87,25000.52,62.03,1620.05,13624.18,0,0,0,0
2006-04-14 02:00:00,0,1419.28,0,194.36,8138.77,3453.94,4288.75,0,0,1270.45,8284.68,139.26,0,9686.43,943.95,3176.46,58384.12,0,12709.53,0,0,67393.37,0,0,0,1918.92,1798.99,0,17764.62,23615.14,60.38,1488.68,12826.6,0,0,0,0
2006-04-14 03:00:00,0,1329.62,0,190.34,7972.83,3442.87,4236.13,0,0,1256.5,8193.27,135.6,0,9784.48,969.16,3072.92,56796.47,0,12485.91,0,0,66069.93,0,0,0,1895.39,1816.98,0,17437.03,22534.82,59.12,1464.24,12415.79,0,0,0,0
2006-04-14 04:00:00,0,1307.78,0,199.65,8161.35,3660.03,4483.05,0,0,1316.16,8580.16,141.92,0,9983.9,1019.77,3083.03,56910.62,0,12735.49,0,0,66662.95,0,0,0,1939.01,1873.69,0,17811.73,22076.4,58.94,1528.7,12455.94,0,0,0,0
2006-04-14 05:00:00,0,1346.8,0,212.23,8691.9,3882.6,4780.92,0,0,1372.64,8964.94,148.23,0,10333.98,1070.95,3190.0,58587.91,0,13277.8,0,0,68607.26,0,0,0,2025.15,1932.77,0,18223.32,22265.03,59.09,1605.21,12850.3,0,0,0,0
2006-04-14 06:00:00,0,1393.23,0,223.56,9202.93,4132.55,5085.69,0,0,1428.21,9370.25,155.25,0,11553.48,1122.58,3302.59,60165.73,0,14816.75,0,0,71678.73,0,0,0,2118.73,1995.16,0,18657.42,22838.5,59.94,1681.68,13269.89,0,0,0,0
2006-04-14 07:00:00,0,1479.28,0,259.72,10090.79,4691.64,5465.36,0,0,1618.93,10700.19,169.78,0,11839.76,1241.11,3535.36,63059.64,0,15797.23,0,0,77021.23,0,0,0,2308.31,2117.29,0,20391.47,23537.69,61.27,1858.6,14380.44,0,0,0,0
2006-04-14 08:00:00,0,1679.02,0,278.41,10505.49,4982.41,5633.83,0,0,1722.64,11782.57,182.02,0,12204.8,1237.96,3804.89,66506.13,0,16005.59,0,0,79960.95,0,0,0,2382.01,2163.87,0,21252.62,25417.71,63.34,2001.98,15105.78,0,0,0,0
2006-04-14 09:00:00,0,1770.96,0,294.59,11062.77,5297.68,5884.48,0,0,1820.18,12665.49,191.5,0,12235.05,1284.11,4013.19,69115.59,0,16247.08,0,0,83025.85,0,0,0,2454.37,2249.93,0,22278.0,26857.7,65.83,2090.77,15959.82,0,0,0,0
2006-04-14 10:00:00,0,1871.07,0,318.34,11572.36,5397.63,6113.88,0,0,1879.74,13369.28,196.17,0,12309.56,1340.63,4088.8,72050.02,0,16631.98,0,0,86399.87,0,0,0,2550.86,2340.76,0,23218.41,28322.4,68.34,2131.46,16633.91,0,0,0,0
2006-04-14 11:00:00,0,1999.0,0,346.61,11869.45,5448.91,6475.93,0,0,1945.29,14092.63,202.3,0,12405.95,1427.39,4175.57,74581.84,0,16966.32,0,0,89227.03,0,0,0,2745.62,2475.01,0,24674.23,29871.98,70.04,2201.25,17176.39,0,0,0,0
2006-04-14 12:00:00,0,2153.1,0,360.21,12120.24,5718.53,6780.21,0,0,2029.23,14708.99,212.3,0,12482.62,1514.81,4363.6,76812.09,0,17335.02,0,0,90933.81,0,0,0,2906.96,2652.79,0,26023.56,31381.43,71.75,2301.54,17634.0,0,0,0,0
2006-04-14 13:00:00,0,2303.93,0,374.1,12606.52,5994.88,7084.21,0,0,2098.89,15197.41,225.87,0,12531.63,1572.22,4530.15,78653.58,0,17529.8,0,0,92892.78,0,0,0,2989.69,2792.99,0,27017.51,33035.99,73.95,2414.3,18259.82,0,0,0,0
2006-04-14 14:00:00,0,2456.28,0,391.26,13082.48,6320.85,7346.1,0,0,2184.41,15606.71,241.96,0,12545.4,1624.9,4685.43,79401.44,0,17554.33,0,0,94847.61,0,0,0,3075.65,2886.06,0,27915.25,34179.85,75.93,2571.93,18888.93,0,0,0,0
2006-04-14 15:00:00,0,2537.34,0,406.98,13345.21,6683.21,7541.27,0,0,2258.34,16018.74,261.76,0,12649.78,1677.18,4722.43,79237.72,0,17643.53,0,0,95222.44,0,0,0,3142.7,2968.19,0,28541.25,34863.97,76.68,2717.74,19040.1,0,0,0,0
2006-04-14 16:00:00,0,2605.39,0,416.93,13468.58,7045.17,7683.54,0,0,2325.9,16326.27,278.13,0,12950.19,1726.92,4740.93,78221.89,0,17506.15,0,0,95998.08,0,0,0,3175.12,3009.78,0,28941.47,35461.7,76.26,2840.97,18937.79,0,0,0,0
2006-04-14 17:00:00,0,2682.24,0,411.77,13240.92,7276.66,7753.62,0,0,2350.78,16332.47,287.98,0,13118.82,1704.87,4714.95,77543.0,0,17592.23,0,0,96174.76,0,0,0,3146.79,2986.0,0,28713.74,35677.72,74.98,2907.41,18903.86,0,0,0,0
2006-04-14 18:00:00,0,2695.53,0,394.39,12828.93,7218.4,7598.79,0,0,2346.88,16144.7,289.04,0,13254.51,1625.8,4568.77,77771.8,0,17752.13,0,0,95061.08,0,0,0,3070.54,2913.27,0,28384.15,35186.41,74.48,2878.46,18781.14,0,0,0,0
2006-04-14 19:00:00,0,3025.99,0,366.91,13184.25,6792.11,7639.75,0,0,2255.01,15857.68,284.5,0,13518.6,1623.57,4391.07,76364.3,0,17099.33,0,0,97738.55,0,0,0,3113.4,3012.12,0,28080.51,35452.9,72.44,2749.37,18663.5,0,0,0,0
2006-04-14 20:00:00,0,2709.53,0,339.77,12561.38,6197.82,7055.25,0,0,2010.66,14205.6,250.44,0,12734.67,1463.65,4134.15,73869.3,0,16397.39,0,0,92993.87,0,0,0,2953.5,2860.82,0,26522.28,33870.44,70.15,2536.45,17848.37,0,0,0,0
2006-04-14 21:00:00,0,2471.31,0,316.5,12095.74,5701.05,6592.42,0,0,1814.95,12923.34,227.74,0,12013.76,1336.12,3855.44,70900.31,0,15935.97,0,0,88393.36,0,0,0,2855.15,2733.44,0,25583.0,31768.14,66.69,2328.61,17538.96,0,0,0,0
2006-04-14 22:00:00,0,2324.5,0,284.88,11133.5,5061.46,6189.48,0,0,1666.24,11910.79,210.72,0,11345.33,1232.92,3638.82,68265.55,0,15147.67,0,0,84538.46,0,0,0,2634.8,2537.94,0,23837.12,30078.66,64.21,2135.23,16540.31,0,0,0,0
2006-04-14 23:00:00,0,2091.84,0,260.09,10191.83,4540.3,5813.56,0,0,1545.52,10973.01,190.72,0,10659.98,1131.07,3479.24,64421.57,0,14148.22,0,0,80842.71,0,0,0,2442.85,2383.65,0,22353.83,28181.92,62.15,1951.0,15475.58,0,0,0,0
2006-04-15 00:00:00,0,1874.35,0,239.37,9368.68,4072.66,5417.81,0,0,1438.59,10050.59,171.62,0,10014.86,1050.53,3329.09,61187.7,0,13262.07,0,0,77010.11,0,0,0,2293.71,2239.38,0,20916.8,26514.12,60.59,1795.08,14459.47,0,0,0,0
2006-04-15 01:00:00,0,1692.45,0,223.08,8640.46,3725.67,5033.61,0,0,1344.04,9216.8,154.51,0,9714.95,985.79,3180.61,58361.42,0,12513.3,0,0,73689.82,0,0,0,2182.84,2117.6,0,19968.15,25091.15,59.39,1676.35,13519.82,0,0,0,0
2006-04-15 02:00:00,0,1557.05,0,208.38,8152.07,3493.7,4675.86,0,0,1263.81,8504.5,142.93,0,9624.73,938.96,3009.16,55738.7,0,12091.39,0,0,70878.75,0,0,0,2090.15,1998.45,0,19309.48,23755.36,57.53,1568.22,12763.98,0,0,0,0
2006-04-15 03:00:00,0,1473.74,0,194.7,7742.5,3341.64,4393.53,0,0,1198.37,8092.05,136.3,0,9661.57,905.64,2867.24,53654.02,0,12065.98,0,0,68535.78,0,0,0,2014.35,1897.12,0,18859.93,22585.78,55.21,1503.15,12151.01,0,0,0,0
2006-04-15 04:00:00,0,1406.57,0,190.48,7641.61,3359.94,4274.61,0,0,1188.25,7977.54,133.38,0,9717.69,923.99,2777.7,52507.8,0,12076.18,0,0,67360.33,0,0,0,1974.14,1870.9,0,18466.16,21816.22,53.72,1475.82,11755.69,0,0,0,0
2006-04-15 05:00:00,0,1389.19,0,189.73,7656.81,3451.04,4338.75,0,0,1199.0,8032.87,135.91,0,9836.46,954.69,2745.32,51969.23,0,12195.1,0,0,67089.63,0,0,0,1975.08,1901.68,0,18250.11,21490.8,53.88,1496.91,11470.37,0,0,0,0
2006-04-15 06:00:00,0,1414.32,0,192.43,7796.91,3614.01,4442.25,0,0,1232.6,8243.53,139.61,0,10076.36,990.53,2775.47,52806.63,0,12635.33,0,0,67324.44,0,0,0,1989.97,1941.52,0,18210.82,21581.53,54.48,1543.0,11641.12,0,0,0,0
2006-04-15 07:00:00,0,1469.3,0,204.24,8397.15,3923.13,4748.39,0,0,1362.31,9104.49,150.01,0,10365.87,1047.98,2922.49,54490.47,0,13068.92,0,0,68908.09,0,0,0,2082.56,2115.09,0,18492.44,21659.9,54.58,1626.03,12249.91,0,0,0,0
2006-04-15 08:00:00,0,1633.51,0,224.6,9154.05,4421.65,5161.4,0,0,1537.1,10547.06,168.04,0,10726.67,1115.31,3100.83,56519.94,0,13507.0,0,0,71215.15,0,0,0,2250.56,2283.73,0,19427.67,22392.59,55.92,1838.87,13150.66,0,0,0,0
2006-04-15 09:00:00,0,1742.73,0,254.08,9873.67,4955.58,5528.89,0,0,1676.25,11662.5,174.88,0,10935.61,1196.07,3288.83,58596.92,0,14036.21,0,0,74176.48,0,0,0,2396.94,2450.16,0,20521.45,23985.47,58.54,2039.44,14143.37,0,0,0,0
2006-04-15 10:00:00,0,1970.94,0,277.53,10385.91,5409.25,6078.02,0,0,1766.6,12822.15,178.89,0,10990.42,1335.44,3422.24,60194.88,0,14107.56,0,0,76816.56,0,0,0,2586.77,2616.49,0,21769.89,25894.43,60.81,2162.71,15031.04,0,0,0,0
2006-04-15 11:00:00,0,2205.07,0,302.4,10947.61,5784.31,6631.95,0,0,1872.11,14050.55,190.6,0,10972.58,1450.05,3611.75,62318.12,0,14645.88,0,0,80369.33,0,0,0,2767.19,2819.71,0,22913.74,27680.69,62.99,2303.6,15665.87,0,0,0,0
2006-04-15 12:00:00,0,2407.35,0,320.67,11363.17,6058.17,7020.0,0,0,1968.84,14965.25,204.19,0,11248.86,1537.57,3866.3,64777.62,0,15232.46,0,0,85055.29,0,0,0,2914.95,2999.24,0,24033.56,29208.89,65.11,2411.05,16153.95,0,0,0,0
2006-04-15 13:00:00,0,2578.88,0,341.66,11858.59,6294.48,7321.53,0,0,2050.93,15591.47,217.19,0,11615.56,1616.87,4110.93,66677.14,0,15413.59,0,0,88015.78,0,0,0,3035.3,3146.29,0,24929.33,30488.26,67.19,2472.29,17117.86,0,0,0,0
2006-04-15 14:00:00,0,2695.88,0,359.82,12343.88,6547.92,7528.26,0,0,2128.46,16165.6,226.46,0,12069.89,1692.97,4324.66,67473.34,0,15499.39,0,0,89775.13,0,0,0,3141.5,3262.66,0,25888.07,31141.99,69.17,2564.37,17929.6,0,0,0,0
2006-04-15 15:00:00,0,2660.63,0,370.27,12681.06,6844.56,7672.6,0,0,2213.82,16704.45,232.69,0,12358.41,1763.92,4494.08,66898.5,0,15612.03,0,0,90475.37,0,0,0,3207.88,3322.01,0,26500.35,31384.01,71.06,2643.7,18334.66,0,0,0,0
2006-04-15 16:00:00,0,2657.81,0,376.91,12863.15,7131.17,7783.1,0,0,2291.9,17030.56,238.04,0,12347.63,1812.75,4566.44,66436.93,0,15600.36,0,0,90194.89,0,0,0,3252.29,3340.06,0,26831.89,32081.27,71.77,2676.77,18514.32,0,0,0,0
2006-04-15 17:00:00,0,2632.43,0,373.27,12691.5,7246.6,7787.04,0,0,2336.28,16901.96,240.92,0,12083.24,1793.64,4540.95,66186.29,0,15344.82,0,0,89444.89,0,0,0,3203.43,3268.92,0,26873.03,31924.13,71.23,2657.73,18291.95,0,0,0,0
2006-04-15 18:00:00,0,2508.49,0,355.78,12327.39,7028.22,7647.88,0,0,2290.34,16372.1,236.98,0,11944.26,1717.67,4417.19,66377.84,0,15169.56,0,0,87403.41,0,0,0,3104.98,3146.3,0,26744.85,30656.68,68.43,2596.37,17839.69,0,0,0,0
2006-04-15 19:00:00,0,2680.99,0,360.26,13693.44,7050.04,8186.17,0,0,2365.16,16536.38,259.69,0,13894.98,1804.73,4635.06,71428.16,0,17322.16,0,0,95374.72,0,0,0,3357.22,3219.81,0,27350.84,32306.84,72.39,2743.98,19002.0,0,0,0,0
2006-04-15 20:00:00,0,2461.89,0,325.66,13072.89,6380.07,7585.89,0,0,2105.62,14679.71,239.57,0,13123.1,1642.63,4322.36,69751.21,0,16762.34,0,0,89476.17,0,0,0,3200.41,3068.7,0,26056.06,32129.56,70.49,2508.2,18353.57,0,0,0,0
2006-04-15 21:00:00,0,2307.15,0,301.67,12674.02,5792.41,7123.52,0,0,1873.11,13300.07,226.21,0,12432.31,1504.8,3995.92,68309.27,0,16070.05,0,0,83731.91,0,0,0,3074.62,2943.89,0,25109.1,30717.21,67.27,2290.51,17994.25,0,0,0,0
2006-04-15 22:00:00,0,2166.64,0,272.41,11662.23,5140.82,6677.09,0,0,1699.09,12146.04,211.43,0,11732.75,1374.92,3776.71,66599.6,0,15268.74,0,0,79120.41,0,0,0,2831.67,2742.29,0,23329.96,28889.92,65.04,2110.69,16822.64,0,0,0,0
2006-04-15 23:00:00,0,1975.26,0,248.82,10703.74,4623.93,6254.4,0,0,1566.87,11221.6,193.55,0,11016.55,1266.43,3547.48,63966.77,0,14364.75,0,0,75149.64,0,0,0,2610.69,2548.66,0,21794.56,27140.64,62.94,1953.31,15562.25,0,0,0,0
2006-04-16 00:00:00,0,1778.27,0,231.01,9821.55,4155.26,5830.7,0,0,1454.18,10304.26,177.31,0,10285.91,1176.97,3307.25,61339.19,0,13564.36,0,0,71286.84,0,0,0,2436.34,2387.32,0,20510.62,25735.45,60.89,1803.09,14552.58,0,0,0,0
2006-04-16 01:00:00,0,1591.05,0,215.93,9064.91,3769.86,5421.08,0,0,1354.92,9408.37,161.48,0,9707.51,1091.68,3080.11,58719.82,0,12803.78,0,0,67587.11,0,0,0,2284.55,2234.01,0,19680.8,24336.83,59.21,1684.07,13622.39,0,0,0,0
2006-04-16 02:00:00,0,1463.94,0,200.98,8489.86,3514.71,5024.76,0,0,1272.6,8614.97,149.26,0,9606.93,1030.51,2892.27,56350.58,0,12202.15,0,0,64814.87,0,0,0,2157.82,2088.03,0,19083.62,23045.47,57.48,1579.43,12825.54,0,0,0,0
2006-04-16 03:00:00,0,1353.77,0,191.27,8095.47,3365.0,4714.08,0,0,1216.1,8096.36,140.55,0,9544.84,980.94,2769.96,54435.41,0,11867.51,0,0,62579.68,0,0,0,2057.53,1954.66,0,18738.72,21876.51,55.33,1497.23,12209.63,0,0,0,0
2006-04-16 04:00:00,0,1308.49,0,189.31,7944.75,3357.29,4561.2,0,0,1193.69,7839.06,135.98,0,9537.69,969.19,2723.21,53644.42,0,11884.57,0,0,62093.54,0,0,0,2003.66,1910.13,0,18450.03,21205.84,53.44,1466.27,11787.55,0,0,0,0
2006-04-16 05:00:00,0,1287.47,0,189.14,7903.38,3446.82,4543.64,0,0,1195.58,7957.42,136.89,0,9646.61,975.89,2725.16,53578.18,0,12110.34,0,0,62515.92,0,0,0,2001.04,1927.16,0,18304.09,20868.34,52.51,1491.12,11504.04,0,0,0,0
2006-04-16 06:00:00,0,1299.25,0,191.31,8082.69,3620.75,4605.7,0,0,1235.38,8193.01,139.76,0,10127.89,998.11,2765.2,54318.69,0,12902.83,0,0,63737.68,0,0,0,2014.15,1970.79,0,18350.35,20958.99,52.46,1533.91,11706.98,0,0,0,0
2006-04-16 07:00:00,0,1382.25,0,203.82,8622.84,4007.66,4859.22,0,0,1375.64,9106.74,151.94,0,10620.99,1066.53,2867.63,56381.19,0,13554.23,0,0,65685.0,0,0,0,2084.45,2136.12,0,18560.85,21230.37,52.7,1619.88,12312.78,0,0,0,0
2006-04-16 08:00:00,0,1541.66,0,224.11,9370.69,4391.61,5154.63,0,0,1516.57,10221.61,171.86,0,11053.51,1142.43,3051.73,59024.82,0,13833.2,0,0,67663.86,0,0,0,2229.84,2282.86,0,19445.73,21993.1,54.57,1808.07,13106.03,0,0,0,0
2006-04-16 09:00:00,0,1667.82,0,252.52,9960.63,4917.47,5382.84,0,0,1653.58,11691.62,178.36,0,11187.84,1194.69,3257.28,61275.44,0,14130.33,0,0,69164.63,0,0,0,2374.51,2438.69,0,20669.56,23442.24,56.11,1972.41,13947.28,0,0,0,0
2006-04-16 10:00:00,0,1849.41,0,273.07,10238.04,5261.57,5665.26,0,0,1719.28,13008.48,185.06,0,11120.47,1292.32,3444.74,63304.97,0,14165.07,0,0,70465.79,0,0,0,2571.89,2603.19,0,21839.31,24766.68,57.67,2077.24,14781.65,0,0,0,0
2006-04-16 11:00:00,0,2052.76,0,300.41,10839.32,5590.58,6208.33,0,0,1811.04,14230.99,195.18,0,11161.76,1413.71,3611.54,64649.62,0,14254.61,0,0,71571.72,0,0,0,2793.85,2863.74,0,22920.76,26110.9,59.56,2206.67,15379.74,0,0,0,0
2006-04-16 12:00:00,0,2255.6,0,324.38,11365.4,5843.68,6595.22,0,0,1914.67,15217.1,207.95,0,11167.56,1532.38,3767.59,66303.05,0,14355.47,0,0,72014.81,0,0,0,2970.86,3060.11,0,23983.56,27368.29,61.59,2327.91,15869.04,0,0,0,0
2006-04-16 13:00:00,0,2411.06,0,347.46,11971.66,6145.59,6898.4,0,0,2046.68,16100.88,222.42,0,11158.93,1628.88,3894.28,67250.11,0,14410.55,0,0,72785.2,0,0,0,3110.36,3204.18,0,24735.24,28553.89,63.65,2415.77,16427.14,0,0,0,0
2006-04-16 14:00:00,0,2517.43,0,362.08,12526.68,6428.68,7181.35,0,0,2182.13,16895.34,231.26,0,11219.25,1709.68,3985.34,67746.87,0,14255.35,0,0,73936.29,0,0,0,3229.97,3309.81,0,25529.02,29396.0,65.76,2499.68,17003.07,0,0,0,0
2006-04-16 15:00:00,0,2540.76,0,362.49,12857.76,6737.62,7440.76,0,0,2319.77,17555.04,235.6,0,11262.23,1822.72,4063.15,67613.37,0,14083.63,0,0,74984.24,0,0,0,3277.83,3348.26,0,25906.19,29849.67,67.23,2587.76,17287.14,0,0,0,0
2006-04-16 16:00:00,0,2544.76,0,361.7,13054.17,7029.19,7683.8,0,0,2415.89,17951.98,235.74,0,11278.4,1885.54,4104.0,67191.44,0,14336.15,0,0,75619.9,0,0,0,3265.78,3333.57,0,25851.59,30066.25,67.26,2661.11,17301.56,0,0,0,0
2006-04-16 17:00:00,0,2501.64,0,355.6,12737.82,7125.9,7629.93,0,0,2439.26,17826.44,229.78,0,11530.8,1849.83,4123.3,66676.83,0,14621.35,0,0,75969.57,0,0,0,3190.42,3264.54,0,25834.61,30213.77,66.92,2662.24,17322.21,0,0,0,0
2006-04-16 18:00:00,0,2446.94,0,342.66,12223.67,6912.47,7339.95,0,0,2375.42,17067.99,225.19,0,12067.34,1755.24,4081.56,65829.34,0,14807.47,0,0,75883.18,0,0,0,3055.0,3123.96,0,25581.73,29976.2,66.39,2624.05,17141.55,0,0,0,0
2006-04-16 19:00:00,0,2546.95,0,373.55,13867.23,7280.02,7972.62,0,0,2532.29,17353.6,270.0,0,14712.7,1859.37,4719.37,73812.89,0,18054.94,0,0,88757.56,0,0,0,3202.21,3094.51,0,27308.07,32837.94,79.74,2898.09,19258.35,0,0,0,0
2006-04-16 20:00:00,0,2371.96,0,343.1,13076.62,6648.04,7255.66,0,0,2277.5,15616.62,255.26,0,13825.87,1684.96,4461.74,72540.26,0,17275.8,0,0,84232.44,0,0,0,3010.74,2860.55,0,26361.96,32100.06,77.59,2620.33,18729.34,0,0,0,0
2006-04-16 21:00:00,0,2210.37,0,321.11,12436.05,6053.08,6637.96,0,0,2046.69,14220.99,242.81,0,12996.2,1523.86,4183.23,71531.53,0,16549.47,0,0,80252.13,0,0,0,2833.74,2693.23,0,25706.14,30859.88,73.51,2398.14,18509.81,0,0,0,0
2006-04-16 22:00:00,0,2060.87,0,293.14,11459.1,5368.28,6124.95,0,0,1844.38,12896.07,222.13,0,12157.46,1391.61,3945.61,69009.32,0,15648.57,0,0,77044.2,0,0,0,2602.62,2474.8,0,23992.42,29683.09,70.71,2196.13,17410.28,0,0,0,0
2006-04-16 23:00:00,0,1837.12,0,268.83,10571.52,4794.76,5647.15,0,0,1670.02,11699.75,203.32,0,11365.94,1278.64,3762.08,66044.12,0,14795.61,0,0,74046.48,0,0,0,2406.0,2296.58,0,22454.19,27424.32,68.29,2027.75,16240.94,0,0,0,0
2006-04-17 00:00:00,0,1654.04,0,245.35,9659.45,4281.76,5190.26,0,0,1521.7,10631.4,184.72,0,10612.29,1177.48,3592.42,63117.17,0,14073.96,0,0,70958.03,0,0,0,2240.26,2146.16,0,21166.52,25475.93,65.82,1885.62,15109.35,0,0,0,0
2006-04-17 01:00:00,0,1501.43,0,223.52,8949.4,3833.36,4759.47,0,0,1396.59,9643.34,167.19,0,10139.88,1089.71,3431.71,60372.65,0,13375.21,0,0,67904.84,0,0,0,2135.1,2022.37,0,19909.11,23732.61,63.05,1753.54,14075.4,0,0,0,0
2006-04-17 02:00:00,0,1388.53,0,206.22,8526.35,3543.84,4466.29,0,0,1295.85,8739.44,151.66,0,10072.04,1019.97,3288.21,57728.56,0,12958.93,0,0,65375.33,0,0,0,2087.02,1921.53,0,19020.24,22447.59,60.32,1631.49,13305.73,0,0,0,0
2006-04-17 03:00:00,0,1337.03,0,199.52,8315.19,3511.87,4352.04,0,0,1271.28,8512.83,143.89,0,10172.65,992.45,3148.25,56009.85,0,12823.45,0,0,64519.18,0,0,0,2054.88,1878.51,0,18571.63,21700.78,57.85,1637.41,12788.04,0,0,0,0
2006-04-17 04:00:00,0,1354.98,0,208.22,8342.05,3728.42,4548.16,0,0,1325.23,8810.79,149.19,0,10491.86,1027.31,3146.0,56543.64,0,13104.1,0,0,66346.61,0,0,0,2070.61,1877.45,0,18682.09,21480.57,56.86,1708.32,12559.17,0,0,0,0
2006-04-17 05:00:00,0,1418.56,0,218.36,8773.79,3947.85,4811.62,0,0,1380.59,9179.67,155.96,0,10924.22,1072.12,3248.63,58422.58,0,13731.34,0,0,68563.49,0,0,0,2117.18,1929.49,0,19025.5,21887.75,57.87,1768.34,12920.36,0,0,0,0
2006-04-17 06:00:00,0,1493.29,0,228.94,9369.84,4164.23,5152.3,0,0,1436.17,9587.48,162.68,0,12557.41,1119.25,3344.78,60383.97,0,15964.51,0,0,73264.52,0,0,0,2199.79,1987.68,0,19450.22,22531.89,59.04,1819.55,13410.22,0,0,0,0
2006-04-17 07:00:00,0,1596.55,0,266.8,10219.48,4696.82,5471.02,0,0,1633.85,10934.87,180.93,0,13167.15,1215.89,3647.05,64495.17,0,16947.01,0,0,78572.84,0,0,0,2354.03,2131.58,0,20997.8,23441.29,60.38,1966.6,14525.05,0,0,0,0
2006-04-17 08:00:00,0,1698.26,0,289.91,10549.1,5148.06,5647.58,0,0,1761.79,12211.24,194.23,0,13570.35,1251.07,3854.96,67667.22,0,17226.41,0,0,80433.75,0,0,0,2427.86,2232.9,0,21759.04,25108.06,62.32,2197.58,15397.84,0,0,0,0
2006-04-17 09:00:00,0,1737.6,0,310.43,10865.48,5477.99,5894.69,0,0,1889.11,13257.47,202.47,0,13663.39,1318.7,4010.62,69576.09,0,17381.73,0,0,81442.28,0,0,0,2520.54,2360.57,0,22629.84,26083.27,65.06,2307.58,16357.78,0,0,0,0
2006-04-17 10:00:00,0,1756.92,0,336.75,11425.41,5772.35,6133.44,0,0,2026.69,14289.39,212.87,0,13630.09,1424.68,4054.07,70822.07,0,17352.46,0,0,82205.24,0,0,0,2653.15,2462.48,0,23709.62,27277.2,67.46,2404.08,16852.95,0,0,0,0
2006-04-17 11:00:00,0,1775.22,0,364.34,12176.35,6243.96,6568.91,0,0,2133.71,15340.77,224.22,0,13490.3,1568.13,4114.74,71767.19,0,17213.02,0,0,81794.4,0,0,0,2835.76,2678.56,0,25084.52,28322.47,68.78,2532.01,17455.74,0,0,0,0
2006-04-17 12:00:00,0,1827.05,0,387.41,12715.19,6789.2,6926.11,0,0,2258.46,16487.84,233.65,0,13120.05,1689.27,4177.19,72289.3,0,17088.66,0,0,80670.68,0,0,0,3047.59,2884.35,0,26430.88,29380.26,71.0,2640.0,18015.97,0,0,0,0
2006-04-17 13:00:00,0,1920.66,0,405.85,12999.28,7170.58,7188.54,0,0,2394.95,17333.26,241.87,0,13030.73,1814.19,4172.62,72611.64,0,16933.33,0,0,79635.71,0,0,0,3231.37,3043.74,0,27775.83,30378.75,73.67,2747.23,18716.81,0,0,0,0
2006-04-17 14:00:00,0,2006.88,0,421.55,13088.55,7470.58,7316.67,0,0,2519.76,18067.8,248.82,0,12851.06,1920.8,4117.33,72536.65,0,16800.17,0,0,78871.02,0,0,0,3362.78,3175.21,0,28950.82,31421.23,76.95,2868.03,19368.45,0,0,0,0
2006-04-17 15:00:00,0,2072.84,0,426.51,12192.8,7663.38,6963.34,0,0,2616.63,18516.29,254.37,0,12935.31,1995.86,4103.72,71944.82,0,16742.28,0,0,78144.65,0,0,0,3423.65,3247.58,0,29866.21,32065.29,79.12,2980.25,19747.51,0,0,0,0
2006-04-17 16:00:00,0,2141.63,0,419.36,11380.59,7775.9,6515.26,0,0,2657.64,18626.97,262.58,0,13284.75,2020.71,4097.16,71101.67,0,16771.48,0,0,77601.24,0,0,0,3418.88,3266.08,0,30237.18,32435.98,79.91,3036.28,19910.24,0,0,0,0
2006-04-17 17:00:00,0,2171.43,0,404.89,10865.69,7665.25,6268.97,0,0,2627.45,18268.24,263.7,0,13674.52,1974.95,4058.62,70791.36,0,16928.67,0,0,78040.07,0,0,0,3409.6,3233.17,0,30136.52,32674.07,79.1,2995.56,20040.17,0,0,0,0
2006-04-17 18:00:00,0,2145.93,0,389.26,10680.53,7371.64,6154.86,0,0,2522.76,17532.63,254.81,0,14048.68,1847.37,3960.36,70568.38,0,17202.46,0,0,78831.54,0,0,0,3389.43,3163.42,0,29677.59,32111.71,76.04,2913.89,19863.57,0,0,0,0
2006-04-17 19:00:00,0,2330.86,0,382.82,11248.56,7445.79,6537.31,0,0,2544.25,17180.02,273.73,0,14908.23,1803.1,4070.47,71039.57,0,18188.68,0,0,84923.02,0,0,0,3473.48,3230.36,0,29783.55,32928.4,77.42,3009.55,20207.19,0,0,0,0
2006-04-17 20:00:00,0,2098.57,0,357.33,11177.13,7004.12,6168.62,0,0,2319.22,15600.42,262.25,0,14047.06,1644.28,3858.84,70036.09,0,17542.52,0,0,81228.78,0,0,0,3259.58,2877.84,0,28865.9,31672.16,73.0,2781.01,19140.31,0,0,0,0
2006-04-17 21:00:00,0,1989.45,0,334.61,10865.74,6450.41,5886.31,0,0,2126.32,14435.27,250.49,0,13242.31,1530.95,3659.77,69213.58,0,16762.14,0,0,77883.28,0,0,0,2965.12,2555.36,0,27875.19,30147.12,68.9,2549.81,18517.79,0,0,0,0
2006-04-17 22:00:00,0,1913.92,0,305.99,10089.81,5784.81,5609.93,0,0,1937.8,13202.81,230.84,0,12501.95,1437.37,3492.08,66992.55,0,15867.18,0,0,74828.11,0,0,0,2614.05,2315.01,0,25572.74,28939.23,66.26,2386.49,17203.68,0,0,0,0
2006-04-17 23:00:00,0,1745.37,0,282.53,9475.76,5184.93,5303.14,0,0,1756.38,11972.47,212.99,0,11759.98,1338.22,3339.68,64295.83,0,14942.98,0,0,71937.29,0,0,0,2355.44,2146.65,0,23610.93,27016.43,63.91,2218.38,15838.73,0,0,0,0
2006-04-18 00:00:00,0,1593.29,0,259.41,8907.74,4613.54,4923.91,0,0,1578.32,10860.39,194.87,0,11023.45,1232.8,3210.85,61615.71,0,14131.42,0,0,69119.3,0,0,0,2159.07,2034.98,0,21780.86,25349.73,62.08,2056.11,14660.72,0,0,0,0
2006-04-18 01:00:00,0,1455.2,0,235.17,8327.41,4125.27,4531.25,0,0,1429.42,9871.81,177.88,0,10556.8,1128.38,3092.49,58962.79,0,13416.37,0,0,66245.55,0,0,0,2017.26,1921.59,0,20267.22,23817.14,60.49,1899.87,13629.13,0,0,0,0
2006-04-18 02:00:00,0,1347.2,0,210.67,8104.91,3826.42,4267.31,0,0,1317.56,9062.77,163.96,0,10433.02,1049.83,2981.87,56658.49,0,12978.42,0,0,64281.6,0,0,0,1934.55,1846.07,0,19466.81,22609.99,59.31,1764.8,12869.26,0,0,0,0
2006-04-18 03:00:00,0,1302.58,0,205.39,8159.08,3743.14,4408.58,0,0,1277.64,8869.86,156.14,0,10603.3,1015.33,2910.09,55397.12,0,12843.16,0,0,63673.59,0,0,0,1910.06,1848.32,0,19112.25,21750.77,58.37,1723.49,12476.94,0,0,0,0
2006-04-18 04:00:00,0,1319.45,0,215.07,8516.2,3942.55,4781.1,0,0,1330.56,9194.7,157.82,0,10943.26,1061.69,3001.23,56471.55,0,13130.48,0,0,65221.2,0,0,0,1965.43,1912.27,0,18946.61,21481.65,58.89,1763.67,12646.01,0,0,0,0
2006-04-18 05:00:00,0,1373.55,0,227.0,9053.35,4150.1,5165.08,0,0,1384.37,9569.54,161.05,0,11226.61,1099.07,3164.92,58555.0,0,13746.86,0,0,67537.93,0,0,0,2056.93,1978.73,0,18870.26,21934.89,59.71,1810.7,13015.61,0,0,0,0
2006-04-18 06:00:00,0,1436.03,0,239.93,9817.91,4352.32,5625.39,0,0,1442.63,9988.66,165.06,0,12547.28,1131.15,3325.87,60627.68,0,16071.85,0,0,73631.38,0,0,0,2177.58,2061.87,0,18992.97,22660.31,60.66,1856.99,13427.82,0,0,0,0
2006-04-18 07:00:00,0,1588.5,0,265.09,10448.27,4727.78,5915.09,0,0,1624.9,11046.59,174.92,0,13339.32,1217.46,3671.33,65513.32,0,16967.06,0,0,78024.27,0,0,0,2396.32,2249.49,0,20454.61,23762.7,61.94,2000.71,14418.3,0,0,0,0
2006-04-18 08:00:00,0,1700.02,0,287.79,10551.66,5234.37,5921.5,0,0,1781.68,12343.17,185.87,0,13504.83,1287.49,3767.66,67306.37,0,17110.49,0,0,78942.57,0,0,0,2457.89,2307.02,0,21109.85,25372.79,63.63,2256.73,14987.25,0,0,0,0
2006-04-18 09:00:00,0,1738.44,0,310.33,10632.25,5701.28,5999.09,0,0,1950.73,13655.05,203.74,0,13310.3,1358.02,3834.6,69002.88,0,17181.56,0,0,80147.11,0,0,0,2491.63,2359.17,0,21970.47,26559.34,66.19,2424.26,15641.45,0,0,0,0
2006-04-18 10:00:00,0,1799.51,0,332.78,10764.0,6210.86,5839.17,0,0,2149.23,14812.88,219.89,0,12913.92,1383.54,3887.7,70062.91,0,17103.12,0,0,79165.08,0,0,0,2487.91,2380.29,0,22451.61,27785.18,69.12,2585.63,16343.3,0,0,0,0
2006-04-18 11:00:00,0,1852.52,0,377.66,10628.29,6915.53,5665.51,0,0,2310.69,15791.73,232.54,0,12862.81,1389.95,3896.65,71159.67,0,17036.92,0,0,78637.42,0,0,0,2449.73,2324.54,0,23510.71,29022.56,71.42,2769.85,17120.31,0,0,0,0
2006-04-18 12:00:00,0,2013.99,0,411.03,10436.57,7494.61,5479.56,0,0,2437.54,16704.9,251.1,0,12841.94,1452.99,3940.73,72120.63,0,16947.23,0,0,78459.62,0,0,0,2441.74,2315.81,0,24619.02,30239.66,74.27,2941.56,18072.61,0,0,0,0
2006-04-18 13:00:00,0,2178.92,0,428.76,10376.06,7879.1,5439.51,0,0,2554.92,17539.94,272.28,0,13028.84,1510.76,3978.3,73033.96,0,16841.5,0,0,78716.33,0,0,0,2452.82,2320.03,0,25855.82,31443.28,76.93,3072.38,19216.21,0,0,0,0
2006-04-18 14:00:00,0,2344.19,0,443.98,10321.57,8188.0,5514.11,0,0,2666.21,18174.93,293.8,0,13138.16,1539.86,4055.25,73162.64,0,16824.45,0,0,79124.64,0,0,0,2479.23,2314.72,0,27095.95,32317.4,80.12,3191.01,20110.06,0,0,0,0
2006-04-18 15:00:00,0,2497.66,0,458.13,10405.34,8370.8,5611.84,0,0,2763.36,18655.01,312.66,0,13343.05,1559.57,4134.93,72892.42,0,16715.59,0,0,79542.41,0,0,0,2520.38,2301.45,0,28053.28,32957.32,82.56,3286.99,20786.71,0,0,0,0
2006-04-18 16:00:00,0,2598.79,0,462.01,10637.19,8384.82,5766.78,0,0,2779.06,18746.46,319.01,0,13457.42,1568.3,4186.54,72500.27,0,16810.33,0,0,79918.86,0,0,0,2553.06,2351.18,0,28403.94,33123.47,83.75,3320.1,21176.45,0,0,0,0
2006-04-18 17:00:00,0,2676.43,0,455.05,11040.72,8068.27,6004.75,0,0,2715.85,18327.08,296.32,0,13482.78,1585.34,4189.34,71803.94,0,16999.01,0,0,81138.05,0,0,0,2576.44,2361.88,0,28249.18,32908.13,82.2,3214.65,21319.18,0,0,0,0
2006-04-18 18:00:00,0,2673.19,0,428.12,11031.94,7537.9,6161.33,0,0,2582.72,17479.57,268.79,0,13604.42,1561.55,4103.68,71694.57,0,17050.72,0,0,82403.97,0,0,0,2567.68,2366.66,0,27513.88,32098.1,79.67,3063.9,20612.93,0,0,0,0
2006-04-18 19:00:00,0,2820.74,0,409.62,11339.82,7561.04,6556.97,0,0,2588.06,17245.43,268.48,0,14453.94,1578.53,4253.46,72621.27,0,18244.08,0,0,88678.23,0,0,0,2633.18,2513.03,0,28009.53,32397.73,84.29,3099.9,20418.75,0,0,0,0
2006-04-18 20:00:00,0,2448.58,0,381.9,11075.45,7156.7,6141.56,0,0,2362.41,16005.4,253.14,0,13641.88,1506.05,3912.77,71165.14,0,17407.6,0,0,83974.97,0,0,0,2572.35,2412.21,0,26878.75,31045.48,80.19,2906.48,19323.48,0,0,0,0
2006-04-18 21:00:00,0,2141.26,0,357.2,10826.17,6619.86,5751.12,0,0,2185.43,14905.68,243.38,0,12937.91,1386.21,3690.31,70239.45,0,16689.41,0,0,79989.28,0,0,0,2492.96,2342.04,0,25941.62,29640.67,74.77,2702.92,18756.33,0,0,0,0
2006-04-18 22:00:00,0,2012.68,0,316.7,10056.7,6001.0,5386.62,0,0,2017.04,13719.14,227.23,0,12229.02,1282.24,3531.05,68068.05,0,15751.82,0,0,76538.94,0,0,0,2342.59,2226.15,0,24036.83,28337.82,69.74,2479.81,17449.39,0,0,0,0
2006-04-18 23:00:00,0,1819.47,0,288.2,9316.03,5451.67,5027.03,0,0,1865.54,12549.99,207.69,0,11494.61,1190.09,3386.33,65404.57,0,14900.69,0,0,73201.88,0,0,0,2200.87,2115.72,0,22465.83,26505.44,66.33,2280.31,16159.02,0,0,0,0
2006-04-19 00:00:00,0,1636.02,0,258.88,8711.21,4911.24,4727.19,0,0,1714.58,11440.1,188.42,0,10711.58,1086.43,3255.25,62622.24,0,14087.25,0,0,69979.32,0,0,0,2073.54,2013.84,0,20971.58,24932.84,63.19,2088.86,15012.88,0,0,0,0
2006-04-19 01:00:00,0,1502.34,0,229.65,8235.02,4389.34,4447.88,0,0,1560.8,10429.75,170.88,0,10228.39,982.0,3121.47,59958.63,0,13312.55,0,0,66937.22,0,0,0,1968.92,1910.75,0,19723.78,23648.71,61.11,1908.16,13922.37,0,0,0,0
2006-04-19 02:00:00,0,1410.41,0,208.27,7950.86,4076.09,4308.9,0,0,1442.97,9570.6,157.42,0,10152.09,924.03,2992.45,57383.16,0,12775.37,0,0,64574.35,0,0,0,1919.47,1838.44,0,18965.57,22599.09,59.57,1792.18,13126.16,0,0,0,0
2006-04-19 03:00:00,0,1360.27,0,202.78,7986.8,3986.34,4461.81,0,0,1398.37,9287.14,150.62,0,10297.39,951.72,2908.63,55689.32,0,12583.69,0,0,63372.89,0,0,0,1904.48,1888.37,0,18668.81,21844.26,58.57,1755.76,12722.36,0,0,0,0
2006-04-19 04:00:00,0,1368.48,0,211.55,8335.38,4145.75,4820.49,0,0,1437.74,9559.75,155.38,0,10640.64,995.47,2989.79,56479.79,0,12796.79,0,0,64505.42,0,0,0,1973.11,1949.45,0,18942.27,21917.37,58.39,1793.83,12834.82,0,0,0,0
2006-04-19 05:00:00,0,1457.79,0,218.97,8880.44,4305.97,5193.33,0,0,1478.87,9843.73,161.08,0,11048.24,1049.38,3124.49,58419.17,0,13385.29,0,0,66734.21,0,0,0,2070.74,2016.08,0,19213.41,22529.34,59.18,1825.29,13246.61,0,0,0,0
2006-04-19 06:00:00,0,1571.42,0,225.97,9543.82,4483.6,5545.55,0,0,1535.76,10168.32,166.66,0,12339.41,1089.01,3254.19,60477.03,0,15556.56,0,0,72444.06,0,0,0,2171.62,2079.9,0,19541.84,23450.45,60.8,1854.47,13717.11,0,0,0,0
2006-04-19 07:00:00,0,1749.12,0,255.7,10368.7,4858.54,5876.94,0,0,1743.86,11326.36,182.22,0,13121.86,1226.88,3542.65,64148.25,0,16471.69,0,0,76435.06,0,0,0,2305.2,2138.98,0,20834.92,24663.74,62.82,1990.03,14489.28,0,0,0,0
2006-04-19 08:00:00,0,1911.63,0,282.72,10507.55,5408.83,5772.17,0,0,1918.15,12838.5,194.24,0,13435.76,1297.03,3669.34,67234.72,0,16870.0,0,0,78737.26,0,0,0,2355.68,2173.75,0,21509.25,26339.95,64.96,2227.25,15189.7,0,0,0,0
2006-04-19 09:00:00,0,1956.56,0,321.31,10635.52,5774.32,5858.16,0,0,2019.45,14132.67,202.01,0,13666.49,1352.6,3766.37,68779.44,0,16919.3,0,0,79889.18,0,0,0,2421.22,2197.34,0,22237.29,27111.61,66.39,2365.38,16080.69,0,0,0,0
2006-04-19 10:00:00,0,1938.73,0,358.81,10733.99,6351.18,5934.97,0,0,2182.42,15359.43,213.69,0,13602.97,1471.99,3826.41,70364.05,0,16896.02,0,0,80252.28,0,0,0,2486.96,2246.85,0,22979.97,27900.33,67.2,2586.59,16939.91,0,0,0,0
2006-04-19 11:00:00,0,1881.53,0,386.61,10723.86,6946.02,5872.14,0,0,2310.01,16497.66,229.16,0,13445.88,1604.81,3943.97,71663.19,0,16906.94,0,0,80098.96,0,0,0,2522.11,2304.88,0,24679.8,28088.48,66.87,2806.27,18086.59,0,0,0,0
2006-04-19 12:00:00,0,1851.2,0,409.68,10811.48,7417.52,5825.31,0,0,2425.27,17468.35,249.52,0,13163.94,1710.8,4194.49,72658.33,0,16896.43,0,0,81213.73,0,0,0,2532.87,2324.49,0,27028.42,28194.8,66.01,2945.14,19120.66,0,0,0,0
2006-04-19 13:00:00,0,1813.02,0,420.8,10974.16,7819.5,5828.79,0,0,2541.41,18278.6,271.45,0,12782.0,1793.18,4409.4,73965.89,0,16860.4,0,0,82874.5,0,0,0,2609.86,2384.14,0,28974.91,28151.83,66.86,3065.23,20164.14,0,0,0,0
2006-04-19 14:00:00,0,1766.81,0,427.83,11089.78,8201.79,5925.76,0,0,2651.32,18935.2,293.87,0,12545.7,1867.71,4589.69,74700.34,0,16784.05,0,0,84115.21,0,0,0,2681.98,2484.21,0,30718.11,27980.74,68.18,3192.83,21015.21,0,0,0,0
2006-04-19 15:00:00,0,1714.49,0,429.36,11183.63,8460.38,6058.15,0,0,2742.26,19341.1,311.72,0,12607.26,1929.06,4733.86,74578.7,0,16698.95,0,0,84826.11,0,0,0,2724.74,2548.36,0,31757.83,27754.89,69.13,3303.89,21623.8,0,0,0,0
2006-04-19 16:00:00,0,1696.1,0,436.25,11391.56,8583.19,6187.73,0,0,2789.86,19375.33,319.51,0,12676.24,1943.11,4811.62,73908.91,0,16754.28,0,0,85658.22,0,0,0,2741.16,2573.58,0,31987.25,27569.47,70.52,3325.53,21859.76,0,0,0,0
2006-04-19 17:00:00,0,1731.72,0,429.27,11527.39,8433.73,6257.46,0,0,2755.76,19004.94,310.76,0,12710.47,1880.55,4787.9,73116.24,0,16972.5,0,0,86500.47,0,0,0,2759.6,2591.4,0,31858.34,27295.39,71.49,3238.7,21857.82,0,0,0,0
2006-04-19 18:00:00,0,1792.0,0,412.89,11458.78,7883.98,6337.39,0,0,2626.88,18099.6,288.61,0,12827.8,1800.56,4602.09,74007.99,0,16973.02,0,0,86326.54,0,0,0,2721.13,2594.71,0,31115.71,26934.3,71.06,3054.2,21426.19,0,0,0,0
2006-04-19 19:00:00,0,2042.92,0,400.68,12040.62,7729.31,6777.67,0,0,2631.5,17890.67,304.4,0,14665.71,1839.06,4665.46,74578.44,0,18163.69,0,0,93093.64,0,0,0,2772.76,2651.05,0,30800.41,28542.55,75.03,3087.1,21089.2,0,0,0,0
2006-04-19 20:00:00,0,1953.17,0,376.96,11587.86,7239.76,6259.99,0,0,2389.47,16505.28,286.16,0,13827.48,1673.32,4277.27,72928.52,0,17253.0,0,0,87161.78,0,0,0,2690.69,2534.02,0,29088.75,28197.09,72.12,2858.93,20074.6,0,0,0,0
2006-04-19 21:00:00,0,1966.19,0,355.35,11127.31,6751.91,5823.49,0,0,2197.75,15257.27,269.99,0,12993.55,1544.36,3976.94,71181.95,0,16571.12,0,0,81707.76,0,0,0,2612.69,2422.89,0,27875.21,28022.22,67.6,2675.03,19533.97,0,0,0,0
2006-04-19 22:00:00,0,1951.23,0,321.16,10308.31,6107.92,5460.61,0,0,2027.7,14072.96,244.03,0,12152.9,1431.2,3745.66,68664.32,0,15693.45,0,0,77882.38,0,0,0,2448.25,2247.61,0,25725.33,27324.81,64.52,2475.99,18217.03,0,0,0,0
2006-04-19 23:00:00,0,1830.97,0,290.73,9542.54,5502.21,5102.96,0,0,1862.54,12933.46,221.51,0,11321.44,1312.84,3537.49,65475.66,0,14866.18,0,0,74322.33,0,0,0,2289.94,2098.7,0,23799.58,25911.1,62.23,2280.01,16807.61,0,0,0,0
2006-04-20 00:00:00,0,1719.27,0,262.86,8770.24,4907.65,4749.62,0,0,1705.25,11810.51,198.39,0,10520.05,1188.75,3342.89,62437.95,0,14095.0,0,0,70806.42,0,0,0,2136.25,1972.25,0,21978.14,24627.25,60.61,2066.64,15491.06,0,0,0,0
2006-04-20 01:00:00,0,1619.87,0,236.72,8271.92,4347.79,4463.03,0,0,1560.42,10731.31,176.66,0,10085.52,1074.76,3183.42,59515.5,0,13395.05,0,0,67637.49,0,0,0,2017.86,1855.91,0,20476.15,23519.91,59.21,1880.21,14275.0,0,0,0,0
2006-04-20 02:00:00,0,1556.02,0,216.08,7984.37,3950.68,4274.24,0,0,1418.25,9706.88,159.51,0,9977.62,991.92,3016.04,56858.79,0,12903.55,0,0,65299.93,0,0,0,1957.49,1796.84,0,19612.28,22501.65,58.43,1747.85,13420.23,0,0,0,0
2006-04-20 03:00:00,0,1543.89,0,208.26,7929.18,3847.59,4328.77,0,0,1362.19,9332.93,151.94,0,9979.14,980.77,2914.2,55598.6,0,12716.86,0,0,64252.96,0,0,0,1956.73,1829.36,0,19274.71,22113.94,57.82,1702.05,12906.43,0,0,0,0
2006-04-20 04:00:00,0,1594.3,0,213.41,8249.56,4003.54,4598.37,0,0,1397.38,9571.72,156.06,0,10184.85,1022.49,2980.74,56421.11,0,12869.64,0,0,65067.71,0,0,0,2019.34,1876.47,0,19591.55,22293.41,58.76,1734.68,12997.46,0,0,0,0
2006-04-20 05:00:00,0,1692.8,0,220.25,8766.41,4170.34,4890.65,0,0,1437.3,9857.34,161.08,0,10561.57,1063.77,3101.82,58405.7,0,13322.32,0,0,66714.08,0,0,0,2094.45,1928.17,0,19876.6,22853.94,60.84,1769.03,13309.1,0,0,0,0
2006-04-20 06:00:00,0,1783.13,0,228.87,9500.02,4363.03,5219.34,0,0,1489.04,10214.78,166.46,0,12084.56,1109.28,3226.99,60419.26,0,15430.92,0,0,72692.99,0,0,0,2188.69,1998.6,0,20092.04,23639.28,63.59,1812.58,13737.78,0,0,0,0
2006-04-20 07:00:00,0,1919.51,0,264.16,10014.74,4897.11,5536.06,0,0,1718.8,11496.96,182.12,0,12397.04,1229.94,3511.26,64330.79,0,16196.79,0,0,76827.97,0,0,0,2295.99,2084.66,0,21385.41,24691.84,65.55,2005.31,14388.93,0,0,0,0
2006-04-20 08:00:00,0,1959.88,0,305.79,10149.01,5582.24,5602.93,0,0,1937.8,13341.68,198.32,0,12535.32,1337.66,3747.44,66765.15,0,16548.58,0,0,79472.51,0,0,0,2382.69,2160.45,0,22422.96,25928.88,66.46,2216.84,15267.67,0,0,0,0
2006-04-20 09:00:00,0,1900.29,0,337.18,10291.53,6137.85,5842.79,0,0,2110.47,14791.27,214.78,0,12353.11,1461.63,3940.27,68526.86,0,16569.74,0,0,81448.03,0,0,0,2422.64,2253.86,0,23432.0,26680.06,66.68,2402.26,16177.55,0,0,0,0
2006-04-20 10:00:00,0,1894.79,0,375.66,10596.1,6757.2,6136.33,0,0,2288.17,16174.86,232.66,0,12220.53,1654.82,4101.48,70160.31,0,16477.99,0,0,83289.29,0,0,0,2421.09,2352.63,0,24514.42,27302.93,67.65,2639.5,16963.27,0,0,0,0
2006-04-20 11:00:00,0,1896.38,0,403.59,11110.4,7394.49,6384.1,0,0,2420.03,17381.13,253.69,0,12201.35,1788.89,4230.6,71356.06,0,16554.75,0,0,85683.25,0,0,0,2537.34,2494.49,0,26344.7,27776.61,67.75,2892.13,17710.06,0,0,0,0
2006-04-20 12:00:00,0,1877.58,0,425.03,11617.81,7907.27,6594.16,0,0,2550.86,18364.55,275.29,0,12206.32,1868.53,4325.89,72149.13,0,16601.86,0,0,88030.57,0,0,0,2692.15,2594.68,0,28466.57,27984.53,69.22,3073.46,18401.71,0,0,0,0
2006-04-20 13:00:00,0,1893.74,0,441.89,12087.76,8346.94,6788.04,0,0,2671.15,19090.89,296.31,0,12190.68,1891.59,4463.05,72771.82,0,16651.66,0,0,90037.33,0,0,0,2808.07,2637.29,0,30223.09,28196.41,70.51,3212.79,19261.19,0,0,0,0
2006-04-20 14:00:00,0,1892.13,0,453.83,12572.69,8698.7,7038.57,0,0,2768.3,19609.48,316.95,0,12164.34,1887.86,4573.91,73446.01,0,16716.87,0,0,92407.4,0,0,0,2894.05,2683.04,0,31353.15,28330.14,70.52,3333.22,20038.38,0,0,0,0
2006-04-20 15:00:00,0,1904.07,0,452.86,13043.84,8959.08,7279.65,0,0,2861.67,19817.8,339.04,0,12148.01,1870.67,4576.06,73403.37,0,16839.1,0,0,94552.88,0,0,0,2965.1,2731.55,0,31690.22,28532.39,71.24,3437.4,20493.32,0,0,0,0
2006-04-20 16:00:00,0,1926.07,0,445.59,13170.98,9076.03,7400.07,0,0,2894.44,19843.06,348.13,0,12299.92,1832.45,4516.1,72989.57,0,16951.55,0,0,95626.31,0,0,0,3021.4,2787.8,0,31773.59,28675.21,72.95,3465.12,20522.56,0,0,0,0
2006-04-20 17:00:00,0,1994.18,0,441.24,12930.25,8850.45,7365.11,0,0,2850.05,19344.09,285.53,0,12610.36,1795.21,4426.26,73953.8,0,17034.57,0,0,96240.02,0,0,0,3020.64,2789.26,0,31461.26,28518.04,73.57,3409.63,20433.83,0,0,0,0
2006-04-20 18:00:00,0,1991.44,0,431.95,12360.46,8297.6,7201.16,0,0,2712.5,18368.25,268.64,0,12841.0,1747.09,4297.14,74751.5,0,16959.29,0,0,92867.44,0,0,0,2932.67,2727.8,0,30326.01,28313.76,72.68,3276.05,20100.24,0,0,0,0
2006-04-20 19:00:00,0,2102.52,0,408.94,13261.74,8060.93,7607.28,0,0,2716.15,18140.22,285.18,0,14257.3,1786.56,4452.04,75006.01,0,18198.22,0,0,98698.84,0,0,0,2984.78,2831.73,0,30051.72,28354.26,77.14,3258.11,19954.81,0,0,0,0
2006-04-20 20:00:00,0,2005.74,0,388.96,12643.71,7420.15,6957.38,0,0,2446.24,16676.29,273.96,0,13387.02,1617.86,4197.73,73592.83,0,17146.23,0,0,91932.6,0,0,0,2845.34,2681.72,0,28783.38,28363.18,73.38,2952.75,19358.94,0,0,0,0
2006-04-20 21:00:00,0,1972.08,0,356.47,12091.59,6849.29,6374.5,0,0,2256.09,15439.97,260.44,0,12686.83,1490.87,3934.21,72126.28,0,16434.77,0,0,86151.86,0,0,0,2706.36,2551.88,0,27598.24,27979.22,69.15,2740.68,19103.9,0,0,0,0
2006-04-20 22:00:00,0,1926.58,0,332.85,11028.51,6184.33,5858.74,0,0,2082.79,14168.34,237.51,0,12019.7,1380.2,3711.97,69463.5,0,15617.48,0,0,81296.5,0,0,0,2524.47,2353.68,0,25582.85,27298.25,65.54,2515.44,17758.11,0,0,0,0
2006-04-20 23:00:00,0,1777.77,0,305.59,10111.86,5582.21,5385.13,0,0,1916.21,13034.98,216.57,0,11364.8,1295.6,3523.79,66077.68,0,14819.11,0,0,76788.28,0,0,0,2365.07,2190.97,0,23746.62,25665.41,63.55,2308.13,16416.37,0,0,0,0
2006-04-21 00:00:00,0,1647.45,0,276.84,9316.28,5055.16,4961.98,0,0,1763.38,12021.38,197.3,0,10647.04,1223.88,3324.98,63003.09,0,14037.54,0,0,72469.84,0,0,0,2202.97,2052.84,0,22075.57,24286.46,61.85,2140.02,15254.97,0,0,0,0
2006-04-21 01:00:00,0,1520.85,0,253.8,8678.97,4541.27,4560.17,0,0,1621.99,11068.66,179.36,0,10226.19,1150.71,3143.79,59952.87,0,13342.38,0,0,68966.53,0,0,0,2072.53,1923.31,0,20783.99,22983.14,59.85,1963.74,14146.63,0,0,0,0
2006-04-21 02:00:00,0,1441.2,0,233.46,8345.5,4186.6,4292.83,0,0,1501.98,10211.37,166.74,0,10189.35,1084.88,2993.06,57295.65,0,12839.81,0,0,66378.88,0,0,0,2012.46,1850.67,0,19962.28,21780.17,57.8,1812.75,13383.88,0,0,0,0
2006-04-21 03:00:00,0,1431.92,0,223.23,8184.06,4072.38,4260.8,0,0,1446.72,9838.11,161.24,0,10310.19,1060.21,2904.8,56021.0,0,12779.33,0,0,65520.74,0,0,0,1976.32,1848.7,0,19584.99,21322.04,56.38,1751.94,13076.17,0,0,0,0
2006-04-21 04:00:00,0,1489.53,0,225.27,8321.22,4218.96,4542.31,0,0,1487.89,10093.65,164.35,0,10548.49,1093.41,2967.84,56739.4,0,12986.92,0,0,66251.97,0,0,0,2038.39,1896.99,0,19816.15,21228.63,56.44,1789.24,13276.18,0,0,0,0
2006-04-21 05:00:00,0,1575.2,0,231.95,8769.93,4401.07,4841.39,0,0,1543.14,10443.43,169.87,0,10899.21,1129.81,3066.84,58493.7,0,13744.97,0,0,68002.04,0,0,0,2110.54,1944.87,0,20099.54,21947.15,58.36,1835.16,13643.64,0,0,0,0
2006-04-21 06:00:00,0,1669.78,0,238.82,9350.75,4580.99,5120.96,0,0,1598.11,10807.02,175.37,0,12534.19,1163.58,3190.38,60300.6,0,16072.7,0,0,72456.26,0,0,0,2199.65,2007.08,0,20429.94,22768.44,59.53,1890.97,14025.09,0,0,0,0
2006-04-21 07:00:00,0,1787.79,0,278.62,10127.1,5080.21,5447.99,0,0,1812.33,12277.18,190.07,0,13001.16,1279.93,3412.4,64285.07,0,17314.48,0,0,77001.09,0,0,0,2325.95,2102.57,0,21720.27,23854.24,61.11,2089.62,14578.63,0,0,0,0
2006-04-21 08:00:00,0,1817.47,0,296.86,10534.85,5650.57,5712.15,0,0,1993.37,13817.11,201.17,0,13139.54,1346.28,3585.92,66533.82,0,17584.5,0,0,79354.72,0,0,0,2395.84,2204.22,0,22497.3,24942.79,62.42,2300.39,15135.39,0,0,0,0
2006-04-21 09:00:00,0,1802.32,0,319.98,10896.58,6170.34,6011.97,0,0,2141.6,15061.77,212.6,0,12859.78,1394.56,3726.12,68372.04,0,17331.43,0,0,81152.92,0,0,0,2468.71,2297.01,0,23292.08,25479.0,64.32,2509.39,15603.67,0,0,0,0
2006-04-21 10:00:00,0,1805.22,0,353.6,11261.31,6826.61,6159.02,0,0,2333.51,16408.77,234.16,0,12631.08,1483.53,3869.59,70102.72,0,17305.82,0,0,82100.56,0,0,0,2515.85,2353.16,0,24455.88,26063.92,66.12,2753.35,15927.5,0,0,0,0
2006-04-21 11:00:00,0,1818.9,0,381.7,11668.44,7590.58,6292.13,0,0,2495.14,17637.86,254.15,0,12536.42,1600.82,3936.98,71519.78,0,17112.59,0,0,82367.48,0,0,0,2613.31,2460.6,0,25676.17,27043.79,67.76,3033.63,16493.57,0,0,0,0
2006-04-21 12:00:00,0,1861.52,0,398.22,12044.03,8141.14,6466.57,0,0,2622.62,18590.99,274.89,0,12454.51,1692.47,3930.67,72617.67,0,17061.92,0,0,83255.19,0,0,0,2744.44,2579.26,0,26553.62,27781.29,68.68,3204.76,16859.29,0,0,0,0
2006-04-21 13:00:00,0,1892.77,0,409.94,12417.12,8507.15,6626.0,0,0,2734.55,19186.1,296.26,0,12409.04,1751.05,3853.74,73492.96,0,16945.6,0,0,84381.31,0,0,0,2855.77,2657.95,0,27546.9,28108.8,70.41,3301.82,17262.79,0,0,0,0
2006-04-21 14:00:00,0,1894.26,0,414.81,12604.37,8732.26,6780.2,0,0,2830.65,19511.84,317.28,0,12319.17,1805.83,3874.77,74046.49,0,16927.99,0,0,84792.17,0,0,0,2934.2,2721.86,0,28636.17,28352.77,71.77,3365.8,17535.69,0,0,0,0
2006-04-21 15:00:00,0,1870.36,0,423.45,12730.98,8880.33,6919.67,0,0,2894.76,19717.6,329.54,0,12343.95,1855.37,3898.02,74017.85,0,16881.98,0,0,84502.99,0,0,0,3000.49,2783.95,0,29046.96,28609.5,72.34,3424.77,17679.7,0,0,0,0
2006-04-21 16:00:00,0,1873.66,0,427.13,12579.94,8791.62,6999.21,0,0,2855.83,19609.36,312.87,0,12372.82,1866.11,3905.49,74016.74,0,16942.43,0,0,83727.06,0,0,0,3040.86,2827.85,0,29089.89,28919.3,72.76,3448.59,17873.27,0,0,0,0
2006-04-21 17:00:00,0,1909.75,0,424.66,12482.22,8362.63,6992.53,0,0,2707.0,18970.19,304.82,0,12512.73,1836.07,3926.2,74465.86,0,17132.57,0,0,83127.42,0,0,0,2994.12,2800.27,0,28800.86,29132.05,72.76,3367.06,17982.82,0,0,0,0
2006-04-21 18:00:00,0,1958.33,0,412.4,12284.79,7829.74,6832.54,0,0,2562.89,18018.29,289.09,0,12885.4,1799.49,3898.02,75062.01,0,17477.26,0,0,82964.48,0,0,0,2909.6,2734.93,0,28127.69,29048.85,71.98,3254.9,18101.03,0,0,0,0
2006-04-21 19:00:00,0,2270.06,0,392.0,12645.39,7361.48,7090.81,0,0,2431.89,17088.8,269.27,0,13722.79,1773.08,3889.91,71957.17,0,17030.66,0,0,86063.2,0,0,0,2974.65,2891.87,0,27880.01,28162.74,69.16,3031.96,17142.86,0,0,0,0
2006-04-21 20:00:00,0,2026.65,0,367.6,12062.86,6953.58,6580.83,0,0,2256.43,15814.49,261.12,0,13081.0,1595.85,3686.93,70804.17,0,16513.85,0,0,82856.83,0,0,0,2836.01,2757.85,0,26837.71,28066.78,66.9,2775.86,16888.96,0,0,0,0
2006-04-21 21:00:00,0,1949.97,0,343.51,11528.18,6604.41,6171.24,0,0,2112.7,14716.21,247.19,0,12451.74,1509.35,3503.6,68814.57,0,16161.4,0,0,79602.95,0,0,0,2771.93,2643.74,0,25881.05,26718.51,61.84,2600.62,16806.43,0,0,0,0
2006-04-21 22:00:00,0,1934.38,0,312.52,10624.1,5982.4,5782.52,0,0,1987.16,13729.49,229.06,0,11806.36,1404.71,3323.81,66502.46,0,15448.67,0,0,76602.28,0,0,0,2582.86,2480.66,0,24186.47,26030.92,58.99,2400.67,15716.42,0,0,0,0
2006-04-21 23:00:00,0,1786.84,0,286.81,9777.92,5431.3,5424.59,0,0,1867.65,12812.1,210.18,0,11113.94,1305.77,3120.31,63044.5,0,14828.97,0,0,73743.02,0,0,0,2414.84,2342.35,0,22811.21,24843.0,57.07,2228.92,14650.66,0,0,0,0
2006-04-22 00:00:00,0,1646.74,0,262.91,8971.36,4937.27,5078.95,0,0,1727.01,11889.91,193.43,0,10450.81,1213.82,2958.09,59909.24,0,14029.74,0,0,70548.68,0,0,0,2282.31,2228.83,0,21489.23,23714.2,55.27,2051.2,13588.35,0,0,0,0
2006-04-22 01:00:00,0,1516.05,0,241.85,8394.34,4522.08,4775.18,0,0,1597.56,11029.76,177.78,0,10149.31,1157.71,2822.36,57239.59,0,13239.83,0,0,67759.88,0,0,0,2195.02,2132.39,0,20554.13,22590.78,53.31,1928.86,12621.82,0,0,0,0
2006-04-22 02:00:00,0,1402.65,0,220.51,7964.36,4250.85,4523.82,0,0,1491.53,10309.04,165.3,0,10097.83,1100.5,2711.16,55099.53,0,12672.49,0,0,65239.22,0,0,0,2130.93,2044.29,0,19834.04,21518.64,51.54,1820.17,12080.41,0,0,0,0
2006-04-22 03:00:00,0,1345.68,0,206.37,7675.9,4044.41,4359.06,0,0,1408.21,9898.81,154.72,0,10057.74,1047.58,2659.41,53568.1,0,12429.09,0,0,63576.19,0,0,0,2097.79,1973.1,0,19319.05,20795.69,50.63,1742.55,11755.52,0,0,0,0
2006-04-22 04:00:00,0,1328.69,0,197.57,7537.67,3887.1,4303.95,0,0,1381.55,9683.01,148.35,0,10096.62,1018.85,2649.89,52757.65,0,12635.38,0,0,63314.35,0,0,0,2070.91,1977.52,0,18974.08,20295.6,50.18,1695.48,11527.81,0,0,0,0
2006-04-22 05:00:00,0,1345.41,0,195.79,7565.97,3894.07,4359.97,0,0,1383.05,9687.92,148.67,0,10209.66,1003.86,2682.39,52906.24,0,12909.26,0,0,63710.47,0,0,0,2068.3,2011.21,0,18866.28,20192.92,50.72,1703.8,11641.54,0,0,0,0
2006-04-22 06:00:00,0,1406.43,0,199.38,7816.19,3973.99,4523.52,0,0,1402.1,9824.53,150.52,0,10571.03,1025.62,2754.28,53870.42,0,13648.7,0,0,64534.85,0,0,0,2101.08,2066.31,0,19025.77,20424.19,51.39,1724.37,11983.78,0,0,0,0
2006-04-22 07:00:00,0,1513.87,0,212.83,8230.17,4356.37,4770.26,0,0,1550.24,10986.65,157.77,0,10992.53,1073.13,2841.7,55626.45,0,14363.28,0,0,66414.44,0,0,0,2164.15,2158.13,0,19377.66,20658.54,52.05,1862.04,12155.4,0,0,0,0
2006-04-22 08:00:00,0,1581.88,0,235.66,8636.32,5043.07,5007.56,0,0,1742.82,12713.96,180.21,0,11459.67,1124.09,2905.99,56529.9,0,14825.65,0,0,67989.95,0,0,0,2261.16,2247.15,0,19801.87,20887.62,52.27,2122.15,12511.21,0,0,0,0
2006-04-22 09:00:00,0,1693.47,0,258.48,9006.93,5617.06,5255.67,0,0,1934.03,14199.96,191.04,0,11775.08,1212.24,3012.46,58055.41,0,15153.31,0,0,69824.88,0,0,0,2360.16,2336.14,0,20546.31,21883.93,53.89,2336.05,13071.11,0,0,0,0
2006-04-22 10:00:00,0,1799.35,0,271.99,9361.68,6242.2,5588.3,0,0,2127.25,15606.37,206.22,0,11900.42,1334.58,3178.75,59745.8,0,15518.4,0,0,71528.89,0,0,0,2466.04,2458.38,0,21403.02,23630.05,55.68,2560.64,13684.6,0,0,0,0
2006-04-22 11:00:00,0,1953.42,0,277.16,9634.7,6888.11,5864.57,0,0,2285.51,16698.08,223.34,0,11892.75,1483.56,3380.48,61877.62,0,15493.34,0,0,73275.92,0,0,0,2532.11,2516.11,0,22299.71,25259.19,58.21,2750.07,14135.25,0,0,0,0
2006-04-22 12:00:00,0,2132.99,0,290.55,9825.41,7357.46,6000.2,0,0,2387.85,17433.14,239.91,0,11829.81,1607.52,3477.3,64193.57,0,15712.8,0,0,74390.74,0,0,0,2592.43,2575.73,0,23040.31,26633.23,60.85,2876.27,14535.98,0,0,0,0
2006-04-22 13:00:00,0,2267.53,0,305.0,9909.67,7607.57,6073.16,0,0,2439.08,17879.85,246.53,0,11859.24,1648.75,3566.37,65829.06,0,15991.63,0,0,75023.41,0,0,0,2684.22,2658.06,0,24088.49,27753.47,62.54,2970.64,15034.04,0,0,0,0
2006-04-22 14:00:00,0,2355.14,0,328.78,10104.63,7722.41,6239.01,0,0,2460.81,18132.5,256.96,0,11936.89,1644.29,3626.62,66428.99,0,16143.05,0,0,74949.66,0,0,0,2801.97,2763.21,0,24938.55,28811.24,63.45,3051.54,15592.75,0,0,0,0
2006-04-22 15:00:00,0,2418.4,0,349.13,10218.56,7758.17,6435.03,0,0,2457.37,18302.19,264.54,0,12106.76,1676.65,3664.43,65771.07,0,16230.49,0,0,74923.81,0,0,0,2846.32,2830.31,0,25432.43,29413.21,64.18,3116.93,16081.43,0,0,0,0
2006-04-22 16:00:00,0,2455.01,0,350.57,10339.28,7721.3,6533.66,0,0,2452.44,18293.72,269.88,0,12232.28,1717.1,3687.32,64561.27,0,16500.85,0,0,74777.31,0,0,0,2784.38,2812.48,0,25865.81,29930.41,63.77,3100.15,16507.04,0,0,0,0
2006-04-22 17:00:00,0,2441.35,0,359.43,10388.59,7527.35,6530.16,0,0,2387.36,17658.75,271.26,0,12487.84,1681.9,3708.94,64317.06,0,16694.88,0,0,75061.86,0,0,0,2750.3,2770.41,0,25880.75,30387.95,63.29,3028.29,16817.05,0,0,0,0
2006-04-22 18:00:00,0,2379.63,0,358.79,10358.61,7239.33,6471.79,0,0,2302.58,17244.97,268.25,0,12954.66,1681.48,3760.42,65173.95,0,16898.96,0,0,75185.06,0,0,0,2721.9,2731.16,0,25628.09,30419.74,62.79,2926.99,16667.58,0,0,0,0
2006-04-22 19:00:00,0,2570.99,0,369.62,11855.98,7383.92,7105.46,0,0,2414.36,17072.54,284.51,0,14120.24,1775.76,4258.24,69862.02,0,18138.5,0,0,84475.73,0,0,0,2825.24,2833.36,0,26683.33,31928.76,67.72,3044.24,17884.08,0,0,0,0
2006-04-22 20:00:00,0,2340.4,0,350.01,11474.16,7047.32,6647.33,0,0,2236.62,15797.69,268.91,0,13512.94,1611.49,4016.35,69263.31,0,17620.01,0,0,81904.04,0,0,0,2757.0,2749.79,0,25598.73,31423.31,66.59,2810.48,17131.13,0,0,0,0
2006-04-22 21:00:00,0,2209.32,0,331.32,10959.99,6609.68,6255.98,0,0,2085.49,14637.68,254.85,0,12908.12,1494.57,3750.52,67305.2,0,17063.29,0,0,78862.03,0,0,0,2698.83,2640.93,0,24939.78,29674.75,63.24,2602.34,16745.08,0,0,0,0
2006-04-22 22:00:00,0,2099.61,0,302.21,10094.06,5996.24,5864.8,0,0,1949.94,13575.96,231.57,0,12298.66,1387.3,3536.8,65423.93,0,16253.4,0,0,75852.13,0,0,0,2535.64,2466.58,0,23191.46,28100.2,60.8,2425.85,15626.6,0,0,0,0
2006-04-22 23:00:00,0,1917.26,0,276.74,9332.36,5445.61,5489.68,0,0,1831.41,12631.61,209.07,0,11619.88,1281.3,3347.1,62221.35,0,15482.32,0,0,73115.73,0,0,0,2348.47,2303.28,0,21692.07,26747.74,58.75,2274.0,14451.29,0,0,0,0
2006-04-23 00:00:00,0,1775.33,0,254.4,8658.18,4943.11,5139.76,0,0,1703.33,11687.12,189.03,0,11045.24,1173.02,3176.82,59299.52,0,14652.67,0,0,69874.53,0,0,0,2189.77,2168.8,0,20249.6,25471.2,57.15,2104.16,13589.81,0,0,0,0
2006-04-23 01:00:00,0,1604.58,0,232.53,8059.52,4510.38,4804.43,0,0,1575.89,10792.32,172.57,0,10677.21,1079.96,3025.94,56813.67,0,13893.96,0,0,67034.89,0,0,0,2072.95,2047.54,0,19292.63,24052.94,55.59,1952.17,12769.44,0,0,0,0
2006-04-23 02:00:00,0,1475.57,0,212.01,7677.86,4195.95,4532.36,0,0,1454.39,10048.44,162.27,0,10605.47,1023.24,2910.01,54697.76,0,13177.57,0,0,64746.51,0,0,0,1985.66,1937.17,0,18682.26,22698.1,53.95,1825.42,12086.98,0,0,0,0
2006-04-23 03:00:00,0,1396.92,0,199.52,7457.94,3973.29,4363.75,0,0,1375.24,9580.8,155.28,0,10589.82,984.57,2784.13,53271.79,0,12798.05,0,0,63170.02,0,0,0,1918.67,1853.56,0,18285.34,21678.56,51.97,1743.03,11705.87,0,0,0,0
2006-04-23 04:00:00,0,1369.31,0,193.57,7442.25,3881.23,4278.97,0,0,1368.07,9400.86,151.24,0,10632.31,976.32,2730.07,52550.4,0,12785.5,0,0,63030.41,0,0,0,1893.46,1856.47,0,17977.72,21135.64,51.11,1711.24,11387.85,0,0,0,0
2006-04-23 05:00:00,0,1372.05,0,192.63,7549.9,3924.27,4330.8,0,0,1378.76,9404.52,152.51,0,10764.17,983.18,2733.14,52816.86,0,13098.88,0,0,63542.43,0,0,0,1888.58,1865.66,0,17840.75,20891.94,51.84,1734.2,11242.73,0,0,0,0
2006-04-23 06:00:00,0,1377.2,0,195.64,7895.85,4057.7,4529.23,0,0,1409.79,9582.7,154.18,0,11071.55,1005.34,2798.39,53768.36,0,13524.06,0,0,64494.58,0,0,0,1918.36,1932.11,0,17822.95,20885.27,52.41,1774.01,11509.51,0,0,0,0
2006-04-23 07:00:00,0,1478.63,0,209.09,8364.58,4351.01,4807.88,0,0,1513.47,10461.83,162.24,0,11341.97,1056.92,2907.23,55459.84,0,14078.4,0,0,65902.49,0,0,0,2028.87,2078.68,0,18227.45,21132.62,53.57,1880.99,12281.52,0,0,0,0
2006-04-23 08:00:00,0,1600.58,0,236.13,8636.4,4794.67,5061.74,0,0,1646.17,11977.86,180.25,0,11638.69,1140.28,2984.36,56594.59,0,14474.03,0,0,67403.62,0,0,0,2134.31,2202.93,0,19158.83,21763.73,54.79,2024.34,12952.28,0,0,0,0
2006-04-23 09:00:00,0,1722.75,0,264.05,8860.25,5241.03,5169.78,0,0,1781.8,13226.06,185.79,0,11991.33,1245.12,3075.86,58104.73,0,14757.57,0,0,68915.53,0,0,0,2221.51,2310.51,0,20344.81,23136.29,57.23,2182.23,13668.1,0,0,0,0
2006-04-23 10:00:00,0,1888.7,0,288.31,9264.0,5821.71,5454.6,0,0,1957.76,14613.53,195.76,0,12220.11,1399.57,3217.41,60181.22,0,15048.51,0,0,70352.09,0,0,0,2305.92,2463.9,0,21716.8,24978.59,58.97,2457.27,14386.89,0,0,0,0
2006-04-23 11:00:00,0,2021.98,0,304.92,9788.02,6478.12,5802.1,0,0,2108.04,15878.61,213.72,0,12396.67,1506.32,3306.47,61482.84,0,15265.54,0,0,71656.69,0,0,0,2456.64,2583.03,0,22533.39,26412.79,61.4,2655.83,14878.97,0,0,0,0
2006-04-23 12:00:00,0,2173.11,0,319.26,10096.92,6953.47,6071.95,0,0,2242.63,16940.76,230.65,0,12466.24,1571.6,3366.21,63491.01,0,15237.74,0,0,71987.23,0,0,0,2582.95,2687.93,0,23587.3,28151.2,63.37,2802.35,15615.44,0,0,0,0
2006-04-23 13:00:00,0,2239.79,0,332.73,10380.4,7357.5,6290.5,0,0,2356.2,17683.12,247.77,0,12499.96,1619.97,3416.42,64613.28,0,15247.31,0,0,73017.79,0,0,0,2691.29,2770.46,0,24494.9,29229.93,65.29,2919.46,16342.05,0,0,0,0
2006-04-23 14:00:00,0,2292.31,0,346.29,10683.48,7710.34,6528.96,0,0,2456.68,18334.16,269.63,0,12549.09,1667.66,3467.24,65283.64,0,15304.72,0,0,74929.78,0,0,0,2815.75,2837.1,0,25553.0,30102.27,67.97,3034.93,16820.81,0,0,0,0
2006-04-23 15:00:00,0,2338.45,0,357.72,11115.13,7946.71,6707.98,0,0,2536.68,18793.41,285.64,0,12624.64,1734.66,3511.85,65097.42,0,15456.8,0,0,76459.3,0,0,0,2927.36,2937.45,0,26496.8,31144.19,69.69,3111.64,17129.67,0,0,0,0
2006-04-23 16:00:00,0,2414.04,0,364.63,11364.64,8034.88,6869.27,0,0,2568.22,18888.94,293.39,0,12734.76,1765.6,3538.83,64744.4,0,15547.2,0,0,77652.66,0,0,0,2997.29,3007.22,0,27178.66,31969.05,71.34,3130.74,17506.3,0,0,0,0
2006-04-23 17:00:00,0,2449.37,0,368.77,11412.53,7908.58,6980.57,0,0,2517.61,18450.22,296.36,0,12907.26,1725.76,3512.69,65017.6,0,15597.79,0,0,78160.67,0,0,0,2999.67,3008.13,0,27476.44,32369.47,71.32,3084.99,17581.0,0,0,0,0
2006-04-23 18:00:00,0,2430.66,0,372.99,11168.66,7527.45,6907.29,0,0,2406.24,17782.06,280.32,0,13180.72,1665.78,3463.09,65560.7,0,15643.09,0,0,78186.12,0,0,0,2944.11,2930.11,0,27674.71,31931.08,70.16,2947.76,17128.59,0,0,0,0
2006-04-23 19:00:00,0,2558.59,0,410.08,13237.58,7996.59,7777.16,0,0,2665.8,18263.56,304.36,0,15005.54,1822.06,4099.49,74004.82,0,17872.66,0,0,90226.6,0,0,0,3119.13,2980.13,0,28306.44,34094.89,81.35,3238.93,19192.41,0,0,0,0
2006-04-23 20:00:00,0,2341.5,0,383.37,12653.57,7505.71,7171.76,0,0,2454.22,16907.77,287.09,0,14059.31,1645.53,3877.06,72437.55,0,17208.33,0,0,85325.74,0,0,0,2970.59,2807.62,0,26963.3,33166.69,78.14,2965.81,18512.82,0,0,0,0
2006-04-23 21:00:00,0,2217.21,0,355.6,12177.77,6912.33,6641.06,0,0,2267.95,15719.79,267.97,0,13137.45,1521.59,3655.07,70705.38,0,16443.06,0,0,80560.47,0,0,0,2804.66,2660.65,0,26189.05,31762.17,73.0,2743.06,18131.98,0,0,0,0
2006-04-23 22:00:00,0,2132.43,0,321.04,11223.8,6244.68,6148.66,0,0,2099.41,14461.05,242.15,0,12213.6,1415.03,3495.4,68172.49,0,15480.02,0,0,76528.56,0,0,0,2597.59,2468.81,0,24191.3,30498.85,69.15,2534.39,16898.55,0,0,0,0
2006-04-23 23:00:00,0,1953.58,0,291.33,10315.86,5650.86,5675.52,0,0,1944.04,13316.12,220.48,0,11329.76,1320.25,3318.16,64928.51,0,14635.58,0,0,73120.85,0,0,0,2406.09,2290.06,0,22455.61,28429.75,66.62,2338.29,15689.54,0,0,0,0
2006-04-24 00:00:00,0,1774.0,0,265.14,9447.98,5082.49,5224.59,0,0,1786.49,12248.82,200.16,0,10541.51,1206.26,3155.65,61934.89,0,13781.61,0,0,70067.69,0,0,0,2218.26,2128.7,0,20870.33,26483.3,64.47,2143.0,14576.96,0,0,0,0
2006-04-24 01:00:00,0,1620.64,0,240.93,8749.04,4570.08,4816.18,0,0,1639.98,11203.27,178.88,0,10109.93,1101.36,3011.04,59114.14,0,13096.46,0,0,67174.32,0,0,0,2085.29,1985.96,0,19439.05,24838.24,62.56,1955.03,13601.81,0,0,0,0
2006-04-24 02:00:00,0,1484.29,0,216.94,8308.6,4220.49,4496.02,0,0,1509.1,10194.55,161.12,0,10052.81,1023.35,2902.98,56482.73,0,12608.98,0,0,65099.03,0,0,0,2015.0,1865.15,0,18520.48,23269.14,61.13,1826.39,12823.48,0,0,0,0
2006-04-24 03:00:00,0,1422.86,0,207.99,8176.77,4082.06,4375.28,0,0,1448.08,9642.56,152.68,0,10297.08,1000.51,2854.01,55554.03,0,12668.6,0,0,64603.4,0,0,0,1977.49,1819.24,0,18193.24,22447.01,60.47,1794.0,12571.17,0,0,0,0
2006-04-24 04:00:00,0,1410.97,0,213.62,8309.32,4212.41,4548.56,0,0,1472.57,9795.55,156.58,0,10719.96,1032.9,2951.83,56589.77,0,13255.09,0,0,66158.72,0,0,0,1995.23,1859.06,0,18426.57,22095.29,59.81,1828.61,12742.63,0,0,0,0
2006-04-24 05:00:00,0,1453.38,0,221.63,8739.46,4375.21,4812.64,0,0,1508.23,10051.82,162.87,0,11137.6,1065.73,3078.12,58624.46,0,13889.2,0,0,68147.52,0,0,0,2066.98,1908.98,0,18725.85,22410.22,59.96,1872.97,13137.99,0,0,0,0
2006-04-24 06:00:00,0,1496.38,0,230.77,9333.27,4538.68,5131.35,0,0,1548.87,10371.07,168.47,0,11864.64,1099.53,3209.14,60573.59,0,15190.44,0,0,72109.68,0,0,0,2157.63,1970.02,0,19061.03,22951.48,60.86,1915.42,13604.41,0,0,0,0
2006-04-24 07:00:00,0,1569.62,0,269.38,10236.09,4934.44,5518.86,0,0,1732.76,11636.52,185.1,0,13008.66,1223.2,3451.34,64950.39,0,16355.53,0,0,76875.11,0,0,0,2343.14,2105.68,0,20838.01,23893.43,62.12,2088.57,14229.07,0,0,0,0
2006-04-24 08:00:00,0,1687.97,0,295.07,10691.26,5550.92,5786.23,0,0,1929.76,13387.84,202.13,0,13369.42,1331.88,3557.58,66678.61,0,16563.88,0,0,78670.23,0,0,0,2444.85,2222.31,0,22077.38,25332.21,64.47,2324.11,14792.8,0,0,0,0
2006-04-24 09:00:00,0,1761.47,0,318.78,11141.09,6037.34,6055.14,0,0,2084.73,14748.29,215.16,0,13573.76,1432.49,3630.31,68437.17,0,17021.54,0,0,80032.74,0,0,0,2584.44,2364.69,0,23239.24,26575.88,67.44,2506.88,15566.34,0,0,0,0
2006-04-24 10:00:00,0,1824.69,0,339.61,11437.7,6558.7,6224.36,0,0,2251.97,16066.88,221.04,0,13618.91,1564.47,3702.42,70223.43,0,17401.42,0,0,80482.76,0,0,0,2788.57,2503.3,0,24406.68,27603.02,69.92,2701.37,16379.03,0,0,0,0
2006-04-24 11:00:00,0,1902.0,0,360.16,11838.85,7142.35,6385.66,0,0,2389.5,17217.22,231.42,0,13571.06,1683.98,3863.05,71339.1,0,17698.39,0,0,80595.07,0,0,0,2923.04,2680.39,0,25898.02,28728.65,72.61,2905.39,17041.96,0,0,0,0
2006-04-24 12:00:00,0,2021.98,0,375.86,12205.38,7564.44,6713.77,0,0,2498.3,18113.64,246.24,0,13485.25,1775.49,4006.66,72364.03,0,17661.98,0,0,80500.51,0,0,0,3026.19,2806.01,0,27124.66,29728.1,74.87,3052.83,17762.79,0,0,0,0
2006-04-24 13:00:00,0,2137.02,0,394.44,12651.24,7941.94,6991.01,0,0,2598.56,18829.51,263.82,0,13462.93,1845.17,4120.95,73586.05,0,17820.68,0,0,81114.89,0,0,0,3119.6,2913.59,0,28133.59,30544.28,78.16,3168.05,18649.66,0,0,0,0
2006-04-24 14:00:00,0,2236.06,0,413.1,12979.65,8295.64,7307.21,0,0,2697.39,19451.88,281.4,0,13536.6,1912.47,4204.87,74247.65,0,17863.95,0,0,82253.1,0,0,0,3213.75,3022.87,0,29093.25,31187.42,80.53,3288.39,19334.77,0,0,0,0
2006-04-24 15:00:00,0,2305.07,0,429.45,13312.58,8607.61,7570.97,0,0,2791.77,19985.73,293.24,0,13541.74,1976.75,4243.3,74258.17,0,17707.65,0,0,83290.42,0,0,0,3273.42,3098.7,0,30081.36,31340.52,83.63,3387.46,19696.22,0,0,0,0
2006-04-24 16:00:00,0,2328.7,0,430.03,13344.07,8815.79,7729.52,0,0,2844.53,20156.12,300.66,0,13541.19,2026.51,4285.55,73352.91,0,17690.22,0,0,84387.68,0,0,0,3310.47,3149.18,0,30645.04,31182.91,85.27,3450.53,20095.97,0,0,0,0
2006-04-24 17:00:00,0,2395.5,0,415.42,13175.26,8787.46,7744.83,0,0,2838.5,19827.01,302.48,0,13641.06,2013.55,4326.04,73016.99,0,17423.99,0,0,85340.45,0,0,0,3303.71,3141.01,0,30749.77,31214.75,84.5,3415.25,20118.42,0,0,0,0
2006-04-24 18:00:00,0,2339.51,0,403.16,12864.93,8364.26,7565.41,0,0,2741.2,18934.58,287.85,0,13514.62,1958.5,4278.01,73327.26,0,17453.03,0,0,85866.83,0,0,0,3220.66,3053.54,0,30344.32,30566.51,82.12,3267.55,19771.09,0,0,0,0
2006-04-24 19:00:00,0,2459.69,0,399.82,13617.55,8218.03,7957.49,0,0,2785.55,18661.63,302.52,0,13898.07,1950.7,4382.56,73183.11,0,17675.02,0,0,91848.75,0,0,0,3268.43,3135.07,0,30293.48,29711.29,84.58,3250.54,19902.75,0,0,0,0
2006-04-24 20:00:00,0,2255.14,0,377.77,12946.24,7685.38,7335.05,0,0,2574.17,17369.05,284.74,0,13072.89,1765.87,4114.43,71756.27,0,17008.98,0,0,87087.54,0,0,0,3105.06,2935.18,0,28642.37,29642.12,79.77,2975.99,18957.85,0,0,0,0
2006-04-24 21:00:00,0,2206.31,0,357.26,12323.17,7099.93,6765.31,0,0,2359.15,16132.01,267.12,0,12351.12,1618.76,3853.18,70477.43,0,16243.58,0,0,82024.5,0,0,0,2953.32,2786.69,0,27603.04,29101.88,74.99,2749.28,18638.74,0,0,0,0
2006-04-24 22:00:00,0,2130.75,0,323.73,11266.85,6358.46,6241.47,0,0,2158.9,14766.43,242.5,0,11631.39,1470.87,3617.86,68319.71,0,15320.28,0,0,77700.18,0,0,0,2723.79,2572.23,0,25548.19,28146.84,71.34,2530.06,17344.86,0,0,0,0
2006-04-24 23:00:00,0,1912.31,0,293.02,10320.31,5737.25,5789.7,0,0,1987.79,13500.66,220.51,0,10915.05,1341.35,3405.72,65393.58,0,14554.21,0,0,73782.42,0,0,0,2520.5,2372.3,0,23718.72,26333.46,68.48,2337.17,16020.8,0,0,0,0
2006-04-25 00:00:00,0,1746.26,0,266.03,9511.36,5157.12,5381.21,0,0,1817.75,12359.6,199.21,0,10223.37,1216.56,3215.29,62682.45,0,13798.74,0,0,70594.59,0,0,0,2330.63,2199.37,0,22125.27,24883.46,66.44,2150.28,14831.36,0,0,0,0
2006-04-25 01:00:00,0,1570.83,0,242.25,8838.79,4610.83,4975.86,0,0,1654.71,11247.81,179.96,0,9866.11,1103.75,3054.57,59948.0,0,13097.25,0,0,67371.16,0,0,0,2191.34,2079.66,0,20724.25,23571.24,63.91,1958.97,13688.1,0,0,0,0
2006-04-25 02:00:00,0,1430.58,0,220.63,8452.44,4257.27,4682.23,0,0,1515.45,10219.86,164.28,0,9806.37,1011.0,2911.41,57454.77,0,12549.45,0,0,64717.17,0,0,0,2123.2,1983.64,0,19886.34,22426.71,60.99,1832.73,12914.34,0,0,0,0
2006-04-25 03:00:00,0,1368.35,0,212.18,8305.18,4072.2,4572.58,0,0,1432.33,9674.85,155.2,0,9946.54,992.44,2844.59,56105.52,0,12485.17,0,0,63717.41,0,0,0,2077.92,1940.23,0,19528.33,21875.63,59.3,1786.2,12592.11,0,0,0,0
2006-04-25 04:00:00,0,1387.35,0,218.84,8386.25,4157.73,4718.55,0,0,1453.16,9858.73,157.49,0,10214.23,1030.6,2939.05,56958.05,0,13003.64,0,0,65122.96,0,0,0,2098.01,1973.19,0,19730.51,22055.58,59.06,1820.2,12781.34,0,0,0,0
2006-04-25 05:00:00,0,1473.58,0,227.03,8803.69,4324.9,4959.57,0,0,1487.1,10104.15,161.62,0,10627.74,1071.52,3069.76,59074.26,0,13540.85,0,0,67275.09,0,0,0,2161.58,2014.84,0,19975.71,22794.05,59.61,1866.69,13183.28,0,0,0,0
2006-04-25 06:00:00,0,1575.78,0,235.55,9706.15,4525.31,5278.83,0,0,1543.59,10508.72,166.57,0,11966.46,1122.47,3218.61,61451.22,0,15568.0,0,0,73890.64,0,0,0,2269.96,2091.63,0,20299.58,23693.73,61.14,1915.4,13694.97,0,0,0,0
2006-04-25 07:00:00,0,1690.6,0,277.4,10244.7,4966.74,5617.07,0,0,1730.44,11711.14,183.66,0,12269.46,1237.48,3426.95,65555.83,0,16270.9,0,0,76880.54,0,0,0,2399.52,2190.28,0,21663.94,24826.07,62.98,2091.21,14311.09,0,0,0,0
2006-04-25 08:00:00,0,1806.0,0,306.6,10649.49,5558.41,5930.29,0,0,1908.31,13311.43,199.73,0,12519.98,1343.32,3614.93,68928.91,0,16622.01,0,0,79372.58,0,0,0,2553.48,2330.05,0,22915.45,26520.86,65.05,2312.68,15024.44,0,0,0,0
2006-04-25 09:00:00,0,1902.7,0,328.08,11077.75,6055.01,6292.76,0,0,2068.07,14636.96,216.12,0,12595.34,1450.88,3741.69,70411.21,0,17021.33,0,0,80645.73,0,0,0,2727.61,2466.96,0,24099.62,27247.66,67.03,2486.09,15881.21,0,0,0,0
2006-04-25 10:00:00,0,1954.09,0,357.5,11644.73,6526.14,6725.39,0,0,2244.77,16016.6,229.96,0,12454.43,1576.71,3844.94,71780.18,0,17265.2,0,0,81444.67,0,0,0,2980.92,2723.67,0,25247.97,27879.84,68.95,2671.23,16688.3,0,0,0,0
2006-04-25 11:00:00,0,2002.7,0,384.65,12470.64,7088.7,7153.73,0,0,2378.26,17293.53,240.89,0,12497.39,1687.11,3929.5,72962.15,0,17340.21,0,0,81280.34,0,0,0,3156.52,2941.39,0,26860.95,28401.05,71.09,2844.77,17416.97,0,0,0,0
2006-04-25 12:00:00,0,2034.08,0,406.01,13053.27,7566.86,7495.07,0,0,2501.57,18349.21,259.09,0,12663.07,1800.57,3989.15,73302.6,0,17337.3,0,0,81301.73,0,0,0,3262.64,3074.28,0,28162.38,28828.13,72.54,2995.83,17965.2,0,0,0,0
2006-04-25 13:00:00,0,2066.48,0,419.79,13550.06,7927.99,7784.07,0,0,2609.72,19200.97,270.99,0,12801.2,1903.04,4002.25,73167.87,0,17351.1,0,0,81305.75,0,0,0,3369.44,3176.82,0,29174.7,29010.77,73.38,3088.9,18717.68,0,0,0,0
2006-04-25 14:00:00,0,2098.52,0,438.1,13951.18,8293.25,8077.79,0,0,2715.99,19879.68,280.01,0,13049.87,1994.74,3996.23,72945.1,0,17314.04,0,0,81443.24,0,0,0,3452.0,3256.12,0,29929.58,28909.82,73.77,3213.59,19304.02,0,0,0,0
2006-04-25 15:00:00,0,2118.07,0,444.56,14195.83,8584.03,8256.64,0,0,2803.94,20298.2,289.99,0,13533.08,2059.78,3946.18,72519.38,0,17408.92,0,0,81059.1,0,0,0,3492.25,3285.63,0,30291.95,28716.5,73.24,3340.75,19564.45,0,0,0,0
2006-04-25 16:00:00,0,2140.11,0,438.52,14288.44,8781.32,8282.21,0,0,2846.68,20456.84,298.32,0,13667.29,2086.04,3883.02,71953.08,0,17478.76,0,0,81048.09,0,0,0,3485.07,3294.52,0,30302.45,28525.54,72.96,3393.97,19824.61,0,0,0,0
2006-04-25 17:00:00,0,2161.7,0,429.36,14012.41,8779.21,8250.72,0,0,2822.37,20067.27,302.14,0,13870.81,2065.87,3829.05,71457.34,0,17598.61,0,0,81232.4,0,0,0,3439.14,3221.74,0,29742.42,28315.62,72.76,3375.51,19825.15,0,0,0,0
2006-04-25 18:00:00,0,2199.15,0,412.8,13745.52,8491.21,8103.94,0,0,2748.8,19330.86,291.85,0,13992.56,2017.08,3781.93,71205.27,0,17844.09,0,0,81422.76,0,0,0,3342.54,3127.71,0,29167.79,28220.76,71.78,3322.58,19647.28,0,0,0,0
2006-04-25 19:00:00,0,2195.32,0,399.95,14411.37,8263.0,8331.45,0,0,2801.72,19004.7,305.93,0,14889.76,2065.71,3897.14,71070.02,0,18426.72,0,0,86030.36,0,0,0,3383.06,3178.91,0,29340.23,26371.72,70.73,3258.13,19995.91,0,0,0,0
2006-04-25 20:00:00,0,2235.29,0,386.88,13580.63,7663.79,7650.6,0,0,2562.62,17568.84,288.96,0,14201.95,1870.55,3762.47,70391.86,0,17904.99,0,0,83569.82,0,0,0,3232.42,2998.56,0,28082.28,27708.25,69.25,2964.4,19089.14,0,0,0,0
2006-04-25 21:00:00,0,2285.59,0,371.22,12875.34,7118.45,7085.16,0,0,2365.11,16344.99,271.32,0,13427.13,1713.29,3612.57,69571.99,0,17210.64,0,0,80095.33,0,0,0,3084.3,2865.42,0,27286.32,28345.51,68.32,2746.44,18523.47,0,0,0,0
2006-04-25 22:00:00,0,2235.35,0,340.22,11755.27,6423.3,6586.77,0,0,2178.14,15003.13,245.51,0,12663.77,1593.48,3473.73,67392.95,0,16345.52,0,0,76479.77,0,0,0,2864.42,2678.32,0,25418.6,27768.72,67.65,2551.6,17123.74,0,0,0,0
2006-04-25 23:00:00,0,2134.39,0,306.45,10824.31,5843.09,6145.37,0,0,2025.25,13735.72,223.54,0,11913.71,1458.17,3338.58,65031.15,0,15431.22,0,0,73293.64,0,0,0,2684.92,2495.72,0,23673.54,26574.72,67.46,2380.52,15756.67,0,0,0,0
2006-04-26 00:00:00,0,2017.56,0,276.7,9866.83,5302.0,5643.45,0,0,1867.7,12608.33,204.28,0,11132.95,1319.88,3215.84,62730.38,0,14540.71,0,0,70365.39,0,0,0,2510.41,2319.97,0,22126.62,25458.87,66.8,2194.27,14542.53,0,0,0,0
2006-04-26 01:00:00,0,1916.51,0,252.03,8886.77,4760.92,5060.25,0,0,1708.29,11543.25,187.95,0,10622.59,1187.17,3103.97,60446.79,0,13682.52,0,0,67603.04,0,0,0,2327.99,2160.86,0,20843.5,24414.29,65.42,2021.71,13498.88,0,0,0,0
2006-04-26 02:00:00,0,1810.45,0,228.98,8415.25,4333.02,4547.82,0,0,1560.68,10573.22,172.34,0,10526.62,1092.31,3005.7,58413.64,0,13274.95,0,0,65519.28,0,0,0,2218.68,2046.65,0,19906.57,23441.57,64.59,1859.83,12814.74,0,0,0,0
2006-04-26 03:00:00,0,1776.89,0,224.29,8206.99,4148.49,4353.52,0,0,1473.62,10006.77,164.32,0,10595.12,1049.74,2975.18,57477.75,0,13131.32,0,0,65577.69,0,0,0,2152.51,1995.19,0,19404.24,23011.93,63.87,1802.81,12544.03,0,0,0,0
2006-04-26 04:00:00,0,1839.82,0,227.18,8302.99,4248.6,4524.74,0,0,1495.15,10075.22,165.01,0,10782.45,1066.66,3102.89,58706.12,0,13341.02,0,0,67556.67,0,0,0,2154.54,2013.67,0,19638.9,23277.46,64.7,1833.62,12762.54,0,0,0,0
2006-04-26 05:00:00,0,1926.41,0,234.19,8761.08,4404.27,4757.29,0,0,1524.2,10305.59,170.26,0,11182.87,1106.65,3298.16,60732.88,0,13928.22,0,0,70332.55,0,0,0,2198.08,2047.17,0,19887.66,23948.6,66.82,1889.27,13270.62,0,0,0,0
2006-04-26 06:00:00,0,2018.27,0,242.8,9382.6,4560.85,5043.03,0,0,1560.23,10567.6,175.53,0,12468.57,1148.63,3481.36,62808.56,0,16101.18,0,0,76757.08,0,0,0,2268.59,2093.81,0,20158.55,24776.08,68.94,1943.6,13782.0,0,0,0,0
2006-04-26 07:00:00,0,2149.66,0,284.89,10189.29,5095.07,5492.18,0,0,1771.63,12002.92,182.94,0,13081.73,1235.94,3865.15,67958.72,0,17006.05,0,0,81989.41,0,0,0,2419.95,2191.84,0,21527.12,26159.36,71.18,2160.66,14365.5,0,0,0,0
2006-04-26 08:00:00,0,2301.67,0,292.46,10489.77,5721.65,5715.15,0,0,1952.27,13653.49,191.7,0,13105.9,1323.07,4031.23,69845.22,0,17239.96,0,0,83775.39,0,0,0,2547.87,2278.95,0,22659.54,27512.09,73.22,2390.16,14859.23,0,0,0,0
2006-04-26 09:00:00,0,2367.42,0,308.53,10679.46,6144.59,5928.36,0,0,2088.82,14831.34,200.62,0,12929.23,1391.33,4095.45,71061.95,0,17214.7,0,0,83665.58,0,0,0,2675.29,2360.37,0,23631.49,28038.79,75.23,2549.47,15237.75,0,0,0,0
2006-04-26 10:00:00,0,2370.39,0,333.86,10751.01,6625.33,6009.1,0,0,2263.12,16057.2,206.5,0,12852.97,1458.39,4129.65,71324.82,0,17126.56,0,0,82565.83,0,0,0,2750.68,2410.2,0,24389.62,28371.31,76.93,2763.31,15602.88,0,0,0,0
2006-04-26 11:00:00,0,2321.54,0,362.24,10715.34,7192.57,5982.66,0,0,2409.18,17314.73,212.16,0,12657.86,1521.48,4168.33,71369.02,0,17091.79,0,0,81292.74,0,0,0,2857.05,2555.5,0,24896.02,28364.24,78.49,2959.27,15977.53,0,0,0,0
2006-04-26 12:00:00,0,2249.19,0,378.83,10693.92,7580.31,5888.36,0,0,2529.23,18166.92,217.82,0,12478.54,1596.15,4143.89,71057.55,0,17093.71,0,0,80416.6,0,0,0,2986.49,2670.01,0,25591.92,28074.01,78.67,3041.66,16212.49,0,0,0,0
2006-04-26 13:00:00,0,2142.6,0,383.95,10722.73,7810.61,5816.78,0,0,2625.06,18637.11,224.91,0,12372.72,1616.47,4101.05,70615.29,0,16955.95,0,0,79626.98,0,0,0,3054.09,2737.06,0,25812.71,27708.41,76.77,3114.22,16414.13,0,0,0,0
2006-04-26 14:00:00,0,2028.27,0,387.95,10814.72,8031.75,5803.68,0,0,2707.42,18932.25,233.15,0,12343.21,1687.22,4030.61,70087.26,0,16699.47,0,0,78229.3,0,0,0,3071.72,2774.83,0,25704.47,27149.91,75.57,3221.89,16434.1,0,0,0,0
2006-04-26 15:00:00,0,1921.73,0,377.74,10864.21,8230.58,5877.96,0,0,2768.51,18983.56,246.0,0,12313.26,1776.39,3963.42,69352.35,0,16547.38,0,0,77177.27,0,0,0,2996.1,2742.27,0,25523.68,26584.42,74.42,3307.06,16434.47,0,0,0,0
2006-04-26 16:00:00,0,1835.44,0,372.8,10878.73,8376.75,6016.5,0,0,2734.02,18956.79,259.64,0,12388.62,1756.05,3853.99,68536.97,0,16622.36,0,0,76437.0,0,0,0,2881.58,2649.93,0,25408.37,26306.41,73.49,3338.15,16533.92,0,0,0,0
2006-04-26 17:00:00,0,1795.52,0,368.44,10855.13,8378.05,6089.93,0,0,2727.09,19017.73,268.36,0,12487.3,1753.83,3773.32,68360.18,0,16812.52,0,0,76603.36,0,0,0,2797.89,2610.67,0,25304.2,26294.35,72.75,3295.37,16638.86,0,0,0,0
2006-04-26 18:00:00,0,1830.5,0,355.05,10881.75,8059.78,6206.38,0,0,2654.54,18471.41,267.3,0,12864.78,1755.99,3714.2,68207.25,0,17264.89,0,0,78549.27,0,0,0,2746.71,2601.41,0,24903.95,26268.95,71.55,3170.95,16761.45,0,0,0,0
2006-04-26 19:00:00,0,1919.87,0,364.65,11146.48,7967.48,6511.45,0,0,2703.08,18449.81,284.9,0,14492.89,1876.78,3767.01,69250.14,0,18022.64,0,0,84071.39,0,0,0,2806.37,2632.77,0,25231.36,26112.75,68.37,3232.45,16490.5,0,0,0,0
2006-04-26 20:00:00,0,1938.64,0,351.09,11166.19,7438.79,6147.19,0,0,2465.53,17045.8,268.19,0,13680.54,1732.1,3674.69,68656.9,0,17285.73,0,0,80437.7,0,0,0,2745.69,2553.65,0,24670.29,26353.0,68.05,2977.86,16759.0,0,0,0,0
2006-04-26 21:00:00,0,2009.97,0,328.85,10902.93,6923.29,5801.23,0,0,2282.78,15918.62,258.01,0,12870.06,1604.15,3563.39,67952.21,0,16631.21,0,0,77257.36,0,0,0,2681.24,2450.64,0,23910.99,26885.78,66.66,2761.65,16781.4,0,0,0,0
2006-04-26 22:00:00,0,2001.17,0,307.99,10243.83,6307.35,5469.2,0,0,2115.13,14691.1,237.0,0,12115.73,1467.47,3467.28,66245.23,0,15769.73,0,0,74475.79,0,0,0,2521.28,2297.46,0,22123.21,26476.32,65.78,2591.25,15930.36,0,0,0,0
2006-04-26 23:00:00,0,1909.52,0,278.57,9634.54,5710.3,5131.2,0,0,1944.61,13482.54,213.99,0,11338.79,1312.41,3384.79,63902.41,0,14873.38,0,0,71679.23,0,0,0,2379.96,2153.2,0,20836.41,25361.59,64.77,2407.99,14998.37,0,0,0,0
2006-04-27 00:00:00,0,1823.46,0,258.45,9050.86,5148.73,4793.24,0,0,1775.97,12357.86,194.07,0,10545.52,1178.63,3313.8,61711.7,0,14129.83,0,0,69057.35,0,0,0,2227.54,2023.95,0,19563.26,24219.5,63.81,2215.82,14073.76,0,0,0,0
2006-04-27 01:00:00,0,1743.0,0,240.74,8484.8,4611.36,4458.59,0,0,1619.67,11303.73,177.8,0,10080.83,1059.92,3247.06,59618.74,0,13465.68,0,0,66713.34,0,0,0,2092.62,1910.71,0,18232.53,23104.86,62.78,2036.09,13407.87,0,0,0,0
2006-04-27 02:00:00,0,1720.84,0,224.86,8231.3,4228.54,4275.34,0,0,1485.64,10348.22,164.31,0,10076.23,985.94,3185.01,57685.06,0,13001.57,0,0,65162.7,0,0,0,2018.91,1841.99,0,17607.12,22155.73,61.84,1911.3,12836.64,0,0,0,0
2006-04-27 03:00:00,0,1781.52,0,212.38,8356.37,4061.11,4416.54,0,0,1420.97,9913.58,160.25,0,10209.43,1000.61,3174.25,56928.29,0,12857.66,0,0,65227.72,0,0,0,1985.33,1834.63,0,17494.73,22003.35,62.18,1859.85,12795.18,0,0,0,0
2006-04-27 04:00:00,0,1878.32,0,217.58,8632.69,4177.57,4678.85,0,0,1471.62,10183.19,162.83,0,10444.04,1042.54,3320.95,58012.0,0,13106.03,0,0,67013.96,0,0,0,2032.19,1887.55,0,17941.3,22245.73,64.32,1913.6,13259.43,0,0,0,0
2006-04-27 05:00:00,0,1984.6,0,219.02,9125.97,4329.0,4953.35,0,0,1535.87,10564.61,168.48,0,10874.22,1075.68,3512.02,60020.17,0,13650.55,0,0,69388.52,0,0,0,2099.48,1940.08,0,18262.93,23069.98,67.09,1985.3,13881.95,0,0,0,0
2006-04-27 06:00:00,0,2095.23,0,226.33,9713.11,4535.1,5244.63,0,0,1609.19,11004.96,176.09,0,12223.97,1125.31,3715.73,62237.1,0,15737.41,0,0,75604.76,0,0,0,2190.56,1999.75,0,18570.03,24014.39,69.97,2064.04,14565.26,0,0,0,0
2006-04-27 07:00:00,0,2233.92,0,251.97,10520.31,4968.06,5588.69,0,0,1790.58,12278.25,186.6,0,12466.03,1230.68,3964.91,66735.47,0,16383.01,0,0,78109.19,0,0,0,2299.13,2103.92,0,20510.1,25347.03,72.33,2242.06,15813.26,0,0,0,0
2006-04-27 08:00:00,0,2178.08,0,275.83,10810.25,5450.94,5816.17,0,0,1948.88,13562.04,194.78,0,12645.66,1288.78,3954.08,67830.75,0,16545.57,0,0,79301.75,0,0,0,2378.85,2160.73,0,21344.49,25875.23,70.61,2404.31,15991.53,0,0,0,0
2006-04-27 09:00:00,0,2069.84,0,288.66,10856.07,5668.43,6013.01,0,0,2070.37,14542.58,199.01,0,12496.23,1301.53,3951.95,68490.52,0,16679.94,0,0,79745.52,0,0,0,2442.43,2218.76,0,22030.91,26196.96,69.89,2516.33,16155.45,0,0,0,0
2006-04-27 10:00:00,0,1991.06,0,300.16,10835.28,5954.07,6121.42,0,0,2203.78,15656.81,202.56,0,12298.79,1343.56,3925.53,68971.87,0,16633.84,0,0,78621.79,0,0,0,2491.53,2277.02,0,22038.2,26708.77,69.72,2652.84,16335.29,0,0,0,0
2006-04-27 11:00:00,0,1913.22,0,298.54,10661.37,6406.07,6164.64,0,0,2347.27,16781.6,206.78,0,12241.51,1412.44,3826.54,69359.99,0,16661.05,0,0,78541.09,0,0,0,2529.75,2328.58,0,22072.7,27301.48,70.71,2795.12,16225.41,0,0,0,0
2006-04-27 12:00:00,0,1867.3,0,296.98,10650.47,6912.02,6109.56,0,0,2480.84,17641.83,212.39,0,12293.49,1463.22,3776.09,69662.9,0,16754.99,0,0,79070.05,0,0,0,2536.47,2362.96,0,22252.01,27440.1,71.19,2950.42,15858.63,0,0,0,0
2006-04-27 13:00:00,0,1829.89,0,302.38,10678.33,7245.63,6059.21,0,0,2579.64,18280.34,212.85,0,12293.97,1472.85,3726.71,69935.37,0,16647.15,0,0,79501.71,0,0,0,2541.11,2380.95,0,22379.3,27490.1,70.71,3048.1,15596.91,0,0,0,0
2006-04-27 14:00:00,0,1772.95,0,309.88,10570.8,7460.71,5998.62,0,0,2650.67,18723.91,216.4,0,12226.06,1544.86,3687.03,69838.26,0,16605.5,0,0,79545.76,0,0,0,2537.52,2390.51,0,22411.16,27623.94,69.45,3104.51,15324.72,0,0,0,0
2006-04-27 15:00:00,0,1728.09,0,326.94,10630.88,7619.89,5969.32,0,0,2691.85,19061.35,223.99,0,12210.31,1616.54,3678.07,69040.22,0,16556.4,0,0,79191.37,0,0,0,2509.64,2393.29,0,22324.39,27791.89,68.35,3133.7,15372.46,0,0,0,0
2006-04-27 16:00:00,0,1713.91,0,333.72,10695.88,7692.27,5945.26,0,0,2704.09,19215.56,237.66,0,12196.53,1664.4,3640.4,68244.58,0,16570.21,0,0,79457.45,0,0,0,2518.82,2401.99,0,22463.01,27993.11,67.35,3070.76,15312.4,0,0,0,0
2006-04-27 17:00:00,0,1759.51,0,335.14,10879.78,7636.23,6011.88,0,0,2675.4,18926.27,247.18,0,12359.41,1679.5,3601.46,68481.5,0,16730.26,0,0,80469.71,0,0,0,2531.76,2382.23,0,22817.37,28201.83,66.47,2987.94,15263.95,0,0,0,0
2006-04-27 18:00:00,0,1803.33,0,334.54,10962.26,7455.18,6154.57,0,0,2578.68,18229.91,250.99,0,12633.16,1668.46,3648.43,68942.07,0,16950.16,0,0,81125.96,0,0,0,2577.15,2380.68,0,22925.38,28012.23,66.49,2879.24,15676.0,0,0,0,0
2006-04-27 19:00:00,0,2011.0,0,352.06,11242.8,7486.58,6500.12,0,0,2625.31,18119.84,274.44,0,14200.06,1795.01,3861.34,69703.87,0,17869.85,0,0,86473.44,0,0,0,2613.48,2529.65,0,23814.29,29125.96,71.29,2948.53,16967.84,0,0,0,0
2006-04-27 20:00:00,0,1922.69,0,331.32,10930.49,6971.85,6101.65,0,0,2389.1,16673.91,256.81,0,13523.55,1632.06,3694.9,68696.05,0,17251.75,0,0,82502.29,0,0,0,2568.98,2438.22,0,23259.96,28478.5,67.83,2709.44,16210.63,0,0,0,0
2006-04-27 21:00:00,0,1925.47,0,311.65,10662.45,6466.02,5734.47,0,0,2186.2,15307.71,245.09,0,12877.88,1507.44,3530.97,68001.24,0,16700.52,0,0,78428.64,0,0,0,2473.96,2323.38,0,22888.31,28138.92,64.92,2487.7,16113.15,0,0,0,0
2006-04-27 22:00:00,0,1903.92,0,287.1,9914.95,5752.33,5386.01,0,0,1992.84,14064.18,223.62,0,12218.57,1401.95,3393.7,66341.91,0,15995.54,0,0,75053.7,0,0,0,2317.83,2207.54,0,21376.69,27415.66,63.7,2304.5,15412.43,0,0,0,0
2006-04-27 23:00:00,0,1781.38,0,263.06,9255.36,5105.3,5041.16,0,0,1814.44,12811.91,201.28,0,11496.52,1278.29,3272.45,63861.98,0,15127.67,0,0,71944.97,0,0,0,2169.91,2099.91,0,20035.14,25975.79,62.46,2129.45,14564.72,0,0,0,0
2006-04-28 00:00:00,0,1654.79,0,238.66,8661.61,4545.77,4749.02,0,0,1642.7,11577.42,180.53,0,10753.29,1160.78,3160.66,61430.53,0,14211.36,0,0,68941.66,0,0,0,2062.88,1996.79,0,18819.6,24720.56,61.23,1977.73,13830.81,0,0,0,0
2006-04-28 01:00:00,0,1534.65,0,216.14,8252.17,4037.35,4467.43,0,0,1487.95,10466.5,160.97,0,10346.88,1054.92,3072.47,59148.91,0,13503.44,0,0,66329.36,0,0,0,1986.4,1911.74,0,17708.87,23510.86,59.83,1815.36,13206.48,0,0,0,0
2006-04-28 02:00:00,0,1466.35,0,196.11,8000.48,3680.66,4341.74,0,0,1354.75,9456.45,146.34,0,10359.21,975.83,2997.01,57170.28,0,13163.05,0,0,64538.09,0,0,0,1946.8,1882.15,0,17172.46,22330.14,59.0,1654.76,12793.38,0,0,0,0
2006-04-28 03:00:00,0,1472.9,0,190.68,8037.19,3517.17,4489.82,0,0,1292.86,9074.02,140.66,0,10466.25,962.73,2979.98,56241.34,0,13102.29,0,0,64131.28,0,0,0,1956.26,1955.01,0,17232.01,21864.2,58.47,1604.58,12758.02,0,0,0,0
2006-04-28 04:00:00,0,1519.01,0,197.17,8456.84,3685.28,4830.71,0,0,1338.89,9175.68,145.43,0,10727.51,1007.09,3096.49,57179.75,0,13341.41,0,0,65712.5,0,0,0,2050.19,2026.63,0,17862.26,21855.6,59.17,1636.56,13066.5,0,0,0,0
2006-04-28 05:00:00,0,1593.38,0,206.82,9044.32,3883.33,5176.32,0,0,1392.51,9419.96,151.0,0,11175.38,1052.92,3255.42,59214.88,0,13915.67,0,0,68128.01,0,0,0,2150.49,2100.6,0,18595.16,22453.2,60.75,1675.14,13605.77,0,0,0,0
2006-04-28 06:00:00,0,1665.77,0,217.67,10078.82,4127.79,5597.71,0,0,1459.68,9841.78,156.91,0,12814.77,1107.73,3429.13,61466.39,0,16344.92,0,0,75193.51,0,0,0,2308.37,2213.79,0,19406.22,23219.52,63.14,1734.58,14217.95,0,0,0,0
2006-04-28 07:00:00,0,1789.32,0,257.88,10407.69,4721.29,5739.81,0,0,1653.65,11181.64,175.16,0,13098.89,1207.32,3686.1,66105.39,0,16874.97,0,0,78264.47,0,0,0,2462.95,2327.13,0,21503.02,24389.68,64.6,1926.84,15378.96,0,0,0,0
2006-04-28 08:00:00,0,1835.38,0,273.73,10297.43,5094.24,5681.25,0,0,1774.18,12195.15,186.68,0,13128.75,1242.13,3713.15,67743.79,0,17021.89,0,0,79453.79,0,0,0,2435.96,2299.88,0,21352.2,25894.05,64.87,2096.56,15509.47,0,0,0,0
2006-04-28 09:00:00,0,1832.97,0,288.08,10493.41,5302.05,5692.85,0,0,1838.69,13007.45,192.75,0,12861.42,1279.54,3785.65,68851.52,0,17132.55,0,0,79432.76,0,0,0,2442.6,2317.96,0,21913.48,26657.99,66.48,2191.96,15774.27,0,0,0,0
2006-04-28 10:00:00,0,1837.31,0,303.89,10624.89,5445.82,5556.72,0,0,1906.45,13812.27,192.04,0,12679.51,1299.74,3879.46,69578.63,0,17201.37,0,0,78040.59,0,0,0,2421.66,2286.46,0,22225.37,27321.63,67.75,2313.5,15952.55,0,0,0,0
2006-04-28 11:00:00,0,1885.36,0,312.61,10500.89,5583.98,5614.97,0,0,1943.96,14445.39,194.23,0,12560.15,1314.15,3870.84,70245.92,0,17153.62,0,0,77736.65,0,0,0,2447.43,2285.49,0,22237.35,27915.5,69.2,2423.76,15895.54,0,0,0,0
2006-04-28 12:00:00,0,1915.03,0,321.26,10518.8,5817.03,5549.65,0,0,2003.47,15025.5,199.84,0,12479.01,1353.73,3854.27,70842.73,0,17040.94,0,0,77578.75,0,0,0,2478.39,2268.4,0,22337.29,28431.56,71.13,2554.8,15889.5,0,0,0,0
2006-04-28 13:00:00,0,1931.78,0,330.94,10521.08,6046.06,5540.52,0,0,2053.59,15423.33,206.03,0,12388.58,1368.49,3854.71,70940.28,0,16865.47,0,0,77287.43,0,0,0,2504.46,2291.11,0,22552.46,28776.54,72.73,2674.22,15921.06,0,0,0,0
2006-04-28 14:00:00,0,1947.25,0,341.94,10501.61,6361.11,5589.61,0,0,2106.56,15744.05,214.47,0,12333.54,1383.33,3860.25,70920.94,0,16631.66,0,0,76756.01,0,0,0,2542.39,2304.64,0,23024.82,28768.08,73.61,2829.35,16064.18,0,0,0,0
2006-04-28 15:00:00,0,1944.47,0,356.42,10504.62,6700.68,5685.28,0,0,2171.23,16064.58,224.14,0,12324.18,1406.83,3843.56,70355.98,0,16576.21,0,0,75668.47,0,0,0,2594.2,2341.38,0,23174.91,28559.28,73.62,2965.18,16081.55,0,0,0,0
2006-04-28 16:00:00,0,1960.21,0,367.72,10861.94,6933.03,5879.87,0,0,2225.64,16275.35,229.54,0,12376.2,1448.76,3798.07,70901.7,0,16565.93,0,0,75574.13,0,0,0,2625.18,2426.9,0,23643.06,28385.92,73.68,3046.17,16145.97,0,0,0,0
2006-04-28 17:00:00,0,1966.66,0,375.4,11064.7,7091.49,5968.11,0,0,2267.44,16198.72,231.7,0,12468.36,1475.06,3795.14,71117.82,0,16768.81,0,0,76289.11,0,0,0,2637.03,2455.3,0,24012.61,28254.91,73.11,3051.93,16386.93,0,0,0,0
2006-04-28 18:00:00,0,1993.5,0,370.73,11098.37,7016.83,6011.58,0,0,2267.85,16011.17,229.72,0,12793.27,1480.59,3794.86,70886.28,0,17103.82,0,0,78032.36,0,0,0,2650.06,2455.87,0,24147.82,28242.94,72.52,2994.27,16655.8,0,0,0,0
2006-04-28 19:00:00,0,1870.32,0,371.38,11173.47,6888.53,6260.62,0,0,2275.52,16331.98,235.4,0,13700.13,1549.56,3889.74,68263.06,0,17014.02,0,0,83073.92,0,0,0,2693.98,2633.49,0,23687.07,27296.46,65.65,2879.12,16713.08,0,0,0,0
2006-04-28 20:00:00,0,1904.33,0,353.66,10881.57,6342.12,5864.35,0,0,2088.88,14934.38,218.55,0,13112.61,1435.76,3662.74,67814.34,0,16306.04,0,0,80113.62,0,0,0,2573.15,2516.05,0,23027.0,27707.06,64.67,2573.72,16144.68,0,0,0,0
2006-04-28 21:00:00,0,1943.95,0,334.03,10702.94,5772.38,5492.59,0,0,1907.71,13699.45,209.46,0,12514.52,1326.23,3470.55,67334.47,0,15740.24,0,0,76591.45,0,0,0,2493.77,2391.17,0,22778.09,27364.85,62.73,2324.88,16011.54,0,0,0,0
2006-04-28 22:00:00,0,1975.52,0,298.51,9829.33,5202.8,5135.5,0,0,1754.76,12701.3,198.9,0,11830.25,1237.22,3333.86,65936.01,0,15084.06,0,0,73547.94,0,0,0,2305.34,2266.16,0,21446.95,27035.75,60.9,2118.75,15030.86,0,0,0,0
2006-04-28 23:00:00,0,1859.21,0,266.21,9064.65,4705.77,4853.1,0,0,1606.0,11696.96,179.55,0,11155.16,1143.94,3230.57,63454.1,0,14419.93,0,0,70769.44,0,0,0,2164.04,2140.55,0,20315.34,25995.75,59.17,1944.15,14204.85,0,0,0,0
2006-04-29 00:00:00,0,1734.57,0,240.93,8461.15,4255.84,4704.29,0,0,1481.69,10779.61,162.92,0,10500.05,1060.0,3116.08,61024.08,0,13739.68,0,0,68090.62,0,0,0,2062.17,2022.77,0,19313.03,24916.96,57.91,1792.36,13463.12,0,0,0,0
2006-04-29 01:00:00,0,1621.51,0,220.19,7910.33,3854.78,4554.99,0,0,1380.17,9957.72,149.4,0,10055.87,1001.78,2985.51,58505.24,0,13099.32,0,0,65496.54,0,0,0,1971.45,1906.7,0,18558.06,23958.02,56.24,1666.82,12776.22,0,0,0,0
2006-04-29 02:00:00,0,1521.28,0,206.99,7617.09,3589.05,4441.06,0,0,1302.01,9211.13,140.08,0,9961.95,952.32,2882.7,56407.69,0,12623.59,0,0,63653.98,0,0,0,1904.98,1803.84,0,17994.2,22958.2,54.5,1558.95,12161.83,0,0,0,0
2006-04-29 03:00:00,0,1451.76,0,197.81,7495.16,3407.98,4428.95,0,0,1246.47,8753.82,135.25,0,9918.43,912.14,2811.89,54793.57,0,12401.98,0,0,62493.79,0,0,0,1863.27,1741.08,0,17443.41,21976.53,52.96,1495.25,11921.91,0,0,0,0
2006-04-29 04:00:00,0,1440.75,0,190.71,7600.87,3382.56,4600.04,0,0,1219.31,8528.74,131.98,0,9903.86,910.89,2799.87,54401.11,0,12431.79,0,0,62288.37,0,0,0,1851.19,1765.5,0,17139.73,21504.11,52.53,1471.24,11793.54,0,0,0,0
2006-04-29 05:00:00,0,1455.95,0,189.57,7893.19,3460.88,4915.52,0,0,1231.33,8486.4,134.06,0,9953.1,934.68,2837.9,54453.34,0,12596.64,0,0,63093.69,0,0,0,1854.44,1836.36,0,17021.76,21390.8,52.68,1491.24,11757.78,0,0,0,0
2006-04-29 06:00:00,0,1483.12,0,194.96,8429.42,3622.36,5213.5,0,0,1273.41,8621.82,138.45,0,10392.9,974.84,2922.88,55360.91,0,13430.82,0,0,65050.78,0,0,0,1908.01,1967.77,0,17143.81,21570.68,53.29,1531.49,12084.48,0,0,0,0
2006-04-29 07:00:00,0,1549.68,0,212.55,8838.91,4079.43,5403.49,0,0,1441.27,9786.55,149.44,0,10729.56,1052.19,3021.71,57605.27,0,13820.75,0,0,66287.94,0,0,0,2029.78,2120.75,0,18451.34,21762.48,53.89,1670.79,12909.3,0,0,0,0
2006-04-29 08:00:00,0,1662.54,0,230.43,8970.8,4667.52,5276.91,0,0,1641.62,11549.74,162.39,0,10799.18,1156.82,3145.93,60242.71,0,14017.95,0,0,67542.99,0,0,0,2127.74,2227.04,0,19147.47,22258.18,55.24,1869.87,13390.74,0,0,0,0
2006-04-29 09:00:00,0,1773.31,0,250.86,9198.73,5062.22,5115.43,0,0,1734.3,12697.13,167.63,0,10737.31,1208.7,3255.42,62329.56,0,14055.95,0,0,68955.08,0,0,0,2195.35,2278.12,0,19849.75,22961.88,56.52,2022.65,14127.28,0,0,0,0
2006-04-29 10:00:00,0,1801.85,0,271.58,9213.54,5288.82,5062.72,0,0,1774.39,13066.22,168.54,0,10666.41,1218.33,3319.24,63927.03,0,14181.04,0,0,69366.26,0,0,0,2197.04,2240.68,0,20396.53,23553.71,58.42,2161.51,14614.6,0,0,0,0
2006-04-29 11:00:00,0,1837.4,0,285.33,9096.02,5550.49,4998.78,0,0,1807.89,13625.75,176.12,0,10635.14,1264.08,3444.44,65045.28,0,14348.57,0,0,68969.07,0,0,0,2174.02,2167.54,0,20914.44,24252.84,59.6,2308.21,14970.69,0,0,0,0
2006-04-29 12:00:00,0,1831.22,0,297.11,9050.49,5789.53,5011.32,0,0,1868.51,14170.8,181.62,0,10606.9,1314.03,3516.39,66001.94,0,14340.51,0,0,68687.31,0,0,0,2167.46,2132.84,0,21291.1,24791.62,60.54,2425.77,15090.49,0,0,0,0
2006-04-29 13:00:00,0,1870.14,0,310.73,9193.11,5942.95,5021.39,0,0,1914.06,14436.13,189.47,0,10582.74,1339.06,3512.58,66958.96,0,14224.45,0,0,69099.91,0,0,0,2180.43,2175.65,0,21738.72,25296.88,61.96,2540.53,15304.2,0,0,0,0
2006-04-29 14:00:00,0,1886.2,0,322.75,9184.35,6054.21,5084.03,0,0,1936.23,14635.25,195.97,0,10608.11,1344.68,3489.91,67445.68,0,14030.45,0,0,70085.87,0,0,0,2212.74,2219.49,0,21678.2,25438.22,64.0,2642.44,15316.3,0,0,0,0
2006-04-29 15:00:00,0,1885.93,0,329.44,9167.35,6148.44,5146.68,0,0,1972.85,14805.84,197.62,0,10717.19,1319.45,3447.48,67346.56,0,13927.47,0,0,70841.36,0,0,0,2247.74,2275.3,0,21492.74,25517.8,64.72,2718.02,15162.45,0,0,0,0
2006-04-29 16:00:00,0,1888.08,0,336.02,9226.1,6232.71,5229.39,0,0,1989.78,14650.75,200.48,0,10939.41,1299.57,3422.65,67257.62,0,14319.74,0,0,72055.9,0,0,0,2281.31,2257.65,0,21515.08,25436.83,64.8,2753.96,15072.48,0,0,0,0
2006-04-29 17:00:00,0,1911.37,0,338.8,9357.79,6120.91,5366.9,0,0,1991.85,14491.68,205.11,0,11002.12,1319.56,3404.14,66537.67,0,14568.3,0,0,73387.18,0,0,0,2309.85,2267.14,0,21786.29,25390.18,63.98,2714.79,15064.52,0,0,0,0
2006-04-29 18:00:00,0,1915.85,0,332.05,9304.78,5784.53,5457.93,0,0,1987.22,14429.08,209.28,0,11410.57,1337.84,3370.26,65958.97,0,14833.82,0,0,74251.15,0,0,0,2348.5,2329.77,0,21558.25,25344.68,63.2,2546.84,14960.13,0,0,0,0
2006-04-29 19:00:00,0,1856.34,0,334.52,10637.24,6117.07,5926.34,0,0,2098.2,15577.16,221.55,0,13679.75,1500.94,3774.39,71008.59,0,16885.78,0,0,84050.58,0,0,0,2441.68,2399.58,0,21924.26,25697.77,64.9,2623.21,16279.38,0,0,0,0
2006-04-29 20:00:00,0,1850.67,0,309.9,10526.49,5789.37,5594.93,0,0,1965.36,14473.28,214.73,0,13092.42,1403.6,3664.05,70748.02,0,16215.63,0,0,80737.25,0,0,0,2417.66,2354.49,0,21938.5,26565.87,64.06,2388.29,16366.64,0,0,0,0
2006-04-29 21:00:00,0,1860.4,0,295.8,10397.31,5485.3,5386.74,0,0,1835.33,13329.03,207.89,0,12513.28,1300.47,3532.93,70353.02,0,15689.86,0,0,77521.02,0,0,0,2397.38,2292.86,0,22257.26,26011.89,62.32,2210.42,16399.61,0,0,0,0
2006-04-29 22:00:00,0,1866.89,0,275.7,9651.58,5068.62,5171.21,0,0,1684.88,12306.03,194.12,0,11797.77,1212.88,3427.26,68545.07,0,15001.04,0,0,74638.51,0,0,0,2268.98,2192.32,0,21111.78,25643.71,60.37,2042.78,15975.9,0,0,0,0
2006-04-29 23:00:00,0,1766.7,0,252.32,9009.48,4612.89,5071.88,0,0,1556.0,11451.38,178.62,0,11141.78,1128.83,3346.79,66119.66,0,14274.06,0,0,71700.42,0,0,0,2152.46,2103.96,0,19977.21,24657.55,59.34,1889.4,15274.08,0,0,0,0
2006-04-30 00:00:00,0,1680.7,0,233.74,8540.14,4198.31,4951.52,0,0,1437.52,10628.69,163.84,0,10495.04,1049.42,3268.41,63572.54,0,13652.06,0,0,68611.43,0,0,0,2059.61,2020.32,0,18733.44,23639.12,58.41,1748.88,14607.19,0,0,0,0
2006-04-30 01:00:00,0,1574.2,0,217.05,8091.23,3808.96,4873.91,0,0,1343.47,9822.15,149.62,0,10133.46,973.25,3123.19,60966.16,0,13025.64,0,0,65760.61,0,0,0,1973.37,1952.66,0,17664.82,22642.69,56.88,1614.23,14050.62,0,0,0,0
2006-04-30 02:00:00,0,1491.47,0,201.63,7923.44,3540.96,4883.1,0,0,1264.97,9059.67,138.41,0,10043.43,894.52,3015.07,58434.56,0,12553.58,0,0,63571.3,0,0,0,1924.1,1906.21,0,17110.69,21743.16,54.26,1499.53,13533.5,0,0,0,0
2006-04-30 03:00:00,0,1437.7,0,188.3,7989.17,3348.44,4961.88,0,0,1217.55,8500.71,131.18,0,9978.92,865.62,2924.95,56309.46,0,12310.62,0,0,62183.57,0,0,0,1891.71,1958.8,0,16630.09,20995.95,52.19,1436.66,12867.9,0,0,0,0
2006-04-30 04:00:00,0,1414.52,0,184.42,8244.63,3378.9,5139.86,0,0,1201.74,8303.91,126.52,0,9931.11,865.98,2866.06,55333.09,0,12337.42,0,0,62047.58,0,0,0,1912.5,2083.95,0,16367.54,20624.07,51.34,1422.18,12576.78,0,0,0,0
2006-04-30 05:00:00,0,1437.61,0,185.05,8630.15,3448.61,5465.48,0,0,1229.15,8391.59,128.47,0,9903.41,890.58,2866.74,55191.49,0,12490.69,0,0,62430.42,0,0,0,1960.62,2184.38,0,16329.41,20710.36,51.92,1459.5,12378.89,0,0,0,0
2006-04-30 06:00:00,0,1479.67,0,187.96,9154.58,3597.42,5768.74,0,0,1269.7,8609.5,133.93,0,10108.6,934.29,2926.83,55938.62,0,13089.18,0,0,64145.34,0,0,0,2039.0,2257.06,0,16610.76,20971.9,52.89,1512.59,12545.94,0,0,0,0
2006-04-30 07:00:00,0,1553.58,0,211.16,9554.46,4091.62,5703.47,0,0,1423.14,9661.68,146.9,0,10441.3,1014.85,3041.5,57736.95,0,13313.92,0,0,65959.38,0,0,0,2122.93,2362.94,0,18085.29,21218.84,53.83,1641.28,13085.38,0,0,0,0
2006-04-30 08:00:00,0,1643.69,0,229.28,9833.42,4632.43,5526.32,0,0,1605.26,11154.36,159.52,0,10604.38,1080.93,3143.11,59996.01,0,13370.66,0,0,67761.95,0,0,0,2178.52,2426.82,0,19423.69,21556.58,54.72,1862.95,13704.76,0,0,0,0
2006-04-30 09:00:00,0,1699.18,0,242.47,10008.46,4935.69,5457.33,0,0,1708.09,12333.06,163.23,0,10466.68,1139.11,3235.39,62177.32,0,13755.56,0,0,69368.76,0,0,0,2203.95,2445.16,0,20346.65,22364.98,56.3,1988.02,14373.89,0,0,0,0
2006-04-30 10:00:00,0,1758.37,0,254.32,10058.97,5186.32,5401.07,0,0,1771.33,12998.73,167.19,0,10400.04,1162.2,3332.63,63897.44,0,14155.63,0,0,71025.45,0,0,0,2242.24,2434.28,0,20830.05,23557.22,56.67,2093.73,14883.3,0,0,0,0
2006-04-30 11:00:00,0,1821.08,0,266.51,10052.59,5431.99,5299.68,0,0,1846.57,13705.57,174.0,0,10418.27,1204.32,3378.01,65113.05,0,14388.29,0,0,71546.61,0,0,0,2230.93,2392.23,0,21066.77,24678.89,56.13,2234.77,15201.98,0,0,0,0
2006-04-30 12:00:00,0,1874.37,0,278.33,10025.27,5656.92,5141.47,0,0,1924.24,14269.68,179.81,0,10421.82,1271.47,3395.59,65712.23,0,14412.22,0,0,71521.63,0,0,0,2206.65,2349.82,0,21258.29,25544.98,57.45,2399.27,15329.69,0,0,0,0
2006-04-30 13:00:00,0,1872.83,0,289.79,9834.14,5809.87,5083.47,0,0,1969.98,14605.53,184.22,0,10440.77,1314.43,3390.35,66068.63,0,14360.78,0,0,71242.34,0,0,0,2189.73,2321.78,0,21325.88,26018.61,58.77,2530.38,15238.51,0,0,0,0
2006-04-30 14:00:00,0,1868.06,0,297.86,9712.02,6002.78,5133.2,0,0,1993.26,14900.21,190.77,0,10515.08,1330.08,3361.47,66397.89,0,14190.54,0,0,71197.53,0,0,0,2195.36,2304.78,0,21456.12,26195.49,60.15,2690.79,15032.02,0,0,0,0
2006-04-30 15:00:00,0,1840.54,0,303.2,9569.82,6280.04,5267.37,0,0,2023.27,15101.23,197.75,0,10642.9,1322.84,3324.2,66633.16,0,14114.46,0,0,71751.94,0,0,0,2225.1,2314.8,0,21542.45,25929.33,60.18,2806.97,14952.45,0,0,0,0
2006-04-30 16:00:00,0,1816.33,0,317.98,9399.09,6463.12,5309.18,0,0,2047.76,15142.81,205.52,0,10837.7,1311.34,3319.5,66554.03,0,14446.37,0,0,72107.47,0,0,0,2251.01,2305.81,0,21548.98,25838.32,61.12,2851.74,14919.64,0,0,0,0
2006-04-30 17:00:00,0,1814.54,0,326.27,9233.85,6527.9,5302.05,0,0,2090.92,15038.5,209.86,0,10990.58,1320.11,3296.56,65979.85,0,14754.49,0,0,72445.34,0,0,0,2287.62,2316.65,0,21315.32,25928.95,61.17,2816.1,14849.74,0,0,0,0
2006-04-30 18:00:00,0,1812.06,0,316.0,9236.16,6474.7,5362.76,0,0,2086.07,14965.72,213.42,0,11322.25,1322.74,3272.56,65619.87,0,14867.4,0,0,73139.72,0,0,0,2321.42,2321.96,0,21262.14,26090.13,60.78,2734.71,14726.39,0,0,0,0
2006-04-30 19:00:00,0,2009.88,0,364.04,11068.86,7082.05,6269.64,0,0,2314.91,15527.18,249.57,0,14016.43,1591.75,3891.65,73211.1,0,17724.4,0,0,87154.84,0,0,0,2560.84,2434.24,0,23021.79,28510.49,73.4,2990.08,17010.3,0,0,0,0
2006-04-30 20:00:00,0,1965.04,0,343.64,10964.18,6526.45,5884.34,0,0,2115.28,14210.9,233.98,0,13176.18,1465.52,3752.16,72168.82,0,16965.48,0,0,82860.37,0,0,0,2536.4,2374.09,0,23299.71,28235.97,72.4,2717.01,17015.44,0,0,0,0
2006-04-30 21:00:00,0,1939.95,0,323.47,10767.47,5929.98,5553.83,0,0,1925.63,13107.05,224.97,0,12378.1,1363.33,3598.79,71278.73,0,16346.41,0,0,79019.73,0,0,0,2474.72,2315.31,0,23317.94,27912.62,68.21,2429.16,16928.12,0,0,0,0
2006-04-30 22:00:00,0,1851.23,0,295.39,10062.84,5289.3,5301.25,0,0,1763.52,12056.81,209.47,0,11583.28,1264.88,3449.74,68766.2,0,15462.94,0,0,75593.22,0,0,0,2328.67,2193.7,0,22015.97,27035.67,65.0,2186.59,16041.97,0,0,0,0
2006-04-30 23:00:00,0,1702.25,0,271.1,9443.16,4731.12,5085.65,0,0,1618.12,11045.72,190.07,0,10817.7,1176.13,3310.72,66074.86,0,14525.88,0,0,72381.62,0,0,0,2200.45,2075.35,0,20774.58,25604.59,63.82,1994.48,15108.24,0,0,0,0
2006-05-01 00:00:00,0,1569.05,0,245.85,8836.17,4239.49,4922.64,0,0,1483.51,10090.26,171.85,0,10129.53,1080.98,3176.53,63469.58,0,13750.36,0,0,69301.64,0,0,0,2077.94,1994.8,0,19576.68,24348.74,61.47,1814.62,14268.08,0,0,0,0
2006-05-01 01:00:00,0,1443.94,0,229.17,8298.0,3783.7,4762.18,0,0,1365.76,9211.06,154.73,0,9738.91,999.51,3060.21,60781.89,0,13128.06,0,0,66442.55,0,0,0,1957.53,1911.78,0,18653.53,23120.07,59.76,1642.17,13559.06,0,0,0,0
2006-05-01 02:00:00,0,1344.17,0,207.77,8068.23,3420.55,4673.79,0,0,1266.77,8459.29,142.64,0,9685.36,943.66,2956.77,58267.14,0,12771.97,0,0,64213.7,0,0,0,1914.31,1905.5,0,18023.07,21931.02,59.07,1504.75,12982.01,0,0,0,0
2006-05-01 03:00:00,0,1338.3,0,199.53,8196.25,3401.35,4885.73,0,0,1256.1,8412.34,140.02,0,9709.82,955.33,2901.3,56722.59,0,12589.29,0,0,63644.71,0,0,0,1915.85,2013.07,0,17544.79,21455.87,57.85,1484.81,12802.85,0,0,0,0
2006-05-01 04:00:00,0,1383.23,0,203.9,8531.96,3611.98,5220.45,0,0,1311.54,8811.51,146.99,0,9906.05,993.46,2994.51,57356.01,0,12688.26,0,0,64990.67,0,0,0,2005.6,2125.95,0,17745.31,21485.62,57.83,1546.06,12956.14,0,0,0,0
2006-05-01 05:00:00,0,1453.89,0,211.04,9119.96,3818.16,5566.46,0,0,1369.62,9189.72,153.78,0,10473.19,1036.77,3126.09,59175.47,0,13124.56,0,0,67309.54,0,0,0,2105.5,2231.66,0,18190.34,22103.27,59.0,1612.18,13341.79,0,0,0,0
2006-05-01 06:00:00,0,1529.83,0,221.0,10107.79,4059.84,5964.51,0,0,1449.19,9766.98,160.83,0,11941.14,1101.85,3261.74,61090.98,0,15357.81,0,0,74981.48,0,0,0,2257.82,2324.3,0,18772.44,22834.16,60.65,1691.87,13762.94,0,0,0,0
2006-05-01 07:00:00,0,1645.21,0,261.79,10756.05,4646.49,5948.74,0,0,1644.83,11013.45,175.4,0,12428.38,1217.53,3568.15,64443.19,0,16138.47,0,0,77811.41,0,0,0,2400.48,2374.74,0,20525.39,24249.31,62.61,1872.12,15114.64,0,0,0,0
2006-05-01 08:00:00,0,1686.49,0,279.21,10993.88,5004.44,5874.68,0,0,1762.58,12033.99,185.77,0,12703.67,1264.96,3730.52,67632.78,0,16665.47,0,0,79936.79,0,0,0,2401.7,2405.87,0,21671.24,25328.66,64.63,2031.85,15563.35,0,0,0,0
2006-05-01 09:00:00,0,1741.82,0,290.78,10983.58,5296.51,5815.65,0,0,1855.31,12907.73,191.35,0,12714.36,1293.41,3874.76,70012.77,0,16844.24,0,0,81021.4,0,0,0,2382.07,2355.33,0,22351.82,26098.74,66.35,2114.82,15964.08,0,0,0,0
2006-05-01 10:00:00,0,1806.23,0,301.46,10914.21,5606.71,5672.19,0,0,1964.13,13592.14,199.07,0,12671.17,1318.2,4001.9,72193.89,0,16995.26,0,0,82006.73,0,0,0,2365.98,2260.98,0,23099.37,27154.78,68.13,2212.37,16342.79,0,0,0,0
2006-05-01 11:00:00,0,1858.12,0,306.77,10560.31,5733.08,5318.14,0,0,2068.58,14336.09,198.68,0,12632.53,1353.18,4059.41,73909.92,0,17013.81,0,0,82237.97,0,0,0,2358.67,2181.85,0,23452.15,28225.07,70.65,2370.1,16784.2,0,0,0,0
2006-05-01 12:00:00,0,1914.36,0,318.19,10474.23,6042.98,5199.07,0,0,2177.37,14997.53,200.39,0,12652.73,1376.23,4061.34,75045.77,0,16962.37,0,0,82145.6,0,0,0,2346.48,2139.8,0,23533.27,29249.48,72.77,2500.03,16867.09,0,0,0,0
2006-05-01 13:00:00,0,2032.07,0,331.31,10412.52,6382.69,5223.46,0,0,2267.58,15443.22,214.82,0,12588.95,1409.97,4111.5,75830.83,0,16817.06,0,0,81722.39,0,0,0,2368.8,2146.1,0,23505.75,30123.61,75.02,2639.69,17061.01,0,0,0,0
2006-05-01 14:00:00,0,2105.01,0,342.93,10387.27,6665.4,5349.87,0,0,2341.92,15884.89,234.9,0,12581.99,1463.54,4210.46,76416.96,0,16692.83,0,0,81811.72,0,0,0,2424.28,2184.65,0,23537.48,30480.28,77.02,2795.69,17281.55,0,0,0,0
2006-05-01 15:00:00,0,2200.25,0,353.57,10344.05,6926.87,5617.03,0,0,2423.99,16242.07,232.57,0,12808.03,1484.58,4287.51,76534.7,0,16712.57,0,0,82458.45,0,0,0,2497.46,2215.72,0,23830.21,31032.42,79.04,2939.12,17512.82,0,0,0,0
2006-05-01 16:00:00,0,2283.72,0,361.34,10380.68,7141.02,5884.3,0,0,2460.34,16298.02,245.43,0,13072.74,1466.05,4316.42,76189.54,0,16882.58,0,0,83393.73,0,0,0,2552.77,2309.85,0,24394.16,31568.65,81.41,3044.27,17645.65,0,0,0,0
2006-05-01 17:00:00,0,2347.56,0,363.56,10762.09,7112.4,6170.11,0,0,2417.93,16176.06,243.39,0,13325.74,1478.68,4331.4,76381.99,0,16978.59,0,0,84761.95,0,0,0,2603.72,2400.87,0,24733.93,32021.72,82.0,3035.36,17765.63,0,0,0,0
2006-05-01 18:00:00,0,2350.43,0,355.42,11252.34,6958.15,6222.18,0,0,2345.52,15929.12,243.13,0,13604.9,1458.84,4247.32,76877.29,0,17152.37,0,0,85633.26,0,0,0,2629.89,2483.06,0,24811.31,31798.58,81.17,2961.16,17618.03,0,0,0,0
2006-05-01 19:00:00,0,2327.65,0,366.79,11348.39,6891.3,6555.99,0,0,2338.27,15770.45,250.96,0,14505.57,1554.1,4328.39,76316.52,0,18323.6,0,0,91578.51,0,0,0,2659.48,2545.67,0,25180.11,30964.3,82.48,2944.74,18534.08,0,0,0,0
2006-05-01 20:00:00,0,2179.76,0,342.27,11046.28,6299.99,6120.5,0,0,2093.76,14232.29,229.0,0,13723.86,1415.76,4077.6,75006.91,0,17418.42,0,0,86410.93,0,0,0,2593.12,2424.86,0,24323.8,30299.31,77.59,2700.39,17784.81,0,0,0,0
2006-05-01 21:00:00,0,2070.42,0,322.27,10795.79,5736.96,5728.09,0,0,1882.13,13086.43,211.74,0,12953.59,1308.89,3802.49,73381.43,0,16594.04,0,0,81446.24,0,0,0,2493.15,2330.24,0,23826.62,29120.65,72.62,2459.87,17501.94,0,0,0,0
2006-05-01 22:00:00,0,1947.19,0,291.75,10018.19,5136.83,5349.41,0,0,1707.9,11940.23,195.54,0,12181.34,1208.04,3606.35,70907.68,0,15603.05,0,0,77335.0,0,0,0,2330.64,2192.79,0,22234.77,27794.8,69.24,2203.57,16427.26,0,0,0,0
2006-05-01 23:00:00,0,1759.41,0,264.42,9374.05,4589.1,5002.62,0,0,1547.89,10886.21,178.29,0,11433.5,1115.53,3438.65,67826.26,0,14575.04,0,0,73858.24,0,0,0,2188.4,2065.47,0,20789.0,25990.13,66.74,1978.94,15329.15,0,0,0,0
2006-05-02 00:00:00,0,1606.34,0,240.33,8745.32,4118.37,4733.57,0,0,1405.7,9978.98,162.95,0,10746.64,1038.47,3288.99,64717.13,0,13715.61,0,0,70381.69,0,0,0,2068.67,1944.92,0,19484.7,24481.3,64.63,1752.28,14298.01,0,0,0,0
2006-05-02 01:00:00,0,1461.62,0,219.7,8253.04,3705.85,4502.6,0,0,1291.46,9088.31,148.65,0,10338.81,965.38,3154.01,61757.27,0,13037.88,0,0,67068.81,0,0,0,1972.94,1830.61,0,18409.14,23052.7,62.4,1563.04,13413.41,0,0,0,0
2006-05-02 02:00:00,0,1359.29,0,204.11,8005.9,3359.02,4513.54,0,0,1191.47,8349.4,136.34,0,10189.33,919.15,3029.93,59002.42,0,12646.39,0,0,64756.37,0,0,0,1919.79,1771.65,0,17796.64,21850.51,60.15,1421.6,12701.05,0,0,0,0
2006-05-02 03:00:00,0,1334.71,0,198.11,8091.7,3423.48,4765.14,0,0,1180.0,8223.08,130.28,0,10421.89,935.55,2962.72,57516.07,0,12442.52,0,0,64275.5,0,0,0,1916.01,1854.28,0,17647.45,21354.33,58.21,1371.7,12468.8,0,0,0,0
2006-05-02 04:00:00,0,1370.63,0,201.37,8545.47,3706.27,5113.73,0,0,1245.47,8568.64,135.99,0,10785.61,980.87,3063.13,57990.21,0,12656.66,0,0,65570.33,0,0,0,2018.99,1976.02,0,18146.99,21268.6,57.86,1459.49,12663.35,0,0,0,0
2006-05-02 05:00:00,0,1415.45,0,208.61,9124.85,3983.6,5411.49,0,0,1313.63,8945.28,142.91,0,11156.74,1030.12,3169.85,59408.42,0,13269.37,0,0,67558.47,0,0,0,2143.96,2097.25,0,18707.53,21767.77,58.6,1553.64,13079.78,0,0,0,0
2006-05-02 06:00:00,0,1466.28,0,218.35,10212.52,4251.07,5740.68,0,0,1402.45,9505.57,150.82,0,12077.62,1097.77,3280.16,61144.28,0,15450.54,0,0,74862.74,0,0,0,2338.26,2239.04,0,19394.67,22392.49,59.76,1645.56,13552.64,0,0,0,0
2006-05-02 07:00:00,0,1572.18,0,254.39,10366.27,4768.39,5971.09,0,0,1602.46,10869.42,166.57,0,13243.76,1239.58,3526.69,65105.96,0,16299.74,0,0,77635.79,0,0,0,2432.28,2268.33,0,21321.84,23761.26,61.01,1822.7,14862.49,0,0,0,0
2006-05-02 08:00:00,0,1638.05,0,271.53,10380.48,4985.75,5937.74,0,0,1739.57,11789.27,177.53,0,13744.17,1285.86,3687.93,68046.88,0,16937.13,0,0,80601.09,0,0,0,2467.24,2314.64,0,21745.09,24521.98,63.22,1975.73,15628.17,0,0,0,0
2006-05-02 09:00:00,0,1691.56,0,290.28,10618.39,5291.02,5934.48,0,0,1841.07,12715.66,179.34,0,13883.57,1333.79,3820.84,70851.82,0,17412.83,0,0,82254.75,0,0,0,2499.01,2353.85,0,22620.26,25469.38,66.73,2116.35,16265.27,0,0,0,0
2006-05-02 10:00:00,0,1763.33,0,304.46,10842.52,5499.94,5798.46,0,0,1942.79,13387.83,182.43,0,13934.99,1342.6,3969.3,72890.91,0,17694.95,0,0,83565.97,0,0,0,2518.68,2348.42,0,23493.02,26766.32,69.57,2200.07,16812.72,0,0,0,0
2006-05-02 11:00:00,0,1817.74,0,321.29,10813.38,5650.82,5640.58,0,0,2053.77,14017.32,184.01,0,13989.78,1379.34,4047.08,75066.97,0,17785.33,0,0,84026.33,0,0,0,2553.78,2368.86,0,24509.48,28006.18,73.15,2312.16,17294.48,0,0,0,0
2006-05-02 12:00:00,0,1841.12,0,339.06,10994.0,5987.29,5646.04,0,0,2171.27,14806.93,193.42,0,14037.51,1414.05,4099.93,76718.09,0,17795.24,0,0,84534.21,0,0,0,2606.89,2382.14,0,25492.91,29454.32,76.72,2474.7,17856.33,0,0,0,0
2006-05-02 13:00:00,0,1942.75,0,352.77,11196.49,6288.82,5792.32,0,0,2260.23,15325.32,206.9,0,14058.82,1445.83,4118.09,77900.14,0,17683.51,0,0,85916.7,0,0,0,2619.82,2378.52,0,26656.36,30809.55,80.03,2622.31,18296.46,0,0,0,0
2006-05-02 14:00:00,0,2042.01,0,367.91,11635.1,6614.65,6004.78,0,0,2326.48,15811.06,225.17,0,14103.73,1479.23,4157.57,78280.57,0,17408.69,0,0,87304.73,0,0,0,2658.97,2423.37,0,27592.99,31777.58,82.78,2787.07,18837.79,0,0,0,0
2006-05-02 15:00:00,0,2117.21,0,382.65,11861.14,6927.97,6397.33,0,0,2381.49,16358.43,241.6,0,14092.19,1522.67,4243.05,78598.1,0,17547.72,0,0,89012.91,0,0,0,2742.71,2538.08,0,28283.19,32359.08,85.0,2914.34,19420.21,0,0,0,0
2006-05-02 16:00:00,0,2204.21,0,392.66,12088.99,7181.13,6586.91,0,0,2420.24,16582.98,257.6,0,14110.83,1561.2,4348.57,78444.0,0,17475.47,0,0,90795.95,0,0,0,2815.44,2680.32,0,29054.13,32823.03,86.21,2999.93,19765.51,0,0,0,0
2006-05-02 17:00:00,0,2279.72,0,399.06,12102.26,7318.35,6690.43,0,0,2416.05,16481.21,262.99,0,14138.78,1578.87,4386.56,78848.99,0,17350.51,0,0,91554.25,0,0,0,2881.39,2728.46,0,29414.85,33134.97,85.92,3024.2,19809.26,0,0,0,0
2006-05-02 18:00:00,0,2312.37,0,396.09,12059.8,7207.27,6768.78,0,0,2382.56,16267.8,261.0,0,14213.65,1571.87,4318.15,79174.25,0,17178.07,0,0,91226.6,0,0,0,2847.06,2709.59,0,29013.44,32791.65,84.6,2982.8,19705.22,0,0,0,0
2006-05-02 19:00:00,0,2386.33,0,389.96,12752.14,7170.43,7306.52,0,0,2386.31,16096.75,270.56,0,14111.16,1636.65,4339.16,79812.6,0,17325.41,0,0,94499.48,0,0,0,2865.49,2740.98,0,29133.04,32256.21,85.16,2971.84,19788.08,0,0,0,0
2006-05-02 20:00:00,0,2264.5,0,351.72,12280.24,6531.58,6750.33,0,0,2124.97,14527.43,243.82,0,13254.35,1464.41,4139.4,77596.12,0,16655.39,0,0,89820.17,0,0,0,2758.41,2605.35,0,27827.97,31562.55,82.73,2710.2,19023.53,0,0,0,0
2006-05-02 21:00:00,0,2166.97,0,324.9,11817.43,5927.45,6235.81,0,0,1912.42,13259.5,226.95,0,12445.68,1352.3,3843.77,75499.09,0,15990.43,0,0,84763.13,0,0,0,2657.59,2482.98,0,26804.83,30644.76,77.41,2433.76,18726.55,0,0,0,0
2006-05-02 22:00:00,0,2046.88,0,295.65,10973.24,5291.01,5754.04,0,0,1748.64,12110.52,208.21,0,11661.74,1250.29,3609.18,72515.05,0,15053.38,0,0,79958.24,0,0,0,2492.22,2315.48,0,24792.33,29571.32,71.98,2196.59,17435.85,0,0,0,0
2006-05-02 23:00:00,0,1863.41,0,270.6,10139.71,4691.41,5333.88,0,0,1597.73,11062.99,188.61,0,10873.45,1150.56,3431.45,68682.67,0,14171.61,0,0,75554.87,0,0,0,2338.45,2167.2,0,23147.51,27699.88,68.18,1982.57,16129.86,0,0,0,0
2006-05-03 00:00:00,0,1701.89,0,246.76,9322.75,4199.08,4964.35,0,0,1462.31,10050.1,170.02,0,10108.47,1059.04,3260.48,65301.88,0,13421.21,0,0,71904.51,0,0,0,2193.95,2027.48,0,21589.15,25980.47,65.57,1805.96,14906.48,0,0,0,0
2006-05-03 01:00:00,0,1552.38,0,225.84,8690.09,3779.89,4648.78,0,0,1362.09,9127.16,154.55,0,9675.0,980.69,3111.36,62086.44,0,12678.08,0,0,68429.2,0,0,0,2077.31,1903.71,0,20321.92,24443.23,63.32,1652.59,13871.26,0,0,0,0
2006-05-03 02:00:00,0,1445.38,0,207.6,8340.46,3445.79,4388.77,0,0,1268.09,8346.44,141.27,0,9675.68,930.68,2991.06,59146.28,0,12165.03,0,0,66008.64,0,0,0,2029.33,1813.33,0,19672.39,23215.84,62.51,1518.99,13136.34,0,0,0,0
2006-05-03 03:00:00,0,1405.4,0,204.13,8216.91,3434.37,4415.14,0,0,1258.16,8217.68,134.25,0,9907.28,946.15,2924.72,57617.83,0,12051.87,0,0,65321.63,0,0,0,2021.04,1812.15,0,19369.21,22552.86,60.87,1506.83,12902.96,0,0,0,0
2006-05-03 04:00:00,0,1441.04,0,211.2,8434.61,3637.56,4673.96,0,0,1312.86,8560.93,140.2,0,10308.81,990.75,3008.2,58008.15,0,12504.11,0,0,66506.82,0,0,0,2058.49,1858.44,0,19644.45,22536.07,60.5,1575.17,13150.26,0,0,0,0
2006-05-03 05:00:00,0,1478.53,0,220.02,8872.98,3859.18,4940.96,0,0,1373.31,8937.92,146.43,0,10742.77,1033.45,3124.84,59408.73,0,13133.45,0,0,68214.37,0,0,0,2129.47,1902.36,0,19977.82,22909.99,61.36,1646.92,13592.74,0,0,0,0
2006-05-03 06:00:00,0,1502.53,0,229.91,9823.09,4123.84,5292.98,0,0,1464.5,9536.31,153.91,0,11483.66,1103.41,3276.77,61107.74,0,15070.36,0,0,75286.25,0,0,0,2261.44,1983.63,0,20432.29,23329.89,62.59,1729.87,14052.63,0,0,0,0
2006-05-03 07:00:00,0,1590.35,0,265.2,10419.38,4665.15,5557.65,0,0,1636.5,10782.68,170.2,0,12266.21,1231.29,3491.57,65375.24,0,15902.87,0,0,78102.93,0,0,0,2384.93,2113.94,0,21635.65,24454.24,63.89,1899.34,14626.94,0,0,0,0
2006-05-03 08:00:00,0,1696.93,0,293.36,10782.68,5131.04,5753.47,0,0,1801.29,11964.85,187.38,0,12936.85,1303.44,3641.34,68461.08,0,16547.97,0,0,81225.68,0,0,0,2475.33,2239.12,0,22726.85,25856.72,66.08,2120.41,15392.08,0,0,0,0
2006-05-03 09:00:00,0,1781.42,0,319.2,11050.32,5629.4,6052.91,0,0,1886.9,12764.06,204.18,0,13227.02,1386.79,3869.75,70957.82,0,17046.08,0,0,83597.52,0,0,0,2587.15,2359.22,0,23813.23,26711.86,69.1,2250.01,16245.96,0,0,0,0
2006-05-03 10:00:00,0,1869.71,0,339.16,11228.4,5971.4,6254.67,0,0,1981.63,13594.99,219.5,0,13447.83,1497.19,4083.39,73220.11,0,17369.17,0,0,85797.08,0,0,0,2756.91,2540.97,0,25105.69,27490.23,72.25,2407.75,17313.78,0,0,0,0
2006-05-03 11:00:00,0,1949.04,0,363.65,11478.04,6341.5,6319.05,0,0,2097.56,14656.04,230.29,0,13626.99,1653.5,4242.32,75709.61,0,17517.71,0,0,87277.08,0,0,0,2924.45,2685.41,0,26641.09,28301.06,75.9,2575.64,18401.45,0,0,0,0
2006-05-03 12:00:00,0,2056.1,0,385.08,11580.85,6697.26,6381.82,0,0,2190.46,15635.71,245.36,0,13735.5,1780.69,4399.69,77485.72,0,17641.2,0,0,88707.66,0,0,0,3049.44,2794.26,0,28193.62,29035.31,79.46,2712.72,19361.92,0,0,0,0
2006-05-03 13:00:00,0,2128.49,0,402.31,11731.1,7091.13,6475.56,0,0,2288.41,16454.26,265.52,0,13818.68,1889.45,4536.99,78564.75,0,17609.95,0,0,90528.82,0,0,0,3141.78,2862.68,0,29453.38,29910.0,82.45,2853.97,20291.56,0,0,0,0
2006-05-03 14:00:00,0,2183.63,0,418.14,11894.22,7516.58,6554.92,0,0,2413.29,17167.09,286.34,0,13868.89,1994.08,4653.55,79472.99,0,17565.28,0,0,92039.81,0,0,0,3219.76,2937.32,0,30493.67,30623.2,85.93,3002.67,20985.44,0,0,0,0
2006-05-03 15:00:00,0,2230.8,0,430.94,12114.21,7948.94,6669.6,0,0,2548.21,17879.92,306.55,0,13879.77,2083.48,4748.63,79823.66,0,17509.08,0,0,93270.66,0,0,0,3277.61,2994.61,0,31406.37,31113.59,88.5,3120.65,21433.93,0,0,0,0
2006-05-03 16:00:00,0,2224.2,0,430.95,12338.91,8315.96,6817.59,0,0,2637.65,18175.21,316.2,0,13906.84,2104.37,4826.26,79975.47,0,17481.14,0,0,93608.13,0,0,0,3337.13,3041.46,0,31873.45,30852.97,89.24,3182.5,21753.47,0,0,0,0
2006-05-03 17:00:00,0,2272.27,0,415.63,12540.27,8370.07,6981.19,0,0,2649.41,17960.28,304.37,0,13927.01,2076.62,4826.56,80078.83,0,17515.5,0,0,93208.14,0,0,0,3348.9,3078.68,0,31950.11,30894.47,88.27,3165.97,21801.78,0,0,0,0
2006-05-03 18:00:00,0,2276.21,0,396.26,12445.6,8035.12,7008.5,0,0,2590.08,17538.43,288.25,0,13969.04,2005.35,4689.09,80023.68,0,17410.02,0,0,93643.72,0,0,0,3285.81,3039.78,0,31373.33,30495.75,86.29,3078.33,21489.02,0,0,0,0
2006-05-03 19:00:00,0,2304.17,0,392.59,13196.06,7699.36,7516.69,0,0,2537.29,17097.96,300.55,0,13829.61,2012.35,4784.53,79640.98,0,17262.57,0,0,98815.71,0,0,0,3264.41,3057.97,0,31478.29,29409.67,87.42,3064.5,21260.96,0,0,0,0
2006-05-03 20:00:00,0,2295.82,0,363.41,12421.97,6982.49,6849.39,0,0,2239.64,15308.89,274.74,0,13015.73,1774.97,4487.36,77395.51,0,16626.64,0,0,93304.51,0,0,0,3066.46,2866.68,0,29683.57,29779.71,85.5,2782.31,20285.32,0,0,0,0
2006-05-03 21:00:00,0,2223.55,0,337.26,11853.77,6356.26,6290.09,0,0,2020.1,13903.39,253.42,0,12230.18,1616.6,4185.22,75266.28,0,16005.99,0,0,87513.02,0,0,0,2884.86,2701.3,0,28359.6,29351.75,81.85,2542.45,19854.99,0,0,0,0
2006-05-03 22:00:00,0,2119.51,0,305.89,10900.47,5645.74,5786.61,0,0,1819.27,12580.08,229.35,0,11470.67,1451.8,3925.43,72335.92,0,15094.15,0,0,82612.11,0,0,0,2660.73,2495.64,0,26212.47,28358.48,76.94,2337.96,18528.63,0,0,0,0
2006-05-03 23:00:00,0,1954.2,0,277.28,10047.98,5058.75,5349.26,0,0,1648.38,11407.48,205.3,0,10713.47,1307.95,3688.15,68889.64,0,14280.53,0,0,78193.4,0,0,0,2468.0,2300.03,0,24187.96,26704.07,74.1,2167.19,17171.26,0,0,0,0
2006-05-04 00:00:00,0,1779.95,0,252.62,9248.14,4478.13,4978.43,0,0,1500.06,10333.83,185.05,0,9992.96,1189.59,3482.11,65606.4,0,13571.73,0,0,74178.87,0,0,0,2287.85,2132.93,0,22381.27,25144.34,70.03,1982.27,15890.69,0,0,0,0
2006-05-04 01:00:00,0,1618.61,0,229.75,8639.24,4000.59,4643.56,0,0,1385.22,9363.37,164.97,0,9574.74,1081.14,3293.66,62479.56,0,12851.27,0,0,70641.76,0,0,0,2159.08,1980.76,0,20983.2,23708.03,66.63,1810.45,14693.31,0,0,0,0
2006-05-04 02:00:00,0,1481.41,0,211.3,8207.73,3638.65,4398.88,0,0,1287.04,8527.42,149.79,0,9566.82,1006.45,3102.78,59604.77,0,12299.44,0,0,67761.52,0,0,0,2083.81,1849.26,0,20212.18,22484.64,64.35,1669.31,13793.04,0,0,0,0
2006-05-04 03:00:00,0,1418.92,0,207.42,8082.37,3619.43,4414.42,0,0,1262.98,8290.85,143.41,0,9625.9,988.23,2981.03,57956.19,0,12302.34,0,0,66512.48,0,0,0,2037.25,1833.3,0,19876.07,22012.41,61.87,1659.2,13483.84,0,0,0,0
2006-05-04 04:00:00,0,1434.89,0,214.49,8308.55,3794.75,4641.76,0,0,1318.81,8646.33,149.16,0,9850.72,1035.03,3049.86,58308.7,0,12495.35,0,0,67356.16,0,0,0,2045.62,1868.43,0,20147.93,21908.51,60.74,1700.54,13597.03,0,0,0,0
2006-05-04 05:00:00,0,1464.2,0,222.57,8767.71,3989.07,4871.99,0,0,1377.26,9032.79,155.95,0,10520.19,1080.23,3149.1,59564.43,0,13150.02,0,0,68943.85,0,0,0,2110.47,1907.85,0,20394.52,22395.12,61.65,1747.55,13916.67,0,0,0,0
2006-05-04 06:00:00,0,1490.97,0,234.23,9803.19,4237.49,5284.22,0,0,1489.8,9730.08,163.76,0,11585.73,1152.37,3273.34,61357.45,0,15180.36,0,0,76151.49,0,0,0,2276.84,1987.86,0,20765.79,22965.18,62.7,1808.12,14271.54,0,0,0,0
2006-05-04 07:00:00,0,1560.28,0,268.11,10240.03,4705.77,5507.87,0,0,1673.48,10974.67,183.47,0,11982.59,1272.96,3517.02,65333.81,0,15883.94,0,0,79441.47,0,0,0,2366.25,2114.55,0,21664.48,24087.47,64.36,1972.06,15003.88,0,0,0,0
2006-05-04 08:00:00,0,1655.73,0,292.24,10580.61,5309.48,5797.34,0,0,1857.36,12464.98,198.92,0,12431.12,1357.62,3699.11,68085.95,0,16412.61,0,0,83105.19,0,0,0,2483.48,2277.51,0,23244.41,25325.39,66.27,2245.59,15848.18,0,0,0,0
2006-05-04 09:00:00,0,1732.6,0,314.12,10968.74,5818.6,6084.65,0,0,2007.94,13789.37,207.81,0,12636.29,1453.51,3861.86,70622.0,0,16893.79,0,0,86285.97,0,0,0,2632.12,2407.85,0,24455.28,26089.68,68.09,2398.17,16663.05,0,0,0,0
2006-05-04 10:00:00,0,1785.98,0,339.78,11420.6,6434.26,6359.34,0,0,2173.88,14931.53,221.6,0,13034.97,1625.1,3979.11,72382.23,0,17271.24,0,0,88995.49,0,0,0,2794.31,2573.75,0,26237.0,26685.66,70.28,2593.58,17446.06,0,0,0,0
2006-05-04 11:00:00,0,1836.86,0,367.37,12012.23,7058.59,6714.79,0,0,2332.5,16072.58,233.44,0,13275.52,1779.97,4098.92,74031.33,0,17705.65,0,0,91856.38,0,0,0,2922.97,2691.3,0,28220.91,27282.63,72.4,2775.23,18138.12,0,0,0,0
2006-05-04 12:00:00,0,1885.93,0,389.98,12565.3,7383.12,7077.22,0,0,2440.25,16950.08,247.23,0,13482.38,1848.35,4261.38,74848.62,0,18342.69,0,0,95121.95,0,0,0,3042.26,2796.02,0,29665.61,27903.76,74.66,2912.93,18958.29,0,0,0,0
2006-05-04 13:00:00,0,1919.95,0,405.92,13181.78,7690.96,7413.03,0,0,2542.84,17709.05,265.78,0,13622.01,1902.68,4343.54,75688.58,0,18832.51,0,0,97406.71,0,0,0,3140.57,2890.99,0,30771.21,28329.34,76.39,3030.85,19540.98,0,0,0,0
2006-05-04 14:00:00,0,1959.36,0,421.05,13711.57,8011.81,7695.7,0,0,2648.91,18386.16,286.86,0,13850.33,1958.62,4456.29,76331.22,0,19317.41,0,0,99794.55,0,0,0,3228.84,3010.15,0,31561.47,28485.39,77.87,3145.75,19828.9,0,0,0,0
2006-05-04 15:00:00,0,1978.88,0,435.32,14051.56,8312.35,7828.17,0,0,2746.87,18957.12,301.93,0,14157.52,2006.87,4530.48,76144.41,0,19810.92,0,0,101837.18,0,0,0,3321.01,3109.4,0,32056.5,28520.95,79.07,3254.95,20155.11,0,0,0,0
2006-05-04 16:00:00,0,1997.5,0,437.88,14092.47,8548.86,7918.39,0,0,2797.12,19162.76,305.85,0,14620.66,2024.97,4581.61,75384.88,0,20082.67,0,0,102639.43,0,0,0,3403.62,3209.64,0,32236.21,28469.36,79.5,3294.85,20174.9,0,0,0,0
2006-05-04 17:00:00,0,2024.72,0,414.72,13829.72,8522.39,7919.42,0,0,2772.69,18826.2,297.53,0,14818.89,2009.47,4554.72,74903.72,0,19934.75,0,0,102155.85,0,0,0,3428.49,3210.04,0,31967.25,28416.49,78.76,3231.77,20241.04,0,0,0,0
2006-05-04 18:00:00,0,2057.27,0,384.88,13556.84,8134.94,7852.32,0,0,2680.98,18217.53,284.62,0,14660.62,1931.13,4451.04,75062.7,0,19210.25,0,0,100831.69,0,0,0,3318.43,3135.67,0,31028.79,28279.25,77.28,3089.47,20092.68,0,0,0,0
2006-05-04 19:00:00,0,2005.63,0,382.38,14018.64,7840.91,8156.01,0,0,2683.95,17738.05,297.37,0,15289.11,1957.4,4484.24,74081.69,0,19775.14,0,0,103410.15,0,0,0,3299.74,3111.32,0,30717.29,26929.01,77.18,3096.89,19955.44,0,0,0,0
2006-05-04 20:00:00,0,2005.45,0,363.72,13408.68,7191.7,7443.28,0,0,2365.31,15884.02,264.44,0,14104.47,1758.88,4233.67,73699.81,0,18415.71,0,0,97665.89,0,0,0,3128.3,2931.11,0,29478.1,27610.05,74.21,2832.23,19351.74,0,0,0,0
2006-05-04 21:00:00,0,2001.42,0,341.25,12826.11,6517.07,6826.87,0,0,2139.18,14536.42,246.6,0,13086.84,1620.38,3959.43,72051.07,0,17420.0,0,0,91297.53,0,0,0,2952.94,2768.25,0,28181.81,27711.18,70.62,2583.53,19112.98,0,0,0,0
2006-05-04 22:00:00,0,1913.95,0,308.75,11755.37,5775.41,6270.31,0,0,1944.75,13216.26,222.4,0,12099.35,1489.39,3736.74,69432.9,0,16347.66,0,0,85632.58,0,0,0,2710.36,2548.19,0,26060.28,27088.33,67.66,2399.59,17805.27,0,0,0,0
2006-05-04 23:00:00,0,1755.15,0,281.95,10828.79,5168.34,5798.68,0,0,1766.19,11962.99,201.68,0,11164.08,1342.59,3520.04,66014.07,0,15290.75,0,0,80956.23,0,0,0,2513.5,2356.6,0,24118.43,25781.42,65.07,2220.23,16563.82,0,0,0,0
2006-05-05 00:00:00,0,1646.97,0,256.72,9978.47,4617.21,5367.38,0,0,1605.4,10871.75,183.49,0,10308.4,1192.94,3324.24,62796.52,0,14441.42,0,0,76901.13,0,0,0,2340.2,2197.13,0,22304.06,24699.36,63.21,2013.77,15403.9,0,0,0,0
2006-05-05 01:00:00,0,1527.77,0,234.18,9180.16,4153.77,4972.05,0,0,1456.16,9846.62,165.43,0,9857.59,1062.1,3144.57,59768.6,0,13618.33,0,0,73180.23,0,0,0,2207.55,2050.64,0,20825.55,23501.55,61.19,1853.9,14279.89,0,0,0,0
2006-05-05 02:00:00,0,1456.11,0,214.41,8830.51,3816.26,4666.59,0,0,1340.95,8942.78,150.53,0,9727.82,980.07,2981.97,57056.61,0,12908.78,0,0,69903.5,0,0,0,2143.02,1944.33,0,20057.74,22422.79,60.42,1705.27,13554.85,0,0,0,0
2006-05-05 03:00:00,0,1441.12,0,209.01,8663.13,3772.73,4594.1,0,0,1310.6,8709.81,145.3,0,9758.57,980.75,2920.13,55998.09,0,12544.78,0,0,68160.97,0,0,0,2105.01,1918.97,0,19797.48,21908.91,59.28,1684.09,13327.72,0,0,0,0
2006-05-05 04:00:00,0,1474.85,0,216.87,8793.35,3966.92,4782.87,0,0,1363.35,9049.84,150.83,0,9931.39,1022.14,3032.46,56945.83,0,12777.33,0,0,68753.47,0,0,0,2133.77,1956.54,0,20218.82,21896.06,59.28,1730.02,13513.27,0,0,0,0
2006-05-05 05:00:00,0,1536.24,0,226.13,9213.4,4164.73,4967.45,0,0,1418.06,9420.43,156.22,0,10608.53,1067.04,3147.1,58662.58,0,13341.39,0,0,70182.59,0,0,0,2199.21,1998.2,0,20514.84,22502.26,60.66,1773.78,13885.12,0,0,0,0
2006-05-05 06:00:00,0,1606.03,0,239.53,10084.4,4421.06,5300.91,0,0,1517.21,10109.45,163.72,0,11693.9,1140.85,3299.87,60836.78,0,15278.85,0,0,76932.99,0,0,0,2320.78,2080.52,0,20991.8,23310.32,62.34,1851.04,14264.93,0,0,0,0
2006-05-05 07:00:00,0,1714.74,0,275.58,10602.4,4869.15,5720.3,0,0,1674.81,11281.81,182.76,0,12337.47,1234.35,3499.31,65108.5,0,16103.77,0,0,80196.35,0,0,0,2411.61,2206.54,0,22071.46,24592.95,64.15,2065.52,14748.07,0,0,0,0
2006-05-05 08:00:00,0,1802.56,0,306.91,11217.73,5471.81,6077.09,0,0,1896.76,12886.77,201.15,0,12841.88,1297.9,3613.96,67710.58,0,16875.06,0,0,83478.61,0,0,0,2560.22,2371.26,0,23241.98,25619.31,66.04,2303.68,15224.99,0,0,0,0
2006-05-05 09:00:00,0,1848.9,0,332.05,11854.46,5998.9,6427.84,0,0,2070.84,14409.6,213.18,0,13003.05,1405.71,3739.22,69907.88,0,17310.12,0,0,85934.06,0,0,0,2755.91,2522.78,0,24151.01,26274.95,68.01,2462.01,15729.43,0,0,0,0
2006-05-05 10:00:00,0,1894.39,0,357.6,12175.24,6649.13,6796.11,0,0,2260.01,15611.97,230.87,0,13229.24,1611.03,3856.07,71654.32,0,17484.15,0,0,87952.63,0,0,0,2959.8,2765.26,0,24818.1,26916.68,69.72,2651.57,16202.41,0,0,0,0
2006-05-05 11:00:00,0,1925.26,0,382.28,12839.09,7237.07,7291.98,0,0,2422.53,16654.61,248.08,0,13277.8,1788.03,3960.53,72321.77,0,17540.7,0,0,90005.41,0,0,0,3100.06,2959.01,0,25635.55,27384.15,71.03,2823.09,16559.54,0,0,0,0
2006-05-05 12:00:00,0,1923.96,0,404.49,13300.73,7608.95,7613.46,0,0,2520.57,17361.99,263.43,0,13367.37,1882.64,4089.03,72692.19,0,17763.16,0,0,92161.46,0,0,0,3225.02,3088.53,0,26429.15,27800.19,71.98,2955.65,16931.23,0,0,0,0
2006-05-05 13:00:00,0,1928.28,0,400.63,13705.28,7959.3,7933.22,0,0,2628.91,18111.97,282.04,0,13487.71,1967.54,4157.44,73389.63,0,17995.44,0,0,93834.06,0,0,0,3314.72,3171.74,0,26750.2,28045.7,72.13,3058.24,17292.65,0,0,0,0
2006-05-05 14:00:00,0,1912.42,0,403.69,13881.4,8247.46,8124.77,0,0,2760.05,18806.86,297.51,0,13666.78,2036.38,4235.43,73754.43,0,18212.07,0,0,94847.91,0,0,0,3373.33,3222.3,0,27244.41,28070.04,72.43,3170.05,17585.71,0,0,0,0
2006-05-05 15:00:00,0,1902.6,0,408.46,13855.05,8505.02,8193.69,0,0,2868.41,19338.65,303.58,0,13869.56,2087.98,4274.92,73623.08,0,18409.04,0,0,95675.78,0,0,0,3413.2,3256.72,0,27797.41,28023.24,73.16,3258.34,17946.2,0,0,0,0
2006-05-05 16:00:00,0,1912.69,0,407.44,13433.41,8713.44,8162.8,0,0,2927.14,19600.14,302.68,0,14157.54,2131.51,4261.73,73397.02,0,18527.06,0,0,95402.54,0,0,0,3438.84,3285.01,0,27999.21,28107.22,74.39,3289.92,18221.15,0,0,0,0
2006-05-05 17:00:00,0,1941.61,0,383.65,13127.2,8640.91,8091.32,0,0,2880.68,19341.65,299.96,0,14534.09,2072.76,4220.84,73195.26,0,18404.49,0,0,94475.08,0,0,0,3391.53,3224.72,0,27795.19,28117.97,73.94,3237.76,18218.97,0,0,0,0
2006-05-05 18:00:00,0,2001.56,0,381.71,12757.11,8246.53,7877.44,0,0,2762.85,18702.52,291.98,0,14579.66,1990.11,4102.19,72812.31,0,18100.1,0,0,93560.9,0,0,0,3292.91,3142.01,0,27406.14,28248.26,73.84,3119.6,18057.88,0,0,0,0
2006-05-05 19:00:00,0,1901.36,0,369.78,12862.57,7683.85,7836.57,0,0,2614.23,17928.05,287.06,0,14714.99,1931.75,3941.09,68385.1,0,18379.07,0,0,93300.13,0,0,0,3217.21,3140.78,0,26983.32,26765.71,67.74,2923.86,17573.89,0,0,0,0
2006-05-05 20:00:00,0,1929.22,0,354.08,12430.14,7124.75,7300.09,0,0,2358.37,16095.91,272.1,0,13617.61,1751.68,3805.67,68676.18,0,17172.67,0,0,89916.31,0,0,0,3069.67,3010.66,0,26456.99,27421.99,64.92,2649.12,16905.73,0,0,0,0
2006-05-05 21:00:00,0,1963.11,0,337.66,11864.56,6507.04,6833.16,0,0,2143.46,14459.81,253.9,0,12667.1,1572.5,3587.08,67448.12,0,16285.72,0,0,85300.0,0,0,0,2955.97,2885.79,0,25608.88,26885.5,61.75,2417.29,16655.73,0,0,0,0
2006-05-05 22:00:00,0,1961.28,0,313.3,10881.49,5732.34,6382.76,0,0,1938.48,13074.52,230.37,0,11835.53,1407.1,3390.38,65424.2,0,15382.6,0,0,81223.41,0,0,0,2742.65,2704.85,0,24092.61,26308.48,59.25,2237.75,15547.8,0,0,0,0
2006-05-05 23:00:00,0,1802.62,0,283.45,9943.62,5017.84,5960.11,0,0,1738.34,11823.02,206.22,0,10986.36,1309.5,3226.9,62539.68,0,14523.53,0,0,76698.94,0,0,0,2542.28,2521.95,0,22661.74,25107.3,57.34,2084.18,14446.0,0,0,0,0
2006-05-06 00:00:00,0,1667.97,0,261.84,9246.33,4522.93,5512.37,0,0,1588.84,10789.53,186.72,0,10225.45,1210.76,3039.41,59771.61,0,13764.65,0,0,72542.61,0,0,0,2389.43,2350.62,0,21246.2,24049.11,55.43,1968.85,13575.32,0,0,0,0
2006-05-06 01:00:00,0,1541.49,0,245.45,8628.95,4132.08,5135.68,0,0,1462.37,9910.23,170.64,0,9806.61,1118.04,2868.61,57198.66,0,13118.85,0,0,69161.25,0,0,0,2257.75,2223.33,0,20344.67,22937.94,53.66,1841.59,12737.94,0,0,0,0
2006-05-06 02:00:00,0,1454.33,0,229.67,8207.77,3876.78,4774.05,0,0,1358.49,9144.6,159.67,0,9709.01,1056.59,2753.96,55153.23,0,12595.74,0,0,66117.09,0,0,0,2181.01,2111.5,0,19673.79,22037.33,52.09,1735.6,12204.41,0,0,0,0
2006-05-06 03:00:00,0,1426.0,0,219.28,7935.61,3715.61,4541.09,0,0,1295.95,8784.64,152.76,0,9639.37,997.95,2676.48,53948.95,0,12252.74,0,0,63944.21,0,0,0,2117.89,2027.4,0,19281.06,21400.29,51.08,1657.47,11882.37,0,0,0,0
2006-05-06 04:00:00,0,1426.1,0,216.95,7849.98,3655.08,4457.04,0,0,1283.93,8654.19,148.54,0,9662.71,999.26,2658.67,53398.75,0,12115.98,0,0,63444.66,0,0,0,2085.01,2011.17,0,19047.87,21102.62,50.58,1635.58,11604.13,0,0,0,0
2006-05-06 05:00:00,0,1466.66,0,219.86,7855.29,3714.9,4498.1,0,0,1301.33,8720.75,149.92,0,9684.03,997.71,2706.4,53589.75,0,12135.92,0,0,63463.22,0,0,0,2097.88,2009.53,0,18978.3,21212.57,50.91,1643.39,11585.81,0,0,0,0
2006-05-06 06:00:00,0,1529.61,0,225.43,8096.93,3867.57,4642.04,0,0,1340.46,8946.37,155.04,0,9841.13,1030.53,2781.56,54555.68,0,12778.34,0,0,64869.23,0,0,0,2118.05,2046.03,0,19130.47,21494.29,52.26,1681.67,11846.24,0,0,0,0
2006-05-06 07:00:00,0,1634.35,0,233.73,8624.57,4371.45,4893.67,0,0,1499.74,10066.88,163.72,0,10111.44,1119.01,2896.57,56601.96,0,13331.08,0,0,66548.17,0,0,0,2209.13,2209.82,0,19150.88,21832.79,53.74,1857.11,12672.37,0,0,0,0
2006-05-06 08:00:00,0,1687.98,0,247.59,8940.81,5079.72,5171.1,0,0,1754.16,12154.77,179.02,0,10486.54,1195.61,3093.91,58750.43,0,13645.6,0,0,68453.93,0,0,0,2329.27,2343.82,0,20100.25,22248.65,55.47,2133.97,13470.1,0,0,0,0
2006-05-06 09:00:00,0,1762.87,0,259.46,9270.49,5647.79,5542.0,0,0,1946.32,13687.33,194.77,0,10748.67,1311.97,3225.88,60548.24,0,13838.1,0,0,70050.81,0,0,0,2413.22,2439.8,0,21207.74,22809.69,57.04,2319.18,13969.76,0,0,0,0
2006-05-06 10:00:00,0,1827.31,0,283.91,9773.1,6363.06,5968.57,0,0,2139.14,15302.55,211.09,0,10891.63,1513.01,3257.1,61789.73,0,14122.84,0,0,71747.63,0,0,0,2581.91,2626.88,0,22394.51,23452.65,58.56,2546.97,14163.51,0,0,0,0
2006-05-06 11:00:00,0,1870.55,0,315.83,10405.9,7054.03,6352.12,0,0,2310.34,16648.41,226.34,0,11041.65,1658.16,3261.73,62496.41,0,14352.05,0,0,71901.3,0,0,0,2757.81,2836.05,0,23624.77,24084.45,59.7,2735.14,14294.69,0,0,0,0
2006-05-06 12:00:00,0,1893.69,0,341.3,10897.1,7528.78,6627.34,0,0,2433.73,17728.0,247.63,0,11389.12,1757.72,3229.47,63688.43,0,14418.86,0,0,73123.36,0,0,0,2900.88,2974.49,0,24906.83,24657.27,61.32,2865.4,14551.42,0,0,0,0
2006-05-06 13:00:00,0,1917.38,0,366.45,11285.22,7884.69,6868.14,0,0,2565.8,18492.38,262.57,0,11902.62,1882.17,3224.64,64870.66,0,14641.34,0,0,74324.06,0,0,0,3021.43,3078.36,0,26097.21,25275.72,62.48,2976.46,14970.13,0,0,0,0
2006-05-06 14:00:00,0,1918.65,0,385.38,11801.33,8218.9,7098.51,0,0,2662.54,19047.55,273.73,0,12097.0,1949.05,3229.92,65459.06,0,14901.26,0,0,75246.22,0,0,0,3128.81,3152.4,0,26989.32,25744.57,64.06,3091.71,15450.69,0,0,0,0
2006-05-06 15:00:00,0,1926.37,0,391.67,12269.68,8475.7,7322.88,0,0,2738.4,19471.03,282.02,0,12235.81,1999.99,3268.51,65620.4,0,15131.23,0,0,75868.79,0,0,0,3227.93,3237.88,0,27866.5,26053.46,64.3,3206.1,15976.08,0,0,0,0
2006-05-06 16:00:00,0,1953.85,0,382.98,12579.89,8531.03,7552.98,0,0,2781.5,19595.71,290.6,0,12382.47,2016.67,3371.72,65129.39,0,15511.12,0,0,76033.84,0,0,0,3308.09,3284.86,0,28572.9,26324.04,64.49,3243.77,16237.76,0,0,0,0
2006-05-06 17:00:00,0,2000.11,0,371.31,12552.44,8333.32,7609.41,0,0,2759.67,19425.02,294.32,0,12485.15,1986.35,3338.53,64849.36,0,15604.55,0,0,75760.52,0,0,0,3327.49,3290.62,0,28672.51,26641.16,64.5,3184.46,16134.51,0,0,0,0
2006-05-06 18:00:00,0,2050.99,0,359.17,12216.63,7973.85,7578.15,0,0,2645.13,18702.54,289.7,0,12371.92,1933.77,3345.34,64604.7,0,15620.12,0,0,75515.96,0,0,0,3295.3,3260.47,0,28153.67,26747.69,64.63,3055.81,15880.14,0,0,0,0
2006-05-06 19:00:00,0,1932.25,0,372.06,12926.22,7819.6,7824.85,0,0,2684.28,18197.08,290.1,0,13885.75,1940.56,3703.2,68469.16,0,17288.23,0,0,84160.12,0,0,0,3298.6,3152.9,0,28652.4,26814.46,67.0,3067.3,16613.04,0,0,0,0
2006-05-06 20:00:00,0,1949.19,0,356.49,12218.56,7231.46,7169.97,0,0,2428.08,16589.47,275.09,0,12999.74,1823.96,3594.26,68621.36,0,16469.57,0,0,82045.11,0,0,0,3146.71,3007.1,0,27523.96,27499.05,64.73,2770.13,16443.92,0,0,0,0
2006-05-06 21:00:00,0,1960.85,0,341.64,11785.54,6599.04,6610.27,0,0,2212.81,15116.9,260.07,0,12306.51,1712.61,3438.62,67329.18,0,15808.01,0,0,78091.92,0,0,0,3026.59,2873.59,0,26872.87,26923.78,61.82,2548.69,16344.81,0,0,0,0
2006-05-06 22:00:00,0,1940.25,0,318.55,10845.74,5884.6,6110.34,0,0,2030.42,13727.69,239.31,0,11683.53,1588.15,3309.92,65089.96,0,15185.66,0,0,74505.67,0,0,0,2787.66,2693.62,0,25176.39,26409.29,59.45,2375.13,15413.09,0,0,0,0
2006-05-06 23:00:00,0,1794.52,0,293.68,10068.08,5284.16,5656.02,0,0,1869.88,12586.85,212.48,0,10980.7,1447.64,3163.03,62247.94,0,14406.53,0,0,71078.44,0,0,0,2586.62,2510.72,0,23634.81,25239.67,57.78,2215.87,14388.68,0,0,0,0
2006-05-07 00:00:00,0,1661.52,0,273.38,9375.23,4699.49,5299.26,0,0,1721.14,11489.5,190.45,0,10238.18,1305.63,2974.85,59626.53,0,13624.93,0,0,67737.09,0,0,0,2409.13,2346.25,0,22212.51,24160.25,55.11,2028.52,13541.49,0,0,0,0
2006-05-07 01:00:00,0,1534.78,0,250.35,8798.38,4261.14,4941.01,0,0,1588.02,10478.94,175.86,0,9638.72,1187.0,2847.41,57159.83,0,12835.16,0,0,64591.59,0,0,0,2274.91,2208.61,0,21073.24,23110.43,52.88,1874.27,12762.96,0,0,0,0
2006-05-07 02:00:00,0,1432.62,0,232.34,8269.46,3976.06,4597.47,0,0,1469.9,9651.5,164.22,0,9532.42,1099.16,2770.85,55283.72,0,12285.16,0,0,62746.91,0,0,0,2188.38,2090.97,0,20422.19,21928.4,52.29,1734.94,12272.34,0,0,0,0
2006-05-07 03:00:00,0,1395.0,0,222.25,7914.65,3790.48,4319.94,0,0,1381.99,9228.05,156.55,0,9471.21,1039.58,2735.42,53990.93,0,12037.16,0,0,61601.72,0,0,0,2125.27,2003.96,0,19739.33,21268.69,51.76,1656.27,11992.09,0,0,0,0
2006-05-07 04:00:00,0,1394.76,0,217.15,7715.22,3716.02,4225.36,0,0,1346.33,9054.82,152.18,0,9406.62,1016.67,2751.76,53520.33,0,11997.1,0,0,61975.59,0,0,0,2089.37,1996.2,0,19375.01,20959.45,50.82,1620.23,11806.26,0,0,0,0
2006-05-07 05:00:00,0,1417.8,0,214.1,7626.55,3734.42,4228.48,0,0,1337.57,9105.67,151.76,0,9396.58,1023.76,2819.56,53799.16,0,12130.35,0,0,63093.05,0,0,0,2098.99,2000.63,0,19350.93,21086.72,51.33,1622.98,11907.37,0,0,0,0
2006-05-07 06:00:00,0,1458.81,0,218.56,7946.28,3850.7,4394.12,0,0,1359.28,9314.74,153.9,0,9782.28,1055.5,2906.97,54906.56,0,12730.55,0,0,65342.21,0,0,0,2117.9,2035.14,0,19586.02,21432.15,52.92,1651.4,12198.06,0,0,0,0
2006-05-07 07:00:00,0,1544.66,0,231.02,8295.49,4221.93,4584.32,0,0,1508.23,10252.45,165.1,0,10324.76,1151.3,2955.34,56613.77,0,13324.76,0,0,66598.27,0,0,0,2152.69,2097.4,0,20002.54,21792.66,54.14,1793.44,12719.12,0,0,0,0
2006-05-07 08:00:00,0,1620.87,0,261.41,8627.01,5016.83,4789.02,0,0,1776.82,12766.08,180.82,0,10564.69,1257.29,3073.19,58737.4,0,13706.74,0,0,68239.97,0,0,0,2217.23,2176.84,0,20661.67,21944.51,55.3,2092.56,13154.11,0,0,0,0
2006-05-07 09:00:00,0,1692.67,0,277.37,8962.09,5641.77,5004.27,0,0,1954.43,14338.38,190.55,0,10573.5,1382.65,3204.72,60689.97,0,13749.57,0,0,69848.46,0,0,0,2287.23,2252.68,0,21532.67,22431.18,57.13,2337.08,13599.32,0,0,0,0
2006-05-07 10:00:00,0,1775.85,0,307.69,9234.44,6431.06,5235.79,0,0,2149.75,15775.74,205.15,0,10464.27,1539.6,3288.23,61891.65,0,13787.11,0,0,71088.62,0,0,0,2362.17,2332.13,0,22354.36,23264.58,58.28,2622.87,14017.73,0,0,0,0
2006-05-07 11:00:00,0,1841.02,0,338.6,9338.03,7081.47,5442.2,0,0,2320.96,17103.26,226.46,0,10460.13,1660.63,3372.84,62983.5,0,13843.91,0,0,71219.12,0,0,0,2445.49,2407.92,0,23214.6,24076.33,59.65,2808.99,14346.44,0,0,0,0
2006-05-07 12:00:00,0,1871.62,0,353.66,9395.2,7541.67,5561.96,0,0,2446.95,18083.25,244.44,0,10475.91,1738.73,3464.37,65024.24,0,13944.89,0,0,71393.44,0,0,0,2515.45,2472.95,0,23923.35,24831.14,60.59,2929.33,14622.3,0,0,0,0
2006-05-07 13:00:00,0,1875.56,0,363.66,9442.49,7846.01,5707.98,0,0,2556.79,18708.89,263.91,0,10532.82,1803.61,3550.31,66848.07,0,13966.86,0,0,72214.23,0,0,0,2583.63,2502.9,0,24461.99,25373.45,63.0,3038.48,14848.44,0,0,0,0
2006-05-07 14:00:00,0,1884.79,0,371.58,9410.26,8176.54,5835.15,0,0,2655.28,19217.19,277.82,0,10637.38,1879.78,3596.65,67962.83,0,14002.06,0,0,73054.37,0,0,0,2618.95,2533.37,0,25162.74,25862.92,64.48,3147.7,15003.92,0,0,0,0
2006-05-07 15:00:00,0,1901.63,0,378.64,9410.26,8495.08,5853.7,0,0,2752.74,19601.26,281.68,0,10910.58,1934.06,3609.69,67862.07,0,14482.65,0,0,73827.89,0,0,0,2632.37,2558.57,0,26132.54,26222.61,64.89,3240.17,15389.25,0,0,0,0
2006-05-07 16:00:00,0,1926.88,0,385.16,9552.94,8596.08,5867.94,0,0,2799.08,19628.1,286.49,0,11099.28,1914.01,3588.1,67172.14,0,14966.62,0,0,74669.25,0,0,0,2646.07,2578.94,0,26771.78,26326.23,65.6,3253.37,15729.59,0,0,0,0
2006-05-07 17:00:00,0,1960.81,0,380.03,9699.65,8465.71,5890.46,0,0,2757.07,19260.19,290.27,0,11366.36,1847.74,3547.42,67098.34,0,15355.76,0,0,75592.31,0,0,0,2621.44,2553.6,0,26992.54,26581.8,66.53,3174.09,15755.41,0,0,0,0
2006-05-07 18:00:00,0,1997.52,0,362.6,9834.37,8081.72,5976.62,0,0,2656.11,18639.16,288.26,0,11704.72,1769.22,3473.44,67211.89,0,15476.15,0,0,76172.86,0,0,0,2583.15,2544.95,0,26764.1,26792.44,65.72,3038.14,15504.52,0,0,0,0
2006-05-07 19:00:00,0,2028.04,0,387.43,11366.85,8303.48,6565.07,0,0,2838.45,18735.68,309.56,0,13888.07,1922.54,3885.95,74115.56,0,17484.29,0,0,86618.82,0,0,0,2680.94,2521.85,0,27661.09,28627.56,74.26,3250.97,17458.82,0,0,0,0
2006-05-07 20:00:00,0,1973.06,0,373.56,11350.67,7614.42,6227.91,0,0,2568.34,17151.18,292.04,0,13002.48,1762.71,3758.48,72817.62,0,16713.78,0,0,83513.36,0,0,0,2655.8,2428.11,0,26243.76,28410.35,72.97,2928.94,17096.25,0,0,0,0
2006-05-07 21:00:00,0,1933.71,0,354.5,11010.89,6910.05,5908.58,0,0,2303.03,15642.88,274.79,0,12159.08,1612.76,3567.01,70794.71,0,16040.42,0,0,79256.87,0,0,0,2618.89,2328.16,0,25147.82,28116.72,67.85,2686.53,16975.0,0,0,0,0
2006-05-07 22:00:00,0,1847.39,0,328.38,10370.71,6117.46,5603.84,0,0,2078.0,14201.36,244.77,0,11365.31,1488.63,3396.15,68335.32,0,15179.47,0,0,75578.24,0,0,0,2470.74,2195.42,0,23390.89,27242.0,64.77,2482.76,15817.85,0,0,0,0
2006-05-07 23:00:00,0,1700.0,0,297.42,9770.59,5507.71,5292.06,0,0,1902.53,13004.61,221.77,0,10589.0,1382.49,3240.23,65280.43,0,14348.87,0,0,72176.23,0,0,0,2325.64,2067.48,0,21790.64,25714.49,62.46,2287.37,14808.91,0,0,0,0
2006-05-08 00:00:00,0,1559.36,0,271.58,9153.24,4922.91,4950.26,0,0,1731.26,11911.39,199.72,0,9914.28,1289.7,3129.17,62358.17,0,13588.31,0,0,69018.08,0,0,0,2182.4,1950.28,0,20313.16,24273.04,60.71,2081.68,13918.52,0,0,0,0
2006-05-08 01:00:00,0,1438.07,0,246.98,8522.7,4382.48,4679.17,0,0,1571.52,10820.2,178.58,0,9641.91,1178.21,3031.26,59481.63,0,12883.86,0,0,66105.54,0,0,0,2080.64,1851.84,0,19035.29,23098.16,59.18,1904.56,13131.82,0,0,0,0
2006-05-08 02:00:00,0,1365.26,0,226.01,8283.42,4038.77,4594.88,0,0,1436.21,9873.12,163.5,0,9605.43,1065.51,2950.58,56918.51,0,12402.05,0,0,64045.79,0,0,0,2015.4,1799.3,0,18378.09,22138.22,57.63,1749.84,12576.56,0,0,0,0
2006-05-08 03:00:00,0,1355.56,0,219.21,8416.64,3942.97,4686.9,0,0,1376.79,9516.15,157.57,0,9756.09,1046.65,2934.29,55791.11,0,12264.02,0,0,63828.01,0,0,0,2010.19,1843.88,0,18333.14,21749.9,56.55,1723.2,12513.52,0,0,0,0
2006-05-08 04:00:00,0,1403.15,0,227.27,8766.07,4108.01,4920.97,0,0,1414.44,9745.59,163.32,0,9966.51,1083.86,3054.57,56592.97,0,12564.04,0,0,65412.18,0,0,0,2065.09,1896.68,0,18753.31,21718.29,57.56,1757.69,12917.6,0,0,0,0
2006-05-08 05:00:00,0,1465.91,0,236.09,9272.01,4292.29,5163.52,0,0,1455.85,10072.2,169.75,0,10618.0,1118.48,3195.58,58327.3,0,13310.08,0,0,67577.05,0,0,0,2143.0,1953.63,0,19137.41,22208.4,58.97,1801.93,13416.37,0,0,0,0
2006-05-08 06:00:00,0,1538.17,0,250.7,10191.55,4526.25,5467.47,0,0,1549.6,10643.91,178.02,0,11690.13,1192.63,3389.8,60834.41,0,15338.05,0,0,75032.75,0,0,0,2247.48,2026.66,0,19704.22,22894.5,60.67,1874.83,14013.42,0,0,0,0
2006-05-08 07:00:00,0,1665.72,0,283.54,10632.3,4980.26,5795.68,0,0,1751.75,11897.42,196.72,0,12150.44,1300.37,3494.47,65200.56,0,16030.91,0,0,77538.86,0,0,0,2388.98,2163.69,0,20722.52,24312.33,62.63,2059.01,14715.37,0,0,0,0
2006-05-08 08:00:00,0,1726.55,0,298.63,10840.91,5680.21,5966.77,0,0,1998.97,13836.87,215.04,0,12574.32,1402.57,3527.98,67940.54,0,16666.47,0,0,80254.01,0,0,0,2466.66,2243.91,0,21268.96,25622.11,64.0,2307.17,15067.25,0,0,0,0
2006-05-08 09:00:00,0,1763.72,0,318.87,10981.23,6236.1,6150.21,0,0,2170.85,15199.6,226.27,0,12614.3,1477.9,3661.98,70209.16,0,17074.71,0,0,81805.36,0,0,0,2532.14,2322.09,0,21876.44,26449.89,65.69,2498.27,15576.45,0,0,0,0
2006-05-08 10:00:00,0,1803.48,0,336.68,10946.81,6871.37,6271.82,0,0,2329.4,16635.22,244.44,0,12529.11,1648.07,3842.0,72339.72,0,17112.55,0,0,82835.68,0,0,0,2590.69,2403.05,0,22539.71,27300.94,68.08,2721.48,15953.62,0,0,0,0
2006-05-08 11:00:00,0,1840.04,0,358.33,10918.14,7511.96,6303.0,0,0,2490.13,17647.82,265.15,0,12565.35,1773.62,3960.84,74304.68,0,17094.53,0,0,82556.15,0,0,0,2623.87,2469.59,0,23604.74,28057.73,70.48,2949.36,16150.06,0,0,0,0
2006-05-08 12:00:00,0,1863.54,0,384.12,10951.2,7985.38,6314.83,0,0,2595.77,18535.62,283.71,0,12585.43,1875.39,4001.24,75757.42,0,17058.17,0,0,82420.52,0,0,0,2590.27,2480.08,0,24823.44,28951.4,72.8,3132.58,16493.21,0,0,0,0
2006-05-08 13:00:00,0,1876.45,0,397.38,10823.41,8388.04,6275.37,0,0,2705.42,19221.55,297.18,0,12590.52,1958.47,4064.44,77200.9,0,17107.11,0,0,82358.68,0,0,0,2576.98,2491.0,0,25943.61,29931.46,74.87,3280.19,16882.11,0,0,0,0
2006-05-08 14:00:00,0,1911.56,0,413.34,10858.52,8733.7,6226.93,0,0,2815.8,19775.08,308.01,0,12536.7,1972.57,4126.4,78127.63,0,17127.36,0,0,82490.52,0,0,0,2622.23,2493.29,0,26850.44,30608.43,76.93,3407.05,17458.12,0,0,0,0
2006-05-08 15:00:00,0,1934.57,0,417.3,11013.92,9040.96,6212.25,0,0,2912.51,20257.45,319.8,0,12426.42,1930.96,4205.92,78382.09,0,17286.31,0,0,82383.41,0,0,0,2680.34,2496.9,0,27667.16,31126.76,78.76,3507.92,18009.56,0,0,0,0
2006-05-08 16:00:00,0,1981.05,0,408.12,11038.24,9233.23,6231.61,0,0,2976.04,20377.66,325.03,0,12471.53,1907.8,4305.5,78173.15,0,17362.27,0,0,82672.28,0,0,0,2779.58,2570.84,0,28095.15,31549.4,79.92,3547.84,18464.82,0,0,0,0
2006-05-08 17:00:00,0,2018.6,0,391.26,11146.65,9101.99,6290.75,0,0,2930.63,20018.56,319.6,0,12642.61,1775.25,4326.85,78252.84,0,17227.95,0,0,83566.28,0,0,0,2860.91,2615.73,0,28144.44,31989.49,79.86,3490.17,18841.41,0,0,0,0
2006-05-08 18:00:00,0,2081.84,0,383.11,11240.82,8586.8,6319.47,0,0,2806.29,19191.81,305.63,0,12971.74,1714.83,4193.79,78871.23,0,17064.71,0,0,83838.81,0,0,0,2811.47,2611.82,0,27836.47,32285.55,79.43,3327.06,18698.56,0,0,0,0
2006-05-08 19:00:00,0,2189.39,0,376.92,11499.23,8323.86,6489.44,0,0,2834.92,18763.64,315.52,0,13952.11,1793.14,4350.15,79039.3,0,17735.08,0,0,88745.66,0,0,0,2763.74,2617.81,0,28327.46,31817.41,79.23,3267.8,19022.04,0,0,0,0
2006-05-08 20:00:00,0,2128.62,0,360.0,11304.37,7636.92,6144.04,0,0,2562.57,17215.42,290.45,0,13090.79,1675.02,4087.18,76636.23,0,17009.58,0,0,85017.96,0,0,0,2688.61,2497.73,0,27039.43,31573.98,77.44,2966.16,18286.39,0,0,0,0
2006-05-08 21:00:00,0,2049.09,0,342.34,11012.48,6996.22,5837.5,0,0,2334.73,15883.81,272.83,0,12275.47,1547.97,3804.43,74580.06,0,16286.9,0,0,80399.84,0,0,0,2589.51,2376.46,0,25951.3,30931.66,73.72,2727.03,17797.74,0,0,0,0
2006-05-08 22:00:00,0,1978.45,0,317.33,10281.19,6262.88,5535.35,0,0,2140.55,14530.87,246.29,0,11502.72,1433.16,3575.55,71825.83,0,15339.3,0,0,76773.41,0,0,0,2411.73,2215.28,0,24012.54,30067.69,69.04,2527.33,16485.68,0,0,0,0
2006-05-08 23:00:00,0,1834.9,0,292.7,9617.72,5633.09,5213.59,0,0,1948.2,13268.46,222.24,0,10767.81,1333.24,3391.99,68287.42,0,14427.49,0,0,73415.76,0,0,0,2250.41,2065.36,0,22422.11,28329.15,66.71,2332.97,15314.3,0,0,0,0
2006-05-09 00:00:00,0,1699.94,0,268.46,8957.58,5029.98,4893.29,0,0,1763.08,12089.86,203.46,0,10065.25,1233.56,3234.27,65023.1,0,13652.64,0,0,70262.03,0,0,0,2116.74,1948.33,0,20902.9,26736.44,64.67,2134.8,14322.91,0,0,0,0
2006-05-09 01:00:00,0,1555.46,0,244.42,8345.73,4484.96,4667.44,0,0,1598.41,10979.79,185.31,0,9738.92,1131.11,3091.73,61976.45,0,12944.67,0,0,67073.84,0,0,0,1986.09,1843.06,0,19674.07,25083.8,62.79,1941.75,13473.73,0,0,0,0
2006-05-09 02:00:00,0,1412.53,0,224.61,8083.75,4154.89,4570.18,0,0,1462.84,10096.38,166.96,0,9756.76,1070.21,2968.07,58996.05,0,12532.99,0,0,64657.29,0,0,0,1931.6,1792.79,0,19025.48,23571.18,61.09,1808.45,12823.86,0,0,0,0
2006-05-09 03:00:00,0,1373.34,0,223.46,8196.65,4082.23,4677.08,0,0,1408.64,9684.07,159.32,0,9887.14,1064.47,2903.97,57405.91,0,12361.38,0,0,64188.24,0,0,0,1934.37,1863.3,0,18761.49,22922.02,59.92,1783.58,12528.11,0,0,0,0
2006-05-09 04:00:00,0,1395.22,0,230.45,8502.08,4232.82,4939.33,0,0,1445.91,9904.13,164.77,0,10194.88,1086.12,3010.1,58013.05,0,12640.68,0,0,65529.69,0,0,0,2030.67,1955.73,0,19034.44,22685.29,59.38,1815.7,12781.07,0,0,0,0
2006-05-09 05:00:00,0,1440.22,0,237.22,9014.13,4412.0,5221.64,0,0,1486.25,10197.01,170.85,0,11010.0,1112.75,3150.43,59586.1,0,13436.04,0,0,67568.12,0,0,0,2137.75,2038.07,0,19295.63,22972.88,60.4,1857.38,13222.67,0,0,0,0
2006-05-09 06:00:00,0,1496.86,0,248.8,10141.74,4627.07,5534.96,0,0,1576.58,10697.15,178.06,0,12403.98,1164.81,3351.86,61898.24,0,15433.54,0,0,75232.48,0,0,0,2319.18,2150.35,0,19800.15,23408.24,61.41,1939.73,13867.93,0,0,0,0
2006-05-09 07:00:00,0,1591.49,0,274.49,10445.79,5149.52,5764.7,0,0,1784.34,11945.31,189.85,0,12831.66,1260.85,3530.05,66004.45,0,16264.71,0,0,78114.58,0,0,0,2386.98,2214.19,0,21103.15,24600.63,63.63,2164.21,14911.83,0,0,0,0
2006-05-09 08:00:00,0,1701.2,0,298.49,10588.12,5728.63,5927.45,0,0,1981.02,13641.82,202.03,0,13158.24,1323.42,3627.12,68773.2,0,16984.26,0,0,80700.25,0,0,0,2439.58,2285.0,0,21783.17,26014.31,66.73,2376.24,15485.97,0,0,0,0
2006-05-09 09:00:00,0,1756.64,0,319.73,10641.17,6211.34,6046.25,0,0,2143.56,14871.39,215.03,0,13234.68,1383.81,3833.78,71409.81,0,17449.41,0,0,82142.58,0,0,0,2493.08,2350.45,0,22401.36,26920.06,68.79,2561.84,16060.32,0,0,0,0
2006-05-09 10:00:00,0,1796.99,0,333.51,10788.73,6856.34,6112.75,0,0,2339.15,16254.17,228.83,0,13290.49,1442.64,3998.39,74227.79,0,17632.18,0,0,83428.0,0,0,0,2534.8,2395.42,0,22967.68,27655.34,71.26,2798.32,16609.56,0,0,0,0
2006-05-09 11:00:00,0,1862.98,0,349.77,10913.21,7543.41,6183.16,0,0,2529.72,17479.49,237.29,0,13520.43,1487.48,4147.28,76639.26,0,17730.26,0,0,83767.62,0,0,0,2537.55,2438.03,0,23519.17,28831.56,73.82,3021.65,17172.19,0,0,0,0
2006-05-09 12:00:00,0,1908.35,0,371.27,10934.45,7992.81,6225.6,0,0,2678.12,18458.19,252.4,0,13711.49,1557.23,4288.81,78557.08,0,17666.81,0,0,83989.69,0,0,0,2559.43,2455.19,0,24035.01,29993.74,77.16,3178.73,18020.07,0,0,0,0
2006-05-09 13:00:00,0,1969.17,0,396.46,11083.85,8374.38,6179.98,0,0,2794.9,19302.78,275.35,0,13833.73,1706.96,4457.54,80399.49,0,17996.49,0,0,84576.9,0,0,0,2620.37,2499.17,0,24544.98,31167.67,81.35,3312.6,18791.52,0,0,0,0
2006-05-09 14:00:00,0,2113.43,0,416.38,11264.22,8739.4,6277.29,0,0,2894.23,19974.97,298.64,0,13932.48,1810.71,4576.0,81628.97,0,17949.5,0,0,85754.53,0,0,0,2679.95,2527.83,0,25076.04,32425.52,85.38,3429.24,19645.58,0,0,0,0
2006-05-09 15:00:00,0,2253.55,0,432.64,11474.01,9076.68,6373.81,0,0,2987.1,20456.59,320.92,0,14006.55,1866.59,4649.69,82138.68,0,17864.23,0,0,86917.05,0,0,0,2744.63,2560.69,0,25364.25,33319.57,87.19,3536.9,20057.08,0,0,0,0
2006-05-09 16:00:00,0,2342.3,0,445.09,11792.5,9182.63,6411.43,0,0,3030.81,20428.19,330.94,0,14083.94,1867.71,4644.13,82406.09,0,17746.68,0,0,88292.51,0,0,0,2836.28,2647.73,0,25449.97,33989.09,87.75,3598.75,20133.43,0,0,0,0
2006-05-09 17:00:00,0,2355.09,0,435.6,12001.43,9047.24,6411.58,0,0,2973.56,20115.08,335.37,0,14091.37,1801.91,4610.46,82610.81,0,17641.59,0,0,88839.43,0,0,0,2896.69,2700.51,0,25472.64,34274.98,88.02,3563.77,19907.05,0,0,0,0
2006-05-09 18:00:00,0,2360.54,0,384.02,11931.17,8506.03,6480.85,0,0,2838.7,19250.83,330.89,0,14118.56,1715.23,4498.2,82291.93,0,17567.9,0,0,88895.61,0,0,0,2865.6,2695.37,0,25411.54,33964.99,86.63,3422.49,19457.31,0,0,0,0
2006-05-09 19:00:00,0,2359.63,0,387.27,12263.94,8223.64,6706.18,0,0,2793.33,18533.72,314.85,0,14395.94,1705.92,4547.88,82370.58,0,17576.59,0,0,93851.76,0,0,0,2826.22,2691.0,0,25507.4,33194.77,85.43,3299.77,19558.97,0,0,0,0
2006-05-09 20:00:00,0,2317.94,0,375.65,11637.7,7557.14,6220.03,0,0,2510.12,17064.85,275.7,0,13585.37,1598.79,4305.62,80534.93,0,16895.57,0,0,89716.9,0,0,0,2727.73,2557.23,0,25209.04,32225.23,83.73,3003.94,18678.57,0,0,0,0
2006-05-09 21:00:00,0,2216.75,0,352.34,11240.92,6899.23,5807.64,0,0,2309.03,15832.74,258.44,0,12796.07,1493.93,4039.13,77823.29,0,16321.2,0,0,84121.89,0,0,0,2628.29,2420.1,0,24762.38,31221.95,79.41,2720.97,18316.39,0,0,0,0
2006-05-09 22:00:00,0,2089.29,0,321.08,10399.0,6233.14,5434.81,0,0,2131.99,14522.11,239.71,0,12030.58,1397.17,3838.36,74623.26,0,15344.75,0,0,79992.47,0,0,0,2466.43,2253.95,0,23428.53,30114.39,75.27,2509.83,17131.38,0,0,0,0
2006-05-09 23:00:00,0,1864.87,0,303.03,9637.98,5641.19,5067.57,0,0,1965.75,13274.55,221.89,0,11259.2,1320.26,3634.4,70980.84,0,14394.71,0,0,76213.14,0,0,0,2325.03,2114.66,0,22055.77,27948.7,70.89,2302.51,16016.55,0,0,0,0
2006-05-10 00:00:00,0,1679.12,0,271.2,8994.45,5069.47,4754.04,0,0,1788.48,12074.02,201.59,0,10512.4,1241.78,3455.2,67707.32,0,13599.21,0,0,72625.13,0,0,0,2158.34,1969.04,0,20685.87,26065.23,67.65,2116.42,15014.05,0,0,0,0
2006-05-10 01:00:00,0,1527.08,0,244.21,8453.64,4521.36,4462.32,0,0,1633.13,10961.96,184.01,0,10011.79,1160.98,3287.15,64732.08,0,12899.0,0,0,69263.05,0,0,0,2037.86,1839.21,0,19653.23,24385.61,65.27,1911.35,14188.93,0,0,0,0
2006-05-10 02:00:00,0,1435.22,0,223.63,8140.43,4202.47,4342.33,0,0,1502.86,9991.87,171.21,0,9918.96,1098.08,3151.78,61865.88,0,12519.86,0,0,66507.07,0,0,0,1979.13,1764.64,0,19167.08,23125.13,63.37,1794.9,13513.24,0,0,0,0
2006-05-10 03:00:00,0,1388.2,0,222.76,8120.6,4144.79,4486.11,0,0,1455.3,9626.51,165.28,0,10159.35,1088.67,3022.01,60490.51,0,12443.78,0,0,65585.12,0,0,0,1965.39,1810.3,0,19053.86,22419.25,60.94,1768.31,13153.8,0,0,0,0
2006-05-10 04:00:00,0,1396.16,0,230.06,8418.72,4307.19,4781.13,0,0,1490.75,9847.03,171.13,0,10550.68,1129.62,3090.09,60809.45,0,13043.0,0,0,66896.71,0,0,0,2029.0,1861.35,0,19478.77,22072.13,60.86,1802.98,13225.31,0,0,0,0
2006-05-10 05:00:00,0,1438.97,0,240.52,8886.53,4475.94,5028.5,0,0,1538.02,10200.3,174.1,0,10983.89,1173.05,3202.72,62027.9,0,13687.62,0,0,68777.67,0,0,0,2103.98,1914.74,0,19953.15,22379.1,61.89,1845.89,13597.95,0,0,0,0
2006-05-10 06:00:00,0,1495.33,0,254.44,9890.22,4708.25,5356.43,0,0,1629.78,10746.74,181.48,0,11646.97,1242.83,3343.2,63687.98,0,14978.68,0,0,76281.48,0,0,0,2251.67,1999.73,0,20423.08,22983.26,63.39,1934.63,14086.87,0,0,0,0
2006-05-10 07:00:00,0,1577.48,0,292.04,10211.89,5264.41,5507.95,0,0,1857.54,12158.26,198.39,0,12344.72,1369.6,3570.11,67144.33,0,16002.87,0,0,79168.02,0,0,0,2346.19,2071.63,0,21438.86,24341.18,64.65,2173.1,14760.4,0,0,0,0
2006-05-10 08:00:00,0,1687.66,0,314.64,10533.65,5916.46,5644.09,0,0,2061.25,13834.92,209.15,0,12963.72,1426.27,3763.42,69973.53,0,16557.98,0,0,83016.09,0,0,0,2436.98,2178.61,0,22171.3,25693.72,67.18,2391.52,15372.78,0,0,0,0
2006-05-10 09:00:00,0,1765.99,0,336.11,10848.83,6439.53,5841.54,0,0,2220.84,15316.98,219.13,0,13284.7,1485.53,3905.73,72121.05,0,16928.18,0,0,85715.88,0,0,0,2522.07,2270.6,0,22956.63,26653.56,69.45,2615.57,15869.69,0,0,0,0
2006-05-10 10:00:00,0,1823.14,0,365.24,11204.3,7140.93,6028.06,0,0,2412.42,17045.87,241.78,0,13461.45,1614.9,4046.73,74836.91,0,17398.59,0,0,88201.48,0,0,0,2604.72,2361.71,0,23730.16,27473.96,70.18,2867.19,16364.69,0,0,0,0
2006-05-10 11:00:00,0,1866.68,0,388.68,11550.41,7833.34,6239.62,0,0,2606.75,18313.64,261.79,0,13603.14,1770.22,4156.99,77217.02,0,17656.03,0,0,90907.45,0,0,0,2677.58,2446.63,0,24584.38,28112.9,70.6,3111.74,16904.6,0,0,0,0
2006-05-10 12:00:00,0,1893.35,0,407.63,11718.91,8329.17,6465.05,0,0,2730.93,19339.36,286.3,0,13681.26,1885.25,4217.02,79534.81,0,17845.48,0,0,93385.61,0,0,0,2724.82,2507.3,0,25542.82,28697.8,73.01,3305.2,17527.8,0,0,0,0
2006-05-10 13:00:00,0,1911.7,0,421.07,11828.7,8772.09,6597.98,0,0,2852.57,20188.56,308.75,0,13738.76,1980.35,4212.09,81518.67,0,17971.39,0,0,95728.85,0,0,0,2753.03,2556.22,0,26490.1,29172.84,75.66,3442.57,18019.46,0,0,0,0
2006-05-10 14:00:00,0,1919.76,0,415.49,11875.29,9135.26,6688.31,0,0,2972.24,20810.06,327.71,0,13819.23,2034.06,4202.62,82715.22,0,17946.31,0,0,97680.46,0,0,0,2776.88,2609.53,0,27185.3,29066.97,77.84,3541.65,18410.81,0,0,0,0
2006-05-10 15:00:00,0,1930.68,0,422.93,11905.01,9366.45,6747.89,0,0,3066.9,21145.38,342.78,0,13876.1,2040.9,4249.91,83180.61,0,17835.91,0,0,98842.76,0,0,0,2799.99,2662.54,0,27537.07,28805.72,78.65,3594.87,19092.47,0,0,0,0
2006-05-10 16:00:00,0,1937.55,0,416.86,11871.36,9430.22,6810.43,0,0,3090.73,20879.38,325.97,0,13905.48,1903.32,4219.67,82907.55,0,17721.95,0,0,98757.04,0,0,0,2827.56,2729.13,0,28093.51,28484.69,78.6,3598.25,19370.81,0,0,0,0
2006-05-10 17:00:00,0,1952.81,0,403.1,11837.77,9097.6,6827.66,0,0,2983.38,20265.92,318.97,0,13927.28,1836.45,4203.12,81638.59,0,17628.91,0,0,97761.51,0,0,0,2845.71,2766.91,0,28693.55,28071.62,77.41,3534.41,19083.49,0,0,0,0
2006-05-10 18:00:00,0,1980.94,0,380.77,11732.79,8538.22,6790.45,0,0,2818.83,19442.43,305.08,0,13945.5,1838.27,4130.11,80902.61,0,17495.65,0,0,96447.49,0,0,0,2842.75,2778.85,0,28362.35,27774.26,75.11,3390.69,19009.73,0,0,0,0
2006-05-10 19:00:00,0,1975.09,0,378.66,12388.65,8368.11,7215.04,0,0,2808.74,18951.85,309.92,0,13747.72,1868.64,4208.02,78880.27,0,17509.04,0,0,98352.72,0,0,0,2800.73,2707.48,0,28019.04,26966.9,72.12,3327.27,19234.47,0,0,0,0
2006-05-10 20:00:00,0,1957.4,0,370.08,12052.02,7652.3,6685.93,0,0,2533.29,17537.17,297.49,0,12923.12,1733.56,4064.01,76986.16,0,16780.25,0,0,93095.7,0,0,0,2750.4,2610.71,0,27052.92,26763.17,69.75,2998.11,18833.37,0,0,0,0
2006-05-10 21:00:00,0,1947.39,0,358.51,11600.74,7021.74,6252.75,0,0,2338.33,16285.76,281.02,0,12144.44,1605.79,3853.54,74943.13,0,16000.65,0,0,87232.92,0,0,0,2678.29,2502.01,0,26552.47,27193.54,66.09,2757.64,18450.51,0,0,0,0
2006-05-10 22:00:00,0,1875.0,0,325.53,10806.42,6305.19,5837.0,0,0,2156.58,14985.4,258.08,0,11380.54,1528.96,3679.98,71501.88,0,15106.41,0,0,82890.43,0,0,0,2528.94,2349.85,0,25033.55,26422.85,64.44,2556.82,17285.74,0,0,0,0
2006-05-10 23:00:00,0,1753.89,0,309.33,10073.3,5707.72,5444.64,0,0,1973.45,13671.44,232.06,0,10632.56,1434.26,3547.32,67923.82,0,14307.72,0,0,79168.71,0,0,0,2404.45,2208.42,0,23685.8,25083.94,63.31,2355.22,16220.52,0,0,0,0
2006-05-11 00:00:00,0,1657.55,0,284.07,9382.98,5099.11,5086.22,0,0,1799.67,12439.99,214.41,0,9905.14,1298.77,3411.66,64724.99,0,13566.89,0,0,75290.23,0,0,0,2283.19,2100.08,0,22443.54,23867.7,62.96,2114.35,15185.29,0,0,0,0
2006-05-11 01:00:00,0,1568.97,0,256.8,8789.8,4560.41,4766.97,0,0,1630.96,11289.99,196.96,0,9508.19,1221.43,3283.31,61531.03,0,12843.1,0,0,71566.41,0,0,0,2175.14,2006.07,0,21159.53,22781.41,62.39,1940.73,14107.64,0,0,0,0
2006-05-11 02:00:00,0,1530.7,0,241.4,8446.17,4229.97,4518.27,0,0,1482.99,10271.35,175.3,0,9482.9,1145.66,3139.66,58929.28,0,12343.94,0,0,68242.76,0,0,0,2130.69,1968.65,0,20457.05,21832.28,61.74,1815.54,13277.17,0,0,0,0
2006-05-11 03:00:00,0,1557.6,0,233.29,8435.42,4109.13,4565.59,0,0,1434.84,9817.61,159.97,0,9678.6,1100.94,3020.19,57269.44,0,12359.21,0,0,67083.65,0,0,0,2138.99,1974.28,0,20031.23,21616.35,60.82,1793.05,12742.69,0,0,0,0
2006-05-11 04:00:00,0,1624.15,0,239.1,8649.26,4209.36,4770.51,0,0,1461.58,9973.43,164.29,0,10052.34,1122.54,3011.49,57137.09,0,13005.9,0,0,67753.81,0,0,0,2216.54,2025.67,0,20124.17,21925.64,61.21,1820.24,12475.34,0,0,0,0
2006-05-11 05:00:00,0,1715.89,0,254.59,9111.42,4384.82,5014.05,0,0,1489.1,10312.82,166.96,0,10589.49,1166.24,3116.23,58733.58,0,13609.58,0,0,69471.97,0,0,0,2295.1,2073.87,0,20453.62,22716.39,63.38,1866.51,12711.82,0,0,0,0
2006-05-11 06:00:00,0,1804.79,0,269.78,9843.86,4611.49,5291.17,0,0,1580.66,10928.63,179.58,0,11469.29,1233.95,3265.53,60829.23,0,14733.59,0,0,75873.61,0,0,0,2414.4,2176.51,0,20771.98,23633.5,65.46,1956.33,13226.08,0,0,0,0
2006-05-11 07:00:00,0,1984.78,0,306.08,10394.49,5212.31,5646.47,0,0,1813.73,12372.1,198.37,0,12296.15,1315.81,3477.88,64240.21,0,16008.44,0,0,80293.52,0,0,0,2563.86,2326.43,0,21444.35,25481.04,67.91,2183.51,14431.21,0,0,0,0
2006-05-11 08:00:00,0,2014.21,0,327.31,10773.25,5950.4,5938.26,0,0,2044.91,14194.06,219.37,0,12729.85,1394.88,3616.48,67496.4,0,16767.95,0,0,82495.8,0,0,0,2681.79,2428.02,0,21790.2,26138.38,68.08,2455.8,15192.65,0,0,0,0
2006-05-11 09:00:00,0,2016.33,0,327.21,11162.19,6476.12,6226.81,0,0,2215.83,15652.59,239.97,0,13038.01,1467.68,3754.62,70311.5,0,17214.51,0,0,83890.86,0,0,0,2777.3,2505.62,0,22144.48,26691.33,68.07,2684.49,15658.04,0,0,0,0
2006-05-11 10:00:00,0,2015.37,0,335.87,11429.96,7009.91,6485.98,0,0,2396.22,17267.87,257.66,0,13298.34,1649.42,3835.31,71902.27,0,17582.74,0,0,85075.83,0,0,0,2866.45,2579.53,0,22510.15,27466.39,68.69,2870.22,16064.14,0,0,0,0
2006-05-11 11:00:00,0,2013.91,0,312.97,11705.3,7618.96,6695.94,0,0,2587.77,18599.4,261.08,0,13461.49,1780.24,3922.63,72677.5,0,17934.8,0,0,86043.07,0,0,0,2955.75,2702.17,0,23024.59,27857.56,69.02,3067.32,16363.36,0,0,0,0
2006-05-11 12:00:00,0,1997.56,0,348.8,12060.42,8048.2,6903.99,0,0,2739.76,19710.17,272.67,0,13604.89,1917.63,3958.36,72679.06,0,18119.32,0,0,86753.84,0,0,0,3148.87,2912.28,0,22961.52,28034.09,70.0,3200.74,16260.69,0,0,0,0
2006-05-11 13:00:00,0,1975.9,0,347.08,12528.52,8365.04,7346.07,0,0,2880.19,20497.9,272.97,0,13716.89,1884.02,3933.95,72749.01,0,18208.2,0,0,87247.99,0,0,0,3181.02,2996.53,0,23066.99,27939.06,71.39,3289.42,16153.46,0,0,0,0
2006-05-11 14:00:00,0,1939.79,0,364.81,12558.95,8659.49,7630.75,0,0,3003.06,20957.65,284.97,0,13824.99,1813.43,3893.04,72994.22,0,18241.96,0,0,87495.52,0,0,0,3090.06,2961.88,0,23332.74,27700.49,70.95,3354.13,16100.5,0,0,0,0
2006-05-11 15:00:00,0,1898.1,0,369.48,12328.35,8868.86,7734.71,0,0,3085.77,21366.71,294.19,0,13891.05,1914.04,3865.95,73123.64,0,18198.49,0,0,87403.95,0,0,0,3034.76,2902.34,0,23252.76,27424.21,69.83,3428.65,15915.64,0,0,0,0
2006-05-11 16:00:00,0,1880.26,0,365.72,11777.03,8941.09,7569.55,0,0,3084.09,21357.2,303.09,0,13934.15,2079.67,3833.36,73075.35,0,17896.68,0,0,86824.71,0,0,0,2988.1,2884.46,0,23139.32,27100.17,69.78,3414.97,15766.39,0,0,0,0
2006-05-11 17:00:00,0,1887.85,0,360.28,11537.82,8703.93,7335.76,0,0,2972.42,20861.16,297.33,0,13933.96,2076.0,3790.02,72756.03,0,17754.19,0,0,86086.9,0,0,0,2910.09,2857.97,0,23469.78,26860.98,69.31,3326.65,15758.64,0,0,0,0
2006-05-11 18:00:00,0,1874.02,0,352.29,11360.48,8327.71,7106.09,0,0,2861.23,20013.5,292.49,0,13959.89,1966.62,3751.41,72331.26,0,17739.82,0,0,85547.27,0,0,0,2845.93,2805.2,0,23726.83,26785.89,69.53,3176.1,15956.18,0,0,0,0
2006-05-11 19:00:00,0,1957.2,0,359.78,11647.92,8214.92,7250.25,0,0,2890.43,19368.3,303.79,0,13808.29,1942.92,3711.69,71450.04,0,17474.18,0,0,89248.01,0,0,0,2902.18,2766.82,0,24234.65,27214.07,67.21,3216.21,17421.14,0,0,0,0
2006-05-11 20:00:00,0,1892.44,0,330.28,11330.41,7790.96,6684.39,0,0,2656.05,18014.67,290.97,0,13014.34,1831.66,3621.93,70824.5,0,16788.11,0,0,85213.06,0,0,0,2799.34,2591.91,0,23920.73,26444.84,66.42,3028.75,16803.58,0,0,0,0
2006-05-11 21:00:00,0,1931.03,0,308.47,10956.61,7320.29,6158.3,0,0,2453.33,16708.7,276.66,0,12268.41,1685.55,3486.63,70086.82,0,16048.61,0,0,81599.15,0,0,0,2624.24,2399.5,0,23433.83,27006.67,65.65,2828.65,16966.46,0,0,0,0
2006-05-11 22:00:00,0,1885.01,0,282.63,10117.88,6611.74,5687.61,0,0,2243.7,15255.54,258.85,0,11515.5,1535.71,3368.74,67830.96,0,15165.94,0,0,77955.03,0,0,0,2409.7,2222.06,0,21994.18,26328.36,64.63,2620.56,15939.85,0,0,0,0
2006-05-11 23:00:00,0,1788.34,0,258.52,9419.64,5900.3,5254.57,0,0,2036.97,13885.48,231.07,0,10776.1,1389.62,3253.03,65560.22,0,14348.35,0,0,74636.3,0,0,0,2243.68,2057.05,0,20633.65,25074.81,62.91,2372.28,14930.27,0,0,0,0
2006-05-12 00:00:00,0,1700.71,0,235.51,8763.48,5189.67,4848.23,0,0,1850.54,12610.95,197.37,0,10051.35,1226.37,3143.99,63296.32,0,13646.45,0,0,71697.52,0,0,0,2104.59,1930.86,0,19339.82,23856.09,61.8,2121.5,14160.81,0,0,0,0
2006-05-12 01:00:00,0,1609.32,0,213.72,8290.48,4622.76,4513.5,0,0,1682.69,11434.63,171.35,0,9584.79,1079.93,3044.58,61349.25,0,13055.35,0,0,68865.25,0,0,0,1988.42,1829.13,0,18135.97,22750.68,61.02,1963.32,13411.26,0,0,0,0
2006-05-12 02:00:00,0,1577.57,0,194.01,8021.87,4153.08,4392.83,0,0,1514.06,10390.26,151.31,0,9531.0,987.99,2949.51,59498.48,0,12645.69,0,0,65976.35,0,0,0,1932.58,1765.28,0,17354.89,21852.97,60.5,1840.76,12819.54,0,0,0,0
2006-05-12 03:00:00,0,1620.97,0,191.52,8064.18,4015.13,4491.74,0,0,1447.36,9932.25,141.16,0,9749.34,953.95,2872.54,58178.26,0,12742.32,0,0,64886.56,0,0,0,1918.22,1819.13,0,17117.44,21715.19,60.63,1783.17,12789.16,0,0,0,0
2006-05-12 04:00:00,0,1708.28,0,198.37,8471.88,4050.94,4772.02,0,0,1469.2,10101.83,144.96,0,10147.03,985.87,2988.5,58714.16,0,13271.01,0,0,65563.38,0,0,0,1979.63,1883.9,0,17540.47,22037.69,62.5,1785.06,13234.6,0,0,0,0
2006-05-12 05:00:00,0,1815.33,0,208.59,8995.29,4147.9,5054.68,0,0,1490.79,10313.17,151.13,0,10612.08,1032.18,3119.65,60669.89,0,13810.43,0,0,67538.04,0,0,0,2072.19,1947.82,0,18087.1,22817.22,64.55,1824.79,13796.49,0,0,0,0
2006-05-12 06:00:00,0,1914.69,0,223.1,10138.05,4339.33,5509.44,0,0,1551.21,10775.63,159.37,0,11319.43,1122.08,3308.76,63035.17,0,14586.66,0,0,74598.82,0,0,0,2259.81,2064.06,0,18986.85,23789.93,66.66,1889.07,14518.82,0,0,0,0
2006-05-12 07:00:00,0,2080.27,0,257.47,10207.5,4822.55,5675.71,0,0,1752.01,12020.12,174.05,0,12149.63,1235.57,3631.88,67126.09,0,15571.07,0,0,78325.15,0,0,0,2361.31,2111.67,0,20788.76,25469.28,67.93,2040.0,15598.35,0,0,0,0
2006-05-12 08:00:00,0,2043.26,0,276.86,10315.14,5088.03,5720.55,0,0,1875.67,13194.61,184.55,0,12800.58,1296.17,3796.03,70090.42,0,16267.22,0,0,80433.7,0,0,0,2418.49,2171.79,0,21444.69,25839.22,67.67,2110.76,15869.58,0,0,0,0
2006-05-12 09:00:00,0,2011.12,0,287.33,10572.96,5377.4,5846.9,0,0,1957.78,14231.93,188.99,0,13173.94,1350.11,3908.2,71753.82,0,16600.4,0,0,81839.4,0,0,0,2452.11,2203.26,0,22243.77,26342.49,68.14,2227.11,16092.83,0,0,0,0
2006-05-12 10:00:00,0,1988.51,0,296.46,10813.51,5502.63,5805.03,0,0,2064.88,15049.28,189.27,0,13440.67,1362.04,3981.4,72660.72,0,16914.11,0,0,83046.94,0,0,0,2432.41,2201.5,0,22320.98,27138.32,68.42,2313.07,16292.27,0,0,0,0
2006-05-12 11:00:00,0,1931.28,0,298.06,10783.24,5626.25,5763.19,0,0,2173.51,15972.37,191.08,0,13644.51,1409.55,4008.93,73255.45,0,17093.57,0,0,83582.65,0,0,0,2428.16,2191.75,0,22310.31,27722.9,68.25,2388.07,16246.88,0,0,0,0
2006-05-12 12:00:00,0,1862.56,0,306.43,10884.09,5890.94,5691.24,0,0,2266.2,16813.4,199.94,0,13764.37,1462.09,3982.97,73406.52,0,17228.0,0,0,83672.5,0,0,0,2445.37,2212.38,0,22445.11,27881.54,68.34,2489.12,16085.97,0,0,0,0
2006-05-12 13:00:00,0,1802.22,0,316.04,10929.83,6187.42,5702.49,0,0,2351.73,17521.21,213.09,0,13877.64,1527.78,3945.15,73316.73,0,17210.98,0,0,83336.74,0,0,0,2467.03,2247.18,0,22685.72,27840.42,68.2,2592.21,15951.08,0,0,0,0
2006-05-12 14:00:00,0,1779.28,0,325.76,10925.76,6531.17,5989.33,0,0,2475.2,18184.62,230.86,0,13936.12,1614.91,3884.05,73229.09,0,17058.44,0,0,82875.32,0,0,0,2502.72,2288.56,0,22954.91,27865.01,67.54,2700.26,15868.64,0,0,0,0
2006-05-12 15:00:00,0,1756.29,0,338.4,10862.19,6833.98,6140.39,0,0,2594.42,18756.02,245.75,0,14004.38,1694.49,3866.22,73139.15,0,17531.5,0,0,82636.65,0,0,0,2535.72,2341.61,0,23025.9,27820.04,66.77,2765.85,15812.5,0,0,0,0
2006-05-12 16:00:00,0,1739.37,0,347.22,10964.98,7114.96,6268.9,0,0,2684.72,19013.45,252.51,0,13979.82,1760.62,3840.98,73169.09,0,17835.23,0,0,82414.8,0,0,0,2586.17,2417.91,0,23189.21,27846.9,66.34,2794.45,15698.08,0,0,0,0
2006-05-12 17:00:00,0,1746.39,0,350.77,11178.93,7283.69,6380.65,0,0,2668.55,18915.84,250.53,0,14000.07,1784.68,3794.71,73041.75,0,17789.31,0,0,82472.06,0,0,0,2637.55,2476.68,0,23616.23,27736.15,66.47,2818.88,15762.43,0,0,0,0
2006-05-12 18:00:00,0,1751.39,0,344.95,11380.32,7234.44,6411.8,0,0,2581.13,18276.84,250.77,0,14024.56,1761.23,3745.99,72829.48,0,17580.71,0,0,83023.54,0,0,0,2639.78,2518.36,0,23935.5,27859.95,67.86,2816.54,16028.2,0,0,0,0
2006-05-12 19:00:00,0,1870.29,0,332.12,11159.08,7055.75,6521.92,0,0,2477.12,17527.44,255.64,0,13241.22,1740.29,3652.24,67218.83,0,17126.22,0,0,84566.83,0,0,0,2647.95,2553.98,0,22934.42,27190.71,61.68,2734.55,15780.56,0,0,0,0
2006-05-12 20:00:00,0,1857.68,0,310.32,11027.74,6291.02,6056.8,0,0,2197.93,15530.81,235.63,0,12571.53,1536.94,3535.43,67759.85,0,16243.15,0,0,82100.98,0,0,0,2542.66,2450.66,0,22754.58,27742.94,62.06,2424.02,15330.05,0,0,0,0
2006-05-12 21:00:00,0,1861.59,0,298.57,10816.5,5744.7,5657.02,0,0,1973.55,13893.09,219.99,0,11958.08,1395.42,3371.67,67134.17,0,15529.32,0,0,78546.82,0,0,0,2476.47,2368.74,0,22550.12,26842.26,59.55,2205.1,15457.08,0,0,0,0
2006-05-12 22:00:00,0,1847.8,0,273.02,9994.1,5052.96,5298.45,0,0,1747.92,12466.3,204.82,0,11370.33,1276.81,3229.76,65361.94,0,14717.63,0,0,75384.7,0,0,0,2310.9,2238.05,0,21366.77,26090.0,57.42,2030.49,14656.88,0,0,0,0
2006-05-12 23:00:00,0,1714.21,0,248.52,9216.31,4476.24,4990.63,0,0,1561.86,11300.5,185.45,0,10765.4,1154.35,3097.94,62820.47,0,13955.15,0,0,71969.16,0,0,0,2192.23,2126.56,0,20364.58,24911.23,55.43,1881.9,13900.65,0,0,0,0
2006-05-13 00:00:00,0,1600.26,0,231.02,8655.41,4027.48,4742.08,0,0,1433.39,10237.72,167.86,0,10118.67,1058.37,2964.6,60290.02,0,13190.0,0,0,68672.81,0,0,0,2092.36,2034.03,0,19389.51,23786.18,53.56,1755.96,13187.57,0,0,0,0
2006-05-13 01:00:00,0,1509.3,0,215.9,8148.2,3634.93,4521.39,0,0,1335.05,9287.68,152.59,0,9635.5,986.56,2860.05,58052.8,0,12479.53,0,0,66068.32,0,0,0,1996.68,1944.99,0,18685.6,22724.33,51.72,1649.87,12492.64,0,0,0,0
2006-05-13 02:00:00,0,1444.18,0,200.89,7922.44,3386.96,4374.55,0,0,1250.81,8464.52,142.59,0,9555.37,931.36,2783.18,56439.82,0,11980.3,0,0,63862.34,0,0,0,1944.28,1881.85,0,18166.7,21856.26,50.51,1557.16,12104.89,0,0,0,0
2006-05-13 03:00:00,0,1435.02,0,190.5,7852.95,3248.38,4352.86,0,0,1187.89,8066.75,136.36,0,9579.58,894.67,2737.7,55155.15,0,11760.49,0,0,62828.84,0,0,0,1910.58,1897.6,0,17843.27,21213.34,49.77,1496.06,11859.7,0,0,0,0
2006-05-13 04:00:00,0,1455.96,0,186.11,7867.73,3269.99,4442.23,0,0,1154.38,7998.06,134.66,0,9665.42,909.47,2745.23,54662.88,0,11761.64,0,0,62915.37,0,0,0,1914.25,1940.49,0,17789.15,20922.26,49.84,1472.88,11709.93,0,0,0,0
2006-05-13 05:00:00,0,1509.27,0,186.17,7984.08,3368.8,4608.81,0,0,1170.11,8109.99,136.54,0,9881.98,934.74,2791.45,54933.4,0,11905.24,0,0,63454.2,0,0,0,1938.51,1992.55,0,17925.83,21010.89,50.49,1501.48,11751.77,0,0,0,0
2006-05-13 06:00:00,0,1581.26,0,190.77,8393.14,3592.03,4908.8,0,0,1243.71,8511.22,141.4,0,10197.0,990.82,2863.69,56071.17,0,12444.96,0,0,65075.3,0,0,0,2032.36,2073.05,0,18295.13,21305.47,51.19,1576.87,12152.04,0,0,0,0
2006-05-13 07:00:00,0,1690.19,0,210.39,8561.68,4076.55,5104.3,0,0,1423.64,9580.82,150.92,0,10510.65,1083.36,2910.21,57822.1,0,13149.97,0,0,66037.29,0,0,0,2132.76,2188.64,0,19150.98,21526.46,51.67,1736.79,13050.97,0,0,0,0
2006-05-13 08:00:00,0,1674.49,0,229.64,8742.72,4755.91,5207.02,0,0,1642.81,11410.73,164.87,0,10765.34,1179.92,3051.35,59988.6,0,13592.64,0,0,67956.53,0,0,0,2187.7,2298.79,0,19443.54,21668.79,52.36,1984.11,13487.83,0,0,0,0
2006-05-13 09:00:00,0,1747.58,0,250.87,9010.48,5143.82,5325.87,0,0,1697.87,12508.06,169.11,0,11020.27,1239.45,3200.88,61994.57,0,13483.63,0,0,69817.22,0,0,0,2229.57,2373.7,0,20400.93,22746.7,53.8,2084.11,13989.69,0,0,0,0
2006-05-13 10:00:00,0,1789.51,0,263.7,9073.78,5380.6,5396.24,0,0,1783.32,13303.21,168.99,0,11240.4,1260.28,3322.56,63833.75,0,13651.93,0,0,71491.62,0,0,0,2326.45,2440.04,0,21452.76,24059.54,55.92,2232.13,14344.93,0,0,0,0
2006-05-13 11:00:00,0,1862.7,0,286.01,9218.22,5588.05,5458.45,0,0,1875.94,14228.34,173.37,0,11381.37,1330.88,3365.64,65402.51,0,14108.6,0,0,73187.32,0,0,0,2352.75,2457.23,0,22269.73,25285.0,58.21,2369.79,14755.38,0,0,0,0
2006-05-13 12:00:00,0,1866.22,0,298.62,9256.96,5819.64,5496.0,0,0,1959.34,15006.32,181.47,0,11545.83,1387.14,3349.65,66254.68,0,14543.38,0,0,74179.36,0,0,0,2381.48,2483.36,0,22663.39,26028.84,59.71,2493.2,14949.84,0,0,0,0
2006-05-13 13:00:00,0,1857.76,0,305.22,9394.06,6024.7,5534.26,0,0,2053.45,15788.75,195.28,0,11689.7,1449.68,3380.89,66601.61,0,14844.97,0,0,75530.25,0,0,0,2438.52,2534.02,0,23227.93,26619.96,61.03,2570.14,15188.15,0,0,0,0
2006-05-13 14:00:00,0,1861.35,0,315.99,9555.42,6303.5,5665.4,0,0,2149.68,16334.25,211.65,0,11895.99,1507.91,3390.88,66670.02,0,15008.14,0,0,76685.88,0,0,0,2496.66,2576.2,0,23649.12,26899.46,61.53,2649.35,15512.48,0,0,0,0
2006-05-13 15:00:00,0,1886.55,0,326.63,9650.23,6631.96,5861.42,0,0,2254.22,16938.39,231.92,0,12059.16,1547.69,3450.6,67091.94,0,15188.22,0,0,77667.97,0,0,0,2566.35,2658.18,0,24070.64,26988.98,61.3,2729.56,15803.09,0,0,0,0
2006-05-13 16:00:00,0,1908.39,0,336.35,9950.41,7012.14,6031.97,0,0,2343.63,17351.81,251.46,0,12192.77,1614.71,3440.72,67509.83,0,15294.8,0,0,78561.58,0,0,0,2649.17,2736.31,0,24406.62,27046.24,61.99,2779.27,15900.59,0,0,0,0
2006-05-13 17:00:00,0,1936.83,0,343.76,10428.58,7314.96,6245.03,0,0,2405.45,17466.06,263.69,0,12360.04,1664.88,3408.57,67471.49,0,15350.65,0,0,78920.69,0,0,0,2649.19,2745.82,0,24689.01,27405.84,62.53,2766.68,16178.67,0,0,0,0
2006-05-13 18:00:00,0,1901.42,0,342.46,10467.31,7160.44,6325.09,0,0,2389.5,17081.26,261.65,0,12639.34,1670.84,3347.51,66978.24,0,15402.93,0,0,79155.51,0,0,0,2580.56,2692.34,0,25094.54,27703.0,62.21,2708.12,16156.78,0,0,0,0
2006-05-13 19:00:00,0,1909.3,0,354.0,11574.05,7205.5,6754.39,0,0,2409.92,16865.51,273.76,0,13337.09,1721.51,3647.95,68985.35,0,16789.0,0,0,87319.14,0,0,0,2728.23,2682.34,0,25475.02,28541.02,65.15,2778.7,17512.5,0,0,0,0
2006-05-13 20:00:00,0,1888.18,0,340.8,11332.7,6392.06,6134.62,0,0,2074.34,14838.91,244.36,0,12701.28,1552.71,3549.02,68734.34,0,16016.1,0,0,83999.29,0,0,0,2628.01,2573.31,0,24895.63,28826.42,64.78,2475.85,16744.65,0,0,0,0
2006-05-13 21:00:00,0,1883.86,0,321.92,11042.29,5814.78,5715.18,0,0,1834.18,13263.54,226.32,0,12067.68,1406.92,3361.65,67630.01,0,15605.04,0,0,79957.58,0,0,0,2556.35,2478.08,0,24437.44,27633.82,60.9,2241.17,16496.57,0,0,0,0
2006-05-13 22:00:00,0,1861.43,0,292.89,10211.51,5156.18,5406.36,0,0,1667.42,12098.76,211.13,0,11449.02,1298.43,3222.29,65835.51,0,14890.71,0,0,76308.29,0,0,0,2374.33,2332.65,0,22948.79,26767.92,58.02,2061.04,15363.47,0,0,0,0
2006-05-13 23:00:00,0,1719.01,0,265.75,9413.87,4560.19,5126.81,0,0,1533.39,11033.19,191.79,0,10839.37,1182.44,3071.52,63184.31,0,14217.43,0,0,72577.63,0,0,0,2233.78,2194.12,0,21683.45,25272.14,55.98,1905.49,14316.99,0,0,0,0
2006-05-14 00:00:00,0,1603.58,0,243.32,8729.58,4108.29,4816.56,0,0,1427.57,10023.38,173.46,0,10192.73,1086.98,2920.18,60569.81,0,13514.1,0,0,69269.38,0,0,0,2127.96,2078.19,0,20641.46,24034.65,53.84,1776.38,13446.45,0,0,0,0
2006-05-14 01:00:00,0,1493.62,0,226.17,8183.78,3698.29,4532.41,0,0,1335.75,9117.47,156.21,0,9730.8,1012.44,2814.7,58105.93,0,12825.04,0,0,66569.51,0,0,0,2026.34,1964.85,0,19950.35,22878.31,51.57,1633.0,12676.61,0,0,0,0
2006-05-14 02:00:00,0,1422.52,0,210.55,7871.29,3428.93,4288.55,0,0,1253.68,8316.89,144.95,0,9635.87,948.38,2742.77,56083.25,0,12342.73,0,0,64385.14,0,0,0,1961.61,1859.28,0,19479.74,21843.94,50.21,1525.67,12196.55,0,0,0,0
2006-05-14 03:00:00,0,1409.47,0,201.38,7743.9,3283.73,4194.29,0,0,1196.9,7858.88,139.15,0,9640.33,907.77,2727.39,54681.38,0,12086.04,0,0,63303.13,0,0,0,1920.48,1809.58,0,19050.83,21044.97,49.71,1481.53,11863.75,0,0,0,0
2006-05-14 04:00:00,0,1423.27,0,197.48,7743.77,3309.45,4215.95,0,0,1180.17,7769.68,136.16,0,9729.27,915.67,2751.1,54239.82,0,12099.4,0,0,63428.42,0,0,0,1912.73,1834.21,0,18706.43,20672.98,50.0,1452.23,11659.97,0,0,0,0
2006-05-14 05:00:00,0,1460.8,0,196.74,7897.14,3400.01,4350.28,0,0,1193.09,7891.05,137.62,0,9957.81,930.97,2802.99,54393.98,0,12313.9,0,0,63982.49,0,0,0,1942.1,1870.68,0,18750.46,20567.16,50.58,1479.7,11722.95,0,0,0,0
2006-05-14 06:00:00,0,1534.58,0,201.96,8200.83,3609.84,4609.16,0,0,1286.63,8296.79,143.21,0,10262.6,980.91,2898.99,55589.74,0,13081.79,0,0,66147.21,0,0,0,1976.75,1965.75,0,19115.77,20831.22,51.84,1562.49,12156.8,0,0,0,0
2006-05-14 07:00:00,0,1694.72,0,212.2,8361.43,4046.38,4821.13,0,0,1430.57,9302.6,155.31,0,10506.73,1064.57,2931.77,57351.47,0,13732.5,0,0,66950.6,0,0,0,2055.16,2088.73,0,19513.38,21080.45,52.07,1733.91,12834.37,0,0,0,0
2006-05-14 08:00:00,0,1763.24,0,244.31,8624.01,4918.46,5057.29,0,0,1694.08,11420.56,176.8,0,10760.5,1178.14,3036.11,59537.8,0,14138.17,0,0,68667.38,0,0,0,2128.52,2231.4,0,20121.71,21644.6,52.39,2031.59,13257.54,0,0,0,0
2006-05-14 09:00:00,0,1837.11,0,273.59,8919.29,5594.14,5269.05,0,0,1884.7,13257.41,187.63,0,10998.02,1274.59,3192.23,61754.9,0,14339.64,0,0,70335.06,0,0,0,2200.68,2333.89,0,21009.29,22673.15,55.2,2250.1,13744.95,0,0,0,0
2006-05-14 10:00:00,0,1887.86,0,302.91,9206.04,6251.61,5496.72,0,0,2052.56,14757.02,201.13,0,11249.81,1443.63,3311.57,63628.99,0,14235.16,0,0,71731.51,0,0,0,2286.61,2396.19,0,21992.51,23855.51,57.41,2490.35,14191.06,0,0,0,0
2006-05-14 11:00:00,0,1910.87,0,332.03,9551.32,6815.7,5771.55,0,0,2207.91,15915.78,221.8,0,11490.41,1565.86,3376.04,64689.72,0,14421.95,0,0,72971.03,0,0,0,2385.21,2441.39,0,22792.54,24836.74,57.25,2670.44,14584.19,0,0,0,0
2006-05-14 12:00:00,0,1922.25,0,352.23,9688.9,7149.06,5969.73,0,0,2319.56,16879.14,240.97,0,11665.23,1673.93,3424.59,65589.29,0,14506.04,0,0,74002.92,0,0,0,2444.4,2472.77,0,23727.04,25630.16,57.86,2810.08,14646.86,0,0,0,0
2006-05-14 13:00:00,0,1891.51,0,369.16,9866.42,7400.74,6027.51,0,0,2421.58,17640.37,253.67,0,11848.44,1762.33,3494.33,66512.62,0,14643.99,0,0,74697.15,0,0,0,2471.79,2488.45,0,24387.66,26055.39,58.57,2869.89,14726.9,0,0,0,0
2006-05-14 14:00:00,0,1882.03,0,383.52,10095.94,7658.09,6151.85,0,0,2526.14,18253.34,261.69,0,12011.15,1822.32,3494.35,67295.26,0,14868.35,0,0,75361.8,0,0,0,2576.92,2610.46,0,24474.31,26195.1,58.84,2953.46,14671.15,0,0,0,0
2006-05-14 15:00:00,0,1932.57,0,393.09,10281.96,8043.27,6313.35,0,0,2626.34,18822.43,271.87,0,12131.62,1861.96,3445.69,67710.54,0,15132.39,0,0,76116.4,0,0,0,2666.6,2714.95,0,24292.91,26119.53,61.63,3046.76,14642.37,0,0,0,0
2006-05-14 16:00:00,0,1994.21,0,382.07,10461.69,8294.39,6498.66,0,0,2713.79,19083.99,279.03,0,12261.15,1886.53,3383.39,67969.0,0,15248.81,0,0,76951.83,0,0,0,2733.54,2798.37,0,24154.93,26100.29,62.62,3083.41,14712.85,0,0,0,0
2006-05-14 17:00:00,0,2001.77,0,369.81,10474.28,8231.13,6474.45,0,0,2718.67,18945.56,281.41,0,12362.76,1882.16,3304.79,67831.07,0,15376.48,0,0,77127.38,0,0,0,2776.21,2825.1,0,24220.35,26053.75,62.91,3020.36,14519.96,0,0,0,0
2006-05-14 18:00:00,0,1974.48,0,356.26,10182.27,7849.81,6290.87,0,0,2600.46,18337.8,276.64,0,12636.73,1851.66,3265.35,68035.87,0,15518.43,0,0,77026.44,0,0,0,2770.04,2781.32,0,24335.02,26189.48,60.93,2897.6,14411.89,0,0,0,0
2006-05-14 19:00:00,0,1993.37,0,384.92,12065.91,8083.41,7063.08,0,0,2765.4,18492.58,304.49,0,14126.64,2015.41,3677.51,73913.21,0,17311.47,0,0,86902.88,0,0,0,2880.09,2765.29,0,26252.91,27791.6,67.64,3135.1,17274.45,0,0,0,0
2006-05-14 20:00:00,0,1974.16,0,373.47,11697.61,7234.23,6574.24,0,0,2428.72,16675.68,282.39,0,13269.57,1821.69,3621.09,72650.65,0,16800.93,0,0,83558.83,0,0,0,2825.18,2653.59,0,25862.49,27552.31,67.99,2804.81,16567.23,0,0,0,0
2006-05-14 21:00:00,0,1989.52,0,355.78,11246.12,6597.27,6118.77,0,0,2212.77,15289.96,265.37,0,12440.82,1658.27,3510.17,71178.21,0,16112.77,0,0,79628.41,0,0,0,2715.11,2508.57,0,24946.07,27707.08,66.43,2556.82,16582.49,0,0,0,0
2006-05-14 22:00:00,0,1926.99,0,327.82,10376.38,5835.72,5731.81,0,0,2000.68,13879.43,238.02,0,11645.92,1520.69,3369.55,68752.62,0,15169.03,0,0,76265.63,0,0,0,2535.58,2316.7,0,23179.43,26891.19,64.96,2370.41,15661.87,0,0,0,0
2006-05-14 23:00:00,0,1795.71,0,294.97,9588.22,5178.44,5354.05,0,0,1803.62,12542.67,213.95,0,10851.71,1368.61,3231.41,65721.02,0,14311.67,0,0,73192.17,0,0,0,2349.61,2160.58,0,21578.52,25395.75,63.48,2187.36,14834.7,0,0,0,0
2006-05-15 00:00:00,0,1697.36,0,265.71,8925.17,4593.76,4953.43,0,0,1618.41,11313.42,194.17,0,10087.48,1226.04,3148.8,62840.8,0,13476.85,0,0,70238.89,0,0,0,2172.19,2012.48,0,20193.49,24147.15,61.65,1975.53,14133.85,0,0,0,0
2006-05-15 01:00:00,0,1597.8,0,239.79,8351.69,4099.25,4593.66,0,0,1456.31,10207.05,176.19,0,9631.74,1104.12,3071.42,59959.15,0,12749.47,0,0,67376.19,0,0,0,2051.65,1883.02,0,18852.55,22941.2,61.03,1810.11,13512.38,0,0,0,0
2006-05-15 02:00:00,0,1520.04,0,217.35,8053.45,3753.51,4361.05,0,0,1338.53,9258.7,159.53,0,9622.25,1021.29,3000.22,57403.24,0,12301.42,0,0,65036.83,0,0,0,1988.96,1812.0,0,18124.56,21794.28,60.56,1673.71,13129.23,0,0,0,0
2006-05-15 03:00:00,0,1514.5,0,210.87,8079.38,3713.39,4405.24,0,0,1303.53,8958.57,151.37,0,9837.41,1017.07,3017.47,56205.72,0,12413.72,0,0,64862.45,0,0,0,1966.68,1836.28,0,18024.92,21472.36,60.7,1668.03,13295.54,0,0,0,0
2006-05-15 04:00:00,0,1563.9,0,218.76,8472.73,3880.82,4632.57,0,0,1352.88,9232.47,156.4,0,10246.21,1057.51,3147.38,57256.66,0,13046.64,0,0,66719.8,0,0,0,2034.38,1875.06,0,18481.34,21690.6,62.39,1708.11,13758.01,0,0,0,0
2006-05-15 05:00:00,0,1635.49,0,227.6,9014.69,4061.36,4867.57,0,0,1405.85,9561.96,162.02,0,10792.88,1097.96,3278.63,59104.87,0,13746.75,0,0,68917.06,0,0,0,2100.57,1916.24,0,18984.8,22383.55,64.22,1751.87,14284.73,0,0,0,0
2006-05-15 06:00:00,0,1706.55,0,239.83,10182.58,4308.17,5274.21,0,0,1520.04,10251.88,169.5,0,11639.0,1163.8,3442.97,61405.84,0,15094.71,0,0,74180.77,0,0,0,2247.63,2002.05,0,19907.68,23140.85,66.24,1819.29,15016.72,0,0,0,0
2006-05-15 07:00:00,0,1866.31,0,264.7,10284.54,4796.55,5538.28,0,0,1677.04,11497.0,188.54,0,12551.07,1275.18,3632.42,65754.22,0,16354.29,0,0,79001.11,0,0,0,2337.3,2101.42,0,21264.94,24974.68,66.96,1993.29,15707.79,0,0,0,0
2006-05-15 08:00:00,0,1903.6,0,286.95,10350.71,5412.19,5727.65,0,0,1916.66,13375.85,207.98,0,12985.04,1367.09,3715.79,68330.46,0,16736.38,0,0,80844.39,0,0,0,2403.96,2196.23,0,21580.0,25626.12,66.99,2258.43,15828.74,0,0,0,0
2006-05-15 09:00:00,0,1915.98,0,291.19,10639.24,5856.04,5881.36,0,0,2068.44,14788.04,221.86,0,13193.99,1440.54,3788.19,70260.3,0,17015.11,0,0,82238.48,0,0,0,2465.94,2279.41,0,22169.04,26247.48,67.78,2420.78,16069.78,0,0,0,0
2006-05-15 10:00:00,0,1928.84,0,306.49,10777.53,6377.5,5872.7,0,0,2225.81,16258.69,243.48,0,13407.26,1530.22,3862.61,72030.04,0,17328.91,0,0,83343.57,0,0,0,2533.43,2321.18,0,22821.89,27151.79,69.11,2609.01,16356.55,0,0,0,0
2006-05-15 11:00:00,0,1940.74,0,320.04,10717.39,6943.48,5912.11,0,0,2397.37,17582.87,244.81,0,13514.53,1628.74,3939.05,73151.51,0,17838.3,0,0,84208.54,0,0,0,2617.35,2384.1,0,23265.78,27964.48,70.36,2799.5,16678.8,0,0,0,0
2006-05-15 12:00:00,0,1950.84,0,335.82,10845.16,7385.27,6010.14,0,0,2553.61,18440.42,241.82,0,13568.09,1639.45,3930.68,73812.36,0,17830.16,0,0,84751.9,0,0,0,2679.34,2488.1,0,23492.14,28735.65,71.21,2960.7,16779.08,0,0,0,0
2006-05-15 13:00:00,0,1961.21,0,356.39,10910.97,7799.34,6184.91,0,0,2700.67,19054.29,234.12,0,13650.91,1585.58,3951.72,73983.16,0,17918.4,0,0,84765.55,0,0,0,2735.12,2564.38,0,23576.99,29053.85,71.16,3117.45,16647.49,0,0,0,0
2006-05-15 14:00:00,0,1978.95,0,374.6,10878.82,8248.24,6361.01,0,0,2821.73,19656.35,260.55,0,13732.93,1582.93,3928.92,74093.86,0,17978.76,0,0,84433.88,0,0,0,2732.44,2590.82,0,23671.76,29027.02,73.18,3281.55,16475.54,0,0,0,0
2006-05-15 15:00:00,0,1989.96,0,374.84,10875.15,8642.4,6517.38,0,0,2945.31,20118.12,272.41,0,13795.29,1774.34,3912.34,74204.42,0,18051.89,0,0,83922.01,0,0,0,2746.59,2621.19,0,23790.31,28923.3,73.67,3419.54,16390.41,0,0,0,0
2006-05-15 16:00:00,0,1950.78,0,390.15,11094.06,8901.69,6610.41,0,0,3010.51,20295.61,276.73,0,13834.97,1891.38,3885.92,74065.42,0,18030.38,0,0,83643.44,0,0,0,2776.4,2668.64,0,23728.22,28551.74,74.48,3467.64,16428.76,0,0,0,0
2006-05-15 17:00:00,0,1919.27,0,394.44,11250.14,8837.89,6599.43,0,0,2973.92,20071.31,279.18,0,13845.14,1789.5,3829.42,73723.29,0,17903.37,0,0,83496.37,0,0,0,2832.02,2721.02,0,23975.32,28163.75,73.55,3391.13,16421.63,0,0,0,0
2006-05-15 18:00:00,0,1908.03,0,386.54,11389.92,8437.76,6670.16,0,0,2876.73,19383.42,272.36,0,13850.88,1741.55,3768.14,73283.45,0,17728.93,0,0,83891.26,0,0,0,2832.4,2732.46,0,23866.88,28138.26,72.82,3249.89,16556.97,0,0,0,0
2006-05-15 19:00:00,0,1960.19,0,382.35,11796.98,8170.14,7088.32,0,0,2849.29,18723.44,283.9,0,13640.34,1809.47,3714.1,72098.01,0,17284.99,0,0,86287.09,0,0,0,2827.44,2724.89,0,24068.07,28114.21,70.25,3162.89,16933.25,0,0,0,0
2006-05-15 20:00:00,0,1939.63,0,352.33,11427.68,7548.35,6565.55,0,0,2594.24,17310.1,272.08,0,12798.96,1675.48,3622.18,71500.12,0,16684.3,0,0,83292.49,0,0,0,2746.47,2590.84,0,23591.38,27187.01,68.83,2907.8,16544.56,0,0,0,0
2006-05-15 21:00:00,0,1913.16,0,330.14,11047.79,6894.04,6062.56,0,0,2355.57,16077.74,253.75,0,12003.19,1532.37,3479.08,70208.21,0,15997.45,0,0,79558.23,0,0,0,2633.74,2444.72,0,23227.35,27331.92,65.82,2678.15,16617.08,0,0,0,0
2006-05-15 22:00:00,0,1841.58,0,301.97,10263.69,6204.68,5631.11,0,0,2136.87,14781.25,233.6,0,11263.21,1428.71,3361.44,67989.32,0,15039.99,0,0,76100.97,0,0,0,2450.51,2262.72,0,21885.7,26727.11,63.91,2504.81,15700.81,0,0,0,0
2006-05-15 23:00:00,0,1702.61,0,275.18,9565.64,5603.66,5245.44,0,0,1951.06,13456.8,217.0,0,10510.27,1305.28,3255.13,65194.28,0,14155.08,0,0,72936.87,0,0,0,2262.87,2098.32,0,20497.34,25281.66,62.52,2334.31,14858.97,0,0,0,0
2006-05-16 00:00:00,0,1575.35,0,247.35,8861.12,5026.23,4877.98,0,0,1773.46,12269.62,198.93,0,9785.89,1176.77,3168.96,62330.68,0,13394.79,0,0,69866.82,0,0,0,2114.58,1949.95,0,19200.19,23910.45,61.05,2156.06,14178.95,0,0,0,0
2006-05-16 01:00:00,0,1459.66,0,227.01,8318.9,4504.51,4552.74,0,0,1623.15,11249.27,179.94,0,9461.56,1132.6,3076.97,59616.88,0,12710.76,0,0,66985.08,0,0,0,1988.63,1830.38,0,18160.32,22632.11,59.71,1996.32,13494.86,0,0,0,0
2006-05-16 02:00:00,0,1395.32,0,210.16,8097.71,4098.73,4323.4,0,0,1482.32,10286.86,159.64,0,9445.94,1055.01,2984.03,57387.88,0,12202.56,0,0,64766.94,0,0,0,1930.95,1767.98,0,17570.25,21536.3,58.67,1856.66,13076.24,0,0,0,0
2006-05-16 03:00:00,0,1416.42,0,205.37,8120.4,4038.63,4380.99,0,0,1431.17,9850.84,153.05,0,9641.15,1037.34,2984.54,56338.6,0,12226.59,0,0,64631.55,0,0,0,1922.08,1828.39,0,17714.59,21265.63,58.19,1789.85,13198.17,0,0,0,0
2006-05-16 04:00:00,0,1488.02,0,210.12,8570.58,4196.16,4711.8,0,0,1457.75,9982.23,155.59,0,10016.73,1051.24,3112.12,57250.83,0,12773.08,0,0,66670.32,0,0,0,2006.55,1913.06,0,18629.08,21359.68,59.78,1811.22,13564.04,0,0,0,0
2006-05-16 05:00:00,0,1576.23,0,216.46,9161.46,4362.37,5028.5,0,0,1501.01,10270.03,158.27,0,10591.39,1075.32,3243.86,59014.02,0,13558.48,0,0,68993.27,0,0,0,2109.54,2016.42,0,19563.59,22036.2,61.88,1851.31,14106.9,0,0,0,0
2006-05-16 06:00:00,0,1664.97,0,232.35,10270.2,4591.47,5473.88,0,0,1587.44,10730.19,162.63,0,11473.78,1111.18,3436.63,61346.53,0,14930.2,0,0,75650.43,0,0,0,2339.52,2163.82,0,20867.27,22814.28,63.9,1933.18,14894.91,0,0,0,0
2006-05-16 07:00:00,0,1793.05,0,259.87,10197.9,4904.03,5587.69,0,0,1740.73,11430.56,167.97,0,12315.18,1169.78,3651.14,65668.08,0,15616.22,0,0,77918.57,0,0,0,2385.45,2186.95,0,21884.42,24710.82,64.45,2055.76,15500.44,0,0,0,0
2006-05-16 08:00:00,0,1794.62,0,273.59,10354.42,5232.12,5689.81,0,0,1882.52,12246.89,175.95,0,12539.11,1227.21,3738.03,68005.85,0,16040.88,0,0,80383.58,0,0,0,2435.95,2239.41,0,21802.89,25213.8,63.97,2157.25,15751.75,0,0,0,0
2006-05-16 09:00:00,0,1807.86,0,286.72,10754.92,5473.76,5804.78,0,0,1945.84,12912.16,182.84,0,12703.47,1284.54,3812.22,70047.87,0,16362.09,0,0,82306.43,0,0,0,2485.67,2310.57,0,22526.46,25864.68,64.67,2217.18,16041.02,0,0,0,0
2006-05-16 10:00:00,0,1839.02,0,298.42,10756.75,5700.45,5828.17,0,0,1980.38,13435.59,192.26,0,12970.59,1332.8,3904.78,71934.83,0,16787.15,0,0,83627.19,0,0,0,2504.84,2323.97,0,23015.7,26860.51,66.73,2285.96,16294.27,0,0,0,0
2006-05-16 11:00:00,0,1861.33,0,304.77,10658.25,5922.64,5780.09,0,0,2034.2,13921.99,203.02,0,13059.0,1366.03,3956.85,73252.56,0,17136.4,0,0,84401.39,0,0,0,2519.0,2346.28,0,23056.05,27902.02,68.22,2380.21,16484.89,0,0,0,0
2006-05-16 12:00:00,0,1882.41,0,312.22,10705.57,6107.17,5790.35,0,0,2093.18,14401.39,212.81,0,13143.2,1395.76,3986.96,73950.71,0,17286.32,0,0,84501.37,0,0,0,2536.35,2369.82,0,23268.05,28640.19,71.57,2482.75,16579.93,0,0,0,0
2006-05-16 13:00:00,0,1894.65,0,316.58,10744.35,6254.51,5808.0,0,0,2134.03,14700.36,220.47,0,13238.79,1436.48,3998.67,74396.46,0,17512.48,0,0,84480.19,0,0,0,2571.37,2395.82,0,23574.79,28971.42,72.31,2562.05,16771.21,0,0,0,0
2006-05-16 14:00:00,0,1903.47,0,321.0,10820.23,6408.22,5920.75,0,0,2180.64,15060.67,226.14,0,13428.31,1496.21,3988.72,74558.21,0,17549.07,0,0,84382.6,0,0,0,2602.42,2414.79,0,24113.91,28907.06,72.36,2657.6,16951.92,0,0,0,0
2006-05-16 15:00:00,0,1923.64,0,324.35,10894.58,6577.46,6094.69,0,0,2230.44,15579.62,232.03,0,13469.23,1549.75,3957.17,74481.96,0,17514.23,0,0,84186.77,0,0,0,2647.28,2448.18,0,24516.36,28944.34,74.72,2794.32,17010.54,0,0,0,0
2006-05-16 16:00:00,0,1930.83,0,327.52,11287.41,6792.53,6326.24,0,0,2297.42,15859.91,235.12,0,13495.9,1602.48,3897.22,74225.71,0,17682.02,0,0,84343.11,0,0,0,2698.9,2552.43,0,24903.27,28943.5,74.55,2865.24,17065.29,0,0,0,0
2006-05-16 17:00:00,0,1919.08,0,337.79,11470.78,6872.26,6387.36,0,0,2321.66,16023.55,242.82,0,13501.98,1639.8,3849.41,73866.77,0,17467.38,0,0,84391.36,0,0,0,2763.57,2612.65,0,24925.37,28761.4,73.32,2849.37,17024.69,0,0,0,0
2006-05-16 18:00:00,0,1911.54,0,338.17,11641.04,6802.87,6477.47,0,0,2280.85,16089.79,244.34,0,13467.57,1652.12,3792.48,74045.31,0,17328.83,0,0,84803.56,0,0,0,2762.12,2622.23,0,24789.17,28674.34,72.73,2835.6,17017.51,0,0,0,0
2006-05-16 19:00:00,0,1988.06,0,357.18,12119.84,7033.85,6959.52,0,0,2272.7,15724.48,256.38,0,14110.98,1712.18,3712.64,73177.0,0,17959.14,0,0,89161.29,0,0,0,2771.21,2691.52,0,25660.9,30061.9,71.53,2884.11,17474.07,0,0,0,0
2006-05-16 20:00:00,0,1973.89,0,335.49,11520.45,6685.35,6371.45,0,0,2115.3,14671.24,244.72,0,13338.64,1555.14,3687.74,73180.8,0,17297.16,0,0,86431.35,0,0,0,2689.45,2548.0,0,24534.97,28923.2,72.23,2716.85,16964.23,0,0,0,0
2006-05-16 21:00:00,0,1945.88,0,308.56,11172.77,6142.9,5918.45,0,0,1972.31,13762.28,232.64,0,12624.09,1426.93,3506.66,71488.58,0,16506.86,0,0,81495.41,0,0,0,2568.24,2400.52,0,24095.58,28368.45,68.32,2479.37,16823.74,0,0,0,0
2006-05-16 22:00:00,0,1849.53,0,282.51,10338.54,5628.35,5508.89,0,0,1841.6,12895.52,211.51,0,11881.98,1320.53,3364.35,68790.41,0,15603.57,0,0,77518.22,0,0,0,2397.1,2232.44,0,22556.33,27348.21,65.03,2313.93,15734.66,0,0,0,0
2006-05-16 23:00:00,0,1698.96,0,258.38,9516.58,5119.76,5127.77,0,0,1718.3,12002.87,192.24,0,11135.17,1209.97,3228.31,65576.79,0,14706.63,0,0,73985.19,0,0,0,2245.22,2085.87,0,21006.2,25791.28,62.71,2141.92,14779.41,0,0,0,0
2006-05-17 00:00:00,0,1568.48,0,235.99,8807.05,4615.81,4791.6,0,0,1592.12,11245.18,173.1,0,10382.75,1110.01,3123.72,62494.66,0,13855.12,0,0,70636.66,0,0,0,2114.52,1955.05,0,19626.72,24325.75,60.88,1940.71,13947.15,0,0,0,0
2006-05-17 01:00:00,0,1442.48,0,216.73,8281.0,4168.19,4488.86,0,0,1463.27,10391.6,154.76,0,9867.11,1019.47,3032.31,59490.71,0,13024.43,0,0,67446.29,0,0,0,2016.81,1839.62,0,18492.79,22985.27,59.42,1795.84,13176.72,0,0,0,0
2006-05-17 02:00:00,0,1364.45,0,200.23,7922.98,3857.15,4338.96,0,0,1355.71,9545.96,143.54,0,9702.33,966.08,2945.24,56980.01,0,12469.66,0,0,65229.4,0,0,0,1961.87,1772.67,0,17901.48,21820.22,57.99,1705.55,12622.69,0,0,0,0
2006-05-17 03:00:00,0,1371.6,0,197.32,7995.09,3854.92,4481.48,0,0,1337.74,9464.83,138.85,0,9734.28,974.21,2931.21,55905.8,0,12297.7,0,0,64625.42,0,0,0,1932.31,1830.53,0,17844.15,21305.1,56.8,1667.5,12599.7,0,0,0,0
2006-05-17 04:00:00,0,1431.37,0,204.17,8364.78,3997.79,4761.83,0,0,1379.17,9658.08,144.77,0,9926.84,1009.74,3062.51,56662.16,0,12560.24,0,0,65981.05,0,0,0,1992.47,1891.36,0,18377.06,21323.97,58.04,1730.72,12910.42,0,0,0,0
2006-05-17 05:00:00,0,1506.03,0,212.34,8901.66,4131.46,5044.93,0,0,1438.37,9907.5,150.91,0,11058.21,1045.9,3207.27,58390.77,0,13762.45,0,0,68687.81,0,0,0,2091.12,1961.28,0,18933.55,21887.16,59.78,1796.05,13459.25,0,0,0,0
2006-05-17 06:00:00,0,1590.8,0,226.41,10061.05,4328.28,5504.82,0,0,1506.58,10310.04,159.4,0,11777.89,1127.74,3396.38,60757.71,0,15326.63,0,0,75608.79,0,0,0,2261.01,2048.78,0,19803.42,22630.68,61.73,1848.02,14135.47,0,0,0,0
2006-05-17 07:00:00,0,1694.98,0,259.15,10239.85,4774.35,5673.38,0,0,1665.56,11242.98,174.71,0,12241.08,1234.14,3510.54,65190.35,0,16144.05,0,0,78193.65,0,0,0,2349.89,2100.97,0,21152.08,24344.06,62.71,1993.36,14775.64,0,0,0,0
2006-05-17 08:00:00,0,1689.34,0,276.78,10347.75,5065.22,5693.08,0,0,1779.9,12202.39,187.0,0,12591.18,1288.47,3554.93,67631.89,0,16761.15,0,0,81375.35,0,0,0,2422.22,2186.04,0,21532.28,24910.28,62.83,2084.24,15300.58,0,0,0,0
2006-05-17 09:00:00,0,1732.05,0,292.32,10558.31,5316.22,5838.97,0,0,1853.93,13061.07,191.46,0,12757.81,1335.69,3639.5,69905.88,0,17133.95,0,0,83295.91,0,0,0,2496.86,2255.91,0,22430.38,25772.02,64.5,2158.96,15773.05,0,0,0,0
2006-05-17 10:00:00,0,1792.96,0,302.63,10921.98,5533.23,5986.46,0,0,1956.79,13946.59,197.0,0,12988.96,1370.78,3783.68,71770.97,0,17355.07,0,0,84699.87,0,0,0,2554.41,2314.2,0,23124.64,27115.02,67.21,2259.81,16111.6,0,0,0,0
2006-05-17 11:00:00,0,1846.36,0,309.77,11094.79,5605.79,6139.97,0,0,2071.19,14861.52,197.31,0,13088.23,1422.94,3906.6,73235.73,0,17654.98,0,0,85842.26,0,0,0,2620.65,2373.77,0,23524.58,28793.78,69.07,2387.28,16430.71,0,0,0,0
2006-05-17 12:00:00,0,1896.87,0,319.24,11280.8,5853.19,6190.46,0,0,2159.16,15593.39,203.16,0,13162.45,1473.42,3970.79,74574.76,0,17712.68,0,0,86845.57,0,0,0,2663.01,2420.22,0,23985.08,29786.42,70.27,2483.36,16670.05,0,0,0,0
2006-05-17 13:00:00,0,1956.77,0,327.83,11278.58,6104.99,6318.45,0,0,2239.67,16174.02,213.67,0,13204.83,1560.84,4017.09,75270.86,0,17715.4,0,0,88092.99,0,0,0,2709.5,2494.22,0,24422.25,30154.07,71.56,2566.86,16894.13,0,0,0,0
2006-05-17 14:00:00,0,1998.62,0,339.04,11507.47,6402.14,6467.91,0,0,2326.33,16721.57,243.41,0,13257.93,1657.14,4069.95,75217.28,0,17948.66,0,0,89063.09,0,0,0,2742.86,2567.17,0,24735.84,30326.49,73.07,2671.47,17093.64,0,0,0,0
2006-05-17 15:00:00,0,2014.41,0,349.65,11654.68,6713.6,6597.31,0,0,2429.39,17401.15,252.62,0,13299.92,1702.55,4144.69,74733.04,0,17750.89,0,0,89917.43,0,0,0,2795.85,2662.45,0,24903.34,30446.59,73.81,2767.99,17260.05,0,0,0,0
2006-05-17 16:00:00,0,2021.36,0,359.52,11721.7,6982.52,6664.54,0,0,2493.38,17717.17,253.33,0,13468.91,1770.47,4147.76,74043.82,0,17800.56,0,0,90350.16,0,0,0,2837.06,2707.51,0,24945.5,30861.4,74.24,2829.04,17313.44,0,0,0,0
2006-05-17 17:00:00,0,2057.17,0,366.45,11729.98,7119.76,6712.18,0,0,2500.47,17695.36,259.11,0,13662.62,1778.94,4095.65,73495.61,0,17787.48,0,0,90518.23,0,0,0,2844.68,2721.36,0,24841.79,31384.63,75.12,2829.69,17325.3,0,0,0,0
2006-05-17 18:00:00,0,2090.27,0,356.53,11786.91,7011.41,6772.42,0,0,2472.63,17359.02,263.55,0,13750.17,1755.76,4061.85,73886.56,0,17668.63,0,0,91425.87,0,0,0,2825.45,2709.21,0,24773.43,31275.66,75.31,2763.3,17244.69,0,0,0,0
2006-05-17 19:00:00,0,2303.57,0,358.01,12272.68,7264.84,7155.26,0,0,2544.18,17361.99,272.15,0,14766.45,1841.2,4076.79,73665.78,0,18407.25,0,0,95724.3,0,0,0,2870.84,2738.82,0,25279.84,32856.86,76.13,2866.82,18212.82,0,0,0,0
2006-05-17 20:00:00,0,2194.67,0,334.15,11643.39,6780.22,6586.11,0,0,2330.66,15966.75,255.84,0,13727.74,1679.31,3963.34,73073.79,0,17629.24,0,0,91398.75,0,0,0,2770.13,2615.6,0,24695.55,31239.13,76.1,2638.94,17397.79,0,0,0,0
2006-05-17 21:00:00,0,2066.53,0,314.33,11234.17,6295.65,6066.46,0,0,2135.13,14631.48,242.89,0,12772.53,1533.85,3707.69,71381.39,0,16941.63,0,0,85840.03,0,0,0,2629.46,2460.95,0,24250.44,30563.38,71.06,2421.44,17162.07,0,0,0,0
2006-05-17 22:00:00,0,1958.16,0,289.64,10386.19,5647.35,5627.06,0,0,1937.37,13343.68,221.44,0,11899.9,1410.14,3533.07,68890.27,0,15979.38,0,0,81579.38,0,0,0,2437.69,2267.03,0,22673.19,29094.98,66.86,2249.63,16148.0,0,0,0,0
2006-05-17 23:00:00,0,1776.77,0,266.66,9606.56,5035.65,5240.65,0,0,1751.12,12126.95,201.54,0,11058.27,1278.05,3394.63,65592.32,0,15024.27,0,0,77630.17,0,0,0,2273.72,2114.52,0,21217.47,26857.82,63.89,2083.23,15126.42,0,0,0,0
2006-05-18 00:00:00,0,1618.56,0,242.19,8923.07,4494.34,4891.49,0,0,1576.04,11003.85,182.39,0,10201.49,1151.37,3278.83,62574.67,0,14084.78,0,0,73838.8,0,0,0,2138.39,1979.42,0,19839.8,25122.12,61.71,1922.8,14221.44,0,0,0,0
2006-05-18 01:00:00,0,1466.45,0,220.25,8380.86,4038.15,4565.03,0,0,1429.69,9912.57,164.53,0,9676.7,1052.89,3163.14,59619.94,0,13230.31,0,0,70238.59,0,0,0,2021.74,1856.04,0,18624.46,23600.42,60.04,1783.01,13373.23,0,0,0,0
2006-05-18 02:00:00,0,1359.0,0,201.38,8066.4,3667.02,4351.89,0,0,1317.11,8955.65,148.74,0,9574.13,983.59,3050.64,56927.74,0,12681.56,0,0,67410.91,0,0,0,1958.51,1772.48,0,17937.04,22302.25,59.12,1655.11,12694.41,0,0,0,0
2006-05-18 03:00:00,0,1325.99,0,199.4,8033.65,3548.83,4398.97,0,0,1270.42,8558.88,140.32,0,9624.44,965.65,2967.81,55426.5,0,12446.47,0,0,66033.9,0,0,0,1938.47,1806.87,0,17773.29,21553.14,57.76,1615.85,12353.25,0,0,0,0
2006-05-18 04:00:00,0,1361.88,0,207.18,8338.22,3738.73,4663.06,0,0,1315.8,8776.68,146.74,0,9823.67,1003.9,2974.17,55907.44,0,12641.98,0,0,66965.34,0,0,0,2001.23,1868.12,0,18273.35,21470.67,57.7,1667.39,12544.18,0,0,0,0
2006-05-18 05:00:00,0,1437.77,0,215.79,8838.46,3945.76,4915.31,0,0,1370.02,9091.6,152.37,0,10732.13,1044.58,3084.53,57775.94,0,13686.16,0,0,69120.86,0,0,0,2089.46,1928.04,0,18797.42,21940.35,58.82,1742.58,12946.84,0,0,0,0
2006-05-18 06:00:00,0,1528.18,0,236.75,9865.52,4333.37,5344.74,0,0,1529.58,10000.03,162.84,0,11457.03,1155.72,3330.35,60706.18,0,15208.43,0,0,76385.77,0,0,0,2293.54,2041.16,0,20008.03,22640.8,60.35,1891.83,13737.84,0,0,0,0
2006-05-18 07:00:00,0,1673.5,0,265.24,10105.33,4799.29,5495.05,0,0,1686.91,11102.37,179.23,0,11949.8,1244.16,3596.21,65189.47,0,15873.09,0,0,79297.08,0,0,0,2355.96,2108.03,0,21028.7,24413.25,61.66,2047.9,14986.93,0,0,0,0
2006-05-18 08:00:00,0,1705.6,0,286.54,10482.16,5361.35,5701.74,0,0,1818.57,12146.5,193.08,0,12472.51,1307.7,3746.35,67573.11,0,16593.29,0,0,82101.59,0,0,0,2444.1,2198.22,0,21921.39,25142.83,62.85,2222.84,15612.21,0,0,0,0
2006-05-18 09:00:00,0,1791.71,0,304.44,10830.23,5515.48,5919.61,0,0,1865.98,12924.22,199.46,0,12720.83,1362.3,3893.17,69515.23,0,17097.41,0,0,83653.4,0,0,0,2523.65,2283.07,0,22936.6,26256.37,65.35,2316.88,16182.59,0,0,0,0
2006-05-18 10:00:00,0,1854.57,0,313.5,11080.94,5730.2,6006.82,0,0,1937.3,13598.15,204.28,0,13063.42,1388.71,3981.85,70799.33,0,17414.26,0,0,84874.1,0,0,0,2558.94,2369.14,0,23769.4,27943.74,67.18,2437.84,16700.27,0,0,0,0
2006-05-18 11:00:00,0,1914.57,0,323.23,11373.18,5990.37,6123.33,0,0,2038.93,14333.76,207.86,0,13332.6,1459.83,4001.6,71371.32,0,17636.82,0,0,85412.9,0,0,0,2627.48,2440.06,0,24661.04,29807.83,67.54,2545.1,17104.58,0,0,0,0
2006-05-18 12:00:00,0,1957.85,0,337.8,11607.56,6322.09,6278.12,0,0,2145.61,15129.63,217.09,0,13422.64,1533.66,3987.5,71664.43,0,17979.15,0,0,85495.74,0,0,0,2730.77,2524.64,0,25239.26,30859.4,68.44,2664.32,17369.1,0,0,0,0
2006-05-18 13:00:00,0,1992.17,0,354.25,11822.25,6682.65,6506.75,0,0,2251.49,15821.19,228.69,0,13546.96,1623.6,3967.49,72101.17,0,18067.43,0,0,85420.89,0,0,0,2830.59,2633.47,0,25753.59,31572.6,69.09,2777.97,17393.59,0,0,0,0
2006-05-18 14:00:00,0,1989.33,0,371.77,11904.08,6976.26,6697.04,0,0,2371.62,16622.73,243.15,0,13703.14,1732.05,3901.33,72186.1,0,18084.63,0,0,85767.87,0,0,0,2898.22,2742.0,0,26240.33,32127.85,69.72,2857.94,17282.7,0,0,0,0
2006-05-18 15:00:00,0,1983.29,0,386.9,12029.14,7268.1,6866.48,0,0,2485.99,17392.42,258.53,0,13819.54,1824.34,3806.48,71401.66,0,17993.11,0,0,85476.27,0,0,0,2979.52,2829.63,0,26533.62,32873.07,70.18,2949.26,17027.03,0,0,0,0
2006-05-18 16:00:00,0,2006.3,0,398.0,12106.61,7514.67,6975.88,0,0,2574.21,17846.12,275.21,0,14116.94,1877.86,3726.86,70468.63,0,17986.73,0,0,85213.01,0,0,0,3042.04,2894.78,0,26595.4,33946.09,71.14,3004.92,16786.95,0,0,0,0
2006-05-18 17:00:00,0,2021.13,0,400.26,12032.77,7638.22,7011.27,0,0,2603.94,17899.68,282.0,0,14263.34,1892.38,3654.96,70745.2,0,18016.09,0,0,84968.14,0,0,0,3075.34,2941.39,0,26515.19,34833.82,71.24,2992.35,16711.78,0,0,0,0
2006-05-18 18:00:00,0,2056.7,0,394.68,11861.98,7482.59,7003.79,0,0,2554.64,17642.77,275.82,0,14063.6,1863.43,3666.92,70989.53,0,17945.7,0,0,85222.88,0,0,0,3064.73,2930.39,0,26687.21,34710.45,72.03,2961.92,16715.02,0,0,0,0
2006-05-18 19:00:00,0,2284.57,0,374.61,12543.31,7586.25,7466.83,0,0,2587.18,17570.46,282.89,0,14829.48,1937.92,3739.85,70309.42,0,18418.23,0,0,88947.73,0,0,0,3093.26,2950.18,0,26852.94,35723.05,74.16,2988.24,18404.53,0,0,0,0
2006-05-18 20:00:00,0,2192.63,0,352.46,11951.78,7026.95,6916.0,0,0,2339.59,16153.01,268.55,0,13774.61,1749.51,3654.88,70000.26,0,17665.45,0,0,86651.93,0,0,0,2973.49,2813.81,0,26306.1,33854.63,74.13,2737.16,17362.05,0,0,0,0
2006-05-18 21:00:00,0,2072.41,0,337.69,11367.34,6507.07,6386.69,0,0,2145.82,14768.73,253.82,0,12779.42,1634.98,3475.39,69214.45,0,16612.02,0,0,82051.04,0,0,0,2835.14,2649.78,0,25522.66,32651.87,70.23,2496.84,17160.47,0,0,0,0
2006-05-18 22:00:00,0,1981.15,0,311.32,10422.58,5848.37,5921.79,0,0,1957.2,13474.1,234.34,0,11967.34,1500.27,3360.71,67393.69,0,15804.66,0,0,77911.2,0,0,0,2630.67,2438.17,0,23693.17,31080.25,65.94,2300.35,16072.79,0,0,0,0
2006-05-18 23:00:00,0,1805.87,0,286.02,9599.38,5197.16,5480.61,0,0,1782.26,12243.8,213.37,0,11049.09,1370.94,3258.1,64827.63,0,14786.0,0,0,74161.16,0,0,0,2432.23,2243.96,0,22086.33,28710.76,63.43,2134.6,14983.77,0,0,0,0
2006-05-19 00:00:00,0,1652.12,0,261.73,8873.89,4634.94,5021.52,0,0,1604.14,11062.71,192.39,0,10127.79,1258.15,3169.84,62111.23,0,13866.12,0,0,70679.68,0,0,0,2223.18,2052.58,0,20589.99,26619.92,61.32,1979.52,14045.95,0,0,0,0
2006-05-19 01:00:00,0,1494.96,0,239.27,8287.19,4150.42,4652.13,0,0,1450.2,10048.66,173.06,0,9661.72,1167.49,3083.22,59406.78,0,13099.75,0,0,67276.42,0,0,0,2085.32,1906.39,0,19269.61,24779.1,59.75,1838.75,13219.31,0,0,0,0
2006-05-19 02:00:00,0,1377.6,0,220.95,7966.75,3768.46,4385.98,0,0,1334.94,9164.03,156.13,0,9557.51,1091.96,3001.32,57093.87,0,12451.0,0,0,64859.22,0,0,0,2020.01,1816.64,0,18393.97,23396.77,58.33,1715.77,12608.15,0,0,0,0
2006-05-19 03:00:00,0,1340.25,0,212.4,7941.36,3602.95,4404.07,0,0,1286.13,8733.07,148.32,0,9624.98,1061.79,2973.35,55873.09,0,12250.34,0,0,64157.97,0,0,0,1985.56,1822.69,0,18030.51,22695.29,57.05,1682.93,12460.72,0,0,0,0
2006-05-19 04:00:00,0,1360.72,0,217.62,8268.52,3796.94,4652.64,0,0,1336.25,8972.25,153.88,0,9855.63,1083.9,3096.98,56735.36,0,12625.23,0,0,65423.72,0,0,0,2020.04,1855.83,0,18247.56,22494.22,57.72,1732.1,12772.44,0,0,0,0
2006-05-19 05:00:00,0,1422.04,0,227.64,8801.65,4010.69,4907.38,0,0,1396.28,9350.53,161.06,0,10398.26,1125.22,3256.38,58541.16,0,13352.47,0,0,67493.76,0,0,0,2090.45,1904.43,0,18693.41,22854.61,59.51,1800.37,13255.39,0,0,0,0
2006-05-19 06:00:00,0,1495.05,0,245.55,9981.35,4372.6,5380.23,0,0,1536.99,10243.48,171.98,0,11231.94,1206.39,3506.85,60993.7,0,15012.2,0,0,75207.61,0,0,0,2268.38,2012.44,0,19744.44,23492.68,61.36,1915.87,14091.64,0,0,0,0
2006-05-19 07:00:00,0,1636.27,0,279.8,9945.07,4992.4,5522.91,0,0,1731.82,11502.34,196.17,0,11963.67,1306.62,3642.5,65411.22,0,15876.64,0,0,77945.14,0,0,0,2349.37,2109.73,0,21108.36,25234.86,62.29,2120.26,15052.04,0,0,0,0
2006-05-19 08:00:00,0,1734.63,0,303.35,10211.3,5609.35,5634.13,0,0,1927.78,13029.78,212.86,0,12296.48,1367.64,3727.91,67773.49,0,16641.9,0,0,80307.94,0,0,0,2433.66,2198.56,0,21945.74,26515.87,63.93,2313.88,15660.75,0,0,0,0
2006-05-19 09:00:00,0,1859.31,0,326.88,10516.23,5861.8,5570.52,0,0,2005.66,13956.81,224.03,0,12713.94,1436.66,3883.69,69908.56,0,16870.12,0,0,81674.12,0,0,0,2515.22,2245.71,0,23007.77,28276.12,67.27,2426.71,16075.03,0,0,0,0
2006-05-19 10:00:00,0,1963.97,0,353.33,10505.58,6353.02,5483.42,0,0,2167.57,14887.69,239.76,0,13042.66,1573.46,3981.34,71754.06,0,17110.71,0,0,83095.96,0,0,0,2476.95,2221.9,0,23856.21,30481.67,70.86,2575.99,16507.42,0,0,0,0
2006-05-19 11:00:00,0,2093.95,0,377.31,10517.67,6989.13,5432.53,0,0,2335.0,15970.7,252.21,0,13236.83,1720.66,3976.03,73078.08,0,17397.37,0,0,83434.36,0,0,0,2503.79,2205.83,0,24474.79,33067.06,74.22,2741.29,16813.9,0,0,0,0
2006-05-19 12:00:00,0,2279.82,0,398.77,10598.25,7496.96,5384.1,0,0,2474.39,16962.7,267.06,0,13412.76,1831.34,3973.69,73881.0,0,17833.9,0,0,83244.19,0,0,0,2530.39,2219.19,0,24973.03,35370.33,77.58,2896.63,17261.88,0,0,0,0
2006-05-19 13:00:00,0,2446.4,0,413.72,10653.72,7849.85,5444.39,0,0,2592.37,17769.14,283.37,0,13437.78,1931.65,3977.24,74784.4,0,17875.36,0,0,83116.81,0,0,0,2564.67,2251.9,0,25784.34,36883.86,78.22,3033.23,17807.9,0,0,0,0
2006-05-19 14:00:00,0,2602.66,0,428.1,10745.74,8152.09,5628.44,0,0,2712.25,18565.85,300.34,0,13485.01,2044.3,3951.14,75352.88,0,17366.4,0,0,82154.77,0,0,0,2614.23,2316.48,0,26684.46,38207.66,79.71,3169.19,18268.46,0,0,0,0
2006-05-19 15:00:00,0,2760.51,0,440.55,10806.19,8439.76,5845.41,0,0,2819.29,19161.16,315.7,0,13695.4,2111.07,4008.05,75517.84,0,17145.59,0,0,82196.97,0,0,0,2683.98,2410.86,0,27501.12,39295.73,80.2,3252.06,18728.15,0,0,0,0
2006-05-19 16:00:00,0,2006.3,0,447.34,10951.63,8712.59,6110.14,0,0,2871.52,19511.76,329.03,0,13818.96,2123.03,4003.73,75473.83,0,17176.77,0,0,81918.31,0,0,0,2774.54,2533.55,0,28295.44,40141.31,81.76,3276.21,18935.93,0,0,0,0
2006-05-19 17:00:00,0,2021.13,0,444.9,11339.24,8806.22,6351.84,0,0,2851.6,19396.15,326.18,0,13790.87,2073.83,3953.9,75060.21,0,17195.92,0,0,81801.25,0,0,0,2847.62,2636.35,0,28723.58,40536.3,81.85,3239.05,19338.3,0,0,0,0
2006-05-19 18:00:00,0,2056.7,0,434.88,11561.8,8512.76,6420.35,0,0,2757.2,18846.49,308.24,0,13735.99,1998.82,3905.35,75524.12,0,17200.02,0,0,81887.19,0,0,0,2863.65,2698.11,0,28832.87,40032.65,83.06,3162.58,19373.6,0,0,0,0
2006-05-19 19:00:00,0,2284.57,0,409.92,11381.0,8002.53,6604.36,0,0,2661.54,18165.51,292.08,0,13640.2,1944.12,3748.97,71395.12,0,16710.7,0,0,83106.94,0,0,0,2927.32,2789.5,0,28492.16,38808.76,77.25,2986.67,19117.62,0,0,0,0
2006-05-19 20:00:00,0,2192.63,0,386.73,11148.3,7455.29,6016.03,0,0,2406.37,16603.57,278.09,0,12866.76,1773.61,3621.93,71391.97,0,16317.47,0,0,82233.69,0,0,0,2791.86,2657.42,0,27028.85,37566.08,76.99,2772.19,18222.43,0,0,0,0
2006-05-19 21:00:00,0,2557.1,0,359.54,10940.58,6960.5,5609.73,0,0,2227.23,15209.96,261.87,0,12222.1,1645.43,3455.72,69289.0,0,15662.13,0,0,78539.4,0,0,0,2682.45,2542.58,0,26274.41,35115.05,71.12,2574.36,17792.46,0,0,0,0
2006-05-19 22:00:00,0,2376.26,0,323.91,10131.79,6145.26,5254.93,0,0,2035.15,13938.82,237.0,0,11548.41,1516.33,3322.87,66842.71,0,14910.51,0,0,75105.52,0,0,0,2453.37,2396.73,0,24481.64,32907.07,66.36,2395.64,16615.02,0,0,0,0
2006-05-19 23:00:00,0,2114.19,0,291.47,9334.21,5445.48,4990.7,0,0,1860.46,12687.17,211.76,0,10836.06,1394.24,3187.19,63647.16,0,14132.95,0,0,71803.47,0,0,0,2271.38,2250.8,0,22949.98,30727.75,63.25,2237.47,15469.55,0,0,0,0
2006-05-20 00:00:00,0,1879.4,0,263.79,8724.61,4842.37,4747.75,0,0,1698.73,11547.37,190.61,0,10142.55,1267.07,3054.57,60576.38,0,13374.36,0,0,68501.22,0,0,0,2151.56,2111.89,0,21573.04,29034.63,60.56,2104.76,14602.79,0,0,0,0
2006-05-20 01:00:00,0,1696.89,0,242.45,8217.63,4370.27,4492.71,0,0,1565.64,10556.76,173.34,0,9642.13,1150.12,2933.04,57751.87,0,12644.57,0,0,65627.0,0,0,0,2049.48,1993.06,0,20650.55,27302.71,58.03,1951.94,13654.4,0,0,0,0
2006-05-20 02:00:00,0,1555.53,0,223.58,7906.52,4051.76,4276.65,0,0,1453.97,9705.96,160.08,0,9599.56,1067.4,2813.17,55191.33,0,12093.14,0,0,63524.71,0,0,0,1980.19,1889.47,0,20011.0,25651.4,55.81,1805.96,12814.82,0,0,0,0
2006-05-20 03:00:00,0,1442.65,0,210.73,7800.95,3840.94,4215.04,0,0,1372.58,9218.54,152.09,0,9502.18,999.54,2756.83,53659.9,0,11766.27,0,0,62027.81,0,0,0,1941.76,1841.25,0,19449.93,24095.22,53.55,1694.42,12317.49,0,0,0,0
2006-05-20 04:00:00,0,1393.65,0,204.64,7728.16,3728.76,4234.05,0,0,1333.87,8951.25,147.52,0,9440.47,981.27,2724.93,52953.89,0,11663.22,0,0,61937.21,0,0,0,1918.94,1856.84,0,19113.67,23179.89,52.22,1628.71,12006.34,0,0,0,0
2006-05-20 05:00:00,0,1373.03,0,202.19,7860.7,3759.79,4351.1,0,0,1334.93,8939.36,146.92,0,9425.65,985.06,2722.5,53070.95,0,11841.13,0,0,62673.2,0,0,0,1945.54,1883.94,0,18890.44,22592.52,51.84,1620.15,11763.46,0,0,0,0
2006-05-20 06:00:00,0,1396.3,0,205.32,8231.05,3898.36,4580.99,0,0,1368.13,9109.45,147.66,0,9642.16,1018.77,2795.09,54079.33,0,12617.96,0,0,64521.95,0,0,0,1986.13,2011.45,0,19104.97,22439.84,51.94,1659.33,12171.38,0,0,0,0
2006-05-20 07:00:00,0,1519.73,0,222.23,8473.65,4387.71,4800.24,0,0,1542.1,10233.35,165.09,0,9999.84,1144.33,2929.88,55788.42,0,13076.85,0,0,66551.11,0,0,0,2149.2,2211.0,0,19838.04,22701.69,52.78,1846.98,13011.94,0,0,0,0
2006-05-20 08:00:00,0,1612.68,0,257.15,8689.13,5298.79,4973.14,0,0,1805.94,12345.63,186.25,0,10529.59,1297.65,3067.71,58279.34,0,13498.77,0,0,68807.52,0,0,0,2372.49,2444.98,0,21457.67,23522.02,54.32,2125.26,14011.21,0,0,0,0
2006-05-20 09:00:00,0,1759.99,0,286.44,9050.89,5928.11,5132.01,0,0,1967.03,13882.77,203.43,0,10831.4,1438.23,3176.78,60243.53,0,13984.0,0,0,70925.25,0,0,0,2660.64,2676.92,0,23181.81,25038.07,57.7,2358.91,14958.34,0,0,0,0
2006-05-20 10:00:00,0,1957.43,0,324.09,9483.66,6621.7,5532.91,0,0,2126.32,15317.93,221.31,0,10879.92,1602.7,3265.85,62069.56,0,14439.23,0,0,72375.47,0,0,0,2870.77,2938.46,0,24794.7,27353.35,61.36,2600.45,15661.02,0,0,0,0
2006-05-20 11:00:00,0,2177.05,0,359.02,10321.28,7217.81,6119.02,0,0,2270.63,16563.29,243.19,0,11030.74,1730.12,3364.86,64304.92,0,14985.13,0,0,72480.94,0,0,0,2992.79,3079.19,0,26175.7,29850.88,65.57,2761.7,16579.14,0,0,0,0
2006-05-20 12:00:00,0,2384.92,0,382.52,11142.62,7513.33,6550.77,0,0,2375.58,17554.11,260.02,0,11445.12,1823.19,3443.28,66622.84,0,14883.52,0,0,72934.18,0,0,0,3146.27,3237.59,0,27283.36,31950.0,69.09,2878.25,17693.74,0,0,0,0
2006-05-20 13:00:00,0,2534.8,0,397.32,11711.37,7762.29,6936.92,0,0,2478.84,18273.62,278.66,0,11555.64,1906.86,3526.83,68639.42,0,14895.68,0,0,74209.97,0,0,0,3298.82,3401.07,0,28370.49,33589.12,72.86,2979.74,18543.22,0,0,0,0
2006-05-20 14:00:00,0,2711.83,0,412.66,12129.77,8084.85,7327.67,0,0,2583.66,18824.58,296.16,0,11631.08,2006.2,3649.7,69170.19,0,14702.1,0,0,75193.3,0,0,0,3423.24,3534.19,0,29305.08,34953.66,76.81,3084.47,19412.45,0,0,0,0
2006-05-20 15:00:00,0,2837.33,0,422.74,12593.8,8455.93,7597.33,0,0,2675.65,19293.64,311.91,0,11755.68,2093.18,3715.05,68778.88,0,15047.56,0,0,75594.03,0,0,0,3494.14,2410.86,0,30045.41,35670.32,78.21,3158.05,20065.41,0,0,0,0
2006-05-20 16:00:00,0,2919.37,0,425.74,13070.88,8674.12,7827.18,0,0,2754.92,19431.74,322.04,0,11927.95,2132.4,3785.46,68049.6,0,15328.2,0,0,76027.07,0,0,0,3545.0,2533.55,0,30500.24,36240.36,82.02,3175.74,20449.74,0,0,0,0
2006-05-20 17:00:00,0,2932.19,0,423.99,13233.1,8645.16,7952.79,0,0,2761.59,19330.79,318.77,0,12079.65,2121.55,3831.24,67523.75,0,15461.05,0,0,76984.84,0,0,0,3500.94,2636.35,0,30697.72,36607.67,82.31,3113.75,20328.11,0,0,0,0
2006-05-20 18:00:00,0,2841.74,0,408.69,13030.01,8228.91,7926.95,0,0,2663.8,18743.26,303.73,0,12167.48,2063.39,3804.81,67897.87,0,15456.5,0,0,77377.64,0,0,0,3430.34,3538.98,0,30618.45,36071.28,80.77,2976.11,19879.67,0,0,0,0
2006-05-20 19:00:00,0,2896.54,0,405.77,13740.7,8058.03,8252.26,0,0,2691.09,18571.11,313.25,0,13734.44,2092.16,4122.96,71522.41,0,17110.71,0,0,87088.6,0,0,0,3630.2,3502.12,0,31175.97,36525.74,81.37,3048.74,20699.44,0,0,0,0
2006-05-20 20:00:00,0,2651.83,0,380.25,12972.57,7368.17,7507.03,0,0,2418.22,16768.09,289.72,0,12931.07,1877.47,3932.7,70857.52,0,16446.83,0,0,85300.02,0,0,0,3448.96,3288.65,0,30138.18,35435.97,75.13,2755.18,19816.2,0,0,0,0
2006-05-20 21:00:00,0,2401.11,0,354.19,12220.3,6811.58,6867.93,0,0,2212.66,15289.24,267.73,0,12247.05,1679.5,3682.56,69116.97,0,15828.8,0,0,80837.56,0,0,0,3295.03,3116.76,0,29037.88,32994.33,70.65,2531.31,19278.86,0,0,0,0
2006-05-20 22:00:00,0,2248.37,0,320.94,11048.5,5970.96,6302.32,0,0,2024.97,13964.96,243.3,0,11565.23,1525.05,3465.36,66959.0,0,15122.06,0,0,77046.36,0,0,0,3042.91,2913.84,0,27036.13,31071.8,67.3,2311.29,17895.64,0,0,0,0
2006-05-20 23:00:00,0,2011.16,0,289.26,10064.93,5222.23,5747.57,0,0,1848.89,12733.37,214.17,0,10845.79,1387.48,3272.9,63897.0,0,14345.5,0,0,73397.33,0,0,0,2814.95,2704.8,0,25232.32,29171.06,64.91,2121.71,16402.94,0,0,0,0
2006-05-21 00:00:00,0,1825.02,0,263.23,9319.05,4602.13,5235.73,0,0,1693.01,11677.45,190.98,0,10129.8,1276.67,3087.21,60947.23,0,13570.35,0,0,69679.69,0,0,0,2620.75,2521.29,0,23511.95,27579.68,62.37,1954.91,15064.13,0,0,0,0
2006-05-21 01:00:00,0,1659.41,0,243.28,8601.25,4148.72,4827.86,0,0,1564.14,10661.88,171.71,0,9629.1,1147.29,2944.61,58297.29,0,12783.49,0,0,66232.78,0,0,0,2477.38,2365.2,0,22282.54,26050.15,59.98,1801.86,13856.78,0,0,0,0
2006-05-21 02:00:00,0,1531.87,0,225.64,8115.81,3850.89,4509.37,0,0,1451.51,9800.31,158.0,0,9542.91,1059.9,2812.17,55934.82,0,12202.48,0,0,63725.33,0,0,0,2378.46,2231.81,0,21553.16,24489.45,57.68,1669.78,13099.33,0,0,0,0
2006-05-21 03:00:00,0,1439.2,0,212.14,7879.18,3654.4,4281.73,0,0,1368.57,9198.59,150.25,0,9455.08,995.35,2725.02,54101.21,0,11847.55,0,0,62136.08,0,0,0,2287.57,2104.05,0,20916.49,23202.92,55.64,1584.03,12733.08,0,0,0,0
2006-05-21 04:00:00,0,1406.11,0,204.17,7782.79,3574.23,4245.5,0,0,1322.89,8964.35,144.88,0,9395.8,975.07,2696.88,53392.34,0,11737.89,0,0,62023.84,0,0,0,2212.62,2069.38,0,20463.71,22475.86,54.13,1531.36,12405.71,0,0,0,0
2006-05-21 05:00:00,0,1389.77,0,199.96,7900.22,3573.66,4345.17,0,0,1321.32,9013.74,144.21,0,9410.59,980.95,2712.32,53315.39,0,12044.31,0,0,62727.77,0,0,0,2203.61,2068.06,0,20164.63,22066.59,53.69,1524.88,12379.54,0,0,0,0
2006-05-21 06:00:00,0,1415.78,0,204.0,8199.62,3826.25,4605.46,0,0,1402.43,9418.93,149.18,0,9603.35,1025.4,2787.78,54420.57,0,12592.31,0,0,65451.63,0,0,0,2206.36,2149.59,0,20058.48,21978.43,53.42,1619.64,12596.59,0,0,0,0
2006-05-21 07:00:00,0,1528.29,0,215.84,8566.63,4332.59,4795.37,0,0,1569.05,10482.85,164.17,0,9949.72,1142.74,2836.25,56619.09,0,13025.97,0,0,67281.11,0,0,0,2339.05,2326.5,0,20468.62,22365.1,54.39,1782.14,12891.86,0,0,0,0
2006-05-21 08:00:00,0,1658.54,0,251.69,9028.99,5332.25,4992.98,0,0,1824.71,12662.56,188.67,0,10389.89,1328.79,2969.23,59012.73,0,13489.24,0,0,69669.81,0,0,0,2532.02,2520.98,0,22165.32,23289.84,56.18,2070.82,13779.28,0,0,0,0
2006-05-21 09:00:00,0,1792.24,0,281.12,9538.93,6035.13,5237.29,0,0,2010.78,14342.44,206.9,0,10672.23,1465.05,3120.18,61795.81,0,13948.8,0,0,71401.95,0,0,0,2810.12,2732.63,0,24079.6,24401.79,58.94,2332.13,14730.04,0,0,0,0
2006-05-21 10:00:00,0,1998.8,0,317.59,10083.31,6833.19,5814.44,0,0,2225.78,16016.29,219.92,0,10719.14,1625.26,3275.93,62824.35,0,14473.15,0,0,72341.6,0,0,0,3096.77,3024.21,0,25969.72,26007.39,61.84,2617.74,15597.06,0,0,0,0
2006-05-21 11:00:00,0,2228.56,0,351.86,10911.45,7358.17,6296.17,0,0,2371.29,17323.96,238.68,0,10839.49,1739.78,3488.08,63772.75,0,14768.72,0,0,72285.21,0,0,0,3329.38,3273.37,0,27774.78,28162.6,65.5,2811.38,16271.09,0,0,0,0
2006-05-21 12:00:00,0,2415.42,0,370.98,11641.19,7713.65,6682.18,0,0,2488.98,18341.57,254.71,0,10936.67,1820.29,3693.77,65304.78,0,14872.53,0,0,72199.43,0,0,0,3457.41,3436.83,0,29347.79,30017.61,69.35,2975.16,17494.88,0,0,0,0
2006-05-21 13:00:00,0,2600.29,0,386.37,12164.36,8064.79,7047.56,0,0,2607.56,19077.64,274.16,0,11124.16,1887.84,3861.8,66343.32,0,15386.78,0,0,73301.89,0,0,0,3560.22,3557.1,0,30719.25,31589.39,73.41,3135.97,18556.38,0,0,0,0
2006-05-21 14:00:00,0,2705.85,0,404.73,12577.36,8448.06,7497.31,0,0,2715.93,19626.1,294.06,0,11572.97,1970.85,3968.82,66932.83,0,15697.92,0,0,74524.14,0,0,0,3644.14,3651.52,0,31593.71,32659.31,77.06,3270.04,19453.53,0,0,0,0
2006-05-21 15:00:00,0,2795.69,0,416.05,13012.69,8784.28,7875.99,0,0,2809.74,20063.18,311.38,0,11981.74,2047.46,4052.15,66598.42,0,15202.47,0,0,74652.13,0,0,0,3718.87,3682.7,0,32214.81,33523.08,80.08,3317.91,20193.09,0,0,0,0
2006-05-21 16:00:00,0,2803.87,0,420.5,13333.33,8956.38,8087.34,0,0,2885.25,20250.69,322.51,0,12098.34,2087.14,4154.99,65731.12,0,14918.44,0,0,74617.41,0,0,0,3752.77,3683.71,0,32680.91,34151.42,83.28,3278.7,20793.61,0,0,0,0
2006-05-21 17:00:00,0,2758.91,0,417.48,13214.78,8859.55,8149.41,0,0,2858.95,20075.83,320.66,0,12113.69,2068.16,4094.7,65476.34,0,15189.27,0,0,75189.21,0,0,0,3727.25,3663.09,0,32580.6,34251.83,82.59,3171.1,20890.33,0,0,0,0
2006-05-21 18:00:00,0,2635.22,0,397.74,12939.55,8419.34,8119.98,0,0,2731.34,19364.81,305.88,0,12010.78,2022.35,3836.24,65320.64,0,15293.93,0,0,74563.2,0,0,0,3647.12,3580.25,0,32202.15,33725.41,83.25,3020.17,20452.16,0,0,0,0
2006-05-21 19:00:00,0,2662.49,0,413.52,14851.0,8478.14,8685.04,0,0,2901.69,19358.34,326.55,0,14151.13,2107.16,4216.98,71430.64,0,17825.95,0,0,86737.75,0,0,0,3785.47,3541.17,0,32933.63,35386.78,93.37,3278.84,21942.49,0,0,0,0
2006-05-21 20:00:00,0,2480.23,0,382.86,13896.48,7746.42,7981.75,0,0,2616.71,17895.15,287.9,0,13361.94,1882.74,4010.92,70813.24,0,17105.42,0,0,83786.06,0,0,0,3575.78,3298.95,0,31263.21,34443.48,89.4,2960.59,20892.15,0,0,0,0
2006-05-21 21:00:00,0,2306.11,0,357.53,13111.03,7137.79,7364.72,0,0,2391.34,16539.3,265.09,0,12639.3,1700.68,3701.96,69706.94,0,16420.23,0,0,79778.05,0,0,0,3342.75,3107.88,0,29988.16,33455.16,83.31,2684.07,20273.95,0,0,0,0
2006-05-21 22:00:00,0,2143.24,0,323.44,11952.69,6396.61,6761.89,0,0,2202.67,15150.95,244.1,0,11955.29,1526.92,3512.22,67527.28,0,15492.24,0,0,76049.13,0,0,0,3075.09,2880.82,0,27657.61,32001.66,77.84,2469.63,18803.82,0,0,0,0
2006-05-21 23:00:00,0,1927.24,0,292.65,10889.42,5763.91,6192.1,0,0,2016.47,13810.34,221.59,0,11189.2,1370.87,3336.9,64718.84,0,14563.43,0,0,72595.97,0,0,0,2822.87,2646.79,0,25420.27,29840.47,73.43,2286.36,17250.49,0,0,0,0
2006-05-22 00:00:00,0,1758.72,0,265.74,9927.74,5167.72,5665.22,0,0,1848.46,12635.14,201.17,0,10427.86,1231.54,3187.42,61947.85,0,13672.45,0,0,69399.46,0,0,0,2603.77,2422.11,0,23470.73,27863.71,70.1,2098.43,15846.23,0,0,0,0
2006-05-22 01:00:00,0,1604.09,0,242.46,9158.38,4628.24,5129.16,0,0,1691.23,11520.23,180.62,0,9910.39,1106.59,3058.52,59120.7,0,12950.16,0,0,66339.82,0,0,0,2422.44,2241.49,0,21838.84,26007.18,67.24,1934.94,14617.91,0,0,0,0
2006-05-22 02:00:00,0,1490.23,0,223.1,8684.99,4232.44,4683.18,0,0,1538.88,10498.91,162.05,0,9767.54,1018.99,2958.79,56878.88,0,12511.14,0,0,64240.93,0,0,0,2298.93,2123.26,0,20846.5,24492.11,64.29,1814.14,13657.07,0,0,0,0
2006-05-22 03:00:00,0,1419.91,0,215.24,8470.44,4102.87,4499.14,0,0,1469.35,10024.91,149.48,0,9846.31,985.71,2933.13,55893.18,0,12380.33,0,0,63722.25,0,0,0,2228.93,2060.54,0,20360.86,23411.54,62.22,1760.13,13261.92,0,0,0,0
2006-05-22 04:00:00,0,1409.59,0,217.83,8540.51,4230.3,4678.6,0,0,1509.95,10138.44,153.38,0,10098.72,1025.38,3027.27,56756.81,0,12620.08,0,0,65276.15,0,0,0,2225.37,2067.64,0,20328.11,22950.86,61.74,1792.19,13284.83,0,0,0,0
2006-05-22 05:00:00,0,1446.95,0,226.21,8939.88,4382.71,4911.23,0,0,1545.77,10400.96,158.84,0,11274.87,1071.52,3179.58,58446.39,0,13802.67,0,0,68346.29,0,0,0,2285.66,2084.3,0,20531.82,23240.72,61.69,1839.27,13638.78,0,0,0,0
2006-05-22 06:00:00,0,1496.83,0,245.36,9938.3,4675.78,5351.14,0,0,1658.16,11109.13,168.91,0,12467.74,1171.07,3434.72,61519.53,0,15705.89,0,0,76473.78,0,0,0,2407.34,2169.5,0,21357.51,23807.94,62.44,1941.44,14141.7,0,0,0,0
2006-05-22 07:00:00,0,1643.23,0,275.44,10360.21,5231.26,5565.48,0,0,1878.18,12423.48,188.21,0,12922.64,1282.36,3667.79,65595.11,0,16457.98,0,0,78623.47,0,0,0,2596.69,2315.37,0,22539.44,25480.94,64.27,2130.71,14962.19,0,0,0,0
2006-05-22 08:00:00,0,1744.16,0,307.22,10714.11,6038.2,5726.28,0,0,2105.94,14254.97,216.88,0,13070.05,1423.84,3798.65,67653.97,0,16871.68,0,0,80443.08,0,0,0,2751.06,2434.03,0,24336.83,26670.07,66.92,2357.17,15510.07,0,0,0,0
2006-05-22 09:00:00,0,1809.37,0,335.77,10888.15,6705.93,5881.81,0,0,2307.28,15653.69,242.37,0,12909.35,1567.45,3925.18,69768.2,0,17283.43,0,0,81520.27,0,0,0,2902.63,2525.91,0,25724.76,27925.68,69.34,2614.48,16041.54,0,0,0,0
2006-05-22 10:00:00,0,1876.27,0,369.42,11075.43,7600.1,5995.9,0,0,2500.42,17370.67,261.92,0,12755.46,1741.72,3974.44,71139.76,0,17538.36,0,0,81012.07,0,0,0,3045.74,2684.77,0,27421.26,29618.7,72.19,2918.5,16590.57,0,0,0,0
2006-05-22 11:00:00,0,1974.37,0,394.24,11184.11,8141.21,6132.75,0,0,2662.4,18512.23,279.32,0,12730.33,1876.04,3917.57,71711.81,0,17610.89,0,0,80843.9,0,0,0,3140.73,2849.43,0,29460.17,32002.4,75.29,3150.59,17361.75,0,0,0,0
2006-05-22 12:00:00,0,2142.05,0,415.78,11382.58,8519.96,6191.13,0,0,2779.81,19432.31,298.46,0,12660.57,1979.59,3858.03,72573.74,0,17459.47,0,0,80581.53,0,0,0,3249.13,2973.11,0,31032.5,34087.54,79.25,3307.84,18424.49,0,0,0,0
2006-05-22 13:00:00,0,2267.31,0,434.5,11673.01,8903.69,6386.73,0,0,2894.28,20178.36,318.16,0,12595.13,2037.98,3850.33,73566.96,0,17184.47,0,0,80397.56,0,0,0,3353.98,3076.74,0,32262.66,35636.4,82.72,3435.82,19444.85,0,0,0,0
2006-05-22 14:00:00,0,2329.24,0,453.89,12085.85,9237.32,6556.86,0,0,2986.71,20793.12,337.31,0,12584.34,2105.07,3867.55,74075.24,0,16907.24,0,0,80051.84,0,0,0,3429.18,3146.17,0,33092.31,36635.71,85.49,3557.53,20189.6,0,0,0,0
2006-05-22 15:00:00,0,2375.43,0,466.28,12464.72,9437.35,6783.49,0,0,3069.55,21136.76,352.5,0,12602.58,2144.59,3879.94,73785.4,0,16784.31,0,0,79458.92,0,0,0,3499.16,3202.4,0,33573.09,37573.63,88.08,3607.39,20747.41,0,0,0,0
2006-05-22 16:00:00,0,2408.25,0,455.12,12748.59,9433.66,7032.43,0,0,3088.88,20894.0,364.46,0,12654.87,2152.93,3856.98,73233.91,0,16853.19,0,0,78988.68,0,0,0,3527.76,3253.25,0,33891.56,38175.64,89.24,3553.86,21046.17,0,0,0,0
2006-05-22 17:00:00,0,2445.0,0,437.86,13016.95,9177.88,7121.39,0,0,2978.83,20405.33,366.16,0,12709.27,2100.79,3807.77,72693.25,0,16944.07,0,0,78947.31,0,0,0,3463.85,3217.38,0,33754.02,38248.55,88.61,3450.14,21173.02,0,0,0,0
2006-05-22 18:00:00,0,2433.64,0,422.54,12927.96,8767.04,7125.82,0,0,2856.44,19712.31,350.07,0,12899.13,2015.32,3804.35,73133.04,0,17083.89,0,0,80462.93,0,0,0,3333.66,3146.55,0,33150.58,37573.81,86.84,3336.49,20585.9,0,0,0,0
2006-05-22 19:00:00,0,2534.5,0,417.99,13538.99,8517.51,7503.99,0,0,2892.62,19336.92,343.42,0,14172.91,2038.72,3908.26,72543.61,0,17786.35,0,0,86419.91,0,0,0,3264.34,3040.98,0,32766.41,37608.98,83.94,3335.51,20671.27,0,0,0,0
2006-05-22 20:00:00,0,2440.9,0,390.74,12672.77,7904.41,6884.95,0,0,2627.57,17940.67,312.27,0,13321.32,1797.64,3764.7,72299.09,0,17165.55,0,0,84086.16,0,0,0,3085.46,2850.1,0,31006.35,36403.2,83.03,3049.88,19378.1,0,0,0,0
2006-05-22 21:00:00,0,2288.69,0,365.37,11949.35,7269.54,6340.35,0,0,2402.28,16575.23,292.23,0,12519.0,1622.14,3542.98,70531.68,0,16432.63,0,0,79615.97,0,0,0,2903.17,2702.0,0,29406.6,35544.07,77.91,2795.82,18716.37,0,0,0,0
2006-05-22 22:00:00,0,2150.01,0,331.24,10911.37,6540.94,5828.46,0,0,2211.72,15286.33,270.05,0,11714.02,1502.89,3382.3,67936.59,0,15479.19,0,0,76009.51,0,0,0,2689.35,2504.28,0,27022.26,34023.11,73.14,2576.72,17329.31,0,0,0,0
2006-05-22 23:00:00,0,1927.56,0,300.67,10001.36,5928.39,5369.76,0,0,2044.23,14022.35,245.08,0,10914.3,1390.45,3260.61,64980.45,0,14495.33,0,0,72459.56,0,0,0,2506.36,2323.63,0,24948.94,31589.19,69.25,2361.55,16015.56,0,0,0,0
2006-05-23 00:00:00,0,1749.14,0,272.89,9178.49,5355.43,4965.35,0,0,1869.86,12836.2,224.66,0,10168.8,1276.32,3156.0,62083.13,0,13708.44,0,0,69066.26,0,0,0,2326.9,2154.1,0,23031.14,29401.21,66.42,2196.19,14928.57,0,0,0,0
2006-05-23 01:00:00,0,1588.92,0,247.91,8555.73,4791.06,4636.85,0,0,1711.36,11742.84,208.13,0,9731.36,1160.02,3063.77,59171.8,0,13022.66,0,0,66131.22,0,0,0,2195.41,2031.77,0,21478.47,27323.27,64.03,2010.06,13879.81,0,0,0,0
2006-05-23 02:00:00,0,1461.65,0,226.18,8133.21,4374.2,4375.85,0,0,1576.39,10874.82,187.73,0,9666.01,1076.24,2983.79,56742.86,0,12627.01,0,0,64169.93,0,0,0,2127.34,1963.94,0,20593.5,25581.41,62.08,1866.47,13130.49,0,0,0,0
2006-05-23 03:00:00,0,1399.57,0,216.66,8001.49,4289.58,4385.46,0,0,1520.65,10436.55,175.03,0,9702.36,1047.08,2958.73,55837.05,0,12485.46,0,0,64011.45,0,0,0,2112.22,1960.59,0,20210.46,24483.01,60.47,1815.92,12690.61,0,0,0,0
2006-05-23 04:00:00,0,1398.17,0,222.32,8191.18,4463.42,4633.48,0,0,1571.34,10591.93,174.09,0,9943.14,1077.12,3074.31,56602.98,0,12649.01,0,0,65694.06,0,0,0,2178.49,1987.42,0,20414.06,23812.52,60.18,1839.41,12776.47,0,0,0,0
2006-05-23 05:00:00,0,1430.87,0,230.71,8630.69,4646.16,4862.55,0,0,1629.73,10925.27,174.88,0,11221.91,1113.82,3247.78,58208.57,0,14043.53,0,0,69185.21,0,0,0,2249.53,2005.59,0,20606.6,23994.77,60.61,1895.44,13133.16,0,0,0,0
2006-05-23 06:00:00,0,1479.42,0,252.34,9826.43,4947.91,5323.88,0,0,1770.06,11699.3,181.34,0,12183.44,1222.84,3552.46,61741.1,0,15680.23,0,0,76900.57,0,0,0,2350.71,2095.95,0,21466.92,24470.99,61.48,2020.33,14182.59,0,0,0,0
2006-05-23 07:00:00,0,1645.33,0,284.04,9987.97,5504.57,5461.63,0,0,1963.91,12935.61,198.05,0,12689.77,1328.66,3654.22,65528.6,0,16331.85,0,0,78799.7,0,0,0,2432.17,2164.77,0,22409.14,26318.51,63.8,2242.18,15102.01,0,0,0,0
2006-05-23 08:00:00,0,1754.09,0,316.38,10287.65,6260.99,5575.11,0,0,2165.62,14696.93,223.74,0,12930.55,1482.2,3727.61,68242.87,0,16748.22,0,0,80808.35,0,0,0,2492.35,2240.81,0,23957.73,27818.53,66.68,2518.57,15751.48,0,0,0,0
2006-05-23 09:00:00,0,1860.86,0,344.09,10644.54,6883.44,5692.72,0,0,2371.95,16216.3,243.03,0,12854.74,1607.32,3847.55,70483.25,0,17019.42,0,0,81529.16,0,0,0,2544.92,2318.89,0,25439.86,29684.16,69.71,2730.34,16340.6,0,0,0,0
2006-05-23 10:00:00,0,1987.38,0,377.65,10694.37,7654.74,5657.87,0,0,2561.34,18009.13,263.22,0,12903.9,1786.3,3895.63,72833.96,0,17198.6,0,0,81002.18,0,0,0,2595.67,2396.71,0,27240.19,31662.94,73.21,2934.74,16797.19,0,0,0,0
2006-05-23 11:00:00,0,2147.85,0,410.5,10664.72,8238.59,5560.88,0,0,2727.16,19165.93,274.91,0,13200.43,1921.03,3903.66,74551.93,0,17237.25,0,0,80840.35,0,0,0,2711.83,2471.86,0,29163.95,33820.41,76.73,3143.97,17306.04,0,0,0,0
2006-05-23 12:00:00,0,2380.02,0,433.9,10801.79,8666.95,5580.14,0,0,2868.87,19987.26,299.71,0,13450.22,1980.0,3933.23,76995.78,0,17310.8,0,0,81059.34,0,0,0,2846.9,2548.09,0,30770.02,36019.59,80.11,3310.2,18038.86,0,0,0,0
2006-05-23 13:00:00,0,2546.87,0,452.72,11014.84,9029.9,5701.83,0,0,2958.61,20526.74,310.58,0,13516.24,2001.36,3997.27,79027.21,0,17341.78,0,0,81810.36,0,0,0,2958.1,2642.94,0,32060.89,37657.23,84.08,3417.23,18790.59,0,0,0,0
2006-05-23 14:00:00,0,2620.91,0,463.93,11315.41,9188.38,5879.18,0,0,3013.2,20884.2,313.15,0,13525.86,2059.68,4041.8,80569.27,0,17376.32,0,0,82163.7,0,0,0,3057.85,2759.37,0,33015.45,38549.89,87.45,3389.95,19414.83,0,0,0,0
2006-05-23 15:00:00,0,2691.11,0,477.19,11587.69,8921.06,6065.7,0,0,2943.02,20886.14,312.18,0,13507.79,2129.04,4086.91,81495.15,0,17127.83,0,0,82267.4,0,0,0,3142.3,2879.52,0,33646.79,39397.8,89.57,3291.11,19898.14,0,0,0,0
2006-05-23 16:00:00,0,2730.54,0,484.85,12020.06,8582.58,6242.58,0,0,2843.72,20560.97,302.49,0,13304.5,2140.88,4114.87,81334.58,0,17115.51,0,0,82450.99,0,0,0,3202.91,2954.73,0,33925.64,39760.28,90.96,3242.95,20328.82,0,0,0,0
2006-05-23 17:00:00,0,2758.46,0,475.76,12466.0,8447.16,6462.48,0,0,2812.98,20199.57,308.49,0,13197.06,2135.53,4176.69,81013.84,0,17103.91,0,0,83649.32,0,0,0,3234.02,2992.75,0,33505.49,39825.18,90.03,3228.15,20675.72,0,0,0,0
2006-05-23 18:00:00,0,2767.71,0,444.27,12646.78,8310.07,6654.73,0,0,2772.75,19575.79,306.75,0,13313.29,2077.94,4146.85,80488.64,0,17138.24,0,0,85411.53,0,0,0,3176.67,2952.28,0,32648.51,39222.98,88.72,3244.49,20446.98,0,0,0,0
2006-05-23 19:00:00,0,2894.43,0,425.2,13164.95,8238.52,7144.24,0,0,2772.16,19269.13,316.29,0,14078.5,2133.38,4281.44,81202.3,0,17906.21,0,0,90810.21,0,0,0,3143.77,2973.57,0,32432.18,39496.34,86.46,3249.44,20902.95,0,0,0,0
2006-05-23 20:00:00,0,2760.04,0,396.0,12100.93,7771.23,6474.66,0,0,2552.12,17838.87,302.21,0,13310.98,1910.66,4082.02,78892.67,0,17227.68,0,0,87594.78,0,0,0,2975.69,2786.35,0,30273.74,37928.76,84.99,3022.8,19546.52,0,0,0,0
2006-05-23 21:00:00,0,2578.33,0,376.71,11538.62,7246.83,5975.36,0,0,2361.75,16594.96,281.68,0,12459.82,1745.49,3764.23,76056.34,0,16401.65,0,0,81848.85,0,0,0,2802.56,2623.69,0,28633.33,37250.93,80.25,2808.41,18869.98,0,0,0,0
2006-05-23 22:00:00,0,2418.34,0,350.0,10586.24,6622.05,5564.51,0,0,2197.13,15372.07,252.67,0,11643.33,1617.37,3543.95,72852.38,0,15393.74,0,0,77477.71,0,0,0,2589.75,2399.61,0,26359.58,35638.68,75.35,2613.89,17443.17,0,0,0,0
2006-05-23 23:00:00,0,2142.28,0,317.37,9694.97,6056.66,5182.41,0,0,2050.65,14153.21,227.13,0,10848.04,1461.99,3362.58,69238.04,0,14422.73,0,0,73837.1,0,0,0,2403.13,2221.69,0,24311.55,32984.05,70.9,2414.5,16087.83,0,0,0,0
2006-05-24 00:00:00,0,1946.41,0,287.56,8927.63,5519.34,4842.09,0,0,1899.66,12995.5,206.25,0,10089.01,1308.72,3194.99,65845.39,0,13605.47,0,0,70300.02,0,0,0,2227.41,2062.14,0,22471.61,30881.76,68.16,2228.33,14943.94,0,0,0,0
2006-05-24 01:00:00,0,1768.79,0,265.5,8360.65,5042.8,4530.52,0,0,1756.42,11933.37,187.93,0,9668.5,1183.52,3063.41,62657.99,0,12880.32,0,0,67138.93,0,0,0,2117.35,1930.59,0,20898.23,28691.79,65.34,2078.98,13976.46,0,0,0,0
2006-05-24 02:00:00,0,1618.34,0,247.5,7937.23,4650.18,4334.69,0,0,1633.71,10969.75,172.79,0,9615.03,1072.58,2954.96,59666.02,0,12408.27,0,0,64768.47,0,0,0,2056.92,1832.81,0,20024.69,26800.73,62.82,1983.79,13236.72,0,0,0,0
2006-05-24 03:00:00,0,1539.28,0,238.96,7865.25,4502.1,4396.44,0,0,1575.88,10537.77,166.85,0,9698.07,1053.35,2896.26,57976.31,0,12265.17,0,0,64228.49,0,0,0,2023.96,1850.52,0,19600.09,25380.24,61.0,1927.46,12828.88,0,0,0,0
2006-05-24 04:00:00,0,1518.02,0,243.06,8143.99,4610.21,4672.51,0,0,1604.79,10644.49,170.04,0,9886.56,1084.71,2990.08,58294.69,0,12519.55,0,0,65312.35,0,0,0,2071.37,1885.64,0,19668.64,24650.69,60.63,1935.21,12868.32,0,0,0,0
2006-05-24 05:00:00,0,1543.55,0,251.58,8670.01,4775.26,4940.42,0,0,1655.88,10992.97,174.05,0,10916.08,1130.64,3128.09,59722.45,0,13658.05,0,0,67830.46,0,0,0,2133.9,1916.84,0,19866.74,24670.2,61.07,1987.88,13273.12,0,0,0,0
2006-05-24 06:00:00,0,1580.43,0,267.56,9831.63,4985.44,5445.71,0,0,1734.88,11549.57,180.49,0,11783.9,1207.82,3390.58,62450.83,0,15435.42,0,0,75421.12,0,0,0,2296.14,2016.44,0,20802.19,24971.86,62.09,2056.57,14118.83,0,0,0,0
2006-05-24 07:00:00,0,1727.85,0,304.88,10058.95,5442.74,5558.28,0,0,1906.16,12716.28,207.57,0,12286.09,1362.74,3500.34,66796.93,0,16191.55,0,0,78283.89,0,0,0,2391.8,2155.54,0,21902.28,26615.94,64.51,2170.64,14910.43,0,0,0,0
2006-05-24 08:00:00,0,1866.91,0,328.66,10382.19,5876.8,5713.68,0,0,2039.01,14102.48,229.69,0,12668.95,1478.93,3633.33,70122.19,0,16803.35,0,0,81485.44,0,0,0,2513.05,2298.77,0,23301.66,28341.49,68.3,2269.18,15544.6,0,0,0,0
2006-05-24 09:00:00,0,2045.78,0,362.33,10723.84,6315.28,5969.59,0,0,2173.87,15264.96,243.3,0,12716.33,1637.36,3826.35,73538.4,0,17020.75,0,0,83739.49,0,0,0,2662.01,2421.88,0,24624.37,30422.82,72.93,2386.51,16688.77,0,0,0,0
2006-05-24 10:00:00,0,2258.93,0,401.67,11059.87,6704.07,6203.41,0,0,2308.38,16371.27,253.34,0,12758.22,1835.19,4057.01,77174.31,0,17089.23,0,0,84439.51,0,0,0,2845.9,2624.81,0,26842.84,32718.54,77.27,2492.21,17771.84,0,0,0,0
2006-05-24 11:00:00,0,2508.21,0,432.58,11221.04,7056.04,6494.38,0,0,2444.77,17915.4,261.79,0,12844.06,1959.02,4312.46,80762.18,0,17067.5,0,0,85166.25,0,0,0,3021.12,2804.46,0,29389.59,35069.88,82.03,2611.14,19204.89,0,0,0,0
2006-05-24 12:00:00,0,2741.38,0,444.57,11581.76,7476.94,6647.78,0,0,2571.85,18860.57,272.28,0,12914.8,2021.81,4522.22,83993.36,0,17069.56,0,0,87241.16,0,0,0,3176.63,2940.1,0,30842.85,36831.85,85.84,2730.62,20419.31,0,0,0,0
2006-05-24 13:00:00,0,2922.56,0,439.1,12091.22,7788.67,6828.35,0,0,2666.08,19271.3,281.08,0,12953.61,2055.98,4696.6,86548.88,0,17058.12,0,0,89456.76,0,0,0,3303.39,3058.0,0,32018.55,38119.11,88.94,2819.98,21442.1,0,0,0,0
2006-05-24 14:00:00,0,3053.15,0,438.6,12611.6,8145.96,7059.94,0,0,2713.98,19431.51,294.81,0,12874.58,2070.5,4872.45,88160.78,0,17113.41,0,0,91772.08,0,0,0,3425.87,3180.98,0,33208.84,39290.95,91.5,2921.69,22303.25,0,0,0,0
2006-05-24 15:00:00,0,3149.76,0,445.11,13246.34,8444.49,7288.67,0,0,2722.39,19490.68,304.76,0,12873.94,2092.53,5017.92,88864.02,0,17158.79,0,0,94054.5,0,0,0,3539.98,3278.31,0,34204.88,40372.58,93.75,3104.94,23013.46,0,0,0,0
2006-05-24 16:00:00,0,3209.49,0,450.06,13833.93,8659.33,7601.94,0,0,2739.89,19610.43,318.51,0,12899.12,2037.07,4114.87,89575.15,0,17350.32,0,0,96422.75,0,0,0,3610.66,3363.76,0,34738.64,40933.67,95.13,3265.28,23459.4,0,0,0,0
2006-05-24 17:00:00,0,3235.12,0,450.26,13955.36,8743.93,7686.54,0,0,2748.99,19225.29,318.0,0,13094.04,1950.34,4176.69,90036.75,0,17756.95,0,0,98188.1,0,0,0,3607.21,3363.28,0,34761.6,40989.99,94.59,3356.77,23720.19,0,0,0,0
2006-05-24 18:00:00,0,3201.71,0,446.18,14002.31,8651.03,7735.97,0,0,2713.22,18977.9,309.26,0,13434.82,1912.74,4146.85,89758.68,0,17878.24,0,0,99669.28,0,0,0,3524.48,3297.81,0,34330.12,40434.9,93.13,3387.13,23476.95,0,0,0,0
2006-05-24 19:00:00,0,3222.34,0,434.39,14514.08,8442.71,8062.5,0,0,2748.96,18855.19,311.34,0,14456.48,1935.81,5048.65,89620.59,0,18531.62,0,0,101710.3,0,0,0,3496.12,3265.23,0,33657.72,40671.93,89.44,3321.26,23149.87,0,0,0,0
2006-05-24 20:00:00,0,3025.7,0,413.99,13318.43,7877.53,7273.08,0,0,2550.26,17593.09,301.09,0,13486.99,1808.46,4873.24,87581.92,0,17633.08,0,0,97286.5,0,0,0,3296.73,3043.03,0,31516.39,38814.22,88.85,3033.16,21910.65,0,0,0,0
2006-05-24 21:00:00,0,2766.97,0,387.25,12613.96,7262.42,6621.36,0,0,2370.02,16354.14,283.68,0,12565.09,1684.84,4486.21,84195.45,0,16576.78,0,0,90702.15,0,0,0,3107.36,2873.25,0,29770.69,37525.36,84.97,2785.05,21194.06,0,0,0,0
2006-05-24 22:00:00,0,2537.99,0,354.13,11435.84,6508.44,6060.88,0,0,2186.93,15097.7,258.25,0,11669.06,1568.39,4168.52,80648.18,0,15609.74,0,0,85362.9,0,0,0,2881.25,2661.57,0,27432.01,35800.47,81.26,2568.89,19653.95,0,0,0,0
2006-05-24 23:00:00,0,2253.78,0,323.07,10482.91,5867.13,5588.6,0,0,2012.64,13824.11,235.42,0,10800.47,1446.89,3890.97,76469.54,0,14692.0,0,0,80975.11,0,0,0,2671.49,2461.14,0,25384.67,32996.24,77.21,2374.91,18065.82,0,0,0,0
2006-05-25 00:00:00,0,2016.13,0,296.82,9613.98,5245.03,5175.18,0,0,1848.67,12692.14,215.43,0,10020.67,1328.59,3650.0,72700.43,0,13812.33,0,0,76667.53,0,0,0,2481.83,2278.84,0,23523.91,30472.05,72.17,2158.98,16681.34,0,0,0,0
2006-05-25 01:00:00,0,1804.81,0,273.46,8995.09,4692.55,4814.54,0,0,1697.02,11646.72,197.29,0,9677.58,1229.85,3477.53,69288.54,0,13056.23,0,0,73086.5,0,0,0,2331.78,2137.94,0,21997.48,28027.44,68.48,1963.82,15377.64,0,0,0,0
2006-05-25 02:00:00,0,1656.75,0,252.03,8595.03,4330.67,4569.15,0,0,1547.73,10683.71,182.31,0,9595.01,1142.98,3314.47,66123.08,0,12465.47,0,0,70198.84,0,0,0,2259.88,2049.87,0,21023.52,26148.57,65.99,1834.93,14566.43,0,0,0,0
2006-05-25 03:00:00,0,1565.34,0,239.1,8405.69,4189.74,4545.7,0,0,1472.21,10189.41,173.33,0,9656.92,1116.0,3206.23,64219.32,0,12254.03,0,0,68885.25,0,0,0,2214.24,2012.16,0,20576.67,24954.41,63.27,1785.77,14032.68,0,0,0,0
2006-05-25 04:00:00,0,1541.85,0,246.38,8575.67,4330.66,4746.23,0,0,1503.34,10371.85,173.98,0,9828.31,1146.86,3259.19,63996.76,0,12498.35,0,0,69826.06,0,0,0,2251.09,2052.11,0,20762.86,24239.34,62.03,1815.31,13918.68,0,0,0,0
2006-05-25 05:00:00,0,1551.54,0,254.56,9020.8,4491.7,4947.76,0,0,1548.81,10683.52,175.44,0,10952.4,1184.46,3360.58,65061.92,0,13911.08,0,0,72691.95,0,0,0,2319.49,2094.69,0,21025.74,24204.44,62.46,1857.66,14252.12,0,0,0,0
2006-05-25 06:00:00,0,1570.35,0,272.24,9978.01,4793.21,5377.83,0,0,1696.48,11484.85,181.16,0,11448.39,1262.68,3567.07,66742.67,0,15213.33,0,0,79623.88,0,0,0,2405.09,2189.82,0,22032.32,24491.18,63.85,1982.05,14831.73,0,0,0,0
2006-05-25 07:00:00,0,1718.33,0,304.2,10545.75,5342.42,5817.61,0,0,1892.3,12783.43,200.64,0,12073.65,1374.64,3854.92,70271.39,0,15834.75,0,0,83669.35,0,0,0,2573.45,2342.95,0,22943.75,26336.14,66.14,2169.17,15738.75,0,0,0,0
2006-05-25 08:00:00,0,1857.74,0,326.83,11034.69,6026.2,6266.41,0,0,2081.21,14426.74,225.36,0,12572.95,1496.08,4117.37,73607.66,0,16557.51,0,0,88484.55,0,0,0,2746.46,2491.06,0,24981.64,28055.81,70.04,2350.18,16971.93,0,0,0,0
2006-05-25 09:00:00,0,2100.24,0,362.18,11782.01,6489.92,6860.3,0,0,2211.52,15434.99,236.86,0,12780.86,1667.38,4282.24,77156.65,0,17128.14,0,0,92723.61,0,0,0,2969.49,2747.76,0,26974.83,30429.32,75.14,2495.12,18146.44,0,0,0,0
2006-05-25 10:00:00,0,2362.96,0,404.61,12863.41,6972.64,7545.72,0,0,2337.37,16273.6,249.08,0,13020.4,1849.47,4481.58,80208.54,0,17559.87,0,0,96872.84,0,0,0,3277.41,3051.17,0,29809.46,32818.24,80.08,2695.02,19471.63,0,0,0,0
2006-05-25 11:00:00,0,2565.91,0,432.6,13771.37,7733.31,8011.19,0,0,2488.57,17326.73,263.47,0,13120.99,1965.71,4785.89,83702.07,0,18104.07,0,0,101729.41,0,0,0,3466.96,3254.95,0,31964.84,34767.66,83.9,2954.3,20733.66,0,0,0,0
2006-05-25 12:00:00,0,2753.85,0,417.58,14599.32,8381.47,8366.36,0,0,2663.28,18333.8,277.54,0,13243.27,1995.98,5083.2,87268.42,0,18881.57,0,0,105856.75,0,0,0,3606.17,3410.1,0,33454.92,36480.45,87.83,3139.4,22204.54,0,0,0,0
2006-05-25 13:00:00,0,2885.51,0,414.22,15273.49,8729.67,8656.24,0,0,2766.98,19020.98,286.88,0,13373.14,1983.96,5291.46,89782.27,0,19390.76,0,0,108858.63,0,0,0,3721.52,3532.84,0,34570.69,37971.5,91.21,3245.68,23026.69,0,0,0,0
2006-05-25 14:00:00,0,2988.27,0,429.0,15798.81,8991.63,8976.56,0,0,2840.38,19701.45,294.66,0,13539.55,1970.89,5446.69,90973.31,0,19515.41,0,0,91772.08,0,0,0,3821.82,3640.78,0,35427.31,39249.92,93.13,3441.24,23599.4,0,0,0,0
2006-05-25 15:00:00,0,3053.32,0,439.42,16090.61,9226.08,9212.74,0,0,2914.0,19701.23,306.37,0,13781.36,1961.19,5558.48,91567.67,0,19305.78,0,0,94054.5,0,0,0,3898.97,3711.39,0,35946.27,40124.09,93.85,3613.05,23871.33,0,0,0,0
2006-05-25 16:00:00,0,3075.91,0,444.19,16267.55,9318.89,9363.64,0,0,2934.48,19588.14,316.07,0,14053.07,2002.14,5609.39,91643.27,0,19547.68,0,0,96422.75,0,0,0,3936.96,3752.26,0,36146.84,40678.11,95.2,3689.42,23836.53,0,0,0,0
2006-05-25 17:00:00,0,3085.91,0,445.41,16204.42,9066.71,9358.17,0,0,2900.91,19321.83,323.71,0,14356.85,2049.69,5570.22,91570.45,0,19569.04,0,0,116397.72,0,0,0,3909.62,3734.96,0,35838.0,40882.02,94.59,3641.3,23621.2,0,0,0,0
2006-05-25 18:00:00,0,3093.2,0,440.46,15995.15,8624.18,9224.35,0,0,2753.94,18723.42,322.53,0,14339.75,2017.13,5424.55,90404.72,0,18892.53,0,0,114612.31,0,0,0,3832.86,3640.56,0,34887.7,40513.34,93.2,3518.82,23236.47,0,0,0,0
2006-05-25 19:00:00,0,3163.65,0,428.36,15952.34,8373.64,9050.07,0,0,2713.91,18419.96,320.03,0,15008.83,2018.55,5002.91,89348.36,0,19167.79,0,0,111658.54,0,0,0,3789.8,3574.04,0,33610.97,40896.88,89.97,3298.98,22933.3,0,0,0,0
2006-05-25 20:00:00,0,2898.05,0,411.67,14990.08,7788.62,8325.52,0,0,2509.0,17407.35,310.37,0,14097.84,1864.94,4890.22,88530.68,0,18525.52,0,0,107998.89,0,0,0,3624.2,3352.33,0,32072.56,38375.63,88.65,3005.19,21601.56,0,0,0,0
2006-05-25 21:00:00,0,2620.0,0,382.68,14160.95,7139.64,7753.26,0,0,2324.37,16265.82,288.89,0,13134.8,1713.18,4578.75,85556.73,0,17750.97,0,0,101766.12,0,0,0,3421.52,3167.54,0,30569.06,36893.2,84.48,2753.36,21045.93,0,0,0,0
2006-05-25 22:00:00,0,2415.44,0,351.17,12935.05,6416.4,7264.05,0,0,2155.87,15033.29,262.69,0,12237.42,1576.54,4315.57,81726.96,0,16770.27,0,0,96719.12,0,0,0,3185.23,2965.89,0,28527.35,35167.45,79.7,2529.46,19704.5,0,0,0,0
2006-05-25 23:00:00,0,2157.61,0,323.34,11831.35,5797.96,6838.35,0,0,1987.56,13819.1,239.52,0,11372.25,1462.08,4102.62,77023.83,0,15663.82,0,0,92237.61,0,0,0,2965.01,2760.99,0,26777.09,32336.49,75.51,2332.1,18420.12,0,0,0,0
2006-05-26 00:00:00,0,1944.83,0,296.33,10866.79,5230.38,6445.02,0,0,1826.02,12710.51,215.91,0,10485.29,1353.77,3917.12,72939.49,0,14657.29,0,0,88395.87,0,0,0,2770.37,2562.21,0,25077.11,29960.8,71.99,2146.78,17160.21,0,0,0,0
2006-05-26 01:00:00,0,1754.39,0,269.75,10080.89,4719.13,6046.76,0,0,1671.38,11681.63,194.45,0,9957.73,1254.86,3742.04,69285.06,0,13850.37,0,0,84620.23,0,0,0,2614.24,2393.13,0,23594.07,27923.79,69.23,1982.64,16053.29,0,0,0,0
2006-05-26 02:00:00,0,1604.2,0,247.69,9671.49,4409.16,5693.81,0,0,1534.04,10778.28,177.96,0,9785.58,1164.02,3573.72,66026.28,0,13269.3,0,0,81504.61,0,0,0,2516.61,2297.28,0,22525.16,26253.9,66.09,1876.68,15340.72,0,0,0,0
2006-05-26 03:00:00,0,1510.84,0,238.42,9415.12,4302.97,5494.99,0,0,1483.96,10357.01,169.98,0,9799.69,1117.59,3431.72,64310.09,0,12989.6,0,0,79850.04,0,0,0,2461.12,2250.31,0,21943.78,25104.12,63.18,1845.16,14734.19,0,0,0,0
2006-05-26 04:00:00,0,1488.87,0,243.03,9413.19,4443.4,5604.21,0,0,1526.6,10557.95,172.42,0,9953.42,1149.88,3401.16,64063.89,0,13194.1,0,0,80397.33,0,0,0,2467.68,2233.22,0,21933.53,24367.26,61.87,1895.06,14435.78,0,0,0,0
2006-05-26 05:00:00,0,1504.02,0,250.94,9863.7,4619.32,5820.19,0,0,1583.61,10917.85,177.01,0,10855.95,1183.45,3479.88,64867.46,0,14308.53,0,0,82124.21,0,0,0,2505.89,2247.53,0,22146.38,24246.88,62.03,1942.91,14636.34,0,0,0,0
2006-05-26 06:00:00,0,1530.03,0,270.41,10743.59,4861.26,6126.56,0,0,1705.41,11582.69,184.37,0,11858.95,1264.09,3667.09,66437.3,0,15849.29,0,0,88199.9,0,0,0,2634.42,2391.38,0,22772.52,24414.68,63.19,2033.93,14951.33,0,0,0,0
2006-05-26 07:00:00,0,1698.18,0,308.21,11325.58,5465.25,6440.3,0,0,1920.93,12932.84,204.83,0,12372.09,1377.63,3976.04,70364.19,0,16883.42,0,0,92279.94,0,0,0,2819.44,2537.28,0,24187.85,26209.13,65.83,2253.29,16007.5,0,0,0,0
2006-05-26 08:00:00,0,1875.23,0,333.95,11977.36,6097.73,6858.0,0,0,2109.92,14473.74,225.92,0,12904.83,1494.76,4235.32,73692.29,0,17655.38,0,0,96010.68,0,0,0,3020.01,2735.56,0,25488.17,28002.73,69.54,2491.19,17016.39,0,0,0,0
2006-05-26 09:00:00,0,2105.44,0,362.04,12825.96,6719.34,7438.02,0,0,2300.29,15570.27,241.45,0,13634.94,1655.06,4443.96,77161.18,0,18522.38,0,0,99181.29,0,0,0,3231.69,3007.02,0,26725.72,30212.02,73.53,2718.97,18140.69,0,0,0,0
2006-05-26 10:00:00,0,2339.56,0,394.06,13664.53,7506.22,8119.49,0,0,2494.88,16948.24,262.22,0,14285.41,1830.96,4639.2,80315.66,0,19379.15,0,0,102161.17,0,0,0,3485.4,3277.44,0,28396.73,32404.16,77.59,2960.36,19331.0,0,0,0,0
2006-05-26 11:00:00,0,2543.38,0,416.91,14146.23,8126.41,8531.63,0,0,2675.26,18262.59,278.41,0,14762.08,1961.2,4855.25,83164.94,0,19945.52,0,0,105592.46,0,0,0,3620.97,3404.56,0,30191.92,34745.25,83.38,3137.78,20483.35,0,0,0,0
2006-05-26 12:00:00,0,2744.54,0,425.62,14716.06,8530.73,8742.75,0,0,2793.46,19125.23,294.53,0,15225.05,2060.62,5001.98,86503.17,0,19994.96,0,0,109765.87,0,0,0,3693.73,3482.6,0,31761.64,36854.51,87.02,3266.41,21807.73,0,0,0,0
2006-05-26 13:00:00,0,2932.15,0,435.69,15320.58,8802.86,8973.57,0,0,2873.09,19655.47,310.43,0,15659.29,2147.97,5124.53,89381.28,0,19814.32,0,0,112421.33,0,0,0,3744.91,3538.23,0,32855.69,38952.63,90.86,3360.17,22729.74,0,0,0,0
2006-05-26 14:00:00,0,3072.56,0,450.3,15849.51,9053.13,9166.24,0,0,2938.25,20203.27,324.98,0,16073.31,2207.02,5228.07,91769.77,0,19788.36,0,0,115125.85,0,0,0,3800.79,3592.27,0,33990.6,40511.27,93.65,3478.37,23434.41,0,0,0,0
2006-05-26 15:00:00,0,3175.01,0,461.49,16167.73,9214.86,9287.61,0,0,2997.27,20463.52,336.95,0,16300.06,2246.27,5314.82,93168.08,0,19951.04,0,0,117015.94,0,0,0,3853.29,3658.25,0,34764.29,41448.06,96.05,3590.01,23802.49,0,0,0,0
2006-05-26 16:00:00,0,3231.06,0,459.59,16278.47,9298.46,9399.01,0,0,3024.24,20468.4,343.99,0,16325.64,2218.7,5363.47,93670.94,0,19877.23,0,0,117803.42,0,0,0,3895.25,3703.29,0,35213.55,41937.84,97.55,3665.32,23966.59,0,0,0,0
2006-05-26 17:00:00,0,3281.12,0,456.32,16005.9,9263.83,9356.07,0,0,2975.82,20071.85,342.51,0,16018.67,2138.35,5406.25,93707.27,0,19601.36,0,0,117187.33,0,0,0,3829.94,3684.44,0,35233.6,42124.25,96.84,3635.52,23841.39,0,0,0,0
2006-05-26 18:00:00,0,3267.97,0,448.42,15365.57,8951.72,9135.39,0,0,2847.33,19372.05,331.34,0,15547.85,1897.86,5365.14,92646.57,0,19501.75,0,0,115653.23,0,0,0,3708.58,3585.11,0,34637.59,41446.05,95.82,3537.5,23557.55,0,0,0,0
2006-05-26 19:00:00,0,3281.63,0,410.82,14757.93,8305.8,8921.82,0,0,2689.71,18184.42,317.84,0,14972.65,1870.18,4833.1,86290.53,0,18950.66,0,0,107160.4,0,0,0,3624.99,3564.72,0,33332.32,39855.74,84.94,3222.94,22343.37,0,0,0,0
2006-05-26 20:00:00,0,3147.66,0,400.45,14528.95,7678.12,8326.44,0,0,2469.62,16949.15,302.26,0,14144.84,1803.66,4864.11,86259.27,0,18439.76,0,0,106155.32,0,0,0,3494.02,3405.65,0,31994.39,39249.11,85.01,2966.99,21541.65,0,0,0,0
2006-05-26 21:00:00,0,2912.84,0,375.57,13884.2,7180.03,7835.17,0,0,2299.72,15820.74,284.11,0,13375.23,1701.45,4553.9,82599.85,0,17600.25,0,0,100556.73,0,0,0,3398.05,3261.93,0,30707.03,37455.58,80.43,2735.69,20993.32,0,0,0,0
2006-05-26 22:00:00,0,2796.26,0,342.52,12843.96,6505.86,7406.93,0,0,2153.13,14743.06,257.3,0,12611.14,1589.7,4252.68,78981.66,0,16613.2,0,0,95313.98,0,0,0,3174.08,3080.72,0,28518.09,35940.12,75.23,2531.53,19696.96,0,0,0,0
2006-05-26 23:00:00,0,2547.26,0,312.7,11837.95,5859.76,6998.18,0,0,2005.34,13642.99,230.46,0,11851.48,1498.51,3946.38,74267.15,0,15866.02,0,0,90270.28,0,0,0,2969.6,2914.06,0,26674.91,34029.8,71.2,2355.84,18181.35,0,0,0,0
2006-05-27 00:00:00,0,2318.26,0,286.5,10934.67,5260.33,6622.14,0,0,1860.37,12667.3,207.49,0,11125.06,1389.27,3656.64,70372.83,0,14990.46,0,0,85462.27,0,0,0,2773.07,2744.27,0,24985.76,32193.94,67.81,2188.26,16798.04,0,0,0,0
2006-05-27 01:00:00,0,2123.29,0,265.88,10163.19,4814.08,6224.88,0,0,1723.23,11728.41,191.04,0,10722.13,1284.19,3420.88,66882.64,0,14180.36,0,0,81207.27,0,0,0,2616.82,2577.81,0,23661.85,30442.06,64.78,2030.38,15515.59,0,0,0,0
2006-05-27 02:00:00,0,1937.39,0,245.88,9574.42,4520.5,5828.3,0,0,1605.71,10994.87,178.16,0,10635.17,1202.18,3222.46,64080.33,0,13547.27,0,0,78007.57,0,0,0,2515.18,2436.13,0,22490.05,28726.31,62.01,1912.36,14467.27,0,0,0,0
2006-05-27 03:00:00,0,1792.95,0,232.67,9078.93,4347.55,5521.27,0,0,1524.54,10573.52,168.31,0,10655.07,1140.4,3086.5,62079.38,0,13287.42,0,0,75460.5,0,0,0,2422.53,2305.35,0,21704.81,26995.39,59.6,1833.84,13868.75,0,0,0,0
2006-05-27 04:00:00,0,1731.46,0,227.96,8923.67,4219.69,5345.38,0,0,1492.79,10285.65,161.26,0,10676.22,1112.28,2974.35,60664.14,0,13102.43,0,0,73982.4,0,0,0,2356.36,2223.0,0,21190.08,25770.84,58.11,1806.33,13437.17,0,0,0,0
2006-05-27 05:00:00,0,1678.31,0,225.57,8838.46,4222.26,5238.52,0,0,1488.67,10279.56,160.26,0,10768.6,1102.49,2936.78,59850.69,0,13200.89,0,0,73580.28,0,0,0,2320.27,2213.89,0,20988.24,24894.37,57.69,1805.93,13135.51,0,0,0,0
2006-05-27 06:00:00,0,1661.93,0,230.68,9294.99,4360.71,5442.93,0,0,1525.8,10493.79,162.79,0,11206.81,1131.21,3011.1,60228.97,0,13771.76,0,0,74859.07,0,0,0,2321.78,2288.21,0,20981.47,24566.99,57.69,1857.61,13247.31,0,0,0,0
2006-05-27 07:00:00,0,1780.41,0,253.27,10116.16,4959.11,5971.66,0,0,1692.58,11570.71,179.45,0,11768.98,1240.31,3227.83,62112.64,0,14577.71,0,0,78124.18,0,0,0,2483.2,2497.56,0,21699.19,24953.79,58.63,2071.93,13925.04,0,0,0,0
2006-05-27 08:00:00,0,1984.06,0,288.05,10987.31,5812.69,6534.43,0,0,1908.72,13282.22,207.3,0,12458.13,1363.0,3497.52,65853.58,0,15523.49,0,0,82758.38,0,0,0,2750.96,2775.73,0,23816.05,26377.83,60.81,2335.87,15253.71,0,0,0,0
2006-05-27 09:00:00,0,2255.57,0,321.39,11578.4,6603.23,7216.12,0,0,2120.03,14800.5,225.43,0,13001.9,1536.31,3849.22,70346.29,0,16535.72,0,0,87059.17,0,0,0,3074.4,3125.1,0,26058.87,28313.34,63.82,2627.04,16523.49,0,0,0,0
2006-05-27 10:00:00,0,2463.68,0,355.69,12137.24,7370.09,7672.19,0,0,2350.82,16290.12,242.26,0,13325.65,1721.97,4278.26,75079.45,0,17359.08,0,0,92082.01,0,0,0,3336.48,3375.03,0,28367.21,30587.09,67.95,2865.36,18176.51,0,0,0,0
2006-05-27 11:00:00,0,2662.75,0,378.62,12753.05,7918.81,8017.79,0,0,2502.85,17661.24,260.69,0,13709.83,1845.22,4634.99,79935.06,0,18023.22,0,0,98954.83,0,0,0,3490.56,3527.53,0,30384.21,32596.94,71.0,3034.17,19970.8,0,0,0,0
2006-05-27 12:00:00,0,2813.89,0,395.63,13345.52,8314.61,8295.69,0,0,2614.86,18804.44,279.76,0,14140.53,1938.15,4898.29,84083.54,0,18455.63,0,0,103856.35,0,0,0,3614.79,3653.32,0,31871.9,34319.0,74.24,3140.75,21266.75,0,0,0,0
2006-05-27 13:00:00,0,2945.85,0,408.6,13759.22,8665.1,8498.08,0,0,2726.74,19726.42,298.54,0,14496.61,2034.03,5079.74,86581.44,0,18865.04,0,0,107276.73,0,0,0,3723.08,3763.05,0,33196.09,35975.65,77.05,3255.89,22043.44,0,0,0,0
2006-05-27 14:00:00,0,3060.18,0,423.2,14211.13,8978.08,8698.63,0,0,2817.73,20422.5,316.91,0,14850.34,2116.08,5239.69,88616.86,0,19281.44,0,0,110788.79,0,0,0,3813.91,3854.25,0,34459.08,37214.57,79.35,3375.35,22796.0,0,0,0,0
2006-05-27 15:00:00,0,3150.76,0,433.35,14650.36,9196.58,8894.26,0,0,2878.82,20793.59,331.09,0,15292.67,2165.03,5373.28,90102.22,0,19716.24,0,0,113908.14,0,0,0,3894.41,3922.55,0,35503.55,38264.09,81.0,3463.22,23363.3,0,0,0,0
2006-05-27 16:00:00,0,3195.18,0,430.34,14960.33,9279.73,9032.66,0,0,2912.84,20853.53,337.45,0,15810.02,2186.63,5459.53,90894.93,0,20209.81,0,0,115908.31,0,0,0,3957.03,3930.0,0,36065.74,38932.95,81.94,3470.49,23742.37,0,0,0,0
2006-05-27 17:00:00,0,3183.26,0,427.28,15027.68,9026.76,9057.61,0,0,2879.18,20527.33,337.84,0,16188.31,2170.34,5530.91,90989.59,0,20591.32,0,0,116807.27,0,0,0,3922.21,3880.34,0,36309.57,39143.99,82.85,3432.83,23928.36,0,0,0,0
2006-05-27 18:00:00,0,3125.25,0,423.93,14800.49,8606.52,8922.1,0,0,2722.07,19955.53,334.27,0,16117.27,2093.85,5534.13,89909.19,0,20595.81,0,0,116358.64,0,0,0,3827.81,3773.19,0,36051.07,38654.22,81.54,3334.81,23673.17,0,0,0,0
2006-05-27 19:00:00,0,3180.13,0,417.91,15099.87,8285.77,9092.7,0,0,2727.22,18629.88,319.18,0,16876.72,2070.43,5260.76,90037.82,0,20908.71,0,0,111525.9,0,0,0,3826.27,3655.11,0,35455.34,39583.17,81.28,3281.64,23032.0,0,0,0,0
2006-05-27 20:00:00,0,3065.41,0,412.39,14624.0,7802.23,8377.4,0,0,2526.99,17504.51,310.05,0,15727.53,1942.1,5204.88,89819.63,0,20525.83,0,0,111305.28,0,0,0,3662.44,3468.27,0,33742.48,39107.48,81.82,3050.03,22228.79,0,0,0,0
2006-05-27 21:00:00,0,2878.22,0,388.33,13861.13,7289.24,7740.47,0,0,2343.12,16295.08,292.99,0,14665.05,1836.83,4812.29,86503.07,0,19468.38,0,0,103993.45,0,0,0,3510.75,3298.95,0,32359.32,37567.46,77.21,2802.04,21627.95,0,0,0,0
2006-05-27 22:00:00,0,2758.82,0,357.44,12610.25,6622.4,7154.48,0,0,2197.82,15183.95,265.25,0,13610.48,1730.32,4470.71,82958.82,0,18247.8,0,0,98153.71,0,0,0,3222.83,3078.41,0,29908.91,36005.85,72.52,2588.67,20288.91,0,0,0,0
2006-05-27 23:00:00,0,2503.85,0,327.96,11471.4,5990.14,6601.19,0,0,2056.46,14109.02,239.01,0,12534.95,1612.03,4141.67,78492.16,0,16952.92,0,0,92782.79,0,0,0,2950.32,2852.75,0,27811.73,34011.02,68.32,2402.84,18750.05,0,0,0,0
2006-05-28 00:00:00,0,2282.35,0,301.09,10544.55,5408.92,6088.22,0,0,1914.3,13166.44,217.18,0,11560.04,1499.55,3832.08,74173.77,0,15778.2,0,0,87614.05,0,0,0,2709.51,2629.52,0,25978.62,32298.91,65.5,2217.81,17347.77,0,0,0,0
2006-05-28 01:00:00,0,2079.38,0,277.4,9725.08,4957.63,5605.59,0,0,1777.64,12222.7,199.07,0,10899.08,1384.01,3574.26,70169.7,0,14778.28,0,0,83325.52,0,0,0,2515.73,2430.66,0,24583.17,30613.93,63.24,2065.22,16046.98,0,0,0,0
2006-05-28 02:00:00,0,1900.95,0,255.8,9107.34,4654.62,5238.6,0,0,1661.15,11453.72,184.79,0,10628.82,1278.76,3349.66,66831.81,0,13980.27,0,0,79858.83,0,0,0,2391.48,2305.16,0,23406.81,28911.19,60.72,1953.07,14958.05,0,0,0,0
2006-05-28 03:00:00,0,1755.21,0,241.27,8639.01,4477.8,4970.65,0,0,1580.05,11024.66,175.91,0,10437.9,1192.97,3182.97,64757.3,0,13401.46,0,0,76733.82,0,0,0,2308.71,2188.27,0,22569.59,27397.83,58.17,1876.53,14131.21,0,0,0,0
2006-05-28 04:00:00,0,1655.59,0,235.79,8450.64,4347.06,4806.6,0,0,1545.27,10678.53,169.28,0,10262.2,1149.52,3060.13,63438.48,0,13049.29,0,0,74818.64,0,0,0,2259.55,2148.59,0,21982.56,26038.67,56.54,1844.95,13455.68,0,0,0,0
2006-05-28 05:00:00,0,1600.85,0,234.14,8372.29,4340.45,4766.49,0,0,1541.51,10651.28,168.66,0,10214.84,1145.55,3003.31,62463.4,0,13076.68,0,0,74658.96,0,0,0,2253.56,2142.33,0,21668.98,25209.34,55.81,1844.84,13186.32,0,0,0,0
2006-05-28 06:00:00,0,1598.1,0,239.18,8830.16,4505.23,4970.43,0,0,1578.38,10876.94,171.83,0,10540.43,1197.35,3093.83,62671.99,0,13893.61,0,0,76974.95,0,0,0,2279.93,2230.76,0,21702.74,24905.19,56.1,1909.31,13278.16,0,0,0,0
2006-05-28 07:00:00,0,1729.62,0,261.11,9709.4,5081.29,5524.07,0,0,1755.6,12185.03,193.41,0,10969.62,1350.98,3343.89,65045.37,0,14893.1,0,0,82458.46,0,0,0,2505.43,2495.24,0,22470.32,25284.44,57.57,2114.14,14094.65,0,0,0,0
2006-05-28 08:00:00,0,1920.2,0,293.77,10506.73,5993.62,6121.44,0,0,2018.35,14287.15,220.32,0,11534.44,1533.32,3640.79,69064.98,0,15723.75,0,0,88036.99,0,0,0,2805.03,2797.85,0,24500.62,26652.53,60.63,2378.71,15620.81,0,0,0,0
2006-05-28 09:00:00,0,2170.76,0,336.35,11136.28,6887.97,6779.08,0,0,2234.71,16119.74,248.08,0,11952.17,1771.51,4004.97,73068.13,0,16275.91,0,0,93065.03,0,0,0,3079.25,3072.04,0,27118.24,28469.1,63.92,2600.43,17040.42,0,0,0,0
2006-05-28 10:00:00,0,2389.41,0,373.5,11691.59,7704.67,7098.75,0,0,2454.16,17596.8,274.49,0,12333.21,1920.97,4450.65,77835.3,0,16867.59,0,0,100567.32,0,0,0,3239.75,3229.17,0,29747.54,30477.57,68.58,2870.01,19061.92,0,0,0,0
2006-05-28 11:00:00,0,2604.73,0,399.42,12373.06,8295.83,7465.18,0,0,2592.12,18687.12,294.4,0,12593.41,1968.49,4800.95,82917.78,0,17457.4,0,0,107012.78,0,0,0,3340.92,3339.26,0,31563.57,32454.92,71.59,3102.46,20626.92,0,0,0,0
2006-05-28 12:00:00,0,2780.11,0,417.13,13038.91,8700.39,7788.7,0,0,2696.19,19540.15,308.24,0,12772.17,2018.4,5056.45,87196.96,0,17841.72,0,0,111878.1,0,0,0,3429.28,3444.05,0,32976.14,34167.2,74.14,3269.31,21730.75,0,0,0,0
2006-05-28 13:00:00,0,2914.18,0,421.96,13593.74,9020.39,8033.87,0,0,2782.56,20128.54,311.9,0,12972.31,2066.81,5250.3,90281.37,0,18134.57,0,0,115372.56,0,0,0,3509.13,3536.24,0,34288.42,35670.58,76.47,3395.4,22397.23,0,0,0,0
2006-05-28 14:00:00,0,3027.71,0,432.71,14102.64,9295.31,8286.21,0,0,2863.27,20547.26,324.61,0,13449.76,2077.06,5417.96,92563.64,0,18499.26,0,0,118464.22,0,0,0,3597.77,3624.22,0,35498.06,36999.37,78.78,3497.33,23069.71,0,0,0,0
2006-05-28 15:00:00,0,3098.69,0,446.51,14462.68,9500.32,8538.49,0,0,2935.42,20951.22,332.73,0,14088.68,2104.87,5535.69,94065.93,0,18969.04,0,0,120853.25,0,0,0,3675.24,3685.36,0,36273.27,37993.02,80.15,3546.65,23558.88,0,0,0,0
2006-05-28 16:00:00,0,3108.61,0,448.63,14724.4,9568.18,8731.09,0,0,2960.43,20965.59,341.69,0,14823.86,2101.06,5607.51,94610.17,0,19454.17,0,0,122190.4,0,0,0,3721.37,3685.52,0,36500.69,38761.45,81.26,3529.15,23922.91,0,0,0,0
2006-05-28 17:00:00,0,3090.44,0,445.5,14717.75,9424.77,8680.15,0,0,2934.5,20752.27,347.8,0,15193.59,2092.58,5657.0,94416.88,0,19657.76,0,0,122287.93,0,0,0,3678.07,3636.4,0,36311.62,38963.75,81.9,3497.93,23968.95,0,0,0,0
2006-05-28 18:00:00,0,3004.89,0,444.1,14285.66,9105.81,8506.32,0,0,2821.86,20166.94,350.12,0,15245.92,2056.33,5610.8,93262.45,0,19471.65,0,0,120843.37,0,0,0,3578.04,3542.22,0,35686.15,38302.09,81.19,3403.29,23570.05,0,0,0,0
2006-05-28 19:00:00,0,3330.98,0,440.86,13976.94,8569.68,7766.22,0,0,2881.26,19219.0,316.57,0,16205.46,1942.08,4996.05,87380.9,0,21039.61,0,0,116483.5,0,0,0,3344.66,3410.58,0,32618.15,39377.4,80.76,3250.5,21892.35,0,0,0,0
2006-05-28 20:00:00,0,3146.64,0,423.84,13224.97,7940.95,7024.45,0,0,2640.21,17993.54,305.09,0,14792.3,1805.98,4756.07,85599.53,0,19835.25,0,0,111822.31,0,0,0,3152.85,3172.12,0,30719.55,37900.17,77.7,3001.41,20846.81,0,0,0,0
2006-05-28 21:00:00,0,2947.41,0,387.18,12559.77,7330.25,6480.82,0,0,2439.26,16855.83,285.35,0,13668.43,1686.59,4429.49,82332.38,0,18730.02,0,0,104554.33,0,0,0,3007.58,2997.26,0,29510.62,36535.47,74.55,2781.4,19849.98,0,0,0,0
2006-05-28 22:00:00,0,2811.23,0,349.01,11417.22,6680.39,6001.53,0,0,2280.21,15728.51,264.69,0,12728.43,1583.24,4159.22,78845.09,0,17624.91,0,0,98605.65,0,0,0,2765.59,2786.5,0,27546.78,34896.58,71.81,2584.16,18556.7,0,0,0,0
2006-05-28 23:00:00,0,2545.77,0,324.17,10443.5,6159.58,5529.32,0,0,2135.04,14602.24,243.8,0,11844.33,1487.3,3891.06,75561.29,0,16689.88,0,0,93602.99,0,0,0,2546.81,2567.19,0,25529.67,32690.61,69.15,2414.99,17463.81,0,0,0,0
2006-05-29 00:00:00,0,2296.38,0,300.01,9535.35,5656.86,5079.16,0,0,1999.22,13536.84,218.97,0,10983.26,1383.82,3631.14,71791.03,0,15682.69,0,0,89326.77,0,0,0,2359.69,2364.79,0,23919.64,30703.68,65.89,2248.81,16221.43,0,0,0,0
2006-05-29 01:00:00,0,2063.88,0,282.16,8691.39,5228.08,4632.54,0,0,1864.18,12551.9,197.15,0,10455.74,1279.28,3391.91,68103.03,0,14731.34,0,0,85203.81,0,0,0,2208.19,2158.31,0,22707.42,28995.78,63.16,2095.73,14962.36,0,0,0,0
2006-05-29 02:00:00,0,1870.7,0,261.9,8124.67,4893.41,4324.3,0,0,1758.02,11705.62,183.17,0,10037.95,1195.34,3177.81,64673.55,0,13878.21,0,0,81079.13,0,0,0,2067.73,1997.74,0,21570.43,27365.92,61.03,1980.03,14017.81,0,0,0,0
2006-05-29 03:00:00,0,1710.18,0,250.43,7717.59,4652.83,4167.92,0,0,1669.17,11100.73,176.41,0,9883.54,1124.41,3041.73,62063.19,0,13413.16,0,0,78117.55,0,0,0,1980.51,1887.2,0,20752.29,25934.93,59.33,1903.7,13186.06,0,0,0,0
2006-05-29 04:00:00,0,1602.01,0,249.07,7597.64,4540.99,4102.95,0,0,1629.55,10825.74,171.16,0,9775.34,1088.22,2993.66,60967.06,0,13108.66,0,0,76147.71,0,0,0,1937.92,1805.18,0,20305.85,25151.41,58.02,1863.33,12808.98,0,0,0,0
2006-05-29 05:00:00,0,1555.82,0,253.78,7599.18,4533.52,4087.09,0,0,1636.98,10718.65,171.91,0,10400.24,1089.64,3017.49,60620.56,0,13333.39,0,0,75380.15,0,0,0,1940.54,1759.44,0,20242.34,24469.58,57.04,1864.72,12873.13,0,0,0,0
2006-05-29 06:00:00,0,1535.75,0,266.63,8003.84,4710.29,4487.0,0,0,1716.39,11040.56,177.02,0,11728.29,1150.77,3149.81,61893.66,0,14307.49,0,0,76093.74,0,0,0,2090.69,1940.08,0,20644.56,24147.61,56.2,1928.76,13082.99,0,0,0,0
2006-05-29 07:00:00,0,1721.02,0,293.52,8476.1,5275.49,5095.2,0,0,1905.09,12469.28,186.33,0,12881.75,1291.24,3311.84,64869.26,0,15846.0,0,0,83871.45,0,0,0,2314.61,2267.34,0,21608.83,25293.01,56.3,2118.22,13830.35,0,0,0,0
2006-05-29 08:00:00,0,2046.91,0,310.19,9145.97,5929.81,5543.38,0,0,2088.8,14135.0,211.18,0,13787.69,1353.46,3591.57,67804.72,0,16944.7,0,0,91629.46,0,0,0,2505.26,2545.04,0,23138.91,26809.25,59.74,2379.68,15071.07,0,0,0,0
2006-05-29 09:00:00,0,2342.33,0,345.94,10150.11,6832.08,6153.73,0,0,2315.82,15886.98,226.1,0,14452.61,1424.95,4018.65,72903.34,0,18161.41,0,0,101122.13,0,0,0,2739.68,2872.22,0,25598.69,28915.6,65.0,2745.18,16675.17,0,0,0,0
2006-05-29 10:00:00,0,2598.23,0,377.01,11056.21,7685.97,6886.63,0,0,2541.11,17313.53,250.71,0,14906.32,1551.34,4415.65,78840.15,0,19338.31,0,0,109615.44,0,0,0,2954.3,3116.36,0,28276.99,30842.73,69.42,3040.51,18787.22,0,0,0,0
2006-05-29 11:00:00,0,2801.02,0,405.07,11742.75,8329.78,7489.09,0,0,2691.26,18411.3,276.91,0,15156.89,1664.67,4689.81,83990.95,0,20209.65,0,0,116325.44,0,0,0,3102.48,3264.85,0,30538.08,32626.48,73.13,3258.09,20365.35,0,0,0,0
2006-05-29 12:00:00,0,2976.84,0,434.76,12356.59,8786.22,7904.09,0,0,2802.78,19240.25,295.82,0,15376.27,1755.98,4929.75,87868.08,0,20842.65,0,0,121058.94,0,0,0,3217.79,3365.79,0,31977.37,33960.45,76.16,3404.66,21170.52,0,0,0,0
2006-05-29 13:00:00,0,3120.78,0,456.18,12923.75,9143.63,8182.76,0,0,2890.87,19808.58,310.42,0,15564.42,1816.29,5111.18,90739.54,0,21156.8,0,0,124489.41,0,0,0,3309.88,3449.97,0,33099.62,35106.43,77.93,3549.5,21938.32,0,0,0,0
2006-05-29 14:00:00,0,3245.24,0,466.51,13512.41,9371.27,8470.74,0,0,2943.59,20092.45,323.82,0,15869.79,1865.08,5272.4,92794.68,0,21257.98,0,0,127360.74,0,0,0,3386.19,3542.87,0,34047.38,36155.09,79.46,3668.93,22581.4,0,0,0,0
2006-05-29 15:00:00,0,3328.49,0,466.89,14018.49,9471.46,8706.46,0,0,2968.27,20104.86,332.44,0,16173.01,1910.74,5373.43,93685.44,0,21451.84,0,0,129477.15,0,0,0,3421.25,3601.74,0,34754.17,36906.24,80.87,3727.2,23124.69,0,0,0,0
2006-05-29 16:00:00,0,3345.06,0,458.61,14450.41,9380.88,8922.44,0,0,2940.89,19964.51,328.89,0,16437.88,1927.84,5438.69,93929.39,0,21681.09,0,0,130389.68,0,0,0,3442.77,3595.23,0,35013.88,37818.31,81.96,3695.83,23407.41,0,0,0,0
2006-05-29 17:00:00,0,3296.25,0,443.28,14702.93,9123.15,9067.47,0,0,2855.84,19593.56,319.19,0,16593.93,1917.19,5456.66,93500.59,0,22010.47,0,0,130482.76,0,0,0,3437.09,3543.03,0,34950.92,38399.71,81.62,3628.28,23314.94,0,0,0,0
2006-05-29 18:00:00,0,3196.31,0,439.75,14367.2,8682.03,8979.8,0,0,2736.49,19049.21,305.99,0,16656.22,1905.28,5339.64,92712.64,0,22188.99,0,0,130663.96,0,0,0,3391.01,3434.12,0,34367.64,38075.38,79.26,3472.11,23061.52,0,0,0,0
2006-05-29 19:00:00,0,3222.38,0,433.38,16379.12,8827.7,9054.84,0,0,2861.98,18993.28,329.5,0,18183.69,1999.29,5617.54,102004.54,0,23070.93,0,0,130078.32,0,0,0,3605.78,3403.33,0,34863.71,39553.21,92.84,3538.85,23789.19,0,0,0,0
2006-05-29 20:00:00,0,3047.11,0,414.25,15221.94,8325.48,8239.19,0,0,2658.06,17660.31,313.9,0,16864.44,1859.85,5461.65,99334.11,0,22207.18,0,0,124973.88,0,0,0,3385.11,3140.34,0,33173.08,37976.6,90.73,3299.93,22979.05,0,0,0,0
2006-05-29 21:00:00,0,2826.94,0,390.7,14375.56,7743.04,7552.04,0,0,2452.26,16520.77,293.32,0,15697.38,1717.88,5136.03,95693.98,0,21204.2,0,0,117259.66,0,0,0,3163.1,2956.23,0,31702.75,36659.23,86.4,3049.01,22456.37,0,0,0,0
2006-05-29 22:00:00,0,2626.41,0,358.71,13088.73,6885.13,6926.74,0,0,2257.13,15333.21,261.69,0,14661.76,1576.44,4859.12,91831.67,0,20022.76,0,0,111058.31,0,0,0,2891.45,2715.58,0,29219.31,35083.06,82.37,2770.37,21089.89,0,0,0,0
2006-05-29 23:00:00,0,2361.41,0,334.1,11935.02,6171.64,6345.34,0,0,2070.7,14128.54,234.92,0,13653.76,1458.76,4597.51,87168.81,0,18856.05,0,0,105716.32,0,0,0,2638.28,2483.45,0,27111.96,32713.08,78.06,2528.2,19562.45,0,0,0,0
2006-05-30 00:00:00,0,2134.32,0,310.42,10878.63,5510.74,5833.53,0,0,1895.37,13029.22,212.7,0,12741.73,1341.95,4353.44,82619.07,0,17818.2,0,0,100455.62,0,0,0,2410.51,2265.99,0,25169.39,30722.13,73.65,2298.9,18182.84,0,0,0,0
2006-05-30 01:00:00,0,1910.32,0,282.81,10073.73,4943.38,5403.87,0,0,1734.68,11970.33,192.98,0,12191.61,1229.29,4104.1,78255.73,0,16887.59,0,0,95850.61,0,0,0,2256.19,2121.75,0,23521.49,28589.13,69.74,2081.13,16806.01,0,0,0,0
2006-05-30 02:00:00,0,1751.58,0,258.97,9523.79,4597.45,5085.06,0,0,1599.57,11063.74,176.68,0,11935.17,1145.74,3853.22,74112.64,0,16208.83,0,0,91580.17,0,0,0,2172.16,2016.62,0,22242.44,26967.57,66.68,1927.22,15732.55,0,0,0,0
2006-05-30 03:00:00,0,1655.37,0,246.43,9231.38,4426.26,4929.65,0,0,1526.78,10633.11,166.06,0,11738.76,1110.39,3671.69,71633.62,0,15744.91,0,0,89062.82,0,0,0,2134.92,1998.78,0,21520.99,25712.17,63.92,1871.63,15080.15,0,0,0,0
2006-05-30 04:00:00,0,1640.43,0,241.22,9187.0,4467.82,5019.41,0,0,1554.81,10686.79,167.5,0,11604.67,1138.54,3656.2,70708.23,0,15716.37,0,0,88196.69,0,0,0,2157.24,2028.44,0,21504.46,25114.98,62.38,1901.83,14942.01,0,0,0,0
2006-05-30 05:00:00,0,1653.05,0,244.05,9527.38,4585.24,5164.33,0,0,1593.89,10944.49,171.91,0,12472.07,1163.79,3692.89,71042.74,0,16765.09,0,0,89002.53,0,0,0,2221.68,2058.47,0,21681.98,25116.87,62.24,1936.13,15095.5,0,0,0,0
2006-05-30 06:00:00,0,1677.43,0,260.34,10567.29,4819.72,5639.73,0,0,1708.56,11531.83,179.56,0,13306.46,1200.73,3905.78,73280.26,0,18520.15,0,0,94365.58,0,0,0,2353.48,2137.54,0,22478.75,25368.92,63.15,2038.9,15489.31,0,0,0,0
2006-05-30 07:00:00,0,1834.94,0,297.78,11344.82,5484.49,6053.08,0,0,1926.11,12962.95,202.2,0,13871.98,1330.32,4172.87,77343.04,0,20188.43,0,0,101625.25,0,0,0,2510.31,2305.48,0,23889.69,27024.06,66.14,2259.05,16436.97,0,0,0,0
2006-05-30 08:00:00,0,1981.49,0,326.96,12104.23,6079.6,6420.05,0,0,2088.35,14161.84,217.32,0,14286.09,1448.92,4489.18,81558.85,0,21515.84,0,0,109333.69,0,0,0,2731.85,2506.43,0,26254.24,28695.91,70.32,2466.08,17801.55,0,0,0,0
2006-05-30 09:00:00,0,2156.38,0,350.02,12915.31,6548.43,7035.05,0,0,2232.18,15428.13,226.55,0,14671.86,1516.13,4952.25,85663.12,0,22287.56,0,0,118577.62,0,0,0,2960.04,2723.57,0,28301.07,30288.38,76.06,2666.49,19071.41,0,0,0,0
2006-05-30 10:00:00,0,2378.26,0,379.91,14119.3,7215.29,7728.78,0,0,2393.66,16750.75,241.3,0,15069.24,1669.85,5249.5,89074.29,0,23032.2,0,0,126187.0,0,0,0,3175.74,2991.64,0,30605.04,32191.86,81.92,2910.37,20867.86,0,0,0,0
2006-05-30 11:00:00,0,2568.45,0,404.67,15141.39,7798.32,8171.97,0,0,2567.45,17940.24,254.23,0,15380.09,1781.48,5350.32,93065.65,0,23657.95,0,0,131525.8,0,0,0,3363.91,3185.28,0,32194.3,34068.81,86.45,3162.29,22304.08,0,0,0,0
2006-05-30 12:00:00,0,2716.96,0,427.21,15830.23,8299.43,8528.54,0,0,2689.61,18870.95,274.3,0,15624.76,1831.79,5435.34,95889.44,0,23985.54,0,0,134990.31,0,0,0,3494.81,3319.86,0,33560.49,35643.99,89.56,3357.86,23232.18,0,0,0,0
2006-05-30 13:00:00,0,2809.8,0,444.0,16405.58,8657.69,8879.58,0,0,2797.09,19649.86,297.02,0,15818.33,1874.3,5470.5,97936.36,0,24006.26,0,0,137507.25,0,0,0,3594.25,3412.21,0,34746.15,36957.32,92.44,3503.97,23897.71,0,0,0,0
2006-05-30 14:00:00,0,2869.29,0,460.64,16931.71,8969.12,9219.09,0,0,2878.43,20223.62,315.89,0,16081.62,1933.72,5503.87,99376.01,0,24155.86,0,0,139275.29,0,0,0,3686.38,3497.67,0,35707.68,37916.37,94.25,3621.45,24365.32,0,0,0,0
2006-05-30 15:00:00,0,2887.4,0,473.79,17230.85,9217.37,9475.69,0,0,2940.91,20559.15,328.62,0,16434.37,1989.75,5514.4,100030.13,0,24402.77,0,0,139754.62,0,0,0,3752.03,3565.11,0,36384.99,38425.97,94.83,3710.76,24599.55,0,0,0,0
2006-05-30 16:00:00,0,2872.44,0,482.55,17345.57,9391.6,9597.33,0,0,2973.18,20512.77,333.69,0,16678.12,2012.41,5510.95,99645.18,0,24483.01,0,0,139534.64,0,0,0,3786.66,3613.38,0,36784.79,38502.18,96.2,3747.87,24641.37,0,0,0,0
2006-05-30 17:00:00,0,2848.57,0,480.78,17230.93,9395.5,9524.46,0,0,2931.62,20205.21,329.18,0,16685.19,2014.57,5469.77,98992.3,0,24265.09,0,0,138304.37,0,0,0,3771.61,3600.12,0,36589.12,38029.11,96.47,3711.85,24558.52,0,0,0,0
2006-05-30 18:00:00,0,2779.28,0,473.15,16787.89,9073.09,9330.55,0,0,2831.74,19597.29,317.39,0,16211.0,1968.68,5413.6,97813.16,0,23770.67,0,0,136379.72,0,0,0,3707.46,3525.64,0,36036.02,36892.45,94.97,3588.29,24335.08,0,0,0,0
2006-05-30 19:00:00,0,2806.35,0,462.0,16700.33,8721.26,9178.75,0,0,2841.64,18994.37,327.9,0,16477.45,2004.0,5368.55,98122.19,0,23784.42,0,0,132234.05,0,0,0,3670.7,3469.09,0,35126.6,35532.2,91.35,3487.76,23604.79,0,0,0,0
2006-05-30 20:00:00,0,2709.51,0,442.6,15635.52,8156.94,8401.7,0,0,2612.26,17793.42,301.44,0,15082.62,1817.96,5204.4,96250.21,0,22481.53,0,0,126418.84,0,0,0,3448.49,3198.77,0,33318.17,34947.37,89.91,3223.34,22640.33,0,0,0,0
2006-05-30 21:00:00,0,2547.41,0,413.25,14824.17,7535.66,7749.17,0,0,2396.74,16575.31,279.33,0,13796.78,1652.21,4920.78,92835.95,0,21154.72,0,0,118784.52,0,0,0,3212.59,3013.89,0,31887.93,34379.58,85.85,2939.91,22077.38,0,0,0,0
2006-05-30 22:00:00,0,2397.71,0,372.46,13483.85,6726.08,7122.06,0,0,2211.3,15334.3,251.69,0,12655.0,1523.36,4661.38,89359.58,0,19798.11,0,0,112508.27,0,0,0,2940.34,2764.19,0,29364.2,33412.14,81.76,2681.79,20753.02,0,0,0,0
2006-05-30 23:00:00,0,2162.46,0,337.81,12259.96,6038.64,6558.79,0,0,2032.68,14103.46,228.13,0,11562.53,1412.33,4408.22,84738.85,0,18571.17,0,0,106705.91,0,0,0,2687.37,2522.94,0,27133.9,31342.71,77.63,2450.09,19314.3,0,0,0,0
2006-05-31 00:00:00,0,1967.35,0,307.3,11216.18,5387.21,6030.48,0,0,1864.19,12930.97,206.57,0,10574.11,1301.71,4156.85,79987.33,0,17427.79,0,0,101295.87,0,0,0,2467.64,2305.74,0,25085.34,29402.98,73.52,2236.38,17989.37,0,0,0,0
2006-05-31 01:00:00,0,1798.21,0,279.68,10322.52,4795.83,5560.83,0,0,1695.18,11755.16,186.86,0,10072.68,1203.68,3948.42,75559.9,0,16277.97,0,0,96501.66,0,0,0,2314.58,2152.33,0,23393.83,27830.19,70.34,2031.6,16644.97,0,0,0,0
2006-05-31 02:00:00,0,1693.52,0,253.02,9737.79,4445.83,5227.3,0,0,1555.89,10777.34,169.81,0,9950.49,1122.54,3728.47,71628.8,0,15677.2,0,0,92002.25,0,0,0,2229.81,2072.2,0,22222.66,26441.26,66.76,1879.55,15654.31,0,0,0,0
2006-05-31 03:00:00,0,1622.86,0,237.07,9453.0,4287.8,5120.26,0,0,1498.09,10358.99,161.37,0,9958.16,1099.49,3568.64,69132.42,0,15249.38,0,0,89082.83,0,0,0,2192.81,2046.71,0,21580.46,25551.45,64.36,1822.21,14996.6,0,0,0,0
2006-05-31 04:00:00,0,1619.79,0,233.01,9405.6,4385.33,5202.12,0,0,1533.63,10484.67,165.55,0,10115.9,1136.17,3557.17,68572.44,0,15174.19,0,0,87971.08,0,0,0,2219.28,2077.72,0,21529.41,25164.57,62.62,1855.26,14848.15,0,0,0,0
2006-05-31 05:00:00,0,1646.33,0,237.8,9734.29,4531.4,5348.42,0,0,1575.3,10732.65,171.15,0,10707.58,1168.34,3596.56,69064.83,0,16213.82,0,0,88755.25,0,0,0,2282.73,2111.24,0,21663.31,25387.86,62.92,1901.75,14987.82,0,0,0,0
2006-05-31 06:00:00,0,1670.94,0,258.66,10632.8,4801.39,5770.5,0,0,1707.17,11474.87,180.78,0,11756.78,1262.17,3772.92,70831.07,0,17680.2,0,0,92994.51,0,0,0,2387.01,2192.85,0,22458.56,25654.21,63.85,2014.65,15458.93,0,0,0,0
2006-05-31 07:00:00,0,1808.07,0,292.68,11290.63,5471.08,6274.89,0,0,1929.03,12969.37,203.62,0,12215.29,1396.95,3997.38,74284.55,0,18749.68,0,0,98474.79,0,0,0,2597.57,2367.21,0,23863.63,27056.81,65.89,2230.7,16508.2,0,0,0,0
2006-05-31 08:00:00,0,1922.49,0,319.38,11867.74,6051.54,6734.65,0,0,2082.01,14207.45,222.5,0,12620.55,1505.36,4319.35,78045.2,0,19479.03,0,0,103975.89,0,0,0,2805.8,2546.86,0,25860.88,28335.4,69.62,2435.51,17779.92,0,0,0,0
2006-05-31 09:00:00,0,2052.99,0,341.12,12563.89,6605.07,7454.3,0,0,2243.62,15479.93,238.0,0,12897.56,1587.24,4748.42,81768.14,0,20059.68,0,0,109362.13,0,0,0,2995.45,2769.7,0,27515.84,29675.37,74.65,2649.53,18969.12,0,0,0,0
2006-05-31 10:00:00,0,2236.53,0,370.28,13722.24,7384.29,8044.6,0,0,2423.68,16982.05,255.26,0,13586.81,1723.32,5163.43,84806.05,0,20723.26,0,0,115647.39,0,0,0,3211.67,3022.38,0,29765.92,31145.06,79.9,2917.6,20591.73,0,0,0,0
2006-05-31 11:00:00,0,2435.54,0,398.47,14713.85,7974.24,8376.76,0,0,2615.22,18200.53,271.41,0,14380.47,1831.55,5426.66,87625.8,0,21244.14,0,0,120749.11,0,0,0,3385.69,3224.92,0,31934.53,33052.23,84.84,3156.64,22422.1,0,0,0,0
2006-05-31 12:00:00,0,2589.0,0,423.62,15514.63,8434.74,8666.37,0,0,2743.24,19106.0,292.31,0,15146.18,1894.65,5605.35,90444.49,0,21658.94,0,0,124126.32,0,0,0,3522.82,3361.03,0,33597.28,34519.63,87.97,3324.16,23640.54,0,0,0,0
2006-05-31 13:00:00,0,2719.86,0,444.9,16039.08,8838.78,8948.35,0,0,2857.84,19821.95,324.51,0,15769.55,1975.58,5745.32,92612.62,0,21895.72,0,0,126590.56,0,0,0,3630.33,3466.05,0,34864.76,35759.95,90.73,3458.95,24502.13,0,0,0,0
2006-05-31 14:00:00,0,2792.42,0,464.01,16442.61,9171.01,9216.87,0,0,2949.38,20362.39,335.88,0,16276.66,2027.68,5834.51,94521.39,0,22171.38,0,0,128657.92,0,0,0,3721.88,3555.03,0,35872.32,36692.75,93.0,3581.06,24929.33,0,0,0,0
2006-05-31 15:00:00,0,2830.5,0,478.73,16692.5,9423.34,9416.05,0,0,3034.36,20463.19,342.71,0,16879.21,2038.45,5873.26,95679.1,0,22598.57,0,0,130382.76,0,0,0,3807.28,3623.28,0,36558.3,37360.46,94.55,3639.37,25162.66,0,0,0,0
2006-05-31 16:00:00,0,2853.01,0,487.59,16756.13,9541.89,9479.67,0,0,3056.2,20347.02,347.67,0,17351.9,2025.13,5875.76,96050.37,0,22709.93,0,0,131042.14,0,0,0,3852.36,3654.01,0,36899.67,37716.56,95.45,3656.64,25098.66,0,0,0,0
2006-05-31 17:00:00,0,2857.92,0,486.71,16563.82,9409.57,9371.51,0,0,2990.78,19967.2,342.89,0,17566.09,1981.64,5786.52,95556.83,0,22633.39,0,0,129946.97,0,0,0,3800.03,3607.44,0,36570.06,37598.4,94.92,3633.2,24831.15,0,0,0,0
2006-05-31 18:00:00,0,2780.45,0,480.53,16116.54,8952.09,9126.48,0,0,2854.78,19182.12,321.93,0,17217.33,1900.37,5693.55,94670.31,0,22197.12,0,0,127543.55,0,0,0,3690.12,3505.22,0,35654.78,36856.77,93.55,3470.17,24374.06,0,0,0,0
2006-05-31 19:00:00,0,2825.04,0,472.43,16662.65,8607.2,9280.41,0,0,2863.28,18644.74,310.22,0,17414.07,1899.75,5584.26,96014.27,0,22866.5,0,0,125994.86,0,0,0,3732.52,3529.73,0,35742.93,36196.87,93.83,3348.47,24126.49,0,0,0,0
2006-05-31 20:00:00,0,2715.26,0,443.38,15666.37,8161.76,8539.61,0,0,2662.74,17633.58,300.23,0,16168.84,1783.14,5491.74,94110.34,0,21945.56,0,0,121964.68,0,0,0,3561.0,3299.73,0,34396.13,35383.51,91.81,3150.17,23164.04,0,0,0,0
2006-05-31 21:00:00,0,2616.72,0,413.33,14791.4,7567.77,7913.91,0,0,2468.56,16514.66,288.96,0,14991.72,1715.73,5152.65,90864.22,0,20834.05,0,0,115383.62,0,0,0,3338.34,3107.42,0,32955.84,35128.65,87.83,2897.73,22697.38,0,0,0,0
2006-05-31 22:00:00,0,2486.8,0,384.5,13468.4,6760.8,7332.69,0,0,2274.58,15283.86,267.96,0,13936.03,1608.53,4856.4,87317.22,0,19565.26,0,0,109413.38,0,0,0,3053.25,2858.31,0,30417.26,33977.08,82.91,2656.6,21308.17,0,0,0,0
2006-05-31 23:00:00,0,2250.14,0,348.21,12270.79,6045.69,6763.57,0,0,2083.28,14075.34,243.55,0,12915.31,1495.0,4560.7,82873.25,0,18391.54,0,0,103986.17,0,0,0,2781.64,2615.76,0,28117.57,31610.13,77.94,2464.0,19885.63,0,0,0,0
2006-06-01 00:00:00,0,2048.15,0,317.3,11190.7,5447.64,6184.05,0,0,1907.39,12903.59,218.09,0,11988.72,1383.94,4304.41,78672.26,0,17351.66,0,0,98906.35,0,0,0,2544.14,2394.7,0,25984.75,29683.08,73.9,2283.82,18543.35,0,0,0,0
2006-06-01 01:00:00,0,1853.66,0,285.95,10335.44,4872.94,5637.86,0,0,1753.21,11887.83,195.77,0,11370.48,1283.2,4063.46,74408.34,0,16399.68,0,0,94251.0,0,0,0,2384.81,2239.75,0,24270.75,27884.73,69.36,2100.96,17254.43,0,0,0,0
2006-06-01 02:00:00,0,1744.93,0,257.01,9806.41,4533.78,5273.34,0,0,1623.01,11061.25,179.74,0,11181.31,1205.58,3819.7,70566.8,0,15658.1,0,0,90410.91,0,0,0,2303.5,2159.88,0,23184.98,26709.72,65.81,1964.65,16249.27,0,0,0,0
2006-06-01 03:00:00,0,1676.03,0,244.66,9481.41,4413.49,5164.29,0,0,1576.49,10699.34,173.06,0,11168.06,1181.67,3655.57,68378.4,0,15304.87,0,0,88569.41,0,0,0,2266.51,2135.45,0,22683.0,25911.31,62.98,1905.58,15575.72,0,0,0,0
2006-06-01 04:00:00,0,1685.42,0,246.68,9506.68,4513.04,5263.96,0,0,1611.36,10861.94,177.26,0,11279.18,1221.71,3647.44,67992.91,0,15423.95,0,0,88487.67,0,0,0,2302.87,2166.64,0,22698.69,25575.7,61.92,1924.27,15417.75,0,0,0,0
2006-06-01 05:00:00,0,1708.84,0,254.08,9852.09,4683.34,5410.9,0,0,1657.59,11152.12,183.41,0,12252.94,1257.13,3679.82,68412.62,0,16279.38,0,0,89593.62,0,0,0,2367.01,2198.22,0,22832.86,25717.79,62.75,1956.43,15548.07,0,0,0,0
2006-06-01 06:00:00,0,1748.72,0,278.45,10764.03,4925.05,5864.75,0,0,1775.37,11876.08,191.31,0,13358.14,1354.85,3915.2,70089.37,0,17762.0,0,0,94600.55,0,0,0,2460.97,2278.34,0,23668.08,26050.31,63.99,2046.82,15979.51,0,0,0,0
2006-06-01 07:00:00,0,1862.66,0,309.6,11471.62,5470.51,6358.48,0,0,1988.64,13218.14,210.47,0,14242.13,1442.77,4146.11,73567.94,0,18831.07,0,0,99603.4,0,0,0,2679.1,2473.73,0,24995.48,27449.11,66.12,2220.08,16934.1,0,0,0,0
2006-06-01 08:00:00,0,1987.82,0,331.41,12136.12,5975.25,6790.09,0,0,2122.98,14368.35,225.23,0,15303.57,1487.0,4419.85,77001.36,0,20113.94,0,0,105397.07,0,0,0,2887.96,2671.07,0,26459.92,28665.47,69.18,2415.86,18098.95,0,0,0,0
2006-06-01 09:00:00,0,2066.79,0,355.01,12915.42,6560.27,7354.98,0,0,2297.96,15638.48,240.04,0,16437.91,1562.02,4741.56,80067.75,0,21376.62,0,0,111429.04,0,0,0,3078.94,2896.16,0,27967.63,29941.14,73.06,2665.21,19150.22,0,0,0,0
2006-06-01 10:00:00,0,2140.67,0,387.33,14081.96,7285.35,8069.04,0,0,2463.42,17018.69,261.57,0,17310.4,1676.67,5019.15,83002.59,0,22471.44,0,0,118179.75,0,0,0,3302.28,3163.98,0,30120.77,31231.7,77.84,2985.98,20126.76,0,0,0,0
2006-06-01 11:00:00,0,2227.42,0,417.58,15111.77,8005.24,8620.0,0,0,2615.47,18248.71,282.84,0,17913.77,1788.26,5240.63,85461.25,0,23313.13,0,0,123868.47,0,0,0,3510.13,3393.33,0,32247.35,32597.46,83.85,3275.06,21287.3,0,0,0,0
2006-06-01 12:00:00,0,2333.7,0,445.12,15882.84,8523.19,8946.23,0,0,2737.34,19101.28,289.17,0,18429.56,1883.34,5413.56,88268.14,0,23992.45,0,0,127210.47,0,0,0,3673.08,3546.58,0,33799.9,34051.66,88.84,3473.26,22376.13,0,0,0,0
2006-06-01 13:00:00,0,2466.63,0,465.85,16544.74,8860.85,9272.1,0,0,2836.37,19771.41,291.1,0,18846.43,1964.71,5493.58,90704.03,0,24358.21,0,0,129800.76,0,0,0,3794.63,3664.69,0,34990.61,35309.67,92.46,3599.33,23226.45,0,0,0,0
2006-06-01 14:00:00,0,2572.32,0,475.1,17012.21,9065.98,9557.61,0,0,2890.56,20312.18,297.9,0,19050.99,2044.53,5556.77,92382.77,0,24601.51,0,0,131970.77,0,0,0,3881.38,3735.74,0,35952.96,36356.53,94.8,3679.84,23799.66,0,0,0,0
2006-06-01 15:00:00,0,2630.72,0,470.26,17287.32,9094.04,9758.72,0,0,2925.79,20599.14,305.9,0,19173.18,2107.84,5588.98,93618.49,0,24753.68,0,0,133099.19,0,0,0,3951.03,3783.41,0,36655.58,37021.14,95.51,3677.66,24193.54,0,0,0,0
2006-06-01 16:00:00,0,2651.07,0,450.4,17404.65,8993.64,9824.64,0,0,2927.57,20508.33,315.83,0,19159.12,2129.86,5542.53,93780.41,0,24602.35,0,0,132877.13,0,0,0,3984.62,3809.12,0,36562.36,37284.63,97.11,3583.76,24453.94,0,0,0,0
2006-06-01 17:00:00,0,2643.4,0,448.94,17232.46,8826.87,9659.41,0,0,2900.94,20259.14,326.32,0,18918.58,2115.33,5408.86,93332.7,0,24283.18,0,0,130775.86,0,0,0,3935.01,3762.43,0,36088.05,37359.65,97.26,3458.51,24474.02,0,0,0,0
2006-06-01 18:00:00,0,2640.9,0,443.99,16656.63,8518.15,9380.58,0,0,2837.23,19701.87,310.5,0,18535.47,2058.64,5323.22,92120.72,0,23722.32,0,0,128260.55,0,0,0,3797.77,3666.77,0,35371.59,37117.32,95.72,3337.06,24225.91,0,0,0,0
2006-06-01 19:00:00,0,2583.46,0,423.81,16645.91,8404.93,9205.33,0,0,2824.29,18606.2,309.59,0,18293.48,2036.86,5227.42,91482.42,0,23390.58,0,0,125074.17,0,0,0,3680.45,3510.26,0,34563.32,36129.75,93.65,3183.62,23593.83,0,0,0,0
2006-06-01 20:00:00,0,2522.8,0,407.87,15774.49,8065.86,8503.96,0,0,2662.34,17933.67,305.4,0,17094.83,1941.58,5076.09,89749.38,0,22636.72,0,0,120423.28,0,0,0,3531.72,3304.3,0,33071.72,35352.7,90.97,3024.29,22888.28,0,0,0,0
2006-06-01 21:00:00,0,2445.3,0,387.01,14845.16,7509.14,7906.45,0,0,2472.74,16713.94,288.45,0,15975.51,1795.5,4816.06,85956.43,0,21688.29,0,0,114313.4,0,0,0,3331.29,3121.04,0,31639.3,34748.11,85.87,2827.76,22421.67,0,0,0,0
2006-06-01 22:00:00,0,2287.6,0,354.43,13475.31,6799.82,7356.86,0,0,2281.61,15420.78,262.56,0,14766.02,1639.48,4568.53,81865.85,0,20447.74,0,0,108503.47,0,0,0,3084.33,2898.09,0,29208.59,33066.35,80.31,2628.28,20994.95,0,0,0,0
2006-06-01 23:00:00,0,2054.43,0,324.96,12300.22,6089.35,6815.54,0,0,2090.01,14096.55,239.15,0,13745.7,1490.48,4302.86,77382.14,0,19369.62,0,0,103124.48,0,0,0,2845.79,2673.67,0,27192.72,30507.59,76.02,2441.84,19492.44,0,0,0,0
2006-06-02 00:00:00,0,1849.89,0,297.08,11290.69,5501.6,6308.17,0,0,1925.17,12930.36,218.32,0,12836.11,1355.92,4043.62,73133.21,0,18375.8,0,0,98204.59,0,0,0,2621.63,2454.83,0,25377.67,28182.54,71.96,2264.68,18156.05,0,0,0,0
2006-06-02 01:00:00,0,1681.87,0,271.98,10427.49,4976.68,5829.42,0,0,1769.83,11856.43,198.04,0,12272.63,1238.82,3818.42,69242.1,0,17329.17,0,0,93505.44,0,0,0,2450.96,2286.56,0,23752.18,26262.17,68.46,2082.47,16786.79,0,0,0,0
2006-06-02 02:00:00,0,1572.01,0,248.91,9951.2,4662.44,5414.04,0,0,1637.37,11002.33,180.95,0,12103.84,1149.67,3583.36,65804.33,0,16549.42,0,0,89457.14,0,0,0,2352.8,2194.37,0,22717.93,24871.63,66.05,1962.69,15766.74,0,0,0,0
2006-06-02 03:00:00,0,1502.44,0,244.76,9662.45,4506.6,5249.57,0,0,1585.49,10589.89,173.03,0,11931.38,1140.72,3444.23,63784.59,0,16363.79,0,0,87512.84,0,0,0,2302.68,2154.42,0,22221.16,24078.24,63.75,1910.45,15123.44,0,0,0,0
2006-06-02 04:00:00,0,1504.61,0,254.28,9706.7,4598.48,5325.57,0,0,1612.82,10735.15,176.56,0,11769.58,1177.1,3465.87,63342.12,0,16215.51,0,0,87360.12,0,0,0,2326.86,2185.17,0,22401.99,23731.77,63.01,1932.01,15038.12,0,0,0,0
2006-06-02 05:00:00,0,1536.39,0,262.77,10058.24,4757.43,5451.75,0,0,1661.28,11055.45,181.46,0,12265.07,1212.1,3541.63,63969.31,0,16971.8,0,0,88532.67,0,0,0,2384.44,2212.75,0,22690.35,23864.4,63.85,1974.05,15220.54,0,0,0,0
2006-06-02 06:00:00,0,1578.24,0,288.45,10942.22,4997.59,5928.98,0,0,1787.88,11818.24,190.36,0,13092.58,1316.3,3698.53,66460.13,0,18038.72,0,0,93341.5,0,0,0,2488.91,2301.92,0,23546.51,24325.47,64.95,2057.45,15719.95,0,0,0,0
2006-06-02 07:00:00,0,1702.61,0,315.03,11536.83,5478.15,6393.39,0,0,1971.49,13096.94,209.49,0,13627.31,1427.94,3964.62,70374.26,0,18846.81,0,0,96508.57,0,0,0,2712.09,2505.85,0,24820.17,25719.32,67.01,2176.33,16684.89,0,0,0,0
2006-06-02 08:00:00,0,1765.25,0,335.22,12160.92,5901.07,6831.7,0,0,2102.19,14316.82,223.19,0,14010.57,1529.24,4102.04,73403.1,0,19302.56,0,0,100507.68,0,0,0,2939.2,2711.33,0,26226.75,26749.14,69.04,2281.78,17687.6,0,0,0,0
2006-06-02 09:00:00,0,1845.75,0,362.31,13057.73,6441.0,7436.58,0,0,2293.52,15821.0,236.94,0,14361.47,1657.62,4190.73,76476.97,0,20177.49,0,0,104397.8,0,0,0,3148.34,2956.18,0,27622.3,28356.75,71.27,2475.6,18527.97,0,0,0,0
2006-06-02 10:00:00,0,1994.57,0,395.26,14269.49,7246.99,8178.03,0,0,2516.87,17487.57,260.67,0,14712.37,1818.49,4285.95,79965.3,0,21094.15,0,0,108232.58,0,0,0,3383.18,3222.83,0,29552.2,30402.16,74.89,2813.63,19272.25,0,0,0,0
2006-06-02 11:00:00,0,2159.04,0,423.81,15139.84,8087.49,8729.78,0,0,2722.74,18886.18,285.29,0,15056.27,1945.62,4366.58,82786.6,0,21585.09,0,0,112717.67,0,0,0,3569.71,3438.86,0,31293.64,32639.07,78.57,3122.53,19931.02,0,0,0,0
2006-06-02 12:00:00,0,2327.7,0,449.2,15748.03,8665.18,9069.81,0,0,2883.85,19899.94,308.15,0,15335.69,2023.12,4377.81,86148.12,0,22180.19,0,0,115713.4,0,0,0,3715.92,3585.9,0,32123.88,34576.23,81.83,3355.5,20552.49,0,0,0,0
2006-06-02 13:00:00,0,2444.07,0,465.9,16136.91,9084.88,9378.28,0,0,2995.41,20526.51,329.03,0,15592.06,2067.08,4393.98,88402.51,0,22841.77,0,0,117879.51,0,0,0,3837.32,3686.79,0,32726.23,35915.57,84.42,3511.04,21204.92,0,0,0,0
2006-06-02 14:00:00,0,2533.2,0,476.14,16288.56,9426.34,9631.64,0,0,3075.43,21042.61,349.15,0,15805.23,2134.82,4444.47,89706.17,0,23401.0,0,0,118983.05,0,0,0,3913.13,3747.96,0,33289.5,36960.09,86.44,3642.69,21493.11,0,0,0,0
2006-06-02 15:00:00,0,2603.83,0,485.05,16039.81,9602.99,9754.62,0,0,3087.3,21245.48,358.77,0,15929.96,2184.86,4427.02,90414.33,0,22845.71,0,0,119674.58,0,0,0,3948.8,3781.57,0,33439.67,37665.97,88.63,3730.35,21886.5,0,0,0,0
2006-06-02 16:00:00,0,2685.43,0,486.39,15748.43,9570.68,9653.53,0,0,3090.87,21122.53,349.3,0,15868.54,2195.08,4401.43,90841.69,0,22368.01,0,0,118773.58,0,0,0,3911.15,3767.52,0,33407.1,38209.68,89.29,3736.47,22021.16,0,0,0,0
2006-06-02 17:00:00,0,2753.61,0,480.53,15359.52,9225.26,9399.31,0,0,2995.66,20540.39,335.9,0,15528.5,2159.32,4485.13,90605.26,0,22238.37,0,0,117880.94,0,0,0,3817.05,3678.62,0,33182.91,38612.21,88.5,3646.53,21919.79,0,0,0,0
2006-06-02 18:00:00,0,2747.67,0,468.75,15137.22,8760.34,9151.13,0,0,2842.53,19660.1,327.95,0,15286.76,2093.06,4493.47,89500.32,0,22067.93,0,0,116205.41,0,0,0,3679.2,3572.96,0,32838.66,38683.9,86.89,3475.87,21697.35,0,0,0,0
2006-06-02 19:00:00,0,2820.61,0,419.91,14928.75,8121.92,8913.61,0,0,2668.59,18090.5,294.12,0,14735.15,1967.92,4171.88,83369.36,0,21156.47,0,0,106927.0,0,0,0,3468.93,3450.93,0,31979.1,36517.78,73.4,3156.21,20330.75,0,0,0,0
2006-06-02 20:00:00,0,2705.85,0,403.68,14552.34,7761.33,8269.02,0,0,2489.33,16965.61,289.99,0,13869.9,1879.89,4099.11,83208.54,0,20301.31,0,0,105986.46,0,0,0,3341.71,3314.71,0,31421.86,36119.82,74.05,3026.65,19808.74,0,0,0,0
2006-06-02 21:00:00,0,2497.56,0,377.75,13790.76,7298.04,7617.47,0,0,2312.9,15840.79,278.21,0,13020.62,1772.22,3840.98,79705.06,0,19149.42,0,0,100365.12,0,0,0,3203.98,3161.24,0,30393.91,34281.21,70.1,2843.45,19289.15,0,0,0,0
2006-06-02 22:00:00,0,2379.05,0,350.63,12621.97,6681.16,7075.7,0,0,2161.84,14786.98,257.21,0,12175.85,1637.18,3615.35,76469.55,0,17832.94,0,0,95150.77,0,0,0,2964.27,2962.99,0,28435.47,32384.67,65.82,2653.84,17936.29,0,0,0,0
2006-06-02 23:00:00,0,2144.12,0,323.54,11485.88,6093.87,6589.69,0,0,2039.15,13764.62,236.95,0,11353.31,1507.85,3419.42,72128.58,0,16493.56,0,0,90235.83,0,0,0,2758.47,2783.26,0,26590.04,30382.35,62.21,2477.32,16486.09,0,0,0,0
2006-06-03 00:00:00,0,1944.27,0,297.46,10634.86,5546.1,6203.19,0,0,1904.27,12838.33,218.27,0,10512.8,1394.54,3209.52,68122.83,0,15393.15,0,0,85586.86,0,0,0,2594.94,2620.35,0,24897.52,28609.44,59.07,2309.07,15077.46,0,0,0,0
2006-06-03 01:00:00,0,1777.93,0,274.3,9996.05,5037.16,5839.66,0,0,1780.12,11984.47,199.36,0,10109.31,1295.2,3045.9,64396.1,0,14404.3,0,0,81410.39,0,0,0,2453.17,2470.85,0,23760.17,27070.02,56.31,2144.43,13939.6,0,0,0,0
2006-06-03 02:00:00,0,1645.2,0,255.11,9473.62,4749.8,5411.92,0,0,1678.73,11336.58,184.89,0,9996.55,1224.37,2915.75,61150.26,0,13706.06,0,0,78303.46,0,0,0,2362.32,2351.37,0,22762.11,25577.59,53.89,2011.09,13193.43,0,0,0,0
2006-06-03 03:00:00,0,1540.45,0,242.27,9103.68,4575.16,5144.82,0,0,1619.05,10959.92,175.14,0,9978.91,1177.62,2830.43,58932.73,0,13473.53,0,0,75766.75,0,0,0,2307.13,2274.71,0,22077.73,24209.04,52.33,1912.88,12868.27,0,0,0,0
2006-06-03 04:00:00,0,1490.99,0,237.22,8957.34,4436.79,5047.91,0,0,1588.65,10665.28,168.49,0,10020.8,1154.36,2768.28,57259.19,0,13440.58,0,0,75114.16,0,0,0,2295.34,2280.07,0,21706.39,23346.26,51.19,1854.85,12565.26,0,0,0,0
2006-06-03 05:00:00,0,1478.57,0,234.37,8931.34,4415.14,5095.38,0,0,1579.47,10669.59,167.59,0,10111.9,1157.14,2760.56,56331.54,0,13420.48,0,0,75104.09,0,0,0,2307.32,2295.91,0,21458.97,22820.52,51.09,1845.39,12484.09,0,0,0,0
2006-06-03 06:00:00,0,1501.99,0,239.11,9050.36,4530.24,5235.35,0,0,1604.99,10838.3,169.95,0,10372.51,1185.07,2829.18,56797.55,0,13931.82,0,0,76018.32,0,0,0,2359.11,2333.75,0,21337.65,22756.33,51.25,1897.84,12754.09,0,0,0,0
2006-06-03 07:00:00,0,1617.48,0,255.29,9392.21,5062.18,5514.54,0,0,1756.39,11968.52,184.34,0,10648.61,1263.88,2893.42,58945.3,0,14527.93,0,0,77335.72,0,0,0,2437.82,2433.28,0,21519.12,23189.67,52.05,2102.79,13263.2,0,0,0,0
2006-06-03 08:00:00,0,1775.29,0,280.49,9740.83,5660.12,5844.3,0,0,1904.12,13450.26,198.46,0,10944.25,1351.26,3074.91,61800.24,0,14890.22,0,0,80190.5,0,0,0,2562.84,2564.09,0,22235.24,24354.55,54.05,2319.19,14011.74,0,0,0,0
2006-06-03 09:00:00,0,1978.36,0,299.78,9995.88,6334.17,6089.78,0,0,2103.57,15098.78,220.29,0,11282.27,1513.38,3323.9,65453.55,0,15548.9,0,0,82738.35,0,0,0,2700.64,2731.49,0,23672.2,26970.75,58.03,2550.76,14766.98,0,0,0,0
2006-06-03 10:00:00,0,2288.16,0,326.64,10461.7,7120.91,6317.84,0,0,2340.3,16964.49,244.27,0,11656.19,1688.18,3613.52,68976.37,0,16203.84,0,0,84293.45,0,0,0,2869.76,2875.53,0,25176.69,29724.96,63.68,2800.97,15458.26,0,0,0,0
2006-06-03 11:00:00,0,2495.66,0,331.54,11043.91,7756.2,6687.65,0,0,2549.08,18417.12,264.05,0,11911.51,1839.57,3873.48,72020.46,0,16812.91,0,0,85985.05,0,0,0,3032.74,3054.09,0,26631.05,31773.05,67.88,2982.28,16211.45,0,0,0,0
2006-06-03 12:00:00,0,2626.04,0,338.35,11443.43,8246.88,6996.62,0,0,2708.75,19444.27,286.33,0,12198.06,1968.4,4089.03,74734.71,0,17297.23,0,0,88640.99,0,0,0,3182.08,3189.95,0,28070.02,33255.76,71.35,3106.34,17158.66,0,0,0,0
2006-06-03 13:00:00,0,2723.27,0,346.1,11886.73,8587.22,7301.58,0,0,2843.76,20204.43,297.05,0,12409.86,2071.95,4210.16,76762.29,0,17533.05,0,0,91463.85,0,0,0,3294.76,3298.62,0,29268.31,34430.37,74.34,3195.22,17838.7,0,0,0,0
2006-06-03 14:00:00,0,2819.21,0,349.87,12241.97,8879.38,7543.3,0,0,2941.98,20603.36,297.94,0,12673.86,1983.56,4293.81,78206.9,0,17563.07,0,0,93038.15,0,0,0,3370.02,3362.29,0,30081.06,35637.3,77.03,3272.98,18569.24,0,0,0,0
2006-06-03 15:00:00,0,2900.32,0,358.65,12542.7,9058.43,7736.58,0,0,3003.53,20718.87,286.01,0,12625.24,1831.38,4352.18,79112.43,0,17183.25,0,0,93761.51,0,0,0,3367.14,3388.45,0,30458.68,36730.58,78.97,3331.85,19130.62,0,0,0,0
2006-06-03 16:00:00,0,2963.75,0,369.87,12718.61,9036.31,7819.79,0,0,2980.79,20670.87,277.44,0,12579.31,1830.32,4438.71,79639.6,0,16674.27,0,0,94258.49,0,0,0,3351.44,3375.54,0,30684.27,37287.68,79.97,3271.34,19412.85,0,0,0,0
2006-06-03 17:00:00,0,3018.55,0,383.2,12846.37,8863.69,7864.44,0,0,2903.33,20202.78,283.18,0,12557.36,1848.23,4428.55,79646.01,0,16451.65,0,0,93948.99,0,0,0,3341.8,3349.07,0,30666.04,37677.43,80.2,3157.06,19802.2,0,0,0,0
2006-06-03 18:00:00,0,3031.83,0,390.07,12838.63,8498.11,7891.7,0,0,2794.42,19705.84,288.14,0,12600.86,1843.95,4408.88,78996.26,0,16448.01,0,0,92901.49,0,0,0,3321.2,3323.5,0,30679.86,37725.25,79.29,3066.99,19771.75,0,0,0,0
2006-06-03 19:00:00,0,3059.18,0,388.78,13615.23,8247.83,8115.41,0,0,2799.83,18849.58,285.33,0,13598.56,1881.51,4479.6,80728.89,0,17772.51,0,0,94081.58,0,0,0,3277.95,3206.99,0,30831.86,38362.57,77.44,3161.36,20646.68,0,0,0,0
2006-06-03 20:00:00,0,2896.53,0,386.96,13116.56,7939.47,7498.73,0,0,2632.57,17620.39,278.57,0,12879.1,1779.02,4464.92,80029.29,0,17280.22,0,0,94806.34,0,0,0,3196.93,3087.19,0,30023.16,37884.23,77.28,3041.8,19956.81,0,0,0,0
2006-06-03 21:00:00,0,2669.55,0,360.6,12400.49,7632.26,6953.26,0,0,2471.6,16401.74,270.49,0,12182.24,1679.11,4107.7,76725.05,0,16598.7,0,0,89931.73,0,0,0,3074.42,2933.96,0,28495.39,36066.54,72.83,2894.96,19288.52,0,0,0,0
2006-06-03 22:00:00,0,2522.97,0,322.88,11210.2,7027.27,6438.16,0,0,2312.76,15223.02,253.19,0,11496.77,1575.96,3847.7,73637.78,0,15702.69,0,0,85221.1,0,0,0,2826.45,2733.57,0,26340.37,33991.47,67.84,2735.77,17893.97,0,0,0,0
2006-06-03 23:00:00,0,2281.55,0,298.18,10311.27,6427.14,5948.41,0,0,2144.67,14072.66,233.26,0,10821.18,1460.45,3635.18,69696.88,0,14856.16,0,0,80830.82,0,0,0,2614.13,2552.42,0,24566.87,31902.85,63.95,2572.4,16408.71,0,0,0,0
2006-06-04 00:00:00,0,2073.03,0,275.23,9545.59,5832.32,5469.41,0,0,1971.17,13055.87,214.15,0,10146.31,1360.3,3398.26,66000.06,0,14058.11,0,0,76351.27,0,0,0,2435.55,2378.86,0,22904.34,30293.27,60.28,2402.5,15117.01,0,0,0,0
2006-06-04 01:00:00,0,1894.22,0,258.4,8819.55,5273.98,5062.42,0,0,1825.89,12072.77,197.08,0,9654.95,1266.91,3201.84,62726.37,0,13331.81,0,0,72793.95,0,0,0,2324.86,2251.01,0,21826.69,28750.01,57.38,2250.15,14047.18,0,0,0,0
2006-06-04 02:00:00,0,1738.59,0,241.34,8382.62,4919.95,4714.37,0,0,1702.12,11269.21,183.8,0,9582.0,1195.45,3030.43,59922.59,0,12782.02,0,0,70257.33,0,0,0,2246.15,2131.81,0,21096.35,27323.45,54.69,2099.01,13250.63,0,0,0,0
2006-06-04 03:00:00,0,1626.2,0,231.89,8124.43,4685.72,4509.55,0,0,1618.08,10796.66,174.95,0,9604.27,1143.6,2925.72,57770.11,0,12492.56,0,0,68302.54,0,0,0,2166.85,2041.72,0,20491.01,25990.01,52.89,1994.12,12845.24,0,0,0,0
2006-06-04 04:00:00,0,1563.04,0,226.91,8022.04,4526.84,4435.42,0,0,1566.08,10510.16,169.54,0,9689.54,1116.54,2847.61,56234.6,0,12489.16,0,0,67799.31,0,0,0,2125.55,2029.14,0,20022.63,25176.2,51.52,1935.91,12467.09,0,0,0,0
2006-06-04 05:00:00,0,1547.21,0,219.62,8043.96,4483.64,4485.67,0,0,1563.47,10526.96,168.96,0,9903.11,1122.56,2813.07,55337.17,0,12720.54,0,0,68053.37,0,0,0,2111.27,2020.71,0,19769.13,24543.88,51.35,1919.88,12322.95,0,0,0,0
2006-06-04 06:00:00,0,1579.59,0,221.02,8432.01,4669.2,4688.46,0,0,1619.15,10812.6,171.72,0,10193.12,1141.56,2881.06,56180.63,0,13290.15,0,0,69605.2,0,0,0,2120.16,2100.65,0,20010.18,24505.58,51.55,1991.01,12880.3,0,0,0,0
2006-06-04 07:00:00,0,1715.44,0,233.0,8858.8,5248.37,4999.86,0,0,1798.23,12048.71,185.0,0,10470.61,1241.86,2936.13,58328.71,0,13814.02,0,0,71455.95,0,0,0,2266.24,2255.06,0,20394.74,24833.44,52.64,2185.78,13189.78,0,0,0,0
2006-06-04 08:00:00,0,1832.78,0,258.65,9407.85,5906.65,5340.48,0,0,1983.52,13800.2,199.67,0,10697.81,1345.7,3091.27,61343.23,0,14312.41,0,0,73955.05,0,0,0,2415.54,2419.65,0,22079.07,25736.52,54.68,2379.45,14115.63,0,0,0,0
2006-06-04 09:00:00,0,1961.63,0,292.97,10025.82,6633.07,5912.84,0,0,2179.64,15422.2,219.32,0,10940.03,1513.51,3322.77,64543.44,0,14602.57,0,0,76358.28,0,0,0,2644.25,2627.95,0,23866.38,27082.37,59.01,2645.59,15311.21,0,0,0,0
2006-06-04 10:00:00,0,2100.31,0,338.51,10756.56,7407.64,6517.67,0,0,2393.75,16961.35,243.25,0,11188.54,1666.52,3574.25,67514.08,0,14915.34,0,0,78044.4,0,0,0,2823.99,2896.61,0,25358.65,29103.35,64.2,2885.63,16255.63,0,0,0,0
2006-06-04 11:00:00,0,2270.13,0,370.64,11318.92,7949.82,6874.44,0,0,2560.36,18144.04,260.37,0,11403.46,1772.92,3844.04,70666.49,0,15207.97,0,0,79866.44,0,0,0,2961.95,3079.64,0,26444.51,31112.94,68.63,3039.5,17523.46,0,0,0,0
2006-06-04 12:00:00,0,2422.17,0,391.17,11658.53,8313.2,7148.53,0,0,2686.64,19053.54,278.3,0,11579.55,1849.87,4058.35,73582.24,0,15414.97,0,0,82414.37,0,0,0,3065.1,3168.27,0,27477.03,32831.54,71.03,3144.76,18482.32,0,0,0,0
2006-06-04 13:00:00,0,2540.68,0,406.05,11948.87,8552.44,7356.2,0,0,2757.64,19622.3,297.11,0,11745.7,1907.64,4172.19,75616.82,0,15535.41,0,0,84664.16,0,0,0,3161.04,3246.91,0,28535.64,34207.1,74.06,3246.12,19077.17,0,0,0,0
2006-06-04 14:00:00,0,2636.87,0,419.03,12402.45,8734.49,7552.98,0,0,2764.42,19879.9,314.98,0,11899.03,1927.8,4191.13,77122.39,0,15508.28,0,0,86677.14,0,0,0,3256.32,3324.97,0,29608.47,35416.74,76.64,3348.19,19653.69,0,0,0,0
2006-06-04 15:00:00,0,2706.74,0,427.97,12815.11,8781.06,7721.45,0,0,2751.72,19921.13,332.06,0,12031.82,1851.36,4172.89,78240.55,0,15583.68,0,0,87909.58,0,0,0,3351.86,3399.49,0,30701.1,36385.72,78.11,3410.47,20068.57,0,0,0,0
2006-06-04 16:00:00,0,2787.56,0,432.61,13155.89,8694.17,7925.95,0,0,2698.23,19805.58,323.31,0,12143.19,1797.07,4051.85,79073.83,0,15673.25,0,0,88483.27,0,0,0,3431.83,3469.44,0,31483.89,37156.56,80.47,3432.38,20169.61,0,0,0,0
2006-06-04 17:00:00,0,2812.48,0,435.82,13273.82,8479.77,8007.45,0,0,2648.04,19472.46,278.9,0,12245.05,1766.06,3972.83,79397.62,0,15725.32,0,0,88641.03,0,0,0,3459.52,3497.32,0,31778.93,37317.28,80.49,3421.19,20046.65,0,0,0,0
2006-06-04 18:00:00,0,2820.27,0,433.39,13164.01,8301.25,7983.89,0,0,2600.11,19143.63,279.65,0,12400.79,1749.51,3964.43,78739.63,0,15774.95,0,0,87913.16,0,0,0,3460.56,3476.3,0,31598.09,37187.4,78.86,3335.26,19551.59,0,0,0,0
2006-06-04 19:00:00,0,2808.55,0,445.34,14939.76,8596.41,8647.07,0,0,2819.79,19067.43,295.8,0,13501.31,1901.2,4331.8,84954.41,0,17885.09,0,0,95225.01,0,0,0,3580.89,3409.88,0,32085.84,39777.99,85.79,3410.17,21364.13,0,0,0,0
2006-06-04 20:00:00,0,2726.0,0,423.75,14003.66,8165.16,8004.08,0,0,2623.97,17983.36,293.17,0,12751.83,1789.44,4325.5,83522.09,0,17515.02,0,0,95316.16,0,0,0,3473.01,3251.46,0,31014.03,38198.76,85.34,3218.64,20289.12,0,0,0,0
2006-06-04 21:00:00,0,2495.98,0,396.23,13306.57,7574.75,7429.69,0,0,2440.4,16803.94,276.53,0,11991.15,1667.05,4018.88,79926.1,0,16642.8,0,0,89676.8,0,0,0,3316.81,3109.62,0,30245.67,36981.7,80.66,2989.79,19666.43,0,0,0,0
2006-06-04 22:00:00,0,2324.85,0,362.81,12118.05,6865.65,6888.87,0,0,2258.3,15561.13,253.63,0,11247.67,1541.9,3768.44,76609.2,0,15707.84,0,0,84603.47,0,0,0,3081.91,2898.81,0,28102.13,35086.14,75.29,2767.22,18155.73,0,0,0,0
2006-06-04 23:00:00,0,2082.35,0,328.02,11117.73,6189.45,6333.42,0,0,2101.77,14334.76,231.06,0,10514.55,1426.9,3545.37,72487.0,0,14981.44,0,0,80003.14,0,0,0,2830.42,2648.39,0,26081.59,32275.65,70.3,2563.07,16797.76,0,0,0,0
2006-06-05 00:00:00,0,1877.9,0,298.27,10094.35,5586.78,5749.79,0,0,1951.92,13194.43,210.64,0,9848.2,1314.85,3352.15,68587.93,0,14272.07,0,0,75994.99,0,0,0,2630.34,2434.67,0,24097.51,30048.02,66.94,2369.62,15595.35,0,0,0,0
2006-06-05 01:00:00,0,1704.79,0,270.76,9351.99,5052.97,5317.2,0,0,1805.4,12156.94,193.41,0,9544.41,1210.91,3183.16,65117.47,0,13536.66,0,0,72307.56,0,0,0,2453.24,2262.4,0,22677.66,28241.93,64.4,2175.82,14536.1,0,0,0,0
2006-06-05 02:00:00,0,1581.1,0,248.08,8869.45,4736.14,4947.81,0,0,1670.19,11270.78,179.45,0,9541.97,1127.01,3042.75,62110.36,0,13043.92,0,0,69542.76,0,0,0,2329.03,2156.34,0,21561.95,26716.16,62.11,2046.17,13872.52,0,0,0,0
2006-06-05 03:00:00,0,1528.28,0,236.99,8703.71,4575.13,4831.04,0,0,1603.21,10803.15,172.59,0,9702.14,1128.92,2954.26,60061.63,0,12821.24,0,0,68621.16,0,0,0,2261.83,2119.59,0,20630.54,25741.14,60.17,1994.96,13368.47,0,0,0,0
2006-06-05 04:00:00,0,1523.49,0,238.09,8722.18,4648.2,4928.15,0,0,1627.31,10864.97,176.58,0,9965.09,1161.87,3017.81,59680.48,0,12965.15,0,0,69359.81,0,0,0,2272.96,2138.45,0,20389.21,25204.64,59.82,2014.19,13395.91,0,0,0,0
2006-06-05 05:00:00,0,1557.42,0,243.1,9102.97,4796.01,5107.85,0,0,1669.11,11112.95,176.51,0,11024.61,1188.2,3130.11,60739.3,0,14372.84,0,0,72594.53,0,0,0,2322.85,2153.26,0,20439.3,25336.87,60.43,2065.94,13618.67,0,0,0,0
2006-06-05 06:00:00,0,1597.42,0,271.26,10033.73,5046.4,5465.07,0,0,1805.54,11831.48,182.29,0,11857.98,1249.18,3410.0,64440.7,0,15559.36,0,0,79169.01,0,0,0,2436.81,2216.86,0,21648.17,25633.51,61.4,2201.52,14603.5,0,0,0,0
2006-06-05 07:00:00,0,1743.75,0,296.33,10303.63,5581.75,5695.05,0,0,1968.2,13034.72,199.16,0,12296.6,1332.33,3482.24,68304.98,0,16242.4,0,0,82323.51,0,0,0,2542.24,2327.09,0,22458.97,27521.77,63.98,2409.16,15476.65,0,0,0,0
2006-06-05 08:00:00,0,1836.95,0,327.26,10617.45,6087.32,5833.59,0,0,2107.8,14286.69,214.53,0,12769.15,1407.47,3698.97,72011.98,0,16988.69,0,0,86468.13,0,0,0,2671.88,2444.34,0,23553.78,29003.96,67.52,2583.62,16217.72,0,0,0,0
2006-06-05 09:00:00,0,1967.06,0,352.76,10974.49,6692.17,5959.06,0,0,2294.45,15664.75,229.4,0,13110.82,1527.38,3923.04,75642.7,0,17632.28,0,0,90457.74,0,0,0,2772.98,2544.31,0,24765.51,31030.83,71.01,2781.45,16802.57,0,0,0,0
2006-06-05 10:00:00,0,2122.86,0,375.22,11337.98,7356.81,6111.03,0,0,2503.03,17216.98,249.83,0,13365.96,1699.46,4094.84,79037.47,0,18095.31,0,0,93315.49,0,0,0,2874.35,2641.39,0,26148.25,33164.74,74.49,2963.63,17170.17,0,0,0,0
2006-06-05 11:00:00,0,2329.02,0,392.82,11593.04,8000.42,6412.98,0,0,2691.69,18530.3,276.56,0,13598.58,1820.0,4268.31,81843.57,0,18467.19,0,0,95587.06,0,0,0,2963.71,2759.57,0,27138.32,35441.77,78.5,3152.54,17549.55,0,0,0,0
2006-06-05 12:00:00,0,2500.41,0,410.79,11856.66,8448.46,6726.66,0,0,2833.73,19379.21,300.88,0,13786.79,1830.23,4414.45,84229.68,0,18738.67,0,0,97865.62,0,0,0,3099.3,2888.66,0,27985.52,37525.98,81.95,3292.32,17906.68,0,0,0,0
2006-06-05 13:00:00,0,2640.45,0,425.0,12013.9,8643.62,6988.6,0,0,2920.84,19805.5,307.14,0,13966.9,1859.02,4512.46,86405.2,0,18937.83,0,0,99866.34,0,0,0,3178.98,2969.11,0,28976.51,39222.55,85.6,3368.76,18274.51,0,0,0,0
2006-06-05 14:00:00,0,2758.88,0,435.25,12088.1,8690.01,7169.34,0,0,2915.11,19987.07,304.33,0,14169.22,1944.72,4590.37,87890.07,0,19094.79,0,0,101917.47,0,0,0,3229.34,3040.94,0,29802.89,40745.47,88.89,3446.9,18833.34,0,0,0,0
2006-06-05 15:00:00,0,2872.91,0,448.41,12093.17,8823.74,7317.57,0,0,2897.6,20196.93,322.4,0,14364.56,1964.78,4663.12,88638.11,0,19418.58,0,0,103565.92,0,0,0,3240.27,3085.51,0,30308.83,41979.28,91.71,3552.05,19251.3,0,0,0,0
2006-06-05 16:00:00,0,2959.78,0,460.36,12062.56,8871.18,7392.03,0,0,2861.55,20266.98,320.32,0,14496.55,2048.53,4697.73,88883.48,0,19781.4,0,0,104804.34,0,0,0,3267.07,3122.69,0,30681.39,42657.34,93.41,3621.94,19356.17,0,0,0,0
2006-06-05 17:00:00,0,3019.65,0,456.35,12159.34,8895.87,7384.6,0,0,2851.03,20028.76,322.19,0,14575.65,2093.46,4696.46,88847.32,0,19714.38,0,0,105236.24,0,0,0,3277.68,3142.94,0,30556.55,42694.84,93.67,3631.77,19455.59,0,0,0,0
2006-06-05 18:00:00,0,3037.49,0,440.9,12356.29,8844.4,7350.06,0,0,2796.1,19729.89,325.16,0,14640.9,2062.86,4616.25,88253.82,0,19538.63,0,0,104885.5,0,0,0,3244.38,3121.13,0,30237.2,42102.34,91.81,3544.52,19477.1,0,0,0,0
2006-06-05 19:00:00,0,3062.14,0,416.32,12878.92,8706.16,7721.68,0,0,2777.96,18977.04,325.0,0,14870.91,2067.72,4516.71,88380.44,0,19741.82,0,0,102580.7,0,0,0,3122.18,2993.42,0,30070.56,42290.01,86.35,3381.15,20562.31,0,0,0,0
2006-06-05 20:00:00,0,2955.19,0,398.76,12211.42,8189.69,7047.61,0,0,2591.59,17916.3,321.57,0,14097.75,1904.64,4442.11,85872.27,0,19248.61,0,0,102410.71,0,0,0,3019.79,2852.9,0,28787.03,40548.91,85.69,3172.64,19355.02,0,0,0,0
2006-06-05 21:00:00,0,2730.86,0,373.82,11757.98,7566.12,6472.74,0,0,2413.34,16693.33,304.72,0,13222.17,1747.47,4123.03,82133.03,0,18151.18,0,0,95623.44,0,0,0,2834.74,2673.21,0,27494.28,39364.57,80.74,2932.69,18816.37,0,0,0,0
2006-06-05 22:00:00,0,2537.81,0,342.05,10843.27,6862.86,5961.94,0,0,2247.9,15394.41,280.94,0,12329.11,1603.26,3855.48,78581.67,0,17202.48,0,0,89614.75,0,0,0,2612.77,2457.84,0,25008.28,37606.7,75.43,2718.26,17370.79,0,0,0,0
2006-06-05 23:00:00,0,2304.14,0,313.37,10022.01,6198.84,5499.71,0,0,2089.0,14170.5,256.86,0,11466.55,1482.73,3613.39,74377.47,0,16111.19,0,0,84658.43,0,0,0,2420.49,2280.9,0,22972.2,35191.71,70.69,2523.43,16072.52,0,0,0,0
2006-06-06 00:00:00,0,2102.87,0,281.69,9282.15,5593.38,5124.31,0,0,1936.48,12987.8,229.1,0,10598.85,1359.65,3400.94,70236.12,0,15168.05,0,0,80032.5,0,0,0,2267.75,2108.96,0,21226.53,32791.79,67.53,2345.76,14985.68,0,0,0,0
2006-06-06 01:00:00,0,1928.96,0,256.4,8704.33,5076.8,4781.31,0,0,1797.75,12016.47,200.78,0,10137.39,1260.72,3210.82,66605.82,0,14226.72,0,0,76077.37,0,0,0,2136.17,1960.46,0,19705.61,30663.19,65.49,2174.37,13999.3,0,0,0,0
2006-06-06 02:00:00,0,1791.12,0,234.96,8385.52,4747.83,4588.96,0,0,1663.29,11194.53,177.09,0,9942.56,1175.47,3047.07,63318.59,0,13628.95,0,0,72965.61,0,0,0,2063.82,1855.61,0,18764.06,29054.11,63.87,2048.7,13268.62,0,0,0,0
2006-06-06 03:00:00,0,1691.18,0,220.94,8339.15,4571.83,4576.13,0,0,1602.12,10812.27,163.0,0,9947.58,1145.58,2962.07,61345.26,0,13257.56,0,0,71637.79,0,0,0,2023.91,1846.69,0,18215.63,27825.29,62.09,2007.99,12887.56,0,0,0,0
2006-06-06 04:00:00,0,1642.01,0,219.74,8582.64,4630.62,4774.82,0,0,1628.07,10956.09,166.85,0,10087.68,1178.42,3021.83,61053.28,0,13343.78,0,0,72060.25,0,0,0,2054.41,1887.51,0,18348.16,26965.02,61.2,2027.98,12972.77,0,0,0,0
2006-06-06 05:00:00,0,1642.52,0,223.69,9038.19,4773.62,4982.22,0,0,1669.61,11250.45,175.45,0,11205.02,1209.89,3124.89,62131.13,0,14522.56,0,0,74528.36,0,0,0,2123.3,1926.95,0,18736.45,26682.08,61.85,2062.36,13341.86,0,0,0,0
2006-06-06 06:00:00,0,1652.34,0,242.78,10051.02,4964.71,5384.2,0,0,1778.11,11908.53,185.3,0,11930.33,1289.29,3397.9,65388.33,0,15971.62,0,0,81369.24,0,0,0,2336.18,2031.4,0,20186.67,26623.24,62.92,2157.48,14372.68,0,0,0,0
2006-06-06 07:00:00,0,1797.46,0,275.45,10316.22,5416.07,5621.64,0,0,1931.24,13080.3,199.6,0,12543.05,1345.38,3509.06,69559.13,0,17047.36,0,0,86119.04,0,0,0,2427.86,2158.4,0,21468.15,28360.78,64.98,2342.59,15065.76,0,0,0,0
2006-06-06 08:00:00,0,1891.51,0,295.49,10762.49,5991.23,5831.52,0,0,2092.88,14353.54,213.35,0,13133.24,1394.28,3729.38,73627.59,0,17949.32,0,0,91657.8,0,0,0,2514.7,2268.29,0,22521.97,29889.46,68.1,2562.39,15832.44,0,0,0,0
2006-06-06 09:00:00,0,2018.55,0,315.32,11295.02,6665.83,6078.03,0,0,2299.43,15647.86,225.36,0,13466.1,1442.54,3945.16,77620.68,0,18586.47,0,0,95985.96,0,0,0,2591.71,2378.68,0,23484.61,31751.62,70.88,2824.72,16647.94,0,0,0,0
2006-06-06 10:00:00,0,2186.95,0,334.47,11738.74,7386.53,6290.4,0,0,2493.25,17112.81,239.83,0,13698.84,1555.24,4241.75,80948.06,0,19044.37,0,0,99192.78,0,0,0,2683.77,2477.66,0,24470.32,33482.72,73.67,3050.17,17295.14,0,0,0,0
2006-06-06 11:00:00,0,2382.4,0,351.81,12153.07,7954.01,6541.03,0,0,2663.91,18322.31,251.41,0,13988.58,1654.6,4549.46,84187.47,0,19456.05,0,0,102516.11,0,0,0,2793.82,2588.27,0,25360.92,35737.57,77.48,3214.63,17794.36,0,0,0,0
2006-06-06 12:00:00,0,2599.2,0,366.09,12485.09,8193.7,6756.65,0,0,2773.91,19156.42,257.68,0,14216.2,1733.07,4727.6,87062.18,0,19684.61,0,0,105036.25,0,0,0,2886.26,2702.45,0,26464.46,37888.99,81.0,3306.6,18692.75,0,0,0,0
2006-06-06 13:00:00,0,2820.29,0,379.31,12788.22,8375.07,6947.99,0,0,2872.78,19895.73,263.94,0,14356.79,1799.44,4827.42,89333.86,0,19502.5,0,0,106137.47,0,0,0,2974.58,2811.37,0,27520.33,39833.21,84.57,3376.29,19425.24,0,0,0,0
2006-06-06 14:00:00,0,2997.17,0,393.64,12999.86,8635.99,7244.38,0,0,2958.96,20517.81,276.85,0,14512.91,1869.15,4906.55,90974.1,0,19517.22,0,0,107241.06,0,0,0,3047.19,2906.15,0,28755.94,41436.38,88.35,3457.67,20122.2,0,0,0,0
2006-06-06 15:00:00,0,3147.52,0,407.04,13225.98,8911.11,7430.75,0,0,3035.59,20905.62,294.83,0,14686.12,1927.64,4964.02,91983.79,0,19647.53,0,0,108026.26,0,0,0,3109.27,2995.52,0,29915.97,42695.24,91.61,3524.52,20723.67,0,0,0,0
2006-06-06 16:00:00,0,3250.71,0,416.76,13480.59,9129.39,7549.12,0,0,3077.6,20974.21,307.59,0,14791.49,1939.69,5058.04,92502.93,0,19855.22,0,0,108988.38,0,0,0,3178.41,3069.15,0,30838.36,43434.48,94.18,3589.61,21252.08,0,0,0,0
2006-06-06 17:00:00,0,3302.16,0,418.91,13510.04,9167.99,7545.93,0,0,3046.31,20645.73,309.9,0,14828.29,1924.41,5091.07,92729.4,0,20063.03,0,0,109143.25,0,0,0,3228.3,3119.62,0,31347.14,43803.98,95.01,3593.38,21811.5,0,0,0,0
2006-06-06 18:00:00,0,3334.76,0,411.3,13310.25,8830.47,7515.36,0,0,2913.35,19952.14,308.08,0,14665.59,1884.01,5063.29,92018.88,0,19949.62,0,0,108764.92,0,0,0,3222.87,3120.7,0,31159.49,43675.85,94.62,3544.01,21860.52,0,0,0,0
2006-06-06 19:00:00,0,3286.81,0,404.49,14086.85,8584.36,7794.98,0,0,2818.71,18773.63,321.77,0,14987.41,1956.62,4965.73,90751.01,0,19987.68,0,0,107726.04,0,0,0,3166.57,3036.3,0,31503.86,43358.81,88.97,3455.0,22062.29,0,0,0,0
2006-06-06 20:00:00,0,3148.56,0,385.25,12998.61,7974.21,7144.64,0,0,2636.5,18000.25,300.8,0,14105.7,1778.6,4818.23,89194.54,0,19514.81,0,0,104851.89,0,0,0,3040.8,2863.67,0,29827.71,41480.38,88.95,3163.14,20746.56,0,0,0,0
2006-06-06 21:00:00,0,2903.98,0,359.09,12220.33,7469.46,6587.78,0,0,2470.06,16929.85,274.95,0,13122.16,1633.76,4458.2,85369.39,0,18498.31,0,0,98329.25,0,0,0,2858.36,2702.57,0,28324.73,39977.75,84.7,2900.13,20094.07,0,0,0,0
2006-06-06 22:00:00,0,2672.62,0,325.4,11136.79,6769.73,6062.1,0,0,2281.79,15597.71,251.32,0,12214.12,1502.52,4175.22,81702.4,0,17407.7,0,0,92730.41,0,0,0,2647.92,2482.73,0,25889.71,38206.5,79.78,2731.06,18557.95,0,0,0,0
2006-06-06 23:00:00,0,2379.6,0,295.29,10238.61,6044.24,5593.04,0,0,2114.75,14322.75,228.59,0,11185.02,1382.86,3902.33,77381.32,0,16294.16,0,0,87551.69,0,0,0,2453.77,2305.24,0,23927.8,35099.43,74.83,2509.96,17046.67,0,0,0,0
2006-06-07 00:00:00,0,2117.06,0,266.43,9486.56,5410.65,5185.65,0,0,1951.81,13205.45,207.09,0,10330.31,1262.1,3646.13,73276.05,0,15367.43,0,0,82882.42,0,0,0,2283.5,2144.96,0,22069.44,32376.82,70.17,2304.28,15680.45,0,0,0,0
2006-06-07 01:00:00,0,1889.27,0,243.56,8926.2,4838.0,4829.47,0,0,1800.36,12170.01,185.8,0,9767.96,1150.8,3410.37,69435.07,0,14503.64,0,0,78912.19,0,0,0,2176.01,2003.49,0,20637.88,29990.11,66.57,2132.51,14597.68,0,0,0,0
2006-06-07 02:00:00,0,1732.23,0,224.69,8553.07,4449.8,4633.45,0,0,1670.85,11245.31,166.66,0,9663.48,1075.9,3218.38,66327.93,0,13817.66,0,0,75940.68,0,0,0,2102.97,1897.73,0,19689.68,27973.85,63.96,1977.99,13764.74,0,0,0,0
2006-06-07 03:00:00,0,1638.56,0,215.49,8472.87,4269.18,4609.37,0,0,1589.81,10723.86,156.44,0,9781.93,1062.64,3111.56,64128.9,0,13515.22,0,0,74403.48,0,0,0,2067.07,1904.9,0,19157.73,26661.25,61.54,1918.78,13469.94,0,0,0,0
2006-06-07 04:00:00,0,1616.14,0,215.74,8687.49,4296.69,4790.34,0,0,1602.25,10758.0,158.36,0,10143.88,1094.22,3147.34,63796.84,0,13643.99,0,0,75009.39,0,0,0,2101.6,1940.9,0,19269.56,25760.09,60.53,1924.18,13524.95,0,0,0,0
2006-06-07 05:00:00,0,1621.78,0,223.29,9142.34,4437.1,4995.23,0,0,1645.07,11056.72,163.56,0,10808.93,1131.76,3233.11,64590.1,0,14353.11,0,0,77216.05,0,0,0,2175.4,1978.94,0,19571.29,25532.88,61.3,1949.4,13905.65,0,0,0,0
2006-06-07 06:00:00,0,1645.11,0,245.77,10131.92,4754.58,5397.05,0,0,1775.29,11840.77,174.22,0,11643.74,1246.61,3504.5,66860.62,0,15736.48,0,0,84040.87,0,0,0,2352.08,2060.07,0,21153.1,25736.57,62.39,2051.36,14798.7,0,0,0,0
2006-06-07 07:00:00,0,1821.77,0,270.39,10443.24,5222.47,5684.74,0,0,1931.93,13140.55,192.47,0,12558.47,1324.13,3630.22,71348.83,0,16588.82,0,0,87969.06,0,0,0,2425.52,2190.85,0,22067.71,27217.07,64.46,2237.3,15324.27,0,0,0,0
2006-06-07 08:00:00,0,1974.59,0,315.32,11126.75,5917.6,6027.76,0,0,2107.04,14557.16,215.89,0,13077.27,1419.75,3899.99,74888.86,0,17088.02,0,0,93165.95,0,0,0,2540.5,2361.33,0,23527.01,29112.57,69.27,2450.57,16205.47,0,0,0,0
2006-06-07 09:00:00,0,2160.17,0,341.34,11847.91,6364.86,6347.12,0,0,2230.31,15774.57,227.27,0,13414.54,1506.7,4151.69,78782.68,0,17516.96,0,0,97158.43,0,0,0,2722.07,2531.05,0,25397.95,31670.65,73.68,2592.2,17309.86,0,0,0,0
2006-06-07 10:00:00,0,2432.93,0,359.98,12566.11,6900.98,6851.89,0,0,2343.26,17061.03,236.88,0,13665.47,1636.04,4418.02,82189.82,0,17897.08,0,0,99515.75,0,0,0,2907.21,2721.78,0,27245.8,34399.49,78.9,2789.75,18152.63,0,0,0,0
2006-06-07 11:00:00,0,2694.21,0,381.78,13217.54,7331.01,7247.91,0,0,2466.46,18142.08,249.4,0,13853.6,1764.93,4647.37,85348.44,0,18195.74,0,0,101185.52,0,0,0,3064.36,2879.07,0,28943.78,36836.67,84.87,2983.65,19179.87,0,0,0,0
2006-06-07 12:00:00,0,2867.03,0,401.71,13629.86,7685.57,7530.83,0,0,2580.64,18970.49,263.97,0,13953.27,1859.74,4916.39,88780.01,0,18522.62,0,0,103255.48,0,0,0,3221.51,3025.07,0,30269.45,38781.68,89.65,3168.56,20393.37,0,0,0,0
2006-06-07 13:00:00,0,2982.94,0,421.69,14070.08,8015.79,7816.13,0,0,2693.93,19661.25,281.3,0,14018.1,1939.77,5095.29,91431.78,0,18624.23,0,0,104515.36,0,0,0,3334.17,3151.42,0,31455.66,40294.4,92.7,3329.01,21260.87,0,0,0,0
2006-06-07 14:00:00,0,3086.12,0,441.7,14522.3,8342.92,8096.85,0,0,2789.48,20186.18,300.12,0,14134.67,2023.97,5250.42,93223.61,0,18638.86,0,0,105991.3,0,0,0,3451.52,3285.4,0,32594.54,41646.94,95.3,3462.94,22010.93,0,0,0,0
2006-06-07 15:00:00,0,3172.11,0,452.09,14879.45,8702.53,8362.32,0,0,2856.27,20437.04,319.19,0,14201.14,2091.9,5347.29,94323.82,0,18698.16,0,0,106827.14,0,0,0,3554.31,3404.93,0,33465.59,42403.77,97.34,3575.57,22590.27,0,0,0,0
2006-06-07 16:00:00,0,3228.02,0,458.29,15110.14,9058.92,8568.8,0,0,2876.26,20325.54,331.8,0,14229.19,2126.56,5407.34,94903.3,0,18700.89,0,0,107860.38,0,0,0,3626.57,3509.5,0,34021.29,42905.3,98.28,3669.85,23045.57,0,0,0,0
2006-06-07 17:00:00,0,3243.31,0,455.11,15259.88,9204.68,8621.59,0,0,2829.57,19926.27,338.4,0,14244.52,2102.44,5283.73,94580.58,0,18576.65,0,0,108042.11,0,0,0,3659.66,3548.49,0,33997.59,43127.81,97.24,3660.42,23343.52,0,0,0,0
2006-06-07 18:00:00,0,3219.38,0,440.93,15141.38,9009.6,8636.6,0,0,2763.98,19344.26,336.36,0,14285.3,2044.12,5097.05,93025.9,0,18484.2,0,0,106855.71,0,0,0,3607.05,3495.6,0,33540.56,42661.72,95.13,3579.77,23308.95,0,0,0,0
2006-06-07 19:00:00,0,3238.81,0,422.85,15619.68,8757.54,8822.15,0,0,2770.26,18643.97,345.6,0,13936.07,2063.6,5012.53,90811.3,0,18021.85,0,0,104604.02,0,0,0,3542.83,3396.67,0,33023.92,42982.62,88.96,3471.22,23171.3,0,0,0,0
2006-06-07 20:00:00,0,3129.75,0,399.35,14522.91,8082.26,8084.92,0,0,2574.74,17572.33,320.59,0,13157.61,1894.58,4843.26,89632.65,0,17445.78,0,0,103162.23,0,0,0,3396.24,3220.15,0,31308.8,41057.22,88.74,3222.98,22038.61,0,0,0,0
2006-06-07 21:00:00,0,2840.98,0,372.8,13784.6,7564.96,7473.2,0,0,2398.12,16320.62,298.01,0,12398.11,1742.92,4501.55,86072.07,0,16594.89,0,0,97730.95,0,0,0,3223.04,3068.26,0,29958.33,39283.35,83.7,2990.7,21313.96,0,0,0,0
2006-06-07 22:00:00,0,2607.87,0,339.32,12672.83,6828.56,6933.16,0,0,2230.42,15097.41,270.58,0,11655.96,1592.93,4186.96,82282.34,0,15625.6,0,0,92668.34,0,0,0,2992.84,2854.68,0,27647.4,37485.74,78.74,2738.95,19717.72,0,0,0,0
2006-06-07 23:00:00,0,2322.89,0,307.81,11598.21,6159.2,6457.35,0,0,2083.2,13924.82,243.63,0,10863.88,1454.24,3953.1,77676.73,0,14881.89,0,0,88162.62,0,0,0,2771.11,2625.37,0,25656.32,34675.64,74.21,2525.81,18198.6,0,0,0,0
2006-06-08 00:00:00,0,2081.48,0,277.53,10686.17,5534.39,5980.12,0,0,1935.5,12864.34,223.04,0,10067.67,1324.21,3767.95,73517.61,0,14126.29,0,0,83744.87,0,0,0,2567.84,2460.15,0,23807.4,32148.01,69.52,2334.22,16827.57,0,0,0,0
2006-06-08 01:00:00,0,1866.69,0,252.08,9769.39,4935.07,5534.51,0,0,1790.14,11855.07,199.52,0,9528.57,1218.97,3535.11,69488.04,0,13404.24,0,0,79676.55,0,0,0,2414.66,2300.59,0,22393.78,29878.97,66.09,2143.15,15595.02,0,0,0,0
2006-06-08 02:00:00,0,1711.97,0,232.1,9135.92,4486.97,5147.84,0,0,1657.64,10990.7,178.27,0,9494.92,1143.81,3336.01,65915.29,0,12971.05,0,0,76632.88,0,0,0,2345.99,2188.82,0,21523.3,28159.2,63.53,1983.68,14755.09,0,0,0,0
2006-06-08 03:00:00,0,1627.17,0,222.14,8936.26,4279.28,5031.11,0,0,1588.83,10576.69,164.33,0,9677.3,1108.99,3191.6,63578.43,0,12973.93,0,0,75472.98,0,0,0,2302.9,2134.89,0,20934.47,27193.15,61.24,1897.07,14261.25,0,0,0,0
2006-06-08 04:00:00,0,1579.34,0,219.35,9037.65,4374.64,5075.88,0,0,1619.05,10726.07,165.06,0,10041.6,1131.77,3220.05,62850.86,0,13382.2,0,0,76208.63,0,0,0,2309.75,2123.51,0,20978.0,26456.03,60.48,1888.34,14180.65,0,0,0,0
2006-06-08 05:00:00,0,1587.29,0,228.21,9443.39,4546.49,5259.76,0,0,1656.03,11038.99,169.92,0,10574.1,1170.78,3299.6,63475.86,0,13980.28,0,0,78285.52,0,0,0,2362.27,2161.02,0,21194.38,26316.43,60.74,1921.32,14496.35,0,0,0,0
2006-06-08 06:00:00,0,1626.3,0,258.52,10509.11,4898.94,5746.87,0,0,1823.55,11988.42,181.3,0,11231.39,1291.7,3493.46,66582.82,0,14924.62,0,0,84868.46,0,0,0,2510.11,2291.48,0,22528.59,26464.37,61.78,2075.56,15092.1,0,0,0,0
2006-06-08 07:00:00,0,1804.38,0,283.13,11041.11,5387.12,6170.45,0,0,1985.4,13153.84,201.82,0,11901.47,1382.64,3692.91,70278.68,0,15984.45,0,0,88707.65,0,0,0,2638.78,2440.62,0,23665.82,28108.44,64.07,2248.38,15906.24,0,0,0,0
2006-06-08 08:00:00,0,2003.19,0,332.91,11600.4,6042.69,6492.6,0,0,2156.04,14631.94,220.74,0,12598.48,1470.1,3847.68,74133.43,0,16522.17,0,0,92684.23,0,0,0,2821.7,2598.37,0,25624.3,29974.06,68.25,2455.28,17024.35,0,0,0,0
2006-06-08 09:00:00,0,2249.81,0,359.51,12092.8,6653.0,6793.09,0,0,2327.26,15982.08,233.61,0,12863.55,1554.0,4005.33,78317.24,0,16950.06,0,0,96842.06,0,0,0,3053.19,2789.72,0,27478.95,32709.59,73.14,2714.81,18169.38,0,0,0,0
2006-06-08 10:00:00,0,2530.97,0,385.77,12668.12,7455.46,7280.59,0,0,2531.46,17622.13,254.13,0,13133.16,1713.52,4163.19,82045.98,0,17507.43,0,0,100284.8,0,0,0,3313.82,3048.83,0,29660.45,35019.69,77.17,3014.52,18993.72,0,0,0,0
2006-06-08 11:00:00,0,2756.32,0,410.19,13489.72,8215.67,7790.29,0,0,2719.91,18954.77,275.85,0,13332.64,1881.5,4310.04,85653.36,0,17871.87,0,0,104144.56,0,0,0,3458.26,3225.72,0,31520.66,36907.01,81.36,3264.29,19705.87,0,0,0,0
2006-06-08 12:00:00,0,2913.61,0,428.93,14399.45,8662.85,8199.82,0,0,2848.54,19893.34,298.46,0,13520.9,2017.41,4503.91,88731.59,0,18327.84,0,0,108507.88,0,0,0,3599.85,3401.73,0,32788.57,38648.99,84.79,3436.46,20696.53,0,0,0,0
2006-06-08 13:00:00,0,3056.86,0,446.83,14937.17,9051.92,8456.12,0,0,2961.2,20607.23,321.59,0,13620.08,2120.1,4820.2,90787.55,0,18742.5,0,0,112131.64,0,0,0,3714.23,3506.86,0,33740.46,40204.51,88.01,3539.04,21381.18,0,0,0,0
2006-06-08 14:00:00,0,3180.33,0,463.96,15258.99,9380.0,8654.05,0,0,3063.64,21140.06,344.1,0,13670.74,2202.92,5029.09,92084.05,0,18797.12,0,0,114508.69,0,0,0,3810.62,3591.93,0,34479.29,41240.33,90.91,3626.85,21810.92,0,0,0,0
2006-06-08 15:00:00,0,3275.61,0,475.81,15483.64,9652.37,8757.51,0,0,3140.24,21567.2,361.61,0,13721.85,2265.05,5163.66,92909.92,0,18651.63,0,0,115959.15,0,0,0,3856.77,3657.19,0,34930.67,41803.32,92.99,3733.44,22004.14,0,0,0,0
2006-06-08 16:00:00,0,3339.46,0,482.09,15468.06,9718.65,8783.65,0,0,3160.57,21549.52,364.87,0,13782.94,2286.96,5251.05,92962.88,0,18488.02,0,0,116569.01,0,0,0,3853.83,3669.62,0,35090.6,42261.13,94.47,3748.57,22015.43,0,0,0,0
2006-06-08 17:00:00,0,3378.21,0,478.87,15169.31,9506.36,8689.31,0,0,3084.26,20962.39,359.59,0,13820.32,2178.89,5274.59,92798.96,0,18384.08,0,0,116020.28,0,0,0,3788.49,3611.23,0,34771.93,42348.92,94.58,3690.87,22079.04,0,0,0,0
2006-06-08 18:00:00,0,3343.72,0,457.97,14640.67,9026.99,8524.14,0,0,2927.3,20150.07,346.85,0,13862.49,2098.01,5182.29,91825.9,0,18344.13,0,0,114305.75,0,0,0,3654.13,3529.7,0,34283.83,41860.95,93.86,3521.06,22027.67,0,0,0,0
2006-06-08 19:00:00,0,3357.5,0,426.72,15085.9,8705.42,8625.54,0,0,2894.06,18846.69,344.8,0,13688.63,2053.08,4951.65,90576.89,0,18645.21,0,0,109131.51,0,0,0,3553.24,3349.57,0,33246.16,42370.74,89.68,3326.11,22731.69,0,0,0,0
2006-06-08 20:00:00,0,3225.66,0,406.84,14266.8,8269.4,8033.12,0,0,2720.34,18179.57,334.15,0,12899.34,1923.12,4971.1,89307.05,0,18056.77,0,0,108682.61,0,0,0,3397.5,3147.39,0,32110.89,40433.54,89.53,3136.6,21658.55,0,0,0,0
2006-06-08 21:00:00,0,2949.92,0,380.84,13429.93,7686.39,7493.96,0,0,2528.12,17097.76,315.08,0,12128.75,1773.79,4631.75,85169.62,0,17347.49,0,0,102446.66,0,0,0,3199.25,2972.41,0,30586.66,39137.52,85.62,2874.98,21021.78,0,0,0,0
2006-06-08 22:00:00,0,2722.69,0,350.02,12243.88,6918.69,6957.96,0,0,2336.94,15881.72,291.37,0,11360.62,1686.36,4332.9,81109.45,0,16659.86,0,0,96310.99,0,0,0,2962.97,2775.4,0,28334.6,37392.6,80.52,2658.87,19561.21,0,0,0,0
2006-06-08 23:00:00,0,2410.57,0,320.05,11300.74,6197.24,6443.19,0,0,2160.11,14587.42,265.12,0,10646.08,1595.67,4045.62,76572.62,0,15932.22,0,0,90514.65,0,0,0,2785.39,2597.28,0,26153.65,34551.09,75.42,2450.33,18047.86,0,0,0,0
2006-06-09 00:00:00,0,2151.64,0,294.63,10421.28,5596.99,5950.64,0,0,1996.46,13337.88,242.13,0,9915.97,1489.3,3798.76,72369.42,0,15017.7,0,0,84996.64,0,0,0,2602.95,2416.48,0,24227.95,32145.52,70.66,2253.86,16588.94,0,0,0,0
2006-06-09 01:00:00,0,1943.04,0,279.52,9696.28,5081.88,5487.23,0,0,1844.39,12310.15,217.65,0,9571.07,1384.34,3595.23,68512.92,0,14134.06,0,0,80202.18,0,0,0,2431.02,2266.37,0,22639.06,30119.87,67.04,2080.74,15298.67,0,0,0,0
2006-06-09 02:00:00,0,1787.14,0,264.2,9274.07,4741.07,5140.2,0,0,1699.06,11530.57,196.03,0,9545.83,1276.54,3378.79,64955.22,0,13480.08,0,0,76710.07,0,0,0,2340.99,2175.79,0,21703.8,28288.49,64.46,1970.68,14452.98,0,0,0,0
2006-06-09 03:00:00,0,1699.91,0,243.91,9042.93,4564.83,5028.43,0,0,1623.33,11079.5,183.65,0,9658.7,1214.34,3245.12,62316.23,0,13128.99,0,0,74491.73,0,0,0,2275.08,2125.18,0,21134.19,27108.67,62.23,1939.3,14030.74,0,0,0,0
2006-06-09 04:00:00,0,1647.73,0,240.0,9131.87,4628.92,5137.56,0,0,1652.78,11164.06,182.33,0,9912.31,1219.4,3283.07,61519.92,0,13220.21,0,0,74617.58,0,0,0,2279.31,2132.76,0,21086.89,26563.78,61.18,1977.47,14042.89,0,0,0,0
2006-06-09 05:00:00,0,1656.47,0,243.31,9510.95,4787.8,5282.75,0,0,1693.42,11407.46,184.21,0,10510.12,1247.58,3355.33,62290.5,0,14502.49,0,0,77405.04,0,0,0,2326.19,2150.84,0,21287.88,26459.49,61.49,2027.71,14392.3,0,0,0,0
2006-06-09 06:00:00,0,1681.4,0,268.73,10526.91,5067.66,5687.07,0,0,1835.36,12152.16,193.22,0,11422.59,1354.1,3642.82,64591.62,0,15871.02,0,0,83689.81,0,0,0,2442.89,2239.62,0,22376.11,26652.18,62.55,2147.51,15073.18,0,0,0,0
2006-06-09 07:00:00,0,1876.96,0,304.15,11083.18,5684.87,6022.92,0,0,2014.41,13350.11,218.99,0,12023.52,1459.91,3778.4,68494.65,0,16499.67,0,0,86977.67,0,0,0,2584.97,2386.19,0,23369.25,28828.23,65.03,2343.62,15763.68,0,0,0,0
2006-06-09 08:00:00,0,2085.15,0,340.52,11571.51,6354.29,6302.93,0,0,2188.3,14688.57,246.61,0,12371.24,1583.5,4111.67,71438.97,0,17002.14,0,0,91358.98,0,0,0,2788.41,2561.16,0,25314.95,30725.91,69.55,2582.05,16877.58,0,0,0,0
2006-06-09 09:00:00,0,2362.46,0,370.27,12184.63,7161.51,6676.72,0,0,2418.47,16453.88,270.92,0,12715.36,1738.14,4394.93,74198.97,0,17568.63,0,0,94807.46,0,0,0,2995.84,2755.52,0,27108.2,32972.52,74.31,2872.31,18172.93,0,0,0,0
2006-06-09 10:00:00,0,2687.97,0,401.93,12980.87,8063.46,7294.38,0,0,2668.32,18239.85,292.6,0,13045.88,1928.13,4683.64,77367.23,0,18030.21,0,0,96977.13,0,0,0,3191.72,3002.25,0,28792.8,35422.39,78.74,3165.31,19264.66,0,0,0,0
2006-06-09 11:00:00,0,2914.4,0,427.86,13745.05,8808.27,7763.05,0,0,2849.93,19639.77,314.85,0,13399.34,2093.35,4957.02,79809.06,0,18414.18,0,0,99827.12,0,0,0,3367.88,3217.64,0,30667.69,37558.6,83.35,3380.49,20385.49,0,0,0,0
2006-06-09 12:00:00,0,3109.45,0,448.15,14354.75,9271.75,8044.05,0,0,2987.36,20536.96,331.81,0,13655.83,2224.8,5149.8,82545.43,0,18769.7,0,0,103101.03,0,0,0,3528.05,3367.64,0,32412.38,39427.05,87.6,3550.02,21726.64,0,0,0,0
2006-06-09 13:00:00,0,3250.37,0,466.52,14867.06,9670.58,8333.12,0,0,3105.84,21012.63,351.62,0,13958.72,2322.31,5227.5,84089.54,0,19114.19,0,0,105103.35,0,0,0,3659.2,3487.9,0,33822.78,41041.23,90.62,3682.99,22572.71,0,0,0,0
2006-06-09 14:00:00,0,3358.06,0,481.5,15263.84,10068.16,8620.1,0,0,3207.71,21539.41,370.61,0,14178.74,2386.62,5246.18,85265.17,0,19294.95,0,0,106033.65,0,0,0,3775.51,3593.39,0,35074.83,42278.22,93.3,3807.06,23122.1,0,0,0,0
2006-06-09 15:00:00,0,3444.45,0,491.63,15617.43,10410.57,8914.48,0,0,3274.49,21722.75,386.5,0,14342.75,2418.31,5228.63,85602.71,0,19647.83,0,0,106346.42,0,0,0,3871.85,3674.01,0,36061.45,43083.61,95.94,3896.74,23541.46,0,0,0,0
2006-06-09 16:00:00,0,3500.92,0,497.1,15824.7,10581.48,9064.56,0,0,3242.55,21436.67,392.94,0,14345.66,2429.26,5255.83,85141.27,0,20068.1,0,0,106134.19,0,0,0,3943.43,3752.32,0,36658.57,43556.94,97.52,3960.3,23838.79,0,0,0,0
2006-06-09 17:00:00,0,3509.46,0,496.9,15861.64,10501.26,9043.92,0,0,3191.47,21058.37,390.61,0,14350.38,2399.88,5224.12,84390.74,0,20207.69,0,0,105041.73,0,0,0,3973.49,3794.0,0,36784.06,43545.99,97.94,3920.44,23861.7,0,0,0,0
2006-06-09 18:00:00,0,3480.15,0,487.06,15584.68,10072.72,9033.46,0,0,3069.78,20384.75,380.39,0,14331.33,2284.13,5129.48,83358.44,0,19928.58,0,0,103449.7,0,0,0,3902.88,3761.55,0,36302.75,42776.79,96.47,3775.76,23849.9,0,0,0,0
2006-06-09 19:00:00,0,3450.82,0,447.05,14865.87,9010.03,8803.35,0,0,2867.03,18807.04,354.54,0,13978.1,2168.76,4702.39,78327.4,0,18651.03,0,0,97029.58,0,0,0,3662.48,3474.86,0,34528.55,40966.34,82.28,3427.51,22512.46,0,0,0,0
2006-06-09 20:00:00,0,3309.54,0,431.38,14265.55,8352.31,8083.89,0,0,2669.24,17682.97,336.08,0,13158.04,2021.96,4656.96,77441.08,0,18045.22,0,0,95115.98,0,0,0,3526.55,3328.08,0,33269.25,40506.69,81.57,3128.53,21608.01,0,0,0,0
2006-06-09 21:00:00,0,3013.17,0,405.48,13711.36,7858.09,7533.99,0,0,2489.51,16601.84,315.36,0,12378.83,1890.88,4309.94,74274.24,0,17016.04,0,0,89919.43,0,0,0,3372.62,3167.69,0,31763.36,38767.23,76.59,2885.41,20807.99,0,0,0,0
2006-06-09 22:00:00,0,2812.06,0,376.27,12519.73,7161.15,7029.85,0,0,2327.5,15546.59,292.76,0,11620.53,1760.91,4026.39,71069.85,0,15874.4,0,0,84883.05,0,0,0,3098.82,2967.91,0,29088.15,36610.99,71.38,2664.69,19351.27,0,0,0,0
2006-06-09 23:00:00,0,2522.16,0,346.6,11527.45,6519.13,6580.61,0,0,2173.0,14494.89,261.61,0,10892.69,1616.09,3764.36,67332.73,0,14971.8,0,0,80662.45,0,0,0,2847.97,2766.91,0,26950.25,34327.56,67.01,2477.98,17810.34,0,0,0,0
2006-06-10 00:00:00,0,2266.04,0,320.73,10708.16,5830.61,6142.09,0,0,1989.87,13405.44,229.25,0,10203.08,1470.88,3493.02,64033.18,0,14129.52,0,0,76677.01,0,0,0,2669.25,2590.84,0,25124.82,32151.45,63.43,2308.52,16458.36,0,0,0,0
2006-06-10 01:00:00,0,2048.86,0,298.06,9898.64,5226.71,5780.11,0,0,1849.91,12428.88,203.8,0,9871.93,1340.02,3255.5,60868.82,0,13387.85,0,0,72216.36,0,0,0,2529.11,2441.87,0,23758.0,30313.48,60.66,2171.46,15232.65,0,0,0,0
2006-06-10 02:00:00,0,1875.78,0,278.03,9156.52,4870.36,5443.15,0,0,1725.69,11623.31,186.33,0,9805.3,1238.18,3056.66,58262.92,0,12737.8,0,0,68872.47,0,0,0,2425.37,2315.73,0,22768.78,28740.96,57.98,2033.93,14278.84,0,0,0,0
2006-06-10 03:00:00,0,1732.69,0,259.04,8667.71,4650.99,5035.39,0,0,1644.67,11153.91,176.42,0,9795.63,1166.03,2938.91,56242.56,0,12304.09,0,0,66496.14,0,0,0,2333.5,2201.59,0,22013.33,27269.63,55.56,1930.25,13706.05,0,0,0,0
2006-06-10 04:00:00,0,1641.54,0,240.65,8453.78,4463.53,4864.49,0,0,1595.39,10802.22,172.62,0,9854.41,1124.49,2863.22,55238.98,0,12094.43,0,0,65374.62,0,0,0,2271.37,2166.32,0,21555.83,26047.07,53.99,1861.62,13230.82,0,0,0,0
2006-06-10 05:00:00,0,1599.97,0,234.42,8342.2,4428.0,4745.55,0,0,1591.12,10793.72,176.06,0,9932.11,1120.33,2848.8,54903.86,0,12293.25,0,0,65776.88,0,0,0,2263.05,2157.08,0,21286.37,25298.51,53.37,1850.06,13037.41,0,0,0,0
2006-06-10 06:00:00,0,1607.38,0,241.9,8720.77,4683.95,4893.29,0,0,1655.26,11134.96,181.76,0,10244.06,1158.49,2939.74,55584.06,0,12964.73,0,0,68280.59,0,0,0,2270.05,2254.24,0,21422.15,25046.15,53.23,1951.33,13336.47,0,0,0,0
2006-06-10 07:00:00,0,1766.79,0,262.01,9155.57,5332.32,5168.35,0,0,1832.95,12529.83,197.42,0,10516.37,1284.45,3070.37,57601.53,0,13532.18,0,0,70293.03,0,0,0,2448.38,2452.95,0,21779.71,25624.94,54.37,2171.33,13748.16,0,0,0,0
2006-06-10 08:00:00,0,1937.68,0,307.66,9979.22,6243.52,5478.22,0,0,2069.79,14430.48,223.06,0,10755.77,1457.58,3270.34,60045.2,0,13879.92,0,0,71921.76,0,0,0,2764.71,2705.52,0,24390.28,26907.92,58.14,2446.49,15102.0,0,0,0,0
2006-06-10 09:00:00,0,2209.01,0,352.57,10705.6,7181.31,5987.33,0,0,2292.31,16201.08,253.17,0,11071.07,1705.02,3600.04,62848.39,0,14315.32,0,0,74034.11,0,0,0,3055.3,3013.77,0,27133.4,28980.93,62.84,2737.15,16362.04,0,0,0,0
2006-06-10 10:00:00,0,2536.3,0,387.85,11667.15,8016.27,6728.01,0,0,2530.66,17873.28,285.07,0,11338.61,1921.92,3820.04,64910.9,0,14802.33,0,0,75669.97,0,0,0,3277.07,3281.34,0,29770.54,31310.57,67.25,3005.09,18163.42,0,0,0,0
2006-06-10 11:00:00,0,2874.22,0,414.21,12511.22,8640.22,7270.13,0,0,2716.7,19051.65,302.57,0,11584.13,2035.39,4065.0,66933.61,0,15180.11,0,0,76941.41,0,0,0,3445.56,3488.32,0,31285.65,33572.29,71.54,3227.79,19822.43,0,0,0,0
2006-06-10 12:00:00,0,3159.33,0,434.91,13349.38,9105.9,7693.92,0,0,2867.72,19754.12,320.99,0,11778.74,2122.46,4350.1,69218.36,0,15317.24,0,0,78113.45,0,0,0,3568.92,3610.03,0,32532.05,35736.63,75.28,3394.13,21073.18,0,0,0,0
2006-06-10 13:00:00,0,3326.54,0,454.23,14111.0,9507.2,8020.24,0,0,2956.3,20323.77,341.21,0,11973.31,2211.97,4597.99,71307.84,0,15393.49,0,0,79036.08,0,0,0,3690.37,3723.41,0,33857.47,37309.61,79.14,3527.98,22131.47,0,0,0,0
2006-06-10 14:00:00,0,3476.64,0,469.76,14823.49,9898.71,8381.24,0,0,3029.38,20871.89,358.64,0,12139.94,2300.22,4782.16,72776.42,0,15049.29,0,0,80611.53,0,0,0,3809.37,3838.95,0,35230.01,38607.48,82.24,3645.81,22983.19,0,0,0,0
2006-06-10 15:00:00,0,3602.52,0,480.18,15396.82,10144.18,8762.19,0,0,3078.71,21284.94,369.55,0,12030.39,2360.84,4921.62,73446.1,0,15058.74,0,0,82015.97,0,0,0,3933.58,3950.4,0,36431.06,39705.03,84.67,3666.57,23706.08,0,0,0,0
2006-06-10 16:00:00,0,3672.05,0,479.37,15793.8,9990.12,9040.51,0,0,3067.22,21166.35,372.84,0,12113.28,2358.81,4951.11,73975.05,0,15259.87,0,0,82935.62,0,0,0,4028.63,4008.22,0,37364.75,40500.6,86.3,3547.18,24158.29,0,0,0,0
2006-06-10 17:00:00,0,3713.16,0,458.37,15980.07,9574.68,9236.12,0,0,3006.23,20684.11,372.73,0,12222.06,2318.92,4858.78,73881.84,0,15557.78,0,0,82653.9,0,0,0,4056.14,4012.7,0,37788.96,40709.4,87.57,3337.45,24476.24,0,0,0,0
2006-06-10 18:00:00,0,3615.27,0,439.4,15834.49,9012.64,9292.63,0,0,2850.46,19849.78,364.14,0,12218.94,2202.29,4705.71,73688.7,0,15697.28,0,0,82086.88,0,0,0,4015.76,3966.08,0,37698.57,39871.12,86.96,3249.2,24134.13,0,0,0,0
2006-06-10 19:00:00,0,3447.58,0,423.76,15816.04,8552.68,9253.53,0,0,2831.35,19008.6,349.51,0,13490.74,2155.25,4612.49,75097.1,0,16665.47,0,0,88074.48,0,0,0,3964.21,3757.24,0,36954.17,39385.31,87.47,3254.22,23977.81,0,0,0,0
2006-06-10 20:00:00,0,3206.79,0,418.04,15190.38,8209.97,8584.85,0,0,2655.25,17906.25,335.08,0,12900.81,2033.72,4478.33,74436.32,0,16815.05,0,0,87463.55,0,0,0,3807.18,3592.02,0,34999.19,38765.79,86.31,3096.94,22985.42,0,0,0,0
2006-06-10 21:00:00,0,2903.04,0,387.72,14434.44,7755.8,7978.07,0,0,2481.79,16722.03,313.53,0,12232.58,1886.55,4127.38,72198.19,0,16219.0,0,0,82478.51,0,0,0,3633.97,3421.44,0,33475.74,36701.93,78.16,2891.2,22188.03,0,0,0,0
2006-06-10 22:00:00,0,2701.43,0,354.91,13247.51,7023.98,7463.44,0,0,2315.16,15574.52,288.56,0,11610.22,1753.22,3861.44,69493.99,0,15467.75,0,0,78573.4,0,0,0,3359.24,3212.44,0,30867.4,34717.17,73.87,2690.51,20695.2,0,0,0,0
2006-06-10 23:00:00,0,2457.25,0,327.01,12054.62,6343.58,6951.2,0,0,2152.01,14543.74,259.9,0,10966.44,1700.65,3630.7,66243.67,0,14665.04,0,0,75086.9,0,0,0,3114.11,3006.77,0,28594.73,32576.57,70.36,2497.78,19068.24,0,0,0,0
2006-06-11 00:00:00,0,2209.41,0,298.98,11076.56,5727.68,6433.66,0,0,1999.49,13611.64,234.82,0,10291.44,1621.44,3395.09,63243.57,0,13868.79,0,0,71415.94,0,0,0,2895.79,2795.98,0,26647.84,30624.4,66.34,2317.9,17638.1,0,0,0,0
2006-06-11 01:00:00,0,1999.13,0,273.44,10280.75,5186.6,5935.14,0,0,1860.22,12662.45,213.87,0,9704.3,1482.32,3179.73,60266.03,0,13083.63,0,0,68137.32,0,0,0,2706.97,2597.09,0,25238.0,29159.25,62.81,2151.09,16340.86,0,0,0,0
2006-06-11 02:00:00,0,1864.53,0,249.94,9544.81,4851.95,5481.66,0,0,1735.04,11841.18,199.22,0,9546.88,1332.42,3017.3,57662.22,0,12525.19,0,0,65825.26,0,0,0,2570.98,2455.21,0,24130.23,27853.03,60.34,2022.54,15309.57,0,0,0,0
2006-06-11 03:00:00,0,1774.08,0,237.54,9070.85,4678.71,5132.71,0,0,1661.02,11382.58,188.3,0,9526.18,1239.81,2927.43,55778.11,0,12146.52,0,0,63995.62,0,0,0,2459.46,2320.57,0,23281.39,26564.08,58.47,1933.23,14600.79,0,0,0,0
2006-06-11 04:00:00,0,1728.92,0,237.77,8884.71,4554.76,4980.13,0,0,1632.28,11096.86,180.85,0,9544.37,1185.34,2877.14,54770.05,0,11955.62,0,0,63745.8,0,0,0,2386.19,2263.17,0,22733.68,25697.21,57.02,1900.07,14147.38,0,0,0,0
2006-06-11 05:00:00,0,1678.65,0,240.04,8809.68,4544.47,4933.68,0,0,1630.68,11101.3,179.22,0,9795.41,1177.58,2875.87,54631.91,0,12321.62,0,0,64777.24,0,0,0,2361.33,2246.02,0,22370.36,24984.74,55.74,1908.86,13833.87,0,0,0,0
2006-06-11 06:00:00,0,1683.23,0,250.58,9196.14,4780.98,5078.01,0,0,1696.81,11493.72,183.46,0,10119.77,1237.62,2954.72,55592.78,0,12897.23,0,0,67167.84,0,0,0,2368.43,2335.9,0,22580.38,24784.7,55.62,1982.76,13986.6,0,0,0,0
2006-06-11 07:00:00,0,1762.01,0,273.25,9781.79,5446.17,5343.06,0,0,1859.83,12760.76,205.07,0,10421.27,1383.14,3053.61,57375.83,0,13498.71,0,0,68903.42,0,0,0,2583.4,2570.98,0,23009.98,24969.47,56.76,2186.77,14578.8,0,0,0,0
2006-06-11 08:00:00,0,1889.12,0,308.76,10311.84,6225.98,5597.01,0,0,2061.1,14264.39,227.16,0,10807.79,1541.17,3180.4,59819.04,0,13938.12,0,0,70662.15,0,0,0,3019.19,2968.59,0,25861.1,25938.93,59.64,2393.65,16076.79,0,0,0,0
2006-06-11 09:00:00,0,1986.46,0,347.3,11105.28,6887.44,6054.18,0,0,2236.08,15748.01,246.44,0,11120.86,1724.31,3346.15,62581.12,0,14578.1,0,0,72852.17,0,0,0,3385.79,3355.97,0,29085.25,27168.24,64.7,2558.57,17597.29,0,0,0,0
2006-06-11 10:00:00,0,2187.17,0,379.26,12299.89,7463.99,6832.6,0,0,2385.62,17093.87,271.69,0,11380.08,1877.02,3680.81,64392.28,0,15039.26,0,0,75156.66,0,0,0,3649.25,3662.93,0,31966.08,29042.22,70.08,2679.85,19783.5,0,0,0,0
2006-06-11 11:00:00,0,2409.31,0,404.42,13342.11,7954.24,7509.8,0,0,2501.08,17953.65,291.57,0,11573.18,2009.36,4112.59,66279.61,0,15331.63,0,0,76817.52,0,0,0,3810.19,3854.07,0,33753.14,30985.55,73.12,2837.39,21309.5,0,0,0,0
2006-06-11 12:00:00,0,2619.17,0,421.43,14250.08,8222.63,8066.66,0,0,2569.09,18380.46,313.02,0,11788.77,2117.52,4477.47,68653.61,0,15435.97,0,0,78538.63,0,0,0,3939.88,3992.21,0,35035.13,32648.01,75.93,2880.16,22584.12,0,0,0,0
2006-06-11 13:00:00,0,2802.8,0,435.03,15038.54,8196.72,8517.94,0,0,2596.31,18558.3,334.24,0,12127.61,2200.69,4723.97,70761.66,0,15501.69,0,0,81311.13,0,0,0,4063.89,4113.1,0,36234.75,34361.69,78.99,2821.01,23618.15,0,0,0,0
2006-06-11 14:00:00,0,2943.45,0,443.81,15704.19,8282.23,8975.06,0,0,2672.78,18682.94,344.71,0,12315.09,2208.22,4814.37,72323.51,0,15544.16,0,0,83322.44,0,0,0,4151.3,4205.54,0,37168.49,35855.26,82.54,2780.86,24292.67,0,0,0,0
2006-06-11 15:00:00,0,3068.23,0,446.65,16240.07,8293.5,9400.43,0,0,2679.75,18834.19,347.82,0,12619.02,2143.65,4802.26,73475.6,0,15642.85,0,0,85322.76,0,0,0,4214.8,4261.63,0,37624.24,37118.15,86.46,2797.96,24849.62,0,0,0,0
2006-06-11 16:00:00,0,3165.58,0,452.93,16649.7,8107.86,9687.27,0,0,2633.71,18979.34,345.8,0,12791.83,2165.55,4762.97,74035.41,0,16039.24,0,0,86714.43,0,0,0,4171.24,4226.48,0,37675.58,37963.11,87.89,2833.75,25068.79,0,0,0,0
2006-06-11 17:00:00,0,3190.76,0,446.19,16798.21,7946.9,9798.82,0,0,2618.84,18697.53,320.69,0,12787.55,2128.77,4733.22,74564.18,0,16236.6,0,0,87249.69,0,0,0,4082.7,4101.8,0,37307.58,37927.45,87.09,2826.6,25128.67,0,0,0,0
2006-06-11 18:00:00,0,3153.04,0,434.58,16541.63,7893.23,9707.41,0,0,2570.77,18466.29,313.22,0,12730.58,2057.66,4640.67,74598.63,0,16266.11,0,0,87085.05,0,0,0,3923.35,3907.99,0,36637.65,37552.03,86.02,2853.96,24807.28,0,0,0,0
2006-06-11 19:00:00,0,3156.38,0,429.01,17299.96,8361.95,9594.54,0,0,2802.42,18531.64,326.41,0,14612.74,2077.45,4874.52,79842.06,0,18337.21,0,0,96322.09,0,0,0,3798.71,3679.05,0,36607.63,39822.14,94.28,3166.0,25443.7,0,0,0,0
2006-06-11 20:00:00,0,2980.52,0,412.89,16094.23,7974.82,8776.6,0,0,2611.22,17490.55,320.15,0,13956.03,1956.44,4681.1,78362.72,0,17969.27,0,0,93802.48,0,0,0,3582.98,3443.78,0,34825.9,37878.8,93.31,2981.6,24247.15,0,0,0,0
2006-06-11 21:00:00,0,2664.8,0,392.33,14941.44,7511.01,8146.44,0,0,2437.91,16523.13,312.27,0,13094.8,1826.87,4329.99,75828.56,0,17126.37,0,0,88333.97,0,0,0,3418.87,3244.2,0,33251.79,36629.58,87.3,2792.73,23539.67,0,0,0,0
2006-06-11 22:00:00,0,2449.35,0,366.39,13614.87,6839.26,7627.33,0,0,2276.54,15547.84,289.4,0,12179.89,1700.22,4018.62,72699.24,0,16109.43,0,0,83391.09,0,0,0,3191.86,3038.65,0,30614.53,34543.55,82.29,2603.12,21975.78,0,0,0,0
2006-06-11 23:00:00,0,2222.86,0,336.03,12463.57,6261.48,7112.24,0,0,2130.29,14469.71,264.78,0,11352.36,1577.95,3748.82,68972.46,0,15213.05,0,0,79307.98,0,0,0,2985.35,2849.83,0,28565.95,31903.27,78.02,2423.74,20395.29,0,0,0,0
2006-06-12 00:00:00,0,2011.79,0,305.73,11405.21,5693.74,6564.93,0,0,1982.72,13401.66,241.24,0,10560.92,1443.07,3519.41,65609.04,0,14368.81,0,0,75567.63,0,0,0,2817.75,2669.19,0,26789.28,29916.21,73.72,2250.9,18933.2,0,0,0,0
2006-06-12 01:00:00,0,1829.69,0,280.2,10487.64,5170.61,6038.7,0,0,1844.92,12449.07,221.37,0,10076.43,1313.8,3306.35,62469.97,0,13553.33,0,0,72190.87,0,0,0,2681.68,2502.29,0,25239.67,28008.14,69.26,2102.84,17454.25,0,0,0,0
2006-06-12 02:00:00,0,1694.94,0,257.89,10024.46,4796.79,5657.3,0,0,1727.18,11642.1,201.96,0,10003.16,1217.63,3135.87,59678.75,0,13099.17,0,0,69527.47,0,0,0,2603.25,2402.15,0,24139.18,26411.3,66.36,2001.28,16418.32,0,0,0,0
2006-06-12 03:00:00,0,1647.36,0,247.98,9757.0,4640.92,5471.37,0,0,1682.34,11336.63,187.18,0,10129.7,1181.23,3043.26,58029.54,0,12919.51,0,0,68659.94,0,0,0,2578.95,2363.36,0,23575.11,25767.25,64.85,1938.8,15557.16,0,0,0,0
2006-06-12 04:00:00,0,1621.32,0,252.48,9873.35,4700.67,5601.73,0,0,1720.97,11462.22,191.79,0,10380.34,1214.55,3125.01,58175.02,0,13097.09,0,0,69426.5,0,0,0,2600.34,2368.09,0,23511.18,25235.53,64.07,1957.64,15308.45,0,0,0,0
2006-06-12 05:00:00,0,1647.06,0,259.67,10256.32,4835.92,5779.97,0,0,1785.92,11862.69,197.81,0,11687.32,1247.96,3215.45,59500.06,0,14329.75,0,0,72091.65,0,0,0,2642.87,2394.32,0,23641.91,25483.51,63.48,1968.38,15458.61,0,0,0,0
2006-06-12 06:00:00,0,1670.14,0,280.04,11029.37,5011.57,6129.67,0,0,1874.1,12402.45,206.46,0,12352.78,1325.64,3457.15,62705.51,0,15786.93,0,0,79223.02,0,0,0,2776.71,2529.47,0,24405.2,25757.5,64.1,1998.29,15829.95,0,0,0,0
2006-06-12 07:00:00,0,1784.3,0,319.72,11524.09,5323.33,6453.77,0,0,2009.54,13256.54,219.97,0,12835.17,1421.05,3673.06,66817.18,0,16386.9,0,0,82427.56,0,0,0,2947.3,2691.73,0,25959.64,27539.59,66.21,2062.06,16796.29,0,0,0,0
2006-06-12 08:00:00,0,1902.94,0,347.14,11993.09,5672.95,6809.11,0,0,2121.61,14122.16,232.3,0,13374.6,1498.23,3795.88,69974.63,0,17036.92,0,0,85172.34,0,0,0,3134.25,2885.89,0,27363.72,29057.98,69.02,2132.33,17747.79,0,0,0,0
2006-06-12 09:00:00,0,2015.64,0,357.97,12655.7,6024.12,7211.66,0,0,2204.17,14864.23,245.87,0,13759.96,1587.64,3932.28,72309.85,0,17769.71,0,0,87986.25,0,0,0,3347.2,3115.78,0,28922.06,30551.84,72.05,2272.8,18800.66,0,0,0,0
2006-06-12 10:00:00,0,2105.21,0,366.5,13443.99,6358.48,7623.09,0,0,2286.89,15697.24,262.06,0,14313.85,1693.98,4083.26,75153.04,0,18282.42,0,0,90355.79,0,0,0,3563.83,3360.39,0,31148.66,31895.73,75.44,2413.69,19991.05,0,0,0,0
2006-06-12 11:00:00,0,2224.25,0,368.65,13888.71,6681.77,7741.87,0,0,2404.38,16579.2,274.83,0,14825.12,1777.14,4223.49,77532.2,0,18732.95,0,0,92247.42,0,0,0,3706.21,3529.31,0,33587.06,33504.51,79.81,2569.59,21120.45,0,0,0,0
2006-06-12 12:00:00,0,2339.39,0,380.95,14534.38,6877.41,7914.97,0,0,2488.71,17317.35,282.78,0,15184.32,1825.81,4348.91,79714.89,0,19290.67,0,0,94249.78,0,0,0,3800.15,3633.83,0,35559.06,35179.72,84.62,2626.71,22403.5,0,0,0,0
2006-06-12 13:00:00,0,2383.02,0,403.57,15365.13,6973.69,8217.89,0,0,2532.69,17665.46,286.25,0,15430.57,1894.08,4497.1,81841.65,0,19597.3,0,0,96185.39,0,0,0,3858.59,3702.74,0,36968.24,36386.31,87.96,2676.97,23310.51,0,0,0,0
2006-06-12 14:00:00,0,2467.42,0,378.42,15849.47,6967.51,8527.2,0,0,2567.04,18018.11,293.84,0,15706.13,1993.66,4600.75,83657.64,0,19567.13,0,0,98400.64,0,0,0,3969.15,3792.72,0,37928.92,37735.35,91.13,2662.81,23881.8,0,0,0,0
2006-06-12 15:00:00,0,2579.17,0,394.83,16210.45,6927.72,8736.8,0,0,2573.03,18154.46,294.45,0,15954.43,2006.28,4667.96,85057.37,0,19556.36,0,0,100066.62,0,0,0,4027.18,3846.8,0,38413.7,38884.23,93.59,2536.52,24056.86,0,0,0,0
2006-06-12 16:00:00,0,2644.39,0,399.97,16387.48,6920.89,8886.83,0,0,2559.66,17879.11,280.1,0,16188.84,1926.56,4699.32,85449.13,0,19835.22,0,0,100986.27,0,0,0,3993.26,3843.95,0,38381.09,39566.98,95.4,2454.83,24073.3,0,0,0,0
2006-06-12 17:00:00,0,2714.04,0,396.56,16182.79,6931.21,8845.19,0,0,2543.58,17616.78,268.53,0,16211.33,1889.99,4664.44,85331.85,0,19791.94,0,0,100810.9,0,0,0,3894.73,3788.75,0,37670.16,40043.49,94.58,2514.31,23850.32,0,0,0,0
2006-06-12 18:00:00,0,2705.03,0,401.66,15317.98,7069.4,8583.76,0,0,2548.85,17671.23,266.7,0,16096.4,1855.01,4543.15,84625.42,0,19561.32,0,0,99680.01,0,0,0,3808.86,3703.68,0,36561.1,40003.38,91.68,2687.0,23170.28,0,0,0,0
2006-06-12 19:00:00,0,2674.55,0,395.41,14992.69,7344.99,8503.33,0,0,2560.16,17270.67,269.01,0,16292.58,1808.38,4290.21,83308.78,0,19145.84,0,0,96921.91,0,0,0,3751.77,3567.46,0,34733.06,39800.35,82.62,2824.24,22821.16,0,0,0,0
2006-06-12 20:00:00,0,2648.46,0,379.14,14270.39,7115.9,7880.06,0,0,2431.41,16507.86,261.14,0,15267.45,1651.82,4287.04,82466.62,0,18934.04,0,0,97495.01,0,0,0,3619.83,3387.39,0,33581.24,38185.85,83.48,2721.35,21616.17,0,0,0,0
2006-06-12 21:00:00,0,2466.32,0,358.5,13338.81,6751.71,7304.09,0,0,2289.01,15608.28,248.75,0,14053.09,1544.5,3954.19,79139.97,0,18079.85,0,0,91006.22,0,0,0,3456.15,3207.32,0,32281.33,37086.71,78.73,2614.49,20854.66,0,0,0,0
2006-06-12 22:00:00,0,2282.27,0,326.65,12154.05,6249.54,6730.92,0,0,2170.18,14771.47,232.75,0,13001.15,1452.65,3719.74,75655.94,0,17046.37,0,0,85672.0,0,0,0,3239.99,3041.73,0,29567.69,35006.49,73.36,2499.38,19168.51,0,0,0,0
2006-06-12 23:00:00,0,2028.87,0,304.39,11209.93,5792.84,6182.44,0,0,2047.58,13704.5,218.12,0,12134.76,1307.76,3510.44,71404.11,0,16094.48,0,0,81021.04,0,0,0,3030.51,2849.46,0,27335.98,31968.37,68.93,2368.56,17572.83,0,0,0,0
2006-06-13 00:00:00,0,1814.46,0,279.46,10312.99,5348.36,5685.87,0,0,1929.91,12757.68,203.05,0,11299.98,1194.81,3342.21,67487.74,0,15166.64,0,0,77068.61,0,0,0,2846.49,2656.37,0,25410.4,29648.85,65.74,2223.75,16229.77,0,0,0,0
2006-06-13 01:00:00,0,1637.52,0,257.0,9507.11,4886.83,5200.54,0,0,1823.69,11911.48,191.81,0,10734.58,1126.93,3194.99,64039.4,0,14361.1,0,0,73571.59,0,0,0,2649.76,2438.5,0,23827.4,27638.67,63.16,2054.1,14999.27,0,0,0,0
2006-06-13 02:00:00,0,1517.54,0,232.91,9157.66,4582.49,4846.43,0,0,1733.99,11249.67,179.08,0,10641.66,1109.42,3038.38,61315.33,0,13889.43,0,0,70767.5,0,0,0,2530.23,2317.1,0,22806.79,25980.95,60.66,1931.84,14097.94,0,0,0,0
2006-06-13 03:00:00,0,1461.39,0,230.68,9062.03,4469.72,4833.13,0,0,1685.46,11024.24,170.84,0,10669.49,1104.5,2937.86,59473.5,0,13597.26,0,0,69788.29,0,0,0,2494.41,2277.45,0,22264.73,24838.96,58.86,1837.99,13499.06,0,0,0,0
2006-06-13 04:00:00,0,1475.93,0,233.55,9233.43,4492.59,5009.52,0,0,1708.75,11148.18,177.81,0,10780.39,1113.43,3010.2,59534.39,0,13664.34,0,0,70503.87,0,0,0,2504.94,2283.29,0,22493.66,24267.72,58.26,1828.54,13375.33,0,0,0,0
2006-06-13 05:00:00,0,1508.0,0,226.29,9680.32,4526.72,5181.13,0,0,1769.69,11608.67,181.89,0,11989.35,1132.26,3129.35,60549.09,0,15120.86,0,0,73618.21,0,0,0,2566.15,2325.54,0,22736.13,24300.89,58.96,1782.5,13633.73,0,0,0,0
2006-06-13 06:00:00,0,1552.21,0,224.23,10389.22,4662.53,5455.89,0,0,1842.41,12176.93,183.08,0,12816.06,1148.44,3444.2,63995.83,0,16391.85,0,0,80092.01,0,0,0,2645.21,2387.98,0,23318.53,24666.94,59.54,1824.73,14611.9,0,0,0,0
2006-06-13 07:00:00,0,1690.95,0,245.73,10847.28,4980.18,5745.29,0,0,1931.83,13101.56,184.32,0,13452.9,1193.99,3611.5,67982.63,0,17169.72,0,0,83510.27,0,0,0,2714.16,2456.97,0,24382.61,26353.83,61.99,1896.51,15624.06,0,0,0,0
2006-06-13 08:00:00,0,1770.76,0,240.87,11175.78,5264.42,5958.35,0,0,2025.41,13892.68,191.49,0,14178.96,1263.55,3796.06,71190.12,0,18189.38,0,0,87987.13,0,0,0,2785.08,2520.47,0,25042.2,27810.01,65.84,2032.12,16424.61,0,0,0,0
2006-06-13 09:00:00,0,1886.56,0,272.34,11433.08,5521.67,6203.08,0,0,2195.01,15049.81,204.33,0,14802.08,1369.52,4029.33,74144.69,0,19225.32,0,0,91982.95,0,0,0,2847.89,2585.04,0,25682.55,29599.41,69.33,2048.98,17190.9,0,0,0,0
2006-06-13 10:00:00,0,2005.27,0,285.28,11676.09,5965.4,6448.75,0,0,2353.16,16427.11,217.99,0,15293.97,1566.38,4219.58,77594.03,0,19955.2,0,0,95977.87,0,0,0,2918.86,2658.01,0,26760.49,31192.32,72.07,2313.44,17721.21,0,0,0,0
2006-06-13 11:00:00,0,2121.58,0,309.96,12004.2,6402.72,6625.17,0,0,2466.7,17228.12,223.1,0,15675.96,1611.19,4347.96,80580.78,0,20591.86,0,0,100868.97,0,0,0,2987.29,2724.74,0,28053.59,33034.05,75.24,2547.39,18333.56,0,0,0,0
2006-06-13 12:00:00,0,2248.56,0,327.14,12338.15,6876.41,6815.42,0,0,2614.34,18056.49,230.99,0,15961.14,1695.69,4462.46,83573.39,0,21097.29,0,0,105159.42,0,0,0,3055.84,2785.51,0,29237.66,34794.7,78.12,2780.42,18964.39,0,0,0,0
2006-06-13 13:00:00,0,2360.65,0,367.39,12728.05,7342.08,7009.62,0,0,2754.15,18793.56,229.56,0,16188.78,1758.0,4594.0,86289.16,0,21451.95,0,0,108817.71,0,0,0,3101.54,2843.47,0,30156.31,36335.96,81.11,2841.47,19828.85,0,0,0,0
2006-06-13 14:00:00,0,2472.79,0,404.08,13075.59,7658.23,7216.17,0,0,2847.29,19271.05,250.38,0,16478.9,1754.2,4717.71,88447.06,0,21690.18,0,0,111893.44,0,0,0,3133.87,2881.28,0,30646.81,37808.73,84.17,2764.41,20555.88,0,0,0,0
2006-06-13 15:00:00,0,2586.46,0,423.77,13133.59,7510.13,7342.05,0,0,2803.99,19519.65,239.82,0,16847.93,1892.78,4813.63,89964.2,0,21866.68,0,0,114629.7,0,0,0,3159.44,2956.54,0,30885.6,38815.46,86.98,2606.77,21124.92,0,0,0,0
2006-06-13 16:00:00,0,2704.94,0,433.03,12951.62,7570.05,7360.98,0,0,2769.97,19169.72,255.75,0,17260.31,1658.27,4869.0,90933.92,0,21835.07,0,0,116342.33,0,0,0,3172.05,3046.07,0,30437.2,39567.99,88.34,2742.3,21325.34,0,0,0,0
2006-06-13 17:00:00,0,2767.57,0,433.57,12747.01,7637.84,7382.12,0,0,2741.41,19139.97,262.38,0,17480.79,1729.14,4893.41,90983.41,0,21553.89,0,0,115723.12,0,0,0,3149.86,3106.72,0,29909.97,40014.5,87.99,2815.21,21459.28,0,0,0,0
2006-06-13 18:00:00,0,2765.48,0,433.58,12510.5,7587.91,7350.48,0,0,2731.76,19152.5,273.16,0,17449.22,1856.25,4814.76,89892.16,0,20944.24,0,0,113090.51,0,0,0,3089.37,3111.36,0,29432.44,39995.56,86.17,2750.02,21358.2,0,0,0,0
2006-06-13 19:00:00,0,2804.52,0,413.69,13238.09,7643.19,7772.1,0,0,2737.96,18293.92,280.06,0,17675.17,1781.35,4618.11,88845.41,0,20721.7,0,0,107562.86,0,0,0,3044.74,2919.88,0,28100.96,40264.7,81.53,2841.3,21669.82,0,0,0,0
2006-06-13 20:00:00,0,2765.76,0,392.13,12975.7,7325.04,7330.69,0,0,2552.13,17589.71,280.92,0,16538.52,1734.11,4562.75,87602.6,0,20310.96,0,0,106236.42,0,0,0,3026.64,2838.33,0,27827.17,38597.11,82.25,2733.84,20681.83,0,0,0,0
2006-06-13 21:00:00,0,2504.3,0,374.02,12454.29,7049.66,6914.49,0,0,2390.16,16586.79,270.06,0,15216.27,1642.97,4237.55,83309.85,0,19236.97,0,0,99117.89,0,0,0,2949.45,2694.58,0,27573.26,36627.78,77.56,2656.22,20035.86,0,0,0,0
2006-06-13 22:00:00,0,2324.96,0,349.19,11549.65,6506.86,6514.58,0,0,2249.47,15588.64,251.57,0,14050.18,1559.22,3968.0,79473.68,0,18183.07,0,0,92959.79,0,0,0,2814.46,2564.2,0,26141.07,34306.86,72.59,2538.46,18536.48,0,0,0,0
2006-06-13 23:00:00,0,2079.52,0,321.41,10732.53,5969.99,6087.47,0,0,2106.04,14491.8,232.09,0,12959.34,1464.76,3724.05,75021.32,0,17088.22,0,0,87760.76,0,0,0,2698.78,2449.15,0,24898.93,31444.59,68.2,2374.77,17172.79,0,0,0,0
2006-06-14 00:00:00,0,1867.02,0,295.85,9971.59,5476.7,5692.7,0,0,1954.35,13407.07,213.4,0,12016.1,1361.98,3506.82,70625.56,0,15983.61,0,0,82951.39,0,0,0,2591.8,2348.15,0,23558.89,28982.84,65.01,2248.51,15976.34,0,0,0,0
2006-06-14 01:00:00,0,1687.51,0,272.33,9324.83,5017.94,5305.74,0,0,1814.36,12416.38,192.75,0,11440.47,1263.58,3304.6,66568.12,0,15001.4,0,0,78848.8,0,0,0,2504.64,2274.25,0,22449.08,26941.04,62.48,2122.91,14847.45,0,0,0,0
2006-06-14 02:00:00,0,1557.85,0,250.96,9038.85,4704.63,4974.29,0,0,1707.06,11627.18,178.59,0,11105.19,1180.92,3136.57,63239.75,0,14396.49,0,0,75706.8,0,0,0,2450.82,2230.35,0,21996.23,25312.05,60.13,2036.1,14035.05,0,0,0,0
2006-06-14 03:00:00,0,1498.26,0,241.14,9022.94,4608.18,4992.12,0,0,1652.13,11232.04,173.11,0,10972.09,1142.36,3052.58,61130.07,0,13912.35,0,0,74220.07,0,0,0,2436.32,2201.46,0,21741.58,24227.94,58.12,2004.68,13620.86,0,0,0,0
2006-06-14 04:00:00,0,1490.64,0,244.67,9233.38,4709.98,5237.48,0,0,1691.55,11369.97,180.05,0,10977.56,1170.74,3118.15,60750.8,0,13992.19,0,0,74793.64,0,0,0,2450.33,2194.99,0,21896.33,23758.85,57.67,2045.52,13687.19,0,0,0,0
2006-06-14 05:00:00,0,1523.8,0,252.05,9722.54,4901.66,5504.47,0,0,1756.23,11792.73,187.11,0,12237.95,1221.32,3212.95,61725.56,0,15414.5,0,0,77876.65,0,0,0,2496.97,2206.76,0,22103.83,23972.15,58.44,2107.68,13964.0,0,0,0,0
2006-06-14 06:00:00,0,1572.08,0,280.07,10362.91,5127.84,5794.53,0,0,1875.23,12530.74,196.52,0,12932.47,1299.35,3504.66,65284.02,0,16748.91,0,0,83851.8,0,0,0,2618.67,2312.08,0,22864.56,24530.78,59.43,2190.81,14838.19,0,0,0,0
2006-06-14 07:00:00,0,1709.77,0,304.89,10914.53,5480.43,6077.7,0,0,1993.95,13557.98,212.75,0,13680.65,1394.62,3632.17,69005.74,0,17738.54,0,0,88007.37,0,0,0,2722.61,2458.2,0,23856.28,26216.89,61.47,2311.19,15703.13,0,0,0,0
2006-06-14 08:00:00,0,1865.21,0,331.36,11248.33,5946.01,6288.43,0,0,2137.84,14747.78,227.37,0,14368.29,1496.2,3899.68,72618.07,0,18527.78,0,0,92502.64,0,0,0,2817.19,2547.21,0,24987.7,27925.11,65.18,2459.0,16489.54,0,0,0,0
2006-06-14 09:00:00,0,2049.11,0,352.68,11555.42,6439.56,6526.42,0,0,2339.11,16173.74,242.75,0,14959.77,1569.16,4110.47,76311.63,0,19243.94,0,0,97013.48,0,0,0,2885.21,2611.58,0,26337.36,30385.01,70.4,2672.34,17416.81,0,0,0,0
2006-06-14 10:00:00,0,2238.54,0,383.64,11744.25,7067.72,6800.47,0,0,2541.71,17951.29,255.9,0,15335.64,1703.57,4391.29,79545.14,0,20004.76,0,0,100008.64,0,0,0,2915.22,2666.93,0,28411.68,32531.45,74.5,2851.41,18023.91,0,0,0,0
2006-06-14 11:00:00,0,2410.75,0,412.91,12011.88,7574.61,7020.98,0,0,2684.17,19280.72,274.88,0,15623.89,1864.44,4669.63,82940.6,0,20565.22,0,0,103023.18,0,0,0,2988.22,2723.49,0,30354.67,34677.11,78.34,2977.61,18853.34,0,0,0,0
2006-06-14 12:00:00,0,2582.75,0,438.35,12383.28,7998.81,7126.71,0,0,2795.27,20175.8,298.08,0,15883.32,1975.5,4875.18,86348.99,0,21002.23,0,0,106124.37,0,0,0,3058.24,2789.13,0,32146.41,36698.48,82.11,3144.82,19880.71,0,0,0,0
2006-06-14 13:00:00,0,2746.96,0,457.03,12918.31,8524.44,7192.26,0,0,2961.02,21014.8,320.83,0,16249.62,2114.02,5029.37,89023.85,0,21311.58,0,0,108255.06,0,0,0,3119.01,2881.16,0,33559.85,38547.38,85.95,3329.99,20856.96,0,0,0,0
2006-06-14 14:00:00,0,2925.94,0,468.8,13616.62,9095.45,7325.99,0,0,3101.31,21666.09,339.51,0,16533.35,2218.51,5136.08,91143.91,0,21468.95,0,0,109309.84,0,0,0,3245.57,3076.4,0,34792.88,40153.92,89.19,3471.23,21611.92,0,0,0,0
2006-06-14 15:00:00,0,3080.52,0,481.2,14193.14,9336.95,7603.69,0,0,3148.8,21938.62,347.62,0,16669.76,2307.62,5203.27,92532.19,0,21567.05,0,0,109395.99,0,0,0,3463.73,3275.5,0,35657.49,41174.24,92.22,3512.88,22119.45,0,0,0,0
2006-06-14 16:00:00,0,3194.51,0,487.47,14604.63,9345.79,7769.5,0,0,3160.47,22024.96,350.4,0,16400.86,2342.27,5259.42,93086.68,0,21537.88,0,0,108851.44,0,0,0,3613.25,3409.32,0,36102.35,41821.26,93.83,3501.1,22483.25,0,0,0,0
2006-06-14 17:00:00,0,3227.26,0,475.23,14735.9,9114.07,7893.8,0,0,3143.39,21846.51,341.47,0,16130.04,2321.28,5241.99,92814.24,0,21304.38,0,0,107571.15,0,0,0,3666.6,3485.0,0,36293.2,42097.54,94.4,3470.23,22688.93,0,0,0,0
2006-06-14 18:00:00,0,3173.03,0,448.49,14524.06,8791.54,7955.29,0,0,2997.9,20972.84,334.52,0,15897.64,2202.38,5108.38,91345.09,0,20682.56,0,0,106288.98,0,0,0,3655.45,3494.62,0,35759.36,41410.21,92.85,3419.88,22529.61,0,0,0,0
2006-06-14 19:00:00,0,3189.3,0,421.79,14894.24,8593.75,8166.24,0,0,2905.46,19941.59,326.6,0,16157.11,2162.14,4921.48,89575.09,0,20775.76,0,0,104448.54,0,0,0,3552.05,3295.32,0,34860.02,42453.59,87.08,3259.19,22846.16,0,0,0,0
2006-06-14 20:00:00,0,3036.99,0,408.36,14114.09,8274.28,7602.59,0,0,2720.25,18835.32,321.75,0,15080.32,2005.74,4848.98,87911.05,0,20096.01,0,0,103422.71,0,0,0,3468.63,3178.61,0,33741.71,40217.64,87.01,3152.65,21583.19,0,0,0,0
2006-06-14 21:00:00,0,2710.69,0,387.63,13312.0,7725.31,7084.78,0,0,2548.94,17690.81,304.21,0,14069.13,1850.92,4467.13,83882.93,0,19200.46,0,0,97096.56,0,0,0,3287.34,3024.72,0,31847.18,38551.69,81.62,2955.45,20819.87,0,0,0,0
2006-06-14 22:00:00,0,2468.94,0,358.18,12213.53,7053.54,6591.57,0,0,2376.23,16477.95,277.6,0,13038.7,1696.53,4181.56,80000.9,0,17967.33,0,0,91520.42,0,0,0,3050.01,2831.43,0,29095.27,36550.72,76.11,2745.76,19281.28,0,0,0,0
2006-06-14 23:00:00,0,2197.5,0,330.42,11259.15,6403.16,6113.11,0,0,2211.24,15243.12,254.29,0,12101.79,1558.05,3907.96,75623.33,0,16999.29,0,0,86595.26,0,0,0,2850.1,2648.54,0,26736.39,33732.66,71.33,2554.28,17775.68,0,0,0,0
2006-06-15 00:00:00,0,1978.56,0,303.71,10331.95,5782.86,5657.98,0,0,2052.77,14055.08,232.2,0,11191.77,1437.54,3657.71,71508.2,0,16057.96,0,0,82221.44,0,0,0,2661.05,2467.1,0,24615.44,31416.69,67.84,2373.22,16410.68,0,0,0,0
2006-06-15 01:00:00,0,1773.33,0,279.27,9592.41,5304.3,5241.06,0,0,1898.79,12957.59,212.94,0,10598.03,1315.57,3435.87,67681.19,0,15096.82,0,0,78631.59,0,0,0,2523.86,2298.81,0,23005.36,29209.07,65.39,2208.54,15193.8,0,0,0,0
2006-06-15 02:00:00,0,1606.28,0,258.87,9093.32,5010.48,4914.43,0,0,1769.97,12210.53,196.74,0,10355.98,1229.77,3227.49,64413.53,0,14406.36,0,0,75978.72,0,0,0,2421.3,2223.59,0,21993.07,27252.36,62.91,2110.16,14375.3,0,0,0,0
2006-06-15 03:00:00,0,1530.0,0,251.2,8876.36,4870.61,4850.23,0,0,1697.87,11782.15,187.09,0,10313.53,1199.3,3110.44,62248.69,0,14176.21,0,0,74349.94,0,0,0,2382.97,2190.88,0,21573.8,25736.57,60.8,2068.78,13999.53,0,0,0,0
2006-06-15 04:00:00,0,1499.34,0,256.66,8947.54,4888.68,4982.46,0,0,1718.39,11724.8,188.96,0,10414.54,1232.48,3158.03,61717.77,0,14090.38,0,0,74601.99,0,0,0,2416.4,2222.28,0,21656.79,24942.86,61.3,2105.68,14015.42,0,0,0,0
2006-06-15 05:00:00,0,1533.08,0,264.18,9313.03,5053.0,5141.74,0,0,1763.63,11997.14,194.19,0,11208.87,1271.12,3242.9,62635.83,0,15442.38,0,0,76872.52,0,0,0,2470.52,2254.41,0,21833.85,25054.34,61.31,2163.54,14354.35,0,0,0,0
2006-06-15 06:00:00,0,1579.57,0,290.56,10314.09,5351.55,5558.09,0,0,1897.81,12702.98,203.33,0,12510.51,1363.57,3546.55,65915.39,0,16834.8,0,0,83352.78,0,0,0,2551.32,2333.39,0,22730.81,25484.61,61.88,2279.76,15077.16,0,0,0,0
2006-06-15 07:00:00,0,1754.43,0,325.27,10843.83,5915.89,5884.94,0,0,2070.84,13995.72,225.96,0,12978.99,1469.97,3749.85,70024.92,0,17532.78,0,0,86933.14,0,0,0,2694.81,2455.6,0,23660.52,27521.78,64.82,2468.09,15738.5,0,0,0,0
2006-06-15 08:00:00,0,1892.22,0,352.13,11255.68,6477.55,6146.11,0,0,2269.41,15387.06,242.36,0,13333.06,1557.39,4005.58,74068.86,0,18544.54,0,0,92693.09,0,0,0,2845.39,2596.6,0,25776.51,29477.61,69.03,2670.12,16913.92,0,0,0,0
2006-06-15 09:00:00,0,2076.27,0,384.81,11799.43,7055.27,6363.48,0,0,2462.54,16950.85,257.22,0,13767.08,1707.51,4290.52,78242.54,0,19500.33,0,0,96940.69,0,0,0,2998.32,2716.75,0,27549.48,31628.56,72.74,2897.78,18226.01,0,0,0,0
2006-06-15 10:00:00,0,2303.57,0,420.58,12359.61,7650.89,6727.07,0,0,2667.1,18539.16,278.27,0,14262.87,1883.83,4585.15,81841.89,0,20048.32,0,0,100011.75,0,0,0,3180.95,2908.68,0,29808.85,33712.55,76.2,3117.97,19215.04,0,0,0,0
2006-06-15 11:00:00,0,2516.29,0,454.17,12996.04,8265.77,7204.06,0,0,2852.38,19890.58,302.96,0,14680.17,2046.77,4860.75,85851.87,0,20374.42,0,0,103843.86,0,0,0,3328.11,3100.42,0,31880.29,35793.81,79.98,3307.17,20388.19,0,0,0,0
2006-06-15 12:00:00,0,2722.12,0,481.29,13445.57,8782.18,7583.93,0,0,2991.01,20991.52,324.76,0,14940.27,2187.62,5074.54,89787.34,0,20401.11,0,0,106568.03,0,0,0,3455.91,3240.26,0,33527.44,37748.35,83.28,3452.3,21643.09,0,0,0,0
2006-06-15 13:00:00,0,2906.12,0,492.91,13944.01,9253.27,7905.17,0,0,3123.12,21784.76,338.26,0,15069.82,2292.53,5221.81,92810.17,0,20511.84,0,0,108486.52,0,0,0,3568.39,3346.02,0,34822.06,39426.14,86.55,3570.43,22580.94,0,0,0,0
2006-06-15 14:00:00,0,3051.97,0,484.71,14407.21,9584.3,8225.33,0,0,3227.34,22324.83,337.86,0,15348.7,2313.83,5350.73,94945.45,0,20642.72,0,0,110110.62,0,0,0,3666.8,3444.96,0,35991.56,40675.6,89.74,3677.82,23319.61,0,0,0,0
2006-06-15 15:00:00,0,3119.42,0,490.93,14812.27,9824.25,8521.51,0,0,3292.68,22668.28,345.58,0,15625.69,2230.72,5455.32,95912.91,0,20813.43,0,0,111499.36,0,0,0,3754.1,3520.77,0,37091.84,41452.87,92.17,3764.49,23960.11,0,0,0,0
2006-06-15 16:00:00,0,3178.52,0,494.99,15055.93,9843.81,8692.16,0,0,3268.34,22491.89,344.24,0,15893.9,2167.29,5522.52,96031.71,0,20867.97,0,0,112591.03,0,0,0,3810.48,3584.24,0,37812.45,42045.34,93.3,3799.22,24347.83,0,0,0,0
2006-06-15 17:00:00,0,3187.9,0,493.58,15089.43,9627.29,8674.17,0,0,3191.24,22011.25,336.27,0,16122.85,2186.61,5540.82,95506.37,0,20816.82,0,0,112880.85,0,0,0,3801.88,3603.25,0,37923.48,42014.1,92.33,3764.86,24499.56,0,0,0,0
2006-06-15 18:00:00,0,3175.21,0,482.8,14977.72,9280.21,8642.44,0,0,3043.33,21119.89,340.76,0,16218.01,2202.72,5480.13,94472.09,0,20629.84,0,0,111318.56,0,0,0,3724.95,3546.72,0,37248.01,41289.26,89.88,3631.73,24197.71,0,0,0,0
2006-06-15 19:00:00,0,3241.02,0,450.81,15506.48,8972.03,8772.22,0,0,2988.12,20101.36,330.94,0,16648.48,2125.16,5231.44,92368.49,0,21061.23,0,0,108524.79,0,0,0,3594.84,3378.49,0,35990.56,42481.61,85.57,3435.36,23924.9,0,0,0,0
2006-06-15 20:00:00,0,3131.96,0,432.74,14208.35,8564.66,8039.24,0,0,2798.32,19109.57,323.63,0,15398.61,1991.31,5145.15,91442.21,0,20314.8,0,0,106798.47,0,0,0,3467.74,3212.13,0,34256.68,40931.84,85.81,3293.11,22704.62,0,0,0,0
2006-06-15 21:00:00,0,2917.18,0,402.83,13417.55,7891.83,7392.71,0,0,2586.02,17911.23,303.51,0,14108.42,1838.15,4769.46,87952.93,0,19097.74,0,0,99618.19,0,0,0,3241.04,3042.89,0,32607.27,40100.21,81.71,3050.58,21844.5,0,0,0,0
2006-06-15 22:00:00,0,2710.17,0,371.39,12155.26,7157.7,6784.12,0,0,2384.47,16703.21,277.92,0,12996.04,1711.67,4430.15,83790.64,0,17900.52,0,0,93140.2,0,0,0,2974.26,2797.12,0,29988.18,38614.92,77.39,2825.52,20131.71,0,0,0,0
2006-06-15 23:00:00,0,2412.82,0,342.56,11086.62,6514.24,6239.99,0,0,2216.49,15522.41,253.09,0,12073.85,1602.07,4137.52,79197.16,0,16789.89,0,0,87530.92,0,0,0,2740.43,2578.09,0,27768.77,36283.26,73.61,2636.33,18427.26,0,0,0,0
2006-06-16 00:00:00,0,2176.9,0,316.31,10127.71,5891.0,5748.36,0,0,2064.34,14332.45,230.43,0,11212.43,1487.15,3880.52,75006.67,0,15673.95,0,0,82350.4,0,0,0,2529.14,2379.18,0,25719.68,34024.43,70.8,2451.89,16937.47,0,0,0,0
2006-06-16 01:00:00,0,1984.02,0,289.07,9402.27,5415.89,5319.1,0,0,1921.55,13183.69,211.16,0,10656.48,1369.32,3639.3,71367.77,0,14944.22,0,0,78168.72,0,0,0,2380.99,2237.13,0,24160.08,31992.31,68.48,2262.55,15648.26,0,0,0,0
2006-06-16 02:00:00,0,1845.41,0,266.9,8892.35,5124.49,4977.7,0,0,1809.34,12359.03,196.6,0,10429.14,1274.37,3438.2,68107.36,0,14189.46,0,0,74786.97,0,0,0,2303.01,2139.42,0,23139.9,30183.15,66.38,2140.71,14800.24,0,0,0,0
2006-06-16 03:00:00,0,1741.19,0,259.99,8706.13,4959.92,4869.94,0,0,1738.84,11876.9,189.48,0,10374.79,1221.95,3297.07,66043.69,0,13729.65,0,0,73233.74,0,0,0,2252.71,2097.97,0,22584.47,28602.62,65.22,2067.3,14279.76,0,0,0,0
2006-06-16 04:00:00,0,1657.68,0,266.35,8840.54,4978.3,4956.01,0,0,1752.16,11819.15,193.65,0,10517.77,1246.55,3297.79,65770.66,0,13678.57,0,0,73794.28,0,0,0,2264.09,2121.7,0,22425.57,27609.71,64.86,2086.76,14101.89,0,0,0,0
2006-06-16 05:00:00,0,1665.67,0,274.25,9244.58,5106.57,5113.08,0,0,1793.08,12071.67,198.36,0,11775.2,1286.69,3358.65,66948.66,0,14908.24,0,0,76219.44,0,0,0,2319.98,2144.75,0,22528.0,27392.21,64.51,2133.45,14360.89,0,0,0,0
2006-06-16 06:00:00,0,1687.97,0,293.33,10286.41,5354.43,5588.84,0,0,1906.29,12712.01,204.27,0,12574.57,1356.2,3644.27,69251.99,0,16558.9,0,0,83776.39,0,0,0,2426.52,2214.45,0,23254.99,27471.0,64.95,2225.26,15171.33,0,0,0,0
2006-06-16 07:00:00,0,1896.56,0,326.1,10686.76,5943.16,5984.55,0,0,2102.05,14148.0,222.54,0,13369.14,1460.32,3818.76,73747.45,0,17571.46,0,0,89515.69,0,0,0,2542.52,2345.45,0,24503.48,29371.26,67.85,2426.54,16116.5,0,0,0,0
2006-06-16 08:00:00,0,2043.37,0,349.97,11241.34,6549.83,6294.87,0,0,2305.96,15513.21,236.13,0,14229.95,1558.1,4185.76,78600.92,0,18734.29,0,0,96147.04,0,0,0,2718.34,2515.65,0,25941.85,31107.36,71.7,2640.61,17583.67,0,0,0,0
2006-06-16 09:00:00,0,2261.91,0,382.68,11829.52,7298.12,6687.58,0,0,2501.17,17139.1,256.86,0,14791.34,1709.05,4476.66,82833.7,0,20007.44,0,0,101577.14,0,0,0,2910.7,2696.64,0,27851.37,33265.29,75.93,2902.42,18850.74,0,0,0,0
2006-06-16 10:00:00,0,2513.38,0,418.21,12629.08,8083.22,7198.34,0,0,2713.32,18788.5,286.2,0,14993.28,1841.58,4824.1,86424.5,0,20805.32,0,0,106098.03,0,0,0,3057.6,2859.46,0,30157.1,35418.8,80.06,3178.81,20069.15,0,0,0,0
2006-06-16 11:00:00,0,2746.79,0,441.17,13457.0,8774.7,7547.35,0,0,2888.04,20110.12,309.71,0,15108.99,1940.09,5116.46,91300.02,0,21424.5,0,0,111093.81,0,0,0,3194.33,3011.15,0,32143.28,37429.54,83.85,3415.71,21869.77,0,0,0,0
2006-06-16 12:00:00,0,2931.45,0,461.33,14050.11,9279.51,7829.59,0,0,3029.76,21045.36,329.41,0,15287.92,2012.82,5345.23,95515.66,0,21780.97,0,0,114734.14,0,0,0,3312.34,3124.1,0,33730.03,39056.17,87.54,3606.55,23359.59,0,0,0,0
2006-06-16 13:00:00,0,3080.45,0,479.78,14615.27,9667.49,8105.18,0,0,3138.85,21566.8,351.27,0,15573.99,2062.42,5499.53,98963.06,0,22111.94,0,0,117927.86,0,0,0,3408.94,3218.67,0,35125.07,40344.93,90.05,3740.7,24373.26,0,0,0,0
2006-06-16 14:00:00,0,3183.19,0,495.99,15171.26,9939.67,8395.42,0,0,3216.27,21946.76,362.69,0,15866.54,2106.06,5645.63,101267.87,0,22478.2,0,0,121342.64,0,0,0,3492.87,3315.34,0,36306.65,41500.89,92.72,3819.73,25134.13,0,0,0,0
2006-06-16 15:00:00,0,3262.74,0,507.69,15618.49,10047.2,8639.7,0,0,3256.12,22027.44,369.26,0,16247.57,2140.84,5768.15,102740.45,0,22861.96,0,0,124306.2,0,0,0,3560.91,3381.24,0,37035.73,42204.26,95.15,3879.91,25719.6,0,0,0,0
2006-06-16 16:00:00,0,3339.95,0,500.35,15878.24,9799.91,8749.83,0,0,3162.31,21573.36,362.96,0,16786.17,2136.15,5845.27,102792.51,0,23218.01,0,0,126531.6,0,0,0,3602.37,3438.3,0,37133.66,42559.77,97.21,3847.49,25984.61,0,0,0,0
2006-06-16 17:00:00,0,3363.25,0,485.37,15851.65,9345.89,8731.76,0,0,3034.76,20909.14,341.32,0,17146.4,2102.58,5856.49,102096.16,0,23152.95,0,0,127171.41,0,0,0,3597.67,3449.54,0,36918.0,42341.36,97.55,3715.23,26042.48,0,0,0,0
2006-06-16 18:00:00,0,3383.68,0,474.37,15639.57,8799.17,8737.61,0,0,2849.32,19930.89,323.13,0,17264.81,2034.35,5801.6,100912.61,0,22833.18,0,0,126834.78,0,0,0,3546.25,3401.15,0,36190.87,41694.98,96.26,3489.86,25582.88,0,0,0,0
2006-06-16 19:00:00,0,3517.38,0,434.44,14540.55,8114.21,8516.56,0,0,2679.69,18427.37,303.72,0,16551.36,1927.66,5197.16,94384.16,0,21164.9,0,0,111757.6,0,0,0,3332.98,3251.63,0,34531.15,40527.65,83.3,3136.86,23799.66,0,0,0,0
2006-06-16 20:00:00,0,3356.56,0,428.97,14002.57,7798.94,7703.65,0,0,2531.05,17398.0,300.91,0,15621.9,1888.9,5183.4,93784.15,0,20536.73,0,0,109986.65,0,0,0,3220.35,3082.2,0,33530.41,40302.77,83.79,2982.36,22773.68,0,0,0,0
2006-06-16 21:00:00,0,3092.44,0,416.22,13301.41,7440.95,7106.99,0,0,2390.65,16397.16,290.53,0,14505.75,1799.71,4761.05,90460.93,0,19144.89,0,0,102973.61,0,0,0,3051.03,2916.89,0,32247.93,38741.99,80.27,2787.09,21952.4,0,0,0,0
2006-06-16 22:00:00,0,2948.93,0,376.8,12033.82,6898.04,6567.94,0,0,2274.76,15446.17,273.11,0,13453.3,1706.48,4395.31,87024.78,0,17867.78,0,0,96672.87,0,0,0,2795.21,2712.17,0,29850.34,36824.03,74.36,2622.12,20446.26,0,0,0,0
2006-06-16 23:00:00,0,2696.8,0,346.96,10930.6,6375.89,6076.59,0,0,2158.84,14518.89,251.58,0,12499.06,1612.92,4059.4,82673.34,0,16745.38,0,0,91411.32,0,0,0,2565.39,2520.97,0,27968.03,34629.22,71.21,2473.46,18939.58,0,0,0,0
2006-06-17 00:00:00,0,2457.53,0,321.07,10052.29,5853.79,5604.15,0,0,2027.75,13647.68,229.17,0,11655.08,1511.07,3751.64,78555.27,0,15756.47,0,0,86384.52,0,0,0,2408.18,2359.44,0,26112.99,32743.73,68.09,2351.86,17561.09,0,0,0,0
2006-06-17 01:00:00,0,2258.7,0,297.72,9281.52,5328.39,5146.98,0,0,1895.85,12786.12,209.43,0,11159.09,1411.37,3478.07,74325.8,0,14805.39,0,0,81923.01,0,0,0,2285.85,2222.65,0,24739.5,31017.93,65.24,2223.94,16300.7,0,0,0,0
2006-06-17 02:00:00,0,2135.85,0,273.16,8739.85,5016.02,4716.34,0,0,1784.6,12085.36,192.96,0,10951.57,1323.25,3248.24,70504.67,0,13942.74,0,0,78431.92,0,0,0,2198.18,2101.44,0,23734.06,29387.13,62.77,2095.4,15185.69,0,0,0,0
2006-06-17 03:00:00,0,2051.41,0,251.79,8426.73,4812.17,4486.94,0,0,1710.69,11641.93,180.32,0,10755.51,1259.26,3106.12,68069.93,0,13484.17,0,0,75353.46,0,0,0,2129.88,2014.63,0,22895.8,28010.93,60.5,2010.29,14618.51,0,0,0,0
2006-06-17 04:00:00,0,1947.52,0,240.52,8261.89,4664.56,4406.6,0,0,1676.53,11334.73,171.51,0,10599.31,1217.4,3018.22,66253.82,0,13237.96,0,0,74010.55,0,0,0,2086.05,2006.31,0,22398.52,26762.29,59.01,1961.68,14224.45,0,0,0,0
2006-06-17 05:00:00,0,1910.55,0,235.92,8203.71,4640.65,4454.92,0,0,1685.02,11316.0,168.37,0,10603.03,1207.27,2995.05,65011.62,0,13584.86,0,0,74405.83,0,0,0,2081.01,2013.09,0,21970.6,26360.77,58.48,1960.58,13877.39,0,0,0,0
2006-06-17 06:00:00,0,1918.66,0,240.43,8573.76,4811.95,4689.39,0,0,1739.01,11650.86,172.35,0,10981.63,1252.66,3116.69,65231.41,0,14317.66,0,0,76314.28,0,0,0,2107.91,2118.15,0,21869.16,26408.17,58.51,1998.72,14127.4,0,0,0,0
2006-06-17 07:00:00,0,2051.16,0,259.81,9030.21,5316.27,5039.13,0,0,1889.77,12883.83,191.33,0,12002.31,1349.66,3398.56,68214.02,0,15374.07,0,0,81934.76,0,0,0,2265.11,2270.26,0,22113.77,27053.66,60.56,2120.65,14799.73,0,0,0,0
2006-06-17 08:00:00,0,2232.88,0,283.46,9709.07,5899.49,5414.14,0,0,2062.01,14288.35,207.67,0,12895.36,1420.94,3780.11,72073.77,0,16577.0,0,0,88449.26,0,0,0,2434.22,2447.51,0,23715.95,28394.58,64.62,2278.17,15971.98,0,0,0,0
2006-06-17 09:00:00,0,2338.54,0,308.59,10351.63,6470.67,5947.73,0,0,2229.5,15740.5,221.37,0,13551.91,1524.01,4055.74,76091.49,0,17850.19,0,0,94681.57,0,0,0,2618.93,2634.8,0,25668.29,29545.02,67.55,2508.72,17084.7,0,0,0,0
2006-06-17 10:00:00,0,2439.62,0,339.98,11158.25,7174.42,6551.82,0,0,2395.95,16963.18,236.26,0,13808.53,1626.21,4344.89,80437.88,0,18923.29,0,0,101012.39,0,0,0,2777.28,2844.69,0,27460.68,30669.09,70.05,2777.36,17983.31,0,0,0,0
2006-06-17 11:00:00,0,2586.02,0,370.0,11966.18,7756.42,7058.75,0,0,2522.49,17946.92,250.25,0,13991.6,1701.19,4672.01,84534.42,0,19621.25,0,0,106837.03,0,0,0,2946.31,3045.55,0,29197.18,32092.59,73.94,3012.91,19166.51,0,0,0,0
2006-06-17 12:00:00,0,2690.31,0,395.17,12696.62,8222.05,7456.82,0,0,2632.25,18584.34,273.57,0,14294.54,1753.98,4942.43,88007.86,0,19983.13,0,0,112825.16,0,0,0,3068.63,3154.94,0,30650.69,33496.09,77.06,3219.36,20277.67,0,0,0,0
2006-06-17 13:00:00,0,2753.79,0,414.68,13328.85,8602.01,7718.55,0,0,2715.12,19130.4,282.77,0,14805.19,1798.9,5133.16,90979.04,0,20412.79,0,0,117038.41,0,0,0,3163.56,3236.93,0,31909.47,34423.61,79.04,3314.25,21198.98,0,0,0,0
2006-06-17 14:00:00,0,2871.39,0,430.56,13856.93,8887.39,7901.88,0,0,2777.82,19641.82,291.76,0,15189.11,1848.27,5264.68,93125.08,0,21103.4,0,0,120455.38,0,0,0,3244.25,3304.52,0,32952.2,35117.77,79.84,3394.07,22003.36,0,0,0,0
2006-06-17 15:00:00,0,2861.72,0,443.02,14198.37,9062.8,8038.19,0,0,2819.55,19910.88,298.52,0,15637.15,1894.78,5323.95,94352.4,0,21490.02,0,0,123237.48,0,0,0,3308.05,3358.15,0,33602.9,35458.12,82.11,3483.0,22663.39,0,0,0,0
2006-06-17 16:00:00,0,2895.26,0,451.13,14452.9,9064.44,8214.19,0,0,2830.17,19705.14,302.39,0,15965.18,1941.65,5320.91,94880.32,0,21747.58,0,0,125070.93,0,0,0,3342.85,3410.43,0,33935.63,35957.74,84.19,3515.29,23049.56,0,0,0,0
2006-06-17 17:00:00,0,2848.34,0,454.61,14592.01,8914.41,8331.37,0,0,2784.64,19446.87,307.44,0,16224.91,1933.64,5246.12,94537.78,0,21922.04,0,0,125353.65,0,0,0,3339.86,3413.95,0,34116.5,35734.83,85.03,3495.76,22909.86,0,0,0,0
2006-06-17 18:00:00,0,2736.87,0,450.19,14258.51,8574.45,8147.59,0,0,2660.11,18732.35,297.4,0,16180.69,1875.6,5086.44,93129.12,0,21851.98,0,0,124166.79,0,0,0,3298.95,3345.32,0,33491.17,35028.98,83.21,3382.38,22280.01,0,0,0,0
2006-06-17 19:00:00,0,2710.8,0,430.3,14602.39,8360.25,8427.59,0,0,2661.93,18100.89,296.75,0,16848.29,1957.88,5026.64,93688.61,0,22565.94,0,0,117991.5,0,0,0,3290.9,3217.64,0,33705.35,35393.46,85.47,3333.79,22285.96,0,0,0,0
2006-06-17 20:00:00,0,2591.41,0,424.21,14140.31,7999.52,7639.3,0,0,2536.25,17207.1,292.5,0,15880.55,1830.54,4947.52,93152.65,0,22483.47,0,0,117349.38,0,0,0,3166.53,3044.76,0,32457.81,35088.27,83.51,3165.1,21528.8,0,0,0,0
2006-06-17 21:00:00,0,2475.59,0,401.93,13379.16,7548.98,7021.2,0,0,2390.13,16113.76,275.18,0,14807.29,1691.75,4653.7,90533.59,0,21280.28,0,0,110716.96,0,0,0,3010.18,2877.2,0,30936.62,33545.14,79.61,2905.91,20963.73,0,0,0,0
2006-06-17 22:00:00,0,2418.45,0,369.33,12145.87,6994.9,6512.06,0,0,2248.89,15106.15,252.79,0,13887.79,1577.29,4386.86,87359.08,0,20076.89,0,0,104674.06,0,0,0,2756.48,2670.5,0,28438.0,31991.87,74.96,2683.92,19770.74,0,0,0,0
2006-06-17 23:00:00,0,2218.6,0,337.16,11118.43,6350.29,6026.46,0,0,2093.43,14148.83,226.25,0,12967.79,1468.52,4151.67,83221.67,0,18853.6,0,0,99497.91,0,0,0,2529.27,2490.38,0,26527.31,30224.32,69.49,2524.3,18423.02,0,0,0,0
2006-06-18 00:00:00,0,1995.27,0,311.21,10227.98,5707.54,5587.18,0,0,1939.28,13203.41,202.74,0,12159.03,1367.15,3923.82,79318.41,0,17616.24,0,0,94586.43,0,0,0,2373.1,2327.97,0,24844.05,28461.31,65.48,2362.04,17219.29,0,0,0,0
2006-06-18 01:00:00,0,1822.88,0,285.89,9433.18,5127.0,5174.33,0,0,1801.96,12259.79,184.04,0,11606.16,1273.03,3703.66,75435.43,0,16561.82,0,0,89763.56,0,0,0,2240.56,2188.97,0,23541.53,26914.16,62.52,2205.29,15972.96,0,0,0,0
2006-06-18 02:00:00,0,1715.63,0,262.01,8807.72,4706.4,4731.21,0,0,1678.19,11398.55,169.87,0,11399.75,1191.0,3503.72,71906.83,0,15826.31,0,0,85862.77,0,0,0,2149.21,2064.15,0,22794.8,25448.82,59.74,2026.13,15012.4,0,0,0,0
2006-06-18 03:00:00,0,1642.83,0,242.37,8414.9,4418.99,4459.73,0,0,1594.38,10874.51,158.2,0,11294.04,1127.46,3352.05,69739.66,0,15372.21,0,0,82637.43,0,0,0,2082.32,1985.15,0,22174.99,24312.36,57.25,1895.72,14447.47,0,0,0,0
2006-06-18 04:00:00,0,1615.43,0,226.2,8257.84,4267.15,4382.88,0,0,1538.06,10562.74,152.1,0,11303.76,1097.27,3264.49,67955.41,0,15065.21,0,0,80903.75,0,0,0,2041.02,1982.62,0,21704.53,23624.16,55.36,1825.21,14039.44,0,0,0,0
2006-06-18 05:00:00,0,1601.0,0,219.55,8218.56,4225.45,4440.81,0,0,1533.94,10544.49,150.92,0,11408.82,1087.25,3204.16,66555.44,0,15183.24,0,0,80939.21,0,0,0,2047.18,1994.57,0,21437.31,23129.65,55.3,1810.74,13640.89,0,0,0,0
2006-06-18 06:00:00,0,1606.36,0,221.61,8631.64,4419.45,4675.25,0,0,1601.2,10914.88,154.91,0,12158.48,1130.81,3300.43,66367.11,0,16042.12,0,0,83534.66,0,0,0,2073.58,2096.84,0,21446.71,22994.43,55.43,1857.5,13869.85,0,0,0,0
2006-06-18 07:00:00,0,1707.01,0,239.79,9119.3,4908.1,5037.18,0,0,1773.63,12250.34,171.78,0,12833.25,1220.2,3519.23,68313.62,0,17170.47,0,0,88219.98,0,0,0,2235.97,2252.56,0,21879.88,23234.01,57.31,2007.29,14523.1,0,0,0,0
2006-06-18 08:00:00,0,1823.76,0,264.73,9690.85,5595.08,5472.7,0,0,1986.84,14115.81,186.7,0,13581.61,1345.33,3700.59,70965.67,0,18440.51,0,0,93125.43,0,0,0,2394.14,2428.89,0,23357.47,24333.0,60.29,2209.8,15415.98,0,0,0,0
2006-06-18 09:00:00,0,1989.25,0,284.96,10254.87,6238.26,5945.31,0,0,2188.81,15739.7,200.63,0,14441.15,1473.62,3737.02,73643.38,0,19668.48,0,0,97742.37,0,0,0,2560.54,2597.33,0,24975.9,26272.89,63.01,2449.25,16440.15,0,0,0,0
2006-06-18 10:00:00,0,2206.08,0,305.18,11111.19,7020.17,6558.3,0,0,2394.31,17152.37,217.88,0,15038.46,1600.55,3777.52,76905.24,0,20879.94,0,0,103396.18,0,0,0,2735.37,2819.19,0,26745.79,28918.5,66.66,2750.13,17266.91,0,0,0,0
2006-06-18 11:00:00,0,2467.65,0,332.63,11986.92,7696.18,7046.59,0,0,2572.31,18329.77,236.05,0,15663.43,1707.32,3875.35,80626.48,0,21743.51,0,0,108677.95,0,0,0,2924.63,3039.98,0,28700.5,31492.01,70.75,3012.18,18310.9,0,0,0,0
2006-06-18 12:00:00,0,2701.76,0,356.22,12650.2,8151.63,7433.73,0,0,2700.95,19218.25,259.47,0,16137.11,1789.0,4053.45,83740.27,0,22395.67,0,0,113570.23,0,0,0,3045.86,3162.78,0,30275.68,33796.74,73.67,3229.61,19638.63,0,0,0,0
2006-06-18 13:00:00,0,2861.14,0,375.97,13173.22,8554.88,7700.04,0,0,2803.49,19883.49,282.49,0,16581.3,1842.57,4350.69,86619.07,0,22955.72,0,0,117613.09,0,0,0,3156.81,3249.87,0,31594.02,35683.38,76.72,3391.48,20580.03,0,0,0,0
2006-06-18 14:00:00,0,2966.11,0,397.47,13649.12,8920.64,7941.46,0,0,2884.19,20353.22,311.73,0,17100.79,1897.38,4544.38,88638.67,0,23471.29,0,0,120471.67,0,0,0,3274.53,3316.59,0,32772.5,37304.38,79.6,3477.51,21213.09,0,0,0,0
2006-06-18 15:00:00,0,3074.07,0,415.07,13965.99,9191.09,8182.03,0,0,2938.45,20676.0,322.75,0,17609.8,1941.73,4574.89,89670.62,0,23908.17,0,0,122536.93,0,0,0,3382.83,3404.85,0,33619.74,38578.01,82.36,3530.44,21724.83,0,0,0,0
2006-06-18 16:00:00,0,3172.63,0,420.12,14245.04,9281.93,8418.43,0,0,2950.31,20621.8,331.74,0,18090.97,1971.21,4558.09,90153.12,0,24226.02,0,0,123652.74,0,0,0,3471.56,3478.65,0,34108.61,39211.91,84.67,3561.3,21951.07,0,0,0,0
2006-06-18 17:00:00,0,3233.13,0,427.49,14416.49,9128.15,8551.72,0,0,2901.83,20100.64,337.85,0,18491.42,1962.21,4549.19,90088.65,0,24479.75,0,0,123734.34,0,0,0,3507.98,3510.01,0,34383.28,39319.61,86.48,3511.67,21817.24,0,0,0,0
2006-06-18 18:00:00,0,3260.59,0,429.45,14200.44,8787.8,8403.17,0,0,2766.55,19212.27,321.43,0,18717.98,1907.69,4521.07,89244.92,0,24651.27,0,0,122884.39,0,0,0,3490.22,3472.5,0,33933.01,39156.62,86.51,3376.11,21415.06,0,0,0,0
2006-06-18 19:00:00,0,3313.57,0,441.63,15799.01,8748.09,8850.44,0,0,2860.14,18626.47,314.35,0,20368.62,2005.77,4939.97,94448.87,0,26585.69,0,0,124877.95,0,0,0,3576.31,3369.59,0,34479.81,42005.11,93.28,3422.37,22800.44,0,0,0,0
2006-06-18 20:00:00,0,3240.94,0,432.48,14742.6,8418.34,8073.62,0,0,2713.24,18028.67,311.33,0,19032.99,1911.9,4824.54,93741.48,0,25585.82,0,0,122135.25,0,0,0,3443.38,3184.44,0,33161.43,40370.93,93.26,3293.8,22037.73,0,0,0,0
2006-06-18 21:00:00,0,2970.51,0,408.52,13864.64,7994.41,7425.04,0,0,2544.92,16955.66,300.28,0,17668.79,1790.84,4570.99,90304.82,0,24415.48,0,0,114995.62,0,0,0,3234.46,3007.04,0,31706.1,38718.09,88.64,3108.4,21576.13,0,0,0,0
2006-06-18 22:00:00,0,2730.13,0,373.79,12678.31,7296.2,6873.98,0,0,2365.42,15762.36,275.45,0,16525.9,1660.53,4392.5,85676.39,0,23090.63,0,0,108732.57,0,0,0,2992.97,2782.19,0,29166.07,36784.54,83.67,2908.71,20271.12,0,0,0,0
2006-06-18 23:00:00,0,2426.66,0,340.57,11678.23,6543.97,6380.02,0,0,2176.77,14471.72,250.7,0,15479.49,1531.58,4183.5,81202.38,0,21751.03,0,0,103595.6,0,0,0,2761.66,2565.62,0,27031.12,33834.82,79.08,2690.09,18928.96,0,0,0,0
2006-06-19 00:00:00,0,2167.68,0,307.48,10808.07,5887.79,5907.52,0,0,2001.08,13285.61,226.62,0,14486.31,1398.73,3998.96,76891.11,0,20433.57,0,0,98701.63,0,0,0,2536.51,2379.57,0,25117.54,31185.07,74.33,2473.29,17676.97,0,0,0,0
2006-06-19 01:00:00,0,1945.45,0,278.98,10065.16,5298.1,5478.11,0,0,1847.46,12270.25,205.67,0,13909.06,1273.92,3794.78,72735.81,0,19175.36,0,0,94304.53,0,0,0,2366.31,2225.4,0,23629.68,28943.98,69.63,2258.64,16579.59,0,0,0,0
2006-06-19 02:00:00,0,1783.12,0,252.68,9570.0,4886.42,5119.71,0,0,1705.82,11414.22,187.44,0,13666.57,1177.21,3587.96,68746.55,0,18342.52,0,0,90466.02,0,0,0,2285.06,2124.79,0,22604.17,27164.48,66.11,2101.01,15724.9,0,0,0,0
2006-06-19 03:00:00,0,1692.85,0,243.6,9260.58,4671.82,4964.16,0,0,1626.97,10960.23,177.74,0,13483.86,1151.18,3423.43,66476.14,0,17658.54,0,0,87932.86,0,0,0,2241.5,2095.89,0,22093.22,26094.63,62.95,2026.66,15173.25,0,0,0,0
2006-06-19 04:00:00,0,1658.16,0,245.64,9260.76,4704.46,5058.67,0,0,1655.74,11053.68,179.94,0,13428.27,1177.79,3467.66,65851.57,0,17365.7,0,0,87354.14,0,0,0,2261.72,2131.09,0,22258.63,25483.49,61.41,2029.02,15130.02,0,0,0,0
2006-06-19 05:00:00,0,1667.76,0,250.92,9608.2,4837.95,5207.32,0,0,1698.85,11346.55,183.83,0,14484.12,1206.18,3555.07,66446.41,0,18379.03,0,0,88916.8,0,0,0,2328.2,2165.7,0,22597.39,25502.1,61.81,2066.71,15420.92,0,0,0,0
2006-06-19 06:00:00,0,1686.57,0,271.5,10594.82,5093.8,5681.06,0,0,1836.1,12131.95,190.32,0,15719.45,1304.08,3715.42,68416.18,0,20209.3,0,0,95271.64,0,0,0,2446.42,2244.26,0,23386.48,25758.04,62.65,2163.34,15835.23,0,0,0,0
2006-06-19 07:00:00,0,1879.85,0,306.68,11217.83,5651.16,6121.97,0,0,2023.69,13404.8,209.68,0,16697.01,1387.81,3983.55,72240.51,0,21405.72,0,0,99515.64,0,0,0,2609.18,2410.25,0,24796.86,27667.97,65.38,2326.22,16565.11,0,0,0,0
2006-06-19 08:00:00,0,2089.67,0,334.66,11767.13,6139.22,6475.46,0,0,2175.72,14686.37,223.77,0,17688.69,1485.32,4111.27,76021.61,0,22360.55,0,0,104321.21,0,0,0,2768.64,2564.43,0,26274.89,30082.81,70.76,2491.55,17371.7,0,0,0,0
2006-06-19 09:00:00,0,2299.63,0,361.04,12567.86,6779.76,6805.14,0,0,2362.31,16052.15,235.37,0,18437.28,1559.57,4341.24,80077.72,0,23210.24,0,0,109005.24,0,0,0,2934.66,2721.53,0,27486.59,32397.59,77.13,2725.69,18293.96,0,0,0,0
2006-06-19 10:00:00,0,2556.95,0,395.89,13353.43,7603.46,7385.24,0,0,2578.47,17714.47,256.07,0,18977.34,1715.31,4526.15,83790.5,0,23975.85,0,0,114396.23,0,0,0,3145.53,2973.27,0,29165.94,34482.3,82.45,3041.08,19348.17,0,0,0,0
2006-06-19 11:00:00,0,2745.66,0,425.84,14123.63,8427.42,7972.76,0,0,2769.12,18990.7,281.69,0,19199.5,1854.74,4752.36,87785.87,0,24540.19,0,0,120786.52,0,0,0,3345.69,3211.97,0,31812.65,36523.68,88.4,3346.97,20479.68,0,0,0,0
2006-06-19 12:00:00,0,2956.2,0,450.16,14818.22,9006.17,8373.43,0,0,2911.44,19711.96,303.18,0,19206.32,1974.54,5032.84,91637.84,0,24889.48,0,0,125562.03,0,0,0,3505.01,3375.96,0,33711.46,38432.32,92.69,3573.34,21833.08,0,0,0,0
2006-06-19 13:00:00,0,3145.63,0,470.79,15393.79,9416.77,8741.7,0,0,3030.45,20319.63,322.19,0,19420.44,2067.21,5273.53,94257.15,0,25115.27,0,0,128917.76,0,0,0,3655.07,3507.85,0,35028.37,40179.08,96.52,3729.26,22837.56,0,0,0,0
2006-06-19 14:00:00,0,3240.68,0,484.99,15650.47,9768.22,9065.31,0,0,3133.23,20821.25,341.66,0,19942.63,2142.87,5498.93,95577.94,0,25192.96,0,0,130531.03,0,0,0,3787.18,3618.12,0,36146.4,41417.99,97.72,3833.87,23760.23,0,0,0,0
2006-06-19 15:00:00,0,3382.35,0,496.21,16014.53,9942.26,9287.11,0,0,3180.73,21107.38,358.57,0,20179.89,2189.8,5655.37,96164.23,0,25303.1,0,0,131131.43,0,0,0,3904.16,3719.87,0,36863.32,42704.3,100.38,3843.66,24405.61,0,0,0,0
2006-06-19 16:00:00,0,3529.94,0,500.09,16234.75,9919.32,9383.77,0,0,3178.06,21174.11,368.66,0,20155.42,2193.43,5750.61,96401.71,0,25403.26,0,0,131432.77,0,0,0,3959.65,3789.44,0,36748.9,43769.09,102.05,3784.12,24889.24,0,0,0,0
2006-06-19 17:00:00,0,3625.86,0,483.8,16125.02,9706.75,9375.42,0,0,3108.87,20776.41,374.58,0,19857.46,2158.5,5783.89,95932.88,0,25116.48,0,0,131038.41,0,0,0,3944.78,3785.62,0,35966.64,44517.97,103.04,3693.16,25135.41,0,0,0,0
2006-06-19 18:00:00,0,3640.49,0,463.83,15705.81,9194.32,9206.95,0,0,2926.9,19889.69,368.48,0,19109.52,2057.43,5721.39,94770.75,0,24594.79,0,0,129056.15,0,0,0,3810.45,3697.03,0,35132.75,44487.54,101.99,3543.72,24766.36,0,0,0,0
2006-06-19 19:00:00,0,3616.64,0,438.31,16154.69,8871.06,9199.1,0,0,2894.85,19062.97,352.68,0,18832.43,2033.92,5360.6,93079.53,0,24306.61,0,0,122038.16,0,0,0,3720.68,3549.78,0,34720.64,44366.23,96.59,3374.67,23893.43,0,0,0,0
2006-06-19 20:00:00,0,3499.15,0,427.67,15431.95,8465.42,8574.41,0,0,2715.15,18220.42,335.34,0,17673.79,1938.9,5325.33,92787.72,0,23655.93,0,0,121389.4,0,0,0,3589.7,3357.15,0,33589.54,42575.51,96.48,3223.03,22875.02,0,0,0,0
2006-06-19 21:00:00,0,3207.06,0,405.74,14687.02,7898.75,7984.36,0,0,2527.51,17028.68,314.18,0,16539.21,1792.9,4940.99,88949.33,0,22584.01,0,0,114672.4,0,0,0,3419.01,3212.07,0,32129.19,40835.61,90.36,3015.76,22166.91,0,0,0,0
2006-06-19 22:00:00,0,2963.91,0,373.28,13426.79,7161.86,7415.96,0,0,2339.93,15816.71,285.75,0,15499.51,1637.55,4610.39,84722.79,0,21092.28,0,0,108250.91,0,0,0,3164.8,2985.24,0,29610.7,38936.44,84.49,2790.89,20728.37,0,0,0,0
2006-06-19 23:00:00,0,2657.28,0,343.96,12277.43,6461.25,6907.66,0,0,2160.75,14538.2,259.57,0,14525.33,1497.57,4298.14,79811.0,0,20017.12,0,0,102434.61,0,0,0,2943.87,2773.26,0,27578.36,36134.42,79.83,2591.81,19292.75,0,0,0,0
2006-06-20 00:00:00,0,2388.33,0,315.3,11237.12,5816.36,6413.22,0,0,1995.41,13332.14,236.08,0,13550.95,1374.81,4013.56,75315.11,0,18987.14,0,0,97175.34,0,0,0,2728.68,2552.56,0,25642.55,33810.94,75.72,2402.63,17972.41,0,0,0,0
2006-06-20 01:00:00,0,2176.87,0,291.05,10365.68,5264.38,5941.76,0,0,1837.08,12268.32,213.92,0,12979.68,1257.77,3769.7,71088.92,0,17918.29,0,0,92504.29,0,0,0,2553.83,2366.45,0,24126.67,31815.95,71.64,2217.68,16750.54,0,0,0,0
2006-06-20 02:00:00,0,1972.46,0,267.15,9874.85,4917.13,5559.49,0,0,1707.24,11496.65,195.13,0,12891.9,1166.59,3555.63,67351.99,0,17081.48,0,0,88330.43,0,0,0,2464.17,2267.26,0,23138.99,29884.61,68.44,2080.15,15852.97,0,0,0,0
2006-06-20 03:00:00,0,1864.35,0,255.93,9614.55,4760.06,5414.03,0,0,1646.99,11119.55,183.6,0,12817.43,1155.18,3411.56,65310.5,0,16805.46,0,0,86113.1,0,0,0,2414.05,2228.71,0,22513.59,28396.56,66.18,2021.78,15186.32,0,0,0,0
2006-06-20 04:00:00,0,1809.03,0,255.69,9659.92,4797.64,5500.89,0,0,1676.66,11243.74,185.74,0,12836.76,1196.45,3430.87,64612.57,0,16727.02,0,0,85648.41,0,0,0,2418.91,2238.65,0,22672.49,27473.12,65.44,2049.57,15140.58,0,0,0,0
2006-06-20 05:00:00,0,1822.39,0,257.69,10009.62,4940.61,5623.59,0,0,1724.88,11572.36,189.83,0,13740.86,1232.08,3506.73,65138.41,0,17424.24,0,0,87109.62,0,0,0,2462.75,2265.49,0,22943.44,27339.17,65.37,2095.73,15331.38,0,0,0,0
2006-06-20 06:00:00,0,1841.28,0,283.35,10920.85,5186.28,6058.48,0,0,1856.0,12308.69,198.6,0,14635.51,1325.04,3772.35,68063.17,0,18905.45,0,0,92793.37,0,0,0,2559.59,2357.06,0,23949.69,27525.84,65.97,2195.55,15838.49,0,0,0,0
2006-06-20 07:00:00,0,2007.54,0,322.2,11595.91,5780.62,6483.86,0,0,2040.4,13577.38,219.75,0,15307.59,1435.36,4015.59,71876.95,0,20131.8,0,0,97496.51,0,0,0,2749.63,2537.19,0,25251.6,29590.21,68.85,2353.85,16888.13,0,0,0,0
2006-06-20 08:00:00,0,2169.87,0,353.4,12319.78,6320.1,6928.87,0,0,2196.93,14809.78,235.76,0,16037.7,1534.41,4273.08,75907.66,0,21347.62,0,0,103306.56,0,0,0,2955.45,2728.91,0,27710.7,31525.26,73.3,2545.49,18200.29,0,0,0,0
2006-06-20 09:00:00,0,2443.24,0,383.33,13219.18,7077.44,7556.5,0,0,2399.6,16182.31,250.47,0,16829.07,1671.68,4629.94,80101.42,0,22136.66,0,0,109519.11,0,0,0,3191.84,3019.29,0,30511.98,33735.64,78.11,2832.19,19538.95,0,0,0,0
2006-06-20 10:00:00,0,2741.08,0,418.72,14487.88,7942.58,8363.91,0,0,2624.45,17555.01,277.8,0,17272.2,1859.46,5076.24,83598.09,0,22828.46,0,0,116174.16,0,0,0,3494.57,3345.11,0,33500.0,36170.19,83.31,3155.57,21179.97,0,0,0,0
2006-06-20 11:00:00,0,3028.44,0,448.51,15636.13,8665.48,9041.49,0,0,2794.88,18643.64,301.87,0,17609.23,2025.37,5408.82,87159.75,0,23478.7,0,0,120936.36,0,0,0,3746.85,3613.86,0,35623.16,38632.87,88.59,3390.83,22948.58,0,0,0,0
2006-06-20 12:00:00,0,3243.25,0,474.84,16456.68,9166.3,9398.9,0,0,2918.96,19573.15,320.53,0,17950.97,2158.15,5621.51,90669.49,0,23922.96,0,0,123840.41,0,0,0,3916.58,3775.43,0,37185.52,40521.84,92.88,3573.35,24430.14,0,0,0,0
2006-06-20 13:00:00,0,3439.98,0,494.1,17107.0,9564.22,9737.77,0,0,3035.46,20341.53,337.57,0,18350.93,2251.07,5813.98,93295.69,0,23949.61,0,0,125514.79,0,0,0,4050.46,3899.69,0,38530.3,42211.28,96.68,3721.97,25590.74,0,0,0,0
2006-06-20 14:00:00,0,3597.96,0,510.81,17610.19,9871.03,10079.78,0,0,3123.2,20871.28,357.36,0,18714.77,2305.56,5990.35,95461.38,0,23945.98,0,0,126922.13,0,0,0,4173.5,4018.18,0,39601.85,43721.33,99.96,3821.49,26481.25,0,0,0,0
2006-06-20 15:00:00,0,3693.84,0,518.21,17894.4,10054.94,10330.54,0,0,3156.52,21028.8,375.34,0,19201.67,2326.33,6112.61,96937.76,0,24216.72,0,0,127701.01,0,0,0,4258.44,4094.94,0,40290.86,44907.39,102.59,3883.31,27028.94,0,0,0,0
2006-06-20 16:00:00,0,3741.51,0,517.95,17951.71,10057.83,10508.79,0,0,3144.01,20939.16,387.19,0,19487.58,2292.38,6151.46,97935.94,0,24369.58,0,0,128728.89,0,0,0,4290.89,4124.53,0,40388.05,45920.8,104.57,3895.67,27271.46,0,0,0,0
2006-06-20 17:00:00,0,3744.39,0,507.31,17943.13,9857.75,10479.63,0,0,3095.44,20622.06,388.89,0,19459.97,2218.0,6146.23,97727.1,0,24474.91,0,0,128303.59,0,0,0,4227.37,4077.1,0,40021.75,46224.85,104.8,3789.12,27177.1,0,0,0,0
2006-06-20 18:00:00,0,3665.65,0,494.9,17631.9,9425.37,10329.69,0,0,2984.51,20174.03,372.86,0,19127.92,2105.77,6054.27,96724.51,0,24110.14,0,0,127656.1,0,0,0,4070.8,3943.12,0,39113.87,45471.45,102.36,3627.02,26862.26,0,0,0,0
2006-06-20 19:00:00,0,3703.76,0,455.4,17440.9,9007.05,9903.56,0,0,2946.17,19202.34,321.27,0,19052.6,2080.26,5658.63,94448.06,0,23548.24,0,0,120691.43,0,0,0,3883.31,3668.95,0,37478.97,45913.37,94.87,3391.57,25471.9,0,0,0,0
2006-06-20 20:00:00,0,3582.17,0,433.04,16513.25,8539.43,9090.9,0,0,2727.5,18202.57,313.37,0,17987.34,1956.95,5541.26,93924.38,0,23041.21,0,0,119169.34,0,0,0,3668.47,3430.84,0,35375.28,44116.81,93.75,3245.97,24532.5,0,0,0,0
2006-06-20 21:00:00,0,3321.37,0,398.13,15626.61,7882.36,8442.27,0,0,2521.52,16982.25,302.51,0,16756.71,1785.0,5215.28,90493.48,0,21787.63,0,0,111863.19,0,0,0,3405.54,3218.34,0,33735.41,42628.87,89.47,3019.1,23736.89,0,0,0,0
2006-06-20 22:00:00,0,3109.66,0,371.81,14299.06,7152.93,7827.69,0,0,2336.3,15772.33,282.03,0,15558.19,1645.44,4920.91,86472.89,0,20353.67,0,0,105262.6,0,0,0,3148.91,2981.5,0,31055.25,40775.67,84.33,2796.83,22214.5,0,0,0,0
2006-06-20 23:00:00,0,2807.91,0,347.32,13049.74,6478.33,7241.91,0,0,2166.74,14557.36,261.8,0,14346.63,1514.18,4609.0,81550.75,0,18897.54,0,0,99261.5,0,0,0,2922.26,2768.97,0,28799.34,37843.43,79.75,2616.17,20614.44,0,0,0,0
2006-06-21 00:00:00,0,2528.79,0,322.72,11918.09,5825.13,6647.58,0,0,2004.6,13442.19,240.27,0,13227.56,1400.32,4314.54,77294.87,0,17583.29,0,0,94052.71,0,0,0,2712.01,2565.1,0,26869.47,35084.38,75.47,2412.87,19107.6,0,0,0,0
2006-06-21 01:00:00,0,2297.91,0,300.34,11040.88,5309.41,6122.48,0,0,1851.57,12423.13,220.98,0,12435.24,1288.44,4060.53,73249.95,0,16453.1,0,0,89707.63,0,0,0,2566.72,2384.51,0,25258.68,32661.95,71.88,2228.49,17710.13,0,0,0,0
2006-06-21 02:00:00,0,2095.73,0,276.42,10444.93,4975.66,5721.43,0,0,1723.17,11669.31,202.85,0,11969.45,1206.65,3842.77,69612.66,0,15604.48,0,0,85857.88,0,0,0,2472.97,2298.19,0,24143.28,30545.21,68.94,2113.63,16634.68,0,0,0,0
2006-06-21 03:00:00,0,1975.31,0,265.99,10047.67,4822.63,5532.77,0,0,1659.62,11285.17,190.51,0,11695.34,1177.41,3708.44,67646.6,0,14943.41,0,0,83234.59,0,0,0,2420.68,2249.35,0,23424.08,29183.54,66.55,2054.51,15890.69,0,0,0,0
2006-06-21 04:00:00,0,1865.22,0,268.46,9984.82,4863.06,5582.16,0,0,1691.22,11374.32,191.1,0,11552.96,1216.41,3658.01,67248.4,0,14623.64,0,0,82351.22,0,0,0,2440.89,2259.63,0,23419.9,28339.16,65.92,2078.53,15652.95,0,0,0,0
2006-06-21 05:00:00,0,1867.42,0,274.11,10310.43,5008.54,5713.51,0,0,1740.37,11702.0,194.0,0,12615.7,1250.58,3699.77,68272.18,0,15831.72,0,0,85089.46,0,0,0,2496.22,2288.95,0,23666.36,28203.96,66.25,2124.74,15789.32,0,0,0,0
2006-06-21 06:00:00,0,1893.1,0,295.92,11234.77,5267.84,6194.06,0,0,1868.18,12467.32,202.02,0,13218.86,1357.71,3964.97,70479.02,0,17142.89,0,0,91306.2,0,0,0,2585.26,2379.85,0,24837.13,28134.95,66.96,2232.06,16273.25,0,0,0,0
2006-06-21 07:00:00,0,2063.19,0,329.75,11995.06,5900.81,6749.51,0,0,2067.45,13862.85,223.6,0,13727.34,1470.04,4247.56,74091.77,0,18104.8,0,0,96536.09,0,0,0,2807.21,2578.88,0,26120.67,30032.38,70.03,2408.37,17285.89,0,0,0,0
2006-06-21 08:00:00,0,2249.16,0,366.76,12738.51,6516.91,7352.07,0,0,2250.61,15276.54,243.53,0,14340.25,1580.24,4563.19,78429.29,0,19016.48,0,0,101812.13,0,0,0,3018.15,2798.13,0,28525.13,31750.28,73.97,2615.23,18778.0,0,0,0,0
2006-06-21 09:00:00,0,2443.11,0,405.66,14073.84,7268.52,8221.42,0,0,2436.89,16698.26,265.61,0,14731.85,1733.68,4865.21,82286.53,0,19668.66,0,0,106259.16,0,0,0,3260.45,3099.65,0,31607.69,33839.68,78.43,2891.86,20323.33,0,0,0,0
2006-06-21 10:00:00,0,2663.61,0,437.38,15435.65,8083.87,8980.48,0,0,2639.21,18260.17,293.86,0,15004.77,1904.04,5239.51,86317.66,0,20077.26,0,0,111019.17,0,0,0,3566.96,3427.23,0,34950.52,35925.03,82.59,3175.63,22578.59,0,0,0,0
2006-06-21 11:00:00,0,2886.17,0,465.59,16490.82,8767.93,9519.84,0,0,2819.04,19614.74,316.44,0,15269.46,2046.31,5558.9,90271.86,0,20711.69,0,0,116898.8,0,0,0,3830.54,3690.61,0,37286.05,37946.77,87.3,3386.64,24307.75,0,0,0,0
2006-06-21 12:00:00,0,3144.54,0,491.22,17233.53,9226.34,9824.1,0,0,2976.5,20629.53,336.2,0,15513.89,2155.69,5778.65,94278.8,0,21262.36,0,0,122068.98,0,0,0,4020.67,3873.56,0,38828.51,40079.92,91.6,3503.62,25534.8,0,0,0,0
2006-06-21 13:00:00,0,3340.12,0,510.88,17812.91,9600.51,10118.4,0,0,3102.24,21351.14,354.83,0,15759.13,2222.13,5933.26,96910.1,0,21739.41,0,0,126500.77,0,0,0,4166.73,4006.55,0,39790.45,41711.48,95.12,3577.05,26447.85,0,0,0,0
2006-06-21 14:00:00,0,3482.25,0,516.63,18202.96,9884.19,10441.39,0,0,3185.43,21778.09,373.41,0,16108.72,2267.65,5993.93,98923.27,0,22267.43,0,0,130144.87,0,0,0,4293.06,4129.77,0,40224.39,43084.88,97.83,3622.25,27135.64,0,0,0,0
2006-06-21 15:00:00,0,3605.91,0,515.82,18284.38,10096.13,10679.8,0,0,3235.8,21822.01,385.86,0,16617.48,2295.07,6025.63,100242.02,0,22739.49,0,0,132064.93,0,0,0,4370.74,4198.02,0,40761.13,44185.28,100.36,3714.82,27551.79,0,0,0,0
2006-06-21 16:00:00,0,3689.31,0,523.22,18058.19,10123.18,10698.01,0,0,3218.91,21459.8,385.57,0,17093.95,2286.64,6052.35,101078.65,0,23033.44,0,0,133098.6,0,0,0,4358.17,4184.17,0,40730.06,44548.64,102.18,3764.04,27682.55,0,0,0,0
2006-06-21 17:00:00,0,3718.37,0,514.73,17754.53,9839.29,10590.18,0,0,3128.23,21120.13,377.16,0,17370.46,2249.7,6073.87,101196.48,0,22943.91,0,0,133527.76,0,0,0,4260.07,4099.13,0,40185.02,44523.56,102.65,3706.36,27568.79,0,0,0,0
2006-06-21 18:00:00,0,3686.59,0,502.86,17388.18,9321.41,10387.62,0,0,2984.82,20375.14,351.64,0,17440.43,2159.01,6011.03,100398.11,0,22540.89,0,0,133554.35,0,0,0,4145.18,3999.7,0,39302.35,43772.74,100.71,3542.71,27301.42,0,0,0,0
2006-06-21 19:00:00,0,3730.0,0,471.9,17404.55,9004.44,9959.65,0,0,2974.57,19255.51,343.29,0,18019.24,2117.38,5718.75,98266.43,0,22801.68,0,0,127236.7,0,0,0,3985.66,3786.14,0,37603.78,43838.86,93.66,3365.47,26126.86,0,0,0,0
2006-06-21 20:00:00,0,3629.47,0,454.18,16710.04,8501.74,9228.31,0,0,2770.39,18382.25,336.09,0,16882.87,1984.85,5615.21,97623.31,0,22253.61,0,0,123746.35,0,0,0,3725.76,3520.67,0,35830.83,41794.13,92.57,3147.43,25104.76,0,0,0,0
2006-06-21 21:00:00,0,3337.98,0,420.1,15761.4,7830.69,8553.94,0,0,2565.14,17233.18,316.63,0,15605.91,1826.64,5279.9,94364.45,0,21069.72,0,0,117059.13,0,0,0,3487.02,3306.72,0,34163.79,40328.89,88.07,2925.73,24284.65,0,0,0,0
2006-06-21 22:00:00,0,3117.18,0,374.74,14428.5,7102.66,7916.71,0,0,2375.55,16114.32,289.18,0,14496.29,1677.83,4964.73,90394.45,0,19716.46,0,0,110871.93,0,0,0,3238.78,3079.11,0,31678.6,38822.18,84.09,2743.42,22759.59,0,0,0,0
2006-06-21 23:00:00,0,2824.95,0,343.92,13188.18,6411.88,7340.57,0,0,2205.44,14915.3,262.83,0,13449.97,1530.4,4677.31,85599.28,0,18550.34,0,0,105613.36,0,0,0,3000.59,2841.85,0,29387.18,36148.97,80.42,2558.6,21163.52,0,0,0,0
2006-06-22 00:00:00,0,2572.84,0,316.81,12057.63,5793.15,6776.66,0,0,2043.36,13758.69,236.98,0,12438.7,1395.26,4401.73,80838.53,0,17354.7,0,0,100839.94,0,0,0,2766.42,2619.98,0,27328.39,34019.3,76.18,2397.18,19696.74,0,0,0,0
2006-06-22 01:00:00,0,2347.73,0,290.42,11131.57,5283.77,6267.56,0,0,1887.08,12762.97,214.19,0,11801.29,1290.03,4129.14,76223.22,0,16435.18,0,0,96410.57,0,0,0,2596.53,2429.6,0,25672.75,32118.75,72.61,2228.38,18304.95,0,0,0,0
2006-06-22 02:00:00,0,2161.84,0,268.54,10633.5,4975.97,5895.33,0,0,1753.77,11976.49,194.42,0,11458.92,1216.39,3894.51,72074.75,0,15885.28,0,0,92734.46,0,0,0,2502.83,2332.14,0,24443.95,30320.49,69.75,2108.99,17165.29,0,0,0,0
2006-06-22 03:00:00,0,2031.58,0,260.32,10303.02,4828.5,5704.59,0,0,1681.42,11592.71,182.76,0,11300.99,1188.42,3720.33,69376.93,0,15552.73,0,0,90047.81,0,0,0,2456.74,2278.66,0,23602.84,29107.35,67.39,2058.33,16286.48,0,0,0,0
2006-06-22 04:00:00,0,1951.64,0,264.38,10270.38,4827.43,5721.19,0,0,1710.55,11598.62,184.52,0,11339.23,1232.87,3709.53,68668.77,0,15535.88,0,0,89535.62,0,0,0,2463.03,2283.73,0,23467.49,28243.6,66.18,2074.94,15943.87,0,0,0,0
2006-06-22 05:00:00,0,1945.33,0,271.85,10597.04,4972.43,5871.18,0,0,1753.69,11868.39,188.77,0,12556.08,1274.52,3763.86,69371.57,0,16762.16,0,0,90794.59,0,0,0,2502.52,2306.78,0,23763.67,27940.75,66.33,2120.06,16026.07,0,0,0,0
2006-06-22 06:00:00,0,1950.59,0,288.74,11442.48,5185.31,6333.38,0,0,1857.22,12468.75,196.7,0,13598.09,1343.93,4011.39,71437.22,0,18489.21,0,0,97533.5,0,0,0,2582.2,2375.99,0,24591.19,28097.25,67.05,2197.53,16420.13,0,0,0,0
2006-06-22 07:00:00,0,2096.2,0,325.76,12208.28,5825.31,6863.55,0,0,2061.33,13852.24,220.34,0,14445.15,1469.17,4354.69,75141.69,0,19563.17,0,0,103199.87,0,0,0,2786.56,2565.59,0,26121.56,29595.56,69.62,2364.2,17488.13,0,0,0,0
2006-06-22 08:00:00,0,2254.53,0,353.58,12821.71,6360.07,7352.49,0,0,2223.35,15125.08,240.51,0,15428.01,1602.63,4742.51,79609.8,0,20570.46,0,0,108954.32,0,0,0,3014.68,2805.5,0,27891.14,31214.48,73.94,2539.74,19035.34,0,0,0,0
2006-06-22 09:00:00,0,2409.86,0,395.4,14059.33,7036.72,8194.66,0,0,2409.17,16531.65,255.48,0,16478.84,1728.84,5219.03,83800.93,0,21229.19,0,0,115817.98,0,0,0,3289.12,3141.11,0,30334.28,32842.83,78.65,2773.35,20662.8,0,0,0,0
2006-06-22 10:00:00,0,2584.46,0,431.53,15585.7,7834.37,9041.75,0,0,2615.12,18188.04,275.41,0,17114.1,1876.63,5672.78,87646.66,0,22537.77,0,0,124516.56,0,0,0,3597.15,3464.25,0,33782.8,34704.2,84.21,3068.62,22995.17,0,0,0,0
2006-06-22 11:00:00,0,2720.7,0,456.03,16861.36,8585.87,9634.78,0,0,2794.54,19560.2,298.22,0,17523.97,2010.68,6027.84,90995.92,0,23493.88,0,0,131202.02,0,0,0,3836.39,3700.74,0,36709.06,36280.46,88.48,3322.67,24925.65,0,0,0,0
2006-06-22 12:00:00,0,2830.62,0,476.7,17840.72,9138.16,9980.88,0,0,2942.72,20506.31,318.25,0,17863.04,2114.65,6201.83,94295.34,0,24385.27,0,0,135960.78,0,0,0,3989.52,3857.86,0,38704.98,37492.37,92.53,3526.06,26416.79,0,0,0,0
2006-06-22 13:00:00,0,2951.87,0,479.37,18510.43,9543.4,10337.45,0,0,3058.75,21078.26,336.4,0,18229.15,2181.24,6358.49,96852.12,0,24872.58,0,0,140255.02,0,0,0,4116.39,3979.75,0,39774.52,38693.69,96.26,3678.93,27306.05,0,0,0,0
2006-06-22 14:00:00,0,3057.78,0,490.76,18962.49,9902.98,10687.09,0,0,3143.5,21438.66,354.92,0,18600.31,2234.16,6483.99,98578.72,0,25393.48,0,0,143803.71,0,0,0,4227.63,4085.48,0,40154.62,39794.85,98.45,3807.25,27807.51,0,0,0,0
2006-06-22 15:00:00,0,3097.15,0,489.94,19066.1,10121.16,10972.75,0,0,3173.16,21505.61,370.7,0,19019.54,2268.39,6570.83,99749.26,0,25968.16,0,0,146478.62,0,0,0,4304.66,4142.89,0,40019.3,40420.47,100.67,3906.72,28164.6,0,0,0,0
2006-06-22 16:00:00,0,3080.01,0,504.1,18701.44,10244.52,11083.08,0,0,3166.65,21526.63,377.5,0,19506.37,2273.56,6603.11,100359.79,0,26233.0,0,0,147761.41,0,0,0,4319.35,4139.85,0,39874.17,40758.94,102.41,3994.17,28166.18,0,0,0,0
2006-06-22 17:00:00,0,3026.14,0,507.04,18227.85,10159.03,10931.75,0,0,3105.82,21211.56,375.02,0,19902.65,2247.35,6561.96,99742.9,0,26186.82,0,0,146719.2,0,0,0,4241.05,4077.17,0,39436.61,40649.02,103.46,3959.99,27902.76,0,0,0,0
2006-06-22 18:00:00,0,2941.97,0,497.99,17646.94,9705.63,10624.89,0,0,2957.01,20408.97,362.61,0,19653.49,2156.63,6432.7,97691.71,0,25915.43,0,0,143346.38,0,0,0,4039.85,3929.31,0,38506.93,39979.24,100.33,3837.15,27292.53,0,0,0,0
2006-06-22 19:00:00,0,2894.83,0,464.38,17529.21,9285.33,10132.6,0,0,2931.34,19047.46,355.67,0,19393.02,2136.49,5948.1,95610.77,0,25395.37,0,0,135350.68,0,0,0,3921.03,3735.94,0,36838.22,39018.76,96.13,3634.46,25910.79,0,0,0,0
2006-06-22 20:00:00,0,2806.32,0,448.47,16898.56,8719.96,9386.36,0,0,2751.27,18220.69,340.28,0,18173.29,1978.28,5835.36,94125.93,0,24912.71,0,0,131706.16,0,0,0,3740.65,3525.07,0,35603.34,37820.77,95.03,3434.18,24765.78,0,0,0,0
2006-06-22 21:00:00,0,2672.01,0,417.41,15984.18,8032.52,8740.89,0,0,2548.19,17118.01,319.04,0,16948.94,1798.15,5227.56,90322.14,0,23917.6,0,0,124704.65,0,0,0,3539.06,3340.9,0,34293.73,37112.96,90.44,3203.13,24017.7,0,0,0,0
2006-06-22 22:00:00,0,2523.71,0,377.94,14768.02,7199.4,8146.22,0,0,2339.98,15953.83,286.47,0,15867.98,1634.15,4864.48,86062.7,0,22738.83,0,0,118496.08,0,0,0,3287.45,3110.26,0,31983.03,35676.12,85.89,2976.56,22596.54,0,0,0,0
2006-06-22 23:00:00,0,2272.24,0,346.96,13591.92,6422.06,7546.52,0,0,2153.11,14712.05,256.12,0,14926.76,1489.39,4594.66,80837.75,0,21691.82,0,0,112726.99,0,0,0,3046.89,2888.79,0,29814.04,33059.44,81.03,2730.7,21032.11,0,0,0,0
2006-06-23 00:00:00,0,2041.12,0,323.64,12497.02,5773.87,6954.84,0,0,1990.13,13565.81,231.43,0,14028.94,1361.43,4300.98,75903.19,0,20489.71,0,0,107117.1,0,0,0,2827.67,2682.85,0,27744.5,30689.59,76.11,2489.66,19512.37,0,0,0,0
2006-06-23 01:00:00,0,1827.22,0,302.35,11608.76,5221.84,6402.43,0,0,1844.27,12538.58,209.3,0,13448.58,1253.3,4020.52,71238.52,0,19394.49,0,0,101797.8,0,0,0,2662.38,2496.06,0,26251.33,28614.99,71.27,2268.8,18028.49,0,0,0,0
2006-06-23 02:00:00,0,1718.3,0,282.87,11085.59,4876.05,6027.59,0,0,1710.29,11621.57,191.14,0,13226.96,1165.53,3773.29,67313.99,0,18739.18,0,0,96188.89,0,0,0,2560.83,2377.11,0,25101.13,27246.63,66.76,2108.97,16912.76,0,0,0,0
2006-06-23 03:00:00,0,1636.12,0,271.61,10686.07,4698.42,5836.04,0,0,1629.45,11088.71,181.33,0,13150.75,1151.74,3602.39,64884.24,0,18336.69,0,0,93018.62,0,0,0,2488.26,2311.58,0,24250.76,26249.78,63.62,2038.42,16103.97,0,0,0,0
2006-06-23 04:00:00,0,1632.07,0,271.98,10618.28,4693.59,5852.49,0,0,1648.42,11067.94,182.62,0,13222.02,1187.17,3610.54,63842.32,0,18102.92,0,0,91994.2,0,0,0,2493.34,2318.58,0,24028.67,25731.49,61.84,2041.84,15829.91,0,0,0,0
2006-06-23 05:00:00,0,1652.41,0,277.88,10824.96,4807.13,5962.3,0,0,1679.1,11330.6,186.04,0,14184.94,1220.55,3694.1,64361.45,0,18772.64,0,0,93112.33,0,0,0,2539.97,2340.4,0,24133.41,25860.64,62.54,2076.18,15893.7,0,0,0,0
2006-06-23 06:00:00,0,1689.6,0,293.95,11594.83,4999.12,6401.35,0,0,1789.75,11969.4,193.66,0,15295.76,1309.37,3932.65,66714.29,0,20037.82,0,0,98313.7,0,0,0,2629.58,2423.83,0,25037.92,26276.32,64.09,2165.69,16368.45,0,0,0,0
2006-06-23 07:00:00,0,1848.62,0,320.69,12276.56,5562.69,6913.15,0,0,1962.62,13315.33,213.76,0,16305.91,1430.06,4210.03,70540.34,0,21321.08,0,0,102116.61,0,0,0,2845.0,2620.5,0,26325.55,27880.34,68.32,2335.67,17455.41,0,0,0,0
2006-06-23 08:00:00,0,1963.27,0,342.15,12878.42,6136.63,7344.79,0,0,2128.07,14573.55,229.07,0,17265.01,1538.72,4422.52,73727.96,0,22625.15,0,0,106517.42,0,0,0,3030.74,2824.93,0,28272.87,29519.3,71.89,2516.51,18814.12,0,0,0,0
2006-06-23 09:00:00,0,2108.21,0,377.24,13842.01,6756.3,7899.72,0,0,2292.39,15756.42,242.32,0,17906.92,1662.85,4631.71,77659.91,0,23489.11,0,0,111028.31,0,0,0,3284.62,3134.12,0,30669.53,31819.28,76.49,2703.94,20145.58,0,0,0,0
2006-06-23 10:00:00,0,2306.49,0,419.56,15219.77,7496.34,8722.42,0,0,2459.52,17125.34,261.47,0,18248.82,1819.68,4949.48,80985.86,0,23959.76,0,0,116467.5,0,0,0,3578.85,3447.52,0,32867.42,33856.52,81.49,2958.42,22050.83,0,0,0,0
2006-06-23 11:00:00,0,2441.08,0,452.84,16302.88,8223.24,9394.96,0,0,2644.91,18391.72,285.84,0,18471.87,1951.66,5132.9,84815.11,0,24193.22,0,0,122055.42,0,0,0,3823.96,3693.74,0,34885.83,35476.45,86.56,3197.12,23626.45,0,0,0,0
2006-06-23 12:00:00,0,2565.96,0,479.47,17061.33,8715.4,9869.31,0,0,2789.78,19373.94,307.75,0,18755.99,2054.23,5223.77,88731.42,0,24312.12,0,0,126581.26,0,0,0,3982.1,3844.44,0,36731.6,36948.65,91.19,3378.77,24884.09,0,0,0,0
2006-06-23 13:00:00,0,2692.48,0,484.92,17409.97,9122.05,10166.14,0,0,2906.79,20076.66,328.51,0,19070.43,2122.97,5364.95,91212.05,0,24649.85,0,0,129646.95,0,0,0,4083.81,3930.85,0,37678.74,38226.47,94.83,3518.37,25837.77,0,0,0,0
2006-06-23 14:00:00,0,2781.64,0,488.37,17336.64,9530.01,10432.07,0,0,3002.33,20618.67,349.96,0,19421.65,2174.58,5479.09,92865.09,0,24859.01,0,0,131541.91,0,0,0,4101.83,3958.42,0,38246.21,39186.93,97.41,3669.88,26323.68,0,0,0,0
2006-06-23 15:00:00,0,2827.45,0,476.58,17244.4,9853.05,10639.02,0,0,3072.94,21001.25,367.74,0,19637.61,2214.52,5580.88,93888.18,0,24695.8,0,0,132099.42,0,0,0,4099.64,3966.23,0,38670.49,39939.59,98.72,3807.44,26324.7,0,0,0,0
2006-06-23 16:00:00,0,2906.33,0,473.45,17042.5,10002.38,10661.13,0,0,3099.12,21093.45,375.77,0,19851.71,2224.39,5624.46,94305.18,0,24500.76,0,0,131352.95,0,0,0,4111.37,3984.52,0,38694.47,40621.82,99.63,3896.66,26101.66,0,0,0,0
2006-06-23 17:00:00,0,2944.28,0,476.15,16920.13,9920.8,10509.68,0,0,3063.48,20897.41,373.93,0,19865.22,2203.98,5614.54,93799.42,0,24239.91,0,0,129613.15,0,0,0,4077.75,3960.44,0,38522.37,40701.05,100.69,3865.25,25919.77,0,0,0,0
2006-06-23 18:00:00,0,2958.29,0,470.12,16721.53,9530.97,10283.32,0,0,2971.03,20403.3,361.33,0,19663.21,2144.94,5458.65,91924.21,0,23521.03,0,0,127191.4,0,0,0,3966.63,3861.5,0,38194.51,40400.54,99.93,3734.16,25520.4,0,0,0,0
2006-06-23 19:00:00,0,2872.62,0,421.09,16130.16,8690.54,9763.13,0,0,2763.23,18758.35,325.95,0,18754.55,2065.91,5064.44,83765.81,0,21350.56,0,0,112269.97,0,0,0,3730.75,3727.89,0,35987.0,37977.27,86.88,3303.51,23132.43,0,0,0,0
2006-06-23 20:00:00,0,2810.6,0,421.4,15826.06,8163.92,9131.9,0,0,2558.27,17672.28,319.42,0,17960.94,1896.03,4977.92,84166.82,0,21844.93,0,0,113350.54,0,0,0,3621.85,3576.97,0,34919.58,37558.03,85.82,3212.38,22852.76,0,0,0,0
2006-06-23 21:00:00,0,2603.87,0,401.11,15035.99,7597.77,8528.1,0,0,2360.37,16201.61,299.73,0,16979.39,1736.91,4709.1,80773.81,0,20943.49,0,0,107680.36,0,0,0,3498.54,3419.27,0,33530.67,35803.08,81.07,3007.15,22343.05,0,0,0,0
2006-06-23 22:00:00,0,2455.31,0,374.91,13870.49,6819.19,7947.0,0,0,2161.2,14811.14,271.08,0,15957.5,1597.82,4436.31,77337.99,0,20052.49,0,0,102074.2,0,0,0,3254.94,3202.63,0,31316.84,33679.13,75.37,2797.42,21079.63,0,0,0,0
2006-06-23 23:00:00,0,2196.51,0,350.53,12724.1,6142.6,7373.37,0,0,1995.49,13668.41,243.05,0,14978.8,1492.84,4173.41,73135.66,0,19159.38,0,0,96762.04,0,0,0,3020.46,2989.11,0,29215.33,31571.25,70.57,2583.73,19611.92,0,0,0,0
2006-06-24 00:00:00,0,1973.44,0,329.01,11745.15,5542.28,6779.44,0,0,1847.2,12712.5,219.12,0,13905.49,1389.93,3908.24,69344.24,0,18202.61,0,0,91801.75,0,0,0,2812.93,2786.88,0,27279.77,29653.64,66.13,2392.0,18194.28,0,0,0,0
2006-06-24 01:00:00,0,1784.41,0,307.06,10885.17,4989.68,6229.97,0,0,1724.08,11801.65,200.07,0,13087.15,1286.64,3671.52,65885.75,0,17016.45,0,0,87514.95,0,0,0,2636.03,2603.55,0,25785.85,27953.65,62.4,2207.59,16986.54,0,0,0,0
2006-06-24 02:00:00,0,1658.58,0,281.43,10234.47,4684.13,5759.22,0,0,1617.31,11057.26,185.82,0,12740.88,1206.06,3512.6,62654.74,0,16471.97,0,0,84297.69,0,0,0,2499.59,2444.59,0,24662.53,26639.37,59.61,2040.57,15952.47,0,0,0,0
2006-06-24 03:00:00,0,1553.81,0,263.69,9761.86,4480.83,5516.15,0,0,1548.18,10555.22,175.76,0,12431.7,1150.4,3389.1,60353.84,0,16045.06,0,0,82126.82,0,0,0,2410.3,2340.08,0,23902.59,25472.52,57.89,1925.25,15172.76,0,0,0,0
2006-06-24 04:00:00,0,1503.67,0,252.14,9545.75,4349.02,5370.78,0,0,1516.85,10248.34,169.24,0,12256.97,1125.08,3280.14,58766.93,0,15823.26,0,0,81163.78,0,0,0,2375.64,2301.93,0,23231.22,24710.75,56.71,1858.91,14625.97,0,0,0,0
2006-06-24 05:00:00,0,1478.88,0,246.81,9407.91,4344.68,5285.02,0,0,1523.55,10244.92,167.67,0,12192.5,1134.93,3245.23,57804.11,0,15647.17,0,0,80891.51,0,0,0,2357.63,2294.14,0,23059.49,24200.78,55.98,1847.22,14308.57,0,0,0,0
2006-06-24 06:00:00,0,1495.23,0,249.94,9645.3,4558.95,5480.42,0,0,1592.86,10616.65,172.12,0,12412.63,1192.64,3292.81,58274.18,0,15915.14,0,0,81765.52,0,0,0,2387.43,2352.19,0,23026.37,24038.31,55.34,1911.21,14361.34,0,0,0,0
2006-06-24 07:00:00,0,1649.89,0,265.31,10082.23,5195.01,5925.33,0,0,1789.79,12027.54,191.23,0,12685.97,1328.57,3450.73,60616.14,0,16825.42,0,0,84564.15,0,0,0,2537.01,2544.78,0,23458.83,24485.0,55.37,2102.18,14874.69,0,0,0,0
2006-06-24 08:00:00,0,1820.94,0,286.3,10604.49,5923.75,6361.55,0,0,1982.96,13735.27,210.41,0,13150.33,1475.84,3621.49,63550.67,0,17293.7,0,0,88674.33,0,0,0,2732.23,2789.55,0,24466.77,26038.86,57.24,2307.83,15544.77,0,0,0,0
2006-06-24 09:00:00,0,2012.17,0,317.42,11366.58,6724.09,7185.17,0,0,2188.73,15319.56,232.17,0,13547.43,1649.2,3801.04,67635.38,0,17982.75,0,0,92932.61,0,0,0,3008.3,3077.04,0,26475.4,28226.37,61.35,2582.39,16269.19,0,0,0,0
2006-06-24 10:00:00,0,2297.15,0,355.38,12454.31,7574.57,7961.87,0,0,2409.61,16902.2,257.47,0,13915.5,1779.02,4073.36,71497.53,0,18542.3,0,0,98443.02,0,0,0,3261.52,3345.55,0,28988.16,30562.95,67.59,2891.48,17322.14,0,0,0,0
2006-06-24 11:00:00,0,2568.06,0,391.04,13441.21,8276.82,8544.06,0,0,2603.0,18269.49,278.68,0,14248.09,1883.73,4325.98,75046.89,0,19372.36,0,0,104070.46,0,0,0,3468.85,3548.14,0,31160.28,32545.52,72.81,3156.68,19017.83,0,0,0,0
2006-06-24 12:00:00,0,2757.2,0,418.33,14227.18,8750.83,8910.47,0,0,2754.86,19346.18,299.46,0,14563.72,1958.44,4514.51,77983.48,0,19969.67,0,0,107861.83,0,0,0,3618.97,3704.95,0,32718.27,33925.6,76.61,3337.17,20226.74,0,0,0,0
2006-06-24 13:00:00,0,2923.6,0,439.31,14920.95,9137.84,9190.58,0,0,2866.66,20161.06,318.17,0,14818.6,2018.6,4619.03,80412.46,0,20387.98,0,0,110980.24,0,0,0,3747.92,3824.53,0,33885.41,35513.37,79.29,3470.74,21154.45,0,0,0,0
2006-06-24 14:00:00,0,3039.51,0,453.92,15515.23,9398.48,9432.71,0,0,2944.42,20761.26,333.7,0,15023.39,2083.49,4703.7,82465.77,0,20461.25,0,0,113418.67,0,0,0,3854.86,3914.28,0,34870.1,36653.04,81.63,3521.95,21885.66,0,0,0,0
2006-06-24 15:00:00,0,3131.38,0,460.34,15781.74,9480.77,9614.71,0,0,2987.02,21121.24,343.69,0,15167.54,2127.16,4799.0,84285.45,0,20493.93,0,0,114979.76,0,0,0,3926.02,3962.53,0,35522.77,37738.06,83.9,3540.82,22512.4,0,0,0,0
2006-06-24 16:00:00,0,3184.49,0,460.87,15777.54,9220.36,9693.38,0,0,2963.79,21178.27,341.86,0,15237.88,2136.86,4867.87,85872.8,0,20505.33,0,0,116048.31,0,0,0,3953.13,3959.24,0,35876.63,38269.6,86.13,3410.08,22863.97,0,0,0,0
2006-06-24 17:00:00,0,3226.16,0,443.46,15351.0,8782.62,9707.29,0,0,2873.57,20849.84,340.65,0,15248.74,2116.28,4820.26,86375.77,0,20635.82,0,0,115754.49,0,0,0,3897.37,3896.08,0,35580.09,38532.02,86.17,3162.31,22826.19,0,0,0,0
2006-06-24 18:00:00,0,3203.33,0,429.74,14914.52,8406.78,9563.08,0,0,2739.87,19986.67,329.81,0,15249.25,2061.96,4712.8,85841.75,0,20755.91,0,0,114818.84,0,0,0,3772.9,3767.77,0,35057.28,38401.79,84.96,3086.75,22651.24,0,0,0,0
2006-06-24 19:00:00,0,3184.62,0,414.12,15460.77,8198.42,9398.81,0,0,2785.91,18992.19,297.82,0,16132.92,2032.39,4860.44,86967.67,0,21544.21,0,0,113270.45,0,0,0,3645.5,3636.77,0,34243.2,38883.52,83.67,3079.44,22409.74,0,0,0,0
2006-06-24 20:00:00,0,3071.99,0,410.21,15164.12,7738.01,8806.99,0,0,2540.51,17677.44,291.62,0,15401.41,1938.52,4724.86,86420.74,0,21314.61,0,0,112423.81,0,0,0,3541.31,3487.11,0,33624.79,38723.18,82.82,2956.93,22019.78,0,0,0,0
2006-06-24 21:00:00,0,2862.12,0,386.62,14420.37,7221.27,8240.93,0,0,2357.57,16359.25,281.44,0,14566.88,1783.45,4474.73,82593.67,0,20427.54,0,0,106460.05,0,0,0,3431.81,3334.28,0,32544.42,36783.42,78.91,2815.24,21574.9,0,0,0,0
2006-06-24 22:00:00,0,2690.89,0,360.61,13322.29,6586.98,7679.98,0,0,2189.12,15142.12,261.01,0,13789.34,1644.12,4229.89,79148.11,0,19331.74,0,0,101127.23,0,0,0,3197.52,3125.58,0,30527.11,34447.6,74.01,2647.42,20333.41,0,0,0,0
2006-06-24 23:00:00,0,2445.56,0,335.53,12271.74,6035.14,7147.72,0,0,2034.43,13995.52,241.82,0,12974.44,1524.03,3995.94,74782.13,0,18380.9,0,0,96016.57,0,0,0,2963.46,2925.45,0,28600.83,32203.02,69.32,2496.08,18885.84,0,0,0,0
2006-06-25 00:00:00,0,2215.58,0,310.12,11374.17,5499.43,6588.7,0,0,1893.55,12977.79,222.08,0,12131.62,1414.34,3748.42,70753.36,0,17381.65,0,0,91367.35,0,0,0,2759.7,2731.65,0,26757.0,30241.4,64.16,2334.18,17525.73,0,0,0,0
2006-06-25 01:00:00,0,2006.62,0,287.56,10606.59,4986.04,6033.92,0,0,1754.86,12008.38,203.35,0,11568.66,1308.17,3525.58,67346.18,0,16592.94,0,0,87541.72,0,0,0,2594.95,2549.36,0,25450.6,28538.97,60.21,2174.45,16368.78,0,0,0,0
2006-06-25 02:00:00,0,1843.61,0,266.16,9939.31,4707.52,5618.09,0,0,1635.11,11183.74,190.72,0,11397.38,1222.22,3353.91,64210.65,0,15736.12,0,0,84345.6,0,0,0,2479.99,2411.03,0,24449.78,26646.04,56.87,2040.33,15463.52,0,0,0,0
2006-06-25 03:00:00,0,1716.22,0,254.01,9517.88,4526.56,5396.96,0,0,1558.76,10733.08,180.81,0,11315.25,1166.65,3241.18,61770.99,0,15132.55,0,0,82067.13,0,0,0,2409.15,2315.17,0,23635.96,25307.43,54.39,1945.82,14753.67,0,0,0,0
2006-06-25 04:00:00,0,1640.3,0,251.18,9350.37,4401.55,5312.23,0,0,1533.54,10464.25,174.3,0,11368.95,1150.46,3148.96,60282.93,0,14780.18,0,0,81018.08,0,0,0,2371.06,2292.26,0,23032.08,24391.23,52.75,1898.36,14160.14,0,0,0,0
2006-06-25 05:00:00,0,1591.89,0,248.19,9265.8,4411.24,5297.86,0,0,1537.73,10500.48,172.9,0,11456.93,1166.31,3118.34,59262.59,0,14920.7,0,0,80889.89,0,0,0,2364.68,2299.01,0,22833.54,23705.38,52.11,1889.3,13800.59,0,0,0,0
2006-06-25 06:00:00,0,1571.6,0,251.23,9560.59,4570.46,5503.13,0,0,1582.92,10784.58,176.28,0,11702.02,1213.47,3179.12,59624.69,0,15613.54,0,0,81431.15,0,0,0,2409.66,2367.3,0,22772.96,23367.05,51.69,1919.8,13905.05,0,0,0,0
2006-06-25 07:00:00,0,1718.3,0,265.88,10063.51,4995.11,5998.62,0,0,1742.6,11934.53,187.88,0,12122.16,1301.73,3346.2,61830.8,0,16452.28,0,0,83312.8,0,0,0,2524.47,2550.06,0,23141.09,23659.01,52.85,2050.31,14472.26,0,0,0,0
2006-06-25 08:00:00,0,1893.07,0,283.28,10581.06,5463.58,6426.35,0,0,1916.04,13472.58,201.88,0,12621.33,1413.34,3528.99,65038.04,0,17236.17,0,0,86248.63,0,0,0,2703.13,2786.25,0,24242.81,25074.19,56.36,2191.49,15641.75,0,0,0,0
2006-06-25 09:00:00,0,2155.29,0,314.84,11314.01,6202.87,6885.46,0,0,2127.43,15205.73,221.97,0,13032.63,1575.92,3700.4,69205.79,0,17812.25,0,0,89472.75,0,0,0,2899.23,2987.17,0,26061.99,27389.25,60.98,2435.18,16716.85,0,0,0,0
2006-06-25 10:00:00,0,2410.33,0,353.88,12246.45,7070.25,7579.25,0,0,2346.83,16856.68,247.86,0,13317.74,1663.13,3967.06,72314.39,0,18439.65,0,0,92358.66,0,0,0,3079.64,3165.48,0,28485.42,29783.77,65.43,2740.09,18288.82,0,0,0,0
2006-06-25 11:00:00,0,2610.68,0,385.71,13222.26,7788.91,8209.14,0,0,2544.11,18230.75,268.64,0,13671.51,1729.85,4278.95,75921.44,0,19180.25,0,0,95886.7,0,0,0,3226.28,3324.84,0,30508.33,31566.86,68.91,2993.66,19603.41,0,0,0,0
2006-06-25 12:00:00,0,2783.49,0,409.39,14042.47,8291.47,8670.41,0,0,2703.93,19343.55,272.53,0,14017.33,1827.01,4517.65,78708.46,0,19519.22,0,0,100284.57,0,0,0,3297.38,3398.51,0,32142.15,33091.91,71.3,3169.35,20486.69,0,0,0,0
2006-06-25 13:00:00,0,2884.1,0,428.64,14673.63,8662.82,8908.1,0,0,2819.43,20039.49,278.66,0,14386.81,1913.41,4620.36,80819.87,0,19689.53,0,0,103823.27,0,0,0,3340.58,3442.91,0,33364.97,34087.33,73.53,3263.11,21284.26,0,0,0,0
2006-06-25 14:00:00,0,2905.03,0,439.97,14945.76,8885.67,9091.0,0,0,2908.87,20526.3,285.29,0,14712.96,1986.92,4711.45,82680.95,0,19778.02,0,0,106915.51,0,0,0,3415.6,3480.77,0,34399.78,34717.01,75.95,3327.26,21993.35,0,0,0,0
2006-06-25 15:00:00,0,2916.23,0,438.42,14724.49,8927.97,9203.44,0,0,2945.46,20684.98,289.72,0,14867.0,2050.47,4775.76,84321.1,0,19822.98,0,0,108821.22,0,0,0,3460.4,3504.89,0,35223.2,35250.3,77.24,3391.37,22509.0,0,0,0,0
2006-06-25 16:00:00,0,2901.96,0,421.75,14381.99,8860.18,9242.82,0,0,2912.8,20541.8,295.32,0,14842.11,2084.81,4800.02,85379.02,0,19802.09,0,0,110150.78,0,0,0,3521.84,3543.09,0,35567.33,35274.34,77.59,3404.82,22910.22,0,0,0,0
2006-06-25 17:00:00,0,2882.12,0,403.46,14199.25,8585.51,9180.3,0,0,2770.15,19764.14,299.07,0,14796.75,2056.53,4762.93,85312.97,0,19873.16,0,0,110538.04,0,0,0,3551.01,3548.56,0,35378.68,35239.1,77.26,3371.14,22857.94,0,0,0,0
2006-06-25 18:00:00,0,2813.54,0,391.65,14021.93,8337.29,9082.7,0,0,2611.65,19042.89,300.65,0,14841.71,2012.39,4715.59,84529.54,0,19830.95,0,0,109572.7,0,0,0,3543.29,3531.82,0,34758.27,34457.89,76.39,3288.79,22381.15,0,0,0,0
2006-06-25 19:00:00,0,2772.79,0,418.31,15512.41,8566.95,9178.75,0,0,2706.33,18506.55,308.85,0,16424.7,1993.79,4895.14,89895.95,0,21813.11,0,0,115344.49,0,0,0,3535.91,3405.05,0,34181.3,37348.43,82.22,3341.21,23317.33,0,0,0,0
2006-06-25 20:00:00,0,2699.21,0,405.3,15135.97,8207.45,8657.76,0,0,2551.21,17788.87,304.18,0,15633.58,1876.51,4871.16,88578.13,0,21324.0,0,0,112697.25,0,0,0,3454.46,3288.07,0,33332.52,35879.62,83.09,3226.39,22304.99,0,0,0,0
2006-06-25 21:00:00,0,2520.76,0,382.36,14419.55,7644.04,8164.5,0,0,2392.52,16755.34,288.05,0,14726.51,1738.94,4584.53,84784.28,0,20522.24,0,0,107203.94,0,0,0,3302.71,3136.98,0,31993.27,35193.92,79.26,3036.86,21729.6,0,0,0,0
2006-06-25 22:00:00,0,2360.81,0,355.05,13391.35,6954.44,7687.37,0,0,2245.48,15631.29,264.01,0,13817.39,1615.64,4297.76,81038.76,0,19522.61,0,0,102393.2,0,0,0,3093.23,2958.89,0,29677.36,33474.1,74.8,2804.72,20251.96,0,0,0,0
2006-06-25 23:00:00,0,2081.75,0,328.5,12431.93,6290.1,7223.73,0,0,2096.73,14481.03,241.79,0,12912.39,1498.54,4028.44,76784.99,0,18575.88,0,0,98083.74,0,0,0,2900.3,2771.68,0,27598.12,30714.95,70.48,2585.18,18758.7,0,0,0,0
2006-06-26 00:00:00,0,1850.98,0,304.69,11485.69,5704.8,6772.9,0,0,1953.86,13358.18,220.91,0,12081.12,1386.44,3777.22,72513.9,0,17613.32,0,0,94173.44,0,0,0,2720.19,2603.4,0,25833.82,28360.76,66.98,2391.62,17312.45,0,0,0,0
2006-06-26 01:00:00,0,1661.13,0,280.68,10645.43,5215.18,6302.6,0,0,1810.1,12308.74,200.76,0,11678.4,1267.07,3546.58,68387.95,0,16731.1,0,0,90225.26,0,0,0,2590.5,2451.43,0,24394.57,26271.18,64.3,2220.88,15982.03,0,0,0,0
2006-06-26 02:00:00,0,1517.7,0,257.51,10263.35,4892.4,5940.81,0,0,1699.71,11483.91,182.25,0,11594.0,1192.01,3335.7,64910.54,0,16073.86,0,0,86829.7,0,0,0,2511.2,2360.95,0,23451.44,24583.95,61.78,2096.57,15084.06,0,0,0,0
2006-06-26 03:00:00,0,1454.3,0,251.54,10061.54,4721.42,5753.27,0,0,1639.21,11050.21,180.02,0,11576.28,1180.66,3218.18,62689.41,0,15928.63,0,0,84998.15,0,0,0,2462.95,2323.07,0,22901.04,23592.72,59.89,2027.75,14568.16,0,0,0,0
2006-06-26 04:00:00,0,1449.97,0,260.16,10175.53,4766.85,5871.82,0,0,1665.21,11123.27,184.87,0,11690.47,1219.64,3266.93,62247.95,0,16168.27,0,0,85422.25,0,0,0,2506.83,2327.15,0,23088.55,23201.91,59.27,2053.6,14573.27,0,0,0,0
2006-06-26 05:00:00,0,1483.98,0,266.69,10621.12,4890.12,6069.26,0,0,1706.98,11430.18,189.5,0,12291.27,1267.14,3350.81,63218.32,0,16989.1,0,0,87224.61,0,0,0,2565.74,2361.92,0,23434.26,23435.98,59.65,2104.91,14824.89,0,0,0,0
2006-06-26 06:00:00,0,1528.83,0,276.65,11255.31,5065.04,6405.89,0,0,1805.68,12053.06,194.06,0,13411.93,1337.49,3553.59,65746.8,0,18567.45,0,0,93394.81,0,0,0,2661.28,2436.04,0,24006.13,23909.49,60.41,2182.6,15278.03,0,0,0,0
2006-06-26 07:00:00,0,1695.55,0,303.74,11710.74,5424.56,6733.48,0,0,1961.06,13134.09,200.71,0,14170.2,1425.64,3806.43,69892.03,0,20044.7,0,0,97050.63,0,0,0,2810.95,2589.41,0,25144.18,25796.5,63.52,2317.59,16298.87,0,0,0,0
2006-06-26 08:00:00,0,1779.37,0,320.22,12193.63,5877.03,7070.88,0,0,2082.55,14357.93,210.13,0,15031.85,1486.04,4036.74,73478.42,0,20953.79,0,0,101355.04,0,0,0,2958.44,2736.72,0,26284.23,26932.41,66.68,2476.34,17412.6,0,0,0,0
2006-06-26 09:00:00,0,1844.39,0,335.16,12728.36,6391.88,7379.3,0,0,2259.25,15668.56,222.34,0,15921.88,1579.9,4234.06,77348.17,0,21804.34,0,0,105573.75,0,0,0,3068.18,2860.86,0,27419.11,28222.35,69.9,2717.7,18433.47,0,0,0,0
2006-06-26 10:00:00,0,1962.27,0,355.27,13437.9,7106.84,7706.52,0,0,2467.88,17225.93,240.96,0,16597.49,1700.44,4417.53,80969.56,0,22400.28,0,0,109239.47,0,0,0,3203.33,3043.75,0,28612.44,29605.62,73.09,2990.18,19287.49,0,0,0,0
2006-06-26 11:00:00,0,2047.82,0,376.69,14395.06,7851.59,8191.68,0,0,2689.36,18651.16,260.31,0,16982.61,1759.95,4584.03,83763.01,0,22951.11,0,0,113201.99,0,0,0,3356.24,3200.24,0,30030.29,30906.36,76.65,3206.27,20197.38,0,0,0,0
2006-06-26 12:00:00,0,2151.39,0,397.55,15139.52,8468.06,8578.76,0,0,2871.48,19742.19,277.26,0,17343.83,1777.48,4751.14,86816.16,0,23360.61,0,0,117197.07,0,0,0,3483.97,3328.75,0,31286.0,32165.1,79.3,3333.42,21285.51,0,0,0,0
2006-06-26 13:00:00,0,2240.1,0,416.85,15314.85,8809.97,8809.67,0,0,3011.91,20575.74,275.09,0,17691.56,1852.65,4905.76,89250.47,0,23578.76,0,0,119826.69,0,0,0,3643.13,3466.9,0,31931.4,33177.16,81.68,3399.07,22105.16,0,0,0,0
2006-06-26 14:00:00,0,2286.06,0,429.87,15429.11,8962.12,9127.06,0,0,3095.44,21217.87,293.7,0,18116.26,1972.82,4994.55,90572.57,0,23861.22,0,0,121564.76,0,0,0,3765.86,3583.51,0,32357.28,33904.22,83.96,3454.35,22773.1,0,0,0,0
2006-06-26 15:00:00,0,2292.53,0,458.7,15573.82,8991.96,9373.19,0,0,3102.77,21564.34,309.99,0,18549.53,2100.95,5026.25,91298.34,0,23897.96,0,0,122587.33,0,0,0,3844.49,3667.69,0,32651.97,34442.56,85.58,3516.66,23240.33,0,0,0,0
2006-06-26 16:00:00,0,2294.99,0,461.15,15433.93,8925.79,9448.79,0,0,3098.18,21519.67,318.99,0,18906.87,2078.68,4974.88,91678.94,0,23933.81,0,0,123040.35,0,0,0,3859.67,3714.94,0,32703.31,34646.21,86.23,3546.23,23510.43,0,0,0,0
2006-06-26 17:00:00,0,2312.64,0,450.34,15262.97,8747.05,9399.0,0,0,3030.15,21123.14,324.27,0,18770.96,2020.59,4903.03,91389.57,0,23743.05,0,0,122422.63,0,0,0,3792.88,3682.42,0,32641.15,35018.31,85.02,3519.65,23482.3,0,0,0,0
2006-06-26 18:00:00,0,2328.15,0,434.25,15074.21,8554.68,9262.47,0,0,2918.34,20389.81,316.65,0,18359.86,1952.87,4862.08,90280.81,0,23585.35,0,0,120638.5,0,0,0,3697.14,3609.16,0,32537.75,34814.04,83.37,3440.46,23297.97,0,0,0,0
2006-06-26 19:00:00,0,2420.77,0,414.74,15348.88,8552.5,8964.98,0,0,2908.34,19531.59,313.18,0,18249.75,1892.87,4890.49,89882.79,0,23043.43,0,0,117765.79,0,0,0,3617.25,3483.0,0,32633.65,36114.37,79.0,3299.42,22876.22,0,0,0,0
2006-06-26 20:00:00,0,2461.36,0,399.49,14965.31,8219.32,8482.04,0,0,2697.83,18525.68,302.32,0,17389.93,1774.17,4726.61,88713.89,0,22688.57,0,0,115489.45,0,0,0,3508.42,3316.48,0,31903.62,35183.57,79.84,3198.19,21899.67,0,0,0,0
2006-06-26 21:00:00,0,2324.97,0,376.29,14150.18,7652.88,7893.49,0,0,2497.5,17293.33,286.21,0,16417.49,1657.27,4461.31,84914.62,0,21788.01,0,0,110257.31,0,0,0,3343.02,3127.51,0,30669.49,33837.79,76.62,2993.26,21312.16,0,0,0,0
2006-06-26 22:00:00,0,2173.23,0,348.43,12965.74,7012.11,7399.47,0,0,2333.29,16106.75,266.31,0,15461.44,1537.43,4200.86,80993.24,0,20653.2,0,0,105367.84,0,0,0,3129.04,2959.81,0,28493.46,32272.24,72.61,2795.76,19804.32,0,0,0,0
2006-06-26 23:00:00,0,1958.11,0,323.67,12046.52,6372.11,7050.18,0,0,2168.11,14914.06,245.9,0,14441.31,1422.94,3936.34,76654.26,0,19570.97,0,0,101102.86,0,0,0,2945.02,2798.06,0,26508.99,29895.91,68.0,2600.41,18270.39,0,0,0,0
2006-06-27 00:00:00,0,1766.55,0,299.93,11267.15,5797.73,6745.95,0,0,2006.53,13741.21,224.8,0,13470.68,1324.16,3708.64,72728.95,0,18541.37,0,0,97022.2,0,0,0,2739.52,2617.29,0,24755.09,27820.9,64.32,2434.6,16899.77,0,0,0,0
2006-06-27 01:00:00,0,1603.62,0,276.39,10509.66,5321.72,6300.92,0,0,1858.62,12723.35,206.59,0,12811.3,1242.23,3510.24,68948.4,0,17571.55,0,0,93304.49,0,0,0,2590.22,2438.91,0,23320.38,25892.14,61.62,2280.59,15604.71,0,0,0,0
2006-06-27 02:00:00,0,1485.54,0,257.78,10052.58,5029.47,5894.24,0,0,1745.68,11907.73,192.6,0,12591.11,1184.95,3311.72,65405.07,0,16921.14,0,0,90216.73,0,0,0,2506.96,2347.19,0,22441.46,24364.92,59.15,2165.04,14718.12,0,0,0,0
2006-06-27 03:00:00,0,1438.64,0,251.78,9779.78,4893.44,5674.75,0,0,1681.25,11528.13,183.96,0,12532.63,1179.21,3192.65,63173.09,0,16639.15,0,0,88366.99,0,0,0,2455.71,2311.76,0,21886.99,23451.18,57.11,2118.04,14303.24,0,0,0,0
2006-06-27 04:00:00,0,1446.51,0,257.26,9861.4,4902.58,5790.38,0,0,1711.42,11590.51,187.12,0,12598.18,1229.07,3230.2,62590.86,0,16770.0,0,0,88430.06,0,0,0,2498.68,2328.57,0,22116.77,23126.57,56.99,2141.49,14337.44,0,0,0,0
2006-06-27 05:00:00,0,1486.32,0,265.31,10274.41,5058.73,5986.03,0,0,1755.12,11914.5,191.83,0,13560.84,1274.04,3293.84,63373.78,0,17773.46,0,0,89947.65,0,0,0,2557.1,2375.43,0,22449.91,23436.98,57.82,2194.89,14600.6,0,0,0,0
2006-06-27 06:00:00,0,1535.57,0,285.23,10992.31,5295.49,6336.12,0,0,1869.02,12624.53,198.48,0,14760.29,1365.77,3455.3,65741.19,0,19724.68,0,0,95724.13,0,0,0,2648.22,2452.79,0,23027.81,23935.49,58.9,2282.38,14981.16,0,0,0,0
2006-06-27 07:00:00,0,1692.55,0,320.55,11453.35,5746.72,6707.2,0,0,2036.04,13959.49,215.03,0,15676.9,1458.93,3695.02,69845.06,0,20954.96,0,0,99561.24,0,0,0,2756.98,2559.91,0,24322.04,25746.32,60.92,2431.26,15750.6,0,0,0,0
2006-06-27 08:00:00,0,1791.79,0,345.2,11895.5,6232.93,7066.42,0,0,2194.09,15322.63,235.75,0,16533.92,1537.95,3967.74,73481.82,0,21952.17,0,0,103718.94,0,0,0,2867.5,2662.69,0,25612.33,27126.58,64.44,2574.22,16668.22,0,0,0,0
2006-06-27 09:00:00,0,1958.78,0,376.29,12399.26,6762.86,7420.69,0,0,2371.44,16598.37,251.12,0,17216.64,1672.25,4178.84,77405.5,0,22625.04,0,0,107295.69,0,0,0,2969.08,2761.57,0,26861.93,29378.82,68.81,2758.09,17697.89,0,0,0,0
2006-06-27 10:00:00,0,2135.97,0,407.72,12895.44,7320.66,8000.39,0,0,2550.27,18110.54,267.96,0,17522.16,1821.77,4489.73,80499.96,0,23348.9,0,0,110700.11,0,0,0,3056.42,2851.76,0,29046.26,31514.31,72.33,2950.43,18858.52,0,0,0,0
2006-06-27 11:00:00,0,2320.93,0,435.37,13882.18,7794.17,8464.02,0,0,2676.69,19198.16,282.76,0,17729.81,1928.3,4856.01,83622.08,0,23844.21,0,0,114423.7,0,0,0,3151.18,2976.86,0,31419.61,33546.75,75.29,3123.74,20017.46,0,0,0,0
2006-06-27 12:00:00,0,2424.66,0,460.09,14366.24,8168.01,8642.42,0,0,2783.65,20020.96,298.8,0,17959.3,2019.54,5096.33,86677.91,0,24150.86,0,0,119343.13,0,0,0,3301.14,3161.75,0,33252.87,34910.69,77.77,3264.83,21246.14,0,0,0,0
2006-06-27 13:00:00,0,2524.05,0,475.36,14721.34,8529.11,8727.37,0,0,2867.38,20383.91,308.11,0,18229.48,2097.38,5254.47,88609.88,0,24240.45,0,0,122255.06,0,0,0,3505.24,3358.16,0,34776.4,35787.45,80.36,3380.06,22178.29,0,0,0,0
2006-06-27 14:00:00,0,2617.46,0,489.68,15152.92,8871.3,8909.38,0,0,2886.79,20379.13,317.6,0,18616.53,2123.74,5371.0,89929.88,0,24313.35,0,0,124587.0,0,0,0,3677.71,3509.22,0,36018.68,36466.45,83.26,3497.28,22766.63,0,0,0,0
2006-06-27 15:00:00,0,2689.69,0,498.8,15466.81,9166.69,8979.53,0,0,2884.36,20485.64,331.47,0,18990.69,2136.18,5435.9,90744.96,0,24329.28,0,0,125690.9,0,0,0,3794.18,3609.97,0,36878.75,37111.54,85.69,3623.39,23187.24,0,0,0,0
2006-06-27 16:00:00,0,2763.36,0,493.74,15547.47,9265.9,9057.16,0,0,2888.41,20370.93,346.18,0,19344.04,2151.76,5457.25,91089.81,0,24289.7,0,0,126116.0,0,0,0,3861.04,3664.67,0,37263.28,37719.8,87.38,3676.92,23477.58,0,0,0,0
2006-06-27 17:00:00,0,2828.91,0,477.63,15536.27,9172.02,9129.6,0,0,2858.46,20145.72,353.01,0,19412.45,2132.57,5459.38,91108.85,0,24141.29,0,0,125625.01,0,0,0,3865.9,3687.11,0,37314.15,38247.58,87.56,3646.54,23533.19,0,0,0,0
2006-06-27 18:00:00,0,2824.98,0,464.44,15349.36,8991.86,9173.12,0,0,2854.34,20021.62,345.33,0,19092.25,2126.26,5403.2,90103.41,0,23633.71,0,0,124728.92,0,0,0,3843.07,3672.53,0,36843.98,38189.86,86.4,3595.77,23336.41,0,0,0,0
2006-06-27 19:00:00,0,2909.64,0,440.38,15693.04,8816.36,9126.75,0,0,2842.16,19398.31,328.4,0,18853.21,2062.64,5014.15,89354.72,0,22845.56,0,0,118256.65,0,0,0,3727.83,3506.5,0,35808.44,38710.46,83.01,3351.64,23229.5,0,0,0,0
2006-06-27 20:00:00,0,2816.13,0,426.54,15069.67,8458.56,8555.02,0,0,2674.0,18534.05,327.49,0,18159.22,1919.31,5058.86,88951.06,0,22477.41,0,0,118064.29,0,0,0,3608.48,3380.01,0,34524.25,37653.56,83.29,3252.04,22210.47,0,0,0,0
2006-06-27 21:00:00,0,2529.42,0,401.75,14264.54,7846.96,8008.87,0,0,2502.19,17510.35,309.05,0,16969.69,1799.06,4720.07,84374.95,0,21479.56,0,0,112310.31,0,0,0,3430.38,3220.72,0,33013.55,35584.34,78.72,3029.09,21416.63,0,0,0,0
2006-06-27 22:00:00,0,2346.91,0,373.89,13128.01,7163.71,7476.42,0,0,2337.61,16375.19,282.91,0,15856.02,1682.85,4418.51,80543.05,0,20265.28,0,0,107287.87,0,0,0,3183.5,2995.92,0,30347.2,33625.04,73.46,2815.88,19804.83,0,0,0,0
2006-06-27 23:00:00,0,2087.86,0,344.03,12012.99,6503.38,6951.46,0,0,2179.22,15165.03,257.6,0,14823.33,1561.43,4132.41,75939.05,0,18971.84,0,0,102530.43,0,0,0,2951.68,2784.15,0,28122.45,30964.38,68.53,2614.82,18251.06,0,0,0,0
2006-06-28 00:00:00,0,1868.26,0,313.2,10980.91,5860.87,6417.18,0,0,2028.83,14007.11,234.31,0,13816.23,1441.39,3869.78,71607.44,0,17917.61,0,0,97903.7,0,0,0,2739.49,2593.05,0,26025.8,28677.12,65.33,2425.21,16768.81,0,0,0,0
2006-06-28 01:00:00,0,1692.73,0,284.78,10185.76,5386.59,5885.29,0,0,1888.68,12942.62,214.4,0,13032.9,1328.64,3630.42,67422.1,0,16949.7,0,0,93540.18,0,0,0,2594.79,2432.78,0,24292.56,26722.91,62.83,2252.81,15430.44,0,0,0,0
2006-06-28 02:00:00,0,1558.19,0,261.43,9744.85,5102.68,5546.7,0,0,1775.69,12231.63,198.05,0,12610.88,1245.91,3417.07,64021.21,0,16224.89,0,0,90014.84,0,0,0,2508.3,2331.35,0,23201.8,25143.09,60.36,2151.17,14534.89,0,0,0,0
2006-06-28 03:00:00,0,1488.11,0,253.8,9523.28,4962.82,5393.15,0,0,1715.73,11846.15,188.71,0,12411.92,1204.96,3274.91,61990.79,0,16031.99,0,0,87814.88,0,0,0,2458.04,2282.0,0,22648.0,24190.79,58.47,2104.64,14103.11,0,0,0,0
2006-06-28 04:00:00,0,1469.78,0,259.65,9599.03,5007.8,5477.56,0,0,1735.65,11860.94,190.34,0,12449.62,1240.34,3300.43,61436.27,0,16279.71,0,0,87362.69,0,0,0,2473.45,2287.79,0,22641.54,23754.5,58.05,2129.69,14079.41,0,0,0,0
2006-06-28 05:00:00,0,1510.44,0,268.17,9980.02,5150.34,5590.85,0,0,1784.6,12179.5,195.77,0,13447.79,1282.27,3371.23,62286.53,0,17083.19,0,0,88309.24,0,0,0,2521.54,2308.04,0,22800.4,23909.23,58.69,2171.35,14426.21,0,0,0,0
2006-06-28 06:00:00,0,1568.29,0,292.61,10758.49,5386.32,5978.26,0,0,1898.68,12850.54,205.02,0,14531.24,1371.36,3641.37,65600.31,0,18632.21,0,0,94224.47,0,0,0,2584.68,2375.69,0,23639.48,24490.58,59.58,2272.43,15080.86,0,0,0,0
2006-06-28 07:00:00,0,1731.19,0,323.61,11356.0,5931.04,6459.81,0,0,2073.46,14178.22,226.4,0,15190.72,1476.32,3810.18,69499.35,0,19430.66,0,0,98445.82,0,0,0,2743.91,2514.18,0,24625.37,26357.2,61.51,2452.58,15765.51,0,0,0,0
2006-06-28 08:00:00,0,1899.44,0,347.86,12125.2,6524.0,6925.8,0,0,2278.03,15588.84,240.49,0,15799.83,1570.6,4111.38,73540.19,0,19912.69,0,0,103417.12,0,0,0,2922.68,2720.9,0,26608.95,28202.75,65.14,2672.16,16905.69,0,0,0,0
2006-06-28 09:00:00,0,2160.26,0,372.56,12980.28,7260.03,7701.85,0,0,2482.05,17228.58,253.04,0,16409.14,1733.67,4372.92,77761.67,0,20685.28,0,0,108196.2,0,0,0,3210.85,3081.4,0,28294.36,31086.65,70.61,2940.95,18170.72,0,0,0,0
2006-06-28 10:00:00,0,2364.4,0,404.63,14205.55,8055.08,8464.74,0,0,2723.14,18991.82,271.22,0,16824.58,1905.93,4652.18,80744.82,0,21368.52,0,0,113303.73,0,0,0,3531.65,3391.57,0,30795.26,33601.08,74.92,3197.91,19083.93,0,0,0,0
2006-06-28 11:00:00,0,2589.5,0,431.62,15165.13,8704.39,8987.22,0,0,2904.41,20288.29,283.14,0,17006.92,2048.4,4885.99,83425.66,0,22365.23,0,0,119786.11,0,0,0,3725.53,3579.61,0,32699.29,35779.43,77.9,3412.6,20197.83,0,0,0,0
2006-06-28 12:00:00,0,2734.59,0,452.75,15864.09,9131.98,9323.32,0,0,3005.31,20912.08,293.71,0,17061.28,2145.17,5038.12,85850.52,0,23633.07,0,0,125085.18,0,0,0,3855.0,3707.88,0,34107.61,37441.64,80.56,3557.87,21274.05,0,0,0,0
2006-06-28 13:00:00,0,2855.12,0,470.18,16472.76,9334.18,9654.08,0,0,3057.13,21048.35,304.4,0,17332.46,2188.58,5119.66,87773.29,0,24306.1,0,0,128358.79,0,0,0,3958.54,3808.27,0,35240.66,38714.26,83.05,3643.49,21990.69,0,0,0,0
2006-06-28 14:00:00,0,2965.09,0,482.18,16931.73,9351.02,9969.23,0,0,3021.63,20601.07,313.08,0,17681.92,2167.52,5214.22,89249.23,0,24901.4,0,0,130497.73,0,0,0,4044.92,3885.93,0,36128.29,39762.83,85.23,3705.73,22551.77,0,0,0,0
2006-06-28 15:00:00,0,3073.74,0,466.1,17242.58,9390.88,10191.86,0,0,2990.28,20666.28,333.19,0,17854.23,2180.67,5296.64,90105.76,0,25074.72,0,0,132467.3,0,0,0,4081.2,3918.84,0,36697.42,40564.65,87.27,3770.11,22935.88,0,0,0,0
2006-06-28 16:00:00,0,3164.59,0,444.05,17390.88,9408.41,10239.61,0,0,2963.21,20434.62,352.18,0,18091.07,2195.44,5348.2,90494.04,0,25129.12,0,0,133581.63,0,0,0,4033.98,3909.43,0,36882.52,41170.55,88.53,3823.12,23273.11,0,0,0,0
2006-06-28 17:00:00,0,3246.95,0,444.57,17336.46,9399.2,10098.14,0,0,2948.25,20087.64,357.64,0,18309.71,2199.76,5369.06,90798.44,0,25056.86,0,0,133300.18,0,0,0,3943.23,3856.64,0,36816.5,41788.17,88.99,3828.23,23414.6,0,0,0,0
2006-06-28 18:00:00,0,3257.44,0,446.51,16981.92,9200.73,9929.95,0,0,2876.1,19821.95,350.57,0,18312.8,2168.33,5324.76,90246.73,0,24640.8,0,0,131604.71,0,0,0,3844.98,3772.25,0,36077.11,41558.4,88.45,3776.31,23381.18,0,0,0,0
2006-06-28 19:00:00,0,3305.97,0,428.5,16778.35,8986.07,9593.68,0,0,2848.5,19293.14,328.36,0,18173.14,2076.38,4976.24,89938.48,0,23697.01,0,0,121993.13,0,0,0,3787.71,3614.09,0,35145.73,42283.48,85.63,3476.95,23507.73,0,0,0,0
2006-06-28 20:00:00,0,3205.78,0,419.56,15989.46,8574.55,8930.68,0,0,2673.83,18399.04,323.86,0,17550.86,1933.16,5055.38,88901.57,0,23449.75,0,0,120978.71,0,0,0,3688.5,3468.82,0,34001.31,40555.74,86.32,3334.85,22357.32,0,0,0,0
2006-06-28 21:00:00,0,2906.58,0,393.63,14948.87,7936.02,8329.67,0,0,2501.93,17335.67,302.86,0,16506.85,1782.81,4725.25,84167.74,0,22488.62,0,0,114158.73,0,0,0,3499.21,3289.43,0,32397.9,38553.31,81.6,3095.37,21486.37,0,0,0,0
2006-06-28 22:00:00,0,2683.45,0,365.12,13520.86,7245.91,7770.35,0,0,2335.37,16212.28,278.08,0,15470.14,1654.36,4404.24,80389.6,0,21314.01,0,0,107465.01,0,0,0,3242.49,3055.39,0,29771.14,36723.5,76.0,2862.47,19920.86,0,0,0,0
2006-06-28 23:00:00,0,2360.27,0,337.83,12306.3,6580.62,7194.72,0,0,2183.18,15090.73,255.74,0,14499.01,1550.38,4125.5,75725.35,0,20230.66,0,0,101789.37,0,0,0,3009.24,2838.82,0,27552.77,33658.69,70.59,2654.22,18285.55,0,0,0,0
2006-06-29 00:00:00,0,2115.98,0,312.16,11221.38,5936.01,6613.28,0,0,2041.34,13967.42,234.17,0,13620.07,1442.6,3859.27,71271.66,0,19266.69,0,0,96338.04,0,0,0,2801.63,2647.13,0,25449.33,31181.08,66.79,2463.1,16793.09,0,0,0,0
2006-06-29 01:00:00,0,1897.42,0,287.08,10366.17,5454.0,6053.98,0,0,1904.54,12941.37,214.51,0,13024.86,1334.2,3620.54,66979.98,0,18027.93,0,0,91789.46,0,0,0,2652.91,2472.26,0,23727.54,28924.27,64.5,2278.34,15410.27,0,0,0,0
2006-06-29 02:00:00,0,1760.57,0,264.4,9865.71,5167.51,5718.56,0,0,1788.84,12246.89,199.03,0,12943.94,1249.39,3397.34,63628.07,0,17139.18,0,0,87891.72,0,0,0,2555.76,2356.32,0,22692.55,27302.02,62.36,2171.28,14568.04,0,0,0,0
2006-06-29 03:00:00,0,1635.13,0,256.59,9617.66,4999.3,5586.65,0,0,1727.6,11832.67,191.06,0,12913.2,1222.06,3260.62,61491.17,0,16761.75,0,0,85719.03,0,0,0,2486.08,2297.33,0,22189.95,26019.23,60.91,2116.36,14164.9,0,0,0,0
2006-06-29 04:00:00,0,1575.1,0,263.33,9665.73,5041.44,5627.26,0,0,1736.39,11808.69,194.34,0,12980.92,1253.12,3287.47,61051.37,0,16633.55,0,0,85125.64,0,0,0,2490.02,2296.48,0,22122.03,25194.61,60.21,2133.41,14039.87,0,0,0,0
2006-06-29 05:00:00,0,1584.86,0,271.49,10011.15,5170.47,5739.85,0,0,1772.46,12075.53,198.89,0,13493.05,1280.99,3359.78,61996.5,0,17308.58,0,0,86010.91,0,0,0,2529.16,2312.49,0,22248.26,25025.28,60.37,2175.57,14329.34,0,0,0,0
2006-06-29 06:00:00,0,1607.48,0,286.32,10862.59,5337.89,6129.82,0,0,1845.92,12557.6,204.78,0,14551.04,1338.96,3614.68,64642.58,0,18956.57,0,0,91457.67,0,0,0,2582.86,2372.33,0,22891.74,25409.64,60.96,2244.63,15070.42,0,0,0,0
2006-06-29 07:00:00,0,1808.93,0,324.12,11417.94,5856.49,6573.29,0,0,2036.49,13889.61,222.35,0,15218.48,1448.6,3858.36,69241.16,0,20384.61,0,0,96048.84,0,0,0,2728.59,2515.03,0,23906.72,27792.92,63.37,2439.62,15789.47,0,0,0,0
2006-06-29 08:00:00,0,2017.08,0,346.8,12046.87,6429.99,6972.6,0,0,2225.21,15235.24,235.57,0,15841.15,1535.86,4141.58,73026.87,0,21522.24,0,0,101853.73,0,0,0,2915.91,2676.74,0,26041.2,30014.21,67.55,2646.68,16963.97,0,0,0,0
2006-06-29 09:00:00,0,2252.98,0,377.98,12706.39,7179.82,7559.27,0,0,2427.62,16742.55,251.15,0,16791.71,1694.57,4433.88,77013.51,0,22364.39,0,0,107238.16,0,0,0,3140.73,2963.36,0,27900.76,32749.29,71.72,2922.64,18380.98,0,0,0,0
2006-06-29 10:00:00,0,2514.15,0,414.03,13683.13,7879.94,8261.05,0,0,2637.0,18335.01,266.19,0,17471.98,1858.18,4739.73,80242.76,0,22837.23,0,0,111894.58,0,0,0,3415.64,3260.09,0,30064.46,35178.45,75.86,3172.98,19356.86,0,0,0,0
2006-06-29 11:00:00,0,2771.3,0,443.25,14540.31,8480.17,8778.69,0,0,2819.79,19550.12,270.67,0,17951.41,1935.04,5018.95,82961.87,0,23276.77,0,0,116653.17,0,0,0,3605.18,3474.75,0,31962.33,37654.64,79.54,3367.15,20747.21,0,0,0,0
2006-06-29 12:00:00,0,2982.92,0,465.19,15179.07,8896.89,9115.05,0,0,2950.82,20258.86,283.21,0,18315.83,1925.1,5217.85,85763.63,0,23606.73,0,0,120163.02,0,0,0,3728.33,3589.23,0,33368.89,39620.9,82.77,3510.63,21987.05,0,0,0,0
2006-06-29 13:00:00,0,3153.38,0,477.4,15680.96,9119.37,9358.33,0,0,3032.97,20803.54,296.39,0,18661.44,1932.58,5330.9,88236.87,0,23854.26,0,0,122184.84,0,0,0,3832.07,3680.62,0,34523.55,41035.3,86.09,3605.06,22767.58,0,0,0,0
2006-06-29 14:00:00,0,3299.56,0,479.12,16043.89,9056.83,9602.28,0,0,3037.67,21086.57,311.46,0,18927.94,1974.85,5409.2,89944.92,0,23683.71,0,0,123343.66,0,0,0,3926.75,3760.7,0,35604.86,42226.65,88.66,3611.51,23402.31,0,0,0,0
2006-06-29 15:00:00,0,3407.73,0,464.96,16330.19,9111.27,9806.9,0,0,3025.38,21166.82,320.01,0,19100.03,2024.08,5457.73,91336.06,0,23663.91,0,0,124139.12,0,0,0,3990.08,3822.36,0,36387.3,43103.78,91.18,3697.87,23916.74,0,0,0,0
2006-06-29 16:00:00,0,3460.12,0,471.11,16528.0,9357.19,9949.86,0,0,3047.46,21278.68,336.0,0,19030.23,2054.0,5478.54,91821.77,0,23455.66,0,0,124738.91,0,0,0,4044.6,3867.26,0,36900.04,43677.32,93.11,3812.25,24279.21,0,0,0,0
2006-06-29 17:00:00,0,3502.16,0,488.32,16538.71,9485.49,9923.99,0,0,3066.62,21155.65,343.99,0,18830.42,2080.3,5448.48,91926.54,0,23332.96,0,0,124449.51,0,0,0,4027.46,3863.97,0,37071.6,44097.2,93.35,3854.1,24280.61,0,0,0,0
2006-06-29 18:00:00,0,3494.37,0,483.24,16575.43,9384.67,9835.35,0,0,2983.71,20471.95,340.21,0,18473.8,2112.41,5314.6,91353.8,0,22961.8,0,0,122109.33,0,0,0,3966.69,3818.12,0,36814.99,43590.8,92.13,3794.62,24432.53,0,0,0,0
2006-06-29 19:00:00,0,3557.02,0,451.11,16741.3,9109.45,9576.87,0,0,2915.04,19547.46,331.6,0,18251.27,2085.63,4972.14,90760.65,0,22385.08,0,0,113787.73,0,0,0,3801.47,3574.24,0,36080.71,44812.65,87.9,3492.99,24506.2,0,0,0,0
2006-06-29 20:00:00,0,3400.85,0,427.14,15545.93,8637.96,8837.28,0,0,2713.16,18584.75,327.73,0,17464.99,1945.7,4960.21,89659.0,0,22346.9,0,0,114359.38,0,0,0,3700.29,3430.16,0,34457.43,42773.82,87.79,3349.51,23167.98,0,0,0,0
2006-06-29 21:00:00,0,3075.86,0,404.15,14737.04,7979.98,8186.28,0,0,2526.2,17371.28,309.78,0,16429.07,1795.55,4580.13,85041.13,0,21599.9,0,0,107457.04,0,0,0,3486.72,3253.68,0,32892.89,40791.91,82.37,3103.65,22196.67,0,0,0,0
2006-06-29 22:00:00,0,2860.96,0,378.2,13387.45,7263.63,7577.42,0,0,2348.22,16157.42,284.3,0,15369.69,1659.81,4246.02,80982.93,0,20439.07,0,0,100959.63,0,0,0,3212.52,3014.28,0,30310.22,38658.42,77.2,2868.26,20551.2,0,0,0,0
2006-06-29 23:00:00,0,2502.98,0,351.62,12194.85,6586.73,7001.49,0,0,2183.56,14968.87,259.58,0,14312.78,1534.43,3952.2,76481.22,0,19213.23,0,0,95316.21,0,0,0,2959.21,2787.72,0,28039.24,35396.08,72.19,2649.16,18887.2,0,0,0,0
2006-06-30 00:00:00,0,2180.75,0,322.89,11166.22,5930.47,6429.99,0,0,2025.71,13802.28,236.32,0,13258.66,1421.24,3688.55,72202.99,0,17994.07,0,0,89961.2,0,0,0,2738.24,2582.31,0,25955.43,32587.67,68.16,2457.73,17338.15,0,0,0,0
2006-06-30 01:00:00,0,1938.84,0,297.57,10338.12,5429.14,5921.65,0,0,1875.64,12738.73,216.82,0,12657.91,1310.84,3444.14,68076.66,0,16812.34,0,0,85373.03,0,0,0,2582.46,2402.83,0,24253.12,30201.3,65.64,2267.23,15869.19,0,0,0,0
2006-06-30 02:00:00,0,1759.66,0,276.54,9751.92,5148.01,5553.59,0,0,1753.08,11985.78,201.86,0,12536.06,1231.78,3230.69,64758.18,0,16076.67,0,0,81392.33,0,0,0,2476.28,2296.57,0,23164.01,28259.56,63.16,2177.31,14874.08,0,0,0,0
2006-06-30 03:00:00,0,1639.72,0,266.3,9418.42,4990.45,5363.07,0,0,1694.81,11580.4,193.99,0,12508.55,1210.63,3127.26,62470.28,0,15525.1,0,0,79037.66,0,0,0,2420.06,2241.41,0,22346.67,26963.3,61.15,2122.92,14372.15,0,0,0,0
2006-06-30 04:00:00,0,1574.7,0,268.74,9421.85,5032.33,5406.32,0,0,1715.43,11609.29,195.58,0,12486.16,1246.85,3183.4,61959.23,0,15287.31,0,0,78746.66,0,0,0,2413.96,2248.53,0,22097.56,26146.22,60.29,2130.85,14230.61,0,0,0,0
2006-06-30 05:00:00,0,1588.61,0,275.6,9752.43,5181.85,5524.0,0,0,1767.85,11918.08,200.08,0,13017.62,1284.32,3269.64,62859.4,0,16170.01,0,0,80221.09,0,0,0,2460.94,2273.28,0,22203.62,26019.57,60.65,2177.39,14521.16,0,0,0,0
2006-06-30 06:00:00,0,1622.73,0,291.5,10770.89,5419.75,5944.37,0,0,1861.21,12485.29,205.92,0,13983.52,1353.54,3516.3,65673.89,0,17592.7,0,0,86316.22,0,0,0,2528.46,2331.93,0,23147.12,26305.36,61.36,2277.51,15206.55,0,0,0,0
2006-06-30 07:00:00,0,1835.83,0,327.27,11361.54,5895.38,6344.63,0,0,2033.96,13667.93,221.42,0,14474.71,1472.3,3682.75,70665.21,0,18209.48,0,0,90428.35,0,0,0,2673.0,2461.38,0,24166.7,28578.55,63.62,2474.35,16053.82,0,0,0,0
2006-06-30 08:00:00,0,2093.79,0,353.66,11944.44,6373.03,6706.83,0,0,2196.41,14972.46,241.07,0,14808.91,1580.69,3990.36,75025.62,0,18968.65,0,0,96359.41,0,0,0,2909.82,2662.13,0,26648.51,31192.73,68.23,2635.31,17264.14,0,0,0,0
2006-06-30 09:00:00,0,2394.69,0,389.89,12571.62,6934.34,7253.54,0,0,2372.01,16292.82,254.62,0,15141.11,1771.29,4290.28,80209.76,0,19857.08,0,0,101272.14,0,0,0,3180.0,2973.02,0,28985.91,34273.41,72.93,2868.41,18739.66,0,0,0,0
2006-06-30 10:00:00,0,2689.44,0,427.32,13445.42,7584.99,7863.63,0,0,2546.88,17869.89,280.85,0,15502.18,1947.22,4517.33,83986.86,0,20368.69,0,0,104261.12,0,0,0,3432.02,3255.56,0,31227.64,37083.57,77.28,3121.17,19845.51,0,0,0,0
2006-06-30 11:00:00,0,2884.24,0,452.07,14276.48,8208.49,8322.45,0,0,2735.85,19238.21,305.03,0,15738.28,2081.68,4821.9,87786.33,0,20780.43,0,0,108054.53,0,0,0,3616.06,3458.15,0,32996.14,39343.86,80.95,3291.21,21487.65,0,0,0,0
2006-06-30 12:00:00,0,3084.53,0,468.35,14932.59,8680.04,8618.88,0,0,2848.63,20098.71,321.67,0,15935.93,2157.63,5090.87,91202.58,0,21140.09,0,0,111301.62,0,0,0,3749.13,3586.1,0,34380.81,41252.3,84.11,3387.91,22776.85,0,0,0,0
2006-06-30 13:00:00,0,3255.47,0,481.88,15547.48,9013.6,8916.27,0,0,2896.28,20551.19,328.72,0,16168.09,2195.69,5292.37,93888.48,0,21436.16,0,0,114039.95,0,0,0,3872.22,3693.22,0,35486.77,42714.84,86.98,3496.63,23599.37,0,0,0,0
2006-06-30 14:00:00,0,3396.4,0,493.33,16041.64,9288.59,9226.42,0,0,2948.28,20739.8,336.31,0,16427.69,2211.59,5471.79,95908.4,0,21859.06,0,0,117004.38,0,0,0,3994.44,3801.43,0,36515.9,43862.93,89.44,3655.95,24284.58,0,0,0,0
2006-06-30 15:00:00,0,3502.2,0,487.26,16434.68,9411.43,9524.53,0,0,2977.3,21046.47,345.34,0,16603.94,2229.71,5628.4,97229.4,0,22188.02,0,0,119683.7,0,0,0,4089.63,3901.1,0,37344.02,44621.32,91.64,3752.76,24888.78,0,0,0,0
2006-06-30 16:00:00,0,3566.77,0,488.66,16699.79,9419.03,9688.83,0,0,3012.55,21138.64,338.76,0,16887.11,2184.05,5757.43,97751.5,0,22377.72,0,0,121780.33,0,0,0,4158.41,3969.42,0,37992.93,45172.84,93.52,3769.11,25281.12,0,0,0,0
2006-06-30 17:00:00,0,3580.37,0,494.97,16750.12,9303.99,9716.32,0,0,2944.6,20755.93,324.44,0,17125.59,2104.92,5822.57,97663.53,0,22499.21,0,0,122492.63,0,0,0,4151.76,3964.14,0,38166.51,45435.19,92.91,3734.33,25197.24,0,0,0,0
2006-06-30 18:00:00,0,3549.41,0,489.3,16548.93,9150.73,9616.13,0,0,2890.77,20161.24,321.29,0,17187.11,2064.37,5795.24,96894.28,0,22268.46,0,0,121800.45,0,0,0,4056.49,3891.88,0,37809.68,44637.11,90.32,3687.99,25245.23,0,0,0,0
2006-06-30 19:00:00,0,3635.56,0,433.15,15065.53,8593.18,9283.9,0,0,2794.09,18951.25,311.45,0,16421.9,2065.78,5222.02,90672.88,0,20727.71,0,0,108530.2,0,0,0,3776.78,3638.98,0,36596.59,43358.03,78.15,3292.62,24047.72,0,0,0,0
2006-06-30 20:00:00,0,3489.22,0,444.3,14671.89,8211.16,8565.84,0,0,2620.02,18015.9,306.56,0,15782.48,1992.0,5162.06,90594.51,0,21037.87,0,0,109583.14,0,0,0,3700.43,3516.33,0,35230.81,42719.19,78.5,3176.53,22982.11,0,0,0,0
2006-06-30 21:00:00,0,3171.05,0,426.94,13953.65,7726.84,7961.33,0,0,2457.41,16920.94,296.64,0,14713.27,1858.49,4749.23,86835.45,0,19802.05,0,0,103536.54,0,0,0,3528.85,3338.45,0,33819.35,40302.45,73.92,2994.84,22028.66,0,0,0,0
2006-06-30 22:00:00,0,2956.26,0,399.52,12597.57,7123.15,7351.82,0,0,2310.83,15889.22,274.37,0,13673.98,1746.17,4392.19,83149.1,0,18586.19,0,0,97514.81,0,0,0,3249.51,3111.19,0,31042.14,37623.77,68.99,2818.22,20450.96,0,0,0,0
2006-06-30 23:00:00,0,2655.45,0,369.0,11384.8,6521.08,6760.01,0,0,2159.92,14884.03,253.18,0,12686.86,1627.63,4066.25,78374.71,0,17240.96,0,0,91396.77,0,0,0,2990.47,2889.3,0,28627.9,34990.94,64.84,2640.25,18752.25,0,0,0,0
2006-07-01 00:00:00,0,2379.86,0,340.77,10467.71,5955.75,6199.25,0,0,2018.61,13926.92,233.5,0,11749.48,1507.6,3774.47,73974.83,0,16057.19,0,0,86237.87,0,0,0,2781.92,2691.71,0,26612.13,32909.21,61.2,2464.49,17198.79,0,0,0,0
2006-07-01 01:00:00,0,2130.89,0,315.78,9638.72,5449.32,5684.49,0,0,1882.36,13011.69,214.3,0,11166.47,1401.07,3513.3,70085.52,0,15064.91,0,0,82145.71,0,0,0,2611.36,2517.09,0,25129.32,31045.94,58.12,2308.98,15722.91,0,0,0,0
2006-07-01 02:00:00,0,1942.74,0,292.47,9055.82,5091.07,5270.13,0,0,1771.83,12266.12,200.0,0,10987.5,1319.08,3300.09,66758.44,0,14403.13,0,0,78877.96,0,0,0,2488.08,2389.29,0,23984.23,29298.22,55.33,2182.67,14501.21,0,0,0,0
2006-07-01 03:00:00,0,1804.39,0,274.44,8722.27,4891.6,5095.56,0,0,1705.53,11816.39,189.46,0,10787.51,1260.67,3168.23,64300.94,0,13883.71,0,0,76368.1,0,0,0,2399.66,2280.95,0,23143.18,27754.84,53.37,2091.32,13841.72,0,0,0,0
2006-07-01 04:00:00,0,1711.03,0,255.66,8547.55,4745.87,5029.65,0,0,1685.98,11493.07,182.9,0,10590.94,1234.98,3086.18,62705.43,0,13603.88,0,0,75327.46,0,0,0,2366.65,2270.97,0,22654.29,26678.17,52.11,2030.81,13406.97,0,0,0,0
2006-07-01 05:00:00,0,1661.91,0,247.58,8459.21,4726.62,5027.76,0,0,1688.96,11470.94,181.98,0,10623.9,1237.48,3040.65,61706.26,0,13684.76,0,0,75213.27,0,0,0,2354.13,2264.82,0,22274.96,25928.81,51.64,2015.23,13071.09,0,0,0,0
2006-07-01 06:00:00,0,1659.91,0,250.96,8851.65,4866.57,5259.55,0,0,1731.7,11696.3,185.12,0,11150.43,1264.97,3115.09,61993.31,0,14488.96,0,0,77371.26,0,0,0,2352.69,2321.89,0,22161.39,25706.84,51.59,2062.52,13516.91,0,0,0,0
2006-07-01 07:00:00,0,1868.97,0,267.11,9370.88,5364.61,5758.11,0,0,1866.46,12927.42,199.05,0,11916.93,1357.25,3296.04,64151.34,0,15721.65,0,0,82912.25,0,0,0,2467.54,2487.69,0,22592.47,26454.15,53.05,2217.23,14092.58,0,0,0,0
2006-07-01 08:00:00,0,2142.96,0,298.72,10152.7,6095.95,6402.2,0,0,2090.49,14702.86,216.33,0,12626.97,1482.36,3595.46,68091.66,0,16933.74,0,0,89001.46,0,0,0,2708.8,2704.0,0,25211.31,28788.77,56.67,2419.45,15696.48,0,0,0,0
2006-07-01 09:00:00,0,2525.75,0,341.9,11069.96,6879.6,7265.44,0,0,2310.18,16500.68,234.08,0,13342.89,1661.84,3936.94,73190.99,0,18033.54,0,0,95461.17,0,0,0,3003.69,3019.16,0,27797.41,31977.11,61.46,2728.66,17301.07,0,0,0,0
2006-07-01 10:00:00,0,2835.15,0,384.09,12123.76,7687.99,7854.21,0,0,2518.24,18152.56,264.33,0,13702.07,1826.98,4397.34,78167.49,0,18779.07,0,0,101141.88,0,0,0,3269.5,3294.16,0,30735.77,34826.28,66.44,3028.79,19149.06,0,0,0,0
2006-07-01 11:00:00,0,3069.19,0,419.54,13003.34,8269.04,8342.51,0,0,2676.04,19161.94,283.45,0,13717.75,1884.08,4751.99,82552.76,0,19263.98,0,0,106132.9,0,0,0,3455.74,3491.78,0,32800.2,36922.98,70.75,3287.89,20844.51,0,0,0,0
2006-07-01 12:00:00,0,3252.29,0,421.34,13858.75,8657.11,8727.16,0,0,2774.55,19922.45,298.77,0,13636.42,1940.82,5021.95,86415.67,0,19700.83,0,0,110479.18,0,0,0,3600.01,3655.82,0,34262.84,38760.41,74.23,3454.19,22092.31,0,0,0,0
2006-07-01 13:00:00,0,3401.14,0,420.9,14531.61,8952.22,8984.97,0,0,2881.26,20666.4,311.39,0,13740.94,1977.02,5225.39,89190.0,0,20072.36,0,0,114356.0,0,0,0,3719.95,3794.49,0,35502.04,40408.59,77.79,3529.24,23172.17,0,0,0,0
2006-07-01 14:00:00,0,3544.57,0,426.74,15164.89,9094.62,9282.92,0,0,2911.85,20994.0,320.59,0,14187.67,2032.69,5387.02,91521.36,0,20118.93,0,0,117785.2,0,0,0,3824.05,3899.1,0,36611.43,41571.99,80.43,3564.45,24090.02,0,0,0,0
2006-07-01 15:00:00,0,3667.79,0,431.98,15691.06,9135.05,9560.22,0,0,2920.52,21020.39,327.52,0,14587.87,2077.89,5521.84,93096.92,0,19982.18,0,0,119987.2,0,0,0,3922.74,3985.53,0,37602.06,42558.91,82.28,3591.29,24816.51,0,0,0,0
2006-07-01 16:00:00,0,3747.05,0,436.39,16115.9,9254.48,9763.08,0,0,2953.28,20951.26,331.24,0,15069.66,2115.41,5607.23,93836.76,0,19863.69,0,0,121645.6,0,0,0,3979.01,4032.33,0,38262.67,43099.97,83.46,3610.29,25269.18,0,0,0,0
2006-07-01 17:00:00,0,3767.55,0,436.13,16367.62,9263.36,9897.06,0,0,2932.09,20493.61,336.66,0,15581.34,2091.2,5588.15,94221.21,0,19860.17,0,0,122191.86,0,0,0,4001.79,4031.79,0,38515.23,43233.76,84.01,3570.18,25174.23,0,0,0,0
2006-07-01 18:00:00,0,3719.92,0,436.74,16374.86,9109.23,9887.63,0,0,2844.94,20000.31,338.31,0,15465.27,2080.22,5587.79,94184.89,0,20051.09,0,0,121769.81,0,0,0,3962.9,3961.08,0,38214.2,42772.79,83.36,3487.78,24941.0,0,0,0,0
2006-07-01 19:00:00,0,3750.31,0,434.81,15993.58,8704.67,9635.18,0,0,2839.07,19147.13,321.92,0,16406.45,2081.07,5370.71,95971.0,0,21353.67,0,0,114923.04,0,0,0,3850.74,3694.21,0,37492.83,43700.6,81.61,3347.87,24683.76,0,0,0,0
2006-07-01 20:00:00,0,3584.73,0,432.42,15551.41,8351.16,8929.95,0,0,2684.6,18139.02,312.01,0,15598.6,1964.63,5364.24,95144.93,0,21615.87,0,0,115195.82,0,0,0,3725.47,3564.06,0,35854.06,43171.62,81.84,3233.64,23666.64,0,0,0,0
2006-07-01 21:00:00,0,3288.04,0,406.83,14883.49,7870.13,8361.03,0,0,2511.02,17013.34,300.41,0,14690.4,1851.13,4949.01,91707.44,0,20493.83,0,0,108776.38,0,0,0,3551.96,3388.21,0,34399.0,40883.95,77.42,3036.45,22633.38,0,0,0,0
2006-07-01 22:00:00,0,3096.92,0,376.92,13611.95,7249.23,7784.48,0,0,2351.2,15963.1,276.22,0,13829.01,1740.05,4592.19,87802.23,0,19318.43,0,0,103257.94,0,0,0,3286.78,3162.44,0,31845.84,38639.49,72.66,2851.31,21011.99,0,0,0,0
2006-07-01 23:00:00,0,2830.53,0,349.15,12405.55,6632.73,7218.4,0,0,2190.43,14905.94,253.9,0,13010.43,1632.92,4282.65,83023.91,0,18260.23,0,0,98732.49,0,0,0,3050.14,2951.67,0,29531.31,36330.14,68.34,2661.99,19355.99,0,0,0,0
2006-07-02 00:00:00,0,2564.38,0,326.33,11379.19,6044.76,6634.43,0,0,2044.01,13906.52,232.21,0,12259.46,1522.37,3986.53,78634.65,0,17198.75,0,0,94676.02,0,0,0,2843.31,2749.64,0,27513.76,34220.26,64.4,2475.58,17880.35,0,0,0,0
2006-07-02 01:00:00,0,2342.64,0,302.74,10544.26,5515.11,6117.03,0,0,1904.38,12981.29,211.92,0,11694.84,1419.02,3701.13,74036.53,0,16342.16,0,0,90634.89,0,0,0,2657.83,2566.17,0,26159.24,32316.39,61.32,2313.32,16546.24,0,0,0,0
2006-07-02 02:00:00,0,2153.76,0,278.77,9846.24,5150.01,5680.36,0,0,1785.9,12280.12,197.38,0,11554.79,1333.89,3459.74,69920.9,0,15661.7,0,0,87273.46,0,0,0,2539.69,2438.41,0,25078.24,30655.45,59.28,2180.25,15280.45,0,0,0,0
2006-07-02 03:00:00,0,2010.33,0,262.95,9379.81,4959.02,5428.3,0,0,1721.32,11875.57,188.34,0,11445.2,1274.23,3280.36,67144.99,0,15172.26,0,0,84799.69,0,0,0,2437.64,2331.97,0,24219.21,29146.96,56.78,2098.07,14694.41,0,0,0,0
2006-07-02 04:00:00,0,1907.31,0,258.36,9135.7,4815.25,5321.41,0,0,1706.33,11597.05,183.7,0,11333.02,1251.53,3157.29,65570.15,0,14966.2,0,0,83717.82,0,0,0,2397.24,2318.75,0,23744.51,27910.25,55.15,2041.48,14216.97,0,0,0,0
2006-07-02 05:00:00,0,1842.58,0,257.08,9000.49,4804.37,5275.71,0,0,1718.17,11611.54,183.81,0,11302.83,1260.72,3098.13,64674.78,0,15277.42,0,0,84149.14,0,0,0,2396.52,2322.82,0,23409.91,26964.26,54.18,2026.24,13885.81,0,0,0,0
2006-07-02 06:00:00,0,1828.53,0,264.6,9408.01,4994.79,5460.23,0,0,1770.06,11866.82,188.6,0,11742.45,1303.7,3209.58,64625.86,0,16111.03,0,0,85894.36,0,0,0,2411.72,2385.37,0,23431.57,26582.99,53.66,2079.38,14174.13,0,0,0,0
2006-07-02 07:00:00,0,1996.28,0,282.6,9975.91,5511.68,5993.96,0,0,1904.66,12934.47,200.36,0,12409.03,1379.11,3461.44,66655.58,0,17115.25,0,0,90273.18,0,0,0,2571.19,2578.53,0,23905.37,27285.2,54.92,2233.8,14793.73,0,0,0,0
2006-07-02 08:00:00,0,2320.11,0,310.45,10766.14,6158.62,6594.06,0,0,2080.43,14272.38,214.41,0,13167.07,1487.4,3869.87,71036.22,0,18182.29,0,0,95738.08,0,0,0,2820.47,2828.14,0,26043.12,29491.95,59.6,2427.95,16572.77,0,0,0,0
2006-07-02 09:00:00,0,2699.57,0,342.07,11829.08,6886.89,7457.14,0,0,2289.11,15617.67,237.88,0,13979.51,1644.65,4263.1,75513.36,0,19442.03,0,0,101838.95,0,0,0,3119.78,3147.32,0,29300.33,32237.55,64.62,2730.95,18175.3,0,0,0,0
2006-07-02 10:00:00,0,3013.15,0,371.73,13136.06,7706.74,8242.5,0,0,2503.89,16665.36,263.77,0,14742.2,1712.3,4740.2,80007.35,0,20657.68,0,0,108954.46,0,0,0,3376.96,3447.66,0,32373.64,35073.38,69.65,3035.06,20544.65,0,0,0,0
2006-07-02 11:00:00,0,3283.35,0,392.62,14136.88,8269.28,8715.75,0,0,2631.6,17878.69,285.0,0,15405.21,1787.88,5086.6,84597.4,0,21732.9,0,0,115075.61,0,0,0,3579.2,3656.38,0,34940.89,37311.23,75.07,3315.91,22331.53,0,0,0,0
2006-07-02 12:00:00,0,3482.22,0,394.02,14870.1,8611.25,9062.79,0,0,2688.33,18672.66,288.58,0,16082.78,1854.49,5279.5,88394.99,0,22552.74,0,0,119980.56,0,0,0,3727.07,3824.58,0,36627.39,39261.17,79.75,3489.44,23535.81,0,0,0,0
2006-07-02 13:00:00,0,3647.05,0,415.79,15513.06,8926.15,9337.76,0,0,2774.97,19221.38,293.73,0,16732.81,1915.8,5427.09,90895.3,0,23106.38,0,0,123404.3,0,0,0,3857.32,3949.27,0,37632.85,40687.17,82.56,3542.09,24467.64,0,0,0,0
2006-07-02 14:00:00,0,3775.31,0,433.44,16129.99,9216.11,9633.51,0,0,2835.2,19470.08,303.7,0,17352.68,1961.96,5545.77,92782.63,0,23546.24,0,0,127226.41,0,0,0,3974.76,4054.17,0,38393.95,41964.16,84.83,3615.98,25278.28,0,0,0,0
2006-07-02 15:00:00,0,3901.16,0,431.02,16551.17,9441.09,9892.43,0,0,2873.38,19758.35,315.28,0,17928.09,1995.9,5660.56,94322.11,0,23825.21,0,0,129810.34,0,0,0,4072.78,4133.81,0,39038.35,42999.52,87.35,3682.43,25949.99,0,0,0,0
2006-07-02 16:00:00,0,3992.52,0,436.65,16921.33,9541.96,10104.38,0,0,2891.65,19708.8,332.07,0,18361.66,2007.04,5740.43,95129.05,0,23967.18,0,0,131565.23,0,0,0,4137.5,4185.17,0,39439.35,43796.96,88.8,3711.5,26243.48,0,0,0,0
2006-07-02 17:00:00,0,4024.4,0,443.24,17140.29,9530.48,10241.74,0,0,2875.5,19585.88,337.64,0,18565.43,2050.0,5779.3,95063.84,0,23939.57,0,0,132056.92,0,0,0,4154.1,4180.11,0,39370.87,44004.57,89.75,3712.46,26284.62,0,0,0,0
2006-07-02 18:00:00,0,3997.47,0,443.69,17151.47,9350.15,10356.45,0,0,2809.87,19505.61,338.29,0,18372.64,2035.66,5689.31,94473.78,0,23666.61,0,0,131479.84,0,0,0,4107.2,4114.92,0,38779.25,43635.45,88.01,3607.62,25830.59,0,0,0,0
2006-07-02 19:00:00,0,3920.87,0,457.61,18237.81,9103.94,10298.75,0,0,2882.79,19185.7,334.67,0,20005.36,2075.19,5737.2,99652.78,0,25888.48,0,0,132828.25,0,0,0,4105.38,3882.25,0,38563.5,46712.76,92.32,3466.56,26557.7,0,0,0,0
2006-07-02 20:00:00,0,3806.13,0,442.05,17135.07,8690.95,9511.93,0,0,2728.64,18426.47,330.73,0,18992.37,1956.14,5697.83,98515.8,0,25457.45,0,0,130606.15,0,0,0,3921.71,3700.46,0,36912.76,45231.76,92.57,3328.0,25324.25,0,0,0,0
2006-07-02 21:00:00,0,3552.55,0,416.92,16263.53,8024.97,8835.91,0,0,2551.12,17439.22,312.09,0,17912.19,1837.0,5344.14,94987.24,0,24477.58,0,0,123720.73,0,0,0,3677.66,3501.93,0,35286.82,43502.47,88.48,3058.53,24520.21,0,0,0,0
2006-07-02 22:00:00,0,3303.86,0,387.29,14854.51,7341.38,8196.37,0,0,2376.42,16360.92,285.88,0,16851.83,1713.22,5063.26,90786.26,0,23198.86,0,0,117023.91,0,0,0,3403.32,3262.21,0,32712.69,41456.59,83.27,2860.58,22911.49,0,0,0,0
2006-07-02 23:00:00,0,2995.71,0,356.74,13648.93,6674.23,7617.79,0,0,2210.83,15254.11,260.4,0,15680.76,1588.01,4779.91,85998.19,0,21830.27,0,0,110420.97,0,0,0,3142.43,3020.39,0,30296.68,38675.48,78.96,2654.67,21237.73,0,0,0,0
2006-07-03 00:00:00,0,2694.0,0,328.54,12545.17,6006.27,7037.59,0,0,2062.55,14147.04,236.97,0,14597.66,1461.0,4526.83,81327.07,0,20324.26,0,0,104449.82,0,0,0,2918.06,2799.33,0,28094.99,35998.9,74.79,2446.03,19789.72,0,0,0,0
2006-07-03 01:00:00,0,2432.17,0,301.66,11563.79,5467.55,6477.61,0,0,1919.03,13052.95,216.12,0,13775.24,1344.5,4279.78,76538.27,0,18847.55,0,0,99195.89,0,0,0,2751.53,2610.61,0,26366.44,33584.28,70.61,2277.03,18520.87,0,0,0,0
2006-07-03 02:00:00,0,2254.11,0,280.24,10938.54,5160.24,6051.23,0,0,1795.36,12278.66,199.85,0,13299.6,1262.7,4049.54,72506.11,0,17830.72,0,0,95069.43,0,0,0,2648.48,2508.38,0,25255.65,31800.67,67.81,2166.27,17412.28,0,0,0,0
2006-07-03 03:00:00,0,2117.35,0,270.43,10556.19,5028.25,5869.95,0,0,1744.66,11884.4,191.45,0,13099.4,1244.3,3907.34,70533.76,0,17364.79,0,0,92971.42,0,0,0,2605.83,2463.42,0,24402.2,30742.66,65.87,2108.51,16616.64,0,0,0,0
2006-07-03 04:00:00,0,2033.42,0,273.36,10470.71,5095.64,5914.61,0,0,1772.05,11906.89,194.3,0,13064.93,1280.28,3892.36,70172.88,0,17160.45,0,0,92774.63,0,0,0,2614.39,2441.21,0,24262.19,30224.13,64.89,2144.51,16266.4,0,0,0,0
2006-07-03 05:00:00,0,2003.07,0,279.29,10789.77,5246.46,6063.58,0,0,1826.74,12267.24,198.5,0,13902.18,1316.98,3985.04,70787.23,0,18114.44,0,0,94845.37,0,0,0,2658.32,2464.89,0,24452.57,29837.93,64.31,2209.8,16404.28,0,0,0,0
2006-07-03 06:00:00,0,1996.9,0,296.33,11660.85,5437.73,6497.47,0,0,1916.72,12872.45,206.07,0,14672.46,1388.34,4164.58,73063.24,0,19861.17,0,0,100322.31,0,0,0,2758.43,2542.35,0,25460.78,29815.25,64.9,2267.72,16836.44,0,0,0,0
2006-07-03 07:00:00,0,2185.64,0,330.57,12414.74,5728.03,7077.15,0,0,2055.39,13988.9,219.69,0,15049.19,1492.35,4477.23,77529.12,0,21241.02,0,0,105298.99,0,0,0,2958.39,2733.23,0,26791.49,31428.67,68.0,2343.7,18011.61,0,0,0,0
2006-07-03 08:00:00,0,2407.23,0,355.46,13206.91,6060.13,7635.12,0,0,2164.07,15042.4,235.36,0,15445.12,1566.94,4768.25,82703.72,0,22342.96,0,0,110170.49,0,0,0,3137.11,2937.16,0,28814.72,33496.19,73.39,2419.62,19521.27,0,0,0,0
2006-07-03 09:00:00,0,2652.14,0,383.05,14293.04,6482.17,8471.93,0,0,2328.28,16027.99,250.83,0,16011.76,1716.37,5014.88,87018.77,0,23284.71,0,0,116882.54,0,0,0,3396.69,3242.28,0,31541.96,35746.77,78.52,2524.7,20897.34,0,0,0,0
2006-07-03 10:00:00,0,2902.32,0,419.52,15727.08,7158.28,9347.68,0,0,2525.86,17488.69,275.18,0,16611.84,1881.66,5281.66,90463.99,0,24219.89,0,0,124794.83,0,0,0,3721.04,3596.72,0,34743.85,37924.01,83.28,2703.05,22874.0,0,0,0,0
2006-07-03 11:00:00,0,3156.57,0,454.46,16883.33,7938.99,9992.89,0,0,2673.06,18655.05,299.76,0,17022.13,2017.78,5693.26,93585.31,0,25023.53,0,0,131594.0,0,0,0,3997.97,3889.13,0,37282.08,40115.0,88.38,2959.92,24546.52,0,0,0,0
2006-07-03 12:00:00,0,3401.1,0,482.77,17640.13,8658.98,10370.75,0,0,2807.83,19144.96,322.61,0,17405.78,2125.08,5956.04,97189.13,0,25687.3,0,0,136228.99,0,0,0,4186.43,4078.77,0,39006.75,42214.86,93.27,3322.1,25828.76,0,0,0,0
2006-07-03 13:00:00,0,3589.67,0,504.01,18119.98,9169.39,10677.56,0,0,2961.8,19974.75,340.13,0,17835.92,2202.63,6182.98,100187.12,0,26142.52,0,0,139212.58,0,0,0,4321.57,4213.49,0,40372.39,43854.37,96.87,3558.72,26839.95,0,0,0,0
2006-07-03 14:00:00,0,3751.86,0,522.07,18448.98,9533.13,10958.26,0,0,3074.93,20533.38,349.95,0,18372.25,2266.31,6325.71,102531.12,0,26425.78,0,0,141665.22,0,0,0,4427.9,4312.66,0,41484.01,45318.79,99.71,3690.0,27645.39,0,0,0,0
2006-07-03 15:00:00,0,3868.1,0,537.08,18688.45,9758.94,11145.99,0,0,3140.75,21172.75,362.38,0,18925.22,2314.75,6426.74,104391.41,0,26720.02,0,0,143511.2,0,0,0,4499.27,4381.83,0,42236.31,46500.23,102.08,3762.72,28220.17,0,0,0,0
2006-07-03 16:00:00,0,3952.09,0,545.0,18770.89,9692.66,11204.2,0,0,3089.67,21329.73,361.96,0,19327.93,2325.8,6477.41,105482.83,0,26799.1,0,0,144627.5,0,0,0,4494.0,4396.38,0,42340.87,47207.34,103.49,3774.51,28535.69,0,0,0,0
2006-07-03 17:00:00,0,3981.43,0,545.28,18684.49,9556.74,11075.9,0,0,3042.68,21069.66,367.31,0,19260.17,2299.35,6464.55,105391.32,0,26700.86,0,0,145338.76,0,0,0,4426.66,4340.49,0,41851.89,47089.66,103.52,3714.8,28475.26,0,0,0,0
2006-07-03 18:00:00,0,3920.34,0,531.59,18550.01,9322.68,10974.56,0,0,2966.6,20457.05,361.79,0,18913.7,2243.62,6430.8,104431.57,0,26315.88,0,0,144822.51,0,0,0,4334.61,4262.45,0,41028.66,46227.12,101.14,3594.06,28039.59,0,0,0,0
2006-07-03 19:00:00,0,3991.84,0,456.53,16156.98,8378.21,9208.45,0,0,2765.04,18577.62,314.81,0,17455.56,1986.73,5184.23,91123.63,0,24395.71,0,0,130853.58,0,0,0,3868.88,3939.5,0,36339.32,43026.34,85.19,3083.1,24267.18,0,0,0,0
2006-07-03 20:00:00,0,3791.59,0,437.22,15671.45,7927.02,8487.4,0,0,2612.93,17799.78,306.32,0,16583.56,1887.03,5064.19,89945.93,0,23466.62,0,0,128691.52,0,0,0,3652.83,3680.12,0,34186.09,41656.44,82.83,2953.11,23122.52,0,0,0,0
2006-07-03 21:00:00,0,3497.65,0,401.37,14983.62,7439.06,7918.67,0,0,2444.91,16841.33,294.07,0,15608.56,1743.09,4723.73,86365.89,0,22669.45,0,0,122224.89,0,0,0,3507.99,3506.72,0,32854.0,39245.07,78.76,2786.38,21830.0,0,0,0,0
2006-07-03 22:00:00,0,3293.11,0,376.32,13794.24,6829.56,7392.13,0,0,2296.99,15905.41,269.93,0,14651.54,1628.52,4432.87,82511.73,0,21667.09,0,0,116681.21,0,0,0,3260.8,3284.66,0,30864.13,37227.45,74.93,2626.25,20410.83,0,0,0,0
2006-07-03 23:00:00,0,2968.5,0,350.93,12840.79,6240.27,6923.11,0,0,2157.69,14901.32,246.47,0,13760.2,1520.91,4149.08,78477.64,0,20505.21,0,0,111354.5,0,0,0,3047.32,3073.37,0,28495.16,34630.81,71.96,2459.58,19137.95,0,0,0,0
2006-07-04 00:00:00,0,2651.38,0,325.48,11871.77,5700.94,6478.07,0,0,2028.74,13925.58,223.98,0,12923.82,1412.93,3877.44,74078.06,0,19367.25,0,0,106597.61,0,0,0,2860.55,2877.92,0,26607.12,32296.32,69.2,2301.87,17919.51,0,0,0,0
2006-07-04 01:00:00,0,2398.01,0,301.36,10983.78,5249.48,6052.1,0,0,1896.64,12975.24,202.94,0,12476.2,1314.59,3642.88,70081.44,0,18439.95,0,0,102502.55,0,0,0,2713.04,2705.27,0,25484.96,30269.7,66.49,2152.51,16540.52,0,0,0,0
2006-07-04 02:00:00,0,2141.06,0,277.39,10273.15,4928.11,5699.04,0,0,1794.19,12112.36,185.47,0,12150.98,1213.03,3427.35,66639.62,0,17517.92,0,0,98518.86,0,0,0,2596.97,2571.82,0,24423.5,28247.09,63.85,2018.29,15416.34,0,0,0,0
2006-07-04 03:00:00,0,1941.49,0,263.86,9775.39,4723.19,5481.17,0,0,1716.0,11560.32,178.98,0,12001.53,1146.01,3303.85,63926.7,0,17211.56,0,0,95496.86,0,0,0,2551.04,2499.41,0,23437.74,26950.43,61.36,1950.5,14680.93,0,0,0,0
2006-07-04 04:00:00,0,1837.76,0,259.08,9540.32,4619.96,5399.3,0,0,1682.61,11352.93,176.44,0,11950.65,1115.72,3293.41,62423.76,0,16834.7,0,0,93411.65,0,0,0,2499.82,2439.44,0,22845.25,26146.85,59.79,1915.71,14280.73,0,0,0,0
2006-07-04 05:00:00,0,1795.7,0,263.81,9474.79,4626.85,5369.29,0,0,1701.67,11359.69,179.42,0,12476.45,1120.04,3319.11,61939.48,0,17474.17,0,0,93341.56,0,0,0,2502.22,2398.4,0,22484.58,25604.31,58.56,1919.26,14210.72,0,0,0,0
2006-07-04 06:00:00,0,1781.12,0,279.41,9868.38,4811.79,5694.07,0,0,1787.23,11695.44,187.26,0,13439.04,1195.82,3431.85,62990.45,0,18480.61,0,0,94197.12,0,0,0,2581.59,2527.53,0,22962.56,25414.85,57.53,1967.14,14534.45,0,0,0,0
2006-07-04 07:00:00,0,1888.77,0,305.07,10200.02,5235.13,6270.37,0,0,1943.29,12682.52,200.41,0,14623.82,1324.12,3639.04,65595.94,0,19761.46,0,0,97530.29,0,0,0,2749.25,2743.09,0,23583.17,26307.91,58.13,2046.95,15388.2,0,0,0,0
2006-07-04 08:00:00,0,2117.11,0,337.01,11215.67,5777.54,6734.72,0,0,2088.65,14141.02,213.17,0,15668.64,1393.02,3815.91,67821.86,0,20849.61,0,0,102806.48,0,0,0,2964.99,2982.35,0,26020.95,27809.01,62.36,2179.49,16801.45,0,0,0,0
2006-07-04 09:00:00,0,2345.7,0,371.74,12455.85,6556.35,7459.34,0,0,2293.55,15884.1,226.22,0,16535.35,1529.04,4103.38,69755.21,0,21751.85,0,0,109018.05,0,0,0,3224.31,3268.47,0,29312.63,29160.63,65.81,2477.25,18357.69,0,0,0,0
2006-07-04 10:00:00,0,2578.91,0,404.87,13626.35,7378.43,8261.32,0,0,2506.43,17366.31,244.0,0,17146.56,1702.2,4446.57,72700.01,0,22576.67,0,0,113445.51,0,0,0,3464.54,3593.34,0,31917.44,30556.6,70.92,2798.48,20271.14,0,0,0,0
2006-07-04 11:00:00,0,2766.4,0,435.16,14607.33,8172.2,9000.38,0,0,2681.37,18581.3,265.15,0,17556.56,1840.6,4704.99,76416.7,0,23058.68,0,0,116263.12,0,0,0,3644.15,3858.57,0,33865.17,31962.55,74.93,3077.7,21746.95,0,0,0,0
2006-07-04 12:00:00,0,2936.77,0,459.27,15367.9,8775.26,9578.22,0,0,2824.18,19496.75,288.29,0,17840.2,1937.45,4935.16,80007.62,0,23451.66,0,0,119026.54,0,0,0,3800.63,4122.25,0,35161.24,33469.17,78.07,3302.59,22864.75,0,0,0,0
2006-07-04 13:00:00,0,3082.95,0,476.24,15821.17,9204.08,9975.95,0,0,2935.31,20194.28,310.7,0,18076.58,2002.29,5120.67,82399.44,0,23772.9,0,0,121711.74,0,0,0,3898.72,4238.51,0,36143.56,35002.88,81.66,3470.78,23746.13,0,0,0,0
2006-07-04 14:00:00,0,3176.27,0,490.99,16279.09,9508.39,10310.08,0,0,3004.19,20637.11,330.15,0,18183.1,2052.59,5289.28,83968.93,0,24186.31,0,0,124381.37,0,0,0,3990.32,4276.84,0,36995.72,36107.32,84.62,3610.77,24460.47,0,0,0,0
2006-07-04 15:00:00,0,3225.53,0,502.69,16469.38,9664.36,10451.09,0,0,3012.76,20603.09,343.78,0,18322.74,2091.39,5434.22,84971.59,0,24266.18,0,0,126841.49,0,0,0,4086.97,4278.57,0,37488.16,37071.49,85.93,3686.47,25055.78,0,0,0,0
2006-07-04 16:00:00,0,3197.94,0,503.89,16421.93,9641.97,10423.25,0,0,2982.12,20352.03,352.81,0,18425.64,2118.21,5511.9,85939.85,0,24432.78,0,0,128364.52,0,0,0,4120.64,4243.33,0,37603.0,37807.11,85.94,3684.32,25379.57,0,0,0,0
2006-07-04 17:00:00,0,3083.61,0,501.46,16369.41,9473.48,10404.88,0,0,2946.12,20172.17,353.38,0,18442.4,2119.43,5554.13,86720.49,0,24531.26,0,0,129460.12,0,0,0,4100.16,4192.98,0,37451.03,37852.07,83.19,3648.92,25465.27,0,0,0,0
2006-07-04 18:00:00,0,2972.61,0,488.72,16038.54,9167.58,10268.41,0,0,2878.67,19780.28,342.21,0,18469.9,2094.75,5397.85,87216.46,0,24467.7,0,0,129808.99,0,0,0,4012.34,4075.39,0,37042.59,37808.44,80.04,3605.56,25151.52,0,0,0,0
2006-07-04 19:00:00,0,3014.95,0,469.39,17485.07,9073.63,10301.32,0,0,2951.8,19457.47,346.37,0,19712.62,2150.56,5586.39,93154.6,0,25794.98,0,0,129463.13,0,0,0,3978.79,3849.43,0,37926.07,40427.3,95.86,3430.28,25788.99,0,0,0,0
2006-07-04 20:00:00,0,2950.48,0,451.47,16799.26,8646.45,9618.15,0,0,2805.49,18676.01,339.44,0,18681.11,2048.68,5442.36,91916.86,0,25125.2,0,0,127854.05,0,0,0,3832.41,3650.65,0,36341.33,39441.93,94.47,3225.94,24757.08,0,0,0,0
2006-07-04 21:00:00,0,2759.2,0,417.03,15880.51,8071.43,9042.46,0,0,2622.6,17602.15,322.22,0,17679.78,1913.86,5096.95,87691.82,0,24193.9,0,0,121715.3,0,0,0,3635.57,3457.09,0,34939.03,38435.24,89.81,3025.79,24143.51,0,0,0,0
2006-07-04 22:00:00,0,2584.51,0,379.47,14723.45,7337.57,8474.99,0,0,2424.59,16385.66,293.21,0,16705.81,1756.05,4833.47,83074.71,0,23030.33,0,0,115444.13,0,0,0,3392.02,3247.07,0,32490.3,36759.51,85.46,2824.6,22800.31,0,0,0,0
2006-07-04 23:00:00,0,2345.37,0,344.1,13602.09,6647.71,7873.64,0,0,2239.1,15165.03,267.68,0,15713.92,1609.38,4544.02,78543.64,0,21762.09,0,0,109427.37,0,0,0,3157.97,3022.47,0,30315.56,33967.31,81.76,2633.44,21351.29,0,0,0,0
2006-07-05 00:00:00,0,2140.94,0,305.37,12537.36,5988.48,7265.05,0,0,2069.22,13942.62,243.33,0,14806.32,1469.53,4295.91,74272.51,0,20437.6,0,0,103829.9,0,0,0,2931.92,2803.74,0,28155.6,31572.97,78.04,2453.52,20015.09,0,0,0,0
2006-07-05 01:00:00,0,1938.89,0,281.61,11673.11,5432.61,6702.75,0,0,1911.22,12825.32,221.47,0,14219.79,1355.69,4035.52,70011.55,0,19299.4,0,0,98490.36,0,0,0,2756.77,2614.44,0,26492.84,29488.33,74.22,2281.16,18743.45,0,0,0,0
2006-07-05 02:00:00,0,1804.13,0,263.1,11166.82,5119.3,6270.64,0,0,1774.81,11996.73,202.96,0,14127.05,1268.18,3813.64,66211.19,0,18243.71,0,0,94128.22,0,0,0,2656.14,2503.71,0,25365.59,27891.34,69.8,2146.27,17640.94,0,0,0,0
2006-07-05 03:00:00,0,1728.31,0,259.58,10851.88,4944.59,6082.95,0,0,1701.77,11509.3,193.19,0,14110.75,1242.38,3688.7,64045.02,0,17668.67,0,0,91589.29,0,0,0,2599.79,2454.61,0,24712.14,26932.76,65.48,2082.32,16744.34,0,0,0,0
2006-07-05 04:00:00,0,1717.2,0,268.72,10875.79,4921.86,6134.84,0,0,1729.8,11497.27,193.72,0,14185.48,1270.18,3707.53,63504.29,0,17493.72,0,0,90875.98,0,0,0,2600.81,2432.14,0,24733.24,26385.87,63.2,2086.41,16472.85,0,0,0,0
2006-07-05 05:00:00,0,1727.6,0,280.52,11179.96,5040.82,6269.94,0,0,1771.88,11782.92,197.23,0,14896.83,1301.35,3747.22,64307.43,0,18065.89,0,0,91614.89,0,0,0,2647.96,2453.98,0,24877.1,26399.72,63.07,2121.89,16690.36,0,0,0,0
2006-07-05 06:00:00,0,1741.85,0,296.71,11909.72,5285.68,6638.58,0,0,1859.9,12331.14,203.33,0,15855.25,1382.85,3920.5,66646.04,0,19705.46,0,0,97045.44,0,0,0,2737.95,2527.91,0,25585.14,26626.75,63.7,2197.77,16985.12,0,0,0,0
2006-07-05 07:00:00,0,1908.24,0,331.84,12509.26,5820.36,7126.08,0,0,2047.36,13392.6,224.2,0,16284.62,1492.78,4189.6,70721.55,0,20696.37,0,0,100533.52,0,0,0,2920.24,2712.69,0,26843.34,28464.67,67.01,2370.25,17791.17,0,0,0,0
2006-07-05 08:00:00,0,2020.73,0,356.91,13108.68,6204.22,7547.06,0,0,2167.7,14327.43,237.15,0,16515.5,1563.81,4341.55,73804.69,0,21125.93,0,0,103368.0,0,0,0,3089.32,2896.89,0,27858.25,30177.31,71.62,2493.91,18726.91,0,0,0,0
2006-07-05 09:00:00,0,2161.42,0,388.18,14017.92,6780.79,8187.53,0,0,2311.15,15397.66,249.56,0,17012.12,1705.01,4475.2,76837.2,0,21173.83,0,0,106263.9,0,0,0,3295.32,3144.32,0,29550.92,32093.98,76.63,2705.16,19552.79,0,0,0,0
2006-07-05 10:00:00,0,2339.04,0,423.19,15153.85,7527.21,8915.1,0,0,2481.23,17033.78,271.97,0,17298.51,1867.02,4540.0,79457.61,0,21533.44,0,0,109206.0,0,0,0,3578.46,3442.33,0,32246.56,33722.04,80.85,3001.46,20173.47,0,0,0,0
2006-07-05 11:00:00,0,2510.34,0,451.56,15885.82,8290.71,9476.62,0,0,2687.76,18554.98,298.0,0,17422.19,2000.14,4534.26,82233.47,0,22142.43,0,0,111863.83,0,0,0,3810.42,3692.85,0,34355.69,35433.79,85.29,3300.32,20903.53,0,0,0,0
2006-07-05 12:00:00,0,2656.68,0,476.23,16286.99,8842.76,9866.35,0,0,2853.96,19569.26,320.87,0,17547.86,2091.64,4529.29,85440.92,0,22273.24,0,0,115452.19,0,0,0,3989.66,3871.57,0,35880.52,36772.6,88.66,3525.33,21636.45,0,0,0,0
2006-07-05 13:00:00,0,2783.18,0,496.0,16436.41,9185.88,10146.6,0,0,2929.47,20115.69,342.13,0,17624.55,2150.82,4582.18,87864.01,0,22430.71,0,0,119715.19,0,0,0,4127.24,4004.36,0,36805.15,37873.71,91.76,3668.53,22076.02,0,0,0,0
2006-07-05 14:00:00,0,2883.23,0,507.66,16587.3,9455.25,10383.28,0,0,3000.58,20451.89,361.58,0,17753.11,2218.39,4697.77,89631.89,0,22806.27,0,0,122516.51,0,0,0,4210.33,4103.59,0,37585.69,38946.79,94.83,3763.22,22453.19,0,0,0,0
2006-07-05 15:00:00,0,2954.85,0,493.18,16671.25,9601.34,10445.2,0,0,3031.92,20651.28,376.72,0,18058.75,2277.0,4817.43,90492.31,0,23078.16,0,0,123823.23,0,0,0,4225.77,4133.7,0,37821.2,39613.38,96.99,3813.68,22903.58,0,0,0,0
2006-07-05 16:00:00,0,3011.41,0,476.01,16719.41,9622.2,10444.67,0,0,3030.15,20634.45,369.95,0,18267.65,2300.08,4910.01,90887.53,0,23239.71,0,0,124577.69,0,0,0,4180.52,4118.2,0,37927.87,40102.78,97.38,3849.79,23285.29,0,0,0,0
2006-07-05 17:00:00,0,3020.4,0,468.2,16804.7,9456.62,10362.14,0,0,2979.52,20484.29,365.2,0,18335.84,2279.75,4957.21,90826.77,0,23233.7,0,0,123418.29,0,0,0,4089.27,4052.29,0,37806.43,40250.92,95.07,3785.04,23506.96,0,0,0,0
2006-07-05 18:00:00,0,2977.59,0,461.52,16700.48,9259.7,10224.97,0,0,2922.43,20222.18,364.27,0,18362.57,2233.16,4955.93,90338.75,0,22661.87,0,0,122121.39,0,0,0,4042.26,4010.36,0,37613.49,39992.95,91.1,3694.04,23598.9,0,0,0,0
2006-07-05 19:00:00,0,2946.6,0,445.51,16786.17,8934.41,9958.33,0,0,2855.88,18967.06,340.52,0,18110.4,2103.93,4673.81,88621.07,0,22356.94,0,0,114494.46,0,0,0,3930.38,3800.14,0,36600.2,40094.0,82.75,3396.49,23268.66,0,0,0,0
2006-07-05 20:00:00,0,2905.37,0,429.68,16230.25,8539.56,9317.69,0,0,2691.15,18317.58,336.07,0,17027.98,2017.07,4649.39,88398.65,0,22035.14,0,0,114421.21,0,0,0,3803.22,3626.03,0,35556.31,38880.41,83.03,3280.89,22774.72,0,0,0,0
2006-07-05 21:00:00,0,2633.02,0,404.17,15302.05,7913.09,8719.64,0,0,2518.04,17228.06,302.85,0,15881.57,1889.41,4324.77,84314.54,0,21027.72,0,0,108008.76,0,0,0,3603.52,3432.54,0,34149.33,37326.95,78.96,3069.23,22295.42,0,0,0,0
2006-07-05 22:00:00,0,2431.94,0,376.77,14106.61,7235.74,8130.19,0,0,2351.02,16136.58,277.74,0,14852.78,1743.99,4027.49,80310.91,0,19877.95,0,0,102039.56,0,0,0,3345.43,3217.72,0,31802.29,35295.96,73.65,2861.2,20938.24,0,0,0,0
2006-07-05 23:00:00,0,2160.59,0,350.59,13029.64,6582.69,7519.98,0,0,2183.42,14971.58,258.42,0,13864.95,1601.16,3763.68,75811.7,0,18698.71,0,0,96258.36,0,0,0,3117.99,3004.63,0,29732.29,32524.22,69.15,2658.77,19470.9,0,0,0,0
2006-07-06 00:00:00,0,1913.98,0,324.7,11972.08,5938.11,6918.33,0,0,2033.34,13852.35,236.45,0,12907.67,1465.4,3536.92,71463.14,0,17534.51,0,0,91044.0,0,0,0,2898.2,2791.49,0,27689.85,30165.6,65.83,2462.7,18020.56,0,0,0,0
2006-07-06 01:00:00,0,1714.52,0,298.65,11061.95,5387.19,6332.98,0,0,1887.03,12809.73,217.48,0,12217.96,1340.2,3339.66,67150.59,0,16399.68,0,0,85922.28,0,0,0,2730.76,2602.61,0,26236.73,28150.21,63.06,2285.96,16781.04,0,0,0,0
2006-07-06 02:00:00,0,1574.45,0,277.84,10572.93,5137.47,5904.77,0,0,1773.63,12117.84,203.13,0,11828.14,1256.0,3144.3,63677.75,0,15418.7,0,0,81195.89,0,0,0,2621.54,2477.31,0,25226.47,26438.17,60.76,2187.89,15860.49,0,0,0,0
2006-07-06 03:00:00,0,1513.02,0,268.3,10236.72,4980.16,5773.66,0,0,1713.59,11764.99,194.6,0,11453.65,1233.31,3014.19,61682.98,0,14679.69,0,0,78470.34,0,0,0,2568.92,2435.94,0,24494.24,25471.38,59.26,2124.8,15114.09,0,0,0,0
2006-07-06 04:00:00,0,1499.42,0,273.78,10381.29,5025.24,5883.08,0,0,1753.79,11835.73,197.38,0,11438.76,1266.47,3063.64,61426.59,0,14348.75,0,0,78193.63,0,0,0,2580.83,2427.18,0,24460.96,24988.33,58.41,2144.69,14920.61,0,0,0,0
2006-07-06 05:00:00,0,1544.38,0,283.49,10765.02,5206.06,6025.42,0,0,1813.47,12236.06,202.84,0,12029.4,1302.42,3160.58,62420.14,0,14999.72,0,0,79093.88,0,0,0,2625.29,2448.0,0,24776.2,25142.0,58.42,2204.33,14970.64,0,0,0,0
2006-07-06 06:00:00,0,1596.46,0,305.39,11365.79,5476.88,6356.8,0,0,1925.96,12925.7,212.57,0,13180.95,1398.42,3440.81,65478.51,0,16838.53,0,0,85826.12,0,0,0,2713.66,2519.71,0,25370.78,25553.14,59.17,2328.24,15170.37,0,0,0,0
2006-07-06 07:00:00,0,1759.6,0,336.69,11805.62,5951.23,6750.55,0,0,2078.48,14072.95,233.86,0,13640.66,1511.69,3632.1,69427.3,0,17574.43,0,0,88685.45,0,0,0,2878.8,2680.55,0,26608.42,27447.59,61.95,2510.44,15961.8,0,0,0,0
2006-07-06 08:00:00,0,1850.77,0,359.34,12222.95,6409.62,7058.12,0,0,2239.4,15254.15,251.15,0,14035.23,1603.11,3829.74,72949.45,0,18011.41,0,0,92284.48,0,0,0,3061.53,2850.16,0,27618.88,28995.93,65.46,2663.27,16568.06,0,0,0,0
2006-07-06 09:00:00,0,1964.9,0,391.3,12660.88,7049.73,7344.02,0,0,2432.1,16465.71,264.15,0,14561.31,1787.59,4140.19,76107.77,0,18350.44,0,0,95525.03,0,0,0,3226.65,3038.91,0,28404.61,30687.38,69.39,2891.37,17354.38,0,0,0,0
2006-07-06 10:00:00,0,2131.38,0,421.14,12952.77,7784.84,7584.12,0,0,2632.05,17705.49,278.33,0,15148.42,1961.27,4307.95,79217.56,0,18795.98,0,0,98285.77,0,0,0,3410.55,3229.85,0,29336.42,32476.13,72.76,3139.79,17932.17,0,0,0,0
2006-07-06 11:00:00,0,2294.57,0,423.55,13020.39,8477.83,7741.33,0,0,2811.13,18751.39,307.38,0,15576.1,2088.35,4433.34,82111.38,0,19463.01,0,0,101441.65,0,0,0,3573.07,3394.12,0,30431.68,34227.45,75.65,3357.5,18355.49,0,0,0,0
2006-07-06 12:00:00,0,2449.67,0,422.58,13091.21,8999.21,7834.17,0,0,2949.01,19277.52,327.66,0,15933.84,2122.21,4581.95,85219.84,0,20173.82,0,0,105147.61,0,0,0,3645.22,3495.1,0,31484.65,35891.35,78.73,3539.95,18995.33,0,0,0,0
2006-07-06 13:00:00,0,2569.68,0,430.8,13310.06,9309.84,7853.27,0,0,2988.87,19445.79,339.82,0,16237.1,2103.35,4737.16,87702.11,0,20694.03,0,0,107733.7,0,0,0,3587.71,3478.11,0,32308.81,37290.22,81.09,3651.13,19764.82,0,0,0,0
2006-07-06 14:00:00,0,2664.87,0,458.44,13803.28,9415.99,7836.08,0,0,2954.13,19406.95,342.96,0,16507.49,2108.96,4845.02,89722.99,0,21272.63,0,0,109602.1,0,0,0,3506.84,3399.88,0,33448.77,38619.34,83.46,3729.74,20697.42,0,0,0,0
2006-07-06 15:00:00,0,2754.68,0,468.26,14302.44,9344.23,7863.17,0,0,2871.55,19222.24,334.8,0,16858.95,2076.65,4924.33,91150.84,0,21785.73,0,0,111129.25,0,0,0,3489.23,3384.95,0,34577.23,39571.51,84.53,3770.5,21257.63,0,0,0,0
2006-07-06 16:00:00,0,2837.53,0,468.04,14633.3,9288.74,8002.48,0,0,2839.59,19293.51,340.52,0,17050.97,2121.17,4928.97,91729.82,0,22148.29,0,0,112643.61,0,0,0,3487.58,3408.11,0,35566.97,40326.42,84.66,3768.06,21291.61,0,0,0,0
2006-07-06 17:00:00,0,2883.44,0,471.34,14843.09,9145.87,8152.31,0,0,2812.58,19315.88,354.45,0,17242.03,2113.64,4914.16,91840.51,0,22142.86,0,0,112624.47,0,0,0,3486.81,3431.43,0,36017.67,40682.83,83.7,3700.34,21310.14,0,0,0,0
2006-07-06 18:00:00,0,2869.07,0,461.27,14661.61,8989.08,8148.65,0,0,2799.77,19292.64,358.95,0,17274.29,2107.48,4823.44,90690.19,0,21711.73,0,0,111226.63,0,0,0,3472.92,3454.61,0,35715.45,40259.21,82.3,3643.9,21116.34,0,0,0,0
2006-07-06 19:00:00,0,2874.54,0,438.24,15050.57,8867.87,8442.5,0,0,2799.94,18874.82,341.04,0,17560.99,2039.23,4597.42,89703.85,0,21624.22,0,0,107054.14,0,0,0,3387.15,3300.24,0,35037.42,40937.52,80.35,3453.14,21477.64,0,0,0,0
2006-07-06 20:00:00,0,2803.92,0,424.67,14306.69,8490.65,7881.14,0,0,2634.62,17964.15,327.58,0,16483.94,1913.42,4539.54,88369.64,0,20897.17,0,0,106951.36,0,0,0,3303.35,3154.75,0,33616.59,39129.53,80.21,3296.53,20381.25,0,0,0,0
2006-07-06 21:00:00,0,2501.28,0,393.86,13371.99,7892.69,7339.95,0,0,2481.68,17023.91,309.83,0,15251.24,1801.87,4188.95,84179.63,0,19979.85,0,0,100334.9,0,0,0,3154.69,2973.78,0,32048.96,37302.56,74.6,3074.82,19681.04,0,0,0,0
2006-07-06 22:00:00,0,2305.5,0,365.37,12192.94,7232.81,6817.84,0,0,2325.16,15964.32,286.72,0,14233.64,1675.3,3906.18,80114.38,0,18873.82,0,0,93500.04,0,0,0,2945.2,2814.75,0,29479.76,35080.51,69.5,2861.4,18115.55,0,0,0,0
2006-07-06 23:00:00,0,2041.08,0,339.43,11132.06,6585.43,6257.35,0,0,2168.6,14860.56,263.28,0,13174.27,1565.74,3666.12,75655.09,0,17804.87,0,0,87546.75,0,0,0,2756.9,2624.88,0,27315.0,32205.31,65.98,2655.39,16752.26,0,0,0,0
2006-07-07 00:00:00,0,1834.09,0,313.71,10227.86,5948.49,5694.84,0,0,2030.81,13788.93,240.22,0,12080.83,1458.45,3468.8,71424.39,0,16555.7,0,0,82456.2,0,0,0,2566.84,2450.22,0,25375.43,29824.73,62.94,2460.49,15447.92,0,0,0,0
2006-07-07 01:00:00,0,1660.32,0,289.29,9550.14,5413.32,5242.38,0,0,1901.87,12791.24,219.21,0,11395.83,1352.21,3286.42,67268.21,0,15416.67,0,0,78136.73,0,0,0,2414.49,2306.7,0,23832.68,27820.4,60.66,2289.02,14287.31,0,0,0,0
2006-07-07 02:00:00,0,1542.45,0,270.21,9084.82,5147.29,4927.93,0,0,1789.83,12123.33,202.51,0,11094.62,1255.2,3117.38,63844.65,0,14801.37,0,0,75051.78,0,0,0,2348.35,2220.46,0,23024.73,26170.87,58.55,2176.09,13432.53,0,0,0,0
2006-07-07 03:00:00,0,1504.29,0,263.27,8923.88,5017.14,4826.77,0,0,1733.7,11724.73,194.2,0,11005.8,1189.91,2999.94,61804.79,0,14369.31,0,0,73798.23,0,0,0,2326.31,2183.06,0,22769.17,25152.35,56.92,2116.33,13020.36,0,0,0,0
2006-07-07 04:00:00,0,1494.01,0,271.51,9051.31,5006.99,4937.83,0,0,1764.05,11750.78,197.49,0,11027.1,1217.13,3046.23,61493.06,0,14322.4,0,0,74216.71,0,0,0,2346.79,2179.92,0,22983.31,24487.34,56.7,2131.24,13001.48,0,0,0,0
2006-07-07 05:00:00,0,1537.97,0,282.99,9460.01,5157.71,5110.8,0,0,1817.63,12138.95,202.73,0,12024.41,1287.58,3154.91,62516.03,0,15189.25,0,0,75908.67,0,0,0,2405.82,2201.8,0,23267.47,24628.57,57.77,2180.12,13320.97,0,0,0,0
2006-07-07 06:00:00,0,1583.19,0,296.3,10330.41,5372.66,5440.22,0,0,1890.69,12643.81,209.56,0,12915.56,1367.27,3385.93,65223.97,0,16920.59,0,0,83304.18,0,0,0,2508.82,2273.73,0,23555.12,25086.06,59.06,2260.43,14023.2,0,0,0,0
2006-07-07 07:00:00,0,1750.73,0,329.25,10918.02,5771.13,5800.94,0,0,2035.57,13659.22,224.01,0,13619.17,1476.61,3631.33,69771.96,0,17744.59,0,0,87740.84,0,0,0,2576.41,2365.99,0,24612.0,26983.96,60.28,2398.36,15436.23,0,0,0,0
2006-07-07 08:00:00,0,1861.6,0,343.37,11325.03,6175.38,6130.6,0,0,2147.5,14624.93,238.68,0,14293.95,1537.21,3862.22,73911.93,0,18775.77,0,0,92542.51,0,0,0,2664.95,2473.46,0,25173.15,28851.07,63.88,2542.6,16427.36,0,0,0,0
2006-07-07 09:00:00,0,1993.48,0,356.34,11622.17,6614.13,6331.45,0,0,2281.03,15499.63,246.21,0,14934.56,1596.1,4068.01,77927.73,0,19713.63,0,0,96991.59,0,0,0,2772.69,2586.92,0,26124.56,30933.35,68.52,2742.44,17344.86,0,0,0,0
2006-07-07 10:00:00,0,2125.3,0,359.87,12083.38,7178.51,6592.92,0,0,2429.43,16682.95,264.3,0,15340.53,1663.83,4286.4,81065.82,0,20579.59,0,0,100984.67,0,0,0,2865.04,2711.81,0,27845.9,32566.46,71.47,2992.54,18022.64,0,0,0,0
2006-07-07 11:00:00,0,2281.37,0,371.47,12659.49,7778.44,6927.18,0,0,2616.78,18055.41,267.99,0,15679.81,1668.02,4501.02,84174.97,0,21321.36,0,0,105332.17,0,0,0,3012.38,2840.38,0,29695.17,34511.41,73.99,3236.1,18697.46,0,0,0,0
2006-07-07 12:00:00,0,2411.37,0,399.3,13225.33,8247.3,7288.75,0,0,2809.23,19068.08,264.14,0,16002.6,1644.01,4743.2,87469.48,0,21970.56,0,0,109670.26,0,0,0,3179.13,3005.95,0,31602.94,36336.13,76.81,3363.49,19894.59,0,0,0,0
2006-07-07 13:00:00,0,2523.81,0,424.19,13642.35,8550.09,7648.31,0,0,2906.73,19556.11,246.09,0,16342.79,1680.27,4945.13,90240.27,0,22471.6,0,0,113253.77,0,0,0,3340.37,3186.3,0,33251.53,37812.48,79.31,3447.08,21138.99,0,0,0,0
2006-07-07 14:00:00,0,2629.72,0,443.51,14055.72,8580.58,7991.42,0,0,2905.53,19651.27,249.23,0,16757.87,1702.27,5079.78,92473.14,0,22967.49,0,0,116510.0,0,0,0,3429.48,3319.03,0,34616.5,39064.77,82.18,3481.72,22134.24,0,0,0,0
2006-07-07 15:00:00,0,2738.46,0,455.48,14417.95,8439.09,8222.32,0,0,2786.97,19473.56,261.67,0,17214.32,1794.3,5187.42,93972.55,0,23313.85,0,0,119767.74,0,0,0,3481.9,3399.49,0,35724.6,40115.73,84.67,3477.22,22764.18,0,0,0,0
2006-07-07 16:00:00,0,2848.72,0,461.41,14552.46,8158.93,8333.16,0,0,2656.61,19291.33,269.22,0,17588.1,1876.23,5238.43,94724.08,0,23438.67,0,0,121912.99,0,0,0,3541.51,3444.26,0,36163.12,41097.65,85.46,3417.84,23206.25,0,0,0,0
2006-07-07 17:00:00,0,2909.2,0,456.47,14572.42,8018.93,8366.13,0,0,2636.59,19061.02,274.57,0,17832.56,1898.71,5266.25,94982.94,0,23328.08,0,0,122497.59,0,0,0,3542.72,3449.02,0,36268.3,41513.56,85.96,3337.63,23443.36,0,0,0,0
2006-07-07 18:00:00,0,2891.06,0,437.99,14460.93,8050.96,8289.33,0,0,2653.9,18934.8,278.48,0,17853.89,1891.29,5169.79,93601.53,0,22828.82,0,0,120354.73,0,0,0,3498.28,3405.19,0,35903.63,41099.25,85.22,3320.81,23267.29,0,0,0,0
2006-07-07 19:00:00,0,3029.75,0,400.26,13622.16,7711.66,8129.95,0,0,2561.6,17932.96,270.82,0,17024.69,1864.99,4553.03,87013.76,0,20764.08,0,0,105241.3,0,0,0,3280.35,3246.23,0,33710.45,39913.28,73.74,3113.61,22097.06,0,0,0,0
2006-07-07 20:00:00,0,2831.17,0,391.35,13154.35,7450.85,7402.32,0,0,2426.69,16960.15,265.96,0,16101.11,1755.47,4584.05,86032.29,0,20933.45,0,0,105505.74,0,0,0,3172.59,3083.53,0,32896.74,39413.71,73.52,2997.15,21121.74,0,0,0,0
2006-07-07 21:00:00,0,2520.07,0,353.9,12439.5,7011.55,6826.44,0,0,2298.33,15999.66,257.69,0,14992.91,1650.23,4166.14,82241.56,0,19835.5,0,0,98900.38,0,0,0,3022.52,2929.01,0,31341.74,37059.44,68.1,2832.84,20228.62,0,0,0,0
2006-07-07 22:00:00,0,2340.33,0,330.5,11252.13,6430.42,6306.36,0,0,2166.8,15019.28,239.76,0,13967.86,1538.16,3883.65,78602.87,0,18766.8,0,0,92881.15,0,0,0,2765.78,2713.11,0,28713.67,34529.11,62.84,2651.13,18568.81,0,0,0,0
2006-07-07 23:00:00,0,2089.98,0,302.72,10320.31,5892.35,5820.57,0,0,2021.54,14004.88,220.71,0,12997.06,1435.96,3648.19,74266.97,0,17636.57,0,0,87339.55,0,0,0,2545.72,2532.38,0,26597.29,32234.25,59.4,2482.0,16966.21,0,0,0,0
2006-07-08 00:00:00,0,1872.68,0,284.45,9548.52,5369.57,5335.0,0,0,1888.9,12953.28,202.05,0,12113.52,1330.46,3404.14,70333.16,0,16543.98,0,0,82548.66,0,0,0,2394.58,2371.47,0,24759.03,30431.94,56.48,2323.64,15505.45,0,0,0,0
2006-07-08 01:00:00,0,1697.98,0,270.06,8835.67,4917.45,4859.12,0,0,1763.97,12018.76,183.95,0,11608.77,1243.42,3183.74,66700.01,0,15454.41,0,0,78240.86,0,0,0,2261.42,2217.7,0,23589.67,28839.37,53.56,2171.9,14313.21,0,0,0,0
2006-07-08 02:00:00,0,1582.78,0,257.31,8426.77,4645.47,4518.76,0,0,1658.22,11319.47,172.48,0,11392.25,1175.37,3020.03,63370.22,0,14665.49,0,0,74956.02,0,0,0,2161.03,2084.94,0,22791.23,27275.82,51.26,2043.56,13464.1,0,0,0,0
2006-07-08 03:00:00,0,1508.87,0,246.77,8100.3,4490.49,4305.67,0,0,1605.41,10943.2,165.75,0,11218.72,1123.71,2897.38,61177.98,0,14227.13,0,0,72552.57,0,0,0,2088.86,1987.17,0,22070.49,25970.79,49.75,1949.05,12998.3,0,0,0,0
2006-07-08 04:00:00,0,1470.41,0,239.63,7946.94,4376.02,4275.06,0,0,1590.55,10748.68,161.59,0,11121.54,1107.51,2816.21,59642.29,0,13977.33,0,0,71477.32,0,0,0,2038.86,1974.01,0,21631.46,25168.03,48.95,1906.98,12665.95,0,0,0,0
2006-07-08 05:00:00,0,1467.5,0,234.46,7924.67,4396.04,4341.44,0,0,1590.43,10797.93,161.27,0,11225.85,1120.17,2793.77,58745.96,0,14089.05,0,0,71727.52,0,0,0,2036.16,1974.37,0,21348.74,24592.29,49.04,1902.43,12618.87,0,0,0,0
2006-07-08 06:00:00,0,1501.02,0,235.91,8312.93,4545.02,4555.29,0,0,1622.96,10961.23,167.91,0,11730.88,1155.23,2869.11,59296.48,0,14614.96,0,0,73849.47,0,0,0,2053.82,2063.22,0,21109.85,24351.47,49.37,1929.73,12972.78,0,0,0,0
2006-07-08 07:00:00,0,1636.09,0,249.57,8628.83,4845.94,4883.89,0,0,1707.03,11695.68,178.06,0,12722.82,1207.47,2949.57,61492.49,0,15589.55,0,0,77928.29,0,0,0,2186.11,2247.33,0,21477.28,24937.16,50.8,1988.32,13294.87,0,0,0,0
2006-07-08 08:00:00,0,1782.62,0,270.34,9028.31,5185.84,5183.22,0,0,1815.24,12867.64,188.49,0,13503.04,1293.16,3201.19,64841.22,0,16704.03,0,0,83473.59,0,0,0,2336.87,2409.36,0,23048.94,26753.65,53.12,2082.09,14637.89,0,0,0,0
2006-07-08 09:00:00,0,1985.86,0,292.84,9486.54,5613.16,5441.62,0,0,1949.86,14336.39,201.07,0,14063.99,1456.14,3486.29,69493.95,0,17656.1,0,0,88399.7,0,0,0,2482.36,2559.56,0,24752.37,29269.25,56.35,2223.13,16034.47,0,0,0,0
2006-07-08 10:00:00,0,2234.24,0,325.15,10125.0,6217.88,5779.76,0,0,2127.78,15827.91,222.81,0,14463.33,1642.21,3785.54,73576.84,0,18488.99,0,0,92527.63,0,0,0,2637.39,2711.42,0,26571.34,32000.82,60.69,2387.23,17290.29,0,0,0,0
2006-07-08 11:00:00,0,2483.11,0,355.31,10919.56,6945.98,6363.41,0,0,2267.88,16944.55,249.75,0,14688.24,1760.76,4078.99,77835.32,0,19286.66,0,0,97345.46,0,0,0,2793.18,2855.46,0,28543.43,34127.64,66.8,2630.85,19033.63,0,0,0,0
2006-07-08 12:00:00,0,2693.74,0,380.64,11539.86,7580.82,6839.91,0,0,2378.92,17490.94,270.32,0,14902.75,1843.61,4315.42,81348.48,0,19667.57,0,0,101661.69,0,0,0,2938.1,3015.84,0,29904.47,36007.94,72.01,2899.46,20316.29,0,0,0,0
2006-07-08 13:00:00,0,2872.3,0,400.05,12005.72,8073.19,7152.8,0,0,2498.64,18043.09,290.55,0,15180.51,1912.19,4505.49,84061.88,0,19681.49,0,0,105194.83,0,0,0,3046.06,3167.61,0,31184.82,37630.7,76.03,3126.81,21393.34,0,0,0,0
2006-07-08 14:00:00,0,3036.45,0,415.45,12547.02,8497.04,7500.37,0,0,2609.11,18623.77,302.83,0,15519.49,1974.31,4645.28,86478.18,0,19938.99,0,0,108573.07,0,0,0,3150.5,3292.79,0,32487.33,39036.71,79.34,3293.9,22370.22,0,0,0,0
2006-07-08 15:00:00,0,3162.83,0,424.88,13140.31,8818.84,7791.11,0,0,2679.27,19011.29,316.32,0,15776.4,2036.59,4766.98,88233.32,0,20261.66,0,0,111416.48,0,0,0,3259.33,3370.05,0,33683.3,40253.84,82.05,3436.19,23218.28,0,0,0,0
2006-07-08 16:00:00,0,3259.86,0,426.91,13594.71,8967.05,8076.56,0,0,2732.33,19117.99,327.25,0,15954.28,2058.5,4899.24,89661.52,0,20498.24,0,0,112879.11,0,0,0,3347.51,3464.33,0,34714.16,41111.97,83.34,3507.96,23835.45,0,0,0,0
2006-07-08 17:00:00,0,3317.0,0,425.44,13878.31,8964.21,8273.47,0,0,2715.96,18964.51,329.46,0,16049.11,2057.69,5011.76,90143.73,0,20584.46,0,0,113369.33,0,0,0,3388.7,3495.57,0,35217.84,41551.08,83.54,3519.75,24224.23,0,0,0,0
2006-07-08 18:00:00,0,3332.02,0,422.67,13887.09,8755.35,8331.02,0,0,2643.74,18777.02,326.2,0,16046.29,2014.78,5057.01,89926.54,0,20578.14,0,0,112937.11,0,0,0,3381.68,3472.49,0,35219.9,41482.9,83.11,3455.39,24295.32,0,0,0,0
2006-07-08 19:00:00,0,3473.73,0,404.73,13958.53,8343.28,8391.23,0,0,2679.56,17932.53,306.74,0,16807.24,1980.05,4875.28,89530.59,0,20788.22,0,0,108276.01,0,0,0,3310.84,3212.45,0,34724.36,42473.27,81.2,3250.1,23774.55,0,0,0,0
2006-07-08 20:00:00,0,3306.31,0,409.85,13567.5,7920.4,7620.33,0,0,2523.78,17089.74,306.25,0,15969.72,1927.9,4887.42,89486.97,0,20866.04,0,0,109023.87,0,0,0,3228.93,3111.08,0,33312.61,42138.2,79.73,3090.09,22838.57,0,0,0,0
2006-07-08 21:00:00,0,3008.44,0,387.4,12797.82,7402.1,7015.19,0,0,2366.36,15993.26,292.85,0,14834.75,1803.4,4512.57,85809.68,0,19572.06,0,0,102623.36,0,0,0,3064.6,2950.55,0,31839.48,39979.78,74.66,2871.17,21888.34,0,0,0,0
2006-07-08 22:00:00,0,2832.48,0,356.89,11525.58,6746.39,6426.43,0,0,2215.53,14924.77,267.84,0,13754.06,1665.07,4166.12,82203.45,0,18431.39,0,0,96616.33,0,0,0,2805.47,2742.92,0,29332.34,37685.73,69.27,2675.64,20214.31,0,0,0,0
2006-07-08 23:00:00,0,2542.07,0,329.67,10474.31,6127.74,5878.91,0,0,2062.95,13872.39,242.62,0,12754.09,1538.24,3852.81,77702.79,0,17342.64,0,0,90824.92,0,0,0,2589.28,2548.57,0,27275.93,35177.72,65.02,2499.39,18616.76,0,0,0,0
2006-07-09 00:00:00,0,2271.52,0,305.14,9704.13,5558.88,5398.09,0,0,1912.02,12832.19,219.59,0,11726.7,1420.36,3586.31,73472.3,0,16509.62,0,0,86054.42,0,0,0,2430.35,2386.9,0,25473.94,32989.08,61.29,2331.06,17213.78,0,0,0,0
2006-07-09 01:00:00,0,2057.92,0,282.09,8969.61,5063.83,4941.2,0,0,1775.64,11914.03,200.56,0,11228.5,1317.16,3357.19,69726.36,0,15638.43,0,0,82217.03,0,0,0,2299.8,2235.24,0,24253.97,31286.66,58.66,2176.56,15965.63,0,0,0,0
2006-07-09 02:00:00,0,1914.85,0,260.77,8491.32,4694.11,4623.82,0,0,1667.44,11197.63,186.43,0,11083.07,1243.24,3175.26,66569.81,0,15110.01,0,0,79045.87,0,0,0,2209.5,2113.36,0,23604.7,29859.97,56.15,2046.84,15049.96,0,0,0,0
2006-07-09 03:00:00,0,1816.41,0,244.85,8231.51,4521.2,4447.29,0,0,1595.0,10783.57,176.47,0,11019.0,1178.98,3063.41,64360.43,0,14779.5,0,0,76782.84,0,0,0,2144.25,2040.8,0,23057.02,28677.93,54.08,1941.68,14663.96,0,0,0,0
2006-07-09 04:00:00,0,1763.66,0,235.2,8079.9,4403.6,4399.11,0,0,1576.94,10629.18,169.4,0,10963.41,1153.6,2995.21,63096.37,0,14464.24,0,0,75816.01,0,0,0,2099.5,2036.23,0,22782.8,27770.95,52.67,1890.66,14437.06,0,0,0,0
2006-07-09 05:00:00,0,1712.24,0,231.78,8046.13,4398.43,4473.48,0,0,1573.24,10651.91,168.03,0,10984.04,1145.37,2974.41,62341.33,0,14358.14,0,0,75559.14,0,0,0,2089.76,2044.72,0,22592.11,27136.75,52.11,1867.85,14280.8,0,0,0,0
2006-07-09 06:00:00,0,1735.93,0,233.56,8504.98,4506.77,4689.61,0,0,1595.23,10767.77,170.08,0,11390.3,1170.97,3035.73,62566.19,0,15189.94,0,0,77386.13,0,0,0,2127.09,2112.59,0,22326.68,26884.98,51.88,1897.9,14400.73,0,0,0,0
2006-07-09 07:00:00,0,1889.56,0,256.12,8857.06,4936.49,5040.26,0,0,1705.22,11538.76,183.41,0,11963.31,1256.83,3171.44,64259.56,0,16281.5,0,0,81235.05,0,0,0,2267.28,2275.05,0,22716.68,27364.65,52.97,2010.44,14853.19,0,0,0,0
2006-07-09 08:00:00,0,2162.61,0,282.63,9413.06,5449.09,5401.03,0,0,1850.71,12826.03,201.65,0,12424.13,1385.81,3446.53,67665.59,0,17276.63,0,0,86334.02,0,0,0,2430.04,2436.45,0,24293.07,29380.48,56.54,2144.95,15863.16,0,0,0,0
2006-07-09 09:00:00,0,2439.35,0,311.26,9951.25,6086.13,5816.12,0,0,2045.55,14173.29,215.05,0,12889.01,1514.36,3707.67,72087.27,0,18276.62,0,0,90794.64,0,0,0,2606.68,2589.04,0,26346.58,31409.56,60.81,2356.27,16995.31,0,0,0,0
2006-07-09 10:00:00,0,2711.0,0,346.34,10760.56,6872.74,6553.29,0,0,2275.0,15692.07,234.68,0,13500.73,1659.92,4006.82,76355.48,0,19163.93,0,0,95700.01,0,0,0,2837.89,2844.99,0,28640.28,33380.49,66.78,2637.16,18485.44,0,0,0,0
2006-07-09 11:00:00,0,2963.2,0,372.84,11718.21,7596.32,7219.81,0,0,2468.16,17359.87,256.1,0,14206.34,1777.22,4238.95,80834.74,0,19816.7,0,0,100997.92,0,0,0,3051.48,3105.43,0,30738.24,35339.04,72.82,2901.92,20172.76,0,0,0,0
2006-07-09 12:00:00,0,3166.35,0,394.71,12600.2,8099.08,7676.79,0,0,2616.71,18588.3,268.94,0,14903.37,1855.37,4437.55,84443.71,0,20317.62,0,0,105250.96,0,0,0,3223.76,3307.02,0,32474.41,36813.73,77.01,3096.58,21406.92,0,0,0,0
2006-07-09 13:00:00,0,3304.95,0,413.83,13449.84,8488.59,7976.56,0,0,2725.21,19455.48,284.09,0,15409.56,1924.73,4614.77,87120.1,0,20695.16,0,0,109017.84,0,0,0,3365.99,3441.11,0,33864.52,38149.08,80.37,3226.44,22457.53,0,0,0,0
2006-07-09 14:00:00,0,3418.86,0,429.76,13919.46,8813.07,8282.75,0,0,2813.91,20021.29,300.74,0,15913.89,1985.47,4785.72,89158.28,0,20837.34,0,0,112412.59,0,0,0,3515.03,3560.97,0,34889.51,39540.06,83.55,3321.87,23349.44,0,0,0,0
2006-07-09 15:00:00,0,3497.35,0,441.59,14474.2,9043.06,8558.46,0,0,2862.68,20293.07,319.89,0,16251.1,2040.83,4929.19,90854.37,0,20838.01,0,0,114905.1,0,0,0,3633.22,3660.23,0,35725.41,40535.09,86.39,3421.34,23941.11,0,0,0,0
2006-07-09 16:00:00,0,3548.19,0,446.67,14863.8,9062.26,8799.12,0,0,2845.71,20248.51,334.16,0,16453.14,2080.64,5051.35,92028.76,0,20834.14,0,0,116517.53,0,0,0,3673.46,3714.07,0,36193.95,41148.17,87.88,3457.2,24081.23,0,0,0,0
2006-07-09 17:00:00,0,3531.54,0,447.99,14939.81,8947.72,8870.66,0,0,2791.28,19942.11,339.8,0,16572.41,2071.91,5151.04,92225.46,0,21035.83,0,0,117118.35,0,0,0,3677.18,3731.24,0,36070.64,41158.43,87.75,3432.01,24143.27,0,0,0,0
2006-07-09 18:00:00,0,3461.87,0,445.8,14785.49,8708.65,8853.01,0,0,2696.41,19399.15,336.13,0,16479.05,2022.67,5146.93,91832.64,0,21101.04,0,0,117179.77,0,0,0,3649.76,3694.14,0,35358.29,40467.16,85.95,3373.19,23497.32,0,0,0,0
2006-07-09 19:00:00,0,3468.86,0,455.11,16261.69,8851.44,9193.28,0,0,2873.57,19085.51,337.17,0,18197.25,2130.89,5188.6,96075.76,0,23446.86,0,0,119466.16,0,0,0,3714.86,3548.56,0,35686.01,42515.64,93.41,3364.82,24569.13,0,0,0,0
2006-07-09 20:00:00,0,3306.04,0,442.59,15301.51,8445.65,8471.42,0,0,2709.31,18151.72,324.77,0,17271.56,1974.3,5080.56,94236.69,0,23096.3,0,0,118170.21,0,0,0,3596.27,3373.61,0,34863.07,41115.05,90.97,3173.69,23507.69,0,0,0,0
2006-07-09 21:00:00,0,3072.24,0,414.97,14482.39,7869.46,7850.66,0,0,2530.59,17042.92,306.63,0,15945.77,1820.37,4693.47,89986.81,0,22285.6,0,0,111279.93,0,0,0,3384.62,3205.57,0,33582.08,40208.49,85.79,2953.75,22723.38,0,0,0,0
2006-07-09 22:00:00,0,2893.81,0,380.27,13237.03,7137.63,7248.78,0,0,2340.78,15848.88,277.77,0,14856.6,1677.88,4390.22,85203.6,0,21004.78,0,0,104479.5,0,0,0,3147.71,2990.23,0,31191.34,38759.49,80.6,2747.83,21177.64,0,0,0,0
2006-07-09 23:00:00,0,2620.03,0,345.51,12130.89,6442.02,6674.96,0,0,2168.72,14699.16,253.15,0,13974.34,1545.44,4117.5,79922.2,0,19537.87,0,0,98588.55,0,0,0,2928.63,2775.88,0,29081.36,36352.71,75.94,2548.41,19572.01,0,0,0,0
2006-07-10 00:00:00,0,2415.89,0,317.56,11120.12,5790.8,6083.13,0,0,2009.29,13555.22,230.17,0,13038.44,1425.21,3868.31,75348.27,0,18195.82,0,0,93232.88,0,0,0,2713.12,2562.95,0,27264.01,34429.37,71.8,2368.68,18033.0,0,0,0,0
2006-07-10 01:00:00,0,2245.25,0,290.53,10305.29,5244.13,5568.87,0,0,1866.02,12487.99,208.76,0,12587.33,1310.23,3638.02,71321.07,0,16971.25,0,0,88612.1,0,0,0,2531.41,2381.3,0,25855.43,32611.45,68.48,2203.4,16703.44,0,0,0,0
2006-07-10 02:00:00,0,2104.81,0,265.18,9822.58,4951.39,5238.83,0,0,1736.72,11693.99,192.6,0,12353.03,1223.97,3419.05,67568.77,0,16283.64,0,0,84129.79,0,0,0,2414.06,2266.34,0,24781.47,31044.51,65.41,2088.13,15852.34,0,0,0,0
2006-07-10 03:00:00,0,2031.44,0,256.65,9635.72,4778.55,5150.6,0,0,1672.61,11282.97,183.11,0,12429.43,1195.33,3301.01,65222.28,0,15873.85,0,0,81914.17,0,0,0,2354.34,2230.93,0,24210.98,30212.2,63.46,2045.19,15361.88,0,0,0,0
2006-07-10 04:00:00,0,1990.0,0,256.29,9696.48,4780.04,5247.92,0,0,1699.15,11339.66,185.1,0,12493.77,1221.45,3357.16,64763.83,0,15800.2,0,0,81970.65,0,0,0,2371.04,2255.54,0,24238.11,29520.98,62.77,2062.88,15348.12,0,0,0,0
2006-07-10 05:00:00,0,1969.87,0,261.56,10031.13,4899.95,5392.38,0,0,1740.97,11651.56,187.92,0,13529.0,1250.23,3452.16,65617.06,0,16874.38,0,0,83938.05,0,0,0,2438.81,2291.15,0,24126.36,29574.1,63.41,2101.4,15580.18,0,0,0,0
2006-07-10 06:00:00,0,1997.87,0,282.28,10844.64,5139.01,5831.27,0,0,1866.39,12357.1,194.0,0,14366.78,1338.88,3730.92,68023.34,0,18470.77,0,0,90807.15,0,0,0,2530.34,2350.63,0,24575.32,29842.29,64.39,2186.74,16101.64,0,0,0,0
2006-07-10 07:00:00,0,2083.13,0,311.66,11406.09,5588.36,6289.59,0,0,2021.58,13344.72,211.87,0,15173.8,1412.03,4013.37,71816.74,0,19451.85,0,0,95725.85,0,0,0,2683.87,2473.46,0,25695.37,30985.78,66.67,2344.1,17266.74,0,0,0,0
2006-07-10 08:00:00,0,2246.55,0,345.88,12076.62,6104.65,6717.88,0,0,2177.68,14646.06,227.62,0,15968.05,1509.94,4387.23,75196.85,0,20534.67,0,0,101012.56,0,0,0,2885.68,2640.23,0,27485.82,32447.5,70.22,2497.52,18559.2,0,0,0,0
2006-07-10 09:00:00,0,2378.98,0,370.96,12792.4,6614.56,7211.92,0,0,2334.06,15667.51,238.6,0,16834.99,1599.3,4721.75,78943.33,0,21587.55,0,0,106530.27,0,0,0,3077.66,2834.59,0,29078.13,33797.61,74.85,2673.12,19844.5,0,0,0,0
2006-07-10 10:00:00,0,2492.48,0,404.32,13913.17,7346.88,7970.31,0,0,2508.39,16844.54,256.77,0,17249.41,1768.57,5091.35,82428.58,0,22667.09,0,0,112641.26,0,0,0,3347.38,3145.89,0,31766.51,35044.01,79.64,2950.06,21067.48,0,0,0,0
2006-07-10 11:00:00,0,2563.99,0,435.73,15004.3,8124.16,8632.76,0,0,2667.29,17718.88,281.33,0,17556.44,1913.58,5445.07,86147.06,0,23494.55,0,0,119463.0,0,0,0,3611.5,3434.88,0,34168.47,36382.22,84.7,3221.64,22339.86,0,0,0,0
2006-07-10 12:00:00,0,2625.68,0,461.73,15891.88,8718.39,9180.46,0,0,2802.54,18603.23,302.43,0,17821.05,2032.16,5724.07,90347.32,0,24069.97,0,0,124438.33,0,0,0,3828.1,3659.23,0,36037.83,37737.46,91.84,3430.22,23451.7,0,0,0,0
2006-07-10 13:00:00,0,2692.66,0,482.6,16456.45,9149.27,9551.4,0,0,2902.4,19336.29,322.07,0,18088.16,2118.16,5936.23,94023.21,0,24415.76,0,0,127836.3,0,0,0,3975.02,3810.61,0,37459.95,39005.28,95.77,3590.86,24137.76,0,0,0,0
2006-07-10 14:00:00,0,2728.5,0,502.02,16788.04,9518.51,9691.55,0,0,2973.38,19914.52,340.99,0,18407.01,2186.49,6037.8,96639.01,0,24618.82,0,0,129974.93,0,0,0,4069.09,3916.65,0,38559.04,39861.03,98.49,3716.88,24708.26,0,0,0,0
2006-07-10 15:00:00,0,2778.53,0,517.28,16837.25,9770.52,9653.0,0,0,2984.16,20214.11,358.42,0,18824.6,2243.32,6092.45,98422.31,0,24718.17,0,0,131593.09,0,0,0,4103.57,3984.16,0,38923.09,40647.97,100.8,3790.68,24993.24,0,0,0,0
2006-07-10 16:00:00,0,2841.4,0,524.76,16774.33,9788.29,9658.52,0,0,2959.42,20253.78,370.8,0,19127.42,2282.24,6079.31,98807.63,0,24670.36,0,0,132149.51,0,0,0,4098.9,3988.8,0,38826.12,41204.14,99.6,3797.91,24912.29,0,0,0,0
2006-07-10 17:00:00,0,2890.95,0,524.02,16539.71,9649.56,9643.86,0,0,2946.55,20063.13,374.39,0,19235.72,2270.13,5999.02,98035.63,0,24393.52,0,0,131704.44,0,0,0,4052.26,3951.67,0,38420.42,41652.48,100.11,3758.44,24632.1,0,0,0,0
2006-07-10 18:00:00,0,2918.4,0,507.14,16266.14,9322.45,9544.31,0,0,2884.87,19694.37,367.4,0,19023.22,2202.9,5840.94,96342.73,0,24061.67,0,0,129305.36,0,0,0,3970.52,3891.64,0,37647.51,41592.91,99.43,3639.01,24183.77,0,0,0,0
2006-07-10 19:00:00,0,2947.35,0,476.14,16629.03,8991.72,9534.3,0,0,2872.67,18800.94,343.8,0,18800.54,2150.7,5558.56,94335.95,0,23763.41,0,0,121174.91,0,0,0,3868.78,3706.77,0,36971.8,40631.06,95.28,3426.67,23855.89,0,0,0,0
2006-07-10 20:00:00,0,2907.82,0,457.68,15956.62,8581.14,8923.84,0,0,2706.93,18015.64,335.58,0,17880.59,2030.97,5381.54,92675.13,0,23358.9,0,0,119663.86,0,0,0,3748.11,3537.59,0,35809.65,40125.37,93.1,3263.21,23206.41,0,0,0,0
2006-07-10 21:00:00,0,2790.53,0,426.46,15300.78,7987.05,8356.89,0,0,2530.92,16984.26,320.73,0,16775.96,1876.79,5047.13,89246.39,0,22471.04,0,0,113456.82,0,0,0,3581.9,3379.71,0,34738.08,39332.82,89.04,3044.84,22634.75,0,0,0,0
2006-07-10 22:00:00,0,2644.52,0,390.86,14194.47,7243.63,7786.27,0,0,2349.13,15829.05,292.99,0,15718.28,1734.33,4771.56,85396.28,0,21332.4,0,0,107623.02,0,0,0,3302.59,3141.12,0,32412.17,38174.82,84.67,2827.79,21294.29,0,0,0,0
2006-07-10 23:00:00,0,2453.02,0,355.34,13208.4,6550.11,7236.63,0,0,2184.09,14693.89,265.39,0,14744.33,1603.34,4519.19,80953.49,0,20085.58,0,0,102102.23,0,0,0,3047.81,2907.27,0,30497.55,35912.92,80.39,2613.52,19872.99,0,0,0,0
2006-07-11 00:00:00,0,2259.86,0,327.5,12170.17,5886.88,6640.17,0,0,2032.57,13585.74,238.66,0,13804.61,1458.24,4275.07,76723.12,0,18755.11,0,0,97139.78,0,0,0,2804.55,2683.88,0,28785.8,33657.17,76.1,2422.17,18603.6,0,0,0,0
2006-07-11 01:00:00,0,2067.06,0,298.94,11260.36,5325.81,6053.89,0,0,1886.02,12578.83,215.45,0,13208.77,1340.25,4021.77,72852.22,0,17456.41,0,0,92775.15,0,0,0,2637.42,2495.84,0,27371.86,31682.38,72.03,2242.09,17531.26,0,0,0,0
2006-07-11 02:00:00,0,1932.56,0,275.79,10671.41,5044.01,5671.14,0,0,1771.15,11892.1,195.84,0,12928.74,1255.65,3784.7,69310.85,0,16622.83,0,0,89509.3,0,0,0,2536.73,2397.22,0,26336.79,30293.55,68.59,2124.68,16784.23,0,0,0,0
2006-07-11 03:00:00,0,1877.04,0,266.2,10320.07,4901.83,5551.35,0,0,1724.46,11629.12,185.86,0,12844.2,1226.53,3635.02,67637.35,0,16183.93,0,0,87910.85,0,0,0,2495.22,2353.61,0,25533.31,29540.16,66.68,2075.38,16221.98,0,0,0,0
2006-07-11 04:00:00,0,1895.96,0,266.95,10198.9,4895.62,5628.7,0,0,1761.55,11748.66,188.67,0,12870.64,1261.11,3677.71,67747.2,0,16245.84,0,0,88315.77,0,0,0,2502.64,2349.05,0,25255.05,28941.04,65.74,2101.26,16134.91,0,0,0,0
2006-07-11 05:00:00,0,1920.25,0,270.75,10439.07,5058.63,5753.58,0,0,1812.35,12147.76,194.08,0,13766.15,1294.86,3777.89,68740.5,0,17285.07,0,0,90374.79,0,0,0,2556.2,2369.14,0,25220.06,28897.24,65.94,2156.11,16422.25,0,0,0,0
2006-07-11 06:00:00,0,1946.19,0,287.54,11270.79,5303.84,6185.37,0,0,1925.67,12783.27,202.15,0,14806.14,1371.41,3940.08,70799.13,0,18884.2,0,0,97190.87,0,0,0,2631.79,2434.09,0,25602.88,28987.48,67.16,2248.26,16802.22,0,0,0,0
2006-07-11 07:00:00,0,2042.2,0,322.55,11962.06,5842.18,6730.46,0,0,2093.78,13915.33,220.78,0,15534.26,1465.59,4167.5,74495.86,0,20103.4,0,0,102600.34,0,0,0,2821.27,2604.69,0,26778.71,30459.22,69.64,2411.74,17413.79,0,0,0,0
2006-07-11 08:00:00,0,2146.04,0,352.65,12665.61,6295.25,7243.7,0,0,2261.4,15083.72,231.02,0,16198.84,1542.87,4354.37,78577.97,0,21046.88,0,0,107530.62,0,0,0,3014.43,2798.69,0,28041.94,31802.27,73.52,2562.51,18184.55,0,0,0,0
2006-07-11 09:00:00,0,2310.12,0,387.23,13535.03,6947.92,7945.86,0,0,2429.8,16214.91,245.7,0,16868.77,1691.75,4511.42,82215.14,0,22068.53,0,0,113055.71,0,0,0,3239.01,3080.5,0,29839.33,34042.04,77.68,2810.32,18993.27,0,0,0,0
2006-07-11 10:00:00,0,2555.02,0,421.38,14775.34,7670.36,8733.38,0,0,2589.07,17318.4,269.85,0,17526.43,1855.16,4669.39,85594.12,0,23278.68,0,0,119446.2,0,0,0,3526.29,3379.53,0,32686.5,36802.2,81.38,3088.21,19653.34,0,0,0,0
2006-07-11 11:00:00,0,2818.18,0,449.58,15983.88,8302.11,9345.72,0,0,2724.51,18240.68,294.98,0,18143.01,1982.11,4839.61,89172.39,0,24379.43,0,0,126353.51,0,0,0,3767.21,3635.46,0,35342.4,39715.37,86.12,3350.46,20364.79,0,0,0,0
2006-07-11 12:00:00,0,3064.75,0,473.92,16853.35,8728.32,9801.27,0,0,2802.97,18930.46,316.31,0,18608.63,2079.54,4968.16,92977.88,0,25136.12,0,0,131252.0,0,0,0,3946.12,3836.76,0,37229.1,42085.35,90.15,3517.49,21253.36,0,0,0,0
2006-07-11 13:00:00,0,3248.82,0,495.39,17524.22,8956.65,10176.2,0,0,2879.07,19586.34,334.96,0,18989.61,2146.54,5023.97,96577.37,0,25613.61,0,0,134007.69,0,0,0,4094.09,3994.91,0,38724.7,43834.79,94.16,3530.36,22365.39,0,0,0,0
2006-07-11 14:00:00,0,3368.01,0,513.38,18021.73,9152.24,10522.25,0,0,2955.83,20285.02,346.66,0,19591.52,2199.36,5094.28,99222.94,0,26034.61,0,0,135149.71,0,0,0,4213.89,4112.42,0,39766.26,44997.55,97.75,3583.26,23964.16,0,0,0,0
2006-07-11 15:00:00,0,3484.66,0,527.81,18180.26,9199.25,10646.53,0,0,2986.54,20544.55,340.07,0,19871.97,2253.03,5347.58,100405.83,0,26196.83,0,0,136773.83,0,0,0,4293.45,4191.73,0,40286.86,46203.33,100.39,3532.01,25074.78,0,0,0,0
2006-07-11 16:00:00,0,3607.03,0,532.87,18241.95,9160.17,10725.26,0,0,2993.95,20590.71,328.22,0,20050.18,2277.25,5438.88,101265.58,0,26048.26,0,0,138083.58,0,0,0,4321.55,4216.54,0,40419.54,47338.37,100.64,3434.12,25640.9,0,0,0,0
2006-07-11 17:00:00,0,3643.56,0,525.37,18118.92,8896.01,10634.47,0,0,2973.66,20264.08,330.62,0,20115.07,2259.94,5403.66,101192.1,0,26271.74,0,0,137576.15,0,0,0,4267.52,4189.74,0,40119.16,47801.39,102.61,3285.74,25793.75,0,0,0,0
2006-07-11 18:00:00,0,3621.05,0,505.16,17681.0,8759.17,10405.47,0,0,2906.81,19831.58,330.22,0,19956.41,2196.88,5391.19,100075.5,0,26071.35,0,0,136691.59,0,0,0,4115.67,4054.83,0,39242.71,47399.76,102.13,3253.86,25605.44,0,0,0,0
2006-07-11 19:00:00,0,3527.72,0,466.57,17460.54,8677.94,10081.37,0,0,2891.33,18803.53,326.65,0,19733.79,2110.59,5242.9,97943.62,0,25347.01,0,0,130715.03,0,0,0,3901.39,3776.12,0,38157.77,46683.75,95.59,3231.04,25002.66,0,0,0,0
2006-07-11 20:00:00,0,3324.19,0,445.68,16732.7,8292.95,9403.44,0,0,2739.63,18185.71,322.88,0,18853.03,2027.81,5113.9,96369.93,0,24885.69,0,0,127456.38,0,0,0,3748.15,3581.81,0,36540.71,44822.17,95.8,3073.51,24292.79,0,0,0,0
2006-07-11 21:00:00,0,3072.06,0,412.98,15891.7,7737.18,8803.16,0,0,2564.4,17162.62,305.29,0,17733.07,1893.51,4874.8,93092.04,0,23773.07,0,0,121676.71,0,0,0,3535.71,3384.47,0,35172.56,42767.65,89.7,2903.65,23726.97,0,0,0,0
2006-07-11 22:00:00,0,2820.07,0,376.53,14699.13,7067.7,8258.01,0,0,2391.8,16042.48,281.76,0,16659.07,1747.74,4660.71,88688.76,0,22346.25,0,0,116130.79,0,0,0,3291.33,3177.17,0,32698.8,40721.83,84.39,2721.94,22467.67,0,0,0,0
2006-07-11 23:00:00,0,2564.61,0,347.06,13596.71,6424.02,7723.66,0,0,2217.9,14860.38,257.54,0,15550.93,1607.25,4460.99,84088.68,0,20920.71,0,0,110853.52,0,0,0,3062.67,2953.88,0,30351.38,37927.68,80.17,2544.43,21092.1,0,0,0,0
2006-07-12 00:00:00,0,2334.69,0,319.36,12555.97,5792.59,7108.68,0,0,2057.29,13758.89,233.43,0,14456.8,1472.11,4273.41,79908.34,0,19669.43,0,0,106557.11,0,0,0,2842.78,2738.8,0,28398.57,35270.37,76.01,2369.16,19855.05,0,0,0,0
2006-07-12 01:00:00,0,2164.16,0,293.44,11611.69,5254.35,6505.53,0,0,1910.11,12764.46,211.09,0,13871.62,1350.75,4076.7,75804.33,0,18520.28,0,0,102209.33,0,0,0,2679.03,2553.17,0,27036.07,33101.2,71.77,2196.08,18685.14,0,0,0,0
2006-07-12 02:00:00,0,2028.35,0,271.67,11018.96,4996.8,6069.32,0,0,1788.39,12092.8,192.95,0,13579.22,1265.58,3900.23,72082.1,0,17789.6,0,0,98624.6,0,0,0,2588.74,2456.98,0,25900.91,31404.63,68.78,2082.07,17707.5,0,0,0,0
2006-07-12 03:00:00,0,1908.63,0,263.89,10646.27,4859.12,5877.61,0,0,1730.11,11790.2,184.62,0,13395.82,1236.91,3775.59,70253.92,0,17423.7,0,0,97228.56,0,0,0,2553.83,2412.94,0,25041.73,30093.83,66.61,2035.81,16974.09,0,0,0,0
2006-07-12 04:00:00,0,1886.85,0,269.69,10606.31,4873.66,5931.24,0,0,1769.61,11861.52,188.58,0,13281.36,1275.59,3817.86,70351.99,0,17505.91,0,0,97463.75,0,0,0,2572.11,2405.47,0,24849.8,29274.05,66.5,2064.52,16679.77,0,0,0,0
2006-07-12 05:00:00,0,1895.27,0,279.16,10878.18,5036.85,6057.52,0,0,1830.14,12264.09,194.52,0,14090.49,1318.98,3901.23,71242.87,0,18296.91,0,0,98741.66,0,0,0,2622.8,2432.44,0,25056.16,29007.7,66.77,2113.96,16846.29,0,0,0,0
2006-07-12 06:00:00,0,1917.01,0,291.0,11676.16,5250.71,6463.07,0,0,1917.56,12823.44,201.44,0,15091.96,1385.19,3993.19,72522.91,0,19784.98,0,0,102946.26,0,0,0,2710.18,2500.2,0,25585.29,29123.92,67.78,2182.09,17102.56,0,0,0,0
2006-07-12 07:00:00,0,2052.33,0,332.49,12457.08,5831.98,7011.29,0,0,2116.72,14117.92,222.12,0,16041.16,1510.63,4149.4,76112.49,0,20537.59,0,0,106501.18,0,0,0,2902.9,2695.9,0,27345.08,30509.29,69.55,2362.86,17915.0,0,0,0,0
2006-07-12 08:00:00,0,2216.27,0,361.29,13108.47,6386.21,7484.37,0,0,2281.66,15336.45,237.91,0,16708.2,1621.23,4366.08,80849.42,0,21206.7,0,0,110363.81,0,0,0,3126.63,2926.75,0,28686.62,32483.68,72.92,2552.64,18831.45,0,0,0,0
2006-07-12 09:00:00,0,2430.45,0,384.88,13950.76,6971.55,8104.63,0,0,2427.24,16341.81,252.18,0,17161.4,1759.94,4550.31,85440.38,0,21890.25,0,0,114428.84,0,0,0,3338.02,3177.53,0,30583.46,35041.67,77.6,2808.95,19603.68,0,0,0,0
2006-07-12 10:00:00,0,2729.86,0,418.93,15160.66,7687.03,8861.59,0,0,2588.42,17588.05,277.36,0,17641.94,1906.61,4740.54,89390.93,0,22734.42,0,0,119004.16,0,0,0,3617.13,3474.61,0,33423.61,38206.28,83.31,3093.89,20423.9,0,0,0,0
2006-07-12 11:00:00,0,3000.63,0,450.74,16332.94,8384.5,9531.74,0,0,2728.61,18625.62,303.97,0,17995.67,2025.71,4832.18,93370.97,0,22645.41,0,0,124270.58,0,0,0,3849.44,3733.98,0,36156.87,40891.12,88.57,3338.02,21364.55,0,0,0,0
2006-07-12 12:00:00,0,3283.62,0,477.82,17272.34,8876.35,10075.65,0,0,2795.07,18777.98,325.78,0,18249.48,2089.91,4893.84,97515.98,0,23347.73,0,0,129317.43,0,0,0,4037.65,3941.7,0,37852.18,43309.36,94.12,3516.25,22360.55,0,0,0,0
2006-07-12 13:00:00,0,3523.39,0,497.1,18009.98,9127.04,10522.96,0,0,2825.79,18734.95,335.47,0,18508.62,2124.57,5010.43,100385.52,0,24258.5,0,0,132296.25,0,0,0,4185.36,4101.77,0,39090.0,45456.93,99.01,3562.13,23225.55,0,0,0,0
2006-07-12 14:00:00,0,3710.66,0,513.31,18524.87,9179.11,10856.24,0,0,2820.77,18801.4,331.83,0,18780.08,2186.16,5127.94,102721.97,0,24623.72,0,0,135262.31,0,0,0,4310.09,4214.85,0,40062.92,47151.62,103.28,3475.28,24387.99,0,0,0,0
2006-07-12 15:00:00,0,3855.52,0,525.54,18666.74,9042.99,11022.14,0,0,2806.42,18896.04,336.36,0,18878.63,2266.35,5258.26,104591.69,0,24662.66,0,0,136619.32,0,0,0,4383.23,4285.12,0,40712.69,48511.46,106.49,3362.6,25315.55,0,0,0,0
2006-07-12 16:00:00,0,3920.83,0,530.43,18558.62,8930.23,11017.56,0,0,2829.12,18949.23,335.72,0,18843.22,2305.8,5435.49,105621.32,0,24365.04,0,0,137490.13,0,0,0,4411.31,4307.49,0,40852.06,49356.52,108.26,3334.62,26029.27,0,0,0,0
2006-07-12 17:00:00,0,3875.62,0,525.96,18368.43,8859.78,10847.13,0,0,2829.85,18960.11,334.86,0,18791.81,2307.25,5620.71,105876.59,0,24808.36,0,0,138073.55,0,0,0,4386.53,4286.54,0,40649.88,49468.8,108.85,3355.89,26273.02,0,0,0,0
2006-07-12 18:00:00,0,3867.52,0,501.71,17923.19,8783.41,10549.11,0,0,2819.02,18992.08,334.34,0,18742.31,2259.29,5553.92,104683.38,0,25168.27,0,0,137648.96,0,0,0,4291.92,4192.51,0,39764.58,49233.03,107.83,3375.93,26209.18,0,0,0,0
2006-07-12 19:00:00,0,3832.21,0,454.4,17646.55,8712.74,10124.88,0,0,2836.36,18539.93,332.82,0,18756.33,2152.38,5341.07,101147.16,0,25243.49,0,0,130916.37,0,0,0,4086.94,3878.94,0,37968.89,48814.67,100.88,3302.62,25433.0,0,0,0,0
2006-07-12 20:00:00,0,3710.52,0,430.56,16916.27,8326.97,9457.68,0,0,2686.81,17759.79,324.59,0,17895.34,2054.82,5237.06,100188.87,0,24539.41,0,0,128328.48,0,0,0,3895.93,3673.71,0,36772.26,47186.3,100.67,3113.46,24485.34,0,0,0,0
2006-07-12 21:00:00,0,3406.41,0,401.39,16061.21,7754.57,8871.38,0,0,2526.61,16796.74,307.58,0,17035.12,1918.39,4971.07,96421.56,0,23655.03,0,0,122853.41,0,0,0,3685.29,3477.4,0,35372.43,45014.43,94.37,2923.54,23872.16,0,0,0,0
2006-07-12 22:00:00,0,3176.45,0,372.63,14841.47,7109.72,8285.76,0,0,2358.32,15790.52,283.27,0,16211.96,1773.3,4706.37,92299.96,0,22497.39,0,0,117708.68,0,0,0,3429.54,3272.15,0,32947.98,42918.56,89.26,2743.12,22542.68,0,0,0,0
2006-07-12 23:00:00,0,2856.16,0,346.21,13671.95,6480.27,7743.41,0,0,2200.62,14737.1,260.11,0,15403.24,1633.78,4463.87,87522.0,0,21496.2,0,0,112905.18,0,0,0,3198.11,3066.75,0,30527.5,39817.34,83.62,2559.25,21325.79,0,0,0,0
2006-07-13 00:00:00,0,2590.79,0,319.43,12703.12,5862.95,7239.48,0,0,2059.88,13679.83,237.26,0,14617.31,1498.09,4249.68,83044.64,0,20469.82,0,0,107993.31,0,0,0,2981.1,2853.17,0,28448.18,37178.26,78.67,2390.3,20156.93,0,0,0,0
2006-07-13 01:00:00,0,2333.86,0,294.24,11912.13,5329.43,6704.14,0,0,1927.89,12715.4,216.3,0,14029.51,1383.1,4027.57,78599.04,0,19469.61,0,0,103461.77,0,0,0,2805.17,2649.71,0,26864.74,34834.46,73.96,2219.92,19019.99,0,0,0,0
2006-07-13 02:00:00,0,2126.93,0,273.55,11332.54,5067.84,6230.41,0,0,1815.57,12077.35,199.37,0,13875.64,1291.51,3822.21,74488.94,0,18550.67,0,0,99599.16,0,0,0,2698.39,2536.49,0,25826.04,32800.39,69.48,2106.26,18127.38,0,0,0,0
2006-07-13 03:00:00,0,2004.89,0,266.96,11023.88,4962.46,5994.07,0,0,1757.0,11821.85,190.63,0,13565.08,1248.97,3699.88,71998.82,0,18294.03,0,0,97475.88,0,0,0,2639.89,2478.46,0,25104.2,31328.3,66.55,2067.74,17274.26,0,0,0,0
2006-07-13 04:00:00,0,1953.35,0,271.76,10967.12,4951.52,6052.97,0,0,1795.42,11912.27,193.13,0,13490.01,1288.39,3745.85,71438.4,0,18338.43,0,0,97303.02,0,0,0,2637.78,2459.7,0,25046.46,30196.55,65.81,2091.34,16887.03,0,0,0,0
2006-07-13 05:00:00,0,1948.74,0,280.47,11292.73,5110.81,6198.88,0,0,1853.51,12320.76,197.94,0,13773.96,1331.25,3827.21,72020.81,0,18739.79,0,0,97875.41,0,0,0,2686.91,2493.95,0,25272.28,29806.31,66.26,2144.42,17004.71,0,0,0,0
2006-07-13 06:00:00,0,1963.46,0,297.71,11952.98,5343.51,6576.99,0,0,1955.89,12978.33,205.55,0,14521.31,1404.51,3964.66,73895.51,0,19960.65,0,0,102292.92,0,0,0,2791.27,2581.89,0,25895.14,29755.2,67.35,2213.77,17276.44,0,0,0,0
2006-07-13 07:00:00,0,2139.64,0,332.02,12497.44,5870.44,7064.28,0,0,2116.82,14229.67,224.52,0,15155.84,1508.85,4153.17,78125.35,0,20898.82,0,0,105738.47,0,0,0,3004.02,2794.6,0,27316.73,31400.85,69.39,2372.9,18192.94,0,0,0,0
2006-07-13 08:00:00,0,2358.78,0,357.63,13096.91,6352.01,7519.57,0,0,2275.31,15480.53,237.06,0,15496.36,1603.4,4335.8,83846.71,0,22223.62,0,0,109956.42,0,0,0,3207.18,3013.35,0,28529.64,34034.87,74.26,2545.87,19095.69,0,0,0,0
2006-07-13 09:00:00,0,2687.71,0,391.25,13863.17,6890.72,8054.29,0,0,2430.43,16785.55,252.67,0,15907.69,1741.04,4553.45,88562.13,0,23183.89,0,0,114377.58,0,0,0,3426.01,3254.34,0,29767.34,37285.53,79.5,2779.64,19940.81,0,0,0,0
2006-07-13 10:00:00,0,3019.22,0,423.08,14741.74,7606.94,8768.31,0,0,2613.51,18069.16,274.47,0,16315.39,1884.53,4715.53,92811.17,0,24051.42,0,0,118903.9,0,0,0,3688.98,3527.22,0,31400.21,40305.41,84.31,3045.59,20924.27,0,0,0,0
2006-07-13 11:00:00,0,3348.64,0,451.7,15263.2,8384.19,9374.3,0,0,2809.91,19366.57,298.18,0,16741.4,2009.81,4969.23,98474.85,0,24700.96,0,0,124806.0,0,0,0,3909.8,3790.06,0,33881.09,43240.53,91.22,3321.99,22554.46,0,0,0,0
2006-07-13 12:00:00,0,3634.32,0,476.04,15788.14,9035.43,9900.62,0,0,2962.61,20328.56,319.42,0,17196.24,2107.78,5292.78,103226.78,0,24937.84,0,0,130317.37,0,0,0,4095.6,4007.9,0,36266.61,45792.7,96.91,3548.81,24081.27,0,0,0,0
2006-07-13 13:00:00,0,3859.41,0,497.82,16064.1,9513.18,10309.64,0,0,3076.67,20921.42,338.03,0,17589.64,2178.3,5653.66,106584.6,0,25362.88,0,0,135395.55,0,0,0,4241.34,4145.06,0,37853.76,47980.77,100.61,3706.95,24961.03,0,0,0,0
2006-07-13 14:00:00,0,4049.98,0,512.45,16073.06,9833.53,10404.29,0,0,3155.55,21328.27,356.73,0,17948.23,2235.36,5930.46,109001.96,0,25943.13,0,0,138986.41,0,0,0,4316.03,4221.81,0,38834.45,49717.63,102.98,3792.9,25801.86,0,0,0,0
2006-07-13 15:00:00,0,4193.12,0,519.83,16255.24,10022.27,10363.48,0,0,3214.37,21518.71,370.08,0,18421.74,2282.04,6043.75,110213.29,0,26357.9,0,0,141184.56,0,0,0,4325.69,4249.52,0,39498.83,50792.94,104.88,3786.42,26392.73,0,0,0,0
2006-07-13 16:00:00,0,4274.35,0,521.02,16444.91,9952.41,10375.71,0,0,3207.83,21382.94,377.58,0,18879.3,2312.25,6026.08,110636.47,0,26406.2,0,0,142231.12,0,0,0,4264.22,4228.28,0,39770.13,51369.28,105.85,3659.11,26534.92,0,0,0,0
2006-07-13 17:00:00,0,4319.26,0,507.85,16521.51,9648.3,10345.75,0,0,3135.78,21028.71,377.88,0,19151.7,2306.4,6021.48,110333.54,0,26343.19,0,0,142326.38,0,0,0,4189.95,4159.12,0,39517.96,51678.09,105.84,3489.87,26447.73,0,0,0,0
2006-07-13 18:00:00,0,4288.01,0,493.97,16468.13,9360.04,10179.91,0,0,3005.95,20462.91,370.12,0,19164.22,2244.15,5947.17,109018.39,0,25864.65,0,0,141438.01,0,0,0,4096.52,4048.98,0,38837.2,50865.73,103.56,3472.94,26321.26,0,0,0,0
2006-07-13 19:00:00,0,4222.05,0,458.8,16672.12,9003.51,9915.77,0,0,2959.22,19489.13,350.88,0,19071.4,2196.85,5487.67,104600.02,0,24964.7,0,0,131867.57,0,0,0,3968.14,3835.59,0,37304.12,50896.0,96.14,3323.1,25398.17,0,0,0,0
2006-07-13 20:00:00,0,4088.05,0,441.48,16293.09,8604.88,9372.97,0,0,2797.43,18759.51,343.5,0,17882.95,2075.3,5442.44,103014.48,0,24419.1,0,0,129720.13,0,0,0,3822.58,3653.2,0,36251.59,48683.37,96.04,3171.99,24636.19,0,0,0,0
2006-07-13 21:00:00,0,3758.27,0,413.21,15484.09,8020.48,8844.64,0,0,2618.34,17659.44,324.15,0,16663.85,1908.51,5138.67,98947.66,0,23009.39,0,0,123393.99,0,0,0,3627.03,3461.0,0,34776.41,45964.94,91.51,2976.25,24052.63,0,0,0,0
2006-07-13 22:00:00,0,3529.02,0,380.45,14429.01,7335.16,8314.15,0,0,2443.54,16454.72,296.77,0,15595.46,1753.83,4868.52,94527.07,0,21547.64,0,0,117077.35,0,0,0,3396.56,3268.08,0,32385.64,43665.42,86.75,2789.6,22681.72,0,0,0,0
2006-07-13 23:00:00,0,3194.23,0,348.91,13453.02,6660.14,7800.25,0,0,2270.12,15272.56,271.94,0,14583.48,1614.02,4608.62,89654.21,0,20137.67,0,0,111391.85,0,0,0,3178.13,3070.56,0,30123.67,40658.0,82.35,2596.99,21167.61,0,0,0,0
2006-07-14 00:00:00,0,2886.2,0,319.66,12482.74,5988.48,7244.09,0,0,2105.68,14103.81,247.5,0,13640.17,1471.28,4365.45,84868.44,0,18854.63,0,0,105966.29,0,0,0,2967.41,2866.02,0,28077.41,37798.1,79.2,2412.94,19654.69,0,0,0,0
2006-07-14 01:00:00,0,2649.24,0,292.78,11599.53,5412.5,6686.08,0,0,1949.1,13016.11,223.22,0,13071.31,1341.93,4141.49,80258.8,0,17710.74,0,0,101353.95,0,0,0,2805.89,2672.64,0,26668.64,35292.35,75.56,2236.43,18256.7,0,0,0,0
2006-07-14 02:00:00,0,2495.11,0,269.6,11121.67,5114.11,6272.54,0,0,1823.31,12275.08,201.39,0,12837.21,1244.94,3933.41,75948.55,0,16957.46,0,0,97445.76,0,0,0,2700.77,2559.2,0,25670.17,33555.14,71.61,2124.63,17298.74,0,0,0,0
2006-07-14 03:00:00,0,2341.2,0,263.54,10767.8,4966.6,6064.62,0,0,1759.53,11901.02,190.15,0,12768.74,1214.69,3808.51,73346.3,0,16525.08,0,0,95434.0,0,0,0,2648.28,2498.62,0,24879.56,32270.12,69.46,2066.75,16514.3,0,0,0,0
2006-07-14 04:00:00,0,2240.29,0,269.14,10808.44,4964.32,6134.71,0,0,1788.56,11897.86,192.55,0,12797.31,1249.23,3819.83,72522.98,0,16502.73,0,0,95145.58,0,0,0,2648.33,2469.72,0,24712.91,31176.38,68.94,2088.6,16357.88,0,0,0,0
2006-07-14 05:00:00,0,2209.13,0,279.02,11116.95,5111.65,6265.56,0,0,1832.38,12205.92,198.28,0,13820.05,1289.53,3893.5,73093.62,0,17323.36,0,0,96285.9,0,0,0,2694.77,2502.95,0,24940.36,30860.32,68.26,2136.4,16548.26,0,0,0,0
2006-07-14 06:00:00,0,2148.68,0,297.04,11757.31,5385.21,6540.95,0,0,1943.46,12877.2,207.45,0,15015.08,1368.85,4112.69,75235.54,0,18858.11,0,0,101174.67,0,0,0,2799.96,2588.43,0,25638.22,30611.57,68.35,2231.82,16947.12,0,0,0,0
2006-07-14 07:00:00,0,2301.47,0,332.04,12328.54,5917.33,6856.18,0,0,2115.92,14037.72,228.91,0,16274.04,1474.9,4434.41,79594.6,0,20686.25,0,0,106931.64,0,0,0,2992.43,2778.18,0,26945.07,32089.01,71.33,2408.65,18078.59,0,0,0,0
2006-07-14 08:00:00,0,2534.94,0,363.72,12871.09,6364.49,7192.61,0,0,2281.97,15526.23,239.81,0,17415.02,1593.12,4731.05,84837.3,0,22310.24,0,0,113418.22,0,0,0,3179.41,2965.28,0,28543.54,34312.02,76.23,2556.64,19538.63,0,0,0,0
2006-07-14 09:00:00,0,2766.54,0,391.51,13594.98,6945.15,7567.2,0,0,2448.3,16850.62,251.06,0,18216.84,1726.45,5046.25,89436.48,0,23516.48,0,0,120563.24,0,0,0,3399.46,3194.44,0,30837.4,36855.36,81.41,2773.61,21088.32,0,0,0,0
2006-07-14 10:00:00,0,3024.64,0,423.5,14958.39,7695.41,8221.67,0,0,2651.83,18355.13,272.36,0,18607.03,1902.51,5477.34,93961.05,0,24520.01,0,0,127820.32,0,0,0,3693.64,3527.25,0,34019.44,39921.05,86.19,3049.41,22744.81,0,0,0,0
2006-07-14 11:00:00,0,3288.41,0,454.28,16180.1,8496.35,8982.26,0,0,2860.84,19755.82,297.92,0,18862.95,2054.9,5841.68,99519.56,0,25226.28,0,0,133295.66,0,0,0,3979.16,3841.8,0,36607.16,42779.7,91.02,3322.6,24412.71,0,0,0,0
2006-07-14 12:00:00,0,3575.97,0,480.22,17007.71,9184.31,9736.95,0,0,3025.8,20789.91,322.28,0,19164.55,2178.83,6075.61,103920.61,0,25800.81,0,0,137238.87,0,0,0,4202.1,4070.36,0,38192.56,45310.28,94.6,3551.19,25593.47,0,0,0,0
2006-07-14 13:00:00,0,3813.77,0,501.55,17319.36,9683.82,10326.57,0,0,3155.51,21541.08,342.25,0,19497.37,2269.1,6252.95,106749.3,0,26199.86,0,0,140099.5,0,0,0,4303.94,4206.76,0,39427.82,47372.51,98.97,3729.37,26489.55,0,0,0,0
2006-07-14 14:00:00,0,4006.57,0,516.81,17431.33,10102.07,10674.53,0,0,3261.21,22146.45,362.11,0,19944.84,2346.38,6398.23,108912.94,0,26591.47,0,0,142928.09,0,0,0,4335.6,4259.49,0,40562.47,49053.08,103.19,3869.03,27143.56,0,0,0,0
2006-07-14 15:00:00,0,4149.24,0,526.1,17484.95,10374.37,10818.04,0,0,3321.11,22520.17,379.46,0,20470.18,2404.37,6517.2,110137.97,0,26873.37,0,0,145346.94,0,0,0,4339.41,4269.43,0,41263.21,50124.47,106.09,3950.37,27597.97,0,0,0,0
2006-07-14 16:00:00,0,4228.17,0,522.05,17699.79,10497.1,10890.94,0,0,3314.27,22561.49,387.04,0,20930.52,2424.0,6541.74,110676.66,0,26787.74,0,0,146120.39,0,0,0,4323.51,4263.4,0,41617.71,50589.68,107.46,4016.99,27635.68,0,0,0,0
2006-07-14 17:00:00,0,4244.38,0,502.0,17715.32,10350.67,10835.7,0,0,3254.2,22063.14,385.08,0,21078.75,2397.05,6498.17,109847.01,0,26496.17,0,0,145086.09,0,0,0,4246.74,4202.76,0,41326.79,50590.1,107.79,3985.36,27301.3,0,0,0,0
2006-07-14 18:00:00,0,4194.57,0,480.83,17512.33,9924.7,10727.58,0,0,3109.77,21239.28,375.88,0,20980.78,2311.95,6340.73,108160.13,0,25898.91,0,0,143111.31,0,0,0,4162.01,4103.35,0,40504.84,49728.69,106.81,3872.9,26745.44,0,0,0,0
2006-07-14 19:00:00,0,4121.36,0,430.35,16594.47,8886.52,10186.89,0,0,2882.63,19317.0,338.43,0,19747.41,2089.55,5563.68,99387.64,0,23116.47,0,0,125725.65,0,0,0,3987.2,3949.72,0,37980.04,47483.81,94.16,3412.37,24505.15,0,0,0,0
2006-07-14 20:00:00,0,3959.79,0,430.11,16347.25,8522.22,9638.27,0,0,2708.63,18359.02,333.74,0,18662.74,2001.56,5527.3,98881.7,0,23262.14,0,0,125390.38,0,0,0,3890.18,3831.31,0,37016.15,46694.69,92.53,3300.73,23981.53,0,0,0,0
2006-07-14 21:00:00,0,3631.09,0,404.43,15545.44,8041.0,9115.38,0,0,2542.63,17227.55,317.82,0,17497.08,1896.46,5188.47,94953.29,0,22362.05,0,0,119547.27,0,0,0,3770.0,3694.35,0,35698.86,44291.02,85.86,3096.04,23525.9,0,0,0,0
2006-07-14 22:00:00,0,3425.64,0,369.15,14465.84,7378.05,8622.86,0,0,2392.9,16157.92,291.25,0,16408.21,1789.81,4890.78,90987.92,0,21266.2,0,0,114127.25,0,0,0,3532.67,3505.4,0,33326.33,41613.35,80.81,2908.23,22306.0,0,0,0,0
2006-07-14 23:00:00,0,3134.79,0,339.35,13419.79,6720.56,8133.94,0,0,2231.52,15112.48,266.09,0,15351.01,1687.12,4597.98,85894.94,0,20022.56,0,0,108908.54,0,0,0,3307.43,3313.08,0,31161.04,39077.85,76.73,2712.72,20836.09,0,0,0,0
2006-07-15 00:00:00,0,2848.63,0,314.31,12479.87,6120.44,7633.71,0,0,2076.45,14105.18,244.23,0,14335.82,1562.45,4321.46,80928.55,0,18874.24,0,0,103903.16,0,0,0,3106.57,3118.06,0,29131.49,36773.15,72.34,2527.66,19404.85,0,0,0,0
2006-07-15 01:00:00,0,2588.61,0,293.29,11703.83,5572.82,7110.88,0,0,1942.79,13188.38,225.3,0,13584.37,1434.91,4062.59,75941.0,0,17782.4,0,0,99375.75,0,0,0,2933.65,2931.82,0,27633.35,34634.54,67.79,2352.04,18069.79,0,0,0,0
2006-07-15 02:00:00,0,2356.76,0,275.2,10998.92,5174.6,6625.38,0,0,1831.24,12400.31,209.15,0,13261.13,1337.62,3829.37,71964.55,0,16972.42,0,0,95415.6,0,0,0,2799.26,2757.54,0,26495.77,32634.77,64.08,2205.94,16912.41,0,0,0,0
2006-07-15 03:00:00,0,2184.23,0,262.79,10483.51,4968.61,6348.48,0,0,1751.74,11859.61,197.23,0,13043.88,1283.08,3664.31,69290.78,0,16402.36,0,0,92442.48,0,0,0,2704.95,2636.73,0,25616.31,31061.47,60.75,2099.67,16081.25,0,0,0,0
2006-07-15 04:00:00,0,2054.17,0,258.35,10297.5,4809.87,6226.2,0,0,1699.0,11480.76,190.26,0,12884.14,1255.12,3541.99,67194.78,0,16032.14,0,0,90769.56,0,0,0,2656.14,2568.29,0,24911.1,29707.77,58.74,2032.88,15382.69,0,0,0,0
2006-07-15 05:00:00,0,1978.44,0,257.02,10208.43,4767.86,6166.58,0,0,1689.14,11387.86,188.64,0,12936.84,1252.54,3494.17,66052.77,0,16044.16,0,0,90299.14,0,0,0,2623.42,2552.45,0,24520.06,28729.29,57.91,2012.2,14955.97,0,0,0,0
2006-07-15 06:00:00,0,1932.96,0,262.62,10428.63,4946.55,6296.1,0,0,1726.31,11597.35,191.61,0,13669.01,1292.11,3524.3,65879.42,0,16986.24,0,0,90980.49,0,0,0,2678.08,2615.29,0,24489.18,28055.38,57.16,2063.19,15009.3,0,0,0,0
2006-07-15 07:00:00,0,2093.13,0,276.01,11132.54,5465.98,6724.2,0,0,1861.67,12772.44,206.16,0,14432.77,1385.3,3720.51,68046.88,0,17992.33,0,0,94394.56,0,0,0,2814.26,2823.05,0,25161.85,28718.7,58.03,2228.87,15753.75,0,0,0,0
2006-07-15 08:00:00,0,2408.83,0,319.66,12044.94,6200.79,7242.86,0,0,2077.03,14687.21,222.67,0,15247.29,1512.39,3935.2,72755.11,0,18926.58,0,0,100389.78,0,0,0,3067.88,3097.34,0,27256.9,31253.95,62.36,2411.92,17179.92,0,0,0,0
2006-07-15 09:00:00,0,2837.19,0,357.8,13350.0,6971.45,8182.75,0,0,2277.28,16359.06,245.89,0,15993.25,1711.87,4307.75,78491.4,0,19778.22,0,0,107973.8,0,0,0,3415.92,3468.63,0,30431.14,35133.08,68.0,2693.17,18758.51,0,0,0,0
2006-07-15 10:00:00,0,3174.13,0,392.86,14270.48,7820.75,9052.41,0,0,2509.66,18157.65,276.1,0,16372.9,1898.72,4655.21,85155.54,0,20600.88,0,0,116917.78,0,0,0,3701.25,3805.22,0,33242.56,38608.22,74.49,2989.0,20927.48,0,0,0,0
2006-07-15 11:00:00,0,3462.84,0,425.59,14990.4,8517.85,9606.47,0,0,2685.96,19479.15,303.23,0,16585.61,2045.68,4948.74,90738.02,0,21176.03,0,0,123286.23,0,0,0,3853.36,3976.63,0,35230.59,41196.27,80.36,3248.29,22576.08,0,0,0,0
2006-07-15 12:00:00,0,3669.23,0,454.7,15623.22,9023.16,9933.47,0,0,2822.39,20389.3,324.12,0,17007.97,2167.03,5210.88,94553.52,0,21366.5,0,0,127756.13,0,0,0,3874.71,4019.13,0,36625.83,43112.77,85.13,3434.44,23808.51,0,0,0,0
2006-07-15 13:00:00,0,3837.41,0,479.22,16282.75,9441.17,10116.69,0,0,2940.25,21065.39,343.39,0,17327.23,2261.86,5428.66,97078.99,0,21619.16,0,0,130765.95,0,0,0,3958.76,4107.71,0,37729.64,44792.27,88.82,3569.76,24826.35,0,0,0,0
2006-07-15 14:00:00,0,3987.29,0,495.89,16890.74,9846.63,10391.51,0,0,3038.18,21624.16,365.01,0,17551.59,2324.7,5604.27,99251.81,0,21854.92,0,0,132374.48,0,0,0,4085.71,4206.85,0,38579.3,46257.57,91.76,3688.58,25637.38,0,0,0,0
2006-07-15 15:00:00,0,4104.57,0,506.28,17259.07,10166.71,10626.04,0,0,3107.75,22042.57,382.59,0,17784.74,2391.42,5760.99,100979.74,0,21991.01,0,0,134374.92,0,0,0,4194.49,4294.23,0,39017.16,47471.61,93.71,3776.78,26216.31,0,0,0,0
2006-07-15 16:00:00,0,4188.85,0,511.9,17321.26,10287.1,10758.62,0,0,3141.54,22126.29,392.77,0,18002.51,2405.79,5884.65,102259.33,0,22262.79,0,0,135095.49,0,0,0,4221.49,4316.39,0,38970.39,48054.45,94.92,3795.72,26462.77,0,0,0,0
2006-07-15 17:00:00,0,4228.16,0,515.54,17275.62,10149.06,10814.96,0,0,3129.5,21749.32,395.62,0,18185.08,2316.37,5967.64,102389.75,0,22573.16,0,0,134862.05,0,0,0,4215.58,4307.62,0,38775.68,48234.45,95.06,3769.23,26500.31,0,0,0,0
2006-07-15 18:00:00,0,4197.25,0,506.72,16857.65,9739.11,10765.23,0,0,2987.46,20724.94,389.68,0,18104.42,2227.04,5946.9,101516.48,0,22579.37,0,0,133967.74,0,0,0,4203.19,4266.88,0,38260.61,47978.26,93.52,3642.97,26030.79,0,0,0,0
2006-07-15 19:00:00,0,4189.19,0,471.81,16585.97,9037.54,10365.18,0,0,2928.6,19511.46,353.92,0,18935.47,2162.79,5633.63,100431.57,0,22947.13,0,0,127151.38,0,0,0,4137.96,4100.64,0,37103.74,48391.6,89.87,3452.15,25242.44,0,0,0,0
2006-07-15 20:00:00,0,4012.61,0,454.58,16343.94,8667.27,9779.37,0,0,2748.77,18520.41,336.64,0,17953.14,2067.93,5674.87,99287.84,0,22942.09,0,0,127044.21,0,0,0,4014.54,3946.65,0,36709.98,47552.37,88.68,3331.17,24508.17,0,0,0,0
2006-07-15 21:00:00,0,3643.89,0,431.71,15483.84,8264.0,9156.91,0,0,2580.41,17417.97,320.95,0,17043.94,1947.14,5328.59,94928.13,0,21951.77,0,0,120401.19,0,0,0,3858.07,3786.21,0,35422.22,44691.64,82.88,3146.23,23853.77,0,0,0,0
2006-07-15 22:00:00,0,3417.21,0,398.42,14255.57,7555.79,8575.3,0,0,2417.06,16342.79,301.76,0,16016.91,1829.79,5002.91,90910.27,0,20752.64,0,0,114313.15,0,0,0,3592.73,3574.6,0,33209.18,41795.4,77.56,2955.59,22459.43,0,0,0,0
2006-07-15 23:00:00,0,3104.7,0,367.3,13117.13,6879.82,8039.73,0,0,2243.7,15282.83,278.75,0,15044.93,1710.27,4692.55,85815.51,0,19584.04,0,0,108582.05,0,0,0,3352.28,3371.54,0,31106.92,39067.15,73.1,2772.27,20880.37,0,0,0,0
2006-07-16 00:00:00,0,2801.2,0,335.75,12097.01,6256.08,7491.9,0,0,2081.99,14263.05,256.6,0,14102.52,1589.03,4377.3,80963.15,0,18496.13,0,0,102943.02,0,0,0,3136.78,3165.32,0,29065.53,36691.4,68.91,2580.12,19310.43,0,0,0,0
2006-07-16 01:00:00,0,2539.29,0,307.17,11197.07,5687.55,6932.85,0,0,1934.32,13292.37,236.35,0,13425.98,1473.96,4092.08,76307.95,0,17432.74,0,0,98064.52,0,0,0,2945.1,2956.44,0,27508.88,34642.53,64.95,2401.32,17867.96,0,0,0,0
2006-07-16 02:00:00,0,2306.88,0,283.7,10591.63,5273.54,6466.02,0,0,1812.15,12492.98,219.0,0,13149.81,1372.45,3856.31,72274.7,0,16679.86,0,0,94187.75,0,0,0,2781.91,2767.25,0,26349.43,32627.2,61.29,2258.11,16678.7,0,0,0,0
2006-07-16 03:00:00,0,2130.16,0,267.16,10106.57,5043.4,6186.52,0,0,1726.88,11950.8,205.99,0,12964.48,1308.64,3683.76,69074.23,0,16198.34,0,0,90682.83,0,0,0,2667.99,2621.06,0,25517.15,30931.7,58.48,2146.23,15805.54,0,0,0,0
2006-07-16 04:00:00,0,2015.37,0,263.29,9995.92,4881.4,6060.5,0,0,1681.06,11532.64,198.06,0,12930.71,1273.9,3550.69,67035.39,0,15956.87,0,0,88715.66,0,0,0,2610.26,2557.13,0,24839.66,29600.63,56.79,2066.18,15037.6,0,0,0,0
2006-07-16 05:00:00,0,1949.95,0,262.29,9927.12,4827.26,6005.71,0,0,1682.98,11476.14,195.72,0,13071.02,1273.18,3478.47,65690.69,0,16004.32,0,0,87873.18,0,0,0,2595.82,2547.92,0,24446.67,28555.17,56.18,2035.11,14650.81,0,0,0,0
2006-07-16 06:00:00,0,1918.88,0,266.99,10157.16,4980.87,6126.51,0,0,1717.58,11647.67,198.87,0,13835.72,1311.03,3514.36,65593.75,0,16840.96,0,0,89348.99,0,0,0,2639.27,2589.5,0,24368.58,28069.18,55.85,2073.09,14687.17,0,0,0,0
2006-07-16 07:00:00,0,2068.79,0,292.4,10788.11,5546.25,6538.6,0,0,1860.98,12783.5,213.94,0,14645.87,1398.86,3704.57,68083.19,0,18306.73,0,0,94524.55,0,0,0,2750.23,2749.14,0,25034.21,28916.5,57.27,2259.57,15410.23,0,0,0,0
2006-07-16 08:00:00,0,2440.99,0,324.44,11444.99,6295.2,7032.64,0,0,2061.9,14465.69,234.42,0,15417.12,1505.06,4038.22,73483.22,0,19695.24,0,0,103213.28,0,0,0,2926.67,2971.71,0,27001.47,31835.77,61.96,2474.07,16945.98,0,0,0,0
2006-07-16 09:00:00,0,2866.3,0,365.91,12433.36,7096.24,7849.96,0,0,2270.88,16223.23,254.97,0,16038.62,1686.54,4548.06,79095.21,0,20938.35,0,0,112601.94,0,0,0,3246.75,3320.29,0,30046.7,35882.18,67.63,2778.89,18513.49,0,0,0,0
2006-07-16 10:00:00,0,3257.61,0,393.54,13401.05,7980.66,8607.94,0,0,2513.72,18051.3,278.96,0,16392.58,1870.79,4931.3,85020.53,0,22093.76,0,0,120123.34,0,0,0,3546.19,3652.26,0,32849.16,39578.09,73.85,3075.29,20697.98,0,0,0,0
2006-07-16 11:00:00,0,3588.06,0,416.23,14278.24,8690.36,9162.89,0,0,2706.2,19482.56,303.16,0,16768.38,1963.38,5204.27,90029.58,0,23008.08,0,0,125462.7,0,0,0,3777.32,3901.71,0,34997.1,42530.52,79.81,3325.59,22265.95,0,0,0,0
2006-07-16 12:00:00,0,3824.92,0,444.82,14986.2,9247.67,9614.66,0,0,2864.15,20446.6,322.1,0,17127.43,2007.9,5419.36,94072.04,0,23777.16,0,0,129629.92,0,0,0,3949.9,4065.92,0,36705.49,44759.7,84.74,3507.72,23547.65,0,0,0,0
2006-07-16 13:00:00,0,4002.48,0,460.2,15567.15,9678.69,9887.25,0,0,2990.86,21125.01,342.65,0,17470.31,2042.44,5612.83,97368.63,0,24343.98,0,0,132894.81,0,0,0,4067.59,4174.33,0,38187.2,46455.43,88.56,3647.03,24660.9,0,0,0,0
2006-07-16 14:00:00,0,4146.23,0,471.43,16117.03,10045.54,10132.51,0,0,3085.32,21629.56,351.14,0,17955.22,2096.06,5804.47,100291.47,0,24842.53,0,0,135790.07,0,0,0,4173.2,4263.69,0,39489.84,47930.68,91.63,3772.35,25648.67,0,0,0,0
2006-07-16 15:00:00,0,4268.6,0,477.04,16459.91,10269.3,10318.21,0,0,3147.62,21927.48,355.51,0,18499.77,2152.86,5956.44,102526.87,0,25284.35,0,0,138102.69,0,0,0,4236.91,4320.03,0,40392.24,49262.1,94.12,3872.82,26426.9,0,0,0,0
2006-07-16 16:00:00,0,4360.06,0,473.7,16691.19,10181.57,10428.49,0,0,3137.47,21643.29,362.86,0,19026.68,2166.82,6060.08,103896.4,0,25539.78,0,0,139664.61,0,0,0,4244.16,4330.02,0,40895.27,49998.59,96.16,3879.78,26819.3,0,0,0,0
2006-07-16 17:00:00,0,4401.48,0,468.15,16813.51,9959.58,10491.81,0,0,3083.09,21291.25,363.59,0,19425.78,2178.2,6133.82,104292.59,0,25637.5,0,0,140451.89,0,0,0,4257.01,4328.32,0,40843.05,50340.45,97.24,3781.92,26772.13,0,0,0,0
2006-07-16 18:00:00,0,4383.78,0,465.98,16657.56,9680.07,10491.85,0,0,2977.68,20874.17,362.85,0,19862.75,2193.23,6136.89,103852.36,0,25666.66,0,0,141159.11,0,0,0,4212.3,4259.65,0,40232.08,50156.46,96.37,3570.82,26273.85,0,0,0,0
2006-07-16 19:00:00,0,4369.36,0,477.37,17816.82,9512.67,10375.27,0,0,3083.1,20190.96,359.4,0,21783.09,2164.06,6048.19,107623.96,0,27523.71,0,0,139651.22,0,0,0,4232.94,4019.92,0,39669.1,53681.49,101.61,3566.22,26954.54,0,0,0,0
2006-07-16 20:00:00,0,4214.9,0,462.17,16992.26,9087.04,9604.23,0,0,2887.89,19293.72,351.0,0,20518.32,2041.15,6021.12,105596.74,0,26579.52,0,0,137651.64,0,0,0,4069.88,3840.45,0,38326.72,51611.61,100.92,3436.86,25694.97,0,0,0,0
2006-07-16 21:00:00,0,3819.92,0,434.44,16032.25,8518.42,8936.09,0,0,2690.81,18162.56,332.84,0,19187.79,1905.84,5626.05,101094.1,0,25222.55,0,0,130090.62,0,0,0,3840.11,3637.96,0,36675.14,48765.74,95.32,3254.7,24697.91,0,0,0,0
2006-07-16 22:00:00,0,3562.39,0,402.28,14682.35,7806.86,8270.39,0,0,2505.48,16992.8,308.37,0,17957.89,1778.18,5279.17,96486.31,0,23699.27,0,0,122841.65,0,0,0,3564.35,3383.31,0,33915.29,46340.58,89.6,3052.26,23061.92,0,0,0,0
2006-07-16 23:00:00,0,3203.43,0,372.04,13436.55,7098.78,7633.21,0,0,2323.06,15782.17,283.42,0,16808.36,1646.97,4938.65,91429.59,0,22202.36,0,0,115980.64,0,0,0,3292.72,3131.88,0,31523.33,43257.55,83.98,2834.87,21335.9,0,0,0,0
2006-07-17 00:00:00,0,2887.47,0,340.87,12281.99,6387.91,7017.09,0,0,2143.29,14583.16,258.19,0,15685.77,1512.01,4621.82,86403.98,0,20870.17,0,0,109512.9,0,0,0,3035.48,2901.36,0,29223.49,40296.48,78.84,2625.14,19708.65,0,0,0,0
2006-07-17 01:00:00,0,2616.65,0,311.04,11329.69,5767.03,6431.38,0,0,1976.28,13446.41,234.62,0,14979.83,1387.58,4327.76,81433.32,0,19407.89,0,0,103975.12,0,0,0,2838.84,2691.19,0,27397.48,37702.66,74.35,2431.99,18233.96,0,0,0,0
2006-07-17 02:00:00,0,2395.96,0,287.43,10718.43,5390.93,6021.67,0,0,1841.72,12647.79,215.06,0,14608.99,1304.52,4055.89,76755.96,0,18324.9,0,0,99155.45,0,0,0,2704.8,2532.5,0,26054.13,35484.14,69.87,2297.18,17034.63,0,0,0,0
2006-07-17 03:00:00,0,2225.42,0,276.7,10370.93,5195.7,5873.87,0,0,1764.11,12235.65,207.27,0,14443.11,1270.69,3853.84,73637.42,0,17641.03,0,0,96171.05,0,0,0,2623.59,2465.1,0,25159.04,33690.48,66.41,2214.23,16203.65,0,0,0,0
2006-07-17 04:00:00,0,2101.89,0,281.14,10331.15,5191.46,5896.76,0,0,1787.77,12206.05,207.82,0,14368.23,1317.51,3803.53,72257.38,0,17645.52,0,0,95296.05,0,0,0,2617.51,2442.08,0,25014.43,32315.14,65.04,2201.37,15897.8,0,0,0,0
2006-07-17 05:00:00,0,2062.98,0,291.03,10628.6,5311.46,6010.62,0,0,1827.37,12466.7,212.14,0,14978.13,1361.41,3832.47,72520.38,0,18239.49,0,0,95769.59,0,0,0,2658.75,2463.64,0,25307.23,31601.08,64.84,2241.98,16009.46,0,0,0,0
2006-07-17 06:00:00,0,2049.39,0,304.16,11423.6,5520.42,6413.23,0,0,1907.71,12926.94,220.74,0,16264.59,1407.03,3986.54,74028.35,0,20451.29,0,0,102404.76,0,0,0,2751.86,2531.89,0,25825.85,31567.01,65.46,2309.06,16284.55,0,0,0,0
2006-07-17 07:00:00,0,2252.26,0,335.09,12124.37,6093.75,6988.66,0,0,2125.08,14173.46,242.2,0,17570.15,1523.76,4290.7,78871.78,0,22564.92,0,0,109105.99,0,0,0,2948.65,2717.67,0,27642.89,33533.95,67.91,2525.99,17588.08,0,0,0,0
2006-07-17 08:00:00,0,2633.86,0,365.82,13000.13,6600.07,7551.97,0,0,2292.3,15371.19,257.8,0,18664.3,1601.93,4672.25,84529.5,0,24256.49,0,0,117790.87,0,0,0,3150.2,2931.79,0,29435.61,36886.88,74.01,2705.93,19273.13,0,0,0,0
2006-07-17 09:00:00,0,2975.57,0,402.78,13802.79,7150.42,8240.58,0,0,2460.68,16551.67,267.11,0,19442.84,1689.55,5056.52,89386.69,0,25591.54,0,0,128071.62,0,0,0,3400.14,3221.82,0,31743.23,39878.72,81.36,2945.88,20835.52,0,0,0,0
2006-07-17 10:00:00,0,3306.0,0,433.09,14969.21,7879.71,8972.91,0,0,2658.24,18128.76,275.45,0,19959.5,1812.58,5537.06,93451.56,0,26643.83,0,0,137631.64,0,0,0,3681.7,3511.69,0,34720.02,42871.83,87.65,3228.27,22896.46,0,0,0,0
2006-07-17 11:00:00,0,3658.63,0,443.48,16012.44,8666.69,9575.61,0,0,2866.89,19586.62,283.89,0,20393.51,1933.96,5867.39,97780.96,0,27515.63,0,0,144680.27,0,0,0,3904.2,3757.34,0,37188.68,45660.78,93.71,3465.86,24896.16,0,0,0,0
2006-07-17 12:00:00,0,3968.32,0,441.91,16856.45,9215.83,10087.12,0,0,3024.16,20608.15,294.01,0,20781.84,2044.59,6114.6,102361.31,0,28251.74,0,0,149742.54,0,0,0,4084.05,3961.7,0,38993.94,48075.33,98.67,3641.43,26395.89,0,0,0,0
2006-07-17 13:00:00,0,4184.87,0,454.61,17624.06,9547.89,10532.63,0,0,3130.28,21230.64,311.42,0,21189.12,2064.36,6320.23,106096.23,0,28798.91,0,0,153760.06,0,0,0,4215.4,4104.52,0,40408.51,49746.09,102.46,3781.36,27484.98,0,0,0,0
2006-07-17 14:00:00,0,4352.56,0,462.89,18296.16,9696.89,10906.89,0,0,3177.22,21552.83,325.09,0,21615.61,2065.92,6493.97,108984.84,0,29317.31,0,0,156637.4,0,0,0,4326.41,4222.21,0,41588.95,50926.54,105.91,3859.12,28394.01,0,0,0,0
2006-07-17 15:00:00,0,4495.78,0,471.85,18749.85,9632.73,11135.12,0,0,3144.76,21587.52,334.5,0,22055.63,2087.36,6630.41,110584.22,0,29734.78,0,0,157962.58,0,0,0,4396.74,4301.96,0,42330.91,51727.82,108.71,3876.19,29090.58,0,0,0,0
2006-07-17 16:00:00,0,4599.52,0,479.04,18943.58,9630.48,11254.72,0,0,3126.63,21563.41,338.43,0,22454.86,2108.53,6711.78,111204.5,0,29976.71,0,0,158639.24,0,0,0,4438.19,4342.99,0,42442.24,52200.83,110.75,3896.81,29403.68,0,0,0,0
2006-07-17 17:00:00,0,4640.22,0,479.49,18896.47,9530.79,11175.87,0,0,3050.82,21258.03,340.68,0,22641.55,2118.76,6733.78,110955.37,0,29951.46,0,0,158409.56,0,0,0,4415.14,4327.93,0,42184.33,52307.13,111.35,3849.42,29362.41,0,0,0,0
2006-07-17 18:00:00,0,4596.92,0,473.93,18619.22,9364.53,11001.68,0,0,2970.68,20747.07,341.12,0,22484.48,2109.58,6673.3,109012.74,0,29544.84,0,0,157447.8,0,0,0,4316.83,4218.75,0,41307.24,51700.7,109.15,3792.1,29034.14,0,0,0,0
2006-07-17 19:00:00,0,4617.65,0,450.12,18325.23,9141.8,10564.59,0,0,2952.63,19988.9,334.64,0,22294.77,2059.31,6234.74,105113.49,0,29032.63,0,0,143516.86,0,0,0,4199.5,3979.51,0,39823.24,52235.5,102.49,3560.25,27680.67,0,0,0,0
2006-07-17 20:00:00,0,4423.6,0,433.99,17374.84,8762.35,9762.25,0,0,2777.14,18921.32,327.01,0,20906.24,1944.15,6160.12,103386.82,0,28185.24,0,0,140406.92,0,0,0,4006.91,3758.24,0,38014.88,50075.39,99.82,3391.53,26271.03,0,0,0,0
2006-07-17 21:00:00,0,4010.34,0,408.18,16443.55,8164.2,9069.23,0,0,2591.56,17864.37,310.52,0,19607.61,1829.21,5759.74,99024.05,0,26886.89,0,0,132776.48,0,0,0,3754.59,3559.8,0,36297.36,47447.52,93.56,3178.68,25305.69,0,0,0,0
2006-07-17 22:00:00,0,3739.91,0,378.57,15103.06,7469.85,8370.68,0,0,2419.07,16712.5,289.9,0,18382.7,1712.16,5383.51,94308.59,0,25374.7,0,0,125772.61,0,0,0,3462.42,3303.92,0,33422.56,45117.47,87.39,2944.21,23578.75,0,0,0,0
2006-07-17 23:00:00,0,3359.9,0,352.09,13869.83,6791.62,7712.8,0,0,2243.48,15509.92,268.32,0,17221.97,1583.43,5043.58,88859.19,0,23935.26,0,0,119207.14,0,0,0,3194.39,3057.24,0,30858.02,41838.77,82.06,2731.95,21864.31,0,0,0,0
2006-07-18 00:00:00,0,3017.47,0,326.81,12696.53,6135.64,7083.36,0,0,2080.39,14360.73,245.91,0,16094.6,1454.12,4720.53,83537.39,0,22458.17,0,0,112043.25,0,0,0,2951.88,2821.97,0,28506.64,38791.8,76.95,2535.09,20346.15,0,0,0,0
2006-07-18 01:00:00,0,2710.51,0,302.09,11706.97,5588.46,6500.64,0,0,1935.27,13296.03,225.14,0,15381.47,1340.54,4410.96,78220.75,0,21086.25,0,0,106226.16,0,0,0,2753.85,2605.16,0,26727.4,36060.64,72.42,2357.47,18964.1,0,0,0,0
2006-07-18 02:00:00,0,2466.39,0,280.17,11016.87,5293.31,6082.07,0,0,1819.07,12541.52,208.31,0,14999.89,1257.57,4127.36,73567.33,0,19991.9,0,0,100854.24,0,0,0,2637.88,2471.7,0,25525.2,33685.25,68.63,2246.73,17800.18,0,0,0,0
2006-07-18 03:00:00,0,2286.27,0,268.96,10575.71,5132.54,5910.85,0,0,1762.48,12128.98,201.44,0,14828.41,1245.91,3945.61,70724.25,0,19315.76,0,0,97489.5,0,0,0,2575.43,2411.96,0,24692.23,31998.94,65.94,2175.21,16924.24,0,0,0,0
2006-07-18 04:00:00,0,2165.73,0,274.78,10540.76,5154.86,5912.32,0,0,1790.61,12100.74,202.82,0,14700.52,1287.17,3893.86,69577.62,0,18957.94,0,0,96080.92,0,0,0,2571.93,2409.01,0,24524.26,30768.75,64.66,2178.32,16484.29,0,0,0,0
2006-07-18 05:00:00,0,2109.8,0,284.72,10795.08,5299.19,6009.54,0,0,1829.65,12372.55,209.92,0,15505.15,1326.89,3899.8,69877.52,0,19708.53,0,0,96822.54,0,0,0,2616.11,2429.42,0,24721.39,30244.41,64.43,2224.66,16597.4,0,0,0,0
2006-07-18 06:00:00,0,2088.57,0,295.8,11566.49,5507.67,6429.54,0,0,1900.87,12809.57,217.14,0,16596.56,1382.02,4041.31,71082.89,0,21661.71,0,0,103196.03,0,0,0,2703.03,2493.09,0,25250.66,30226.49,65.02,2291.93,16853.27,0,0,0,0
2006-07-18 07:00:00,0,2266.1,0,333.59,12268.14,6024.63,6979.05,0,0,2101.01,13964.99,234.11,0,17860.42,1488.63,4347.4,75383.17,0,23662.85,0,0,109395.04,0,0,0,2903.82,2672.7,0,26995.61,32029.57,67.4,2497.07,18021.07,0,0,0,0
2006-07-18 08:00:00,0,2604.65,0,363.57,13171.64,6502.12,7621.97,0,0,2254.08,15043.08,246.47,0,19083.77,1571.93,4696.28,80822.69,0,25318.71,0,0,117146.64,0,0,0,3147.67,2925.47,0,28675.47,35117.91,73.75,2665.51,19606.58,0,0,0,0
2006-07-18 09:00:00,0,2960.95,0,394.75,14278.04,7131.57,8478.87,0,0,2431.99,16383.01,255.46,0,20060.44,1697.83,5110.8,85529.63,0,26704.6,0,0,126385.71,0,0,0,3428.07,3247.73,0,30840.07,38295.19,81.38,2915.12,21190.44,0,0,0,0
2006-07-18 10:00:00,0,3299.48,0,429.85,15533.38,7945.97,9233.37,0,0,2658.11,18075.85,276.7,0,20553.73,1868.09,5543.99,89272.74,0,27647.27,0,0,134752.64,0,0,0,3742.2,3584.52,0,34116.08,41519.86,87.46,3211.71,23632.98,0,0,0,0
2006-07-18 11:00:00,0,3621.11,0,463.75,16494.68,8619.01,9782.51,0,0,2849.71,19468.45,298.46,0,20930.36,2019.69,5866.72,93850.29,0,28227.85,0,0,140496.88,0,0,0,3992.51,3840.2,0,37019.12,44337.83,94.22,3436.56,25629.08,0,0,0,0
2006-07-18 12:00:00,0,3890.74,0,493.47,17331.31,8927.73,10242.32,0,0,2948.42,20409.04,318.99,0,21312.72,2147.77,6131.52,98476.76,0,28682.58,0,0,144527.81,0,0,0,4171.7,4030.27,0,39257.18,46665.75,99.81,3502.11,27056.81,0,0,0,0
2006-07-18 13:00:00,0,4095.41,0,508.09,18050.57,9038.17,10657.94,0,0,2962.6,20933.37,338.81,0,21779.53,2239.36,6347.41,101971.64,0,29095.49,0,0,147703.73,0,0,0,4321.86,4193.48,0,41000.51,48583.78,103.81,3506.04,28131.63,0,0,0,0
2006-07-18 14:00:00,0,4268.27,0,520.52,18603.97,9152.07,10965.73,0,0,2985.47,21233.95,353.92,0,22332.57,2304.67,6511.76,104521.15,0,29455.72,0,0,150139.48,0,0,0,4445.67,4318.29,0,42264.83,50111.97,107.41,3586.54,29054.89,0,0,0,0
2006-07-18 15:00:00,0,4412.48,0,522.12,19049.44,9192.27,11153.71,0,0,2996.91,21236.35,365.96,0,22836.11,2345.43,6631.92,106091.86,0,29774.7,0,0,151211.78,0,0,0,4521.93,4399.2,0,43173.32,51262.81,110.41,3607.11,29718.32,0,0,0,0
2006-07-18 16:00:00,0,4507.89,0,517.5,19273.76,9132.93,11218.76,0,0,2947.23,21087.66,367.37,0,23210.82,2356.92,6688.08,106871.86,0,29815.26,0,0,151523.67,0,0,0,4545.52,4423.1,0,43625.9,51988.3,111.88,3579.97,29998.73,0,0,0,0
2006-07-18 17:00:00,0,4525.83,0,515.25,19205.66,9058.85,11105.69,0,0,2924.66,20793.57,354.37,0,23047.3,2336.85,6688.91,106084.42,0,29506.77,0,0,150967.79,0,0,0,4495.21,4380.03,0,43303.07,52336.09,111.86,3579.67,30005.08,0,0,0,0
2006-07-18 18:00:00,0,4436.02,0,497.47,18756.7,9001.27,10834.96,0,0,2884.62,20332.41,339.93,0,22450.6,2260.65,6629.47,103272.96,0,29007.08,0,0,148631.01,0,0,0,4347.83,4234.0,0,42362.6,51645.44,109.8,3599.58,29812.23,0,0,0,0
2006-07-18 19:00:00,0,4398.07,0,461.56,18590.04,8929.21,10392.16,0,0,2894.57,19782.17,324.81,0,22586.76,2204.21,6247.72,100192.52,0,28336.19,0,0,136381.45,0,0,0,4232.21,4006.7,0,40600.42,52288.05,102.49,3450.3,28332.12,0,0,0,0
2006-07-18 20:00:00,0,4198.93,0,444.42,17377.61,8565.5,9564.69,0,0,2716.72,18833.46,319.02,0,21234.59,2074.22,6071.53,97909.28,0,27427.34,0,0,133402.83,0,0,0,4030.79,3761.02,0,38221.68,50147.19,100.44,3262.13,26809.45,0,0,0,0
2006-07-18 21:00:00,0,3787.7,0,418.72,16504.27,7948.33,8859.94,0,0,2548.56,17780.4,302.44,0,19864.06,1918.43,5617.17,93172.28,0,25831.82,0,0,125763.81,0,0,0,3748.09,3533.15,0,36606.16,47435.03,94.34,3058.29,25813.36,0,0,0,0
2006-07-18 22:00:00,0,3509.76,0,389.1,15115.18,7262.03,8155.32,0,0,2375.38,16643.74,281.17,0,18643.61,1774.23,5241.04,88653.35,0,24452.56,0,0,118682.67,0,0,0,3461.15,3277.85,0,33785.65,45022.2,88.45,2853.73,24107.7,0,0,0,0
2006-07-18 23:00:00,0,3157.04,0,362.81,13844.73,6591.16,7469.57,0,0,2208.54,15453.66,259.87,0,17453.19,1636.18,4856.62,83574.26,0,23058.95,0,0,112095.18,0,0,0,3178.0,3023.8,0,31327.75,42030.28,83.87,2645.1,22399.99,0,0,0,0
2006-07-19 00:00:00,0,2850.07,0,336.52,12622.32,5946.43,6813.64,0,0,2049.61,14221.75,237.65,0,16248.3,1489.33,4528.97,78652.05,0,21451.42,0,0,106137.72,0,0,0,2899.52,2760.8,0,29026.17,39406.95,79.24,2455.67,20981.99,0,0,0,0
2006-07-19 01:00:00,0,2558.06,0,310.62,11540.45,5413.49,6246.58,0,0,1904.87,13081.51,217.05,0,15356.32,1367.02,4250.69,74096.53,0,19761.33,0,0,101080.82,0,0,0,2702.35,2540.75,0,27500.55,37011.92,74.82,2289.56,19623.62,0,0,0,0
2006-07-19 02:00:00,0,2312.44,0,287.96,10805.07,5171.29,5823.46,0,0,1788.99,12311.56,202.35,0,14691.5,1276.75,4002.42,70189.87,0,18961.23,0,0,96664.61,0,0,0,2590.91,2411.73,0,26307.64,34990.44,70.72,2188.11,18438.45,0,0,0,0
2006-07-19 03:00:00,0,2147.67,0,276.77,10425.13,5025.19,5670.14,0,0,1729.84,11870.03,195.39,0,14192.01,1263.97,3825.64,67868.25,0,18459.49,0,0,94490.12,0,0,0,2530.57,2352.43,0,25379.73,33386.78,67.13,2118.8,17487.51,0,0,0,0
2006-07-19 04:00:00,0,2032.76,0,281.23,10363.41,5064.44,5699.98,0,0,1756.14,11877.61,201.11,0,13851.84,1320.54,3803.72,67021.98,0,18118.64,0,0,93669.98,0,0,0,2528.99,2362.51,0,25108.44,32181.84,65.83,2137.6,16880.52,0,0,0,0
2006-07-19 05:00:00,0,2008.4,0,290.55,10676.35,5211.85,5804.87,0,0,1795.13,12154.58,207.82,0,14170.17,1354.01,3859.01,67524.37,0,18220.74,0,0,93864.39,0,0,0,2581.22,2386.92,0,25286.0,31636.91,65.83,2189.65,16931.68,0,0,0,0
2006-07-19 06:00:00,0,2004.16,0,305.07,11510.75,5425.84,6239.42,0,0,1866.59,12649.96,214.15,0,15105.33,1427.29,4054.88,69579.42,0,19732.59,0,0,99840.98,0,0,0,2664.8,2455.17,0,25993.2,31700.11,66.54,2270.68,17226.33,0,0,0,0
2006-07-19 07:00:00,0,2188.07,0,344.73,12127.76,5836.02,6767.56,0,0,2036.8,13703.16,228.95,0,15533.58,1530.93,4362.22,74167.38,0,20941.3,0,0,104895.64,0,0,0,2847.01,2606.84,0,27443.47,33500.83,69.28,2446.59,18297.48,0,0,0,0
2006-07-19 08:00:00,0,2522.15,0,377.99,13063.65,6242.95,7399.93,0,0,2162.89,14793.85,245.59,0,15993.07,1608.33,4737.96,79469.66,0,21739.11,0,0,110617.04,0,0,0,3103.04,2857.86,0,29543.59,36590.4,75.73,2579.95,19908.51,0,0,0,0
2006-07-19 09:00:00,0,2941.91,0,418.13,14176.97,6844.74,8267.39,0,0,2345.36,16097.51,266.56,0,16531.25,1739.59,5172.82,84955.52,0,22308.83,0,0,117207.34,0,0,0,3410.15,3211.17,0,32572.23,40015.15,82.93,2771.59,21479.34,0,0,0,0
2006-07-19 10:00:00,0,3356.17,0,453.43,15666.92,7726.23,9120.86,0,0,2581.04,17838.08,293.18,0,17069.21,1890.85,5621.75,89313.65,0,22917.98,0,0,125280.86,0,0,0,3765.33,3595.87,0,35914.56,43637.59,88.76,3083.7,24053.43,0,0,0,0
2006-07-19 11:00:00,0,3751.23,0,484.44,16771.59,8585.15,9763.75,0,0,2805.44,19371.82,310.98,0,17482.86,2023.7,5965.56,94730.54,0,23664.46,0,0,131617.01,0,0,0,4053.64,3884.71,0,38475.83,46773.66,95.28,3375.47,26025.12,0,0,0,0
2006-07-19 12:00:00,0,4068.88,0,506.07,17625.49,9198.4,10280.57,0,0,2986.17,20440.06,329.25,0,17784.21,2155.71,6232.54,99972.6,0,24346.49,0,0,136865.04,0,0,0,4236.1,4085.13,0,40102.81,49389.3,100.49,3559.3,27515.55,0,0,0,0
2006-07-19 13:00:00,0,4301.97,0,504.58,18335.56,9595.43,10733.51,0,0,3109.88,21148.79,346.74,0,18036.29,2239.03,6446.85,104264.67,0,24919.06,0,0,140649.4,0,0,0,4383.15,4256.04,0,41233.91,51525.51,104.76,3677.26,28596.09,0,0,0,0
2006-07-19 14:00:00,0,4492.34,0,491.69,18883.35,9877.55,11078.11,0,0,3194.58,21530.49,360.42,0,18305.0,2256.86,6607.7,107302.02,0,25434.89,0,0,143528.59,0,0,0,4490.52,4370.56,0,42228.77,53046.99,108.37,3782.06,29449.97,0,0,0,0
2006-07-19 15:00:00,0,4646.84,0,487.86,19276.18,10074.49,11338.56,0,0,3234.03,21616.2,356.78,0,18671.04,2251.54,6730.61,109563.54,0,25835.62,0,0,145481.19,0,0,0,4568.11,4446.45,0,42930.47,54115.77,111.61,3878.74,30127.58,0,0,0,0
2006-07-19 16:00:00,0,4755.94,0,487.56,19454.53,10072.7,11455.24,0,0,3218.55,21389.57,346.31,0,18930.35,2219.47,6813.96,110715.35,0,25859.88,0,0,146345.42,0,0,0,4592.12,4475.01,0,43053.49,54634.95,113.66,3923.16,30328.91,0,0,0,0
2006-07-19 17:00:00,0,4789.66,0,491.82,19363.18,9952.92,11358.97,0,0,3142.26,20870.11,339.29,0,18976.72,2186.13,6816.71,110258.3,0,25706.81,0,0,146004.06,0,0,0,4543.64,4445.09,0,42571.66,54695.04,114.06,3892.0,30119.22,0,0,0,0
2006-07-19 18:00:00,0,4722.09,0,478.3,18972.06,9570.63,11083.01,0,0,3006.55,20292.97,338.57,0,18955.01,2153.0,6770.58,108291.55,0,25280.87,0,0,144556.06,0,0,0,4397.56,4307.68,0,41559.21,53819.13,112.81,3783.79,29601.29,0,0,0,0
2006-07-19 19:00:00,0,4682.22,0,444.68,18428.89,9151.51,10519.65,0,0,2972.95,19643.84,336.51,0,19194.65,2154.39,6324.51,104584.63,0,25211.36,0,0,135768.12,0,0,0,4207.4,4009.57,0,39854.21,54201.82,106.58,3512.13,27810.23,0,0,0,0
2006-07-19 20:00:00,0,4509.82,0,432.9,17459.17,8705.87,9713.89,0,0,2773.36,18587.6,324.56,0,17985.99,2006.96,6164.32,102108.58,0,24436.74,0,0,131997.77,0,0,0,3951.72,3744.95,0,37855.01,52438.19,103.4,3303.13,26415.1,0,0,0,0
2006-07-19 21:00:00,0,4117.6,0,408.5,16436.32,8074.58,9042.29,0,0,2584.66,17550.26,307.34,0,16807.63,1854.7,5780.68,97723.23,0,23374.16,0,0,124822.41,0,0,0,3689.81,3525.89,0,36174.55,49738.99,95.97,3084.53,25387.81,0,0,0,0
2006-07-19 22:00:00,0,3854.38,0,382.57,15020.73,7377.28,8356.86,0,0,2400.61,16409.15,283.62,0,15705.72,1717.06,5426.69,93190.03,0,22065.14,0,0,118254.51,0,0,0,3411.15,3272.96,0,33306.98,47213.56,90.61,2880.41,23716.12,0,0,0,0
2006-07-19 23:00:00,0,3513.17,0,354.26,13740.35,6723.11,7697.08,0,0,2226.27,15218.21,260.1,0,14688.42,1585.82,5091.24,88370.74,0,20701.88,0,0,112635.63,0,0,0,3157.89,3037.12,0,30719.65,44135.04,84.98,2697.62,21993.5,0,0,0,0
2006-07-20 00:00:00,0,3199.46,0,328.35,12564.15,6068.44,7062.44,0,0,2068.34,14089.72,239.22,0,13642.97,1459.76,4803.57,83658.0,0,19285.71,0,0,107780.05,0,0,0,2937.83,2814.73,0,28518.16,41040.63,79.9,2505.68,20404.09,0,0,0,0
2006-07-20 01:00:00,0,2904.91,0,303.91,11559.14,5521.49,6464.16,0,0,1920.63,13033.64,219.39,0,12929.35,1348.18,4492.95,79056.49,0,17993.11,0,0,103073.97,0,0,0,2759.59,2607.36,0,26877.34,38231.59,75.39,2327.39,19011.48,0,0,0,0
2006-07-20 02:00:00,0,2682.35,0,285.08,10949.96,5246.49,6033.98,0,0,1802.01,12316.17,199.66,0,12495.77,1272.7,4200.3,74884.09,0,17123.97,0,0,98490.24,0,0,0,2649.65,2472.08,0,25687.17,36042.89,71.31,2222.19,17787.4,0,0,0,0
2006-07-20 03:00:00,0,2507.38,0,277.66,10557.63,5082.63,5864.11,0,0,1749.97,11948.7,189.82,0,12221.42,1252.82,3985.89,72208.71,0,16452.36,0,0,96091.09,0,0,0,2573.21,2396.49,0,24721.46,34451.11,68.26,2143.63,16750.99,0,0,0,0
2006-07-20 04:00:00,0,2409.51,0,281.37,10521.87,5083.89,5906.56,0,0,1775.96,11940.41,192.96,0,12211.77,1290.26,3938.65,71715.45,0,16677.84,0,0,95741.34,0,0,0,2564.57,2389.27,0,24562.75,33193.98,66.84,2147.11,16329.43,0,0,0,0
2006-07-20 05:00:00,0,2343.04,0,290.26,10801.58,5218.99,6034.83,0,0,1822.83,12262.93,197.9,0,12859.9,1330.61,3940.95,72517.64,0,17428.06,0,0,96585.19,0,0,0,2611.75,2415.33,0,24799.72,32380.12,66.38,2188.56,16445.69,0,0,0,0
2006-07-20 06:00:00,0,2314.29,0,304.9,11521.0,5405.57,6433.54,0,0,1902.09,12791.72,205.06,0,14043.71,1406.54,4127.84,74259.15,0,19384.77,0,0,102030.16,0,0,0,2704.65,2489.25,0,25521.66,32112.49,67.25,2245.48,16765.11,0,0,0,0
2006-07-20 07:00:00,0,2528.69,0,332.73,12229.62,5822.15,6961.16,0,0,2066.62,13833.37,222.93,0,14767.6,1514.69,4396.1,78412.54,0,20974.4,0,0,106406.97,0,0,0,2887.74,2660.26,0,26843.14,34126.81,69.95,2359.33,17935.88,0,0,0,0
2006-07-20 08:00:00,0,2884.61,0,346.97,12845.98,6247.06,7471.31,0,0,2202.38,15021.64,238.95,0,15330.06,1628.24,4762.55,83505.83,0,22206.04,0,0,111099.56,0,0,0,3120.83,2880.35,0,28552.17,36981.21,75.29,2470.6,19490.98,0,0,0,0
2006-07-20 09:00:00,0,3282.38,0,374.44,13843.53,6805.93,8295.34,0,0,2389.6,16324.03,253.12,0,15950.74,1752.55,5212.61,88360.92,0,23008.02,0,0,116714.06,0,0,0,3329.77,3151.17,0,30924.41,40342.18,82.39,2645.88,21075.38,0,0,0,0
2006-07-20 10:00:00,0,3591.37,0,411.11,15269.04,7497.28,9134.46,0,0,2585.48,17723.35,276.23,0,16799.96,1882.25,5633.83,92106.93,0,23841.78,0,0,123282.99,0,0,0,3606.05,3464.14,0,34098.44,42905.82,88.59,2903.04,23190.51,0,0,0,0
2006-07-20 11:00:00,0,3910.57,0,444.23,16527.51,8244.86,9777.86,0,0,2770.56,19029.46,300.34,0,17406.36,2005.71,5951.78,95508.24,0,24812.06,0,0,131419.96,0,0,0,3881.15,3763.03,0,36854.73,45578.86,95.72,3222.63,25268.61,0,0,0,0
2006-07-20 12:00:00,0,4184.82,0,469.83,17557.27,8837.36,10294.37,0,0,2890.34,19935.84,324.48,0,17803.77,2103.47,6201.73,100081.7,0,25393.87,0,0,137353.91,0,0,0,4089.72,3997.64,0,38816.5,47921.73,101.15,3435.39,26956.44,0,0,0,0
2006-07-20 13:00:00,0,4395.23,0,492.71,18310.1,9213.77,10696.67,0,0,2945.72,20177.9,341.16,0,18144.73,2171.6,6429.99,104065.2,0,25688.65,0,0,140436.5,0,0,0,4250.12,4165.37,0,40132.94,49829.73,105.18,3549.65,28231.01,0,0,0,0
2006-07-20 14:00:00,0,4557.12,0,514.39,18906.85,9379.57,11040.74,0,0,2953.03,20308.58,349.82,0,18529.95,2235.64,6606.18,107210.54,0,26002.88,0,0,143903.36,0,0,0,4371.94,4274.47,0,41021.96,51097.02,108.86,3615.64,29158.46,0,0,0,0
2006-07-20 15:00:00,0,4669.14,0,531.64,19309.63,9386.85,11272.8,0,0,2946.5,20348.94,356.62,0,18903.65,2300.52,6585.68,109378.81,0,26396.38,0,0,146544.59,0,0,0,4447.57,4331.97,0,41654.7,51932.62,112.03,3657.73,29751.59,0,0,0,0
2006-07-20 16:00:00,0,4723.35,0,534.86,19460.78,9242.13,11346.55,0,0,2919.32,20284.89,352.18,0,19040.58,2324.37,6535.2,110315.57,0,26719.92,0,0,148265.99,0,0,0,4459.52,4350.8,0,41809.43,52286.15,114.24,3641.95,29980.38,0,0,0,0
2006-07-20 17:00:00,0,4718.66,0,527.49,19318.47,9013.65,11263.25,0,0,2864.95,20046.47,345.53,0,18859.13,2297.3,6485.97,109360.09,0,26864.08,0,0,148513.61,0,0,0,4394.54,4319.23,0,41420.82,52251.6,114.75,3575.5,29926.85,0,0,0,0
2006-07-20 18:00:00,0,4621.65,0,493.57,18862.82,8786.53,10983.24,0,0,2807.97,19742.43,338.07,0,18590.53,2228.04,6378.47,107292.74,0,26542.73,0,0,146041.33,0,0,0,4249.95,4203.18,0,40565.01,51197.56,111.88,3516.8,29444.16,0,0,0,0
2006-07-20 19:00:00,0,4587.84,0,429.46,18272.17,8664.98,10497.56,0,0,2828.31,19253.4,332.64,0,18319.08,2126.61,5975.32,103881.26,0,26316.22,0,0,136034.97,0,0,0,4088.21,3920.95,0,38698.74,51405.98,103.28,3366.01,27813.07,0,0,0,0
2006-07-20 20:00:00,0,4354.22,0,416.4,17334.97,8324.03,9682.61,0,0,2676.24,18364.94,323.45,0,17089.37,2013.23,5892.83,101710.34,0,24981.93,0,0,131480.78,0,0,0,3878.56,3682.67,0,37316.5,49145.46,100.92,3213.6,26429.37,0,0,0,0
2006-07-20 21:00:00,0,3961.57,0,392.84,16286.07,7766.01,9007.87,0,0,2513.1,17298.8,306.61,0,15984.27,1879.96,5551.56,97701.29,0,23787.81,0,0,124005.04,0,0,0,3626.17,3461.28,0,35603.69,47026.44,94.8,3018.14,25548.54,0,0,0,0
2006-07-20 22:00:00,0,3728.66,0,366.63,14880.15,7115.08,8406.89,0,0,2336.28,16112.34,284.44,0,15007.08,1744.69,5228.2,93759.11,0,22476.23,0,0,117482.36,0,0,0,3343.82,3223.94,0,32955.09,44951.31,89.62,2810.65,23848.08,0,0,0,0
2006-07-20 23:00:00,0,3363.62,0,343.06,13678.46,6490.77,7844.78,0,0,2167.5,14922.94,261.7,0,14116.75,1611.01,4950.14,88726.43,0,21069.99,0,0,111693.81,0,0,0,3095.53,2994.1,0,30568.74,41904.73,84.87,2616.29,22134.92,0,0,0,0
2006-07-21 00:00:00,0,3043.65,0,317.82,12583.09,5868.73,7274.84,0,0,2017.71,13773.93,236.92,0,13191.49,1488.88,4695.23,83456.58,0,19730.16,0,0,106414.99,0,0,0,2884.73,2781.38,0,28355.51,39010.04,79.74,2435.99,20708.55,0,0,0,0
2006-07-21 01:00:00,0,2772.51,0,293.84,11682.44,5317.62,6724.62,0,0,1870.27,12677.85,215.81,0,12662.89,1374.84,4434.92,78624.03,0,18509.82,0,0,101864.2,0,0,0,2729.58,2605.93,0,26747.73,36618.24,75.95,2257.5,19458.1,0,0,0,0
2006-07-21 02:00:00,0,2554.76,0,274.54,11199.41,5035.33,6316.8,0,0,1746.87,11903.42,200.04,0,12557.7,1293.92,4177.13,74393.14,0,17697.37,0,0,98145.09,0,0,0,2641.25,2504.58,0,25732.19,34734.53,73.26,2144.24,18420.45,0,0,0,0
2006-07-21 03:00:00,0,2394.9,0,266.52,10903.25,4843.43,6118.75,0,0,1684.74,11521.7,194.05,0,12542.7,1261.41,4011.58,71262.06,0,17379.34,0,0,96408.53,0,0,0,2590.28,2451.5,0,25010.81,33381.89,69.37,2081.68,17511.53,0,0,0,0
2006-07-21 04:00:00,0,2287.66,0,271.86,10942.87,4853.59,6152.24,0,0,1721.59,11612.47,199.14,0,12637.37,1301.87,4000.11,70416.64,0,17445.8,0,0,96500.5,0,0,0,2589.07,2425.7,0,24870.03,32317.09,67.74,2093.87,17093.24,0,0,0,0
2006-07-21 05:00:00,0,2250.49,0,280.3,11268.88,5008.12,6287.89,0,0,1769.49,11939.63,204.69,0,13147.45,1338.36,4041.35,70737.07,0,17997.49,0,0,97325.73,0,0,0,2635.36,2449.33,0,24977.04,31785.27,67.5,2143.9,17185.12,0,0,0,0
2006-07-21 06:00:00,0,2211.62,0,291.81,11993.37,5201.01,6640.95,0,0,1848.93,12464.35,211.54,0,14406.98,1407.18,4221.14,71956.32,0,19859.67,0,0,102716.14,0,0,0,2722.48,2512.35,0,25607.28,31838.32,68.14,2199.06,17433.4,0,0,0,0
2006-07-21 07:00:00,0,2366.33,0,320.46,12632.97,5549.3,7156.55,0,0,2006.57,13500.87,223.39,0,15260.2,1501.67,4605.81,75857.68,0,21612.08,0,0,107236.94,0,0,0,2915.51,2703.73,0,27163.91,33223.23,69.91,2294.77,18516.0,0,0,0,0
2006-07-21 08:00:00,0,2615.91,0,338.92,13285.09,5964.91,7676.92,0,0,2132.72,14677.24,236.83,0,16197.83,1557.01,5014.01,80839.77,0,22936.98,0,0,113219.74,0,0,0,3141.2,2951.17,0,28739.26,35234.52,74.68,2427.01,20078.91,0,0,0,0
2006-07-21 09:00:00,0,2833.89,0,358.09,14049.18,6506.5,8346.56,0,0,2312.49,16111.03,248.74,0,17400.33,1698.56,5492.81,85421.54,0,23989.2,0,0,120406.47,0,0,0,3402.41,3243.07,0,30936.61,37021.27,79.91,2634.85,21741.34,0,0,0,0
2006-07-21 10:00:00,0,2978.78,0,394.62,15033.57,7326.87,9070.27,0,0,2544.58,17738.39,273.07,0,18415.5,1871.1,5907.74,89183.88,0,25150.12,0,0,128908.81,0,0,0,3679.18,3561.46,0,34361.83,38269.94,82.91,2920.78,24070.21,0,0,0,0
2006-07-21 11:00:00,0,3095.67,0,438.29,16143.51,8224.5,9658.05,0,0,2761.24,19039.64,298.32,0,19091.08,2016.44,6251.13,92890.79,0,26060.72,0,0,135168.86,0,0,0,3874.35,3801.79,0,36996.28,39533.29,88.83,3227.27,25862.54,0,0,0,0
2006-07-21 12:00:00,0,3215.15,0,465.74,17308.01,8875.46,10175.37,0,0,2920.37,19867.77,316.11,0,19734.87,2110.93,6525.36,96883.8,0,26592.02,0,0,139151.25,0,0,0,4013.72,3964.94,0,38934.29,40825.61,94.97,3467.78,27124.44,0,0,0,0
2006-07-21 13:00:00,0,3316.29,0,478.29,18184.8,9318.82,10618.3,0,0,3042.86,20381.15,331.4,0,20217.69,2167.08,6710.76,99852.78,0,26905.29,0,0,141737.37,0,0,0,4111.94,4072.03,0,40074.23,42139.89,98.48,3643.04,28130.89,0,0,0,0
2006-07-21 14:00:00,0,3361.91,0,492.3,18654.41,9693.83,10940.1,0,0,3116.3,20614.39,343.71,0,20543.51,2212.7,6829.23,101223.2,0,27366.77,0,0,143353.65,0,0,0,4248.88,4183.36,0,41006.72,43091.67,102.31,3778.48,28958.52,0,0,0,0
2006-07-21 15:00:00,0,3350.95,0,500.05,18537.2,9991.18,11135.71,0,0,3121.0,20693.77,349.9,0,20859.68,2278.98,6890.81,101821.59,0,27809.88,0,0,144740.87,0,0,0,4331.89,4225.35,0,41624.81,43755.82,104.74,3887.7,29541.26,0,0,0,0
2006-07-21 16:00:00,0,3336.78,0,506.72,18158.81,10104.96,11075.93,0,0,3100.14,20737.79,347.29,0,21249.26,2315.26,6866.8,101348.61,0,27998.12,0,0,144642.57,0,0,0,4347.97,4245.18,0,41945.92,44217.42,106.76,3948.43,29767.45,0,0,0,0
2006-07-21 17:00:00,0,3282.97,0,503.73,17861.15,9965.35,10927.5,0,0,3044.37,20490.9,341.38,0,21432.44,2317.97,6742.94,100150.15,0,27869.28,0,0,142694.22,0,0,0,4247.44,4190.88,0,41555.87,44145.75,105.85,3921.81,29463.82,0,0,0,0
2006-07-21 18:00:00,0,3211.42,0,492.04,17479.16,9586.52,10658.33,0,0,2930.7,20025.34,336.32,0,21413.86,2261.09,6537.19,97438.47,0,27807.29,0,0,141296.03,0,0,0,4139.34,4100.88,0,40725.68,43314.5,105.51,3806.46,28975.94,0,0,0,0
2006-07-21 19:00:00,0,3132.16,0,430.59,16285.14,8649.64,10031.2,0,0,2750.19,18340.58,306.68,0,20576.81,2084.03,5611.63,90270.99,0,25312.85,0,0,126511.27,0,0,0,3922.03,3871.54,0,38243.6,41102.94,90.33,3361.81,26286.12,0,0,0,0
2006-07-21 20:00:00,0,3083.19,0,431.23,16061.6,8218.24,9427.59,0,0,2583.4,17366.85,300.86,0,19495.19,2002.16,5478.47,88939.3,0,24795.85,0,0,123483.05,0,0,0,3813.94,3728.03,0,37243.46,40905.15,89.25,3214.81,25377.55,0,0,0,0
2006-07-21 21:00:00,0,2849.33,0,408.99,15266.99,7640.55,8861.45,0,0,2412.88,16251.45,283.1,0,18344.3,1871.85,5127.92,85784.87,0,23615.55,0,0,117676.36,0,0,0,3669.0,3565.29,0,35930.51,38518.74,81.78,2983.41,24477.53,0,0,0,0
2006-07-21 22:00:00,0,2662.25,0,378.88,14176.06,7021.47,8358.46,0,0,2268.61,15201.96,263.8,0,17197.06,1744.56,4808.92,82006.04,0,22235.55,0,0,112159.03,0,0,0,3430.78,3376.72,0,33573.78,36175.89,76.09,2802.47,23006.98,0,0,0,0
2006-07-21 23:00:00,0,2376.53,0,349.95,13182.8,6417.43,7891.73,0,0,2118.38,14198.36,244.79,0,16160.28,1624.35,4505.98,77209.72,0,21014.28,0,0,106803.34,0,0,0,3218.45,3199.29,0,31484.83,33668.16,72.05,2620.2,21347.33,0,0,0,0
2006-07-22 00:00:00,0,2131.03,0,321.96,12276.34,5824.14,7421.23,0,0,1970.71,13203.92,226.08,0,15125.22,1485.61,4224.69,72779.83,0,19875.97,0,0,101770.47,0,0,0,3025.45,3019.51,0,29550.17,31596.39,67.62,2433.78,19881.47,0,0,0,0
2006-07-22 01:00:00,0,1898.38,0,299.31,11476.36,5325.16,6940.46,0,0,1833.29,12271.39,209.77,0,14375.24,1363.77,3970.47,68592.01,0,18760.21,0,0,97305.7,0,0,0,2861.58,2842.8,0,28131.89,29588.25,64.87,2264.55,18439.29,0,0,0,0
2006-07-22 02:00:00,0,1766.93,0,278.79,10750.3,4971.41,6475.76,0,0,1720.22,11522.42,197.19,0,14004.63,1271.34,3684.73,65204.71,0,17972.48,0,0,93488.9,0,0,0,2742.91,2690.36,0,26817.73,27851.72,61.28,2129.34,17225.35,0,0,0,0
2006-07-22 03:00:00,0,1665.61,0,265.95,10329.75,4770.82,6168.21,0,0,1640.68,11069.04,190.24,0,13721.14,1204.29,3504.17,62944.97,0,17424.04,0,0,90541.06,0,0,0,2653.69,2581.44,0,25781.61,26269.7,58.35,2020.64,16328.14,0,0,0,0
2006-07-22 04:00:00,0,1602.02,0,261.19,10211.06,4620.5,6032.99,0,0,1611.86,10799.4,186.45,0,13482.08,1174.36,3363.5,61248.62,0,17150.18,0,0,89034.86,0,0,0,2600.1,2510.4,0,24941.05,25119.11,55.78,1963.39,15563.8,0,0,0,0
2006-07-22 05:00:00,0,1570.07,0,260.41,10189.14,4618.82,5977.63,0,0,1607.82,10828.28,186.6,0,13347.84,1189.51,3311.89,60166.02,0,17106.21,0,0,88295.24,0,0,0,2572.33,2498.27,0,24509.68,24410.1,54.36,1950.63,15106.58,0,0,0,0
2006-07-22 06:00:00,0,1564.34,0,263.75,10327.68,4739.29,6098.34,0,0,1634.34,10927.69,188.78,0,13713.1,1232.38,3315.04,59981.4,0,17252.25,0,0,88715.18,0,0,0,2604.9,2535.43,0,24350.15,24179.55,54.43,1988.76,15121.57,0,0,0,0
2006-07-22 07:00:00,0,1627.98,0,280.58,10867.09,5154.33,6590.14,0,0,1734.54,11648.4,198.8,0,14188.56,1301.52,3402.09,61495.43,0,17777.21,0,0,90738.71,0,0,0,2744.64,2735.21,0,24990.48,24379.19,54.78,2123.24,15566.94,0,0,0,0
2006-07-22 08:00:00,0,1729.17,0,315.11,11533.78,5642.38,7054.29,0,0,1854.34,12660.54,218.29,0,14498.65,1384.19,3474.63,63974.12,0,18306.73,0,0,93808.62,0,0,0,2952.53,3010.47,0,26526.0,25457.72,55.53,2279.18,16271.27,0,0,0,0
2006-07-22 09:00:00,0,1873.57,0,347.24,12515.42,6358.76,7771.04,0,0,2041.2,13988.33,236.82,0,14737.74,1515.35,3569.33,67829.83,0,18789.75,0,0,97933.28,0,0,0,3283.01,3358.77,0,29517.39,27604.86,58.87,2560.78,17206.54,0,0,0,0
2006-07-22 10:00:00,0,2076.52,0,380.7,13700.17,7268.75,8619.97,0,0,2255.79,15612.98,263.2,0,15005.46,1729.56,3712.02,71755.43,0,19243.17,0,0,102834.94,0,0,0,3575.19,3688.63,0,32668.6,30257.6,61.85,2873.87,18191.86,0,0,0,0
2006-07-22 11:00:00,0,2333.35,0,400.47,14617.28,8001.93,9304.03,0,0,2465.39,17250.3,285.85,0,15336.94,1880.95,3916.84,76255.78,0,19890.42,0,0,108761.53,0,0,0,3778.48,3917.67,0,34792.67,32580.39,66.06,3081.74,19261.93,0,0,0,0
2006-07-22 12:00:00,0,2579.34,0,413.57,15335.49,8486.42,9790.2,0,0,2618.42,18096.52,300.89,0,15634.68,1994.49,4226.46,79803.84,0,21001.54,0,0,113446.75,0,0,0,3927.14,4074.48,0,36498.2,34556.61,70.58,3113.59,19850.3,0,0,0,0
2006-07-22 13:00:00,0,2792.89,0,418.18,15675.65,8762.11,10070.34,0,0,2711.19,18460.08,317.65,0,15947.71,2085.95,4532.08,82536.06,0,21745.8,0,0,115564.27,0,0,0,4008.55,4171.37,0,37421.8,36243.75,74.56,3143.59,20433.97,0,0,0,0
2006-07-22 14:00:00,0,2951.81,0,423.18,15647.86,8911.38,10175.08,0,0,2729.26,18632.3,330.92,0,16276.7,2145.9,4738.21,84561.53,0,22072.78,0,0,117214.92,0,0,0,4072.95,4235.46,0,37988.05,37681.02,77.4,3261.9,21046.23,0,0,0,0
2006-07-22 15:00:00,0,3057.29,0,438.38,15471.13,8919.42,10166.31,0,0,2704.69,18494.75,331.01,0,16638.14,2180.75,4878.84,86185.14,0,22184.06,0,0,117897.08,0,0,0,4094.3,4238.06,0,38262.44,38829.06,79.2,3324.69,21662.77,0,0,0,0
2006-07-22 16:00:00,0,3120.04,0,444.23,15251.18,8814.99,10142.1,0,0,2639.63,18310.4,329.59,0,16849.97,2175.6,4974.24,86685.11,0,22136.66,0,0,118152.4,0,0,0,4094.75,4189.44,0,37973.34,39621.13,79.69,3311.5,22177.54,0,0,0,0
2006-07-22 17:00:00,0,3144.18,0,449.7,15023.43,8690.86,9975.59,0,0,2568.42,18217.46,331.64,0,16946.93,2148.05,5047.07,86453.22,0,21860.21,0,0,117636.92,0,0,0,4059.1,4139.41,0,37367.24,40124.73,79.01,3327.2,22427.22,0,0,0,0
2006-07-22 18:00:00,0,3108.85,0,446.64,14864.28,8563.06,9815.75,0,0,2543.33,18291.32,332.98,0,16995.39,2078.48,4936.46,85449.48,0,21840.76,0,0,116637.01,0,0,0,3957.0,4032.76,0,36376.82,39929.46,77.95,3294.56,22202.57,0,0,0,0
2006-07-22 19:00:00,0,3144.44,0,427.88,15638.81,8283.36,9755.73,0,0,2616.35,17813.45,315.79,0,18048.74,2017.38,4885.55,86089.73,0,22911.91,0,0,112626.41,0,0,0,3848.07,3812.25,0,36062.36,40940.96,76.12,3208.08,22365.29,0,0,0,0
2006-07-22 20:00:00,0,3062.88,0,426.79,15320.04,7987.23,9214.18,0,0,2478.74,16893.07,310.22,0,17245.96,1931.95,4786.04,85057.29,0,22327.17,0,0,111621.76,0,0,0,3763.98,3681.43,0,35361.75,40874.93,77.22,3069.04,21839.23,0,0,0,0
2006-07-22 21:00:00,0,2777.25,0,402.57,14628.48,7580.38,8726.47,0,0,2346.98,15979.79,298.63,0,16526.18,1833.2,4466.98,81379.53,0,21605.65,0,0,105651.96,0,0,0,3651.93,3533.92,0,34330.99,38299.72,72.92,2905.48,21297.22,0,0,0,0
2006-07-22 22:00:00,0,2600.75,0,373.68,13507.83,7031.58,8182.9,0,0,2219.62,15093.27,277.89,0,15837.99,1731.35,4195.87,78057.87,0,20590.8,0,0,99836.36,0,0,0,3434.48,3353.61,0,32118.68,35767.55,68.72,2750.7,20055.64,0,0,0,0
2006-07-22 23:00:00,0,2324.53,0,347.01,12440.95,6475.64,7652.72,0,0,2086.89,14212.81,256.99,0,15122.51,1630.74,3941.44,73694.48,0,19598.71,0,0,94027.25,0,0,0,3230.14,3176.18,0,29800.79,33287.37,65.38,2599.8,18654.91,0,0,0,0
2006-07-23 00:00:00,0,2084.54,0,321.33,11539.48,5934.02,7152.61,0,0,1954.87,13285.36,237.31,0,14403.05,1528.09,3670.15,69680.27,0,18617.71,0,0,88443.23,0,0,0,3047.35,3043.99,0,27627.36,31177.69,60.59,2451.02,17334.15,0,0,0,0
2006-07-23 01:00:00,0,1886.18,0,298.47,10742.97,5446.58,6622.89,0,0,1828.76,12427.59,217.77,0,13756.85,1436.28,3396.05,66192.41,0,17360.47,0,0,83643.73,0,0,0,2892.48,2899.65,0,26081.42,29349.72,56.83,2302.47,16094.75,0,0,0,0
2006-07-23 02:00:00,0,1730.57,0,276.11,10045.73,5148.03,6129.41,0,0,1723.73,11798.08,203.65,0,13600.48,1359.09,3188.91,62777.03,0,16262.02,0,0,79665.8,0,0,0,2752.15,2731.71,0,24901.63,27692.64,53.96,2183.9,15115.35,0,0,0,0
2006-07-23 03:00:00,0,1627.64,0,262.61,9650.46,4976.21,5803.91,0,0,1664.01,11413.27,194.11,0,13550.93,1288.37,3050.83,60432.19,0,15435.22,0,0,76897.03,0,0,0,2644.02,2605.07,0,24203.1,26291.87,52.11,2111.27,14459.4,0,0,0,0
2006-07-23 04:00:00,0,1563.22,0,257.25,9441.68,4829.38,5664.08,0,0,1649.25,11142.33,188.8,0,13519.96,1257.56,2958.24,58900.32,0,14867.14,0,0,75613.9,0,0,0,2593.12,2548.7,0,23779.61,25269.88,50.86,2069.69,13988.17,0,0,0,0
2006-07-23 05:00:00,0,1541.6,0,255.27,9422.28,4834.18,5627.73,0,0,1664.07,11216.3,188.27,0,13543.1,1259.26,2914.23,57863.56,0,14626.37,0,0,75032.18,0,0,0,2562.12,2545.13,0,23683.0,24509.89,50.62,2070.73,13764.88,0,0,0,0
2006-07-23 06:00:00,0,1551.3,0,257.16,9571.68,4977.89,5759.33,0,0,1688.77,11347.35,190.97,0,13602.7,1287.73,2949.69,58240.28,0,14913.18,0,0,75665.73,0,0,0,2599.61,2586.42,0,23672.7,24178.99,50.85,2117.95,13819.99,0,0,0,0
2006-07-23 07:00:00,0,1674.18,0,268.42,9974.32,5432.85,6088.98,0,0,1778.33,12237.16,200.96,0,13819.02,1347.73,3075.05,60481.87,0,15351.94,0,0,77306.17,0,0,0,2717.25,2699.38,0,23863.76,24742.17,51.92,2277.81,14304.07,0,0,0,0
2006-07-23 08:00:00,0,1878.65,0,288.11,10396.46,6077.96,6414.45,0,0,1968.62,13924.33,215.66,0,13915.14,1445.95,3264.66,63787.58,0,15815.2,0,0,80926.01,0,0,0,2811.5,2800.99,0,24265.59,26738.29,54.06,2480.87,15370.33,0,0,0,0
2006-07-23 09:00:00,0,2138.54,0,323.11,10863.15,6832.69,6692.04,0,0,2217.41,15799.01,230.43,0,13896.8,1627.83,3526.35,68612.47,0,16381.03,0,0,84717.13,0,0,0,2945.51,2966.07,0,25435.6,29946.21,58.13,2763.28,16463.5,0,0,0,0
2006-07-23 10:00:00,0,2423.1,0,360.78,11378.61,7593.46,6984.18,0,0,2471.56,17623.24,247.36,0,13989.92,1727.52,3783.76,72763.3,0,16792.85,0,0,87786.73,0,0,0,3170.19,3203.29,0,27362.45,32747.48,62.47,2983.29,17445.0,0,0,0,0
2006-07-23 11:00:00,0,2630.13,0,374.02,12156.41,8141.64,7268.43,0,0,2674.07,18980.64,256.16,0,14095.67,1765.42,4069.64,76625.35,0,17172.05,0,0,92524.56,0,0,0,3396.96,3453.3,0,29091.83,34810.14,67.57,3142.33,18836.65,0,0,0,0
2006-07-23 12:00:00,0,2804.85,0,377.36,12812.71,8491.68,7710.07,0,0,2811.45,19952.38,269.57,0,14238.72,1842.68,4307.79,79990.19,0,17653.85,0,0,97682.57,0,0,0,3587.66,3664.49,0,30263.98,36480.76,71.53,3232.29,20119.92,0,0,0,0
2006-07-23 13:00:00,0,2956.65,0,384.81,13351.03,8752.8,8082.71,0,0,2890.57,20467.43,296.62,0,14440.48,1884.52,4480.45,82688.1,0,18129.66,0,0,102031.49,0,0,0,3723.53,3820.49,0,31498.21,37961.13,74.87,3309.63,21250.97,0,0,0,0
2006-07-23 14:00:00,0,3093.53,0,391.73,13982.87,8976.57,8675.47,0,0,2935.55,20661.45,317.66,0,14648.04,1944.43,4613.75,84855.04,0,18653.11,0,0,105611.26,0,0,0,3832.56,3916.25,0,32966.72,39372.45,77.53,3395.66,22265.44,0,0,0,0
2006-07-23 15:00:00,0,3189.14,0,391.86,14485.55,9099.33,9036.75,0,0,2965.05,20712.85,325.9,0,14738.37,2025.77,4728.11,86935.19,0,19121.86,0,0,108203.45,0,0,0,3841.15,3935.91,0,34094.28,40520.02,79.45,3462.39,23021.85,0,0,0,0
2006-07-23 16:00:00,0,3264.81,0,390.7,14702.92,9131.66,9203.03,0,0,2940.49,20631.58,325.44,0,14844.39,2042.93,4825.6,88271.62,0,19396.44,0,0,109828.2,0,0,0,3813.66,3883.9,0,34742.17,41351.74,80.92,3510.86,23439.1,0,0,0,0
2006-07-23 17:00:00,0,3298.61,0,393.48,14706.73,9155.86,9254.91,0,0,2938.69,20467.07,320.88,0,14918.42,2066.55,4886.17,88364.58,0,19467.53,0,0,110789.56,0,0,0,3773.45,3814.41,0,35014.04,41900.55,81.3,3493.5,23571.72,0,0,0,0
2006-07-23 18:00:00,0,3272.57,0,390.92,14521.27,9023.31,9108.96,0,0,2868.48,20236.5,313.98,0,14785.55,2078.87,4825.76,87627.93,0,19371.61,0,0,110653.32,0,0,0,3734.96,3777.36,0,34802.09,41998.74,80.51,3427.24,23061.93,0,0,0,0
2006-07-23 19:00:00,0,3303.48,0,417.32,15977.22,8976.53,9288.58,0,0,3003.79,20053.65,321.08,0,16698.28,2055.14,5047.66,93524.64,0,22454.35,0,0,116791.23,0,0,0,3722.06,3646.15,0,35304.86,45349.14,87.7,3517.12,24181.89,0,0,0,0
2006-07-23 20:00:00,0,3152.21,0,402.35,15345.26,8577.58,8676.39,0,0,2812.9,18930.97,314.13,0,15514.49,1919.17,4864.52,90692.67,0,21430.39,0,0,113801.28,0,0,0,3632.67,3527.26,0,33878.81,43539.51,85.94,3379.89,23014.03,0,0,0,0
2006-07-23 21:00:00,0,2844.66,0,378.85,14560.83,8045.66,8098.17,0,0,2624.97,17820.21,300.62,0,14474.63,1798.47,4482.04,86362.11,0,20402.32,0,0,107093.55,0,0,0,3488.91,3384.74,0,32705.97,41564.19,80.51,3184.54,22131.31,0,0,0,0
2006-07-23 22:00:00,0,2612.65,0,347.42,13381.14,7349.57,7511.65,0,0,2442.71,16626.82,276.8,0,13581.91,1681.43,4183.27,82429.79,0,19176.44,0,0,100741.39,0,0,0,3270.14,3187.18,0,30543.48,39455.28,75.42,2971.22,20401.19,0,0,0,0
2006-07-23 23:00:00,0,2331.19,0,323.16,12291.98,6698.4,6932.3,0,0,2272.64,15421.22,255.84,0,12667.48,1561.15,3902.63,78153.12,0,17894.27,0,0,94988.67,0,0,0,3063.14,2985.66,0,28578.21,36444.93,70.48,2772.28,18705.58,0,0,0,0
2006-07-24 00:00:00,0,2093.23,0,296.7,11260.18,6046.58,6366.48,0,0,2120.16,14252.08,236.97,0,11761.93,1445.59,3649.52,74103.74,0,16770.46,0,0,89864.33,0,0,0,2874.17,2789.83,0,26814.57,33730.14,66.68,2574.62,17176.68,0,0,0,0
2006-07-24 01:00:00,0,1883.56,0,275.84,10409.34,5496.26,5827.25,0,0,1969.75,13166.58,219.53,0,11230.38,1357.98,3441.69,69980.71,0,15667.15,0,0,85463.41,0,0,0,2731.13,2642.34,0,25355.87,31384.24,63.98,2397.01,15881.71,0,0,0,0
2006-07-24 02:00:00,0,1732.64,0,258.46,9948.14,5171.73,5456.18,0,0,1828.36,12349.78,205.48,0,11016.92,1288.05,3261.11,66643.19,0,14944.39,0,0,81664.74,0,0,0,2630.81,2531.61,0,24325.23,29425.6,61.55,2271.05,14945.3,0,0,0,0
2006-07-24 03:00:00,0,1645.55,0,253.06,9669.92,5001.89,5374.86,0,0,1748.36,11857.16,198.41,0,11020.82,1246.7,3144.1,64478.96,0,14559.94,0,0,79905.38,0,0,0,2578.71,2481.78,0,23661.73,28263.49,59.68,2213.17,14482.11,0,0,0,0
2006-07-24 04:00:00,0,1595.83,0,260.21,9763.98,4991.19,5502.54,0,0,1767.96,11808.07,203.59,0,11145.24,1280.79,3168.85,64048.32,0,14595.42,0,0,80219.65,0,0,0,2614.91,2496.23,0,23828.25,27445.77,59.04,2210.27,14433.49,0,0,0,0
2006-07-24 05:00:00,0,1616.95,0,268.48,10157.35,5142.04,5649.73,0,0,1808.61,12053.84,208.31,0,11956.24,1311.16,3254.99,64860.77,0,15213.68,0,0,81559.38,0,0,0,2676.65,2529.28,0,24068.62,27281.8,59.7,2261.13,14774.68,0,0,0,0
2006-07-24 06:00:00,0,1652.02,0,283.57,10957.26,5345.86,5937.23,0,0,1887.94,12555.96,215.15,0,12918.22,1374.09,3465.91,66999.49,0,17029.57,0,0,88455.68,0,0,0,2758.67,2583.26,0,24490.42,27586.79,60.52,2339.33,15374.92,0,0,0,0
2006-07-24 07:00:00,0,1828.28,0,318.34,11422.15,5827.62,6298.61,0,0,2033.5,13526.13,229.1,0,13776.96,1474.7,3660.4,72247.38,0,18366.14,0,0,94268.02,0,0,0,2883.26,2670.25,0,25799.62,29625.03,62.74,2505.91,16285.19,0,0,0,0
2006-07-24 08:00:00,0,2063.83,0,339.77,11964.28,6336.98,6652.65,0,0,2186.29,14837.31,240.03,0,14554.44,1556.72,3923.68,76817.23,0,19588.41,0,0,101240.36,0,0,0,2996.74,2773.2,0,27327.23,32262.29,66.43,2685.07,17602.85,0,0,0,0
2006-07-24 09:00:00,0,2334.66,0,360.56,12704.32,6983.39,7014.63,0,0,2376.36,16241.66,251.03,0,15352.74,1662.19,4213.78,82142.26,0,20742.57,0,0,107594.75,0,0,0,3112.85,2891.22,0,28673.63,35332.26,71.5,2919.61,18861.38,0,0,0,0
2006-07-24 10:00:00,0,2631.42,0,397.26,13575.77,7750.51,7324.55,0,0,2601.15,18012.01,265.5,0,15850.26,1858.43,4554.57,86127.49,0,21934.45,0,0,113439.67,0,0,0,3209.5,3007.7,0,30063.09,37967.08,76.81,3177.5,19873.55,0,0,0,0
2006-07-24 11:00:00,0,2889.66,0,419.92,14441.75,8476.29,7765.9,0,0,2828.51,19517.74,274.71,0,16210.11,1973.3,4878.07,90401.31,0,22858.76,0,0,118602.89,0,0,0,3311.83,3177.72,0,32157.38,40534.36,82.35,3405.87,21162.66,0,0,0,0
2006-07-24 12:00:00,0,3080.54,0,422.21,15211.81,9068.98,8235.53,0,0,2997.47,20603.28,287.71,0,16547.51,2018.7,5118.95,94456.69,0,23527.05,0,0,123517.73,0,0,0,3383.28,3260.54,0,34178.72,42623.92,87.0,3582.7,22348.69,0,0,0,0
2006-07-24 13:00:00,0,3246.24,0,439.6,15763.66,9487.82,8622.11,0,0,3127.93,21277.26,300.94,0,16928.04,2026.08,5300.04,97821.41,0,24026.45,0,0,126959.13,0,0,0,3429.35,3335.6,0,35624.9,44333.51,90.78,3701.93,23283.14,0,0,0,0
2006-07-24 14:00:00,0,3410.75,0,446.01,16086.41,9798.91,8953.43,0,0,3220.57,21822.75,313.15,0,17352.61,2120.3,5462.98,100473.7,0,24399.71,0,0,129822.39,0,0,0,3515.63,3428.81,0,36406.52,45696.08,93.8,3823.83,23978.69,0,0,0,0
2006-07-24 15:00:00,0,3543.41,0,442.46,16176.68,10032.8,9045.28,0,0,3287.84,22088.25,327.34,0,17761.91,2195.22,5590.0,101979.81,0,24638.61,0,0,131767.03,0,0,0,3598.37,3504.73,0,36540.38,46697.96,95.61,3915.54,24471.68,0,0,0,0
2006-07-24 16:00:00,0,3633.97,0,444.55,16070.76,10098.5,9047.57,0,0,3305.14,22011.76,335.31,0,18025.12,2199.43,5651.33,102472.06,0,24682.8,0,0,132849.98,0,0,0,3626.07,3534.1,0,36224.64,47303.62,96.96,3974.94,24847.65,0,0,0,0
2006-07-24 17:00:00,0,3644.43,0,439.28,15694.27,9952.58,8988.79,0,0,3254.83,21635.4,333.27,0,18265.66,2221.63,5662.29,101786.16,0,24499.69,0,0,133055.31,0,0,0,3625.33,3555.74,0,35748.15,47538.62,97.04,3946.83,25024.24,0,0,0,0
2006-07-24 18:00:00,0,3627.21,0,442.22,15306.98,9688.84,8922.79,0,0,3134.63,21104.23,332.85,0,18274.48,2193.93,5594.17,100536.86,0,23882.83,0,0,131448.08,0,0,0,3600.71,3564.68,0,34828.2,46871.67,95.45,3830.89,25036.96,0,0,0,0
2006-07-24 19:00:00,0,3655.63,0,426.94,15654.66,9207.84,9099.13,0,0,3047.5,19947.19,327.19,0,18443.67,2065.56,5306.0,98515.6,0,23601.58,0,0,123021.48,0,0,0,3492.02,3419.64,0,34530.8,47780.55,88.92,3547.16,24525.41,0,0,0,0
2006-07-24 20:00:00,0,3504.35,0,410.65,15057.24,8821.6,8567.33,0,0,2860.44,19141.28,321.33,0,17471.65,1956.83,5159.35,96280.54,0,23330.96,0,0,120790.33,0,0,0,3421.22,3310.84,0,33783.39,45644.82,88.66,3449.47,23466.61,0,0,0,0
2006-07-24 21:00:00,0,3192.86,0,389.63,14362.26,8272.22,8096.44,0,0,2659.8,18052.9,305.45,0,16338.27,1833.59,4792.48,92766.51,0,22505.37,0,0,113603.63,0,0,0,3296.17,3173.97,0,32718.49,43576.32,82.84,3232.68,22907.32,0,0,0,0
2006-07-24 22:00:00,0,2935.88,0,366.35,13370.1,7585.97,7619.05,0,0,2474.45,16855.9,284.05,0,15338.39,1711.88,4471.99,88330.16,0,21173.83,0,0,106583.14,0,0,0,3110.9,3013.25,0,30654.16,41220.39,77.21,3021.91,21419.59,0,0,0,0
2006-07-24 23:00:00,0,2616.68,0,342.46,12412.55,6903.9,7087.83,0,0,2293.57,15626.52,262.99,0,14395.09,1595.67,4187.18,83513.31,0,19785.46,0,0,100598.7,0,0,0,2930.66,2844.35,0,28695.88,38428.53,72.64,2811.85,19835.62,0,0,0,0
2006-07-25 00:00:00,0,2330.2,0,318.98,11464.75,6234.16,6551.27,0,0,2123.81,14424.22,242.22,0,13476.35,1478.71,3930.41,78883.65,0,18356.68,0,0,95251.6,0,0,0,2757.96,2680.81,0,26926.44,35833.84,68.4,2601.0,18344.24,0,0,0,0
2006-07-25 01:00:00,0,2088.6,0,292.92,10623.61,5637.04,6034.68,0,0,1969.11,13263.12,221.0,0,12870.5,1369.53,3683.89,74445.9,0,17102.26,0,0,90481.16,0,0,0,2609.92,2511.86,0,25633.87,33411.06,65.76,2401.44,17102.33,0,0,0,0
2006-07-25 02:00:00,0,1915.86,0,271.89,10150.35,5282.39,5635.33,0,0,1834.65,12450.42,201.31,0,12566.97,1290.6,3451.91,70732.32,0,16217.54,0,0,86550.22,0,0,0,2531.69,2431.6,0,24725.64,31434.43,63.94,2256.44,16222.78,0,0,0,0
2006-07-25 03:00:00,0,1804.46,0,263.43,9943.12,5080.04,5572.57,0,0,1760.51,12020.4,189.66,0,12476.0,1251.67,3330.56,68380.8,0,15707.13,0,0,84325.79,0,0,0,2486.77,2389.26,0,24194.01,29987.5,62.32,2159.61,15640.58,0,0,0,0
2006-07-25 04:00:00,0,1743.46,0,271.02,10044.45,5030.6,5740.14,0,0,1786.36,11998.01,192.26,0,12486.21,1284.61,3350.74,67902.05,0,15629.6,0,0,84582.56,0,0,0,2546.5,2426.03,0,24344.55,29117.39,62.09,2140.81,15594.34,0,0,0,0
2006-07-25 05:00:00,0,1734.82,0,282.76,10425.53,5165.15,5912.51,0,0,1830.01,12286.35,197.21,0,13281.86,1324.62,3423.86,68504.09,0,16265.42,0,0,86045.4,0,0,0,2608.71,2465.06,0,24680.29,28860.4,62.61,2188.59,15741.64,0,0,0,0
2006-07-25 06:00:00,0,1767.88,0,298.93,11006.36,5403.42,6157.66,0,0,1924.92,12863.41,204.09,0,14352.76,1389.65,3619.89,70138.63,0,18287.0,0,0,93201.19,0,0,0,2701.69,2526.47,0,25175.09,29188.13,63.39,2275.05,15971.65,0,0,0,0
2006-07-25 07:00:00,0,1983.9,0,335.47,11498.51,5925.35,6532.57,0,0,2099.56,13935.33,221.09,0,15232.33,1486.25,3859.75,74715.57,0,19574.54,0,0,98431.21,0,0,0,2822.26,2609.12,0,26302.35,31157.32,65.59,2479.48,16805.63,0,0,0,0
2006-07-25 08:00:00,0,2186.94,0,360.16,11965.78,6502.5,6847.41,0,0,2286.25,15386.59,238.07,0,16072.85,1564.24,4162.88,79680.71,0,20842.61,0,0,104291.72,0,0,0,2942.5,2719.89,0,27358.9,33551.4,70.18,2690.72,18026.13,0,0,0,0
2006-07-25 09:00:00,0,2488.41,0,385.86,12464.29,7175.24,7158.4,0,0,2471.05,16786.8,257.09,0,16926.34,1691.5,4455.67,84623.0,0,21902.4,0,0,109807.44,0,0,0,3051.93,2836.96,0,28321.56,36362.31,75.89,2910.24,19326.62,0,0,0,0
2006-07-25 10:00:00,0,2862.82,0,416.92,12967.9,8021.92,7495.34,0,0,2691.37,18385.86,282.81,0,17399.5,1877.2,4817.75,88737.06,0,22887.64,0,0,115129.39,0,0,0,3235.15,3083.9,0,30095.4,39542.54,81.52,3208.58,20706.8,0,0,0,0
2006-07-25 11:00:00,0,3226.33,0,442.99,13547.86,8843.26,7910.8,0,0,2905.81,19835.07,307.41,0,17614.03,2043.67,5125.58,92280.66,0,23830.71,0,0,121939.23,0,0,0,3477.77,3366.62,0,32746.8,42597.55,88.09,3476.81,22650.49,0,0,0,0
2006-07-25 12:00:00,0,3517.62,0,466.62,14438.57,9461.53,8430.37,0,0,3069.73,20947.93,327.55,0,17852.1,2170.57,5381.63,95726.52,0,24558.81,0,0,128456.24,0,0,0,3650.88,3568.73,0,35097.41,45239.81,93.09,3678.48,23915.0,0,0,0,0
2006-07-25 13:00:00,0,3728.15,0,492.35,15202.62,9913.03,8804.19,0,0,3194.48,21807.34,343.76,0,18206.44,2287.4,5579.3,98772.67,0,25167.31,0,0,132701.28,0,0,0,3760.7,3711.45,0,36643.34,47396.81,96.64,3836.57,24903.93,0,0,0,0
2006-07-25 14:00:00,0,3886.9,0,511.65,15968.58,10308.77,9279.48,0,0,3294.43,22494.98,360.14,0,18613.98,2382.49,5736.49,101507.66,0,25570.79,0,0,135918.85,0,0,0,3892.34,3837.91,0,37902.06,48919.74,99.66,3956.16,25759.39,0,0,0,0
2006-07-25 15:00:00,0,4013.45,0,514.25,16408.85,10629.23,9559.64,0,0,3359.38,22785.27,374.66,0,19035.74,2446.82,5850.17,103090.33,0,25824.0,0,0,137696.47,0,0,0,4016.3,3929.79,0,38683.79,49873.21,102.02,4056.91,26441.16,0,0,0,0
2006-07-25 16:00:00,0,4088.12,0,509.64,16611.14,10723.08,9706.93,0,0,3369.18,22705.44,379.75,0,19222.68,2432.15,5908.73,103802.48,0,25716.74,0,0,138641.83,0,0,0,4091.12,4005.8,0,38979.54,50466.82,103.2,4117.78,26832.98,0,0,0,0
2006-07-25 17:00:00,0,4096.75,0,487.46,16628.74,10514.85,9747.24,0,0,3313.86,22251.86,374.46,0,19195.81,2337.74,5915.01,103360.3,0,25410.73,0,0,138550.0,0,0,0,4112.91,4043.71,0,38811.45,50392.99,103.54,4093.01,26910.46,0,0,0,0
2006-07-25 18:00:00,0,4054.94,0,477.26,16339.82,10071.89,9680.8,0,0,3162.07,21339.08,360.15,0,18703.68,2235.72,5837.75,101775.53,0,24713.84,0,0,136734.95,0,0,0,4058.74,3986.33,0,37937.98,49510.77,101.2,3957.32,26456.77,0,0,0,0
2006-07-25 19:00:00,0,4098.77,0,448.34,16371.01,9430.84,9482.13,0,0,3092.0,20031.66,347.87,0,18530.01,2135.19,5564.28,101205.33,0,24518.96,0,0,128454.18,0,0,0,3905.05,3730.99,0,36974.63,50156.49,94.49,3695.75,25814.66,0,0,0,0
2006-07-25 20:00:00,0,3961.64,0,426.84,15688.22,9004.83,8789.47,0,0,2894.03,19187.81,342.33,0,17426.17,2003.13,5368.46,98885.44,0,23815.62,0,0,125356.27,0,0,0,3745.52,3579.62,0,35608.09,48483.79,94.23,3521.26,24426.99,0,0,0,0
2006-07-25 21:00:00,0,3677.87,0,398.34,14810.6,8428.21,8168.64,0,0,2682.56,18116.32,324.31,0,16371.38,1876.29,4964.59,95163.89,0,22963.27,0,0,118182.97,0,0,0,3543.82,3393.13,0,34401.25,46542.6,89.26,3282.48,23543.35,0,0,0,0
2006-07-25 22:00:00,0,3471.74,0,372.52,13642.7,7709.27,7584.78,0,0,2492.68,16975.3,299.39,0,15420.94,1751.44,4627.5,91092.75,0,21771.96,0,0,111443.41,0,0,0,3308.77,3173.24,0,32033.09,44476.39,84.13,3037.82,21873.22,0,0,0,0
2006-07-25 23:00:00,0,3159.54,0,347.13,12550.44,7014.85,7006.62,0,0,2305.63,15730.13,274.73,0,14537.99,1629.07,4332.08,86404.86,0,20474.65,0,0,105259.08,0,0,0,3094.49,2968.15,0,29907.82,41734.27,79.45,2807.75,20202.67,0,0,0,0
2006-07-26 00:00:00,0,2906.89,0,323.36,11464.47,6362.57,6419.6,0,0,2130.04,14531.22,250.4,0,13677.58,1509.09,4049.43,81901.47,0,19136.72,0,0,99755.04,0,0,0,2874.24,2754.84,0,27857.95,39575.0,75.59,2601.68,18657.24,0,0,0,0
2006-07-26 01:00:00,0,2694.36,0,298.67,10598.62,5774.82,5873.12,0,0,1975.91,13381.1,229.45,0,13102.35,1398.94,3808.39,77438.92,0,17932.72,0,0,94782.42,0,0,0,2706.43,2580.11,0,26116.84,37488.4,73.44,2410.54,17345.34,0,0,0,0
2006-07-26 02:00:00,0,2446.94,0,277.75,10129.38,5431.09,5522.63,0,0,1854.72,12591.9,212.47,0,12816.73,1319.32,3589.51,73398.02,0,17172.74,0,0,90670.94,0,0,0,2607.54,2465.53,0,24831.25,35366.79,72.36,2284.23,16373.57,0,0,0,0
2006-07-26 03:00:00,0,2315.85,0,266.23,9869.63,5239.6,5452.29,0,0,1780.26,12199.57,203.2,0,12806.94,1281.97,3424.78,71041.12,0,16650.94,0,0,88315.74,0,0,0,2560.42,2410.6,0,24078.6,34036.71,70.86,2201.0,15725.17,0,0,0,0
2006-07-26 04:00:00,0,2249.27,0,266.42,9981.27,5208.99,5563.07,0,0,1802.73,12158.05,205.33,0,12885.17,1321.1,3438.26,70648.55,0,16482.82,0,0,88019.34,0,0,0,2573.62,2415.01,0,24018.73,32970.12,69.43,2192.6,15563.03,0,0,0,0
2006-07-26 05:00:00,0,2195.89,0,272.93,10374.09,5324.99,5711.76,0,0,1849.9,12467.75,209.08,0,13341.94,1360.2,3509.61,71268.11,0,16744.0,0,0,88917.25,0,0,0,2625.53,2441.28,0,24128.21,32247.67,68.52,2241.97,15777.63,0,0,0,0
2006-07-26 06:00:00,0,2210.69,0,279.32,11081.78,5513.45,6015.79,0,0,1920.42,12914.18,214.12,0,14685.77,1418.09,3676.69,72659.28,0,18980.31,0,0,95862.37,0,0,0,2688.04,2478.51,0,24505.06,32330.74,68.12,2315.59,16041.09,0,0,0,0
2006-07-26 07:00:00,0,2325.44,0,313.16,11715.84,6099.32,6472.55,0,0,2127.13,14166.06,232.25,0,15485.24,1530.1,4016.11,76458.83,0,20473.69,0,0,101458.64,0,0,0,2807.84,2589.41,0,26316.37,33423.83,70.31,2547.31,17297.13,0,0,0,0
2006-07-26 08:00:00,0,2529.34,0,342.04,12295.74,6745.31,6947.59,0,0,2322.53,15519.09,247.08,0,16388.23,1613.77,4486.27,80840.15,0,21596.59,0,0,107072.64,0,0,0,3005.06,2764.04,0,28038.21,35354.71,74.8,2785.74,18666.23,0,0,0,0
2006-07-26 09:00:00,0,2700.14,0,368.3,12940.44,7435.47,7485.97,0,0,2517.74,17046.95,264.47,0,17380.1,1781.0,4898.51,84929.42,0,22500.2,0,0,112625.51,0,0,0,3243.95,3068.47,0,30166.08,37463.7,79.31,3029.86,20122.54,0,0,0,0
2006-07-26 10:00:00,0,2917.96,0,403.07,14357.02,8245.85,8381.12,0,0,2727.75,18725.24,292.31,0,18049.51,1968.26,5336.99,89246.92,0,23553.39,0,0,118726.34,0,0,0,3602.52,3442.87,0,32945.09,39788.17,84.13,3313.71,21662.17,0,0,0,0
2006-07-26 11:00:00,0,3190.49,0,435.48,15599.84,9051.33,9041.49,0,0,2924.48,20185.43,316.67,0,18554.53,2121.27,5710.91,93064.35,0,24425.83,0,0,126813.4,0,0,0,3888.17,3728.24,0,35767.42,42351.84,89.68,3573.44,23414.77,0,0,0,0
2006-07-26 12:00:00,0,3490.08,0,463.17,16585.9,9700.87,9589.88,0,0,3072.84,21233.9,338.29,0,18933.8,2252.34,6003.86,96457.04,0,25044.45,0,0,132889.14,0,0,0,4094.75,3934.81,0,37596.87,44812.37,94.78,3777.52,24861.33,0,0,0,0
2006-07-26 13:00:00,0,3733.73,0,487.42,17368.1,10112.18,10042.89,0,0,3188.27,22004.61,358.41,0,19245.78,2366.66,6168.48,99493.44,0,25439.4,0,0,137002.17,0,0,0,4241.62,4092.86,0,38929.53,46972.74,99.74,3931.16,26014.69,0,0,0,0
2006-07-26 14:00:00,0,3969.64,0,507.1,17934.41,10444.86,10498.85,0,0,3273.95,22519.3,376.53,0,19608.74,2445.94,6348.02,102104.67,0,25689.82,0,0,140593.12,0,0,0,4366.1,4221.09,0,39783.63,48878.98,103.04,4015.6,26793.21,0,0,0,0
2006-07-26 15:00:00,0,4113.91,0,520.6,18371.12,10675.28,10819.16,0,0,3326.35,22640.59,391.06,0,19922.87,2392.46,6350.43,103414.0,0,26019.71,0,0,142833.57,0,0,0,4448.26,4304.3,0,39893.73,50204.78,105.34,4066.0,27208.83,0,0,0,0
2006-07-26 16:00:00,0,4188.28,0,529.63,18529.04,10694.46,10935.4,0,0,3336.49,22585.87,398.57,0,20215.88,2337.88,6408.17,103909.76,0,26155.9,0,0,143871.4,0,0,0,4482.75,4354.49,0,39486.52,50913.74,106.33,4076.07,27092.68,0,0,0,0
2006-07-26 17:00:00,0,4212.67,0,517.14,18458.2,10523.25,10878.04,0,0,3292.61,22296.35,399.14,0,20233.9,2354.48,6416.69,104139.43,0,25981.97,0,0,143241.38,0,0,0,4455.59,4331.37,0,38920.65,50960.51,106.31,3994.95,26409.44,0,0,0,0
2006-07-26 18:00:00,0,4170.92,0,493.73,18239.72,10154.0,10697.95,0,0,3165.48,21617.15,391.12,0,19895.07,2291.33,6269.79,103762.9,0,25461.89,0,0,141656.77,0,0,0,4369.02,4254.28,0,38207.45,49917.64,104.59,3872.99,25690.94,0,0,0,0
2006-07-26 19:00:00,0,4220.54,0,456.23,17866.71,9539.83,10240.57,0,0,3082.91,20664.15,375.16,0,19783.46,2227.19,5945.27,102537.9,0,25330.31,0,0,132757.41,0,0,0,4245.71,3990.65,0,37266.82,49822.88,97.05,3590.18,25087.51,0,0,0,0
2006-07-26 20:00:00,0,4054.97,0,437.74,16983.23,9044.61,9485.69,0,0,2860.43,19487.93,357.19,0,18392.69,2091.12,5719.89,100814.78,0,24517.07,0,0,129217.47,0,0,0,4121.1,3827.78,0,36020.2,48231.39,96.22,3402.58,24020.58,0,0,0,0
2006-07-26 21:00:00,0,3742.6,0,418.32,16067.9,8430.81,8857.74,0,0,2666.37,18303.21,342.29,0,17105.8,1955.08,5355.87,97128.18,0,23517.83,0,0,122324.01,0,0,0,3902.19,3646.43,0,34651.79,46267.42,90.83,3186.67,23259.6,0,0,0,0
2006-07-26 22:00:00,0,3496.3,0,387.5,14713.79,7735.3,8244.12,0,0,2481.29,17088.84,316.05,0,15951.84,1811.58,5010.42,93016.83,0,22214.92,0,0,115782.5,0,0,0,3593.11,3402.8,0,32135.27,44170.04,85.28,2981.95,21882.94,0,0,0,0
2006-07-26 23:00:00,0,3147.62,0,356.69,13468.0,7082.93,7659.43,0,0,2310.32,15916.93,292.09,0,14861.15,1684.58,4691.46,88597.49,0,20903.55,0,0,109545.92,0,0,0,3321.49,3161.95,0,29796.76,41214.89,79.89,2787.39,20481.84,0,0,0,0
2006-07-27 00:00:00,0,2850.01,0,329.12,12359.95,6434.53,7095.67,0,0,2148.73,14805.21,269.68,0,13867.01,1555.24,4410.36,84367.91,0,19482.0,0,0,104103.07,0,0,0,3076.17,2930.42,0,27724.27,38672.23,76.33,2591.39,19142.95,0,0,0,0
2006-07-27 01:00:00,0,2548.19,0,305.03,11444.13,5861.86,6582.54,0,0,2000.75,13682.88,251.92,0,13260.87,1433.85,4200.06,80000.77,0,18162.79,0,0,99357.48,0,0,0,2883.67,2727.61,0,26114.93,36373.07,74.37,2409.33,17927.65,0,0,0,0
2006-07-27 02:00:00,0,2280.48,0,283.44,10944.15,5493.57,6198.87,0,0,1874.58,12813.25,234.63,0,12999.92,1352.19,4009.07,75946.6,0,17316.62,0,0,95614.19,0,0,0,2749.59,2579.16,0,25135.69,34443.58,72.3,2292.21,16998.94,0,0,0,0
2006-07-27 03:00:00,0,2130.49,0,270.5,10574.43,5294.69,6029.47,0,0,1798.63,12340.48,219.86,0,12930.67,1309.64,3824.74,73660.28,0,17064.98,0,0,93660.3,0,0,0,2667.94,2499.92,0,24491.53,33274.92,70.08,2210.15,16312.95,0,0,0,0
2006-07-27 04:00:00,0,2054.97,0,268.15,10552.64,5263.49,6058.81,0,0,1817.72,12276.95,212.23,0,12955.32,1344.86,3798.15,73173.55,0,17116.17,0,0,93510.46,0,0,0,2666.81,2479.42,0,24438.89,32183.93,68.65,2209.24,16099.85,0,0,0,0
2006-07-27 05:00:00,0,2034.23,0,274.27,10806.9,5395.88,6194.14,0,0,1863.76,12567.27,213.41,0,13585.13,1379.8,3847.45,73752.66,0,17747.98,0,0,94763.08,0,0,0,2705.07,2505.17,0,24718.0,31738.27,68.2,2265.58,16336.14,0,0,0,0
2006-07-27 06:00:00,0,2041.01,0,284.8,11584.08,5617.34,6578.81,0,0,1944.71,13073.12,216.92,0,14824.33,1442.47,3954.03,75033.96,0,19660.48,0,0,101573.0,0,0,0,2795.55,2568.31,0,25230.75,31672.27,67.87,2349.46,16666.2,0,0,0,0
2006-07-27 07:00:00,0,2131.71,0,319.44,12356.88,6122.07,7151.49,0,0,2120.52,14101.52,229.87,0,15936.47,1536.9,4294.68,78715.72,0,21170.75,0,0,106914.33,0,0,0,2973.67,2745.69,0,26556.85,32917.72,69.83,2541.38,17605.64,0,0,0,0
2006-07-27 08:00:00,0,2278.81,0,356.02,13194.3,6754.59,7730.69,0,0,2312.74,15336.67,253.67,0,16971.39,1649.98,4522.57,83351.41,0,22476.79,0,0,113004.03,0,0,0,3169.58,2948.0,0,28076.94,34756.65,73.68,2761.29,18613.18,0,0,0,0
2006-07-27 09:00:00,0,2438.46,0,391.79,13952.9,7523.29,8484.04,0,0,2513.23,16414.31,271.82,0,18001.6,1772.35,4804.99,87616.02,0,23613.11,0,0,119894.64,0,0,0,3357.82,3156.96,0,29584.45,36906.46,78.77,3037.69,19628.77,0,0,0,0
2006-07-27 10:00:00,0,2663.43,0,423.35,15075.38,8387.07,9332.25,0,0,2708.32,17769.76,294.84,0,18721.11,1957.22,5047.05,91462.75,0,24788.21,0,0,127474.03,0,0,0,3647.32,3477.75,0,32019.05,39214.69,84.29,3339.64,20507.69,0,0,0,0
2006-07-27 11:00:00,0,2934.04,0,451.94,16153.59,9135.99,9871.92,0,0,2875.4,18957.26,319.44,0,19222.84,2112.96,5317.01,95379.88,0,25851.24,0,0,133284.17,0,0,0,3836.16,3708.51,0,34936.37,41935.38,88.96,3604.88,21554.77,0,0,0,0
2006-07-27 12:00:00,0,3211.16,0,479.81,16971.7,9554.25,10272.34,0,0,2960.18,19747.48,341.39,0,19667.39,2228.06,5605.07,99241.18,0,26638.87,0,0,139231.66,0,0,0,3967.7,3877.62,0,37176.19,44288.54,92.46,3787.74,23003.36,0,0,0,0
2006-07-27 13:00:00,0,3421.31,0,503.88,17636.94,9689.55,10578.2,0,0,2953.83,20309.22,360.15,0,20117.38,2303.52,5810.88,102184.38,0,27089.61,0,0,141757.74,0,0,0,4049.42,3986.55,0,38861.52,46003.37,97.82,3855.85,24103.09,0,0,0,0
2006-07-27 14:00:00,0,3507.92,0,524.87,18058.33,9768.74,10860.02,0,0,2988.91,20872.71,374.47,0,20548.73,2365.88,5955.57,104699.64,0,27548.4,0,0,143748.13,0,0,0,4121.0,4063.97,0,40106.16,47043.63,100.46,3804.95,24771.46,0,0,0,0
2006-07-27 15:00:00,0,3534.15,0,541.8,18234.94,9837.95,11033.19,0,0,3035.47,21187.49,376.87,0,21016.93,2399.04,6001.09,106400.51,0,28031.97,0,0,145015.48,0,0,0,4135.41,4086.26,0,40995.39,47492.52,103.94,3773.14,25287.05,0,0,0,0
2006-07-27 16:00:00,0,3590.72,0,546.72,18257.98,9889.45,11038.09,0,0,3049.78,21272.74,369.46,0,21187.17,2396.43,6092.23,107012.2,0,28104.27,0,0,146149.82,0,0,0,4149.12,4111.18,0,41321.88,47983.2,104.61,3826.01,25706.99,0,0,0,0
2006-07-27 17:00:00,0,3641.51,0,537.37,18151.45,9858.33,10903.69,0,0,3033.09,21148.64,368.12,0,21034.88,2359.15,6085.35,106687.53,0,28091.35,0,0,145504.15,0,0,0,4166.52,4115.84,0,41235.49,47813.52,104.79,3814.27,25853.21,0,0,0,0
2006-07-27 18:00:00,0,3548.38,0,512.82,17841.3,9664.63,10740.58,0,0,2968.87,20692.26,363.98,0,20845.6,2257.3,5933.18,105151.84,0,27684.18,0,0,143983.8,0,0,0,4140.19,4077.94,0,40610.85,46401.51,103.84,3770.59,25729.83,0,0,0,0
2006-07-27 19:00:00,0,3387.42,0,471.43,17536.99,9278.72,10356.39,0,0,2939.86,19679.39,356.68,0,20783.78,2234.78,5448.2,103507.38,0,27382.84,0,0,136254.71,0,0,0,4018.33,3901.45,0,39198.79,44659.55,97.45,3559.61,25487.09,0,0,0,0
2006-07-27 20:00:00,0,3181.34,0,455.73,16786.78,8807.57,9666.38,0,0,2753.07,18645.54,348.65,0,19859.54,2109.35,5426.27,102014.37,0,26523.04,0,0,133117.55,0,0,0,3874.58,3720.15,0,37340.69,43213.72,94.81,3376.91,24572.18,0,0,0,0
2006-07-27 21:00:00,0,2995.06,0,432.0,15861.42,8191.5,9047.63,0,0,2567.95,17531.96,334.14,0,18824.42,1944.03,5130.8,98698.29,0,25480.82,0,0,127635.04,0,0,0,3655.65,3503.54,0,35658.19,41783.48,89.93,3151.85,23878.33,0,0,0,0
2006-07-27 22:00:00,0,2800.14,0,395.15,14714.4,7474.0,8481.73,0,0,2390.06,16400.14,308.41,0,17812.39,1788.72,4860.42,94446.6,0,24156.52,0,0,122114.1,0,0,0,3409.92,3289.36,0,32923.28,40237.72,85.0,2933.08,22443.48,0,0,0,0
2006-07-27 23:00:00,0,2519.87,0,363.07,13643.29,6788.72,7920.02,0,0,2219.31,15238.41,284.43,0,16859.2,1649.6,4614.77,89502.19,0,22825.8,0,0,116722.41,0,0,0,3179.0,3071.15,0,30572.22,37552.52,80.41,2715.99,20896.88,0,0,0,0
2006-07-28 00:00:00,0,2305.67,0,332.83,12562.11,6134.79,7350.63,0,0,2064.56,14132.37,261.63,0,16028.76,1519.11,4398.28,84899.72,0,21740.86,0,0,111914.72,0,0,0,2969.68,2866.76,0,28545.36,35193.86,76.19,2514.13,19537.58,0,0,0,0
2006-07-28 01:00:00,0,2100.57,0,308.07,11716.22,5561.47,6849.92,0,0,1913.02,13048.12,238.26,0,15410.2,1397.25,4173.96,80296.72,0,20500.55,0,0,107577.92,0,0,0,2801.22,2690.22,0,26890.12,32898.81,72.74,2322.01,18421.19,0,0,0,0
2006-07-28 02:00:00,0,2007.71,0,285.58,11213.3,5250.91,6496.13,0,0,1783.31,12267.85,218.01,0,15181.97,1309.28,3959.32,76280.21,0,19764.96,0,0,103966.69,0,0,0,2689.92,2558.0,0,25631.33,31306.25,71.04,2199.13,17663.5,0,0,0,0
2006-07-28 03:00:00,0,1960.31,0,272.7,10891.97,5092.74,6341.82,0,0,1729.27,11866.01,205.23,0,15059.25,1276.36,3772.48,73987.75,0,19531.74,0,0,101791.43,0,0,0,2634.61,2501.17,0,24884.49,30255.13,68.48,2125.99,17165.68,0,0,0,0
2006-07-28 04:00:00,0,1941.35,0,273.42,10855.6,5095.37,6376.96,0,0,1764.34,11899.22,204.12,0,15164.6,1316.15,3783.0,73494.34,0,19517.07,0,0,101476.24,0,0,0,2639.26,2472.05,0,24791.61,29424.22,66.59,2139.41,17008.85,0,0,0,0
2006-07-28 05:00:00,0,1937.04,0,281.73,11108.57,5227.23,6518.6,0,0,1809.16,12226.04,206.22,0,15485.08,1355.89,3863.54,73996.02,0,19715.77,0,0,101817.09,0,0,0,2676.96,2489.43,0,24966.34,29062.34,66.75,2184.12,17083.76,0,0,0,0
2006-07-28 06:00:00,0,1949.84,0,289.62,11736.79,5397.48,6824.81,0,0,1876.53,12668.81,212.57,0,16670.92,1412.68,4010.36,74888.22,0,21484.39,0,0,107066.66,0,0,0,2754.38,2538.92,0,25199.97,29136.8,68.08,2241.42,17277.75,0,0,0,0
2006-07-28 07:00:00,0,2045.61,0,330.34,12352.38,5910.69,7339.79,0,0,2079.7,13892.07,234.05,0,17470.08,1552.31,4411.26,78709.12,0,22992.47,0,0,111150.67,0,0,0,2931.24,2701.03,0,26959.82,30275.26,69.83,2424.53,18093.18,0,0,0,0
2006-07-28 08:00:00,0,2192.09,0,366.45,13208.61,6503.86,7897.09,0,0,2287.83,15394.84,256.72,0,18393.22,1679.13,4713.85,84047.23,0,24028.37,0,0,116561.26,0,0,0,3170.24,2942.89,0,29166.25,32303.78,72.98,2592.64,19125.55,0,0,0,0
2006-07-28 09:00:00,0,2368.17,0,402.53,14284.12,7157.16,8693.97,0,0,2478.04,16897.87,275.09,0,19228.6,1856.39,4872.24,89197.38,0,24954.7,0,0,122095.07,0,0,0,3439.84,3252.84,0,31610.91,35050.7,77.04,2812.19,20073.42,0,0,0,0
2006-07-28 10:00:00,0,2595.85,0,437.5,15795.48,7956.02,9503.82,0,0,2679.68,18547.87,298.88,0,19830.79,2003.61,5016.89,93521.26,0,25753.97,0,0,128419.02,0,0,0,3775.09,3609.42,0,34710.45,38016.44,81.3,3105.99,21106.93,0,0,0,0
2006-07-28 11:00:00,0,2849.31,0,468.63,17046.65,8744.19,10144.67,0,0,2860.33,19874.05,319.69,0,20274.21,2101.81,5143.24,98648.62,0,26298.11,0,0,133061.79,0,0,0,4041.42,3904.85,0,37258.41,40994.12,86.45,3396.03,22316.78,0,0,0,0
2006-07-28 12:00:00,0,3069.56,0,494.53,17997.52,9388.21,10628.67,0,0,2990.68,20864.84,337.63,0,20713.57,2209.75,5197.86,103168.93,0,26878.02,0,0,136063.19,0,0,0,4239.92,4124.94,0,39114.12,43359.19,88.98,3648.43,23645.36,0,0,0,0
2006-07-28 13:00:00,0,3245.15,0,518.33,18621.23,9840.9,10949.14,0,0,3064.6,21550.04,352.27,0,21148.59,2299.13,5323.05,106635.12,0,26940.26,0,0,139373.77,0,0,0,4382.69,4277.23,0,40538.2,45241.13,91.25,3837.61,24664.2,0,0,0,0
2006-07-28 14:00:00,0,3374.84,0,537.46,19080.33,10078.67,11182.72,0,0,3116.05,21959.62,364.49,0,21459.12,2365.34,5564.52,109237.49,0,27023.16,0,0,142526.11,0,0,0,4494.13,4390.77,0,41612.09,46696.74,95.84,3912.65,25400.52,0,0,0,0
2006-07-28 15:00:00,0,3467.08,0,553.47,19243.98,10128.15,11314.29,0,0,3131.69,22094.06,375.19,0,21502.35,2426.25,5639.1,111176.56,0,27059.82,0,0,144367.48,0,0,0,4570.22,4457.95,0,42161.6,47847.86,100.26,3884.13,25717.03,0,0,0,0
2006-07-28 16:00:00,0,3570.64,0,557.48,19266.36,9933.77,11304.76,0,0,3122.32,22018.61,374.06,0,21370.43,2429.23,5668.38,111977.99,0,27148.36,0,0,145160.35,0,0,0,4606.13,4490.3,0,42234.94,48881.59,100.77,3822.96,25914.93,0,0,0,0
2006-07-28 17:00:00,0,3646.54,0,551.44,19065.37,9744.83,11149.19,0,0,3089.2,21551.67,371.99,0,21310.28,2397.18,5617.76,111359.99,0,27151.17,0,0,144440.35,0,0,0,4572.14,4470.24,0,41860.19,49378.89,102.16,3756.12,25970.07,0,0,0,0
2006-07-28 18:00:00,0,3663.88,0,531.65,18573.81,9503.08,10922.39,0,0,2998.12,20778.37,368.35,0,21144.73,2322.06,5525.56,109703.83,0,26923.49,0,0,142523.96,0,0,0,4439.65,4349.37,0,40798.66,48855.23,102.1,3696.47,25741.52,0,0,0,0
2006-07-28 19:00:00,0,3545.84,0,460.21,17026.96,8736.59,10423.64,0,0,2834.67,19273.56,336.92,0,20450.86,2168.27,5253.8,101111.24,0,24870.32,0,0,126413.01,0,0,0,4222.03,4087.28,0,38276.51,45855.49,90.01,3355.43,23877.83,0,0,0,0
2006-07-28 20:00:00,0,3420.48,0,431.47,16557.77,8381.11,9820.61,0,0,2669.12,18265.82,332.35,0,19358.32,2070.37,5077.79,99506.02,0,24418.76,0,0,125159.98,0,0,0,4096.0,3930.81,0,37193.49,45394.1,88.35,3202.29,23118.16,0,0,0,0
2006-07-28 21:00:00,0,3205.73,0,404.17,15922.02,7925.96,9270.59,0,0,2509.61,17207.16,318.19,0,18303.09,1953.18,4847.91,95488.08,0,23488.18,0,0,119155.67,0,0,0,3945.46,3767.42,0,35701.13,43215.86,84.12,3024.91,22621.98,0,0,0,0
2006-07-28 22:00:00,0,3048.12,0,376.55,14772.99,7312.71,8720.58,0,0,2355.19,16171.22,290.47,0,17413.31,1810.07,4614.49,91603.84,0,22265.34,0,0,113452.31,0,0,0,3683.85,3559.36,0,33063.36,40996.07,79.35,2855.38,21475.41,0,0,0,0
2006-07-28 23:00:00,0,2756.28,0,351.51,13580.66,6718.68,8177.89,0,0,2200.36,15170.95,268.76,0,16446.89,1673.2,4363.73,86604.12,0,20949.12,0,0,108169.11,0,0,0,3433.25,3348.65,0,30716.64,38662.89,74.28,2688.7,20051.59,0,0,0,0
2006-07-29 00:00:00,0,2507.91,0,327.48,12511.64,6151.25,7612.22,0,0,2054.49,14206.37,247.63,0,15395.43,1536.88,4120.66,81701.82,0,19709.92,0,0,103001.43,0,0,0,3195.0,3138.2,0,28675.42,36517.54,69.58,2524.89,18794.75,0,0,0,0
2006-07-29 01:00:00,0,2265.97,0,305.19,11560.48,5669.8,7076.07,0,0,1919.59,13293.74,227.54,0,14469.15,1419.53,3867.74,76908.97,0,18585.79,0,0,98320.51,0,0,0,2994.96,2944.65,0,27121.34,34388.57,65.36,2370.27,17476.0,0,0,0,0
2006-07-29 02:00:00,0,2083.11,0,284.07,10823.59,5304.73,6588.7,0,0,1808.4,12597.17,211.14,0,13858.37,1326.59,3653.54,72933.81,0,17746.13,0,0,94771.91,0,0,0,2846.74,2760.06,0,25913.48,32335.54,62.03,2236.61,16339.1,0,0,0,0
2006-07-29 03:00:00,0,1969.7,0,271.21,10281.37,5075.81,6262.41,0,0,1742.17,12165.46,198.95,0,13488.32,1260.38,3529.18,70425.5,0,17226.95,0,0,91635.77,0,0,0,2718.2,2620.39,0,25013.02,30753.46,59.66,2150.55,15624.62,0,0,0,0
2006-07-29 04:00:00,0,1915.32,0,268.5,10013.17,4936.1,6082.47,0,0,1724.65,11826.09,191.75,0,13209.18,1233.1,3453.03,68357.15,0,16784.58,0,0,90288.44,0,0,0,2627.21,2528.07,0,24287.79,29499.92,58.33,2097.03,15048.23,0,0,0,0
2006-07-29 05:00:00,0,1889.25,0,265.08,9893.99,4902.14,5994.09,0,0,1735.45,11837.34,190.06,0,13057.4,1240.61,3425.79,67277.43,0,16578.65,0,0,89896.67,0,0,0,2575.86,2504.99,0,23932.03,28689.79,57.37,2070.38,14834.93,0,0,0,0
2006-07-29 06:00:00,0,1895.76,0,267.61,10065.63,5010.26,6072.42,0,0,1758.22,11958.87,191.8,0,13527.65,1273.59,3452.85,67320.2,0,17358.3,0,0,90315.24,0,0,0,2593.06,2528.63,0,23840.27,28234.38,56.93,2093.25,14965.77,0,0,0,0
2006-07-29 07:00:00,0,1985.4,0,279.32,10750.41,5473.18,6480.93,0,0,1880.0,12821.22,203.34,0,14137.51,1369.65,3590.8,69793.13,0,18615.66,0,0,93936.67,0,0,0,2716.61,2696.1,0,24223.63,28417.7,57.5,2228.4,15372.85,0,0,0,0
2006-07-29 08:00:00,0,2262.87,0,307.66,11526.29,6211.81,6958.06,0,0,2088.36,14261.48,221.86,0,14957.14,1534.02,3723.91,74504.87,0,19906.9,0,0,100627.54,0,0,0,2957.38,2967.94,0,26020.13,30720.85,60.38,2402.67,15990.42,0,0,0,0
2006-07-29 09:00:00,0,2637.28,0,350.56,12489.78,7037.1,7865.03,0,0,2310.77,15863.07,245.78,0,15688.13,1730.45,3885.23,79227.03,0,21191.45,0,0,109833.89,0,0,0,3294.53,3321.75,0,28839.31,34163.23,64.44,2725.87,16750.26,0,0,0,0
2006-07-29 10:00:00,0,3008.83,0,389.87,13583.61,7932.56,8645.55,0,0,2548.55,17569.71,274.74,0,16146.56,1877.41,4100.68,85634.01,0,22194.47,0,0,119615.26,0,0,0,3568.92,3652.35,0,31773.87,37568.55,69.3,3042.3,17462.74,0,0,0,0
2006-07-29 11:00:00,0,3378.43,0,423.14,14537.86,8609.65,9229.97,0,0,2731.83,18870.71,299.47,0,16482.39,1963.68,4466.13,91514.42,0,22873.43,0,0,126071.52,0,0,0,3759.28,3882.48,0,34217.53,40622.51,73.95,3325.23,18181.71,0,0,0,0
2006-07-29 12:00:00,0,3661.44,0,436.69,15378.38,9121.5,9716.7,0,0,2843.98,19739.14,317.29,0,16818.4,2035.86,4765.23,96302.76,0,23376.47,0,0,130614.72,0,0,0,3908.71,4048.24,0,36133.32,43102.02,78.85,3543.8,19188.97,0,0,0,0
2006-07-29 13:00:00,0,3880.22,0,442.09,16009.93,9474.01,10053.69,0,0,2908.6,20312.97,334.51,0,17182.3,2104.34,4988.15,99976.53,0,23799.92,0,0,134072.95,0,0,0,4028.87,4167.41,0,37296.12,45078.77,83.46,3659.44,19917.09,0,0,0,0
2006-07-29 14:00:00,0,4059.37,0,440.18,16351.06,9700.65,10315.64,0,0,2968.51,20875.81,352.18,0,17671.54,2175.66,5249.25,102709.88,0,24267.22,0,0,136600.05,0,0,0,4125.01,4260.02,0,37746.23,46743.63,87.0,3722.73,20750.32,0,0,0,0
2006-07-29 15:00:00,0,4186.76,0,439.04,16357.91,9790.77,10490.29,0,0,3032.49,21252.5,351.7,0,18214.68,2245.31,5455.73,104267.23,0,24666.03,0,0,138159.89,0,0,0,4182.32,4302.5,0,37650.41,48086.03,89.62,3723.37,21363.1,0,0,0,0
2006-07-29 16:00:00,0,4265.75,0,438.41,16178.9,9689.88,10559.64,0,0,3037.02,21160.9,351.9,0,18598.13,2276.18,5566.82,105080.82,0,24979.84,0,0,138879.09,0,0,0,4213.15,4309.31,0,37102.98,49007.67,91.64,3637.97,21913.26,0,0,0,0
2006-07-29 17:00:00,0,4276.13,0,440.54,15770.57,9598.09,10524.57,0,0,3018.38,20915.09,356.05,0,19011.55,2212.28,5588.87,104917.54,0,25153.69,0,0,139013.48,0,0,0,4183.99,4260.08,0,36238.27,49258.11,92.41,3573.64,22275.48,0,0,0,0
2006-07-29 18:00:00,0,4254.5,0,435.95,15407.99,9450.78,10361.25,0,0,2957.18,20624.64,355.25,0,19337.44,2150.57,5411.91,103980.51,0,25142.2,0,0,138471.45,0,0,0,4101.99,4149.87,0,35183.96,48728.9,91.0,3523.42,22205.17,0,0,0,0
2006-07-29 19:00:00,0,4203.0,0,429.26,15990.47,8886.83,10111.39,0,0,2929.27,19617.65,334.24,0,20275.57,2092.61,5233.12,103637.45,0,25881.51,0,0,131682.93,0,0,0,4033.93,3976.79,0,34777.16,49267.22,90.87,3422.13,22549.49,0,0,0,0
2006-07-29 20:00:00,0,4020.99,0,423.56,15578.45,8483.36,9445.49,0,0,2713.52,18405.81,326.73,0,19029.02,1979.71,5110.46,101705.85,0,25134.49,0,0,129554.57,0,0,0,3892.36,3822.27,0,34102.57,48878.11,89.64,3255.66,21976.88,0,0,0,0
2006-07-29 21:00:00,0,3686.48,0,401.39,14971.31,7935.97,8836.65,0,0,2529.83,17245.68,311.38,0,17997.08,1866.35,4811.17,97635.22,0,24085.89,0,0,122922.37,0,0,0,3775.72,3688.58,0,33154.86,46365.21,84.48,3067.64,21556.84,0,0,0,0
2006-07-29 22:00:00,0,3490.89,0,374.45,13850.01,7317.21,8268.51,0,0,2368.64,16172.29,288.44,0,17003.34,1746.21,4553.02,93929.5,0,22826.87,0,0,117070.2,0,0,0,3515.1,3474.87,0,31106.58,43723.27,78.93,2891.09,20488.7,0,0,0,0
2006-07-29 23:00:00,0,3218.46,0,348.69,12799.81,6711.28,7709.93,0,0,2215.31,15117.76,267.42,0,15985.13,1625.83,4314.9,89025.22,0,21518.98,0,0,111302.03,0,0,0,3244.94,3256.05,0,29159.75,41235.85,74.28,2708.99,19200.89,0,0,0,0
2006-07-30 00:00:00,0,2948.04,0,320.55,11822.51,6134.02,7179.55,0,0,2066.35,14073.63,246.98,0,14985.15,1509.08,4066.09,84311.98,0,20332.69,0,0,105829.83,0,0,0,3007.93,3049.26,0,27265.17,38999.95,69.76,2530.85,17956.22,0,0,0,0
2006-07-30 01:00:00,0,2706.8,0,295.68,10918.76,5649.96,6653.01,0,0,1927.75,13080.17,228.34,0,14180.86,1409.34,3836.46,79723.84,0,19193.07,0,0,101221.55,0,0,0,2806.26,2852.94,0,25811.55,37036.32,65.35,2363.97,16758.73,0,0,0,0
2006-07-30 02:00:00,0,2525.31,0,274.02,10226.24,5281.83,6141.43,0,0,1810.38,12374.77,213.06,0,13746.11,1326.26,3652.71,75820.08,0,18336.94,0,0,97406.59,0,0,0,2675.49,2670.1,0,24628.93,35241.49,62.07,2231.83,15711.7,0,0,0,0
2006-07-30 03:00:00,0,2375.49,0,260.96,9764.78,5029.71,5823.85,0,0,1740.82,11923.25,199.71,0,13476.38,1255.55,3536.57,73176.54,0,17752.02,0,0,94277.01,0,0,0,2580.75,2555.94,0,23964.1,33587.92,60.01,2136.59,15149.64,0,0,0,0
2006-07-30 04:00:00,0,2262.91,0,257.24,9579.63,4880.86,5719.34,0,0,1714.34,11620.28,191.36,0,13278.73,1227.16,3463.74,71102.31,0,17277.76,0,0,92622.98,0,0,0,2533.53,2509.28,0,23645.27,32236.52,58.42,2083.96,14678.83,0,0,0,0
2006-07-30 05:00:00,0,2175.3,0,258.23,9474.57,4858.56,5704.23,0,0,1721.66,11610.64,189.37,0,13215.37,1238.38,3450.05,69649.39,0,17102.13,0,0,91939.78,0,0,0,2527.14,2509.94,0,23557.58,31059.71,57.48,2073.4,14416.46,0,0,0,0
2006-07-30 06:00:00,0,2156.64,0,260.23,9697.62,4969.6,5817.93,0,0,1744.44,11722.07,190.63,0,13734.22,1268.05,3477.82,69545.26,0,17811.86,0,0,92461.03,0,0,0,2543.68,2529.02,0,23588.78,30632.06,57.14,2100.88,14447.99,0,0,0,0
2006-07-30 07:00:00,0,2284.37,0,267.05,10285.26,5354.34,6139.44,0,0,1841.08,12552.75,196.3,0,14036.57,1337.29,3591.28,72216.35,0,19020.6,0,0,96769.09,0,0,0,2621.12,2590.48,0,23776.47,30879.61,58.13,2236.6,14994.85,0,0,0,0
2006-07-30 08:00:00,0,2591.42,0,295.5,10843.01,6089.98,6481.49,0,0,2060.07,14330.34,214.74,0,14268.26,1444.69,3821.31,76792.68,0,20012.79,0,0,104906.17,0,0,0,2708.37,2701.4,0,24406.93,33276.98,61.72,2469.14,16120.37,0,0,0,0
2006-07-30 09:00:00,0,2938.25,0,337.29,11551.28,6898.27,6788.41,0,0,2288.56,16342.13,237.18,0,14481.33,1622.65,4219.7,81048.4,0,20959.6,0,0,114858.19,0,0,0,2849.85,2857.51,0,25430.43,36430.89,66.61,2782.33,17377.73,0,0,0,0
2006-07-30 10:00:00,0,3277.0,0,372.72,12660.64,7814.31,7301.3,0,0,2530.98,18149.8,263.06,0,14765.76,1808.92,4712.08,87010.74,0,21795.31,0,0,122982.93,0,0,0,3010.3,3021.4,0,27191.22,39508.86,72.58,3075.92,19253.59,0,0,0,0
2006-07-30 11:00:00,0,3613.28,0,398.05,13677.08,8534.08,7857.25,0,0,2721.39,19675.48,287.86,0,15025.43,1952.12,5100.95,92536.29,0,22490.77,0,0,129106.77,0,0,0,3127.46,3168.69,0,29314.67,42159.69,77.4,3316.12,21490.76,0,0,0,0
2006-07-30 12:00:00,0,3875.7,0,411.83,14619.09,9085.59,8304.19,0,0,2875.19,20733.53,304.81,0,15384.15,2070.59,5415.38,96799.84,0,23183.91,0,0,133621.35,0,0,0,3193.67,3228.42,0,31629.36,44275.05,82.25,3488.57,23093.54,0,0,0,0
2006-07-30 13:00:00,0,4066.34,0,417.93,15281.57,9484.24,8723.66,0,0,2994.91,21445.97,323.15,0,15797.87,2178.05,5667.16,99922.87,0,23794.91,0,0,136671.74,0,0,0,3294.4,3345.62,0,33508.2,45947.29,86.51,3607.85,24252.25,0,0,0,0
2006-07-30 14:00:00,0,4209.16,0,421.98,15862.66,9822.78,9173.26,0,0,3087.08,21995.66,342.27,0,16248.93,2253.61,5857.89,102508.86,0,24364.46,0,0,138959.33,0,0,0,3422.74,3517.65,0,34729.12,47282.94,89.38,3701.63,25319.72,0,0,0,0
2006-07-30 15:00:00,0,4312.37,0,411.33,16320.88,10071.17,9492.24,0,0,3167.79,22355.24,356.85,0,16743.17,2288.25,6008.96,104108.26,0,24731.36,0,0,138447.19,0,0,0,3493.62,3599.08,0,35839.52,48281.59,91.61,3750.54,26263.63,0,0,0,0
2006-07-30 16:00:00,0,4366.83,0,413.52,16635.43,10026.59,9679.75,0,0,3188.96,22218.74,358.35,0,17022.68,2252.36,6120.23,104396.13,0,24888.62,0,0,137759.99,0,0,0,3511.81,3611.98,0,36682.06,48838.47,92.91,3740.12,26840.33,0,0,0,0
2006-07-30 17:00:00,0,4371.99,0,404.15,16779.55,9895.9,9793.79,0,0,3161.89,21875.09,356.7,0,17190.27,2179.21,6191.32,104707.51,0,24852.22,0,0,137900.46,0,0,0,3537.44,3646.29,0,37134.08,48843.38,94.14,3714.79,27196.26,0,0,0,0
2006-07-30 18:00:00,0,4309.22,0,394.81,16533.14,9580.07,9750.29,0,0,3025.61,21125.37,351.09,0,17397.5,2104.17,6167.9,104327.54,0,24785.5,0,0,137730.37,0,0,0,3546.49,3664.9,0,36913.05,48390.46,92.53,3637.88,26997.16,0,0,0,0
2006-07-30 19:00:00,0,4255.12,0,425.43,17361.55,9419.89,9706.03,0,0,3083.17,20483.74,354.33,0,19272.46,2097.99,6073.81,109006.63,0,27341.75,0,0,140399.11,0,0,0,3565.44,3533.37,0,36492.22,51434.87,99.11,3641.43,27108.73,0,0,0,0
2006-07-30 20:00:00,0,4071.57,0,415.03,16582.19,8978.8,9087.02,0,0,2865.62,19384.18,342.96,0,18020.8,1971.81,5928.44,106771.56,0,26117.69,0,0,136990.46,0,0,0,3472.43,3380.83,0,35215.67,49650.75,96.81,3465.16,25792.54,0,0,0,0
2006-07-30 21:00:00,0,3777.42,0,390.28,15574.13,8364.71,8522.38,0,0,2662.32,18172.67,327.04,0,16830.05,1842.24,5551.27,102714.33,0,24952.76,0,0,130218.2,0,0,0,3321.81,3221.28,0,33657.38,47657.65,91.5,3224.02,24972.9,0,0,0,0
2006-07-30 22:00:00,0,3554.09,0,354.81,14300.53,7655.76,7969.16,0,0,2474.52,16931.94,301.94,0,15717.91,1717.45,5225.18,98473.64,0,23442.4,0,0,123811.72,0,0,0,3119.78,3048.15,0,31160.73,45437.17,86.44,2998.14,23368.99,0,0,0,0
2006-07-30 23:00:00,0,3228.36,0,323.04,13151.39,6970.88,7400.03,0,0,2295.12,15714.57,278.64,0,14665.12,1591.35,4924.94,93423.62,0,22028.76,0,0,117707.12,0,0,0,2928.04,2854.56,0,28982.21,42553.96,81.5,2781.92,21698.29,0,0,0,0
2006-07-31 00:00:00,0,2945.91,0,297.06,12059.6,6304.83,6806.74,0,0,2131.26,14532.81,256.02,0,13722.52,1474.16,4638.34,88534.56,0,20527.3,0,0,112254.86,0,0,0,2738.21,2661.67,0,27127.86,39894.93,76.77,2581.42,20113.78,0,0,0,0
2006-07-31 01:00:00,0,2690.06,0,275.1,11169.68,5703.29,6239.31,0,0,1981.17,13425.33,234.62,0,13153.95,1372.09,4367.14,83897.94,0,19232.76,0,0,107738.04,0,0,0,2587.29,2489.2,0,25645.27,37472.85,72.62,2390.9,18746.31,0,0,0,0
2006-07-31 02:00:00,0,2474.14,0,256.09,10616.41,5355.19,5848.04,0,0,1854.46,12686.0,216.74,0,12868.11,1301.34,4102.52,79657.49,0,18307.91,0,0,103497.64,0,0,0,2498.02,2404.01,0,24693.44,35410.11,69.43,2239.7,17594.36,0,0,0,0
2006-07-31 03:00:00,0,2294.55,0,252.76,10279.81,5146.15,5740.74,0,0,1782.92,12266.2,206.4,0,12661.42,1270.53,3916.91,76727.46,0,17752.85,0,0,101083.75,0,0,0,2465.53,2367.7,0,24020.68,33628.42,67.33,2149.34,16719.32,0,0,0,0
2006-07-31 04:00:00,0,2166.17,0,262.4,10392.64,5073.07,5828.96,0,0,1803.59,12182.95,208.25,0,12537.62,1306.58,3893.16,75501.49,0,17484.6,0,0,100296.85,0,0,0,2511.43,2381.9,0,24081.78,32295.46,66.53,2143.25,16397.83,0,0,0,0
2006-07-31 05:00:00,0,2089.43,0,276.54,10806.79,5200.26,5983.1,0,0,1841.19,12451.12,212.93,0,12869.87,1341.25,3910.46,75963.74,0,17538.0,0,0,100665.85,0,0,0,2580.36,2425.77,0,24368.69,31465.29,66.14,2191.33,16547.99,0,0,0,0
2006-07-31 06:00:00,0,2079.64,0,286.03,11561.56,5370.83,6360.92,0,0,1900.34,12838.17,216.61,0,14104.96,1387.94,4011.8,77178.78,0,19516.11,0,0,105652.69,0,0,0,2661.9,2484.71,0,24753.2,31390.0,66.44,2253.34,16752.19,0,0,0,0
2006-07-31 07:00:00,0,2207.67,0,325.36,12504.7,5925.61,6937.21,0,0,2099.73,14017.44,229.63,0,15142.69,1501.05,4366.8,81762.94,0,20949.95,0,0,111482.33,0,0,0,2782.22,2604.23,0,26551.39,32594.63,68.44,2470.23,17917.77,0,0,0,0
2006-07-31 08:00:00,0,2512.51,0,352.26,13512.37,6517.76,7592.16,0,0,2288.59,15480.92,251.03,0,16018.33,1590.72,4753.61,87468.39,0,22118.8,0,0,119210.48,0,0,0,2927.07,2749.64,0,28192.02,34969.41,73.55,2691.99,19501.8,0,0,0,0
2006-07-31 09:00:00,0,2814.57,0,371.07,14996.21,7097.08,8596.74,0,0,2465.45,16865.28,263.48,0,16758.42,1710.78,5147.38,92662.92,0,23157.37,0,0,128762.93,0,0,0,3140.51,3040.12,0,30470.59,37838.77,79.2,2876.39,21010.87,0,0,0,0
2006-07-31 10:00:00,0,3136.63,0,386.19,16274.19,7867.5,9345.56,0,0,2683.31,18451.05,283.9,0,17204.07,1870.02,5590.64,97953.02,0,24125.58,0,0,137915.85,0,0,0,3537.0,3449.71,0,33460.91,40930.01,84.88,3162.71,23134.07,0,0,0,0
2006-07-31 11:00:00,0,3447.75,0,403.94,17249.45,8727.0,9913.95,0,0,2908.17,19938.68,306.96,0,17538.23,1981.75,5976.99,103479.33,0,24994.9,0,0,145170.81,0,0,0,3866.89,3772.77,0,36045.55,43484.28,90.64,3455.19,25230.72,0,0,0,0
2006-07-31 12:00:00,0,3718.71,0,427.65,18060.85,9427.65,10402.91,0,0,3099.08,21080.64,328.36,0,17938.23,2018.4,6285.75,108200.74,0,25837.71,0,0,150654.82,0,0,0,4096.63,4005.95,0,38041.77,45605.38,95.8,3668.92,26826.11,0,0,0,0
2006-07-31 13:00:00,0,3907.54,0,451.56,18705.31,9925.72,10839.15,0,0,3243.35,21850.98,345.7,0,18401.35,2017.43,6513.63,111615.36,0,26568.2,0,0,154479.93,0,0,0,4256.44,4167.18,0,39534.87,47327.53,99.64,3834.59,28002.02,0,0,0,0
2006-07-31 14:00:00,0,4047.07,0,476.45,19173.86,10351.78,11305.22,0,0,3348.41,22487.26,360.12,0,19014.57,2087.07,6701.8,113843.36,0,27308.55,0,0,157252.01,0,0,0,4383.66,4306.26,0,40777.81,48601.03,102.48,3957.59,28932.73,0,0,0,0
2006-07-31 15:00:00,0,4137.26,0,489.63,19450.07,10686.11,11600.77,0,0,3413.78,22970.88,374.86,0,19735.8,2234.99,6831.81,115102.97,0,27831.96,0,0,158885.41,0,0,0,4472.25,4396.02,0,41569.2,49495.84,104.98,4046.9,29539.1,0,0,0,0
2006-07-31 16:00:00,0,4177.77,0,493.85,19407.95,10808.91,11737.86,0,0,3414.99,22977.94,382.89,0,20348.06,2333.16,6904.27,115371.6,0,27991.58,0,0,159279.28,0,0,0,4483.29,4414.94,0,41791.84,49811.4,106.23,4098.94,29744.58,0,0,0,0
2006-07-31 17:00:00,0,4169.11,0,489.98,19171.19,10714.85,11685.61,0,0,3364.98,22744.26,383.94,0,20603.9,2380.06,6907.9,114525.06,0,27797.56,0,0,158724.6,0,0,0,4444.38,4386.26,0,41204.69,49617.63,106.26,4070.99,29586.0,0,0,0,0
2006-07-31 18:00:00,0,4128.11,0,485.08,18787.39,10367.71,11545.08,0,0,3226.99,21898.72,376.08,0,20516.94,2328.5,6826.52,112649.68,0,27324.32,0,0,156890.72,0,0,0,4340.39,4290.8,0,40043.9,48721.27,103.71,3966.32,29177.3,0,0,0,0
2006-07-31 19:00:00,0,4154.56,0,464.04,18312.84,9677.66,10958.93,0,0,3166.39,20857.02,371.16,0,20443.41,2330.72,6423.31,110422.11,0,27233.2,0,0,146849.36,0,0,0,4187.76,3974.86,0,38488.01,49593.99,97.98,3728.33,28076.28,0,0,0,0
2006-07-31 20:00:00,0,4007.48,0,443.75,17633.39,9114.57,10211.15,0,0,2935.43,19611.79,356.48,0,19201.93,2149.72,6218.21,107960.72,0,26441.6,0,0,143254.1,0,0,0,4024.39,3796.93,0,37081.05,48334.24,97.38,3486.29,26648.92,0,0,0,0
2006-07-31 21:00:00,0,3760.16,0,410.08,16760.68,8431.03,9540.11,0,0,2721.25,18378.46,335.58,0,18058.91,1984.57,5828.8,104116.06,0,25460.52,0,0,136420.53,0,0,0,3802.68,3591.2,0,35472.26,46854.88,92.23,3219.69,25743.67,0,0,0,0
2006-07-31 22:00:00,0,3556.36,0,375.6,15554.52,7671.85,8885.1,0,0,2522.88,17082.33,305.31,0,17037.37,1818.34,5482.68,99966.69,0,24200.41,0,0,130188.38,0,0,0,3556.75,3382.6,0,32944.62,44860.63,86.97,2993.74,24140.27,0,0,0,0
2006-07-31 23:00:00,0,3238.56,0,343.9,14417.82,6944.95,8251.37,0,0,2336.08,15813.08,278.05,0,16053.29,1668.83,5161.7,94936.99,0,22964.25,0,0,124125.72,0,0,0,3324.25,3163.04,0,30606.55,42190.83,82.33,2769.68,22426.94,0,0,0,0
2006-08-01 00:00:00,0,2958.94,0,314.7,13300.79,6252.42,7636.09,0,0,2155.12,14592.08,251.41,0,15151.46,1533.05,4858.4,90084.95,0,21788.99,0,0,118285.13,0,0,0,3103.21,2948.31,0,28395.44,39990.57,77.74,2557.84,20875.08,0,0,0,0
2006-08-01 01:00:00,0,2705.61,0,289.44,12349.54,5650.78,7077.31,0,0,1991.1,13464.25,227.64,0,14556.53,1398.95,4559.76,85508.28,0,20542.7,0,0,112919.16,0,0,0,2934.05,2775.84,0,26847.27,37582.11,73.66,2355.7,19436.83,0,0,0,0
2006-08-01 02:00:00,0,2469.42,0,270.68,11749.18,5293.89,6673.19,0,0,1863.55,12677.64,209.92,0,14274.66,1308.31,4284.25,81319.67,0,19564.36,0,0,108347.01,0,0,0,2803.74,2655.96,0,25830.62,35467.23,70.56,2206.07,18166.43,0,0,0,0
2006-08-01 03:00:00,0,2303.95,0,265.01,11281.3,5156.63,6518.92,0,0,1793.13,12239.72,199.93,0,14328.92,1264.46,4081.63,78424.99,0,19106.06,0,0,105766.09,0,0,0,2720.08,2574.79,0,25011.68,33779.04,68.68,2145.03,17164.83,0,0,0,0
2006-08-01 04:00:00,0,2203.47,0,272.0,11294.06,5132.6,6572.64,0,0,1812.42,12166.57,202.39,0,14567.48,1288.09,4051.94,76826.38,0,19122.49,0,0,105374.66,0,0,0,2726.71,2553.01,0,24883.61,32678.76,68.41,2169.28,16824.69,0,0,0,0
2006-08-01 05:00:00,0,2163.41,0,279.75,11653.93,5320.99,6730.8,0,0,1866.77,12533.03,206.16,0,15153.6,1326.94,4065.97,77125.76,0,19566.12,0,0,106073.66,0,0,0,2776.23,2582.29,0,25205.18,32027.9,68.11,2231.48,16960.41,0,0,0,0
2006-08-01 06:00:00,0,2159.28,0,289.37,12458.63,5503.36,7145.55,0,0,1941.61,13007.36,211.18,0,16594.54,1389.9,4179.24,78158.65,0,21761.29,0,0,112016.48,0,0,0,2885.06,2648.97,0,25777.67,31989.85,68.2,2303.43,17203.95,0,0,0,0
2006-08-01 07:00:00,0,2307.46,0,326.15,13165.29,5964.05,7725.86,0,0,2114.47,14048.5,228.15,0,17579.7,1493.32,4509.26,82077.4,0,23597.72,0,0,117771.7,0,0,0,3068.07,2850.21,0,27322.04,33402.66,70.86,2483.39,18378.14,0,0,0,0
2006-08-01 08:00:00,0,2570.65,0,359.62,14280.01,6658.98,8546.93,0,0,2346.27,15707.42,253.99,0,18785.17,1624.86,4903.79,87161.62,0,25145.41,0,0,125843.85,0,0,0,3272.23,3091.32,0,28860.18,35583.94,76.24,2717.22,19922.84,0,0,0,0
2006-08-01 09:00:00,0,2848.89,0,393.36,15807.3,7414.93,9600.14,0,0,2545.78,17288.16,268.43,0,20048.14,1782.58,5284.17,91797.26,0,26643.99,0,0,135963.74,0,0,0,3600.3,3465.57,0,30903.23,37972.05,81.49,2992.52,21526.12,0,0,0,0
2006-08-01 10:00:00,0,3149.94,0,429.44,17036.61,8242.67,10245.91,0,0,2755.52,18850.92,289.75,0,20865.82,1949.61,5702.52,96342.01,0,28008.49,0,0,145737.96,0,0,0,3874.76,3745.79,0,33937.27,40365.12,87.22,3292.05,23630.72,0,0,0,0
2006-08-01 11:00:00,0,3449.51,0,461.09,17885.82,9086.51,10645.38,0,0,2963.41,20247.2,314.8,0,21449.45,2101.85,6060.95,100904.93,0,29125.76,0,0,153317.63,0,0,0,4050.88,3912.25,0,36421.8,42769.0,92.22,3576.31,25549.54,0,0,0,0
2006-08-01 12:00:00,0,3720.37,0,485.66,18537.46,9768.33,11000.0,0,0,3139.63,21367.31,338.62,0,22052.93,2234.8,6363.67,105425.95,0,29921.43,0,0,158667.78,0,0,0,4171.21,4027.16,0,38344.58,44891.37,96.84,3795.64,27075.75,0,0,0,0
2006-08-01 13:00:00,0,3932.31,0,506.13,18984.86,10201.64,11341.97,0,0,3266.7,22181.83,360.44,0,22609.69,2337.93,6615.43,109168.92,0,30554.14,0,0,162899.02,0,0,0,4290.73,4131.61,0,39810.85,46745.19,101.01,3925.26,28312.55,0,0,0,0
2006-08-01 14:00:00,0,4103.86,0,521.26,19304.58,10578.01,11660.54,0,0,3359.93,22812.34,380.55,0,23141.75,2430.35,6830.66,111761.14,0,31085.46,0,0,165763.49,0,0,0,4407.13,4229.5,0,41044.38,48240.04,104.28,4026.51,29249.32,0,0,0,0
2006-08-01 15:00:00,0,4219.7,0,529.78,19469.56,10895.38,11825.32,0,0,3419.24,23239.53,396.42,0,23621.55,2489.79,6973.92,113283.94,0,31433.1,0,0,167065.47,0,0,0,4465.39,4283.61,0,41953.27,49267.3,106.8,4111.87,29815.74,0,0,0,0
2006-08-01 16:00:00,0,4277.24,0,531.75,19455.42,11057.86,11915.86,0,0,3442.16,23398.5,408.47,0,23896.69,2526.66,7046.7,113459.67,0,31543.39,0,0,167773.2,0,0,0,4480.43,4305.66,0,42404.07,49975.18,108.61,4190.11,29961.76,0,0,0,0
2006-08-01 17:00:00,0,4267.15,0,520.79,19376.47,11008.59,11917.85,0,0,3396.63,23113.42,412.55,0,23958.68,2515.33,7046.07,112478.75,0,31250.91,0,0,167847.62,0,0,0,4458.82,4288.83,0,42020.05,49871.05,108.69,4193.97,29690.94,0,0,0,0
2006-08-01 18:00:00,0,4215.92,0,513.88,19029.33,10651.55,11777.69,0,0,3255.2,22215.85,408.53,0,23749.36,2432.7,6961.4,110491.25,0,30541.1,0,0,166526.98,0,0,0,4403.78,4250.93,0,41136.94,49038.3,106.82,4082.59,29205.41,0,0,0,0
2006-08-01 19:00:00,0,4272.66,0,482.03,18455.12,9748.35,11072.95,0,0,3130.12,20690.37,391.2,0,23728.57,2381.14,6505.09,108232.09,0,30085.43,0,0,152241.55,0,0,0,4249.55,4046.31,0,39470.28,49212.89,99.61,3814.22,28013.61,0,0,0,0
2006-08-01 20:00:00,0,4124.03,0,465.06,17840.74,9208.83,10398.61,0,0,2904.94,19517.58,371.51,0,22278.37,2168.68,6329.68,105470.08,0,28779.25,0,0,147788.85,0,0,0,4111.06,3893.44,0,38085.47,47948.31,98.39,3571.23,26734.38,0,0,0,0
2006-08-01 21:00:00,0,3864.49,0,433.93,16819.26,8608.03,9717.04,0,0,2705.0,18431.08,345.9,0,20995.91,2012.98,5929.23,101690.26,0,27283.69,0,0,140208.65,0,0,0,3899.85,3693.65,0,36455.6,45979.72,92.86,3316.65,25693.19,0,0,0,0
2006-08-01 22:00:00,0,3667.44,0,399.48,15622.14,7833.27,9074.9,0,0,2515.43,17132.8,313.86,0,19783.96,1867.66,5577.28,97700.87,0,25751.43,0,0,133550.47,0,0,0,3660.02,3491.17,0,33846.15,43572.47,87.59,3081.36,24073.32,0,0,0,0
2006-08-01 23:00:00,0,3357.03,0,367.77,14475.37,7073.42,8483.4,0,0,2324.53,15793.01,284.87,0,18570.01,1722.07,5262.27,92784.24,0,24235.44,0,0,127361.7,0,0,0,3430.38,3274.36,0,31419.13,41004.47,82.74,2856.86,22371.05,0,0,0,0
2006-08-02 00:00:00,0,3071.26,0,336.39,13404.43,6315.62,7914.6,0,0,2138.31,14542.2,257.67,0,17414.51,1591.14,4949.72,87867.86,0,22823.11,0,0,121293.54,0,0,0,3210.03,3060.8,0,29095.74,38577.12,78.44,2625.1,20821.38,0,0,0,0
2006-08-02 01:00:00,0,2809.49,0,306.53,12583.66,5668.08,7413.53,0,0,1968.48,13402.63,232.13,0,16617.19,1462.59,4640.41,83168.46,0,21497.1,0,0,115861.45,0,0,0,3037.8,2891.88,0,27341.19,36252.77,74.42,2415.07,19387.11,0,0,0,0
2006-08-02 02:00:00,0,2581.39,0,283.8,11986.61,5297.43,7055.76,0,0,1838.45,12601.69,212.43,0,16181.67,1371.47,4343.29,78974.39,0,20604.07,0,0,111084.99,0,0,0,2909.79,2769.53,0,26190.18,34204.38,71.58,2269.34,18165.87,0,0,0,0
2006-08-02 03:00:00,0,2387.1,0,273.82,11573.77,5141.62,6853.37,0,0,1762.29,12176.02,201.71,0,15998.35,1321.35,4132.64,76244.48,0,19923.89,0,0,108249.94,0,0,0,2816.51,2672.87,0,25384.97,32658.41,69.75,2195.62,17199.82,0,0,0,0
2006-08-02 04:00:00,0,2265.95,0,276.91,11517.9,5107.03,6876.46,0,0,1789.39,12145.01,201.97,0,15917.6,1340.73,4091.94,75152.02,0,19658.99,0,0,107372.1,0,0,0,2809.07,2634.94,0,25293.99,31631.83,69.13,2204.23,16889.35,0,0,0,0
2006-08-02 05:00:00,0,2183.31,0,284.69,11865.75,5256.08,7045.22,0,0,1836.68,12448.98,206.49,0,16046.96,1384.36,4105.11,75438.57,0,19751.81,0,0,107774.88,0,0,0,2853.98,2652.12,0,25525.22,31207.51,68.63,2262.86,17021.66,0,0,0,0
2006-08-02 06:00:00,0,2165.36,0,293.83,12522.88,5437.16,7346.91,0,0,1901.07,12845.22,211.74,0,17502.8,1440.18,4188.17,76221.88,0,22250.98,0,0,113546.52,0,0,0,2940.3,2702.95,0,25920.0,31244.76,68.34,2330.85,17206.88,0,0,0,0
2006-08-02 07:00:00,0,2279.03,0,331.4,13332.81,6037.73,7843.64,0,0,2101.89,14095.99,230.61,0,18455.02,1564.47,4567.2,80123.85,0,24299.42,0,0,119840.52,0,0,0,3155.0,2919.4,0,27706.99,32238.35,70.39,2564.72,18378.04,0,0,0,0
2006-08-02 08:00:00,0,2504.2,0,358.16,14349.32,6728.85,8540.33,0,0,2327.3,15735.05,251.75,0,19432.87,1663.18,4946.87,85575.1,0,25863.66,0,0,127825.63,0,0,0,3369.33,3170.5,0,29554.57,34350.7,75.03,2803.14,19950.9,0,0,0,0
2006-08-02 09:00:00,0,2730.22,0,390.51,15826.76,7457.86,9542.7,0,0,2520.35,17313.35,271.01,0,20323.85,1847.42,5303.31,90447.75,0,27127.55,0,0,137267.11,0,0,0,3705.94,3519.69,0,32110.18,36420.07,79.92,3046.87,21347.2,0,0,0,0
2006-08-02 10:00:00,0,3001.4,0,424.92,17193.95,8285.99,10423.54,0,0,2734.98,18963.38,296.0,0,21022.97,2032.08,5702.75,94982.08,0,28253.5,0,0,145065.24,0,0,0,3956.6,3806.2,0,35093.47,38633.71,85.11,3326.92,23319.22,0,0,0,0
2006-08-02 11:00:00,0,3312.62,0,453.34,18253.12,9099.45,11046.19,0,0,2943.29,20319.0,321.09,0,21586.53,2173.62,6045.96,99600.67,0,29092.64,0,0,152257.21,0,0,0,4080.85,3958.99,0,37509.9,40957.92,89.53,3559.45,25283.32,0,0,0,0
2006-08-02 12:00:00,0,3622.36,0,474.53,19007.65,9709.74,11427.01,0,0,3108.53,21313.45,343.75,0,22107.09,2293.62,6336.1,104205.34,0,29802.66,0,0,157656.04,0,0,0,4163.69,4039.62,0,39451.28,43162.79,94.16,3737.64,26802.97,0,0,0,0
2006-08-02 13:00:00,0,3875.22,0,492.81,19443.42,10134.07,11684.8,0,0,3225.08,22047.26,364.07,0,22601.52,2387.99,6569.37,107936.77,0,30410.46,0,0,161410.49,0,0,0,4203.16,4068.04,0,41057.42,45133.55,98.4,3863.2,27991.96,0,0,0,0
2006-08-02 14:00:00,0,4069.35,0,508.69,19585.78,10484.97,11889.5,0,0,3320.31,22653.01,381.37,0,23002.86,2463.52,6775.77,110714.17,0,30923.74,0,0,164379.22,0,0,0,4279.05,4135.91,0,42345.0,46697.93,102.1,3984.8,28959.85,0,0,0,0
2006-08-02 15:00:00,0,4210.32,0,522.94,19401.38,10776.82,12040.0,0,0,3398.65,23174.31,396.23,0,23354.67,2520.96,6918.46,112514.46,0,31247.1,0,0,165937.79,0,0,0,4353.89,4194.26,0,43034.03,47857.02,104.69,4093.02,29666.24,0,0,0,0
2006-08-02 16:00:00,0,4275.15,0,530.34,19161.35,10925.14,12087.95,0,0,3413.16,23348.39,407.5,0,23432.44,2541.27,6985.87,113257.21,0,31429.08,0,0,166832.15,0,0,0,4395.46,4234.79,0,43238.41,48501.06,106.02,4154.15,29841.22,0,0,0,0
2006-08-02 17:00:00,0,4273.06,0,528.1,18975.94,10870.15,11978.85,0,0,3366.66,23055.47,408.83,0,23392.23,2508.07,6964.44,112631.05,0,31231.74,0,0,166975.04,0,0,0,4408.17,4244.65,0,42740.65,48371.66,106.04,4143.36,29668.85,0,0,0,0
2006-08-02 18:00:00,0,4205.72,0,499.07,18645.31,10429.62,11669.34,0,0,3228.83,22178.7,391.02,0,23158.96,2418.53,6836.08,110350.73,0,30848.74,0,0,165549.61,0,0,0,4365.94,4217.01,0,41627.51,47328.76,103.54,4028.04,29160.14,0,0,0,0
2006-08-02 19:00:00,0,4244.26,0,454.6,18273.18,9638.08,10940.28,0,0,3137.51,20775.79,368.82,0,23187.51,2426.67,6322.53,107165.01,0,30512.07,0,0,151204.05,0,0,0,4242.22,4031.76,0,40025.06,46929.25,97.48,3789.27,28110.28,0,0,0,0
2006-08-02 20:00:00,0,4003.53,0,441.75,17694.83,9080.97,10278.27,0,0,2909.68,19596.09,353.29,0,21861.28,2227.27,6161.89,104836.27,0,29391.81,0,0,147833.0,0,0,0,4118.7,3878.2,0,38733.57,44996.27,96.74,3535.08,26774.02,0,0,0,0
2006-08-02 21:00:00,0,3672.71,0,420.76,16721.16,8515.21,9646.25,0,0,2698.04,18362.19,336.4,0,20689.17,2043.21,5797.18,100906.73,0,28132.64,0,0,140330.87,0,0,0,3909.6,3678.88,0,37426.33,42892.97,90.55,3265.79,25725.7,0,0,0,0
2006-08-02 22:00:00,0,3428.76,0,386.92,15559.82,7764.86,9046.46,0,0,2504.69,17117.4,312.59,0,19568.48,1888.68,5445.39,96560.51,0,26621.71,0,0,132529.55,0,0,0,3657.24,3470.47,0,34875.79,41112.79,84.85,3044.47,24062.61,0,0,0,0
2006-08-02 23:00:00,0,3121.71,0,354.69,14440.01,7052.57,8460.43,0,0,2332.74,15895.22,286.42,0,18452.78,1765.54,5128.19,91510.82,0,25196.81,0,0,125728.15,0,0,0,3423.0,3248.44,0,32413.25,38484.72,79.86,2834.05,22412.01,0,0,0,0
2006-08-03 00:00:00,0,2837.63,0,323.3,13341.88,6332.31,7883.34,0,0,2158.69,14691.74,260.0,0,17367.42,1626.35,4849.19,86480.38,0,23953.06,0,0,119394.06,0,0,0,3195.85,3033.75,0,30078.35,35932.81,75.95,2605.51,20845.82,0,0,0,0
2006-08-03 01:00:00,0,2562.46,0,294.68,12493.22,5698.48,7376.05,0,0,1986.36,13540.74,238.42,0,16636.77,1487.2,4578.32,81550.16,0,22685.35,0,0,113466.3,0,0,0,3019.18,2856.86,0,28388.22,33643.7,72.04,2398.23,19421.25,0,0,0,0
2006-08-03 02:00:00,0,2338.63,0,272.99,11894.8,5314.28,7026.55,0,0,1844.32,12672.83,219.08,0,16229.93,1380.24,4321.3,77099.47,0,21607.23,0,0,108244.72,0,0,0,2894.27,2726.94,0,26955.24,31723.64,67.58,2252.69,18202.12,0,0,0,0
2006-08-03 03:00:00,0,2191.57,0,262.56,11489.9,5155.6,6836.78,0,0,1787.78,12267.18,205.86,0,16060.32,1323.57,4098.65,73887.41,0,20866.82,0,0,105283.88,0,0,0,2811.78,2641.96,0,26038.26,30379.91,65.83,2185.76,17240.97,0,0,0,0
2006-08-03 04:00:00,0,2124.55,0,263.4,11455.6,5154.21,6853.04,0,0,1827.35,12291.95,202.46,0,15967.34,1319.08,4090.25,72628.11,0,20457.67,0,0,104665.17,0,0,0,2792.55,2593.53,0,25841.43,29696.2,65.3,2182.55,16806.72,0,0,0,0
2006-08-03 05:00:00,0,2107.08,0,269.43,11815.34,5296.7,7017.08,0,0,1876.39,12598.96,204.84,0,16152.42,1344.76,4172.8,73116.13,0,20528.24,0,0,105201.44,0,0,0,2816.77,2604.82,0,26090.09,29544.96,65.31,2230.83,16946.86,0,0,0,0
2006-08-03 06:00:00,0,2133.28,0,276.19,12487.75,5449.42,7320.21,0,0,1932.64,12990.91,207.87,0,17541.97,1388.99,4276.27,73971.92,0,22546.56,0,0,110666.53,0,0,0,2901.4,2660.56,0,26332.14,29708.82,65.8,2286.66,17190.47,0,0,0,0
2006-08-03 07:00:00,0,2232.09,0,308.92,13233.96,6024.24,7830.98,0,0,2135.18,14137.3,224.52,0,18479.35,1530.48,4752.76,77678.03,0,24202.28,0,0,116285.19,0,0,0,3117.17,2871.25,0,28011.27,30601.31,68.04,2559.45,18226.96,0,0,0,0
2006-08-03 08:00:00,0,2449.38,0,345.13,13927.76,6692.06,8395.36,0,0,2321.64,15612.86,252.44,0,19409.74,1656.47,5118.23,82853.68,0,25444.84,0,0,122489.25,0,0,0,3373.64,3126.06,0,29931.66,32589.03,73.22,2803.76,19715.2,0,0,0,0
2006-08-03 09:00:00,0,2636.87,0,378.09,14803.06,7370.56,9229.66,0,0,2512.19,17020.29,267.98,0,20183.86,1778.53,5393.66,87411.98,0,26497.14,0,0,130054.03,0,0,0,3580.74,3364.17,0,31628.89,34636.02,79.05,2994.19,21149.2,0,0,0,0
2006-08-03 10:00:00,0,2804.5,0,411.51,16051.54,8179.64,10030.49,0,0,2699.96,18672.06,285.55,0,20826.7,1947.32,5763.57,91246.91,0,27481.09,0,0,137636.87,0,0,0,3830.68,3661.42,0,34336.25,36502.52,84.66,3278.04,23137.73,0,0,0,0
2006-08-03 11:00:00,0,3011.59,0,442.42,17080.44,8932.83,10710.85,0,0,2926.99,19995.95,311.08,0,21225.42,2107.48,6098.67,95691.81,0,28361.65,0,0,143792.68,0,0,0,4087.3,3944.19,0,36954.45,38586.15,90.73,3509.39,25196.88,0,0,0,0
2006-08-03 12:00:00,0,3239.25,0,469.08,17799.3,9569.39,11223.2,0,0,3107.66,20858.87,333.77,0,21569.7,2241.25,6389.07,100359.95,0,29107.26,0,0,148792.49,0,0,0,4219.81,4089.12,0,39060.59,40767.5,97.31,3701.74,26787.59,0,0,0,0
2006-08-03 13:00:00,0,3450.81,0,491.83,18165.83,10066.59,11622.49,0,0,3204.16,21414.8,355.77,0,21955.51,2350.39,6636.6,103716.73,0,29785.37,0,0,151951.04,0,0,0,4242.9,4132.69,0,40727.24,42835.76,102.72,3859.1,28058.16,0,0,0,0
2006-08-03 14:00:00,0,3631.36,0,510.3,18396.0,10483.83,11903.96,0,0,3287.92,21857.49,374.86,0,22204.22,2438.91,6818.91,106062.17,0,30291.6,0,0,153608.58,0,0,0,4357.3,4233.82,0,42160.24,44635.76,106.55,3990.26,29037.57,0,0,0,0
2006-08-03 15:00:00,0,3764.96,0,523.81,18534.59,10793.01,12028.67,0,0,3343.77,22260.82,389.8,0,22166.63,2491.06,6924.05,107149.93,0,30547.2,0,0,154884.69,0,0,0,4491.78,4340.4,0,43069.62,46172.15,108.94,4063.8,29757.2,0,0,0,0
2006-08-03 16:00:00,0,3814.28,0,531.47,18590.35,10884.26,12029.42,0,0,3357.14,22364.93,396.32,0,21909.66,2510.41,6975.39,106939.53,0,30411.89,0,0,156169.0,0,0,0,4586.0,4420.3,0,43380.68,46992.11,110.5,4086.23,30165.74,0,0,0,0
2006-08-03 17:00:00,0,3813.72,0,528.9,18510.71,10733.04,11932.1,0,0,3300.4,22095.7,389.11,0,21521.33,2479.23,6910.64,104936.49,0,30197.82,0,0,156507.89,0,0,0,4579.63,4435.61,0,43033.39,47209.72,110.33,4018.55,30006.59,0,0,0,0
2006-08-03 18:00:00,0,3803.06,0,492.44,18358.84,10228.21,11724.22,0,0,3171.81,21486.0,373.68,0,21193.44,2386.06,6754.75,101970.6,0,29789.1,0,0,154885.18,0,0,0,4494.13,4350.31,0,42050.98,46638.83,108.16,3877.09,29478.59,0,0,0,0
2006-08-03 19:00:00,0,3767.04,0,453.6,18112.67,9550.99,11083.72,0,0,3136.62,20772.48,366.52,0,21051.05,2385.78,6344.76,100111.62,0,29696.7,0,0,144555.17,0,0,0,4343.78,4106.71,0,40308.9,46400.76,103.33,3670.19,28401.14,0,0,0,0
2006-08-03 20:00:00,0,3585.65,0,443.09,17524.63,9043.77,10413.46,0,0,2905.08,19499.25,349.99,0,19619.16,2192.46,6122.55,97331.17,0,28427.48,0,0,140821.71,0,0,0,4206.47,3931.36,0,38649.29,44640.12,97.38,3468.18,27021.16,0,0,0,0
2006-08-03 21:00:00,0,3306.53,0,422.7,16628.58,8439.0,9773.15,0,0,2703.24,18256.45,330.52,0,18279.03,2027.05,5734.71,92902.66,0,27025.76,0,0,133453.92,0,0,0,4010.08,3759.7,0,37181.41,42333.79,91.58,3210.38,25897.68,0,0,0,0
2006-08-03 22:00:00,0,3056.39,0,391.17,15508.33,7706.34,9159.13,0,0,2518.61,17001.5,300.01,0,17060.5,1837.22,5392.89,88261.54,0,25601.27,0,0,126435.75,0,0,0,3744.37,3545.5,0,34614.34,40418.02,86.04,2979.6,24240.47,0,0,0,0
2006-08-03 23:00:00,0,2734.75,0,359.92,14442.8,7009.07,8531.24,0,0,2330.1,15685.95,272.88,0,15933.26,1651.81,5052.55,83073.35,0,24256.14,0,0,119780.04,0,0,0,3476.37,3307.31,0,32229.43,37590.06,80.87,2772.16,22585.82,0,0,0,0
2006-08-04 00:00:00,0,2437.36,0,327.44,13400.3,6319.32,7933.78,0,0,2145.09,14423.44,247.17,0,14870.27,1481.26,4759.97,78226.61,0,22901.14,0,0,113802.7,0,0,0,3207.86,3056.88,0,30378.61,34832.92,75.94,2581.08,20999.82,0,0,0,0
2006-08-04 01:00:00,0,2165.52,0,296.63,12498.1,5716.94,7406.08,0,0,1974.67,13256.51,224.02,0,14294.86,1344.86,4456.34,73746.79,0,21564.76,0,0,108628.08,0,0,0,3002.21,2854.94,0,29051.88,32355.72,71.13,2397.05,19568.55,0,0,0,0
2006-08-04 02:00:00,0,1965.59,0,271.74,11875.23,5339.09,7000.83,0,0,1841.03,12408.22,203.93,0,13995.77,1260.38,4156.85,69994.79,0,20531.38,0,0,104183.27,0,0,0,2855.69,2695.31,0,27808.59,30373.83,66.41,2275.21,18347.9,0,0,0,0
2006-08-04 03:00:00,0,1863.82,0,260.28,11443.82,5165.13,6781.81,0,0,1773.91,11996.68,191.45,0,13869.05,1222.43,3932.09,67848.13,0,20182.37,0,0,101768.51,0,0,0,2780.76,2609.44,0,26687.51,29263.15,63.49,2201.63,17354.39,0,0,0,0
2006-08-04 04:00:00,0,1817.09,0,262.05,11425.97,5164.54,6797.19,0,0,1805.39,12019.91,192.34,0,13809.57,1248.37,3905.52,67306.81,0,19936.12,0,0,101342.77,0,0,0,2783.11,2583.34,0,26368.14,28456.6,62.83,2205.92,16833.96,0,0,0,0
2006-08-04 05:00:00,0,1826.24,0,268.61,11768.99,5303.61,6934.19,0,0,1845.69,12337.66,197.22,0,14002.38,1288.78,3950.86,67994.3,0,19992.34,0,0,101873.35,0,0,0,2824.06,2600.67,0,26465.09,28402.63,63.04,2260.92,16894.62,0,0,0,0
2006-08-04 06:00:00,0,1843.74,0,276.63,12454.98,5474.08,7233.25,0,0,1898.48,12717.93,203.19,0,14826.67,1336.88,4019.44,69321.41,0,21602.0,0,0,106652.26,0,0,0,2906.2,2654.41,0,26675.37,28526.18,63.94,2324.31,17072.54,0,0,0,0
2006-08-04 07:00:00,0,1974.05,0,314.97,13128.89,6024.44,7749.84,0,0,2096.03,13802.78,220.95,0,15578.51,1482.01,4362.18,73772.12,0,23265.38,0,0,111469.11,0,0,0,3049.4,2803.61,0,28280.48,29830.61,66.4,2575.72,18235.36,0,0,0,0
2006-08-04 08:00:00,0,2191.53,0,356.47,14150.23,6727.13,8463.72,0,0,2291.51,15224.46,252.57,0,16024.26,1628.83,4598.75,78280.63,0,24680.17,0,0,116673.74,0,0,0,3252.98,3022.98,0,29786.25,32144.57,70.72,2810.36,19570.97,0,0,0,0
2006-08-04 09:00:00,0,2477.46,0,392.51,15282.93,7456.14,9308.15,0,0,2481.6,16628.72,268.26,0,16508.93,1755.88,4726.4,83744.91,0,25898.52,0,0,123567.32,0,0,0,3502.85,3322.17,0,31556.28,35052.18,75.86,3048.83,20956.64,0,0,0,0
2006-08-04 10:00:00,0,2762.63,0,430.01,16539.99,8273.2,10032.71,0,0,2694.9,18375.65,290.02,0,17177.38,1948.42,4873.03,87897.27,0,26736.48,0,0,131251.26,0,0,0,3824.15,3667.23,0,34590.04,37737.94,80.75,3257.66,22785.17,0,0,0,0
2006-08-04 11:00:00,0,3005.97,0,463.48,17618.37,8842.3,10655.15,0,0,2885.0,19621.68,317.72,0,17890.42,2134.84,5200.03,92076.07,0,27269.48,0,0,136894.09,0,0,0,4084.35,3941.11,0,37470.1,40434.56,86.43,3314.09,24871.46,0,0,0,0
2006-08-04 12:00:00,0,3226.64,0,492.17,18264.73,9081.0,11108.96,0,0,2956.87,20144.85,342.29,0,18489.35,2298.56,5532.83,96210.9,0,27712.75,0,0,141118.1,0,0,0,4239.51,4093.75,0,39503.5,42627.72,91.49,3399.75,26445.96,0,0,0,0
2006-08-04 13:00:00,0,3423.79,0,517.46,18638.83,9352.39,11445.23,0,0,3016.79,20401.88,364.76,0,19026.71,2421.14,5785.33,99498.75,0,28137.53,0,0,144007.74,0,0,0,4377.77,4227.52,0,41077.42,44423.73,95.89,3479.34,27523.54,0,0,0,0
2006-08-04 14:00:00,0,3599.74,0,538.71,19027.87,9716.86,11712.88,0,0,3076.04,20838.25,381.52,0,19495.02,2508.78,5986.41,101703.5,0,28212.13,0,0,145897.01,0,0,0,4499.43,4351.76,0,42336.11,46014.55,99.43,3579.55,28230.89,0,0,0,0
2006-08-04 15:00:00,0,3749.16,0,554.59,19451.15,10031.43,11923.47,0,0,3149.07,21365.6,397.87,0,19879.44,2576.24,6127.85,103210.62,0,28297.34,0,0,146287.07,0,0,0,4571.19,4414.04,0,43058.66,47257.39,101.79,3653.41,28632.23,0,0,0,0
2006-08-04 16:00:00,0,3857.47,0,541.41,19722.02,10050.2,12058.14,0,0,3174.96,21492.77,404.44,0,20125.55,2602.08,6197.76,103607.9,0,28324.75,0,0,146027.21,0,0,0,4616.76,4435.18,0,43236.56,48160.81,102.87,3684.08,28500.21,0,0,0,0
2006-08-04 17:00:00,0,3879.7,0,496.02,19554.49,9890.97,11964.24,0,0,3123.97,21292.22,394.42,0,20191.15,2581.34,6160.94,101959.67,0,28173.22,0,0,143961.97,0,0,0,4558.04,4383.64,0,42500.52,48477.31,102.6,3681.96,27972.41,0,0,0,0
2006-08-04 18:00:00,0,3877.68,0,493.73,19185.01,9712.81,11853.47,0,0,3064.82,20980.8,377.47,0,19990.55,2495.12,6008.35,99967.12,0,27721.44,0,0,141908.15,0,0,0,4485.94,4315.15,0,41664.84,47943.07,100.79,3678.22,27528.08,0,0,0,0
2006-08-04 19:00:00,0,3867.12,0,440.78,17358.58,8796.39,10739.26,0,0,2915.22,19677.63,347.36,0,18978.18,2335.18,5372.51,94094.43,0,26023.62,0,0,126177.87,0,0,0,4167.89,4054.0,0,38982.6,45818.42,86.48,3369.69,25690.87,0,0,0,0
2006-08-04 20:00:00,0,3627.33,0,437.69,16792.0,8371.76,10058.8,0,0,2721.67,18400.92,338.66,0,17837.69,2137.6,5161.74,91489.73,0,24952.14,0,0,122923.74,0,0,0,4065.83,3946.55,0,37370.15,45072.15,84.6,3199.41,24536.12,0,0,0,0
2006-08-04 21:00:00,0,3264.82,0,412.43,15915.74,7856.65,9414.08,0,0,2540.0,17208.4,322.87,0,16780.59,1979.13,4797.57,87523.14,0,23754.61,0,0,115483.39,0,0,0,3895.87,3792.75,0,35721.54,42204.42,79.18,3017.1,23710.79,0,0,0,0
2006-08-04 22:00:00,0,3054.47,0,382.66,14603.64,7201.75,8778.35,0,0,2368.08,16047.53,294.65,0,15798.8,1851.59,4491.31,83563.38,0,22297.1,0,0,108475.16,0,0,0,3616.8,3570.48,0,33232.12,39758.21,74.56,2841.76,22258.09,0,0,0,0
2006-08-04 23:00:00,0,2753.77,0,353.75,13403.38,6571.11,8210.68,0,0,2200.86,14902.9,270.91,0,14873.3,1715.2,4223.37,78578.58,0,20666.49,0,0,101944.53,0,0,0,3373.34,3356.28,0,31054.12,37454.65,70.36,2664.27,20617.72,0,0,0,0
2006-08-05 00:00:00,0,2488.39,0,325.55,12358.68,5969.73,7672.86,0,0,2036.29,13811.01,248.05,0,13950.08,1589.03,3969.41,73955.08,0,19246.57,0,0,95732.33,0,0,0,3138.64,3138.14,0,29021.05,35499.26,65.79,2475.16,19036.25,0,0,0,0
2006-08-05 01:00:00,0,2259.96,0,292.46,11470.25,5467.04,7175.35,0,0,1893.8,12785.33,226.13,0,13272.74,1469.54,3698.11,70160.78,0,18027.44,0,0,90573.29,0,0,0,2934.53,2930.73,0,27505.13,33785.71,61.09,2303.09,17557.95,0,0,0,0
2006-08-05 02:00:00,0,2071.98,0,271.35,10814.56,5109.16,6712.68,0,0,1787.27,12109.51,208.03,0,13061.25,1378.93,3443.64,66769.05,0,17099.14,0,0,86290.94,0,0,0,2767.64,2742.84,0,26277.77,32238.74,57.74,2166.28,16284.16,0,0,0,0
2006-08-05 03:00:00,0,1951.28,0,261.86,10416.37,4878.62,6441.17,0,0,1716.28,11721.41,197.11,0,12886.66,1302.62,3264.51,64416.39,0,16386.77,0,0,83055.25,0,0,0,2644.16,2604.74,0,25503.61,30905.21,54.88,2064.67,15299.24,0,0,0,0
2006-08-05 04:00:00,0,1871.8,0,258.52,10306.01,4713.76,6302.08,0,0,1691.67,11469.06,192.55,0,12661.83,1271.57,3147.47,63028.7,0,15817.81,0,0,81125.07,0,0,0,2583.84,2565.7,0,24910.69,29917.42,53.25,2021.3,14661.64,0,0,0,0
2006-08-05 05:00:00,0,1830.33,0,259.63,10284.8,4732.39,6224.4,0,0,1688.28,11486.25,192.56,0,12353.49,1277.5,3101.89,62218.14,0,15573.33,0,0,80094.5,0,0,0,2555.28,2564.11,0,24652.54,29153.72,52.41,2020.55,14287.89,0,0,0,0
2006-08-05 06:00:00,0,1813.79,0,261.78,10424.51,4862.44,6287.17,0,0,1697.95,11559.47,193.38,0,12689.18,1301.39,3105.8,62214.35,0,15965.83,0,0,81156.66,0,0,0,2578.55,2590.86,0,24605.97,28695.24,52.23,2052.1,14283.37,0,0,0,0
2006-08-05 07:00:00,0,1883.97,0,272.13,11016.91,5344.06,6674.76,0,0,1824.13,12421.16,207.75,0,13016.23,1392.83,3351.33,63884.32,0,16903.01,0,0,84795.74,0,0,0,2704.91,2741.11,0,25170.35,28515.55,53.07,2216.83,14999.73,0,0,0,0
2006-08-05 08:00:00,0,2127.85,0,300.77,11477.58,6142.88,7067.38,0,0,2039.76,14251.94,227.26,0,13320.29,1525.06,3689.1,67117.38,0,17832.74,0,0,90725.51,0,0,0,2919.93,2984.36,0,26605.71,30343.66,56.71,2475.71,16563.17,0,0,0,0
2006-08-05 09:00:00,0,2482.73,0,339.92,12114.32,6973.64,7537.39,0,0,2261.8,16077.59,255.1,0,13719.37,1737.3,3989.94,72154.34,0,18704.3,0,0,95684.4,0,0,0,3247.35,3355.74,0,28964.97,33170.51,61.41,2791.91,17947.11,0,0,0,0
2006-08-05 10:00:00,0,2837.87,0,385.77,12799.89,7928.29,8161.1,0,0,2497.7,17865.17,285.96,0,14187.06,1942.51,4264.39,76759.24,0,19545.73,0,0,102279.83,0,0,0,3536.25,3659.03,0,32056.25,36044.74,66.91,3075.03,20131.33,0,0,0,0
2006-08-05 11:00:00,0,3178.29,0,421.36,13614.1,8671.69,8698.67,0,0,2704.75,19432.25,314.06,0,14516.17,2106.46,4546.85,81921.58,0,20169.04,0,0,107460.03,0,0,0,3730.52,3856.85,0,34309.81,38869.17,73.02,3321.48,21908.56,0,0,0,0
2006-08-05 12:00:00,0,3471.09,0,450.03,14283.95,9194.68,9113.42,0,0,2855.61,20506.11,335.93,0,14780.72,2219.6,4854.6,85794.16,0,20697.65,0,0,111946.57,0,0,0,3837.35,3944.01,0,35746.25,41349.13,78.83,3504.87,23185.99,0,0,0,0
2006-08-05 13:00:00,0,3684.93,0,468.43,14858.68,9561.04,9455.3,0,0,2960.06,21163.85,351.64,0,15044.27,2280.68,5132.76,88674.24,0,21215.6,0,0,116063.97,0,0,0,3936.63,4009.57,0,36661.58,43428.69,83.38,3618.31,24176.58,0,0,0,0
2006-08-05 14:00:00,0,3870.11,0,482.25,15326.92,9917.14,9698.79,0,0,3054.09,21625.33,368.73,0,15260.41,2341.2,5356.23,91043.32,0,21686.71,0,0,119612.64,0,0,0,4038.12,4069.96,0,37405.82,45234.22,86.88,3719.14,25054.9,0,0,0,0
2006-08-05 15:00:00,0,4009.35,0,487.04,15527.25,10174.02,9849.09,0,0,3132.21,21910.01,380.86,0,15507.15,2373.9,5515.5,92579.72,0,22108.9,0,0,122381.16,0,0,0,4078.52,4065.37,0,38211.67,46711.47,89.71,3785.1,25646.55,0,0,0,0
2006-08-05 16:00:00,0,4110.4,0,489.93,15521.37,10230.35,9869.63,0,0,3135.93,21890.05,382.23,0,15807.42,2374.87,5616.3,93233.89,0,22306.43,0,0,123978.63,0,0,0,4090.0,4042.57,0,38859.12,47991.67,91.08,3771.51,26051.45,0,0,0,0
2006-08-05 17:00:00,0,4156.33,0,485.01,15380.57,10000.29,9918.34,0,0,3080.19,21537.83,365.67,0,16002.72,2342.97,5660.19,93405.95,0,22540.33,0,0,124360.49,0,0,0,4080.51,4017.2,0,38724.57,48249.11,92.16,3700.68,26205.14,0,0,0,0
2006-08-05 18:00:00,0,4116.62,0,476.35,15128.35,9611.55,9888.68,0,0,2945.85,20771.62,350.57,0,16128.53,2237.7,5567.14,92550.53,0,22501.9,0,0,124119.07,0,0,0,3994.91,3962.09,0,37742.32,47497.64,90.76,3603.16,25650.07,0,0,0,0
2006-08-05 19:00:00,0,4115.46,0,459.94,15878.3,9022.31,9839.55,0,0,2941.59,19912.44,334.26,0,17184.89,2210.69,5466.23,95265.11,0,23821.87,0,0,122509.12,0,0,0,3934.09,3870.29,0,36672.61,48019.27,89.34,3510.53,25391.32,0,0,0,0
2006-08-05 20:00:00,0,3866.66,0,440.9,15508.21,8532.96,9288.75,0,0,2744.67,18565.0,328.6,0,15929.0,2012.26,5197.03,92320.54,0,22537.04,0,0,116448.52,0,0,0,3852.16,3776.16,0,35797.12,47113.17,85.63,3275.57,24262.47,0,0,0,0
2006-08-05 21:00:00,0,3531.05,0,410.62,14782.51,8031.51,8730.79,0,0,2559.28,17354.89,316.72,0,14779.29,1851.89,4804.28,88327.91,0,21423.51,0,0,109270.66,0,0,0,3743.87,3644.12,0,34445.58,44176.09,80.21,3085.63,23575.98,0,0,0,0
2006-08-05 22:00:00,0,3346.53,0,377.78,13742.76,7353.76,8184.24,0,0,2399.28,16272.22,296.59,0,13671.12,1700.88,4490.77,84364.15,0,20235.38,0,0,103120.83,0,0,0,3492.39,3468.17,0,32383.73,41607.35,75.35,2900.94,22270.43,0,0,0,0
2006-08-05 23:00:00,0,3070.04,0,347.84,12724.93,6707.01,7643.35,0,0,2249.55,15207.11,274.72,0,12645.63,1565.19,4227.86,79608.05,0,18928.43,0,0,97384.45,0,0,0,3259.47,3275.56,0,30557.52,39066.09,71.03,2715.27,20774.08,0,0,0,0
2006-08-06 00:00:00,0,2822.92,0,320.32,11763.28,6116.45,7113.65,0,0,2091.69,14136.23,253.86,0,11750.26,1429.93,3963.83,75178.64,0,17708.93,0,0,91923.44,0,0,0,3048.76,3081.64,0,28785.93,37038.36,67.0,2534.77,19353.5,0,0,0,0
2006-08-06 01:00:00,0,2581.98,0,295.59,10894.56,5595.91,6572.52,0,0,1945.41,13130.78,232.73,0,11173.8,1327.73,3729.14,71115.16,0,16685.38,0,0,87482.07,0,0,0,2879.84,2901.97,0,27418.6,34922.15,63.18,2365.79,17957.29,0,0,0,0
2006-08-06 02:00:00,0,2384.52,0,273.74,10252.17,5230.85,6094.83,0,0,1835.45,12397.98,214.48,0,10967.79,1245.04,3516.74,67800.36,0,15929.15,0,0,84189.74,0,0,0,2729.09,2730.29,0,26445.86,33018.9,59.96,2235.08,16846.47,0,0,0,0
2006-08-06 03:00:00,0,2245.11,0,258.17,9846.74,4997.93,5867.22,0,0,1760.74,11941.7,202.73,0,10788.01,1189.6,3389.7,65626.21,0,15315.77,0,0,81707.94,0,0,0,2637.25,2610.99,0,25747.68,31510.09,56.91,2139.55,16094.29,0,0,0,0
2006-08-06 04:00:00,0,2129.21,0,254.67,9696.03,4843.91,5732.89,0,0,1727.22,11681.23,195.05,0,10631.43,1169.07,3313.38,64305.68,0,14833.16,0,0,80516.49,0,0,0,2611.33,2572.95,0,25190.33,30350.54,55.05,2093.38,15429.67,0,0,0,0
2006-08-06 05:00:00,0,2037.15,0,252.79,9715.94,4832.85,5702.04,0,0,1724.57,11702.32,193.93,0,10504.36,1168.39,3290.17,63531.36,0,14553.17,0,0,80156.61,0,0,0,2592.34,2583.44,0,24990.6,29350.87,54.36,2083.79,15121.52,0,0,0,0
2006-08-06 06:00:00,0,2009.19,0,257.71,9926.37,4958.4,5855.86,0,0,1749.3,11863.88,194.37,0,10712.8,1205.09,3323.07,63736.19,0,14864.89,0,0,81885.67,0,0,0,2614.69,2608.03,0,25055.96,28857.47,53.82,2109.81,15147.41,0,0,0,0
2006-08-06 07:00:00,0,2094.19,0,273.36,10509.42,5503.73,6256.53,0,0,1902.99,13044.88,202.42,0,11357.65,1312.95,3571.0,65142.35,0,15726.55,0,0,86111.6,0,0,0,2698.36,2693.65,0,25276.58,28923.65,54.16,2276.38,15726.72,0,0,0,0
2006-08-06 08:00:00,0,2419.75,0,310.98,11083.63,6414.76,6685.1,0,0,2160.31,14952.62,220.11,0,12065.48,1497.81,3941.08,68713.06,0,16751.68,0,0,92440.33,0,0,0,2832.57,2848.19,0,26073.41,30935.09,57.84,2518.89,16886.08,0,0,0,0
2006-08-06 09:00:00,0,2821.13,0,349.19,11654.22,7214.48,7431.27,0,0,2377.33,16746.95,244.34,0,12829.13,1713.61,4405.54,73049.84,0,17727.38,0,0,98897.34,0,0,0,3037.3,3097.81,0,27428.17,34415.1,63.84,2805.85,18215.26,0,0,0,0
2006-08-06 10:00:00,0,3201.23,0,386.28,12631.31,8119.82,8118.86,0,0,2614.5,18584.77,273.96,0,13354.64,1902.64,4952.75,77369.69,0,18513.32,0,0,107629.8,0,0,0,3281.37,3363.02,0,30112.96,37786.89,70.39,3093.78,20154.38,0,0,0,0
2006-08-06 11:00:00,0,3572.3,0,420.23,13575.76,8847.19,8627.96,0,0,2806.17,19998.45,302.4,0,13659.72,2051.34,5343.24,82216.58,0,19298.8,0,0,114885.2,0,0,0,3505.53,3562.39,0,32746.88,40714.67,76.85,3361.27,22090.27,0,0,0,0
2006-08-06 12:00:00,0,3888.52,0,450.9,14468.64,9442.43,9071.41,0,0,2952.08,20971.71,325.17,0,13933.95,2151.46,5600.24,86439.29,0,20029.67,0,0,120058.62,0,0,0,3713.55,3736.2,0,35356.68,42999.51,82.71,3582.1,23513.85,0,0,0,0
2006-08-06 13:00:00,0,4117.01,0,475.62,15226.33,9891.22,9479.68,0,0,3063.69,21683.61,345.18,0,14215.78,2209.96,5772.3,89712.69,0,20626.98,0,0,123706.2,0,0,0,3872.45,3857.01,0,37436.34,44613.25,87.07,3742.06,24680.38,0,0,0,0
2006-08-06 14:00:00,0,4291.04,0,494.11,15768.62,10212.21,9820.87,0,0,3142.3,22132.37,364.68,0,14650.65,2248.49,5907.25,92384.47,0,21200.31,0,0,126395.55,0,0,0,3971.37,3950.1,0,39259.44,46015.34,90.43,3878.0,25701.4,0,0,0,0
2006-08-06 15:00:00,0,4413.34,0,506.55,16151.23,10456.25,10084.93,0,0,3188.59,22273.79,382.79,0,15036.32,2277.89,6004.92,94497.91,0,21570.83,0,0,129081.37,0,0,0,4010.53,3991.58,0,40455.13,47325.19,93.04,3923.99,26491.34,0,0,0,0
2006-08-06 16:00:00,0,4483.32,0,508.26,16293.62,10490.81,10253.97,0,0,3181.76,22129.8,395.28,0,15439.57,2289.9,6081.6,95903.96,0,21665.36,0,0,130742.43,0,0,0,3988.68,3983.75,0,41188.71,48193.39,94.27,3913.58,26952.68,0,0,0,0
2006-08-06 17:00:00,0,4462.71,0,496.92,16301.12,10239.38,10358.09,0,0,3114.67,21647.31,392.87,0,15785.92,2279.9,6131.06,96665.51,0,21675.85,0,0,130966.97,0,0,0,3981.8,3980.5,0,41046.72,48052.73,94.38,3820.53,27093.7,0,0,0,0
2006-08-06 18:00:00,0,4359.51,0,477.47,15955.89,9672.5,10241.59,0,0,2991.09,20790.62,375.25,0,16120.08,2214.19,6053.35,95754.2,0,21468.47,0,0,129693.87,0,0,0,3965.34,3962.66,0,40144.74,46897.07,92.01,3596.24,26436.54,0,0,0,0
2006-08-06 19:00:00,0,4368.37,0,471.62,17288.07,9323.02,10324.42,0,0,3058.09,20280.34,369.04,0,18377.65,2207.09,6194.38,102557.74,0,24750.41,0,0,134763.61,0,0,0,3962.45,3755.88,0,39864.61,49478.78,99.25,3482.53,27225.5,0,0,0,0
2006-08-06 20:00:00,0,4134.43,0,447.76,16618.47,8852.59,9584.8,0,0,2888.47,19233.06,355.97,0,17109.58,2071.22,5949.32,99173.74,0,23795.14,0,0,130096.64,0,0,0,3836.23,3590.79,0,38240.72,47816.24,95.8,3267.24,26012.92,0,0,0,0
2006-08-06 21:00:00,0,3876.55,0,426.41,15741.86,8255.08,8921.82,0,0,2707.13,18155.19,335.34,0,15974.35,1902.79,5589.44,94868.66,0,22995.96,0,0,123267.23,0,0,0,3644.6,3406.96,0,36824.14,45933.38,90.36,3067.67,25124.79,0,0,0,0
2006-08-06 22:00:00,0,3693.35,0,398.18,14582.1,7527.95,8303.7,0,0,2505.96,16952.32,307.1,0,15034.05,1750.98,5261.74,90081.02,0,21959.34,0,0,117352.47,0,0,0,3411.58,3203.39,0,34311.62,44309.84,85.34,2876.1,23506.73,0,0,0,0
2006-08-06 23:00:00,0,3372.98,0,367.42,13521.17,6850.57,7725.07,0,0,2318.84,15761.11,283.4,0,14161.17,1610.06,4963.3,84532.47,0,20837.75,0,0,111782.21,0,0,0,3192.32,2992.46,0,31841.99,41695.02,80.48,2686.21,21910.88,0,0,0,0
2006-08-07 00:00:00,0,3094.14,0,334.02,12488.2,6205.19,7157.19,0,0,2143.37,14602.11,260.04,0,13346.2,1476.81,4667.16,79446.35,0,19660.42,0,0,106360.63,0,0,0,2981.74,2795.64,0,29416.0,39028.79,76.59,2499.62,20355.56,0,0,0,0
2006-08-07 01:00:00,0,2839.32,0,304.9,11640.19,5669.2,6643.38,0,0,1987.4,13546.97,237.79,0,12827.2,1365.97,4381.11,74712.18,0,18459.88,0,0,101543.44,0,0,0,2819.89,2633.99,0,27663.52,36681.73,72.73,2330.1,18942.85,0,0,0,0
2006-08-07 02:00:00,0,2590.85,0,280.78,11149.66,5348.12,6272.35,0,0,1864.75,12770.67,220.16,0,12591.52,1284.12,4129.18,70842.98,0,17592.74,0,0,97709.77,0,0,0,2710.88,2509.54,0,26446.75,34437.01,68.76,2222.35,17797.91,0,0,0,0
2006-08-07 03:00:00,0,2396.3,0,276.12,10832.1,5216.2,6173.68,0,0,1805.87,12420.37,209.9,0,12580.6,1267.64,3930.56,68630.03,0,17304.83,0,0,95754.24,0,0,0,2654.09,2452.24,0,25497.59,33075.95,66.97,2165.23,16866.27,0,0,0,0
2006-08-07 04:00:00,0,2300.27,0,281.18,10911.66,5211.57,6253.18,0,0,1836.3,12415.28,210.97,0,12681.02,1302.67,3898.57,68304.7,0,17464.68,0,0,96028.03,0,0,0,2661.11,2451.52,0,25291.21,31864.54,65.83,2185.42,16585.99,0,0,0,0
2006-08-07 05:00:00,0,2236.15,0,289.85,11307.34,5380.38,6409.29,0,0,1890.27,12769.92,215.01,0,13145.4,1353.7,3943.45,69063.25,0,18004.54,0,0,97276.0,0,0,0,2705.9,2479.59,0,25570.31,31445.16,65.42,2244.11,16723.15,0,0,0,0
2006-08-07 06:00:00,0,2215.02,0,296.31,11959.49,5550.45,6699.68,0,0,1954.79,13199.68,218.1,0,14774.93,1409.6,4012.75,70342.39,0,19911.19,0,0,101432.72,0,0,0,2764.42,2518.3,0,25938.66,31511.31,66.01,2312.5,16919.04,0,0,0,0
2006-08-07 07:00:00,0,2311.58,0,334.75,12648.81,6067.05,7179.15,0,0,2159.32,14404.93,236.87,0,15749.43,1540.15,4427.6,74835.7,0,21107.47,0,0,106951.78,0,0,0,2898.4,2637.66,0,27290.47,32490.26,67.67,2508.84,18111.71,0,0,0,0
2006-08-07 08:00:00,0,2600.77,0,370.13,13332.59,6735.29,7621.01,0,0,2398.86,15992.38,257.94,0,16466.3,1680.33,4806.36,79923.35,0,21854.12,0,0,112203.15,0,0,0,3125.49,2862.83,0,29153.1,34573.0,73.04,2711.53,19798.96,0,0,0,0
2006-08-07 09:00:00,0,2900.28,0,405.53,14349.81,7432.65,8357.24,0,0,2589.92,17466.97,273.22,0,17210.8,1850.29,5261.21,84718.94,0,22778.95,0,0,117881.97,0,0,0,3359.03,3124.24,0,31836.85,37022.39,79.52,2952.13,21434.59,0,0,0,0
2006-08-07 10:00:00,0,3154.98,0,439.93,15741.07,8203.93,9187.64,0,0,2778.08,18834.44,299.2,0,17960.07,2002.87,5716.74,88566.17,0,23598.76,0,0,123544.47,0,0,0,3654.78,3428.07,0,34888.84,39141.45,85.63,3253.13,23304.61,0,0,0,0
2006-08-07 11:00:00,0,3394.92,0,474.48,16843.56,8967.68,9865.87,0,0,2944.04,19938.69,324.39,0,18327.49,2117.65,6041.71,92745.08,0,24264.78,0,0,131022.0,0,0,0,3923.1,3711.02,0,37444.88,41445.42,92.58,3541.59,25301.05,0,0,0,0
2006-08-07 12:00:00,0,3615.87,0,504.52,17492.41,9516.38,10331.96,0,0,3056.22,20889.57,346.02,0,18792.6,2185.96,6280.83,97212.81,0,25447.11,0,0,136872.14,0,0,0,4144.82,3944.05,0,39520.65,43612.77,98.56,3730.39,26857.99,0,0,0,0
2006-08-07 13:00:00,0,3796.16,0,526.2,17986.73,9926.27,10574.5,0,0,3141.05,21604.2,362.51,0,19277.56,2240.89,6459.19,100844.54,0,25815.88,0,0,141515.37,0,0,0,4325.28,4129.27,0,41241.85,45445.76,103.29,3852.74,28044.3,0,0,0,0
2006-08-07 14:00:00,0,3935.35,0,544.73,18381.56,10122.33,10818.02,0,0,3211.78,21857.23,371.84,0,19768.66,2320.48,6618.72,103446.94,0,26372.51,0,0,145137.65,0,0,0,4454.86,4250.45,0,42687.14,46937.32,106.9,3885.88,28951.19,0,0,0,0
2006-08-07 15:00:00,0,4055.69,0,558.54,18519.03,10186.19,10940.22,0,0,3237.38,22170.41,378.91,0,20217.81,2384.15,6730.7,104742.71,0,27085.0,0,0,147279.14,0,0,0,4534.32,4308.36,0,43697.6,48062.38,109.25,3850.2,29553.38,0,0,0,0
2006-08-07 16:00:00,0,4102.87,0,567.89,18540.8,10207.18,10971.7,0,0,3264.36,22380.23,388.87,0,20469.43,2421.56,6780.32,104936.03,0,27492.82,0,0,148085.21,0,0,0,4563.91,4320.28,0,44203.28,48696.69,110.75,3828.08,29884.0,0,0,0,0
2006-08-07 17:00:00,0,4104.89,0,568.26,18423.14,10127.26,10918.11,0,0,3234.41,22048.39,391.69,0,20686.04,2406.5,6786.85,103525.13,0,27639.25,0,0,148289.63,0,0,0,4508.37,4276.04,0,44108.09,48894.95,111.12,3780.85,30004.64,0,0,0,0
2006-08-07 18:00:00,0,4022.26,0,548.49,18011.98,9884.38,10840.56,0,0,3115.15,21152.78,381.19,0,20460.09,2330.74,6685.67,100597.73,0,27362.57,0,0,146813.43,0,0,0,4336.94,4156.99,0,43253.63,48196.44,109.27,3756.51,29702.6,0,0,0,0
2006-08-07 19:00:00,0,4017.63,0,497.72,17790.49,9338.52,10546.12,0,0,3023.25,19814.88,363.57,0,20495.38,2207.19,6229.83,98465.38,0,27102.35,0,0,137571.36,0,0,0,4190.27,3974.1,0,41196.13,48268.48,104.02,3546.23,28289.36,0,0,0,0
2006-08-07 20:00:00,0,3775.09,0,471.63,17203.62,8852.38,9930.28,0,0,2841.33,18841.92,350.24,0,19330.44,2061.09,6009.28,95061.21,0,25730.91,0,0,133309.17,0,0,0,4039.6,3798.24,0,39388.88,46606.55,101.13,3366.49,26873.96,0,0,0,0
2006-08-07 21:00:00,0,3518.8,0,444.17,16347.79,8227.46,9333.69,0,0,2656.33,17796.05,327.43,0,18392.14,1905.46,5622.08,90551.36,0,24591.97,0,0,126143.81,0,0,0,3837.98,3616.62,0,37924.67,44556.54,95.94,3151.26,25896.83,0,0,0,0
2006-08-07 22:00:00,0,3368.73,0,405.95,15218.48,7521.98,8742.74,0,0,2474.26,16741.88,301.58,0,17501.25,1757.63,5323.36,86180.48,0,23191.55,0,0,119555.31,0,0,0,3595.08,3408.77,0,35150.63,42842.95,90.7,2938.23,24301.79,0,0,0,0
2006-08-07 23:00:00,0,3085.68,0,369.95,14135.95,6830.13,8167.07,0,0,2296.04,15613.26,276.68,0,16559.55,1618.74,5032.67,81030.9,0,21816.99,0,0,113482.36,0,0,0,3357.36,3191.97,0,32638.78,40273.17,83.82,2726.76,22653.81,0,0,0,0
2006-08-08 00:00:00,0,2851.89,0,336.97,13052.94,6162.6,7584.08,0,0,2124.56,14478.85,251.77,0,15548.01,1486.99,4731.24,76414.78,0,20419.92,0,0,107421.02,0,0,0,3129.41,2979.32,0,30297.24,38184.79,78.48,2523.69,21120.68,0,0,0,0
2006-08-08 01:00:00,0,2591.38,0,310.63,12094.58,5606.61,7034.41,0,0,1968.48,13425.35,227.3,0,14826.99,1361.48,4448.77,72016.12,0,19034.9,0,0,101703.37,0,0,0,2950.83,2802.5,0,28593.73,35817.45,73.91,2335.16,19715.45,0,0,0,0
2006-08-08 02:00:00,0,2331.34,0,289.68,11503.67,5288.43,6605.72,0,0,1848.25,12694.13,209.96,0,14371.56,1278.96,4159.96,68308.58,0,17953.42,0,0,97148.69,0,0,0,2842.4,2674.51,0,27233.41,33737.24,69.75,2202.81,18499.14,0,0,0,0
2006-08-08 03:00:00,0,2154.58,0,283.94,11079.58,5174.39,6451.39,0,0,1797.67,12367.92,200.8,0,14027.82,1260.18,3960.85,66025.86,0,17185.13,0,0,94326.87,0,0,0,2773.79,2608.82,0,26233.24,32139.9,66.42,2145.14,17572.46,0,0,0,0
2006-08-08 04:00:00,0,2047.37,0,287.56,11125.87,5189.43,6508.43,0,0,1834.82,12374.57,204.33,0,13773.43,1306.6,3938.23,65415.51,0,16863.1,0,0,93200.92,0,0,0,2761.8,2562.24,0,25930.44,30936.5,65.23,2168.45,16946.44,0,0,0,0
2006-08-08 05:00:00,0,2038.42,0,295.37,11507.68,5352.75,6650.76,0,0,1890.32,12732.48,209.84,0,13785.52,1351.53,3970.13,66264.47,0,16830.47,0,0,93438.82,0,0,0,2784.41,2571.13,0,26106.01,30658.64,65.13,2230.24,17082.34,0,0,0,0
2006-08-08 06:00:00,0,2055.28,0,303.42,12213.67,5524.43,6949.08,0,0,1955.1,13173.98,216.02,0,14871.58,1403.52,4032.07,67579.39,0,18555.26,0,0,97886.23,0,0,0,2855.87,2612.98,0,26374.41,30656.08,65.88,2298.9,17206.14,0,0,0,0
2006-08-08 07:00:00,0,2145.04,0,343.83,12875.11,6021.36,7420.11,0,0,2146.22,14357.7,232.78,0,15288.3,1518.95,4344.99,71876.73,0,19306.34,0,0,101351.15,0,0,0,3032.32,2783.99,0,27953.54,31275.2,67.92,2476.86,18158.43,0,0,0,0
2006-08-08 08:00:00,0,2414.71,0,381.99,13722.7,6689.61,7919.28,0,0,2376.78,15951.09,252.27,0,15735.55,1648.46,4586.34,75941.14,0,20092.47,0,0,104598.13,0,0,0,3221.57,2982.51,0,29950.15,33634.41,74.12,2683.96,19867.23,0,0,0,0
2006-08-08 09:00:00,0,2670.78,0,412.04,14852.23,7346.27,8641.41,0,0,2553.94,17315.4,265.47,0,16435.76,1776.12,4788.36,80001.71,0,20916.62,0,0,107945.77,0,0,0,3461.14,3256.16,0,32880.53,35920.72,80.1,2914.47,21514.83,0,0,0,0
2006-08-08 10:00:00,0,2876.85,0,442.87,16193.25,8149.38,9525.3,0,0,2751.98,18801.63,289.74,0,16965.19,1943.5,4904.17,83974.1,0,21679.69,0,0,113029.46,0,0,0,3815.45,3623.64,0,36501.12,37848.71,85.78,3201.3,23886.81,0,0,0,0
2006-08-08 11:00:00,0,3094.74,0,476.93,17232.9,8958.89,10248.54,0,0,2947.24,20095.45,315.32,0,17228.22,2085.12,5002.65,87746.96,0,22389.14,0,0,119171.42,0,0,0,4096.58,3919.81,0,39041.63,40143.97,92.6,3471.79,25714.85,0,0,0,0
2006-08-08 12:00:00,0,3320.73,0,510.42,17857.2,9618.15,10709.53,0,0,3102.04,21077.69,338.53,0,17403.89,2206.8,5076.49,91944.55,0,23018.56,0,0,123926.23,0,0,0,4210.92,4035.26,0,40852.42,42399.87,98.69,3709.75,27076.37,0,0,0,0
2006-08-08 13:00:00,0,3516.27,0,527.58,18305.59,10078.32,11022.28,0,0,3223.2,21782.81,360.25,0,17599.45,2313.18,5164.58,95590.34,0,23468.27,0,0,126919.66,0,0,0,4255.36,4083.72,0,42276.81,44378.2,103.26,3911.75,28041.98,0,0,0,0
2006-08-08 14:00:00,0,3692.82,0,532.6,18606.11,10401.17,11262.23,0,0,3305.8,22300.09,380.08,0,17748.06,2391.66,5321.69,98487.57,0,23704.0,0,0,129231.89,0,0,0,4283.85,4113.53,0,43491.42,45978.76,106.74,4022.89,28809.8,0,0,0,0
2006-08-08 15:00:00,0,3837.82,0,543.79,18728.87,10671.14,11375.99,0,0,3353.47,22651.26,396.64,0,17747.11,2444.57,5378.45,100242.02,0,23674.45,0,0,130493.09,0,0,0,4352.51,4177.03,0,44190.35,47296.19,108.66,4098.31,29299.14,0,0,0,0
2006-08-08 16:00:00,0,3930.71,0,530.85,18529.3,10736.42,11355.4,0,0,3337.55,22717.36,408.87,0,17792.41,2457.94,5458.79,100894.47,0,23496.99,0,0,130685.76,0,0,0,4393.4,4224.97,0,44348.56,48089.77,109.65,4133.64,29212.52,0,0,0,0
2006-08-08 17:00:00,0,3965.35,0,518.95,18166.25,10589.24,11232.64,0,0,3253.79,22333.54,412.66,0,17765.63,2422.04,5579.03,99761.08,0,23133.26,0,0,129265.47,0,0,0,4367.34,4197.35,0,43930.43,48483.58,108.79,4085.79,28732.59,0,0,0,0
2006-08-08 18:00:00,0,3972.47,0,507.83,17621.5,10124.0,11085.29,0,0,3131.99,21528.7,408.62,0,17514.63,2312.89,5653.26,97512.57,0,22618.66,0,0,126656.05,0,0,0,4316.29,4153.76,0,42994.17,47992.32,106.66,3915.07,28057.84,0,0,0,0
2006-08-08 19:00:00,0,3981.46,0,477.08,17515.79,9415.02,10713.73,0,0,3078.97,20387.78,388.28,0,18014.98,2248.57,5511.14,96495.6,0,23903.71,0,0,122375.14,0,0,0,4190.79,3983.72,0,41164.48,47893.09,101.29,3572.6,27100.75,0,0,0,0
2006-08-08 20:00:00,0,3773.73,0,456.43,16923.48,8872.99,10063.67,0,0,2858.73,19084.85,342.55,0,16601.31,2105.98,5285.78,92853.08,0,22621.29,0,0,115896.64,0,0,0,4084.9,3845.3,0,39083.83,46556.61,99.54,3320.57,25928.47,0,0,0,0
2006-08-08 21:00:00,0,3507.37,0,427.01,16072.51,8250.56,9440.62,0,0,2662.24,17934.42,315.29,0,15351.71,1963.01,4987.67,88384.91,0,21292.69,0,0,108180.77,0,0,0,3899.69,3673.71,0,37520.29,44365.63,94.03,3116.2,24993.96,0,0,0,0
2006-08-08 22:00:00,0,3333.35,0,394.71,14990.79,7505.64,8843.14,0,0,2468.86,16796.91,291.37,0,14168.51,1809.43,4715.43,83797.4,0,19764.0,0,0,101176.25,0,0,0,3656.15,3472.64,0,34824.7,42527.26,87.55,2908.64,23505.95,0,0,0,0
2006-08-08 23:00:00,0,3031.92,0,361.92,13909.94,6814.85,8210.01,0,0,2289.16,15588.36,271.63,0,13005.91,1674.04,4439.01,79014.92,0,18362.86,0,0,94927.3,0,0,0,3426.91,3254.06,0,32271.95,39831.38,81.56,2709.35,22016.8,0,0,0,0
2006-08-09 00:00:00,0,2807.15,0,331.51,12829.41,6165.18,7576.23,0,0,2120.49,14407.87,252.04,0,12009.92,1547.56,4178.4,74688.77,0,17028.03,0,0,89376.85,0,0,0,3201.23,3026.97,0,29843.38,37443.96,77.25,2523.77,20634.33,0,0,0,0
2006-08-09 01:00:00,0,2578.8,0,304.05,11871.8,5587.51,6983.84,0,0,1952.94,13284.24,232.82,0,11364.65,1427.32,3911.71,70744.6,0,15967.53,0,0,84613.54,0,0,0,3011.19,2839.94,0,28090.94,35176.68,73.22,2339.5,19383.92,0,0,0,0
2006-08-09 02:00:00,0,2367.96,0,281.58,11240.3,5237.62,6556.68,0,0,1820.9,12457.21,216.64,0,11042.43,1343.89,3678.13,67484.2,0,15278.08,0,0,80795.84,0,0,0,2870.12,2706.11,0,26720.4,33186.82,69.53,2214.82,18259.33,0,0,0,0
2006-08-09 03:00:00,0,2237.07,0,274.32,10792.71,5056.67,6366.44,0,0,1741.56,11969.6,206.99,0,10947.94,1302.1,3537.28,65574.24,0,14835.12,0,0,79076.03,0,0,0,2759.76,2598.79,0,25749.76,31845.41,66.67,2159.21,17347.23,0,0,0,0
2006-08-09 04:00:00,0,2157.78,0,279.36,10841.99,5020.24,6435.96,0,0,1766.06,11955.69,208.12,0,10958.16,1316.26,3552.06,65455.11,0,14625.34,0,0,79257.28,0,0,0,2742.72,2567.96,0,25515.78,31222.27,65.82,2175.88,16949.52,0,0,0,0
2006-08-09 05:00:00,0,2157.68,0,288.92,11199.57,5169.28,6558.59,0,0,1806.92,12256.84,212.14,0,11127.3,1349.7,3627.22,66462.05,0,14705.01,0,0,80143.48,0,0,0,2773.97,2580.0,0,25758.81,31267.88,65.68,2233.83,17131.99,0,0,0,0
2006-08-09 06:00:00,0,2156.55,0,297.75,11768.59,5321.11,6734.39,0,0,1860.45,12618.35,216.0,0,12528.11,1386.82,3696.27,67935.16,0,16585.64,0,0,85908.51,0,0,0,2832.77,2618.28,0,26071.1,31433.12,66.88,2292.82,17328.06,0,0,0,0
2006-08-09 07:00:00,0,2242.95,0,335.45,12404.41,5863.57,7029.39,0,0,2079.46,13841.46,228.86,0,13247.98,1531.33,4053.32,72524.02,0,17630.06,0,0,91217.07,0,0,0,2951.31,2706.17,0,27716.68,32351.61,69.12,2468.52,18248.91,0,0,0,0
2006-08-09 08:00:00,0,2560.57,0,371.95,12852.62,6480.34,7355.67,0,0,2277.31,15325.0,245.8,0,14009.2,1639.19,4351.14,76858.54,0,18695.55,0,0,97017.08,0,0,0,3090.74,2845.67,0,29551.28,35206.63,74.12,2660.2,19874.26,0,0,0,0
2006-08-09 09:00:00,0,2852.43,0,409.97,13321.58,7073.55,7735.49,0,0,2451.24,16554.96,260.08,0,14542.18,1740.31,4530.94,81448.54,0,19628.55,0,0,101588.61,0,0,0,3242.2,2994.24,0,31780.64,38339.72,79.65,2818.79,21455.46,0,0,0,0
2006-08-09 10:00:00,0,3119.88,0,442.49,14186.03,7889.01,8408.72,0,0,2659.6,18081.37,289.12,0,15073.09,1938.36,4673.69,85867.34,0,20292.48,0,0,106913.23,0,0,0,3473.79,3223.37,0,35216.52,41505.61,85.08,3115.6,23689.07,0,0,0,0
2006-08-09 11:00:00,0,3371.59,0,472.09,15239.1,8769.5,9073.21,0,0,2865.06,19545.41,319.85,0,15447.4,2119.45,4819.43,90518.54,0,20638.4,0,0,113353.86,0,0,0,3662.38,3422.21,0,37341.22,44511.48,90.44,3415.99,25418.3,0,0,0,0
2006-08-09 12:00:00,0,3635.93,0,498.93,16206.37,9480.21,9604.83,0,0,3029.12,20614.11,347.2,0,15624.15,2261.98,5012.82,95798.75,0,21083.56,0,0,119512.06,0,0,0,3814.12,3610.74,0,38835.24,47251.2,95.93,3658.0,26697.71,0,0,0,0
2006-08-09 13:00:00,0,3860.49,0,522.88,16959.79,9986.69,10056.82,0,0,3159.59,21410.6,369.19,0,15874.19,2367.83,5273.66,100119.42,0,21502.37,0,0,124198.34,0,0,0,3927.26,3761.12,0,40069.74,49497.31,100.59,3827.83,27673.22,0,0,0,0
2006-08-09 14:00:00,0,4076.28,0,542.23,17426.64,10404.37,10405.06,0,0,3271.38,22045.42,387.05,0,16162.49,2444.62,5624.06,103733.59,0,21946.52,0,0,128310.81,0,0,0,4044.27,3898.6,0,41099.29,51344.42,104.53,3952.68,28372.33,0,0,0,0
2006-08-09 15:00:00,0,4218.77,0,554.32,17609.94,10742.52,10586.34,0,0,3349.59,22485.82,401.73,0,16383.09,2505.07,5861.53,106242.99,0,22434.52,0,0,131479.91,0,0,0,4083.32,3949.82,0,41882.64,52390.85,107.88,4061.62,28724.94,0,0,0,0
2006-08-09 16:00:00,0,4300.64,0,551.28,17460.53,10893.76,10615.0,0,0,3368.35,22575.11,412.02,0,16673.11,2523.45,6002.83,107340.17,0,22796.4,0,0,132664.38,0,0,0,4076.44,3942.95,0,42200.31,53024.72,109.59,4131.71,28739.93,0,0,0,0
2006-08-09 17:00:00,0,4326.71,0,528.84,17290.26,10783.8,10529.08,0,0,3310.2,22302.94,410.59,0,17154.13,2512.51,6013.44,107185.58,0,22863.32,0,0,132283.56,0,0,0,4104.24,3933.32,0,41738.86,53038.95,109.75,4107.39,28725.57,0,0,0,0
2006-08-09 18:00:00,0,4244.36,0,495.71,16781.25,10177.06,10254.8,0,0,3140.84,21250.83,398.4,0,17261.59,2361.95,5988.28,104420.49,0,22535.16,0,0,129930.36,0,0,0,4049.97,3895.79,0,40610.77,51874.9,106.75,3917.72,28228.61,0,0,0,0
2006-08-09 19:00:00,0,4297.06,0,465.6,16991.7,9564.35,10091.1,0,0,3086.48,20236.76,381.79,0,17837.73,2239.73,5809.55,102912.68,0,23501.36,0,0,124194.87,0,0,0,3947.98,3766.61,0,39027.24,52023.47,100.87,3729.0,27267.57,0,0,0,0
2006-08-09 20:00:00,0,4059.55,0,447.57,16427.5,9023.12,9392.72,0,0,2869.59,19004.81,359.25,0,16431.28,2050.03,5519.65,98600.03,0,22120.52,0,0,117403.02,0,0,0,3856.68,3644.66,0,37722.26,50204.57,98.09,3441.9,26145.16,0,0,0,0
2006-08-09 21:00:00,0,3790.75,0,417.79,15587.77,8407.9,8747.4,0,0,2669.73,17872.19,328.4,0,15213.87,1906.13,5190.36,94324.23,0,20878.26,0,0,109684.36,0,0,0,3697.22,3482.0,0,36419.05,47710.86,92.06,3201.06,25365.86,0,0,0,0
2006-08-09 22:00:00,0,3609.87,0,386.9,14475.9,7659.22,8146.77,0,0,2476.69,16632.09,298.69,0,14125.77,1773.98,4897.46,90080.34,0,19399.19,0,0,103056.96,0,0,0,3488.24,3297.74,0,34152.53,45605.48,87.09,2986.66,23937.48,0,0,0,0
2006-08-09 23:00:00,0,3332.09,0,359.65,13354.56,6942.43,7537.48,0,0,2289.79,15434.5,276.47,0,13033.98,1646.18,4621.37,85117.47,0,17937.06,0,0,97404.96,0,0,0,3285.07,3108.88,0,32035.85,42780.85,83.0,2778.89,22433.36,0,0,0,0
2006-08-10 00:00:00,0,3083.57,0,331.1,12244.22,6240.03,6934.82,0,0,2110.65,14298.77,257.62,0,12059.6,1527.99,4353.31,80442.11,0,16597.57,0,0,92060.04,0,0,0,3083.13,2916.44,0,29933.37,40136.25,78.98,2575.74,21028.27,0,0,0,0
2006-08-10 01:00:00,0,2872.95,0,304.44,11324.61,5648.88,6392.08,0,0,1949.26,13236.65,236.57,0,11452.25,1397.83,4099.05,76219.54,0,15532.21,0,0,87634.91,0,0,0,2925.67,2769.87,0,28488.7,37989.81,75.23,2387.95,19619.81,0,0,0,0
2006-08-10 02:00:00,0,2677.36,0,280.71,10831.9,5302.81,6050.54,0,0,1825.41,12448.49,218.74,0,11175.76,1330.06,3863.05,72856.16,0,14880.64,0,0,84311.49,0,0,0,2813.4,2675.08,0,27333.23,36073.19,71.97,2264.31,18451.91,0,0,0,0
2006-08-10 03:00:00,0,2540.28,0,271.85,10575.44,5167.73,5977.44,0,0,1758.74,12015.01,208.22,0,11160.77,1301.0,3730.5,70807.52,0,14457.52,0,0,83157.77,0,0,0,2749.23,2607.48,0,26417.73,34648.68,69.39,2200.83,17541.98,0,0,0,0
2006-08-10 04:00:00,0,2442.31,0,276.26,10790.5,5147.04,6101.14,0,0,1794.49,12020.15,208.72,0,11213.91,1321.56,3738.39,70922.88,0,14409.45,0,0,83999.59,0,0,0,2760.09,2592.74,0,26129.47,33592.2,68.5,2207.03,17147.48,0,0,0,0
2006-08-10 05:00:00,0,2364.02,0,283.9,11227.13,5305.61,6242.87,0,0,1844.52,12318.83,213.7,0,11479.26,1353.03,3816.48,71777.52,0,14606.66,0,0,85332.43,0,0,0,2821.53,2628.16,0,26314.49,32996.08,68.16,2258.24,17269.92,0,0,0,0
2006-08-10 06:00:00,0,2356.72,0,290.29,11819.58,5484.54,6499.77,0,0,1904.75,12701.92,219.22,0,12869.45,1399.59,3900.95,72839.39,0,16773.71,0,0,92512.83,0,0,0,2902.18,2676.86,0,26566.86,32944.5,68.99,2320.32,17461.51,0,0,0,0
2006-08-10 07:00:00,0,2412.78,0,324.43,12416.05,5995.56,6851.61,0,0,2103.44,13849.67,236.08,0,13804.04,1536.89,4283.26,77008.37,0,17996.62,0,0,97785.71,0,0,0,3069.49,2806.49,0,28246.92,33665.38,70.61,2511.94,18376.69,0,0,0,0
2006-08-10 08:00:00,0,2702.1,0,356.26,12923.73,6609.75,7198.78,0,0,2310.15,15388.96,256.49,0,14548.43,1654.13,4674.38,81926.71,0,19158.6,0,0,103576.81,0,0,0,3205.68,2975.23,0,29697.52,36047.18,74.98,2710.37,19735.99,0,0,0,0
2006-08-10 09:00:00,0,2930.42,0,383.45,13473.01,7227.63,7531.65,0,0,2484.09,16864.53,269.87,0,15270.06,1816.79,5074.73,86531.8,0,20415.73,0,0,108159.22,0,0,0,3411.7,3197.5,0,31457.4,38829.03,80.4,2915.56,20960.61,0,0,0,0
2006-08-10 10:00:00,0,3205.72,0,420.69,14646.41,8066.94,7940.39,0,0,2700.98,18572.27,295.43,0,16008.43,2008.94,5485.18,89957.67,0,21462.23,0,0,113555.63,0,0,0,3703.97,3509.62,0,34473.11,41724.79,85.71,3202.25,22784.9,0,0,0,0
2006-08-10 11:00:00,0,3480.52,0,455.72,15970.29,8931.25,8772.67,0,0,2919.41,20072.04,321.98,0,16554.87,2171.22,5777.36,92986.94,0,22395.68,0,0,120156.5,0,0,0,3972.14,3811.81,0,36540.28,44607.32,92.4,3473.03,24865.41,0,0,0,0
2006-08-10 12:00:00,0,3761.04,0,483.75,16999.42,9608.9,9412.96,0,0,3099.25,21269.63,346.05,0,16869.8,2301.35,5988.45,96804.47,0,23054.36,0,0,125576.15,0,0,0,4119.68,3969.39,0,37658.88,46918.44,98.16,3695.46,26279.82,0,0,0,0
2006-08-10 13:00:00,0,3970.01,0,509.11,17795.54,10129.66,9841.92,0,0,3234.23,22144.11,368.32,0,17079.77,2403.84,6146.67,100193.03,0,23481.2,0,0,128257.47,0,0,0,4203.35,4047.13,0,38351.08,48786.81,103.18,3870.14,27319.77,0,0,0,0
2006-08-10 14:00:00,0,4114.75,0,531.01,18365.79,10586.98,10276.03,0,0,3331.86,22796.01,389.46,0,17352.87,2482.43,6224.04,102931.69,0,23687.17,0,0,129878.06,0,0,0,4313.97,4151.51,0,39424.73,50117.0,106.73,3999.8,28086.38,0,0,0,0
2006-08-10 15:00:00,0,4217.91,0,546.26,18733.83,10927.42,10628.78,0,0,3409.42,23306.99,406.24,0,17563.29,2552.05,6263.64,104391.77,0,23694.7,0,0,131448.49,0,0,0,4401.48,4222.81,0,40037.43,50864.4,108.45,4095.94,28276.98,0,0,0,0
2006-08-10 16:00:00,0,4251.0,0,551.38,18886.64,11045.86,10916.21,0,0,3443.33,23339.15,416.26,0,17738.88,2587.73,6194.64,104552.55,0,23381.24,0,0,132265.37,0,0,0,4386.62,4262.51,0,40284.71,51295.35,108.28,4136.23,27982.77,0,0,0,0
2006-08-10 17:00:00,0,4204.74,0,536.93,18757.77,10906.1,10989.66,0,0,3394.48,22879.4,409.15,0,17921.43,2563.31,5996.98,103346.78,0,23198.49,0,0,131051.14,0,0,0,4298.61,4220.31,0,40105.79,51188.39,108.4,4100.99,27671.14,0,0,0,0
2006-08-10 18:00:00,0,4138.23,0,500.17,18182.62,10392.93,10865.46,0,0,3239.55,21917.43,386.09,0,17644.75,2457.4,5835.63,100376.55,0,22792.58,0,0,128697.43,0,0,0,4206.61,4149.1,0,39516.54,49980.99,106.46,3944.45,27064.94,0,0,0,0
2006-08-10 19:00:00,0,4187.81,0,456.53,17605.62,9604.1,10381.63,0,0,3136.2,20677.29,374.2,0,17723.84,2371.0,5700.78,98271.6,0,23779.37,0,0,125324.88,0,0,0,4112.12,3961.12,0,38515.43,49712.19,100.31,3735.08,26135.77,0,0,0,0
2006-08-10 20:00:00,0,3925.57,0,448.09,16940.56,9099.63,9693.72,0,0,2908.36,19404.92,358.8,0,16482.66,2160.56,5401.5,95006.17,0,22909.25,0,0,118701.35,0,0,0,3993.61,3793.52,0,37371.58,47858.83,94.94,3516.44,25114.44,0,0,0,0
2006-08-10 21:00:00,0,3721.7,0,433.51,15995.1,8538.62,9066.39,0,0,2712.74,18308.41,341.6,0,15479.57,2026.43,5090.74,91348.23,0,21789.31,0,0,112142.94,0,0,0,3815.01,3593.8,0,36178.3,45577.51,89.35,3283.37,24306.73,0,0,0,0
2006-08-10 22:00:00,0,3552.58,0,399.84,14883.29,7800.62,8501.8,0,0,2527.6,17115.26,316.56,0,14611.93,1877.04,4794.87,86701.54,0,20334.15,0,0,106233.81,0,0,0,3587.46,3421.54,0,33769.33,43815.81,85.01,3038.3,22916.95,0,0,0,0
2006-08-10 23:00:00,0,3284.04,0,364.87,13816.13,7097.05,7975.72,0,0,2345.71,15872.97,290.04,0,13664.19,1721.41,4515.6,81711.18,0,18874.08,0,0,100553.97,0,0,0,3371.51,3221.06,0,31357.76,41284.34,81.56,2822.69,21264.82,0,0,0,0
2006-08-11 00:00:00,0,3022.5,0,332.01,12769.14,6416.12,7424.42,0,0,2170.0,14709.24,263.21,0,12623.91,1580.39,4245.43,77141.45,0,17385.42,0,0,94984.95,0,0,0,3165.24,3016.36,0,29147.36,38619.24,77.39,2621.38,19710.86,0,0,0,0
2006-08-11 01:00:00,0,2701.29,0,303.24,11907.33,5789.45,6915.29,0,0,1995.21,13569.73,237.03,0,11937.07,1440.67,3982.08,73152.92,0,16096.96,0,0,90038.91,0,0,0,2999.69,2845.68,0,27523.16,35721.73,74.83,2434.21,18270.12,0,0,0,0
2006-08-11 02:00:00,0,2465.17,0,280.99,11341.68,5425.11,6571.57,0,0,1864.58,12786.33,216.83,0,11550.13,1362.07,3746.19,69564.42,0,15349.12,0,0,85826.44,0,0,0,2902.96,2720.44,0,26358.5,33598.33,70.97,2327.32,17165.01,0,0,0,0
2006-08-11 03:00:00,0,2254.15,0,272.0,11023.31,5298.65,6438.53,0,0,1804.3,12424.68,204.61,0,11458.48,1342.55,3627.69,67399.88,0,14870.75,0,0,84175.0,0,0,0,2843.03,2679.1,0,25483.08,32031.32,67.09,2276.22,16366.72,0,0,0,0
2006-08-11 04:00:00,0,2118.76,0,275.15,11135.1,5298.4,6534.33,0,0,1835.88,12400.6,206.13,0,11464.8,1349.11,3643.47,66879.01,0,14613.96,0,0,84091.99,0,0,0,2849.14,2649.64,0,25375.55,30865.34,65.85,2277.86,16296.65,0,0,0,0
2006-08-11 05:00:00,0,2080.37,0,282.08,11504.23,5432.42,6699.91,0,0,1879.77,12699.88,209.76,0,11614.95,1389.48,3706.72,67610.52,0,14751.47,0,0,84594.54,0,0,0,2878.43,2653.65,0,25618.68,30408.31,65.58,2327.59,16518.38,0,0,0,0
2006-08-11 06:00:00,0,2064.81,0,290.26,12133.82,5594.19,6933.51,0,0,1939.59,13097.5,215.56,0,12805.08,1434.2,3816.74,68748.59,0,16552.32,0,0,89789.03,0,0,0,2939.73,2686.79,0,25956.84,30338.11,66.41,2392.29,16786.7,0,0,0,0
2006-08-11 07:00:00,0,2117.42,0,332.39,12713.27,6207.26,7252.74,0,0,2149.68,14236.73,234.44,0,13200.66,1563.48,4058.42,72167.45,0,17262.37,0,0,93175.03,0,0,0,3087.41,2825.08,0,27338.96,31089.99,68.11,2628.44,17589.99,0,0,0,0
2006-08-11 08:00:00,0,2281.16,0,366.3,13225.48,6896.14,7561.77,0,0,2381.69,15801.34,258.47,0,13686.12,1651.73,4237.1,75431.21,0,17980.35,0,0,95445.09,0,0,0,3212.91,2961.88,0,28688.22,33055.18,71.43,2867.48,18617.12,0,0,0,0
2006-08-11 09:00:00,0,2424.01,0,392.96,13629.14,7570.97,7840.0,0,0,2567.59,17258.9,272.65,0,14131.04,1774.9,4393.43,78370.65,0,18822.21,0,0,97315.84,0,0,0,3302.46,3053.72,0,29885.88,35385.42,75.72,3094.93,19401.48,0,0,0,0
2006-08-11 10:00:00,0,2624.66,0,429.95,14133.39,8363.91,8168.12,0,0,2793.45,18964.27,296.52,0,14570.96,1962.61,4545.62,81591.59,0,19459.24,0,0,100237.65,0,0,0,3393.44,3141.86,0,32096.98,37731.2,81.2,3344.54,20186.64,0,0,0,0
2006-08-11 11:00:00,0,2807.03,0,465.26,14616.2,9099.09,8767.1,0,0,3012.84,20499.42,323.92,0,14564.8,2137.82,4669.86,84660.95,0,19579.61,0,0,103745.33,0,0,0,3478.41,3297.22,0,34612.57,40325.53,85.72,3540.15,21505.54,0,0,0,0
2006-08-11 12:00:00,0,3011.49,0,493.31,15062.09,9708.78,9294.26,0,0,3197.46,21727.75,349.09,0,14564.58,2292.42,4838.47,88660.34,0,19750.65,0,0,108860.21,0,0,0,3686.22,3532.28,0,36934.09,42693.92,90.37,3682.72,23046.13,0,0,0,0
2006-08-11 13:00:00,0,3215.64,0,517.9,15034.21,10236.13,9497.31,0,0,3342.35,22668.68,368.16,0,14539.4,2432.54,5037.08,92273.27,0,19879.15,0,0,112330.15,0,0,0,3934.07,3734.3,0,38797.22,44778.49,95.27,3799.03,24046.67,0,0,0,0
2006-08-11 14:00:00,0,3392.18,0,540.29,15078.64,10583.4,9469.91,0,0,3445.39,23409.58,382.9,0,14524.37,2547.97,5193.48,95005.84,0,19836.02,0,0,114474.63,0,0,0,4128.57,3861.58,0,40263.24,46590.38,97.86,3884.45,24811.53,0,0,0,0
2006-08-11 15:00:00,0,3536.61,0,557.11,15087.62,10699.79,9308.53,0,0,3471.71,23831.54,395.35,0,14523.64,2629.55,5306.94,96438.2,0,19734.79,0,0,116071.05,0,0,0,4160.85,3876.35,0,41233.77,47915.21,99.0,3941.42,25356.07,0,0,0,0
2006-08-11 16:00:00,0,3621.55,0,555.08,15385.57,10656.77,9300.61,0,0,3451.47,23814.7,401.6,0,14599.97,2662.47,5368.65,96504.16,0,19661.6,0,0,115568.6,0,0,0,3992.32,3746.0,0,41330.23,48645.76,100.23,3982.61,25551.66,0,0,0,0
2006-08-11 17:00:00,0,3673.6,0,533.73,15331.78,10491.26,9297.05,0,0,3388.46,23410.97,398.36,0,14865.43,2599.23,5332.74,95246.97,0,19985.3,0,0,113912.22,0,0,0,3876.0,3650.11,0,40833.5,48891.75,100.15,3925.47,25162.78,0,0,0,0
2006-08-11 18:00:00,0,3695.32,0,494.99,15226.59,10128.96,9223.35,0,0,3247.74,22412.29,382.77,0,15059.93,2453.66,5245.37,92288.37,0,19993.44,0,0,111418.68,0,0,0,3756.64,3596.92,0,39998.44,48168.96,97.89,3818.71,24740.81,0,0,0,0
2006-08-11 19:00:00,0,3611.75,0,444.24,14874.86,9152.05,9086.77,0,0,3034.59,20464.89,353.37,0,14996.62,2246.23,4997.66,86624.32,0,20140.07,0,0,102464.73,0,0,0,3552.35,3467.32,0,37670.03,45717.21,83.14,3543.37,23223.63,0,0,0,0
2006-08-11 20:00:00,0,3408.69,0,426.13,14553.13,8761.51,8504.48,0,0,2828.48,19096.46,344.68,0,14013.17,2026.72,4747.0,84311.12,0,18733.24,0,0,98355.21,0,0,0,3450.45,3371.24,0,36741.91,44996.12,81.9,3380.8,22527.1,0,0,0,0
2006-08-11 21:00:00,0,3142.23,0,409.87,13929.72,8338.44,7982.95,0,0,2651.72,17919.62,333.41,0,13156.6,1892.44,4498.84,81003.15,0,17601.87,0,0,92434.44,0,0,0,3330.16,3225.55,0,35590.0,42280.92,76.37,3181.43,21858.94,0,0,0,0
2006-08-11 22:00:00,0,2948.86,0,379.98,12912.37,7621.14,7477.26,0,0,2466.27,16773.2,311.84,0,12226.81,1775.7,4254.33,77102.58,0,16540.98,0,0,87136.23,0,0,0,3099.49,3050.46,0,33239.49,39796.76,71.63,2973.34,20719.01,0,0,0,0
2006-08-11 23:00:00,0,2635.3,0,349.89,11921.71,6958.62,6963.39,0,0,2283.13,15648.78,286.95,0,11362.88,1659.26,3991.3,72865.91,0,15514.33,0,0,82418.29,0,0,0,2884.57,2873.4,0,30904.88,37226.43,68.21,2780.89,19400.12,0,0,0,0
2006-08-12 00:00:00,0,2373.51,0,322.37,10959.74,6347.23,6413.21,0,0,2107.31,14537.65,261.38,0,10568.25,1542.32,3743.45,68923.53,0,14600.88,0,0,78216.66,0,0,0,2697.58,2698.44,0,28775.48,34892.59,64.67,2605.07,18138.39,0,0,0,0
2006-08-12 01:00:00,0,2155.64,0,298.16,10223.16,5789.11,5885.19,0,0,1956.91,13457.29,238.03,0,10060.71,1430.08,3496.26,65479.84,0,13783.74,0,0,74626.86,0,0,0,2554.91,2547.73,0,27224.91,32807.79,61.09,2442.56,16903.17,0,0,0,0
2006-08-12 02:00:00,0,1998.11,0,277.7,9701.07,5386.76,5464.32,0,0,1837.64,12621.02,218.51,0,9941.48,1348.93,3292.36,62487.47,0,13164.89,0,0,71392.27,0,0,0,2463.1,2428.98,0,26071.34,30971.53,58.68,2306.29,15891.3,0,0,0,0
2006-08-12 03:00:00,0,1873.72,0,263.88,9313.83,5138.25,5213.62,0,0,1758.87,12094.69,206.35,0,9837.85,1296.38,3143.63,60382.47,0,12687.32,0,0,68666.81,0,0,0,2414.36,2355.34,0,25199.75,29412.2,57.19,2218.69,15248.64,0,0,0,0
2006-08-12 04:00:00,0,1785.16,0,260.24,9090.14,4982.38,5073.18,0,0,1717.5,11783.47,199.41,0,9777.24,1277.97,3051.7,58837.29,0,12409.01,0,0,67584.45,0,0,0,2394.31,2322.99,0,24681.3,28136.08,55.41,2165.66,14828.21,0,0,0,0
2006-08-12 05:00:00,0,1753.68,0,258.77,8970.12,4968.92,5041.22,0,0,1720.78,11758.83,197.81,0,9732.16,1283.7,3013.3,58052.65,0,12328.31,0,0,67348.42,0,0,0,2409.58,2324.97,0,24459.13,27206.81,54.57,2158.92,14645.5,0,0,0,0
2006-08-12 06:00:00,0,1752.51,0,261.57,9058.57,5089.01,5076.02,0,0,1737.52,11827.83,199.93,0,9896.54,1310.44,3030.39,58339.07,0,12584.27,0,0,69092.59,0,0,0,2430.58,2339.29,0,24540.05,26791.14,54.02,2187.47,14745.75,0,0,0,0
2006-08-12 07:00:00,0,1826.38,0,280.81,9386.54,5750.03,5305.32,0,0,1895.14,12897.74,217.69,0,10319.06,1406.22,3199.34,59913.56,0,13260.6,0,0,72635.79,0,0,0,2495.74,2413.05,0,24882.67,26719.9,54.49,2390.11,15138.95,0,0,0,0
2006-08-12 08:00:00,0,2019.96,0,319.88,9730.09,6765.58,5589.29,0,0,2174.31,14925.75,241.15,0,10847.57,1534.25,3449.67,62625.29,0,14083.29,0,0,76559.82,0,0,0,2574.94,2511.37,0,25488.33,28469.98,57.14,2704.27,15802.08,0,0,0,0
2006-08-12 09:00:00,0,2246.25,0,356.21,10025.3,7652.3,5924.94,0,0,2410.75,16731.27,263.21,0,11334.0,1736.44,3703.54,66333.36,0,14900.0,0,0,80057.86,0,0,0,2660.23,2640.17,0,26697.85,31205.75,61.21,2985.99,16713.11,0,0,0,0
2006-08-12 10:00:00,0,2555.49,0,377.55,10366.26,8459.38,6236.76,0,0,2664.21,18602.75,286.89,0,11408.57,1886.86,4054.58,70337.27,0,15464.63,0,0,82830.02,0,0,0,2756.85,2740.17,0,28457.37,34155.46,65.92,3221.18,17635.37,0,0,0,0
2006-08-12 11:00:00,0,2858.04,0,397.85,10663.05,9082.02,6519.34,0,0,2864.49,20109.64,310.45,0,11576.71,1994.91,4457.74,75173.18,0,15838.24,0,0,87685.79,0,0,0,2878.89,2831.12,0,30583.27,37061.43,71.9,3415.86,19101.5,0,0,0,0
2006-08-12 12:00:00,0,3115.51,0,417.0,11068.71,9589.6,6945.38,0,0,3020.85,21200.56,332.57,0,11664.94,2069.04,4729.99,79385.87,0,16107.11,0,0,92019.41,0,0,0,3063.96,2962.43,0,32417.19,39539.77,77.19,3539.45,20594.62,0,0,0,0
2006-08-12 13:00:00,0,3323.46,0,431.02,11578.79,10053.71,7296.65,0,0,3140.16,21898.4,349.29,0,11688.23,2143.53,4944.2,82461.7,0,16317.01,0,0,95307.17,0,0,0,3115.93,3007.34,0,33640.16,41507.35,81.64,3671.26,21817.58,0,0,0,0
2006-08-12 14:00:00,0,3517.79,0,427.33,12047.85,10371.55,7631.76,0,0,3229.28,22422.61,366.35,0,11791.08,2212.28,5137.3,85042.35,0,16657.69,0,0,97885.82,0,0,0,3134.53,3069.61,0,34341.94,43121.52,85.75,3773.66,22936.14,0,0,0,0
2006-08-12 15:00:00,0,3677.34,0,430.19,12517.35,10557.29,7896.19,0,0,3293.8,22655.07,364.79,0,12062.6,2231.93,5286.98,87037.42,0,17060.77,0,0,100268.1,0,0,0,3153.61,3161.54,0,34654.43,44461.87,88.52,3842.87,23677.51,0,0,0,0
2006-08-12 16:00:00,0,3766.19,0,438.35,12846.86,10464.8,8093.7,0,0,3285.21,22494.97,358.31,0,12384.27,2209.51,5368.2,88105.74,0,17576.48,0,0,102478.59,0,0,0,3189.49,3255.13,0,34349.83,45423.24,90.51,3860.56,24118.93,0,0,0,0
2006-08-12 17:00:00,0,3811.31,0,442.71,12959.48,10020.43,8133.1,0,0,3164.03,21849.21,352.53,0,12846.46,2137.76,5391.54,88072.22,0,17999.23,0,0,103096.75,0,0,0,3214.5,3289.19,0,33741.53,45554.05,91.03,3773.24,24139.74,0,0,0,0
2006-08-12 18:00:00,0,3793.55,0,444.25,12921.67,9622.93,8131.21,0,0,3001.91,21091.99,357.29,0,13235.62,2096.68,5280.52,87498.44,0,18102.54,0,0,103635.52,0,0,0,3246.77,3320.68,0,33150.48,45028.95,89.85,3667.16,23692.05,0,0,0,0
2006-08-12 19:00:00,0,3772.03,0,429.12,13806.1,8926.02,8340.56,0,0,2934.39,19984.32,335.65,0,14833.34,2067.95,5170.76,88609.69,0,20128.91,0,0,102047.72,0,0,0,3222.94,3272.51,0,32683.4,45665.96,87.85,3558.39,23426.88,0,0,0,0
2006-08-12 20:00:00,0,3546.14,0,424.87,13263.61,8510.86,7716.4,0,0,2727.52,18744.11,332.58,0,13843.01,1976.46,4916.9,85446.7,0,18719.64,0,0,98699.05,0,0,0,3161.39,3164.83,0,32133.65,44825.71,86.06,3399.86,22371.22,0,0,0,0
2006-08-12 21:00:00,0,3210.05,0,401.56,12586.51,8041.71,7117.63,0,0,2562.35,17608.72,321.51,0,12950.62,1882.43,4528.3,81430.13,0,17624.54,0,0,92483.33,0,0,0,3090.16,3024.51,0,31180.55,41900.11,80.03,3203.69,21591.29,0,0,0,0
2006-08-12 22:00:00,0,3027.61,0,373.75,11484.49,7412.29,6571.71,0,0,2395.71,16529.11,298.63,0,12053.47,1766.73,4209.25,77784.71,0,16643.13,0,0,87117.0,0,0,0,2873.16,2829.66,0,29332.15,39704.68,74.52,3000.06,20272.6,0,0,0,0
2006-08-12 23:00:00,0,2733.26,0,350.22,10450.01,6826.22,6034.27,0,0,2234.54,15460.47,277.06,0,11204.0,1664.47,3941.71,73426.95,0,15468.69,0,0,81937.85,0,0,0,2684.48,2660.16,0,27597.09,37398.68,69.6,2818.76,18791.11,0,0,0,0
2006-08-13 00:00:00,0,2483.58,0,326.14,9681.24,6288.96,5536.79,0,0,2076.18,14404.41,257.9,0,10454.72,1560.87,3656.85,69505.52,0,14377.92,0,0,76885.31,0,0,0,2525.14,2512.13,0,26032.37,35333.39,64.8,2643.34,17429.38,0,0,0,0
2006-08-13 01:00:00,0,2251.71,0,305.8,9051.47,5805.37,5092.6,0,0,1938.15,13396.38,238.7,0,10000.9,1454.91,3394.58,65893.28,0,13562.38,0,0,72959.26,0,0,0,2418.66,2375.34,0,24990.13,33407.64,60.71,2481.32,16208.97,0,0,0,0
2006-08-13 02:00:00,0,2074.58,0,284.42,8673.7,5406.89,4747.56,0,0,1822.84,12583.35,219.67,0,9898.51,1371.1,3198.39,62811.33,0,12966.42,0,0,69553.62,0,0,0,2338.19,2241.31,0,24139.56,31781.42,57.93,2352.9,15227.36,0,0,0,0
2006-08-13 03:00:00,0,1951.92,0,270.62,8429.36,5167.58,4519.01,0,0,1746.62,12064.45,209.05,0,9826.46,1302.62,3063.1,60647.36,0,12628.28,0,0,67247.67,0,0,0,2283.27,2158.21,0,23561.14,30216.27,55.65,2272.4,14552.69,0,0,0,0
2006-08-13 04:00:00,0,1878.76,0,263.33,8260.89,5041.39,4439.94,0,0,1712.52,11768.19,206.83,0,9755.37,1303.4,2985.29,59174.42,0,12377.37,0,0,66379.64,0,0,0,2250.76,2151.79,0,23241.93,29211.22,54.55,2224.02,14112.36,0,0,0,0
2006-08-13 05:00:00,0,1839.05,0,259.94,8211.49,5023.72,4460.2,0,0,1716.06,11752.07,208.85,0,9710.42,1323.42,2973.18,58269.91,0,12330.53,0,0,66298.24,0,0,0,2257.98,2157.1,0,23178.39,28578.71,54.37,2211.39,13922.43,0,0,0,0
2006-08-13 06:00:00,0,1824.83,0,265.93,8411.28,5153.46,4639.46,0,0,1728.68,11817.84,212.29,0,9854.11,1354.02,2995.56,58488.63,0,12593.12,0,0,68473.75,0,0,0,2259.97,2174.48,0,23214.44,28353.72,54.45,2240.54,14003.89,0,0,0,0
2006-08-13 07:00:00,0,1892.43,0,281.21,8772.53,5735.22,4939.99,0,0,1883.67,12777.1,221.26,0,10346.96,1400.97,3148.18,60373.87,0,13344.76,0,0,72042.44,0,0,0,2301.8,2278.41,0,23617.54,28510.3,54.92,2419.67,14554.48,0,0,0,0
2006-08-13 08:00:00,0,2131.8,0,304.79,9311.56,6606.49,5368.62,0,0,2143.88,14726.54,231.27,0,10895.61,1471.15,3484.66,63683.45,0,14277.28,0,0,77457.28,0,0,0,2395.11,2439.54,0,24327.39,30263.0,58.14,2702.8,15709.29,0,0,0,0
2006-08-13 09:00:00,0,2468.72,0,322.85,9766.92,7374.5,5654.15,0,0,2398.23,16505.09,242.12,0,11461.41,1555.57,3769.08,68210.99,0,15189.68,0,0,81989.22,0,0,0,2551.63,2616.04,0,25424.32,32761.16,62.9,3010.06,16707.64,0,0,0,0
2006-08-13 10:00:00,0,2809.88,0,353.35,10207.01,8066.68,6001.07,0,0,2638.95,18170.49,261.03,0,11616.79,1653.65,4202.1,73242.44,0,15808.61,0,0,87168.3,0,0,0,2717.43,2782.11,0,27034.74,35400.41,68.84,3212.26,17644.4,0,0,0,0
2006-08-13 11:00:00,0,3159.12,0,386.42,10948.71,8499.73,6572.73,0,0,2782.0,19345.74,282.72,0,11751.29,1718.46,4568.18,78634.98,0,16273.45,0,0,93787.85,0,0,0,2921.2,2976.92,0,29385.31,38027.58,75.41,3353.01,19418.61,0,0,0,0
2006-08-13 12:00:00,0,3467.57,0,415.3,11694.64,8728.09,7041.8,0,0,2852.81,20113.02,294.87,0,11880.88,1785.25,4873.34,83453.96,0,16765.12,0,0,98659.69,0,0,0,3103.9,3159.89,0,31743.75,40331.86,80.88,3434.45,20985.59,0,0,0,0
2006-08-13 13:00:00,0,3719.27,0,434.41,12333.18,8960.64,7393.6,0,0,2903.17,20706.68,303.25,0,12036.76,1842.19,5134.87,87069.17,0,17207.93,0,0,102628.22,0,0,0,3220.09,3285.37,0,33752.74,41791.86,85.28,3537.87,22259.81,0,0,0,0
2006-08-13 14:00:00,0,3937.57,0,452.08,12945.81,9117.02,7714.98,0,0,2930.54,21176.21,311.9,0,12297.69,1944.09,5362.27,89900.9,0,17672.85,0,0,106674.02,0,0,0,3312.94,3384.49,0,35189.63,42979.45,88.6,3586.61,23333.82,0,0,0,0
2006-08-13 15:00:00,0,4108.48,0,470.1,13360.35,9272.12,8008.0,0,0,2942.64,21437.56,322.17,0,12677.55,2041.26,5550.93,92131.79,0,18241.87,0,0,110470.3,0,0,0,3384.42,3457.65,0,36078.18,44112.97,91.19,3678.69,24225.98,0,0,0,0
2006-08-13 16:00:00,0,4211.75,0,477.11,13585.33,9308.0,8228.66,0,0,2934.51,21560.2,334.11,0,13148.61,2112.78,5685.43,93236.44,0,18777.49,0,0,113057.8,0,0,0,3432.98,3511.68,0,36327.24,44867.29,93.15,3707.34,24884.86,0,0,0,0
2006-08-13 17:00:00,0,4262.92,0,468.46,13708.07,9261.29,8344.28,0,0,2922.29,21414.21,340.21,0,13690.84,2122.96,5747.46,92802.85,0,19139.77,0,0,113961.43,0,0,0,3468.68,3535.21,0,35959.57,45191.18,93.86,3670.73,25181.51,0,0,0,0
2006-08-13 18:00:00,0,4226.95,0,454.52,13628.29,9128.59,8411.45,0,0,2852.54,20949.06,339.54,0,14205.14,2058.15,5647.42,91483.88,0,19185.02,0,0,113917.0,0,0,0,3482.84,3514.91,0,35054.85,44484.22,92.45,3604.64,24600.7,0,0,0,0
2006-08-13 19:00:00,0,4261.56,0,460.25,15174.9,9062.98,8808.51,0,0,2993.13,20624.07,343.3,0,16309.92,2045.35,5741.44,97886.59,0,22340.91,0,0,119071.08,0,0,0,3548.8,3375.42,0,34697.9,46915.18,99.99,3610.66,24955.36,0,0,0,0
2006-08-13 20:00:00,0,3894.89,0,442.88,14292.84,8670.74,8034.28,0,0,2786.92,19445.05,328.42,0,15040.86,1935.62,5419.02,93647.73,0,20666.23,0,0,112377.21,0,0,0,3430.15,3223.36,0,33503.79,44977.23,96.8,3425.24,23323.01,0,0,0,0
2006-08-13 21:00:00,0,3607.69,0,414.0,13556.08,8072.15,7387.67,0,0,2605.31,18269.07,312.14,0,13943.6,1851.02,5038.47,89636.19,0,19378.76,0,0,104691.78,0,0,0,3269.73,3086.04,0,32136.18,42764.24,91.67,3192.09,22327.24,0,0,0,0
2006-08-13 22:00:00,0,3398.75,0,379.73,12451.35,7364.56,6761.94,0,0,2424.53,17004.21,289.3,0,12924.41,1741.88,4682.64,85412.06,0,18122.43,0,0,98427.73,0,0,0,3046.72,2879.87,0,29821.77,41056.38,85.97,2957.52,20746.35,0,0,0,0
2006-08-13 23:00:00,0,3055.52,0,346.86,11421.18,6685.82,6199.39,0,0,2253.21,15754.9,267.8,0,11934.61,1624.23,4352.74,80735.61,0,16832.02,0,0,92760.17,0,0,0,2830.35,2677.65,0,27788.98,38137.51,81.57,2732.24,19161.07,0,0,0,0
2006-08-14 00:00:00,0,2744.82,0,320.1,10504.41,6035.62,5698.92,0,0,2086.56,14565.38,249.45,0,11082.66,1506.4,4039.73,76557.4,0,15664.56,0,0,87594.43,0,0,0,2632.72,2494.12,0,25954.11,35444.3,76.09,2523.64,17659.27,0,0,0,0
2006-08-14 01:00:00,0,2447.81,0,294.46,9783.25,5501.47,5296.01,0,0,1939.46,13455.39,227.12,0,10612.21,1383.48,3758.53,72328.47,0,14740.75,0,0,83345.39,0,0,0,2477.98,2348.51,0,24565.98,32807.72,71.64,2340.38,16467.4,0,0,0,0
2006-08-14 02:00:00,0,2243.44,0,270.65,9352.55,5183.48,5024.78,0,0,1819.98,12672.18,208.77,0,10503.47,1302.16,3527.49,68902.85,0,14109.49,0,0,80061.26,0,0,0,2403.56,2256.06,0,23608.84,31153.14,67.41,2228.65,15719.62,0,0,0,0
2006-08-14 03:00:00,0,2112.77,0,262.62,9209.23,5039.3,4915.76,0,0,1765.65,12229.5,200.21,0,10521.55,1285.56,3421.98,66842.61,0,13702.0,0,0,79347.76,0,0,0,2367.33,2232.78,0,23259.33,29995.24,64.66,2157.52,15275.14,0,0,0,0
2006-08-14 04:00:00,0,2019.2,0,268.26,9303.64,5076.29,5036.74,0,0,1795.6,12245.78,203.21,0,10619.38,1331.07,3481.47,66645.98,0,13669.04,0,0,80452.63,0,0,0,2391.55,2268.66,0,23574.79,29075.86,63.73,2167.42,15296.56,0,0,0,0
2006-08-14 05:00:00,0,2017.65,0,278.09,9683.83,5225.55,5204.83,0,0,1845.01,12573.16,208.07,0,10881.48,1375.44,3598.88,67689.79,0,13913.14,0,0,82296.91,0,0,0,2467.01,2306.77,0,23975.16,28904.31,63.42,2221.02,15556.51,0,0,0,0
2006-08-14 06:00:00,0,2015.08,0,287.85,10567.56,5400.51,5509.87,0,0,1910.46,12943.87,214.83,0,12250.88,1420.43,3713.13,69265.29,0,16017.66,0,0,89811.78,0,0,0,2564.23,2356.01,0,24528.28,28779.97,64.04,2283.25,15851.01,0,0,0,0
2006-08-14 07:00:00,0,2067.15,0,324.09,11054.17,5796.54,5969.79,0,0,2058.79,13987.79,225.79,0,13061.77,1514.72,4099.56,73304.41,0,17152.72,0,0,95060.93,0,0,0,2673.23,2427.35,0,25956.42,29255.82,66.34,2442.43,16974.39,0,0,0,0
2006-08-14 08:00:00,0,2286.98,0,347.27,11746.52,6312.07,6485.0,0,0,2210.94,15213.15,237.71,0,13960.6,1598.02,4448.89,77597.47,0,18302.53,0,0,101372.77,0,0,0,2863.9,2598.23,0,27346.13,31304.67,72.2,2637.81,18362.55,0,0,0,0
2006-08-14 09:00:00,0,2505.17,0,371.21,12445.57,6958.5,6919.19,0,0,2423.15,16490.21,249.16,0,14621.92,1699.93,4760.82,82180.1,0,19534.39,0,0,106361.97,0,0,0,3012.08,2725.28,0,28381.24,33465.4,79.04,2899.25,19909.39,0,0,0,0
2006-08-14 10:00:00,0,2726.11,0,409.6,13102.61,7738.45,7496.6,0,0,2619.2,17995.41,259.54,0,15229.87,1842.47,5161.42,86154.0,0,20859.84,0,0,112743.28,0,0,0,3152.39,2847.41,0,29931.72,35634.24,85.44,3212.62,21496.95,0,0,0,0
2006-08-14 11:00:00,0,2939.14,0,443.11,13961.66,8360.54,8107.99,0,0,2796.85,19155.71,272.21,0,15855.12,1930.98,5563.28,89846.36,0,22004.81,0,0,120080.52,0,0,0,3310.35,3016.47,0,32362.0,37689.18,91.18,3426.4,23607.26,0,0,0,0
2006-08-14 12:00:00,0,3201.73,0,471.93,14770.86,8760.31,8626.45,0,0,2897.24,19699.52,285.84,0,16365.91,1993.81,5887.39,93640.49,0,23041.44,0,0,126384.46,0,0,0,3435.32,3176.88,0,34621.94,39639.25,96.68,3580.19,25356.07,0,0,0,0
2006-08-14 13:00:00,0,3425.54,0,495.16,15493.06,9116.11,9037.72,0,0,2976.27,20052.33,305.78,0,16915.06,2026.83,6179.06,97183.85,0,23448.4,0,0,130980.26,0,0,0,3528.92,3308.0,0,36638.18,41481.08,101.3,3685.76,26738.22,0,0,0,0
2006-08-14 14:00:00,0,3609.15,0,513.61,16130.53,9370.63,9407.76,0,0,3021.79,20327.5,306.03,0,17267.3,2062.53,6440.11,100017.42,0,23947.52,0,0,135108.34,0,0,0,3682.1,3463.18,0,38442.81,43130.18,104.93,3719.58,27947.69,0,0,0,0
2006-08-14 15:00:00,0,3715.82,0,518.95,16536.37,9362.27,9666.03,0,0,3003.16,20392.5,312.32,0,17550.08,2128.72,6624.06,101579.95,0,24270.81,0,0,135944.26,0,0,0,3792.9,3594.87,0,39635.39,44190.1,107.45,3643.41,28812.94,0,0,0,0
2006-08-14 16:00:00,0,3759.25,0,509.5,16717.63,9269.95,9761.38,0,0,2977.5,20374.08,316.24,0,17840.47,2188.72,6710.53,101313.69,0,23690.96,0,0,136193.11,0,0,0,3854.35,3682.32,0,40240.86,44754.3,107.59,3567.01,29282.24,0,0,0,0
2006-08-14 17:00:00,0,3727.97,0,488.39,16663.92,9161.58,9710.96,0,0,2951.71,20271.01,317.84,0,17844.51,2223.99,6695.26,99993.27,0,23545.04,0,0,135037.0,0,0,0,3872.22,3714.25,0,40092.69,44633.78,106.83,3518.35,29416.95,0,0,0,0
2006-08-14 18:00:00,0,3670.13,0,473.01,16275.87,9018.68,9502.13,0,0,2905.89,19967.22,322.03,0,17373.44,2174.62,6511.39,97403.53,0,23239.17,0,0,132385.97,0,0,0,3811.65,3688.59,0,39212.78,43822.62,103.83,3513.52,29136.49,0,0,0,0
2006-08-14 19:00:00,0,3585.31,0,445.18,16359.34,8846.7,9345.83,0,0,2901.43,19389.59,320.69,0,17512.53,2174.59,6028.21,96137.87,0,23462.48,0,0,125862.43,0,0,0,3680.94,3451.42,0,37637.1,43133.36,98.38,3401.11,27735.45,0,0,0,0
2006-08-14 20:00:00,0,3256.07,0,425.86,15459.8,8464.08,8582.58,0,0,2727.16,18424.22,313.99,0,16442.09,2036.4,5660.35,92596.2,0,22377.96,0,0,120364.98,0,0,0,3535.66,3279.6,0,36030.02,40829.51,95.67,3206.15,26318.91,0,0,0,0
2006-08-14 21:00:00,0,3009.88,0,397.3,14468.62,7877.66,7934.04,0,0,2551.09,17416.78,302.15,0,15391.83,1894.4,5288.04,88047.19,0,21283.64,0,0,113027.83,0,0,0,3346.71,3133.73,0,34455.53,39048.27,90.25,3011.27,25164.23,0,0,0,0
2006-08-14 22:00:00,0,2798.41,0,364.96,13246.22,7226.31,7353.43,0,0,2392.73,16344.3,280.68,0,14499.43,1748.58,4992.1,83278.97,0,20134.88,0,0,106987.38,0,0,0,3107.69,2935.07,0,31870.88,37282.09,86.63,2813.43,23605.59,0,0,0,0
2006-08-14 23:00:00,0,2493.86,0,334.48,12164.18,6566.34,6791.97,0,0,2227.86,15161.83,256.99,0,13603.21,1626.83,4665.33,78237.42,0,18948.61,0,0,101707.57,0,0,0,2898.92,2740.8,0,29422.7,34283.52,81.36,2620.34,22039.13,0,0,0,0
2006-08-15 00:00:00,0,2228.62,0,305.33,11220.42,5901.85,6240.96,0,0,2055.79,13994.08,233.37,0,12610.97,1504.95,4410.06,73471.66,0,17928.41,0,0,96881.04,0,0,0,2706.94,2550.65,0,27228.55,31614.94,76.24,2427.53,20516.77,0,0,0,0
2006-08-15 01:00:00,0,1990.81,0,280.67,10426.62,5338.87,5765.51,0,0,1900.53,12913.85,213.24,0,11920.35,1375.18,4134.74,69159.84,0,17087.56,0,0,92739.59,0,0,0,2554.61,2395.76,0,25671.24,29339.45,71.92,2240.93,19152.36,0,0,0,0
2006-08-15 02:00:00,0,1833.54,0,262.72,10006.41,5027.98,5493.12,0,0,1777.79,12089.86,198.23,0,11751.63,1298.01,3908.38,65521.87,0,16454.55,0,0,89062.99,0,0,0,2472.99,2301.28,0,24612.26,27830.0,67.06,2140.27,18002.14,0,0,0,0
2006-08-15 03:00:00,0,1749.36,0,259.86,9831.83,4871.69,5395.25,0,0,1720.33,11695.53,190.96,0,12112.67,1270.42,3761.25,63268.33,0,16092.09,0,0,87170.46,0,0,0,2423.89,2261.04,0,23925.59,26825.06,62.98,2072.82,16968.65,0,0,0,0
2006-08-15 04:00:00,0,1717.24,0,267.49,9892.71,4929.18,5491.53,0,0,1758.64,11773.55,195.67,0,12560.51,1296.32,3782.86,62956.66,0,16176.88,0,0,87137.7,0,0,0,2443.67,2286.84,0,24014.16,26164.48,61.97,2104.08,16631.59,0,0,0,0
2006-08-15 05:00:00,0,1728.44,0,277.03,10293.22,5083.64,5644.2,0,0,1808.89,12153.25,200.17,0,12910.37,1335.11,3826.8,64040.3,0,16572.79,0,0,88033.56,0,0,0,2508.81,2328.12,0,24370.67,26283.41,62.25,2161.54,16909.36,0,0,0,0
2006-08-15 06:00:00,0,1741.64,0,285.43,11010.8,5255.41,5934.8,0,0,1861.3,12540.7,204.91,0,14010.7,1370.17,3882.75,65298.28,0,18325.22,0,0,92670.95,0,0,0,2587.15,2377.85,0,24793.91,26574.62,63.06,2237.28,17067.11,0,0,0,0
2006-08-15 07:00:00,0,1825.06,0,320.74,11708.46,5750.04,6453.09,0,0,2059.66,13555.46,218.48,0,14756.68,1485.97,4136.99,69615.15,0,19445.07,0,0,97582.47,0,0,0,2725.79,2481.83,0,26207.2,27339.41,65.08,2403.31,17807.41,0,0,0,0
2006-08-15 08:00:00,0,1980.22,0,346.8,12428.85,6268.98,6934.36,0,0,2236.02,14765.51,237.41,0,15107.83,1578.11,4347.78,73900.23,0,20131.81,0,0,102470.04,0,0,0,2949.49,2681.01,0,28151.16,29111.87,69.14,2555.58,19002.76,0,0,0,0
2006-08-15 09:00:00,0,2145.03,0,374.0,13177.11,6822.88,7451.84,0,0,2416.85,16041.09,252.47,0,15619.38,1650.33,4458.22,78444.32,0,20806.82,0,0,106363.95,0,0,0,3122.25,2841.96,0,29965.42,31504.56,72.95,2757.07,20122.32,0,0,0,0
2006-08-15 10:00:00,0,2344.42,0,403.07,14376.05,7610.0,8217.67,0,0,2629.74,17700.11,273.57,0,16004.19,1802.11,4607.66,82129.42,0,21333.57,0,0,110011.64,0,0,0,3382.39,3108.82,0,32615.14,34167.83,77.53,3059.68,21200.31,0,0,0,0
2006-08-15 11:00:00,0,2572.97,0,433.11,15444.16,8460.07,8944.48,0,0,2841.12,19270.17,299.57,0,16521.36,1954.56,4852.66,85532.28,0,21631.0,0,0,114326.09,0,0,0,3626.41,3369.23,0,34766.04,36950.01,83.39,3376.77,22837.07,0,0,0,0
2006-08-15 12:00:00,0,2838.86,0,460.48,16225.93,9094.43,9560.77,0,0,2992.05,20368.13,321.24,0,17027.78,2069.61,5127.95,88836.69,0,21631.95,0,0,119375.85,0,0,0,3827.87,3581.75,0,36013.28,39486.63,90.24,3618.62,24482.71,0,0,0,0
2006-08-15 13:00:00,0,3074.36,0,483.2,16548.31,9473.39,10016.34,0,0,3099.94,20919.34,339.45,0,17514.02,2151.59,5358.16,91841.53,0,22133.34,0,0,123506.04,0,0,0,3993.66,3750.03,0,36732.98,41655.11,95.31,3772.84,25679.18,0,0,0,0
2006-08-15 14:00:00,0,3272.6,0,505.26,16652.74,9779.2,10310.22,0,0,3165.81,21184.48,354.4,0,17832.03,2221.86,5518.25,94105.83,0,22519.03,0,0,126753.01,0,0,0,4140.09,3892.16,0,37280.83,43409.07,99.03,3860.38,26496.71,0,0,0,0
2006-08-15 15:00:00,0,3419.12,0,523.3,16654.6,10020.54,10440.3,0,0,3215.83,21344.15,361.19,0,18044.63,2290.71,5633.01,95492.16,0,23146.93,0,0,130320.43,0,0,0,4240.4,3978.36,0,37393.92,44663.11,101.93,3908.59,26919.77,0,0,0,0
2006-08-15 16:00:00,0,3512.54,0,533.63,16699.4,10129.52,10467.3,0,0,3219.04,21354.82,370.31,0,18217.25,2331.95,5681.23,96143.66,0,23611.13,0,0,131955.06,0,0,0,4276.89,4037.21,0,37336.09,45552.04,103.32,3938.12,27147.88,0,0,0,0
2006-08-15 17:00:00,0,3551.66,0,533.14,16702.93,10004.71,10353.12,0,0,3172.69,21097.27,372.07,0,18288.62,2318.28,5615.77,96015.23,0,23870.03,0,0,131430.32,0,0,0,4213.53,4016.54,0,37100.12,45832.51,103.05,3872.14,27072.47,0,0,0,0
2006-08-15 18:00:00,0,3484.97,0,520.0,16417.17,9712.38,10149.25,0,0,3064.88,20625.82,368.08,0,18078.3,2217.24,5421.24,94407.02,0,23436.2,0,0,129131.46,0,0,0,4084.96,3924.87,0,36658.62,45168.75,100.1,3775.3,26446.22,0,0,0,0
2006-08-15 19:00:00,0,3549.1,0,481.97,16629.73,9238.88,9963.11,0,0,3050.07,20216.16,362.08,0,18372.59,2214.82,5346.24,94532.36,0,23351.19,0,0,123368.38,0,0,0,3950.89,3722.02,0,36221.31,45230.64,95.68,3505.68,25556.55,0,0,0,0
2006-08-15 20:00:00,0,3283.87,0,447.19,16109.31,8758.99,9281.55,0,0,2842.23,19020.82,346.48,0,17079.09,2060.89,4982.23,89185.98,0,21895.22,0,0,116505.76,0,0,0,3786.16,3532.46,0,34905.14,43404.11,91.69,3282.57,24346.63,0,0,0,0
2006-08-15 21:00:00,0,2994.89,0,396.54,15391.44,8118.04,8622.94,0,0,2651.21,17896.6,323.89,0,15834.17,1908.14,4592.18,84467.2,0,20653.4,0,0,108914.38,0,0,0,3574.67,3333.29,0,33662.18,41096.91,85.9,3085.79,23439.19,0,0,0,0
2006-08-15 22:00:00,0,2760.91,0,366.18,14307.12,7410.11,7986.04,0,0,2466.47,16703.82,291.01,0,14668.43,1763.12,4276.74,80403.22,0,19250.83,0,0,102263.93,0,0,0,3295.43,3079.44,0,31266.32,39405.37,79.89,2883.73,21792.61,0,0,0,0
2006-08-15 23:00:00,0,2461.82,0,339.51,13226.93,6723.73,7328.55,0,0,2291.61,15493.37,265.44,0,13525.06,1629.24,3976.03,75826.11,0,17921.94,0,0,95887.21,0,0,0,3042.78,2841.98,0,29042.52,36691.88,74.32,2683.25,20023.91,0,0,0,0
2006-08-16 00:00:00,0,2210.32,0,316.69,12130.21,6074.84,6702.51,0,0,2115.38,14308.41,244.51,0,12466.94,1500.34,3709.41,71380.65,0,16658.53,0,0,89836.31,0,0,0,2831.33,2631.13,0,27023.1,34086.58,69.73,2493.46,18308.48,0,0,0,0
2006-08-16 01:00:00,0,1973.78,0,296.19,11143.19,5532.38,6126.12,0,0,1951.94,13216.0,223.73,0,11805.67,1376.42,3478.97,67185.03,0,15661.69,0,0,84564.25,0,0,0,2667.33,2442.45,0,25630.75,31690.12,65.69,2314.74,16740.94,0,0,0,0
2006-08-16 02:00:00,0,1813.6,0,277.81,10528.74,5225.47,5766.11,0,0,1822.15,12377.72,206.96,0,11463.93,1293.63,3296.0,63901.81,0,14928.56,0,0,80435.18,0,0,0,2564.31,2341.68,0,24646.42,29829.47,62.83,2213.34,15644.88,0,0,0,0
2006-08-16 03:00:00,0,1733.29,0,269.86,10239.73,5105.68,5665.08,0,0,1762.34,11965.06,200.0,0,11395.01,1266.27,3165.43,61820.69,0,14542.7,0,0,78752.11,0,0,0,2524.1,2312.03,0,23971.58,28843.93,60.87,2153.39,15020.65,0,0,0,0
2006-08-16 04:00:00,0,1674.16,0,274.72,10317.4,5141.78,5757.56,0,0,1794.67,12005.99,203.73,0,11427.53,1298.54,3199.02,61682.39,0,14495.12,0,0,79005.01,0,0,0,2548.28,2340.78,0,24098.82,28133.51,60.47,2183.73,14883.25,0,0,0,0
2006-08-16 05:00:00,0,1697.76,0,282.42,10733.84,5295.0,5908.17,0,0,1844.46,12350.4,206.99,0,11512.33,1336.45,3278.26,62781.37,0,14637.58,0,0,79865.46,0,0,0,2605.78,2380.05,0,24424.53,28119.75,61.14,2243.32,15093.34,0,0,0,0
2006-08-16 06:00:00,0,1720.31,0,290.4,11281.88,5453.2,6148.24,0,0,1892.91,12689.11,210.88,0,12923.55,1374.39,3361.41,64109.61,0,16601.83,0,0,84814.23,0,0,0,2667.44,2423.59,0,24789.12,28459.72,62.08,2307.25,15236.88,0,0,0,0
2006-08-16 07:00:00,0,1808.62,0,325.24,12074.89,5932.01,6643.85,0,0,2096.47,13753.68,226.09,0,13873.05,1506.39,3706.51,68796.23,0,17901.98,0,0,90667.6,0,0,0,2781.91,2523.11,0,26291.42,29232.66,63.71,2454.58,16182.28,0,0,0,0
2006-08-16 08:00:00,0,2052.07,0,354.15,12640.23,6464.87,7093.75,0,0,2277.27,15058.15,246.92,0,14582.49,1638.01,4036.92,73636.53,0,19081.42,0,0,97051.62,0,0,0,2984.55,2691.3,0,28006.3,31735.62,68.11,2613.96,17622.32,0,0,0,0
2006-08-16 09:00:00,0,2279.44,0,390.07,13175.72,7024.18,7434.4,0,0,2455.93,16444.62,264.68,0,15394.28,1755.68,4370.1,78530.25,0,20223.72,0,0,102302.48,0,0,0,3142.09,2851.56,0,29746.44,34534.78,72.86,2812.49,19092.23,0,0,0,0
2006-08-16 10:00:00,0,2541.17,0,431.95,13806.83,7812.3,7997.61,0,0,2677.73,18270.57,286.94,0,15999.3,1923.68,4731.09,82712.58,0,21051.69,0,0,108418.2,0,0,0,3449.01,3164.36,0,32822.95,37215.72,78.04,3102.45,20505.83,0,0,0,0
2006-08-16 11:00:00,0,2831.32,0,462.75,14504.61,8588.47,8578.15,0,0,2871.04,19716.68,302.75,0,16397.11,2057.21,5017.22,86541.55,0,21729.47,0,0,114197.21,0,0,0,3705.96,3449.11,0,35553.36,39942.61,82.94,3394.39,22248.84,0,0,0,0
2006-08-16 12:00:00,0,3114.86,0,488.14,15188.2,9190.33,9025.31,0,0,3011.71,20802.3,321.07,0,16740.64,2168.71,5302.57,90325.99,0,22357.5,0,0,118472.47,0,0,0,3918.57,3684.18,0,37495.95,42357.8,88.35,3612.16,23890.58,0,0,0,0
2006-08-16 13:00:00,0,3381.18,0,509.86,15927.52,9549.35,9430.11,0,0,3110.11,21534.84,340.43,0,17103.55,2256.41,5535.21,93580.24,0,22827.62,0,0,122147.24,0,0,0,4077.84,3860.95,0,38966.67,44608.01,92.9,3752.73,25209.22,0,0,0,0
2006-08-16 14:00:00,0,3584.42,0,522.95,16489.55,9849.47,9785.73,0,0,3180.61,22124.42,357.31,0,17482.12,2314.41,5705.08,95857.33,0,23240.79,0,0,125010.95,0,0,0,4191.46,3984.72,0,40024.73,46279.56,96.71,3837.8,26289.41,0,0,0,0
2006-08-16 15:00:00,0,3722.72,0,516.93,16875.51,10038.5,10000.91,0,0,3194.49,22420.25,372.18,0,17717.35,2351.42,5840.52,97054.44,0,23670.74,0,0,127307.53,0,0,0,4235.71,4038.9,0,40487.24,47523.45,99.11,3880.31,27031.7,0,0,0,0
2006-08-16 16:00:00,0,3763.71,0,505.52,17028.12,10066.42,10023.47,0,0,3147.92,22342.09,377.4,0,17990.78,2369.68,5908.17,97284.29,0,23972.29,0,0,128381.47,0,0,0,4204.88,4036.14,0,40217.36,48210.37,100.19,3871.1,27402.78,0,0,0,0
2006-08-16 17:00:00,0,3779.72,0,508.46,16940.61,9808.64,9866.55,0,0,3076.98,21811.89,368.42,0,18155.04,2352.76,5850.42,96337.39,0,24110.28,0,0,127313.39,0,0,0,4099.63,3973.08,0,39757.52,48347.7,99.18,3727.68,27214.19,0,0,0,0
2006-08-16 18:00:00,0,3718.49,0,497.81,16481.05,9533.16,9625.9,0,0,3007.56,20995.28,359.13,0,17994.1,2255.02,5687.11,93996.97,0,23617.95,0,0,124709.38,0,0,0,3975.2,3853.19,0,38880.81,47418.56,96.42,3647.4,26431.12,0,0,0,0
2006-08-16 19:00:00,0,3869.6,0,461.47,16552.71,9118.61,9579.9,0,0,3005.75,20341.61,357.17,0,18265.23,2248.85,5559.15,93579.03,0,23709.3,0,0,120184.15,0,0,0,3867.59,3672.28,0,37811.68,47647.49,93.16,3428.12,25674.55,0,0,0,0
2006-08-16 20:00:00,0,3551.84,0,443.65,15902.15,8648.13,8934.86,0,0,2812.32,19262.05,345.73,0,16918.78,2078.14,5132.43,88809.56,0,22230.14,0,0,112887.72,0,0,0,3744.47,3509.19,0,36352.74,45922.97,89.74,3186.58,24181.39,0,0,0,0
2006-08-16 21:00:00,0,3353.43,0,419.99,15018.35,7977.83,8342.11,0,0,2630.41,18083.23,325.16,0,15647.85,1906.87,4723.35,84408.58,0,20943.38,0,0,104945.58,0,0,0,3562.87,3335.48,0,34830.19,44148.57,83.57,2944.56,23160.19,0,0,0,0
2006-08-16 22:00:00,0,3119.92,0,390.47,13726.78,7325.52,7714.69,0,0,2456.76,16785.62,296.87,0,14490.89,1754.71,4384.58,80321.89,0,19510.7,0,0,97981.99,0,0,0,3313.65,3113.43,0,32254.06,42511.13,78.44,2784.53,21453.12,0,0,0,0
2006-08-16 23:00:00,0,2785.55,0,356.04,12547.6,6682.57,7091.66,0,0,2275.23,15497.73,270.67,0,13380.11,1615.39,4087.29,75743.18,0,18288.22,0,0,92020.31,0,0,0,3066.18,2883.65,0,29793.05,39888.5,74.42,2618.56,19748.26,0,0,0,0
2006-08-17 00:00:00,0,2553.95,0,323.92,11446.88,6041.45,6459.7,0,0,2104.12,14307.66,245.31,0,12359.18,1479.35,3795.58,71393.78,0,16986.36,0,0,86588.46,0,0,0,2843.42,2672.52,0,27605.64,37742.19,70.77,2437.07,18133.1,0,0,0,0
2006-08-17 01:00:00,0,2328.86,0,297.36,10573.45,5526.68,5886.84,0,0,1941.72,13193.9,222.38,0,11700.26,1344.68,3543.88,67613.57,0,15909.31,0,0,82179.2,0,0,0,2681.6,2492.9,0,26146.79,35613.79,67.28,2280.04,16737.78,0,0,0,0
2006-08-17 02:00:00,0,2107.38,0,276.51,10079.71,5239.09,5560.79,0,0,1818.57,12391.25,206.41,0,11419.5,1270.71,3339.01,64709.04,0,15223.89,0,0,78869.92,0,0,0,2585.65,2397.8,0,25244.11,33666.03,65.63,2189.14,15781.21,0,0,0,0
2006-08-17 03:00:00,0,1948.91,0,270.29,9851.78,5116.26,5432.56,0,0,1766.02,11988.89,197.26,0,11401.49,1249.24,3212.83,62727.64,0,14862.15,0,0,77767.0,0,0,0,2536.28,2358.91,0,24636.52,32137.2,63.82,2128.49,15254.58,0,0,0,0
2006-08-17 04:00:00,0,1863.15,0,275.83,9844.08,5154.98,5499.0,0,0,1798.84,11969.69,200.86,0,11491.16,1281.86,3258.12,62700.01,0,14897.76,0,0,78444.99,0,0,0,2544.55,2365.65,0,24716.81,30881.04,63.14,2163.11,15250.65,0,0,0,0
2006-08-17 05:00:00,0,1842.54,0,285.15,10148.31,5314.66,5628.32,0,0,1848.67,12279.51,204.76,0,11596.84,1321.25,3356.61,63694.93,0,15122.9,0,0,79859.19,0,0,0,2599.79,2395.97,0,25033.57,30480.82,63.45,2226.97,15503.78,0,0,0,0
2006-08-17 06:00:00,0,1842.42,0,296.56,10626.75,5478.94,5832.05,0,0,1900.19,12649.97,209.2,0,13010.26,1360.98,3449.79,65109.54,0,16918.26,0,0,85287.65,0,0,0,2674.96,2438.76,0,25440.91,30243.82,63.98,2293.04,15761.05,0,0,0,0
2006-08-17 07:00:00,0,1887.94,0,333.6,11392.6,5905.96,6299.71,0,0,2087.44,13753.54,226.21,0,13951.9,1495.06,3852.23,69314.0,0,18197.88,0,0,91631.69,0,0,0,2798.65,2572.62,0,27044.91,30478.03,64.88,2425.62,16765.12,0,0,0,0
2006-08-17 08:00:00,0,2143.79,0,363.86,11884.38,6399.25,6701.48,0,0,2285.86,15308.58,244.17,0,14625.69,1620.27,4202.38,74602.81,0,19464.33,0,0,98699.38,0,0,0,2967.58,2706.85,0,28698.87,33106.28,68.68,2570.9,18475.1,0,0,0,0
2006-08-17 09:00:00,0,2428.58,0,395.63,12438.74,6966.67,7212.28,0,0,2463.92,16775.44,257.51,0,15431.32,1716.63,4574.43,79198.56,0,20678.57,0,0,104881.05,0,0,0,3114.0,2867.24,0,30463.28,35725.28,73.93,2763.65,20175.51,0,0,0,0
2006-08-17 10:00:00,0,2754.81,0,432.53,13238.39,7743.02,7853.04,0,0,2670.89,18414.77,283.22,0,16098.79,1883.72,5047.98,83793.79,0,21558.86,0,0,112660.71,0,0,0,3347.76,3116.61,0,32989.37,38216.38,79.79,3051.97,21995.09,0,0,0,0
2006-08-17 11:00:00,0,3120.34,0,462.65,14090.88,8616.67,8453.7,0,0,2883.89,19816.44,309.57,0,16489.27,2028.08,5554.83,87508.05,0,22277.89,0,0,120012.69,0,0,0,3620.61,3399.42,0,35703.8,41050.94,85.9,3354.88,23999.26,0,0,0,0
2006-08-17 12:00:00,0,3480.23,0,487.94,14793.63,9276.58,9000.51,0,0,3052.96,20959.72,332.28,0,16788.77,2157.86,5927.99,91975.66,0,22864.14,0,0,126009.54,0,0,0,3850.83,3629.87,0,37963.58,43823.25,92.26,3607.65,25556.0,0,0,0,0
2006-08-17 13:00:00,0,3778.74,0,511.17,15523.09,9718.52,9483.72,0,0,3168.55,21738.39,352.49,0,17103.91,2252.87,6177.78,95782.02,0,23238.73,0,0,130303.44,0,0,0,4014.38,3788.17,0,39718.83,46095.17,96.72,3775.32,26799.2,0,0,0,0
2006-08-17 14:00:00,0,3993.65,0,530.33,16034.96,10036.47,9865.08,0,0,3238.47,22334.94,371.79,0,17432.27,2325.27,6390.3,98462.82,0,23562.03,0,0,133718.81,0,0,0,4121.78,3907.71,0,41095.59,48008.05,100.35,3901.95,27845.22,0,0,0,0
2006-08-17 15:00:00,0,4142.87,0,542.51,16386.18,10161.04,10111.14,0,0,3240.38,22602.58,386.08,0,17660.02,2372.3,6552.48,100267.87,0,23967.79,0,0,135585.69,0,0,0,4203.82,3998.93,0,41916.28,49363.54,102.49,3987.92,28655.89,0,0,0,0
2006-08-17 16:00:00,0,4216.7,0,547.99,16533.75,10177.1,10224.83,0,0,3191.61,22559.3,388.35,0,17942.78,2387.25,6636.78,100550.06,0,24223.35,0,0,135905.27,0,0,0,4237.58,4055.55,0,42178.12,50340.65,103.29,4024.83,29026.56,0,0,0,0
2006-08-17 17:00:00,0,4194.46,0,536.12,16416.07,10005.07,10148.77,0,0,3126.3,22077.59,388.66,0,18156.23,2353.33,6626.18,100033.12,0,24346.23,0,0,134018.84,0,0,0,4189.94,4037.75,0,41852.98,50307.88,102.72,3941.71,29074.79,0,0,0,0
2006-08-17 18:00:00,0,4112.36,0,510.45,16074.53,9601.97,9911.46,0,0,3014.23,21163.8,380.22,0,17987.06,2246.22,6527.56,98227.46,0,23788.9,0,0,131805.89,0,0,0,4075.12,3937.29,0,40721.5,49386.52,100.11,3787.18,28634.09,0,0,0,0
2006-08-17 19:00:00,0,4240.88,0,475.06,16238.99,9267.52,9709.72,0,0,3021.62,20441.35,352.19,0,18287.94,2219.42,6254.81,98504.74,0,23959.52,0,0,127360.21,0,0,0,3962.8,3734.65,0,39109.93,49268.62,97.64,3686.39,27281.23,0,0,0,0
2006-08-17 20:00:00,0,3902.44,0,453.14,15366.35,8804.08,8988.54,0,0,2820.74,19235.5,330.93,0,16905.55,2052.78,5841.82,94404.34,0,22278.62,0,0,119050.6,0,0,0,3780.28,3522.51,0,37591.22,47492.0,93.34,3442.97,25813.48,0,0,0,0
2006-08-17 21:00:00,0,3632.97,0,424.84,14455.88,8236.14,8359.46,0,0,2631.4,18082.84,317.65,0,15708.68,1873.11,5442.85,90744.15,0,21019.18,0,0,111966.46,0,0,0,3569.43,3325.9,0,36222.21,45250.15,87.43,3222.92,24843.33,0,0,0,0
2006-08-17 22:00:00,0,3378.9,0,393.2,13244.21,7555.21,7742.26,0,0,2459.39,16873.77,296.08,0,14666.96,1726.04,5087.63,87249.46,0,19713.77,0,0,105778.32,0,0,0,3312.63,3112.14,0,33525.08,43442.97,81.75,3011.49,23190.53,0,0,0,0
2006-08-17 23:00:00,0,3049.94,0,362.76,12179.6,6877.64,7136.19,0,0,2289.97,15649.72,275.04,0,13681.37,1590.86,4752.01,83060.17,0,18439.24,0,0,99926.94,0,0,0,3084.95,2906.45,0,31123.11,40755.0,76.91,2804.96,21465.12,0,0,0,0
2006-08-18 00:00:00,0,2794.52,0,332.89,11190.67,6189.92,6520.93,0,0,2115.42,14431.36,252.78,0,12758.37,1459.17,4436.18,79232.4,0,17336.25,0,0,94697.69,0,0,0,2869.99,2704.53,0,28894.53,38080.46,72.27,2594.26,19923.59,0,0,0,0
2006-08-18 01:00:00,0,2566.57,0,304.98,10348.16,5611.69,5970.02,0,0,1952.02,13269.71,229.01,0,12253.81,1333.87,4155.56,75344.92,0,16293.89,0,0,90252.8,0,0,0,2711.38,2529.27,0,27202.08,35883.43,68.51,2407.35,18519.99,0,0,0,0
2006-08-18 02:00:00,0,2391.11,0,281.0,9920.11,5290.25,5664.88,0,0,1821.98,12407.63,211.33,0,12044.62,1256.25,3905.26,72108.21,0,15579.69,0,0,86719.84,0,0,0,2615.4,2435.04,0,25901.1,34001.34,66.82,2274.72,17347.05,0,0,0,0
2006-08-18 03:00:00,0,2211.64,0,273.77,9734.87,5155.81,5566.45,0,0,1756.01,11981.06,202.48,0,11976.85,1241.03,3743.37,70012.25,0,15167.06,0,0,85608.34,0,0,0,2567.8,2393.64,0,25152.27,32606.32,65.2,2200.55,16445.58,0,0,0,0
2006-08-18 04:00:00,0,2117.25,0,279.7,9745.68,5155.08,5652.23,0,0,1788.48,11982.82,203.89,0,12042.95,1284.06,3731.18,69482.85,0,15295.57,0,0,86504.6,0,0,0,2581.06,2387.32,0,24995.9,31325.9,64.66,2203.43,16172.27,0,0,0,0
2006-08-18 05:00:00,0,2019.18,0,288.46,10109.34,5298.32,5798.68,0,0,1834.97,12270.76,209.38,0,12174.48,1312.2,3784.02,69861.47,0,15572.66,0,0,87975.94,0,0,0,2639.6,2418.73,0,25074.63,30652.38,64.36,2247.46,16272.76,0,0,0,0
2006-08-18 06:00:00,0,2004.42,0,297.58,10624.67,5466.11,6008.18,0,0,1884.58,12632.8,215.26,0,13545.55,1368.39,3833.64,71069.11,0,17246.79,0,0,92505.59,0,0,0,2699.48,2454.9,0,25199.29,30508.91,64.73,2303.92,16408.66,0,0,0,0
2006-08-18 07:00:00,0,2065.04,0,334.81,11335.53,5928.05,6429.79,0,0,2082.2,13786.0,231.1,0,14606.44,1507.73,4194.46,74535.84,0,18714.85,0,0,98905.56,0,0,0,2840.28,2595.94,0,26620.18,31005.9,66.16,2492.89,17425.68,0,0,0,0
2006-08-18 08:00:00,0,2388.59,0,371.09,11879.26,6469.42,6881.25,0,0,2269.18,15341.47,245.29,0,15573.86,1618.65,4594.15,79766.6,0,20279.37,0,0,105234.43,0,0,0,3011.64,2740.25,0,28182.73,33777.58,70.59,2670.11,19110.43,0,0,0,0
2006-08-18 09:00:00,0,2775.68,0,403.16,12505.8,7039.32,7418.81,0,0,2455.86,16764.04,256.3,0,16232.93,1722.33,4955.44,84621.17,0,21410.65,0,0,110209.23,0,0,0,3183.78,2947.17,0,29871.15,36799.86,77.49,2856.8,20725.87,0,0,0,0
2006-08-18 10:00:00,0,3128.89,0,437.7,13415.61,7839.4,8184.95,0,0,2664.5,18345.55,280.7,0,16830.18,1848.76,5424.26,88942.95,0,22042.91,0,0,115184.92,0,0,0,3441.23,3221.2,0,32487.86,39407.36,84.02,3147.75,22322.77,0,0,0,0
2006-08-18 11:00:00,0,3449.78,0,466.66,14576.31,8645.36,8874.18,0,0,2873.67,19747.28,303.4,0,17258.94,1998.59,5801.07,92763.78,0,22675.89,0,0,121987.35,0,0,0,3676.78,3475.3,0,35261.27,41904.08,90.56,3416.32,24139.75,0,0,0,0
2006-08-18 12:00:00,0,3724.91,0,491.07,15513.12,9247.32,9449.28,0,0,3040.84,20806.97,317.16,0,17533.06,2122.97,6086.74,97417.04,0,23265.54,0,0,128769.04,0,0,0,3860.71,3677.78,0,37468.61,44060.04,96.15,3628.06,25629.82,0,0,0,0
2006-08-18 13:00:00,0,3932.63,0,513.25,16330.8,9669.4,9935.91,0,0,3168.85,21530.8,338.08,0,17850.4,2165.58,6325.16,101261.73,0,23559.54,0,0,133148.79,0,0,0,4019.76,3841.1,0,39291.49,45897.89,100.63,3776.43,26891.95,0,0,0,0
2006-08-18 14:00:00,0,4100.92,0,527.8,16939.72,9979.47,10324.31,0,0,3245.75,22069.3,355.99,0,18153.9,2210.16,6514.03,104177.35,0,23801.78,0,0,136921.99,0,0,0,4149.63,3969.01,0,40797.02,47353.22,104.38,3879.59,27891.9,0,0,0,0
2006-08-18 15:00:00,0,4230.75,0,530.75,17345.08,10117.46,10580.97,0,0,3289.73,22360.87,365.74,0,18276.32,2293.37,6633.5,105916.44,0,24041.35,0,0,138691.82,0,0,0,4241.91,4059.77,0,41647.16,48292.16,106.74,3940.82,28557.56,0,0,0,0
2006-08-18 16:00:00,0,4285.04,0,525.55,17560.93,10099.62,10663.9,0,0,3259.48,22352.09,373.0,0,18336.1,2343.3,6679.15,106522.32,0,24123.78,0,0,139342.64,0,0,0,4287.1,4113.32,0,41891.49,48958.7,107.81,3967.84,28853.61,0,0,0,0
2006-08-18 17:00:00,0,4232.44,0,519.4,17488.39,9929.27,10559.59,0,0,3183.01,21931.32,375.42,0,18254.98,2332.69,6618.42,105803.78,0,24129.09,0,0,138101.15,0,0,0,4241.72,4096.39,0,41604.86,49110.06,107.58,3931.3,28745.93,0,0,0,0
2006-08-18 18:00:00,0,4140.94,0,491.03,17108.19,9631.99,10246.84,0,0,3053.74,21174.52,370.64,0,17772.62,2252.98,6427.93,103358.35,0,23610.27,0,0,135934.07,0,0,0,4129.93,3998.71,0,40551.57,48332.49,105.25,3789.38,28041.89,0,0,0,0
2006-08-18 19:00:00,0,4220.15,0,422.31,15943.0,8691.11,9604.48,0,0,2872.43,19753.98,332.33,0,16960.71,2123.65,5772.57,97915.26,0,22808.96,0,0,124064.59,0,0,0,3890.38,3774.19,0,38193.8,46013.32,92.32,3474.0,25688.42,0,0,0,0
2006-08-18 20:00:00,0,3885.92,0,406.01,15201.2,8263.2,8882.96,0,0,2682.14,18441.48,306.14,0,15859.55,1993.51,5439.96,94769.26,0,21591.23,0,0,117940.77,0,0,0,3726.44,3598.83,0,36616.25,44772.56,89.09,3262.84,24477.68,0,0,0,0
2006-08-18 21:00:00,0,3651.38,0,384.63,14399.55,7783.63,8235.88,0,0,2517.91,17265.31,295.41,0,14901.46,1854.64,5121.56,91335.07,0,20651.08,0,0,111823.75,0,0,0,3575.87,3427.83,0,35256.99,42767.42,83.41,3062.93,23613.77,0,0,0,0
2006-08-18 22:00:00,0,3512.91,0,362.74,13153.24,7166.53,7603.74,0,0,2360.74,16146.29,273.01,0,13945.69,1732.55,4824.02,87710.8,0,19528.81,0,0,105916.67,0,0,0,3312.59,3197.44,0,32791.53,40990.3,77.98,2887.82,22205.84,0,0,0,0
2006-08-18 23:00:00,0,3223.29,0,333.36,11968.28,6557.2,6995.23,0,0,2200.49,15105.01,253.01,0,13017.62,1615.01,4537.02,83172.28,0,18226.09,0,0,100198.19,0,0,0,3068.41,2977.76,0,30544.82,38739.51,73.45,2702.6,20572.75,0,0,0,0
2006-08-19 00:00:00,0,2973.48,0,307.35,10961.42,5987.56,6416.82,0,0,2043.02,14092.4,235.71,0,12138.3,1495.77,4237.16,78902.45,0,17192.18,0,0,94968.28,0,0,0,2847.98,2766.92,0,28391.45,36703.3,69.93,2525.69,19098.08,0,0,0,0
2006-08-19 01:00:00,0,2759.8,0,285.71,10128.37,5494.63,5897.39,0,0,1907.81,13118.32,217.45,0,11596.46,1386.54,3982.59,75052.98,0,16291.85,0,0,90527.93,0,0,0,2651.27,2574.75,0,26873.04,34910.34,66.35,2355.26,17707.89,0,0,0,0
2006-08-19 02:00:00,0,2559.67,0,266.35,9561.1,5160.71,5478.45,0,0,1807.91,12396.47,201.99,0,11449.94,1308.79,3756.05,71675.34,0,15612.76,0,0,87184.04,0,0,0,2535.83,2449.67,0,25657.17,33178.46,62.32,2217.03,16552.08,0,0,0,0
2006-08-19 03:00:00,0,2352.05,0,257.86,9139.45,4928.98,5285.6,0,0,1738.69,11941.2,190.72,0,11335.78,1246.13,3605.4,69362.41,0,15187.77,0,0,85100.38,0,0,0,2450.3,2357.87,0,24712.43,31554.32,59.33,2115.39,15873.39,0,0,0,0
2006-08-19 04:00:00,0,2249.23,0,256.3,8949.22,4775.14,5191.06,0,0,1712.92,11648.51,183.85,0,11249.8,1222.03,3547.94,67801.89,0,14894.08,0,0,84285.81,0,0,0,2411.79,2336.94,0,24219.35,30447.16,57.96,2059.95,15245.13,0,0,0,0
2006-08-19 05:00:00,0,2140.95,0,255.39,8851.87,4794.96,5212.04,0,0,1716.45,11637.31,183.55,0,11162.29,1220.36,3494.72,66654.98,0,14901.02,0,0,83972.55,0,0,0,2396.61,2334.1,0,23972.55,29570.07,57.63,2053.35,14839.47,0,0,0,0
2006-08-19 06:00:00,0,2068.96,0,258.77,9014.75,4917.79,5354.23,0,0,1730.93,11679.55,184.42,0,11512.55,1243.87,3463.74,66342.65,0,15133.67,0,0,84168.64,0,0,0,2405.58,2347.29,0,23909.91,29018.76,57.25,2078.92,14782.63,0,0,0,0
2006-08-19 07:00:00,0,2083.65,0,271.54,9627.29,5349.3,5735.51,0,0,1846.13,12526.52,196.75,0,12409.16,1323.43,3649.39,67283.36,0,16300.96,0,0,87335.4,0,0,0,2491.9,2488.26,0,24565.17,28658.78,58.64,2208.78,15367.4,0,0,0,0
2006-08-19 08:00:00,0,2360.34,0,298.76,10419.29,6093.05,6371.11,0,0,2042.05,14251.43,214.2,0,13154.6,1457.0,4009.97,70440.36,0,17425.09,0,0,93444.06,0,0,0,2699.85,2695.68,0,26117.26,30003.12,61.49,2437.49,16939.41,0,0,0,0
2006-08-19 09:00:00,0,2671.95,0,327.7,11218.72,6875.3,7134.15,0,0,2245.6,15925.79,235.26,0,13840.38,1620.8,4393.6,74112.28,0,18457.75,0,0,98859.43,0,0,0,2936.04,2931.06,0,28371.5,32088.68,65.52,2763.37,18600.4,0,0,0,0
2006-08-19 10:00:00,0,2980.92,0,365.81,12443.33,7811.98,7932.6,0,0,2476.26,17534.48,264.41,0,14556.42,1799.1,4825.98,77902.17,0,19292.79,0,0,104498.82,0,0,0,3218.51,3239.76,0,31354.55,34279.47,71.67,3072.4,21057.62,0,0,0,0
2006-08-19 11:00:00,0,3271.52,0,403.41,13525.74,8534.68,8615.88,0,0,2663.97,18862.41,292.37,0,15023.98,1955.66,5152.97,82639.75,0,19970.23,0,0,110829.09,0,0,0,3474.09,3518.68,0,33881.1,36501.97,77.11,3317.34,22768.33,0,0,0,0
2006-08-19 12:00:00,0,3491.94,0,435.25,14475.17,9088.57,9148.96,0,0,2817.3,19798.28,316.14,0,15356.32,2059.47,5443.33,86795.54,0,20201.63,0,0,115351.2,0,0,0,3686.69,3739.79,0,35999.17,38259.83,81.91,3500.33,24067.83,0,0,0,0
2006-08-19 13:00:00,0,3659.37,0,461.75,15295.88,9463.94,9582.98,0,0,2933.22,20395.4,336.05,0,15735.86,2130.53,5692.18,90188.55,0,20300.04,0,0,118835.62,0,0,0,3849.87,3902.44,0,37771.72,39700.1,85.58,3614.11,25132.73,0,0,0,0
2006-08-19 14:00:00,0,3801.34,0,470.69,15916.69,9733.46,9920.79,0,0,2983.18,20778.93,354.33,0,16113.11,2196.26,5906.51,92872.46,0,20507.98,0,0,122440.52,0,0,0,3977.62,4025.59,0,39189.48,40905.12,89.61,3680.77,26019.15,0,0,0,0
2006-08-19 15:00:00,0,3868.66,0,469.57,16348.58,9768.56,10145.98,0,0,2976.88,20686.62,367.5,0,16434.06,2242.59,6072.8,94392.32,0,20859.93,0,0,124507.35,0,0,0,4071.14,4111.45,0,40118.96,41997.21,92.1,3672.12,26745.75,0,0,0,0
2006-08-19 16:00:00,0,3885.88,0,473.91,16643.57,9598.49,10278.31,0,0,2937.13,20538.5,376.2,0,16664.59,2250.7,6174.22,95154.96,0,21019.83,0,0,125344.23,0,0,0,4114.68,4144.99,0,40532.9,42715.52,91.51,3605.24,27205.14,0,0,0,0
2006-08-19 17:00:00,0,3832.74,0,473.04,16630.01,9282.62,10331.03,0,0,2866.77,20153.21,373.49,0,16661.51,2213.57,6175.57,95100.82,0,21118.06,0,0,124699.18,0,0,0,4104.85,4119.99,0,40429.43,42746.4,90.99,3500.67,27419.44,0,0,0,0
2006-08-19 18:00:00,0,3744.27,0,458.89,16245.86,8924.64,10164.16,0,0,2751.06,19664.86,334.3,0,16418.11,2130.89,5995.05,93114.34,0,21249.49,0,0,122983.32,0,0,0,4014.51,4001.07,0,39579.63,41829.08,90.54,3468.35,26835.85,0,0,0,0
2006-08-19 19:00:00,0,3782.12,0,444.66,16308.48,8449.15,9776.58,0,0,2799.21,19088.64,299.23,0,17337.27,2125.54,6011.1,95537.16,0,22907.8,0,0,123330.16,0,0,0,3930.87,3773.53,0,38560.18,42563.7,93.56,3401.01,25919.33,0,0,0,0
2006-08-19 20:00:00,0,3506.25,0,430.27,15643.38,8093.5,9099.42,0,0,2625.11,17858.06,297.73,0,16498.06,1986.71,5703.45,92199.24,0,22119.49,0,0,118295.87,0,0,0,3747.21,3594.14,0,36591.01,41307.18,88.18,3189.21,24897.45,0,0,0,0
2006-08-19 21:00:00,0,3346.57,0,402.73,14881.93,7597.66,8489.52,0,0,2460.21,16726.6,290.3,0,15695.84,1841.34,5390.03,88611.26,0,21547.29,0,0,112843.13,0,0,0,3581.97,3419.23,0,35035.48,39747.01,82.36,2996.82,24128.33,0,0,0,0
2006-08-19 22:00:00,0,3196.2,0,373.16,13673.28,6997.46,7880.3,0,0,2305.75,15660.35,271.39,0,14857.03,1702.36,5115.13,84564.78,0,20617.17,0,0,108169.23,0,0,0,3304.14,3187.2,0,32585.8,38110.22,77.26,2810.87,22853.59,0,0,0,0
2006-08-19 23:00:00,0,2928.42,0,346.29,12522.52,6436.08,7284.04,0,0,2160.57,14591.65,250.91,0,14016.51,1568.52,4835.98,79368.87,0,19793.13,0,0,103288.17,0,0,0,3063.97,2973.28,0,30388.29,36074.54,73.24,2630.62,21359.94,0,0,0,0
2006-08-20 00:00:00,0,2653.34,0,319.72,11520.16,5874.6,6701.34,0,0,2009.92,13516.08,230.62,0,13263.57,1432.54,4515.37,74245.46,0,18795.49,0,0,98048.29,0,0,0,2843.31,2766.51,0,28238.93,33953.6,69.03,2440.6,19876.6,0,0,0,0
2006-08-20 01:00:00,0,2395.31,0,297.47,10612.93,5398.35,6163.32,0,0,1872.51,12507.18,211.46,0,12636.7,1321.35,4204.67,69888.88,0,17712.84,0,0,93633.31,0,0,0,2654.29,2585.18,0,26600.94,31859.69,65.68,2281.97,18547.29,0,0,0,0
2006-08-20 02:00:00,0,2214.42,0,275.18,9965.52,5059.14,5747.7,0,0,1765.33,11833.73,197.9,0,12488.92,1239.69,3931.49,66649.17,0,16919.95,0,0,90173.94,0,0,0,2542.93,2460.59,0,25380.46,30186.39,62.66,2148.78,17471.61,0,0,0,0
2006-08-20 03:00:00,0,2031.35,0,261.91,9519.43,4827.94,5565.77,0,0,1694.32,11428.44,186.93,0,12448.79,1185.95,3760.73,64492.34,0,16358.52,0,0,87484.02,0,0,0,2452.45,2373.15,0,24588.4,28413.71,59.24,2052.44,16772.41,0,0,0,0
2006-08-20 04:00:00,0,1909.81,0,258.02,9379.26,4663.6,5482.37,0,0,1672.78,11172.89,179.09,0,12506.18,1168.31,3641.29,63152.57,0,16199.43,0,0,86465.14,0,0,0,2411.94,2359.24,0,24048.22,27186.84,56.33,2009.82,16145.84,0,0,0,0
2006-08-20 05:00:00,0,1858.11,0,257.33,9336.51,4694.63,5489.47,0,0,1672.59,11219.02,180.13,0,12628.71,1188.21,3560.6,62362.58,0,16448.07,0,0,86538.49,0,0,0,2396.21,2362.02,0,23853.29,26530.84,55.07,2000.87,15676.04,0,0,0,0
2006-08-20 06:00:00,0,1835.9,0,259.24,9507.66,4828.61,5618.07,0,0,1689.98,11278.22,185.67,0,12947.52,1214.74,3522.44,62181.52,0,16784.59,0,0,87596.5,0,0,0,2399.25,2375.13,0,23823.57,26173.6,54.47,2032.15,15601.26,0,0,0,0
2006-08-20 07:00:00,0,1878.06,0,267.99,10192.63,5143.39,6025.66,0,0,1774.74,11983.26,193.46,0,13412.85,1283.42,3625.02,63091.32,0,17478.66,0,0,90134.1,0,0,0,2496.74,2507.21,0,24422.32,26088.65,54.72,2113.28,16041.84,0,0,0,0
2006-08-20 08:00:00,0,2084.09,0,298.94,10933.37,5801.78,6582.16,0,0,1972.31,13618.1,203.99,0,13819.84,1415.77,3814.1,65251.41,0,18605.86,0,0,93977.16,0,0,0,2748.83,2765.49,0,26250.94,27112.07,57.94,2304.18,17185.72,0,0,0,0
2006-08-20 09:00:00,0,2338.01,0,340.48,11829.12,6616.93,7282.53,0,0,2196.11,15429.65,212.22,0,14320.91,1589.64,3978.67,68628.47,0,19762.89,0,0,98094.3,0,0,0,3066.54,3069.37,0,29339.29,29318.94,63.28,2622.77,18575.93,0,0,0,0
2006-08-20 10:00:00,0,2639.21,0,378.67,13101.88,7570.38,8173.32,0,0,2422.28,17195.46,242.23,0,14984.31,1774.08,4242.26,72605.98,0,20763.7,0,0,103031.27,0,0,0,3367.43,3394.98,0,32522.27,32065.51,69.15,2946.07,20605.07,0,0,0,0
2006-08-20 11:00:00,0,2892.08,0,413.04,14263.16,8339.26,8914.67,0,0,2610.23,18462.19,277.4,0,15537.29,1923.34,4603.92,76990.36,0,21501.28,0,0,108783.75,0,0,0,3591.45,3639.77,0,34832.18,34381.84,75.72,3215.1,22106.14,0,0,0,0
2006-08-20 12:00:00,0,3128.63,0,442.5,15271.44,8928.44,9504.86,0,0,2765.06,19321.85,301.06,0,16049.21,2025.38,4860.46,80705.6,0,22172.88,0,0,113770.93,0,0,0,3771.83,3843.64,0,36772.29,36416.44,81.88,3418.41,23400.96,0,0,0,0
2006-08-20 13:00:00,0,3329.61,0,465.07,15973.08,9305.47,9965.27,0,0,2870.24,19801.98,320.04,0,16494.45,2110.02,4971.34,83523.12,0,22677.9,0,0,117310.63,0,0,0,3932.26,4009.35,0,38304.78,38359.78,86.6,3567.02,24341.16,0,0,0,0
2006-08-20 14:00:00,0,3493.29,0,472.83,16406.12,9623.21,10282.62,0,0,2940.23,20151.13,336.0,0,16855.55,2182.54,5046.19,85851.74,0,22906.73,0,0,119725.15,0,0,0,4061.61,4142.41,0,39516.35,39982.0,89.98,3675.63,25057.05,0,0,0,0
2006-08-20 15:00:00,0,3624.62,0,468.93,16620.08,9815.65,10471.23,0,0,2974.82,20320.83,348.67,0,17155.79,2245.22,5113.83,87717.74,0,22925.71,0,0,121588.04,0,0,0,4149.07,4230.66,0,40133.51,41293.61,92.31,3740.03,25465.86,0,0,0,0
2006-08-20 16:00:00,0,3698.59,0,462.03,16618.95,9824.75,10519.86,0,0,2969.87,20256.29,349.35,0,17471.63,2269.84,5163.32,88413.04,0,22899.94,0,0,121862.16,0,0,0,4179.49,4247.23,0,39590.0,42488.18,93.33,3735.07,25701.37,0,0,0,0
2006-08-20 17:00:00,0,3735.41,0,470.34,16610.87,9688.9,10486.89,0,0,2907.97,20107.83,350.74,0,17789.49,2257.03,5144.55,88391.8,0,22914.54,0,0,120362.22,0,0,0,4140.66,4193.0,0,38727.45,42946.26,92.69,3681.2,25519.27,0,0,0,0
2006-08-20 18:00:00,0,3679.16,0,455.25,16244.05,9364.9,10296.94,0,0,2789.87,19774.94,346.63,0,17861.42,2190.68,5007.54,87191.15,0,22589.41,0,0,117143.78,0,0,0,4011.07,4046.89,0,37518.99,42378.94,90.0,3568.45,24910.21,0,0,0,0
2006-08-20 19:00:00,0,3782.84,0,465.45,17542.56,9234.77,10442.49,0,0,2984.68,19871.89,357.41,0,19432.43,2202.7,5362.75,95151.31,0,25213.92,0,0,123377.35,0,0,0,4045.66,3867.3,0,37556.05,45112.61,99.04,3564.03,25815.15,0,0,0,0
2006-08-20 20:00:00,0,3504.3,0,443.16,16861.81,8758.2,9739.05,0,0,2781.0,18590.68,342.86,0,18149.83,2047.42,4974.44,90375.12,0,23574.61,0,0,116462.16,0,0,0,3913.72,3699.09,0,36300.08,43441.64,94.34,3331.31,24781.28,0,0,0,0
2006-08-20 21:00:00,0,3256.2,0,413.66,15873.47,8111.57,9082.59,0,0,2590.52,17397.07,321.13,0,16959.74,1900.27,4607.01,86280.36,0,22466.55,0,0,108753.98,0,0,0,3695.75,3488.43,0,34879.7,41432.85,88.34,3113.17,23958.72,0,0,0,0
2006-08-20 22:00:00,0,3040.12,0,385.41,14625.7,7388.7,8471.36,0,0,2405.22,16165.8,296.08,0,15526.06,1755.67,4279.66,82100.52,0,20829.77,0,0,101674.16,0,0,0,3430.34,3269.29,0,32634.33,39621.26,82.77,2880.15,22437.6,0,0,0,0
2006-08-20 23:00:00,0,2691.87,0,358.23,13495.58,6694.89,7889.26,0,0,2226.1,14961.24,272.25,0,13914.3,1614.83,3974.9,77484.93,0,19146.27,0,0,95492.91,0,0,0,3193.28,3053.59,0,30413.67,36671.72,78.11,2666.57,20838.63,0,0,0,0
2006-08-21 00:00:00,0,2377.91,0,330.26,12441.51,6030.42,7296.74,0,0,2053.71,13852.04,250.08,0,12326.6,1479.96,3706.11,73140.04,0,17595.5,0,0,89864.14,0,0,0,2970.43,2839.7,0,28270.42,33952.65,73.78,2466.22,19323.95,0,0,0,0
2006-08-21 01:00:00,0,2113.79,0,303.76,11576.55,5488.73,6741.65,0,0,1898.36,12770.86,227.61,0,11366.66,1346.49,3467.61,69066.44,0,16248.26,0,0,84927.22,0,0,0,2802.51,2664.09,0,26646.88,31629.66,69.46,2289.58,17821.91,0,0,0,0
2006-08-21 02:00:00,0,1921.15,0,282.02,11040.69,5176.95,6300.93,0,0,1780.58,12031.97,209.83,0,11115.81,1264.83,3282.01,65600.54,0,15417.72,0,0,80984.7,0,0,0,2695.35,2542.68,0,25826.47,29947.94,65.39,2171.31,16632.14,0,0,0,0
2006-08-21 03:00:00,0,1840.27,0,274.64,10629.76,5044.93,6139.48,0,0,1731.87,11710.24,200.67,0,11220.13,1245.97,3199.65,63701.97,0,15025.91,0,0,79199.85,0,0,0,2640.18,2487.95,0,25256.85,29041.58,62.37,2104.7,15986.1,0,0,0,0
2006-08-21 04:00:00,0,1798.27,0,280.56,10700.43,5066.93,6199.88,0,0,1772.04,11812.94,202.48,0,11416.5,1289.78,3251.3,63719.65,0,14974.55,0,0,79500.69,0,0,0,2647.09,2470.78,0,25195.96,28489.3,61.71,2138.79,15987.55,0,0,0,0
2006-08-21 05:00:00,0,1816.88,0,288.52,11095.52,5237.63,6347.6,0,0,1825.51,12192.34,207.23,0,11672.94,1332.99,3346.89,64882.92,0,15251.03,0,0,80374.55,0,0,0,2696.09,2492.86,0,25474.5,28507.58,62.2,2203.98,16216.45,0,0,0,0
2006-08-21 06:00:00,0,1834.25,0,297.73,11649.7,5403.29,6543.58,0,0,1879.58,12578.72,212.94,0,13038.56,1378.9,3445.14,66117.0,0,16918.78,0,0,85008.48,0,0,0,2754.51,2532.31,0,25948.63,28683.72,63.13,2277.32,16424.8,0,0,0,0
2006-08-21 07:00:00,0,1914.17,0,331.5,12259.87,5841.64,6888.05,0,0,2061.91,13583.84,226.68,0,13438.02,1487.07,3753.57,70562.87,0,17716.53,0,0,89565.69,0,0,0,2892.1,2666.1,0,27038.29,29311.59,64.97,2439.92,17295.69,0,0,0,0
2006-08-21 08:00:00,0,2102.67,0,361.52,12741.16,6369.45,7197.79,0,0,2240.65,14862.39,246.24,0,13878.21,1628.07,4086.61,74899.55,0,18477.9,0,0,94358.75,0,0,0,3112.85,2865.47,0,28568.8,31309.88,69.41,2617.1,18514.64,0,0,0,0
2006-08-21 09:00:00,0,2261.36,0,391.86,13255.57,6946.99,7531.17,0,0,2408.68,16022.35,257.88,0,14266.87,1762.5,4402.82,79463.52,0,19414.02,0,0,98712.41,0,0,0,3280.19,3029.27,0,29867.58,33794.48,74.34,2806.96,19777.84,0,0,0,0
2006-08-21 10:00:00,0,2434.21,0,426.01,13646.31,7740.21,7849.25,0,0,2604.83,17387.24,280.28,0,14615.23,1941.75,4604.13,84052.81,0,20396.15,0,0,103676.71,0,0,0,3462.16,3186.24,0,31423.75,35786.49,80.39,3102.89,21341.33,0,0,0,0
2006-08-21 11:00:00,0,2657.83,0,459.54,14030.38,8657.76,8234.64,0,0,2818.07,18810.88,307.93,0,15033.37,2091.98,4899.96,88169.43,0,21293.29,0,0,110440.85,0,0,0,3642.88,3403.36,0,34235.47,37735.7,87.27,3407.19,23633.5,0,0,0,0
2006-08-21 12:00:00,0,2836.7,0,487.39,14882.04,9337.63,8722.14,0,0,2967.43,19990.76,332.56,0,15413.61,2211.21,5215.8,92744.61,0,22147.58,0,0,117071.29,0,0,0,3831.43,3618.81,0,36298.54,39341.86,91.46,3634.51,25313.09,0,0,0,0
2006-08-21 13:00:00,0,2957.17,0,510.01,15630.11,9795.88,9038.49,0,0,3071.41,20802.12,354.09,0,15658.93,2304.88,5472.73,96290.68,0,22839.57,0,0,121920.1,0,0,0,4014.98,3797.51,0,37740.37,40554.56,94.11,3786.11,26575.99,0,0,0,0
2006-08-21 14:00:00,0,3057.52,0,528.95,16221.37,10152.94,9373.43,0,0,3177.18,21313.06,372.15,0,16082.44,2378.18,5701.34,98987.28,0,23301.18,0,0,125987.44,0,0,0,4151.2,3934.79,0,38960.85,41389.48,97.63,3892.71,27523.99,0,0,0,0
2006-08-21 15:00:00,0,3128.17,0,542.03,16563.65,10326.09,9602.9,0,0,3206.08,21619.65,387.94,0,16513.9,2427.24,5872.45,101100.52,0,23594.0,0,0,128927.71,0,0,0,4232.35,4019.89,0,39902.42,41810.82,99.63,3929.14,28051.07,0,0,0,0
2006-08-21 16:00:00,0,3195.46,0,540.54,16706.27,10121.08,9727.47,0,0,3129.01,21463.01,399.52,0,16851.65,2434.56,5949.04,102209.9,0,23778.77,0,0,129935.26,0,0,0,4239.4,4047.18,0,40201.62,41970.46,102.52,3838.78,28002.5,0,0,0,0
2006-08-21 17:00:00,0,3240.24,0,527.98,16602.25,9706.61,9815.44,0,0,3009.94,21020.01,401.56,0,17110.79,2379.62,5949.64,101519.57,0,23774.45,0,0,128906.65,0,0,0,4170.79,4008.37,0,39872.29,41972.55,102.74,3706.66,27802.82,0,0,0,0
2006-08-21 18:00:00,0,3240.25,0,508.0,16268.07,9382.47,9778.92,0,0,2939.79,20477.01,391.87,0,16949.84,2248.17,5832.39,99262.39,0,23362.92,0,0,126565.44,0,0,0,4070.14,3913.09,0,39164.17,41540.57,99.6,3663.91,27298.24,0,0,0,0
2006-08-21 19:00:00,0,3238.97,0,475.21,16401.65,9139.69,9585.53,0,0,2958.01,19819.24,372.03,0,17450.59,2161.03,5596.15,98152.26,0,23911.36,0,0,121621.64,0,0,0,3922.02,3727.26,0,37624.98,40695.87,95.41,3570.61,26062.86,0,0,0,0
2006-08-21 20:00:00,0,3016.84,0,444.58,15906.85,8695.14,8976.52,0,0,2778.22,18684.68,341.24,0,16225.74,2044.31,5227.63,92603.87,0,22197.92,0,0,114223.2,0,0,0,3797.47,3571.86,0,36486.97,39654.04,90.37,3320.7,25009.39,0,0,0,0
2006-08-21 21:00:00,0,2836.08,0,414.85,15155.98,8083.8,8414.16,0,0,2599.51,17600.36,322.43,0,15066.2,1930.28,4817.57,88110.66,0,20851.98,0,0,106880.12,0,0,0,3607.98,3398.43,0,35101.04,37940.37,84.82,3081.56,24217.34,0,0,0,0
2006-08-21 22:00:00,0,2623.13,0,387.31,14080.16,7375.43,7861.36,0,0,2427.62,16446.57,298.53,0,13988.49,1800.99,4463.32,83446.49,0,19427.31,0,0,100283.26,0,0,0,3362.23,3194.41,0,32711.12,36088.41,80.05,2855.1,22609.06,0,0,0,0
2006-08-21 23:00:00,0,2351.5,0,360.35,13029.94,6698.91,7311.15,0,0,2258.03,15234.89,275.69,0,12978.19,1661.61,4111.97,78633.69,0,18112.38,0,0,94442.52,0,0,0,3135.2,2978.63,0,30439.48,33148.06,75.76,2645.04,20998.77,0,0,0,0
2006-08-22 00:00:00,0,2120.19,0,334.06,12019.72,6031.07,6767.12,0,0,2079.98,14023.69,252.8,0,12119.85,1510.38,3805.66,74220.53,0,16764.76,0,0,89112.99,0,0,0,2925.34,2773.55,0,28245.04,30684.67,71.1,2443.5,19420.31,0,0,0,0
2006-08-22 01:00:00,0,1909.97,0,306.72,11175.31,5461.52,6241.49,0,0,1919.71,12962.36,229.43,0,11495.67,1378.57,3549.29,70074.28,0,15698.17,0,0,84707.78,0,0,0,2773.51,2617.76,0,26556.23,28582.94,66.42,2257.95,17990.04,0,0,0,0
2006-08-22 02:00:00,0,1757.99,0,283.48,10669.3,5143.12,5927.16,0,0,1795.01,12215.4,212.29,0,11198.56,1300.58,3355.44,66642.88,0,15051.24,0,0,81381.86,0,0,0,2676.23,2515.97,0,25780.44,27113.41,63.15,2134.97,16963.62,0,0,0,0
2006-08-22 03:00:00,0,1695.92,0,275.28,10395.9,5018.27,5872.38,0,0,1739.65,11885.58,204.81,0,11176.39,1265.51,3232.17,64581.99,0,14609.63,0,0,80137.33,0,0,0,2623.85,2473.06,0,25179.59,26246.18,61.23,2081.38,16230.26,0,0,0,0
2006-08-22 04:00:00,0,1684.86,0,279.86,10468.44,5062.53,6002.38,0,0,1778.92,11967.19,207.69,0,11218.59,1301.06,3254.44,64387.13,0,14602.37,0,0,80566.65,0,0,0,2651.6,2472.69,0,25174.95,25903.75,61.15,2117.0,16126.69,0,0,0,0
2006-08-22 05:00:00,0,1707.29,0,288.02,10873.21,5238.44,6173.25,0,0,1829.97,12329.0,211.57,0,11287.39,1337.91,3321.26,65342.4,0,14818.49,0,0,82038.45,0,0,0,2706.29,2499.43,0,25425.19,26122.13,62.13,2183.49,16335.9,0,0,0,0
2006-08-22 06:00:00,0,1732.47,0,297.05,11363.9,5410.89,6398.7,0,0,1881.5,12722.12,214.27,0,12619.65,1382.44,3402.62,66558.8,0,16678.18,0,0,87016.56,0,0,0,2771.81,2539.9,0,25883.51,26538.34,63.2,2252.31,16618.93,0,0,0,0
2006-08-22 07:00:00,0,1797.17,0,330.15,11992.43,5826.94,6823.1,0,0,2063.88,13778.4,229.41,0,13540.43,1516.97,3742.27,70782.64,0,18018.72,0,0,92840.84,0,0,0,2923.35,2654.11,0,26955.2,27167.16,64.65,2411.81,17348.89,0,0,0,0
2006-08-22 08:00:00,0,1999.08,0,358.69,12634.88,6340.88,7163.69,0,0,2251.24,15264.34,248.28,0,14343.1,1630.22,4057.33,75429.6,0,19319.02,0,0,99481.65,0,0,0,3102.99,2832.18,0,28348.38,29211.84,67.71,2600.7,18566.81,0,0,0,0
2006-08-22 09:00:00,0,2207.29,0,389.42,13166.38,6971.22,7531.57,0,0,2439.21,16694.1,265.93,0,15143.78,1786.09,4357.3,80284.81,0,20317.2,0,0,105324.89,0,0,0,3234.17,2985.01,0,29540.37,31632.38,71.99,2829.22,19606.93,0,0,0,0
2006-08-22 10:00:00,0,2449.86,0,422.2,13781.53,7834.27,7872.44,0,0,2663.73,18315.5,293.99,0,15894.15,1981.1,4642.84,84732.67,0,21215.76,0,0,112104.99,0,0,0,3497.14,3274.01,0,31541.9,34297.97,77.09,3144.93,20775.34,0,0,0,0
2006-08-22 11:00:00,0,2668.74,0,453.77,14574.26,8753.29,8418.24,0,0,2871.52,19703.37,320.8,0,16478.81,2131.09,4842.86,88389.2,0,22214.15,0,0,118711.43,0,0,0,3752.21,3535.49,0,33978.39,36750.22,84.2,3444.26,22394.3,0,0,0,0
2006-08-22 12:00:00,0,2885.79,0,481.08,15256.81,9380.31,8974.64,0,0,3029.83,20523.75,343.05,0,16976.15,2244.36,5110.57,92793.43,0,23124.61,0,0,124470.1,0,0,0,3948.37,3743.65,0,36222.56,38868.79,90.03,3649.55,23871.65,0,0,0,0
2006-08-22 13:00:00,0,3104.64,0,503.41,15897.6,9817.26,9469.87,0,0,3143.03,20884.64,363.34,0,17439.06,2331.71,5340.76,96250.11,0,23826.87,0,0,128597.84,0,0,0,4072.06,3883.01,0,38067.94,40701.49,94.38,3787.71,25043.27,0,0,0,0
2006-08-22 14:00:00,0,3305.88,0,522.19,16330.25,10163.43,9781.1,0,0,3207.5,21160.88,376.78,0,17859.15,2401.36,5502.01,98700.47,0,24348.58,0,0,131675.78,0,0,0,4165.78,3977.08,0,39271.66,42291.91,97.97,3901.8,26048.69,0,0,0,0
2006-08-22 15:00:00,0,3447.8,0,535.35,16550.44,10375.26,9897.87,0,0,3226.89,21230.04,376.59,0,18211.89,2458.83,5628.87,100629.73,0,24751.29,0,0,133580.37,0,0,0,4194.01,3996.74,0,39899.71,43547.71,100.36,3974.07,26639.56,0,0,0,0
2006-08-22 16:00:00,0,3556.49,0,538.72,16697.15,10333.63,10012.11,0,0,3183.73,21020.68,381.93,0,18479.94,2479.61,5700.43,101384.11,0,24907.26,0,0,134006.87,0,0,0,4185.37,3988.84,0,39928.86,44414.47,101.25,3998.56,26799.93,0,0,0,0
2006-08-22 17:00:00,0,3614.9,0,526.37,16547.78,10017.31,9963.92,0,0,3090.49,20683.55,379.09,0,18581.62,2447.62,5669.73,100315.3,0,24916.42,0,0,132335.02,0,0,0,4104.34,3924.23,0,39478.23,44709.34,99.77,3916.19,26696.06,0,0,0,0
2006-08-22 18:00:00,0,3605.67,0,491.65,16303.85,9600.43,9894.5,0,0,2975.53,20232.48,367.36,0,18256.34,2325.74,5482.46,98308.05,0,24252.1,0,0,129091.77,0,0,0,4044.74,3871.27,0,38541.31,44299.63,96.65,3763.71,26005.49,0,0,0,0
2006-08-22 19:00:00,0,3648.18,0,463.19,16390.69,9232.74,9768.96,0,0,2945.72,19889.41,363.0,0,18504.0,2233.28,5360.36,98376.92,0,24572.18,0,0,123834.27,0,0,0,3916.27,3730.97,0,37292.75,43898.3,92.14,3602.34,25130.54,0,0,0,0
2006-08-22 20:00:00,0,3318.03,0,451.11,15921.52,8817.56,9178.15,0,0,2753.12,18666.62,346.83,0,17177.98,2061.49,4931.33,93084.59,0,22916.23,0,0,116747.73,0,0,0,3819.32,3601.04,0,36022.99,42144.5,88.43,3389.71,23858.19,0,0,0,0
2006-08-22 21:00:00,0,3065.11,0,431.05,15099.73,8208.6,8634.88,0,0,2577.34,17669.09,327.97,0,15931.72,1899.39,4537.65,88757.54,0,21497.63,0,0,109812.87,0,0,0,3636.8,3427.13,0,34656.38,40204.41,82.77,3160.11,23002.81,0,0,0,0
2006-08-22 22:00:00,0,2836.68,0,394.12,14029.82,7543.43,8090.99,0,0,2413.55,16619.44,303.98,0,14771.95,1758.79,4215.65,84181.32,0,19897.86,0,0,103079.46,0,0,0,3396.02,3234.5,0,32287.39,38522.64,77.76,2955.44,21380.47,0,0,0,0
2006-08-22 23:00:00,0,2529.98,0,355.95,13006.95,6895.26,7519.27,0,0,2254.3,15521.57,281.55,0,13692.21,1627.38,3910.69,79361.79,0,18480.35,0,0,97259.78,0,0,0,3174.57,3033.58,0,30057.83,35766.14,73.09,2763.27,19682.58,0,0,0,0
2006-08-23 00:00:00,0,2267.89,0,325.03,12002.0,6248.97,6942.94,0,0,2097.19,14421.82,257.95,0,12609.32,1503.68,3638.79,75048.23,0,17182.2,0,0,91899.37,0,0,0,2972.94,2843.08,0,27961.17,33170.26,68.63,2567.7,18085.04,0,0,0,0
2006-08-23 01:00:00,0,2041.66,0,297.91,11181.35,5717.0,6440.84,0,0,1953.51,13366.19,234.31,0,11961.22,1382.91,3418.38,70825.97,0,16076.02,0,0,86751.61,0,0,0,2808.76,2693.07,0,26463.37,30821.22,64.89,2390.4,16627.15,0,0,0,0
2006-08-23 02:00:00,0,1868.43,0,276.0,10684.35,5388.45,6118.61,0,0,1839.64,12597.89,218.56,0,11619.7,1305.32,3236.41,67105.21,0,15352.11,0,0,82913.88,0,0,0,2694.24,2578.2,0,25574.27,28962.46,62.34,2273.61,15564.86,0,0,0,0
2006-08-23 03:00:00,0,1778.55,0,269.7,10418.44,5255.27,6062.24,0,0,1794.88,12224.54,208.04,0,11477.47,1278.11,3131.87,65120.0,0,14964.07,0,0,81240.98,0,0,0,2634.21,2516.27,0,24822.29,27935.18,60.8,2214.81,15020.04,0,0,0,0
2006-08-23 04:00:00,0,1721.56,0,275.87,10530.09,5266.61,6204.63,0,0,1826.02,12239.92,208.8,0,11506.69,1314.05,3176.35,64941.95,0,14923.25,0,0,81407.64,0,0,0,2653.4,2506.02,0,24773.66,27368.41,60.55,2223.36,14949.02,0,0,0,0
2006-08-23 05:00:00,0,1736.96,0,284.8,10962.92,5409.59,6391.46,0,0,1871.73,12564.07,212.08,0,11583.72,1353.08,3261.23,65927.78,0,15143.96,0,0,82417.95,0,0,0,2699.41,2533.68,0,25122.6,27476.64,60.75,2281.31,15133.58,0,0,0,0
2006-08-23 06:00:00,0,1753.77,0,294.06,11480.88,5572.17,6596.12,0,0,1918.62,12897.62,213.63,0,12965.78,1389.61,3362.83,67162.44,0,17028.69,0,0,87903.58,0,0,0,2762.52,2571.78,0,25525.16,27722.25,61.37,2344.23,15262.0,0,0,0,0
2006-08-23 07:00:00,0,1840.64,0,328.45,12146.28,6009.53,6905.68,0,0,2082.18,13828.18,229.79,0,13877.44,1509.79,3666.33,71449.39,0,18175.83,0,0,93132.64,0,0,0,2890.82,2662.17,0,26652.24,28479.03,63.08,2564.67,16086.01,0,0,0,0
2006-08-23 08:00:00,0,2061.52,0,361.59,12685.6,6678.83,7177.26,0,0,2284.77,15215.45,252.87,0,14642.79,1622.79,3975.49,75714.46,0,19386.72,0,0,100064.9,0,0,0,3039.99,2809.23,0,27744.56,30735.74,67.02,2807.98,17309.98,0,0,0,0
2006-08-23 09:00:00,0,2339.98,0,389.52,13090.51,7324.27,7488.77,0,0,2479.87,16729.41,268.57,0,15416.33,1756.16,4344.94,79842.76,0,20566.09,0,0,106464.81,0,0,0,3203.82,2964.32,0,29346.21,33682.19,72.14,3010.99,18685.32,0,0,0,0
2006-08-23 10:00:00,0,2633.11,0,421.33,13837.42,8131.57,8055.23,0,0,2709.96,18532.04,292.82,0,16013.74,1945.46,4658.18,84097.76,0,21424.24,0,0,113474.26,0,0,0,3472.13,3221.71,0,32512.66,36480.22,77.88,3274.87,19921.07,0,0,0,0
2006-08-23 11:00:00,0,2896.06,0,452.47,15010.92,8917.34,8706.4,0,0,2919.86,19971.56,318.06,0,16323.76,2119.3,4945.84,87753.07,0,21891.87,0,0,119609.91,0,0,0,3688.15,3459.78,0,35186.13,39354.06,84.9,3500.31,21559.46,0,0,0,0
2006-08-23 12:00:00,0,3126.65,0,479.26,15990.66,9522.19,9252.35,0,0,3081.57,20967.91,340.95,0,16495.94,2256.87,5214.99,91786.51,0,22290.04,0,0,124424.18,0,0,0,3828.6,3606.78,0,37139.53,41596.59,89.7,3665.17,22936.02,0,0,0,0
2006-08-23 13:00:00,0,3353.93,0,500.81,16789.88,9932.75,9692.47,0,0,3204.3,21515.21,361.5,0,16489.59,2357.23,5433.77,95899.04,0,22732.14,0,0,127596.21,0,0,0,3921.74,3690.51,0,38661.22,43614.1,93.79,3774.01,24108.04,0,0,0,0
2006-08-23 14:00:00,0,3538.49,0,519.05,17319.22,10248.61,10058.23,0,0,3277.96,21749.0,377.52,0,16491.07,2433.92,5608.15,98888.16,0,23021.59,0,0,129934.1,0,0,0,3950.99,3724.46,0,39720.53,45211.04,97.06,3853.6,25037.47,0,0,0,0
2006-08-23 15:00:00,0,3670.66,0,533.59,17726.05,10412.09,10328.72,0,0,3323.8,21908.9,391.83,0,16480.25,2479.66,5744.74,101005.69,0,23226.5,0,0,131762.05,0,0,0,3950.14,3756.3,0,40393.5,46334.34,99.25,3895.52,25706.37,0,0,0,0
2006-08-23 16:00:00,0,3740.11,0,541.58,17829.14,10360.33,10392.79,0,0,3262.31,21609.25,396.1,0,16609.19,2489.2,5800.08,101749.22,0,23168.38,0,0,131805.97,0,0,0,3920.42,3744.3,0,40399.84,46935.09,100.14,3942.56,26036.76,0,0,0,0
2006-08-23 17:00:00,0,3750.7,0,528.86,17692.04,10105.53,10308.64,0,0,3140.71,21091.96,389.37,0,16728.33,2460.35,5774.15,100988.39,0,23051.44,0,0,130470.21,0,0,0,3889.15,3715.84,0,39919.79,47011.64,99.38,3903.72,26051.9,0,0,0,0
2006-08-23 18:00:00,0,3695.88,0,486.14,17287.39,9647.7,10070.95,0,0,2996.55,20535.2,373.72,0,16521.92,2330.74,5595.07,99454.63,0,22413.29,0,0,126536.6,0,0,0,3857.91,3703.02,0,38873.66,46232.86,96.76,3761.69,25351.71,0,0,0,0
2006-08-23 19:00:00,0,3726.62,0,452.77,16994.39,9159.93,9741.28,0,0,2940.51,19864.79,366.31,0,17003.35,2208.07,5538.85,99701.27,0,22902.85,0,0,121781.97,0,0,0,3754.31,3568.02,0,37750.94,45934.71,93.59,3605.79,24720.83,0,0,0,0
2006-08-23 20:00:00,0,3361.55,0,434.81,16266.18,8695.75,9025.22,0,0,2744.43,18744.9,351.03,0,15723.75,2063.87,5066.57,94417.42,0,21464.14,0,0,114617.76,0,0,0,3670.3,3431.91,0,36188.11,43809.88,89.52,3362.89,23289.03,0,0,0,0
2006-08-23 21:00:00,0,3113.25,0,410.32,15358.79,8091.16,8373.6,0,0,2562.48,17599.92,331.0,0,14514.02,1872.83,4675.03,89965.5,0,20271.16,0,0,107529.69,0,0,0,3515.23,3271.85,0,34506.71,41722.95,83.6,3139.88,22306.29,0,0,0,0
2006-08-23 22:00:00,0,2901.92,0,379.71,14100.1,7427.51,7745.92,0,0,2391.5,16527.78,303.54,0,13378.41,1723.13,4349.31,85203.96,0,18932.61,0,0,101536.27,0,0,0,3309.68,3087.63,0,31910.79,40066.47,78.04,2932.11,20539.87,0,0,0,0
2006-08-23 23:00:00,0,2611.06,0,351.01,12899.13,6787.78,7146.07,0,0,2238.35,15425.43,280.29,0,12346.28,1609.43,4057.49,80353.52,0,17802.98,0,0,96047.45,0,0,0,3124.28,2917.33,0,29534.55,37307.56,73.09,2721.3,18770.45,0,0,0,0
2006-08-24 00:00:00,0,2326.09,0,323.05,11794.92,6163.15,6548.91,0,0,2083.61,14297.16,255.31,0,11478.6,1477.38,3769.49,76139.44,0,16596.2,0,0,91020.97,0,0,0,2924.87,2734.54,0,27372.08,34544.71,69.07,2524.52,17134.09,0,0,0,0
2006-08-24 01:00:00,0,2097.27,0,296.75,10840.81,5610.83,6016.24,0,0,1947.15,13252.27,231.19,0,10889.21,1350.69,3521.89,71954.09,0,15556.92,0,0,86824.68,0,0,0,2772.9,2599.76,0,25851.73,32032.63,65.69,2338.75,15708.76,0,0,0,0
2006-08-24 02:00:00,0,1906.3,0,275.27,10298.85,5310.29,5730.36,0,0,1837.89,12523.76,213.02,0,10591.95,1278.12,3326.68,68586.32,0,14838.86,0,0,83316.17,0,0,0,2668.2,2511.1,0,24927.55,29988.4,63.04,2236.09,14885.21,0,0,0,0
2006-08-24 03:00:00,0,1822.6,0,268.68,10049.6,5195.67,5640.09,0,0,1789.97,12235.41,201.98,0,10678.84,1253.79,3221.11,66423.27,0,14612.81,0,0,82031.97,0,0,0,2611.58,2458.54,0,24424.77,28553.55,60.6,2174.0,14425.63,0,0,0,0
2006-08-24 04:00:00,0,1761.98,0,274.8,10146.22,5223.44,5733.43,0,0,1828.91,12269.2,203.98,0,10842.88,1288.72,3239.43,66107.05,0,14578.52,0,0,82500.81,0,0,0,2648.62,2486.75,0,24593.77,27833.11,60.06,2198.9,14396.85,0,0,0,0
2006-08-24 05:00:00,0,1768.16,0,284.21,10548.76,5403.77,5873.76,0,0,1876.41,12572.06,209.46,0,11069.29,1327.37,3311.11,67152.27,0,14989.69,0,0,83854.74,0,0,0,2706.04,2523.66,0,24998.21,27860.74,60.68,2272.0,14676.12,0,0,0,0
2006-08-24 06:00:00,0,1776.05,0,294.29,11041.58,5582.31,6071.24,0,0,1925.01,12896.74,216.27,0,12305.91,1367.56,3398.52,68371.6,0,16282.36,0,0,88046.23,0,0,0,2780.0,2570.66,0,25371.99,28134.0,61.72,2342.69,14954.1,0,0,0,0
2006-08-24 07:00:00,0,1838.29,0,328.8,11800.66,6081.29,6477.54,0,0,2100.67,13877.53,232.89,0,12894.2,1502.94,3722.83,71804.69,0,17464.64,0,0,93657.19,0,0,0,2893.24,2642.51,0,26533.19,28683.88,62.99,2556.48,15746.5,0,0,0,0
2006-08-24 08:00:00,0,2062.75,0,359.85,12414.33,6614.67,6843.98,0,0,2259.28,15114.22,254.31,0,13381.09,1615.1,4022.69,76226.41,0,18082.74,0,0,98448.45,0,0,0,3012.4,2732.41,0,27957.08,31172.8,67.2,2771.44,17067.36,0,0,0,0
2006-08-24 09:00:00,0,2245.83,0,387.25,12944.73,7278.7,7218.86,0,0,2439.65,16510.1,269.24,0,13829.53,1764.55,4417.18,80380.78,0,18785.45,0,0,102779.33,0,0,0,3126.65,2847.76,0,29444.21,33993.18,72.14,2993.07,18707.87,0,0,0,0
2006-08-24 10:00:00,0,2507.63,0,424.65,13786.22,8064.58,7844.95,0,0,2667.07,18215.56,294.71,0,14093.56,1953.86,4792.96,84788.14,0,19675.25,0,0,107454.63,0,0,0,3298.12,3052.88,0,31894.53,36823.86,77.17,3245.64,20221.73,0,0,0,0
2006-08-24 11:00:00,0,2858.03,0,458.25,14957.94,8797.27,8623.31,0,0,2886.37,19560.15,319.6,0,14479.95,2107.19,5149.67,89076.65,0,20294.8,0,0,114053.52,0,0,0,3493.43,3267.11,0,34568.13,40011.53,84.43,3433.47,22453.11,0,0,0,0
2006-08-24 12:00:00,0,3219.03,0,485.81,15951.4,9299.6,9273.39,0,0,3039.4,20405.26,341.17,0,14758.62,2218.21,5452.01,93931.02,0,20808.3,0,0,120705.37,0,0,0,3544.85,3358.75,0,36652.57,43052.71,90.95,3545.97,24016.64,0,0,0,0
2006-08-24 13:00:00,0,3522.37,0,511.32,16716.17,9576.93,9763.54,0,0,3129.23,20950.15,360.37,0,14928.86,2285.97,5711.96,97683.35,0,21206.69,0,0,125640.87,0,0,0,3585.42,3423.88,0,38237.13,45593.26,95.94,3587.87,25253.01,0,0,0,0
2006-08-24 14:00:00,0,3769.83,0,531.77,17271.51,9674.73,10116.31,0,0,3156.29,21203.49,372.07,0,15120.79,2335.84,5920.37,100432.15,0,21502.12,0,0,129852.81,0,0,0,3641.19,3488.51,0,39514.34,47578.99,99.52,3632.33,26310.98,0,0,0,0
2006-08-24 15:00:00,0,3942.95,0,536.69,17586.08,9617.06,10292.39,0,0,3096.07,20954.61,362.96,0,15356.0,2330.81,6083.23,102214.85,0,21782.36,0,0,132640.32,0,0,0,3673.33,3508.13,0,40197.41,48961.48,101.44,3696.42,27050.4,0,0,0,0
2006-08-24 16:00:00,0,4023.01,0,490.95,17544.9,9374.56,10276.06,0,0,2957.08,20513.42,362.67,0,15676.49,2309.77,6163.14,102661.94,0,21995.22,0,0,133555.03,0,0,0,3693.62,3533.69,0,39994.73,49514.09,102.1,3673.67,27413.35,0,0,0,0
2006-08-24 17:00:00,0,4014.4,0,473.18,17326.91,9159.36,10183.68,0,0,2879.62,20073.32,358.53,0,15955.44,2256.32,6168.17,101479.28,0,21945.51,0,0,132397.9,0,0,0,3701.21,3554.21,0,39257.66,49357.71,101.32,3598.75,27534.36,0,0,0,0
2006-08-24 18:00:00,0,3921.92,0,456.59,16725.59,8931.6,9947.99,0,0,2838.99,19693.97,353.55,0,15888.96,2151.02,6047.98,99076.38,0,21336.62,0,0,129394.72,0,0,0,3686.96,3567.87,0,38094.11,48241.82,98.69,3534.0,27097.74,0,0,0,0
2006-08-24 19:00:00,0,3942.23,0,436.55,16669.64,8799.69,9789.95,0,0,2857.91,19546.33,340.64,0,16289.31,2062.24,5855.93,98868.03,0,22122.27,0,0,126311.81,0,0,0,3586.61,3439.29,0,37230.03,47782.51,96.61,3455.13,25958.2,0,0,0,0
2006-08-24 20:00:00,0,3617.02,0,420.94,16012.68,8451.96,9129.15,0,0,2695.23,18515.34,332.37,0,15088.91,1936.62,5415.64,93573.93,0,20796.95,0,0,119362.78,0,0,0,3500.33,3308.72,0,35874.61,45992.94,92.11,3266.23,24396.3,0,0,0,0
2006-08-24 21:00:00,0,3358.03,0,398.5,15125.43,7890.03,8495.07,0,0,2532.25,17530.3,314.74,0,14017.79,1793.9,5009.02,89364.84,0,19658.47,0,0,112397.93,0,0,0,3344.22,3142.43,0,34258.66,43889.55,85.67,3062.76,23363.46,0,0,0,0
2006-08-24 22:00:00,0,3126.71,0,370.95,13891.27,7277.21,7849.58,0,0,2372.07,16495.02,293.79,0,13039.99,1689.83,4652.22,85003.61,0,18455.38,0,0,106195.06,0,0,0,3132.51,2939.71,0,31560.32,42105.85,80.2,2872.37,21614.92,0,0,0,0
2006-08-24 23:00:00,0,2828.97,0,343.88,12740.81,6672.63,7255.29,0,0,2215.87,15445.44,272.36,0,12119.36,1590.53,4328.27,80578.23,0,17264.53,0,0,100301.97,0,0,0,2934.09,2745.72,0,29177.39,39612.04,75.21,2690.13,19897.12,0,0,0,0
2006-08-25 00:00:00,0,2583.04,0,315.2,11685.07,6064.04,6658.29,0,0,2061.73,14330.53,247.46,0,11295.69,1473.41,4024.86,76418.05,0,16111.6,0,0,94968.82,0,0,0,2739.99,2565.46,0,26971.08,37270.75,70.94,2511.43,18304.54,0,0,0,0
2006-08-25 01:00:00,0,2370.94,0,290.35,10848.98,5546.87,6128.9,0,0,1921.75,13289.77,225.14,0,10832.72,1357.29,3764.55,72692.13,0,15121.67,0,0,90683.19,0,0,0,2599.41,2419.45,0,25494.11,35012.16,67.85,2346.15,16941.63,0,0,0,0
2006-08-25 02:00:00,0,2190.52,0,270.28,10279.12,5274.31,5798.54,0,0,1812.49,12548.63,208.81,0,10656.13,1283.68,3536.89,69205.56,0,14514.35,0,0,87035.74,0,0,0,2508.03,2334.34,0,24609.05,33175.02,65.75,2252.59,16013.37,0,0,0,0
2006-08-25 03:00:00,0,2071.67,0,266.08,10031.21,5166.11,5699.49,0,0,1779.04,12193.09,203.98,0,10709.49,1263.7,3403.97,67124.13,0,14143.05,0,0,85640.11,0,0,0,2469.63,2321.07,0,24088.29,31848.45,64.38,2198.21,15484.67,0,0,0,0
2006-08-25 04:00:00,0,2003.54,0,273.27,10121.48,5232.86,5771.93,0,0,1816.29,12239.89,209.05,0,10827.08,1308.8,3436.84,66924.69,0,14198.83,0,0,86285.12,0,0,0,2537.41,2360.1,0,24207.03,31101.49,64.14,2227.35,15393.82,0,0,0,0
2006-08-25 05:00:00,0,2006.17,0,282.08,10499.37,5422.78,5926.62,0,0,1872.66,12598.36,214.03,0,10998.92,1352.11,3505.84,67795.25,0,14540.51,0,0,87761.63,0,0,0,2606.58,2409.52,0,24648.21,30763.53,63.97,2304.55,15601.65,0,0,0,0
2006-08-25 06:00:00,0,2035.21,0,292.73,11072.39,5586.88,6164.1,0,0,1925.32,12967.81,219.21,0,12295.23,1397.01,3590.65,69045.84,0,15497.62,0,0,91991.63,0,0,0,2678.0,2457.49,0,25184.46,30721.76,64.22,2365.72,15838.83,0,0,0,0
2006-08-25 07:00:00,0,2099.0,0,325.51,11728.25,6024.86,6632.88,0,0,2089.08,13900.87,230.41,0,12777.03,1495.61,3901.14,72360.39,0,16925.2,0,0,98167.82,0,0,0,2787.56,2546.68,0,26348.16,30859.54,65.02,2554.49,16867.47,0,0,0,0
2006-08-25 08:00:00,0,2309.47,0,351.61,12467.92,6517.44,7171.04,0,0,2251.08,15103.88,247.5,0,13165.38,1555.2,4274.93,76628.65,0,18094.12,0,0,104942.2,0,0,0,2934.26,2701.73,0,27639.66,32861.53,69.42,2748.21,18468.53,0,0,0,0
2006-08-25 09:00:00,0,2530.48,0,375.67,13069.93,7128.25,7728.39,0,0,2426.71,16354.55,258.59,0,13554.2,1612.23,4660.44,80907.72,0,19084.99,0,0,111211.41,0,0,0,3065.95,2828.45,0,28708.71,35142.5,75.91,2971.64,20267.26,0,0,0,0
2006-08-25 10:00:00,0,2763.45,0,408.28,14188.28,7731.21,8526.47,0,0,2604.03,17868.56,273.15,0,14051.48,1757.81,5191.23,85241.22,0,20033.47,0,0,119459.63,0,0,0,3182.49,2986.21,0,30389.25,37153.74,81.95,3177.08,22307.79,0,0,0,0
2006-08-25 11:00:00,0,3056.59,0,435.79,15364.27,8246.91,9206.46,0,0,2789.92,19216.91,292.46,0,14455.31,1932.41,5673.26,89169.62,0,20834.3,0,0,127740.54,0,0,0,3405.4,3248.75,0,32594.08,39748.24,87.85,3346.26,24376.26,0,0,0,0
2006-08-25 12:00:00,0,3278.67,0,456.49,16333.12,8560.57,9753.56,0,0,2905.18,19878.45,299.3,0,14794.52,2055.75,6047.72,93331.88,0,21455.85,0,0,133280.47,0,0,0,3627.81,3480.57,0,34403.07,42050.41,93.9,3476.73,25887.12,0,0,0,0
2006-08-25 13:00:00,0,3501.38,0,470.11,17167.4,8847.71,10212.46,0,0,2972.84,20239.2,310.94,0,15037.06,2097.34,6344.02,97582.48,0,21825.05,0,0,137786.36,0,0,0,3825.61,3685.43,0,35747.75,44275.54,97.02,3577.08,27165.24,0,0,0,0
2006-08-25 14:00:00,0,3636.98,0,469.39,17631.83,9040.07,10539.05,0,0,3011.7,20462.21,320.92,0,15251.94,2065.55,6562.0,100763.26,0,22136.9,0,0,141570.61,0,0,0,3985.35,3841.9,0,36729.32,45883.71,99.34,3662.19,28146.49,0,0,0,0
2006-08-25 15:00:00,0,3645.42,0,464.51,17891.87,9159.99,10704.06,0,0,3022.25,20564.5,326.48,0,15435.01,2100.32,6689.64,102710.26,0,22275.91,0,0,143727.91,0,0,0,4103.24,3944.79,0,37265.25,46697.08,102.08,3734.47,28750.42,0,0,0,0
2006-08-25 16:00:00,0,3692.49,0,454.0,17982.78,9152.04,10739.72,0,0,3000.21,20524.15,330.64,0,15368.09,2129.75,6724.01,103174.98,0,21937.92,0,0,143597.8,0,0,0,4162.55,4004.16,0,37361.63,47151.4,105.03,3743.87,28938.49,0,0,0,0
2006-08-25 17:00:00,0,3705.32,0,449.68,17859.95,9105.32,10602.88,0,0,2951.04,20313.13,332.45,0,15343.46,2109.02,6650.48,102419.38,0,21891.32,0,0,141506.41,0,0,0,4141.5,3995.49,0,37050.34,46835.58,105.42,3689.64,28767.5,0,0,0,0
2006-08-25 18:00:00,0,3684.3,0,442.69,17390.06,9016.86,10302.01,0,0,2904.9,20009.6,330.62,0,15189.77,2079.16,6389.83,100009.78,0,21545.29,0,0,138341.93,0,0,0,4030.61,3899.21,0,36306.44,45711.61,103.57,3637.02,27767.56,0,0,0,0
2006-08-25 19:00:00,0,3636.72,0,414.69,16261.98,8420.95,9695.09,0,0,2793.23,19197.54,310.15,0,14621.64,2027.49,5948.07,95386.32,0,20976.31,0,0,126164.68,0,0,0,3811.09,3723.29,0,34776.98,43776.39,91.26,3444.67,25427.37,0,0,0,0
2006-08-25 20:00:00,0,3381.91,0,399.06,15588.92,8131.74,9005.48,0,0,2639.86,18154.8,302.59,0,13810.98,1913.11,5529.72,91536.53,0,19922.72,0,0,119727.69,0,0,0,3677.06,3570.12,0,33671.8,42444.11,87.48,3255.43,24280.78,0,0,0,0
2006-08-25 21:00:00,0,3177.77,0,376.82,14886.73,7681.04,8396.52,0,0,2486.22,17106.07,291.46,0,13061.64,1809.5,5175.94,88090.89,0,19119.36,0,0,113725.16,0,0,0,3538.36,3412.82,0,32385.95,40478.71,82.95,3059.2,23447.61,0,0,0,0
2006-08-25 22:00:00,0,3063.26,0,351.1,13686.93,7097.76,7775.35,0,0,2341.03,16077.89,271.94,0,12282.77,1706.16,4874.95,84296.76,0,17896.34,0,0,108067.01,0,0,0,3294.27,3200.2,0,30223.48,38704.17,78.72,2880.85,22128.37,0,0,0,0
2006-08-25 23:00:00,0,2855.95,0,324.18,12520.64,6509.96,7181.99,0,0,2198.41,15033.57,252.85,0,11514.26,1598.15,4538.97,79824.47,0,16858.55,0,0,102614.15,0,0,0,3051.91,2994.2,0,28272.94,36720.29,75.74,2706.79,20572.6,0,0,0,0
2006-08-26 00:00:00,0,2621.02,0,295.84,11480.32,5963.29,6577.42,0,0,2043.34,13987.44,234.09,0,10686.57,1487.29,4224.37,75575.51,0,15585.88,0,0,96894.36,0,0,0,2833.62,2786.43,0,26348.65,34934.59,72.52,2533.97,19072.46,0,0,0,0
2006-08-26 01:00:00,0,2439.66,0,274.09,10534.58,5468.79,6052.26,0,0,1900.17,12980.03,214.98,0,10204.51,1383.51,3950.9,71516.37,0,14598.19,0,0,91804.86,0,0,0,2648.39,2599.47,0,25064.16,33381.24,69.17,2363.54,17709.21,0,0,0,0
2006-08-26 02:00:00,0,2299.3,0,259.06,9879.32,5128.53,5633.97,0,0,1796.84,12257.92,199.91,0,10145.07,1306.74,3716.68,68298.1,0,13835.85,0,0,87953.43,0,0,0,2550.49,2475.34,0,24167.86,31835.56,65.5,2219.06,16592.01,0,0,0,0
2006-08-26 03:00:00,0,2154.99,0,251.12,9416.08,4902.57,5425.0,0,0,1728.69,11832.27,191.21,0,10129.43,1243.56,3569.86,66279.9,0,13519.68,0,0,85106.03,0,0,0,2477.22,2394.17,0,23659.51,30258.04,61.78,2126.73,15720.81,0,0,0,0
2006-08-26 04:00:00,0,1986.35,0,248.53,9286.13,4749.63,5335.17,0,0,1701.94,11536.18,185.98,0,10145.82,1219.91,3453.24,65022.77,0,13409.45,0,0,84209.77,0,0,0,2446.76,2373.2,0,23489.51,28837.69,59.83,2072.55,15097.48,0,0,0,0
2006-08-26 05:00:00,0,1901.84,0,247.02,9209.53,4764.58,5334.01,0,0,1701.3,11533.37,185.81,0,10150.0,1228.59,3442.07,64482.78,0,13506.59,0,0,83863.46,0,0,0,2441.47,2375.61,0,23478.6,27846.92,58.92,2060.52,14722.37,0,0,0,0
2006-08-26 06:00:00,0,1911.02,0,250.92,9301.91,4886.67,5429.03,0,0,1718.35,11571.94,187.82,0,10406.27,1251.45,3459.43,64640.46,0,13750.05,0,0,84026.81,0,0,0,2450.4,2384.98,0,23519.24,27476.67,58.43,2080.57,14704.65,0,0,0,0
2006-08-26 07:00:00,0,1931.11,0,267.46,9933.73,5251.02,5806.12,0,0,1807.35,12184.54,197.22,0,10767.64,1308.52,3662.51,65318.92,0,14407.39,0,0,86667.53,0,0,0,2557.09,2511.88,0,24031.84,27224.06,58.54,2208.1,15251.97,0,0,0,0
2006-08-26 08:00:00,0,2068.08,0,294.45,10680.5,5892.23,6429.24,0,0,1977.06,13710.36,213.88,0,11112.43,1389.43,4030.76,68161.31,0,14979.95,0,0,91499.94,0,0,0,2767.54,2758.84,0,25207.79,27989.12,60.28,2421.19,16632.68,0,0,0,0
2006-08-26 09:00:00,0,2237.93,0,319.65,11412.05,6569.03,7189.72,0,0,2170.81,15455.29,231.27,0,11496.26,1496.78,4337.44,72520.01,0,15533.75,0,0,95757.94,0,0,0,3027.76,3030.21,0,26874.97,29615.49,63.59,2720.41,18104.82,0,0,0,0
2006-08-26 10:00:00,0,2504.8,0,353.46,12579.26,7449.25,7967.61,0,0,2402.09,17291.95,259.33,0,11915.54,1687.05,4827.54,76405.34,0,16076.74,0,0,100528.22,0,0,0,3269.58,3308.04,0,29045.92,32122.87,67.97,3000.69,20292.0,0,0,0,0
2006-08-26 11:00:00,0,2833.6,0,383.43,13567.64,8230.42,8630.91,0,0,2617.06,18787.74,286.07,0,12388.48,1878.71,5193.25,80775.08,0,16613.24,0,0,105950.88,0,0,0,3490.76,3554.15,0,31526.88,34812.45,74.84,3206.42,22310.71,0,0,0,0
2006-08-26 12:00:00,0,3133.5,0,405.55,14509.49,8689.99,9168.57,0,0,2769.91,19754.63,310.23,0,12701.21,2033.18,5417.41,85036.77,0,17095.12,0,0,111024.01,0,0,0,3679.39,3761.85,0,33525.33,37191.6,81.68,3324.72,23675.23,0,0,0,0
2006-08-26 13:00:00,0,3349.14,0,415.06,15265.18,9071.56,9549.38,0,0,2897.66,20504.17,329.61,0,12893.98,2129.74,5535.58,88456.98,0,17548.4,0,0,114551.64,0,0,0,3834.09,3929.46,0,35246.85,38927.19,86.61,3378.08,24803.38,0,0,0,0
2006-08-26 14:00:00,0,3487.98,0,422.95,15866.17,9297.68,9848.39,0,0,2948.67,20878.77,341.9,0,13038.87,2190.44,5659.68,91195.33,0,17923.31,0,0,117350.63,0,0,0,3968.92,4058.14,0,36838.92,40039.28,90.3,3440.25,25769.8,0,0,0,0
2006-08-26 15:00:00,0,3594.94,0,430.68,16269.96,9351.71,10063.83,0,0,2963.85,21006.34,343.51,0,13170.79,2273.12,5720.64,93243.13,0,18148.29,0,0,118635.8,0,0,0,4072.08,4140.41,0,38088.82,41018.02,93.16,3502.59,26521.84,0,0,0,0
2006-08-26 16:00:00,0,3631.4,0,440.14,16539.3,9200.37,10184.38,0,0,2910.05,20738.03,347.51,0,13372.67,2272.35,5700.29,94317.25,0,18197.13,0,0,118902.8,0,0,0,4113.35,4154.88,0,38554.82,41708.01,95.48,3467.2,26888.33,0,0,0,0
2006-08-26 17:00:00,0,3611.35,0,441.22,16531.0,8962.84,10184.64,0,0,2805.16,20077.21,346.9,0,13539.54,2142.72,5666.29,94609.61,0,18167.3,0,0,117831.04,0,0,0,4079.77,4108.46,0,38542.81,41912.55,96.42,3383.54,26933.95,0,0,0,0
2006-08-26 18:00:00,0,3490.35,0,435.62,16178.73,8738.31,9966.76,0,0,2725.45,19601.76,333.04,0,13566.04,2038.88,5591.98,93471.52,0,18058.97,0,0,116011.91,0,0,0,3954.42,3949.56,0,37728.38,41102.1,94.7,3325.32,25981.38,0,0,0,0
2006-08-26 19:00:00,0,3438.17,0,426.33,16359.71,8391.68,9707.39,0,0,2795.16,19147.59,318.01,0,14959.16,2039.08,5694.41,96193.63,0,19975.92,0,0,118869.35,0,0,0,3870.75,3760.46,0,36489.86,41338.23,94.42,3324.97,25522.49,0,0,0,0
2006-08-26 20:00:00,0,3165.34,0,409.2,15752.6,8140.58,9073.64,0,0,2651.32,18126.87,304.02,0,14026.78,1944.22,5433.17,93012.6,0,19297.38,0,0,113856.48,0,0,0,3735.43,3602.33,0,35121.66,39992.85,87.82,3193.13,24419.03,0,0,0,0
2006-08-26 21:00:00,0,3037.95,0,385.16,15137.61,7707.68,8535.35,0,0,2494.51,17089.48,291.74,0,13165.33,1825.01,5148.92,90054.11,0,18593.63,0,0,109297.07,0,0,0,3605.92,3441.96,0,33757.77,38547.97,84.09,3035.93,23738.76,0,0,0,0
2006-08-26 22:00:00,0,2944.27,0,357.38,13975.81,7108.8,7987.15,0,0,2337.29,16094.92,273.47,0,12346.4,1724.32,4869.14,86651.01,0,17682.44,0,0,105087.28,0,0,0,3363.15,3241.62,0,31522.02,36763.36,80.64,2862.11,22410.02,0,0,0,0
2006-08-26 23:00:00,0,2686.76,0,329.18,12864.55,6561.03,7424.01,0,0,2203.96,15080.54,255.07,0,11521.86,1615.8,4608.93,82255.34,0,16731.13,0,0,100977.23,0,0,0,3125.5,3043.32,0,29508.47,34683.63,76.26,2697.65,20900.18,0,0,0,0
2006-08-27 00:00:00,0,2434.87,0,304.58,11804.98,6029.19,6809.31,0,0,2065.69,14066.77,238.71,0,10755.88,1491.33,4334.14,77865.29,0,15836.67,0,0,96528.33,0,0,0,2921.68,2847.65,0,27565.34,32716.27,71.67,2528.55,19490.16,0,0,0,0
2006-08-27 01:00:00,0,2215.2,0,282.64,10800.21,5509.43,6214.81,0,0,1918.74,13066.74,220.68,0,10256.33,1392.45,4085.42,73558.1,0,15074.38,0,0,92681.79,0,0,0,2745.71,2661.36,0,26127.82,31037.24,67.62,2354.65,18175.45,0,0,0,0
2006-08-27 02:00:00,0,2085.29,0,265.06,10064.18,5167.02,5759.0,0,0,1811.52,12296.43,205.24,0,10133.88,1322.64,3881.83,70650.92,0,14537.14,0,0,89406.86,0,0,0,2638.3,2529.37,0,25067.63,29611.92,63.81,2204.84,17011.66,0,0,0,0
2006-08-27 03:00:00,0,1942.13,0,254.97,9533.6,4909.8,5571.76,0,0,1735.99,11825.39,196.7,0,10040.0,1270.68,3727.06,68514.22,0,14198.45,0,0,86714.38,0,0,0,2555.41,2444.75,0,24429.53,28280.61,60.21,2095.92,16278.61,0,0,0,0
2006-08-27 04:00:00,0,1874.44,0,251.79,9352.96,4756.99,5459.22,0,0,1711.07,11533.38,191.72,0,10038.74,1249.1,3611.73,66774.99,0,14125.78,0,0,86136.16,0,0,0,2516.76,2417.79,0,23958.06,27451.78,58.4,2040.91,15621.27,0,0,0,0
2006-08-27 05:00:00,0,1850.01,0,251.3,9263.05,4771.53,5417.09,0,0,1708.98,11591.79,191.85,0,10042.68,1252.39,3578.04,65820.03,0,14259.0,0,0,86253.34,0,0,0,2501.04,2424.14,0,23970.82,27093.67,57.6,2036.62,15297.6,0,0,0,0
2006-08-27 06:00:00,0,1850.46,0,254.84,9360.78,4884.61,5476.68,0,0,1721.97,11653.03,195.19,0,10289.8,1278.16,3554.94,65803.84,0,14581.0,0,0,87329.35,0,0,0,2510.99,2434.37,0,24102.89,26891.8,57.22,2058.47,15251.69,0,0,0,0
2006-08-27 07:00:00,0,1886.35,0,266.24,9916.35,5275.41,5781.82,0,0,1819.79,12327.98,202.38,0,10691.94,1321.26,3718.62,66657.99,0,15194.09,0,0,89442.81,0,0,0,2604.27,2543.64,0,24387.72,26982.07,57.8,2195.38,15782.57,0,0,0,0
2006-08-27 08:00:00,0,2064.78,0,292.59,10671.08,5896.22,6480.49,0,0,1996.11,13777.74,215.06,0,11163.23,1397.56,4056.98,69380.48,0,15526.91,0,0,92835.66,0,0,0,2829.02,2810.41,0,25354.23,27901.23,60.75,2404.04,17116.92,0,0,0,0
2006-08-27 09:00:00,0,2216.37,0,324.71,11348.35,6597.87,7167.44,0,0,2201.08,15547.95,229.65,0,11534.41,1530.16,4426.44,73231.18,0,16047.16,0,0,96289.53,0,0,0,3109.64,3079.36,0,27151.3,29524.68,64.83,2682.95,18488.47,0,0,0,0
2006-08-27 10:00:00,0,2391.07,0,363.33,12458.47,7536.85,7889.33,0,0,2428.21,17100.74,255.59,0,11803.29,1704.28,4907.09,76917.32,0,16288.18,0,0,99862.42,0,0,0,3341.5,3344.08,0,30107.12,31203.16,70.12,2975.18,20612.6,0,0,0,0
2006-08-27 11:00:00,0,2571.04,0,393.32,13457.08,8366.16,8534.92,0,0,2617.37,18166.09,283.73,0,12086.63,1859.24,5263.38,81922.23,0,16720.76,0,0,103978.83,0,0,0,3546.56,3569.86,0,32650.01,32804.06,75.03,3258.0,22509.93,0,0,0,0
2006-08-27 12:00:00,0,2729.51,0,411.18,14392.97,8971.79,9072.57,0,0,2771.99,19058.27,308.39,0,12319.81,1974.34,5538.35,86228.22,0,16857.53,0,0,108415.15,0,0,0,3717.87,3753.17,0,34880.62,34098.99,78.48,3480.61,23907.16,0,0,0,0
2006-08-27 13:00:00,0,2850.78,0,439.27,15146.77,9397.0,9490.95,0,0,2893.38,19846.43,324.98,0,12459.25,2083.96,5700.21,89763.35,0,17026.54,0,0,111760.68,0,0,0,3865.3,3905.87,0,36780.54,35095.13,82.67,3616.04,25112.48,0,0,0,0
2006-08-27 14:00:00,0,2950.06,0,458.23,15770.92,9775.52,9840.51,0,0,2987.98,20463.18,339.81,0,12571.48,2151.65,5818.34,92295.35,0,17262.25,0,0,115228.08,0,0,0,3985.54,4027.75,0,38113.2,35878.06,85.86,3728.77,25983.08,0,0,0,0
2006-08-27 15:00:00,0,3005.62,0,472.42,16233.2,9958.75,10082.09,0,0,3029.49,20702.32,352.44,0,12700.17,2213.46,5951.2,93842.12,0,17486.16,0,0,117863.04,0,0,0,4059.49,4098.57,0,38781.19,36454.24,88.78,3758.89,26555.89,0,0,0,0
2006-08-27 16:00:00,0,3004.03,0,482.34,16536.08,9927.84,10236.84,0,0,3016.4,20596.6,355.67,0,12756.61,2235.73,6048.38,94556.98,0,17881.73,0,0,118453.3,0,0,0,4085.66,4114.14,0,38621.64,36856.57,89.29,3714.37,26815.78,0,0,0,0
2006-08-27 17:00:00,0,2941.69,0,481.48,16515.79,9673.21,10240.44,0,0,2931.58,20288.87,352.7,0,12812.82,2214.04,6066.2,94375.95,0,18184.95,0,0,118800.04,0,0,0,4051.57,4076.6,0,37892.76,36835.52,88.94,3609.09,26546.44,0,0,0,0
2006-08-27 18:00:00,0,2857.12,0,466.93,16002.19,9223.91,9970.81,0,0,2796.63,19799.06,342.04,0,12939.47,2135.11,5916.12,91917.86,0,18409.89,0,0,118346.29,0,0,0,3941.06,3923.88,0,36420.85,36552.83,87.58,3508.12,25577.43,0,0,0,0
2006-08-27 19:00:00,0,2871.92,0,469.08,17276.99,9220.02,10092.24,0,0,2985.26,20028.61,350.31,0,14577.71,2157.96,6147.04,99020.76,0,21016.23,0,0,128475.46,0,0,0,3997.67,3733.8,0,36903.43,37974.35,96.13,3543.95,26223.26,0,0,0,0
2006-08-27 20:00:00,0,2704.82,0,441.77,16518.98,8792.4,9393.96,0,0,2795.64,18889.83,328.75,0,13698.39,2028.03,5756.11,94678.84,0,20709.18,0,0,123345.34,0,0,0,3823.53,3527.0,0,35591.41,37490.38,92.78,3318.23,25082.53,0,0,0,0
2006-08-27 21:00:00,0,2623.52,0,412.86,15663.98,8172.03,8743.45,0,0,2615.75,17803.14,304.2,0,12958.52,1891.47,5419.03,91264.98,0,20463.96,0,0,117766.92,0,0,0,3595.19,3325.95,0,34316.53,36449.54,89.19,3109.66,24409.48,0,0,0,0
2006-08-27 22:00:00,0,2514.1,0,385.62,14480.13,7505.27,8113.48,0,0,2449.64,16728.65,283.38,0,12279.92,1753.74,5100.9,87423.23,0,19638.52,0,0,112351.66,0,0,0,3337.24,3106.66,0,32131.2,35395.44,85.08,2900.64,23008.18,0,0,0,0
2006-08-27 23:00:00,0,2336.04,0,356.51,13370.28,6850.01,7497.66,0,0,2277.49,15526.28,262.29,0,11649.94,1617.87,4825.85,82827.35,0,18806.99,0,0,107295.25,0,0,0,3103.75,2893.93,0,29992.87,33293.18,81.17,2702.56,21536.76,0,0,0,0
2006-08-28 00:00:00,0,2160.31,0,327.49,12264.16,6200.35,6875.81,0,0,2111.85,14385.78,245.02,0,11008.76,1487.07,4566.71,78316.13,0,17831.83,0,0,102428.2,0,0,0,2896.0,2695.06,0,27862.44,31247.9,77.08,2504.73,20187.57,0,0,0,0
2006-08-28 01:00:00,0,1980.45,0,301.26,11297.09,5665.48,6304.22,0,0,1956.24,13307.5,225.37,0,10616.45,1364.71,4308.99,74153.08,0,16939.98,0,0,98140.9,0,0,0,2743.76,2530.96,0,26373.02,29203.92,72.35,2321.8,18799.73,0,0,0,0
2006-08-28 02:00:00,0,1858.29,0,277.31,10728.8,5351.64,5954.31,0,0,1840.68,12529.55,209.41,0,10761.09,1287.75,4059.39,70541.47,0,16321.54,0,0,94792.37,0,0,0,2649.73,2425.04,0,25508.77,27737.61,67.97,2217.29,17727.98,0,0,0,0
2006-08-28 03:00:00,0,1778.26,0,270.3,10397.66,5217.25,5860.17,0,0,1793.37,12173.4,204.11,0,11057.88,1271.6,3896.72,68561.66,0,16457.26,0,0,93710.87,0,0,0,2599.13,2383.32,0,24857.41,26981.2,64.39,2148.69,16852.86,0,0,0,0
2006-08-28 04:00:00,0,1797.6,0,276.04,10438.94,5255.19,5931.45,0,0,1822.73,12201.52,208.43,0,11439.21,1315.22,3901.09,68685.79,0,16772.29,0,0,94843.92,0,0,0,2607.46,2392.86,0,24800.21,26973.15,62.9,2169.75,16676.29,0,0,0,0
2006-08-28 05:00:00,0,1827.21,0,284.01,10774.5,5416.76,6081.89,0,0,1875.26,12546.23,214.37,0,11870.39,1358.77,3970.8,69614.69,0,17247.53,0,0,96438.46,0,0,0,2661.92,2425.14,0,25129.21,27412.76,63.17,2231.52,16896.07,0,0,0,0
2006-08-28 06:00:00,0,1867.52,0,293.47,11230.61,5586.06,6257.75,0,0,1929.44,12949.34,220.34,0,12341.05,1408.7,4059.03,70865.24,0,17947.75,0,0,98769.83,0,0,0,2724.05,2465.94,0,25540.43,27943.71,64.43,2303.28,17102.3,0,0,0,0
2006-08-28 07:00:00,0,1913.74,0,331.12,12156.19,6001.53,6828.74,0,0,2106.88,13990.52,232.97,0,13032.06,1523.91,4402.37,73556.22,0,19355.77,0,0,104318.15,0,0,0,2837.84,2564.1,0,26754.22,28432.75,66.12,2453.73,17940.33,0,0,0,0
2006-08-28 08:00:00,0,2051.2,0,363.47,12938.94,6457.48,7382.9,0,0,2289.3,15379.87,250.77,0,13678.96,1634.09,4755.66,77120.98,0,20300.26,0,0,108959.48,0,0,0,3078.03,2779.4,0,28265.98,29891.19,70.35,2578.78,19217.42,0,0,0,0
2006-08-28 09:00:00,0,2165.82,0,399.53,13779.93,7048.4,8040.15,0,0,2487.7,16806.44,264.6,0,14157.21,1767.22,5087.57,80880.73,0,21070.92,0,0,112865.01,0,0,0,3280.88,3038.83,0,29955.06,31294.21,75.7,2773.46,20295.66,0,0,0,0
2006-08-28 10:00:00,0,2287.42,0,436.89,15243.18,7854.79,8975.0,0,0,2713.29,18560.47,289.56,0,14609.18,1948.1,5503.06,84225.09,0,21787.93,0,0,117712.5,0,0,0,3590.41,3367.48,0,33059.96,32752.83,79.17,3065.46,21471.35,0,0,0,0
2006-08-28 11:00:00,0,2423.0,0,470.45,16453.12,8757.63,9696.96,0,0,2939.85,20202.51,316.05,0,15152.42,2107.19,5863.69,87531.03,0,22564.22,0,0,124125.95,0,0,0,3848.53,3633.84,0,35873.29,34046.33,85.23,3409.31,23044.06,0,0,0,0
2006-08-28 12:00:00,0,2592.33,0,496.13,17290.51,9410.07,10290.06,0,0,3110.51,21321.93,339.27,0,15696.7,2228.31,5991.66,90126.38,0,23387.09,0,0,128791.01,0,0,0,4046.58,3846.13,0,38000.03,35613.91,92.77,3640.97,24314.28,0,0,0,0
2006-08-28 13:00:00,0,2796.33,0,516.82,17926.21,9807.29,10739.96,0,0,3226.36,22073.27,359.92,0,16090.31,2323.21,5948.14,92826.76,0,24010.61,0,0,131162.86,0,0,0,4207.66,4013.67,0,39473.08,37164.19,98.57,3819.61,25515.69,0,0,0,0
2006-08-28 14:00:00,0,2962.06,0,528.74,18330.8,10067.71,11105.46,0,0,3272.39,22523.75,379.91,0,16338.59,2397.9,6034.54,95193.66,0,24491.1,0,0,133211.07,0,0,0,4335.62,4142.74,0,40409.08,38593.94,102.04,3904.05,26573.77,0,0,0,0
2006-08-28 15:00:00,0,3096.41,0,543.62,18367.12,10176.39,11348.13,0,0,3298.66,22769.46,392.12,0,16466.85,2423.76,6045.1,96537.84,0,24711.35,0,0,133918.23,0,0,0,4406.98,4193.67,0,40882.7,39620.65,103.99,3910.33,27121.71,0,0,0,0
2006-08-28 16:00:00,0,3165.8,0,530.42,18145.41,10013.5,11368.93,0,0,3258.4,22702.87,388.79,0,16453.48,2445.3,6138.68,96774.85,0,24657.18,0,0,134300.84,0,0,0,4394.11,4200.71,0,40749.5,39992.11,104.53,3821.65,27238.07,0,0,0,0
2006-08-28 17:00:00,0,3190.58,0,510.9,17727.76,9759.56,11123.67,0,0,3158.58,21796.69,366.82,0,16353.06,2404.82,6113.05,95542.56,0,24113.0,0,0,133530.68,0,0,0,4304.27,4139.54,0,40071.46,39826.16,104.17,3736.48,27034.28,0,0,0,0
2006-08-28 18:00:00,0,3127.42,0,489.22,17104.74,9498.0,10745.37,0,0,3022.24,20645.64,353.76,0,16123.58,2289.5,5994.76,93624.38,0,23175.01,0,0,131485.86,0,0,0,4166.74,3999.37,0,38965.76,39117.99,100.47,3698.65,26583.35,0,0,0,0
2006-08-28 19:00:00,0,3024.83,0,466.21,17141.21,9226.64,10497.2,0,0,3023.5,20116.81,351.97,0,16168.14,2178.95,5808.04,94091.87,0,23598.04,0,0,129634.41,0,0,0,4064.34,3870.07,0,37798.07,37662.21,98.66,3554.53,25873.63,0,0,0,0
2006-08-28 20:00:00,0,2777.52,0,447.81,16627.31,8804.2,9819.78,0,0,2832.04,19058.59,341.12,0,15123.67,2036.33,5486.66,91146.88,0,22590.58,0,0,123451.44,0,0,0,3931.22,3688.33,0,36550.04,36450.45,92.78,3335.55,25104.55,0,0,0,0
2006-08-28 21:00:00,0,2637.82,0,421.51,15809.22,8180.15,9216.23,0,0,2653.07,18075.39,321.57,0,14136.63,1915.02,5201.19,88611.93,0,21451.55,0,0,117361.26,0,0,0,3735.45,3504.92,0,35219.27,34960.36,88.13,3127.55,24417.19,0,0,0,0
2006-08-28 22:00:00,0,2469.49,0,391.07,14703.32,7491.64,8612.19,0,0,2474.28,16981.66,301.86,0,13230.16,1794.91,4921.68,84709.45,0,20033.2,0,0,111610.39,0,0,0,3510.7,3311.61,0,32910.49,33287.75,84.18,2909.42,23114.75,0,0,0,0
2006-08-28 23:00:00,0,2240.13,0,362.21,13622.63,6843.6,8021.75,0,0,2307.59,15857.06,280.02,0,12434.43,1673.14,4693.48,80048.72,0,18703.21,0,0,106265.12,0,0,0,3280.33,3099.28,0,30862.01,30940.36,78.48,2709.92,21795.37,0,0,0,0
2006-08-29 00:00:00,0,2036.46,0,335.66,12569.99,6194.9,7439.11,0,0,2136.56,14653.81,256.5,0,11598.46,1553.41,4452.73,75780.77,0,17418.67,0,0,100988.79,0,0,0,3063.19,2892.37,0,28859.96,28812.39,72.87,2515.01,20514.83,0,0,0,0
2006-08-29 01:00:00,0,1845.91,0,309.15,11688.96,5682.67,6900.28,0,0,1974.27,13507.37,234.23,0,10979.59,1436.07,4220.24,71724.72,0,16261.56,0,0,96460.49,0,0,0,2899.34,2727.22,0,27336.48,26971.15,67.59,2349.03,19198.07,0,0,0,0
2006-08-29 02:00:00,0,1720.01,0,287.53,11179.12,5380.52,6488.4,0,0,1854.89,12680.62,216.24,0,10898.64,1353.71,3996.29,68193.38,0,15513.75,0,0,92703.22,0,0,0,2787.89,2608.44,0,26408.02,25750.38,63.8,2248.62,18040.0,0,0,0,0
2006-08-29 03:00:00,0,1659.06,0,279.47,10881.53,5262.54,6367.51,0,0,1807.61,12329.6,210.36,0,10990.05,1312.76,3826.03,66180.14,0,15239.83,0,0,91059.84,0,0,0,2724.2,2547.62,0,25666.02,24965.56,61.85,2185.12,17062.34,0,0,0,0
2006-08-29 04:00:00,0,1647.27,0,283.85,11022.88,5273.72,6459.27,0,0,1840.06,12301.66,214.64,0,11176.1,1353.29,3820.38,66056.93,0,15265.62,0,0,92047.07,0,0,0,2719.97,2515.87,0,25551.85,24604.53,60.75,2197.97,16764.78,0,0,0,0
2006-08-29 05:00:00,0,1677.69,0,291.84,11406.42,5436.66,6620.4,0,0,1886.84,12627.97,220.43,0,11545.21,1397.07,3883.24,66934.52,0,15712.11,0,0,93636.87,0,0,0,2756.35,2538.06,0,25821.05,24992.11,61.54,2262.89,16890.73,0,0,0,0
2006-08-29 06:00:00,0,1716.37,0,301.3,11916.61,5606.06,6827.72,0,0,1939.37,12984.0,224.88,0,12441.86,1442.21,3936.24,68000.41,0,16515.36,0,0,96056.88,0,0,0,2807.26,2571.16,0,26191.94,25649.36,62.77,2334.29,17062.49,0,0,0,0
2006-08-29 07:00:00,0,1781.54,0,336.58,12713.24,6024.54,7287.65,0,0,2104.25,13933.75,237.57,0,13359.63,1560.6,4141.43,70388.21,0,17730.32,0,0,101487.14,0,0,0,2992.88,2735.59,0,27485.64,26241.15,64.18,2500.88,17791.84,0,0,0,0
2006-08-29 08:00:00,0,1911.23,0,370.32,13362.44,6597.24,7779.35,0,0,2302.27,15299.21,254.24,0,13732.46,1674.89,4312.69,74310.2,0,18402.12,0,0,104312.29,0,0,0,3191.63,2964.48,0,29010.64,27756.47,67.45,2698.63,19055.03,0,0,0,0
2006-08-29 09:00:00,0,1954.38,0,408.96,14197.4,7319.67,8478.41,0,0,2506.57,16820.48,278.91,0,14056.09,1886.75,4443.53,77230.39,0,19213.16,0,0,107310.17,0,0,0,3434.1,3243.61,0,30766.66,28662.37,70.78,2955.9,20129.9,0,0,0,0
2006-08-29 10:00:00,0,1986.98,0,444.48,15468.03,8146.47,9371.59,0,0,2715.98,18163.19,308.32,0,14380.24,2082.45,4535.39,79863.04,0,19553.2,0,0,110526.75,0,0,0,3755.58,3577.83,0,33877.0,29416.52,73.84,3256.19,21179.58,0,0,0,0
2006-08-29 11:00:00,0,2064.77,0,476.2,16674.8,8977.0,10082.74,0,0,2917.1,19324.79,334.95,0,14687.47,2224.57,4673.98,82921.98,0,19696.22,0,0,115019.47,0,0,0,4024.72,3875.94,0,36843.59,30837.63,77.13,3500.43,23014.97,0,0,0,0
2006-08-29 12:00:00,0,2162.44,0,502.77,17462.68,9653.04,10449.11,0,0,3068.96,20222.22,355.47,0,14924.31,2323.77,4997.12,85826.01,0,19941.72,0,0,119595.16,0,0,0,4229.95,4093.36,0,38941.36,32182.14,80.7,3694.65,24606.24,0,0,0,0
2006-08-29 13:00:00,0,2287.41,0,526.12,17947.0,10141.63,10728.74,0,0,3183.52,20761.77,367.59,0,15090.08,2401.71,5277.12,88966.0,0,20288.65,0,0,123479.92,0,0,0,4389.72,4249.86,0,40223.57,33502.08,84.1,3875.95,25687.92,0,0,0,0
2006-08-29 14:00:00,0,2394.18,0,538.55,18278.09,10445.19,10988.63,0,0,3242.03,21014.89,372.05,0,15242.44,2466.46,5509.44,91527.04,0,20718.64,0,0,125749.64,0,0,0,4501.39,4352.19,0,41180.08,34696.4,86.99,3983.53,26353.14,0,0,0,0
2006-08-29 15:00:00,0,2472.03,0,547.31,18453.32,10600.37,11170.11,0,0,3230.71,20977.76,361.96,0,15295.77,2493.42,5668.11,93074.51,0,20872.47,0,0,127070.19,0,0,0,4558.46,4395.61,0,41935.37,35646.68,89.03,4044.84,26716.46,0,0,0,0
2006-08-29 16:00:00,0,2550.59,0,536.42,18531.69,10442.18,11369.62,0,0,3128.86,20392.81,366.53,0,15305.63,2450.11,5763.86,93260.32,0,20905.74,0,0,127697.94,0,0,0,4562.75,4390.07,0,41956.43,36602.62,89.2,3979.57,26664.96,0,0,0,0
2006-08-29 17:00:00,0,2592.37,0,506.67,18260.02,10037.03,11264.73,0,0,3005.87,19769.09,363.84,0,15302.54,2380.31,5756.08,92438.47,0,20924.96,0,0,127189.21,0,0,0,4420.85,4283.44,0,41341.62,36884.89,87.92,3875.59,26215.94,0,0,0,0
2006-08-29 18:00:00,0,2598.32,0,476.56,17715.17,9552.28,10936.22,0,0,2912.21,19300.46,357.26,0,15234.98,2279.53,5534.44,90842.32,0,20853.75,0,0,125429.04,0,0,0,4208.34,4086.26,0,40163.83,36777.52,86.17,3795.23,25632.71,0,0,0,0
2006-08-29 19:00:00,0,2703.26,0,453.92,17549.44,9316.29,10448.13,0,0,2930.09,18753.42,354.94,0,15387.91,2171.0,5419.19,91697.33,0,20996.19,0,0,123309.54,0,0,0,4010.4,3857.53,0,38681.15,36978.22,84.84,3653.97,24754.65,0,0,0,0
2006-08-29 20:00:00,0,2538.62,0,437.39,16963.54,8927.62,9723.81,0,0,2765.63,17757.79,346.9,0,14432.97,2036.58,5101.45,88155.8,0,20022.42,0,0,116756.34,0,0,0,3875.82,3672.66,0,37039.23,35647.43,81.68,3440.57,23921.83,0,0,0,0
2006-08-29 21:00:00,0,2419.15,0,412.58,16027.18,8362.32,9074.38,0,0,2607.0,16904.16,323.17,0,13506.37,1923.35,4805.12,84989.69,0,19226.89,0,0,111025.97,0,0,0,3678.28,3463.45,0,35646.85,34072.32,76.97,3218.36,23207.37,0,0,0,0
2006-08-29 22:00:00,0,2258.36,0,384.14,14841.19,7642.41,8453.91,0,0,2455.04,15978.44,292.64,0,12627.09,1800.01,4507.59,80995.66,0,18091.08,0,0,105396.7,0,0,0,3458.43,3289.81,0,33075.04,32492.45,72.21,2996.79,21714.54,0,0,0,0
2006-08-29 23:00:00,0,2024.61,0,356.67,13768.0,6976.66,7912.15,0,0,2288.76,14961.54,265.84,0,11748.16,1676.65,4234.48,76685.96,0,16779.44,0,0,99703.67,0,0,0,3255.78,3092.85,0,30681.42,30212.35,68.06,2792.33,20174.22,0,0,0,0
2006-08-30 00:00:00,0,1833.33,0,330.0,12709.12,6351.06,7381.66,0,0,2137.75,13980.17,244.51,0,10883.95,1546.83,3992.95,72530.64,0,15614.7,0,0,94681.71,0,0,0,3058.2,2908.19,0,28438.74,28134.15,64.39,2596.12,18767.14,0,0,0,0
2006-08-30 01:00:00,0,1667.86,0,305.17,11853.25,5815.28,6866.34,0,0,1988.64,13009.39,224.38,0,10389.35,1421.23,3751.95,68798.86,0,14660.61,0,0,90217.51,0,0,0,2903.9,2764.17,0,26936.13,26252.5,61.46,2420.49,17434.8,0,0,0,0
2006-08-30 02:00:00,0,1565.42,0,283.84,11316.13,5454.81,6495.29,0,0,1873.65,12316.59,208.62,0,10444.1,1337.7,3554.35,65352.17,0,14099.06,0,0,86683.76,0,0,0,2802.81,2669.55,0,25855.45,24760.24,58.84,2300.05,16554.1,0,0,0,0
2006-08-30 03:00:00,0,1528.58,0,276.98,10942.34,5295.32,6407.32,0,0,1829.71,11866.93,202.38,0,10618.35,1303.99,3454.36,63311.02,0,14072.13,0,0,85014.6,0,0,0,2743.53,2621.29,0,25057.78,24023.93,56.92,2227.12,15919.68,0,0,0,0
2006-08-30 04:00:00,0,1532.92,0,281.29,10957.76,5308.96,6539.8,0,0,1857.49,11785.35,207.04,0,10886.02,1331.62,3517.97,63389.73,0,14442.2,0,0,85474.79,0,0,0,2761.38,2597.37,0,24973.4,23637.75,56.85,2223.15,15949.63,0,0,0,0
2006-08-30 05:00:00,0,1581.36,0,290.01,11310.22,5443.72,6765.82,0,0,1905.26,12051.55,212.35,0,11295.87,1372.98,3600.34,64427.1,0,14887.32,0,0,86799.02,0,0,0,2820.03,2615.12,0,25302.03,23953.41,57.75,2260.91,16116.9,0,0,0,0
2006-08-30 06:00:00,0,1626.11,0,300.5,11751.91,5592.48,6969.74,0,0,1962.28,12287.26,217.32,0,12348.73,1409.32,3680.06,65575.78,0,15658.71,0,0,88701.02,0,0,0,2885.24,2647.03,0,25664.55,24539.26,58.91,2309.59,16344.99,0,0,0,0
2006-08-30 07:00:00,0,1682.99,0,333.56,12505.89,5966.95,7302.08,0,0,2112.18,12983.44,229.82,0,13131.42,1525.57,3842.47,67742.77,0,16947.09,0,0,94335.85,0,0,0,3036.8,2765.44,0,27031.7,25255.81,59.99,2445.75,16869.89,0,0,0,0
2006-08-30 08:00:00,0,1831.5,0,361.27,13105.31,6420.33,7621.61,0,0,2238.51,13549.96,241.87,0,13610.68,1608.12,4015.11,71629.33,0,17597.76,0,0,96749.27,0,0,0,3157.49,2918.54,0,28640.56,26722.97,63.41,2574.57,17704.67,0,0,0,0
2006-08-30 09:00:00,0,1931.63,0,388.29,13686.46,6945.4,7939.47,0,0,2370.13,14215.31,253.13,0,14167.8,1706.66,4147.21,74499.69,0,18111.74,0,0,98750.82,0,0,0,3277.28,3066.73,0,30076.42,28424.0,67.51,2773.55,18503.69,0,0,0,0
2006-08-30 10:00:00,0,2035.33,0,425.34,14709.31,7615.26,8423.19,0,0,2501.84,14940.83,276.8,0,14861.45,1904.49,4281.04,77293.45,0,18564.09,0,0,100285.56,0,0,0,3488.82,3346.6,0,32108.96,30251.42,71.22,3019.29,19444.08,0,0,0,0
2006-08-30 11:00:00,0,2135.45,0,460.44,15799.14,8196.29,9075.37,0,0,2582.89,15372.62,305.18,0,15476.11,2044.3,4405.99,80099.19,0,19178.21,0,0,101961.69,0,0,0,3738.81,3607.9,0,34618.46,32172.82,74.18,3245.71,20501.49,0,0,0,0
2006-08-30 12:00:00,0,2254.95,0,473.35,16573.26,8505.95,9680.52,0,0,2628.91,15481.44,315.91,0,15968.49,2119.31,4573.49,82867.98,0,19749.72,0,0,104072.99,0,0,0,3947.48,3826.87,0,36715.43,33786.72,77.7,3344.93,22139.9,0,0,0,0
2006-08-30 13:00:00,0,2376.29,0,473.12,16971.65,8682.01,10088.42,0,0,2633.61,15592.24,319.57,0,16292.31,2121.24,4790.0,85648.68,0,20119.86,0,0,106120.12,0,0,0,4101.79,3982.04,0,38314.62,35182.07,81.0,3376.34,23450.28,0,0,0,0
2006-08-30 14:00:00,0,2487.16,0,482.48,17083.5,8792.45,10344.38,0,0,2621.08,15951.92,325.3,0,16531.27,2100.74,5013.01,87274.77,0,20622.21,0,0,108207.79,0,0,0,4175.1,4067.33,0,39151.25,36310.49,84.04,3280.89,24328.75,0,0,0,0
2006-08-30 15:00:00,0,2580.68,0,491.44,17079.18,8711.36,10588.38,0,0,2555.08,16051.43,335.35,0,16699.63,2152.2,5223.75,87959.1,0,20928.73,0,0,110419.99,0,0,0,4212.88,4090.63,0,39248.64,37243.53,86.31,3199.72,24708.61,0,0,0,0
2006-08-30 16:00:00,0,2670.41,0,490.8,16942.01,8548.12,10666.07,0,0,2530.11,16217.5,337.77,0,16827.1,2160.91,5319.68,87670.59,0,21169.94,0,0,111783.65,0,0,0,4230.88,4099.31,0,38716.39,38030.11,87.33,3144.99,24822.95,0,0,0,0
2006-08-30 17:00:00,0,2685.41,0,486.5,16617.11,8420.18,10512.38,0,0,2515.22,16517.83,340.0,0,16750.88,2131.61,5324.75,86653.35,0,21001.41,0,0,111648.98,0,0,0,4167.88,4027.75,0,38151.34,38321.84,86.45,3132.61,24788.34,0,0,0,0
2006-08-30 18:00:00,0,2654.76,0,469.75,16359.35,8340.49,10292.42,0,0,2523.75,16923.27,337.54,0,16269.92,2107.63,5158.28,85124.47,0,20319.08,0,0,110201.88,0,0,0,4020.91,3903.36,0,37327.25,37779.67,83.84,3152.2,24150.45,0,0,0,0
2006-08-30 19:00:00,0,2752.37,0,449.31,16583.79,8322.4,10039.3,0,0,2414.92,16024.14,339.32,0,16715.06,2084.79,5101.17,85009.29,0,21006.33,0,0,110205.6,0,0,0,3900.18,3756.36,0,36700.31,38471.96,83.25,3189.85,23733.57,0,0,0,0
2006-08-30 20:00:00,0,2534.13,0,432.5,16150.12,7953.8,9405.36,0,0,2274.07,15388.09,324.38,0,15370.07,1957.28,4742.46,80995.37,0,20009.28,0,0,105220.37,0,0,0,3797.31,3605.41,0,35568.01,36554.4,79.2,3028.84,22666.98,0,0,0,0
2006-08-30 21:00:00,0,2423.93,0,409.33,15183.32,7476.42,8657.59,0,0,2130.74,14676.46,303.12,0,14214.94,1832.17,4429.59,78252.1,0,19043.91,0,0,99852.39,0,0,0,3631.47,3429.62,0,34115.11,34794.73,74.29,2865.92,21940.11,0,0,0,0
2006-08-30 22:00:00,0,2261.57,0,379.88,13983.29,6828.64,7953.59,0,0,2007.52,14132.11,278.59,0,13059.77,1707.8,4152.16,74775.2,0,17817.25,0,0,94691.29,0,0,0,3415.19,3250.21,0,31718.51,33151.89,70.14,2698.67,20402.07,0,0,0,0
2006-08-30 23:00:00,0,2035.86,0,350.4,12793.0,6215.72,7329.8,0,0,1905.35,13372.27,255.67,0,11875.92,1581.0,3911.59,71204.3,0,16673.23,0,0,89853.47,0,0,0,3206.18,3040.58,0,29425.78,30732.1,66.28,2529.27,18771.15,0,0,0,0
2006-08-31 00:00:00,0,1846.14,0,323.52,11789.46,5614.63,6920.77,0,0,1831.31,12650.52,232.98,0,10933.76,1449.79,3681.84,67780.29,0,15402.93,0,0,85513.42,0,0,0,3001.83,2844.36,0,27283.79,28611.3,63.04,2363.54,17242.99,0,0,0,0
2006-08-31 01:00:00,0,1682.84,0,297.65,10974.28,5137.33,6385.97,0,0,1716.64,11906.81,212.6,0,10381.77,1329.14,3463.39,64427.4,0,14447.65,0,0,81660.85,0,0,0,2835.8,2694.09,0,25766.4,26712.94,60.3,2248.6,15810.87,0,0,0,0
2006-08-31 02:00:00,0,1585.65,0,273.48,10475.61,4799.52,6006.73,0,0,1606.51,11294.46,198.19,0,10208.76,1252.6,3277.87,61433.73,0,13944.13,0,0,78672.07,0,0,0,2717.45,2591.88,0,24684.59,25185.71,57.58,2174.75,14985.53,0,0,0,0
2006-08-31 03:00:00,0,1550.58,0,266.49,10333.95,4752.57,5910.54,0,0,1600.72,11209.07,191.77,0,10258.27,1234.58,3224.69,59687.76,0,13606.49,0,0,77201.89,0,0,0,2658.13,2535.68,0,23886.71,24443.61,56.0,2161.03,14622.16,0,0,0,0
2006-08-31 04:00:00,0,1556.58,0,273.21,10378.09,4825.47,6030.66,0,0,1671.76,11510.22,196.37,0,10446.55,1253.67,3332.6,59677.33,0,13665.21,0,0,77703.18,0,0,0,2693.41,2538.11,0,23967.82,24049.64,56.07,2201.83,14684.41,0,0,0,0
2006-08-31 05:00:00,0,1598.97,0,281.22,10771.78,5077.64,6191.78,0,0,1767.63,12042.18,201.62,0,10758.22,1284.52,3464.79,60915.22,0,14067.94,0,0,79126.46,0,0,0,2754.99,2576.68,0,24287.0,24348.75,57.06,2291.98,14906.86,0,0,0,0
2006-08-31 06:00:00,0,1638.49,0,291.62,11213.17,5350.55,6376.57,0,0,1862.05,12596.62,211.19,0,12028.81,1318.5,3567.94,62187.48,0,15341.25,0,0,81378.98,0,0,0,2827.02,2622.95,0,24638.64,24919.02,58.09,2370.16,15191.51,0,0,0,0
2006-08-31 07:00:00,0,1696.77,0,324.21,11736.34,5693.14,6648.46,0,0,1975.72,13378.79,222.08,0,12432.37,1390.66,3871.57,65577.65,0,16485.53,0,0,87494.22,0,0,0,2962.3,2715.04,0,25815.0,25597.47,59.46,2521.86,15898.18,0,0,0,0
2006-08-31 08:00:00,0,1829.72,0,345.85,12112.97,6093.6,6867.01,0,0,2088.3,14207.73,234.9,0,12881.13,1482.46,4057.78,69657.83,0,17032.56,0,0,89013.67,0,0,0,3106.36,2841.03,0,27130.76,27071.94,62.94,2663.64,17112.64,0,0,0,0
2006-08-31 09:00:00,0,1894.05,0,368.66,12450.15,6536.81,7045.0,0,0,2200.12,15191.53,247.92,0,13308.35,1576.71,4218.38,72759.23,0,17550.6,0,0,90807.13,0,0,0,3251.68,2968.83,0,28037.14,28781.73,66.81,2885.87,18201.03,0,0,0,0
2006-08-31 10:00:00,0,2020.64,0,403.44,12696.29,7114.83,7289.59,0,0,2367.56,16472.15,264.52,0,13693.3,1678.28,4406.15,76108.7,0,18070.86,0,0,92799.26,0,0,0,3370.77,3100.37,0,29622.84,30612.58,70.92,3147.96,19172.21,0,0,0,0
2006-08-31 11:00:00,0,2172.52,0,439.23,12902.88,7823.75,7484.04,0,0,2610.17,18044.54,297.76,0,13997.84,1748.59,4715.77,79396.27,0,18431.11,0,0,95708.13,0,0,0,3500.24,3273.41,0,31471.73,32491.93,75.5,3335.01,19904.09,0,0,0,0
2006-08-31 12:00:00,0,2351.15,0,468.61,13013.14,8695.9,7584.07,0,0,2901.25,19923.53,318.32,0,14221.79,1853.12,5044.42,82266.6,0,18738.47,0,0,98384.42,0,0,0,3549.63,3345.56,0,33408.45,34415.21,80.36,3477.7,21172.12,0,0,0,0
2006-08-31 13:00:00,0,2537.53,0,491.38,13088.55,9182.47,7702.21,0,0,3030.52,20908.81,335.42,0,14372.57,2069.54,5274.79,84371.96,0,19024.91,0,0,100670.94,0,0,0,3610.65,3383.95,0,34509.31,36206.59,84.87,3597.56,22473.77,0,0,0,0
2006-08-31 14:00:00,0,2688.17,0,512.52,13102.61,9514.18,7750.71,0,0,3088.2,21301.7,354.76,0,14627.5,2196.49,5451.16,85639.06,0,19309.78,0,0,102535.91,0,0,0,3613.86,3386.3,0,35155.54,37595.52,88.7,3712.67,23446.74,0,0,0,0
2006-08-31 15:00:00,0,2812.66,0,521.51,13091.37,9896.64,7695.39,0,0,3118.18,21458.9,370.86,0,14963.53,2288.12,5527.5,86275.01,0,19568.29,0,0,103619.65,0,0,0,3570.79,3348.86,0,35507.91,38821.94,91.48,3845.86,24131.54,0,0,0,0
2006-08-31 16:00:00,0,2912.99,0,530.7,13123.87,10076.67,7625.45,0,0,3126.35,21498.45,377.47,0,15366.87,2356.78,5520.08,86464.78,0,19873.83,0,0,103823.61,0,0,0,3529.19,3296.23,0,35823.96,39688.64,92.75,3897.31,24497.9,0,0,0,0
2006-08-31 17:00:00,0,2958.29,0,521.64,13113.37,9909.61,7627.47,0,0,3085.58,21297.24,370.99,0,15638.52,2380.98,5405.22,85945.58,0,20000.96,0,0,103469.09,0,0,0,3452.22,3218.9,0,35891.68,40060.74,92.4,3830.7,24358.17,0,0,0,0
2006-08-31 18:00:00,0,2932.43,0,508.62,12969.48,9533.13,7592.16,0,0,2992.91,20515.94,355.44,0,15376.62,2257.43,5159.64,85170.2,0,19687.85,0,0,102543.37,0,0,0,3338.05,3156.56,0,35410.18,39625.42,90.34,3681.18,23682.95,0,0,0,0
2006-08-31 19:00:00,0,2972.5,0,482.6,13408.07,9217.18,7624.25,0,0,2987.86,20043.31,358.15,0,15674.79,2124.08,4987.28,86201.88,0,20147.52,0,0,101729.42,0,0,0,3117.96,2871.0,0,34845.8,39342.85,88.42,3602.72,22821.31,0,0,0,0
2006-08-31 20:00:00,0,2697.65,0,454.71,13074.53,8784.41,6980.86,0,0,2801.4,18886.12,345.43,0,14504.81,1969.67,4671.16,81562.8,0,18984.48,0,0,96493.87,0,0,0,3018.95,2726.59,0,33688.77,37511.82,83.48,3397.34,21766.2,0,0,0,0
2006-08-31 21:00:00,0,2557.49,0,425.05,12350.77,8246.58,6333.57,0,0,2626.66,17830.59,326.8,0,13484.23,1839.7,4368.74,78712.39,0,18164.24,0,0,91386.82,0,0,0,2944.69,2631.05,0,32415.52,35472.42,77.84,3188.98,20982.53,0,0,0,0
2006-08-31 22:00:00,0,2388.8,0,391.54,11484.1,7551.63,5768.96,0,0,2453.14,16684.61,300.4,0,12518.27,1707.29,4135.96,75127.42,0,17119.46,0,0,86975.1,0,0,0,2770.05,2501.65,0,30190.73,33739.41,72.97,2987.45,19442.74,0,0,0,0
2006-08-31 23:00:00,0,2156.5,0,361.02,10665.92,6876.24,5305.74,0,0,2281.88,15511.78,275.9,0,11651.21,1585.95,3911.77,71196.12,0,15992.44,0,0,82928.43,0,0,0,2592.85,2369.01,0,27964.8,31224.35,68.92,2791.11,17839.29,0,0,0,0
2006-09-01 00:00:00,0,1934.97,0,329.87,10038.7,6245.41,4927.91,0,0,2114.52,14410.98,250.93,0,10834.62,1469.15,3667.0,67452.88,0,14977.26,0,0,79423.27,0,0,0,2432.59,2244.23,0,25934.94,29096.12,65.28,2603.95,16342.43,0,0,0,0
2006-09-01 01:00:00,0,1744.02,0,300.45,9586.54,5729.25,4702.32,0,0,1955.23,13404.74,229.88,0,10426.21,1364.99,3465.74,64082.47,0,14089.04,0,0,76676.44,0,0,0,2309.46,2149.39,0,24400.97,27140.01,62.22,2431.44,15094.6,0,0,0,0
2006-09-01 02:00:00,0,1621.17,0,276.54,9223.04,5447.54,4464.77,0,0,1851.59,12738.94,212.88,0,10299.44,1297.13,3304.32,61409.9,0,13553.48,0,0,74521.39,0,0,0,2241.18,2102.49,0,23367.92,25583.28,59.71,2329.38,14397.0,0,0,0,0
2006-09-01 03:00:00,0,1572.71,0,265.6,9028.18,5285.25,5910.54,0,0,1801.47,12403.09,202.45,0,10339.37,1268.4,3171.54,59787.41,0,13242.07,0,0,73800.12,0,0,0,2229.09,2082.11,0,22891.25,24849.19,57.73,2271.8,14086.12,0,0,0,0
2006-09-01 04:00:00,0,1569.48,0,266.74,9053.5,5276.22,6030.66,0,0,1839.35,12390.31,205.8,0,10473.15,1307.0,3231.6,60169.23,0,13392.54,0,0,74409.7,0,0,0,2269.75,2078.28,0,23167.92,24419.35,57.36,2294.81,14186.53,0,0,0,0
2006-09-01 05:00:00,0,1608.92,0,271.99,9370.58,5457.82,4373.87,0,0,1895.93,12756.91,212.72,0,10718.74,1345.45,3323.68,61615.42,0,13870.7,0,0,76064.27,0,0,0,2358.34,2140.19,0,23555.96,24626.54,58.22,2362.71,14408.72,0,0,0,0
2006-09-01 06:00:00,0,1655.69,0,279.49,9790.54,5643.06,4603.29,0,0,1953.07,13145.24,216.63,0,12016.18,1380.32,3420.39,63048.36,0,15235.26,0,0,78832.05,0,0,0,2453.76,2215.03,0,23991.06,25085.01,59.34,2433.51,14684.81,0,0,0,0
2006-09-01 07:00:00,0,1709.97,0,308.56,10340.41,6093.33,4937.14,0,0,2118.36,14159.54,229.41,0,12499.21,1476.77,3572.57,65818.1,0,16494.18,0,0,84804.23,0,0,0,2559.24,2306.66,0,24950.69,25668.47,60.72,2610.75,15321.88,0,0,0,0
2006-09-01 08:00:00,0,1856.97,0,341.4,10759.8,6651.73,5228.35,0,0,2300.35,15596.21,256.39,0,12976.67,1570.53,3778.75,70521.12,0,17165.35,0,0,87490.92,0,0,0,2632.33,2383.5,0,26086.03,27643.11,64.17,2797.28,16604.19,0,0,0,0
2006-09-01 09:00:00,0,1931.22,0,373.32,11009.56,7279.23,5565.29,0,0,2510.4,17007.88,273.79,0,13568.71,1691.97,3870.57,73697.35,0,17779.81,0,0,89645.2,0,0,0,2717.36,2471.07,0,26919.1,29304.3,68.04,2968.37,17809.58,0,0,0,0
2006-09-01 10:00:00,0,2050.37,0,416.35,11224.33,7855.64,5851.6,0,0,2721.22,18555.95,295.45,0,14035.1,1902.31,3933.39,76890.79,0,18515.42,0,0,91515.78,0,0,0,2812.83,2551.01,0,27746.44,30706.34,72.5,3087.91,18851.87,0,0,0,0
2006-09-01 11:00:00,0,2190.41,0,450.63,11475.34,8357.01,6166.37,0,0,2881.19,20012.83,318.67,0,14446.48,2078.72,4001.16,80055.87,0,19196.93,0,0,93195.78,0,0,0,2903.16,2624.44,0,28949.73,32293.07,77.67,3211.34,19751.5,0,0,0,0
2006-09-01 12:00:00,0,2353.95,0,473.01,11735.93,8748.12,6408.73,0,0,2994.38,20983.06,337.82,0,14701.39,2206.98,4066.78,82978.96,0,19506.57,0,0,94847.6,0,0,0,3050.47,2718.71,0,30574.17,33863.68,83.01,3353.51,21037.22,0,0,0,0
2006-09-01 13:00:00,0,2509.62,0,493.35,12024.99,9173.91,6622.45,0,0,3121.8,21775.16,355.1,0,14810.03,2311.13,4111.62,85267.56,0,19662.58,0,0,96249.89,0,0,0,3284.58,2869.68,0,31962.2,35278.59,87.17,3489.43,22131.82,0,0,0,0
2006-09-01 14:00:00,0,2648.72,0,511.31,12446.06,9499.43,6794.27,0,0,3183.89,22257.26,369.7,0,14845.56,2389.09,4155.69,87038.35,0,19685.71,0,0,97124.09,0,0,0,3469.08,3051.82,0,33143.06,36532.56,90.48,3606.0,22897.97,0,0,0,0
2006-09-01 15:00:00,0,2765.55,0,524.68,12734.3,9734.4,6932.23,0,0,3197.26,22454.32,382.22,0,14843.79,2441.65,4168.29,87931.06,0,19815.72,0,0,97417.61,0,0,0,3599.7,3197.67,0,34008.95,37472.85,92.74,3752.61,23333.3,0,0,0,0
2006-09-01 16:00:00,0,2862.42,0,526.16,12736.61,9882.38,6987.17,0,0,3162.9,22312.63,383.24,0,14956.47,2475.63,4151.28,88137.8,0,19873.32,0,0,96784.72,0,0,0,3657.73,3273.43,0,34576.93,38048.36,93.86,3860.02,23483.05,0,0,0,0
2006-09-01 17:00:00,0,2928.64,0,516.57,12585.39,9758.85,7031.16,0,0,3079.4,21891.97,385.52,0,14965.56,2468.27,4125.82,87641.14,0,19673.11,0,0,96434.03,0,0,0,3637.17,3277.97,0,34689.43,38130.98,92.85,3807.49,23041.52,0,0,0,0
2006-09-01 18:00:00,0,2905.94,0,491.79,12402.17,9445.77,7053.16,0,0,2973.8,20930.48,376.4,0,14801.52,2343.71,4093.93,86412.24,0,19363.2,0,0,95864.16,0,0,0,3556.6,3236.8,0,34256.73,37853.53,90.06,3709.22,22332.76,0,0,0,0
2006-09-01 19:00:00,0,2973.49,0,446.98,12800.52,8579.44,7241.05,0,0,2790.28,19562.04,355.51,0,14506.42,2194.75,3858.28,82771.31,0,19203.7,0,0,93253.32,0,0,0,3327.05,3142.73,0,32866.28,36223.92,80.34,3386.97,21053.57,0,0,0,0
2006-09-01 20:00:00,0,2677.45,0,419.43,12526.97,8245.85,6891.33,0,0,2629.83,18398.27,338.92,0,13618.78,2063.75,3698.76,79036.21,0,18447.54,0,0,89196.86,0,0,0,3185.96,2982.69,0,32022.73,34620.63,76.47,3208.01,20174.68,0,0,0,0
2006-09-01 21:00:00,0,2519.7,0,397.37,11975.39,7767.57,6502.71,0,0,2480.47,17325.68,322.66,0,12822.95,1934.03,3545.23,76197.2,0,17790.88,0,0,85346.83,0,0,0,3029.75,2808.31,0,30944.97,32963.19,71.45,3023.85,19433.68,0,0,0,0
2006-09-01 22:00:00,0,2427.93,0,365.17,11202.72,7155.93,6118.71,0,0,2327.11,16243.85,298.04,0,12086.35,1816.8,3411.83,72935.31,0,16878.6,0,0,81526.75,0,0,0,2769.45,2621.11,0,28831.7,31383.4,66.78,2851.99,18178.97,0,0,0,0
2006-09-01 23:00:00,0,2232.08,0,332.76,10427.45,6588.21,5721.05,0,0,2169.33,15166.14,272.06,0,11441.95,1685.73,3279.37,69005.32,0,15927.95,0,0,77891.34,0,0,0,2550.3,2466.72,0,26805.88,29691.22,62.36,2672.2,16652.12,0,0,0,0
2006-09-02 00:00:00,0,2047.87,0,307.65,9685.03,6063.93,5400.33,0,0,2016.12,14114.37,247.95,0,10756.23,1549.44,3134.62,65284.51,0,14992.43,0,0,75303.85,0,0,0,2399.5,2326.77,0,24920.75,28235.41,58.09,2501.39,15238.47,0,0,0,0
2006-09-02 01:00:00,0,1865.75,0,286.62,9110.42,5608.16,5094.61,0,0,1883.42,13126.52,226.32,0,10200.26,1425.63,2979.76,62143.23,0,14138.48,0,0,73187.71,0,0,0,2274.16,2191.36,0,23649.84,26916.65,54.87,2347.03,14093.11,0,0,0,0
2006-09-02 02:00:00,0,1731.46,0,268.14,8649.91,5311.55,4799.24,0,0,1775.28,12363.42,210.18,0,10138.31,1323.53,2855.79,59389.87,0,13495.93,0,0,71238.67,0,0,0,2188.09,2072.51,0,22898.54,25748.63,51.9,2234.38,13366.1,0,0,0,0
2006-09-02 03:00:00,0,1629.57,0,254.22,8340.89,5111.98,4569.55,0,0,1709.58,11961.02,198.6,0,10127.92,1262.08,2797.32,57456.04,0,13153.69,0,0,70063.81,0,0,0,2122.58,2007.04,0,22284.13,24589.28,49.9,2161.87,12871.86,0,0,0,0
2006-09-02 04:00:00,0,1560.15,0,247.96,8149.45,4920.95,4512.25,0,0,1687.78,11692.48,191.66,0,10147.54,1227.1,2783.81,56606.9,0,12997.88,0,0,69636.94,0,0,0,2076.93,2016.67,0,21892.01,23874.26,48.71,2125.14,12524.39,0,0,0,0
2006-09-02 05:00:00,0,1549.39,0,245.62,8124.95,4932.28,4531.34,0,0,1695.73,11694.76,189.64,0,10207.25,1219.23,2808.12,56364.99,0,13192.29,0,0,70433.09,0,0,0,2070.63,2029.01,0,21712.46,23655.26,48.34,2126.15,12482.49,0,0,0,0
2006-09-02 06:00:00,0,1568.39,0,248.09,8297.78,5052.68,4635.34,0,0,1716.02,11754.15,189.6,0,10558.13,1230.87,2885.59,56904.38,0,13583.31,0,0,71642.47,0,0,0,2078.65,2049.13,0,21721.92,23712.79,48.64,2161.29,12665.97,0,0,0,0
2006-09-02 07:00:00,0,1614.91,0,257.78,8767.64,5423.39,4907.09,0,0,1820.54,12440.55,201.95,0,11120.57,1309.94,2994.97,58105.77,0,14368.02,0,0,73821.3,0,0,0,2175.74,2180.66,0,21870.89,23730.48,49.46,2227.85,12946.4,0,0,0,0
2006-09-02 08:00:00,0,1776.77,0,289.96,9118.47,6032.09,5171.99,0,0,1966.32,14032.07,224.49,0,11473.37,1445.98,3106.99,60730.63,0,15051.7,0,0,76349.93,0,0,0,2306.78,2354.49,0,22573.11,24529.22,51.47,2406.57,13535.58,0,0,0,0
2006-09-02 09:00:00,0,1916.93,0,332.79,9333.3,6840.26,5366.13,0,0,2191.94,15889.65,245.26,0,11786.7,1623.01,3216.98,63754.85,0,15519.97,0,0,78415.31,0,0,0,2429.23,2500.73,0,24090.27,25670.89,53.76,2726.62,14562.13,0,0,0,0
2006-09-02 10:00:00,0,2050.69,0,373.26,9686.43,7657.39,5625.19,0,0,2442.96,17723.64,269.85,0,12083.59,1791.09,3268.03,66648.2,0,15904.29,0,0,80395.94,0,0,0,2597.88,2618.53,0,25974.47,26806.82,56.89,3010.06,15654.58,0,0,0,0
2006-09-02 11:00:00,0,2175.18,0,401.84,10648.08,8350.07,6342.17,0,0,2664.91,19123.05,294.14,0,12325.46,1943.0,3356.77,69897.44,0,16217.78,0,0,82124.4,0,0,0,2879.17,2853.39,0,28689.03,28083.38,60.6,3196.61,16722.17,0,0,0,0
2006-09-02 12:00:00,0,2336.97,0,425.72,11664.21,8877.12,6993.32,0,0,2838.23,20140.0,315.51,0,12501.62,2081.31,3537.7,73275.13,0,16515.31,0,0,83468.59,0,0,0,3107.98,3083.45,0,30972.81,29255.4,64.89,3329.03,18275.36,0,0,0,0
2006-09-02 13:00:00,0,2482.02,0,445.64,12563.96,9243.19,7571.2,0,0,2943.01,20869.79,333.52,0,12688.23,2194.77,3700.83,76043.28,0,16697.1,0,0,84739.14,0,0,0,3303.46,3274.69,0,32798.87,30335.54,68.93,3433.69,19538.27,0,0,0,0
2006-09-02 14:00:00,0,2620.58,0,462.9,13292.38,9444.27,8087.2,0,0,2979.68,21223.93,348.09,0,12847.54,2277.07,3847.55,77805.96,0,16866.26,0,0,85801.77,0,0,0,3453.62,3438.31,0,34271.55,31547.78,72.3,3495.9,20492.04,0,0,0,0
2006-09-02 15:00:00,0,2697.9,0,474.11,13917.93,9492.21,8456.89,0,0,2932.87,21194.19,359.68,0,12962.43,2320.6,3982.25,79060.83,0,17040.08,0,0,86661.06,0,0,0,3556.4,3556.71,0,35478.04,32289.59,74.36,3538.55,21140.93,0,0,0,0
2006-09-02 16:00:00,0,2744.87,0,473.23,14364.08,9360.49,8768.05,0,0,2840.37,20532.81,366.28,0,13063.95,2313.35,4101.76,79642.6,0,17257.99,0,0,87308.31,0,0,0,3616.32,3624.14,0,36336.4,32628.52,75.04,3539.53,21619.79,0,0,0,0
2006-09-02 17:00:00,0,2776.89,0,460.91,14516.96,9170.33,8897.41,0,0,2784.56,19975.43,364.88,0,13135.41,2274.7,4104.25,79288.31,0,17505.83,0,0,88061.8,0,0,0,3633.13,3613.64,0,36734.28,32750.63,74.27,3465.55,21268.47,0,0,0,0
2006-09-02 18:00:00,0,2750.05,0,444.68,14250.49,8864.23,8702.66,0,0,2708.13,19438.78,353.42,0,13362.09,2169.28,3989.03,78459.1,0,17764.57,0,0,88305.1,0,0,0,3600.09,3545.9,0,36198.53,32836.07,72.6,3368.22,20386.11,0,0,0,0
2006-09-02 19:00:00,0,2786.94,0,443.21,14910.21,8388.02,8596.19,0,0,2761.81,19082.34,350.25,0,14221.29,2068.44,4304.93,82158.28,0,19072.34,0,0,94589.55,0,0,0,3508.96,3411.55,0,35146.11,33956.95,77.04,3304.75,20635.57,0,0,0,0
2006-09-02 20:00:00,0,2572.05,0,421.11,14342.18,8065.23,7990.41,0,0,2599.49,17911.38,331.94,0,13500.03,1925.98,3963.83,78969.77,0,18602.21,0,0,90366.31,0,0,0,3386.58,3257.3,0,33718.61,32799.13,72.84,3126.81,19591.68,0,0,0,0
2006-09-02 21:00:00,0,2409.74,0,386.74,13571.84,7611.4,7426.95,0,0,2443.75,16832.66,316.03,0,12845.32,1826.5,3747.15,76420.93,0,18020.6,0,0,86295.19,0,0,0,3258.64,3095.79,0,32318.92,31272.74,68.04,2954.25,18623.57,0,0,0,0
2006-09-02 22:00:00,0,2308.1,0,343.36,12384.45,6995.67,6889.43,0,0,2281.21,15798.24,292.28,0,12214.82,1743.95,3541.15,73340.12,0,17168.98,0,0,82576.47,0,0,0,3021.47,2897.89,0,29868.05,29558.0,63.84,2764.61,17141.29,0,0,0,0
2006-09-02 23:00:00,0,2097.18,0,320.4,11258.71,6425.16,6357.36,0,0,2119.34,14781.93,267.12,0,11592.02,1653.68,3324.5,69459.68,0,16301.44,0,0,78745.71,0,0,0,2807.69,2719.92,0,27697.92,27901.6,60.12,2599.14,15743.17,0,0,0,0
2006-09-03 00:00:00,0,1907.96,0,297.08,10337.4,5951.74,5862.56,0,0,1975.0,13821.13,244.56,0,10925.08,1533.61,3078.54,65675.42,0,15360.86,0,0,74694.81,0,0,0,2618.77,2552.29,0,25699.93,26454.48,56.28,2452.4,14609.05,0,0,0,0
2006-09-03 01:00:00,0,1737.61,0,279.37,9639.42,5508.82,5467.76,0,0,1847.14,12914.93,224.79,0,10300.34,1427.03,2875.98,62291.44,0,14498.47,0,0,71708.64,0,0,0,2475.03,2418.48,0,24327.54,25124.72,53.55,2302.63,13653.83,0,0,0,0
2006-09-03 02:00:00,0,1607.04,0,257.86,9174.29,5230.66,5131.34,0,0,1754.17,12219.94,210.07,0,10036.48,1343.96,2747.71,59632.51,0,13767.86,0,0,69591.17,0,0,0,2387.7,2316.08,0,23268.61,23975.95,51.21,2187.3,12897.28,0,0,0,0
2006-09-03 03:00:00,0,1514.99,0,246.31,8818.62,5034.54,4929.01,0,0,1692.96,11856.14,200.23,0,10023.18,1288.73,2675.37,57906.48,0,13551.54,0,0,68225.48,0,0,0,2328.82,2268.52,0,22540.13,23022.56,50.02,2108.64,12481.75,0,0,0,0
2006-09-03 04:00:00,0,1486.94,0,242.71,8626.38,4864.37,4857.28,0,0,1685.92,11661.47,195.13,0,10084.28,1263.7,2663.14,57053.07,0,13502.08,0,0,68402.14,0,0,0,2323.24,2274.14,0,22106.83,22502.04,49.33,2082.01,12129.86,0,0,0,0
2006-09-03 05:00:00,0,1490.57,0,240.54,8589.13,4893.0,4910.81,0,0,1697.21,11688.01,194.19,0,10253.97,1259.07,2689.84,56864.17,0,13580.11,0,0,69017.0,0,0,0,2334.4,2286.63,0,22027.7,22338.37,49.58,2100.7,12135.3,0,0,0,0
2006-09-03 06:00:00,0,1524.14,0,245.19,8694.1,5017.2,5017.57,0,0,1720.27,11727.86,195.5,0,10562.88,1274.92,2757.26,57279.16,0,13893.58,0,0,69988.62,0,0,0,2362.03,2311.98,0,22083.85,22487.21,50.23,2134.94,12367.05,0,0,0,0
2006-09-03 07:00:00,0,1575.59,0,257.34,9183.92,5365.79,5335.85,0,0,1791.5,12237.44,207.57,0,10924.74,1340.88,2866.6,58376.33,0,14381.85,0,0,72336.75,0,0,0,2443.8,2409.28,0,22450.52,22586.74,51.25,2210.0,12717.24,0,0,0,0
2006-09-03 08:00:00,0,1723.27,0,278.32,9822.82,5871.12,5777.99,0,0,1900.19,13231.65,227.92,0,11270.86,1457.09,2925.45,60925.97,0,15055.88,0,0,75069.06,0,0,0,2614.2,2580.16,0,23610.12,23292.14,52.55,2371.79,13352.87,0,0,0,0
2006-09-03 09:00:00,0,1882.12,0,315.14,10355.19,6506.34,6145.15,0,0,2030.82,14396.63,250.38,0,11638.34,1645.26,3057.63,63817.19,0,15597.52,0,0,77539.97,0,0,0,2770.41,2731.16,0,25817.5,24680.21,54.57,2617.88,14496.1,0,0,0,0
2006-09-03 10:00:00,0,2015.33,0,363.9,11383.69,7168.01,6821.91,0,0,2172.82,15663.63,274.66,0,12007.68,1812.86,3158.24,66466.68,0,16069.79,0,0,79581.16,0,0,0,3018.45,2940.49,0,28325.0,25851.53,57.04,2902.8,15646.85,0,0,0,0
2006-09-03 11:00:00,0,2127.96,0,401.43,12395.74,7795.02,7564.88,0,0,2302.58,16812.81,296.6,0,12272.94,1959.98,3326.0,69627.59,0,16412.08,0,0,82633.18,0,0,0,3270.63,3202.35,0,30947.22,26977.62,60.42,3106.51,16834.98,0,0,0,0
2006-09-03 12:00:00,0,2263.94,0,430.03,13328.89,8278.18,8120.6,0,0,2442.75,17628.67,315.13,0,12540.97,2084.15,3594.7,73016.5,0,16820.08,0,0,88040.03,0,0,0,3476.5,3430.53,0,33042.39,28444.52,65.57,3213.61,18413.13,0,0,0,0
2006-09-03 13:00:00,0,2396.38,0,452.68,14070.48,8563.63,8554.47,0,0,2549.08,18147.15,331.88,0,12833.16,2170.91,3841.57,76026.2,0,17180.15,0,0,92914.76,0,0,0,3619.01,3596.8,0,34685.54,29751.67,69.97,3220.38,19652.12,0,0,0,0
2006-09-03 14:00:00,0,2522.94,0,471.05,14650.3,8724.84,8927.35,0,0,2608.81,18506.26,347.74,0,13104.82,2204.86,4013.0,78189.61,0,17565.66,0,0,96653.93,0,0,0,3738.45,3729.07,0,35894.55,30738.07,73.1,3227.89,20728.68,0,0,0,0
2006-09-03 15:00:00,0,2592.99,0,483.32,15065.07,8777.28,9207.75,0,0,2628.6,18473.47,354.71,0,13379.35,2159.2,4129.21,79509.29,0,18030.11,0,0,99376.02,0,0,0,3820.56,3818.52,0,36769.95,31513.73,75.81,3207.72,21529.52,0,0,0,0
2006-09-03 16:00:00,0,2640.22,0,487.28,15317.54,8675.61,9400.91,0,0,2595.76,18453.78,359.51,0,13627.8,2129.06,4199.02,80199.78,0,18373.52,0,0,100779.9,0,0,0,3864.94,3867.43,0,37257.94,32205.64,76.71,3185.49,22141.61,0,0,0,0
2006-09-03 17:00:00,0,2698.77,0,482.54,15283.4,8492.37,9475.68,0,0,2548.07,18339.33,351.03,0,13877.54,2122.28,4175.28,80148.04,0,18495.35,0,0,100939.59,0,0,0,3859.22,3834.07,0,37126.7,32674.66,76.21,3169.51,22051.23,0,0,0,0
2006-09-03 18:00:00,0,2719.4,0,459.9,14632.12,8237.94,9166.89,0,0,2508.6,18058.51,324.21,0,13959.31,2059.26,4056.93,79629.93,0,18259.69,0,0,99468.36,0,0,0,3776.97,3714.95,0,36146.56,32661.69,74.6,3153.45,21280.9,0,0,0,0
2006-09-03 19:00:00,0,2819.64,0,415.7,14598.99,7706.51,8355.05,0,0,2522.03,17318.43,274.34,0,14631.68,1875.1,4195.98,80065.64,0,19266.68,0,0,102323.51,0,0,0,3579.84,3511.41,0,33440.77,33294.74,81.51,2952.31,20797.07,0,0,0,0
2006-09-03 20:00:00,0,2543.67,0,400.93,13928.51,7387.85,7819.38,0,0,2377.79,16450.92,275.24,0,13789.53,1778.54,3846.94,77053.94,0,18278.51,0,0,95335.12,0,0,0,3465.16,3365.89,0,32073.01,31741.46,77.71,2783.94,19718.24,0,0,0,0
2006-09-03 21:00:00,0,2410.01,0,384.23,13310.89,7004.71,7337.41,0,0,2246.23,15637.35,265.8,0,12967.29,1688.67,3567.13,74852.04,0,17489.91,0,0,89296.08,0,0,0,3367.73,3237.19,0,30935.9,30813.53,73.51,2623.45,18260.67,0,0,0,0
2006-09-03 22:00:00,0,2294.38,0,356.85,12230.29,6479.44,6850.98,0,0,2116.87,14791.74,250.69,0,12180.79,1585.45,3336.28,72466.18,0,16648.94,0,0,84239.03,0,0,0,3159.86,3068.49,0,28836.53,29805.94,70.44,2454.13,16946.06,0,0,0,0
2006-09-03 23:00:00,0,2089.63,0,330.05,11295.39,5947.73,6415.16,0,0,1985.97,13816.14,234.26,0,11397.61,1481.75,3155.83,68775.28,0,15691.86,0,0,79955.21,0,0,0,2944.53,2881.05,0,26600.17,28024.88,67.77,2289.62,15760.09,0,0,0,0
2006-09-04 00:00:00,0,1906.2,0,306.52,10398.21,5421.58,5994.1,0,0,1859.26,12857.84,218.43,0,10626.07,1380.27,2988.5,65018.99,0,14807.54,0,0,76449.48,0,0,0,2769.47,2713.37,0,24653.54,26354.8,65.4,2143.31,14521.81,0,0,0,0
2006-09-04 01:00:00,0,1753.7,0,284.82,9573.93,5029.75,5600.89,0,0,1734.96,11945.85,204.06,0,10136.44,1283.21,2851.13,61543.71,0,14032.57,0,0,74230.91,0,0,0,2648.08,2567.94,0,23340.63,24821.18,63.09,2022.37,13329.9,0,0,0,0
2006-09-04 02:00:00,0,1645.37,0,269.33,8994.86,4783.28,5319.16,0,0,1642.05,11116.73,191.06,0,9872.15,1189.53,2765.03,58954.73,0,13450.17,0,0,72558.75,0,0,0,2586.41,2479.88,0,22397.63,23354.83,60.82,1924.83,12563.53,0,0,0,0
2006-09-04 03:00:00,0,1547.46,0,257.98,8698.8,4587.0,5170.8,0,0,1578.07,10674.58,185.96,0,9797.18,1136.19,2709.36,57626.81,0,13225.52,0,0,71665.08,0,0,0,2528.48,2398.33,0,21645.99,22522.73,59.2,1872.25,12333.67,0,0,0,0
2006-09-04 04:00:00,0,1506.71,0,256.8,8585.39,4529.6,5092.13,0,0,1560.58,10567.37,184.96,0,9883.77,1125.52,2774.89,57195.31,0,13342.08,0,0,71859.28,0,0,0,2499.84,2357.78,0,21303.88,22128.75,58.39,1863.32,12382.72,0,0,0,0
2006-09-04 05:00:00,0,1525.6,0,259.33,8557.81,4611.17,5061.36,0,0,1592.12,10630.32,187.97,0,10054.24,1148.7,2864.66,57952.05,0,13204.55,0,0,72514.97,0,0,0,2526.4,2328.33,0,21418.68,22089.44,57.95,1915.15,12675.3,0,0,0,0
2006-09-04 06:00:00,0,1565.16,0,263.36,8655.88,4721.37,5130.76,0,0,1633.02,10858.25,190.41,0,10624.44,1193.56,2947.68,59476.61,0,13664.25,0,0,73803.38,0,0,0,2554.49,2335.95,0,21693.93,22276.67,57.51,1979.51,12964.64,0,0,0,0
2006-09-04 07:00:00,0,1601.07,0,281.48,9106.23,5076.99,5557.53,0,0,1774.99,11665.5,198.57,0,11418.91,1271.38,3166.83,62012.66,0,14548.48,0,0,76089.59,0,0,0,2609.67,2491.68,0,22694.01,22605.03,57.67,2074.79,13644.5,0,0,0,0
2006-09-04 08:00:00,0,1714.65,0,307.59,9629.42,5558.9,5911.05,0,0,1898.25,12970.01,213.85,0,11912.12,1354.29,3406.25,65857.85,0,15298.24,0,0,79413.99,0,0,0,2745.11,2639.6,0,23737.45,23926.61,59.94,2190.95,14608.83,0,0,0,0
2006-09-04 09:00:00,0,1887.57,0,347.54,10271.13,6111.09,6293.44,0,0,2084.79,14737.42,233.07,0,12284.06,1418.08,3603.24,68043.77,0,15770.2,0,0,83267.03,0,0,0,2933.4,2876.63,0,25477.54,25626.13,63.33,2339.62,15855.91,0,0,0,0
2006-09-04 10:00:00,0,2050.69,0,383.39,11073.75,6854.12,6938.4,0,0,2324.13,16566.13,251.87,0,12455.71,1555.84,3840.46,70326.39,0,16321.83,0,0,86992.15,0,0,0,3131.11,3101.39,0,28158.43,26744.85,66.85,2531.03,17208.83,0,0,0,0
2006-09-04 11:00:00,0,2204.88,0,415.19,12078.06,7572.6,7637.3,0,0,2547.14,18018.77,271.25,0,12640.92,1746.22,4140.69,73898.76,0,16780.5,0,0,90590.74,0,0,0,3296.07,3285.61,0,30401.78,27718.54,69.78,2793.65,18868.19,0,0,0,0
2006-09-04 12:00:00,0,2325.36,0,437.26,12934.41,8163.47,8182.13,0,0,2689.66,18979.24,281.69,0,12833.16,1882.31,4402.19,77870.5,0,17176.86,0,0,94867.82,0,0,0,3430.78,3402.93,0,32184.4,28712.88,73.54,2983.96,20252.04,0,0,0,0
2006-09-04 13:00:00,0,2412.06,0,459.08,13644.66,8596.58,8627.48,0,0,2761.65,19222.63,285.35,0,13047.27,1910.87,4641.8,80737.94,0,17481.88,0,0,98898.74,0,0,0,3545.39,3485.79,0,33331.77,29873.0,76.63,3176.31,21343.33,0,0,0,0
2006-09-04 14:00:00,0,2469.58,0,466.8,14187.92,8770.91,8969.93,0,0,2793.98,19300.89,293.37,0,13267.67,1908.45,4817.97,82897.03,0,17714.97,0,0,102493.28,0,0,0,3654.26,3527.4,0,34219.22,30954.72,78.96,3310.45,22161.28,0,0,0,0
2006-09-04 15:00:00,0,2511.92,0,470.61,14642.88,8761.18,9200.12,0,0,2774.57,18976.32,296.22,0,13441.71,1938.14,4968.72,84528.85,0,18022.83,0,0,105616.05,0,0,0,3752.0,3553.61,0,34783.85,31867.47,79.92,3386.44,22776.54,0,0,0,0
2006-09-04 16:00:00,0,2539.67,0,469.74,14949.07,8670.63,9301.24,0,0,2743.05,18835.66,294.73,0,13628.4,1961.41,5033.64,85651.29,0,18431.25,0,0,107969.94,0,0,0,3809.14,3567.99,0,34562.46,32597.69,79.63,3397.6,23116.93,0,0,0,0
2006-09-04 17:00:00,0,2523.52,0,458.65,14999.67,8525.49,9161.28,0,0,2721.79,18834.35,295.96,0,13792.81,1987.68,4984.38,86133.16,0,18779.09,0,0,109413.63,0,0,0,3816.87,3591.33,0,33977.83,32775.36,77.7,3389.83,22951.51,0,0,0,0
2006-09-04 18:00:00,0,2418.05,0,444.58,14643.27,8363.31,8871.72,0,0,2682.88,18862.11,295.04,0,13992.07,1992.65,4826.62,85867.75,0,18570.0,0,0,108249.87,0,0,0,3777.92,3583.73,0,33120.47,32462.72,74.53,3329.42,22459.48,0,0,0,0
2006-09-04 19:00:00,0,2528.59,0,449.32,15919.99,8709.88,9367.7,0,0,2836.48,19115.92,328.81,0,15617.45,2085.03,4955.65,88673.6,0,20691.05,0,0,112006.2,0,0,0,3684.92,3387.39,0,34377.27,33543.66,85.72,3427.39,22456.72,0,0,0,0
2006-09-04 20:00:00,0,2339.45,0,430.79,15389.43,8273.48,8781.98,0,0,2655.4,17983.17,318.19,0,14560.22,1954.35,4565.56,84277.89,0,19570.22,0,0,104678.76,0,0,0,3597.01,3259.04,0,33347.98,32439.81,79.64,3196.23,21532.79,0,0,0,0
2006-09-04 21:00:00,0,2243.02,0,405.64,14584.65,7674.51,8235.91,0,0,2476.67,16861.6,302.01,0,13621.28,1821.31,4243.68,81287.16,0,18490.67,0,0,98311.42,0,0,0,3421.72,3083.38,0,32285.48,31390.6,73.76,2980.44,20616.0,0,0,0,0
2006-09-04 22:00:00,0,2096.34,0,376.12,13513.34,7007.15,7698.29,0,0,2304.1,15723.22,279.99,0,12630.03,1689.83,3976.78,77383.67,0,17334.17,0,0,92565.41,0,0,0,3201.21,2907.22,0,30139.12,30027.06,69.28,2769.39,19080.31,0,0,0,0
2006-09-04 23:00:00,0,1904.89,0,347.16,12484.52,6342.8,7179.82,0,0,2137.33,14597.99,257.48,0,11690.35,1563.07,3707.52,73024.78,0,16158.44,0,0,87499.91,0,0,0,2986.54,2729.16,0,27984.0,28043.6,65.33,2559.01,17558.83,0,0,0,0
2006-09-05 00:00:00,0,1737.32,0,319.19,11472.38,5717.32,6648.56,0,0,1976.97,13541.97,234.15,0,10836.89,1443.1,3482.16,68835.55,0,15077.86,0,0,82899.53,0,0,0,2811.84,2574.47,0,26037.58,26263.91,61.88,2355.21,16129.6,0,0,0,0
2006-09-05 01:00:00,0,1586.65,0,293.17,10632.47,5171.39,6144.16,0,0,1824.89,12488.86,211.75,0,10371.3,1334.47,3285.48,65105.92,0,14166.83,0,0,79040.67,0,0,0,2679.48,2446.94,0,24565.56,24596.32,59.06,2167.36,14854.91,0,0,0,0
2006-09-05 02:00:00,0,1485.85,0,275.34,10206.75,4872.43,5831.17,0,0,1705.63,11708.08,195.81,0,10287.35,1265.48,3110.88,62419.74,0,13584.75,0,0,76528.1,0,0,0,2605.76,2383.45,0,23536.85,23295.41,56.6,2057.11,14255.51,0,0,0,0
2006-09-05 03:00:00,0,1453.22,0,271.81,10078.34,4751.95,5772.95,0,0,1655.65,11327.84,187.64,0,10342.29,1232.3,3038.39,61164.48,0,13292.51,0,0,75989.26,0,0,0,2578.87,2356.64,0,23142.28,22802.04,54.79,2015.3,14081.99,0,0,0,0
2006-09-05 04:00:00,0,1480.23,0,278.86,10281.34,4821.12,5915.95,0,0,1699.44,11435.29,191.76,0,10487.7,1266.06,3121.78,61548.87,0,13410.29,0,0,77466.73,0,0,0,2616.17,2362.23,0,23451.3,22640.2,55.04,2058.21,14233.48,0,0,0,0
2006-09-05 05:00:00,0,1534.64,0,286.31,10790.56,4989.71,6097.36,0,0,1756.62,11813.52,197.08,0,10773.04,1305.43,3226.37,62824.85,0,13795.6,0,0,79331.73,0,0,0,2678.48,2403.84,0,23894.2,23129.79,56.08,2113.95,14623.81,0,0,0,0
2006-09-05 06:00:00,0,1606.99,0,294.6,11295.72,5139.71,6302.49,0,0,1810.75,12213.63,202.49,0,11977.67,1344.23,3330.88,64257.43,0,15011.55,0,0,82513.82,0,0,0,2742.07,2446.55,0,24304.58,23865.86,57.44,2168.85,14880.67,0,0,0,0
2006-09-05 07:00:00,0,1712.82,0,324.46,11928.5,5412.53,6654.67,0,0,1943.42,13058.16,214.08,0,12612.8,1444.69,3572.35,67245.85,0,16322.13,0,0,88211.4,0,0,0,2863.66,2535.12,0,25377.82,24675.04,58.91,2266.44,15416.53,0,0,0,0
2006-09-05 08:00:00,0,1783.15,0,353.47,12444.6,5800.93,7002.17,0,0,2072.82,13967.45,227.24,0,13252.02,1515.96,3732.76,71557.02,0,17213.73,0,0,92091.08,0,0,0,3004.41,2671.5,0,26566.11,26124.89,61.75,2387.47,16311.47,0,0,0,0
2006-09-05 09:00:00,0,1801.1,0,380.54,12876.76,6236.9,7379.8,0,0,2220.89,15011.62,243.13,0,13890.21,1596.07,3897.22,74905.62,0,17948.16,0,0,95345.39,0,0,0,3138.86,2809.9,0,27618.12,27276.38,64.77,2554.99,17266.88,0,0,0,0
2006-09-05 10:00:00,0,1863.75,0,414.19,13270.75,6883.52,7870.79,0,0,2429.86,16333.75,264.31,0,14405.28,1775.61,4082.63,77813.74,0,18762.31,0,0,97548.57,0,0,0,3278.27,2984.69,0,28418.93,28511.72,67.62,2783.31,18040.14,0,0,0,0
2006-09-05 11:00:00,0,1940.24,0,446.74,13678.56,7695.72,8491.8,0,0,2649.68,17619.08,285.55,0,15010.58,1947.89,4332.67,81056.12,0,19297.48,0,0,99417.1,0,0,0,3447.91,3167.35,0,29489.24,29979.15,70.78,3037.62,18763.37,0,0,0,0
2006-09-05 12:00:00,0,2012.31,0,473.29,13805.54,8506.58,8769.55,0,0,2820.82,18677.96,301.57,0,15479.22,2083.32,4645.94,83890.77,0,19866.93,0,0,101729.69,0,0,0,3563.09,3281.24,0,30855.74,31229.95,73.97,3286.91,19948.25,0,0,0,0
2006-09-05 13:00:00,0,2112.61,0,495.69,13720.43,9057.17,8816.31,0,0,2937.58,19464.28,317.29,0,15822.55,2195.0,4887.59,86463.31,0,20492.35,0,0,103523.02,0,0,0,3648.26,3368.34,0,32037.55,32198.76,76.88,3484.36,21125.2,0,0,0,0
2006-09-05 14:00:00,0,2200.76,0,513.09,13829.01,9448.1,8909.67,0,0,3010.17,19907.96,334.02,0,15967.98,2266.13,5056.88,88112.36,0,20730.15,0,0,104571.27,0,0,0,3791.6,3480.05,0,32916.45,33022.28,79.26,3629.03,22010.05,0,0,0,0
2006-09-05 15:00:00,0,2241.87,0,526.75,13995.58,9669.92,9030.77,0,0,3023.19,19860.13,346.43,0,16018.49,2250.82,5185.48,88572.81,0,20516.91,0,0,105048.62,0,0,0,3897.23,3553.99,0,33701.05,33619.52,80.81,3733.09,22545.95,0,0,0,0
2006-09-05 16:00:00,0,2281.48,0,531.27,14032.48,9674.86,8954.04,0,0,2957.04,19573.0,349.77,0,16034.69,2197.31,5232.4,88340.85,0,20267.43,0,0,104939.49,0,0,0,3906.02,3550.01,0,34052.54,34157.13,81.14,3780.04,22866.87,0,0,0,0
2006-09-05 17:00:00,0,2306.91,0,502.1,13790.13,9399.15,8812.71,0,0,2869.56,19267.61,354.63,0,15869.58,2189.67,5111.21,87234.69,0,19902.51,0,0,104434.51,0,0,0,3820.32,3481.71,0,34016.25,34410.94,80.58,3695.29,22730.66,0,0,0,0
2006-09-05 18:00:00,0,2323.56,0,480.57,13484.44,9012.35,8637.69,0,0,2817.16,19125.25,347.73,0,15534.09,2141.34,4902.2,86468.61,0,19684.29,0,0,103754.81,0,0,0,3685.01,3409.99,0,33490.41,34260.73,78.43,3593.32,22197.06,0,0,0,0
2006-09-05 19:00:00,0,2512.06,0,466.3,14270.56,8833.48,8828.54,0,0,2797.32,18732.54,347.69,0,15842.96,2108.7,4776.78,86752.7,0,20266.44,0,0,105967.59,0,0,0,3494.66,3287.91,0,33120.38,34870.8,80.26,3498.87,21648.36,0,0,0,0
2006-09-05 20:00:00,0,2322.7,0,425.84,13842.74,8424.92,8199.66,0,0,2639.33,17773.23,333.68,0,14728.12,1972.16,4449.77,82540.04,0,19203.78,0,0,100218.93,0,0,0,3347.07,3114.19,0,32113.03,33297.49,75.5,3270.88,20757.22,0,0,0,0
2006-09-05 21:00:00,0,2212.5,0,398.31,13035.96,7865.01,7574.09,0,0,2484.95,16812.84,318.08,0,13799.91,1842.65,4156.51,79699.79,0,18381.89,0,0,95010.49,0,0,0,3188.75,2952.63,0,30993.24,32047.19,70.71,3056.01,19905.94,0,0,0,0
2006-09-05 22:00:00,0,2065.0,0,369.41,11958.28,7180.09,6952.82,0,0,2326.11,15777.11,292.62,0,12935.07,1728.3,3879.54,75869.92,0,17389.87,0,0,90069.0,0,0,0,2954.54,2769.7,0,28873.78,30570.26,66.4,2838.26,18445.69,0,0,0,0
2006-09-05 23:00:00,0,1867.79,0,342.91,11000.55,6501.58,6323.16,0,0,2170.09,14673.02,267.51,0,12072.33,1600.04,3623.86,71554.54,0,16332.35,0,0,85316.61,0,0,0,2758.07,2558.97,0,26852.95,28398.69,63.06,2621.05,16903.68,0,0,0,0
2006-09-06 00:00:00,0,1702.35,0,313.39,10043.15,5866.48,5748.41,0,0,2016.43,13656.09,243.52,0,11243.0,1468.37,3399.46,67625.27,0,15421.17,0,0,80914.07,0,0,0,2579.22,2377.36,0,25110.09,26454.66,60.2,2411.48,15352.9,0,0,0,0
2006-09-06 01:00:00,0,1560.35,0,285.83,9315.64,5340.01,5304.76,0,0,1867.2,12620.13,220.93,0,10820.58,1351.47,3212.19,64075.38,0,14524.44,0,0,77034.11,0,0,0,2447.01,2260.47,0,23780.98,24704.89,57.71,2221.37,14184.72,0,0,0,0
2006-09-06 02:00:00,0,1461.43,0,267.04,9040.31,5021.71,4984.77,0,0,1749.85,11832.39,203.82,0,10817.31,1278.18,3073.59,61372.48,0,13887.98,0,0,75006.51,0,0,0,2385.42,2200.17,0,22953.06,23225.69,55.56,2095.6,13482.76,0,0,0,0
2006-09-06 03:00:00,0,1427.61,0,262.46,9047.13,4869.07,4951.42,0,0,1700.95,11460.21,193.1,0,10958.61,1252.03,3001.12,59882.73,0,13730.16,0,0,74923.07,0,0,0,2365.4,2169.37,0,22379.06,22616.49,54.65,2055.35,13251.74,0,0,0,0
2006-09-06 04:00:00,0,1439.31,0,269.5,9247.18,4918.17,5108.23,0,0,1737.17,11592.61,195.29,0,11135.79,1286.38,3069.35,60171.7,0,14145.23,0,0,76686.0,0,0,0,2419.65,2198.05,0,22528.77,22384.77,55.09,2100.16,13352.47,0,0,0,0
2006-09-06 05:00:00,0,1495.97,0,278.44,9730.62,5072.84,5276.45,0,0,1787.06,11947.25,198.9,0,11428.94,1322.11,3172.02,61388.69,0,14625.22,0,0,78533.83,0,0,0,2484.9,2231.74,0,22868.23,22841.53,56.36,2154.19,13657.66,0,0,0,0
2006-09-06 06:00:00,0,1569.47,0,286.02,10233.98,5236.91,5474.58,0,0,1840.15,12308.89,203.03,0,12192.41,1359.99,3273.19,62716.28,0,15424.75,0,0,81318.88,0,0,0,2540.25,2267.46,0,23119.12,23590.02,57.96,2215.44,14010.43,0,0,0,0
2006-09-06 07:00:00,0,1670.86,0,315.03,10957.96,5586.77,5811.81,0,0,1971.43,13112.39,214.84,0,13029.06,1467.11,3531.76,66114.07,0,16716.86,0,0,86865.35,0,0,0,2597.66,2323.72,0,23953.38,24378.62,59.57,2354.15,14921.31,0,0,0,0
2006-09-06 08:00:00,0,1780.46,0,336.43,11349.69,6039.05,6163.4,0,0,2098.51,14074.23,232.17,0,13441.45,1553.52,3637.72,70457.88,0,17512.93,0,0,90656.41,0,0,0,2680.45,2418.78,0,24821.82,25898.05,61.73,2521.01,15648.26,0,0,0,0
2006-09-06 09:00:00,0,1786.57,0,362.78,11700.27,6540.22,6395.62,0,0,2263.56,15333.73,252.66,0,13792.07,1663.27,3764.34,74043.78,0,17996.29,0,0,94376.58,0,0,0,2782.04,2490.48,0,26206.17,27451.88,64.44,2724.61,16613.0,0,0,0,0
2006-09-06 10:00:00,0,1908.88,0,397.08,12009.53,7279.24,6513.04,0,0,2485.06,16993.8,278.98,0,14226.19,1836.29,3894.22,77580.64,0,18637.72,0,0,97533.3,0,0,0,2914.99,2592.18,0,27678.4,29040.65,67.13,2971.48,17570.26,0,0,0,0
2006-09-06 11:00:00,0,2035.41,0,432.1,12800.07,8100.1,6690.06,0,0,2720.98,18558.64,304.61,0,14634.45,1982.91,4170.31,81577.66,0,19327.91,0,0,101854.68,0,0,0,3101.03,2745.33,0,29868.76,31151.38,70.48,3240.91,18445.32,0,0,0,0
2006-09-06 12:00:00,0,2142.61,0,456.44,13639.92,8813.1,7107.88,0,0,2923.06,19690.38,326.2,0,15004.98,2089.23,4492.16,84408.0,0,19916.5,0,0,106593.77,0,0,0,3306.29,2937.93,0,31880.99,32432.3,73.28,3438.21,19752.37,0,0,0,0
2006-09-06 13:00:00,0,2241.27,0,451.26,14229.69,9223.76,7577.73,0,0,3067.61,20261.96,345.15,0,15301.27,2160.94,4701.16,86406.8,0,20488.13,0,0,110380.3,0,0,0,3458.92,3102.44,0,33397.3,33285.61,76.29,3509.36,20757.2,0,0,0,0
2006-09-06 14:00:00,0,2323.85,0,454.63,14669.64,9402.03,7956.19,0,0,3106.08,20476.31,345.14,0,15590.54,2178.42,4829.98,87869.78,0,20788.54,0,0,114033.7,0,0,0,3561.5,3230.03,0,34481.71,34048.59,78.6,3513.41,21494.96,0,0,0,0
2006-09-06 15:00:00,0,2401.9,0,461.61,15032.14,9465.74,8227.84,0,0,3059.92,20465.13,344.15,0,15726.09,2162.58,4921.25,88519.8,0,20901.6,0,0,116116.6,0,0,0,3638.9,3327.98,0,35208.15,34868.86,80.45,3541.04,22040.95,0,0,0,0
2006-09-06 16:00:00,0,2475.95,0,461.35,15204.02,9267.63,8352.97,0,0,2939.82,20074.36,344.21,0,15737.68,2142.48,4983.8,88909.01,0,20752.61,0,0,116458.79,0,0,0,3659.18,3370.62,0,35639.31,35679.36,81.1,3590.01,22368.31,0,0,0,0
2006-09-06 17:00:00,0,2536.98,0,464.37,15196.15,9101.29,8336.42,0,0,2881.05,19755.63,342.1,0,15660.99,2095.22,4928.28,88422.21,0,20465.23,0,0,115378.32,0,0,0,3619.97,3344.47,0,35500.79,36029.95,81.19,3643.23,22301.74,0,0,0,0
2006-09-06 18:00:00,0,2548.57,0,449.13,14665.39,8950.86,8090.37,0,0,2846.87,19557.02,335.7,0,15442.16,2035.21,4766.54,87431.17,0,19891.48,0,0,111684.51,0,0,0,3539.96,3271.94,0,34609.2,35486.33,80.02,3586.79,21726.36,0,0,0,0
2006-09-06 19:00:00,0,2670.57,0,437.62,14876.15,8760.67,8285.97,0,0,2877.99,19422.14,330.07,0,15768.13,2019.4,4837.76,87444.3,0,20678.23,0,0,112560.66,0,0,0,3461.63,3155.08,0,34103.82,35797.67,82.48,3396.09,21404.92,0,0,0,0
2006-09-06 20:00:00,0,2416.25,0,424.94,14213.51,8384.66,7634.43,0,0,2708.39,18374.65,320.72,0,14646.52,1900.18,4462.7,82662.46,0,19381.88,0,0,105138.02,0,0,0,3316.45,2996.73,0,32830.77,34208.49,77.25,3187.69,20254.65,0,0,0,0
2006-09-06 21:00:00,0,2301.32,0,398.24,13375.58,7768.86,6996.15,0,0,2535.76,17293.79,305.56,0,13719.69,1771.85,4169.13,79462.91,0,18467.95,0,0,98344.25,0,0,0,3104.23,2822.43,0,31393.47,32760.23,72.3,2991.46,19398.24,0,0,0,0
2006-09-06 22:00:00,0,2147.9,0,369.69,12149.93,7111.3,6387.39,0,0,2368.5,16164.87,284.13,0,12844.87,1661.78,3908.72,75673.59,0,17334.39,0,0,92416.03,0,0,0,2859.43,2625.3,0,28939.4,31395.42,68.02,2789.69,17815.3,0,0,0,0
2006-09-06 23:00:00,0,1928.62,0,339.57,11083.94,6450.96,5852.8,0,0,2198.07,15011.91,262.18,0,12008.18,1550.68,3661.74,71313.6,0,16158.26,0,0,87292.69,0,0,0,2651.78,2438.67,0,26830.69,29315.34,64.0,2589.18,16280.75,0,0,0,0
2006-09-07 00:00:00,0,1745.37,0,312.01,10085.67,5848.84,5409.14,0,0,2033.27,13928.52,238.1,0,11206.49,1443.27,3440.25,67311.64,0,15066.6,0,0,82473.52,0,0,0,2459.15,2283.24,0,25204.14,27328.09,60.93,2402.39,14958.02,0,0,0,0
2006-09-07 01:00:00,0,1588.69,0,285.54,9364.83,5348.35,5028.46,0,0,1874.02,12917.33,217.02,0,10727.14,1331.95,3252.43,63752.8,0,14111.68,0,0,78421.2,0,0,0,2326.66,2138.16,0,23949.77,25468.32,58.3,2220.91,13907.44,0,0,0,0
2006-09-07 02:00:00,0,1477.8,0,267.86,9049.26,5060.28,4779.61,0,0,1762.87,12184.85,202.39,0,10532.19,1254.9,3099.52,61219.68,0,13550.74,0,0,75516.7,0,0,0,2255.25,2076.71,0,23138.41,23924.19,55.9,2121.02,13277.87,0,0,0,0
2006-09-07 03:00:00,0,1426.32,0,263.6,8959.73,4934.28,4766.76,0,0,1723.98,11793.47,197.58,0,10585.35,1247.55,3038.02,59848.0,0,13254.1,0,0,74728.18,0,0,0,2228.55,2066.0,0,22615.96,23155.8,54.93,2089.01,13114.14,0,0,0,0
2006-09-07 04:00:00,0,1412.49,0,271.17,9146.59,5021.6,4926.23,0,0,1769.01,11886.97,203.0,0,10728.04,1285.6,3107.79,60143.12,0,13380.98,0,0,75664.64,0,0,0,2268.49,2102.19,0,22804.63,22749.96,55.29,2140.9,13235.52,0,0,0,0
2006-09-07 05:00:00,0,1465.42,0,280.72,9596.44,5200.47,5114.61,0,0,1826.27,12273.59,209.09,0,10972.75,1326.22,3200.38,61395.48,0,13727.35,0,0,77225.99,0,0,0,2336.24,2141.7,0,23121.69,23005.56,56.64,2207.94,13633.4,0,0,0,0
2006-09-07 06:00:00,0,1526.63,0,289.49,10086.6,5379.19,5327.0,0,0,1880.79,12658.47,215.28,0,12217.34,1366.98,3298.88,62808.54,0,15222.89,0,0,80746.65,0,0,0,2404.72,2184.76,0,23419.18,23651.34,58.17,2273.97,14015.82,0,0,0,0
2006-09-07 07:00:00,0,1622.28,0,310.77,10848.53,5705.17,5716.24,0,0,2023.76,13480.44,223.02,0,12792.74,1460.04,3576.37,66482.62,0,16368.34,0,0,86504.95,0,0,0,2518.98,2274.72,0,24383.81,24433.64,59.69,2395.08,14999.75,0,0,0,0
2006-09-07 08:00:00,0,1765.31,0,327.82,11256.6,6075.55,6120.98,0,0,2153.16,14529.19,232.65,0,13414.21,1527.37,3697.9,70633.24,0,17304.0,0,0,92243.25,0,0,0,2638.58,2399.53,0,25247.32,26022.32,61.84,2527.01,15632.62,0,0,0,0
2006-09-07 09:00:00,0,1826.19,0,343.97,11662.79,6547.56,6376.9,0,0,2315.54,15751.7,243.87,0,14072.13,1595.09,3951.12,74632.1,0,18377.35,0,0,97421.28,0,0,0,2775.8,2524.16,0,26333.17,27972.04,65.01,2737.57,16890.93,0,0,0,0
2006-09-07 10:00:00,0,1995.26,0,361.57,12160.95,7138.8,6721.64,0,0,2501.92,17213.39,255.74,0,14649.89,1666.18,4223.84,78671.27,0,19171.24,0,0,102258.83,0,0,0,2900.07,2630.1,0,27356.39,29941.59,68.63,2977.83,18017.14,0,0,0,0
2006-09-07 11:00:00,0,2132.68,0,380.6,12673.96,7729.14,7235.22,0,0,2710.08,18674.57,266.95,0,15169.52,1746.59,4555.13,82447.44,0,19837.34,0,0,108542.23,0,0,0,3027.02,2744.35,0,28111.58,32060.77,72.94,3193.16,19236.08,0,0,0,0
2006-09-07 12:00:00,0,2220.55,0,399.96,13283.59,8230.68,7696.24,0,0,2898.86,19867.2,271.88,0,15572.9,1834.05,4827.33,84941.64,0,20440.86,0,0,114092.28,0,0,0,3145.48,2862.81,0,29236.75,33398.8,76.25,3278.93,20599.25,0,0,0,0
2006-09-07 13:00:00,0,2301.24,0,415.87,13737.19,8559.36,8106.32,0,0,3013.52,20649.14,272.42,0,15736.89,1897.21,4987.04,86898.55,0,20911.68,0,0,117653.16,0,0,0,3245.28,2976.01,0,30253.92,34292.41,79.25,3365.0,21532.67,0,0,0,0
2006-09-07 14:00:00,0,2397.3,0,418.02,14053.36,8682.92,8365.89,0,0,3023.17,20940.79,286.54,0,15873.49,1909.36,5092.99,88493.96,0,21241.08,0,0,120142.55,0,0,0,3311.67,3070.8,0,31152.86,35117.84,81.48,3421.86,22262.62,0,0,0,0
2006-09-07 15:00:00,0,2501.35,0,427.03,14240.89,8675.23,8494.91,0,0,3009.85,20937.5,297.2,0,16033.62,1887.13,5186.12,89273.7,0,21583.9,0,0,121766.01,0,0,0,3350.87,3119.01,0,31768.11,35968.51,82.98,3453.89,22707.23,0,0,0,0
2006-09-07 16:00:00,0,2583.67,0,437.06,14318.32,8683.37,8585.14,0,0,2955.85,20590.51,303.08,0,16182.92,1907.2,5236.04,89795.34,0,21891.37,0,0,121735.48,0,0,0,3365.26,3133.48,0,31970.08,36683.96,82.85,3502.55,22884.18,0,0,0,0
2006-09-07 17:00:00,0,2635.61,0,426.92,14215.28,8716.86,8578.2,0,0,2890.82,20027.46,310.18,0,16310.73,1937.14,5193.69,89462.13,0,21830.6,0,0,120979.44,0,0,0,3355.93,3140.95,0,31843.23,36591.26,81.95,3534.22,22613.67,0,0,0,0
2006-09-07 18:00:00,0,2628.4,0,404.0,13859.53,8638.54,8355.37,0,0,2823.34,19553.02,313.82,0,15848.2,1953.11,4994.89,88237.51,0,20514.09,0,0,116091.62,0,0,0,3337.27,3144.13,0,31471.86,35799.69,81.13,3528.53,21888.08,0,0,0,0
2006-09-07 19:00:00,0,2735.96,0,397.92,14359.57,8567.88,8547.67,0,0,2849.43,19506.81,313.87,0,16317.45,1943.67,5016.52,87782.95,0,21489.03,0,0,116448.68,0,0,0,3276.86,3086.81,0,31461.63,36238.64,84.77,3419.59,21509.8,0,0,0,0
2006-09-07 20:00:00,0,2437.2,0,383.51,13955.78,8179.47,7950.74,0,0,2673.33,18384.44,302.05,0,15056.25,1814.04,4595.07,82821.51,0,20287.17,0,0,108312.2,0,0,0,3203.35,2985.08,0,30429.39,34619.62,79.33,3224.61,20498.81,0,0,0,0
2006-09-07 21:00:00,0,2308.63,0,362.5,13338.14,7632.74,7378.64,0,0,2513.51,17298.74,286.22,0,13983.24,1700.89,4283.32,79633.4,0,19295.73,0,0,101365.81,0,0,0,3071.85,2847.1,0,29118.24,33012.71,73.73,3025.29,19765.94,0,0,0,0
2006-09-07 22:00:00,0,2143.52,0,345.84,12279.33,6966.62,6807.6,0,0,2343.47,16042.89,268.08,0,12958.57,1592.5,3997.48,75928.56,0,18099.58,0,0,95462.52,0,0,0,2876.43,2676.73,0,26868.54,31576.61,68.62,2812.48,18256.51,0,0,0,0
2006-09-07 23:00:00,0,1923.86,0,322.7,11281.39,6297.24,6241.64,0,0,2178.76,14876.11,245.65,0,11965.65,1469.81,3728.4,71458.25,0,16867.7,0,0,90371.39,0,0,0,2702.44,2504.74,0,24858.55,29539.93,64.45,2588.31,16816.84,0,0,0,0
2006-09-08 00:00:00,0,1737.53,0,300.02,10344.47,5711.44,5760.25,0,0,2015.28,13761.76,222.33,0,11021.57,1360.35,3490.6,67487.71,0,15708.15,0,0,85537.86,0,0,0,2531.82,2361.71,0,23106.77,27520.57,61.36,2384.26,15508.39,0,0,0,0
2006-09-08 01:00:00,0,1576.85,0,273.24,9627.45,5223.9,5385.8,0,0,1849.12,12678.12,204.21,0,10568.6,1253.19,3281.8,64002.27,0,14833.32,0,0,81409.67,0,0,0,2401.14,2234.97,0,21985.07,25663.41,58.78,2206.5,14441.84,0,0,0,0
2006-09-08 02:00:00,0,1465.09,0,245.67,9337.47,4900.89,5103.7,0,0,1725.48,11890.69,191.78,0,10530.76,1180.64,3129.31,61479.5,0,14296.01,0,0,78382.01,0,0,0,2324.63,2160.72,0,21348.08,24114.1,56.43,2101.09,13771.87,0,0,0,0
2006-09-08 03:00:00,0,1411.57,0,247.63,9264.15,4818.0,5045.04,0,0,1704.52,11514.44,188.71,0,10636.61,1182.5,3059.54,59873.81,0,13976.81,0,0,77521.28,0,0,0,2301.69,2134.5,0,21069.45,23366.83,55.62,2063.67,13494.68,0,0,0,0
2006-09-08 04:00:00,0,1385.68,0,257.42,9415.3,4960.4,5196.86,0,0,1742.36,11661.72,196.42,0,10772.99,1217.6,3135.81,60103.94,0,14043.19,0,0,78496.18,0,0,0,2354.66,2173.72,0,21497.01,22921.31,55.85,2112.58,13688.04,0,0,0,0
2006-09-08 05:00:00,0,1428.92,0,267.77,9872.98,5160.38,5350.21,0,0,1792.31,12054.38,202.75,0,11026.23,1259.85,3232.94,61450.87,0,14378.03,0,0,80151.66,0,0,0,2431.2,2217.33,0,21862.54,23143.43,57.18,2181.42,14109.84,0,0,0,0
2006-09-08 06:00:00,0,1487.72,0,276.72,10356.89,5345.25,5521.06,0,0,1844.73,12409.98,208.16,0,12019.69,1306.0,3328.75,62773.15,0,15571.37,0,0,82932.44,0,0,0,2509.62,2266.58,0,22207.7,23844.04,58.6,2240.68,14449.58,0,0,0,0
2006-09-08 07:00:00,0,1573.11,0,289.18,11139.85,5576.64,5866.0,0,0,1960.28,13165.25,215.56,0,12759.0,1376.49,3587.98,66123.79,0,17046.45,0,0,89230.51,0,0,0,2603.6,2348.6,0,23175.6,24542.37,60.28,2350.54,15041.05,0,0,0,0
2006-09-08 08:00:00,0,1737.28,0,306.59,11624.45,5902.26,6174.23,0,0,2097.01,14134.88,225.5,0,13748.8,1443.61,3754.6,70774.42,0,18291.39,0,0,95280.22,0,0,0,2711.56,2446.9,0,24373.19,26128.34,62.4,2505.61,15996.08,0,0,0,0
2006-09-08 09:00:00,0,1819.9,0,323.17,11970.7,6302.9,6463.49,0,0,2252.7,15299.3,237.47,0,14784.47,1508.53,4008.95,74402.14,0,19580.29,0,0,100974.31,0,0,0,2825.99,2549.74,0,25578.2,28092.74,65.63,2693.03,17236.44,0,0,0,0
2006-09-08 10:00:00,0,2036.04,0,341.07,12159.12,6896.18,6682.28,0,0,2460.39,16942.03,249.09,0,15777.77,1581.99,4319.13,78033.16,0,20816.62,0,0,106515.89,0,0,0,2929.11,2618.97,0,26734.77,30183.32,69.49,2908.1,18237.36,0,0,0,0
2006-09-08 11:00:00,0,2231.66,0,362.05,12430.83,7576.27,6859.33,0,0,2691.34,18455.66,262.68,0,16474.57,1710.69,4678.99,81219.81,0,21762.65,0,0,112140.24,0,0,0,3073.66,2744.28,0,28619.95,32099.08,72.79,3099.39,19348.48,0,0,0,0
2006-09-08 12:00:00,0,2360.51,0,382.34,13167.17,8183.35,7069.51,0,0,2852.4,19613.45,272.78,0,16848.15,1843.18,4973.54,83796.25,0,22287.23,0,0,116795.29,0,0,0,3263.58,2913.58,0,30877.43,33582.46,76.42,3293.53,20967.36,0,0,0,0
2006-09-08 13:00:00,0,2473.47,0,403.31,13872.18,8473.93,7531.72,0,0,2927.23,20017.9,293.26,0,17035.6,1878.99,5150.95,85703.16,0,22589.62,0,0,119979.49,0,0,0,3384.37,3058.58,0,32718.25,34779.79,79.64,3381.6,22156.12,0,0,0,0
2006-09-08 14:00:00,0,2561.61,0,423.68,14391.8,8635.19,7944.87,0,0,2965.17,20219.97,305.01,0,17161.29,1929.47,5303.37,86806.68,0,22793.37,0,0,122512.75,0,0,0,3475.4,3174.71,0,34123.75,35696.36,81.76,3435.66,23133.12,0,0,0,0
2006-09-08 15:00:00,0,2640.38,0,435.41,14733.81,8735.9,8166.65,0,0,2963.58,20122.83,315.66,0,17314.99,1928.32,5400.97,87301.67,0,22855.11,0,0,123449.29,0,0,0,3525.89,3247.73,0,35156.89,36520.83,83.24,3459.07,23807.97,0,0,0,0
2006-09-08 16:00:00,0,2714.5,0,443.68,14877.46,8783.65,8246.74,0,0,2937.02,20120.95,323.09,0,17398.94,1969.34,5422.72,87463.31,0,22577.33,0,0,123420.63,0,0,0,3526.69,3258.31,0,35779.08,37162.21,83.25,3489.26,24183.08,0,0,0,0
2006-09-08 17:00:00,0,2764.96,0,454.15,14807.99,8776.18,8223.71,0,0,2890.23,19864.2,325.25,0,17331.97,1994.66,5316.94,86964.13,0,21954.18,0,0,122261.03,0,0,0,3503.51,3243.62,0,35880.88,37124.41,82.83,3516.18,24344.31,0,0,0,0
2006-09-08 18:00:00,0,2756.89,0,447.02,14490.08,8688.21,8086.71,0,0,2840.41,19628.57,323.09,0,16781.59,1986.46,5111.81,85904.66,0,20943.81,0,0,118910.32,0,0,0,3429.73,3199.94,0,35092.1,36352.45,81.83,3502.61,23731.81,0,0,0,0
2006-09-08 19:00:00,0,2884.28,0,402.74,13757.92,8003.5,7816.12,0,0,2718.25,18707.27,304.39,0,16373.76,1918.06,5008.02,81425.45,0,21204.1,0,0,112554.83,0,0,0,3222.96,3127.65,0,33045.91,35360.53,77.28,3228.85,21664.71,0,0,0,0
2006-09-08 20:00:00,0,2597.32,0,387.58,13223.5,7696.44,7226.23,0,0,2557.74,17598.46,295.36,0,15412.56,1814.48,4583.21,77835.57,0,20275.67,0,0,105507.74,0,0,0,3113.73,3001.98,0,31705.54,33369.18,72.95,3054.88,20682.5,0,0,0,0
2006-09-08 21:00:00,0,2439.86,0,367.09,12548.92,7201.25,6693.04,0,0,2411.71,16550.06,283.59,0,14505.34,1714.38,4227.12,75159.15,0,19416.7,0,0,99571.85,0,0,0,2983.64,2857.0,0,30426.18,31852.25,67.9,2874.06,19851.09,0,0,0,0
2006-09-08 22:00:00,0,2336.29,0,340.45,11449.96,6643.43,6215.85,0,0,2269.35,15550.44,261.34,0,13523.31,1607.02,3914.91,71851.16,0,18418.07,0,0,94063.32,0,0,0,2743.3,2669.38,0,28221.22,30135.32,62.95,2711.23,18424.54,0,0,0,0
2006-09-08 23:00:00,0,2128.76,0,311.58,10440.55,6101.57,5756.48,0,0,2126.54,14544.06,239.95,0,12546.25,1498.19,3655.67,67635.83,0,17341.63,0,0,88823.34,0,0,0,2540.68,2498.19,0,26193.81,28423.85,58.82,2538.54,16880.8,0,0,0,0
2006-09-09 00:00:00,0,1935.63,0,288.25,9587.78,5620.31,5329.82,0,0,1977.92,13571.9,220.48,0,11724.38,1392.82,3400.24,63773.36,0,16208.87,0,0,83714.99,0,0,0,2400.23,2352.9,0,24444.39,26929.52,55.95,2364.93,15499.93,0,0,0,0
2006-09-09 01:00:00,0,1767.74,0,267.81,8940.89,5181.37,4967.78,0,0,1856.31,12649.9,203.14,0,11142.19,1300.39,3177.81,60670.38,0,15151.57,0,0,79425.22,0,0,0,2287.69,2214.86,0,23243.7,25591.07,53.53,2214.71,14271.43,0,0,0,0
2006-09-09 02:00:00,0,1657.5,0,251.1,8546.21,4910.65,4669.91,0,0,1741.61,11923.77,191.27,0,10899.83,1223.37,3018.02,58127.86,0,14292.15,0,0,76088.56,0,0,0,2214.15,2107.61,0,22380.1,24447.94,51.25,2103.65,13455.29,0,0,0,0
2006-09-09 03:00:00,0,1582.16,0,240.21,8312.98,4706.04,4501.89,0,0,1671.45,11595.98,183.17,0,10741.39,1168.3,2904.92,56429.26,0,13814.67,0,0,73576.47,0,0,0,2145.05,2046.73,0,21813.74,23609.33,50.11,2018.73,13013.03,0,0,0,0
2006-09-09 04:00:00,0,1532.83,0,239.84,8231.9,4540.33,4450.73,0,0,1654.17,11412.15,177.53,0,10670.01,1151.98,2849.81,55675.93,0,13502.32,0,0,72307.12,0,0,0,2111.21,2045.75,0,21480.08,22926.36,49.62,1992.34,12711.83,0,0,0,0
2006-09-09 05:00:00,0,1510.65,0,238.15,8250.27,4589.13,4516.51,0,0,1661.66,11462.14,177.89,0,10574.59,1160.11,2832.64,55500.38,0,13428.21,0,0,71945.82,0,0,0,2107.99,2056.03,0,21437.06,22641.2,49.71,1999.99,12611.39,0,0,0,0
2006-09-09 06:00:00,0,1533.72,0,239.65,8375.66,4713.71,4634.49,0,0,1682.18,11525.09,180.8,0,10736.46,1182.79,2875.28,56093.68,0,13673.42,0,0,72553.8,0,0,0,2127.14,2074.9,0,21496.67,22805.86,50.07,2022.05,12826.38,0,0,0,0
2006-09-09 07:00:00,0,1589.01,0,251.83,8849.84,5012.2,4951.63,0,0,1767.72,12117.89,187.89,0,11229.99,1235.52,2930.06,57297.16,0,14496.01,0,0,75812.43,0,0,0,2218.67,2197.9,0,21745.96,22946.09,50.84,2094.82,13070.77,0,0,0,0
2006-09-09 08:00:00,0,1761.66,0,268.98,9381.95,5495.61,5380.16,0,0,1933.06,13614.97,203.84,0,12121.18,1350.81,3084.1,59828.43,0,15484.14,0,0,80460.48,0,0,0,2375.02,2385.12,0,22764.97,23684.06,52.07,2280.15,14075.41,0,0,0,0
2006-09-09 09:00:00,0,1958.5,0,293.35,9966.78,6144.11,5775.58,0,0,2135.87,15405.36,217.39,0,12917.59,1537.51,3393.16,62868.74,0,16567.99,0,0,85165.2,0,0,0,2513.43,2520.02,0,25040.82,25358.93,54.85,2544.06,15690.84,0,0,0,0
2006-09-09 10:00:00,0,2155.62,0,318.2,10852.64,6921.55,6397.54,0,0,2356.25,16955.58,230.72,0,13627.94,1676.93,3691.92,65167.8,0,17592.24,0,0,89941.32,0,0,0,2709.82,2678.48,0,27004.79,27024.39,58.68,2867.45,17175.07,0,0,0,0
2006-09-09 11:00:00,0,2390.09,0,339.45,11820.08,7806.7,7081.64,0,0,2593.09,18229.89,245.03,0,14125.68,1743.6,4050.26,67253.65,0,18514.53,0,0,96436.11,0,0,0,2935.13,2921.0,0,29092.56,28597.6,63.68,3163.61,19049.98,0,0,0,0
2006-09-09 12:00:00,0,2588.7,0,350.75,12681.25,8483.31,7634.82,0,0,2776.76,19113.02,265.21,0,14461.38,1770.43,4345.72,69976.78,0,19227.81,0,0,101960.52,0,0,0,3128.92,3136.37,0,30922.65,30151.29,69.62,3355.38,20453.36,0,0,0,0
2006-09-09 13:00:00,0,2758.83,0,380.6,13290.27,8819.19,8068.19,0,0,2869.44,19721.0,289.01,0,14720.39,1808.99,4519.77,71952.45,0,19737.7,0,0,105551.57,0,0,0,3274.08,3300.88,0,32440.84,31589.29,73.7,3358.56,21585.49,0,0,0,0
2006-09-09 14:00:00,0,2860.51,0,385.64,13743.81,9018.15,8395.27,0,0,2914.19,20079.96,309.76,0,14953.38,1899.27,4661.89,73011.26,0,19928.31,0,0,107711.06,0,0,0,3397.93,3421.95,0,33626.13,32647.38,76.04,3407.67,22458.22,0,0,0,0
2006-09-09 15:00:00,0,2917.83,0,381.02,14131.32,9025.14,8647.89,0,0,2871.51,19880.56,319.48,0,15261.62,1924.46,4787.5,73462.33,0,19931.35,0,0,108755.98,0,0,0,3480.22,3506.16,0,34529.52,33463.52,77.62,3435.47,23115.32,0,0,0,0
2006-09-09 16:00:00,0,2915.27,0,382.94,14343.0,8950.56,8817.69,0,0,2817.04,19608.27,321.47,0,15589.79,1922.32,4878.51,73904.22,0,19888.59,0,0,108709.05,0,0,0,3522.77,3558.36,0,35041.94,33897.71,78.68,3511.98,23521.03,0,0,0,0
2006-09-09 17:00:00,0,2947.72,0,384.26,14237.81,8877.22,8859.99,0,0,2765.26,19428.36,314.35,0,15880.12,1940.67,4868.29,74049.42,0,19619.46,0,0,108393.35,0,0,0,3506.17,3523.62,0,34760.82,34097.31,77.48,3558.74,23254.92,0,0,0,0
2006-09-09 18:00:00,0,2898.95,0,381.23,13522.96,8693.85,8455.36,0,0,2702.53,19200.14,306.88,0,15386.94,1927.5,4656.42,73512.16,0,18806.92,0,0,104152.39,0,0,0,3418.11,3389.7,0,33783.45,33807.84,75.47,3451.77,22171.65,0,0,0,0
2006-09-09 19:00:00,0,2932.06,0,389.54,14555.56,8248.91,8444.7,0,0,2763.37,18964.64,302.19,0,16500.74,1940.38,4920.25,76960.91,0,21058.43,0,0,108145.63,0,0,0,3424.92,3308.57,0,33198.08,34960.67,80.24,3334.04,21934.56,0,0,0,0
2006-09-09 20:00:00,0,2681.72,0,381.98,14135.12,7944.52,7832.97,0,0,2604.57,17858.52,294.11,0,15506.52,1839.27,4442.02,74264.04,0,19914.52,0,0,101531.04,0,0,0,3303.44,3178.45,0,32040.72,33216.08,75.09,3146.19,21018.48,0,0,0,0
2006-09-09 21:00:00,0,2508.65,0,361.47,13479.75,7444.72,7289.81,0,0,2460.01,16788.73,283.53,0,14522.6,1739.28,4081.46,72166.42,0,18797.72,0,0,95809.67,0,0,0,3185.89,3043.35,0,30838.08,32049.82,70.23,2956.48,20166.87,0,0,0,0
2006-09-09 22:00:00,0,2421.8,0,336.25,12304.42,6851.06,6743.98,0,0,2318.55,15755.85,265.4,0,13483.25,1643.82,3825.2,69245.06,0,17586.77,0,0,90537.91,0,0,0,2958.99,2852.43,0,28644.19,30478.36,66.21,2778.69,18751.32,0,0,0,0
2006-09-09 23:00:00,0,2206.85,0,309.76,11234.51,6295.02,6191.38,0,0,2172.08,14759.27,245.15,0,12450.59,1544.56,3579.87,65912.27,0,16412.37,0,0,85383.02,0,0,0,2763.97,2681.66,0,26612.19,28900.21,62.74,2609.64,17181.46,0,0,0,0
2006-09-10 00:00:00,0,2012.46,0,284.06,10354.24,5775.23,5688.72,0,0,2021.58,13787.11,224.85,0,11561.49,1437.29,3340.83,62907.41,0,15195.35,0,0,80353.47,0,0,0,2590.18,2512.43,0,24755.55,27532.59,58.97,2433.16,15719.81,0,0,0,0
2006-09-10 01:00:00,0,1828.69,0,264.39,9621.06,5348.4,5270.52,0,0,1891.26,12860.05,207.95,0,10837.44,1347.78,3145.77,60084.98,0,14230.44,0,0,76246.5,0,0,0,2442.01,2375.5,0,23516.13,26340.24,56.03,2284.03,14499.48,0,0,0,0
2006-09-10 02:00:00,0,1743.46,0,246.67,9164.01,5096.23,4938.55,0,0,1779.51,12167.0,197.7,0,10509.63,1270.21,2983.4,57796.89,0,13409.85,0,0,73029.55,0,0,0,2345.65,2257.68,0,22645.28,25378.57,53.2,2168.11,13699.15,0,0,0,0
2006-09-10 03:00:00,0,1665.19,0,236.0,8881.86,4890.38,4738.37,0,0,1718.4,11794.5,189.62,0,10266.47,1224.7,2875.34,56237.25,0,13096.5,0,0,70725.3,0,0,0,2279.33,2198.87,0,22038.25,24431.04,51.14,2074.4,13244.84,0,0,0,0
2006-09-10 04:00:00,0,1612.59,0,235.45,8717.16,4686.84,4692.88,0,0,1702.49,11596.83,184.72,0,10075.61,1211.9,2815.6,55569.74,0,12845.2,0,0,69718.25,0,0,0,2243.59,2201.13,0,21698.29,23727.86,50.38,2024.87,12890.99,0,0,0,0
2006-09-10 05:00:00,0,1580.9,0,242.06,8667.86,4718.39,4755.2,0,0,1710.55,11645.43,183.49,0,9987.06,1213.69,2797.75,55546.75,0,12672.78,0,0,69441.84,0,0,0,2252.41,2213.22,0,21629.83,23401.78,50.09,2019.44,12747.31,0,0,0,0
2006-09-10 06:00:00,0,1615.86,0,248.07,8787.56,4860.56,4863.89,0,0,1737.65,11731.83,185.37,0,10183.28,1232.82,2849.19,56258.72,0,12776.12,0,0,70044.25,0,0,0,2273.05,2224.89,0,21664.88,23655.58,49.84,2055.93,12876.95,0,0,0,0
2006-09-10 07:00:00,0,1676.48,0,256.73,9329.92,5161.77,5162.24,0,0,1804.0,12240.17,193.83,0,10466.85,1280.14,2955.16,57710.2,0,13356.15,0,0,72535.22,0,0,0,2356.25,2337.64,0,22091.18,23813.54,50.31,2097.51,13112.46,0,0,0,0
2006-09-10 08:00:00,0,1836.66,0,282.22,9943.67,5639.14,5566.37,0,0,1955.57,13705.03,210.31,0,10802.64,1382.61,3144.36,60453.49,0,13805.78,0,0,76461.5,0,0,0,2501.28,2523.4,0,23167.04,24542.95,51.7,2184.5,14160.22,0,0,0,0
2006-09-10 09:00:00,0,2011.06,0,311.73,10504.43,6212.67,5928.13,0,0,2164.9,15652.41,229.05,0,11246.65,1542.0,3508.87,63302.81,0,14416.03,0,0,80371.18,0,0,0,2704.99,2666.29,0,25353.39,26024.41,54.91,2333.09,15726.01,0,0,0,0
2006-09-10 10:00:00,0,2186.57,0,338.28,11017.18,6933.62,6543.8,0,0,2402.8,17455.49,250.19,0,11557.07,1693.73,3834.71,65749.16,0,15029.18,0,0,84119.75,0,0,0,2930.22,2863.54,0,27527.12,27378.73,59.65,2598.54,17047.96,0,0,0,0
2006-09-10 11:00:00,0,2423.58,0,370.06,11929.1,7864.1,7288.75,0,0,2626.25,18974.16,270.86,0,11645.0,1816.65,4212.51,67877.24,0,15524.91,0,0,88957.41,0,0,0,3135.11,3111.02,0,29765.21,28910.96,64.38,3005.48,19010.97,0,0,0,0
2006-09-10 12:00:00,0,2619.27,0,389.69,12686.99,8562.05,7822.27,0,0,2776.36,20021.23,286.43,0,11691.75,1910.35,4518.05,70299.16,0,15861.36,0,0,94233.73,0,0,0,3287.28,3291.04,0,31651.51,30399.97,69.51,3324.53,20481.63,0,0,0,0
2006-09-10 13:00:00,0,2803.93,0,383.74,13182.6,8942.61,8178.54,0,0,2862.3,20481.95,295.47,0,11685.9,1943.01,4757.42,72487.14,0,16125.53,0,0,97591.64,0,0,0,3390.1,3413.93,0,33206.51,31883.54,73.46,3511.97,21675.01,0,0,0,0
2006-09-10 14:00:00,0,2932.73,0,391.0,13509.58,9191.13,8445.97,0,0,2928.81,20795.6,307.5,0,11775.72,1966.67,4939.21,74219.48,0,16360.68,0,0,99866.5,0,0,0,3470.05,3502.96,0,34309.84,33107.25,76.44,3643.72,22534.29,0,0,0,0
2006-09-10 15:00:00,0,3051.61,0,402.85,13767.92,9316.99,8624.92,0,0,2945.17,20590.71,315.47,0,11948.86,1961.43,5081.1,75374.32,0,16537.3,0,0,100967.97,0,0,0,3506.03,3542.91,0,35152.69,34185.83,78.55,3708.72,23220.99,0,0,0,0
2006-09-10 16:00:00,0,3135.5,0,412.29,13898.76,9295.0,8739.85,0,0,2908.95,20131.32,311.41,0,12181.28,1960.68,5158.07,76133.26,0,16711.22,0,0,100583.24,0,0,0,3496.66,3530.47,0,35460.94,34914.87,79.3,3693.46,23604.23,0,0,0,0
2006-09-10 17:00:00,0,3170.74,0,413.72,13811.88,8994.38,8764.07,0,0,2828.35,19628.27,307.14,0,12509.7,1946.68,5148.27,76093.05,0,16757.36,0,0,99282.42,0,0,0,3438.52,3478.13,0,34957.79,35189.24,78.12,3583.84,23606.55,0,0,0,0
2006-09-10 18:00:00,0,3123.59,0,407.59,13446.5,8661.55,8487.71,0,0,2731.59,19165.68,304.43,0,12779.0,1930.7,4960.6,75484.59,0,16524.48,0,0,96357.95,0,0,0,3340.21,3341.4,0,33784.04,34753.63,77.31,3419.71,22532.89,0,0,0,0
2006-09-10 19:00:00,0,3153.74,0,437.03,15145.14,8712.7,8825.35,0,0,2877.9,19460.13,324.94,0,14759.83,2057.25,5309.33,82463.57,0,19790.01,0,0,105547.82,0,0,0,3484.4,3195.25,0,34687.68,37095.16,90.21,3456.7,23175.01,0,0,0,0
2006-09-10 20:00:00,0,2882.29,0,417.94,14591.13,8335.76,8200.45,0,0,2739.96,18501.51,315.62,0,13602.8,1942.35,4923.99,79396.41,0,18693.68,0,0,98515.14,0,0,0,3351.16,3040.71,0,33597.76,35995.66,85.76,3222.17,22137.86,0,0,0,0
2006-09-10 21:00:00,0,2665.56,0,390.57,13841.94,7753.43,7645.54,0,0,2560.2,17335.2,298.49,0,12571.33,1822.65,4583.67,76918.7,0,17729.55,0,0,92616.71,0,0,0,3153.06,2876.66,0,32379.47,34566.44,81.3,3014.4,21323.12,0,0,0,0
2006-09-10 22:00:00,0,2521.73,0,361.5,12701.69,7091.06,7057.58,0,0,2380.05,16154.04,278.7,0,11763.05,1701.36,4253.4,74044.79,0,16546.78,0,0,87582.37,0,0,0,2921.62,2696.82,0,30116.49,33287.74,76.11,2812.56,19825.05,0,0,0,0
2006-09-10 23:00:00,0,2306.22,0,331.67,11627.29,6440.18,6476.96,0,0,2222.46,15075.94,258.86,0,11022.25,1579.74,3963.68,70642.99,0,15465.7,0,0,82790.12,0,0,0,2720.97,2506.47,0,28034.79,31118.09,71.33,2605.0,18280.52,0,0,0,0
2006-09-11 00:00:00,0,2112.23,0,304.7,10625.83,5853.54,5923.96,0,0,2065.09,14038.49,236.81,0,10327.04,1458.76,3693.3,67246.07,0,14437.2,0,0,78600.26,0,0,0,2541.95,2337.92,0,26215.89,29236.05,67.37,2428.92,16836.55,0,0,0,0
2006-09-11 01:00:00,0,1933.69,0,276.36,9810.33,5377.36,5475.25,0,0,1901.16,13007.68,216.47,0,9976.56,1347.21,3467.44,64359.67,0,13504.02,0,0,75237.7,0,0,0,2405.33,2198.95,0,24766.26,27497.77,64.52,2257.36,15584.42,0,0,0,0
2006-09-11 02:00:00,0,1805.42,0,258.22,9542.6,5114.76,5158.01,0,0,1792.8,12270.27,200.87,0,9933.16,1275.34,3271.57,61777.55,0,12966.22,0,0,72602.72,0,0,0,2333.37,2131.52,0,23782.44,25997.53,61.97,2148.26,14758.95,0,0,0,0
2006-09-11 03:00:00,0,1690.95,0,259.28,9421.37,4959.86,5068.47,0,0,1742.81,11929.62,193.51,0,9965.91,1260.01,3146.11,60359.08,0,12655.92,0,0,71451.0,0,0,0,2304.89,2111.56,0,23262.4,25083.55,60.08,2103.49,14372.03,0,0,0,0
2006-09-11 04:00:00,0,1639.04,0,269.18,9552.63,5005.48,5195.34,0,0,1782.27,11981.55,197.46,0,10163.76,1294.55,3185.07,61103.33,0,12704.92,0,0,72115.16,0,0,0,2338.72,2140.89,0,23410.76,24645.81,59.61,2146.28,14397.3,0,0,0,0
2006-09-11 05:00:00,0,1670.49,0,279.66,9987.33,5183.98,5367.98,0,0,1834.89,12333.38,200.64,0,10497.09,1328.7,3286.34,62654.72,0,13119.02,0,0,73792.22,0,0,0,2399.19,2178.88,0,23730.55,25006.08,60.44,2210.63,14676.83,0,0,0,0
2006-09-11 06:00:00,0,1712.52,0,289.3,10451.72,5372.62,5550.64,0,0,1889.62,12706.29,206.09,0,11465.74,1369.21,3389.43,64248.03,0,14059.58,0,0,75783.29,0,0,0,2464.71,2219.09,0,24015.56,25516.34,61.18,2280.33,14920.24,0,0,0,0
2006-09-11 07:00:00,0,1765.73,0,311.03,11041.43,5743.47,5911.0,0,0,2053.3,13644.41,218.0,0,12237.11,1477.92,3682.36,66763.06,0,15712.68,0,0,82730.61,0,0,0,2564.56,2317.19,0,25067.89,26104.24,62.29,2408.69,15708.94,0,0,0,0
2006-09-11 08:00:00,0,1938.58,0,341.16,11259.69,6259.37,6214.23,0,0,2246.83,14974.54,236.26,0,12621.52,1573.55,3923.92,70715.31,0,16241.67,0,0,84745.92,0,0,0,2698.75,2450.86,0,26129.79,27806.67,65.95,2594.95,17099.31,0,0,0,0
2006-09-11 09:00:00,0,2085.26,0,361.16,11580.44,6788.52,6498.45,0,0,2430.22,16379.53,251.0,0,13058.83,1651.68,4296.23,73367.76,0,16791.61,0,0,86841.36,0,0,0,2844.73,2566.26,0,27391.91,28893.92,70.18,2742.5,18493.47,0,0,0,0
2006-09-11 10:00:00,0,2168.88,0,379.35,11937.05,7376.66,6842.91,0,0,2605.67,17872.4,267.21,0,13260.06,1775.08,4616.56,75988.87,0,17326.15,0,0,88872.73,0,0,0,2986.96,2706.94,0,28532.13,29852.66,74.52,2966.95,19680.73,0,0,0,0
2006-09-11 11:00:00,0,2266.57,0,395.62,12486.25,8097.59,7223.44,0,0,2795.47,19231.55,293.17,0,13367.62,1890.69,4955.04,78333.39,0,17611.02,0,0,90742.68,0,0,0,3180.65,2897.8,0,29939.56,30935.81,79.84,3241.97,20905.89,0,0,0,0
2006-09-11 12:00:00,0,2368.26,0,411.31,13234.77,8750.35,7642.41,0,0,2941.23,20193.82,315.22,0,13397.09,1986.12,5206.86,80369.93,0,17750.79,0,0,92733.34,0,0,0,3379.51,3114.62,0,31039.77,32139.45,85.98,3489.51,22208.85,0,0,0,0
2006-09-11 13:00:00,0,2489.42,0,427.76,13818.0,9094.63,7926.1,0,0,3033.86,20818.3,323.44,0,13391.17,2060.78,5374.0,81980.13,0,17862.55,0,0,94446.73,0,0,0,3519.28,3279.35,0,32028.06,33458.58,90.5,3682.82,23147.99,0,0,0,0
2006-09-11 14:00:00,0,2620.29,0,436.69,14227.61,9306.44,8164.1,0,0,3077.03,21208.17,329.05,0,13364.59,2108.49,5544.52,83381.76,0,17983.9,0,0,96577.9,0,0,0,3607.14,3372.63,0,32884.04,34752.39,94.22,3785.08,23768.77,0,0,0,0
2006-09-11 15:00:00,0,2734.79,0,448.91,14443.19,9407.33,8233.86,0,0,3082.19,21347.61,336.87,0,13292.68,2132.15,5641.57,84538.5,0,18141.25,0,0,98197.1,0,0,0,3650.2,3418.66,0,33543.48,35591.51,96.6,3812.26,24056.75,0,0,0,0
2006-09-11 16:00:00,0,2816.0,0,459.16,14462.1,9309.2,8153.54,0,0,3024.08,21218.01,341.95,0,13305.99,2137.05,5639.27,85181.09,0,18337.67,0,0,99074.92,0,0,0,3621.73,3402.42,0,33886.18,36046.86,97.21,3720.05,23897.15,0,0,0,0
2006-09-11 17:00:00,0,2851.18,0,462.7,14308.67,9082.4,7965.56,0,0,2953.97,20635.77,345.06,0,13577.74,2109.85,5523.76,85510.33,0,18392.89,0,0,99352.12,0,0,0,3533.83,3324.07,0,33841.49,35800.33,95.84,3594.63,23168.16,0,0,0,0
2006-09-11 18:00:00,0,2818.46,0,446.65,13861.46,8725.52,7702.54,0,0,2867.4,19821.34,332.65,0,13813.18,2072.31,5311.05,85381.23,0,18124.18,0,0,97757.92,0,0,0,3408.75,3227.94,0,33241.11,35109.46,92.31,3446.88,22470.25,0,0,0,0
2006-09-11 19:00:00,0,2820.58,0,429.83,14422.04,8649.78,8048.9,0,0,2866.14,19429.96,333.93,0,14623.95,2096.39,5253.24,84941.31,0,19368.57,0,0,99505.62,0,0,0,3387.13,3161.96,0,33212.72,34289.25,89.66,3372.72,22005.55,0,0,0,0
2006-09-11 20:00:00,0,2588.14,0,415.61,13950.82,8267.09,7442.19,0,0,2707.62,18267.21,317.18,0,13513.96,1981.53,4893.85,82084.79,0,18321.3,0,0,93956.48,0,0,0,3272.28,3026.16,0,32245.05,33103.71,83.27,3190.23,21251.76,0,0,0,0
2006-09-11 21:00:00,0,2474.11,0,384.98,13130.49,7708.36,6867.66,0,0,2541.28,17189.36,300.45,0,12481.02,1852.6,4585.28,79631.37,0,17355.16,0,0,89077.05,0,0,0,3097.65,2850.5,0,31139.12,32160.95,77.79,2990.24,20682.48,0,0,0,0
2006-09-11 22:00:00,0,2309.31,0,355.54,11977.96,7064.34,6267.23,0,0,2362.11,16038.88,279.83,0,11664.32,1735.89,4305.4,76548.18,0,16244.96,0,0,84902.55,0,0,0,2885.3,2683.22,0,29125.37,30781.44,73.11,2789.51,19418.84,0,0,0,0
2006-09-11 23:00:00,0,2098.13,0,331.15,10989.02,6407.43,5693.11,0,0,2184.43,14889.85,257.84,0,10958.15,1632.87,4040.72,73177.74,0,15251.73,0,0,80870.13,0,0,0,2690.69,2510.87,0,27388.99,28858.89,69.05,2594.84,18124.25,0,0,0,0
2006-09-12 00:00:00,0,1907.17,0,308.33,10046.03,5789.56,5239.51,0,0,2000.09,13742.26,235.4,0,10313.68,1500.66,3799.83,70011.11,0,14267.33,0,0,77274.76,0,0,0,2516.89,2337.25,0,25657.35,27096.57,65.53,2408.61,16808.53,0,0,0,0
2006-09-12 01:00:00,0,1734.06,0,281.53,9340.65,5221.53,4861.68,0,0,1832.26,12694.0,214.48,0,9929.93,1383.38,3570.75,66909.89,0,13374.03,0,0,74290.7,0,0,0,2362.31,2171.6,0,24378.04,25414.43,62.63,2225.86,15865.4,0,0,0,0
2006-09-12 02:00:00,0,1609.03,0,263.6,9004.24,4836.76,4595.29,0,0,1701.16,11944.87,196.77,0,9866.35,1300.66,3382.27,64079.56,0,12843.68,0,0,72044.85,0,0,0,2268.88,2075.86,0,23648.69,24073.06,59.89,2099.62,15287.93,0,0,0,0
2006-09-12 03:00:00,0,1563.86,0,261.82,8838.15,4695.72,4559.33,0,0,1641.8,11547.53,185.85,0,9898.69,1268.81,3296.15,62989.38,0,12556.68,0,0,71806.91,0,0,0,2214.03,2037.0,0,23186.11,23497.54,57.5,2048.64,15041.52,0,0,0,0
2006-09-12 04:00:00,0,1578.07,0,267.98,8943.14,4780.49,4732.23,0,0,1675.42,11630.76,190.09,0,10114.24,1274.47,3393.18,63831.16,0,12604.18,0,0,73267.63,0,0,0,2210.6,2043.51,0,23271.02,23338.38,57.12,2074.32,15151.28,0,0,0,0
2006-09-12 05:00:00,0,1624.18,0,273.34,9363.07,4957.31,4941.19,0,0,1722.46,11986.88,196.31,0,10451.53,1325.97,3516.99,65168.62,0,13012.18,0,0,75198.41,0,0,0,2259.02,2073.59,0,23525.76,23773.84,58.07,2131.47,15509.56,0,0,0,0
2006-09-12 06:00:00,0,1673.57,0,278.96,9847.51,5147.4,5153.91,0,0,1780.16,12355.93,203.16,0,11615.21,1367.17,3645.38,66649.68,0,14189.9,0,0,77990.38,0,0,0,2309.56,2115.17,0,23735.37,24427.34,59.35,2190.26,15836.17,0,0,0,0
2006-09-12 07:00:00,0,1730.48,0,306.64,10636.29,5525.83,5517.71,0,0,1966.82,13340.8,216.27,0,12150.36,1475.36,3827.81,68460.11,0,15554.31,0,0,84175.94,0,0,0,2448.69,2217.08,0,24352.79,25170.54,60.92,2326.83,16275.33,0,0,0,0
2006-09-12 08:00:00,0,1857.64,0,323.51,10900.12,6097.09,5750.18,0,0,2184.36,14646.06,236.29,0,12504.05,1528.48,3997.59,72042.48,0,16183.65,0,0,85897.85,0,0,0,2542.47,2314.54,0,25021.37,26831.95,64.51,2485.03,16911.71,0,0,0,0
2006-09-12 09:00:00,0,1886.17,0,339.09,11052.4,6577.71,5962.27,0,0,2378.85,16064.4,250.36,0,12903.06,1564.31,4099.98,74765.72,0,16824.3,0,0,87220.69,0,0,0,2632.1,2396.25,0,25507.61,27664.91,68.33,2627.27,17498.35,0,0,0,0
2006-09-12 10:00:00,0,1916.96,0,361.31,11135.83,7161.37,6082.87,0,0,2531.25,17527.64,269.32,0,13042.37,1655.78,4182.45,77312.07,0,17279.36,0,0,88357.99,0,0,0,2726.97,2502.51,0,26185.66,28490.16,71.53,2895.89,18039.87,0,0,0,0
2006-09-12 11:00:00,0,1968.56,0,396.19,11272.22,7788.8,6213.74,0,0,2668.04,18723.66,291.96,0,13160.74,1747.32,4269.28,79339.23,0,17495.72,0,0,89789.53,0,0,0,2838.2,2630.29,0,27149.91,29219.13,74.8,3174.07,18475.8,0,0,0,0
2006-09-12 12:00:00,0,2022.64,0,430.64,11554.9,8402.94,6485.45,0,0,2791.53,19562.29,306.47,0,13239.86,1821.38,4359.12,81623.68,0,17625.37,0,0,91208.55,0,0,0,2977.18,2765.91,0,28216.84,30151.68,78.52,3413.69,18852.21,0,0,0,0
2006-09-12 13:00:00,0,2075.68,0,435.53,11877.28,8854.81,6851.04,0,0,2873.71,20107.61,317.74,0,13220.39,1876.6,4432.99,84021.77,0,17845.81,0,0,92783.17,0,0,0,3091.53,2892.77,0,29068.8,31131.13,83.62,3577.38,19205.79,0,0,0,0
2006-09-12 14:00:00,0,2104.46,0,443.95,12287.06,9126.07,7108.16,0,0,2926.32,20390.18,320.17,0,13175.14,1919.94,4485.94,86321.36,0,17985.8,0,0,94061.28,0,0,0,3168.76,3001.23,0,29672.94,31782.38,87.36,3696.63,19395.21,0,0,0,0
2006-09-12 15:00:00,0,2137.47,0,451.87,12753.35,9301.04,7298.35,0,0,2937.92,20521.63,325.11,0,13144.23,1944.0,4485.01,87913.49,0,18232.21,0,0,95382.95,0,0,0,3199.07,3054.62,0,29935.03,32202.38,88.68,3782.46,19459.91,0,0,0,0
2006-09-12 16:00:00,0,2161.84,0,447.75,13008.61,9288.12,7379.98,0,0,2909.43,20332.19,325.66,0,13376.65,1971.16,4472.9,88271.49,0,18517.79,0,0,96630.96,0,0,0,3233.21,3067.5,0,29994.74,32589.45,89.04,3756.36,19584.6,0,0,0,0
2006-09-12 17:00:00,0,2188.91,0,448.55,12959.16,9050.68,7341.5,0,0,2853.53,19953.87,321.97,0,13809.82,1982.94,4417.2,87815.22,0,18627.7,0,0,97081.86,0,0,0,3230.67,3053.7,0,30036.78,32840.05,88.14,3633.61,19736.38,0,0,0,0
2006-09-12 18:00:00,0,2197.71,0,434.84,12684.17,8694.15,7204.3,0,0,2786.43,19432.31,316.43,0,13952.65,1933.46,4383.21,86795.92,0,17974.18,0,0,95211.38,0,0,0,3166.77,3015.22,0,29938.01,32838.78,84.82,3545.32,19851.34,0,0,0,0
2006-09-12 19:00:00,0,2281.42,0,428.79,13444.57,8630.53,7758.85,0,0,2801.02,19060.68,321.72,0,14630.26,1958.54,4378.39,86249.21,0,18943.5,0,0,95827.96,0,0,0,3175.96,2990.56,0,29691.07,32695.58,84.5,3419.42,20023.33,0,0,0,0
2006-09-12 20:00:00,0,2208.4,0,413.38,13128.87,8236.86,7202.48,0,0,2650.41,18061.38,310.88,0,13513.08,1853.85,4150.77,83417.52,0,17907.8,0,0,90451.79,0,0,0,3052.65,2862.19,0,28756.46,31808.8,79.53,3205.16,19761.41,0,0,0,0
2006-09-12 21:00:00,0,2158.72,0,390.16,12506.54,7713.21,6616.86,0,0,2497.65,17040.84,298.32,0,12504.41,1747.49,3974.71,80824.97,0,16986.65,0,0,86097.58,0,0,0,2906.28,2719.76,0,27584.18,30736.13,72.72,2997.95,19210.42,0,0,0,0
2006-09-12 22:00:00,0,2017.69,0,360.1,11557.95,7031.35,6084.16,0,0,2331.07,15939.32,273.35,0,11697.1,1640.48,3769.19,77225.96,0,15814.45,0,0,82081.06,0,0,0,2726.68,2577.51,0,25798.59,29195.42,67.12,2782.25,18166.77,0,0,0,0
2006-09-12 23:00:00,0,1852.87,0,333.03,10708.21,6394.66,5606.62,0,0,2175.68,14793.58,248.05,0,10921.88,1534.23,3562.0,73224.76,0,14814.22,0,0,78237.35,0,0,0,2544.23,2430.92,0,23996.2,27243.96,64.1,2585.34,17003.86,0,0,0,0
2006-09-13 00:00:00,0,1705.73,0,308.72,9841.03,5782.47,5218.86,0,0,2008.27,13642.93,229.83,0,10259.27,1427.97,3412.46,69714.2,0,13874.68,0,0,75072.44,0,0,0,2373.64,2277.59,0,22822.09,25524.47,61.42,2395.54,16105.73,0,0,0,0
2006-09-13 01:00:00,0,1572.39,0,283.24,9173.12,5240.2,4844.42,0,0,1851.07,12604.34,213.45,0,9954.12,1324.59,3286.4,66389.37,0,13116.31,0,0,72436.56,0,0,0,2236.99,2125.67,0,21967.34,23957.91,58.6,2223.16,15180.37,0,0,0,0
2006-09-13 02:00:00,0,1489.06,0,258.75,8822.86,4860.83,4560.83,0,0,1719.29,11839.35,193.16,0,9927.26,1248.94,3193.83,63369.74,0,12649.22,0,0,70561.2,0,0,0,2168.79,2042.04,0,21448.29,22693.44,56.05,2110.05,14496.37,0,0,0,0
2006-09-13 03:00:00,0,1477.14,0,251.67,8688.41,4714.17,4530.17,0,0,1660.92,11373.27,181.36,0,10008.26,1209.83,3126.85,61941.65,0,12485.49,0,0,70776.24,0,0,0,2151.21,2035.67,0,21252.92,22302.89,55.01,2059.74,14152.42,0,0,0,0
2006-09-13 04:00:00,0,1529.66,0,260.53,8855.16,4808.33,4705.64,0,0,1699.75,11416.71,185.08,0,10210.38,1227.97,3232.36,62532.62,0,12991.74,0,0,73001.06,0,0,0,2201.25,2080.57,0,21592.19,22250.85,55.97,2080.09,14179.75,0,0,0,0
2006-09-13 05:00:00,0,1607.74,0,267.25,9322.98,4972.02,4923.58,0,0,1744.3,11718.8,190.05,0,10563.25,1263.64,3343.35,63793.69,0,13538.14,0,0,75355.52,0,0,0,2279.42,2122.53,0,22008.18,22832.43,57.36,2136.14,14532.62,0,0,0,0
2006-09-13 06:00:00,0,1685.38,0,275.16,9811.43,5140.13,5140.52,0,0,1783.54,12033.59,195.48,0,11624.54,1298.85,3472.75,65044.32,0,14484.06,0,0,78520.59,0,0,0,2359.33,2162.26,0,22364.99,23595.06,58.61,2193.03,14821.14,0,0,0,0
2006-09-13 07:00:00,0,1767.51,0,295.92,10446.58,5479.24,5468.93,0,0,1957.73,13018.25,205.92,0,12149.6,1391.33,3620.63,66529.37,0,15756.87,0,0,84464.02,0,0,0,2461.7,2216.35,0,22994.35,24380.32,60.05,2313.0,15113.95,0,0,0,0
2006-09-13 08:00:00,0,1852.27,0,317.69,10979.21,5912.94,5788.57,0,0,2117.66,14316.1,219.96,0,12582.63,1465.58,3834.16,70417.64,0,16406.54,0,0,86908.69,0,0,0,2539.24,2290.8,0,24036.95,25787.96,62.3,2431.7,15765.0,0,0,0,0
2006-09-13 09:00:00,0,1812.86,0,341.19,11288.27,6185.17,6052.47,0,0,2218.06,15280.54,231.03,0,13077.24,1538.17,3938.02,73134.97,0,16955.45,0,0,88340.09,0,0,0,2617.45,2365.66,0,24740.73,26532.89,64.15,2532.2,16364.49,0,0,0,0
2006-09-13 10:00:00,0,1828.26,0,356.52,11418.07,6624.12,6267.36,0,0,2370.87,16474.61,244.59,0,13460.0,1604.01,4019.43,75214.79,0,17434.93,0,0,89339.42,0,0,0,2699.71,2447.57,0,25390.76,27552.39,65.92,2724.44,16860.46,0,0,0,0
2006-09-13 11:00:00,0,1879.26,0,369.52,11567.3,7271.82,6514.63,0,0,2553.16,17718.54,256.28,0,13745.17,1704.06,4048.32,77233.69,0,17908.39,0,0,90559.88,0,0,0,2774.05,2519.98,0,26079.39,28680.54,67.76,2947.43,17333.17,0,0,0,0
2006-09-13 12:00:00,0,1922.89,0,375.71,11636.63,7929.84,6674.71,0,0,2719.31,18805.49,272.03,0,13875.47,1814.02,4084.38,79375.56,0,18346.25,0,0,92007.87,0,0,0,2852.15,2585.85,0,26894.47,30234.34,70.46,3164.8,17755.85,0,0,0,0
2006-09-13 13:00:00,0,1987.44,0,387.4,11723.73,8422.72,6789.17,0,0,2857.86,19642.24,286.11,0,14095.71,1867.5,4096.82,81433.81,0,18661.77,0,0,93725.83,0,0,0,2914.78,2648.11,0,27810.95,31496.06,73.53,3359.24,18175.45,0,0,0,0
2006-09-13 14:00:00,0,2060.96,0,408.37,11755.68,8855.42,6872.36,0,0,2969.75,20304.82,294.34,0,14208.13,1880.35,4117.24,83284.8,0,18785.72,0,0,95190.68,0,0,0,2950.11,2680.02,0,28685.02,32521.84,76.18,3513.87,18805.45,0,0,0,0
2006-09-13 15:00:00,0,2124.97,0,424.86,11844.41,9118.9,6959.04,0,0,3039.74,20661.53,306.37,0,14312.38,1900.44,4120.06,84139.1,0,18894.46,0,0,96442.32,0,0,0,2983.7,2716.14,0,29329.71,33400.51,77.58,3589.8,19492.24,0,0,0,0
2006-09-13 16:00:00,0,2181.08,0,433.53,11963.76,9129.45,7007.52,0,0,3051.86,20610.96,310.59,0,14477.68,1924.06,4153.14,84856.01,0,18798.24,0,0,97404.14,0,0,0,3010.09,2749.06,0,29781.17,34131.65,78.17,3546.71,19752.3,0,0,0,0
2006-09-13 17:00:00,0,2235.22,0,427.95,11998.37,8980.56,7032.39,0,0,2984.74,20156.66,316.95,0,14478.09,1920.7,4158.07,85301.79,0,18724.96,0,0,97766.29,0,0,0,3014.14,2791.69,0,29962.84,34611.49,78.46,3517.63,19527.19,0,0,0,0
2006-09-13 18:00:00,0,2274.02,0,415.48,12022.21,8735.42,7046.68,0,0,2866.77,19388.18,319.09,0,14400.09,1916.63,4113.58,84816.76,0,18776.09,0,0,97623.25,0,0,0,3020.72,2832.54,0,29851.66,34200.59,77.49,3463.91,19084.57,0,0,0,0
2006-09-13 19:00:00,0,2387.38,0,412.57,12826.06,8644.85,7556.28,0,0,2860.68,19244.54,321.8,0,14588.77,1988.39,4113.32,84430.8,0,19242.41,0,0,98986.04,0,0,0,2840.89,2747.82,0,29730.32,34062.13,80.67,3435.46,19137.16,0,0,0,0
2006-09-13 20:00:00,0,2210.65,0,399.18,12632.77,8264.61,7086.55,0,0,2671.55,18087.01,309.9,0,13605.4,1857.41,3895.56,80998.59,0,18399.21,0,0,94025.58,0,0,0,2811.95,2674.3,0,28934.76,32646.95,75.57,3232.5,18538.25,0,0,0,0
2006-09-13 21:00:00,0,2125.11,0,376.38,12054.23,7758.15,6635.74,0,0,2488.44,16988.89,293.4,0,12661.6,1723.4,3719.72,78168.44,0,17516.87,0,0,89367.27,0,0,0,2745.86,2568.35,0,27827.84,31324.94,70.71,3030.1,17952.33,0,0,0,0
2006-09-13 22:00:00,0,1995.53,0,357.0,11234.25,7086.29,6193.35,0,0,2308.13,15880.37,268.42,0,11896.48,1597.65,3579.89,74540.15,0,16488.59,0,0,85172.99,0,0,0,2609.94,2454.51,0,25971.34,29812.32,66.01,2830.14,16656.48,0,0,0,0
2006-09-13 23:00:00,0,1823.01,0,328.05,10471.45,6426.99,5748.71,0,0,2136.51,14725.69,246.69,0,11146.96,1472.5,3406.63,70601.89,0,15460.88,0,0,81196.69,0,0,0,2487.49,2339.02,0,24289.39,27770.68,62.4,2641.08,15463.11,0,0,0,0
2006-09-14 00:00:00,0,1669.69,0,298.33,9733.0,5799.32,5348.36,0,0,1963.56,13566.22,223.93,0,10437.3,1357.8,3240.37,66981.73,0,14537.13,0,0,78010.49,0,0,0,2360.35,2224.99,0,22790.37,26010.11,59.67,2446.26,14416.36,0,0,0,0
2006-09-14 01:00:00,0,1535.66,0,269.59,9108.14,5232.7,4994.78,0,0,1813.55,12511.01,206.43,0,10123.33,1272.52,3085.89,63616.77,0,13898.04,0,0,75365.24,0,0,0,2264.83,2136.66,0,21776.07,24387.35,57.26,2250.82,13571.25,0,0,0,0
2006-09-14 02:00:00,0,1442.32,0,249.5,8859.24,4866.31,4739.32,0,0,1689.84,11730.03,193.0,0,10163.94,1221.48,2972.36,60927.65,0,13479.77,0,0,73657.76,0,0,0,2242.15,2098.18,0,21166.06,23025.21,55.13,2130.45,13009.51,0,0,0,0
2006-09-14 03:00:00,0,1416.69,0,249.05,8848.21,4729.82,4783.09,0,0,1636.98,11316.55,187.27,0,10344.84,1195.58,2927.21,59401.5,0,13504.05,0,0,74225.88,0,0,0,2260.63,2105.6,0,20973.2,22460.92,54.05,2088.39,12893.7,0,0,0,0
2006-09-14 04:00:00,0,1441.69,0,256.67,9106.22,4838.63,4982.72,0,0,1673.75,11437.0,193.77,0,10606.94,1218.63,3027.68,59906.28,0,13977.97,0,0,76557.05,0,0,0,2343.26,2156.05,0,21379.06,22264.91,55.08,2117.01,13146.7,0,0,0,0
2006-09-14 05:00:00,0,1514.71,0,264.54,9612.61,5018.32,5194.73,0,0,1722.04,11788.2,198.98,0,10982.84,1268.82,3134.78,61161.18,0,14528.49,0,0,78906.67,0,0,0,2427.08,2209.5,0,21825.52,22699.39,56.7,2182.74,13494.88,0,0,0,0
2006-09-14 06:00:00,0,1594.99,0,272.4,10142.14,5202.43,5421.49,0,0,1778.57,12157.51,205.37,0,11721.08,1329.2,3234.61,62612.78,0,15077.54,0,0,81374.15,0,0,0,2501.43,2263.16,0,22133.1,23473.56,58.28,2250.17,13866.56,0,0,0,0
2006-09-14 07:00:00,0,1693.01,0,299.03,10916.82,5580.81,5683.82,0,0,1966.45,13188.41,215.69,0,12744.42,1415.12,3468.13,65392.87,0,16000.44,0,0,86368.35,0,0,0,2580.51,2327.82,0,22924.29,24250.29,59.77,2381.92,14612.79,0,0,0,0
2006-09-14 08:00:00,0,1794.77,0,322.67,11370.37,6075.71,5964.53,0,0,2129.8,14368.15,229.08,0,13209.88,1496.82,3565.36,69345.88,0,16915.75,0,0,89534.27,0,0,0,2688.72,2402.37,0,23554.25,25707.86,61.64,2547.76,15062.37,0,0,0,0
2006-09-14 09:00:00,0,1776.2,0,353.9,11626.2,6551.94,6229.38,0,0,2301.13,15597.32,242.53,0,13535.64,1560.8,3676.59,72532.88,0,17407.61,0,0,91640.36,0,0,0,2787.65,2486.07,0,24333.28,27101.76,63.27,2750.28,15727.33,0,0,0,0
2006-09-14 10:00:00,0,1832.86,0,381.98,11874.86,7209.04,6462.46,0,0,2519.23,17273.9,254.91,0,13818.82,1659.55,3835.76,75184.91,0,17697.35,0,0,93626.4,0,0,0,2881.44,2571.41,0,25295.28,28778.28,65.9,2989.61,16226.04,0,0,0,0
2006-09-14 11:00:00,0,1941.36,0,413.08,12050.54,7765.11,6656.65,0,0,2733.19,18852.0,283.4,0,14038.38,1835.15,4011.94,77999.64,0,18183.89,0,0,95562.07,0,0,0,2978.85,2653.94,0,27271.58,30611.74,68.9,3081.8,16797.02,0,0,0,0
2006-09-14 12:00:00,0,2036.63,0,438.23,12302.95,8171.58,6836.65,0,0,2861.85,19887.6,306.24,0,14215.64,1973.46,4226.86,80525.73,0,18330.87,0,0,97443.04,0,0,0,3064.96,2711.88,0,29371.83,32139.28,71.8,3149.62,17442.77,0,0,0,0
2006-09-14 13:00:00,0,2139.08,0,464.04,12732.74,8412.13,6995.39,0,0,2921.74,20574.49,326.6,0,14366.61,2086.56,4447.62,82813.22,0,18560.81,0,0,99358.99,0,0,0,3164.55,2806.28,0,30935.2,33568.48,75.27,3207.53,18178.84,0,0,0,0
2006-09-14 14:00:00,0,2238.39,0,484.13,13250.81,8581.97,7158.3,0,0,2960.41,21031.84,341.02,0,14501.51,2186.11,4595.58,84564.97,0,18847.72,0,0,101647.47,0,0,0,3295.48,2930.77,0,32302.35,34851.1,77.7,3279.43,19072.26,0,0,0,0
2006-09-14 15:00:00,0,2320.1,0,491.57,13726.2,8750.42,7339.19,0,0,2955.19,21096.81,339.41,0,14608.69,2259.01,4725.06,85569.82,0,19063.89,0,0,104023.76,0,0,0,3377.34,3027.41,0,33271.44,35798.8,78.88,3418.5,19772.04,0,0,0,0
2006-09-14 16:00:00,0,2389.56,0,493.84,14070.58,8929.57,7557.0,0,0,2922.15,20661.46,343.05,0,14713.9,2278.75,4789.54,85647.32,0,19220.93,0,0,105660.03,0,0,0,3410.76,3090.34,0,33738.86,36252.03,79.01,3559.91,20254.98,0,0,0,0
2006-09-14 17:00:00,0,2442.16,0,486.37,14176.91,8972.44,7668.09,0,0,2882.3,20031.21,346.33,0,14800.18,2251.0,4734.03,85449.02,0,19318.93,0,0,105872.75,0,0,0,3394.37,3118.96,0,33749.73,36148.57,78.86,3571.37,20282.04,0,0,0,0
2006-09-14 18:00:00,0,2414.68,0,460.68,13835.17,8815.33,7625.42,0,0,2835.92,19646.28,339.12,0,14895.48,2173.43,4586.91,84688.32,0,19355.88,0,0,104734.47,0,0,0,3336.44,3075.54,0,32809.68,35430.5,77.72,3522.37,19745.93,0,0,0,0
2006-09-14 19:00:00,0,2482.6,0,446.55,14114.53,8705.24,7956.61,0,0,2884.79,19715.2,338.28,0,15186.88,2186.9,4635.15,83855.36,0,20058.82,0,0,107602.53,0,0,0,3209.03,2929.09,0,32362.97,36053.98,81.64,3409.77,19834.53,0,0,0,0
2006-09-14 20:00:00,0,2256.65,0,427.94,13527.34,8292.96,7411.04,0,0,2704.22,18637.95,323.28,0,14215.35,2029.79,4354.0,80506.09,0,19226.66,0,0,102198.66,0,0,0,3071.67,2780.58,0,30752.29,34100.15,75.54,3201.66,19065.16,0,0,0,0
2006-09-14 21:00:00,0,2137.73,0,400.94,12730.84,7690.06,6890.81,0,0,2534.04,17577.65,305.52,0,13358.75,1871.75,4099.03,77974.57,0,18446.27,0,0,96927.26,0,0,0,2850.07,2608.03,0,29128.65,32680.48,70.39,3002.58,18436.79,0,0,0,0
2006-09-14 22:00:00,0,1994.45,0,370.77,11674.76,7048.09,6345.37,0,0,2367.3,16461.07,279.27,0,12538.98,1723.16,3867.51,74279.53,0,17364.27,0,0,91858.39,0,0,0,2630.94,2425.66,0,26691.27,30955.27,66.02,2813.58,16881.88,0,0,0,0
2006-09-14 23:00:00,0,1817.36,0,341.37,10678.3,6424.19,5813.83,0,0,2201.63,15306.31,254.87,0,11732.43,1585.15,3631.29,70381.47,0,16233.64,0,0,87111.51,0,0,0,2450.6,2257.33,0,24494.49,28764.8,62.68,2634.34,15535.69,0,0,0,0
2006-09-15 00:00:00,0,1658.45,0,313.05,9852.18,5835.0,5404.9,0,0,2035.29,14180.48,231.98,0,10954.28,1451.52,3404.88,66728.99,0,15242.47,0,0,82597.18,0,0,0,2276.94,2114.91,0,22747.73,27004.82,60.02,2456.24,14441.05,0,0,0,0
2006-09-15 01:00:00,0,1519.51,0,287.12,9230.21,5374.71,5029.29,0,0,1879.42,13123.28,213.35,0,10544.14,1331.62,3222.99,63406.43,0,14386.51,0,0,78540.64,0,0,0,2172.98,1997.12,0,21239.56,25357.35,57.64,2280.18,13559.74,0,0,0,0
2006-09-15 02:00:00,0,1429.37,0,267.9,8978.08,5117.1,4764.51,0,0,1770.34,12357.36,199.09,0,10597.07,1254.21,3075.81,60680.67,0,13819.59,0,0,76039.6,0,0,0,2127.01,1967.63,0,20244.93,23923.25,55.79,2186.23,12967.91,0,0,0,0
2006-09-15 03:00:00,0,1393.42,0,259.75,8851.89,4970.74,4756.6,0,0,1732.33,11921.24,191.71,0,10724.91,1227.29,3010.92,59270.22,0,13730.82,0,0,75679.62,0,0,0,2132.84,2001.9,0,19785.88,23177.1,55.36,2146.15,12754.4,0,0,0,0
2006-09-15 04:00:00,0,1412.33,0,263.24,8934.83,5042.39,4920.15,0,0,1775.33,11964.41,196.49,0,10986.59,1260.35,3085.12,59753.44,0,14118.51,0,0,77331.02,0,0,0,2213.24,2051.76,0,19948.72,22907.21,55.58,2181.9,12964.17,0,0,0,0
2006-09-15 05:00:00,0,1491.25,0,270.33,9371.37,5203.07,5098.89,0,0,1825.59,12312.18,201.75,0,11371.77,1297.18,3186.32,61206.52,0,14608.29,0,0,79130.06,0,0,0,2290.58,2098.56,0,20329.61,23134.52,56.98,2242.32,13314.42,0,0,0,0
2006-09-15 06:00:00,0,1563.12,0,278.02,9850.16,5381.43,5298.09,0,0,1878.58,12667.9,207.52,0,12011.92,1334.87,3292.79,62667.83,0,15307.69,0,0,81220.87,0,0,0,2368.44,2144.76,0,20720.96,23836.56,58.53,2309.6,13682.27,0,0,0,0
2006-09-15 07:00:00,0,1652.18,0,304.49,10634.43,5720.99,5642.09,0,0,2031.57,13517.64,219.15,0,13098.74,1437.29,3551.09,65728.63,0,16713.6,0,0,87406.54,0,0,0,2464.2,2222.65,0,21807.63,24568.89,60.08,2449.93,14671.11,0,0,0,0
2006-09-15 08:00:00,0,1766.14,0,329.04,10904.92,6221.29,5924.19,0,0,2191.68,14628.82,241.9,0,13476.38,1536.81,3617.87,70173.28,0,17305.95,0,0,90091.93,0,0,0,2575.1,2328.71,0,22578.12,26382.93,62.07,2643.06,15118.01,0,0,0,0
2006-09-15 09:00:00,0,1803.29,0,359.68,11079.04,6742.91,6199.03,0,0,2344.56,15823.81,258.99,0,13784.58,1626.6,3786.2,73790.49,0,17839.36,0,0,93220.01,0,0,0,2696.87,2415.41,0,23970.37,27928.25,64.88,2830.96,15910.58,0,0,0,0
2006-09-15 10:00:00,0,1928.6,0,398.1,11380.46,7430.45,6460.82,0,0,2537.91,17403.9,273.92,0,14068.25,1727.69,4008.82,77065.29,0,18404.29,0,0,95724.89,0,0,0,2789.34,2511.7,0,25272.29,29808.62,68.19,3032.7,16777.14,0,0,0,0
2006-09-15 11:00:00,0,2081.06,0,416.3,11904.56,8226.54,6817.08,0,0,2754.63,18937.4,295.51,0,14320.32,1866.59,4290.36,80468.01,0,19081.77,0,0,98036.1,0,0,0,2948.01,2659.61,0,26864.82,31771.09,71.7,3283.88,17595.93,0,0,0,0
2006-09-15 12:00:00,0,2258.64,0,435.33,12671.91,8848.65,7334.91,0,0,2932.36,19997.7,317.02,0,14534.21,1994.09,4595.96,83716.36,0,19682.16,0,0,100970.35,0,0,0,3152.21,2854.19,0,28673.15,33760.66,75.54,3454.92,18641.71,0,0,0,0
2006-09-15 13:00:00,0,2408.26,0,443.71,13315.5,9261.24,7753.51,0,0,3063.0,20501.41,334.53,0,14689.44,2095.13,4827.33,86306.08,0,20156.84,0,0,104195.5,0,0,0,3311.44,3014.63,0,30075.7,35484.4,78.85,3562.36,19851.71,0,0,0,0
2006-09-15 14:00:00,0,2506.66,0,453.22,13759.81,9556.39,8068.18,0,0,3145.28,20706.75,352.61,0,14806.02,2181.85,4994.75,88179.31,0,20370.89,0,0,107445.41,0,0,0,3431.31,3147.67,0,31252.33,36676.26,82.28,3646.11,20859.51,0,0,0,0
2006-09-15 15:00:00,0,2569.3,0,459.99,14136.16,9707.12,8262.95,0,0,3162.72,20768.44,361.91,0,14901.96,2254.06,5125.27,89009.59,0,20465.21,0,0,108930.14,0,0,0,3523.95,3244.66,0,32249.58,37409.13,84.16,3686.01,21569.29,0,0,0,0
2006-09-15 16:00:00,0,2609.97,0,460.0,14391.06,9723.4,8334.83,0,0,3109.38,20632.18,367.46,0,14944.74,2277.6,5198.08,88941.5,0,20428.21,0,0,109031.8,0,0,0,3567.14,3299.37,0,32931.37,37471.07,84.47,3649.33,22059.9,0,0,0,0
2006-09-15 17:00:00,0,2622.1,0,454.88,14444.86,9466.83,8300.36,0,0,3026.76,20320.6,367.66,0,14942.68,2247.24,5113.63,88027.45,0,20243.39,0,0,108348.87,0,0,0,3551.06,3296.88,0,33268.11,37321.97,84.01,3606.05,21987.07,0,0,0,0
2006-09-15 18:00:00,0,2573.21,0,441.02,14111.73,9046.71,8114.73,0,0,2904.41,19822.15,349.76,0,14940.73,2149.61,4917.28,86631.76,0,19878.44,0,0,106510.92,0,0,0,3471.28,3234.59,0,32392.13,36736.56,81.76,3551.36,21354.26,0,0,0,0
2006-09-15 19:00:00,0,2715.96,0,418.46,13449.92,8345.64,7942.93,0,0,2788.29,19065.9,337.41,0,14486.98,2058.43,4669.13,82767.95,0,19329.56,0,0,103458.52,0,0,0,3262.39,3136.87,0,31182.09,37116.18,76.48,3297.9,20015.05,0,0,0,0
2006-09-15 20:00:00,0,2491.38,0,394.55,12946.37,7971.82,7386.8,0,0,2608.61,17904.07,312.47,0,13825.71,1907.48,4275.42,79171.31,0,18641.4,0,0,97973.81,0,0,0,3130.97,2998.35,0,29878.11,35416.06,71.65,3098.13,19126.62,0,0,0,0
2006-09-15 21:00:00,0,2355.33,0,371.06,12330.24,7529.25,6871.75,0,0,2461.94,16820.57,290.02,0,13143.57,1778.66,3959.28,76793.48,0,17880.69,0,0,92987.98,0,0,0,2995.03,2856.5,0,28697.14,34077.98,66.59,2908.63,18378.86,0,0,0,0
2006-09-15 22:00:00,0,2262.62,0,340.92,11241.05,6917.42,6357.44,0,0,2314.25,15743.37,268.05,0,12416.99,1652.43,3724.03,73786.39,0,16838.54,0,0,88561.03,0,0,0,2767.32,2673.18,0,26651.31,32465.44,62.3,2729.8,16952.71,0,0,0,0
2006-09-15 23:00:00,0,2077.89,0,310.34,10216.91,6341.74,5846.22,0,0,2167.73,14711.93,242.66,0,11628.91,1531.67,3505.1,70306.85,0,15969.01,0,0,84077.0,0,0,0,2573.57,2497.11,0,24792.72,30933.43,59.46,2546.4,15474.37,0,0,0,0
2006-09-16 00:00:00,0,1912.51,0,284.38,9468.31,5784.4,5401.35,0,0,2010.81,13662.92,219.4,0,10931.79,1414.59,3266.59,66951.24,0,15186.55,0,0,79231.44,0,0,0,2416.96,2354.72,0,23144.47,29596.1,57.11,2360.31,14334.88,0,0,0,0
2006-09-16 01:00:00,0,1768.74,0,264.53,8881.87,5289.53,4994.7,0,0,1876.16,12653.97,199.53,0,10449.62,1306.19,3059.16,63838.58,0,14401.15,0,0,75691.49,0,0,0,2298.78,2225.4,0,21989.51,28377.63,54.9,2193.22,13360.79,0,0,0,0
2006-09-16 02:00:00,0,1672.09,0,250.97,8548.84,4942.06,4702.94,0,0,1757.8,11882.59,184.45,0,10395.68,1225.99,2901.52,60985.85,0,13780.68,0,0,73286.18,0,0,0,2232.79,2121.38,0,21232.15,27165.51,52.4,2068.49,12699.69,0,0,0,0
2006-09-16 03:00:00,0,1605.95,0,233.57,8266.24,4705.07,4546.31,0,0,1682.97,11484.58,172.4,0,10376.92,1172.98,2791.95,59156.36,0,13499.05,0,0,71388.47,0,0,0,2175.62,2070.57,0,20624.41,26088.6,50.19,1975.63,12304.73,0,0,0,0
2006-09-16 04:00:00,0,1567.19,0,218.95,8132.51,4523.75,4506.49,0,0,1655.61,11256.44,165.47,0,10402.08,1150.02,2743.17,57990.43,0,13434.17,0,0,70935.37,0,0,0,2134.47,2067.46,0,20212.73,25247.13,49.04,1929.13,11995.8,0,0,0,0
2006-09-16 05:00:00,0,1556.74,0,214.66,8121.0,4550.32,4542.43,0,0,1665.81,11292.09,164.28,0,10410.93,1150.72,2745.46,57620.95,0,13541.28,0,0,71278.83,0,0,0,2125.35,2071.98,0,20017.28,24678.44,49.0,1924.79,11979.32,0,0,0,0
2006-09-16 06:00:00,0,1588.98,0,214.17,8234.59,4647.74,4640.35,0,0,1683.52,11372.55,165.37,0,10574.43,1172.6,2796.2,58041.5,0,13656.95,0,0,71834.19,0,0,0,2134.47,2081.39,0,19941.14,24722.33,49.37,1953.15,12228.72,0,0,0,0
2006-09-16 07:00:00,0,1645.56,0,220.23,8630.01,5007.8,4933.29,0,0,1780.64,12031.35,173.81,0,11047.6,1221.01,2858.67,58964.45,0,14374.64,0,0,74006.55,0,0,0,2204.76,2184.29,0,20152.69,24796.98,49.71,2051.82,12540.51,0,0,0,0
2006-09-16 08:00:00,0,1816.68,0,243.22,9057.21,5653.31,5303.83,0,0,1991.55,13708.8,193.97,0,11503.85,1351.26,2972.95,61606.96,0,15062.22,0,0,77371.58,0,0,0,2359.83,2375.28,0,21030.64,25252.34,51.47,2301.57,13039.76,0,0,0,0
2006-09-16 09:00:00,0,1920.66,0,290.21,9533.78,6476.44,5620.63,0,0,2210.9,15567.98,215.52,0,12305.74,1474.86,3173.33,65043.57,0,15764.08,0,0,81689.16,0,0,0,2479.16,2492.01,0,22999.02,26754.94,55.5,2596.04,14276.63,0,0,0,0
2006-09-16 10:00:00,0,2153.77,0,318.72,9900.35,7328.56,5940.1,0,0,2445.38,17402.85,228.47,0,13074.1,1638.16,3446.91,69170.41,0,16377.08,0,0,84656.98,0,0,0,2664.22,2621.06,0,24969.09,29132.87,60.22,2914.49,15582.02,0,0,0,0
2006-09-16 11:00:00,0,2478.78,0,337.04,10708.28,8083.34,6423.16,0,0,2654.17,18860.28,246.96,0,13698.23,1766.89,3813.56,73885.65,0,16965.68,0,0,87768.82,0,0,0,2834.53,2792.13,0,26827.91,31793.9,65.31,3197.17,17218.13,0,0,0,0
2006-09-16 12:00:00,0,2808.26,0,354.33,11433.83,8603.05,6826.68,0,0,2798.09,19760.58,256.56,0,14116.61,1861.38,4125.61,77778.87,0,17665.55,0,0,92731.46,0,0,0,2989.35,2957.21,0,28479.12,34241.38,69.84,3395.49,18702.79,0,0,0,0
2006-09-16 13:00:00,0,3096.97,0,369.29,12042.51,8826.33,7153.75,0,0,2884.67,20225.29,269.27,0,14378.2,1925.67,4362.49,80906.38,0,18302.07,0,0,96543.13,0,0,0,3124.71,3099.77,0,29832.54,36416.4,73.63,3514.8,19870.49,0,0,0,0
2006-09-16 14:00:00,0,3311.03,0,381.6,12498.91,9058.14,7477.66,0,0,2950.75,20552.29,282.49,0,14651.3,1986.32,4568.85,83119.9,0,18863.5,0,0,100057.04,0,0,0,3238.59,3228.08,0,30998.94,38348.62,76.77,3589.62,20819.77,0,0,0,0
2006-09-16 15:00:00,0,3460.45,0,391.82,12892.07,9263.25,7715.15,0,0,2988.54,20656.2,298.24,0,15002.5,2035.03,4759.62,84422.37,0,19327.3,0,0,102903.41,0,0,0,3318.58,3323.24,0,32086.39,39862.27,79.27,3610.36,21595.41,0,0,0,0
2006-09-16 16:00:00,0,3525.1,0,398.63,13164.99,9327.57,7856.84,0,0,2970.09,20439.51,311.69,0,15324.0,2051.93,4897.83,84706.4,0,19459.57,0,0,103923.14,0,0,0,3342.11,3354.12,0,32929.57,40884.19,79.63,3562.92,22233.29,0,0,0,0
2006-09-16 17:00:00,0,3512.85,0,400.0,13266.76,9153.06,7897.47,0,0,2892.19,19982.3,318.24,0,15612.0,2025.14,4915.07,84435.08,0,19189.36,0,0,103916.52,0,0,0,3318.84,3322.01,0,33381.7,41244.28,78.93,3430.57,22255.34,0,0,0,0
2006-09-16 18:00:00,0,3409.95,0,388.51,12814.98,8590.14,7648.81,0,0,2751.0,19209.48,311.91,0,14923.32,1946.26,4746.77,82837.92,0,18316.89,0,0,101294.69,0,0,0,3215.01,3194.88,0,32774.91,40444.37,76.72,3212.11,21436.97,0,0,0,0
2006-09-16 19:00:00,0,3418.24,0,399.45,13519.18,8267.53,7933.09,0,0,2781.45,18941.72,331.37,0,15873.52,1971.54,4887.73,86897.09,0,20446.21,0,0,106430.69,0,0,0,3223.81,3098.16,0,32133.67,41784.27,81.58,3201.18,21064.75,0,0,0,0
2006-09-16 20:00:00,0,3203.73,0,376.0,12916.4,7863.31,7357.29,0,0,2599.74,17796.32,310.55,0,14829.31,1818.3,4466.15,83529.86,0,19372.73,0,0,100610.61,0,0,0,3096.99,2964.47,0,30835.87,40226.49,77.17,2958.45,20117.85,0,0,0,0
2006-09-16 21:00:00,0,3068.0,0,356.61,12216.32,7419.43,6841.87,0,0,2436.24,16680.11,291.21,0,13860.96,1696.19,4117.11,80713.44,0,18480.26,0,0,95349.94,0,0,0,2955.97,2825.08,0,29676.0,38902.18,71.98,2764.06,19334.72,0,0,0,0
2006-09-16 22:00:00,0,2963.04,0,329.89,11107.6,6785.46,6283.44,0,0,2282.19,15618.92,264.53,0,12916.51,1569.64,3846.75,77391.28,0,17461.36,0,0,90683.83,0,0,0,2715.69,2634.79,0,27562.05,36936.88,67.3,2596.81,17840.9,0,0,0,0
2006-09-16 23:00:00,0,2729.95,0,301.49,10081.22,6174.72,5721.58,0,0,2134.24,14595.34,237.25,0,12049.3,1447.01,3606.58,73740.59,0,16359.28,0,0,86059.19,0,0,0,2516.12,2467.87,0,25639.03,34674.93,63.5,2428.6,16323.17,0,0,0,0
2006-09-17 00:00:00,0,2517.3,0,277.88,9397.13,5625.1,5266.81,0,0,1980.76,13570.14,213.18,0,11303.36,1334.76,3354.22,70649.54,0,15378.76,0,0,81232.06,0,0,0,2368.35,2322.42,0,23935.72,32769.85,61.13,2292.49,14968.4,0,0,0,0
2006-09-17 01:00:00,0,2328.0,0,255.81,8895.09,5094.04,4901.07,0,0,1846.75,12592.56,193.47,0,10836.51,1223.65,3138.15,67619.67,0,14400.06,0,0,77338.37,0,0,0,2250.37,2180.66,0,22777.8,30877.98,59.11,2136.38,13876.35,0,0,0,0
2006-09-17 02:00:00,0,2189.61,0,235.42,8561.36,4703.28,4606.51,0,0,1721.56,11882.21,180.53,0,10644.69,1144.11,2984.68,64643.52,0,13754.55,0,0,74539.86,0,0,0,2174.95,2071.14,0,22053.36,29099.26,57.0,1998.07,13105.2,0,0,0,0
2006-09-17 03:00:00,0,2091.77,0,217.69,8265.64,4445.68,4458.48,0,0,1632.79,11518.23,171.43,0,10446.61,1083.43,2866.0,62551.99,0,13408.41,0,0,72522.62,0,0,0,2106.72,2014.07,0,21447.7,27414.52,55.09,1905.18,12647.93,0,0,0,0
2006-09-17 04:00:00,0,1984.91,0,207.74,8123.68,4298.52,4387.79,0,0,1583.65,11270.69,165.39,0,10371.54,1056.01,2796.33,61270.57,0,13196.92,0,0,71715.49,0,0,0,2076.09,2016.55,0,21101.53,25743.52,53.55,1879.21,12333.87,0,0,0,0
2006-09-17 05:00:00,0,1933.46,0,204.0,8112.53,4323.88,4452.34,0,0,1575.91,11223.2,163.78,0,10281.33,1048.05,2794.38,60629.87,0,13138.86,0,0,71655.21,0,0,0,2082.73,2030.3,0,20842.21,24720.58,53.59,1904.31,12235.59,0,0,0,0
2006-09-17 06:00:00,0,1944.24,0,205.96,8244.29,4416.34,4590.3,0,0,1575.22,11254.42,164.79,0,10373.42,1066.63,2832.05,60943.61,0,13298.79,0,0,72224.49,0,0,0,2098.64,2044.5,0,20619.34,24359.76,53.51,1952.71,12454.95,0,0,0,0
2006-09-17 07:00:00,0,1934.16,0,213.61,8593.83,4810.46,4852.86,0,0,1691.17,12017.75,173.75,0,10810.42,1139.15,2904.43,61745.82,0,14091.53,0,0,75078.92,0,0,0,2174.79,2159.37,0,20726.35,24127.72,53.85,2059.06,12862.74,0,0,0,0
2006-09-17 08:00:00,0,2023.95,0,235.86,8902.18,5539.33,5185.71,0,0,1912.15,13804.17,195.93,0,11721.69,1279.85,3041.44,63950.39,0,15209.43,0,0,80889.39,0,0,0,2344.58,2344.02,0,21751.98,24287.42,55.76,2283.47,13640.09,0,0,0,0
2006-09-17 09:00:00,0,2056.5,0,280.17,9357.02,6243.04,5497.61,0,0,2081.93,15518.66,214.1,0,12568.87,1396.33,3401.57,67098.64,0,16420.55,0,0,85993.3,0,0,0,2482.17,2486.28,0,23950.56,24367.17,59.04,2527.34,15406.88,0,0,0,0
2006-09-17 10:00:00,0,2094.54,0,316.19,9930.69,6976.23,5992.14,0,0,2261.5,16994.11,233.03,0,13208.54,1567.85,3735.69,70506.29,0,17478.73,0,0,91301.1,0,0,0,2655.12,2623.69,0,26314.53,24799.61,62.38,2842.28,16976.37,0,0,0,0
2006-09-17 11:00:00,0,2150.2,0,345.83,10964.59,7627.26,6615.83,0,0,2425.21,18230.19,253.35,0,13766.54,1708.24,4158.93,74555.73,0,18282.73,0,0,97732.55,0,0,0,2905.35,2851.48,0,28872.26,25615.17,66.47,3107.22,18937.28,0,0,0,0
2006-09-17 12:00:00,0,2207.24,0,367.62,11862.57,8064.58,7118.38,0,0,2552.72,19121.22,272.46,0,14249.09,1798.4,4423.95,77999.42,0,18963.67,0,0,103084.11,0,0,0,3096.8,3056.19,0,30553.16,26434.22,68.48,3307.22,20575.05,0,0,0,0
2006-09-17 13:00:00,0,2255.25,0,380.8,12603.17,8465.92,7587.89,0,0,2651.38,19773.86,289.67,0,14638.22,1859.91,4677.82,80450.09,0,19492.97,0,0,107225.2,0,0,0,3224.95,3204.12,0,31942.12,27104.47,69.96,3463.35,21781.17,0,0,0,0
2006-09-17 14:00:00,0,2302.1,0,391.32,13159.18,8839.19,7962.45,0,0,2736.36,20251.86,304.78,0,15020.39,1915.7,4885.25,82373.15,0,19966.69,0,0,111251.23,0,0,0,3322.71,3322.35,0,33105.85,27573.93,71.03,3588.21,22758.62,0,0,0,0
2006-09-17 15:00:00,0,2314.97,0,402.94,13634.56,9125.93,8241.51,0,0,2786.67,20401.78,318.69,0,15385.82,1949.03,5021.74,83166.1,0,20312.97,0,0,113708.25,0,0,0,3409.71,3422.42,0,33952.08,27724.25,72.67,3649.71,23371.62,0,0,0,0
2006-09-17 16:00:00,0,2370.44,0,409.41,13972.03,9224.58,8462.83,0,0,2769.99,20284.15,328.72,0,15668.34,1956.89,5075.74,83202.36,0,20481.18,0,0,114561.97,0,0,0,3452.05,3484.14,0,34494.66,28069.47,74.53,3628.44,23731.06,0,0,0,0
2006-09-17 17:00:00,0,2406.37,0,413.38,14122.85,9059.62,8591.71,0,0,2697.61,19783.44,330.9,0,15935.08,1932.46,5035.01,82500.05,0,20194.14,0,0,113927.55,0,0,0,3457.29,3472.13,0,34538.19,28330.12,74.43,3541.91,23384.46,0,0,0,0
2006-09-17 18:00:00,0,2385.11,0,401.05,13426.46,8477.93,8109.48,0,0,2556.79,18749.49,321.36,0,15230.48,1869.13,4826.26,81410.66,0,19104.23,0,0,108183.09,0,0,0,3339.46,3316.41,0,33379.52,28329.46,74.58,3380.19,22483.63,0,0,0,0
2006-09-17 19:00:00,0,2400.24,0,427.57,15021.02,8637.57,8744.82,0,0,2757.86,19035.49,353.92,0,17349.31,1968.08,5270.32,89871.12,0,22495.07,0,0,118898.44,0,0,0,3487.04,3214.84,0,33685.77,30562.39,87.0,3523.87,23322.19,0,0,0,0
2006-09-17 20:00:00,0,2329.46,0,401.16,14259.66,8082.0,8025.72,0,0,2531.35,17717.28,322.67,0,16113.33,1807.99,4853.89,87092.53,0,21179.31,0,0,111477.05,0,0,0,3323.77,3042.18,0,32109.98,30061.84,83.54,3269.65,22379.48,0,0,0,0
2006-09-17 21:00:00,0,2254.82,0,376.72,13434.03,7468.22,7346.55,0,0,2324.0,16466.15,295.0,0,14994.78,1663.57,4503.59,84350.39,0,20089.7,0,0,104901.17,0,0,0,3105.39,2873.67,0,30534.52,29625.28,79.84,3013.55,21360.77,0,0,0,0
2006-09-17 22:00:00,0,2134.45,0,344.6,12237.3,6706.97,6699.79,0,0,2142.47,15191.39,262.43,0,13965.32,1530.55,4225.5,80634.98,0,18909.67,0,0,98541.77,0,0,0,2857.85,2668.18,0,28170.24,28679.24,75.85,2765.3,19825.51,0,0,0,0
2006-09-17 23:00:00,0,1950.54,0,316.41,11138.96,6000.06,6118.46,0,0,1962.28,13949.3,236.14,0,12982.48,1409.29,3965.14,76641.93,0,17749.19,0,0,93198.66,0,0,0,2664.31,2487.38,0,26038.79,26936.93,71.53,2549.29,18328.68,0,0,0,0
2006-09-18 00:00:00,0,1783.64,0,285.41,10137.59,5363.83,5618.95,0,0,1798.91,12745.71,213.17,0,12067.56,1298.8,3718.84,72907.12,0,16535.96,0,0,87866.08,0,0,0,2487.08,2327.03,0,24115.83,25321.13,67.21,2340.7,17130.01,0,0,0,0
2006-09-18 01:00:00,0,1623.68,0,266.69,9422.91,4786.28,5205.94,0,0,1650.34,11760.75,190.51,0,11492.15,1200.03,3535.92,69119.67,0,15497.2,0,0,82937.19,0,0,0,2358.14,2178.12,0,22777.76,23743.3,63.39,2145.08,16125.06,0,0,0,0
2006-09-18 02:00:00,0,1505.9,0,246.39,9134.6,4312.57,4903.64,0,0,1522.74,10896.33,168.69,0,11225.45,1126.84,3384.8,65615.43,0,14820.23,0,0,79700.33,0,0,0,2289.48,2110.54,0,21992.56,22526.82,60.36,1966.17,15299.85,0,0,0,0
2006-09-18 03:00:00,0,1469.49,0,235.05,9025.2,4067.9,4839.74,0,0,1450.07,10384.74,155.27,0,11193.1,1097.52,3293.79,63631.96,0,14485.14,0,0,78159.89,0,0,0,2256.71,2087.87,0,21575.12,22146.59,57.84,1871.38,14939.68,0,0,0,0
2006-09-18 04:00:00,0,1497.3,0,236.26,9193.96,4102.94,4965.56,0,0,1450.94,10336.29,155.46,0,11270.71,1123.88,3357.79,63934.31,0,14534.83,0,0,78551.64,0,0,0,2292.36,2120.63,0,21779.1,22136.79,56.89,1862.81,14945.04,0,0,0,0
2006-09-18 05:00:00,0,1565.35,0,244.28,9645.65,4273.38,5140.3,0,0,1487.78,10556.81,160.75,0,11451.52,1156.27,3465.19,65248.76,0,14836.81,0,0,80261.25,0,0,0,2360.75,2158.24,0,22125.64,22761.79,57.23,1913.53,15269.88,0,0,0,0
2006-09-18 06:00:00,0,1650.41,0,253.24,10125.64,4452.91,5331.97,0,0,1527.92,10823.82,165.54,0,12006.84,1191.2,3571.83,66519.24,0,15359.87,0,0,82197.04,0,0,0,2427.69,2197.94,0,22451.23,23593.2,58.1,1977.72,15502.17,0,0,0,0
2006-09-18 07:00:00,0,1736.29,0,284.61,10847.76,4882.86,5737.94,0,0,1720.8,11873.74,179.82,0,13099.2,1304.06,3884.96,68184.19,0,16999.57,0,0,88782.53,0,0,0,2520.04,2272.69,0,23597.9,24458.82,59.47,2115.24,16232.27,0,0,0,0
2006-09-18 08:00:00,0,1849.13,0,314.86,11256.23,5435.59,6203.73,0,0,1934.93,13348.37,198.59,0,14173.94,1399.15,4185.32,71512.37,0,18233.11,0,0,94241.2,0,0,0,2681.85,2409.86,0,24952.38,25860.08,61.36,2326.05,17454.18,0,0,0,0
2006-09-18 09:00:00,0,1823.72,0,347.83,11798.44,6019.6,6552.09,0,0,2122.77,14963.49,215.9,0,15116.12,1477.38,4426.89,73727.79,0,19263.4,0,0,99081.72,0,0,0,2822.97,2531.49,0,26627.18,26244.29,64.55,2544.1,18431.28,0,0,0,0
2006-09-18 10:00:00,0,1842.49,0,378.98,12486.61,6688.29,7110.94,0,0,2305.22,16335.01,234.3,0,16082.51,1565.34,4624.51,75464.87,0,20271.95,0,0,103379.88,0,0,0,2986.84,2688.13,0,28807.13,26983.3,67.03,2806.8,19409.17,0,0,0,0
2006-09-18 11:00:00,0,1873.03,0,414.18,13455.21,7582.11,7735.85,0,0,2518.4,17691.47,262.07,0,16925.34,1745.82,4753.87,77058.14,0,21267.32,0,0,108078.38,0,0,0,3197.07,2897.27,0,31106.24,27587.9,68.67,3119.1,20149.18,0,0,0,0
2006-09-18 12:00:00,0,1895.75,0,442.09,14301.71,8320.78,8236.84,0,0,2689.25,18761.99,292.45,0,17538.29,1903.3,4826.86,78162.33,0,21933.17,0,0,112735.22,0,0,0,3382.03,3097.55,0,33322.94,28050.82,70.65,3354.26,20920.82,0,0,0,0
2006-09-18 13:00:00,0,1931.05,0,453.98,14903.4,8779.46,8661.06,0,0,2796.73,19528.64,318.69,0,17992.22,2021.3,4834.8,79128.44,0,22367.35,0,0,116551.57,0,0,0,3497.12,3245.58,0,35206.21,28516.49,72.59,3481.32,21713.1,0,0,0,0
2006-09-18 14:00:00,0,1944.38,0,463.59,15388.41,9109.05,9011.53,0,0,2867.0,20155.01,339.31,0,18321.66,2115.42,4896.02,79963.59,0,22659.41,0,0,118501.7,0,0,0,3576.63,3361.29,0,36509.48,28816.14,74.3,3567.22,22557.67,0,0,0,0
2006-09-18 15:00:00,0,1948.43,0,461.68,15693.31,9325.46,9208.19,0,0,2911.86,20647.84,355.28,0,18493.54,2189.36,4904.29,80268.0,0,22884.68,0,0,119382.43,0,0,0,3619.64,3428.09,0,37170.13,28889.88,74.45,3584.49,23023.92,0,0,0,0
2006-09-18 16:00:00,0,1948.81,0,457.76,15725.47,9423.75,9259.64,0,0,2916.67,20835.41,365.02,0,18471.69,2226.9,4895.77,79990.86,0,22930.39,0,0,118521.24,0,0,0,3628.43,3439.22,0,37202.2,28848.31,74.43,3571.81,22748.02,0,0,0,0
2006-09-18 17:00:00,0,1928.78,0,448.94,15606.29,9347.99,9146.82,0,0,2882.27,20573.35,363.44,0,18025.04,2190.1,4802.35,79492.23,0,22402.36,0,0,116654.6,0,0,0,3599.26,3385.91,0,36798.06,28622.04,73.93,3526.46,21663.12,0,0,0,0
2006-09-18 18:00:00,0,1916.88,0,426.26,14908.37,8755.67,8659.36,0,0,2736.93,19546.79,344.43,0,17185.72,2087.44,4611.05,79166.2,0,21226.25,0,0,111410.71,0,0,0,3453.81,3266.46,0,35688.47,28512.95,72.42,3394.46,21054.14,0,0,0,0
2006-09-18 19:00:00,0,2080.39,0,425.4,15271.75,8577.12,8859.87,0,0,2778.91,19195.85,345.49,0,17997.33,2091.7,4454.59,78554.17,0,22440.74,0,0,112771.0,0,0,0,3466.63,3219.22,0,34880.42,28928.79,75.14,3413.0,20932.07,0,0,0,0
2006-09-18 20:00:00,0,2020.89,0,409.72,14635.23,8115.0,8160.46,0,0,2583.58,17989.86,328.71,0,16741.02,1943.01,4149.49,76457.17,0,21393.71,0,0,105918.48,0,0,0,3314.05,3057.61,0,33796.42,28664.59,70.86,3157.3,20414.99,0,0,0,0
2006-09-18 21:00:00,0,2019.45,0,390.74,13859.49,7582.02,7540.06,0,0,2401.77,16819.92,313.09,0,15521.28,1777.59,3885.75,74414.01,0,20354.44,0,0,99106.33,0,0,0,3132.74,2899.58,0,32539.83,28339.65,67.22,2937.94,19687.04,0,0,0,0
2006-09-18 22:00:00,0,1914.77,0,366.16,12859.44,6831.0,6989.57,0,0,2222.75,15573.72,290.49,0,14295.31,1652.41,3633.95,71395.54,0,19075.31,0,0,93102.49,0,0,0,2938.79,2757.36,0,30368.42,27331.19,63.99,2708.66,18352.57,0,0,0,0
2006-09-18 23:00:00,0,1761.87,0,338.05,11909.75,6139.25,6475.15,0,0,2046.02,14351.21,266.61,0,13059.21,1535.05,3451.27,67929.15,0,17822.14,0,0,88095.53,0,0,0,2773.66,2626.77,0,28386.36,25745.54,61.55,2506.86,16815.63,0,0,0,0
2006-09-19 00:00:00,0,1641.4,0,308.22,11008.08,5542.78,5996.57,0,0,1881.42,13196.05,244.77,0,11877.61,1418.5,3266.9,64910.57,0,16594.22,0,0,83301.72,0,0,0,2617.41,2488.61,0,26588.14,24321.87,59.23,2335.37,15485.15,0,0,0,0
2006-09-19 01:00:00,0,1549.67,0,284.18,10195.59,4991.44,5604.36,0,0,1730.25,12165.43,224.17,0,11115.81,1323.48,3123.61,62111.15,0,15439.72,0,0,79481.46,0,0,0,2494.89,2346.43,0,25339.17,23100.02,57.45,2156.19,14380.95,0,0,0,0
2006-09-19 02:00:00,0,1521.13,0,268.16,9804.34,4574.22,5308.3,0,0,1604.06,11429.62,204.24,0,10945.92,1252.88,2988.49,59384.8,0,14680.1,0,0,76646.98,0,0,0,2420.86,2247.12,0,24605.05,22016.9,56.26,1996.18,13848.33,0,0,0,0
2006-09-19 03:00:00,0,1524.08,0,259.94,9676.8,4420.0,5180.25,0,0,1546.41,11011.32,188.81,0,10957.74,1223.68,2929.5,57683.74,0,14267.19,0,0,75869.5,0,0,0,2421.63,2224.86,0,24229.98,21787.17,56.04,1925.2,13516.24,0,0,0,0
2006-09-19 04:00:00,0,1585.01,0,267.35,9747.1,4495.49,5283.09,0,0,1584.46,11162.41,180.48,0,11070.3,1225.39,3029.1,58412.14,0,14401.53,0,0,76685.42,0,0,0,2472.84,2254.37,0,24582.25,22114.25,57.3,1937.36,13667.96,0,0,0,0
2006-09-19 05:00:00,0,1695.72,0,276.79,10180.22,4677.17,5438.29,0,0,1632.14,11527.03,188.06,0,11398.0,1262.54,3136.57,60038.06,0,14766.21,0,0,78083.0,0,0,0,2590.7,2321.13,0,24913.13,22932.96,58.83,1998.25,13900.0,0,0,0,0
2006-09-19 06:00:00,0,1811.05,0,279.82,10658.5,4874.66,5608.86,0,0,1684.68,11923.33,195.26,0,11958.28,1301.87,3238.4,61678.45,0,15290.69,0,0,79676.36,0,0,0,2681.27,2388.03,0,25164.61,23956.59,60.43,2074.05,14099.1,0,0,0,0
2006-09-19 07:00:00,0,1925.56,0,319.9,11356.35,5277.58,6036.08,0,0,1871.79,13063.85,197.78,0,13163.34,1388.69,3483.87,64373.79,0,16974.08,0,0,86008.81,0,0,0,2788.76,2484.14,0,25747.21,24942.19,62.22,2255.91,14610.82,0,0,0,0
2006-09-19 08:00:00,0,2026.66,0,332.25,11883.87,5814.0,6454.71,0,0,2063.07,14575.05,204.9,0,13672.33,1452.43,3588.44,68078.49,0,18176.65,0,0,88750.82,0,0,0,2916.38,2613.94,0,26420.12,26216.24,63.68,2480.58,15276.74,0,0,0,0
2006-09-19 09:00:00,0,1971.68,0,320.8,12380.96,6329.63,6832.98,0,0,2239.81,16034.4,217.74,0,14689.5,1526.41,3644.3,69983.77,0,19127.55,0,0,91354.24,0,0,0,3077.52,2740.83,0,26681.31,26176.18,65.04,2691.02,15904.18,0,0,0,0
2006-09-19 10:00:00,0,1963.23,0,334.11,12820.61,7068.19,7266.3,0,0,2484.62,17666.44,240.78,0,15935.83,1671.29,3710.89,71878.0,0,20050.51,0,0,93839.92,0,0,0,3236.24,2890.15,0,27114.47,26435.75,66.46,2966.55,16257.5,0,0,0,0
2006-09-19 11:00:00,0,1959.84,0,354.06,13187.25,7844.43,7689.31,0,0,2753.84,19221.28,261.74,0,16678.26,1824.23,3852.41,72338.47,0,20713.06,0,0,97312.94,0,0,0,3413.48,3117.59,0,28661.66,26856.64,67.65,3249.7,16673.77,0,0,0,0
2006-09-19 12:00:00,0,1931.84,0,353.79,13842.7,8590.48,8207.94,0,0,2984.22,20416.41,288.15,0,17135.37,1955.3,3946.97,72475.89,0,21089.65,0,0,100816.42,0,0,0,3517.99,3269.53,0,29982.68,27220.37,68.86,3474.62,16943.69,0,0,0,0
2006-09-19 13:00:00,0,1902.98,0,409.25,14456.63,9189.4,8632.73,0,0,3133.7,21286.97,311.41,0,17395.9,2073.98,3998.23,72423.25,0,21358.39,0,0,102511.11,0,0,0,3568.68,3338.95,0,31071.27,27468.12,69.66,3601.19,17272.05,0,0,0,0
2006-09-19 14:00:00,0,1876.99,0,466.4,14908.33,9630.64,8991.05,0,0,3234.78,21706.44,326.68,0,17503.67,2174.39,3992.83,72310.02,0,21173.47,0,0,103688.77,0,0,0,3662.87,3375.74,0,31588.55,27600.84,69.76,3692.04,17514.02,0,0,0,0
2006-09-19 15:00:00,0,1855.43,0,492.12,14958.24,9790.83,9024.5,0,0,3252.25,21715.71,311.8,0,17330.55,2208.56,3948.62,72097.47,0,21159.01,0,0,104575.84,0,0,0,3731.13,3449.71,0,31562.78,27736.88,69.21,3728.66,17572.35,0,0,0,0
2006-09-19 16:00:00,0,1851.95,0,492.63,14987.9,9700.68,8965.18,0,0,3102.99,21182.33,317.41,0,17107.72,2087.33,3928.0,71972.17,0,21289.09,0,0,104363.58,0,0,0,3805.64,3520.64,0,31084.11,28076.86,68.62,3678.93,17578.05,0,0,0,0
2006-09-19 17:00:00,0,1847.92,0,474.63,14702.06,9351.45,8935.9,0,0,2988.07,20379.26,320.03,0,16790.53,2020.55,3893.21,71570.46,0,20915.28,0,0,103168.22,0,0,0,3779.07,3499.98,0,30559.68,28101.2,68.56,3608.16,17586.02,0,0,0,0
2006-09-19 18:00:00,0,1859.38,0,435.64,13888.21,8855.19,8739.8,0,0,2870.19,19612.92,312.34,0,16462.05,1972.12,3835.2,71225.39,0,20401.23,0,0,100372.77,0,0,0,3649.01,3414.97,0,29881.46,28065.09,67.59,3500.5,17341.58,0,0,0,0
2006-09-19 19:00:00,0,1994.8,0,426.24,14185.38,8728.54,8906.77,0,0,2882.95,19316.29,315.92,0,16729.48,1956.8,3999.7,72187.54,0,21161.24,0,0,103045.53,0,0,0,3498.84,3266.52,0,29715.73,28569.84,73.04,3477.32,17679.54,0,0,0,0
2006-09-19 20:00:00,0,2010.28,0,403.76,13488.97,8311.75,8326.59,0,0,2705.82,18262.17,309.67,0,15644.06,1857.04,3771.92,71423.44,0,20036.47,0,0,96157.05,0,0,0,3365.28,3088.19,0,28424.01,28207.79,69.37,3260.38,17167.83,0,0,0,0
2006-09-19 21:00:00,0,2047.17,0,389.17,12498.22,7711.49,7668.91,0,0,2519.3,17188.25,295.47,0,14627.36,1757.56,3591.59,70248.49,0,18994.52,0,0,90024.69,0,0,0,3161.55,2888.57,0,27080.48,27856.05,65.98,3017.89,16882.06,0,0,0,0
2006-09-19 22:00:00,0,1958.8,0,366.56,11366.41,7016.08,7008.96,0,0,2343.71,16079.76,276.93,0,13515.33,1630.21,3438.23,68113.96,0,17434.62,0,0,84897.09,0,0,0,2908.88,2700.48,0,24584.3,26978.05,63.78,2776.1,15676.65,0,0,0,0
2006-09-19 23:00:00,0,1833.84,0,339.83,10240.77,6363.28,6341.96,0,0,2180.06,14990.79,258.94,0,12500.88,1495.66,3289.99,65760.85,0,16025.25,0,0,80135.33,0,0,0,2686.43,2497.72,0,22714.24,25506.66,61.83,2560.48,14653.44,0,0,0,0
2006-09-20 00:00:00,0,1743.7,0,308.77,9289.48,5750.87,5762.4,0,0,2020.45,13921.96,236.24,0,11480.19,1380.78,3148.86,63379.31,0,14855.55,0,0,75816.58,0,0,0,2500.6,2333.4,0,21083.57,24132.53,60.12,2349.22,13750.63,0,0,0,0
2006-09-20 01:00:00,0,1657.64,0,272.01,8604.21,5252.33,5270.08,0,0,1870.22,12910.96,213.82,0,10815.69,1268.37,3017.82,61016.36,0,14021.29,0,0,72333.32,0,0,0,2337.91,2160.5,0,19758.42,22974.41,58.53,2175.03,12925.41,0,0,0,0
2006-09-20 02:00:00,0,1618.84,0,243.97,8262.41,4920.05,4862.46,0,0,1745.92,12094.64,199.46,0,10657.98,1185.18,2933.31,58858.37,0,13472.91,0,0,69629.11,0,0,0,2244.75,2063.46,0,18774.43,22098.11,57.37,2124.93,12409.91,0,0,0,0
2006-09-20 03:00:00,0,1628.98,0,229.59,8137.11,4832.51,4704.46,0,0,1696.44,11765.4,196.28,0,10634.79,1182.53,2918.74,57901.54,0,13321.82,0,0,68343.81,0,0,0,2182.25,2016.48,0,18128.95,22029.4,57.33,2109.18,12335.93,0,0,0,0
2006-09-20 04:00:00,0,1699.3,0,231.57,8275.23,4921.65,4778.32,0,0,1740.58,11882.54,203.08,0,10815.02,1198.86,3047.28,59142.52,0,13572.61,0,0,68841.96,0,0,0,2181.18,2027.4,0,18086.15,22302.61,58.75,2156.63,12637.08,0,0,0,0
2006-09-20 05:00:00,0,1801.34,0,233.48,8754.91,5134.79,4907.57,0,0,1800.31,12213.4,207.83,0,11089.28,1221.35,3200.23,60982.0,0,13880.18,0,0,69856.64,0,0,0,2210.14,2047.81,0,18554.12,23092.12,60.48,2250.23,13175.66,0,0,0,0
2006-09-20 06:00:00,0,1900.63,0,236.51,9280.77,5336.83,5069.15,0,0,1865.19,12582.7,210.76,0,11664.2,1246.32,3352.47,62765.01,0,14519.6,0,0,71496.02,0,0,0,2249.72,2086.02,0,19185.09,24089.76,62.26,2346.88,13791.63,0,0,0,0
2006-09-20 07:00:00,0,1998.67,0,262.47,10104.86,5621.19,5417.97,0,0,1990.82,13466.62,216.11,0,12561.28,1338.25,3615.05,65623.9,0,16062.07,0,0,78185.05,0,0,0,2394.84,2154.2,0,21019.84,25035.1,64.26,2454.65,14956.9,0,0,0,0
2006-09-20 08:00:00,0,2068.96,0,274.95,10134.01,5976.01,5578.61,0,0,2087.51,14375.3,214.49,0,12938.44,1364.77,3678.98,68731.48,0,16680.25,0,0,80510.96,0,0,0,2464.42,2225.93,0,21442.67,26194.62,65.46,2585.82,15481.57,0,0,0,0
2006-09-20 09:00:00,0,1914.9,0,286.67,10330.2,6366.0,5712.86,0,0,2217.41,15406.54,209.65,0,13379.27,1407.31,3740.01,70105.5,0,17261.07,0,0,82824.03,0,0,0,2544.04,2305.11,0,22244.32,26023.0,65.04,2693.02,15650.57,0,0,0,0
2006-09-20 10:00:00,0,1859.21,0,304.37,10592.37,6753.01,5819.8,0,0,2372.77,16593.53,215.18,0,13732.81,1461.08,3795.42,71039.2,0,17867.69,0,0,84043.69,0,0,0,2616.18,2392.97,0,23081.61,26642.51,65.93,2849.89,15843.6,0,0,0,0
2006-09-20 11:00:00,0,1856.67,0,325.38,10734.67,7284.08,5965.5,0,0,2550.76,17900.13,225.05,0,14075.37,1558.81,3806.78,71348.48,0,18154.71,0,0,84513.68,0,0,0,2728.06,2492.6,0,23781.06,27357.95,67.48,3060.86,16167.43,0,0,0,0
2006-09-20 12:00:00,0,1875.22,0,341.92,10851.28,7994.83,6208.71,0,0,2743.62,19066.33,238.26,0,14254.72,1647.75,3807.95,71699.13,0,18393.03,0,0,85530.83,0,0,0,2850.46,2593.16,0,24455.97,28099.53,68.88,3298.53,16337.98,0,0,0,0
2006-09-20 13:00:00,0,1877.08,0,352.77,11013.78,8475.28,6459.07,0,0,2891.66,19902.6,252.2,0,14296.3,1738.55,3787.52,72012.28,0,18454.17,0,0,86272.2,0,0,0,2950.39,2707.02,0,24953.17,28964.82,70.06,3451.1,16274.85,0,0,0,0
2006-09-20 14:00:00,0,1905.08,0,361.63,11149.91,8805.82,6675.53,0,0,2981.3,20342.09,269.05,0,14331.51,1818.62,3750.79,72188.48,0,18435.54,0,0,86846.16,0,0,0,3019.41,2835.95,0,25272.65,29666.59,71.0,3552.0,16250.44,0,0,0,0
2006-09-20 15:00:00,0,1949.64,0,366.24,11221.36,8956.59,6831.66,0,0,3021.74,20701.92,281.55,0,14401.53,1866.79,3688.89,72100.2,0,18503.94,0,0,86867.72,0,0,0,3078.4,2925.87,0,25668.19,30140.05,71.4,3591.6,16159.64,0,0,0,0
2006-09-20 16:00:00,0,1982.69,0,367.02,11357.94,8912.49,6927.64,0,0,2981.13,20715.4,289.2,0,14656.51,1891.22,3650.58,72067.3,0,18630.99,0,0,86828.75,0,0,0,3128.83,2964.71,0,25934.2,30342.2,71.97,3565.68,16328.03,0,0,0,0
2006-09-20 17:00:00,0,1987.5,0,362.61,11511.37,8726.47,6980.02,0,0,2941.79,20379.64,294.15,0,14846.49,1888.53,3684.15,72595.15,0,18534.49,0,0,87513.3,0,0,0,3125.25,2952.81,0,25738.6,30103.89,72.43,3468.03,16572.42,0,0,0,0
2006-09-20 18:00:00,0,2002.81,0,350.54,11493.91,8390.69,6801.45,0,0,2848.22,19501.45,291.27,0,14457.07,1797.02,3712.47,73114.37,0,18177.83,0,0,87219.3,0,0,0,3061.95,2897.46,0,25224.4,29600.65,71.08,3372.75,16491.78,0,0,0,0
2006-09-20 19:00:00,0,2121.47,0,374.37,11635.21,8336.39,7217.92,0,0,2837.08,19194.66,317.91,0,15345.93,1902.78,3860.59,72627.82,0,19571.95,0,0,91866.3,0,0,0,3103.35,2897.02,0,25955.3,31240.37,75.51,3367.45,16908.7,0,0,0,0
2006-09-20 20:00:00,0,2038.34,0,350.89,11382.02,7838.88,6635.63,0,0,2647.16,17977.19,298.25,0,14167.33,1736.22,3679.15,71177.7,0,18572.3,0,0,86399.51,0,0,0,2973.88,2756.37,0,25206.71,30238.02,70.74,3134.43,16719.38,0,0,0,0
2006-09-20 21:00:00,0,2043.45,0,328.0,10950.33,7281.4,6056.73,0,0,2450.0,16793.47,279.33,0,13064.86,1587.89,3525.98,70158.24,0,17608.92,0,0,81364.7,0,0,0,2794.79,2595.65,0,24311.56,29581.62,67.05,2924.16,16609.17,0,0,0,0
2006-09-20 22:00:00,0,1949.83,0,299.67,10150.18,6590.43,5541.06,0,0,2271.21,15574.5,252.48,0,12107.25,1443.44,3388.45,67978.29,0,16445.45,0,0,76564.61,0,0,0,2596.55,2434.64,0,22643.03,28658.41,64.44,2726.58,15617.93,0,0,0,0
2006-09-20 23:00:00,0,1807.56,0,274.01,9445.96,5923.77,5162.26,0,0,2101.15,14380.1,225.62,0,11223.78,1308.26,3252.94,65614.3,0,15293.35,0,0,72536.89,0,0,0,2414.8,2261.19,0,21007.4,27145.04,61.97,2534.84,14792.81,0,0,0,0
2006-09-21 00:00:00,0,1684.13,0,250.49,8873.1,5332.81,4837.74,0,0,1940.75,13230.27,200.9,0,10477.86,1204.45,3127.52,63176.29,0,14261.27,0,0,69009.8,0,0,0,2253.79,2108.57,0,19708.06,25805.91,59.7,2343.88,13993.37,0,0,0,0
2006-09-21 01:00:00,0,1587.42,0,228.58,8492.61,4778.41,4557.15,0,0,1778.75,12126.39,178.78,0,10011.71,1107.87,3028.0,60704.9,0,13283.49,0,0,66125.43,0,0,0,2118.81,1982.41,0,18635.39,24565.95,58.06,2153.54,13228.99,0,0,0,0
2006-09-21 02:00:00,0,1518.73,0,210.56,8385.51,4346.6,4375.14,0,0,1637.36,11282.72,160.92,0,9898.76,1021.28,2956.71,58696.11,0,12745.5,0,0,64144.04,0,0,0,2045.81,1921.49,0,17878.53,23372.46,57.19,1997.33,12747.17,0,0,0,0
2006-09-21 03:00:00,0,1475.22,0,203.13,8401.57,4167.68,4378.42,0,0,1560.66,10738.76,150.09,0,9938.0,982.18,2946.02,57938.09,0,12434.74,0,0,64207.08,0,0,0,2017.53,1916.53,0,17845.07,22768.81,57.27,1927.19,12609.41,0,0,0,0
2006-09-21 04:00:00,0,1477.35,0,206.39,8768.47,4180.95,4623.62,0,0,1586.53,10744.6,150.15,0,10137.4,1006.2,3080.89,58990.5,0,12483.64,0,0,65750.56,0,0,0,2028.24,1961.73,0,18406.56,22937.33,57.97,1925.9,12935.67,0,0,0,0
2006-09-21 05:00:00,0,1528.12,0,213.06,9323.88,4334.79,4909.23,0,0,1619.86,10980.99,154.12,0,10461.65,1040.96,3232.85,60861.41,0,12884.0,0,0,68007.5,0,0,0,2094.17,2028.72,0,19117.66,23190.88,58.63,1969.87,13488.38,0,0,0,0
2006-09-21 06:00:00,0,1586.93,0,219.14,9916.7,4508.16,5189.14,0,0,1652.72,11222.64,158.56,0,11364.66,1080.54,3376.51,62620.11,0,13800.02,0,0,70673.45,0,0,0,2167.04,2096.86,0,19855.45,23917.71,60.5,2015.74,14058.87,0,0,0,0
2006-09-21 07:00:00,0,1653.44,0,245.18,10882.39,4923.85,5572.39,0,0,1803.39,12033.39,170.45,0,12067.37,1196.52,3584.01,64776.42,0,15262.87,0,0,76226.65,0,0,0,2357.58,2200.89,0,21233.2,24696.01,62.4,2171.63,14894.54,0,0,0,0
2006-09-21 08:00:00,0,1807.46,0,262.65,10719.58,5465.16,5594.83,0,0,1976.46,13188.97,186.27,0,12424.87,1287.14,3685.76,68705.86,0,15814.2,0,0,78699.63,0,0,0,2416.81,2288.66,0,21486.07,26081.2,64.17,2333.2,15582.41,0,0,0,0
2006-09-21 09:00:00,0,1927.52,0,279.78,10625.22,6066.03,5602.43,0,0,2151.72,14430.58,197.65,0,12708.11,1391.05,3702.61,70201.34,0,16433.75,0,0,81707.85,0,0,0,2489.77,2345.05,0,22337.82,27087.02,65.89,2503.48,15659.33,0,0,0,0
2006-09-21 10:00:00,0,1971.09,0,299.53,10717.31,6608.73,5668.83,0,0,2348.56,15904.38,209.76,0,12794.67,1473.28,3767.37,71910.93,0,16777.85,0,0,82878.75,0,0,0,2553.08,2396.45,0,23228.86,27737.74,68.58,2678.07,15908.33,0,0,0,0
2006-09-21 11:00:00,0,2022.2,0,318.41,10696.16,7131.38,5809.23,0,0,2538.3,17352.77,223.14,0,12895.47,1582.58,3809.59,73207.29,0,17051.27,0,0,83583.65,0,0,0,2637.62,2457.11,0,24076.91,28284.7,71.1,2910.12,16195.7,0,0,0,0
2006-09-21 12:00:00,0,2066.11,0,335.14,10679.4,7637.7,5947.25,0,0,2697.67,18564.33,240.07,0,12981.07,1708.11,3826.77,74281.95,0,17233.4,0,0,84815.1,0,0,0,2709.98,2527.32,0,25011.77,28773.08,73.01,3095.92,16409.97,0,0,0,0
2006-09-21 13:00:00,0,2094.02,0,348.25,10743.2,8084.88,6147.46,0,0,2821.28,19485.06,258.97,0,12987.26,1812.84,3847.31,75296.69,0,17280.0,0,0,86004.74,0,0,0,2810.97,2621.94,0,25865.59,29102.05,74.37,3248.96,16792.82,0,0,0,0
2006-09-21 14:00:00,0,2098.23,0,357.94,10858.59,8500.68,6305.84,0,0,2912.42,20239.88,276.45,0,12971.31,1900.17,3846.59,76282.36,0,17352.88,0,0,87106.84,0,0,0,2892.5,2721.09,0,26520.39,29380.74,75.73,3387.42,17240.94,0,0,0,0
2006-09-21 15:00:00,0,2111.74,0,369.73,11017.46,8828.84,6407.4,0,0,2967.62,20795.72,292.63,0,12909.52,1971.51,3859.19,77096.71,0,17502.51,0,0,88329.62,0,0,0,2955.51,2801.9,0,27318.78,29590.78,76.5,3482.69,17674.38,0,0,0,0
2006-09-21 16:00:00,0,2105.02,0,378.02,11316.52,8984.53,6561.6,0,0,2964.57,21016.21,302.47,0,13013.92,1997.91,3935.61,77485.57,0,17697.08,0,0,89459.8,0,0,0,2989.51,2838.7,0,27935.48,29825.65,76.43,3521.44,18027.5,0,0,0,0
2006-09-21 17:00:00,0,2092.71,0,383.45,11542.88,8928.35,6646.11,0,0,2898.15,20587.77,306.22,0,13373.34,2004.5,3949.46,77484.06,0,17920.31,0,0,91013.37,0,0,0,2999.86,2842.31,0,28332.65,30003.85,74.97,3473.76,18167.74,0,0,0,0
2006-09-21 18:00:00,0,2124.55,0,376.54,11516.82,8453.98,6477.95,0,0,2748.96,19485.24,301.18,0,13774.17,1940.34,3881.6,76936.65,0,17663.23,0,0,88393.25,0,0,0,2954.99,2802.57,0,28069.86,30001.99,75.67,3329.74,17784.45,0,0,0,0
2006-09-21 19:00:00,0,2229.48,0,392.03,11824.12,8407.69,6958.75,0,0,2793.15,19241.21,331.82,0,14507.98,1982.17,4051.08,76230.59,0,18762.29,0,0,92723.63,0,0,0,2996.65,2835.74,0,28181.11,30490.39,76.64,3336.74,18191.84,0,0,0,0
2006-09-21 20:00:00,0,2224.74,0,369.78,11532.72,7909.43,6433.41,0,0,2592.14,18020.39,311.72,0,13439.82,1829.07,3806.29,75159.25,0,17749.78,0,0,86550.2,0,0,0,2931.95,2746.7,0,27255.16,30380.54,73.97,3093.58,17621.42,0,0,0,0
2006-09-21 21:00:00,0,2221.89,0,343.12,11061.13,7364.83,5932.75,0,0,2408.16,16890.6,289.94,0,12441.28,1700.47,3610.78,73837.63,0,16839.84,0,0,81729.03,0,0,0,2830.63,2608.98,0,26314.26,30070.26,70.53,2876.49,17251.32,0,0,0,0
2006-09-21 22:00:00,0,2085.03,0,311.77,10280.98,6625.68,5524.85,0,0,2229.39,15686.59,260.35,0,11619.84,1577.1,3457.31,71667.22,0,15819.91,0,0,77308.12,0,0,0,2657.16,2481.61,0,24547.03,29061.08,67.6,2648.96,16360.95,0,0,0,0
2006-09-21 23:00:00,0,1917.99,0,283.16,9626.65,5960.4,5205.74,0,0,2057.1,14475.99,234.75,0,10936.39,1449.09,3333.31,69082.67,0,14792.92,0,0,73451.6,0,0,0,2494.12,2335.63,0,23022.05,27548.37,65.94,2463.4,15396.62,0,0,0,0
2006-09-22 00:00:00,0,1764.14,0,258.23,9091.5,5356.72,4902.33,0,0,1893.48,13338.07,211.17,0,10279.75,1333.88,3204.04,66668.87,0,13872.21,0,0,70124.27,0,0,0,2349.97,2189.66,0,21703.66,26125.1,64.16,2279.83,14579.51,0,0,0,0
2006-09-22 01:00:00,0,1622.06,0,237.22,8652.47,4840.2,4634.32,0,0,1750.36,12323.94,190.5,0,9948.94,1237.51,3079.43,64269.59,0,13094.5,0,0,67387.98,0,0,0,2223.37,2049.93,0,20690.27,24799.88,63.19,2113.96,13961.33,0,0,0,0
2006-09-22 02:00:00,0,1511.35,0,219.29,8401.53,4471.87,4448.8,0,0,1632.39,11534.14,172.6,0,9922.36,1164.64,2985.96,62057.75,0,12604.14,0,0,65449.52,0,0,0,2158.33,1985.26,0,20089.12,23537.72,62.55,1973.91,13445.47,0,0,0,0
2006-09-22 03:00:00,0,1462.4,0,213.38,8371.13,4353.31,4512.29,0,0,1567.08,11070.11,164.71,0,10002.57,1127.09,2920.33,60647.91,0,12394.34,0,0,65475.05,0,0,0,2132.18,1986.03,0,19749.25,23054.56,61.69,1930.58,13060.47,0,0,0,0
2006-09-22 04:00:00,0,1476.35,0,222.64,8597.51,4408.72,4725.92,0,0,1604.31,11126.88,169.73,0,10228.34,1166.56,3005.17,61001.48,0,12645.66,0,0,67303.12,0,0,0,2174.79,2030.02,0,20038.55,22866.89,61.63,1955.56,13070.13,0,0,0,0
2006-09-22 05:00:00,0,1553.07,0,229.62,9091.16,4592.91,4939.83,0,0,1651.0,11425.7,175.59,0,10586.22,1207.78,3133.3,62649.87,0,13163.52,0,0,69596.3,0,0,0,2248.28,2082.13,0,20539.71,23410.53,61.42,2006.61,13296.48,0,0,0,0
2006-09-22 06:00:00,0,1643.05,0,238.25,9579.86,4777.45,5148.88,0,0,1696.36,11749.69,181.47,0,11478.03,1246.71,3249.78,64269.85,0,14006.11,0,0,72014.12,0,0,0,2324.88,2132.26,0,21104.93,24168.92,61.72,2066.05,13796.84,0,0,0,0
2006-09-22 07:00:00,0,1716.4,0,265.85,10413.39,5142.37,5515.89,0,0,1853.54,12754.18,194.38,0,12163.09,1346.33,3433.42,66119.66,0,15390.02,0,0,78876.57,0,0,0,2444.79,2218.07,0,22155.42,24980.99,63.02,2188.09,14387.71,0,0,0,0
2006-09-22 08:00:00,0,1847.53,0,284.29,10804.96,5740.9,5682.38,0,0,2075.04,14267.96,213.61,0,12543.37,1448.32,3622.97,69748.03,0,15932.37,0,0,81592.35,0,0,0,2571.01,2341.29,0,23236.06,26610.08,65.53,2403.32,15301.91,0,0,0,0
2006-09-22 09:00:00,0,1883.8,0,315.38,11022.3,6350.17,5931.64,0,0,2245.65,15627.38,230.81,0,12972.01,1564.24,3778.34,72616.11,0,16513.63,0,0,84237.61,0,0,0,2749.04,2462.74,0,24444.82,27349.02,68.93,2596.48,16090.33,0,0,0,0
2006-09-22 10:00:00,0,1956.06,0,344.81,11073.73,6948.58,6123.09,0,0,2395.68,16931.54,241.62,0,13181.72,1693.42,3891.52,74834.45,0,17187.23,0,0,86514.09,0,0,0,2930.68,2596.76,0,25732.25,28398.63,72.2,2853.81,16672.74,0,0,0,0
2006-09-22 11:00:00,0,2042.24,0,377.96,11306.17,7675.15,6268.11,0,0,2577.03,18192.93,258.29,0,13300.21,1843.95,3982.47,76978.33,0,17726.71,0,0,88591.85,0,0,0,3169.49,2835.17,0,27609.32,29489.73,76.51,3122.45,17168.82,0,0,0,0
2006-09-22 12:00:00,0,2179.1,0,409.92,11818.57,8346.37,6532.59,0,0,2739.34,19242.53,279.42,0,13350.85,1967.82,4044.42,79218.33,0,18014.39,0,0,90013.58,0,0,0,3351.98,3053.21,0,29478.24,30630.5,81.15,3357.94,17714.4,0,0,0,0
2006-09-22 13:00:00,0,2348.19,0,438.21,12353.23,8890.55,6864.82,0,0,2870.9,20069.45,300.9,0,13340.74,2060.45,4155.26,81267.25,0,18208.63,0,0,91909.29,0,0,0,3481.9,3217.56,0,30971.81,31744.71,85.02,3550.13,18209.19,0,0,0,0
2006-09-22 14:00:00,0,2494.3,0,456.9,12906.93,9344.43,7268.44,0,0,2973.4,20746.56,317.21,0,13312.3,2124.17,4245.32,83062.54,0,18369.46,0,0,93747.09,0,0,0,3595.15,3336.23,0,32429.5,32582.34,88.51,3703.35,18860.84,0,0,0,0
2006-09-22 15:00:00,0,2565.41,0,462.74,13372.81,9677.03,7626.68,0,0,3035.02,21188.28,332.35,0,13452.71,2166.35,4253.26,84267.76,0,18574.21,0,0,95128.23,0,0,0,3657.67,3425.04,0,33880.72,33179.31,91.25,3819.36,19460.8,0,0,0,0
2006-09-22 16:00:00,0,2623.34,0,461.03,13554.59,9818.27,7724.79,0,0,3044.09,21266.39,341.91,0,13781.38,2158.75,4299.22,84563.23,0,18745.89,0,0,95607.27,0,0,0,3671.2,3443.68,0,34522.02,33325.82,93.25,3872.08,19934.86,0,0,0,0
2006-09-22 17:00:00,0,2661.9,0,451.69,13567.87,9747.98,7698.36,0,0,2993.19,20802.31,345.92,0,14004.69,2124.5,4347.78,84563.32,0,18667.42,0,0,95710.71,0,0,0,3659.47,3411.73,0,34409.21,33303.4,93.36,3820.46,20234.98,0,0,0,0
2006-09-22 18:00:00,0,2647.78,0,427.86,13133.61,9129.91,7483.47,0,0,2841.55,19641.64,336.53,0,13952.5,2035.85,4328.33,84769.02,0,18357.56,0,0,95066.16,0,0,0,3498.25,3273.63,0,33695.62,33250.44,90.37,3644.35,20183.55,0,0,0,0
2006-09-22 19:00:00,0,2651.76,0,413.76,13187.86,8375.8,7727.77,0,0,2718.03,19093.64,337.76,0,13898.98,1962.63,4122.25,82363.83,0,18458.23,0,0,92921.95,0,0,0,3354.45,3213.83,0,32239.73,32161.29,81.96,3363.05,19494.94,0,0,0,0
2006-09-22 20:00:00,0,2450.24,0,392.3,12828.78,7910.99,7298.05,0,0,2516.19,17777.15,314.14,0,13041.69,1828.21,3988.11,80557.78,0,17798.11,0,0,89307.9,0,0,0,3225.09,3079.47,0,31497.8,31128.85,77.11,3133.79,19417.5,0,0,0,0
2006-09-22 21:00:00,0,2384.04,0,368.89,12227.37,7422.36,6850.78,0,0,2340.18,16558.88,291.91,0,12293.98,1720.52,3826.88,79005.41,0,17238.21,0,0,86161.0,0,0,0,3082.95,2928.51,0,30583.19,30247.6,71.04,2907.33,19123.62,0,0,0,0
2006-09-22 22:00:00,0,2308.44,0,340.89,11325.54,6776.1,6416.05,0,0,2182.66,15399.7,262.94,0,11615.8,1610.65,3700.54,76573.0,0,16568.38,0,0,83518.3,0,0,0,2851.76,2760.24,0,28751.98,28799.32,66.09,2707.73,18579.36,0,0,0,0
2006-09-22 23:00:00,0,2099.18,0,315.4,10478.64,6197.68,5994.58,0,0,2027.22,14295.04,237.4,0,10997.91,1491.93,3608.04,73882.22,0,15831.1,0,0,80964.3,0,0,0,2655.42,2611.51,0,27094.2,27222.77,62.57,2522.62,17739.19,0,0,0,0
2006-09-23 00:00:00,0,1893.22,0,292.39,9810.35,5631.19,5636.89,0,0,1878.16,13210.88,214.04,0,10378.04,1377.57,3525.17,71208.34,0,15066.71,0,0,78312.73,0,0,0,2509.0,2479.83,0,25418.01,25912.28,59.9,2342.71,16858.05,0,0,0,0
2006-09-23 01:00:00,0,1721.77,0,270.78,9290.51,5080.16,5327.86,0,0,1750.12,12271.91,192.73,0,9999.27,1277.18,3427.81,68336.04,0,14400.12,0,0,76305.84,0,0,0,2401.06,2352.34,0,24104.89,24772.91,57.22,2180.4,16074.17,0,0,0,0
2006-09-23 02:00:00,0,1608.62,0,248.55,8898.47,4662.69,5047.82,0,0,1633.13,11446.43,179.07,0,9961.95,1204.06,3315.6,65558.0,0,13936.86,0,0,74971.94,0,0,0,2338.2,2233.49,0,23373.87,23651.13,54.62,2044.16,15510.05,0,0,0,0
2006-09-23 03:00:00,0,1560.66,0,233.11,8600.21,4404.9,4912.71,0,0,1558.31,11000.45,168.94,0,9926.37,1150.53,3190.3,64118.53,0,13561.09,0,0,74501.3,0,0,0,2299.13,2163.57,0,22875.78,22925.82,53.85,1949.73,14943.11,0,0,0,0
2006-09-23 04:00:00,0,1544.37,0,228.53,8481.3,4233.59,4895.06,0,0,1514.95,10699.13,163.62,0,9980.29,1121.84,3204.76,63077.78,0,13493.49,0,0,75382.57,0,0,0,2275.08,2157.34,0,22573.23,22715.47,53.15,1890.79,14636.27,0,0,0,0
2006-09-23 05:00:00,0,1561.33,0,224.86,8538.5,4247.3,4951.72,0,0,1513.24,10670.18,162.84,0,10090.33,1104.41,3268.42,62777.09,0,13644.44,0,0,76732.0,0,0,0,2281.71,2177.22,0,22451.77,22673.55,52.58,1877.31,14521.11,0,0,0,0
2006-09-23 06:00:00,0,1621.38,0,227.28,8750.75,4338.51,5036.66,0,0,1528.93,10728.82,164.65,0,10360.86,1117.49,3309.08,63209.8,0,13949.25,0,0,78259.37,0,0,0,2301.79,2203.28,0,22524.14,22946.18,52.32,1895.09,14508.53,0,0,0,0
2006-09-23 07:00:00,0,1688.34,0,241.65,9258.0,4719.76,5393.29,0,0,1629.91,11462.36,173.83,0,10695.45,1186.64,3376.51,63948.95,0,14501.56,0,0,80557.08,0,0,0,2379.34,2327.1,0,22817.42,23225.33,51.87,1987.5,14840.97,0,0,0,0
2006-09-23 08:00:00,0,1819.3,0,275.06,9867.08,5425.79,5889.43,0,0,1836.68,13072.89,195.45,0,10984.45,1309.58,3478.2,65863.38,0,14941.92,0,0,82840.9,0,0,0,2578.09,2564.63,0,23886.01,23851.91,54.01,2194.73,15653.95,0,0,0,0
2006-09-23 09:00:00,0,1923.65,0,312.62,10459.73,6044.84,6429.05,0,0,2032.02,14887.13,214.16,0,11269.32,1442.21,3612.45,67931.75,0,15372.4,0,0,85635.8,0,0,0,2774.65,2780.4,0,25824.1,24274.71,57.14,2410.41,16420.33,0,0,0,0
2006-09-23 10:00:00,0,1983.25,0,355.82,11281.23,6860.66,6928.01,0,0,2272.66,16778.98,232.41,0,11538.88,1631.88,3651.44,70167.9,0,16090.46,0,0,88909.14,0,0,0,2996.07,3014.66,0,27894.1,24945.77,59.41,2698.28,17297.6,0,0,0,0
2006-09-23 11:00:00,0,2044.89,0,390.39,12191.64,7715.68,7570.49,0,0,2502.36,18318.14,256.38,0,11819.13,1800.83,3753.53,72683.03,0,16624.49,0,0,92506.67,0,0,0,3228.85,3267.81,0,30428.47,25517.34,61.11,2965.32,18617.11,0,0,0,0
2006-09-23 12:00:00,0,2089.67,0,414.07,13081.38,8411.96,8137.83,0,0,2685.95,19528.35,281.57,0,12095.41,1943.53,3792.09,75897.14,0,17169.82,0,0,96662.67,0,0,0,3405.66,3472.4,0,32720.64,26228.35,62.36,3196.92,19833.93,0,0,0,0
2006-09-23 13:00:00,0,2134.73,0,430.84,13852.55,8851.99,8611.31,0,0,2752.39,20173.98,307.77,0,12393.95,2065.42,3872.59,78729.33,0,17758.39,0,0,101452.2,0,0,0,3546.34,3625.23,0,34556.09,26790.75,65.44,3388.25,21011.99,0,0,0,0
2006-09-23 14:00:00,0,2161.76,0,442.66,14488.54,9204.56,8922.02,0,0,2832.53,20765.0,331.75,0,12801.26,2152.6,3927.58,80752.58,0,18289.38,0,0,106478.71,0,0,0,3651.53,3721.31,0,35852.75,27242.65,68.84,3558.95,21778.34,0,0,0,0
2006-09-23 15:00:00,0,2156.84,0,448.04,14809.89,9431.67,9069.83,0,0,2871.72,21021.65,349.56,0,13182.17,2191.11,4032.09,81476.45,0,18677.13,0,0,109423.88,0,0,0,3691.74,3744.07,0,36697.05,27420.62,70.57,3635.96,22273.49,0,0,0,0
2006-09-23 16:00:00,0,2124.55,0,448.02,14978.84,9513.17,9117.63,0,0,2879.58,20930.23,358.74,0,13556.51,2182.16,4183.77,81251.68,0,19039.11,0,0,110039.39,0,0,0,3681.55,3720.75,0,36933.58,27480.44,70.89,3635.59,22397.06,0,0,0,0
2006-09-23 17:00:00,0,2104.72,0,443.1,14914.81,9335.49,9070.18,0,0,2831.21,20311.11,358.48,0,13888.22,2111.29,4255.44,80633.21,0,19440.55,0,0,109166.55,0,0,0,3627.73,3640.48,0,36423.2,27751.83,69.65,3568.98,22131.0,0,0,0,0
2006-09-23 18:00:00,0,2086.89,0,417.25,14033.35,8883.14,8560.01,0,0,2715.19,19452.32,341.02,0,14080.33,2018.26,4266.26,79739.49,0,19496.91,0,0,107765.65,0,0,0,3462.93,3431.33,0,35195.74,27853.56,68.16,3402.15,21455.2,0,0,0,0
2006-09-23 19:00:00,0,2098.58,0,420.14,15050.71,8423.94,9009.01,0,0,2768.05,19249.23,336.89,0,15368.65,2037.25,4585.39,83810.07,0,21467.89,0,0,112789.8,0,0,0,3564.32,3394.91,0,34933.23,28723.64,73.88,3357.83,22156.57,0,0,0,0
2006-09-23 20:00:00,0,2042.97,0,397.82,14501.1,8045.54,8391.75,0,0,2586.16,18070.47,318.29,0,14688.88,1931.84,4439.98,81964.16,0,20897.32,0,0,107670.52,0,0,0,3413.83,3240.88,0,33744.06,28460.43,69.46,3158.58,21574.65,0,0,0,0
2006-09-23 21:00:00,0,2041.82,0,372.16,13737.99,7552.72,7813.03,0,0,2420.08,16996.77,303.14,0,14138.38,1838.24,4273.23,79810.63,0,20327.06,0,0,103153.41,0,0,0,3252.35,3066.65,0,32455.82,28011.34,64.99,2950.38,20981.28,0,0,0,0
2006-09-23 22:00:00,0,1991.23,0,344.12,12624.44,6924.02,7293.99,0,0,2261.82,15915.54,280.42,0,13600.83,1727.1,4126.98,76462.31,0,19381.17,0,0,98693.25,0,0,0,3024.02,2884.64,0,30392.47,26928.03,60.87,2759.83,19973.96,0,0,0,0
2006-09-23 23:00:00,0,1873.81,0,315.73,11574.33,6334.42,6808.71,0,0,2112.83,14860.07,257.84,0,12917.66,1603.19,3972.3,72404.54,0,18422.59,0,0,94210.54,0,0,0,2819.17,2714.68,0,28370.26,25848.15,57.44,2575.33,18597.46,0,0,0,0
2006-09-24 00:00:00,0,1762.42,0,288.8,10746.66,5811.62,6342.0,0,0,1974.44,13902.09,235.5,0,12199.64,1504.72,3717.15,68631.77,0,17443.54,0,0,90429.16,0,0,0,2674.56,2574.27,0,26463.1,24879.45,54.43,2400.39,17332.09,0,0,0,0
2006-09-24 01:00:00,0,1657.13,0,266.76,10096.78,5312.91,5937.15,0,0,1865.2,12965.68,215.92,0,11619.36,1403.33,3610.53,64984.97,0,16395.26,0,0,86568.43,0,0,0,2564.39,2447.6,0,25048.61,23865.8,51.18,2230.52,16226.98,0,0,0,0
2006-09-24 02:00:00,0,1586.91,0,253.28,9628.08,4999.08,5633.51,0,0,1763.93,12175.86,202.1,0,11530.78,1313.4,3412.49,61515.13,0,15667.93,0,0,83746.48,0,0,0,2488.96,2330.12,0,23931.63,22972.29,48.53,2102.08,15527.31,0,0,0,0
2006-09-24 03:00:00,0,1552.59,0,241.7,9252.41,4780.74,5450.68,0,0,1712.24,11758.62,190.83,0,11429.22,1254.53,3286.8,59165.3,0,15501.0,0,0,81527.09,0,0,0,2436.19,2261.74,0,23466.18,22235.28,46.77,2008.41,15074.91,0,0,0,0
2006-09-24 04:00:00,0,1562.74,0,239.8,9064.25,4659.28,5392.87,0,0,1704.06,11529.69,183.85,0,11553.36,1233.16,3209.46,57484.98,0,15246.88,0,0,80869.66,0,0,0,2416.44,2241.33,0,23197.34,21887.52,46.22,1979.33,14692.96,0,0,0,0
2006-09-24 05:00:00,0,1602.79,0,238.99,9061.22,4718.53,5395.39,0,0,1718.66,11576.62,185.55,0,11551.22,1222.35,3157.56,56672.37,0,15237.03,0,0,81229.83,0,0,0,2420.8,2264.11,0,23052.69,21737.72,46.49,1984.2,14462.16,0,0,0,0
2006-09-24 06:00:00,0,1670.77,0,239.93,9175.77,4857.44,5441.99,0,0,1748.77,11663.78,190.63,0,11887.23,1228.37,3125.91,56945.61,0,15373.05,0,0,81562.47,0,0,0,2439.41,2289.77,0,23201.04,22025.02,47.29,2014.62,14507.97,0,0,0,0
2006-09-24 07:00:00,0,1729.89,0,248.03,9713.61,5203.02,5737.46,0,0,1827.25,12356.86,197.77,0,12534.52,1289.14,3125.07,57859.53,0,16368.49,0,0,83386.61,0,0,0,2514.72,2397.91,0,23522.9,22335.71,48.36,2126.12,14529.31,0,0,0,0
2006-09-24 08:00:00,0,1865.91,0,272.91,10302.59,5711.58,6235.96,0,0,1961.99,13780.55,213.69,0,13323.31,1408.6,3205.75,60549.98,0,17173.17,0,0,86217.6,0,0,0,2693.8,2631.78,0,24557.99,22820.07,49.26,2344.95,14732.38,0,0,0,0
2006-09-24 09:00:00,0,1869.66,0,303.5,10945.01,6207.16,6659.05,0,0,2109.17,15214.34,228.36,0,14073.77,1557.25,3289.57,63295.25,0,18008.04,0,0,88237.72,0,0,0,2888.15,2868.27,0,26125.85,23261.89,50.76,2520.63,14982.15,0,0,0,0
2006-09-24 10:00:00,0,1909.22,0,343.11,11888.63,6796.72,7252.27,0,0,2273.5,16639.83,252.89,0,14826.67,1732.46,3320.48,65167.88,0,18790.49,0,0,89484.29,0,0,0,3157.11,3153.22,0,27752.79,23657.5,52.75,2723.64,15497.98,0,0,0,0
2006-09-24 11:00:00,0,1969.79,0,381.51,12844.98,7451.93,7974.83,0,0,2389.35,17765.33,279.45,0,15405.14,1829.17,3350.55,66496.44,0,19389.99,0,0,91000.34,0,0,0,3398.29,3427.11,0,29754.45,24149.25,54.85,2918.33,16022.9,0,0,0,0
2006-09-24 12:00:00,0,2024.06,0,411.03,13640.17,7969.58,8521.04,0,0,2471.0,18653.19,296.14,0,15687.44,1875.23,3409.55,67543.22,0,19502.74,0,0,92638.3,0,0,0,3580.89,3640.01,0,31518.07,24734.17,57.44,3111.82,16410.83,0,0,0,0
2006-09-24 13:00:00,0,2042.35,0,435.64,14193.61,8364.16,8894.83,0,0,2594.0,19341.52,309.77,0,15842.56,1930.85,3483.26,68305.25,0,19559.44,0,0,93880.43,0,0,0,3698.87,3769.76,0,32846.7,25193.57,59.51,3254.63,16845.5,0,0,0,0
2006-09-24 14:00:00,0,2027.25,0,454.95,14490.87,8706.2,9064.13,0,0,2700.09,20001.44,319.42,0,15744.56,2038.19,3544.47,68905.77,0,19054.73,0,0,93867.35,0,0,0,3798.39,3854.6,0,33702.32,25400.74,61.24,3366.9,17589.71,0,0,0,0
2006-09-24 15:00:00,0,2010.39,0,468.43,14616.17,8958.85,9216.53,0,0,2749.31,20338.64,335.25,0,15847.83,2189.37,3572.78,69123.46,0,19073.3,0,0,95006.08,0,0,0,3854.76,3886.81,0,33829.42,25604.6,61.64,3454.92,18036.11,0,0,0,0
2006-09-24 16:00:00,0,2015.93,0,472.55,14488.92,9127.21,9178.82,0,0,2776.79,20326.28,347.53,0,15820.13,2228.78,3565.45,69045.54,0,18926.32,0,0,94388.11,0,0,0,3843.16,3853.08,0,32656.24,25742.52,61.8,3537.5,17908.94,0,0,0,0
2006-09-24 17:00:00,0,1998.09,0,465.06,14173.49,9066.78,9117.33,0,0,2758.11,20123.17,349.11,0,15735.72,2191.02,3605.92,68316.98,0,18670.86,0,0,93399.38,0,0,0,3751.8,3732.38,0,31904.72,26058.51,61.13,3493.23,17749.49,0,0,0,0
2006-09-24 18:00:00,0,1961.52,0,425.19,13792.58,8713.19,8804.21,0,0,2673.96,19585.05,336.12,0,15600.64,2088.24,3581.5,68460.17,0,18382.32,0,0,91978.64,0,0,0,3590.99,3542.13,0,30948.76,26477.36,60.09,3357.88,17268.64,0,0,0,0
2006-09-24 19:00:00,0,2032.49,0,443.86,15771.94,8832.92,9443.44,0,0,2906.83,19922.0,354.41,0,17751.04,2171.2,4163.55,75763.42,0,21460.81,0,0,103627.08,0,0,0,3744.33,3471.64,0,32785.19,28445.33,76.02,3496.21,19062.32,0,0,0,0
2006-09-24 20:00:00,0,2028.51,0,428.74,15334.55,8384.05,8838.72,0,0,2716.16,18744.03,333.63,0,16492.22,2005.46,3926.8,73926.52,0,20349.25,0,0,97118.18,0,0,0,3595.29,3293.27,0,31911.36,28269.49,71.72,3253.08,18466.93,0,0,0,0
2006-09-24 21:00:00,0,2044.31,0,409.48,14505.77,7801.67,8264.22,0,0,2538.95,17615.54,312.23,0,15236.32,1851.46,3738.22,72008.25,0,19271.74,0,0,91577.02,0,0,0,3419.07,3114.79,0,30543.51,28054.15,67.13,3049.79,17899.26,0,0,0,0
2006-09-24 22:00:00,0,1949.1,0,379.27,13304.88,7114.55,7651.34,0,0,2370.44,16446.26,285.71,0,13979.83,1709.32,3559.89,69064.37,0,17942.86,0,0,86737.35,0,0,0,3196.21,2952.16,0,28457.04,27142.17,64.09,2840.03,16521.92,0,0,0,0
2006-09-24 23:00:00,0,1813.09,0,347.21,12082.33,6442.04,7057.61,0,0,2207.86,15237.13,260.73,0,12781.92,1564.09,3377.92,65823.83,0,16676.74,0,0,82259.35,0,0,0,2971.9,2749.45,0,26428.22,25623.0,61.5,2635.18,15264.08,0,0,0,0
2006-09-25 00:00:00,0,1686.31,0,316.44,10937.23,5809.06,6492.71,0,0,2036.04,14076.31,237.31,0,11755.03,1432.54,3214.17,62957.2,0,15544.27,0,0,78031.29,0,0,0,2771.44,2543.56,0,24382.68,24137.86,59.09,2425.77,14260.89,0,0,0,0
2006-09-25 01:00:00,0,1584.84,0,288.24,9986.13,5289.34,5978.65,0,0,1878.35,12987.37,217.11,0,11068.41,1317.69,3053.97,60368.14,0,14386.08,0,0,74212.36,0,0,0,2626.23,2394.38,0,22753.83,22846.01,56.93,2243.08,13321.48,0,0,0,0
2006-09-25 02:00:00,0,1542.93,0,269.13,9503.56,4940.01,5576.82,0,0,1757.78,12189.16,203.03,0,10718.24,1243.82,2929.42,58058.93,0,13709.77,0,0,71303.08,0,0,0,2536.86,2321.71,0,21792.64,21867.97,55.45,2129.07,12657.84,0,0,0,0
2006-09-25 03:00:00,0,1559.43,0,263.19,9201.12,4831.02,5425.07,0,0,1717.38,11777.35,197.36,0,10559.43,1212.18,2884.63,57016.52,0,13393.9,0,0,70416.64,0,0,0,2501.84,2284.26,0,21182.56,21795.26,55.1,2100.02,12407.61,0,0,0,0
2006-09-25 04:00:00,0,1627.39,0,266.25,9162.01,4974.36,5470.25,0,0,1763.83,11896.32,202.09,0,10575.09,1246.75,2982.04,58032.0,0,13464.41,0,0,71095.66,0,0,0,2541.36,2296.49,0,21110.13,22085.01,56.4,2137.43,12619.85,0,0,0,0
2006-09-25 05:00:00,0,1723.34,0,278.17,9484.91,5159.89,5554.39,0,0,1821.6,12270.34,209.23,0,10737.81,1289.64,3102.62,59870.22,0,13818.35,0,0,72450.14,0,0,0,2595.5,2330.36,0,21107.6,22828.82,58.08,2212.1,13037.44,0,0,0,0
2006-09-25 06:00:00,0,1815.77,0,288.02,9849.77,5345.34,5640.71,0,0,1878.12,12666.68,214.37,0,11410.04,1341.26,3224.88,61756.64,0,14370.53,0,0,73991.91,0,0,0,2640.67,2364.77,0,21145.14,23781.5,59.65,2282.07,13468.65,0,0,0,0
2006-09-25 07:00:00,0,1906.83,0,313.0,10579.28,5735.96,5908.5,0,0,2051.19,13619.3,225.9,0,12341.31,1456.43,3470.97,64158.86,0,16010.78,0,0,80117.1,0,0,0,2710.03,2429.55,0,21928.8,24700.57,61.18,2444.35,14397.12,0,0,0,0
2006-09-25 08:00:00,0,1984.53,0,328.58,10956.47,6349.75,6097.47,0,0,2247.98,15047.04,250.79,0,12822.82,1569.53,3573.52,68236.46,0,16603.05,0,0,82380.55,0,0,0,2814.08,2526.88,0,22598.78,25935.83,62.7,2649.47,15075.48,0,0,0,0
2006-09-25 09:00:00,0,1869.55,0,348.83,11251.14,6950.02,6290.63,0,0,2423.75,16280.01,262.3,0,13190.63,1668.53,3638.3,69522.52,0,17003.75,0,0,84812.94,0,0,0,2910.91,2607.25,0,23318.41,26007.41,63.44,2878.2,15543.17,0,0,0,0
2006-09-25 10:00:00,0,1824.45,0,376.19,11329.38,7638.31,6448.64,0,0,2601.64,17753.82,283.8,0,13488.58,1845.71,3710.09,71864.77,0,17425.26,0,0,86881.27,0,0,0,3005.6,2673.55,0,24145.04,26694.39,64.89,3112.44,15915.15,0,0,0,0
2006-09-25 11:00:00,0,1835.38,0,406.33,11433.27,8412.86,6538.67,0,0,2812.1,19231.83,301.79,0,13658.94,2007.01,3805.39,72674.82,0,17656.39,0,0,88051.81,0,0,0,3100.69,2751.07,0,25311.23,27412.73,66.59,3360.74,16164.71,0,0,0,0
2006-09-25 12:00:00,0,1864.78,0,433.21,11541.56,9079.44,6666.53,0,0,2976.17,20385.97,316.16,0,13688.76,2108.95,3867.14,73315.04,0,17801.04,0,0,89502.42,0,0,0,3163.46,2801.35,0,26318.87,28243.0,68.35,3520.17,16381.96,0,0,0,0
2006-09-25 13:00:00,0,1894.9,0,453.61,11794.95,9541.57,6783.51,0,0,3110.73,21237.49,324.38,0,13660.7,2167.84,3912.16,73758.93,0,17955.22,0,0,90962.4,0,0,0,3220.11,2840.15,0,27201.28,28981.91,70.48,3669.83,16605.44,0,0,0,0
2006-09-25 14:00:00,0,1931.1,0,468.93,12202.54,9880.41,7058.15,0,0,3202.65,21793.86,331.7,0,13644.39,2193.9,3925.81,73934.05,0,18076.71,0,0,92154.64,0,0,0,3246.9,2903.88,0,27897.41,29521.58,71.41,3772.78,16810.96,0,0,0,0
2006-09-25 15:00:00,0,1951.46,0,474.8,12515.6,10069.2,7290.59,0,0,3257.3,22140.82,353.67,0,13721.66,2236.05,3908.7,74079.3,0,18236.54,0,0,93136.33,0,0,0,3277.22,2969.89,0,28285.82,29871.12,71.57,3838.25,17233.44,0,0,0,0
2006-09-25 16:00:00,0,1971.88,0,468.58,12672.67,9989.28,7441.69,0,0,3251.63,21881.89,363.5,0,13975.97,2288.48,3935.71,74576.35,0,18401.0,0,0,94010.52,0,0,0,3272.73,3008.51,0,28585.16,30105.28,71.89,3841.64,17356.09,0,0,0,0
2006-09-25 17:00:00,0,1976.24,0,452.25,12876.62,9575.98,7481.53,0,0,3117.45,21098.71,358.84,0,14124.94,2270.84,3956.56,74758.92,0,18481.12,0,0,95004.35,0,0,0,3223.47,3009.82,0,28718.01,30022.14,72.18,3747.72,17518.93,0,0,0,0
2006-09-25 18:00:00,0,2021.89,0,418.55,12492.44,8985.25,7195.29,0,0,2896.24,19821.25,349.78,0,14039.92,2139.11,3906.65,75396.08,0,17902.74,0,0,92440.04,0,0,0,3113.75,2941.16,0,28225.27,29617.27,71.12,3592.2,17330.26,0,0,0,0
2006-09-25 19:00:00,0,2128.25,0,420.59,12815.9,8839.58,7713.86,0,0,2912.52,19638.41,353.07,0,14720.54,2077.79,4062.45,75121.2,0,19149.62,0,0,97097.7,0,0,0,3104.49,2886.44,0,28388.97,30390.53,76.69,3505.96,17667.66,0,0,0,0
2006-09-25 20:00:00,0,2060.6,0,398.5,12217.84,8424.89,7063.16,0,0,2718.09,18341.48,333.16,0,13611.89,1891.5,3827.19,73317.25,0,18243.53,0,0,90821.34,0,0,0,2978.67,2755.88,0,27266.51,29563.44,72.25,3295.92,17322.81,0,0,0,0
2006-09-25 21:00:00,0,2043.89,0,372.66,11569.36,7794.19,6459.92,0,0,2518.71,17187.71,308.98,0,12610.99,1768.73,3628.41,71653.03,0,17333.27,0,0,85476.82,0,0,0,2800.06,2598.51,0,26106.97,29008.79,68.06,3074.05,17002.8,0,0,0,0
2006-09-25 22:00:00,0,1949.86,0,334.52,10605.17,7109.18,5912.51,0,0,2328.46,15951.9,281.34,0,11790.62,1653.94,3466.31,68875.69,0,16171.89,0,0,80768.99,0,0,0,2601.52,2414.18,0,24089.39,27924.81,64.63,2864.74,15776.99,0,0,0,0
2006-09-25 23:00:00,0,1793.39,0,300.49,9720.31,6439.05,5434.46,0,0,2158.44,14783.74,255.56,0,11015.85,1531.25,3304.26,65749.38,0,15149.32,0,0,76349.58,0,0,0,2421.12,2264.43,0,22390.64,26212.67,61.98,2662.3,14772.59,0,0,0,0
2006-09-26 00:00:00,0,1654.07,0,271.6,8963.11,5803.86,5051.58,0,0,1996.31,13683.94,230.53,0,10305.08,1406.39,3156.13,62902.14,0,14186.44,0,0,72313.78,0,0,0,2264.8,2115.88,0,20915.65,24689.74,59.61,2462.18,13853.9,0,0,0,0
2006-09-26 01:00:00,0,1536.92,0,245.57,8495.43,5296.9,4707.58,0,0,1853.84,12644.13,208.51,0,9948.98,1291.24,3018.26,60209.37,0,13293.06,0,0,69264.0,0,0,0,2148.62,1989.58,0,19673.64,23370.61,57.55,2277.34,13045.43,0,0,0,0
2006-09-26 02:00:00,0,1470.76,0,225.34,8263.07,4998.59,4499.77,0,0,1742.01,11863.3,190.81,0,9917.74,1223.44,2914.27,57989.43,0,12806.57,0,0,67044.0,0,0,0,2095.04,1945.37,0,18776.12,22177.27,56.34,2172.55,12537.39,0,0,0,0
2006-09-26 03:00:00,0,1456.18,0,218.64,8210.63,4846.19,4496.07,0,0,1705.29,11463.8,180.94,0,10003.86,1182.4,2866.96,56951.56,0,12599.15,0,0,66575.46,0,0,0,2076.72,1965.61,0,18427.57,21836.99,56.06,2129.3,12421.42,0,0,0,0
2006-09-26 04:00:00,0,1488.54,0,223.06,8480.71,4931.96,4673.19,0,0,1746.64,11528.54,182.31,0,10199.59,1193.02,2969.95,57823.88,0,12742.17,0,0,67559.65,0,0,0,2118.06,2011.27,0,18685.98,21910.4,57.07,2168.09,12623.95,0,0,0,0
2006-09-26 05:00:00,0,1576.55,0,230.76,8962.25,5105.91,4894.36,0,0,1801.58,11850.99,182.83,0,10523.16,1210.26,3105.01,59609.71,0,13174.88,0,0,69127.59,0,0,0,2176.4,2051.9,0,19173.58,22537.51,58.64,2232.42,13046.36,0,0,0,0
2006-09-26 06:00:00,0,1668.75,0,238.51,9477.75,5280.76,5124.15,0,0,1854.03,12212.89,185.65,0,11022.66,1233.81,3234.8,61489.1,0,13668.49,0,0,70913.32,0,0,0,2242.67,2092.32,0,19744.85,23434.43,60.22,2304.04,13485.45,0,0,0,0
2006-09-26 07:00:00,0,1765.78,0,258.89,10360.26,5605.24,5493.08,0,0,2004.88,13002.86,192.83,0,12068.14,1311.69,3436.18,63476.8,0,15369.78,0,0,77477.53,0,0,0,2384.54,2150.5,0,20994.36,24307.81,61.75,2466.37,14210.12,0,0,0,0
2006-09-26 08:00:00,0,1884.27,0,283.49,10495.13,6116.37,5602.09,0,0,2179.7,14315.55,205.51,0,12695.95,1367.51,3581.86,68234.2,0,16183.35,0,0,81376.61,0,0,0,2469.84,2235.6,0,21625.29,25664.9,63.27,2704.08,15263.04,0,0,0,0
2006-09-26 09:00:00,0,1824.83,0,302.4,10655.93,6734.82,5721.62,0,0,2373.12,15765.79,217.12,0,13175.67,1437.92,3642.06,70033.46,0,16877.72,0,0,84992.8,0,0,0,2585.91,2337.95,0,22476.02,26387.83,63.75,2961.89,15595.41,0,0,0,0
2006-09-26 10:00:00,0,1794.93,0,318.72,10845.47,7429.28,5892.34,0,0,2562.65,17259.39,230.77,0,13438.05,1540.34,3752.03,71805.69,0,17429.97,0,0,87363.06,0,0,0,2678.41,2443.66,0,23225.2,27353.72,65.08,3186.54,15841.49,0,0,0,0
2006-09-26 11:00:00,0,1877.22,0,335.04,11107.83,8174.77,6107.41,0,0,2776.86,18760.76,248.16,0,13588.97,1683.7,3880.22,72851.05,0,17612.68,0,0,88513.88,0,0,0,2799.68,2556.1,0,24263.9,28754.48,67.34,3381.21,16136.66,0,0,0,0
2006-09-26 12:00:00,0,1997.55,0,354.3,11224.79,8737.72,6448.79,0,0,2948.54,19944.69,272.07,0,13651.21,1807.71,3982.77,73857.2,0,17734.1,0,0,90409.03,0,0,0,2928.79,2688.67,0,25420.77,30366.96,70.08,3525.36,16403.85,0,0,0,0
2006-09-26 13:00:00,0,2109.75,0,371.72,11460.11,9043.93,6787.2,0,0,3058.04,20783.44,293.46,0,13624.95,1917.06,4010.29,74638.2,0,17881.78,0,0,92301.94,0,0,0,3034.62,2815.64,0,26150.64,31575.45,72.22,3610.7,16737.56,0,0,0,0
2006-09-26 14:00:00,0,2184.97,0,383.47,11768.19,9218.09,7046.52,0,0,3096.38,21226.21,312.77,0,13586.3,1999.58,4075.98,75208.87,0,17973.68,0,0,93608.21,0,0,0,3120.16,2919.59,0,26537.7,32376.88,73.75,3685.91,17058.85,0,0,0,0
2006-09-26 15:00:00,0,2217.11,0,391.63,12059.16,9267.76,7207.95,0,0,3091.99,21237.77,324.25,0,13548.69,2058.95,4100.62,75786.56,0,18164.88,0,0,94781.0,0,0,0,3186.62,2981.68,0,27016.77,32797.86,74.59,3727.24,17405.28,0,0,0,0
2006-09-26 16:00:00,0,2233.61,0,396.04,12271.47,9313.5,7315.18,0,0,3056.12,21019.37,331.19,0,13741.44,2084.7,4121.02,76567.85,0,18421.98,0,0,96359.06,0,0,0,3234.2,3033.91,0,27448.93,33028.78,75.13,3743.99,17652.94,0,0,0,0
2006-09-26 17:00:00,0,2271.84,0,393.17,12615.05,9169.45,7326.92,0,0,2946.83,20326.46,332.18,0,13920.56,2056.87,4124.89,77720.48,0,18475.34,0,0,97633.39,0,0,0,3231.96,3041.73,0,27740.74,32839.19,75.35,3657.33,17871.12,0,0,0,0
2006-09-26 18:00:00,0,2292.76,0,377.39,12011.26,8786.98,6965.8,0,0,2854.58,19678.24,323.13,0,13911.24,1963.89,4041.84,77926.5,0,17827.04,0,0,93238.61,0,0,0,3106.28,2938.77,0,26982.69,32329.0,74.79,3530.54,17634.56,0,0,0,0
2006-09-26 19:00:00,0,2372.94,0,393.97,12385.09,8688.73,7441.64,0,0,2896.47,19548.72,341.67,0,14601.4,2039.8,4168.85,76539.34,0,18882.83,0,0,97188.71,0,0,0,3142.29,2921.29,0,27225.84,33081.67,79.7,3456.88,18082.28,0,0,0,0
2006-09-26 20:00:00,0,2234.95,0,366.39,11965.35,8230.71,6825.93,0,0,2701.38,18451.59,321.54,0,13504.05,1875.15,3914.97,74068.13,0,17842.59,0,0,91114.49,0,0,0,3012.46,2787.66,0,26187.57,31776.78,74.84,3245.42,17640.82,0,0,0,0
2006-09-26 21:00:00,0,2146.35,0,337.7,11482.06,7611.02,6240.86,0,0,2524.0,17360.31,300.05,0,12496.67,1724.6,3700.53,72170.35,0,16905.14,0,0,85412.64,0,0,0,2821.84,2632.78,0,25084.66,30891.55,69.64,3023.21,17240.58,0,0,0,0
2006-09-26 22:00:00,0,2017.46,0,305.0,10587.3,6929.83,5720.97,0,0,2350.41,16218.12,270.32,0,11715.18,1584.97,3515.39,69486.74,0,15803.88,0,0,80522.61,0,0,0,2618.73,2459.83,0,23249.15,29548.41,65.35,2817.26,15967.03,0,0,0,0
2006-09-26 23:00:00,0,1834.39,0,275.72,9794.23,6268.98,5283.47,0,0,2191.65,15039.59,241.74,0,10938.31,1442.78,3340.62,66542.4,0,14843.04,0,0,76205.28,0,0,0,2435.97,2305.58,0,21610.66,27580.51,62.69,2622.71,14834.34,0,0,0,0
2006-09-27 00:00:00,0,1668.55,0,250.02,9070.84,5664.91,4930.79,0,0,2024.38,13885.92,215.8,0,10256.52,1312.88,3186.11,63831.16,0,13900.37,0,0,72330.19,0,0,0,2279.3,2154.71,0,20128.21,25907.68,60.17,2433.77,13879.02,0,0,0,0
2006-09-27 01:00:00,0,1518.34,0,227.12,8578.46,5158.71,4643.86,0,0,1868.31,12839.55,191.65,0,9949.43,1211.06,3043.15,61164.26,0,13115.57,0,0,69281.42,0,0,0,2155.26,2012.67,0,18882.19,24366.06,57.75,2266.17,13047.59,0,0,0,0
2006-09-27 02:00:00,0,1416.73,0,207.83,8266.64,4830.86,4468.08,0,0,1753.09,12084.34,170.22,0,9917.06,1138.88,2933.58,58874.78,0,12637.64,0,0,67187.04,0,0,0,2087.56,1949.22,0,18077.19,22983.96,56.0,2143.89,12443.79,0,0,0,0
2006-09-27 03:00:00,0,1363.44,0,198.56,8269.78,4659.33,4490.24,0,0,1705.28,11669.46,158.03,0,9992.39,1115.22,2877.48,57498.11,0,12389.83,0,0,66955.83,0,0,0,2056.78,1969.29,0,17816.0,22353.65,55.49,2090.74,12313.41,0,0,0,0
2006-09-27 04:00:00,0,1355.88,0,200.84,8507.16,4744.73,4694.65,0,0,1741.18,11757.7,160.61,0,10186.01,1152.13,2970.49,58051.57,0,12614.82,0,0,68352.77,0,0,0,2093.33,2008.67,0,18175.31,22097.03,56.22,2101.19,12475.02,0,0,0,0
2006-09-27 05:00:00,0,1424.58,0,206.94,8991.71,4897.98,4926.37,0,0,1791.93,12127.83,165.35,0,10511.63,1191.94,3087.09,59756.66,0,13133.14,0,0,70299.74,0,0,0,2158.33,2051.58,0,18786.55,22514.4,57.95,2151.64,12909.15,0,0,0,0
2006-09-27 06:00:00,0,1518.11,0,214.15,9494.96,5060.71,5167.11,0,0,1842.29,12484.96,170.21,0,11165.55,1228.18,3200.13,61512.58,0,13787.09,0,0,72279.81,0,0,0,2232.06,2094.57,0,19413.13,23292.68,59.6,2205.22,13347.96,0,0,0,0
2006-09-27 07:00:00,0,1627.17,0,244.57,10400.74,5340.36,5560.08,0,0,1966.16,13212.54,181.3,0,12030.75,1316.18,3446.71,63615.0,0,15394.76,0,0,79427.07,0,0,0,2374.52,2159.12,0,21042.28,24127.8,61.27,2358.81,14286.67,0,0,0,0
2006-09-27 08:00:00,0,1757.07,0,260.45,10795.47,5803.88,5723.95,0,0,2125.5,14329.18,199.77,0,12483.26,1397.19,3636.28,67827.98,0,16066.85,0,0,83184.98,0,0,0,2461.51,2233.11,0,21714.65,25578.83,62.76,2551.24,15273.99,0,0,0,0
2006-09-27 09:00:00,0,1756.43,0,278.57,10854.67,6234.89,5887.73,0,0,2288.59,15572.8,212.97,0,13080.12,1471.25,3744.45,70143.64,0,16901.84,0,0,86676.43,0,0,0,2586.04,2345.64,0,22558.77,26526.15,63.71,2657.16,15657.75,0,0,0,0
2006-09-27 10:00:00,0,1857.27,0,296.6,11106.94,6799.44,6035.87,0,0,2481.74,17071.93,223.22,0,13594.45,1554.92,3880.58,72477.69,0,17963.39,0,0,89979.31,0,0,0,2704.46,2445.56,0,23368.23,27763.5,65.51,2850.89,16289.13,0,0,0,0
2006-09-27 11:00:00,0,1956.29,0,306.68,11357.52,7465.5,6302.05,0,0,2696.81,18465.58,239.39,0,13881.83,1693.77,4090.8,73987.81,0,18637.07,0,0,92737.05,0,0,0,2853.93,2555.94,0,24447.11,28685.88,68.05,3048.23,16960.34,0,0,0,0
2006-09-27 12:00:00,0,2066.93,0,315.07,11640.15,7957.44,6660.13,0,0,2851.16,19471.54,254.83,0,13872.35,1817.33,4270.1,75296.6,0,18875.29,0,0,95427.16,0,0,0,2988.28,2695.06,0,25662.21,29709.66,70.81,3209.48,17538.05,0,0,0,0
2006-09-27 13:00:00,0,2151.68,0,328.28,11961.82,8323.1,6906.51,0,0,2952.85,20247.7,271.53,0,13850.66,1921.21,4428.91,76237.7,0,18943.95,0,0,97206.15,0,0,0,3087.61,2832.5,0,26461.97,30558.32,73.86,3331.36,18142.99,0,0,0,0
2006-09-27 14:00:00,0,2208.67,0,340.12,12256.47,8636.8,7151.76,0,0,3038.11,20729.74,285.55,0,13890.56,2004.4,4520.78,76866.07,0,18956.54,0,0,98581.18,0,0,0,3157.98,2941.81,0,27166.15,31059.58,75.36,3414.68,18796.38,0,0,0,0
2006-09-27 15:00:00,0,2223.81,0,348.98,12510.98,8807.24,7356.99,0,0,3068.61,20976.21,296.33,0,14010.59,2059.02,4506.87,77085.05,0,19160.73,0,0,98997.85,0,0,0,3218.59,3013.76,0,27705.5,31228.29,77.17,3448.38,19135.68,0,0,0,0
2006-09-27 16:00:00,0,2208.8,0,354.25,12693.48,8879.01,7489.43,0,0,3062.03,20953.11,300.46,0,14351.25,2080.19,4515.57,77235.96,0,19315.62,0,0,98714.92,0,0,0,3248.87,3048.98,0,28130.54,31181.36,77.47,3394.89,19340.42,0,0,0,0
2006-09-27 17:00:00,0,2179.47,0,354.69,12933.76,8797.56,7504.89,0,0,2997.12,20488.52,302.77,0,14343.41,2061.21,4522.56,77269.23,0,19183.62,0,0,98019.19,0,0,0,3234.67,3033.27,0,28557.24,30575.67,77.27,3288.0,19386.24,0,0,0,0
2006-09-27 18:00:00,0,2156.01,0,348.96,12363.62,8366.29,7068.89,0,0,2854.18,19456.94,294.54,0,14133.63,1963.49,4351.34,76696.6,0,18339.37,0,0,94515.23,0,0,0,3104.8,2950.02,0,27464.8,30033.61,76.05,3191.48,18662.54,0,0,0,0
2006-09-27 19:00:00,0,2220.91,0,369.87,12770.2,8316.93,7598.5,0,0,2888.05,19398.8,316.97,0,14915.37,2029.38,4443.3,75957.93,0,19391.09,0,0,97569.1,0,0,0,3147.09,2941.25,0,27957.52,30593.06,79.78,3216.32,19033.62,0,0,0,0
2006-09-27 20:00:00,0,2137.46,0,347.7,12164.87,7756.38,6945.05,0,0,2666.98,18144.42,292.33,0,13786.5,1859.79,4137.53,74450.68,0,18347.07,0,0,91745.47,0,0,0,3013.11,2801.36,0,26803.29,29859.7,75.87,2960.33,18311.44,0,0,0,0
2006-09-27 21:00:00,0,2099.54,0,323.97,11528.59,7176.47,6358.68,0,0,2465.53,16959.63,268.63,0,12809.74,1716.51,3896.61,72857.32,0,17403.5,0,0,86918.48,0,0,0,2837.27,2647.69,0,25811.67,29163.14,71.97,2737.81,17799.24,0,0,0,0
2006-09-27 22:00:00,0,1982.28,0,297.45,10586.77,6436.87,5833.69,0,0,2283.66,15708.16,240.03,0,11963.3,1570.74,3680.72,70099.23,0,16311.34,0,0,82307.21,0,0,0,2656.18,2494.45,0,23814.86,27911.33,67.19,2538.25,16663.13,0,0,0,0
2006-09-27 23:00:00,0,1819.38,0,274.24,9749.34,5771.53,5380.65,0,0,2097.17,14462.1,214.74,0,11149.86,1424.85,3492.36,67044.08,0,15246.13,0,0,78073.58,0,0,0,2477.98,2338.25,0,22167.17,26098.57,64.32,2358.33,15485.25,0,0,0,0
2006-09-28 00:00:00,0,1686.4,0,251.89,9004.87,5151.18,5018.72,0,0,1903.59,13303.35,191.29,0,10365.0,1294.55,3320.25,64152.5,0,14270.71,0,0,74287.71,0,0,0,2322.15,2189.32,0,20737.91,24658.1,61.38,2177.21,14525.31,0,0,0,0
2006-09-28 01:00:00,0,1547.05,0,230.64,8548.26,4573.78,4702.96,0,0,1738.59,12170.13,170.63,0,10040.37,1180.23,3144.33,61405.83,0,13434.34,0,0,71122.97,0,0,0,2200.33,2046.38,0,19503.32,23334.9,58.47,1996.92,13800.12,0,0,0,0
2006-09-28 02:00:00,0,1489.19,0,214.65,8276.94,4109.32,4511.19,0,0,1595.35,11293.4,151.93,0,10040.05,1092.44,3018.82,58801.68,0,12884.14,0,0,68954.02,0,0,0,2133.58,1973.84,0,18643.37,22102.94,57.87,1838.69,13151.56,0,0,0,0
2006-09-28 03:00:00,0,1476.86,0,208.63,8262.86,3915.56,4511.29,0,0,1524.99,10753.76,141.24,0,10138.55,1037.64,2957.06,57382.18,0,12675.82,0,0,68798.98,0,0,0,2107.71,1983.82,0,18269.65,21601.43,57.2,1772.09,12785.66,0,0,0,0
2006-09-28 04:00:00,0,1512.53,0,212.84,8513.04,3970.89,4692.94,0,0,1531.79,10780.31,142.93,0,10307.46,1047.11,3047.67,58254.12,0,12958.87,0,0,70199.48,0,0,0,2148.79,2019.12,0,18624.88,21665.4,56.97,1784.09,12838.05,0,0,0,0
2006-09-28 05:00:00,0,1574.03,0,221.31,8981.63,4100.65,4900.83,0,0,1548.49,11000.72,148.29,0,10615.55,1069.83,3161.4,60008.34,0,13483.27,0,0,72091.21,0,0,0,2215.68,2055.57,0,19089.1,22342.28,57.95,1829.01,13035.19,0,0,0,0
2006-09-28 06:00:00,0,1637.71,0,229.65,9495.3,4235.62,5104.51,0,0,1573.37,11199.12,153.18,0,11063.51,1094.49,3262.86,61846.16,0,13990.21,0,0,73979.27,0,0,0,2282.53,2095.97,0,19665.95,23265.55,59.81,1881.87,13434.63,0,0,0,0
2006-09-28 07:00:00,0,1725.73,0,252.38,10383.5,4569.34,5534.15,0,0,1699.37,11956.87,164.98,0,12101.77,1196.88,3410.9,63821.31,0,15664.9,0,0,80346.52,0,0,0,2400.69,2161.04,0,21000.79,24240.66,61.28,2022.86,14096.36,0,0,0,0
2006-09-28 08:00:00,0,1930.53,0,266.03,10631.81,5001.47,5744.93,0,0,1829.7,13133.07,180.26,0,12558.36,1276.85,3628.25,68296.14,0,16460.19,0,0,82954.81,0,0,0,2505.38,2251.04,0,21907.6,25923.11,62.83,2150.77,15295.56,0,0,0,0
2006-09-28 09:00:00,0,1988.57,0,287.41,10822.43,5237.65,6046.76,0,0,1929.74,14255.64,188.21,0,13136.62,1341.81,3735.45,70345.11,0,17378.72,0,0,85202.33,0,0,0,2654.94,2388.01,0,22983.93,26261.05,64.25,2243.3,15768.53,0,0,0,0
2006-09-28 10:00:00,0,2018.61,0,312.03,11152.0,5523.65,6336.74,0,0,2003.56,15287.94,195.42,0,13596.47,1422.95,3813.5,72091.53,0,18050.25,0,0,87325.58,0,0,0,2778.77,2512.7,0,24355.93,26683.88,66.43,2349.65,16276.23,0,0,0,0
2006-09-28 11:00:00,0,2010.34,0,338.61,11623.42,5908.45,6647.62,0,0,2115.92,16177.16,203.72,0,13948.3,1511.02,3853.24,73535.17,0,18444.71,0,0,88886.13,0,0,0,2945.03,2681.38,0,26233.9,27177.54,67.9,2535.37,16660.19,0,0,0,0
2006-09-28 12:00:00,0,2002.51,0,355.2,12228.85,6343.72,6988.56,0,0,2226.55,17011.45,215.23,0,14146.76,1589.2,3892.26,73913.24,0,18708.59,0,0,90077.32,0,0,0,3093.75,2851.23,0,27621.06,27344.96,69.26,2680.52,16941.32,0,0,0,0
2006-09-28 13:00:00,0,1978.42,0,365.35,12725.49,6706.44,7310.8,0,0,2323.31,17766.21,229.9,0,14247.17,1650.05,3909.16,73970.82,0,19062.6,0,0,91079.91,0,0,0,3193.17,2995.63,0,28341.31,27470.93,70.33,2800.1,17103.85,0,0,0,0
2006-09-28 14:00:00,0,1964.28,0,378.01,12896.77,6992.63,7517.07,0,0,2418.55,18400.61,243.51,0,14339.94,1706.97,3922.36,73878.45,0,19378.98,0,0,91684.67,0,0,0,3261.65,3100.7,0,28567.15,27493.46,70.51,2902.39,17074.26,0,0,0,0
2006-09-28 15:00:00,0,1970.54,0,387.54,12893.87,7272.76,7664.11,0,0,2529.46,18826.64,257.81,0,14531.75,1766.69,3870.04,73770.33,0,19481.8,0,0,92100.39,0,0,0,3315.02,3154.98,0,28727.33,27338.8,70.11,2944.59,17047.6,0,0,0,0
2006-09-28 16:00:00,0,1949.43,0,392.47,12867.31,7501.04,7708.44,0,0,2586.24,19060.29,269.92,0,14610.89,1843.05,3837.46,73457.33,0,19494.49,0,0,92422.92,0,0,0,3330.16,3168.77,0,28932.64,27243.82,69.57,2930.49,17030.12,0,0,0,0
2006-09-28 17:00:00,0,1921.48,0,393.57,12751.09,7639.56,7619.71,0,0,2623.39,18835.35,278.76,0,14550.7,1860.77,3788.41,72658.1,0,19327.6,0,0,92285.84,0,0,0,3303.38,3122.23,0,28818.83,27054.35,67.91,2949.06,16994.84,0,0,0,0
2006-09-28 18:00:00,0,1929.72,0,376.14,12262.0,7256.88,7208.91,0,0,2500.5,17855.86,273.35,0,14456.22,1724.15,3740.53,72355.71,0,18885.33,0,0,91128.29,0,0,0,3117.56,3006.46,0,27572.41,27057.82,66.91,2859.97,16564.55,0,0,0,0
2006-09-28 19:00:00,0,2004.43,0,388.36,12489.72,7537.4,7751.67,0,0,2594.94,18185.37,293.88,0,14957.75,1846.9,3871.68,72690.46,0,19738.26,0,0,93944.44,0,0,0,3224.32,3014.47,0,27547.24,27114.93,70.53,2996.7,16645.16,0,0,0,0
2006-09-28 20:00:00,0,2069.28,0,350.13,11994.2,7030.7,7158.32,0,0,2383.1,16950.77,267.64,0,13950.65,1674.79,3696.47,71558.16,0,18704.98,0,0,88734.01,0,0,0,3075.41,2873.77,0,26214.76,27386.67,67.97,2791.6,16650.38,0,0,0,0
2006-09-28 21:00:00,0,2131.25,0,322.59,11427.66,6502.69,6613.84,0,0,2180.97,15761.74,251.96,0,12987.76,1523.63,3547.31,70338.76,0,17982.25,0,0,84144.51,0,0,0,2910.49,2718.85,0,25128.82,27556.55,66.13,2605.18,16560.6,0,0,0,0
2006-09-28 22:00:00,0,2053.46,0,296.79,10575.25,5803.98,6055.96,0,0,1989.16,14533.33,230.55,0,12083.52,1374.72,3396.19,68147.37,0,16816.56,0,0,79731.41,0,0,0,2691.71,2553.26,0,23416.41,26782.44,64.26,2424.77,15537.69,0,0,0,0
2006-09-28 23:00:00,0,1955.53,0,272.72,9817.98,5184.86,5555.59,0,0,1813.66,13322.71,209.52,0,11312.08,1249.47,3258.21,65767.56,0,15716.04,0,0,75566.91,0,0,0,2471.71,2372.54,0,21817.28,25482.63,62.33,2244.11,14703.09,0,0,0,0
2006-09-29 00:00:00,0,1867.61,0,251.22,9166.05,4630.38,5134.3,0,0,1663.5,12141.66,191.83,0,10622.31,1155.86,3127.41,63359.68,0,14622.28,0,0,72155.84,0,0,0,2300.88,2199.02,0,20229.43,24332.36,60.44,2076.22,13942.83,0,0,0,0
2006-09-29 01:00:00,0,1784.12,0,234.48,8577.18,4148.95,4737.72,0,0,1524.19,11145.28,175.01,0,10292.79,1084.05,3029.27,61009.34,0,13568.91,0,0,69214.36,0,0,0,2158.29,2059.94,0,18840.06,23340.24,58.71,1913.47,13200.2,0,0,0,0
2006-09-29 02:00:00,0,1754.61,0,219.2,8269.84,3785.77,4493.77,0,0,1402.95,10376.12,159.26,0,10403.66,1022.42,2963.18,58995.79,0,13198.13,0,0,66988.41,0,0,0,2088.38,1984.93,0,17984.52,22510.78,57.72,1774.85,12853.37,0,0,0,0
2006-09-29 03:00:00,0,1773.49,0,208.89,8211.7,3655.62,4444.85,0,0,1333.48,9928.47,148.9,0,10605.17,989.25,2966.36,58347.09,0,13240.36,0,0,66723.54,0,0,0,2044.85,1975.01,0,17791.17,22314.93,58.04,1721.57,12963.96,0,0,0,0
2006-09-29 04:00:00,0,1837.1,0,210.01,8502.44,3766.0,4605.58,0,0,1351.07,9990.6,151.1,0,10922.37,1013.14,3102.76,59440.88,0,13659.52,0,0,68082.64,0,0,0,2024.23,1992.61,0,18364.02,22526.59,59.77,1747.06,13369.82,0,0,0,0
2006-09-29 05:00:00,0,1924.68,0,217.08,9120.65,3945.47,4811.56,0,0,1390.66,10186.3,156.3,0,11334.63,1049.74,3246.03,61362.71,0,14265.57,0,0,69837.23,0,0,0,2076.4,2008.92,0,19134.74,23187.28,61.58,1799.06,13868.41,0,0,0,0
2006-09-29 06:00:00,0,2001.64,0,226.57,9796.07,4129.68,5012.31,0,0,1432.73,10424.77,162.06,0,11798.06,1085.25,3386.08,63157.53,0,14669.4,0,0,71611.94,0,0,0,2168.21,2069.75,0,20098.55,24025.19,63.55,1849.7,14407.29,0,0,0,0
2006-09-29 07:00:00,0,2062.71,0,251.69,10771.5,4603.05,5339.91,0,0,1608.39,11309.48,175.02,0,12871.73,1197.86,3609.98,65316.84,0,15697.69,0,0,77926.69,0,0,0,2375.29,2134.95,0,21750.9,24849.64,65.48,2022.4,15282.51,0,0,0,0
2006-09-29 08:00:00,0,2172.54,0,266.62,10703.19,5119.08,5375.65,0,0,1776.24,12353.1,186.88,0,13532.16,1267.59,3738.15,69369.65,0,16265.37,0,0,79399.19,0,0,0,2419.9,2189.36,0,21996.2,26155.38,67.05,2188.75,15919.87,0,0,0,0
2006-09-29 09:00:00,0,2008.42,0,283.91,10726.55,5802.69,5473.99,0,0,1974.81,13437.49,193.0,0,13957.16,1320.13,3735.83,70703.14,0,16938.78,0,0,81376.58,0,0,0,2445.59,2243.95,0,22125.95,26206.65,66.51,2484.91,15997.21,0,0,0,0
2006-09-29 10:00:00,0,1941.45,0,294.19,10793.42,6239.28,5624.87,0,0,2119.71,14658.05,201.16,0,14161.66,1394.24,3795.84,71893.91,0,17273.86,0,0,82676.13,0,0,0,2469.4,2276.54,0,22875.89,26796.32,67.07,2749.63,16193.91,0,0,0,0
2006-09-29 11:00:00,0,1923.98,0,303.39,10735.07,6777.38,5776.58,0,0,2255.49,15850.21,214.05,0,14301.28,1478.36,3809.17,72221.03,0,17582.02,0,0,82596.61,0,0,0,2500.57,2277.25,0,23610.63,27522.1,68.6,2945.37,16281.26,0,0,0,0
2006-09-29 12:00:00,0,1930.1,0,318.77,10678.86,7299.63,5843.57,0,0,2403.95,16876.24,230.31,0,14280.27,1585.82,3794.39,72392.52,0,17560.05,0,0,82882.39,0,0,0,2537.46,2312.98,0,23989.91,28315.38,69.63,3127.45,16335.73,0,0,0,0
2006-09-29 13:00:00,0,1953.82,0,328.12,10601.12,7769.95,5870.94,0,0,2528.88,17766.33,252.01,0,14194.06,1689.22,3769.25,72622.49,0,17543.2,0,0,83156.36,0,0,0,2580.96,2345.15,0,24198.23,29082.74,70.3,3285.06,16344.43,0,0,0,0
2006-09-29 14:00:00,0,1980.28,0,336.49,10588.99,8154.06,5916.13,0,0,2642.37,18592.23,269.41,0,14086.59,1765.2,3734.86,72874.32,0,17245.92,0,0,82683.8,0,0,0,2611.15,2399.4,0,24302.88,29792.54,70.93,3397.48,16283.92,0,0,0,0
2006-09-29 15:00:00,0,1988.93,0,342.59,10606.37,8406.8,6054.52,0,0,2722.9,19183.89,279.66,0,14091.77,1811.6,3704.5,73140.23,0,17125.72,0,0,82790.7,0,0,0,2640.88,2455.37,0,24265.37,30122.18,71.87,3474.21,16181.73,0,0,0,0
2006-09-29 16:00:00,0,1985.01,0,347.0,10669.78,8529.72,6186.82,0,0,2762.37,19578.48,285.82,0,13999.43,1831.6,3681.11,73670.83,0,17231.57,0,0,83199.72,0,0,0,2651.35,2521.42,0,24300.23,30587.0,71.73,3472.69,16292.49,0,0,0,0
2006-09-29 17:00:00,0,1953.09,0,347.6,11091.9,8467.52,6368.05,0,0,2751.7,19384.93,289.1,0,13864.21,1812.96,3704.22,73532.27,0,17416.45,0,0,83911.8,0,0,0,2676.35,2571.66,0,24581.74,30621.92,71.38,3379.78,16535.65,0,0,0,0
2006-09-29 18:00:00,0,2002.77,0,339.61,11159.99,7933.03,6411.66,0,0,2619.08,18481.83,276.45,0,13944.6,1764.93,3721.43,74044.76,0,17437.06,0,0,84061.55,0,0,0,2660.19,2535.78,0,24116.32,30601.84,70.53,3261.22,16449.03,0,0,0,0
2006-09-29 19:00:00,0,2161.35,0,325.43,10621.05,7524.79,6182.13,0,0,2520.72,17940.84,274.1,0,13703.35,1705.4,3646.11,71752.5,0,17274.17,0,0,83472.98,0,0,0,2589.07,2622.5,0,23832.88,30091.41,66.55,3083.81,15488.73,0,0,0,0
2006-09-29 20:00:00,0,2112.73,0,302.85,10447.73,7057.95,5823.3,0,0,2303.77,16483.27,245.54,0,12836.05,1552.68,3497.56,70627.48,0,16623.48,0,0,79449.97,0,0,0,2523.18,2548.17,0,23615.08,29294.33,62.74,2843.11,15363.38,0,0,0,0
2006-09-29 21:00:00,0,2115.23,0,282.27,10181.55,6603.94,5518.76,0,0,2138.01,15231.39,229.28,0,12070.05,1448.46,3355.75,69473.12,0,15930.02,0,0,76120.09,0,0,0,2461.06,2467.94,0,23061.11,28516.47,59.45,2652.66,15376.96,0,0,0,0
2006-09-29 22:00:00,0,2074.04,0,260.63,9466.22,5967.48,5208.88,0,0,1982.89,14093.76,210.88,0,11351.73,1342.92,3267.2,67220.15,0,14991.38,0,0,73109.4,0,0,0,2339.29,2340.71,0,21855.79,27264.65,57.52,2471.52,14632.85,0,0,0,0
2006-09-29 23:00:00,0,1922.2,0,240.87,8941.66,5393.06,4972.91,0,0,1838.51,13008.46,188.18,0,10628.14,1250.25,3170.28,64462.84,0,13992.86,0,0,70044.7,0,0,0,2223.74,2224.84,0,20660.24,25746.45,55.44,2300.31,13857.73,0,0,0,0
2006-09-30 00:00:00,0,1793.87,0,223.51,8561.11,4824.47,4767.36,0,0,1706.9,12016.14,169.65,0,9928.24,1166.65,3050.97,61879.8,0,13094.22,0,0,66787.74,0,0,0,2124.98,2119.92,0,19587.59,24541.4,53.43,2132.33,13134.1,0,0,0,0
2006-09-30 01:00:00,0,1677.89,0,209.79,8198.81,4300.46,4556.53,0,0,1572.3,11116.02,153.57,0,9397.02,1086.52,2919.06,59605.36,0,12295.2,0,0,64656.29,0,0,0,2029.5,2032.99,0,18854.82,23505.24,51.8,1985.78,12518.23,0,0,0,0
2006-09-30 02:00:00,0,1607.84,0,198.92,7989.33,3897.01,4423.98,0,0,1456.66,10360.51,143.14,0,9343.79,1032.82,2831.61,57578.39,0,11832.59,0,0,62661.38,0,0,0,1975.56,1987.13,0,18290.61,22671.6,50.26,1862.14,12228.18,0,0,0,0
2006-09-30 03:00:00,0,1556.82,0,189.58,7917.09,3620.72,4405.79,0,0,1379.48,9930.06,136.04,0,9312.55,979.22,2761.54,56088.14,0,11598.02,0,0,61096.38,0,0,0,1935.94,1991.82,0,17887.87,21947.42,49.15,1752.73,12051.92,0,0,0,0
2006-09-30 04:00:00,0,1544.24,0,183.87,7923.29,3500.21,4486.43,0,0,1327.05,9709.33,133.74,0,9301.92,960.38,2724.01,55467.68,0,11616.31,0,0,61461.65,0,0,0,1937.54,2026.62,0,17876.97,21623.16,48.42,1690.93,11812.89,0,0,0,0
2006-09-30 05:00:00,0,1571.59,0,185.84,8070.3,3520.15,4614.81,0,0,1325.43,9738.58,136.37,0,9360.58,955.71,2722.02,55519.03,0,11778.24,0,0,62288.84,0,0,0,1965.36,2076.64,0,18081.85,21640.97,48.48,1675.99,11882.09,0,0,0,0
2006-09-30 06:00:00,0,1626.99,0,189.77,8407.65,3608.8,4836.83,0,0,1346.05,9819.06,140.06,0,9579.54,978.17,2783.82,56279.37,0,11994.73,0,0,63367.69,0,0,0,2017.91,2124.75,0,18382.54,21941.09,48.94,1698.9,12220.4,0,0,0,0
2006-09-30 07:00:00,0,1694.82,0,197.68,8934.11,3896.14,5068.11,0,0,1437.96,10431.89,146.87,0,9758.83,1036.64,2854.07,57406.1,0,12522.35,0,0,65474.1,0,0,0,2125.11,2170.12,0,18929.77,22213.54,49.71,1800.15,12650.28,0,0,0,0
2006-09-30 08:00:00,0,1815.65,0,211.1,9062.98,4543.51,5165.99,0,0,1635.67,11849.05,160.55,0,10084.63,1152.91,2933.67,59420.48,0,12789.68,0,0,67271.13,0,0,0,2168.57,2243.12,0,19935.06,22642.08,50.42,1992.58,13334.91,0,0,0,0
2006-09-30 09:00:00,0,1803.0,0,230.31,8924.17,5269.05,5100.72,0,0,1822.43,13775.33,175.8,0,10518.92,1280.63,3020.84,61727.12,0,13282.3,0,0,69696.54,0,0,0,2220.94,2341.06,0,20092.32,23216.05,52.07,2230.69,13513.55,0,0,0,0
2006-09-30 10:00:00,0,1872.06,0,255.34,9219.54,5766.82,5169.52,0,0,1994.06,15375.35,188.55,0,10751.95,1371.45,3142.51,63920.58,0,13729.73,0,0,72527.09,0,0,0,2331.14,2434.58,0,20734.25,24652.98,54.32,2464.58,13712.85,0,0,0,0
2006-09-30 11:00:00,0,2034.34,0,270.97,9572.58,6242.51,5365.36,0,0,2168.53,16673.92,197.3,0,10898.03,1488.2,3260.99,65601.38,0,14171.81,0,0,75274.43,0,0,0,2452.82,2555.05,0,21823.19,26567.97,57.75,2677.48,14265.11,0,0,0,0
2006-09-30 12:00:00,0,2227.32,0,289.38,9838.42,6616.18,5678.03,0,0,2294.24,17677.57,209.44,0,10965.97,1584.62,3330.66,67585.91,0,14730.46,0,0,77285.9,0,0,0,2555.29,2694.13,0,22885.64,28805.74,61.49,2822.49,14832.73,0,0,0,0
2006-09-30 13:00:00,0,2398.96,0,302.84,10112.9,6951.72,5911.19,0,0,2392.59,18491.94,225.11,0,11122.72,1670.06,3392.15,69076.48,0,15362.51,0,0,78496.12,0,0,0,2658.96,2791.71,0,23803.33,30717.86,65.1,2941.99,15671.21,0,0,0,0
2006-09-30 14:00:00,0,2506.33,0,312.31,10251.29,7316.95,6110.43,0,0,2466.45,19026.03,244.04,0,11464.68,1730.11,3449.12,69906.12,0,16015.79,0,0,79197.61,0,0,0,2734.18,2865.06,0,24539.2,32018.09,66.97,3054.81,16637.29,0,0,0,0
2006-09-30 15:00:00,0,2548.85,0,321.53,10324.93,7622.8,6344.46,0,0,2528.44,19241.76,260.82,0,11701.31,1755.35,3554.39,70071.96,0,15990.94,0,0,79779.84,0,0,0,2794.75,2896.38,0,25390.12,33021.16,68.19,3118.28,17255.33,0,0,0,0
2006-09-30 16:00:00,0,2603.16,0,331.11,10367.6,7800.08,6533.05,0,0,2542.78,19284.9,272.22,0,11831.2,1775.83,3572.95,70244.22,0,16049.19,0,0,80559.8,0,0,0,2863.63,2932.5,0,26232.12,33663.0,69.2,3093.79,17872.11,0,0,0,0
2006-09-30 17:00:00,0,2618.88,0,334.88,10414.34,7746.55,6587.2,0,0,2518.77,18835.08,276.37,0,12184.22,1784.07,3587.44,70670.94,0,16107.84,0,0,81213.8,0,0,0,2894.5,2914.22,0,26845.31,33769.67,69.51,2988.27,18024.4,0,0,0,0
2006-09-30 18:00:00,0,2544.46,0,318.69,10043.5,7066.19,6205.66,0,0,2352.82,17626.16,266.44,0,12611.29,1676.85,3564.57,71313.78,0,16485.0,0,0,81366.04,0,0,0,2790.01,2805.33,0,25716.23,33152.88,69.23,2795.47,17298.94,0,0,0,0
2006-09-30 19:00:00,0,2416.41,0,331.14,11011.15,7118.89,6661.48,0,0,2434.34,17888.69,282.25,0,13737.7,1678.43,3924.37,74423.22,0,18112.69,0,0,88206.14,0,0,0,2786.99,2737.98,0,26001.08,32686.69,75.61,2810.17,17820.36,0,0,0,0
2006-09-30 20:00:00,0,2263.72,0,311.47,10800.84,6620.65,6129.55,0,0,2233.91,16492.29,258.99,0,12817.51,1543.93,3730.17,72449.98,0,17570.73,0,0,83611.52,0,0,0,2681.43,2640.48,0,25308.93,31332.02,70.52,2585.36,17415.75,0,0,0,0
2006-09-30 21:00:00,0,2202.74,0,288.05,10428.84,6138.4,5683.1,0,0,2055.09,15227.38,234.73,0,11964.29,1427.15,3539.33,70649.24,0,17045.77,0,0,79996.57,0,0,0,2570.69,2521.86,0,24490.86,30214.64,65.26,2378.76,16838.23,0,0,0,0
2006-09-30 22:00:00,0,2115.69,0,264.87,9692.97,5567.07,5304.44,0,0,1891.51,14098.92,210.06,0,11293.89,1317.87,3365.46,67715.9,0,16357.01,0,0,76655.17,0,0,0,2392.01,2383.49,0,23133.15,28647.11,60.53,2213.85,15955.95,0,0,0,0
2006-09-30 23:00:00,0,1931.74,0,248.26,9052.35,5015.54,5023.19,0,0,1756.6,13034.95,189.16,0,10653.64,1220.43,3200.84,64617.26,0,15398.58,0,0,73607.75,0,0,0,2260.16,2243.55,0,21927.74,26995.51,56.74,2068.49,14819.35,0,0,0,0
2006-10-01 00:00:00,0,1755.89,0,232.1,8572.83,4516.56,4742.25,0,0,1637.5,11930.62,174.44,0,10116.38,1124.46,3009.55,61561.8,0,14512.95,0,0,70265.64,0,0,0,2148.66,2123.75,0,20686.37,25610.47,54.18,1937.45,13691.17,0,0,0,0
2006-10-01 01:00:00,0,1614.16,0,218.89,8167.86,4036.4,4485.45,0,0,1511.58,10930.49,160.24,0,9712.38,1036.36,2850.3,58816.82,0,13817.76,0,0,67419.53,0,0,0,2039.65,2009.2,0,19745.4,24431.85,51.99,1806.24,12838.52,0,0,0,0
2006-10-01 02:00:00,0,1510.88,0,206.55,7821.1,3664.97,4265.67,0,0,1392.98,10188.98,148.83,0,9635.87,978.28,2752.07,56767.39,0,13291.07,0,0,65419.49,0,0,0,1987.54,1933.29,0,19054.13,23293.17,50.12,1690.57,12204.21,0,0,0,0
2006-10-01 03:00:00,0,1441.74,0,195.37,7630.18,3452.11,4164.96,0,0,1325.47,9818.15,139.37,0,9650.97,930.44,2692.83,55507.45,0,12947.25,0,0,63996.72,0,0,0,1945.08,1916.61,0,18495.0,22360.23,48.94,1621.73,11989.34,0,0,0,0
2006-10-01 04:00:00,0,1426.94,0,187.09,7573.85,3387.0,4220.06,0,0,1301.53,9626.0,135.95,0,9712.37,924.57,2679.03,54802.67,0,12845.28,0,0,64146.99,0,0,0,1936.54,1934.1,0,18340.94,21860.39,48.51,1585.45,11745.96,0,0,0,0
2006-10-01 05:00:00,0,1451.0,0,189.58,7658.97,3449.33,4336.69,0,0,1313.45,9722.91,137.04,0,9843.12,941.56,2700.01,54819.9,0,12871.16,0,0,64787.69,0,0,0,1959.13,1950.85,0,18455.58,21705.64,48.61,1574.9,11657.82,0,0,0,0
2006-10-01 06:00:00,0,1505.86,0,192.63,7965.55,3561.58,4509.85,0,0,1342.35,9869.69,140.58,0,10072.93,980.76,2766.93,55493.08,0,13090.26,0,0,65740.73,0,0,0,1979.27,1981.86,0,18664.19,21952.45,49.02,1602.5,11846.03,0,0,0,0
2006-10-01 07:00:00,0,1580.23,0,201.0,8506.35,3915.66,4709.01,0,0,1436.73,10633.59,148.4,0,10475.25,1034.55,2817.45,56703.11,0,13666.65,0,0,67489.17,0,0,0,2055.5,2062.59,0,19347.4,22248.52,49.69,1717.49,12377.92,0,0,0,0
2006-10-01 08:00:00,0,1713.31,0,209.73,8707.98,4472.54,4979.85,0,0,1632.72,11993.53,161.52,0,10866.1,1135.78,2906.28,58942.45,0,14078.31,0,0,69547.8,0,0,0,2154.68,2163.03,0,19850.61,22873.91,50.42,1899.74,12790.49,0,0,0,0
2006-10-01 09:00:00,0,1757.39,0,239.26,9035.53,5324.42,5221.58,0,0,1873.65,14121.15,179.36,0,11275.25,1252.03,2995.71,61726.43,0,14628.12,0,0,72473.55,0,0,0,2287.14,2351.88,0,21409.64,24230.67,52.15,2184.79,13369.28,0,0,0,0
2006-10-01 10:00:00,0,1967.18,0,273.54,9505.29,6067.02,5431.13,0,0,2092.92,16017.01,189.43,0,11601.7,1351.98,3077.81,64130.32,0,15024.23,0,0,74867.26,0,0,0,2421.62,2499.39,0,23106.06,26432.56,55.15,2489.47,13945.94,0,0,0,0
2006-10-01 11:00:00,0,2221.25,0,299.59,10155.8,6770.57,5797.09,0,0,2303.91,17458.03,207.65,0,11839.38,1519.43,3162.92,66182.51,0,15283.17,0,0,77177.98,0,0,0,2567.16,2641.83,0,24838.05,28857.79,59.07,2738.68,14542.37,0,0,0,0
2006-10-01 12:00:00,0,2490.44,0,319.72,10736.44,7210.09,6226.76,0,0,2463.41,18537.47,229.62,0,12096.32,1649.69,3276.83,68806.06,0,15444.07,0,0,78969.21,0,0,0,2715.74,2802.12,0,26944.51,31299.38,63.21,2900.6,15794.81,0,0,0,0
2006-10-01 13:00:00,0,2715.94,0,336.29,11130.94,7585.44,6525.3,0,0,2576.21,19322.46,246.79,0,12291.91,1734.73,3383.06,70806.29,0,15671.57,0,0,80549.81,0,0,0,2853.38,2936.78,0,28919.52,33523.73,67.08,3026.44,16955.35,0,0,0,0
2006-10-01 14:00:00,0,2852.83,0,349.49,11386.28,7943.67,6798.37,0,0,2665.27,19851.68,261.78,0,12449.47,1793.81,3474.76,72169.84,0,15776.46,0,0,82204.86,0,0,0,2956.0,3039.22,0,30387.66,35274.24,70.4,3145.83,17793.32,0,0,0,0
2006-10-01 15:00:00,0,2929.87,0,360.18,11442.43,8212.25,7009.95,0,0,2697.52,20013.3,276.65,0,12532.23,1822.22,3538.66,72841.71,0,15738.41,0,0,83122.56,0,0,0,3038.24,3113.61,0,31265.61,36359.44,72.29,3197.12,18439.65,0,0,0,0
2006-10-01 16:00:00,0,2958.37,0,368.67,11463.35,8336.33,7190.08,0,0,2693.9,20025.02,286.98,0,12655.23,1832.47,3621.89,73788.68,0,15870.92,0,0,83986.85,0,0,0,3104.14,3160.01,0,31711.05,36957.11,72.8,3213.16,18672.98,0,0,0,0
2006-10-01 17:00:00,0,2929.19,0,373.02,11406.78,8235.93,7172.81,0,0,2613.57,19429.5,291.27,0,12787.16,1801.41,3691.1,74459.88,0,15959.8,0,0,85187.3,0,0,0,3113.58,3110.54,0,31552.79,36966.31,71.02,3149.94,18414.74,0,0,0,0
2006-10-01 18:00:00,0,2830.91,0,355.97,10418.74,7574.54,6567.7,0,0,2448.79,18325.58,283.34,0,12980.23,1714.47,3623.34,74213.99,0,15718.04,0,0,81642.6,0,0,0,3003.04,2952.56,0,29430.7,36199.24,68.36,2955.13,17277.98,0,0,0,0
2006-10-01 19:00:00,0,2769.29,0,401.65,12317.35,8011.05,7502.55,0,0,2690.16,18742.52,324.42,0,14225.69,1842.08,4246.25,81122.51,0,18392.37,0,0,95825.37,0,0,0,3282.42,2979.36,0,30685.64,38249.64,83.86,3176.66,19187.72,0,0,0,0
2006-10-01 20:00:00,0,2553.2,0,384.97,11822.51,7428.86,6823.85,0,0,2480.36,17452.89,299.77,0,13271.26,1681.89,3997.81,78273.41,0,17543.79,0,0,89938.98,0,0,0,3142.71,2830.55,0,29058.02,36086.03,78.17,2931.44,18641.0,0,0,0,0
2006-10-01 21:00:00,0,2444.07,0,358.88,11123.56,6892.02,6224.15,0,0,2295.09,16305.6,274.57,0,12347.97,1543.4,3768.05,75733.39,0,16856.48,0,0,84857.44,0,0,0,2926.64,2681.89,0,27606.76,34881.59,73.63,2721.76,18111.97,0,0,0,0
2006-10-01 22:00:00,0,2322.17,0,326.61,10237.03,6216.93,5696.04,0,0,2114.97,15095.05,241.94,0,11477.22,1413.06,3567.95,72606.35,0,15846.88,0,0,80416.02,0,0,0,2678.07,2484.64,0,25227.73,33651.86,70.03,2534.75,16671.82,0,0,0,0
2006-10-01 23:00:00,0,2129.7,0,298.33,9449.03,5628.1,5238.82,0,0,1945.58,13870.71,218.47,0,10856.99,1304.55,3391.63,69171.53,0,14921.12,0,0,76502.54,0,0,0,2465.7,2319.28,0,23225.84,31483.29,66.55,2345.99,15311.6,0,0,0,0
2006-10-02 00:00:00,0,1955.11,0,271.68,8811.49,5042.87,4832.6,0,0,1789.41,12707.21,195.45,0,10229.46,1216.55,3238.68,65892.26,0,14012.46,0,0,73028.57,0,0,0,2293.93,2158.46,0,21556.53,29425.92,63.7,2164.67,14164.0,0,0,0,0
2006-10-02 01:00:00,0,1795.25,0,249.92,8372.91,4506.61,4528.03,0,0,1638.08,11664.1,175.55,0,9767.99,1135.49,3090.66,63065.25,0,13126.99,0,0,69857.28,0,0,0,2163.46,2021.71,0,20062.46,27469.81,61.21,1981.74,13243.8,0,0,0,0
2006-10-02 02:00:00,0,1656.08,0,233.36,8135.45,4094.69,4330.42,0,0,1495.51,10850.36,159.21,0,9738.83,1071.29,2965.83,60651.25,0,12529.68,0,0,67438.16,0,0,0,2077.71,1966.87,0,19102.99,25957.02,59.51,1847.44,12565.18,0,0,0,0
2006-10-02 03:00:00,0,1587.92,0,227.05,8113.21,3928.42,4307.22,0,0,1427.07,10362.16,150.87,0,9960.32,1051.35,2904.46,59215.59,0,12291.19,0,0,66885.88,0,0,0,2038.55,1975.51,0,18740.84,25049.52,58.11,1792.27,12383.66,0,0,0,0
2006-10-02 04:00:00,0,1560.18,0,227.92,8403.65,4001.23,4526.81,0,0,1441.04,10420.26,154.56,0,10333.85,1084.44,2974.42,59842.1,0,12533.95,0,0,67841.17,0,0,0,2059.57,2011.45,0,19057.61,24577.72,58.18,1813.52,12452.98,0,0,0,0
2006-10-02 05:00:00,0,1576.21,0,234.83,8933.85,4153.77,4773.91,0,0,1467.52,10701.59,158.57,0,10700.63,1121.56,3088.09,61456.73,0,13052.54,0,0,69554.08,0,0,0,2124.13,2047.92,0,19580.57,24665.99,58.61,1861.14,12871.74,0,0,0,0
2006-10-02 06:00:00,0,1629.73,0,242.35,9460.58,4320.37,5031.3,0,0,1501.4,10992.34,163.68,0,11071.81,1159.85,3215.29,63197.56,0,13602.58,0,0,71509.13,0,0,0,2191.84,2092.45,0,20114.8,25285.33,59.98,1903.61,13301.87,0,0,0,0
2006-10-02 07:00:00,0,1693.77,0,261.47,10372.24,4712.36,5477.66,0,0,1647.1,11911.87,174.72,0,12203.14,1253.75,3395.89,64996.53,0,15279.63,0,0,78038.31,0,0,0,2356.2,2144.63,0,21168.82,25913.91,61.43,2038.24,13917.6,0,0,0,0
2006-10-02 08:00:00,0,1862.59,0,287.55,10725.98,5241.57,5581.04,0,0,1864.69,13473.69,191.99,0,12472.99,1354.73,3584.38,69893.21,0,15796.77,0,0,80930.8,0,0,0,2424.33,2202.52,0,22055.43,27413.62,63.87,2215.8,15192.29,0,0,0,0
2006-10-02 09:00:00,0,1992.6,0,331.84,10755.56,5838.58,5694.19,0,0,2063.05,15098.12,210.2,0,12875.17,1488.05,3685.1,73300.55,0,16302.5,0,0,84736.54,0,0,0,2537.71,2319.37,0,23164.3,28780.72,67.5,2391.0,15773.56,0,0,0,0
2006-10-02 10:00:00,0,2179.36,0,361.02,10914.49,6358.12,5861.67,0,0,2269.74,16554.46,218.78,0,13230.95,1575.11,3838.72,76207.82,0,16791.08,0,0,87776.6,0,0,0,2648.01,2426.83,0,24582.38,30532.79,71.05,2520.69,16383.18,0,0,0,0
2006-10-02 11:00:00,0,2421.73,0,381.16,11105.87,6983.02,6103.52,0,0,2460.14,17859.28,234.71,0,13518.29,1702.18,4037.57,79704.33,0,17268.14,0,0,90219.5,0,0,0,2777.52,2517.84,0,26466.23,32563.54,75.02,2739.51,17159.64,0,0,0,0
2006-10-02 12:00:00,0,2685.61,0,401.12,11239.34,7600.59,6390.75,0,0,2625.67,18782.77,253.41,0,13664.33,1793.46,4251.74,83172.13,0,17567.56,0,0,92311.22,0,0,0,2894.71,2635.96,0,28365.61,34841.79,79.53,2988.13,18115.69,0,0,0,0
2006-10-02 13:00:00,0,2887.33,0,419.21,11435.15,8123.73,6680.11,0,0,2748.43,19479.85,272.93,0,13767.13,1855.51,4444.32,86115.51,0,17719.13,0,0,94423.6,0,0,0,2980.06,2737.8,0,29897.16,36827.38,83.17,3221.63,19365.07,0,0,0,0
2006-10-02 14:00:00,0,2996.68,0,434.35,11764.43,8578.03,6932.36,0,0,2830.17,20002.92,290.86,0,13737.6,1886.77,4580.64,87856.85,0,17883.08,0,0,96275.28,0,0,0,3042.62,2822.54,0,31146.12,38198.71,86.25,3417.27,20301.19,0,0,0,0
2006-10-02 15:00:00,0,3050.55,0,444.68,12153.29,8896.5,7155.06,0,0,2872.99,20360.17,306.21,0,13736.1,1916.52,4667.3,89022.9,0,18042.68,0,0,99002.38,0,0,0,3081.09,2874.9,0,32111.98,38955.69,88.56,3570.08,21123.65,0,0,0,0
2006-10-02 16:00:00,0,3086.14,0,447.59,12367.59,9005.01,7264.27,0,0,2839.25,20363.7,313.25,0,13963.36,1907.24,4683.98,89257.06,0,18202.63,0,0,100382.12,0,0,0,3079.73,2867.49,0,32699.52,39204.94,89.11,3627.24,21691.67,0,0,0,0
2006-10-02 17:00:00,0,3084.88,0,447.61,12737.59,8909.73,7314.35,0,0,2780.71,19984.37,312.46,0,14025.01,1904.66,4646.23,88284.25,0,18241.49,0,0,101223.85,0,0,0,3017.16,2851.22,0,32847.11,38903.55,87.16,3610.39,21580.13,0,0,0,0
2006-10-02 18:00:00,0,3017.02,0,422.47,11761.77,8413.07,6816.16,0,0,2688.37,19304.9,296.67,0,14133.78,1828.11,4376.86,86837.02,0,17746.57,0,0,95816.26,0,0,0,2826.29,2738.69,0,31155.51,37862.37,84.92,3440.14,19998.56,0,0,0,0
2006-10-02 19:00:00,0,3099.62,0,421.54,12241.63,8380.73,7390.5,0,0,2746.41,19013.0,313.13,0,14648.48,1890.93,4494.59,87154.76,0,18849.19,0,0,99996.79,0,0,0,2947.21,2780.89,0,31033.16,38077.75,86.92,3349.45,20207.49,0,0,0,0
2006-10-02 20:00:00,0,2873.68,0,394.87,11839.84,7848.85,6759.2,0,0,2556.48,17805.72,290.93,0,13618.51,1746.29,4188.71,83931.74,0,17873.28,0,0,93761.06,0,0,0,2826.38,2645.23,0,29613.86,35784.22,81.32,3110.57,19349.28,0,0,0,0
2006-10-02 21:00:00,0,2720.92,0,370.07,11282.79,7327.07,6190.3,0,0,2380.91,16685.98,270.82,0,12633.44,1616.18,3930.89,81256.87,0,16923.0,0,0,88546.35,0,0,0,2652.69,2516.21,0,28206.22,34469.4,76.36,2878.11,18645.16,0,0,0,0
2006-10-02 22:00:00,0,2553.04,0,343.92,10328.33,6631.17,5685.68,0,0,2205.31,15569.48,245.7,0,11716.15,1495.11,3704.07,77794.42,0,15796.08,0,0,84132.7,0,0,0,2464.7,2379.31,0,26072.75,33001.37,72.34,2666.53,17225.97,0,0,0,0
2006-10-02 23:00:00,0,2344.52,0,313.67,9504.67,6006.56,5249.52,0,0,2037.19,14442.69,223.49,0,10989.17,1380.61,3514.03,74101.35,0,14793.31,0,0,80326.45,0,0,0,2308.06,2238.0,0,24183.96,30857.7,68.66,2466.61,15870.63,0,0,0,0
2006-10-03 00:00:00,0,2142.82,0,288.17,8852.75,5412.27,4859.48,0,0,1891.34,13368.38,203.18,0,10279.56,1279.32,3331.22,70417.17,0,13841.09,0,0,76804.33,0,0,0,2168.27,2095.7,0,22652.48,28975.37,65.85,2275.47,14646.91,0,0,0,0
2006-10-03 01:00:00,0,1939.65,0,263.82,8408.35,4891.59,4554.08,0,0,1752.0,12434.1,184.34,0,9897.43,1182.11,3173.01,66922.89,0,12976.55,0,0,73374.88,0,0,0,2057.79,1973.79,0,21222.05,27145.99,63.67,2099.25,13721.5,0,0,0,0
2006-10-03 02:00:00,0,1785.88,0,242.86,8179.86,4485.37,4351.79,0,0,1626.15,11680.73,169.67,0,9838.77,1116.17,3032.69,63916.31,0,12516.91,0,0,70593.95,0,0,0,1993.09,1911.45,0,20273.12,25638.09,61.81,1963.74,13089.62,0,0,0,0
2006-10-03 03:00:00,0,1703.41,0,232.06,8181.05,4290.85,4350.99,0,0,1559.12,11209.16,162.25,0,9964.24,1095.92,2953.76,62241.98,0,12379.44,0,0,70159.82,0,0,0,1973.14,1951.76,0,19788.67,24838.87,60.3,1907.88,12825.79,0,0,0,0
2006-10-03 04:00:00,0,1657.29,0,236.35,8470.56,4319.54,4567.17,0,0,1574.16,11225.6,165.32,0,10195.46,1123.98,3039.7,62579.64,0,12742.25,0,0,71432.66,0,0,0,2009.97,1997.45,0,19889.59,24397.38,59.73,1935.87,12872.49,0,0,0,0
2006-10-03 05:00:00,0,1669.55,0,242.83,8995.83,4465.06,4792.03,0,0,1617.6,11555.38,168.84,0,10571.0,1170.7,3152.13,64038.6,0,13322.48,0,0,73308.08,0,0,0,2084.18,2038.8,0,20244.22,24498.58,59.39,1990.45,13249.09,0,0,0,0
2006-10-03 06:00:00,0,1711.43,0,247.51,9519.88,4630.07,5022.52,0,0,1659.76,11900.46,172.98,0,11088.72,1219.2,3267.92,65362.91,0,13889.3,0,0,75391.0,0,0,0,2173.19,2081.62,0,20619.82,25053.85,60.23,2045.27,13625.59,0,0,0,0
2006-10-03 07:00:00,0,1763.38,0,270.61,10366.12,4962.42,5454.83,0,0,1814.57,12935.66,184.35,0,12146.97,1317.42,3479.04,66858.31,0,15353.18,0,0,81775.01,0,0,0,2354.52,2120.25,0,21511.64,25660.66,61.23,2142.6,14374.18,0,0,0,0
2006-10-03 08:00:00,0,1902.07,0,292.07,10724.48,5525.04,5616.8,0,0,2020.95,14412.33,202.09,0,12462.84,1421.61,3715.59,70880.42,0,15766.07,0,0,85324.67,0,0,0,2397.32,2133.19,0,22353.77,27197.02,63.67,2329.54,15333.46,0,0,0,0
2006-10-03 09:00:00,0,2056.45,0,323.94,10753.54,6107.19,5802.22,0,0,2188.5,15751.88,225.92,0,12986.35,1546.28,3916.08,74989.65,0,16303.95,0,0,89336.14,0,0,0,2510.84,2251.04,0,23966.93,28870.77,67.45,2503.76,16186.2,0,0,0,0
2006-10-03 10:00:00,0,2250.68,0,345.97,11096.17,6608.94,6076.76,0,0,2312.27,16707.59,234.38,0,13357.39,1630.6,4184.74,78300.44,0,16934.3,0,0,93578.17,0,0,0,2611.65,2364.11,0,25529.59,30704.47,71.34,2723.4,17201.65,0,0,0,0
2006-10-03 11:00:00,0,2489.95,0,370.25,11499.55,7194.75,6425.68,0,0,2450.93,17688.21,250.3,0,13645.14,1737.86,4420.59,81875.04,0,17679.39,0,0,98463.7,0,0,0,2741.0,2473.35,0,27476.79,32792.37,75.28,2955.54,18349.81,0,0,0,0
2006-10-03 12:00:00,0,2755.55,0,391.91,12011.88,7746.12,6840.76,0,0,2579.96,18473.89,270.54,0,14025.2,1818.05,4708.48,85554.34,0,18338.45,0,0,104249.1,0,0,0,2852.14,2600.73,0,29359.46,35128.25,79.29,3170.71,19890.82,0,0,0,0
2006-10-03 13:00:00,0,2964.23,0,408.86,12513.59,8140.23,7196.47,0,0,2679.52,19064.52,287.45,0,14340.14,1867.79,4952.24,89168.09,0,18902.07,0,0,109789.75,0,0,0,2939.14,2719.78,0,30874.07,37140.86,83.15,3346.59,21214.06,0,0,0,0
2006-10-03 14:00:00,0,3102.11,0,417.45,12927.13,8416.34,7483.87,0,0,2732.86,19448.48,297.9,0,14711.75,1885.51,5166.54,91869.42,0,19508.31,0,0,113615.53,0,0,0,3012.77,2822.69,0,31979.49,38310.35,86.32,3454.71,22163.67,0,0,0,0
2006-10-03 15:00:00,0,3139.03,0,421.43,13215.49,8566.47,7696.73,0,0,2743.34,19647.25,305.2,0,15117.74,1879.34,5297.12,93044.63,0,20085.35,0,0,115661.36,0,0,0,3073.16,2877.98,0,32664.66,38852.3,88.44,3521.05,22724.64,0,0,0,0
2006-10-03 16:00:00,0,3147.37,0,419.87,13381.33,8581.18,7706.08,0,0,2694.17,19470.66,307.87,0,15360.64,1858.03,5305.53,92946.75,0,20407.73,0,0,115702.63,0,0,0,3102.71,2884.91,0,32990.96,38846.8,88.41,3510.89,23081.6,0,0,0,0
2006-10-03 17:00:00,0,3120.3,0,419.82,13533.9,8480.06,7692.89,0,0,2645.36,19244.44,306.0,0,15182.03,1855.84,5239.42,91902.11,0,19939.55,0,0,114223.44,0,0,0,3096.12,2890.96,0,33050.98,38518.19,87.36,3478.75,23061.9,0,0,0,0
2006-10-03 18:00:00,0,3015.73,0,399.73,12515.03,8031.77,7048.77,0,0,2580.27,18688.6,290.26,0,14849.06,1774.49,4902.97,88975.05,0,19058.96,0,0,106294.62,0,0,0,2887.02,2761.45,0,30996.63,37511.21,84.81,3343.01,21496.68,0,0,0,0
2006-10-03 19:00:00,0,3105.57,0,418.75,12911.5,8170.87,7619.9,0,0,2668.98,18588.07,307.62,0,15363.98,1845.07,5039.95,88780.32,0,19929.17,0,0,109871.11,0,0,0,3007.33,2809.69,0,30962.74,37973.97,87.2,3313.27,21538.21,0,0,0,0
2006-10-03 20:00:00,0,2883.61,0,394.4,12323.38,7609.1,6899.12,0,0,2478.6,17474.34,287.41,0,14286.91,1689.17,4700.61,84929.79,0,18896.68,0,0,103069.45,0,0,0,2887.23,2673.76,0,29579.45,36131.09,81.44,3052.86,20708.37,0,0,0,0
2006-10-03 21:00:00,0,2725.53,0,362.46,11630.86,7061.66,6285.62,0,0,2297.83,16379.73,269.27,0,13305.21,1550.8,4381.28,81502.01,0,18042.0,0,0,97238.32,0,0,0,2703.74,2526.63,0,28139.38,34866.94,76.14,2797.81,19876.72,0,0,0,0
2006-10-03 22:00:00,0,2552.82,0,321.44,10633.29,6385.47,5769.89,0,0,2104.26,15203.39,241.68,0,12532.87,1431.06,4100.53,77528.76,0,17057.06,0,0,92307.63,0,0,0,2510.69,2384.56,0,25942.44,33381.63,71.93,2581.64,18325.6,0,0,0,0
2006-10-03 23:00:00,0,2308.33,0,287.99,9758.63,5737.37,5359.65,0,0,1932.62,13962.52,217.97,0,11784.64,1320.8,3837.97,73622.59,0,16032.68,0,0,87773.93,0,0,0,2350.22,2241.39,0,23983.61,30987.99,68.26,2379.05,16722.87,0,0,0,0
2006-10-04 00:00:00,0,2088.27,0,261.78,8998.1,5120.82,4960.86,0,0,1775.65,12818.44,194.97,0,10996.97,1227.64,3622.74,69977.04,0,15040.92,0,0,83627.86,0,0,0,2208.85,2099.7,0,22337.75,28781.05,64.84,2188.19,15348.74,0,0,0,0
2006-10-04 01:00:00,0,1883.74,0,238.53,8510.57,4605.44,4610.43,0,0,1631.38,11900.95,176.11,0,10621.48,1156.96,3430.75,66585.78,0,14130.86,0,0,80332.54,0,0,0,2098.24,1973.87,0,20909.31,26886.26,62.53,2017.52,14266.27,0,0,0,0
2006-10-04 02:00:00,0,1726.38,0,220.44,8275.51,4134.29,4375.32,0,0,1509.88,11059.1,160.32,0,10577.04,1082.63,3261.67,63870.82,0,13522.96,0,0,77426.43,0,0,0,2028.7,1907.39,0,19982.86,25209.33,60.35,1867.75,13637.98,0,0,0,0
2006-10-04 03:00:00,0,1634.36,0,214.13,8248.34,3951.59,4375.92,0,0,1446.34,10504.96,151.13,0,10664.44,1049.09,3148.37,62241.18,0,13283.71,0,0,76838.11,0,0,0,2002.05,1921.69,0,19549.16,24179.22,58.49,1796.83,13356.06,0,0,0,0
2006-10-04 04:00:00,0,1592.06,0,219.94,8501.34,4024.19,4578.84,0,0,1461.39,10502.34,155.36,0,10812.69,1081.1,3191.15,62504.96,0,13428.59,0,0,77809.92,0,0,0,2057.34,1970.17,0,19701.3,23697.48,57.69,1809.9,13363.37,0,0,0,0
2006-10-04 05:00:00,0,1602.72,0,228.03,8980.36,4203.71,4797.72,0,0,1500.79,10747.64,160.21,0,11026.8,1116.19,3277.89,63993.64,0,13864.89,0,0,79342.31,0,0,0,2133.22,2020.47,0,20048.32,23788.82,57.83,1860.35,13676.72,0,0,0,0
2006-10-04 06:00:00,0,1640.16,0,235.05,9475.87,4381.36,5015.71,0,0,1535.83,11025.3,166.06,0,11433.25,1159.25,3359.27,65343.16,0,14281.47,0,0,80920.73,0,0,0,2210.14,2064.8,0,20442.49,24401.43,58.73,1908.78,14019.88,0,0,0,0
2006-10-04 07:00:00,0,1683.2,0,255.54,10300.59,4713.44,5397.28,0,0,1687.91,11965.1,177.68,0,12564.73,1261.47,3525.7,66738.76,0,15815.41,0,0,87516.33,0,0,0,2351.67,2106.37,0,21269.61,25059.01,59.97,2003.74,14520.93,0,0,0,0
2006-10-04 08:00:00,0,1809.84,0,274.21,10651.07,5190.71,5644.46,0,0,1905.83,13493.51,195.85,0,13190.43,1361.23,3755.45,70801.79,0,16927.45,0,0,91945.83,0,0,0,2423.45,2141.53,0,22126.45,26565.48,62.7,2181.6,15374.59,0,0,0,0
2006-10-04 09:00:00,0,1889.81,0,296.32,10961.39,5687.08,6124.54,0,0,2057.82,14846.58,207.72,0,13908.46,1456.25,4002.46,73853.21,0,17793.32,0,0,96527.61,0,0,0,2603.97,2289.49,0,23891.98,27653.98,66.82,2348.19,16603.77,0,0,0,0
2006-10-04 10:00:00,0,2014.03,0,317.35,11641.3,6055.56,6537.18,0,0,2185.41,15805.51,219.44,0,14766.37,1516.47,4257.25,75683.79,0,18670.51,0,0,100698.56,0,0,0,2723.28,2442.32,0,25417.39,28524.58,70.36,2499.9,17893.32,0,0,0,0
2006-10-04 11:00:00,0,2179.47,0,335.09,12349.65,6525.61,7038.6,0,0,2321.24,16885.86,230.85,0,15608.04,1623.56,4529.28,78273.07,0,19661.77,0,0,104096.68,0,0,0,2865.11,2605.25,0,27160.65,29497.86,73.46,2721.61,19177.83,0,0,0,0
2006-10-04 12:00:00,0,2302.29,0,352.69,13158.3,7096.54,7549.83,0,0,2447.4,17759.64,245.03,0,16066.38,1711.38,4876.5,80275.09,0,20462.28,0,0,106997.01,0,0,0,2991.45,2757.9,0,28706.25,30549.22,76.71,2963.69,20846.3,0,0,0,0
2006-10-04 13:00:00,0,2406.4,0,369.24,13803.84,7555.62,7919.87,0,0,2536.63,18396.02,261.41,0,16271.27,1767.14,5132.58,81818.4,0,20912.12,0,0,110662.18,0,0,0,3094.04,2893.06,0,30176.93,31375.84,79.83,3167.49,22065.23,0,0,0,0
2006-10-04 14:00:00,0,2487.96,0,381.11,14324.3,7922.54,8169.0,0,0,2601.55,18840.97,274.23,0,16408.19,1785.51,5327.02,82291.89,0,21135.95,0,0,112438.2,0,0,0,3189.98,3000.31,0,31348.85,31959.38,82.9,3313.3,22867.37,0,0,0,0
2006-10-04 15:00:00,0,2552.11,0,390.42,14605.64,8176.95,8283.31,0,0,2629.17,19095.32,285.57,0,16477.91,1783.23,5448.09,81997.22,0,21156.74,0,0,113485.84,0,0,0,3264.23,3054.48,0,32199.67,32308.02,85.41,3405.73,23375.07,0,0,0,0
2006-10-04 16:00:00,0,2592.54,0,393.84,14598.45,8298.06,8315.55,0,0,2612.03,19181.63,287.57,0,16415.85,1799.1,5450.41,81256.83,0,20989.5,0,0,112824.44,0,0,0,3297.17,3074.9,0,32745.08,32408.14,86.0,3413.06,23504.56,0,0,0,0
2006-10-04 17:00:00,0,2566.15,0,392.41,14449.41,8199.01,8130.82,0,0,2574.98,18922.74,281.26,0,16119.59,1794.43,5354.17,80168.03,0,20514.86,0,0,110484.39,0,0,0,3256.94,3025.84,0,32786.68,32481.01,84.89,3366.51,23213.77,0,0,0,0
2006-10-04 18:00:00,0,2453.38,0,372.89,13418.44,7805.29,7523.61,0,0,2506.22,18328.48,266.83,0,15912.94,1712.45,4978.13,78619.27,0,19969.97,0,0,105678.95,0,0,0,3059.46,2888.27,0,30363.09,31723.05,82.39,3240.37,21515.7,0,0,0,0
2006-10-04 19:00:00,0,2520.31,0,401.04,13940.96,7998.38,8037.42,0,0,2610.8,18287.71,284.54,0,16412.61,1801.17,5134.9,77762.35,0,20602.37,0,0,107710.15,0,0,0,3187.31,2923.61,0,30974.43,32291.61,84.58,3258.42,21828.75,0,0,0,0
2006-10-04 20:00:00,0,2365.33,0,377.31,13326.0,7384.21,7302.28,0,0,2394.98,17034.38,264.83,0,15126.36,1644.56,4757.5,75975.07,0,19465.38,0,0,100848.29,0,0,0,3047.47,2788.25,0,29592.17,31038.37,78.9,2957.46,20892.29,0,0,0,0
2006-10-04 21:00:00,0,2266.86,0,354.06,12545.42,6808.58,6672.15,0,0,2199.14,15849.88,250.75,0,14080.34,1496.18,4449.05,74010.87,0,18387.84,0,0,95236.11,0,0,0,2840.3,2633.68,0,28255.63,30221.16,74.04,2712.73,20102.19,0,0,0,0
2006-10-04 22:00:00,0,2098.04,0,322.88,11476.84,6127.22,6110.56,0,0,2015.48,14645.55,227.56,0,13131.28,1373.14,4164.83,71048.1,0,17194.75,0,0,90062.74,0,0,0,2626.16,2470.53,0,26057.48,29154.14,69.98,2499.07,18568.98,0,0,0,0
2006-10-04 23:00:00,0,1905.03,0,294.15,10454.25,5470.13,5674.81,0,0,1851.98,13400.05,206.89,0,12228.14,1280.66,3898.52,67809.25,0,16082.5,0,0,84962.69,0,0,0,2444.13,2313.0,0,24179.14,27441.23,66.16,2292.27,17007.52,0,0,0,0
2006-10-05 00:00:00,0,1755.24,0,267.66,9547.29,4889.83,5289.89,0,0,1704.02,12293.08,188.17,0,11343.48,1196.33,3669.25,64751.52,0,15016.16,0,0,80841.96,0,0,0,2285.9,2156.47,0,22535.06,25915.27,62.33,2098.74,15565.03,0,0,0,0
2006-10-05 01:00:00,0,1613.59,0,246.35,8976.08,4374.58,4925.46,0,0,1563.04,11340.01,171.73,0,10613.1,1116.23,3466.84,61801.82,0,13881.84,0,0,77162.77,0,0,0,2165.28,2021.02,0,21105.32,24448.6,59.77,1921.29,14489.05,0,0,0,0
2006-10-05 02:00:00,0,1501.76,0,228.98,8690.35,3958.07,4657.48,0,0,1441.69,10486.8,157.18,0,10269.82,1047.44,3290.98,58882.1,0,13312.07,0,0,74279.34,0,0,0,2090.09,1956.07,0,20151.39,23081.04,57.63,1773.23,13797.06,0,0,0,0
2006-10-05 03:00:00,0,1454.6,0,222.31,8618.02,3815.52,4607.07,0,0,1391.01,10023.92,149.17,0,10061.55,1018.7,3170.94,57382.5,0,13018.02,0,0,72868.43,0,0,0,2059.18,1958.24,0,19658.89,22484.22,56.04,1713.88,13498.63,0,0,0,0
2006-10-05 04:00:00,0,1460.62,0,227.97,8831.76,3933.73,4770.69,0,0,1415.67,10120.6,153.4,0,10276.44,1058.21,3194.73,58292.34,0,13254.26,0,0,72810.1,0,0,0,2086.95,1993.6,0,19804.75,22339.1,55.83,1754.36,13466.87,0,0,0,0
2006-10-05 05:00:00,0,1536.85,0,235.69,9301.83,4128.54,4936.84,0,0,1459.53,10433.13,158.86,0,10656.54,1101.65,3276.07,60040.59,0,13614.38,0,0,73480.89,0,0,0,2154.33,2035.84,0,20193.66,22853.51,56.53,1825.02,13791.55,0,0,0,0
2006-10-05 06:00:00,0,1602.47,0,242.9,9757.14,4317.51,5110.91,0,0,1503.91,10765.47,164.81,0,11125.32,1143.93,3371.6,61749.97,0,13950.64,0,0,74439.32,0,0,0,2223.01,2083.73,0,20559.71,23572.9,57.81,1885.81,14141.13,0,0,0,0
2006-10-05 07:00:00,0,1676.88,0,266.5,10632.39,4661.51,5569.55,0,0,1656.68,11781.76,176.93,0,12509.78,1247.1,3549.01,63621.44,0,15880.19,0,0,80369.93,0,0,0,2354.9,2133.98,0,21626.06,24250.51,59.07,1976.21,14709.76,0,0,0,0
2006-10-05 08:00:00,0,1816.04,0,284.1,11053.65,5134.44,5990.87,0,0,1866.35,13130.98,194.5,0,12723.25,1354.18,3752.79,67681.43,0,16251.96,0,0,82258.65,0,0,0,2447.25,2203.16,0,22449.14,25773.91,61.16,2155.43,15453.54,0,0,0,0
2006-10-05 09:00:00,0,1867.53,0,316.84,11588.73,5710.75,6408.12,0,0,2055.69,14792.48,211.27,0,12936.1,1467.85,3886.81,69983.42,0,16536.82,0,0,83528.53,0,0,0,2642.74,2351.88,0,24492.68,26625.25,64.62,2351.94,16419.66,0,0,0,0
2006-10-05 10:00:00,0,1889.64,0,334.08,12270.69,6151.78,6837.65,0,0,2225.48,16068.98,221.58,0,12926.19,1563.7,4010.36,71747.95,0,16671.28,0,0,84855.77,0,0,0,2857.84,2525.74,0,26253.64,27320.78,67.35,2513.99,17492.13,0,0,0,0
2006-10-05 11:00:00,0,1911.36,0,353.77,13053.71,6619.36,7541.05,0,0,2364.91,17182.73,235.7,0,12905.18,1693.57,4107.95,73360.12,0,16770.69,0,0,85667.6,0,0,0,3100.41,2742.21,0,28246.23,28137.5,68.21,2723.29,18440.55,0,0,0,0
2006-10-05 12:00:00,0,1921.41,0,373.83,13930.61,7200.65,8167.93,0,0,2502.84,18076.76,254.36,0,12870.22,1763.04,4250.61,74045.94,0,16789.99,0,0,86112.77,0,0,0,3303.46,2974.57,0,30301.11,28910.0,69.89,2961.62,19696.99,0,0,0,0
2006-10-05 13:00:00,0,1930.67,0,388.6,14620.5,7679.03,8669.7,0,0,2597.88,18744.58,274.99,0,12771.3,1801.17,4387.98,74373.59,0,16787.66,0,0,86344.91,0,0,0,3474.11,3152.56,0,31670.52,29722.4,72.66,3179.08,20739.15,0,0,0,0
2006-10-05 14:00:00,0,1943.32,0,402.01,15044.78,8075.11,8975.53,0,0,2657.79,19243.05,291.6,0,12720.91,1829.99,4444.09,74562.03,0,16793.45,0,0,86227.9,0,0,0,3572.13,3267.1,0,32719.34,30304.44,74.91,3328.19,21385.29,0,0,0,0
2006-10-05 15:00:00,0,1959.36,0,412.63,15324.73,8347.65,9104.23,0,0,2689.77,19563.64,295.83,0,12802.77,1837.47,4306.85,74585.58,0,16875.37,0,0,86275.67,0,0,0,3613.47,3346.65,0,33533.13,30696.34,76.28,3412.65,21664.08,0,0,0,0
2006-10-05 16:00:00,0,1976.45,0,416.96,15411.54,8467.06,9060.11,0,0,2691.51,19726.55,298.21,0,13049.59,1843.87,4164.72,74531.5,0,17154.84,0,0,86182.02,0,0,0,3601.82,3371.68,0,34012.78,31093.93,76.24,3425.79,21483.53,0,0,0,0
2006-10-05 17:00:00,0,2004.92,0,416.24,15240.58,8404.13,8821.4,0,0,2664.73,19431.87,298.53,0,13542.57,1833.55,4009.52,74505.24,0,17376.4,0,0,86637.6,0,0,0,3529.94,3307.71,0,34031.87,31112.73,75.15,3391.19,20850.57,0,0,0,0
2006-10-05 18:00:00,0,2042.28,0,397.86,14054.73,7941.89,8155.35,0,0,2603.69,18865.94,286.95,0,14059.92,1745.23,3890.9,74202.21,0,17444.89,0,0,86790.83,0,0,0,3273.37,3099.48,0,31721.22,30770.46,72.96,3262.48,19526.74,0,0,0,0
2006-10-05 19:00:00,0,2090.21,0,417.18,14524.5,8021.94,8479.08,0,0,2651.35,18436.94,302.26,0,14561.9,1810.62,3955.0,73721.89,0,18634.07,0,0,89289.77,0,0,0,3379.9,3083.91,0,31764.36,30909.47,75.19,3257.82,19810.2,0,0,0,0
2006-10-05 20:00:00,0,2058.49,0,393.87,13918.7,7430.54,7802.72,0,0,2436.17,17207.17,281.32,0,13565.85,1654.47,3789.74,72342.11,0,17807.67,0,0,85051.14,0,0,0,3219.51,2909.52,0,30302.09,29905.48,70.65,2998.48,19022.14,0,0,0,0
2006-10-05 21:00:00,0,2070.27,0,367.32,13128.97,6839.7,7164.86,0,0,2242.88,16089.85,263.5,0,12611.42,1516.75,3640.71,70865.57,0,17078.81,0,0,81383.28,0,0,0,2984.25,2735.53,0,28915.52,29441.97,66.75,2750.96,18144.17,0,0,0,0
2006-10-05 22:00:00,0,1950.85,0,334.46,11964.92,6146.77,6542.11,0,0,2059.3,14938.11,237.39,0,11794.84,1388.2,3497.57,68579.66,0,16107.79,0,0,78149.42,0,0,0,2721.83,2532.85,0,26568.19,28490.15,63.45,2527.55,16921.7,0,0,0,0
2006-10-05 23:00:00,0,1803.13,0,302.42,10883.9,5514.92,5990.76,0,0,1892.97,13712.99,216.49,0,11034.94,1282.15,3338.29,65806.44,0,15011.6,0,0,75100.85,0,0,0,2508.37,2369.12,0,24538.04,26814.89,60.94,2321.79,15611.96,0,0,0,0
2006-10-06 00:00:00,0,1683.12,0,271.78,9976.41,4939.02,5539.1,0,0,1735.98,12539.25,196.98,0,10383.06,1189.02,3183.08,63200.05,0,14006.87,0,0,72235.92,0,0,0,2334.82,2215.77,0,22871.94,25233.35,58.54,2133.32,14479.7,0,0,0,0
2006-10-06 01:00:00,0,1583.61,0,241.06,9299.66,4413.02,5098.54,0,0,1575.77,11468.64,178.02,0,9977.93,1098.31,3060.11,60758.52,0,13105.54,0,0,69559.73,0,0,0,2201.45,2072.48,0,21335.61,23817.8,56.42,1951.34,13568.98,0,0,0,0
2006-10-06 02:00:00,0,1537.98,0,223.61,8965.48,3985.75,4758.48,0,0,1440.58,10672.91,162.2,0,9914.46,1042.82,2958.02,58384.58,0,12653.34,0,0,67583.08,0,0,0,2110.94,1994.49,0,20344.03,22593.82,54.82,1799.47,12984.53,0,0,0,0
2006-10-06 03:00:00,0,1555.57,0,216.56,8858.25,3851.43,4721.81,0,0,1388.34,10204.46,152.25,0,9970.24,1026.16,2911.31,57378.46,0,12393.64,0,0,67506.26,0,0,0,2066.95,1987.72,0,19752.75,22178.47,54.22,1734.3,12752.16,0,0,0,0
2006-10-06 04:00:00,0,1648.03,0,222.84,9050.77,3961.03,4886.09,0,0,1411.88,10343.32,156.34,0,10239.66,1054.05,2995.73,58524.34,0,12677.12,0,0,69121.9,0,0,0,2083.22,2031.77,0,19900.1,22140.41,55.12,1755.61,12757.91,0,0,0,0
2006-10-06 05:00:00,0,1755.9,0,232.0,9563.38,4132.25,5060.77,0,0,1446.59,10569.28,160.92,0,10656.74,1085.72,3123.09,60139.72,0,13329.82,0,0,71219.48,0,0,0,2149.05,2076.31,0,20294.86,22692.23,56.93,1800.8,13031.08,0,0,0,0
2006-10-06 06:00:00,0,1867.33,0,239.1,10069.64,4309.89,5251.43,0,0,1491.01,10803.29,165.51,0,11095.96,1125.64,3266.61,61876.28,0,14066.11,0,0,73367.4,0,0,0,2216.96,2122.79,0,20709.06,23459.96,58.87,1846.54,13443.04,0,0,0,0
2006-10-06 07:00:00,0,1975.43,0,260.83,10647.1,4717.3,5575.27,0,0,1637.28,11737.96,175.87,0,12462.02,1225.07,3493.64,63889.7,0,16058.02,0,0,78047.13,0,0,0,2357.74,2188.85,0,21593.76,24301.87,60.6,2001.92,13948.92,0,0,0,0
2006-10-06 08:00:00,0,2085.67,0,280.46,10911.57,5243.72,5889.03,0,0,1845.39,13023.54,190.38,0,12763.99,1317.06,3732.67,68161.49,0,16649.6,0,0,82019.58,0,0,0,2485.35,2287.83,0,22548.72,25965.44,62.48,2174.32,15262.57,0,0,0,0
2006-10-06 09:00:00,0,1969.31,0,321.61,11063.05,5836.46,6140.62,0,0,2037.26,14520.39,209.43,0,12975.9,1429.59,3773.03,69302.12,0,16922.19,0,0,82390.17,0,0,0,2717.03,2447.51,0,23519.01,26672.67,63.57,2371.73,15553.86,0,0,0,0
2006-10-06 10:00:00,0,1936.17,0,357.52,10971.78,6397.76,6303.07,0,0,2222.25,15885.92,223.81,0,13119.12,1508.1,3807.41,70531.68,0,17134.33,0,0,83179.81,0,0,0,2943.05,2608.03,0,24636.47,27358.98,65.55,2533.63,15720.53,0,0,0,0
2006-10-06 11:00:00,0,1909.79,0,383.88,10929.95,6996.51,6349.46,0,0,2390.25,17213.05,237.21,0,13214.81,1665.57,3787.02,71188.58,0,17356.21,0,0,83674.9,0,0,0,3160.72,2763.55,0,26170.65,28176.46,66.93,2752.67,16035.27,0,0,0,0
2006-10-06 12:00:00,0,1892.72,0,407.38,10944.26,7518.01,6334.84,0,0,2547.28,18300.51,255.4,0,13222.67,1785.08,3753.43,71701.21,0,17472.54,0,0,84124.29,0,0,0,3271.89,2898.69,0,27403.3,29110.52,68.16,2967.55,16197.52,0,0,0,0
2006-10-06 13:00:00,0,1887.11,0,424.09,10969.27,7950.7,6335.82,0,0,2666.37,19130.0,271.57,0,13298.61,1860.59,3728.26,72093.61,0,17536.72,0,0,84379.58,0,0,0,3282.97,2957.13,0,28306.8,29944.74,69.22,3142.34,16181.92,0,0,0,0
2006-10-06 14:00:00,0,1882.03,0,438.76,10931.04,8313.63,6332.17,0,0,2751.79,19766.02,284.12,0,13251.25,1901.9,3681.28,72207.2,0,17499.21,0,0,84413.54,0,0,0,3171.82,2875.82,0,29030.11,30649.45,69.92,3276.17,16074.76,0,0,0,0
2006-10-06 15:00:00,0,1885.24,0,447.66,10927.29,8564.27,6319.68,0,0,2793.11,20071.29,294.77,0,13350.33,1920.47,3624.32,72136.52,0,17482.97,0,0,84486.92,0,0,0,2983.2,2744.63,0,29445.95,31019.75,69.66,3378.43,16132.19,0,0,0,0
2006-10-06 16:00:00,0,1898.1,0,448.77,10900.53,8622.3,6302.26,0,0,2769.42,20067.54,301.03,0,13573.48,1902.9,3581.95,72403.09,0,17535.62,0,0,84684.35,0,0,0,2860.51,2652.04,0,29365.07,31133.4,69.24,3383.5,16238.94,0,0,0,0
2006-10-06 17:00:00,0,1883.54,0,442.88,11040.85,8478.49,6329.88,0,0,2719.79,19569.38,306.58,0,13872.49,1861.91,3604.41,72286.35,0,17556.27,0,0,85004.1,0,0,0,2784.91,2589.05,0,28742.94,30790.82,68.36,3348.37,16363.43,0,0,0,0
2006-10-06 18:00:00,0,1906.05,0,399.51,11327.12,7828.31,6390.94,0,0,2570.68,18580.49,288.69,0,14135.21,1744.19,3628.43,72571.28,0,17731.38,0,0,85750.11,0,0,0,2714.51,2505.69,0,26973.41,30176.21,66.71,3174.52,15871.85,0,0,0,0
2006-10-06 19:00:00,0,2018.04,0,386.49,11141.71,7515.99,6427.08,0,0,2487.81,18165.29,299.0,0,13772.62,1716.64,3595.95,70478.28,0,17582.51,0,0,83897.53,0,0,0,2482.72,2278.32,0,25946.11,29662.33,65.17,3048.57,14941.12,0,0,0,0
2006-10-06 20:00:00,0,2022.78,0,369.13,11238.18,6978.55,6137.53,0,0,2277.72,16676.92,272.66,0,12913.68,1547.72,3483.2,69284.27,0,16999.06,0,0,80540.35,0,0,0,2476.72,2227.92,0,25258.16,29123.85,61.31,2798.38,15144.56,0,0,0,0
2006-10-06 21:00:00,0,2065.88,0,352.38,10947.45,6500.25,5870.0,0,0,2115.64,15370.46,251.21,0,12094.67,1426.17,3359.13,68269.68,0,16471.43,0,0,77443.88,0,0,0,2476.46,2198.43,0,24847.95,28424.04,58.72,2591.97,15181.02,0,0,0,0
2006-10-06 22:00:00,0,2034.8,0,314.73,10454.02,5903.5,5627.84,0,0,1969.45,14165.72,228.14,0,11425.96,1314.07,3249.93,66060.42,0,15985.54,0,0,74594.48,0,0,0,2358.18,2164.17,0,23413.54,27105.5,56.5,2411.59,14493.28,0,0,0,0
2006-10-06 23:00:00,0,1922.33,0,279.53,9902.59,5361.48,5413.01,0,0,1815.96,13124.73,206.26,0,10846.35,1223.3,3132.92,63599.9,0,15275.95,0,0,72077.19,0,0,0,2236.83,2080.82,0,21969.91,25814.47,54.55,2252.71,13742.17,0,0,0,0
2006-10-07 00:00:00,0,1823.53,0,254.77,9286.93,4830.42,5168.7,0,0,1681.94,12104.57,186.58,0,10244.93,1140.32,2995.96,61106.61,0,14435.24,0,0,69698.85,0,0,0,2122.3,1987.86,0,20510.51,24629.43,53.0,2079.83,13082.83,0,0,0,0
2006-10-07 01:00:00,0,1729.22,0,243.78,8696.96,4363.67,4886.1,0,0,1556.38,11152.21,170.9,0,9820.57,1065.08,2877.94,58771.66,0,13592.46,0,0,67497.53,0,0,0,2042.39,1929.33,0,19427.09,23642.82,51.6,1925.65,12513.21,0,0,0,0
2006-10-07 02:00:00,0,1668.79,0,234.12,8452.04,4032.39,4610.88,0,0,1434.65,10435.14,158.53,0,9741.2,1005.0,2809.88,56777.91,0,12903.19,0,0,65907.39,0,0,0,1975.83,1904.68,0,18693.66,22820.04,50.39,1805.23,12270.68,0,0,0,0
2006-10-07 03:00:00,0,1642.17,0,219.08,8305.73,3788.07,4412.36,0,0,1357.66,9964.25,147.51,0,9700.14,954.0,2766.22,55536.55,0,12507.51,0,0,65164.69,0,0,0,1940.37,1915.7,0,18218.16,22092.5,49.67,1718.36,12201.39,0,0,0,0
2006-10-07 04:00:00,0,1664.78,0,205.42,8204.04,3632.6,4415.52,0,0,1309.03,9716.09,142.13,0,9758.61,938.08,2782.36,54839.1,0,12408.62,0,0,65633.68,0,0,0,1927.0,1963.77,0,18173.91,21665.79,49.54,1667.8,12283.95,0,0,0,0
2006-10-07 05:00:00,0,1720.49,0,202.48,8323.06,3669.16,4478.88,0,0,1317.43,9735.52,142.02,0,9933.12,930.65,2843.56,54951.95,0,12584.69,0,0,66644.67,0,0,0,1947.24,1980.78,0,18428.52,21679.57,49.98,1661.0,12534.91,0,0,0,0
2006-10-07 06:00:00,0,1804.53,0,202.98,8663.9,3754.59,4631.9,0,0,1344.72,9818.44,147.22,0,10196.93,933.0,2939.53,56013.9,0,12881.21,0,0,67983.5,0,0,0,1995.04,2022.33,0,18796.74,22068.17,50.77,1696.92,12951.36,0,0,0,0
2006-10-07 07:00:00,0,1892.97,0,215.87,9114.03,4140.06,4845.09,0,0,1457.76,10523.9,154.17,0,10709.83,986.01,3051.2,57456.27,0,13575.08,0,0,69881.16,0,0,0,2071.32,2117.35,0,19570.05,22471.44,51.69,1847.67,13634.77,0,0,0,0
2006-10-07 08:00:00,0,2029.58,0,231.56,9388.84,4682.04,5050.28,0,0,1639.8,11634.98,162.03,0,10763.41,1056.66,3075.74,59071.04,0,13952.66,0,0,70837.99,0,0,0,2096.32,2149.57,0,19971.94,23166.71,52.61,2040.76,13882.76,0,0,0,0
2006-10-07 09:00:00,0,2045.85,0,249.3,9610.14,5491.29,5281.42,0,0,1858.53,13319.16,170.69,0,11157.34,1121.26,3126.25,61032.22,0,14476.68,0,0,71648.98,0,0,0,2153.27,2249.55,0,20514.47,23976.75,52.66,2359.75,14160.97,0,0,0,0
2006-10-07 10:00:00,0,2026.28,0,263.71,9728.78,6131.02,5481.93,0,0,2036.07,14815.86,180.04,0,11371.97,1181.31,3178.51,62674.83,0,14932.63,0,0,72612.85,0,0,0,2264.05,2352.88,0,21190.24,24593.5,53.36,2638.5,14246.47,0,0,0,0
2006-10-07 11:00:00,0,2013.16,0,275.91,9868.03,6734.83,5639.91,0,0,2228.31,16179.62,187.07,0,11487.17,1240.12,3212.72,63928.91,0,15217.28,0,0,73687.83,0,0,0,2267.2,2374.36,0,21809.22,25524.61,55.18,2851.99,14268.59,0,0,0,0
2006-10-07 12:00:00,0,1974.26,0,285.28,9855.92,7181.57,5711.06,0,0,2378.92,17289.87,197.39,0,11504.1,1305.08,3245.42,64686.57,0,15508.72,0,0,74626.8,0,0,0,2278.29,2396.22,0,22326.68,26489.62,57.31,3017.4,14100.18,0,0,0,0
2006-10-07 13:00:00,0,1955.57,0,294.96,9837.53,7585.9,5746.36,0,0,2486.27,18170.72,208.2,0,11430.93,1368.35,3270.58,65422.74,0,15685.36,0,0,75504.75,0,0,0,2297.56,2401.86,0,22641.61,27444.33,58.73,3161.09,14003.85,0,0,0,0
2006-10-07 14:00:00,0,1953.32,0,301.88,9926.31,7917.79,5817.44,0,0,2567.96,18798.49,217.06,0,11499.23,1437.41,3272.44,66020.08,0,15839.06,0,0,76153.15,0,0,0,2302.28,2366.16,0,22894.41,28232.58,59.57,3284.0,14226.09,0,0,0,0
2006-10-07 15:00:00,0,1966.07,0,305.85,10038.16,8166.89,5882.4,0,0,2624.03,19133.1,227.53,0,11656.96,1461.92,3256.12,66129.96,0,15952.53,0,0,76607.92,0,0,0,2305.74,2320.91,0,23085.62,28787.89,59.24,3353.92,14584.89,0,0,0,0
2006-10-07 16:00:00,0,1991.91,0,307.08,10138.89,8173.71,5905.31,0,0,2601.26,18959.57,237.45,0,11873.61,1453.16,3253.4,66395.11,0,15726.97,0,0,77014.37,0,0,0,2313.28,2287.74,0,23708.52,29134.02,58.72,3315.88,14928.02,0,0,0,0
2006-10-07 17:00:00,0,1980.67,0,306.56,10241.93,7939.29,5955.05,0,0,2542.72,18630.33,243.79,0,12268.09,1458.95,3302.78,66504.71,0,15711.18,0,0,77489.83,0,0,0,2344.4,2297.05,0,24118.58,29193.41,57.93,3230.11,15109.21,0,0,0,0
2006-10-07 18:00:00,0,1955.17,0,290.55,10360.24,7354.58,6048.2,0,0,2370.21,17542.58,235.83,0,12759.05,1413.09,3327.61,66453.91,0,15652.02,0,0,78598.92,0,0,0,2406.87,2351.95,0,23106.26,28913.12,56.65,3033.7,14824.3,0,0,0,0
2006-10-07 19:00:00,0,2022.63,0,311.3,11390.1,7278.58,6505.63,0,0,2451.82,17707.56,257.39,0,13644.77,1510.32,3615.61,71103.18,0,17479.87,0,0,84521.98,0,0,0,2518.74,2586.51,0,24289.39,30016.33,65.8,3012.26,15591.48,0,0,0,0
2006-10-07 20:00:00,0,2000.35,0,293.21,11380.61,6829.14,6197.29,0,0,2260.31,16375.95,241.5,0,12773.45,1406.32,3476.32,69742.99,0,16760.44,0,0,80910.14,0,0,0,2522.67,2572.23,0,24021.64,29401.72,61.84,2796.22,15635.0,0,0,0,0
2006-10-07 21:00:00,0,2036.8,0,277.44,11033.49,6416.65,5917.28,0,0,2099.1,15221.06,230.58,0,11939.71,1316.53,3358.3,68808.94,0,16124.89,0,0,77415.07,0,0,0,2531.93,2505.66,0,23533.6,28602.94,58.95,2630.53,15567.97,0,0,0,0
2006-10-07 22:00:00,0,2008.99,0,256.37,10437.75,5856.45,5668.93,0,0,1956.42,14130.86,209.96,0,11206.9,1231.51,3253.57,66547.7,0,15335.31,0,0,74447.87,0,0,0,2403.91,2403.03,0,22543.13,27194.73,56.64,2457.45,14817.07,0,0,0,0
2006-10-07 23:00:00,0,1904.46,0,240.21,9893.15,5373.43,5388.99,0,0,1833.66,13116.46,189.75,0,10508.54,1136.27,3144.97,63854.63,0,14447.62,0,0,71441.38,0,0,0,2283.63,2300.4,0,21363.94,25819.35,54.7,2295.47,13986.26,0,0,0,0
2006-10-08 00:00:00,0,1809.49,0,223.97,9308.39,4891.41,5104.0,0,0,1713.64,12157.43,172.98,0,9798.09,1059.38,2999.9,61320.53,0,13561.58,0,0,68241.16,0,0,0,2180.13,2205.73,0,20185.95,24675.71,52.96,2135.68,13276.83,0,0,0,0
2006-10-08 01:00:00,0,1717.31,0,208.95,8843.66,4437.43,4824.35,0,0,1600.68,11254.87,156.86,0,9340.81,985.04,2879.8,58940.62,0,12751.65,0,0,65328.11,0,0,0,2088.3,2128.69,0,19440.56,23691.31,51.47,1981.32,12585.68,0,0,0,0
2006-10-08 02:00:00,0,1653.12,0,196.72,8460.88,4158.32,4572.37,0,0,1490.84,10590.16,143.86,0,9315.87,937.61,2804.96,57043.28,0,12206.69,0,0,63223.56,0,0,0,2017.63,2073.23,0,18927.97,22913.3,50.15,1866.46,12276.96,0,0,0,0
2006-10-08 03:00:00,0,1619.2,0,185.7,8249.86,3931.37,4434.91,0,0,1425.99,10192.27,134.66,0,9342.28,897.56,2753.37,55589.03,0,11989.49,0,0,61888.55,0,0,0,1988.72,2093.76,0,18567.39,22186.3,49.22,1775.6,12047.88,0,0,0,0
2006-10-08 04:00:00,0,1640.05,0,184.78,8154.37,3816.63,4416.74,0,0,1402.39,9949.51,131.34,0,9462.09,897.33,2750.74,55045.02,0,11943.59,0,0,62127.98,0,0,0,2011.38,2116.25,0,18522.7,21718.61,48.92,1722.43,11957.73,0,0,0,0
2006-10-08 05:00:00,0,1693.57,0,187.55,8244.7,3878.8,4473.48,0,0,1416.13,10004.85,136.77,0,9587.31,915.57,2782.18,54833.74,0,12040.71,0,0,63018.68,0,0,0,2071.26,2140.93,0,18732.45,21714.96,49.33,1729.88,12123.74,0,0,0,0
2006-10-08 06:00:00,0,1777.49,0,193.26,8523.17,4014.1,4595.64,0,0,1448.79,10169.05,145.25,0,9821.76,949.45,2855.93,55678.16,0,12215.51,0,0,64013.36,0,0,0,2111.79,2154.36,0,19039.29,22049.8,50.03,1766.3,12480.04,0,0,0,0
2006-10-08 07:00:00,0,1866.16,0,203.35,8863.1,4271.88,4756.14,0,0,1524.66,10830.73,151.08,0,9905.89,1004.7,2937.68,56911.35,0,12760.8,0,0,66127.63,0,0,0,2191.05,2205.39,0,19510.57,22385.44,50.87,1809.54,12951.69,0,0,0,0
2006-10-08 08:00:00,0,1996.99,0,215.46,9199.67,4716.54,4920.08,0,0,1682.86,12011.98,157.3,0,10100.98,1066.75,2981.0,58788.54,0,13002.81,0,0,68663.87,0,0,0,2218.74,2235.09,0,19693.0,22984.71,51.46,1981.88,13281.9,0,0,0,0
2006-10-08 09:00:00,0,1921.42,0,232.99,9455.3,5185.5,5126.79,0,0,1808.43,13304.45,162.32,0,10524.5,1121.03,3028.9,60732.41,0,13374.28,0,0,71554.53,0,0,0,2270.91,2274.55,0,20477.72,23447.32,51.0,2214.86,13449.14,0,0,0,0
2006-10-08 10:00:00,0,1878.66,0,247.15,9592.11,5597.0,5307.67,0,0,1954.64,14632.77,166.95,0,10822.81,1169.7,3060.21,62599.32,0,14003.31,0,0,73812.08,0,0,0,2330.54,2313.23,0,21580.28,24006.99,52.59,2452.7,13541.99,0,0,0,0
2006-10-08 11:00:00,0,1896.04,0,263.63,9660.77,6103.92,5538.54,0,0,2129.68,16079.0,172.98,0,11020.06,1208.42,3166.51,64337.55,0,14474.42,0,0,76188.43,0,0,0,2388.64,2356.07,0,22288.9,24780.0,55.14,2725.5,13759.77,0,0,0,0
2006-10-08 12:00:00,0,1896.73,0,273.97,9659.18,6461.87,5691.5,0,0,2262.99,17077.83,178.96,0,11094.11,1232.34,3300.91,65513.27,0,14822.34,0,0,78274.66,0,0,0,2391.62,2376.86,0,22792.2,25441.77,57.5,2906.51,14169.19,0,0,0,0
2006-10-08 13:00:00,0,1946.55,0,286.0,9636.32,6641.91,5808.89,0,0,2335.07,17751.54,186.23,0,11179.61,1273.67,3524.01,66557.48,0,15180.01,0,0,81054.59,0,0,0,2400.78,2399.09,0,23274.09,26071.47,60.25,3016.63,14985.94,0,0,0,0
2006-10-08 14:00:00,0,2019.23,0,292.87,9633.92,6723.21,5935.19,0,0,2392.42,18242.82,191.41,0,11453.62,1338.85,3732.63,67330.23,0,15598.54,0,0,83763.56,0,0,0,2434.71,2420.09,0,23515.89,26645.99,62.22,3050.01,15952.6,0,0,0,0
2006-10-08 15:00:00,0,2083.74,0,296.11,9704.13,6750.63,5994.73,0,0,2405.84,18462.74,195.8,0,11733.29,1360.31,3874.83,67832.65,0,15986.55,0,0,85974.78,0,0,0,2460.43,2448.11,0,23625.4,27128.62,63.13,3079.65,16605.02,0,0,0,0
2006-10-08 16:00:00,0,2123.47,0,297.35,9800.06,6712.95,6056.48,0,0,2371.31,18394.19,198.06,0,12171.51,1395.31,3934.21,68706.38,0,16255.87,0,0,88085.71,0,0,0,2481.33,2444.93,0,23751.62,27438.93,63.06,3049.78,16916.13,0,0,0,0
2006-10-08 17:00:00,0,2114.6,0,296.81,9933.03,6603.42,6091.0,0,0,2319.92,17977.35,203.22,0,12478.42,1421.34,3884.07,69954.32,0,15954.65,0,0,87922.57,0,0,0,2487.14,2426.77,0,23912.76,27653.98,62.07,2915.12,16866.89,0,0,0,0
2006-10-08 18:00:00,0,2024.0,0,284.76,10047.66,6338.23,6132.88,0,0,2236.42,17218.47,205.52,0,12698.15,1367.99,3671.64,69320.18,0,15771.75,0,0,82559.16,0,0,0,2491.27,2409.12,0,23295.18,27098.99,59.9,2669.68,16192.6,0,0,0,0
2006-10-08 19:00:00,0,2046.69,0,302.24,10980.68,6716.38,6172.58,0,0,2414.74,16985.43,231.74,0,14160.79,1491.55,3934.97,73494.12,0,17674.46,0,0,92414.02,0,0,0,2607.26,2463.13,0,24078.3,28235.56,72.99,2737.25,16826.36,0,0,0,0
2006-10-08 20:00:00,0,1976.62,0,288.28,10846.77,6377.28,5798.73,0,0,2241.53,15982.71,224.56,0,13459.38,1399.44,3659.53,71533.7,0,16981.87,0,0,87035.15,0,0,0,2595.54,2401.33,0,23817.76,27766.13,70.16,2534.79,16299.52,0,0,0,0
2006-10-08 21:00:00,0,1994.87,0,279.64,10405.56,6035.61,5461.72,0,0,2109.05,15036.54,219.85,0,12753.75,1304.6,3433.75,69572.93,0,16383.05,0,0,82454.26,0,0,0,2587.09,2312.64,0,23354.15,27335.8,67.67,2374.02,15264.19,0,0,0,0
2006-10-08 22:00:00,0,1932.99,0,264.12,9595.31,5536.89,5117.54,0,0,1975.83,14069.11,202.93,0,12043.65,1227.42,3254.82,67073.68,0,15693.07,0,0,78683.87,0,0,0,2451.89,2238.18,0,21843.63,26844.91,65.38,2244.11,14379.55,0,0,0,0
2006-10-08 23:00:00,0,1803.08,0,247.27,8937.86,5055.36,4769.09,0,0,1833.34,12922.48,185.53,0,11339.97,1151.63,3093.03,64043.16,0,14965.97,0,0,75345.74,0,0,0,2306.91,2133.27,0,20569.54,25628.06,63.25,2125.73,13758.73,0,0,0,0
2006-10-09 00:00:00,0,1687.21,0,230.47,8417.62,4581.36,4420.7,0,0,1688.21,11823.18,168.48,0,10745.26,1077.37,2948.44,61305.75,0,14261.53,0,0,72580.37,0,0,0,2169.61,2015.12,0,19480.93,24463.35,61.39,2007.02,12915.62,0,0,0,0
2006-10-09 01:00:00,0,1595.71,0,215.87,7961.49,4188.12,4141.87,0,0,1559.2,10759.2,153.06,0,10425.94,1014.57,2829.12,58692.22,0,13639.25,0,0,70259.76,0,0,0,2071.31,1899.87,0,18626.6,23357.81,60.25,1863.74,12050.03,0,0,0,0
2006-10-09 02:00:00,0,1541.89,0,206.48,7670.31,3852.59,3922.01,0,0,1443.32,9963.91,140.11,0,10174.26,970.43,2750.74,56479.84,0,13123.23,0,0,68652.91,0,0,0,2018.28,1819.99,0,18080.53,22259.57,59.54,1716.49,11498.18,0,0,0,0
2006-10-09 03:00:00,0,1496.08,0,203.4,7499.8,3554.19,3798.19,0,0,1371.77,9438.23,136.24,0,10169.09,933.09,2715.0,55130.46,0,12899.65,0,0,67521.53,0,0,0,1994.09,1789.93,0,17721.73,21665.43,58.4,1575.62,11353.76,0,0,0,0
2006-10-09 04:00:00,0,1513.45,0,206.01,7423.03,3502.14,3824.01,0,0,1345.69,9226.06,138.25,0,10205.76,916.7,2789.89,54843.95,0,12952.23,0,0,68006.11,0,0,0,1994.18,1774.6,0,17729.34,21423.73,57.38,1516.55,11415.37,0,0,0,0
2006-10-09 05:00:00,0,1577.2,0,216.03,7622.0,3581.71,3990.58,0,0,1363.43,9251.65,143.23,0,10348.77,941.37,2886.97,55836.7,0,13311.58,0,0,69070.72,0,0,0,2045.06,1779.01,0,18120.34,21457.49,57.02,1552.73,11711.04,0,0,0,0
2006-10-09 06:00:00,0,1653.03,0,223.96,8025.89,3727.62,4187.81,0,0,1389.65,9478.97,148.58,0,10506.07,976.91,2974.79,57385.16,0,13682.39,0,0,70070.9,0,0,0,2112.49,1800.0,0,18524.01,21755.28,56.87,1596.23,12048.57,0,0,0,0
2006-10-09 07:00:00,0,1729.96,0,239.64,8610.89,4146.73,4535.07,0,0,1515.08,10272.72,156.1,0,11550.51,1078.84,3115.12,59200.63,0,14642.55,0,0,74055.86,0,0,0,2193.17,1843.73,0,19220.47,22376.33,57.72,1691.41,12675.7,0,0,0,0
2006-10-09 08:00:00,0,1813.59,0,249.22,9070.57,4744.52,4928.59,0,0,1633.23,11690.03,164.14,0,11792.49,1140.77,3376.24,63028.79,0,15163.93,0,0,74972.18,0,0,0,2322.46,1939.6,0,20690.43,23436.27,59.29,1823.95,13625.64,0,0,0,0
2006-10-09 09:00:00,0,1836.49,0,258.11,9434.23,5132.95,5312.26,0,0,1750.85,13009.92,175.31,0,12057.26,1202.71,3596.88,65298.66,0,15746.04,0,0,79132.79,0,0,0,2405.27,2058.53,0,21268.48,24354.88,61.51,1984.4,14097.13,0,0,0,0
2006-10-09 10:00:00,0,1845.94,0,269.32,9906.62,5464.92,5532.91,0,0,1926.38,14441.14,183.42,0,12418.67,1265.22,3860.62,67916.7,0,16315.86,0,0,83725.0,0,0,0,2468.13,2160.34,0,21983.23,25161.86,63.85,2128.95,14889.11,0,0,0,0
2006-10-09 11:00:00,0,1882.14,0,281.47,10466.67,5816.33,5834.92,0,0,2105.17,15675.85,189.72,0,12853.27,1328.1,4142.43,69819.84,0,16878.0,0,0,87838.98,0,0,0,2528.68,2239.96,0,22812.49,25675.14,66.61,2336.91,15586.45,0,0,0,0
2006-10-09 12:00:00,0,1938.94,0,297.05,10787.0,6063.49,6069.11,0,0,2246.89,16515.87,199.07,0,13218.89,1404.39,4374.61,71000.13,0,17312.31,0,0,91870.06,0,0,0,2593.44,2301.63,0,23675.06,26153.87,69.21,2508.37,16650.24,0,0,0,0
2006-10-09 13:00:00,0,1997.93,0,306.79,11048.86,6282.41,6402.25,0,0,2329.11,17356.89,206.82,0,13547.73,1473.22,4532.06,72804.38,0,17637.07,0,0,95308.93,0,0,0,2672.01,2381.08,0,24767.0,26711.91,70.13,2627.93,17612.7,0,0,0,0
2006-10-09 14:00:00,0,2038.81,0,309.33,11280.34,6509.06,6778.14,0,0,2365.62,17897.25,213.97,0,13925.33,1509.39,4616.14,74078.43,0,18023.21,0,0,98117.35,0,0,0,2732.6,2496.68,0,25500.1,27140.25,70.09,2713.22,18381.2,0,0,0,0
2006-10-09 15:00:00,0,2064.9,0,314.68,11594.33,6664.81,7001.81,0,0,2359.48,18136.55,217.17,0,14376.86,1523.2,4719.72,74634.22,0,18540.68,0,0,100470.46,0,0,0,2824.99,2614.07,0,25976.62,27462.31,68.47,2729.61,19049.73,0,0,0,0
2006-10-09 16:00:00,0,2094.21,0,327.83,11899.03,6687.49,7009.67,0,0,2339.11,18069.68,220.45,0,14695.71,1527.64,4784.88,74366.13,0,18800.17,0,0,102146.66,0,0,0,2899.77,2676.47,0,26536.06,27626.62,66.69,2657.57,19474.65,0,0,0,0
2006-10-09 17:00:00,0,2058.9,0,326.77,11745.71,6605.9,6868.14,0,0,2312.69,17584.06,223.12,0,14461.03,1529.51,4708.36,74804.83,0,18438.06,0,0,100966.44,0,0,0,2917.0,2698.57,0,26978.73,27444.57,64.18,2554.06,19107.95,0,0,0,0
2006-10-09 18:00:00,0,1989.63,0,302.46,10939.37,6021.04,6525.87,0,0,2162.77,16226.44,214.6,0,14178.04,1442.07,4323.92,73912.93,0,18022.6,0,0,96122.84,0,0,0,2865.12,2633.87,0,25195.28,27076.23,59.76,2307.93,17766.12,0,0,0,0
2006-10-09 19:00:00,0,2140.74,0,364.67,12577.13,6802.2,7611.72,0,0,2383.7,17181.47,268.5,0,15548.53,1673.84,4531.15,75071.32,0,19631.6,0,0,100306.11,0,0,0,2855.18,2690.31,0,28190.27,29299.92,77.68,2721.33,19200.37,0,0,0,0
2006-10-09 20:00:00,0,2109.99,0,345.41,12168.05,6244.03,7047.45,0,0,2164.75,15868.54,252.68,0,14368.23,1532.78,4253.45,73485.1,0,18505.34,0,0,93993.82,0,0,0,2804.82,2599.56,0,27071.58,29207.27,74.35,2493.94,18659.42,0,0,0,0
2006-10-09 21:00:00,0,2088.21,0,322.52,11530.38,5777.3,6509.05,0,0,1968.76,14678.57,238.92,0,13284.6,1398.41,4012.66,71707.2,0,17472.47,0,0,88482.06,0,0,0,2707.62,2461.84,0,25836.07,28944.8,69.81,2299.71,18160.08,0,0,0,0
2006-10-09 22:00:00,0,1980.82,0,296.94,10576.94,5204.91,5984.62,0,0,1798.29,13504.39,216.93,0,12403.59,1293.01,3792.22,68938.64,0,16383.27,0,0,83688.03,0,0,0,2551.97,2346.74,0,23818.61,28133.82,66.44,2122.11,16795.49,0,0,0,0
2006-10-09 23:00:00,0,1832.95,0,274.68,9729.94,4666.31,5582.2,0,0,1651.55,12313.8,195.88,0,11521.64,1201.37,3574.64,65855.27,0,15373.02,0,0,79701.44,0,0,0,2393.79,2224.32,0,22270.65,26678.06,63.1,1958.22,15487.33,0,0,0,0
2006-10-10 00:00:00,0,1717.21,0,251.87,9020.15,4194.54,5198.33,0,0,1511.09,11242.72,178.57,0,10713.92,1111.51,3394.23,63059.44,0,14389.02,0,0,76266.01,0,0,0,2258.77,2112.38,0,20956.94,25356.36,60.31,1805.9,14374.16,0,0,0,0
2006-10-10 01:00:00,0,1615.79,0,230.63,8519.76,3744.48,4831.93,0,0,1377.61,10351.5,160.91,0,10201.94,1023.87,3230.8,60518.83,0,13481.73,0,0,73107.08,0,0,0,2146.78,2016.2,0,19733.53,24147.58,58.4,1659.08,13515.61,0,0,0,0
2006-10-10 02:00:00,0,1538.42,0,213.88,8301.26,3434.9,4535.29,0,0,1268.25,9565.79,146.54,0,10028.19,957.11,3094.33,58257.26,0,12874.73,0,0,70391.04,0,0,0,2100.05,1974.81,0,18939.98,23045.17,56.4,1548.97,12920.81,0,0,0,0
2006-10-10 03:00:00,0,1484.58,0,212.98,8270.99,3392.63,4563.46,0,0,1255.46,9228.72,142.9,0,10042.61,950.24,3034.2,57264.56,0,12626.85,0,0,69868.65,0,0,0,2094.84,1977.61,0,18778.42,22579.74,55.32,1530.16,12828.08,0,0,0,0
2006-10-10 04:00:00,0,1489.34,0,221.28,8539.7,3605.44,4746.04,0,0,1304.97,9482.6,148.78,0,10175.0,992.05,3109.97,58372.1,0,12806.59,0,0,70978.44,0,0,0,2148.36,2015.24,0,19229.57,22706.74,56.01,1580.74,13034.49,0,0,0,0
2006-10-10 05:00:00,0,1581.4,0,229.57,9014.06,3825.53,4927.27,0,0,1355.71,9824.11,154.45,0,10480.63,1035.93,3200.03,60118.6,0,13287.37,0,0,72817.22,0,0,0,2218.1,2060.78,0,19780.41,23250.88,57.53,1638.8,13425.53,0,0,0,0
2006-10-10 06:00:00,0,1666.73,0,237.64,9492.98,4039.78,5123.87,0,0,1406.6,10141.77,159.91,0,10841.16,1082.34,3293.84,61865.78,0,13781.5,0,0,74704.58,0,0,0,2287.09,2103.66,0,20300.68,24102.11,59.15,1704.91,13826.71,0,0,0,0
2006-10-10 07:00:00,0,1755.18,0,257.65,10313.55,4416.91,5446.52,0,0,1549.24,10855.44,171.25,0,12098.51,1168.99,3437.8,63696.97,0,15289.44,0,0,80980.78,0,0,0,2393.42,2166.19,0,21111.16,24926.7,60.5,1816.97,14384.95,0,0,0,0
2006-10-10 08:00:00,0,1898.4,0,275.81,10591.71,4767.17,5707.76,0,0,1678.87,11982.23,183.47,0,12514.38,1244.18,3559.64,68122.02,0,16010.05,0,0,83832.6,0,0,0,2483.08,2255.25,0,21812.37,26133.8,62.34,1897.69,15083.92,0,0,0,0
2006-10-10 09:00:00,0,1972.48,0,302.03,10688.23,5024.06,5922.3,0,0,1815.14,12909.32,192.58,0,12872.33,1322.15,3695.88,70458.19,0,16528.06,0,0,86800.4,0,0,0,2585.43,2329.82,0,22935.74,27079.52,64.21,2063.63,15510.05,0,0,0,0
2006-10-10 10:00:00,0,1984.05,0,312.85,10902.0,5337.22,6127.78,0,0,1915.21,13931.46,199.82,0,13168.55,1379.51,3906.33,72234.26,0,16955.95,0,0,89611.98,0,0,0,2682.19,2418.12,0,24206.3,27688.04,66.08,2150.44,16202.16,0,0,0,0
2006-10-10 11:00:00,0,1962.8,0,326.54,11192.58,5678.43,6277.61,0,0,2073.77,15187.9,208.35,0,13345.86,1441.52,4117.33,73869.1,0,17510.19,0,0,92341.94,0,0,0,2767.75,2501.75,0,25313.66,28077.37,68.08,2334.99,17034.33,0,0,0,0
2006-10-10 12:00:00,0,1955.6,0,344.77,11531.25,6067.63,6535.27,0,0,2230.24,16184.11,219.45,0,13404.57,1545.63,4314.15,75120.14,0,18037.43,0,0,95636.38,0,0,0,2857.1,2572.92,0,26506.37,28333.86,70.17,2490.29,17648.97,0,0,0,0
2006-10-10 13:00:00,0,1966.93,0,362.72,11921.44,6469.9,6902.25,0,0,2350.12,17200.4,230.11,0,13406.01,1633.65,4475.64,76103.34,0,18442.22,0,0,98300.14,0,0,0,2936.69,2656.0,0,27759.93,28571.22,72.3,2631.41,18582.17,0,0,0,0
2006-10-10 14:00:00,0,1982.25,0,380.19,12255.09,6901.17,7226.85,0,0,2450.19,18084.64,240.69,0,13407.55,1705.22,4609.9,76689.46,0,18805.93,0,0,100338.61,0,0,0,3016.05,2751.06,0,28902.46,28700.1,74.68,2754.85,19478.34,0,0,0,0
2006-10-10 15:00:00,0,2005.17,0,396.3,12522.45,7264.52,7479.52,0,0,2527.52,18670.62,253.19,0,13556.39,1755.08,4714.07,77434.57,0,18928.46,0,0,101001.16,0,0,0,3082.09,2837.68,0,29830.64,28793.11,75.6,2841.77,20139.94,0,0,0,0
2006-10-10 16:00:00,0,2071.41,0,401.87,12690.46,7445.78,7532.04,0,0,2556.89,18953.03,265.51,0,13752.33,1777.48,4749.52,77482.02,0,18871.5,0,0,100933.91,0,0,0,3116.19,2891.03,0,30174.23,28815.98,75.75,2853.69,20449.26,0,0,0,0
2006-10-10 17:00:00,0,2114.06,0,400.07,12831.28,7467.25,7443.88,0,0,2563.43,18626.17,273.89,0,13802.04,1776.74,4656.53,77761.87,0,18367.94,0,0,99406.46,0,0,0,3131.01,2895.51,0,30227.12,28729.5,75.57,2876.74,20065.15,0,0,0,0
2006-10-10 18:00:00,0,2162.41,0,376.77,12043.02,6884.2,7094.26,0,0,2383.1,17356.03,263.44,0,14074.29,1699.05,4356.76,76617.54,0,18100.14,0,0,95723.86,0,0,0,3097.87,2886.09,0,28117.8,28494.27,73.73,2765.53,18978.43,0,0,0,0
2006-10-10 19:00:00,0,2110.93,0,390.47,12605.64,7142.11,7664.4,0,0,2435.37,17650.93,291.83,0,14471.39,1735.91,4595.22,76247.18,0,18939.7,0,0,100019.43,0,0,0,3074.24,2856.87,0,29130.76,28440.49,77.56,2849.22,19774.59,0,0,0,0
2006-10-10 20:00:00,0,2133.12,0,373.06,12205.73,6595.6,7022.2,0,0,2225.56,16278.46,271.52,0,13474.4,1575.82,4314.73,74891.42,0,17991.17,0,0,94018.96,0,0,0,2977.03,2731.46,0,28108.3,28474.3,73.44,2621.41,19387.41,0,0,0,0
2006-10-10 21:00:00,0,2159.07,0,341.05,11624.33,6046.82,6422.37,0,0,2022.68,15012.23,251.02,0,12551.23,1435.14,4067.68,72897.16,0,17113.24,0,0,88800.98,0,0,0,2818.17,2590.49,0,26907.46,28301.48,69.62,2431.61,18750.23,0,0,0,0
2006-10-10 22:00:00,0,2055.33,0,311.59,10672.46,5440.74,5859.28,0,0,1843.06,13655.92,223.31,0,11667.88,1313.22,3813.32,70351.36,0,16033.8,0,0,84155.73,0,0,0,2595.06,2393.87,0,24975.39,27626.73,65.87,2250.86,17386.18,0,0,0,0
2006-10-10 23:00:00,0,1929.56,0,283.73,9787.57,4901.79,5448.51,0,0,1680.19,12375.68,202.42,0,10990.43,1221.68,3577.15,67599.95,0,15096.98,0,0,80103.88,0,0,0,2422.32,2247.3,0,23296.67,26264.45,62.91,2071.99,16030.28,0,0,0,0
2006-10-11 00:00:00,0,1811.5,0,261.24,9065.23,4384.43,5054.81,0,0,1531.05,11286.51,184.25,0,10334.15,1140.1,3389.67,65064.87,0,14154.17,0,0,76922.31,0,0,0,2266.22,2108.2,0,21804.12,24981.05,60.54,1897.9,14993.74,0,0,0,0
2006-10-11 01:00:00,0,1706.74,0,235.94,8580.89,3894.62,4694.07,0,0,1397.25,10355.22,166.22,0,9905.22,1068.77,3232.67,62507.38,0,13227.69,0,0,73751.31,0,0,0,2154.13,1975.32,0,20455.68,23768.08,58.42,1737.51,14253.16,0,0,0,0
2006-10-11 02:00:00,0,1641.59,0,221.08,8296.31,3552.16,4445.18,0,0,1296.44,9548.44,152.75,0,9844.32,1003.44,3092.59,60555.12,0,12695.81,0,0,71133.13,0,0,0,2087.76,1931.21,0,19529.02,22927.36,56.22,1606.33,13696.0,0,0,0,0
2006-10-11 03:00:00,0,1639.34,0,218.79,8282.32,3539.55,4454.47,0,0,1271.63,9110.04,148.13,0,9934.24,992.08,3019.15,59654.91,0,12550.88,0,0,70697.74,0,0,0,2065.57,1947.76,0,19155.48,22509.25,55.47,1578.85,13666.22,0,0,0,0
2006-10-11 04:00:00,0,1718.69,0,225.46,8572.59,3732.29,4647.89,0,0,1320.22,9364.2,154.91,0,10224.69,1028.56,3115.31,60417.35,0,12868.61,0,0,72458.26,0,0,0,2118.11,1988.08,0,19536.83,22670.25,56.02,1624.66,13739.65,0,0,0,0
2006-10-11 05:00:00,0,1804.14,0,234.03,9061.42,3941.74,4857.16,0,0,1375.67,9729.21,159.54,0,10586.26,1071.8,3220.58,62120.53,0,13375.39,0,0,74810.14,0,0,0,2190.66,2029.75,0,20131.33,23431.52,58.08,1684.06,14105.35,0,0,0,0
2006-10-11 06:00:00,0,1893.39,0,241.1,9550.0,4149.92,5071.3,0,0,1423.88,10006.93,165.19,0,11069.25,1113.58,3329.03,63718.34,0,13949.07,0,0,77024.39,0,0,0,2262.16,2073.6,0,20760.54,24374.36,59.5,1751.61,14458.14,0,0,0,0
2006-10-11 07:00:00,0,1982.69,0,257.64,10391.69,4473.98,5393.84,0,0,1564.0,10878.27,175.67,0,12601.54,1202.29,3454.5,65223.86,0,15725.1,0,0,82044.64,0,0,0,2379.28,2129.75,0,21422.91,25272.02,60.98,1870.53,14852.89,0,0,0,0
2006-10-11 08:00:00,0,2139.34,0,279.19,10877.31,4898.72,5743.35,0,0,1693.91,12027.23,189.66,0,13099.99,1291.96,3674.32,68101.52,0,16381.47,0,0,84823.22,0,0,0,2468.82,2189.22,0,22361.23,27013.53,63.48,2029.38,15550.94,0,0,0,0
2006-10-11 09:00:00,0,2125.96,0,306.91,11100.36,5261.84,6001.39,0,0,1842.46,13107.3,200.27,0,13337.47,1381.33,3808.8,70694.41,0,16826.13,0,0,86055.53,0,0,0,2548.52,2290.01,0,23463.98,27361.17,64.32,2215.95,16076.44,0,0,0,0
2006-10-11 10:00:00,0,2108.03,0,324.06,11301.63,5641.64,6237.45,0,0,1967.59,14312.88,207.16,0,13428.88,1442.18,3865.09,72005.89,0,17213.85,0,0,87458.13,0,0,0,2638.73,2375.47,0,24480.94,27358.75,65.49,2423.32,16474.29,0,0,0,0
2006-10-11 11:00:00,0,2070.68,0,338.81,11447.11,6188.69,6434.89,0,0,2153.72,15761.42,217.5,0,13576.98,1519.26,3919.51,73200.78,0,17696.33,0,0,89210.5,0,0,0,2762.83,2458.61,0,25472.26,27657.2,67.01,2681.6,16864.81,0,0,0,0
2006-10-11 12:00:00,0,2032.75,0,350.35,11558.64,6779.86,6575.63,0,0,2342.43,17167.49,235.87,0,13733.9,1640.53,3983.22,74464.62,0,18001.38,0,0,90818.37,0,0,0,2872.43,2550.79,0,26711.66,27904.84,68.41,2903.57,17196.78,0,0,0,0
2006-10-11 13:00:00,0,1995.88,0,375.7,11854.75,7315.88,6787.22,0,0,2514.57,18381.71,253.72,0,13901.47,1753.31,4008.08,75166.27,0,18290.61,0,0,91858.63,0,0,0,2980.3,2667.39,0,27995.35,27865.52,69.8,3057.21,17496.76,0,0,0,0
2006-10-11 14:00:00,0,1981.72,0,400.77,12085.36,7793.92,7002.55,0,0,2651.66,19317.07,270.22,0,14124.08,1800.69,4046.98,75130.09,0,18698.47,0,0,92636.82,0,0,0,3062.75,2784.79,0,29281.63,27721.28,70.48,3185.43,17743.45,0,0,0,0
2006-10-11 15:00:00,0,1975.25,0,413.63,12256.85,8132.62,7257.77,0,0,2740.7,19926.55,283.96,0,14327.63,1858.19,4072.79,74769.02,0,18795.24,0,0,93006.8,0,0,0,3112.71,2877.99,0,30129.87,27601.82,70.2,3219.02,17959.07,0,0,0,0
2006-10-11 16:00:00,0,1953.63,0,397.52,12411.58,8308.91,7391.47,0,0,2775.42,20127.43,294.43,0,14422.98,1875.17,4071.33,73956.66,0,18694.44,0,0,92977.4,0,0,0,3134.77,2905.16,0,30359.24,27327.52,69.34,3233.79,17943.53,0,0,0,0
2006-10-11 17:00:00,0,1946.22,0,384.2,12535.35,8285.07,7422.64,0,0,2766.54,19647.81,299.23,0,14504.14,1874.86,4052.14,72961.31,0,18666.24,0,0,92770.27,0,0,0,3091.2,2885.55,0,30250.78,26981.01,68.27,3240.05,18035.63,0,0,0,0
2006-10-11 18:00:00,0,1943.09,0,358.31,12014.52,7776.34,7044.07,0,0,2649.15,18503.41,280.34,0,14629.14,1737.83,3964.92,72653.76,0,18758.78,0,0,92618.04,0,0,0,2954.43,2790.47,0,28814.41,26683.92,67.03,3157.93,17518.12,0,0,0,0
2006-10-11 19:00:00,0,2121.21,0,384.13,12523.56,7752.06,7539.97,0,0,2633.0,18456.77,293.76,0,14449.61,1801.69,4052.59,73934.84,0,19113.76,0,0,92284.47,0,0,0,3039.32,2811.06,0,29106.43,27874.76,71.07,3110.33,17988.06,0,0,0,0
2006-10-11 20:00:00,0,2200.53,0,365.44,12235.63,7230.48,6943.84,0,0,2402.73,17055.24,272.0,0,13457.14,1635.63,3840.82,73251.6,0,18191.41,0,0,87322.47,0,0,0,2927.61,2671.68,0,28021.27,28177.39,67.78,2902.48,17554.01,0,0,0,0
2006-10-11 21:00:00,0,2309.66,0,345.04,11619.31,6673.35,6389.37,0,0,2205.92,15851.89,254.16,0,12513.5,1487.56,3652.37,71774.92,0,17167.5,0,0,83258.37,0,0,0,2773.13,2511.24,0,26868.64,28104.33,65.95,2705.18,17057.18,0,0,0,0
2006-10-11 22:00:00,0,2250.96,0,319.48,10802.62,6018.51,5901.4,0,0,2017.77,14655.35,230.23,0,11654.72,1360.72,3479.69,69782.34,0,16001.76,0,0,79619.24,0,0,0,2599.11,2390.91,0,25005.82,27567.26,64.31,2511.45,15892.54,0,0,0,0
2006-10-11 23:00:00,0,2215.8,0,296.62,10080.57,5456.14,5543.74,0,0,1851.01,13460.01,209.74,0,11024.55,1263.06,3307.3,67920.11,0,14971.95,0,0,76340.16,0,0,0,2447.88,2271.93,0,23236.08,26620.63,63.14,2319.33,14782.02,0,0,0,0
2006-10-12 00:00:00,0,2167.44,0,273.93,9467.66,4914.32,5234.34,0,0,1705.41,12322.13,190.27,0,10424.29,1172.83,3175.91,65901.46,0,14107.5,0,0,73051.69,0,0,0,2327.98,2159.02,0,21735.65,25739.47,61.98,2133.22,13894.35,0,0,0,0
2006-10-12 01:00:00,0,2133.63,0,248.37,8905.02,4405.3,4928.18,0,0,1571.59,11346.38,171.3,0,9984.54,1082.63,3062.08,63717.5,0,13316.82,0,0,70147.39,0,0,0,2222.91,2057.07,0,20461.36,24821.49,61.25,1958.07,13047.63,0,0,0,0
2006-10-12 02:00:00,0,2141.26,0,233.69,8659.69,4029.47,4705.83,0,0,1442.35,10521.94,157.4,0,9972.34,1013.92,3017.52,61382.13,0,12859.24,0,0,68058.13,0,0,0,2166.78,2009.68,0,19551.75,24038.74,61.18,1823.38,12447.9,0,0,0,0
2006-10-12 03:00:00,0,2182.1,0,234.49,8603.68,4018.15,4717.91,0,0,1429.35,10174.92,152.48,0,10203.51,997.58,2988.95,60015.17,0,12998.27,0,0,67683.99,0,0,0,2152.01,1994.53,0,19146.61,23810.29,61.62,1820.36,12233.85,0,0,0,0
2006-10-12 04:00:00,0,2274.09,0,244.24,8750.57,4201.39,4888.03,0,0,1480.73,10424.93,158.74,0,10583.25,1037.0,3109.91,61439.42,0,13530.19,0,0,68889.99,0,0,0,2171.56,2021.31,0,19233.33,24161.85,63.39,1894.54,12527.73,0,0,0,0
2006-10-12 05:00:00,0,2359.37,0,248.33,9164.19,4399.87,5077.87,0,0,1533.9,10798.68,165.79,0,10988.66,1080.4,3333.26,63258.3,0,14052.19,0,0,70511.79,0,0,0,2233.84,2063.38,0,19524.62,24875.51,65.85,1968.33,13175.41,0,0,0,0
2006-10-12 06:00:00,0,2430.23,0,252.32,9589.74,4605.16,5225.62,0,0,1585.0,11230.98,172.93,0,11388.84,1129.12,3626.83,65074.06,0,14574.88,0,0,72306.45,0,0,0,2296.61,2100.29,0,19869.83,25742.34,68.91,2041.9,13938.58,0,0,0,0
2006-10-12 07:00:00,0,2492.93,0,261.65,10213.47,4886.07,5494.15,0,0,1695.73,11943.36,182.39,0,12087.06,1225.36,3873.47,66844.58,0,15432.61,0,0,76407.66,0,0,0,2412.28,2166.16,0,20587.09,26559.6,71.15,2175.19,14865.52,0,0,0,0
2006-10-12 08:00:00,0,2569.22,0,284.63,10263.5,5305.51,5761.85,0,0,1858.98,12995.85,203.28,0,12828.93,1329.81,4087.05,71078.43,0,16458.62,0,0,81139.8,0,0,0,2507.86,2247.09,0,21514.41,27864.44,72.73,2333.02,16201.95,0,0,0,0
2006-10-12 09:00:00,0,2535.26,0,295.04,10324.14,5805.66,5977.19,0,0,2000.33,14109.98,225.56,0,13252.75,1422.6,4073.68,72474.76,0,16872.97,0,0,82809.76,0,0,0,2574.83,2324.53,0,22027.51,28484.17,74.14,2549.61,16435.84,0,0,0,0
2006-10-12 10:00:00,0,2454.2,0,303.98,10604.86,6224.35,6042.35,0,0,2138.41,15109.16,233.58,0,13623.25,1538.59,4116.25,72680.58,0,17241.02,0,0,83665.33,0,0,0,2621.55,2395.8,0,23002.09,28716.75,75.05,2782.19,16927.54,0,0,0,0
2006-10-12 11:00:00,0,2378.41,0,315.94,10868.07,6837.73,6108.39,0,0,2306.19,16111.1,250.62,0,13973.59,1679.33,4110.64,73004.87,0,17658.87,0,0,84094.63,0,0,0,2687.17,2487.28,0,23680.68,28887.34,75.95,3025.11,17045.73,0,0,0,0
2006-10-12 12:00:00,0,2299.76,0,334.04,10889.66,7589.27,6262.5,0,0,2502.48,17474.81,270.02,0,14297.9,1804.43,4087.66,73328.24,0,17900.94,0,0,83198.81,0,0,0,2768.17,2581.46,0,24103.3,28774.85,76.39,3223.68,16821.7,0,0,0,0
2006-10-12 13:00:00,0,2226.8,0,351.19,10855.53,8231.64,6371.27,0,0,2705.14,18303.52,288.11,0,14584.67,1892.86,4053.24,73032.77,0,18072.14,0,0,82716.48,0,0,0,2831.35,2672.07,0,24386.66,28532.66,76.18,3384.7,16642.59,0,0,0,0
2006-10-12 14:00:00,0,2143.87,0,364.09,10778.54,8700.78,6464.03,0,0,2855.06,19219.16,300.94,0,14784.67,1929.2,3972.27,72243.25,0,18165.68,0,0,82410.4,0,0,0,2865.36,2724.66,0,24543.8,28139.44,75.39,3490.98,16720.18,0,0,0,0
2006-10-12 15:00:00,0,2072.18,0,369.66,10703.02,9010.7,6558.17,0,0,2874.23,19600.02,310.66,0,14846.54,1928.91,3818.88,71536.37,0,18118.7,0,0,81424.75,0,0,0,2859.79,2742.32,0,24593.19,27640.32,73.51,3577.62,16568.23,0,0,0,0
2006-10-12 16:00:00,0,1993.33,0,370.25,10597.44,9121.2,6603.23,0,0,2891.76,19831.87,316.04,0,14910.74,1918.22,3703.29,71189.13,0,17973.54,0,0,80948.18,0,0,0,2828.45,2731.57,0,24537.81,27141.36,71.21,3608.6,16652.08,0,0,0,0
2006-10-12 17:00:00,0,1973.17,0,363.63,10565.48,8950.27,6463.19,0,0,2858.21,19399.84,314.36,0,14832.0,1874.1,3607.19,70966.53,0,17753.57,0,0,81538.27,0,0,0,2781.07,2721.09,0,24155.73,26664.8,68.4,3529.84,16381.6,0,0,0,0
2006-10-12 18:00:00,0,2009.36,0,336.69,10736.39,8099.24,6199.91,0,0,2676.09,18211.57,289.66,0,14733.76,1643.88,3682.61,71425.66,0,17729.69,0,0,82441.64,0,0,0,2638.55,2603.04,0,23128.75,26418.61,66.61,3300.95,16563.24,0,0,0,0
2006-10-12 19:00:00,0,2272.99,0,369.88,11310.64,8006.13,6849.46,0,0,2678.99,18134.42,306.89,0,15238.18,1751.05,4116.74,74476.45,0,19021.72,0,0,89610.1,0,0,0,2769.62,2667.69,0,24562.19,28398.82,74.3,3224.09,17368.41,0,0,0,0
2006-10-12 20:00:00,0,2466.82,0,347.27,11230.79,7411.37,6275.38,0,0,2454.73,16906.57,282.21,0,14075.22,1555.4,4057.86,74266.17,0,18237.31,0,0,86398.47,0,0,0,2682.7,2560.57,0,24246.99,29067.12,73.17,2959.08,17877.15,0,0,0,0
2006-10-12 21:00:00,0,2593.05,0,323.57,10899.8,6817.64,5788.05,0,0,2260.65,15803.43,265.67,0,12883.71,1389.95,3999.83,73085.81,0,17488.83,0,0,83472.34,0,0,0,2541.92,2458.58,0,23834.55,29347.46,72.16,2741.1,17875.23,0,0,0,0
2006-10-12 22:00:00,0,2549.49,0,297.13,10202.77,6204.08,5430.6,0,0,2088.69,14615.19,238.04,0,11814.06,1263.97,3942.96,71113.36,0,16527.53,0,0,80701.19,0,0,0,2391.55,2334.37,0,22721.05,28996.53,71.24,2546.15,17153.45,0,0,0,0
2006-10-12 23:00:00,0,2500.22,0,274.68,9645.26,5654.55,5113.96,0,0,1921.17,13500.23,212.34,0,11091.14,1167.06,3859.67,69076.26,0,15431.7,0,0,77915.37,0,0,0,2255.7,2211.5,0,21518.89,28140.33,70.35,2357.54,16570.99,0,0,0,0
2006-10-13 00:00:00,0,2450.13,0,254.67,9151.03,5098.45,4810.57,0,0,1768.43,12358.52,188.5,0,10520.98,1075.46,3794.72,66845.81,0,14326.7,0,0,75268.17,0,0,0,2125.56,2093.41,0,20338.73,27315.13,69.47,2183.6,16044.54,0,0,0,0
2006-10-13 01:00:00,0,2404.64,0,233.68,8864.26,4601.61,4556.52,0,0,1631.61,11326.97,167.57,0,10113.11,997.45,3721.02,64489.68,0,13325.05,0,0,72914.06,0,0,0,2012.49,1996.79,0,19275.25,26414.45,68.87,2021.93,15607.34,0,0,0,0
2006-10-13 02:00:00,0,2388.41,0,215.27,8755.48,4265.04,4428.2,0,0,1511.85,10479.91,149.31,0,10072.25,938.96,3669.63,62377.39,0,12879.58,0,0,71594.91,0,0,0,1951.48,1950.53,0,18828.01,25566.55,68.65,1917.6,15563.96,0,0,0,0
2006-10-13 03:00:00,0,2427.4,0,206.78,8901.31,4064.71,4545.94,0,0,1474.78,10087.13,139.94,0,10216.02,919.72,3672.93,61007.39,0,12701.87,0,0,71795.41,0,0,0,1946.2,2018.15,0,18600.6,25217.74,70.18,1871.35,15880.38,0,0,0,0
2006-10-13 04:00:00,0,2511.65,0,210.6,9416.8,4187.05,4943.73,0,0,1503.34,10326.07,142.33,0,10554.66,958.85,3814.95,62031.17,0,12902.23,0,0,73675.1,0,0,0,2014.06,2090.96,0,18950.57,25554.91,72.32,1916.07,16507.89,0,0,0,0
2006-10-13 05:00:00,0,2598.8,0,219.21,10045.58,4330.93,5326.05,0,0,1527.71,10618.11,147.01,0,10932.74,1006.63,3975.16,63801.43,0,13447.16,0,0,76092.13,0,0,0,2113.5,2170.56,0,19523.94,26261.45,74.39,1955.81,17184.13,0,0,0,0
2006-10-13 06:00:00,0,2690.54,0,225.55,10638.26,4477.71,5665.02,0,0,1555.8,10919.28,151.7,0,11295.41,1049.2,4147.14,65560.24,0,14064.3,0,0,78433.64,0,0,0,2206.21,2257.38,0,20013.1,27153.61,76.09,2006.91,17866.25,0,0,0,0
2006-10-13 07:00:00,0,2786.81,0,241.24,11714.76,4725.79,6048.16,0,0,1659.57,11558.71,159.05,0,12634.48,1151.01,4324.65,67307.23,0,15887.29,0,0,84452.47,0,0,0,2398.49,2321.69,0,21137.85,28039.82,78.03,2107.31,18632.64,0,0,0,0
2006-10-13 08:00:00,0,2885.63,0,259.15,11885.0,5196.04,6100.78,0,0,1831.46,12628.77,172.81,0,12812.44,1238.71,4406.52,71538.44,0,16185.93,0,0,84650.21,0,0,0,2440.22,2322.42,0,22794.18,29412.55,79.76,2312.84,19595.29,0,0,0,0
2006-10-13 09:00:00,0,2616.16,0,293.85,11870.04,5734.01,6103.16,0,0,2002.37,13963.17,186.44,0,12837.2,1382.44,4120.23,72810.66,0,16337.18,0,0,83441.06,0,0,0,2417.95,2317.2,0,23047.57,29016.53,78.45,2492.61,18708.25,0,0,0,0
2006-10-13 10:00:00,0,2320.06,0,334.42,11886.39,6320.21,6099.19,0,0,2193.93,15409.22,203.65,0,12919.84,1490.58,3970.81,72443.06,0,16483.79,0,0,82301.49,0,0,0,2421.99,2341.78,0,23477.5,28082.77,76.18,2670.65,18130.01,0,0,0,0
2006-10-13 11:00:00,0,2155.04,0,335.11,11572.1,6954.11,6103.92,0,0,2404.58,16886.33,216.24,0,12960.68,1563.15,3910.69,72367.86,0,16589.65,0,0,81516.74,0,0,0,2467.21,2415.45,0,23754.08,27725.53,74.81,2896.94,17676.01,0,0,0,0
2006-10-13 12:00:00,0,2050.79,0,326.84,11222.36,7502.08,6046.98,0,0,2591.05,18214.87,232.29,0,12852.33,1647.57,3866.36,72342.48,0,16650.86,0,0,81007.08,0,0,0,2506.48,2456.9,0,23633.85,27485.08,73.55,3114.15,17137.56,0,0,0,0
2006-10-13 13:00:00,0,1956.5,0,325.08,10890.68,7894.32,5973.36,0,0,2721.24,19228.49,252.86,0,12707.9,1714.75,3829.56,71861.43,0,16636.74,0,0,80476.07,0,0,0,2548.39,2492.97,0,23349.69,27326.7,71.38,3278.72,16463.23,0,0,0,0
2006-10-13 14:00:00,0,1883.41,0,332.36,10630.81,8174.68,6079.76,0,0,2803.71,19945.9,269.93,0,12604.15,1758.38,3764.64,70932.49,0,16604.8,0,0,79404.64,0,0,0,2563.94,2526.2,0,22946.07,27130.87,69.17,3370.6,15801.82,0,0,0,0
2006-10-13 15:00:00,0,1846.31,0,347.74,10361.91,8345.71,6115.74,0,0,2842.04,20351.04,278.79,0,12695.28,1796.66,3665.43,69929.96,0,16595.71,0,0,78817.42,0,0,0,2542.46,2513.19,0,22519.71,26821.71,67.54,3416.86,15274.0,0,0,0,0
2006-10-13 16:00:00,0,1800.54,0,350.43,10312.26,8399.86,6116.91,0,0,2837.02,20349.35,268.76,0,12950.32,1739.26,3551.49,69604.02,0,16761.68,0,0,79251.8,0,0,0,2535.45,2502.68,0,22475.16,26487.44,66.04,3395.1,15078.83,0,0,0,0
2006-10-13 17:00:00,0,1804.89,0,352.44,10493.15,8257.09,6158.53,0,0,2797.35,19711.28,263.85,0,13875.55,1668.51,3487.04,69317.76,0,17398.22,0,0,80689.72,0,0,0,2490.8,2475.14,0,22312.67,26223.93,64.48,3339.28,15158.53,0,0,0,0
2006-10-13 18:00:00,0,1875.2,0,323.41,10909.12,7537.35,6257.83,0,0,2631.96,18494.71,251.74,0,14276.58,1542.98,3600.22,70297.03,0,17960.51,0,0,82314.33,0,0,0,2482.68,2429.57,0,22021.94,26037.59,64.76,3168.44,15789.22,0,0,0,0
2006-10-13 19:00:00,0,2051.72,0,301.93,10647.36,7121.61,6252.06,0,0,2516.63,18084.97,249.46,0,13885.23,1567.21,3874.8,70512.07,0,17611.1,0,0,83072.9,0,0,0,2483.7,2588.6,0,22304.04,26253.6,65.91,2951.04,15721.72,0,0,0,0
2006-10-13 20:00:00,0,2174.42,0,286.07,10809.45,6646.66,6029.42,0,0,2303.44,16672.73,232.79,0,13065.62,1467.0,3846.25,70501.22,0,16967.98,0,0,80376.93,0,0,0,2482.09,2569.96,0,23103.43,26968.18,63.87,2742.92,16488.51,0,0,0,0
2006-10-13 21:00:00,0,2295.89,0,276.63,10806.2,6162.63,5841.38,0,0,2125.89,15457.92,222.42,0,12271.72,1363.2,3798.23,69834.39,0,16345.84,0,0,77707.29,0,0,0,2462.53,2498.86,0,23056.7,26815.21,62.58,2552.51,16931.63,0,0,0,0
2006-10-13 22:00:00,0,2280.2,0,255.3,10501.74,5575.35,5661.8,0,0,1964.54,14373.13,217.31,0,11481.56,1267.85,3729.18,68088.84,0,15572.83,0,0,74823.83,0,0,0,2350.71,2415.09,0,22426.49,26212.4,61.14,2373.21,16356.25,0,0,0,0
2006-10-13 23:00:00,0,2223.74,0,235.15,10285.22,5023.91,5492.88,0,0,1816.16,13278.38,201.3,0,10745.9,1166.77,3638.21,66168.77,0,14692.98,0,0,72521.47,0,0,0,2257.7,2348.73,0,21794.56,25548.63,59.59,2219.82,15807.55,0,0,0,0
2006-10-14 00:00:00,0,2172.11,0,219.72,10020.67,4524.42,5334.89,0,0,1673.77,12183.24,177.2,0,10039.82,1094.53,3547.31,64064.64,0,13861.36,0,0,70032.08,0,0,0,2189.76,2324.48,0,21257.79,24913.55,58.07,2070.86,15248.63,0,0,0,0
2006-10-14 01:00:00,0,2113.42,0,209.21,9715.99,4051.81,5179.73,0,0,1543.88,11243.9,158.77,0,9655.46,1047.82,3475.78,62009.76,0,13080.99,0,0,67869.33,0,0,0,2141.27,2364.5,0,20972.53,24304.85,56.6,1937.92,14744.23,0,0,0,0
2006-10-14 02:00:00,0,2083.73,0,201.24,9548.21,3689.04,5171.78,0,0,1433.49,10559.46,146.15,0,9643.65,997.64,3425.82,60088.79,0,12508.46,0,0,66544.44,0,0,0,2158.26,2449.07,0,20850.98,23711.0,55.87,1772.28,14706.09,0,0,0,0
2006-10-14 03:00:00,0,2106.6,0,197.88,9491.56,3443.47,5287.07,0,0,1365.88,10052.16,134.43,0,9660.26,962.73,3385.83,58914.02,0,12248.07,0,0,65488.93,0,0,0,2209.25,2541.83,0,20875.05,23303.89,55.29,1653.63,14770.35,0,0,0,0
2006-10-14 04:00:00,0,2160.55,0,201.48,9645.97,3383.8,5532.63,0,0,1315.44,9745.13,127.34,0,9723.71,951.13,3394.08,58474.17,0,12226.53,0,0,66126.08,0,0,0,2275.64,2636.53,0,21163.03,23222.49,55.76,1592.36,14895.41,0,0,0,0
2006-10-14 05:00:00,0,2239.99,0,212.16,9952.48,3412.61,5857.13,0,0,1316.62,9620.97,128.12,0,9782.8,981.07,3469.87,58960.54,0,12358.96,0,0,67495.5,0,0,0,2379.69,2728.37,0,21566.21,23544.11,56.62,1559.17,15175.99,0,0,0,0
2006-10-14 06:00:00,0,2344.27,0,222.47,10395.99,3495.44,6214.65,0,0,1338.67,9615.08,130.95,0,9998.69,1123.49,3592.1,60345.36,0,12533.91,0,0,69052.94,0,0,0,2499.78,2815.7,0,22023.24,24077.54,57.82,1570.28,15547.19,0,0,0,0
2006-10-14 07:00:00,0,2439.17,0,231.96,10939.04,3751.16,6500.75,0,0,1399.7,10184.17,138.65,0,10136.74,1190.94,3725.93,61631.59,0,13126.47,0,0,71381.69,0,0,0,2606.13,2881.49,0,22552.87,24579.53,59.38,1633.16,16065.19,0,0,0,0
2006-10-14 08:00:00,0,2557.7,0,239.3,11296.31,4158.9,6395.19,0,0,1521.87,11333.46,144.45,0,10232.29,1202.59,3687.34,63125.29,0,13447.33,0,0,70802.17,0,0,0,2518.71,2778.31,0,23870.66,25138.12,60.12,1728.01,16720.56,0,0,0,0
2006-10-14 09:00:00,0,2437.81,0,232.59,10276.88,4666.43,6034.13,0,0,1650.99,12647.42,152.47,0,10613.12,1173.45,3516.33,64564.63,0,13758.09,0,0,69881.53,0,0,0,2396.31,2605.52,0,21800.22,25242.58,59.26,1856.02,15934.55,0,0,0,0
2006-10-14 10:00:00,0,2224.44,0,248.25,9831.81,4958.95,5606.94,0,0,1776.89,13953.53,160.17,0,10879.52,1184.89,3379.38,65146.73,0,14029.26,0,0,69580.08,0,0,0,2265.25,2479.22,0,21193.02,24913.73,57.43,1947.62,15219.53,0,0,0,0
2006-10-14 11:00:00,0,2118.31,0,260.55,9522.67,5104.54,5313.19,0,0,1864.81,15182.63,166.08,0,11009.57,1191.85,3292.08,65589.27,0,14308.43,0,0,69712.8,0,0,0,2226.24,2426.29,0,21082.11,24631.7,57.5,2050.52,14627.56,0,0,0,0
2006-10-14 12:00:00,0,2054.18,0,268.67,9123.41,5207.46,5084.48,0,0,1948.75,16192.04,171.55,0,11071.02,1209.01,3232.24,65775.71,0,14410.76,0,0,69745.09,0,0,0,2187.09,2373.42,0,21139.89,24513.6,58.1,2127.82,14354.66,0,0,0,0
2006-10-14 13:00:00,0,1996.21,0,274.82,8854.51,5448.14,4934.8,0,0,2051.81,16988.19,175.04,0,11039.91,1235.43,3207.36,65688.79,0,14479.72,0,0,69514.22,0,0,0,2151.07,2293.89,0,21240.52,24537.01,58.1,2212.68,13902.19,0,0,0,0
2006-10-14 14:00:00,0,1935.4,0,277.77,8709.77,5654.91,4817.3,0,0,2101.18,17311.44,177.99,0,10993.17,1270.49,3179.5,65178.19,0,14569.98,0,0,69144.39,0,0,0,2159.13,2234.98,0,21385.09,24599.42,57.82,2344.39,13491.0,0,0,0,0
2006-10-14 15:00:00,0,1878.55,0,277.53,8677.64,5768.79,4775.25,0,0,2125.46,17247.78,184.16,0,11273.32,1293.38,3142.26,64372.11,0,14764.59,0,0,68800.13,0,0,0,2163.51,2207.81,0,21473.3,24690.87,57.03,2403.98,13297.08,0,0,0,0
2006-10-14 16:00:00,0,1839.27,0,276.84,8705.24,5883.25,4820.17,0,0,2117.24,16986.77,190.91,0,11620.81,1333.24,3134.73,63741.75,0,15079.02,0,0,69072.85,0,0,0,2184.97,2250.38,0,21784.49,24815.07,55.82,2415.58,13484.31,0,0,0,0
2006-10-14 17:00:00,0,1818.31,0,276.49,8877.69,5913.52,5103.93,0,0,2101.36,16533.62,193.9,0,12582.97,1331.17,3150.95,63636.05,0,15609.36,0,0,70749.82,0,0,0,2205.35,2306.98,0,21646.46,24970.61,54.38,2413.92,13631.33,0,0,0,0
2006-10-14 18:00:00,0,1862.43,0,266.09,9370.05,5433.42,5371.86,0,0,1998.53,15795.54,191.38,0,13057.36,1196.95,3314.26,64663.77,0,16139.76,0,0,73809.43,0,0,0,2249.74,2356.52,0,20482.87,24657.61,54.16,2222.56,13880.5,0,0,0,0
2006-10-14 19:00:00,0,1962.39,0,287.84,10585.49,5812.26,6361.57,0,0,2063.09,15742.38,212.37,0,13916.97,1464.31,3842.35,69470.04,0,17646.98,0,0,83760.86,0,0,0,2480.92,2643.01,0,22430.29,26490.96,66.32,2469.99,15340.11,0,0,0,0
2006-10-14 20:00:00,0,2070.85,0,277.87,10772.66,5494.98,6150.0,0,0,1884.43,14403.45,202.29,0,13119.86,1395.69,3818.93,69372.23,0,17061.12,0,0,81347.41,0,0,0,2512.2,2662.06,0,22833.21,27097.33,63.55,2288.64,15957.05,0,0,0,0
2006-10-14 21:00:00,0,2189.72,0,266.21,10754.84,5232.27,5992.31,0,0,1746.93,13290.15,197.72,0,12354.1,1350.17,3764.43,69073.2,0,16519.27,0,0,78802.44,0,0,0,2492.49,2631.72,0,22721.83,27040.75,62.18,2130.82,16445.73,0,0,0,0
2006-10-14 22:00:00,0,2181.94,0,247.12,10402.11,4842.8,5831.91,0,0,1616.77,12298.22,190.72,0,11636.42,1305.28,3687.22,67545.9,0,15795.52,0,0,76589.5,0,0,0,2382.69,2576.51,0,21872.88,26334.12,60.7,1978.1,15899.31,0,0,0,0
2006-10-14 23:00:00,0,2101.15,0,230.36,10140.43,4456.09,5693.89,0,0,1508.18,11370.0,175.43,0,10987.11,1250.82,3590.91,65383.22,0,14822.49,0,0,74561.26,0,0,0,2292.62,2526.61,0,20998.61,25622.42,59.31,1835.81,15366.82,0,0,0,0
2006-10-15 00:00:00,0,2013.04,0,217.65,9892.52,4085.77,5558.9,0,0,1414.15,10518.5,161.61,0,10309.06,1198.74,3492.57,62975.35,0,13935.14,0,0,72036.14,0,0,0,2220.39,2486.07,0,20221.71,24889.2,57.86,1726.65,14849.28,0,0,0,0
2006-10-15 01:00:00,0,1931.54,0,208.23,9599.42,3753.78,5450.47,0,0,1329.02,9768.46,148.56,0,9751.09,1167.21,3426.45,60745.09,0,13131.2,0,0,69989.66,0,0,0,2164.76,2476.83,0,19806.98,24117.95,56.13,1621.41,14402.43,0,0,0,0
2006-10-15 02:00:00,0,1877.26,0,198.9,9400.22,3547.39,5415.28,0,0,1252.27,9112.67,139.51,0,9679.95,1134.92,3382.94,59071.55,0,12528.69,0,0,68367.43,0,0,0,2153.93,2507.36,0,19611.42,23377.75,54.7,1528.92,14283.98,0,0,0,0
2006-10-15 03:00:00,0,1835.64,0,191.36,9312.84,3448.41,5509.69,0,0,1206.22,8734.45,132.26,0,9692.28,1117.84,3344.42,57941.84,0,12236.33,0,0,67625.78,0,0,0,2161.0,2546.19,0,19517.91,22907.39,53.58,1488.59,14294.3,0,0,0,0
2006-10-15 04:00:00,0,1830.16,0,186.55,9446.77,3531.05,5727.38,0,0,1189.67,8595.65,129.53,0,9758.76,1134.65,3344.19,57291.05,0,12226.51,0,0,68171.95,0,0,0,2207.31,2615.53,0,19768.51,22673.45,53.2,1470.97,14326.38,0,0,0,0
2006-10-15 05:00:00,0,1873.42,0,190.92,9767.54,3638.66,6031.01,0,0,1214.63,8713.23,133.8,0,9957.89,1169.15,3396.16,57726.97,0,12379.2,0,0,69241.75,0,0,0,2295.99,2698.07,0,20223.89,22889.05,53.03,1494.56,14527.72,0,0,0,0
2006-10-15 06:00:00,0,1919.63,0,196.68,10239.57,3807.44,6379.33,0,0,1256.08,8992.7,139.36,0,10220.22,1210.25,3482.48,58739.66,0,12581.23,0,0,70441.95,0,0,0,2408.25,2785.62,0,20905.24,23313.72,53.55,1524.77,14818.26,0,0,0,0
2006-10-15 07:00:00,0,1984.53,0,204.17,10796.07,3941.47,6709.31,0,0,1320.19,9618.58,144.43,0,10381.05,1224.62,3583.69,60016.27,0,13115.36,0,0,72222.1,0,0,0,2522.84,2847.87,0,21523.11,23738.37,54.33,1575.22,15234.66,0,0,0,0
2006-10-15 08:00:00,0,2082.02,0,213.99,11082.02,4169.07,6527.28,0,0,1418.24,10787.23,147.28,0,10618.82,1191.03,3611.51,61303.12,0,13547.31,0,0,71823.45,0,0,0,2485.97,2741.85,0,22795.43,24090.23,55.03,1684.59,15965.38,0,0,0,0
2006-10-15 09:00:00,0,2142.52,0,226.68,10411.51,4603.96,6182.86,0,0,1564.95,12090.46,154.26,0,10788.81,1124.11,3465.49,62182.73,0,13839.11,0,0,70543.5,0,0,0,2330.5,2518.09,0,20797.77,24804.27,55.42,1816.24,15435.33,0,0,0,0
2006-10-15 10:00:00,0,2141.42,0,252.01,10052.52,5008.95,5882.95,0,0,1687.57,13294.46,164.21,0,10954.64,1180.34,3393.92,63226.1,0,14012.46,0,0,69670.26,0,0,0,2240.71,2377.79,0,20597.28,25296.59,56.08,1924.34,15085.06,0,0,0,0
2006-10-15 11:00:00,0,2141.97,0,265.36,10058.16,5328.17,5650.42,0,0,1820.94,14282.02,172.15,0,11094.07,1218.03,3351.23,64393.79,0,14205.9,0,0,69812.07,0,0,0,2188.71,2326.46,0,20837.84,25704.13,56.72,2037.61,14790.46,0,0,0,0
2006-10-15 12:00:00,0,2141.05,0,273.75,10091.93,5665.88,5571.11,0,0,1948.01,15108.62,177.61,0,11192.22,1273.49,3329.86,64833.74,0,14384.97,0,0,70106.69,0,0,0,2214.81,2335.04,0,21123.37,26003.66,58.1,2215.63,14513.1,0,0,0,0
2006-10-15 13:00:00,0,2145.42,0,282.4,9910.11,5930.4,5567.86,0,0,2031.9,15623.12,182.48,0,11193.9,1304.71,3288.07,65125.45,0,14476.5,0,0,70119.02,0,0,0,2239.77,2319.06,0,21410.74,26399.22,58.87,2380.99,14287.89,0,0,0,0
2006-10-15 14:00:00,0,2154.65,0,290.46,9483.5,6144.59,5480.6,0,0,2079.19,15863.03,189.02,0,11166.13,1320.92,3235.8,65258.46,0,14585.98,0,0,69591.33,0,0,0,2253.71,2313.68,0,21601.37,26809.34,59.9,2540.04,14011.68,0,0,0,0
2006-10-15 15:00:00,0,2169.55,0,295.36,9216.31,6434.36,5340.61,0,0,2112.43,16107.07,196.39,0,11426.75,1341.71,3226.52,65722.51,0,14846.91,0,0,69350.42,0,0,0,2266.48,2306.36,0,21722.45,27089.04,59.9,2665.59,14301.5,0,0,0,0
2006-10-15 16:00:00,0,2207.65,0,295.85,9169.91,6557.57,5323.65,0,0,2135.56,16060.6,209.28,0,11727.53,1345.47,3262.35,65954.36,0,15258.66,0,0,70163.75,0,0,0,2246.77,2330.87,0,22195.03,27297.72,60.09,2722.14,14575.61,0,0,0,0
2006-10-15 17:00:00,0,2239.64,0,295.31,9302.24,6555.12,5462.74,0,0,2129.6,15806.46,212.28,0,12714.89,1352.29,3286.98,66214.39,0,15850.38,0,0,72558.66,0,0,0,2236.64,2337.42,0,21925.36,27366.93,60.5,2704.63,14439.78,0,0,0,0
2006-10-15 18:00:00,0,2280.69,0,275.79,9599.32,5893.31,5517.87,0,0,2028.09,15250.65,205.45,0,13135.53,1262.46,3334.41,66813.09,0,16349.66,0,0,75763.11,0,0,0,2259.69,2357.61,0,20875.52,27250.49,60.04,2456.69,14328.44,0,0,0,0
2006-10-15 19:00:00,0,2231.95,0,335.95,11497.14,6618.49,6645.93,0,0,2287.7,15996.55,244.91,0,14772.55,1533.65,3877.53,73532.71,0,18661.97,0,0,87987.97,0,0,0,2628.28,2600.28,0,23771.61,29187.31,73.07,2776.57,17276.54,0,0,0,0
2006-10-15 20:00:00,0,2263.96,0,321.28,11515.89,6080.74,6315.84,0,0,2082.44,14924.35,230.87,0,13838.23,1411.57,3742.71,72774.41,0,17936.41,0,0,84430.17,0,0,0,2635.45,2584.55,0,24032.17,29372.83,69.88,2553.89,17373.75,0,0,0,0
2006-10-15 21:00:00,0,2285.64,0,305.66,11277.83,5699.17,6042.01,0,0,1913.12,13962.77,221.12,0,13001.23,1309.29,3616.13,71408.86,0,17232.89,0,0,81407.86,0,0,0,2553.79,2516.87,0,23705.11,29220.27,66.89,2366.4,17212.49,0,0,0,0
2006-10-15 22:00:00,0,2183.93,0,286.51,10705.52,5210.16,5797.83,0,0,1774.96,12982.36,202.71,0,12208.55,1224.23,3507.15,69594.28,0,16240.7,0,0,78534.46,0,0,0,2437.86,2417.36,0,22661.2,28500.92,64.79,2193.46,16459.98,0,0,0,0
2006-10-15 23:00:00,0,2059.35,0,263.83,10202.84,4725.22,5547.76,0,0,1646.54,11989.3,185.91,0,11422.05,1146.84,3390.54,67233.41,0,15270.9,0,0,75902.87,0,0,0,2316.39,2311.73,0,21638.41,27156.14,62.31,2029.97,15712.44,0,0,0,0
2006-10-16 00:00:00,0,1936.28,0,235.2,9735.79,4272.65,5306.8,0,0,1528.26,11166.12,170.02,0,10767.57,1078.51,3271.69,64711.68,0,14279.55,0,0,73094.02,0,0,0,2199.13,2219.05,0,20684.44,25993.69,60.92,1869.68,15019.52,0,0,0,0
2006-10-16 01:00:00,0,1799.81,0,229.22,9374.57,3824.27,5127.95,0,0,1412.34,10426.92,154.16,0,10442.64,1015.77,3165.04,62198.17,0,13363.85,0,0,70395.18,0,0,0,2103.5,2167.61,0,19690.46,24778.74,59.72,1709.35,14339.25,0,0,0,0
2006-10-16 02:00:00,0,1653.1,0,219.03,9064.13,3537.16,5030.21,0,0,1320.62,9766.08,141.52,0,10400.94,954.97,3080.48,59954.06,0,12898.58,0,0,69054.55,0,0,0,2040.46,2203.31,0,19111.23,23797.78,58.08,1592.41,13740.2,0,0,0,0
2006-10-16 03:00:00,0,1606.38,0,205.97,9200.88,3504.33,5183.5,0,0,1292.69,9459.66,136.31,0,10473.74,931.59,3100.0,59116.79,0,12713.87,0,0,69646.61,0,0,0,2053.08,2283.37,0,18976.59,23323.97,57.13,1561.26,13768.01,0,0,0,0
2006-10-16 04:00:00,0,1638.21,0,223.21,9500.93,3720.14,5427.37,0,0,1339.04,9694.32,142.48,0,10780.24,962.16,3211.95,60053.51,0,13018.7,0,0,71834.06,0,0,0,2160.27,2369.55,0,19367.04,23255.12,57.63,1629.15,13875.98,0,0,0,0
2006-10-16 05:00:00,0,1703.35,0,234.04,10004.57,3946.16,5682.87,0,0,1396.92,10058.25,150.63,0,11136.62,1009.3,3344.97,61896.9,0,13568.44,0,0,74261.62,0,0,0,2273.4,2427.54,0,19827.81,23739.26,59.06,1710.3,14235.05,0,0,0,0
2006-10-16 06:00:00,0,1762.23,0,243.19,10584.02,4169.09,5996.22,0,0,1456.67,10442.95,159.47,0,11478.26,1048.5,3454.45,63876.26,0,14126.82,0,0,76697.06,0,0,0,2381.83,2501.21,0,20526.52,24527.64,60.58,1779.48,14616.43,0,0,0,0
2006-10-16 07:00:00,0,1838.34,0,253.27,11536.12,4459.34,6340.27,0,0,1589.63,11262.34,165.92,0,12720.92,1161.77,3565.46,65446.06,0,15839.16,0,0,82455.04,0,0,0,2531.91,2546.1,0,21366.4,25362.48,61.85,1880.93,15071.76,0,0,0,0
2006-10-16 08:00:00,0,1946.73,0,281.58,11858.08,4900.11,6512.71,0,0,1751.65,12505.52,180.81,0,12846.59,1273.14,3750.46,67997.2,0,15999.39,0,0,82610.45,0,0,0,2566.31,2465.57,0,22657.75,26337.83,63.39,2068.91,15945.42,0,0,0,0
2006-10-16 09:00:00,0,2063.8,0,296.77,11540.93,5298.68,6126.39,0,0,1907.33,13466.26,193.45,0,12943.77,1346.25,3773.41,70440.23,0,16241.23,0,0,82314.0,0,0,0,2435.59,2289.81,0,23179.68,27477.32,65.26,2262.51,16562.33,0,0,0,0
2006-10-16 10:00:00,0,2116.37,0,313.38,11330.76,5585.86,5959.57,0,0,1994.68,14164.0,204.89,0,13051.73,1395.0,3793.5,72058.41,0,16463.35,0,0,82838.41,0,0,0,2415.03,2291.39,0,23208.96,28081.27,67.22,2371.35,16800.19,0,0,0,0
2006-10-16 11:00:00,0,2161.38,0,327.2,11167.53,5961.34,5838.78,0,0,2114.96,14995.93,207.26,0,13164.89,1443.91,3788.89,73126.0,0,16644.61,0,0,83311.79,0,0,0,2449.39,2334.71,0,23315.33,28555.75,68.98,2538.43,16940.63,0,0,0,0
2006-10-16 12:00:00,0,2192.39,0,338.24,11066.48,6411.3,5804.1,0,0,2214.19,15780.95,219.21,0,13193.05,1481.8,3823.86,74053.46,0,16764.51,0,0,83319.9,0,0,0,2528.34,2408.85,0,23436.91,28871.94,70.86,2728.36,16924.5,0,0,0,0
2006-10-16 13:00:00,0,2215.97,0,352.3,11052.43,6787.7,5858.98,0,0,2295.86,16345.41,233.13,0,13087.93,1524.28,3861.25,74888.24,0,16863.71,0,0,83204.94,0,0,0,2615.62,2496.41,0,23546.0,29092.21,72.17,2887.99,17022.6,0,0,0,0
2006-10-16 14:00:00,0,2246.95,0,361.38,10990.11,7078.36,5966.74,0,0,2349.1,16720.21,247.89,0,13010.24,1572.55,3884.2,75587.55,0,16881.52,0,0,83299.52,0,0,0,2673.5,2545.38,0,23848.19,29340.36,72.46,3027.68,17068.03,0,0,0,0
2006-10-16 15:00:00,0,2271.26,0,367.24,10921.63,7281.17,6069.27,0,0,2365.25,16977.02,254.78,0,13023.81,1599.77,3889.22,75920.85,0,16917.52,0,0,84109.66,0,0,0,2704.65,2618.92,0,23962.7,29367.33,72.68,3104.28,17054.55,0,0,0,0
2006-10-16 16:00:00,0,2284.33,0,374.9,10886.82,7314.7,6097.83,0,0,2363.48,17045.49,263.24,0,13213.92,1620.79,3881.24,76165.58,0,17186.56,0,0,84652.61,0,0,0,2759.35,2672.1,0,24052.08,29483.95,73.06,3135.11,17094.27,0,0,0,0
2006-10-16 17:00:00,0,2295.76,0,366.19,11017.78,7144.41,6060.59,0,0,2344.23,16952.19,264.1,0,14043.9,1629.63,3891.35,76537.37,0,17489.35,0,0,85497.93,0,0,0,2773.15,2671.3,0,24078.96,29562.01,72.85,3108.9,17143.75,0,0,0,0
2006-10-16 18:00:00,0,2341.22,0,346.55,11251.15,6891.94,6116.94,0,0,2301.23,16694.94,257.87,0,14380.58,1593.72,3915.78,76729.04,0,17915.74,0,0,86252.08,0,0,0,2742.08,2637.77,0,24278.75,29390.18,72.47,2992.63,17235.56,0,0,0,0
2006-10-16 19:00:00,0,2232.4,0,369.1,11702.04,7248.88,6672.23,0,0,2380.27,16717.44,269.54,0,14661.55,1697.44,3991.04,78299.47,0,18567.86,0,0,87272.18,0,0,0,2789.09,2715.06,0,24632.43,28784.87,71.35,2995.66,17910.75,0,0,0,0
2006-10-16 20:00:00,0,2254.13,0,361.52,11657.55,6695.04,6271.2,0,0,2197.28,15637.03,256.46,0,13709.15,1569.84,3883.04,77251.91,0,17870.18,0,0,83893.0,0,0,0,2748.19,2644.55,0,24703.99,28797.56,67.94,2736.87,18022.37,0,0,0,0
2006-10-16 21:00:00,0,2259.76,0,349.24,11333.27,6200.56,5946.24,0,0,2024.95,14712.11,248.3,0,12812.17,1490.51,3788.05,75216.57,0,17197.99,0,0,81030.56,0,0,0,2668.74,2564.57,0,24185.03,28646.12,65.31,2505.99,17484.8,0,0,0,0
2006-10-16 22:00:00,0,2114.4,0,301.91,10636.95,5669.85,5662.89,0,0,1874.12,13750.99,227.01,0,11992.17,1397.29,3675.8,72938.9,0,16246.55,0,0,78431.81,0,0,0,2513.74,2485.22,0,22806.82,27846.3,62.68,2299.27,16964.99,0,0,0,0
2006-10-16 23:00:00,0,1962.02,0,272.93,10062.44,5137.37,5356.93,0,0,1738.82,12700.05,205.86,0,11192.51,1280.23,3535.01,70021.44,0,15258.22,0,0,75818.84,0,0,0,2367.34,2358.01,0,21542.98,26294.16,60.53,2118.38,16096.72,0,0,0,0
2006-10-17 00:00:00,0,1834.31,0,251.56,9453.88,4584.82,5023.33,0,0,1598.97,11643.57,185.94,0,10513.36,1175.0,3395.74,67177.16,0,14177.64,0,0,73254.48,0,0,0,2239.89,2224.54,0,20383.11,24910.24,58.89,1942.51,15257.58,0,0,0,0
2006-10-17 01:00:00,0,1702.3,0,231.99,8817.44,4086.97,4699.82,0,0,1455.59,10698.42,166.3,0,10275.23,1077.95,3254.92,64456.19,0,13325.13,0,0,71266.61,0,0,0,2122.17,2082.71,0,19259.46,23725.55,56.77,1779.14,14441.98,0,0,0,0
2006-10-17 02:00:00,0,1595.03,0,212.56,8501.54,3720.07,4483.24,0,0,1342.1,9901.59,150.88,0,10274.49,1023.26,3104.78,61836.02,0,12863.87,0,0,69480.89,0,0,0,2039.29,2018.2,0,18710.03,22784.15,55.33,1641.45,13711.14,0,0,0,0
2006-10-17 03:00:00,0,1553.49,0,208.89,8413.33,3648.64,4507.36,0,0,1316.41,9567.62,144.5,0,10407.31,1018.87,3013.58,60307.69,0,12773.43,0,0,69511.56,0,0,0,2020.49,2011.2,0,18500.46,22368.46,54.37,1607.02,13081.92,0,0,0,0
2006-10-17 04:00:00,0,1610.59,0,218.55,8655.84,3841.69,4706.14,0,0,1361.88,9772.48,151.21,0,10687.33,1053.6,2985.14,61155.86,0,13223.31,0,0,71085.87,0,0,0,2069.89,2044.92,0,18797.05,22434.31,55.64,1674.7,12758.38,0,0,0,0
2006-10-17 05:00:00,0,1687.78,0,226.81,9139.8,4046.19,4947.4,0,0,1413.54,10130.51,158.17,0,11078.73,1094.4,3067.72,62718.73,0,13790.29,0,0,73041.81,0,0,0,2154.91,2087.46,0,19462.67,23158.95,56.77,1741.43,12873.12,0,0,0,0
2006-10-17 06:00:00,0,1761.84,0,235.74,9634.94,4258.46,5175.25,0,0,1468.42,10497.75,165.64,0,11469.93,1138.11,3190.94,64264.0,0,14368.31,0,0,75104.02,0,0,0,2232.43,2128.58,0,19840.29,24018.81,57.72,1813.56,13188.99,0,0,0,0
2006-10-17 07:00:00,0,1824.34,0,249.28,10254.11,4572.29,5418.26,0,0,1612.11,11361.11,174.96,0,12712.56,1222.89,3306.39,65823.39,0,15866.38,0,0,78744.09,0,0,0,2353.47,2182.49,0,20431.43,24866.09,59.51,1927.47,13645.88,0,0,0,0
2006-10-17 08:00:00,0,1900.85,0,293.95,10793.96,5059.88,5690.31,0,0,1811.3,12736.8,191.54,0,12794.64,1332.07,3476.95,68307.49,0,16543.4,0,0,83556.98,0,0,0,2445.39,2252.64,0,21347.17,26200.27,61.67,2140.27,14378.78,0,0,0,0
2006-10-17 09:00:00,0,1930.12,0,308.93,10965.98,5565.54,5882.13,0,0,2025.98,14439.1,204.5,0,13058.31,1426.37,3747.75,71083.54,0,16892.64,0,0,84904.26,0,0,0,2536.18,2316.69,0,22392.6,27038.31,63.73,2346.01,15138.43,0,0,0,0
2006-10-17 10:00:00,0,1900.94,0,327.47,11031.75,5973.09,6082.72,0,0,2143.76,15360.42,214.12,0,13309.28,1511.46,3789.26,73200.17,0,17370.28,0,0,85875.54,0,0,0,2633.69,2383.88,0,23153.34,27393.63,65.05,2512.59,15869.11,0,0,0,0
2006-10-17 11:00:00,0,1912.52,0,338.02,11053.4,6546.35,6243.83,0,0,2308.22,16545.73,224.35,0,13440.27,1583.0,3890.11,74769.97,0,17621.53,0,0,86519.92,0,0,0,2701.66,2461.21,0,23876.01,27827.0,66.25,2746.66,16299.95,0,0,0,0
2006-10-17 12:00:00,0,1931.82,0,355.3,11119.17,7304.38,6376.15,0,0,2470.88,17692.83,241.37,0,13590.57,1721.63,3917.25,76149.83,0,17695.25,0,0,87206.31,0,0,0,2752.5,2518.05,0,24715.65,28395.06,69.58,3011.05,16743.17,0,0,0,0
2006-10-17 13:00:00,0,1968.7,0,360.09,11163.47,7923.65,6493.21,0,0,2618.32,18630.79,261.23,0,13761.12,1842.69,3954.65,77492.82,0,17788.06,0,0,87940.47,0,0,0,2824.04,2565.65,0,25818.26,28921.13,73.49,3235.82,17157.05,0,0,0,0
2006-10-17 14:00:00,0,2020.4,0,370.6,11267.06,8381.95,6624.22,0,0,2730.07,19398.66,285.99,0,13898.19,1916.09,4004.06,78521.25,0,17842.66,0,0,88506.89,0,0,0,2876.83,2632.55,0,27107.75,29191.9,77.18,3392.07,17629.71,0,0,0,0
2006-10-17 15:00:00,0,2080.8,0,382.01,11402.43,8714.32,6732.77,0,0,2793.94,19854.61,306.76,0,14003.03,1933.95,4049.57,78856.4,0,17997.17,0,0,88959.14,0,0,0,2920.66,2696.67,0,28089.55,29160.41,79.9,3489.85,18069.35,0,0,0,0
2006-10-17 16:00:00,0,2136.57,0,387.24,11515.87,8843.24,6794.17,0,0,2804.38,19805.38,319.65,0,14240.5,1958.56,4077.15,78750.74,0,18178.2,0,0,89843.88,0,0,0,2949.98,2730.39,0,28907.57,29094.94,80.46,3520.66,18374.79,0,0,0,0
2006-10-17 17:00:00,0,2193.93,0,392.57,11563.52,8693.0,6855.22,0,0,2765.45,19319.95,323.01,0,14488.51,1928.71,4093.37,78261.55,0,18373.35,0,0,90627.1,0,0,0,2987.66,2767.73,0,29114.9,29440.48,79.58,3478.32,18667.56,0,0,0,0
2006-10-17 18:00:00,0,2215.22,0,392.03,11576.24,7994.81,6922.21,0,0,2618.79,18417.6,314.89,0,14735.42,1848.87,4065.33,77343.03,0,18507.18,0,0,91281.82,0,0,0,3008.74,2801.12,0,28657.85,29063.29,76.8,3293.18,18363.23,0,0,0,0
2006-10-17 19:00:00,0,2129.02,0,402.24,12257.92,7993.29,7541.35,0,0,2595.25,18218.87,325.61,0,14443.73,1882.2,4059.29,77520.66,0,19034.74,0,0,89949.97,0,0,0,2987.85,2785.28,0,28945.08,28596.31,78.23,3230.27,18727.82,0,0,0,0
2006-10-17 20:00:00,0,2089.13,0,391.62,12134.09,7511.65,7105.78,0,0,2404.28,17045.8,314.24,0,13499.4,1755.38,3856.92,75916.34,0,18331.43,0,0,86447.48,0,0,0,2948.59,2712.93,0,28314.69,28484.56,72.53,2986.89,18584.27,0,0,0,0
2006-10-17 21:00:00,0,2086.86,0,376.87,11577.63,6954.39,6654.26,0,0,2218.14,15914.09,300.92,0,12647.85,1633.22,3676.51,73930.33,0,17409.65,0,0,83247.81,0,0,0,2856.79,2579.92,0,27167.49,28264.59,68.55,2749.08,18214.41,0,0,0,0
2006-10-17 22:00:00,0,1963.08,0,349.03,10739.97,6298.0,6212.27,0,0,2044.04,14805.72,282.41,0,11796.21,1524.06,3496.58,71143.29,0,16197.76,0,0,80322.71,0,0,0,2653.25,2431.97,0,25299.87,27550.78,65.27,2552.13,17102.49,0,0,0,0
2006-10-17 23:00:00,0,1816.61,0,326.39,9942.98,5719.48,5828.26,0,0,1879.25,13674.94,255.66,0,10990.44,1420.38,3297.65,68019.94,0,15012.28,0,0,77588.97,0,0,0,2506.91,2305.21,0,23710.58,26132.42,62.19,2362.28,15930.01,0,0,0,0
2006-10-18 00:00:00,0,1688.44,0,305.6,9269.96,5162.22,5447.9,0,0,1732.86,12516.9,229.72,0,10301.19,1309.28,3105.63,65293.15,0,13905.49,0,0,75110.35,0,0,0,2363.13,2190.83,0,22250.71,24914.46,59.66,2178.28,14869.85,0,0,0,0
2006-10-18 01:00:00,0,1560.27,0,283.47,8700.1,4627.14,5090.58,0,0,1588.05,11514.4,206.46,0,9791.99,1213.72,2976.72,62744.02,0,13149.84,0,0,72721.72,0,0,0,2266.63,2102.51,0,21209.23,23777.37,57.34,1993.23,14042.76,0,0,0,0
2006-10-18 02:00:00,0,1470.99,0,264.16,8496.04,4254.04,4824.08,0,0,1471.22,10696.81,187.38,0,9696.07,1131.33,2867.93,60373.44,0,12644.53,0,0,70993.71,0,0,0,2231.21,2068.74,0,20624.87,22808.92,55.4,1864.58,13710.69,0,0,0,0
2006-10-18 03:00:00,0,1447.87,0,261.51,8553.58,4193.25,4886.19,0,0,1447.39,10320.2,179.95,0,9933.57,1104.91,2879.54,59605.5,0,12752.56,0,0,71523.35,0,0,0,2249.37,2051.06,0,20738.44,22374.79,53.97,1835.81,13735.76,0,0,0,0
2006-10-18 04:00:00,0,1518.13,0,274.86,8872.17,4325.09,5058.49,0,0,1488.67,10512.34,182.31,0,10347.73,1121.97,2986.05,60737.07,0,13286.86,0,0,73952.27,0,0,0,2328.22,2086.0,0,21365.23,22540.22,53.8,1883.91,13944.54,0,0,0,0
2006-10-18 05:00:00,0,1599.8,0,284.17,9406.37,4495.09,5243.6,0,0,1532.04,10830.26,185.3,0,10745.08,1165.28,3097.83,62460.25,0,13827.84,0,0,76397.97,0,0,0,2407.56,2126.99,0,21976.72,23205.14,55.12,1942.16,14269.88,0,0,0,0
2006-10-18 06:00:00,0,1699.22,0,290.69,9909.04,4690.01,5437.47,0,0,1582.47,11243.75,192.59,0,11137.61,1201.5,3205.81,64106.33,0,14361.85,0,0,78716.06,0,0,0,2472.21,2169.51,0,22606.69,24084.98,56.66,2010.54,14593.11,0,0,0,0
2006-10-18 07:00:00,0,1798.7,0,300.75,10600.19,4959.12,5707.83,0,0,1713.89,12039.14,200.33,0,11633.87,1264.44,3319.03,65661.58,0,15216.69,0,0,81994.72,0,0,0,2532.1,2219.53,0,23252.67,24988.08,58.36,2114.29,14916.54,0,0,0,0
2006-10-18 08:00:00,0,1926.66,0,334.49,11020.1,5526.12,6113.93,0,0,1946.71,13543.4,214.34,0,12423.35,1403.53,3507.13,68408.4,0,16384.59,0,0,86019.93,0,0,0,2637.06,2313.54,0,24221.29,26235.43,60.66,2324.27,15500.42,0,0,0,0
2006-10-18 09:00:00,0,1982.81,0,346.55,11268.98,6103.95,6439.16,0,0,2150.86,14859.35,232.66,0,13110.42,1491.0,3623.44,71267.46,0,16826.32,0,0,87773.95,0,0,0,2746.23,2430.43,0,25100.64,27355.18,63.69,2539.39,16149.89,0,0,0,0
2006-10-18 10:00:00,0,2008.16,0,349.18,11636.14,6791.32,6705.52,0,0,2361.77,16336.03,253.88,0,13449.39,1587.86,3691.24,73202.3,0,17266.36,0,0,89274.55,0,0,0,2858.32,2512.23,0,25843.59,27709.82,65.66,2811.32,16795.74,0,0,0,0
2006-10-18 11:00:00,0,2031.84,0,363.84,12252.9,7638.14,7017.31,0,0,2582.34,17882.79,266.23,0,13752.36,1768.28,3790.48,74878.92,0,17474.2,0,0,90927.67,0,0,0,2977.01,2590.72,0,27085.06,28028.7,67.66,3101.85,17268.69,0,0,0,0
2006-10-18 12:00:00,0,2043.34,0,372.33,13170.3,8401.17,7582.58,0,0,2788.52,19115.56,289.65,0,13989.93,1836.45,3902.84,76284.21,0,17895.1,0,0,92586.9,0,0,0,3161.82,2758.71,0,28807.97,28250.24,69.75,3333.07,17950.59,0,0,0,0
2006-10-18 13:00:00,0,2065.35,0,414.98,13882.66,8957.71,8131.75,0,0,2956.63,20178.33,320.99,0,14193.86,2020.7,4030.85,77544.11,0,18264.02,0,0,94241.84,0,0,0,3337.83,2933.39,0,30656.59,28390.64,71.45,3495.38,18790.35,0,0,0,0
2006-10-18 14:00:00,0,2094.49,0,420.85,14424.2,9305.46,8583.67,0,0,3037.99,20828.14,336.29,0,14438.5,2105.25,4171.48,78527.3,0,18593.8,0,0,95938.68,0,0,0,3478.95,3072.7,0,32054.25,28402.0,73.55,3620.97,19739.3,0,0,0,0
2006-10-18 15:00:00,0,2128.59,0,432.25,14762.23,9590.73,8831.49,0,0,3109.54,21212.53,341.68,0,14638.56,2086.41,4284.81,78909.55,0,18841.76,0,0,97378.43,0,0,0,3553.03,3163.82,0,32976.43,28331.55,75.06,3704.6,20377.78,0,0,0,0
2006-10-18 16:00:00,0,2186.31,0,438.64,14927.53,9560.87,8850.41,0,0,3077.95,20974.71,339.38,0,14649.27,2027.95,4338.95,78729.29,0,18896.3,0,0,98003.25,0,0,0,3539.31,3177.9,0,33293.58,28165.43,75.1,3659.18,20686.1,0,0,0,0
2006-10-18 17:00:00,0,2265.64,0,424.8,14736.77,9236.99,8713.1,0,0,3010.18,20370.75,337.57,0,14260.75,1983.8,4358.25,78128.19,0,18253.12,0,0,96946.94,0,0,0,3492.88,3155.47,0,33163.55,27995.96,74.15,3566.35,20516.85,0,0,0,0
2006-10-18 18:00:00,0,2328.3,0,411.12,13438.92,8589.94,8137.34,0,0,2837.49,19242.54,326.57,0,14165.29,1953.38,4130.68,76914.31,0,17959.68,0,0,93520.99,0,0,0,3333.4,3040.79,0,30637.51,27884.48,71.82,3393.82,18777.01,0,0,0,0
2006-10-18 19:00:00,0,2387.03,0,411.17,13973.97,8352.33,8345.38,0,0,2788.47,19013.32,329.66,0,14736.6,1939.65,4254.17,76895.99,0,18664.36,0,0,96155.56,0,0,0,3336.45,2968.53,0,31200.76,28297.15,72.31,3304.75,19505.8,0,0,0,0
2006-10-18 20:00:00,0,2465.45,0,403.13,13419.03,7809.02,7679.79,0,0,2571.7,17719.48,316.09,0,13616.74,1810.97,4020.13,75704.43,0,17760.67,0,0,90546.28,0,0,0,3207.96,2826.44,0,29976.4,28807.66,69.09,3045.08,18892.17,0,0,0,0
2006-10-18 21:00:00,0,2536.52,0,381.37,12647.54,7177.96,7084.97,0,0,2382.27,16574.92,297.18,0,12600.5,1686.94,3819.94,73708.42,0,16912.39,0,0,85632.25,0,0,0,2995.84,2653.85,0,28369.85,28850.06,66.44,2802.96,18331.36,0,0,0,0
2006-10-18 22:00:00,0,2422.21,0,353.15,11532.7,6506.48,6512.92,0,0,2206.99,15428.69,276.18,0,11681.75,1569.69,3640.86,71006.35,0,15790.17,0,0,81302.27,0,0,0,2763.75,2462.77,0,26176.83,28143.1,64.24,2599.16,16980.31,0,0,0,0
2006-10-18 23:00:00,0,2316.16,0,325.13,10532.24,5941.52,5972.04,0,0,2037.7,14303.91,255.4,0,10970.01,1466.86,3469.12,67944.57,0,14766.94,0,0,77409.13,0,0,0,2562.46,2269.55,0,24324.55,26999.91,63.13,2413.39,15753.46,0,0,0,0
2006-10-19 00:00:00,0,2227.64,0,300.48,9579.51,5395.05,5536.24,0,0,1877.11,13238.41,234.89,0,10268.36,1359.47,3301.82,65075.26,0,13757.91,0,0,73915.61,0,0,0,2379.99,2107.89,0,22717.34,26026.51,61.95,2231.25,14655.17,0,0,0,0
2006-10-19 01:00:00,0,2153.23,0,277.08,9004.81,4922.36,5135.19,0,0,1738.64,12239.78,216.56,0,9858.46,1254.15,3154.57,62312.88,0,12899.65,0,0,70739.07,0,0,0,2264.45,1984.89,0,21501.44,25094.55,61.06,2059.31,13808.33,0,0,0,0
2006-10-19 02:00:00,0,2131.97,0,256.12,8754.42,4623.99,4832.62,0,0,1610.78,11441.97,199.35,0,9800.1,1188.12,3032.95,59871.84,0,12470.65,0,0,68495.22,0,0,0,2200.74,1934.19,0,20770.35,24335.58,60.84,1966.17,13285.25,0,0,0,0
2006-10-19 03:00:00,0,2165.13,0,254.85,8691.81,4483.79,4757.59,0,0,1569.7,10998.85,192.94,0,9921.83,1177.42,2952.27,58854.6,0,12419.67,0,0,68501.04,0,0,0,2183.51,1956.8,0,20604.59,24163.6,61.09,1939.08,13220.89,0,0,0,0
2006-10-19 04:00:00,0,2264.97,0,263.44,8942.79,4646.79,4873.94,0,0,1614.69,11146.6,197.35,0,10191.02,1211.67,3032.8,59933.56,0,12866.91,0,0,70465.11,0,0,0,2246.87,1997.21,0,21007.13,24583.79,61.89,1995.53,13396.16,0,0,0,0
2006-10-19 05:00:00,0,2371.49,0,273.4,9402.2,4848.67,5002.23,0,0,1665.91,11498.67,201.67,0,10607.08,1259.2,3146.57,61644.65,0,13425.96,0,0,72660.58,0,0,0,2306.65,2034.36,0,21467.24,25460.57,63.57,2070.86,13689.81,0,0,0,0
2006-10-19 06:00:00,0,2478.22,0,283.93,9841.26,5043.69,5169.69,0,0,1713.15,11843.8,203.93,0,11019.43,1311.61,3254.22,63388.57,0,13932.57,0,0,74788.24,0,0,0,2359.44,2072.49,0,21897.32,26471.71,65.77,2142.18,14023.7,0,0,0,0
2006-10-19 07:00:00,0,2587.79,0,297.1,10522.12,5356.32,5425.8,0,0,1857.03,12632.73,211.76,0,12205.65,1374.5,3366.83,64900.51,0,15269.48,0,0,78482.0,0,0,0,2411.84,2116.12,0,22397.47,27436.21,68.54,2284.71,14453.08,0,0,0,0
2006-10-19 08:00:00,0,2710.78,0,321.63,10909.76,6008.24,5790.39,0,0,2086.19,14056.38,230.97,0,12462.87,1465.59,3640.98,67865.49,0,15963.73,0,0,82630.56,0,0,0,2486.84,2189.05,0,23272.17,28659.14,71.14,2548.16,15234.71,0,0,0,0
2006-10-19 09:00:00,0,2727.05,0,343.07,11136.76,6788.85,6126.96,0,0,2317.73,15473.25,250.71,0,12854.55,1537.57,3738.81,71110.04,0,16592.12,0,0,84238.76,0,0,0,2631.77,2294.68,0,24390.94,29383.25,72.5,2828.56,15810.28,0,0,0,0
2006-10-19 10:00:00,0,2632.93,0,371.62,11595.63,7555.32,6410.92,0,0,2537.52,17062.14,273.47,0,13154.09,1640.27,3770.87,72533.54,0,16986.57,0,0,85586.39,0,0,0,2777.5,2399.62,0,25556.72,29184.4,73.62,3051.3,16181.74,0,0,0,0
2006-10-19 11:00:00,0,2545.21,0,403.28,12156.43,8306.25,6858.64,0,0,2762.12,18518.31,300.35,0,13353.92,1766.71,3822.64,73716.63,0,17253.52,0,0,86924.75,0,0,0,2920.57,2533.12,0,27094.42,28822.67,75.17,3285.56,16530.82,0,0,0,0
2006-10-19 12:00:00,0,2470.05,0,425.84,12751.64,8952.07,7392.14,0,0,2940.24,19709.08,323.18,0,13488.07,1856.98,3912.94,74244.95,0,17699.32,0,0,88205.1,0,0,0,3116.59,2710.49,0,28840.94,28634.35,75.55,3456.8,16844.99,0,0,0,0
2006-10-19 13:00:00,0,2381.51,0,449.74,13292.4,9400.02,7810.67,0,0,3068.98,20624.19,343.77,0,13765.75,1941.23,3943.59,74495.81,0,18092.82,0,0,89030.89,0,0,0,3246.3,2863.6,0,30499.82,28426.04,75.73,3561.11,17096.07,0,0,0,0
2006-10-19 14:00:00,0,2312.41,0,466.45,13659.37,9640.01,8086.9,0,0,3141.5,21239.97,356.7,0,13952.99,2055.43,3955.45,74695.49,0,18254.61,0,0,89763.14,0,0,0,3356.84,2982.17,0,31475.94,28067.04,75.18,3617.99,17258.48,0,0,0,0
2006-10-19 15:00:00,0,2239.12,0,463.8,13869.49,9721.55,8195.07,0,0,3154.86,21615.96,356.74,0,14064.04,2162.48,3937.04,74493.18,0,18322.32,0,0,90483.96,0,0,0,3403.82,3050.35,0,31707.18,27561.1,74.99,3608.78,17241.31,0,0,0,0
2006-10-19 16:00:00,0,2191.97,0,452.09,13897.2,9548.53,8161.83,0,0,3110.91,21501.68,350.66,0,14124.78,2208.79,3906.04,74169.45,0,18231.46,0,0,91034.95,0,0,0,3393.14,3076.91,0,31600.27,27063.14,74.16,3541.44,17243.28,0,0,0,0
2006-10-19 17:00:00,0,2157.7,0,428.18,13731.56,9125.44,7940.04,0,0,3013.59,20702.32,340.23,0,14260.01,2148.54,3853.86,73724.96,0,18221.48,0,0,90403.78,0,0,0,3338.54,3035.57,0,31191.09,26783.33,72.59,3404.21,17186.68,0,0,0,0
2006-10-19 18:00:00,0,2235.55,0,397.0,13012.99,8566.22,7649.68,0,0,2869.68,19618.15,322.26,0,14489.34,2011.34,3857.23,73078.27,0,18203.19,0,0,89728.86,0,0,0,3207.14,2959.18,0,30130.67,26848.17,72.05,3302.16,17171.17,0,0,0,0
2006-10-19 19:00:00,0,2291.04,0,417.31,13702.0,8436.36,8064.98,0,0,2837.41,19379.98,333.79,0,14341.62,1986.41,3870.59,73861.76,0,18520.45,0,0,90617.25,0,0,0,3260.9,2929.69,0,30458.31,27562.4,73.45,3288.48,17185.85,0,0,0,0
2006-10-19 20:00:00,0,2402.62,0,404.51,13271.63,7864.02,7453.64,0,0,2608.08,18142.08,314.01,0,13411.38,1869.39,3735.02,73333.37,0,17691.23,0,0,85931.23,0,0,0,3144.42,2807.92,0,29238.28,28135.65,71.15,3027.91,17264.06,0,0,0,0
2006-10-19 21:00:00,0,2497.18,0,385.16,12497.08,7249.75,6855.48,0,0,2403.16,16938.15,289.95,0,12479.35,1726.18,3595.2,71998.63,0,16914.55,0,0,81667.16,0,0,0,2963.59,2641.62,0,27981.76,28410.28,69.43,2814.57,16799.7,0,0,0,0
2006-10-19 22:00:00,0,2431.35,0,360.27,11532.73,6590.17,6314.35,0,0,2212.45,15738.03,264.43,0,11627.28,1571.47,3475.42,70014.77,0,15785.03,0,0,77940.16,0,0,0,2766.25,2483.47,0,26199.86,27897.41,67.75,2621.11,15913.23,0,0,0,0
2006-10-19 23:00:00,0,2379.94,0,328.96,10659.71,6016.1,5857.72,0,0,2038.79,14544.12,240.52,0,10910.94,1434.78,3368.34,67665.59,0,14756.28,0,0,74894.0,0,0,0,2596.8,2352.28,0,24346.47,27009.64,66.44,2440.56,15011.05,0,0,0,0
2006-10-20 00:00:00,0,2317.83,0,297.83,9901.57,5470.69,5488.59,0,0,1880.49,13400.74,217.41,0,10263.84,1318.42,3266.72,65317.63,0,13912.27,0,0,72014.71,0,0,0,2454.67,2249.5,0,22623.82,26113.8,65.36,2258.09,14197.23,0,0,0,0
2006-10-20 01:00:00,0,2256.29,0,283.14,9353.32,4963.93,5150.56,0,0,1733.17,12366.27,198.2,0,9915.78,1223.94,3154.49,63173.55,0,13059.31,0,0,69291.28,0,0,0,2361.86,2158.55,0,21065.9,25210.14,64.53,2084.22,13572.79,0,0,0,0
2006-10-20 02:00:00,0,2227.42,0,271.53,9143.82,4688.97,4947.5,0,0,1607.44,11545.0,184.0,0,9916.4,1161.46,3062.52,61097.15,0,12556.3,0,0,67100.89,0,0,0,2299.9,2120.31,0,20300.97,24396.77,64.29,1992.86,13267.06,0,0,0,0
2006-10-20 03:00:00,0,2266.28,0,258.93,9159.11,4488.23,5027.21,0,0,1561.7,11073.68,176.03,0,10126.62,1128.92,3058.69,60519.11,0,12576.63,0,0,67387.34,0,0,0,2272.72,2103.81,0,19729.63,24199.26,65.57,1959.38,13367.12,0,0,0,0
2006-10-20 04:00:00,0,2355.45,0,264.61,9458.01,4597.0,5255.03,0,0,1601.33,11150.22,180.58,0,10451.31,1160.42,3194.74,61798.88,0,13042.95,0,0,69607.14,0,0,0,2273.53,2093.18,0,19775.96,24603.18,67.97,2002.51,13779.38,0,0,0,0
2006-10-20 05:00:00,0,2438.4,0,273.67,9952.63,4767.89,5451.67,0,0,1648.55,11441.44,185.91,0,10810.84,1197.13,3333.19,63476.34,0,13598.11,0,0,71852.45,0,0,0,2318.66,2093.51,0,19941.38,25356.84,70.33,2063.47,14312.48,0,0,0,0
2006-10-20 06:00:00,0,2516.88,0,284.18,10324.45,4948.58,5619.8,0,0,1692.1,11768.22,191.04,0,11160.46,1238.44,3470.26,65213.02,0,14138.92,0,0,73900.91,0,0,0,2409.17,2141.33,0,20106.29,26208.96,72.32,2122.8,14959.75,0,0,0,0
2006-10-20 07:00:00,0,2602.24,0,297.14,10778.32,5185.38,5838.75,0,0,1807.54,12512.94,197.37,0,12068.4,1316.92,3637.47,66983.96,0,15128.94,0,0,76606.96,0,0,0,2524.3,2241.91,0,20651.52,27089.11,73.98,2224.89,15562.48,0,0,0,0
2006-10-20 08:00:00,0,2733.94,0,322.64,10902.06,5690.58,6044.44,0,0,1992.71,13906.98,212.6,0,12802.94,1411.32,3903.16,71547.21,0,16144.81,0,0,81431.06,0,0,0,2609.91,2343.92,0,22004.1,28481.34,76.14,2444.82,16971.25,0,0,0,0
2006-10-20 09:00:00,0,2563.27,0,329.38,10842.82,6340.63,6258.26,0,0,2201.83,15360.17,247.27,0,13196.49,1539.42,3936.42,72893.25,0,16448.83,0,0,82501.01,0,0,0,2675.73,2413.6,0,22914.86,28584.26,75.47,2687.53,17279.25,0,0,0,0
2006-10-20 10:00:00,0,2311.04,0,330.48,10802.84,6927.08,6494.34,0,0,2405.37,16887.47,273.59,0,13531.8,1719.2,4011.61,72964.45,0,16706.79,0,0,83513.57,0,0,0,2757.38,2511.42,0,23601.32,27844.23,74.26,2880.63,17419.0,0,0,0,0
2006-10-20 11:00:00,0,2161.74,0,338.12,10959.34,7549.42,6623.06,0,0,2614.83,18409.18,292.92,0,13765.35,1897.2,4060.14,73548.29,0,16979.33,0,0,84485.3,0,0,0,2849.59,2596.76,0,24264.44,27340.9,73.22,3080.75,17596.67,0,0,0,0
2006-10-20 12:00:00,0,2041.44,0,351.33,11046.3,8126.18,6604.64,0,0,2792.42,19576.26,314.07,0,13908.89,2040.07,4011.4,73385.9,0,17462.48,0,0,85327.08,0,0,0,2917.5,2689.3,0,24572.26,27150.54,71.8,3244.22,17544.0,0,0,0,0
2006-10-20 13:00:00,0,1943.24,0,362.05,11013.29,8563.89,6523.73,0,0,2925.07,20496.45,331.18,0,13993.71,2145.95,3919.62,72919.54,0,17825.73,0,0,85310.72,0,0,0,2988.92,2760.66,0,24425.99,27221.2,70.56,3370.77,17319.27,0,0,0,0
2006-10-20 14:00:00,0,1886.85,0,365.14,10913.36,8867.3,6425.07,0,0,3009.51,21158.57,344.04,0,14080.37,2207.13,3836.1,72184.54,0,18125.85,0,0,84900.09,0,0,0,3039.34,2812.11,0,24031.35,27181.24,69.4,3447.87,16833.4,0,0,0,0
2006-10-20 15:00:00,0,1844.74,0,373.01,10709.84,9063.96,6383.84,0,0,3038.12,21511.41,352.19,0,14247.0,2262.05,3769.24,71900.74,0,18433.34,0,0,83738.87,0,0,0,3053.32,2814.45,0,23965.34,27118.21,68.41,3479.32,16380.25,0,0,0,0
2006-10-20 16:00:00,0,1820.69,0,377.82,10567.77,9062.52,6359.71,0,0,2993.83,21313.05,354.19,0,14344.09,2225.98,3710.77,71549.23,0,18433.71,0,0,82555.5,0,0,0,3016.44,2788.42,0,23825.12,27042.27,67.23,3447.11,16255.29,0,0,0,0
2006-10-20 17:00:00,0,1818.1,0,377.2,10724.78,8819.86,6182.77,0,0,2905.76,20444.6,346.07,0,14534.55,2122.58,3705.51,71609.98,0,17848.3,0,0,82589.57,0,0,0,2918.38,2723.65,0,23613.74,26941.09,66.05,3362.96,16162.02,0,0,0,0
2006-10-20 18:00:00,0,1890.82,0,351.72,11033.6,8062.28,6058.39,0,0,2751.6,19307.37,326.26,0,14589.96,1981.3,3736.89,72118.71,0,18129.47,0,0,82952.84,0,0,0,2809.87,2623.21,0,23232.64,26902.25,66.19,3093.44,16434.39,0,0,0,0
2006-10-20 19:00:00,0,2032.88,0,338.93,10636.84,7524.35,6216.01,0,0,2600.43,18589.55,317.17,0,13950.98,1864.45,3685.12,69610.1,0,17500.57,0,0,82848.54,0,0,0,2719.18,2605.07,0,23440.4,26471.82,63.11,2921.5,15563.72,0,0,0,0
2006-10-20 20:00:00,0,2137.32,0,324.16,10632.41,7037.87,5825.76,0,0,2388.8,17228.31,302.39,0,13212.11,1701.92,3595.64,68928.7,0,16970.7,0,0,79543.31,0,0,0,2609.51,2514.73,0,23661.46,27168.91,61.36,2715.17,16025.11,0,0,0,0
2006-10-20 21:00:00,0,2224.02,0,297.21,10278.92,6504.53,5489.94,0,0,2205.18,16022.21,287.84,0,12545.38,1582.1,3505.18,68417.21,0,16473.44,0,0,76593.98,0,0,0,2507.32,2405.99,0,23228.96,26872.0,59.82,2530.66,16391.0,0,0,0,0
2006-10-20 22:00:00,0,2182.21,0,269.24,9785.39,5891.79,5227.17,0,0,2038.38,14887.71,262.36,0,11862.0,1453.61,3411.36,66674.37,0,15714.47,0,0,73805.2,0,0,0,2370.25,2282.75,0,22289.24,26154.18,58.3,2345.54,15735.22,0,0,0,0
2006-10-20 23:00:00,0,2078.29,0,246.19,9382.63,5387.91,4984.42,0,0,1906.51,13849.65,237.87,0,11270.01,1332.73,3317.7,64434.12,0,14793.03,0,0,70857.79,0,0,0,2250.31,2175.04,0,21313.77,25377.47,56.71,2189.28,15201.86,0,0,0,0
2006-10-21 00:00:00,0,1988.48,0,229.5,9091.49,4897.37,4819.06,0,0,1782.51,12837.01,214.66,0,10653.5,1224.21,3214.81,62154.68,0,13925.56,0,0,67863.23,0,0,0,2145.69,2065.09,0,20344.52,24590.16,55.18,2033.44,14694.23,0,0,0,0
2006-10-21 01:00:00,0,1896.82,0,214.22,8809.42,4476.56,4682.09,0,0,1673.52,11898.82,195.09,0,10038.45,1133.13,3149.0,59964.85,0,13048.48,0,0,65532.72,0,0,0,2046.6,1982.5,0,19666.98,23919.41,53.5,1910.59,14321.64,0,0,0,0
2006-10-21 02:00:00,0,1837.39,0,201.84,8649.26,4184.49,4625.96,0,0,1566.06,11163.46,180.11,0,9611.99,1058.63,3093.6,58354.36,0,12260.39,0,0,64088.22,0,0,0,1992.36,1956.31,0,19130.3,23284.71,51.82,1806.2,14297.55,0,0,0,0
2006-10-21 03:00:00,0,1801.11,0,192.86,8581.15,3973.88,4624.09,0,0,1490.43,10791.42,168.86,0,9547.98,996.18,3063.02,57174.49,0,11857.87,0,0,63282.77,0,0,0,1953.46,1981.2,0,19024.03,22700.75,51.07,1734.83,14296.12,0,0,0,0
2006-10-21 04:00:00,0,1824.94,0,191.38,8747.44,3861.18,4751.54,0,0,1467.94,10543.1,162.99,0,9548.18,958.68,3073.85,56832.71,0,11826.36,0,0,63891.54,0,0,0,1946.89,2031.69,0,19461.95,22442.5,50.7,1705.68,14512.85,0,0,0,0
2006-10-21 05:00:00,0,1868.77,0,195.01,9046.86,3925.43,4938.6,0,0,1471.54,10514.72,160.11,0,9707.65,951.67,3131.43,57325.38,0,12011.61,0,0,65069.68,0,0,0,1972.41,2086.28,0,20095.66,22673.8,50.99,1726.96,14833.84,0,0,0,0
2006-10-21 06:00:00,0,1948.23,0,203.15,9449.79,4062.08,5161.12,0,0,1496.21,10508.64,158.97,0,9935.95,963.25,3216.82,58281.12,0,12257.18,0,0,66572.57,0,0,0,2027.63,2153.86,0,20662.28,23183.0,51.62,1774.32,15242.86,0,0,0,0
2006-10-21 07:00:00,0,2022.62,0,208.19,9991.22,4360.96,5409.62,0,0,1585.87,11124.37,162.63,0,10545.54,1001.45,3313.56,59607.67,0,13074.49,0,0,68715.19,0,0,0,2121.07,2225.57,0,21260.01,23633.78,52.52,1861.84,15663.6,0,0,0,0
2006-10-21 08:00:00,0,2133.86,0,223.49,10061.63,5017.24,5481.75,0,0,1804.74,12452.37,171.49,0,10971.9,1083.67,3379.89,61367.45,0,13592.51,0,0,69272.4,0,0,0,2144.96,2269.89,0,22330.52,24235.2,53.49,2096.36,16460.51,0,0,0,0
2006-10-21 09:00:00,0,2194.58,0,244.07,9873.83,5901.45,5454.3,0,0,2059.32,14321.9,184.9,0,11260.87,1174.19,3366.14,62800.25,0,13946.51,0,0,69860.24,0,0,0,2207.5,2314.1,0,21456.85,24836.32,54.02,2462.19,15975.76,0,0,0,0
2006-10-21 10:00:00,0,2182.38,0,253.69,9787.29,6780.38,5474.59,0,0,2287.73,16193.72,201.05,0,11414.5,1247.86,3395.61,64035.37,0,14202.31,0,0,70520.07,0,0,0,2263.96,2344.13,0,21388.43,25293.05,54.59,2796.66,15831.44,0,0,0,0
2006-10-21 11:00:00,0,2188.04,0,261.44,9585.9,7613.82,5472.16,0,0,2506.79,17753.42,233.38,0,11493.12,1391.62,3340.34,65157.62,0,14407.1,0,0,70752.09,0,0,0,2297.77,2373.74,0,21783.82,25667.85,55.43,3047.39,15545.39,0,0,0,0
2006-10-21 12:00:00,0,2197.75,0,276.16,9504.71,8220.75,5479.07,0,0,2682.61,18922.62,264.16,0,11480.11,1537.6,3276.27,65867.65,0,14457.34,0,0,70847.42,0,0,0,2341.43,2419.69,0,22138.86,25967.59,56.53,3244.48,15082.6,0,0,0,0
2006-10-21 13:00:00,0,2200.8,0,290.71,9436.33,8669.35,5544.5,0,0,2805.08,19770.65,288.19,0,11414.49,1657.36,3219.53,66318.59,0,14498.96,0,0,70757.58,0,0,0,2405.92,2459.16,0,22315.89,26153.36,57.31,3387.92,14498.37,0,0,0,0
2006-10-21 14:00:00,0,2198.82,0,304.0,9346.39,8994.17,5640.94,0,0,2887.42,20297.27,304.82,0,11335.65,1714.23,3173.81,66501.04,0,14558.33,0,0,70760.34,0,0,0,2465.61,2498.6,0,22216.74,26280.16,57.3,3485.67,14196.0,0,0,0,0
2006-10-21 15:00:00,0,2194.84,0,321.32,9291.04,9175.97,5724.46,0,0,2913.69,20411.7,314.89,0,11545.68,1723.74,3152.98,66848.24,0,14765.35,0,0,71045.49,0,0,0,2509.64,2545.46,0,22233.01,26371.36,56.49,3526.49,14069.0,0,0,0,0
2006-10-21 16:00:00,0,2229.79,0,330.12,9360.29,9069.49,5824.7,0,0,2868.22,20128.04,317.1,0,11886.38,1697.64,3153.9,67088.2,0,15157.6,0,0,72038.22,0,0,0,2508.07,2540.06,0,23018.53,26663.56,56.07,3479.96,14297.77,0,0,0,0
2006-10-21 17:00:00,0,2265.26,0,325.45,9538.22,8592.52,5759.07,0,0,2744.92,19200.01,309.5,0,12789.43,1652.49,3198.42,66967.18,0,15692.43,0,0,73364.09,0,0,0,2504.61,2535.81,0,23391.37,26728.91,56.31,3295.57,14285.67,0,0,0,0
2006-10-21 18:00:00,0,2329.68,0,299.07,9610.57,7843.22,5741.54,0,0,2558.69,18156.87,282.44,0,13214.56,1560.9,3237.19,67365.94,0,16140.37,0,0,74773.47,0,0,0,2462.74,2464.31,0,22167.51,26556.32,56.14,3090.85,14056.85,0,0,0,0
2006-10-21 19:00:00,0,2400.77,0,317.37,10585.99,7564.69,6195.7,0,0,2584.48,18188.82,293.26,0,14071.6,1628.01,3626.67,71059.68,0,17506.97,0,0,82572.84,0,0,0,2598.74,2535.34,0,24049.99,27832.89,63.23,3085.25,15293.78,0,0,0,0
2006-10-21 20:00:00,0,2508.16,0,297.94,10570.82,7125.85,5861.56,0,0,2394.11,16952.13,269.25,0,13296.69,1500.47,3526.64,70378.21,0,16855.28,0,0,79277.18,0,0,0,2545.4,2483.07,0,24006.17,28517.99,61.63,2845.51,15615.24,0,0,0,0
2006-10-21 21:00:00,0,2576.12,0,275.14,10309.66,6674.53,5572.51,0,0,2238.27,15855.86,253.84,0,12559.22,1395.15,3424.4,69223.94,0,16245.8,0,0,76466.26,0,0,0,2498.87,2389.9,0,23563.09,27888.32,59.91,2641.56,15703.53,0,0,0,0
2006-10-21 22:00:00,0,2498.19,0,259.29,9710.97,6135.37,5344.83,0,0,2098.5,14854.49,229.95,0,11806.71,1315.23,3323.05,67441.89,0,15461.25,0,0,73611.49,0,0,0,2375.28,2275.67,0,22612.89,27162.74,58.45,2463.3,15052.91,0,0,0,0
2006-10-21 23:00:00,0,2426.63,0,241.14,9314.52,5639.18,5127.91,0,0,1955.89,13886.66,208.95,0,11087.14,1231.82,3218.8,65151.25,0,14535.83,0,0,70509.22,0,0,0,2258.36,2173.87,0,21557.58,26719.26,56.99,2295.77,14314.83,0,0,0,0
2006-10-22 00:00:00,0,2358.54,0,228.05,8932.58,5178.48,4918.11,0,0,1828.43,12951.87,193.56,0,10379.6,1141.36,3090.62,62743.93,0,13680.33,0,0,67358.11,0,0,0,2161.36,2069.8,0,20464.31,26149.53,55.74,2154.05,13690.34,0,0,0,0
2006-10-22 01:00:00,0,2285.61,0,214.26,8586.55,4779.22,4710.26,0,0,1725.04,12046.27,180.19,0,9892.83,1063.35,3014.85,60613.65,0,12893.84,0,0,65116.4,0,0,0,2066.88,1990.49,0,19886.59,25612.74,53.68,2036.73,13095.57,0,0,0,0
2006-10-22 02:00:00,0,2223.26,0,199.94,8390.57,4547.1,4566.52,0,0,1633.38,11365.43,170.66,0,9867.4,1004.81,2982.15,59083.86,0,12310.73,0,0,63880.24,0,0,0,2022.44,1953.82,0,19583.61,25090.24,51.79,1947.5,12755.9,0,0,0,0
2006-10-22 03:00:00,0,2241.47,0,186.82,8339.55,4370.93,4513.77,0,0,1577.15,11034.14,163.9,0,9884.45,970.2,2954.92,57853.2,0,12109.87,0,0,63440.05,0,0,0,1991.97,1982.38,0,19183.27,24714.54,51.8,1891.35,12727.48,0,0,0,0
2006-10-22 04:00:00,0,2290.33,0,186.11,8370.5,4240.31,4630.57,0,0,1560.38,10813.4,161.05,0,9956.77,967.18,2947.69,57294.2,0,12133.15,0,0,64351.34,0,0,0,2003.37,2024.39,0,19051.28,24660.79,52.76,1879.34,12585.42,0,0,0,0
2006-10-22 05:00:00,0,2376.0,0,190.86,8565.73,4306.62,4833.81,0,0,1566.25,10870.27,163.08,0,10075.24,974.09,2970.65,57462.37,0,12298.05,0,0,65903.91,0,0,0,2030.43,2053.35,0,19088.64,24987.12,54.28,1902.36,12656.3,0,0,0,0
2006-10-22 06:00:00,0,2467.58,0,204.43,8792.04,4428.78,5014.02,0,0,1584.08,10941.29,165.29,0,10308.62,1003.43,3031.03,58414.03,0,12540.58,0,0,67771.33,0,0,0,2069.51,2072.43,0,19377.42,25495.09,55.45,1930.45,12886.34,0,0,0,0
2006-10-22 07:00:00,0,2563.12,0,214.44,9069.01,4721.1,5165.46,0,0,1656.38,11568.7,172.58,0,10538.37,1062.74,3104.93,59739.81,0,13127.66,0,0,70109.0,0,0,0,2125.95,2105.2,0,19660.82,26032.76,56.73,1977.82,13199.51,0,0,0,0
2006-10-22 08:00:00,0,2689.96,0,234.93,9378.59,5438.8,5289.77,0,0,1873.3,13201.32,197.43,0,10820.49,1192.93,3230.9,61552.8,0,13392.68,0,0,72000.96,0,0,0,2194.86,2144.54,0,19985.03,26539.25,58.62,2223.45,14060.98,0,0,0,0
2006-10-22 09:00:00,0,2728.44,0,274.91,9545.05,6181.6,5382.35,0,0,2101.69,15313.93,222.82,0,11057.61,1390.35,3345.03,63543.11,0,13530.37,0,0,72369.23,0,0,0,2243.43,2167.01,0,20273.26,26890.19,59.37,2479.6,14669.88,0,0,0,0
2006-10-22 10:00:00,0,2618.77,0,299.99,9587.98,7047.12,5478.78,0,0,2328.08,17176.35,248.81,0,11184.56,1598.17,3421.71,65305.13,0,13850.09,0,0,73078.85,0,0,0,2286.24,2193.74,0,20789.28,27035.87,59.55,2789.62,14827.97,0,0,0,0
2006-10-22 11:00:00,0,2487.96,0,349.83,9602.46,7938.97,5580.5,0,0,2560.23,18662.82,276.06,0,11244.35,1788.52,3464.36,66748.63,0,14179.71,0,0,73959.69,0,0,0,2337.71,2239.72,0,21349.65,27112.57,60.36,3045.32,14777.53,0,0,0,0
2006-10-22 12:00:00,0,2424.18,0,394.44,9565.94,8592.83,5648.1,0,0,2734.21,19734.76,300.43,0,11293.49,1924.86,3490.77,67471.17,0,14524.63,0,0,75360.35,0,0,0,2377.47,2268.96,0,21921.83,27097.5,59.98,3234.21,14788.95,0,0,0,0
2006-10-22 13:00:00,0,2344.33,0,383.17,9543.31,8998.85,5685.77,0,0,2852.79,20462.68,316.85,0,11287.56,2007.44,3495.88,67676.52,0,15494.42,0,0,76584.53,0,0,0,2446.12,2319.61,0,22432.89,26905.42,59.34,3366.67,14759.34,0,0,0,0
2006-10-22 14:00:00,0,2289.92,0,395.95,9587.36,9253.61,5762.65,0,0,2919.93,20829.11,326.28,0,11675.4,2047.19,3491.6,67292.06,0,15634.81,0,0,77012.11,0,0,0,2478.97,2358.04,0,22919.28,26578.89,58.68,3448.99,14600.65,0,0,0,0
2006-10-22 15:00:00,0,2245.59,0,389.72,9639.3,9388.88,5801.42,0,0,2953.0,20911.17,327.18,0,12067.42,2023.82,3503.18,66738.52,0,15588.63,0,0,77487.31,0,0,0,2512.5,2406.25,0,23387.51,26133.41,57.89,3478.77,14480.92,0,0,0,0
2006-10-22 16:00:00,0,2197.91,0,395.44,9655.68,9283.55,5826.21,0,0,2911.93,20531.29,322.04,0,12324.67,1924.04,3456.32,66017.14,0,15900.04,0,0,77406.82,0,0,0,2532.37,2431.92,0,23602.16,25672.75,56.58,3418.26,14339.57,0,0,0,0
2006-10-22 17:00:00,0,2155.41,0,392.12,9681.11,8896.23,5880.85,0,0,2827.38,19979.44,315.27,0,12990.82,1880.63,3487.74,65807.41,0,15989.05,0,0,77515.08,0,0,0,2564.59,2473.74,0,23668.06,25427.45,55.25,3282.36,14321.45,0,0,0,0
2006-10-22 18:00:00,0,2116.56,0,358.67,9785.26,8108.56,5977.39,0,0,2617.79,18572.69,300.64,0,13431.83,1771.74,3616.78,66881.04,0,16034.57,0,0,78478.21,0,0,0,2577.06,2517.8,0,22754.91,25209.79,55.11,3096.06,14344.87,0,0,0,0
2006-10-22 19:00:00,0,2416.87,0,395.55,11845.02,8233.22,6776.34,0,0,2768.45,18901.56,325.0,0,14589.39,1925.48,4104.59,75775.09,0,18369.26,0,0,87733.09,0,0,0,2723.87,2544.19,0,25410.0,28691.15,74.02,3257.5,16872.79,0,0,0,0
2006-10-22 20:00:00,0,2556.33,0,374.22,11661.85,7681.9,6344.37,0,0,2549.66,17579.48,310.19,0,13608.39,1784.95,3977.85,75662.65,0,17562.47,0,0,84143.59,0,0,0,2693.37,2475.11,0,25219.47,29567.79,72.61,3008.86,17559.14,0,0,0,0
2006-10-22 21:00:00,0,2663.98,0,347.61,11164.13,7049.57,5924.36,0,0,2356.38,16446.51,290.95,0,12730.25,1646.75,3884.22,74660.77,0,16883.58,0,0,80885.19,0,0,0,2602.04,2377.16,0,24315.54,29917.27,71.24,2780.16,17999.88,0,0,0,0
2006-10-22 22:00:00,0,2598.45,0,317.42,10378.73,6386.7,5552.65,0,0,2175.36,15295.88,268.68,0,11918.42,1514.23,3776.71,72850.66,0,15895.26,0,0,78025.8,0,0,0,2438.55,2294.57,0,22709.47,29425.77,69.9,2569.24,17572.49,0,0,0,0
2006-10-22 23:00:00,0,2531.54,0,279.26,9862.43,5834.04,5216.55,0,0,2009.24,14105.8,250.2,0,11119.82,1367.3,3655.36,70861.52,0,14823.44,0,0,75289.6,0,0,0,2309.5,2175.14,0,21705.29,28537.74,68.89,2387.09,17170.76,0,0,0,0
2006-10-23 00:00:00,0,2463.6,0,241.48,9474.0,5296.76,4931.66,0,0,1860.88,12977.88,229.6,0,10380.89,1249.2,3560.62,68633.79,0,13776.27,0,0,72858.19,0,0,0,2177.63,2015.09,0,20842.74,27660.52,67.91,2210.19,16764.42,0,0,0,0
2006-10-23 01:00:00,0,2410.55,0,218.01,9105.25,4788.31,4576.52,0,0,1720.94,11925.85,206.96,0,10075.57,1172.46,3529.79,66172.92,0,12976.71,0,0,70588.8,0,0,0,2050.87,1893.89,0,20083.62,26717.4,67.09,2046.59,16388.38,0,0,0,0
2006-10-23 02:00:00,0,2388.9,0,200.63,9091.18,4428.94,4376.79,0,0,1603.27,11073.34,178.75,0,10059.07,1070.93,3533.39,63784.19,0,12483.73,0,0,69175.47,0,0,0,1970.58,1841.8,0,19588.7,25828.52,66.76,1938.39,16459.72,0,0,0,0
2006-10-23 03:00:00,0,2438.35,0,205.04,9256.91,4293.1,4407.75,0,0,1572.83,10666.39,164.06,0,10203.9,1044.71,3582.46,62861.32,0,12473.67,0,0,68989.71,0,0,0,1964.79,1856.68,0,19749.18,25589.37,67.95,1902.43,16848.41,0,0,0,0
2006-10-23 04:00:00,0,2525.38,0,212.74,9751.93,4466.89,4725.41,0,0,1617.7,10900.82,161.83,0,10515.99,1059.5,3758.01,64264.36,0,13037.12,0,0,70627.91,0,0,0,1998.32,1928.94,0,20616.14,25937.25,69.86,1965.22,17360.98,0,0,0,0
2006-10-23 05:00:00,0,2608.95,0,224.25,10546.01,4647.82,5071.17,0,0,1663.47,11210.73,161.67,0,10885.65,1035.03,3921.73,66085.26,0,13728.86,0,0,72756.13,0,0,0,2105.16,2028.4,0,21714.93,26655.3,72.03,2056.33,17875.83,0,0,0,0
2006-10-23 06:00:00,0,2690.87,0,231.66,11371.99,4751.19,5505.11,0,0,1705.43,11461.56,158.24,0,11294.23,1052.16,4070.34,67823.5,0,14023.39,0,0,74978.96,0,0,0,2250.24,2114.22,0,22861.86,27545.63,73.9,2143.31,18390.1,0,0,0,0
2006-10-23 07:00:00,0,2781.06,0,244.95,12494.7,4787.41,6044.48,0,0,1806.56,12045.67,160.23,0,12227.61,1137.63,4214.77,69523.63,0,15340.47,0,0,79747.51,0,0,0,2431.63,2224.98,0,24171.35,28432.29,75.6,2179.66,18903.23,0,0,0,0
2006-10-23 08:00:00,0,2891.78,0,261.56,12599.26,4750.31,6254.86,0,0,1926.51,13018.75,168.28,0,12841.22,1253.73,4393.92,73629.51,0,16369.85,0,0,83726.2,0,0,0,2558.08,2348.39,0,26313.73,29559.33,77.62,2171.06,19925.85,0,0,0,0
2006-10-23 09:00:00,0,2764.55,0,292.01,12261.35,4952.9,6373.46,0,0,1973.94,13722.93,174.7,0,13122.59,1309.87,4260.52,75190.2,0,16750.28,0,0,83960.8,0,0,0,2590.36,2423.52,0,25832.14,29844.3,78.32,2156.46,18909.06,0,0,0,0
2006-10-23 10:00:00,0,2516.14,0,290.6,11881.96,5160.26,6272.07,0,0,1999.23,14362.5,182.69,0,13344.36,1353.7,4193.39,74845.15,0,17021.31,0,0,83405.09,0,0,0,2595.21,2398.05,0,24893.52,29038.22,76.75,2185.48,17883.88,0,0,0,0
2006-10-23 11:00:00,0,2340.0,0,291.53,11608.59,5313.25,5978.02,0,0,2035.73,14952.04,189.32,0,13417.9,1377.96,4182.94,74802.1,0,17133.95,0,0,83121.17,0,0,0,2554.17,2352.28,0,24573.93,28472.81,76.49,2234.96,17650.28,0,0,0,0
2006-10-23 12:00:00,0,2227.46,0,290.84,11327.79,5287.1,5807.79,0,0,2058.82,15355.48,190.23,0,13248.47,1410.16,4141.63,74770.21,0,17209.44,0,0,82854.13,0,0,0,2506.85,2285.81,0,24288.05,28186.7,75.31,2260.2,17402.25,0,0,0,0
2006-10-23 13:00:00,0,2143.26,0,283.94,11013.97,5339.99,5720.45,0,0,2091.49,15688.3,194.23,0,13231.46,1415.1,4087.87,74372.3,0,17259.13,0,0,82648.15,0,0,0,2465.45,2243.72,0,23951.29,27861.07,73.63,2235.88,17029.61,0,0,0,0
2006-10-23 14:00:00,0,2073.08,0,276.02,10768.7,5335.63,5684.43,0,0,2121.98,16012.69,195.7,0,13335.18,1344.38,4032.94,73684.73,0,17324.81,0,0,82239.27,0,0,0,2431.71,2197.7,0,23347.53,27509.4,71.57,2228.66,16622.53,0,0,0,0
2006-10-23 15:00:00,0,2017.01,0,272.92,10611.82,5333.0,5690.13,0,0,2114.99,16164.2,187.32,0,13423.89,1308.48,3940.48,72795.08,0,17430.05,0,0,81930.04,0,0,0,2404.45,2213.84,0,22565.93,27037.4,69.69,2226.94,16322.83,0,0,0,0
2006-10-23 16:00:00,0,1984.19,0,271.57,10687.89,5331.19,5740.06,0,0,2085.94,16064.07,188.87,0,13655.05,1283.95,3851.88,72581.53,0,17494.41,0,0,82278.86,0,0,0,2401.43,2259.33,0,22423.75,26615.47,67.75,2213.19,16187.81,0,0,0,0
2006-10-23 17:00:00,0,1993.23,0,274.45,11103.61,5308.05,5983.99,0,0,2053.35,15644.07,189.93,0,14161.75,1250.29,3817.28,72419.73,0,17861.25,0,0,83787.23,0,0,0,2420.43,2276.74,0,22556.07,26382.32,66.11,2198.79,16240.92,0,0,0,0
2006-10-23 18:00:00,0,2134.01,0,281.11,11636.3,5131.7,6334.75,0,0,1985.43,14995.3,192.75,0,14435.26,1200.26,3981.55,73240.04,0,18226.69,0,0,85466.11,0,0,0,2535.1,2364.03,0,23294.0,26539.86,66.25,2138.88,17131.1,0,0,0,0
2006-10-23 19:00:00,0,2261.17,0,307.62,12286.94,5968.92,6857.49,0,0,2041.73,14630.14,218.36,0,14734.12,1487.33,4312.08,75857.3,0,18862.76,0,0,90845.48,0,0,0,2692.7,2645.86,0,25132.76,27597.82,72.46,2398.23,18134.27,0,0,0,0
2006-10-23 20:00:00,0,2417.06,0,306.81,12445.87,5726.9,6590.39,0,0,1865.42,13566.38,215.76,0,13828.08,1409.49,4238.45,75628.58,0,18188.61,0,0,88104.77,0,0,0,2714.32,2582.33,0,25830.02,28346.19,71.27,2244.75,18915.9,0,0,0,0
2006-10-23 21:00:00,0,2536.31,0,294.0,12280.32,5498.73,6341.23,0,0,1707.0,12555.95,213.15,0,12991.87,1337.83,4180.92,74602.65,0,17518.27,0,0,85392.33,0,0,0,2611.51,2532.3,0,25423.2,28690.71,70.24,2082.68,19214.16,0,0,0,0
2006-10-23 22:00:00,0,2475.48,0,274.77,11937.81,5106.49,6242.64,0,0,1590.33,11486.82,199.06,0,12175.01,1261.7,4090.96,72619.9,0,16556.72,0,0,82669.17,0,0,0,2515.11,2499.59,0,24533.58,28275.93,69.21,1921.37,18748.32,0,0,0,0
2006-10-23 23:00:00,0,2417.1,0,261.17,11556.85,4692.73,6154.94,0,0,1499.17,10490.19,191.09,0,11398.92,1195.07,3989.25,70495.82,0,15534.69,0,0,79797.15,0,0,0,2431.29,2470.64,0,23843.82,27413.37,68.08,1778.49,18266.01,0,0,0,0
2006-10-24 00:00:00,0,2354.99,0,251.3,11128.18,4283.92,6064.41,0,0,1420.07,9613.52,183.7,0,10726.3,1159.88,3905.13,68183.53,0,14504.15,0,0,77111.4,0,0,0,2386.6,2479.52,0,23427.58,26530.97,67.57,1671.34,17738.8,0,0,0,0
2006-10-24 01:00:00,0,2295.79,0,240.34,10804.93,3990.7,5908.93,0,0,1348.06,8778.62,174.58,0,10256.57,1141.78,3812.62,65880.78,0,13574.0,0,0,74715.55,0,0,0,2346.25,2454.58,0,23163.46,25642.61,67.0,1595.57,17213.74,0,0,0,0
2006-10-24 02:00:00,0,2276.74,0,242.21,10696.57,3834.74,5857.07,0,0,1284.25,8086.27,167.73,0,10244.24,1109.68,3736.27,63482.35,0,12953.76,0,0,72885.35,0,0,0,2287.63,2503.19,0,23034.92,24812.66,66.66,1539.85,17222.65,0,0,0,0
2006-10-24 03:00:00,0,2333.72,0,254.58,10784.2,3963.91,6072.66,0,0,1314.46,7875.06,173.58,0,10388.48,1173.12,3746.99,62635.39,0,12766.59,0,0,72618.34,0,0,0,2326.88,2573.12,0,23766.44,24671.32,67.7,1558.08,17415.59,0,0,0,0
2006-10-24 04:00:00,0,2427.68,0,269.67,11391.5,4339.4,6476.09,0,0,1417.94,8291.61,186.96,0,10770.13,1312.18,3877.94,63974.05,0,13203.22,0,0,74070.56,0,0,0,2465.56,2675.95,0,24580.44,25095.49,69.64,1668.65,17816.37,0,0,0,0
2006-10-24 05:00:00,0,2519.87,0,283.21,11971.81,4680.66,6832.83,0,0,1517.95,8834.51,198.43,0,11163.88,1394.87,4023.11,65721.26,0,13763.56,0,0,76299.62,0,0,0,2594.5,2753.34,0,25448.69,25885.47,71.73,1769.47,18304.94,0,0,0,0
2006-10-24 06:00:00,0,2611.87,0,294.75,12510.84,4915.66,7128.43,0,0,1594.97,9363.46,204.11,0,11554.43,1443.65,4170.56,67453.82,0,14337.3,0,0,78398.41,0,0,0,2729.63,2852.58,0,26176.7,26811.77,73.89,1823.8,18763.88,0,0,0,0
2006-10-24 07:00:00,0,2703.59,0,311.84,13242.23,5117.53,7387.93,0,0,1687.31,10298.44,213.02,0,12622.58,1508.1,4305.69,69178.07,0,15901.2,0,0,82788.1,0,0,0,2865.99,2942.12,0,26909.94,27729.72,75.93,1873.36,19236.87,0,0,0,0
2006-10-24 08:00:00,0,2820.31,0,341.67,13089.56,5175.84,7185.69,0,0,1698.05,11212.93,204.95,0,13198.21,1493.63,4480.27,73012.3,0,16844.18,0,0,86886.75,0,0,0,2816.44,2824.88,0,28831.09,28850.09,77.93,1960.5,20269.63,0,0,0,0
2006-10-24 09:00:00,0,2702.79,0,321.99,12436.56,5064.57,6916.02,0,0,1653.74,11346.85,190.04,0,13289.97,1412.36,4328.63,74423.39,0,17098.17,0,0,86602.65,0,0,0,2676.11,2647.47,0,26918.15,29134.78,77.83,1941.78,19291.88,0,0,0,0
2006-10-24 10:00:00,0,2487.62,0,322.95,12090.51,5087.5,6574.36,0,0,1651.93,11684.21,181.13,0,13285.55,1360.99,4215.74,74092.29,0,17258.26,0,0,85506.38,0,0,0,2643.8,2562.52,0,25767.6,28393.16,75.98,1965.95,18583.51,0,0,0,0
2006-10-24 11:00:00,0,2372.35,0,297.08,11855.63,5045.42,6241.88,0,0,1665.08,11965.29,179.01,0,13304.5,1296.78,4195.56,74296.74,0,17366.22,0,0,84454.46,0,0,0,2619.25,2515.45,0,24985.28,27891.81,75.55,1991.42,18306.18,0,0,0,0
2006-10-24 12:00:00,0,2258.38,0,287.74,11565.12,4990.91,6013.73,0,0,1675.98,12140.43,179.41,0,13286.75,1278.05,4155.36,74155.11,0,17392.84,0,0,83535.57,0,0,0,2556.25,2427.04,0,24401.33,27614.53,74.72,2011.61,18040.91,0,0,0,0
2006-10-24 13:00:00,0,2160.04,0,282.12,11199.31,4938.16,5875.89,0,0,1680.9,12191.44,180.87,0,13262.84,1274.44,4092.41,73794.69,0,17418.55,0,0,82833.99,0,0,0,2490.28,2346.35,0,23916.88,27320.47,73.56,2017.42,17624.78,0,0,0,0
2006-10-24 14:00:00,0,2068.94,0,278.0,10833.53,4894.67,5803.54,0,0,1684.47,12097.08,183.01,0,13256.81,1276.46,4011.89,73082.02,0,17467.88,0,0,82176.68,0,0,0,2428.62,2273.35,0,23219.57,27062.76,72.3,2017.72,17164.22,0,0,0,0
2006-10-24 15:00:00,0,1994.5,0,279.53,10670.21,4842.02,5791.38,0,0,1690.81,11980.5,185.43,0,13289.52,1281.65,3921.65,72308.15,0,17535.59,0,0,81556.62,0,0,0,2387.08,2258.0,0,22504.17,26918.98,70.61,1998.1,16667.67,0,0,0,0
2006-10-24 16:00:00,0,1951.43,0,282.57,10840.03,4879.33,5738.72,0,0,1716.77,11938.43,186.43,0,13611.74,1284.08,3833.01,71592.95,0,17712.83,0,0,81812.3,0,0,0,2397.24,2277.47,0,22457.2,26775.29,68.63,1963.0,16313.97,0,0,0,0
2006-10-24 17:00:00,0,1956.26,0,287.94,11322.3,4966.99,6001.51,0,0,1741.98,12112.44,191.92,0,14197.04,1269.39,3831.1,71745.65,0,18135.14,0,0,83344.57,0,0,0,2469.95,2324.84,0,22631.13,26749.6,66.66,1980.6,16274.97,0,0,0,0
2006-10-24 18:00:00,0,2061.59,0,291.53,11933.98,5138.56,6556.05,0,0,1785.41,12124.28,201.48,0,14507.48,1290.5,3964.36,72335.18,0,18461.55,0,0,84980.5,0,0,0,2647.13,2499.01,0,22993.53,26757.32,66.82,2075.35,17399.06,0,0,0,0
2006-10-24 19:00:00,0,2200.99,0,312.23,12736.73,6125.07,7270.44,0,0,2007.92,13681.94,223.82,0,14877.7,1503.99,4230.34,74279.57,0,19230.14,0,0,90605.37,0,0,0,2800.95,2874.82,0,24870.37,27821.91,71.79,2459.2,18029.72,0,0,0,0
2006-10-24 20:00:00,0,2323.93,0,304.21,12996.04,6023.78,7164.18,0,0,1898.83,12900.51,226.18,0,13971.53,1444.81,4151.75,74024.84,0,18508.12,0,0,87497.28,0,0,0,2844.49,2861.0,0,25501.49,28310.14,70.36,2381.38,18767.03,0,0,0,0
2006-10-24 21:00:00,0,2416.59,0,293.93,12714.53,5915.87,7005.28,0,0,1800.6,12105.9,221.21,0,13148.45,1387.44,4053.98,72908.66,0,17806.49,0,0,84600.31,0,0,0,2760.01,2809.14,0,25128.46,28325.44,68.84,2301.98,19059.37,0,0,0,0
2006-10-24 22:00:00,0,2313.65,0,275.66,12279.82,5573.86,6848.09,0,0,1708.66,11285.62,208.5,0,12342.9,1340.45,3950.72,70943.33,0,16771.08,0,0,81642.72,0,0,0,2654.24,2739.14,0,24586.76,27670.82,67.0,2194.9,18556.7,0,0,0,0
2006-10-24 23:00:00,0,2199.1,0,258.02,11833.24,5284.96,6734.37,0,0,1615.2,10481.02,194.62,0,11558.1,1291.56,3838.82,68555.76,0,15710.66,0,0,78690.24,0,0,0,2568.58,2671.58,0,24044.38,26458.33,65.07,2082.35,18023.98,0,0,0,0
2006-10-25 00:00:00,0,2074.93,0,240.5,11430.84,4976.41,6616.36,0,0,1528.84,9672.06,178.52,0,10830.57,1233.32,3736.54,66125.41,0,14635.62,0,0,75840.76,0,0,0,2502.88,2630.35,0,23422.32,25282.07,63.03,1966.67,17463.11,0,0,0,0
2006-10-25 01:00:00,0,1954.31,0,222.96,11075.57,4777.94,6515.97,0,0,1455.15,8889.0,166.28,0,10294.67,1180.36,3636.63,63719.71,0,13669.36,0,0,73325.63,0,0,0,2466.39,2622.81,0,22996.58,24206.37,61.62,1871.33,16889.4,0,0,0,0
2006-10-25 02:00:00,0,1878.42,0,209.96,10985.28,4622.13,6579.58,0,0,1401.61,8365.06,159.12,0,10227.44,1155.57,3572.32,61395.35,0,12969.07,0,0,71546.7,0,0,0,2470.96,2721.76,0,22545.56,23284.19,61.05,1805.35,16775.6,0,0,0,0
2006-10-25 03:00:00,0,1840.97,0,221.06,11059.56,4692.51,6855.13,0,0,1442.57,8501.58,163.53,0,10320.69,1207.45,3590.84,60877.72,0,12744.84,0,0,71583.67,0,0,0,2564.76,2803.0,0,23108.22,22923.54,60.68,1814.19,16913.98,0,0,0,0
2006-10-25 04:00:00,0,1873.31,0,239.2,11528.33,4894.61,7142.79,0,0,1503.48,8857.4,172.26,0,10659.84,1271.75,3725.77,62049.7,0,13207.49,0,0,73229.42,0,0,0,2681.22,2873.5,0,23856.08,23010.48,61.35,1859.65,17242.55,0,0,0,0
2006-10-25 05:00:00,0,1941.39,0,255.41,12028.37,5145.39,7431.1,0,0,1564.37,9259.44,180.85,0,11018.59,1328.82,3872.73,63649.08,0,13734.58,0,0,75365.33,0,0,0,2794.79,2950.63,0,24657.92,23639.38,62.93,1915.03,17690.01,0,0,0,0
2006-10-25 06:00:00,0,2020.88,0,271.32,12500.39,5411.18,7690.24,0,0,1630.17,9670.1,191.49,0,11371.52,1387.68,3996.69,65238.19,0,14254.65,0,0,77658.28,0,0,0,2902.32,3036.49,0,25300.77,24595.53,64.17,1969.51,18169.4,0,0,0,0
2006-10-25 07:00:00,0,2103.01,0,292.17,13241.43,5608.8,7897.07,0,0,1723.94,10448.56,201.54,0,12687.67,1438.84,4131.99,66826.05,0,15761.55,0,0,82372.39,0,0,0,3026.31,3118.22,0,26180.34,25466.75,65.5,2051.14,18626.16,0,0,0,0
2006-10-25 08:00:00,0,2192.4,0,311.93,13392.73,5726.19,7540.65,0,0,1746.34,11280.95,198.14,0,13119.05,1405.09,4327.86,70323.46,0,16770.68,0,0,85584.46,0,0,0,2992.33,2981.49,0,28117.24,26441.06,66.79,2077.69,19734.32,0,0,0,0
2006-10-25 09:00:00,0,2264.44,0,295.99,12816.68,5010.59,6945.99,0,0,1643.53,11663.73,182.58,0,13239.89,1312.37,4258.71,72034.78,0,17080.62,0,0,84831.98,0,0,0,2793.66,2794.42,0,27004.82,27492.36,67.91,1969.03,19233.76,0,0,0,0
2006-10-25 10:00:00,0,2256.94,0,291.06,12358.41,4939.4,6479.9,0,0,1665.98,12176.1,183.21,0,13298.29,1275.74,4155.92,72613.89,0,17253.51,0,0,83487.52,0,0,0,2689.48,2690.06,0,26717.96,27862.68,68.88,1987.23,18772.77,0,0,0,0
2006-10-25 11:00:00,0,2262.33,0,296.1,12043.78,5046.11,6189.11,0,0,1702.96,12657.78,186.01,0,13274.49,1285.6,4070.82,72879.81,0,17363.01,0,0,82554.58,0,0,0,2689.71,2685.16,0,26220.21,28105.41,69.87,2040.66,18320.29,0,0,0,0
2006-10-25 12:00:00,0,2280.74,0,297.48,11637.55,5179.96,5980.19,0,0,1751.27,13209.72,188.74,0,13212.94,1305.33,4009.71,73059.49,0,17378.11,0,0,81815.53,0,0,0,2685.15,2683.3,0,25697.62,28208.72,70.61,2097.38,17917.14,0,0,0,0
2006-10-25 13:00:00,0,2297.55,0,295.13,11186.18,5202.82,5841.02,0,0,1786.23,13570.37,191.04,0,13144.65,1309.18,3945.68,73159.28,0,17356.94,0,0,81230.32,0,0,0,2650.12,2610.17,0,25063.3,28325.29,71.56,2126.7,17605.9,0,0,0,0
2006-10-25 14:00:00,0,2311.69,0,288.14,10883.67,5188.96,5728.64,0,0,1814.65,13658.74,189.79,0,13158.2,1322.2,3877.17,73165.72,0,17328.91,0,0,80356.42,0,0,0,2581.24,2521.78,0,24542.05,28487.65,72.37,2147.8,17126.96,0,0,0,0
2006-10-25 15:00:00,0,2335.76,0,285.35,10704.46,5200.45,5687.84,0,0,1858.78,13502.28,191.48,0,13199.96,1350.96,3794.38,73156.91,0,17390.28,0,0,79869.85,0,0,0,2544.67,2426.19,0,23758.32,28586.27,72.82,2178.23,16669.44,0,0,0,0
2006-10-25 16:00:00,0,2362.4,0,285.12,10808.94,5338.1,5728.45,0,0,1914.63,13638.85,195.14,0,13463.81,1363.42,3721.48,73114.43,0,17576.26,0,0,80101.06,0,0,0,2518.96,2356.4,0,23379.0,28650.43,72.63,2233.8,16486.44,0,0,0,0
2006-10-25 17:00:00,0,2396.75,0,286.03,11157.31,5497.91,6224.0,0,0,1940.02,13997.66,197.21,0,14121.29,1367.59,3718.93,72969.65,0,17990.84,0,0,81685.43,0,0,0,2534.85,2400.06,0,23227.57,28708.15,72.21,2275.77,16457.05,0,0,0,0
2006-10-25 18:00:00,0,2445.49,0,291.14,11641.5,5320.36,6573.47,0,0,1869.51,13627.63,199.41,0,14426.68,1327.69,3809.93,73164.86,0,18308.72,0,0,83881.74,0,0,0,2609.06,2514.54,0,24128.48,28787.13,71.77,2210.16,16835.61,0,0,0,0
2006-10-25 19:00:00,0,2361.9,0,309.56,12299.12,6010.34,7151.21,0,0,2049.47,14409.76,223.1,0,14976.48,1470.09,3997.32,74302.91,0,19021.99,0,0,89261.54,0,0,0,2793.95,2828.87,0,25037.35,28513.57,70.94,2438.34,17703.19,0,0,0,0
2006-10-25 20:00:00,0,2399.07,0,304.54,12435.88,5706.96,6940.49,0,0,1867.98,13445.1,217.48,0,14125.64,1388.29,3895.34,73924.44,0,18296.13,0,0,86132.99,0,0,0,2835.05,2846.11,0,25377.36,28821.57,68.5,2269.18,17968.0,0,0,0,0
2006-10-25 21:00:00,0,2425.62,0,294.87,12217.38,5444.76,6763.78,0,0,1724.94,12519.19,211.78,0,13298.83,1316.76,3783.36,72447.6,0,17552.0,0,0,83193.49,0,0,0,2759.61,2801.35,0,25043.2,28640.01,66.3,2130.62,17950.36,0,0,0,0
2006-10-25 22:00:00,0,2284.62,0,285.37,11726.01,4969.25,6577.34,0,0,1603.37,11570.31,197.03,0,12475.06,1242.12,3671.92,70390.27,0,16530.84,0,0,80362.91,0,0,0,2642.58,2738.27,0,24097.17,27852.39,64.26,1993.53,17233.7,0,0,0,0
2006-10-25 23:00:00,0,2147.65,0,267.08,11155.06,4527.28,6373.74,0,0,1482.27,10688.28,182.1,0,11667.41,1167.74,3556.57,67839.34,0,15514.3,0,0,77506.82,0,0,0,2530.89,2655.64,0,23008.56,26589.77,62.48,1862.41,16469.87,0,0,0,0
2006-10-26 00:00:00,0,2005.83,0,244.4,10691.76,4115.19,6178.1,0,0,1368.69,9905.12,166.88,0,10927.67,1093.65,3446.95,65234.69,0,14474.06,0,0,74800.21,0,0,0,2414.5,2576.22,0,22031.02,25444.58,60.66,1748.97,15751.86,0,0,0,0
2006-10-26 01:00:00,0,1872.56,0,237.52,10317.62,3768.94,6026.03,0,0,1271.63,9117.85,153.26,0,10413.5,1039.03,3342.36,62568.28,0,13523.97,0,0,72446.54,0,0,0,2322.38,2547.02,0,21174.51,24342.57,59.13,1626.53,15103.45,0,0,0,0
2006-10-26 02:00:00,0,1749.22,0,229.48,10097.15,3545.01,6035.71,0,0,1194.52,8464.73,145.25,0,10377.17,995.71,3265.34,60124.06,0,12968.54,0,0,71041.13,0,0,0,2270.43,2597.46,0,20561.2,23539.9,58.18,1540.55,14767.58,0,0,0,0
2006-10-26 03:00:00,0,1676.44,0,223.3,10217.78,3541.47,6305.52,0,0,1208.67,8387.41,146.39,0,10489.11,1009.4,3264.46,59397.24,0,12791.87,0,0,71494.04,0,0,0,2313.05,2662.96,0,20584.21,23108.57,57.6,1545.03,14757.5,0,0,0,0
2006-10-26 04:00:00,0,1706.21,0,227.69,10650.48,3752.45,6590.65,0,0,1265.98,8758.62,153.37,0,10855.53,1075.98,3401.75,60606.02,0,13212.09,0,0,73571.92,0,0,0,2396.17,2717.11,0,21108.66,23014.89,57.74,1591.59,15035.3,0,0,0,0
2006-10-26 05:00:00,0,1755.47,0,233.87,11214.99,3965.14,6892.32,0,0,1321.64,9150.1,158.12,0,11210.69,1117.93,3540.61,62309.9,0,13794.66,0,0,76082.23,0,0,0,2461.76,2735.55,0,21863.06,23587.48,58.66,1635.23,15469.79,0,0,0,0
2006-10-26 06:00:00,0,1812.45,0,240.38,11766.0,4149.92,7191.6,0,0,1376.48,9536.27,160.58,0,11568.77,1142.75,3659.23,63925.25,0,14368.33,0,0,78357.37,0,0,0,2556.11,2765.04,0,22410.68,24355.9,60.0,1691.25,15834.96,0,0,0,0
2006-10-26 07:00:00,0,1868.59,0,247.69,12423.46,4359.33,7523.38,0,0,1483.95,10342.33,164.25,0,12782.71,1190.28,3759.64,65496.62,0,15792.79,0,0,82318.65,0,0,0,2674.09,2812.96,0,22969.02,25124.73,61.43,1784.31,16164.64,0,0,0,0
2006-10-26 08:00:00,0,1932.8,0,269.92,13016.19,4676.96,7713.14,0,0,1620.13,11485.3,174.98,0,13313.55,1227.77,3929.67,68414.23,0,16706.26,0,0,85556.3,0,0,0,2796.39,2824.73,0,24518.45,26028.84,62.94,1875.34,16929.99,0,0,0,0
2006-10-26 09:00:00,0,2005.31,0,274.37,12606.2,4898.03,7228.2,0,0,1772.76,12357.34,178.99,0,13337.19,1256.61,3963.92,70743.77,0,16817.38,0,0,84689.12,0,0,0,2650.75,2620.41,0,24897.1,27162.38,64.69,1959.3,17293.0,0,0,0,0
2006-10-26 10:00:00,0,2065.82,0,272.7,12255.82,5197.83,6759.12,0,0,1874.84,13300.31,189.76,0,13338.8,1300.83,3986.32,72264.78,0,16961.17,0,0,85016.59,0,0,0,2612.73,2599.03,0,24969.11,27703.67,66.28,2114.78,17473.77,0,0,0,0
2006-10-26 11:00:00,0,2087.15,0,280.83,11805.35,5423.99,6508.54,0,0,1978.46,14130.82,196.47,0,13272.23,1341.14,3985.3,73192.36,0,16995.21,0,0,84682.81,0,0,0,2578.24,2571.22,0,25090.46,27961.97,68.04,2199.49,17479.01,0,0,0,0
2006-10-26 12:00:00,0,2109.37,0,287.25,11556.66,5640.94,6383.41,0,0,2068.81,14811.52,202.72,0,13188.21,1381.77,3984.2,73974.03,0,16982.3,0,0,84159.9,0,0,0,2521.06,2560.77,0,25087.33,28254.44,69.89,2299.87,17483.58,0,0,0,0
2006-10-26 13:00:00,0,2128.82,0,294.74,11433.08,5891.36,6213.24,0,0,2135.66,15287.36,203.59,0,13088.86,1421.42,3984.55,74499.13,0,16928.92,0,0,83666.12,0,0,0,2499.56,2551.09,0,24921.98,28546.06,71.88,2415.28,17466.91,0,0,0,0
2006-10-26 14:00:00,0,2141.89,0,293.39,11209.21,6167.44,6037.31,0,0,2205.61,15629.7,207.83,0,13061.05,1458.07,3983.38,74736.07,0,16916.85,0,0,83405.04,0,0,0,2497.0,2470.1,0,24162.91,28698.07,73.36,2530.19,17475.73,0,0,0,0
2006-10-26 15:00:00,0,2150.77,0,301.2,11054.13,6384.34,5933.57,0,0,2255.15,15943.79,219.47,0,13133.4,1489.91,3968.12,74676.09,0,16945.71,0,0,83498.39,0,0,0,2492.9,2391.41,0,23889.59,28749.43,73.84,2617.2,17354.06,0,0,0,0
2006-10-26 16:00:00,0,2177.61,0,310.36,11177.77,6565.15,5982.0,0,0,2289.71,16148.36,221.63,0,13443.35,1525.49,3949.32,74645.04,0,17232.75,0,0,83753.49,0,0,0,2489.03,2328.86,0,23912.9,28840.95,73.86,2666.49,17309.44,0,0,0,0
2006-10-26 17:00:00,0,2228.27,0,313.29,11238.89,6533.35,6315.18,0,0,2255.36,16102.75,223.19,0,14221.89,1518.53,3957.7,74599.75,0,17878.62,0,0,85822.69,0,0,0,2507.54,2341.81,0,24197.94,28818.32,73.66,2654.21,17365.53,0,0,0,0
2006-10-26 18:00:00,0,2277.05,0,302.26,11539.3,6060.26,6487.52,0,0,2133.5,15424.05,214.39,0,14593.85,1466.96,3984.9,74739.62,0,18391.11,0,0,87519.36,0,0,0,2543.17,2375.65,0,24523.8,28606.94,72.89,2447.05,17537.15,0,0,0,0
2006-10-26 19:00:00,0,2149.61,0,329.41,11755.81,6427.11,6778.41,0,0,2242.73,15573.04,237.2,0,15021.32,1590.6,4030.02,75076.28,0,18825.66,0,0,89267.85,0,0,0,2651.53,2637.55,0,25073.03,28308.38,73.1,2677.64,18092.77,0,0,0,0
2006-10-26 20:00:00,0,2218.19,0,318.88,11795.56,5953.23,6429.19,0,0,2045.1,14441.53,225.99,0,14157.66,1465.09,3891.37,74384.88,0,18160.42,0,0,86048.87,0,0,0,2653.59,2611.38,0,25283.97,28668.39,69.48,2454.19,18239.63,0,0,0,0
2006-10-26 21:00:00,0,2253.43,0,305.53,11472.02,5621.06,6158.21,0,0,1888.6,13497.67,219.33,0,13373.99,1362.31,3742.72,72591.31,0,17502.45,0,0,82999.92,0,0,0,2570.98,2541.52,0,24884.84,28548.34,66.6,2278.54,17639.7,0,0,0,0
2006-10-26 22:00:00,0,2144.81,0,280.04,10924.81,5128.28,5885.43,0,0,1762.94,12556.93,201.81,0,12560.85,1257.08,3594.39,70370.78,0,16538.35,0,0,80211.9,0,0,0,2445.16,2440.05,0,23788.16,27830.8,64.28,2120.79,16929.38,0,0,0,0
2006-10-26 23:00:00,0,2014.12,0,260.09,10413.67,4635.84,5615.57,0,0,1638.03,11555.16,184.15,0,11733.73,1166.15,3449.23,67576.12,0,15522.65,0,0,77237.29,0,0,0,2318.66,2329.66,0,22580.93,26544.55,62.1,1957.09,16213.61,0,0,0,0
2006-10-27 00:00:00,0,1875.32,0,243.85,9950.62,4159.99,5387.23,0,0,1505.19,10639.79,170.71,0,10952.34,1073.96,3325.72,64912.3,0,14500.2,0,0,74575.66,0,0,0,2209.6,2240.56,0,21501.17,25298.42,60.32,1802.43,15462.31,0,0,0,0
2006-10-27 01:00:00,0,1757.97,0,226.35,9585.53,3728.47,5185.97,0,0,1372.97,9782.19,156.69,0,10509.34,996.65,3199.84,62383.52,0,13531.96,0,0,72043.94,0,0,0,2107.5,2146.36,0,20655.77,24138.11,58.48,1656.24,14747.93,0,0,0,0
2006-10-27 02:00:00,0,1653.7,0,217.53,9353.73,3451.59,5076.77,0,0,1263.36,9012.0,142.69,0,10466.1,940.3,3079.7,60000.86,0,13014.03,0,0,70193.3,0,0,0,2034.58,2162.67,0,20067.22,23196.58,56.61,1527.67,14053.26,0,0,0,0
2006-10-27 03:00:00,0,1627.14,0,219.92,9461.86,3423.79,5303.24,0,0,1244.41,8726.2,137.91,0,10558.59,936.91,3039.08,59374.91,0,12902.93,0,0,70392.81,0,0,0,2034.16,2233.14,0,19904.13,22746.08,55.56,1492.85,13755.43,0,0,0,0
2006-10-27 04:00:00,0,1683.97,0,225.87,9698.83,3616.54,5571.1,0,0,1290.86,9049.63,143.69,0,10903.12,980.6,3140.17,60464.35,0,13305.02,0,0,72385.92,0,0,0,2095.46,2305.09,0,20312.33,22679.36,56.63,1545.82,13778.51,0,0,0,0
2006-10-27 05:00:00,0,1782.97,0,231.37,10116.74,3831.85,5814.86,0,0,1340.48,9420.02,150.63,0,11264.09,1029.59,3256.48,62069.6,0,13865.02,0,0,74491.64,0,0,0,2167.26,2343.31,0,20726.63,23354.9,57.88,1614.61,14027.14,0,0,0,0
2006-10-27 06:00:00,0,1878.93,0,240.13,10512.09,4045.31,5992.96,0,0,1393.66,9804.89,156.08,0,11638.38,1080.63,3369.51,63689.45,0,14469.43,0,0,76490.1,0,0,0,2247.19,2351.84,0,21079.17,24200.52,59.94,1687.72,14310.17,0,0,0,0
2006-10-27 07:00:00,0,1976.45,0,251.14,11056.89,4393.48,6154.84,0,0,1524.93,10597.68,165.58,0,12977.36,1149.22,3481.06,65106.9,0,16122.26,0,0,80843.43,0,0,0,2332.58,2336.2,0,21525.09,25048.51,61.68,1806.76,14650.91,0,0,0,0
2006-10-27 08:00:00,0,2087.48,0,278.75,11580.15,4837.42,6270.52,0,0,1695.02,11752.82,179.92,0,13175.4,1231.01,3638.31,67593.55,0,16487.07,0,0,83976.3,0,0,0,2426.76,2315.32,0,22303.38,26236.61,63.09,1983.91,15148.61,0,0,0,0
2006-10-27 09:00:00,0,2240.96,0,298.37,11731.68,5289.66,6246.54,0,0,1924.16,13224.45,192.96,0,13286.07,1326.35,3788.1,70772.26,0,16637.12,0,0,84274.98,0,0,0,2468.23,2301.02,0,22591.41,27655.12,65.21,2215.7,15678.88,0,0,0,0
2006-10-27 10:00:00,0,2326.44,0,301.94,11728.62,5653.79,6202.34,0,0,2038.33,14435.17,202.55,0,13345.69,1415.96,3838.69,72014.76,0,16780.87,0,0,85045.89,0,0,0,2520.83,2293.73,0,22731.09,28091.69,67.22,2405.44,15951.95,0,0,0,0
2006-10-27 11:00:00,0,2369.65,0,316.8,11754.37,6029.93,6218.21,0,0,2163.0,15303.2,214.92,0,13419.55,1469.68,3866.49,72823.05,0,16891.32,0,0,85412.54,0,0,0,2554.04,2322.83,0,22759.27,28283.53,68.79,2551.94,16139.37,0,0,0,0
2006-10-27 12:00:00,0,2395.2,0,320.72,11703.38,6423.99,6248.54,0,0,2300.59,16391.63,224.39,0,13398.53,1526.26,3892.96,73680.72,0,17047.03,0,0,85762.76,0,0,0,2585.43,2361.26,0,22965.51,28455.91,70.44,2674.38,16321.06,0,0,0,0
2006-10-27 13:00:00,0,2395.58,0,326.3,11661.46,6878.23,6264.56,0,0,2427.98,17241.81,242.02,0,13213.82,1589.57,3893.06,73920.99,0,17087.31,0,0,86118.09,0,0,0,2616.68,2394.51,0,23145.16,28459.89,71.64,2857.67,16487.89,0,0,0,0
2006-10-27 14:00:00,0,2375.4,0,332.85,11605.14,7253.87,6249.45,0,0,2514.06,17834.43,261.51,0,13192.66,1635.89,3888.79,73857.41,0,17114.07,0,0,86415.78,0,0,0,2651.65,2432.56,0,23541.89,28247.12,72.2,3005.85,16493.75,0,0,0,0
2006-10-27 15:00:00,0,2346.51,0,331.88,11577.6,7545.15,6272.74,0,0,2543.63,18154.54,271.62,0,13251.45,1689.05,3862.3,73730.96,0,17333.72,0,0,87144.42,0,0,0,2687.6,2471.44,0,23818.46,27969.28,72.19,3100.95,16557.92,0,0,0,0
2006-10-27 16:00:00,0,2311.23,0,332.64,11608.1,7613.87,6316.46,0,0,2552.35,18265.52,279.42,0,13604.1,1711.39,3856.57,73579.73,0,18074.82,0,0,88302.21,0,0,0,2718.86,2507.19,0,24236.28,27692.94,72.37,3122.89,16665.8,0,0,0,0
2006-10-27 17:00:00,0,2285.18,0,333.34,11659.75,7543.3,6404.04,0,0,2559.63,18220.96,278.43,0,14421.51,1712.8,3854.11,73594.9,0,18436.56,0,0,88969.61,0,0,0,2725.79,2529.16,0,24594.56,27466.39,71.19,3058.85,16745.67,0,0,0,0
2006-10-27 18:00:00,0,2256.5,0,341.0,11690.36,7317.84,6495.31,0,0,2503.1,17826.15,282.75,0,14740.18,1721.41,3872.59,73462.42,0,18673.75,0,0,89679.9,0,0,0,2723.92,2545.01,0,24892.87,27262.0,70.17,2992.1,16767.28,0,0,0,0
2006-10-27 19:00:00,0,2274.21,0,353.31,11406.16,6943.33,6409.93,0,0,2380.11,17252.63,289.32,0,14258.15,1670.25,3740.13,71272.61,0,17817.54,0,0,86149.3,0,0,0,2539.66,2356.69,0,24319.75,26550.3,61.45,2855.01,16262.81,0,0,0,0
2006-10-27 20:00:00,0,2337.04,0,336.2,11299.85,6604.4,6196.81,0,0,2199.4,16144.49,284.36,0,13450.09,1565.47,3599.5,70989.98,0,17344.5,0,0,83097.12,0,0,0,2521.81,2302.24,0,24503.96,27191.46,59.98,2704.02,16458.29,0,0,0,0
2006-10-27 21:00:00,0,2404.25,0,337.75,10909.75,6208.33,5859.42,0,0,2048.58,15147.26,275.84,0,12712.68,1452.17,3457.09,69869.91,0,16809.32,0,0,80174.88,0,0,0,2507.38,2236.06,0,24115.23,26755.99,58.65,2477.8,16106.25,0,0,0,0
2006-10-27 22:00:00,0,2332.28,0,312.32,10301.87,5778.38,5450.9,0,0,1918.22,14166.82,231.6,0,11956.43,1368.32,3344.63,68020.49,0,15915.33,0,0,77425.66,0,0,0,2341.89,2115.32,0,23069.27,26070.17,57.34,2315.36,15600.84,0,0,0,0
2006-10-27 23:00:00,0,2231.3,0,298.69,9640.64,5341.67,5209.16,0,0,1779.86,13123.61,203.44,0,11230.01,1165.57,3217.22,65472.9,0,14994.53,0,0,74621.83,0,0,0,2205.18,2012.75,0,21997.39,25369.05,56.07,2186.89,14888.01,0,0,0,0
2006-10-28 00:00:00,0,2142.8,0,281.0,9063.15,4929.17,4923.65,0,0,1674.97,12269.88,190.42,0,10597.53,1078.99,3105.43,63078.0,0,14117.04,0,0,71789.17,0,0,0,2097.57,1943.53,0,20602.06,24660.88,54.73,2066.47,14386.37,0,0,0,0
2006-10-28 01:00:00,0,2046.4,0,267.59,8594.43,4613.37,4714.82,0,0,1585.27,11509.1,183.17,0,10193.65,972.6,3024.1,60669.02,0,13356.73,0,0,69203.59,0,0,0,1993.32,1887.99,0,19593.64,24026.88,52.91,1976.57,13901.57,0,0,0,0
2006-10-28 02:00:00,0,1979.44,0,237.55,8189.32,4220.43,4514.53,0,0,1520.2,10913.0,177.09,0,10053.42,917.25,2997.53,58427.32,0,12721.91,0,0,67133.65,0,0,0,1951.96,1849.01,0,18900.42,23339.63,51.22,1811.74,13457.86,0,0,0,0
2006-10-28 03:00:00,0,1961.67,0,202.5,7919.1,4008.04,4284.33,0,0,1454.29,10496.44,176.36,0,10085.9,932.39,3002.92,57070.09,0,12393.28,0,0,66623.09,0,0,0,1918.45,1798.17,0,18493.79,22728.47,50.24,1690.86,13228.06,0,0,0,0
2006-10-28 04:00:00,0,1972.98,0,182.5,7748.96,3950.5,4282.63,0,0,1393.42,10319.23,173.28,0,10257.94,959.86,3016.87,56295.04,0,12438.35,0,0,66606.84,0,0,0,1914.92,1758.32,0,18536.8,22621.09,49.97,1745.89,13133.8,0,0,0,0
2006-10-28 05:00:00,0,2025.61,0,182.43,7806.74,4042.22,4523.63,0,0,1426.28,10441.39,176.07,0,10535.99,998.98,3080.44,56304.58,0,12780.67,0,0,67104.02,0,0,0,1888.03,1717.83,0,18733.56,22871.95,50.59,1831.36,13247.81,0,0,0,0
2006-10-28 06:00:00,0,2107.19,0,186.59,8071.3,4192.51,4709.04,0,0,1477.44,10770.19,175.7,0,10814.22,1038.56,3147.36,57390.94,0,13181.68,0,0,67516.91,0,0,0,1958.77,1731.13,0,19147.51,23381.14,51.28,1912.16,13625.61,0,0,0,0
2006-10-28 07:00:00,0,2189.96,0,194.0,8518.38,4274.41,4892.76,0,0,1533.15,11012.11,153.65,0,11114.51,1008.3,3227.81,58906.19,0,13606.4,0,0,68451.27,0,0,0,1988.39,1787.26,0,19708.26,23927.46,52.26,1874.84,13983.78,0,0,0,0
2006-10-28 08:00:00,0,2331.83,0,214.78,8919.31,4451.9,5015.99,0,0,1581.9,11411.35,152.17,0,11494.34,1064.88,3256.62,60807.92,0,14140.8,0,0,70546.66,0,0,0,2032.65,1905.36,0,21274.91,24509.55,53.3,1820.89,14867.67,0,0,0,0
2006-10-28 09:00:00,0,2348.4,0,235.2,9257.82,4633.59,4978.37,0,0,1617.7,12031.84,161.2,0,11822.37,1146.18,3300.31,62985.52,0,14739.52,0,0,71906.9,0,0,0,2078.93,1991.63,0,22195.45,24893.88,53.84,1848.15,15310.43,0,0,0,0
2006-10-28 10:00:00,0,2250.02,0,257.74,9423.51,4926.84,5036.09,0,0,1686.17,12726.26,171.03,0,12076.55,1207.07,3339.59,64483.34,0,15292.74,0,0,72869.93,0,0,0,2154.37,2057.16,0,23083.2,24752.62,54.36,1971.98,15462.93,0,0,0,0
2006-10-28 11:00:00,0,2183.64,0,274.27,9576.61,5174.39,5048.35,0,0,1786.86,13471.78,176.88,0,12299.45,1245.43,3363.59,65232.7,0,15587.17,0,0,73795.12,0,0,0,2215.02,2128.73,0,23524.23,24683.64,55.18,2111.24,15281.64,0,0,0,0
2006-10-28 12:00:00,0,2149.52,0,285.93,9633.46,5398.24,5105.88,0,0,1860.89,14457.53,184.09,0,12450.9,1279.42,3371.71,65750.69,0,15579.15,0,0,74791.57,0,0,0,2275.41,2212.87,0,23681.49,24597.98,56.76,2184.19,14918.88,0,0,0,0
2006-10-28 13:00:00,0,2103.76,0,281.46,9529.88,5399.1,5122.99,0,0,1904.81,14899.07,188.87,0,12580.35,1298.64,3367.07,65907.05,0,15647.91,0,0,75205.81,0,0,0,2296.48,2231.38,0,22736.68,24703.2,57.0,2202.99,14629.53,0,0,0,0
2006-10-28 14:00:00,0,2060.77,0,272.35,9375.61,5342.85,5128.72,0,0,1919.85,15026.49,191.34,0,12693.64,1308.19,3320.53,65545.68,0,15804.62,0,0,75089.55,0,0,0,2301.4,2234.66,0,21747.39,24755.67,56.84,2214.4,14253.85,0,0,0,0
2006-10-28 15:00:00,0,2015.38,0,268.03,9157.13,5396.63,5090.86,0,0,1931.18,15027.14,190.58,0,12796.31,1295.34,3292.52,64647.71,0,15711.43,0,0,74409.46,0,0,0,2292.02,2209.44,0,21558.4,24858.06,55.95,2240.86,14129.15,0,0,0,0
2006-10-28 16:00:00,0,1960.68,0,265.53,9129.2,5397.84,5100.33,0,0,1934.34,14951.47,193.01,0,12946.57,1284.52,3276.62,63676.32,0,16085.16,0,0,73941.81,0,0,0,2263.27,2158.65,0,21504.98,25017.15,54.59,2251.04,14055.29,0,0,0,0
2006-10-28 17:00:00,0,1930.26,0,262.8,9349.32,5412.43,5144.82,0,0,1918.88,14822.25,196.87,0,13113.75,1264.75,3272.53,63471.84,0,15865.08,0,0,74269.25,0,0,0,2253.56,2168.4,0,21249.22,25013.54,53.7,2219.93,14018.76,0,0,0,0
2006-10-28 18:00:00,0,1926.15,0,263.11,9662.56,5286.38,5327.65,0,0,1856.3,14467.29,198.62,0,13305.8,1248.78,3349.32,64956.76,0,15986.44,0,0,75002.34,0,0,0,2288.16,2271.24,0,21164.5,24727.09,53.6,2189.01,14360.65,0,0,0,0
2006-10-28 19:00:00,0,2030.86,0,292.01,10658.47,5827.28,5992.29,0,0,1993.47,14699.57,216.5,0,13946.82,1436.75,3802.92,70268.59,0,17404.79,0,0,82540.32,0,0,0,2538.33,2458.71,0,23068.18,26090.07,62.85,2440.84,15390.05,0,0,0,0
2006-10-28 20:00:00,0,2117.26,0,289.38,10608.24,5553.66,5703.15,0,0,1836.85,13572.17,211.55,0,13037.9,1360.88,3704.73,70048.44,0,16923.41,0,0,79304.71,0,0,0,2556.83,2421.23,0,23534.05,26654.3,60.69,2298.83,15944.44,0,0,0,0
2006-10-28 21:00:00,0,2185.0,0,278.17,10348.53,5353.62,5478.03,0,0,1705.81,12513.13,206.2,0,12325.31,1286.54,3591.64,69274.91,0,16494.11,0,0,76189.07,0,0,0,2508.81,2379.57,0,23198.83,26327.09,58.88,2163.95,16265.61,0,0,0,0
2006-10-28 22:00:00,0,2134.66,0,261.31,9897.02,5002.67,5247.61,0,0,1596.85,11491.81,191.9,0,11758.47,1214.92,3481.49,67461.69,0,15836.35,0,0,73045.28,0,0,0,2382.47,2307.8,0,22340.0,25540.13,57.3,2034.55,15721.82,0,0,0,0
2006-10-28 23:00:00,0,2026.39,0,249.81,9581.09,4600.49,5091.79,0,0,1514.94,10704.8,176.75,0,11072.91,1165.97,3364.82,65519.84,0,15119.35,0,0,70445.94,0,0,0,2266.64,2245.63,0,21439.13,24719.16,55.64,1904.18,15139.85,0,0,0,0
2006-10-29 00:00:00,0,1924.58,0,237.87,9345.69,4215.47,4981.48,0,0,1437.13,9978.17,162.75,0,10521.64,1112.48,3253.18,63311.85,0,14471.99,0,0,67818.58,0,0,0,2188.0,2214.34,0,20607.33,23932.32,54.06,1760.16,14469.56,0,0,0,0
2006-10-29 01:00:00,0,1826.08,0,231.39,9070.32,3861.21,4873.55,0,0,1359.81,9399.86,151.26,0,10190.03,1094.28,3146.82,61081.62,0,13722.59,0,0,65708.56,0,0,0,2117.24,2188.19,0,20118.37,23187.52,52.19,1627.91,13735.58,0,0,0,0
2006-10-29 02:00:00,0,1763.51,0,221.22,8903.35,3619.02,4854.6,0,0,1292.63,8930.96,145.62,0,9839.69,1088.62,2993.31,58896.28,0,12853.79,0,0,63876.39,0,0,0,2112.8,2227.84,0,19747.37,22555.73,50.19,1532.88,13378.29,0,0,0,0
2006-10-29 03:00:00,0,1749.93,0,209.7,8820.27,3551.03,4931.44,0,0,1249.23,8652.4,141.38,0,9981.11,1079.55,2924.8,57738.34,0,12294.93,0,0,62761.73,0,0,0,2145.5,2313.99,0,20042.97,22022.79,49.09,1519.67,13177.52,0,0,0,0
2006-10-29 04:00:00,0,1758.21,0,204.42,8937.87,3656.33,5114.67,0,0,1235.65,8549.5,142.72,0,9904.51,1096.07,2863.7,57157.31,0,12256.8,0,0,62436.29,0,0,0,2196.28,2403.34,0,20558.97,22012.73,48.66,1538.44,12993.38,0,0,0,0
2006-10-29 05:00:00,0,1797.43,0,207.65,9199.07,3815.38,5378.62,0,0,1266.38,8640.09,147.91,0,10073.22,1118.19,2899.61,57612.86,0,12605.05,0,0,63238.25,0,0,0,2265.01,2484.16,0,21139.14,22257.47,48.82,1594.13,13021.09,0,0,0,0
2006-10-29 06:00:00,0,1878.33,0,226.6,9553.07,4007.79,5627.08,0,0,1305.54,8907.17,155.34,0,10350.28,1164.01,2996.03,58816.29,0,12716.02,0,0,64491.49,0,0,0,2373.86,2561.35,0,21645.0,22782.46,49.51,1652.23,13277.86,0,0,0,0
2006-10-29 07:00:00,0,1955.28,0,246.46,10038.36,4240.9,5856.05,0,0,1378.71,9500.38,164.0,0,10925.95,1255.24,3097.4,60079.43,0,13398.38,0,0,66637.11,0,0,0,2493.75,2636.27,0,22166.85,23298.6,50.38,1731.02,13664.25,0,0,0,0
2006-10-29 08:00:00,0,2084.77,0,264.79,10223.72,4602.62,5864.82,0,0,1475.48,10480.9,171.24,0,11555.0,1326.68,3190.2,61581.26,0,14203.97,0,0,68912.78,0,0,0,2524.83,2683.26,0,23756.49,23913.36,51.44,1875.39,14678.93,0,0,0,0
2006-10-29 09:00:00,0,2104.09,0,248.16,9850.74,4665.87,5618.05,0,0,1521.48,11342.28,163.31,0,11798.92,1267.95,3194.84,62532.26,0,14559.44,0,0,69512.7,0,0,0,2396.19,2578.43,0,22476.5,24334.11,51.71,1892.84,14319.54,0,0,0,0
2006-10-29 10:00:00,0,2035.05,0,249.53,9543.17,4863.86,5426.73,0,0,1588.98,12204.69,167.9,0,11916.27,1271.91,3233.04,63320.3,0,14721.95,0,0,70068.39,0,0,0,2364.46,2502.05,0,21847.67,24155.82,51.85,1926.31,14078.15,0,0,0,0
2006-10-29 11:00:00,0,1981.93,0,256.13,9303.71,4936.47,5250.04,0,0,1666.41,13057.78,172.83,0,11958.43,1268.34,3266.18,63781.03,0,14873.29,0,0,70345.17,0,0,0,2293.42,2405.67,0,21590.72,23958.67,53.53,1951.79,13863.46,0,0,0,0
2006-10-29 12:00:00,0,1936.64,0,265.39,9229.0,4986.19,5093.11,0,0,1754.93,13983.91,176.66,0,11984.16,1261.43,3260.21,64174.47,0,14982.0,0,0,70601.88,0,0,0,2221.07,2337.06,0,21581.41,23858.07,55.38,1995.19,13724.54,0,0,0,0
2006-10-29 13:00:00,0,1900.64,0,266.76,9286.7,5040.44,5040.4,0,0,1835.93,14659.5,178.76,0,11941.37,1248.99,3215.07,64270.31,0,15107.91,0,0,70577.96,0,0,0,2239.48,2284.15,0,21486.24,24122.32,57.13,2038.53,13763.08,0,0,0,0
2006-10-29 14:00:00,0,1876.6,0,261.21,9342.05,5181.99,5104.76,0,0,1894.56,14946.24,181.02,0,11790.56,1234.28,3192.48,63988.19,0,15147.59,0,0,70228.67,0,0,0,2287.48,2285.11,0,21678.97,24642.11,57.77,2088.28,13926.53,0,0,0,0
2006-10-29 15:00:00,0,1881.43,0,257.81,9354.96,5262.78,5218.83,0,0,1939.63,15054.48,181.39,0,11791.21,1234.28,3189.66,63633.66,0,15116.38,0,0,69617.02,0,0,0,2300.88,2316.28,0,21880.68,25126.11,57.74,2134.0,14224.47,0,0,0,0
2006-10-29 16:00:00,0,1883.55,0,259.07,9350.71,5409.84,5350.32,0,0,1977.21,14981.35,184.69,0,11984.43,1257.93,3207.02,63656.35,0,15268.92,0,0,70087.39,0,0,0,2288.74,2324.98,0,22120.58,25612.83,57.53,2199.22,14648.41,0,0,0,0
2006-10-29 17:00:00,0,1869.88,0,260.33,9388.72,5475.91,5438.89,0,0,1980.67,14763.08,189.2,0,12703.38,1231.99,3273.53,64014.3,0,15686.66,0,0,71665.13,0,0,0,2298.23,2352.6,0,21893.93,25790.4,56.37,2205.54,14711.51,0,0,0,0
2006-10-29 18:00:00,0,1829.99,0,258.05,9617.95,5211.77,5627.18,0,0,1851.55,13975.83,192.23,0,13043.95,1205.4,3281.68,64784.21,0,16153.53,0,0,73606.26,0,0,0,2304.38,2353.33,0,20834.93,25243.59,54.53,2116.71,14246.2,0,0,0,0
2006-10-29 19:00:00,0,1980.57,0,325.23,11451.05,6170.32,6531.3,0,0,2169.08,15255.05,225.75,0,15107.36,1506.43,3871.73,72989.66,0,19112.32,0,0,88763.78,0,0,0,2637.28,2559.97,0,24172.51,27660.26,70.97,2483.62,16654.37,0,0,0,0
2006-10-29 20:00:00,0,2004.95,0,311.71,11403.7,5819.94,6124.38,0,0,1993.02,14235.03,218.12,0,14257.19,1404.42,3727.67,72528.34,0,18375.75,0,0,85075.95,0,0,0,2620.24,2515.33,0,24178.76,27834.11,67.62,2301.74,16675.33,0,0,0,0
2006-10-29 21:00:00,0,2036.47,0,294.34,10979.21,5520.21,5753.86,0,0,1834.94,13240.99,211.65,0,13417.09,1311.19,3593.41,71411.74,0,17645.55,0,0,81768.08,0,0,0,2516.67,2429.9,0,23613.67,27740.69,65.07,2151.14,16610.04,0,0,0,0
2006-10-29 22:00:00,0,1923.86,0,270.84,10312.72,5015.15,5451.49,0,0,1690.96,12187.39,195.91,0,12571.52,1228.32,3453.88,69226.02,0,16654.61,0,0,78715.87,0,0,0,2382.89,2322.51,0,22365.42,27119.61,62.65,2003.93,15614.32,0,0,0,0
2006-10-29 23:00:00,0,1796.43,0,248.7,9738.86,4529.73,5170.68,0,0,1557.25,11182.53,180.02,0,11748.28,1148.56,3317.69,66774.91,0,15586.33,0,0,75704.23,0,0,0,2258.2,2200.33,0,21218.98,25896.04,60.35,1854.96,14781.54,0,0,0,0
2006-10-30 00:00:00,0,1671.05,0,229.22,9218.6,4079.89,4918.28,0,0,1432.2,10375.58,165.83,0,11023.58,1068.94,3189.5,64314.45,0,14556.5,0,0,72816.74,0,0,0,2142.06,2089.69,0,20257.64,24704.93,58.62,1719.83,14020.75,0,0,0,0
2006-10-30 01:00:00,0,1556.06,0,212.15,8837.85,3644.98,4687.61,0,0,1323.07,9581.06,152.87,0,10458.08,1005.83,3091.7,61850.25,0,13560.95,0,0,70211.17,0,0,0,2051.51,2010.22,0,19426.69,23619.03,57.48,1594.13,13281.82,0,0,0,0
2006-10-30 02:00:00,0,1487.08,0,199.09,8708.64,3383.65,4585.88,0,0,1233.8,8839.66,140.64,0,10263.78,959.11,3000.22,59446.77,0,12902.01,0,0,68398.38,0,0,0,2002.14,2005.81,0,18853.27,22589.59,56.59,1498.17,12809.8,0,0,0,0
2006-10-30 03:00:00,0,1461.05,0,198.61,8772.48,3351.35,4759.46,0,0,1221.76,8617.31,136.83,0,10322.98,964.16,2960.75,58342.97,0,12714.9,0,0,68434.37,0,0,0,2003.6,2076.36,0,19146.59,22191.85,55.91,1491.53,12763.03,0,0,0,0
2006-10-30 04:00:00,0,1484.54,0,203.72,9225.03,3574.72,5061.68,0,0,1276.16,8977.34,142.88,0,10666.37,1005.12,3086.36,59640.42,0,13018.28,0,0,70118.86,0,0,0,2094.75,2149.4,0,19836.01,22164.97,56.42,1534.81,13077.5,0,0,0,0
2006-10-30 05:00:00,0,1555.22,0,213.02,9792.83,3793.76,5356.45,0,0,1331.45,9334.52,150.79,0,11041.34,1053.51,3229.24,61271.52,0,13591.28,0,0,72230.19,0,0,0,2191.08,2213.16,0,20739.96,22661.22,57.11,1599.06,13603.05,0,0,0,0
2006-10-30 06:00:00,0,1628.76,0,225.23,10351.96,3997.72,5656.47,0,0,1386.46,9714.81,157.79,0,11414.14,1112.11,3371.88,62907.28,0,14163.7,0,0,74329.46,0,0,0,2292.17,2274.47,0,21670.1,23458.17,58.42,1671.39,14142.96,0,0,0,0
2006-10-30 07:00:00,0,1706.87,0,237.3,11009.01,4219.78,5982.0,0,0,1490.3,10367.55,165.24,0,12522.69,1174.82,3510.56,64517.04,0,15430.94,0,0,77732.12,0,0,0,2412.57,2329.29,0,22510.56,24307.09,60.35,1752.65,14698.33,0,0,0,0
2006-10-30 08:00:00,0,1835.54,0,272.5,11700.42,4654.54,6265.02,0,0,1640.68,11633.16,181.2,0,13243.67,1268.14,3743.72,68423.87,0,16559.02,0,0,81777.78,0,0,0,2594.4,2370.73,0,24175.61,25500.44,61.81,1871.89,16020.22,0,0,0,0
2006-10-30 09:00:00,0,1957.93,0,270.39,11397.28,4903.21,6000.48,0,0,1790.74,12747.41,181.23,0,13205.11,1269.9,3722.8,69627.41,0,16682.44,0,0,81056.06,0,0,0,2524.25,2274.64,0,23392.99,26661.86,62.92,1976.23,15873.08,0,0,0,0
2006-10-30 10:00:00,0,1953.42,0,279.96,11229.39,5136.38,5977.7,0,0,1898.46,13651.14,182.61,0,13187.49,1281.49,3736.47,70495.0,0,16717.25,0,0,81153.75,0,0,0,2494.25,2262.43,0,22946.32,27151.4,65.04,2099.32,15895.64,0,0,0,0
2006-10-30 11:00:00,0,1954.02,0,285.31,11007.11,5469.68,6123.17,0,0,2032.7,14633.35,183.23,0,13137.19,1305.16,3774.0,71819.51,0,16770.53,0,0,81641.13,0,0,0,2506.47,2251.57,0,23084.33,27532.87,67.72,2216.79,15942.17,0,0,0,0
2006-10-30 12:00:00,0,1966.17,0,292.55,10848.45,5724.91,6349.06,0,0,2142.62,15510.66,192.06,0,13042.46,1334.63,3804.3,72622.26,0,16761.32,0,0,82512.78,0,0,0,2535.96,2265.96,0,23347.24,27885.2,70.45,2371.24,16025.49,0,0,0,0
2006-10-30 13:00:00,0,1979.78,0,298.23,10718.41,6052.31,6318.06,0,0,2245.94,16247.56,200.74,0,12912.72,1385.15,3838.88,73135.19,0,16727.1,0,0,84103.1,0,0,0,2572.87,2320.98,0,23461.13,28155.1,72.05,2533.13,16148.26,0,0,0,0
2006-10-30 14:00:00,0,2006.93,0,301.36,10631.08,6361.15,6265.96,0,0,2316.66,16760.92,209.0,0,12919.17,1432.77,3850.13,73695.68,0,16698.36,0,0,85230.76,0,0,0,2588.65,2389.21,0,23537.81,28308.61,72.76,2701.62,16260.16,0,0,0,0
2006-10-30 15:00:00,0,2006.49,0,301.52,10676.54,6587.03,6305.82,0,0,2349.09,17042.49,217.95,0,12978.38,1459.56,3857.82,73998.13,0,16732.6,0,0,86439.71,0,0,0,2592.47,2450.89,0,23597.46,28367.38,73.05,2791.19,16451.37,0,0,0,0
2006-10-30 16:00:00,0,1989.59,0,303.62,11015.74,6699.08,6458.01,0,0,2360.61,17189.08,228.24,0,13346.66,1499.23,3863.07,73822.49,0,16992.69,0,0,88038.67,0,0,0,2602.25,2490.66,0,23769.92,28322.83,73.27,2831.37,16656.03,0,0,0,0
2006-10-30 17:00:00,0,1955.57,0,303.98,10957.85,6796.92,6265.43,0,0,2338.82,17116.67,237.23,0,14097.72,1519.39,3825.62,73468.43,0,17333.64,0,0,85962.1,0,0,0,2566.24,2479.28,0,23513.88,27966.13,72.6,2846.8,16494.51,0,0,0,0
2006-10-30 18:00:00,0,1924.63,0,295.04,10888.22,6372.55,6183.59,0,0,2262.5,16603.4,229.95,0,14454.59,1476.39,3734.85,72921.21,0,17728.62,0,0,85128.84,0,0,0,2532.34,2428.52,0,22727.66,27803.08,70.61,2708.11,16103.05,0,0,0,0
2006-10-30 19:00:00,0,2074.7,0,332.41,11513.44,6771.54,6702.18,0,0,2332.14,16465.26,252.5,0,14772.6,1593.78,3918.74,74499.47,0,18411.36,0,0,89616.1,0,0,0,2664.24,2558.64,0,24535.71,28191.92,72.13,2842.03,16838.22,0,0,0,0
2006-10-30 20:00:00,0,2100.0,0,316.92,11328.05,6227.78,6187.68,0,0,2134.59,15281.5,239.73,0,13832.14,1484.92,3757.78,73544.37,0,17705.34,0,0,85222.44,0,0,0,2641.53,2511.96,0,24355.21,28482.58,69.84,2624.54,16845.74,0,0,0,0
2006-10-30 21:00:00,0,2119.76,0,300.23,10943.38,5817.63,5752.51,0,0,1964.2,14247.21,227.88,0,12997.82,1376.13,3615.46,71913.98,0,17015.53,0,0,81291.7,0,0,0,2519.72,2434.02,0,23812.16,28255.84,67.45,2421.45,16628.72,0,0,0,0
2006-10-30 22:00:00,0,2014.8,0,276.86,10186.25,5269.09,5421.83,0,0,1822.85,13349.97,207.36,0,12174.74,1283.1,3463.68,69675.66,0,15985.82,0,0,77995.37,0,0,0,2382.33,2327.09,0,22487.72,27614.68,65.38,2226.58,15692.45,0,0,0,0
2006-10-30 23:00:00,0,1871.37,0,252.85,9558.43,4760.76,5108.69,0,0,1691.72,12389.4,189.9,0,11355.39,1199.91,3305.15,67307.59,0,14961.81,0,0,75090.94,0,0,0,2251.47,2207.72,0,21287.95,26318.48,63.06,2042.58,14731.21,0,0,0,0
2006-10-31 00:00:00,0,1726.51,0,233.3,9028.06,4277.27,4811.02,0,0,1563.43,11460.12,172.35,0,10646.73,1117.88,3175.26,64837.72,0,13916.84,0,0,72326.9,0,0,0,2125.35,2092.28,0,20088.52,25122.86,60.58,1866.04,13860.61,0,0,0,0
2006-10-31 01:00:00,0,1610.41,0,215.49,8625.2,3818.91,4543.84,0,0,1436.77,10682.78,156.8,0,10332.69,1035.44,3061.05,62450.73,0,13077.75,0,0,69754.83,0,0,0,2026.96,2005.57,0,19126.23,24092.36,57.77,1695.72,13078.8,0,0,0,0
2006-10-31 02:00:00,0,1572.51,0,199.62,8424.39,3494.92,4389.49,0,0,1334.92,9962.56,143.59,0,10304.42,970.07,2954.05,60101.16,0,12591.5,0,0,67645.59,0,0,0,1975.77,1981.24,0,18473.61,23243.76,56.26,1558.7,12580.25,0,0,0,0
2006-10-31 03:00:00,0,1589.91,0,200.82,8469.6,3437.44,4486.69,0,0,1306.24,9613.46,139.31,0,10442.87,957.6,2874.66,58252.87,0,12455.25,0,0,67162.16,0,0,0,1968.1,2041.11,0,18536.77,22999.71,57.0,1523.95,12428.0,0,0,0,0
2006-10-31 04:00:00,0,1680.21,0,208.67,8915.38,3647.91,4760.32,0,0,1357.15,9860.92,145.22,0,10718.39,997.19,2926.24,58197.66,0,12944.31,0,0,68385.23,0,0,0,2035.59,2090.9,0,19281.89,23264.38,57.44,1572.53,12621.94,0,0,0,0
2006-10-31 05:00:00,0,1843.91,0,216.09,9505.91,3866.21,5018.49,0,0,1409.44,10197.2,151.21,0,11050.84,1041.55,3036.31,59652.11,0,13536.95,0,0,70374.06,0,0,0,2132.47,2144.53,0,20057.46,24162.05,58.29,1637.12,13006.3,0,0,0,0
2006-10-31 06:00:00,0,1998.24,0,223.35,10077.45,4072.87,5275.72,0,0,1461.34,10539.36,157.02,0,11394.1,1085.11,3151.21,61428.31,0,14117.6,0,0,72509.68,0,0,0,2230.68,2202.54,0,20781.68,25274.96,59.88,1706.07,13411.94,0,0,0,0
2006-10-31 07:00:00,0,2135.51,0,230.79,10817.38,4336.05,5585.14,0,0,1562.17,11157.53,163.74,0,12398.93,1145.35,3269.82,63132.42,0,15196.83,0,0,75863.24,0,0,0,2358.46,2243.94,0,21605.03,26384.33,61.55,1791.18,13843.57,0,0,0,0
2006-10-31 08:00:00,0,2285.65,0,257.89,11542.29,4788.92,5882.37,0,0,1726.77,12483.06,180.03,0,12851.76,1239.26,3594.09,66241.06,0,16091.53,0,0,80688.74,0,0,0,2502.68,2275.27,0,23083.46,27561.79,63.49,1916.34,15109.64,0,0,0,0
2006-10-31 09:00:00,0,2506.04,0,276.64,11189.58,5139.96,5687.81,0,0,1939.72,13952.96,190.47,0,12946.36,1331.85,3715.08,69042.57,0,16136.62,0,0,81583.11,0,0,0,2487.04,2238.17,0,22848.38,29224.47,65.27,2116.13,15563.73,0,0,0,0
2006-10-31 10:00:00,0,2547.78,0,297.6,10868.59,5528.19,5652.46,0,0,2109.47,15263.91,197.26,0,13026.04,1371.82,3813.44,70614.34,0,16456.84,0,0,82852.09,0,0,0,2510.16,2252.26,0,22742.81,29541.62,66.89,2288.17,15835.85,0,0,0,0
2006-10-31 11:00:00,0,2540.51,0,310.75,10759.39,6063.63,5784.3,0,0,2289.05,16409.16,200.81,0,13121.0,1398.7,3876.18,71732.39,0,16765.86,0,0,83890.46,0,0,0,2557.12,2341.58,0,23266.99,29604.83,68.69,2518.82,16200.35,0,0,0,0
2006-10-31 12:00:00,0,2478.98,0,321.53,10804.54,6640.81,5931.69,0,0,2469.77,17396.01,209.64,0,13124.68,1458.07,3906.02,72013.72,0,17111.22,0,0,84715.78,0,0,0,2628.41,2439.92,0,23742.6,29436.65,71.73,2730.2,16573.78,0,0,0,0
2006-10-31 13:00:00,0,2415.55,0,333.12,10883.26,7126.62,6060.57,0,0,2594.58,18149.21,219.54,0,13204.71,1506.93,3933.78,72026.89,0,17388.9,0,0,85504.23,0,0,0,2702.0,2516.01,0,24346.65,29146.74,73.44,2913.64,16895.78,0,0,0,0
2006-10-31 14:00:00,0,2366.74,0,342.08,10869.7,7488.32,6275.37,0,0,2680.61,18786.03,226.92,0,13318.89,1541.29,3934.66,71818.24,0,17681.28,0,0,85953.33,0,0,0,2743.38,2582.71,0,24937.57,28775.93,74.63,3048.7,17157.32,0,0,0,0
2006-10-31 15:00:00,0,2308.62,0,346.98,10770.12,7658.2,6448.4,0,0,2710.26,19128.65,237.87,0,13608.88,1578.43,3918.92,71555.84,0,17975.87,0,0,86338.82,0,0,0,2742.19,2618.76,0,25290.37,28444.86,74.59,3061.29,17473.24,0,0,0,0
2006-10-31 16:00:00,0,2283.48,0,351.43,10985.23,7592.59,6509.26,0,0,2692.23,19010.06,251.01,0,13590.66,1611.19,3899.07,71211.59,0,17900.53,0,0,87043.93,0,0,0,2759.42,2640.29,0,25844.32,28014.64,74.06,3000.37,17672.0,0,0,0,0
2006-10-31 17:00:00,0,2302.72,0,346.51,11061.44,7263.18,6341.65,0,0,2632.63,18452.17,255.23,0,13773.14,1612.45,3852.75,71319.05,0,17446.89,0,0,85955.8,0,0,0,2708.88,2601.0,0,25628.61,27583.62,73.28,2877.57,17317.65,0,0,0,0
2006-10-31 18:00:00,0,2358.47,0,325.68,11102.44,6822.92,6269.99,0,0,2530.63,17817.76,248.02,0,14106.23,1535.23,3837.09,72088.03,0,17422.1,0,0,85650.24,0,0,0,2664.62,2562.71,0,24693.47,27827.64,73.0,2744.13,16633.67,0,0,0,0
2006-10-31 19:00:00,0,2587.78,0,343.82,11759.76,7082.53,6795.74,0,0,2519.81,17549.94,267.28,0,14671.65,1635.81,3911.79,75726.24,0,18645.8,0,0,88417.39,0,0,0,2706.74,2622.54,0,25844.82,29785.6,75.43,2837.61,17439.48,0,0,0,0
2006-10-31 20:00:00,0,2720.5,0,328.46,11584.97,6606.55,6276.55,0,0,2323.32,16506.32,248.01,0,13655.8,1515.34,3746.13,75384.82,0,17850.38,0,0,84188.01,0,0,0,2651.77,2532.75,0,25364.9,30581.94,73.45,2672.27,17398.14,0,0,0,0
2006-10-31 21:00:00,0,2804.18,0,307.65,11129.58,6207.83,5840.34,0,0,2139.98,15492.7,233.41,0,12712.53,1405.51,3590.94,73882.33,0,16993.21,0,0,81170.08,0,0,0,2527.77,2449.41,0,24460.32,30762.84,71.54,2487.95,16996.7,0,0,0,0
2006-10-31 22:00:00,0,2726.88,0,285.8,10357.22,5658.01,5469.58,0,0,1972.3,14356.85,215.41,0,11891.77,1313.44,3458.74,71559.22,0,15817.73,0,0,78212.84,0,0,0,2369.94,2316.63,0,23213.31,30293.34,69.69,2308.79,15957.56,0,0,0,0
2006-10-31 23:00:00,0,2642.63,0,265.34,9721.32,5139.46,5116.51,0,0,1825.43,13210.51,198.5,0,11078.42,1228.09,3339.2,69108.17,0,14825.81,0,0,75223.51,0,0,0,2236.04,2185.08,0,21896.49,29394.22,67.99,2123.16,15035.76,0,0,0,0
2006-11-01 00:00:00,0,2553.85,0,243.16,9097.44,4633.2,4761.25,0,0,1687.04,12181.13,180.42,0,10372.04,1145.95,3219.87,66671.81,0,13923.59,0,0,72337.0,0,0,0,2112.62,2058.14,0,20627.94,28490.6,66.59,1946.25,14280.1,0,0,0,0
2006-11-01 01:00:00,0,2472.67,0,221.78,8633.66,4198.54,4442.62,0,0,1550.65,11215.82,163.99,0,9949.9,1059.89,3096.51,64247.37,0,13110.78,0,0,69561.81,0,0,0,2014.53,1980.6,0,19526.25,27560.78,65.57,1805.77,13564.43,0,0,0,0
2006-11-01 02:00:00,0,2414.33,0,203.23,8411.98,3823.59,4252.95,0,0,1425.51,10393.08,150.72,0,9932.35,996.04,3007.85,61781.03,0,12567.62,0,0,67337.73,0,0,0,1946.57,1966.98,0,18778.89,26719.79,65.27,1699.39,13234.85,0,0,0,0
2006-11-01 03:00:00,0,2406.16,0,196.99,8490.59,3709.56,4355.35,0,0,1395.79,9985.06,143.97,0,10099.76,981.81,3025.19,60994.94,0,12540.36,0,0,67370.65,0,0,0,1936.58,2015.21,0,18635.97,26317.22,65.55,1661.08,13152.01,0,0,0,0
2006-11-01 04:00:00,0,2475.02,0,202.96,8898.37,3874.58,4609.62,0,0,1435.95,10219.89,148.09,0,10423.42,1022.32,3151.21,62624.28,0,13018.42,0,0,69078.27,0,0,0,2000.05,2058.5,0,19059.69,26494.52,67.24,1710.07,13427.24,0,0,0,0
2006-11-01 05:00:00,0,2566.03,0,209.06,9436.06,4071.29,4863.15,0,0,1477.6,10578.82,153.32,0,10795.89,1065.43,3289.81,64472.73,0,13545.01,0,0,71145.71,0,0,0,2083.26,2102.44,0,19690.92,27159.86,69.33,1764.11,13812.67,0,0,0,0
2006-11-01 06:00:00,0,2648.64,0,215.87,9981.33,4276.24,5092.74,0,0,1522.71,10971.01,159.98,0,11142.72,1107.3,3439.18,66303.19,0,14035.33,0,0,73255.4,0,0,0,2176.53,2136.71,0,20363.98,28006.39,71.31,1819.78,14163.59,0,0,0,0
2006-11-01 07:00:00,0,2729.14,0,221.94,10601.47,4505.16,5345.76,0,0,1610.85,11560.21,166.78,0,11887.86,1158.0,3578.29,68105.23,0,15012.95,0,0,76191.29,0,0,0,2286.51,2170.21,0,21056.16,28907.74,73.24,1895.59,14543.02,0,0,0,0
2006-11-01 08:00:00,0,2812.31,0,251.12,11236.56,5024.04,5712.68,0,0,1837.36,12943.42,180.24,0,12574.52,1257.57,3789.98,71334.6,0,16055.78,0,0,80375.39,0,0,0,2457.29,2179.95,0,22189.92,29840.1,75.2,2099.69,15516.89,0,0,0,0
2006-11-01 09:00:00,0,2892.73,0,271.14,11156.63,5518.0,5634.55,0,0,2061.02,14301.58,190.35,0,12835.59,1325.08,3903.97,74100.36,0,16162.91,0,0,81334.15,0,0,0,2452.5,2182.67,0,22306.96,30970.36,76.86,2300.76,15904.32,0,0,0,0
2006-11-01 10:00:00,0,2827.61,0,292.72,11025.38,6079.6,5696.83,0,0,2240.56,15439.8,196.77,0,13128.92,1375.26,3962.53,74820.6,0,16561.2,0,0,83004.99,0,0,0,2468.19,2215.0,0,23035.22,30766.77,77.98,2524.22,16158.19,0,0,0,0
2006-11-01 11:00:00,0,2760.29,0,307.34,10985.86,6618.61,5817.01,0,0,2391.99,16709.75,206.21,0,13283.72,1416.85,3995.07,75299.4,0,16829.91,0,0,83666.13,0,0,0,2524.02,2279.76,0,23706.68,30462.57,79.01,2703.08,16358.14,0,0,0,0
2006-11-01 12:00:00,0,2700.5,0,316.52,11006.17,6956.3,5940.62,0,0,2465.67,17297.07,221.14,0,13269.17,1445.32,4007.86,75288.74,0,16980.73,0,0,83661.59,0,0,0,2593.66,2341.54,0,24425.3,30261.1,79.75,2778.28,16513.49,0,0,0,0
2006-11-01 13:00:00,0,2623.55,0,326.47,11078.76,7067.07,6163.99,0,0,2509.55,17648.4,248.06,0,13256.77,1465.39,4024.22,74950.95,0,17042.47,0,0,83516.72,0,0,0,2650.38,2413.07,0,24964.35,29858.19,79.7,2830.62,16591.93,0,0,0,0
2006-11-01 14:00:00,0,2544.89,0,333.04,11141.34,7126.31,6362.06,0,0,2534.7,17843.53,248.74,0,13287.73,1486.01,4040.3,74524.11,0,17032.34,0,0,83428.0,0,0,0,2692.66,2479.13,0,25376.94,29401.45,79.13,2872.26,16560.16,0,0,0,0
2006-11-01 15:00:00,0,2472.29,0,336.61,11280.28,7201.86,6530.85,0,0,2539.21,17787.53,244.28,0,13439.66,1505.58,4024.53,74048.46,0,17219.37,0,0,83948.92,0,0,0,2729.19,2528.05,0,25980.76,28858.13,77.55,2921.06,16583.96,0,0,0,0
2006-11-01 16:00:00,0,2405.84,0,339.97,11533.17,7174.45,6624.07,0,0,2518.54,17685.41,243.69,0,13726.41,1526.35,4025.52,73937.57,0,17342.29,0,0,84457.29,0,0,0,2759.11,2549.23,0,26654.01,28411.33,76.17,2941.81,16703.78,0,0,0,0
2006-11-01 17:00:00,0,2354.9,0,334.51,11354.04,7097.95,6371.14,0,0,2528.42,17617.28,241.57,0,14173.59,1527.52,4046.0,74293.37,0,17434.79,0,0,85056.15,0,0,0,2693.86,2537.11,0,26444.06,28047.22,75.47,2927.69,16779.84,0,0,0,0
2006-11-01 18:00:00,0,2436.52,0,315.93,11070.49,6965.47,6234.15,0,0,2512.53,17469.5,241.43,0,14521.11,1537.0,4074.56,74800.42,0,17724.92,0,0,85705.61,0,0,0,2651.99,2510.56,0,25168.54,28291.83,75.25,2902.52,16792.19,0,0,0,0
2006-11-01 19:00:00,0,2692.76,0,353.98,11895.9,7299.86,6870.8,0,0,2533.09,17538.86,261.49,0,14782.75,1667.56,4158.09,77737.28,0,18508.4,0,0,87866.4,0,0,0,2796.57,2659.82,0,26791.57,30533.02,78.72,2898.62,17619.34,0,0,0,0
2006-11-01 20:00:00,0,2842.99,0,334.0,11680.33,6917.67,6322.45,0,0,2381.41,16539.55,252.65,0,13812.22,1562.61,4014.59,77312.77,0,17840.35,0,0,84387.51,0,0,0,2721.69,2557.14,0,26137.62,31435.4,77.81,2733.04,17951.97,0,0,0,0
2006-11-01 21:00:00,0,2918.42,0,312.46,11126.43,6516.65,5875.92,0,0,2234.63,15698.45,243.24,0,12908.21,1461.59,3894.82,76127.5,0,17164.11,0,0,81689.32,0,0,0,2593.69,2449.79,0,25033.1,31755.03,77.01,2568.42,17582.96,0,0,0,0
2006-11-01 22:00:00,0,2871.69,0,289.95,10299.05,5979.14,5493.78,0,0,2087.69,14697.51,224.01,0,12107.68,1369.29,3788.92,74396.38,0,16182.88,0,0,78974.88,0,0,0,2427.23,2324.43,0,23378.0,31336.98,76.05,2399.67,16849.31,0,0,0,0
2006-11-01 23:00:00,0,2804.72,0,268.26,9623.3,5466.57,5122.87,0,0,1936.44,13594.38,207.41,0,11349.49,1268.5,3692.51,72274.37,0,15145.97,0,0,76303.0,0,0,0,2263.62,2189.11,0,22097.56,30553.41,75.3,2223.82,16045.91,0,0,0,0
2006-11-02 00:00:00,0,2729.99,0,246.22,9054.02,4920.83,4783.99,0,0,1777.5,12485.27,189.28,0,10602.97,1179.0,3563.07,70035.4,0,14165.7,0,0,73608.43,0,0,0,2128.46,2062.59,0,20863.9,29698.3,74.64,2038.59,15481.72,0,0,0,0
2006-11-02 01:00:00,0,2668.12,0,226.71,8592.62,4418.5,4498.08,0,0,1611.45,11385.73,170.31,0,10362.01,1092.68,3505.23,67640.85,0,13374.36,0,0,71356.93,0,0,0,2023.06,1957.29,0,19777.53,28755.98,73.81,1874.16,15118.12,0,0,0,0
2006-11-02 02:00:00,0,2646.2,0,210.57,8362.18,4050.39,4277.49,0,0,1464.77,10441.13,155.76,0,10387.16,1037.65,3460.28,65339.51,0,12945.58,0,0,69796.76,0,0,0,1946.16,1914.48,0,19106.55,27897.81,73.6,1757.22,14847.03,0,0,0,0
2006-11-02 03:00:00,0,2685.93,0,205.64,8376.0,3924.57,4313.48,0,0,1429.95,10024.96,149.5,0,10658.29,1012.92,3463.49,64258.8,0,13081.22,0,0,70631.16,0,0,0,1928.38,1953.56,0,18958.69,27586.29,74.86,1711.14,14943.64,0,0,0,0
2006-11-02 04:00:00,0,2781.25,0,215.5,8681.51,4051.83,4525.36,0,0,1447.45,10239.37,153.28,0,11169.47,1039.66,3686.95,65774.44,0,13644.07,0,0,72889.06,0,0,0,1991.08,1994.33,0,19365.11,27856.37,76.85,1753.06,15318.49,0,0,0,0
2006-11-02 05:00:00,0,2875.21,0,223.16,9193.01,4213.91,4771.69,0,0,1479.62,10558.79,156.74,0,11600.83,1080.85,3922.21,67726.16,0,14251.31,0,0,75397.96,0,0,0,2074.86,2036.31,0,19888.64,28588.77,78.84,1809.37,15895.42,0,0,0,0
2006-11-02 06:00:00,0,2965.78,0,230.0,9720.98,4393.01,5033.24,0,0,1519.21,10843.26,161.35,0,12044.01,1115.71,4138.47,69809.82,0,14792.96,0,0,77780.27,0,0,0,2162.64,2079.79,0,20513.3,29554.72,80.77,1854.82,16535.24,0,0,0,0
2006-11-02 07:00:00,0,3048.21,0,237.39,10465.98,4608.64,5360.49,0,0,1590.07,11309.52,168.13,0,12681.34,1174.19,4329.21,71612.62,0,15654.33,0,0,80820.76,0,0,0,2294.59,2119.67,0,20889.56,30535.07,82.57,1929.82,17158.17,0,0,0,0
2006-11-02 08:00:00,0,3161.1,0,263.37,10797.35,4995.64,5628.2,0,0,1734.58,12322.07,181.04,0,13517.63,1255.56,4589.83,75756.8,0,17258.62,0,0,87314.98,0,0,0,2405.89,2161.34,0,22884.46,31658.49,84.84,2049.57,18874.41,0,0,0,0
2006-11-02 09:00:00,0,3134.23,0,278.54,10727.72,5332.37,5639.69,0,0,1902.26,13401.49,190.61,0,14339.84,1297.3,4499.25,78388.0,0,17543.75,0,0,88110.81,0,0,0,2427.29,2214.13,0,23621.31,32369.27,85.92,2235.55,19146.08,0,0,0,0
2006-11-02 10:00:00,0,2830.33,0,288.1,10871.31,5629.55,5727.97,0,0,2034.88,14304.44,199.38,0,14588.92,1340.45,4352.42,78429.35,0,17753.56,0,0,87296.28,0,0,0,2476.66,2288.62,0,24009.83,31591.79,83.32,2375.11,18650.03,0,0,0,0
2006-11-02 11:00:00,0,2620.18,0,296.64,11127.07,6085.79,5741.76,0,0,2169.06,15091.55,212.28,0,14671.02,1383.11,4248.01,78404.0,0,17644.12,0,0,85845.82,0,0,0,2518.55,2346.34,0,24229.99,30983.05,81.78,2559.03,18172.22,0,0,0,0
2006-11-02 12:00:00,0,2476.91,0,310.49,11007.79,6508.83,5783.01,0,0,2282.12,15768.96,219.15,0,14555.69,1415.49,4179.39,78230.19,0,17499.1,0,0,84495.8,0,0,0,2557.27,2387.28,0,24128.91,30428.69,80.65,2721.46,17727.57,0,0,0,0
2006-11-02 13:00:00,0,2374.06,0,320.96,10763.85,6846.21,5805.33,0,0,2378.14,16290.32,226.66,0,14343.05,1464.39,4126.68,77787.52,0,17270.08,0,0,83453.21,0,0,0,2575.04,2419.64,0,23800.46,29959.94,79.5,2846.57,17281.23,0,0,0,0
2006-11-02 14:00:00,0,2291.02,0,322.67,10539.88,7050.62,5827.86,0,0,2421.38,16659.56,235.56,0,14080.47,1515.99,4067.5,77114.33,0,17149.9,0,0,82693.44,0,0,0,2568.38,2434.57,0,23162.18,29510.6,78.16,2929.9,16847.49,0,0,0,0
2006-11-02 15:00:00,0,2214.57,0,321.86,10382.71,7069.88,5894.99,0,0,2453.35,16873.32,244.85,0,13762.22,1560.49,4008.5,76282.11,0,17122.64,0,0,82038.37,0,0,0,2544.42,2444.88,0,22567.42,28967.09,76.23,2967.87,16577.79,0,0,0,0
2006-11-02 16:00:00,0,2166.5,0,313.59,10416.64,6951.25,5876.29,0,0,2453.98,16884.97,253.35,0,13907.01,1596.19,3951.93,75124.77,0,17445.18,0,0,82392.24,0,0,0,2522.95,2421.12,0,22307.76,28352.08,73.9,2959.08,16518.88,0,0,0,0
2006-11-02 17:00:00,0,2177.69,0,304.14,10768.08,6763.73,5964.72,0,0,2410.57,16714.21,256.68,0,14669.6,1588.51,3945.99,74856.53,0,18125.88,0,0,84967.85,0,0,0,2494.63,2379.27,0,22344.04,27930.1,71.81,2907.23,16525.11,0,0,0,0
2006-11-02 18:00:00,0,2349.78,0,294.16,11019.25,6429.54,6230.37,0,0,2338.73,16422.2,244.1,0,14998.81,1511.67,4142.69,75760.11,0,18550.31,0,0,86976.58,0,0,0,2490.66,2335.02,0,22656.44,28380.51,70.39,2776.83,17479.3,0,0,0,0
2006-11-02 19:00:00,0,2583.93,0,317.0,11925.68,6894.7,6599.42,0,0,2410.38,16746.88,273.4,0,15474.75,1670.07,4509.85,81944.6,0,19449.38,0,0,95327.66,0,0,0,2658.73,2546.52,0,25033.61,30486.56,77.79,2900.65,19072.56,0,0,0,0
2006-11-02 20:00:00,0,2747.72,0,296.89,12150.48,6406.48,6312.72,0,0,2225.32,15651.41,256.46,0,14701.69,1536.51,4449.18,81814.3,0,18781.74,0,0,92764.1,0,0,0,2671.72,2470.6,0,25678.17,31496.43,76.73,2690.81,19894.35,0,0,0,0
2006-11-02 21:00:00,0,2836.34,0,283.96,12004.01,6027.12,6149.5,0,0,2049.92,14591.05,243.73,0,13917.24,1413.07,4376.23,80640.66,0,18092.59,0,0,90111.72,0,0,0,2579.38,2383.65,0,25449.59,31800.09,75.62,2504.22,20181.05,0,0,0,0
2006-11-02 22:00:00,0,2781.72,0,261.9,11654.21,5487.89,5965.87,0,0,1889.52,13540.19,213.29,0,13128.07,1318.3,4269.39,78486.95,0,17186.44,0,0,87438.36,0,0,0,2448.15,2302.24,0,24678.26,31256.73,74.45,2313.04,19693.42,0,0,0,0
2006-11-02 23:00:00,0,2714.55,0,247.43,11239.63,4954.88,5856.64,0,0,1741.84,12398.92,187.5,0,12308.98,1216.3,4155.68,76080.05,0,16146.51,0,0,84605.55,0,0,0,2316.08,2216.6,0,24016.42,30410.97,73.3,2141.12,19185.19,0,0,0,0
2006-11-03 00:00:00,0,2641.96,0,231.8,10847.41,4438.2,5765.72,0,0,1593.4,11383.65,170.31,0,11490.24,1134.09,4075.46,73577.9,0,15087.46,0,0,81722.1,0,0,0,2191.07,2201.71,0,23528.73,29453.39,72.44,1975.95,18659.54,0,0,0,0
2006-11-03 01:00:00,0,2585.4,0,210.84,10583.75,4026.73,5664.83,0,0,1457.23,10452.23,153.78,0,10917.62,1056.27,4025.1,71047.2,0,14070.3,0,0,79012.85,0,0,0,2074.8,2174.86,0,23049.2,28455.59,71.74,1801.09,18085.55,0,0,0,0
2006-11-03 02:00:00,0,2548.4,0,205.87,10513.87,3660.82,5601.98,0,0,1348.24,9650.14,142.53,0,10874.89,1002.06,3975.29,68588.83,0,13338.26,0,0,77042.32,0,0,0,2016.37,2161.72,0,22535.59,27526.51,71.36,1645.53,18097.0,0,0,0,0
2006-11-03 03:00:00,0,2577.92,0,206.35,10594.37,3537.82,5716.24,0,0,1327.72,9363.79,136.12,0,10987.57,979.54,3994.13,68097.16,0,13135.74,0,0,77245.7,0,0,0,2045.64,2208.84,0,22513.58,27150.21,72.33,1582.47,18379.33,0,0,0,0
2006-11-03 04:00:00,0,2653.38,0,214.81,11158.14,3690.54,6061.73,0,0,1370.54,9636.0,134.53,0,11326.51,986.89,4127.58,69590.08,0,13431.5,0,0,79163.96,0,0,0,2120.31,2280.37,0,23321.16,27369.41,74.32,1583.66,18852.62,0,0,0,0
2006-11-03 05:00:00,0,2742.34,0,226.2,11815.96,3879.47,6443.64,0,0,1412.3,9929.8,137.54,0,11662.44,1017.14,4280.68,71328.04,0,13948.59,0,0,81648.8,0,0,0,2254.47,2356.89,0,24231.91,28014.82,76.3,1613.78,19303.25,0,0,0,0
2006-11-03 06:00:00,0,2831.15,0,236.68,12468.74,4072.61,6850.84,0,0,1457.62,10224.17,142.11,0,12004.45,1068.37,4428.13,72999.21,0,14543.4,0,0,84022.43,0,0,0,2388.75,2449.94,0,25150.86,28899.81,78.54,1653.3,19695.17,0,0,0,0
2006-11-03 07:00:00,0,2912.86,0,246.21,13161.83,4307.2,7312.48,0,0,1541.9,10651.96,147.19,0,13033.95,1116.01,4569.85,74672.25,0,15749.24,0,0,87378.95,0,0,0,2521.01,2576.88,0,26218.05,29817.12,80.64,1734.19,20057.41,0,0,0,0
2006-11-03 08:00:00,0,3006.59,0,294.32,13677.87,4597.01,7417.6,0,0,1668.19,11590.48,159.95,0,13736.05,1231.56,4755.15,77849.32,0,16982.27,0,0,91782.01,0,0,0,2718.57,2689.26,0,28358.14,30776.08,82.74,1878.18,21085.98,0,0,0,0
2006-11-03 09:00:00,0,2992.53,0,298.35,13004.27,4881.16,7193.59,0,0,1770.4,12374.59,174.21,0,13743.12,1315.0,4582.63,80019.85,0,17164.61,0,0,90123.8,0,0,0,2674.74,2637.86,0,27105.16,31450.66,83.53,1985.25,20429.21,0,0,0,0
2006-11-03 10:00:00,0,2681.05,0,295.94,12601.06,5187.63,6819.38,0,0,1880.29,13136.45,177.06,0,13679.92,1364.61,4470.36,79132.47,0,17268.46,0,0,88706.23,0,0,0,2659.02,2600.76,0,26105.98,30385.09,80.52,2087.34,19259.64,0,0,0,0
2006-11-03 11:00:00,0,2440.49,0,295.33,12249.81,5423.87,6491.44,0,0,1984.28,13853.64,181.44,0,13657.92,1399.39,4428.48,78168.19,0,17364.9,0,0,87873.23,0,0,0,2647.24,2573.16,0,25671.84,29541.56,78.53,2247.8,18823.86,0,0,0,0
2006-11-03 12:00:00,0,2276.25,0,291.78,11927.14,5644.79,6287.39,0,0,2061.9,14528.85,184.91,0,13614.16,1407.02,4372.87,77529.94,0,17403.35,0,0,87261.92,0,0,0,2618.48,2531.12,0,25242.3,28973.59,77.34,2433.18,18423.8,0,0,0,0
2006-11-03 13:00:00,0,2171.27,0,284.72,11556.51,5755.43,6142.61,0,0,2115.48,14944.09,189.91,0,13531.64,1413.97,4302.93,76836.48,0,17414.51,0,0,86519.96,0,0,0,2554.44,2490.71,0,24726.72,28603.5,76.19,2552.4,17937.77,0,0,0,0
2006-11-03 14:00:00,0,2098.41,0,278.49,11166.02,5814.56,6105.9,0,0,2147.32,15238.79,194.44,0,13476.81,1426.95,4216.05,75942.19,0,17430.47,0,0,85475.06,0,0,0,2493.74,2433.1,0,23956.59,28232.47,74.68,2594.27,17438.36,0,0,0,0
2006-11-03 15:00:00,0,2035.75,0,275.75,10945.22,5845.97,6097.2,0,0,2149.84,15433.13,196.37,0,13642.47,1434.9,4130.62,75145.26,0,17537.96,0,0,84504.18,0,0,0,2441.76,2370.19,0,23230.68,27754.58,72.55,2570.67,16981.75,0,0,0,0
2006-11-03 16:00:00,0,1994.35,0,273.35,11084.17,5779.62,6069.93,0,0,2129.34,15445.15,200.45,0,14127.95,1420.87,4055.34,74169.66,0,17837.52,0,0,84429.02,0,0,0,2437.9,2329.07,0,22703.31,27184.47,70.45,2485.13,16632.72,0,0,0,0
2006-11-03 17:00:00,0,2038.44,0,273.14,11460.38,5695.87,6606.21,0,0,2106.39,15406.73,202.52,0,15014.36,1351.94,4057.11,74322.28,0,18658.02,0,0,88397.76,0,0,0,2552.17,2417.39,0,23096.91,26841.58,68.87,2363.99,16770.97,0,0,0,0
2006-11-03 18:00:00,0,2132.09,0,281.19,11930.09,5607.54,7041.38,0,0,2118.36,15372.92,203.15,0,15331.09,1315.24,4183.26,75303.59,0,19110.15,0,0,91843.1,0,0,0,2699.24,2622.88,0,24280.27,27169.28,68.87,2274.73,18022.31,0,0,0,0
2006-11-03 19:00:00,0,2359.83,0,306.06,12220.16,5723.05,7962.89,0,0,2017.21,14610.26,209.0,0,15303.11,1517.16,4375.2,76660.4,0,18795.59,0,0,93730.1,0,0,0,2883.01,2546.52,0,25268.61,28348.79,68.99,2413.6,18346.89,0,0,0,0
2006-11-03 20:00:00,0,2500.44,0,309.39,12526.1,5483.08,7865.45,0,0,1891.46,13756.11,204.83,0,14500.95,1442.44,4302.07,76968.18,0,18245.51,0,0,91519.9,0,0,0,2935.65,2470.6,0,26249.48,29282.35,67.52,2273.07,19097.65,0,0,0,0
2006-11-03 21:00:00,0,2616.64,0,304.41,12455.11,5263.69,7765.68,0,0,1773.81,12944.98,202.09,0,13686.88,1372.65,4206.56,76265.48,0,17647.63,0,0,88893.59,0,0,0,2946.21,3208.44,0,26016.92,28935.41,66.02,2133.02,19508.42,0,0,0,0
2006-11-03 22:00:00,0,2549.4,0,291.25,12127.16,5043.18,7652.04,0,0,1669.52,12128.44,190.38,0,12888.25,1308.89,4099.0,74503.8,0,16800.36,0,0,85948.69,0,0,0,2883.98,3149.27,0,25535.17,28401.72,64.22,2016.34,19029.47,0,0,0,0
2006-11-03 23:00:00,0,2457.91,0,280.37,11797.43,4644.2,7485.55,0,0,1573.48,11378.87,176.7,0,12067.22,1244.5,3980.47,72367.56,0,15871.15,0,0,82816.47,0,0,0,2816.43,3102.94,0,25357.93,27714.21,62.28,1902.65,18468.48,0,0,0,0
2006-11-04 00:00:00,0,2364.25,0,268.31,11463.08,4211.95,7308.2,0,0,1483.47,10649.97,164.35,0,11236.56,1178.25,3841.71,69972.35,0,15001.52,0,0,79627.96,0,0,0,2769.63,3077.19,0,24930.06,27054.45,60.56,1773.65,17892.28,0,0,0,0
2006-11-04 01:00:00,0,2274.38,0,259.13,11136.14,3868.92,7160.72,0,0,1405.95,9971.42,153.44,0,10648.84,1110.62,3768.09,67576.42,0,14157.83,0,0,76995.58,0,0,0,2708.73,3057.36,0,24777.82,26379.28,58.77,1639.41,17451.63,0,0,0,0
2006-11-04 02:00:00,0,2215.77,0,254.16,10915.29,3596.66,7075.25,0,0,1344.9,9370.4,145.87,0,10527.46,1055.63,3693.73,65779.44,0,13451.53,0,0,75085.33,0,0,0,2683.38,3064.03,0,24492.7,25642.71,57.34,1538.72,17341.94,0,0,0,0
2006-11-04 03:00:00,0,2186.62,0,253.41,10812.66,3473.7,7080.01,0,0,1290.6,8983.92,139.64,0,10491.32,1007.66,3647.93,64543.99,0,13061.21,0,0,74047.29,0,0,0,2674.45,3077.36,0,24003.6,24952.49,56.52,1462.06,17275.99,0,0,0,0
2006-11-04 04:00:00,0,2190.05,0,254.15,10981.81,3489.42,7161.67,0,0,1272.8,8862.37,142.17,0,10544.77,988.87,3650.72,63966.33,0,12982.87,0,0,74581.14,0,0,0,2680.76,3112.47,0,23954.16,24609.74,56.66,1456.38,17455.5,0,0,0,0
2006-11-04 05:00:00,0,2208.63,0,252.12,11274.72,3530.23,7331.81,0,0,1308.4,9015.61,145.2,0,10746.32,1000.13,3707.3,64375.58,0,13095.77,0,0,75657.72,0,0,0,2739.03,3155.14,0,24261.59,24712.64,57.79,1489.26,17807.09,0,0,0,0
2006-11-04 06:00:00,0,2251.64,0,259.33,11644.1,3628.2,7551.13,0,0,1348.06,9320.82,150.99,0,11006.43,1029.34,3786.29,65180.76,0,13312.23,0,0,76949.77,0,0,0,2814.05,3202.04,0,24727.52,25082.39,58.28,1548.51,18187.66,0,0,0,0
2006-11-04 07:00:00,0,2299.79,0,269.01,12056.59,3821.75,7746.2,0,0,1393.74,9762.0,154.09,0,11309.46,1071.49,3877.8,66011.74,0,14057.56,0,0,78811.46,0,0,0,2906.77,2576.88,0,25174.95,25459.33,59.0,1618.46,18550.66,0,0,0,0
2006-11-04 08:00:00,0,2373.14,0,281.29,12424.48,4210.85,7686.91,0,0,1475.27,10563.37,157.88,0,11726.26,1147.64,3960.48,67398.62,0,14762.07,0,0,80580.16,0,0,0,2813.7,3201.58,0,26264.98,25898.36,59.52,1709.16,19515.1,0,0,0,0
2006-11-04 09:00:00,0,2508.31,0,277.12,11823.77,4659.89,7203.9,0,0,1581.13,11365.33,160.07,0,11917.4,1191.66,3887.58,68557.48,0,14968.89,0,0,79798.81,0,0,0,2625.24,2992.52,0,25032.34,26762.71,59.93,1895.76,19124.31,0,0,0,0
2006-11-04 10:00:00,0,2513.4,0,274.08,11507.51,5220.23,6793.38,0,0,1682.48,12113.79,170.94,0,12053.01,1237.34,3718.26,68527.92,0,15136.51,0,0,79274.4,0,0,0,2508.21,2837.31,0,23945.39,27151.51,60.41,2075.09,18037.1,0,0,0,0
2006-11-04 11:00:00,0,2475.29,0,267.84,11360.96,5512.78,6542.71,0,0,1765.82,12721.92,179.11,0,12157.74,1266.52,3581.43,68152.78,0,15277.61,0,0,78719.75,0,0,0,2423.89,2724.11,0,23193.58,27014.59,60.84,2224.26,16987.55,0,0,0,0
2006-11-04 12:00:00,0,2458.37,0,268.6,11163.04,5737.02,6361.99,0,0,1842.62,13341.49,186.34,0,12238.34,1292.12,3506.03,67970.73,0,15434.48,0,0,78304.19,0,0,0,2384.35,2686.49,0,22921.3,26739.63,61.06,2381.87,16360.27,0,0,0,0
2006-11-04 13:00:00,0,2430.7,0,269.18,10860.27,5782.66,6230.9,0,0,1897.62,13768.4,189.43,0,12264.25,1304.28,3449.46,67658.59,0,15540.23,0,0,78052.4,0,0,0,2333.08,2644.0,0,22642.58,26327.74,60.76,2512.22,15794.3,0,0,0,0
2006-11-04 14:00:00,0,2399.38,0,269.88,10551.86,5809.74,6172.68,0,0,1933.35,13907.26,191.27,0,12243.72,1307.28,3419.07,67234.27,0,15652.57,0,0,77864.79,0,0,0,2260.93,2583.37,0,22214.68,26092.51,60.33,2573.19,15345.81,0,0,0,0
2006-11-04 15:00:00,0,2369.3,0,267.51,10369.61,5760.68,6151.98,0,0,1961.48,13936.84,190.74,0,12335.01,1293.23,3443.24,66512.58,0,15886.01,0,0,77764.92,0,0,0,2212.09,2506.56,0,21732.81,25940.93,59.57,2568.68,14827.52,0,0,0,0
2006-11-04 16:00:00,0,2341.7,0,264.74,10259.85,5730.83,6126.92,0,0,1961.2,13994.82,192.8,0,13029.69,1285.23,3433.25,66345.78,0,16331.7,0,0,78005.29,0,0,0,2245.13,2469.37,0,21599.64,25641.09,58.7,2453.74,14511.93,0,0,0,0
2006-11-04 17:00:00,0,2327.24,0,261.22,10673.33,5670.97,6485.02,0,0,1946.57,14109.59,196.31,0,13902.48,1255.42,3504.11,66969.01,0,17096.71,0,0,81777.67,0,0,0,2352.65,2565.83,0,21376.43,25347.54,58.12,2384.76,14654.71,0,0,0,0
2006-11-04 18:00:00,0,2322.12,0,262.15,11196.23,5598.43,6861.44,0,0,1938.81,14319.9,199.28,0,14445.93,1236.87,3631.01,67768.06,0,17551.72,0,0,84264.91,0,0,0,2516.25,2755.58,0,22077.28,24933.19,58.44,2330.0,15463.06,0,0,0,0
2006-11-04 19:00:00,0,2418.91,0,293.34,12536.15,5939.45,7991.05,0,0,2056.93,14513.08,216.95,0,15467.87,1472.17,4077.39,72479.28,0,18911.99,0,0,91666.37,0,0,0,2881.23,3192.68,0,24757.47,27624.23,66.15,2499.11,16946.55,0,0,0,0
2006-11-04 20:00:00,0,2499.28,0,289.8,12806.74,5716.43,7923.41,0,0,1943.79,13735.01,211.44,0,14662.55,1396.28,4016.45,72469.89,0,18360.16,0,0,89422.59,0,0,0,2950.02,3190.32,0,25712.27,28448.23,64.2,2359.08,17648.25,0,0,0,0
2006-11-04 21:00:00,0,2573.82,0,282.13,12717.88,5552.33,7833.72,0,0,1831.06,12953.92,207.58,0,13832.51,1319.97,3952.37,71464.23,0,17797.24,0,0,86822.9,0,0,0,2959.44,3174.7,0,25405.75,28039.43,62.36,2243.86,17871.6,0,0,0,0
2006-11-04 22:00:00,0,2511.5,0,266.21,12352.06,5271.28,7750.86,0,0,1714.51,12193.9,194.35,0,13020.46,1245.49,3846.99,69775.78,0,16979.77,0,0,84124.89,0,0,0,2890.77,3127.63,0,24763.34,27195.36,60.56,2128.45,17349.05,0,0,0,0
2006-11-04 23:00:00,0,2392.1,0,252.75,12056.86,4853.5,7628.25,0,0,1620.87,11486.51,179.48,0,12157.54,1175.11,3722.09,67519.03,0,16020.32,0,0,81116.09,0,0,0,2816.3,3086.6,0,23947.83,26347.09,58.72,2000.8,16754.65,0,0,0,0
2006-11-05 00:00:00,0,2272.48,0,241.15,11732.56,4409.58,7484.39,0,0,1520.15,10770.11,166.08,0,11303.03,1103.05,3576.98,65052.92,0,15107.64,0,0,78157.55,0,0,0,2757.31,3054.0,0,23113.71,25473.7,56.88,1881.02,16153.72,0,0,0,0
2006-11-05 01:00:00,0,2158.54,0,230.34,11420.66,3985.16,7369.08,0,0,1420.72,10138.9,153.57,0,10795.8,1029.5,3450.45,62619.3,0,14278.16,0,0,76068.4,0,0,0,2700.25,3036.05,0,22609.4,24619.23,55.54,1756.11,15664.14,0,0,0,0
2006-11-05 02:00:00,0,2076.59,0,219.64,11300.98,3689.51,7283.28,0,0,1337.7,9570.93,143.77,0,10711.87,968.28,3330.82,60917.43,0,13617.76,0,0,74002.78,0,0,0,2653.2,3043.89,0,22106.73,23891.38,54.41,1628.9,15503.08,0,0,0,0
2006-11-05 03:00:00,0,1996.65,0,211.11,11272.01,3468.34,7277.04,0,0,1275.83,9194.78,136.47,0,10703.97,925.56,3244.81,59518.39,0,13317.32,0,0,73618.72,0,0,0,2647.63,3065.87,0,21767.89,23257.23,53.16,1556.94,15327.43,0,0,0,0
2006-11-05 04:00:00,0,1967.91,0,211.22,11448.67,3437.94,7408.38,0,0,1233.03,9039.45,133.45,0,10783.09,912.54,3228.61,59105.57,0,13302.37,0,0,74452.0,0,0,0,2658.49,3110.13,0,21799.88,22933.09,52.54,1521.44,15310.17,0,0,0,0
2006-11-05 05:00:00,0,1998.78,0,214.64,11812.07,3505.34,7630.56,0,0,1250.1,9100.54,136.37,0,10949.91,919.23,3263.45,59488.47,0,13471.57,0,0,75606.27,0,0,0,2731.88,3157.95,0,21974.77,23041.84,52.54,1532.62,15477.48,0,0,0,0
2006-11-05 06:00:00,0,2057.39,0,220.24,12193.48,3604.62,7847.61,0,0,1284.7,9353.76,141.24,0,11201.45,946.37,3343.96,60247.51,0,13766.51,0,0,76853.71,0,0,0,2803.45,3193.89,0,22302.43,23390.98,53.03,1560.51,15761.9,0,0,0,0
2006-11-05 07:00:00,0,2118.62,0,227.85,12601.9,3755.94,8056.53,0,0,1337.45,9729.77,147.76,0,11487.28,991.95,3424.7,61240.51,0,14272.0,0,0,78275.06,0,0,0,2870.55,3234.46,0,22807.51,23761.53,53.85,1612.57,16175.19,0,0,0,0
2006-11-05 08:00:00,0,2175.59,0,251.43,13185.33,4206.36,8029.97,0,0,1456.01,10716.88,155.77,0,11941.98,1093.63,3510.07,62636.3,0,14901.57,0,0,80341.83,0,0,0,2802.76,3204.61,0,24378.57,24178.71,54.63,1735.19,17089.37,0,0,0,0
2006-11-05 09:00:00,0,2289.16,0,260.16,12499.01,4703.11,7417.28,0,0,1589.38,11698.17,162.35,0,12217.09,1150.56,3555.09,64068.48,0,15130.54,0,0,79739.93,0,0,0,2646.52,3074.27,0,24344.87,24956.89,55.16,1930.08,17038.53,0,0,0,0
2006-11-05 10:00:00,0,2287.45,0,261.86,11934.98,5148.38,6886.09,0,0,1679.19,12678.62,172.39,0,12342.51,1231.02,3598.54,65104.14,0,15322.8,0,0,78839.62,0,0,0,2525.28,2933.35,0,23962.19,25214.28,55.87,2095.13,16690.06,0,0,0,0
2006-11-05 11:00:00,0,2292.49,0,264.02,11534.9,5467.28,6499.04,0,0,1775.0,13576.42,181.31,0,12404.92,1274.7,3614.3,65390.51,0,15447.58,0,0,77966.59,0,0,0,2435.65,2816.91,0,23670.21,25429.86,56.78,2221.82,16481.25,0,0,0,0
2006-11-05 12:00:00,0,2295.99,0,267.98,11145.38,5715.35,6254.73,0,0,1862.97,14305.01,188.31,0,12405.42,1315.77,3610.65,65761.52,0,15496.67,0,0,77353.17,0,0,0,2367.55,2721.06,0,23401.12,25627.81,57.09,2370.43,16203.14,0,0,0,0
2006-11-05 13:00:00,0,2296.06,0,274.06,10674.46,5908.96,6099.59,0,0,1930.74,14713.66,193.94,0,12376.69,1341.78,3589.94,65900.89,0,15582.75,0,0,76903.38,0,0,0,2293.4,2629.29,0,22971.12,25725.45,57.54,2514.73,15883.66,0,0,0,0
2006-11-05 14:00:00,0,2298.98,0,275.3,10270.95,6049.43,5942.09,0,0,1961.69,14829.27,197.3,0,12315.49,1335.46,3544.08,65997.78,0,15614.69,0,0,75517.81,0,0,0,2228.46,2527.79,0,22469.74,25707.45,57.36,2620.35,15478.33,0,0,0,0
2006-11-05 15:00:00,0,2297.7,0,275.58,10034.86,6084.33,5795.26,0,0,1971.98,14958.65,200.09,0,12336.63,1319.02,3524.65,66224.2,0,15845.56,0,0,75054.61,0,0,0,2197.47,2468.79,0,21979.03,25639.9,57.36,2658.06,15002.31,0,0,0,0
2006-11-05 16:00:00,0,2294.34,0,275.81,9956.59,6064.3,5784.74,0,0,1996.5,15011.19,201.35,0,12969.78,1303.77,3495.99,66345.83,0,16251.85,0,0,75248.6,0,0,0,2204.23,2459.6,0,21710.34,25597.11,57.31,2621.23,14827.99,0,0,0,0
2006-11-05 17:00:00,0,2296.06,0,272.59,10445.54,5987.16,6180.14,0,0,1985.12,14944.93,203.79,0,13887.26,1300.16,3499.02,66623.53,0,17053.87,0,0,78597.78,0,0,0,2304.42,2521.08,0,21390.08,25591.12,56.68,2550.61,14659.13,0,0,0,0
2006-11-05 18:00:00,0,2316.28,0,267.66,10980.35,5583.32,6500.1,0,0,1911.16,14668.21,205.06,0,14368.09,1281.05,3588.84,67291.94,0,17566.87,0,0,81529.63,0,0,0,2436.52,2641.86,0,21843.95,25406.75,56.46,2372.67,15107.94,0,0,0,0
2006-11-05 19:00:00,0,2393.51,0,320.75,13125.36,6462.89,7617.14,0,0,2256.81,15688.98,239.89,0,15897.81,1552.07,4032.25,74602.73,0,19658.49,0,0,92903.16,0,0,0,2855.13,2927.98,0,25632.17,28588.93,71.61,2722.41,17803.36,0,0,0,0
2006-11-05 20:00:00,0,2449.57,0,317.01,13325.69,6055.3,7458.08,0,0,2074.1,14674.41,231.9,0,15088.69,1456.73,3903.28,74179.62,0,19025.9,0,0,90241.71,0,0,0,2910.07,2923.09,0,26038.4,28916.66,68.41,2481.4,17986.98,0,0,0,0
2006-11-05 21:00:00,0,2501.21,0,302.53,13097.22,5738.22,7291.4,0,0,1922.8,13721.49,220.94,0,14251.02,1368.88,3760.82,72567.51,0,18374.19,0,0,87340.56,0,0,0,2836.99,2872.4,0,25451.84,28792.84,65.91,2278.89,17736.95,0,0,0,0
2006-11-05 22:00:00,0,2371.59,0,278.24,12571.73,5289.34,7093.35,0,0,1791.62,12752.48,203.25,0,13399.16,1296.79,3619.98,70225.6,0,17358.67,0,0,84115.64,0,0,0,2748.19,2805.5,0,24458.2,28054.74,63.92,2103.09,17001.75,0,0,0,0
2006-11-05 23:00:00,0,2246.09,0,255.43,12033.8,4794.06,6833.03,0,0,1663.14,11799.41,186.7,0,12527.17,1218.01,3515.48,67552.2,0,16308.95,0,0,80933.49,0,0,0,2663.58,2726.87,0,23392.74,26706.25,62.0,1949.39,16320.08,0,0,0,0
2006-11-06 00:00:00,0,2133.03,0,232.75,11615.92,4331.27,6632.61,0,0,1528.2,10915.29,170.9,0,11648.4,1136.71,3400.74,64886.96,0,15277.95,0,0,78011.06,0,0,0,2586.84,2662.31,0,22415.12,25481.13,60.07,1797.52,15671.38,0,0,0,0
2006-11-06 01:00:00,0,2020.49,0,209.56,11256.82,3875.72,6445.71,0,0,1405.98,10119.55,154.2,0,11058.21,1059.1,3279.95,62233.92,0,14251.99,0,0,75351.53,0,0,0,2512.78,2614.08,0,21539.68,24393.62,58.36,1651.31,15084.03,0,0,0,0
2006-11-06 02:00:00,0,1925.43,0,198.52,11093.92,3540.48,6391.88,0,0,1307.51,9399.06,140.21,0,11002.66,991.21,3174.45,59722.14,0,13516.73,0,0,73473.55,0,0,0,2462.21,2646.1,0,20749.29,23506.94,57.18,1524.77,14637.85,0,0,0,0
2006-11-06 03:00:00,0,1862.82,0,199.29,11139.36,3468.68,6565.08,0,0,1267.78,9003.7,135.13,0,11106.98,965.29,3168.25,59021.59,0,13329.72,0,0,74196.4,0,0,0,2518.56,2688.22,0,20558.79,23103.93,56.85,1492.55,14722.64,0,0,0,0
2006-11-06 04:00:00,0,1888.59,0,206.67,11617.45,3659.08,6870.36,0,0,1298.18,9163.17,141.36,0,11469.34,981.87,3271.05,60341.38,0,13752.51,0,0,76413.95,0,0,0,2594.88,2711.28,0,21172.49,23113.76,58.01,1545.5,15057.34,0,0,0,0
2006-11-06 05:00:00,0,1948.3,0,213.03,12074.73,3876.04,7115.72,0,0,1353.04,9518.4,147.0,0,11819.91,1023.82,3394.48,62012.22,0,14301.28,0,0,78435.78,0,0,0,2700.35,2758.01,0,21862.93,23777.77,59.3,1615.82,15466.75,0,0,0,0
2006-11-06 06:00:00,0,2023.58,0,223.34,12582.46,4090.85,7369.04,0,0,1406.78,9920.48,152.82,0,12175.64,1065.53,3513.26,63523.83,0,14885.71,0,0,80452.29,0,0,0,2809.42,2819.97,0,22462.88,24587.62,60.53,1691.29,15871.9,0,0,0,0
2006-11-06 07:00:00,0,2098.22,0,232.04,13162.68,4319.55,7608.55,0,0,1507.0,10452.08,159.06,0,13109.45,1120.07,3637.91,65075.27,0,15981.21,0,0,83379.17,0,0,0,2900.43,2862.69,0,23061.9,25418.81,62.08,1784.33,16221.05,0,0,0,0
2006-11-06 08:00:00,0,2167.37,0,267.92,13799.04,4671.7,7552.3,0,0,1658.29,11662.08,170.47,0,13789.22,1232.63,3856.37,67577.89,0,17066.91,0,0,87159.76,0,0,0,2903.83,2792.4,0,24874.95,26270.29,63.61,1916.39,17221.84,0,0,0,0
2006-11-06 09:00:00,0,2235.79,0,271.19,12935.3,5038.74,6897.22,0,0,1796.72,12673.16,179.09,0,13734.59,1266.55,3889.54,70362.27,0,17041.56,0,0,85538.3,0,0,0,2673.48,2540.37,0,24798.41,27597.03,65.13,2061.84,17672.99,0,0,0,0
2006-11-06 10:00:00,0,2257.85,0,276.8,12240.73,5341.45,6485.56,0,0,1912.89,13522.04,187.5,0,13618.85,1302.14,3885.52,71696.05,0,17029.33,0,0,84957.28,0,0,0,2570.28,2415.37,0,24255.15,28176.99,66.43,2214.35,17362.16,0,0,0,0
2006-11-06 11:00:00,0,2246.14,0,283.39,11785.45,5615.1,6139.92,0,0,1998.64,14037.52,195.5,0,13522.57,1340.72,3866.87,72796.56,0,17054.03,0,0,84052.34,0,0,0,2514.67,2324.19,0,24012.59,28333.76,67.64,2359.63,17218.0,0,0,0,0
2006-11-06 12:00:00,0,2233.06,0,292.52,11411.73,5949.09,6004.53,0,0,2079.58,14556.46,211.88,0,13396.85,1362.07,3867.86,73790.91,0,17103.18,0,0,83505.35,0,0,0,2473.82,2285.48,0,24000.84,28431.69,69.06,2506.84,17048.06,0,0,0,0
2006-11-06 13:00:00,0,2202.5,0,300.22,11098.4,6185.11,5924.65,0,0,2127.17,15130.71,219.02,0,13326.41,1383.85,3871.59,74295.39,0,17110.83,0,0,83004.4,0,0,0,2442.48,2314.18,0,23894.25,28391.91,70.16,2633.15,16841.62,0,0,0,0
2006-11-06 14:00:00,0,2176.35,0,318.11,10895.58,6344.82,5879.32,0,0,2161.24,15585.4,226.62,0,13321.07,1413.77,3847.12,74433.71,0,17096.14,0,0,82710.78,0,0,0,2443.02,2336.77,0,23761.02,28317.8,70.74,2712.29,16673.82,0,0,0,0
2006-11-06 15:00:00,0,2157.12,0,321.1,10765.22,6459.1,5870.47,0,0,2185.09,16001.07,233.72,0,13497.94,1465.1,3820.51,74628.03,0,17133.96,0,0,82952.91,0,0,0,2452.22,2333.42,0,23683.79,28299.91,70.54,2770.06,16710.59,0,0,0,0
2006-11-06 16:00:00,0,2134.98,0,314.8,10889.44,6470.65,5971.91,0,0,2205.42,16144.65,234.03,0,13996.8,1486.88,3785.04,74952.47,0,17555.07,0,0,84197.24,0,0,0,2464.94,2320.33,0,23602.53,28303.01,70.38,2784.81,16715.33,0,0,0,0
2006-11-06 17:00:00,0,2146.92,0,312.21,11294.72,6397.24,6302.49,0,0,2211.0,16006.85,235.07,0,14739.87,1474.21,3788.17,74980.66,0,18166.52,0,0,85253.76,0,0,0,2493.43,2315.45,0,23716.09,28100.57,70.23,2749.83,16672.56,0,0,0,0
2006-11-06 18:00:00,0,2223.41,0,311.59,11650.68,6239.57,6476.02,0,0,2172.75,15854.46,233.22,0,15078.2,1480.7,3811.51,74612.86,0,18583.44,0,0,86303.77,0,0,0,2552.98,2351.78,0,24150.26,27706.29,70.42,2672.0,16813.3,0,0,0,0
2006-11-06 19:00:00,0,2238.24,0,334.8,12428.88,6808.36,6847.52,0,0,2325.14,16247.62,254.62,0,15465.42,1651.04,3955.26,74659.2,0,19288.8,0,0,89107.35,0,0,0,2708.65,2611.44,0,25075.5,27979.95,71.31,2811.47,17669.57,0,0,0,0
2006-11-06 20:00:00,0,2304.11,0,324.24,12490.45,6328.36,6570.77,0,0,2153.76,15281.72,243.05,0,14624.06,1531.49,3826.11,73801.23,0,18574.62,0,0,85943.25,0,0,0,2707.26,2530.07,0,25239.25,28255.42,68.15,2599.88,17905.93,0,0,0,0
2006-11-06 21:00:00,0,2357.04,0,314.87,12215.18,5939.84,6284.06,0,0,1982.24,14327.47,232.17,0,13773.58,1435.68,3691.28,71937.45,0,17899.87,0,0,83014.78,0,0,0,2622.25,2444.7,0,24796.06,28276.11,65.3,2403.68,17525.08,0,0,0,0
2006-11-06 22:00:00,0,2237.6,0,295.83,11650.13,5476.5,6029.04,0,0,1850.33,13385.28,212.65,0,12918.07,1350.38,3551.36,69700.09,0,16836.13,0,0,79986.97,0,0,0,2484.97,2366.74,0,23660.57,27624.17,62.56,2229.01,16889.33,0,0,0,0
2006-11-06 23:00:00,0,2121.75,0,274.54,11076.34,5013.76,5768.57,0,0,1730.83,12489.63,194.01,0,12051.69,1276.09,3396.04,66872.9,0,15720.9,0,0,77099.79,0,0,0,2355.63,2264.19,0,22503.38,26367.15,60.32,2050.75,16185.92,0,0,0,0
2006-11-07 00:00:00,0,2024.84,0,249.9,10527.39,4577.86,5469.35,0,0,1624.36,11671.49,177.43,0,11219.89,1189.79,3265.31,64336.92,0,14681.82,0,0,74358.59,0,0,0,2225.2,2172.93,0,21390.41,25159.68,58.44,1919.39,15408.12,0,0,0,0
2006-11-07 01:00:00,0,1940.91,0,225.06,10089.61,4167.21,5154.49,0,0,1505.24,10881.07,160.57,0,10744.04,1114.33,3163.71,61871.51,0,13720.95,0,0,71875.34,0,0,0,2109.06,2107.87,0,20371.82,24086.34,56.93,1816.43,14660.44,0,0,0,0
2006-11-07 02:00:00,0,1886.69,0,210.71,9824.28,3816.97,4966.51,0,0,1375.08,10014.9,149.06,0,10716.48,1054.05,3065.65,59554.87,0,13102.23,0,0,69884.51,0,0,0,2036.19,2076.54,0,19662.9,23172.24,56.03,1712.2,14014.64,0,0,0,0
2006-11-07 03:00:00,0,1882.58,0,212.84,9894.64,3733.89,5081.94,0,0,1335.94,9547.83,144.14,0,10846.28,1036.65,3051.37,59041.55,0,13101.71,0,0,70325.58,0,0,0,2033.38,2110.99,0,19470.77,22858.74,55.77,1644.42,13901.69,0,0,0,0
2006-11-07 04:00:00,0,1963.31,0,219.58,10042.82,3871.44,5240.42,0,0,1364.93,9557.62,148.11,0,11186.53,1056.11,3168.39,60218.93,0,13640.02,0,0,72447.36,0,0,0,2094.46,2153.93,0,19889.67,23021.61,56.72,1659.96,14027.22,0,0,0,0
2006-11-07 05:00:00,0,2043.08,0,228.84,10403.81,4078.02,5389.53,0,0,1409.75,9837.9,153.92,0,11561.66,1085.02,3281.52,61997.04,0,14222.59,0,0,74516.8,0,0,0,2152.37,2184.13,0,20434.17,23744.14,58.3,1721.41,14390.75,0,0,0,0
2006-11-07 06:00:00,0,2126.44,0,237.6,10841.18,4274.86,5559.41,0,0,1450.59,10135.78,158.91,0,11951.1,1117.85,3402.6,63747.08,0,14772.6,0,0,76441.73,0,0,0,2227.01,2254.18,0,20986.85,24641.99,59.95,1793.25,14735.24,0,0,0,0
2006-11-07 07:00:00,0,2207.51,0,244.72,11269.21,4471.36,5757.44,0,0,1507.36,10598.4,165.04,0,12604.59,1156.54,3520.26,65310.7,0,15458.18,0,0,78768.9,0,0,0,2315.96,2292.78,0,21536.41,25519.72,61.44,1853.96,15049.37,0,0,0,0
2006-11-07 08:00:00,0,2283.47,0,256.4,11922.57,4749.65,5913.85,0,0,1657.94,11731.46,173.45,0,13328.43,1213.75,3684.98,67122.89,0,16730.36,0,0,83705.29,0,0,0,2446.35,2333.66,0,22309.75,26391.35,62.78,1966.8,15566.27,0,0,0,0
2006-11-07 09:00:00,0,2383.21,0,279.56,11921.91,5040.74,5957.38,0,0,1778.18,12914.15,182.74,0,13300.55,1264.57,3842.37,70348.47,0,16835.69,0,0,84067.4,0,0,0,2509.01,2349.72,0,22959.75,27859.48,64.37,2077.31,16093.74,0,0,0,0
2006-11-07 10:00:00,0,2293.0,0,285.28,11770.2,5277.55,5960.09,0,0,1869.16,13613.83,191.71,0,13366.23,1292.27,3877.0,71987.36,0,17109.4,0,0,84614.19,0,0,0,2539.22,2368.31,0,23395.28,27959.42,65.85,2165.18,16413.75,0,0,0,0
2006-11-07 11:00:00,0,2175.35,0,290.96,11666.68,5544.79,5997.31,0,0,1960.26,14326.57,197.31,0,13530.81,1329.82,3888.51,73274.02,0,17327.11,0,0,85122.58,0,0,0,2556.54,2365.36,0,23699.65,27908.49,67.46,2264.88,16469.2,0,0,0,0
2006-11-07 12:00:00,0,2079.18,0,288.87,11588.26,5687.16,6045.7,0,0,2080.11,15017.98,202.71,0,13658.62,1363.77,3903.5,74398.41,0,17412.25,0,0,85647.19,0,0,0,2553.75,2332.15,0,23813.74,27858.4,67.92,2349.75,16557.62,0,0,0,0
2006-11-07 13:00:00,0,2009.36,0,297.5,11538.46,5915.25,6085.43,0,0,2189.91,15645.25,207.09,0,13710.29,1389.02,3889.28,75005.45,0,17335.1,0,0,86227.7,0,0,0,2567.62,2331.69,0,23928.4,27837.44,68.85,2464.89,16654.97,0,0,0,0
2006-11-07 14:00:00,0,1948.25,0,301.98,11472.38,6009.24,6139.93,0,0,2256.27,15975.65,210.53,0,13640.75,1424.83,3868.01,75217.88,0,17747.3,0,0,86725.83,0,0,0,2583.41,2329.22,0,23992.63,27848.39,69.91,2506.36,16720.12,0,0,0,0
2006-11-07 15:00:00,0,1910.47,0,312.05,11434.55,6060.47,6169.23,0,0,2288.86,16094.57,216.09,0,13893.31,1451.68,3847.33,75379.95,0,17791.71,0,0,87126.62,0,0,0,2600.59,2349.49,0,24016.03,27912.5,69.98,2528.98,16825.89,0,0,0,0
2006-11-07 16:00:00,0,1891.25,0,310.86,11474.79,6138.92,6212.64,0,0,2281.15,16201.28,220.48,0,14360.07,1448.26,3839.49,75420.2,0,17838.33,0,0,87704.0,0,0,0,2616.9,2367.78,0,24202.67,28012.54,69.76,2574.29,16935.7,0,0,0,0
2006-11-07 17:00:00,0,1917.06,0,314.59,11575.33,6207.16,6266.8,0,0,2272.6,16310.97,227.31,0,14755.22,1488.75,3858.66,75599.03,0,18069.43,0,0,88105.4,0,0,0,2644.62,2379.2,0,24467.11,28151.81,69.05,2641.67,16943.61,0,0,0,0
2006-11-07 18:00:00,0,1995.08,0,317.75,11688.62,6287.7,6346.5,0,0,2292.8,16477.85,231.74,0,15042.06,1486.13,3888.52,75079.03,0,18273.27,0,0,88816.48,0,0,0,2668.24,2400.76,0,24656.11,27610.57,68.06,2708.79,17021.19,0,0,0,0
2006-11-07 19:00:00,0,2092.97,0,335.99,12419.94,6750.5,6934.53,0,0,2286.13,16407.5,242.85,0,14742.29,1596.23,3872.67,74865.67,0,18560.39,0,0,87004.58,0,0,0,2692.85,2515.23,0,25565.35,28530.95,72.37,2844.58,17408.21,0,0,0,0
2006-11-07 20:00:00,0,2160.17,0,323.85,12310.08,6514.13,6550.38,0,0,2173.64,15577.81,236.11,0,13787.4,1485.79,3706.82,73315.43,0,17834.58,0,0,83558.43,0,0,0,2671.54,2449.73,0,25769.25,28536.8,68.18,2707.22,17522.2,0,0,0,0
2006-11-07 21:00:00,0,2217.4,0,305.07,11692.63,6158.76,6179.05,0,0,2017.26,14690.61,224.07,0,12917.06,1386.07,3563.16,71470.46,0,17035.31,0,0,80415.16,0,0,0,2588.67,2355.81,0,24890.08,28336.42,65.0,2536.67,17113.59,0,0,0,0
2006-11-07 22:00:00,0,2121.31,0,288.63,10938.0,5727.57,5800.12,0,0,1878.12,13748.13,207.63,0,12097.13,1293.92,3419.07,69229.2,0,15970.18,0,0,77681.72,0,0,0,2427.56,2233.89,0,23664.17,27599.21,62.85,2379.18,16205.13,0,0,0,0
2006-11-07 23:00:00,0,2023.69,0,267.29,10217.83,5286.56,5408.05,0,0,1767.89,12765.03,192.09,0,11301.57,1207.92,3230.41,66386.4,0,14910.0,0,0,75044.93,0,0,0,2281.49,2114.22,0,22571.66,26211.72,61.08,2210.92,15379.93,0,0,0,0
2006-11-08 00:00:00,0,1927.94,0,240.56,9496.96,4838.67,4988.2,0,0,1644.62,11783.22,176.36,0,10521.84,1118.66,3099.5,63749.48,0,13893.4,0,0,72605.77,0,0,0,2145.28,2000.04,0,21340.49,24924.99,59.41,2057.96,14558.83,0,0,0,0
2006-11-08 01:00:00,0,1829.4,0,213.51,8860.97,4385.76,4632.41,0,0,1529.04,10923.07,161.5,0,10173.43,1051.19,2982.29,61234.62,0,13073.21,0,0,70084.05,0,0,0,2041.85,1933.14,0,20198.77,23760.33,58.01,1896.66,13850.69,0,0,0,0
2006-11-08 02:00:00,0,1771.08,0,191.55,8568.69,3931.53,4420.21,0,0,1397.21,10159.56,152.58,0,10151.89,972.15,2895.24,58990.81,0,12593.3,0,0,67941.71,0,0,0,1981.86,1933.31,0,19487.1,22800.33,56.7,1729.02,13586.68,0,0,0,0
2006-11-08 03:00:00,0,1775.28,0,183.82,8565.6,3825.54,4523.07,0,0,1375.73,10026.36,152.27,0,10377.66,952.29,2907.44,58565.47,0,12783.91,0,0,68465.69,0,0,0,2001.44,1960.97,0,19635.16,22440.64,56.27,1691.93,13577.16,0,0,0,0
2006-11-08 04:00:00,0,1852.62,0,191.42,8900.92,3970.38,4698.59,0,0,1415.89,10368.74,157.49,0,10701.6,1002.25,3019.44,59633.61,0,13344.9,0,0,71031.29,0,0,0,2065.94,2000.69,0,20207.9,22456.93,57.07,1746.97,13919.83,0,0,0,0
2006-11-08 05:00:00,0,1943.31,0,200.25,9360.05,4143.1,4887.79,0,0,1469.76,10791.61,161.31,0,11017.12,1033.77,3141.24,61413.79,0,13870.79,0,0,73296.72,0,0,0,2131.99,2050.78,0,20745.17,23089.5,58.44,1805.37,14311.24,0,0,0,0
2006-11-08 06:00:00,0,2029.37,0,210.77,9830.23,4323.33,5084.18,0,0,1522.54,11110.11,162.01,0,11322.37,1068.84,3265.55,63248.68,0,14382.37,0,0,75456.34,0,0,0,2209.77,2106.16,0,21299.25,23926.53,59.9,1874.87,14697.94,0,0,0,0
2006-11-08 07:00:00,0,2110.94,0,224.03,10348.34,4497.15,5310.15,0,0,1587.26,11500.12,165.08,0,11796.07,1133.15,3396.84,64904.03,0,14957.63,0,0,77653.83,0,0,0,2318.67,2164.29,0,21833.29,24772.44,61.41,1936.77,15062.74,0,0,0,0
2006-11-08 08:00:00,0,2214.03,0,259.06,10916.61,4743.5,5629.34,0,0,1688.74,12241.9,172.06,0,12596.74,1222.66,3560.8,67209.65,0,15753.87,0,0,81454.29,0,0,0,2439.94,2234.57,0,22936.21,25728.8,63.18,1980.77,15685.19,0,0,0,0
2006-11-08 09:00:00,0,2225.24,0,267.83,11177.94,4999.5,5825.7,0,0,1757.88,13087.45,176.19,0,12991.02,1268.47,3679.37,70080.23,0,16636.33,0,0,84144.43,0,0,0,2489.13,2286.53,0,23356.96,27117.25,64.24,2039.88,16115.91,0,0,0,0
2006-11-08 10:00:00,0,2062.72,0,283.52,11244.53,5184.39,5959.57,0,0,1813.09,13552.08,179.52,0,13254.12,1313.56,3756.06,71891.46,0,17097.27,0,0,85266.16,0,0,0,2501.79,2324.04,0,23741.39,27447.69,64.5,2104.13,16230.45,0,0,0,0
2006-11-08 11:00:00,0,1951.23,0,285.34,11200.58,5376.03,6053.05,0,0,1874.33,13992.44,182.8,0,13487.28,1337.2,3812.15,73359.72,0,17321.09,0,0,85858.54,0,0,0,2516.43,2370.23,0,24148.76,27684.47,65.16,2128.95,16347.32,0,0,0,0
2006-11-08 12:00:00,0,1869.84,0,288.63,11168.4,5478.23,6114.5,0,0,1923.49,14469.49,186.54,0,13695.46,1342.66,3854.84,74250.6,0,17537.97,0,0,86374.99,0,0,0,2515.12,2386.58,0,24307.22,28381.17,66.52,2217.64,16461.08,0,0,0,0
2006-11-08 13:00:00,0,1848.56,0,283.72,11155.59,5522.54,6171.0,0,0,1946.08,14689.59,191.29,0,13892.04,1352.07,3894.33,74765.86,0,17779.3,0,0,87134.32,0,0,0,2526.13,2399.59,0,24269.5,29034.03,68.05,2245.62,16518.52,0,0,0,0
2006-11-08 14:00:00,0,1872.69,0,284.31,11157.77,5548.89,6183.16,0,0,1937.03,14830.71,194.03,0,14106.27,1363.86,3911.41,74995.87,0,17967.97,0,0,87678.18,0,0,0,2529.64,2400.5,0,24098.63,29668.85,69.79,2256.62,16517.25,0,0,0,0
2006-11-08 15:00:00,0,1916.64,0,283.65,11128.39,5552.81,6172.29,0,0,1930.5,14782.39,196.07,0,14287.71,1366.1,3911.86,75177.74,0,17919.38,0,0,88453.7,0,0,0,2542.26,2403.19,0,23987.5,30103.81,70.72,2268.11,16557.7,0,0,0,0
2006-11-08 16:00:00,0,1939.54,0,282.3,11158.88,5617.6,6159.67,0,0,1917.92,14745.74,198.86,0,14468.34,1351.1,3902.02,75595.54,0,18038.95,0,0,89268.03,0,0,0,2544.71,2390.83,0,23887.12,30220.79,70.93,2260.4,16643.61,0,0,0,0
2006-11-08 17:00:00,0,1982.58,0,289.59,11200.11,5617.6,6164.85,0,0,1895.41,14635.55,202.67,0,14699.98,1324.35,3859.39,75259.15,0,18223.09,0,0,89941.95,0,0,0,2560.3,2386.84,0,23735.69,29944.81,69.89,2251.03,16620.55,0,0,0,0
2006-11-08 18:00:00,0,2001.71,0,289.67,11317.53,5564.46,6226.22,0,0,1881.36,14464.64,204.35,0,14940.1,1302.11,3853.72,74237.85,0,18411.15,0,0,90231.5,0,0,0,2600.98,2398.41,0,23762.21,28575.84,67.43,2292.56,16657.43,0,0,0,0
2006-11-08 19:00:00,0,2058.32,0,320.28,12141.41,6253.02,6783.31,0,0,2147.49,15281.22,228.54,0,14593.0,1515.84,3929.55,75319.32,0,18567.94,0,0,88497.18,0,0,0,2701.38,2588.83,0,25623.85,29215.49,71.64,2523.4,17070.37,0,0,0,0
2006-11-08 20:00:00,0,2073.75,0,310.71,12044.64,5946.56,6402.7,0,0,1985.33,14297.58,222.02,0,13638.4,1418.69,3774.95,74167.98,0,17711.07,0,0,84898.49,0,0,0,2671.19,2482.85,0,25709.25,29066.89,67.91,2377.88,17143.31,0,0,0,0
2006-11-08 21:00:00,0,2108.33,0,293.39,11407.86,5684.28,6068.31,0,0,1830.92,13275.51,214.28,0,12747.03,1348.35,3624.98,72386.37,0,16707.98,0,0,81471.35,0,0,0,2577.9,2369.07,0,24920.6,28628.25,64.54,2235.28,16900.13,0,0,0,0
2006-11-08 22:00:00,0,1989.78,0,272.06,10710.88,5207.53,5733.93,0,0,1682.95,12216.42,198.14,0,11924.84,1273.12,3483.38,69872.67,0,15672.2,0,0,78776.87,0,0,0,2442.69,2287.77,0,23583.3,27697.99,62.06,2094.7,15998.02,0,0,0,0
2006-11-08 23:00:00,0,1856.95,0,252.38,10071.41,4730.27,5409.32,0,0,1546.16,11159.88,182.83,0,11125.72,1198.21,3349.47,67010.19,0,14612.98,0,0,76088.36,0,0,0,2318.25,2203.23,0,22321.42,26183.98,59.81,1957.4,15197.95,0,0,0,0
2006-11-09 00:00:00,0,1737.25,0,233.29,9464.75,4297.98,5088.82,0,0,1433.26,10262.3,168.39,0,10423.97,1122.47,3240.86,64421.78,0,13783.25,0,0,73586.47,0,0,0,2188.09,2090.74,0,21057.47,24873.78,57.76,1812.87,14422.52,0,0,0,0
2006-11-09 01:00:00,0,1618.19,0,216.61,8879.3,3890.86,4803.13,0,0,1327.48,9465.74,154.41,0,9993.04,1045.63,3141.34,61798.73,0,13055.02,0,0,71118.97,0,0,0,2066.0,2004.73,0,19990.18,23649.08,55.98,1669.01,13704.17,0,0,0,0
2006-11-09 02:00:00,0,1544.59,0,203.47,8507.67,3551.14,4580.99,0,0,1254.99,8763.83,143.32,0,9929.11,989.39,3045.71,59129.72,0,12533.45,0,0,68731.2,0,0,0,1964.93,1919.56,0,19282.05,22544.52,54.31,1569.38,13280.93,0,0,0,0
2006-11-09 03:00:00,0,1531.0,0,205.65,8466.15,3485.7,4552.76,0,0,1269.31,8576.98,143.71,0,10189.27,995.85,3024.54,57704.63,0,12743.12,0,0,68561.27,0,0,0,1973.54,1943.24,0,19356.19,22113.01,53.63,1549.55,13178.05,0,0,0,0
2006-11-09 04:00:00,0,1601.12,0,214.27,8689.27,3701.16,4662.06,0,0,1336.43,8914.48,152.77,0,10542.49,1044.01,3138.84,58755.39,0,13345.14,0,0,70222.98,0,0,0,2040.34,1998.25,0,19959.92,22061.81,54.33,1606.34,13518.11,0,0,0,0
2006-11-09 05:00:00,0,1692.04,0,224.19,9255.44,3933.43,4825.43,0,0,1399.25,9285.3,161.14,0,10890.97,1103.3,3270.23,60347.24,0,13947.05,0,0,72327.39,0,0,0,2128.31,2058.4,0,20662.3,22669.77,55.99,1669.03,13967.94,0,0,0,0
2006-11-09 06:00:00,0,1789.08,0,233.91,9844.95,4132.73,4976.49,0,0,1455.17,9667.81,169.87,0,11246.87,1171.25,3408.12,61970.2,0,14528.97,0,0,74449.97,0,0,0,2227.58,2094.76,0,21424.92,23499.23,57.55,1738.9,14432.93,0,0,0,0
2006-11-09 07:00:00,0,1886.78,0,245.55,10458.56,4358.18,5182.87,0,0,1538.11,10287.28,181.24,0,11704.1,1236.69,3550.3,63614.68,0,15177.24,0,0,76550.19,0,0,0,2342.62,2149.63,0,22243.0,24394.0,58.95,1820.99,14873.55,0,0,0,0
2006-11-09 08:00:00,0,1993.85,0,273.26,11164.75,4935.3,5483.57,0,0,1699.53,11459.19,195.48,0,12504.13,1353.61,3791.33,66703.98,0,16187.6,0,0,82248.04,0,0,0,2497.59,2213.01,0,23852.43,25399.87,60.19,1919.01,15877.01,0,0,0,0
2006-11-09 09:00:00,0,2022.8,0,265.76,11095.02,4993.15,5614.69,0,0,1700.11,12193.83,188.87,0,13112.72,1303.5,3784.41,69504.19,0,16982.66,0,0,82882.7,0,0,0,2495.14,2250.48,0,23583.08,26913.7,61.69,2005.78,16117.49,0,0,0,0
2006-11-09 10:00:00,0,1923.0,0,271.79,11079.27,5168.09,5656.78,0,0,1731.17,12814.44,184.25,0,13392.01,1300.76,3772.42,70807.52,0,17281.1,0,0,84089.05,0,0,0,2500.77,2255.89,0,23517.18,27267.09,62.75,2082.9,16031.52,0,0,0,0
2006-11-09 11:00:00,0,1889.5,0,283.71,11056.75,5288.14,5666.92,0,0,1762.92,13298.02,187.4,0,13500.12,1311.14,3790.46,72183.94,0,17453.61,0,0,85385.48,0,0,0,2485.64,2279.25,0,23496.83,27633.24,64.46,2183.77,16185.83,0,0,0,0
2006-11-09 12:00:00,0,1864.47,0,296.16,10945.67,5447.25,5756.84,0,0,1807.05,13785.16,191.75,0,13537.01,1326.37,3815.37,73212.45,0,17640.56,0,0,86493.17,0,0,0,2480.06,2292.05,0,23710.52,27891.96,66.63,2295.57,16372.0,0,0,0,0
2006-11-09 13:00:00,0,1865.22,0,305.52,10854.44,5518.87,5849.37,0,0,1860.34,14096.33,196.67,0,13665.64,1345.35,3855.05,73799.19,0,17499.08,0,0,87447.43,0,0,0,2484.42,2296.25,0,23968.88,28096.88,69.33,2370.47,16600.29,0,0,0,0
2006-11-09 14:00:00,0,1899.29,0,311.86,10797.02,5555.97,5960.12,0,0,1911.97,14264.16,198.59,0,13715.88,1350.52,3908.26,74155.63,0,17621.36,0,0,87783.46,0,0,0,2500.41,2334.57,0,24218.64,28262.42,72.51,2420.76,16902.46,0,0,0,0
2006-11-09 15:00:00,0,1934.18,0,316.16,10847.81,5655.84,6141.21,0,0,1959.12,14516.43,203.1,0,13840.96,1375.81,3981.76,74343.6,0,17846.47,0,0,88241.01,0,0,0,2536.57,2390.74,0,24545.85,28404.91,74.85,2454.91,17259.69,0,0,0,0
2006-11-09 16:00:00,0,1982.53,0,319.39,11171.66,5831.08,6262.49,0,0,2029.25,15071.6,211.27,0,13910.86,1423.45,4052.94,74315.25,0,17827.4,0,0,89248.24,0,0,0,2570.93,2433.78,0,24896.16,28548.11,75.72,2490.63,17556.58,0,0,0,0
2006-11-09 17:00:00,0,2035.93,0,318.27,11158.01,6061.26,6152.0,0,0,2061.52,15357.91,214.47,0,14035.92,1423.76,4000.23,74166.55,0,17588.17,0,0,88808.22,0,0,0,2579.16,2428.75,0,24937.88,28630.47,74.99,2550.15,17462.59,0,0,0,0
2006-11-09 18:00:00,0,2079.07,0,305.73,11000.77,5838.0,6102.58,0,0,1971.34,14535.79,211.89,0,14332.11,1372.24,3895.09,72967.1,0,17605.91,0,0,87658.87,0,0,0,2553.73,2409.01,0,23718.21,28141.28,71.95,2462.58,16698.86,0,0,0,0
2006-11-09 19:00:00,0,1972.77,0,303.89,11218.78,6205.71,5819.53,0,0,2112.61,15004.8,224.98,0,14082.77,1514.51,3626.51,70776.62,0,17839.42,0,0,88851.5,0,0,0,2577.66,2384.34,0,23763.89,25845.23,67.85,2448.36,16094.79,0,0,0,0
2006-11-09 20:00:00,0,1961.57,0,291.62,10866.8,5873.59,5436.19,0,0,1947.42,14051.71,218.7,0,13338.39,1419.52,3419.42,69708.26,0,17245.96,0,0,84901.22,0,0,0,2550.86,2295.19,0,23429.57,26119.89,64.91,2269.22,15792.81,0,0,0,0
2006-11-09 21:00:00,0,1987.06,0,276.2,10366.1,5542.87,5058.94,0,0,1806.53,13217.09,213.27,0,12642.41,1334.5,3260.1,69120.65,0,16653.69,0,0,81125.3,0,0,0,2489.45,2212.72,0,23176.49,26068.86,62.64,2106.47,14949.17,0,0,0,0
2006-11-09 22:00:00,0,1891.87,0,257.84,9626.23,5080.45,4712.64,0,0,1684.66,12263.95,196.27,0,11981.11,1267.09,3132.18,66746.35,0,15845.66,0,0,77407.65,0,0,0,2343.18,2116.67,0,21908.17,25644.23,60.35,1965.37,14221.83,0,0,0,0
2006-11-09 23:00:00,0,1768.09,0,240.28,8991.35,4638.11,4392.12,0,0,1568.98,11307.75,180.7,0,11387.02,1192.62,3013.51,64089.97,0,14977.34,0,0,73783.24,0,0,0,2197.49,2006.38,0,20738.12,24591.93,58.61,1831.55,13593.02,0,0,0,0
2006-11-10 00:00:00,0,1658.99,0,222.38,8461.93,4212.02,4130.19,0,0,1464.09,10379.76,165.47,0,10831.7,1121.37,2893.22,61560.2,0,14145.59,0,0,71284.55,0,0,0,2078.6,1910.81,0,19550.67,23621.18,57.36,1703.83,12788.48,0,0,0,0
2006-11-10 01:00:00,0,1553.4,0,205.17,8045.46,3882.27,3931.18,0,0,1363.22,9548.46,150.21,0,10422.21,1057.76,2796.65,59079.35,0,13480.3,0,0,69337.61,0,0,0,1991.15,1821.86,0,18669.18,22750.86,56.29,1595.55,11901.41,0,0,0,0
2006-11-10 02:00:00,0,1519.98,0,193.69,7789.64,3608.48,3820.01,0,0,1276.12,8956.55,138.45,0,10212.88,999.86,2737.52,56756.69,0,12889.77,0,0,67802.79,0,0,0,1948.89,1763.32,0,18187.89,22162.4,55.53,1494.43,11348.5,0,0,0,0
2006-11-10 03:00:00,0,1504.43,0,189.64,7620.97,3461.24,3795.62,0,0,1221.53,8501.42,132.65,0,10108.66,955.16,2712.99,55329.99,0,12524.56,0,0,66794.86,0,0,0,1953.05,1780.75,0,17972.59,21867.95,54.58,1423.9,11218.21,0,0,0,0
2006-11-10 04:00:00,0,1516.84,0,193.43,7734.5,3458.58,3877.12,0,0,1222.95,8444.6,132.41,0,10134.08,942.14,2790.75,55028.47,0,12547.63,0,0,67123.92,0,0,0,1996.07,1811.04,0,18060.42,21839.45,54.04,1417.34,11266.92,0,0,0,0
2006-11-10 05:00:00,0,1578.7,0,199.18,7988.92,3562.12,4104.99,0,0,1261.74,8560.26,135.45,0,10308.57,951.31,2872.08,56358.02,0,12826.43,0,0,68515.9,0,0,0,2066.44,1878.36,0,18490.13,22103.4,53.54,1455.62,11604.92,0,0,0,0
2006-11-10 06:00:00,0,1649.22,0,204.99,8435.71,3764.27,4372.89,0,0,1300.37,8848.19,138.24,0,10514.15,977.62,2958.55,57924.41,0,13250.56,0,0,69939.53,0,0,0,2147.86,1939.89,0,19060.24,22627.98,53.02,1507.69,11965.87,0,0,0,0
2006-11-10 07:00:00,0,1718.13,0,210.29,8893.37,4017.41,4652.78,0,0,1349.42,9348.44,141.34,0,11151.06,1004.92,3060.15,59443.33,0,13765.35,0,0,71800.32,0,0,0,2231.65,1998.47,0,19568.02,23435.88,52.79,1577.23,12321.52,0,0,0,0
2006-11-10 08:00:00,0,1789.67,0,223.81,9582.1,4733.13,5107.91,0,0,1505.0,10465.21,151.26,0,12073.96,1125.49,3245.72,61496.49,0,15222.85,0,0,75672.99,0,0,0,2408.72,2107.15,0,20770.68,24275.27,53.37,1706.42,13246.79,0,0,0,0
2006-11-10 09:00:00,0,1877.93,0,234.3,9867.55,5068.63,5337.54,0,0,1587.73,11851.32,157.85,0,12600.14,1179.14,3459.81,64637.17,0,15835.04,0,0,76583.15,0,0,0,2387.68,2132.61,0,21057.79,25316.93,56.1,1803.08,13955.33,0,0,0,0
2006-11-10 10:00:00,0,1967.34,0,246.95,9915.99,5343.66,5467.04,0,0,1715.06,13260.28,163.04,0,12822.36,1231.57,3617.47,66500.82,0,16235.81,0,0,77696.98,0,0,0,2413.89,2220.26,0,20548.77,26396.05,59.37,1948.84,14290.64,0,0,0,0
2006-11-10 11:00:00,0,2057.73,0,261.68,10006.89,5494.41,5737.13,0,0,1866.4,14232.46,170.09,0,12946.35,1282.45,3757.2,67860.35,0,16435.62,0,0,78483.38,0,0,0,2493.51,2335.01,0,21052.0,27081.95,62.49,2099.95,14767.45,0,0,0,0
2006-11-10 12:00:00,0,2141.95,0,276.85,10184.75,5662.21,6134.11,0,0,1984.81,14898.07,177.28,0,13015.22,1336.98,3962.18,68927.54,0,16543.61,0,0,79617.23,0,0,0,2616.05,2446.25,0,21877.29,27739.09,65.21,2242.95,15227.47,0,0,0,0
2006-11-10 13:00:00,0,2193.67,0,286.29,10338.57,5810.31,6355.07,0,0,2061.57,15405.7,184.91,0,13052.48,1382.86,4151.45,69783.41,0,16623.4,0,0,80357.12,0,0,0,2709.16,2546.25,0,22808.71,28007.44,65.34,2318.12,15943.97,0,0,0,0
2006-11-10 14:00:00,0,2220.84,0,288.02,10523.56,5889.0,6429.65,0,0,2100.48,15830.92,188.78,0,13045.35,1394.62,4247.47,70747.02,0,16643.45,0,0,81638.22,0,0,0,2749.78,2609.98,0,23288.56,27969.95,66.22,2330.08,16558.79,0,0,0,0
2006-11-10 15:00:00,0,2273.23,0,292.84,10733.36,6032.53,6384.96,0,0,2095.87,16022.81,193.31,0,12884.85,1373.79,4253.14,71238.92,0,16682.2,0,0,82700.29,0,0,0,2797.36,2639.33,0,23583.45,28044.29,65.0,2325.72,16827.1,0,0,0,0
2006-11-10 16:00:00,0,2346.29,0,294.16,10928.49,6109.04,6352.26,0,0,2082.69,15811.42,196.29,0,13066.57,1363.74,4265.34,71522.36,0,16666.07,0,0,84421.0,0,0,0,2812.13,2618.86,0,23986.48,28191.94,64.21,2307.62,17044.96,0,0,0,0
2006-11-10 17:00:00,0,2406.71,0,283.37,10343.95,6001.03,5994.74,0,0,2061.05,15180.54,198.29,0,13424.52,1324.67,4101.12,71537.78,0,16791.47,0,0,83963.98,0,0,0,2717.01,2529.34,0,23629.99,28104.2,63.79,2259.81,16493.84,0,0,0,0
2006-11-10 18:00:00,0,2412.38,0,263.76,9909.86,5514.47,5816.18,0,0,1929.76,14184.63,195.8,0,13695.01,1256.1,3874.49,71110.25,0,17021.26,0,0,83065.04,0,0,0,2617.3,2422.02,0,22420.16,27595.11,63.25,2104.31,15799.56,0,0,0,0
2006-11-10 19:00:00,0,2466.45,0,280.49,10417.06,6005.31,5997.79,0,0,1961.97,15685.48,200.43,0,14877.07,1416.6,3452.54,68936.99,0,17374.62,0,0,87205.23,0,0,0,2473.56,2583.96,0,23716.34,28996.89,62.46,2435.12,15185.41,0,0,0,0
2006-11-10 20:00:00,0,2553.9,0,269.15,10223.77,5737.95,5593.05,0,0,1791.34,14586.89,194.05,0,14365.0,1326.06,3210.25,68578.55,0,16859.33,0,0,83321.86,0,0,0,2410.87,2503.54,0,23373.06,29686.63,60.36,2282.63,14915.27,0,0,0,0
2006-11-10 21:00:00,0,2648.09,0,257.3,9947.13,5470.23,5219.93,0,0,1662.41,13617.82,188.8,0,13894.52,1258.78,3020.73,68401.24,0,16446.8,0,0,79863.47,0,0,0,2363.12,2397.2,0,22963.51,29152.02,58.47,2151.32,13915.81,0,0,0,0
2006-11-10 22:00:00,0,2579.44,0,236.83,9186.39,5046.04,4865.84,0,0,1552.67,12693.05,179.85,0,13421.5,1191.52,2867.64,66618.64,0,15920.41,0,0,76843.92,0,0,0,2216.06,2287.37,0,21599.27,28547.06,57.1,2036.0,13317.7,0,0,0,0
2006-11-10 23:00:00,0,2511.85,0,221.4,8560.73,4630.51,4551.99,0,0,1455.18,11782.66,167.75,0,12868.35,1122.85,2749.67,64732.91,0,15216.46,0,0,74271.6,0,0,0,2099.38,2173.68,0,20408.68,28044.67,58.36,1929.64,12793.29,0,0,0,0
2006-11-11 00:00:00,0,2449.36,0,207.14,7984.12,4258.07,4259.68,0,0,1368.8,10874.99,154.32,0,12336.29,1056.95,2642.34,63174.87,0,14575.83,0,0,71939.09,0,0,0,2000.4,2067.52,0,19236.78,27570.59,61.08,1818.14,12315.43,0,0,0,0
2006-11-11 01:00:00,0,2380.04,0,190.98,7559.54,3951.19,4018.2,0,0,1292.32,10039.94,141.79,0,11861.01,998.64,2517.47,61857.89,0,13945.76,0,0,69815.05,0,0,0,1914.51,1973.09,0,18510.42,27114.57,62.33,1711.45,11679.19,0,0,0,0
2006-11-11 02:00:00,0,2348.26,0,179.43,7235.45,3662.47,3804.24,0,0,1217.66,9278.28,133.27,0,11561.38,957.08,2443.55,60210.3,0,13396.69,0,0,68284.9,0,0,0,1840.17,1877.35,0,18204.73,26589.91,62.73,1607.41,11225.75,0,0,0,0
2006-11-11 03:00:00,0,2335.16,0,170.39,7002.69,3415.45,3691.76,0,0,1165.3,8706.12,126.98,0,11349.39,919.64,2395.93,59405.11,0,13030.3,0,0,67201.77,0,0,0,1788.52,1818.01,0,18185.99,26240.0,62.96,1544.66,10944.41,0,0,0,0
2006-11-11 04:00:00,0,2349.77,0,167.48,6995.68,3313.19,3711.49,0,0,1120.69,8372.84,120.4,0,11155.95,884.88,2320.13,59274.67,0,12848.47,0,0,66948.16,0,0,0,1779.13,1786.85,0,18138.67,26117.94,62.97,1505.4,10947.66,0,0,0,0
2006-11-11 05:00:00,0,2395.21,0,168.23,6986.67,3280.92,3745.92,0,0,1116.65,8224.29,118.83,0,11017.2,855.0,2298.66,59428.81,0,12930.79,0,0,67417.59,0,0,0,1831.0,1804.62,0,18241.11,26072.76,62.77,1480.75,11009.36,0,0,0,0
2006-11-11 06:00:00,0,2482.03,0,169.4,7096.59,3308.01,3813.47,0,0,1129.63,8333.78,119.59,0,10969.57,852.05,2369.63,60604.25,0,13295.57,0,0,68086.13,0,0,0,1891.36,1847.83,0,18447.34,26281.44,62.59,1479.52,11401.45,0,0,0,0
2006-11-11 07:00:00,0,2580.58,0,171.96,7295.68,3479.4,3966.18,0,0,1171.02,8672.4,122.38,0,11026.02,882.72,2456.02,62263.94,0,13733.88,0,0,68905.75,0,0,0,1960.41,1898.61,0,18650.61,26583.04,62.91,1498.89,11820.9,0,0,0,0
2006-11-11 08:00:00,0,2695.5,0,184.78,7803.99,3956.42,4420.39,0,0,1267.37,9627.58,128.57,0,11310.41,945.05,2611.68,64179.57,0,14487.3,0,0,69705.11,0,0,0,2071.5,2062.64,0,19380.49,26968.75,64.14,1558.92,12918.48,0,0,0,0
2006-11-11 09:00:00,0,2965.0,0,200.39,7805.86,4378.83,4809.65,0,0,1428.77,11333.29,134.14,0,11367.67,999.52,2774.32,67785.5,0,14767.07,0,0,70666.71,0,0,0,2107.52,2131.84,0,19683.98,27645.39,66.14,1691.8,13797.04,0,0,0,0
2006-11-11 10:00:00,0,3017.21,0,216.36,7997.85,4727.73,5297.42,0,0,1578.13,12839.89,142.94,0,11385.79,1053.37,2889.09,69534.42,0,15177.71,0,0,72716.46,0,0,0,2154.2,2254.0,0,20044.45,28307.37,67.58,1793.55,14328.98,0,0,0,0
2006-11-11 11:00:00,0,2965.92,0,235.06,8247.4,5041.93,5721.57,0,0,1734.43,13876.63,150.72,0,11544.68,1104.34,2977.81,70571.68,0,15739.76,0,0,74528.89,0,0,0,2196.58,2346.02,0,20779.08,28551.26,67.15,1981.21,14868.83,0,0,0,0
2006-11-11 12:00:00,0,2899.36,0,243.97,8436.39,5281.07,6151.07,0,0,1862.64,14750.72,157.68,0,11687.06,1157.36,3099.73,70896.74,0,16310.07,0,0,75762.13,0,0,0,2286.43,2430.24,0,21478.82,28376.56,66.07,2140.82,15401.08,0,0,0,0
2006-11-11 13:00:00,0,2822.1,0,258.63,8731.75,5448.17,6446.87,0,0,1938.59,15400.19,165.52,0,11729.73,1198.86,3239.63,70957.39,0,16780.49,0,0,76403.22,0,0,0,2359.88,2472.27,0,22178.52,27938.56,65.14,2251.69,15764.28,0,0,0,0
2006-11-11 14:00:00,0,2721.16,0,272.72,9112.14,5603.23,6445.18,0,0,1981.13,15819.09,173.03,0,11732.89,1216.31,3306.06,70703.62,0,16977.58,0,0,76469.77,0,0,0,2382.09,2467.77,0,22557.91,27459.9,63.82,2344.49,16000.46,0,0,0,0
2006-11-11 15:00:00,0,2626.27,0,275.75,9497.06,5814.47,6320.49,0,0,1989.15,16020.93,177.08,0,11726.1,1233.38,3360.74,70246.64,0,17102.11,0,0,77034.12,0,0,0,2390.7,2449.86,0,22767.61,26939.89,61.95,2395.56,16254.17,0,0,0,0
2006-11-11 16:00:00,0,2519.13,0,272.36,9660.18,5929.26,6069.82,0,0,1982.21,16132.93,180.97,0,12102.88,1244.55,3430.06,69710.13,0,17219.8,0,0,77442.2,0,0,0,2414.28,2417.02,0,22936.07,26382.91,59.35,2394.35,16342.32,0,0,0,0
2006-11-11 17:00:00,0,2385.01,0,262.11,9511.75,5874.75,5649.06,0,0,1966.68,15725.85,183.51,0,12402.22,1230.91,3490.42,69266.78,0,17368.52,0,0,78016.57,0,0,0,2355.09,2343.36,0,22972.06,25812.38,56.89,2392.97,16378.66,0,0,0,0
2006-11-11 18:00:00,0,2361.23,0,249.35,9402.11,5367.22,5544.31,0,0,1840.42,14756.89,181.8,0,12658.43,1160.18,3549.48,68395.06,0,17656.85,0,0,78721.47,0,0,0,2303.64,2242.73,0,23298.65,25553.05,55.75,2218.02,16407.54,0,0,0,0
2006-11-11 19:00:00,0,2658.49,0,318.41,11405.19,6179.64,6692.06,0,0,2139.3,15585.48,241.42,0,13928.36,1521.93,4084.32,75453.98,0,17492.84,0,0,84809.09,0,0,0,2621.91,2532.24,0,25289.8,29278.62,69.51,2628.9,18015.64,0,0,0,0
2006-11-11 20:00:00,0,2784.9,0,303.98,11205.58,5828.98,6191.54,0,0,1974.7,14329.36,227.93,0,13114.93,1411.68,3965.9,75545.08,0,17091.55,0,0,81850.86,0,0,0,2578.58,2466.88,0,26222.47,30223.14,68.33,2451.38,18495.89,0,0,0,0
2006-11-11 21:00:00,0,2878.29,0,281.67,10725.71,5506.82,5730.72,0,0,1830.12,13297.26,219.11,0,12336.29,1322.32,3863.05,74523.91,0,16677.83,0,0,79165.28,0,0,0,2524.35,2379.54,0,26031.23,29927.44,67.37,2300.06,18224.22,0,0,0,0
2006-11-11 22:00:00,0,2810.92,0,264.38,10066.87,5025.46,5412.21,0,0,1702.67,12355.47,201.33,0,11617.6,1250.6,3733.72,72784.52,0,15872.52,0,0,76534.61,0,0,0,2393.57,2281.43,0,25170.78,29449.35,66.27,2157.93,17718.38,0,0,0,0
2006-11-11 23:00:00,0,2746.97,0,249.38,9595.86,4569.62,5132.35,0,0,1586.03,11375.49,185.72,0,10941.92,1160.75,3604.69,70797.57,0,15023.63,0,0,73957.89,0,0,0,2268.89,2179.65,0,24301.98,28983.4,65.07,2007.89,16930.06,0,0,0,0
2006-11-12 00:00:00,0,2677.15,0,236.49,9223.18,4154.31,4862.74,0,0,1484.29,10437.87,171.28,0,10317.06,1085.03,3454.99,68621.02,0,14215.39,0,0,71238.56,0,0,0,2140.76,2078.65,0,23288.17,28373.27,63.43,1880.38,16095.85,0,0,0,0
2006-11-12 01:00:00,0,2600.57,0,226.79,9095.07,3815.74,4636.24,0,0,1381.84,9727.32,158.22,0,9924.95,1014.02,3302.39,66229.58,0,13483.44,0,0,68530.38,0,0,0,2024.09,1959.32,0,22453.32,27728.7,61.79,1761.4,15450.83,0,0,0,0
2006-11-12 02:00:00,0,2593.4,0,222.42,8900.21,3596.14,4418.18,0,0,1282.23,9127.42,148.08,0,9876.78,959.62,3206.84,64445.91,0,12964.9,0,0,66962.59,0,0,0,1928.74,1852.05,0,21767.67,27102.12,60.88,1660.66,15210.9,0,0,0,0
2006-11-12 03:00:00,0,2618.45,0,210.31,8786.02,3420.11,4280.7,0,0,1221.04,8787.39,141.27,0,9890.76,918.91,3140.37,63338.83,0,12637.74,0,0,66464.19,0,0,0,1908.62,1792.52,0,21256.19,26521.02,60.55,1601.99,15247.69,0,0,0,0
2006-11-12 04:00:00,0,2659.41,0,218.4,8679.96,3441.34,4329.94,0,0,1219.31,8675.55,136.83,0,9949.03,928.84,3119.04,62801.74,0,12612.26,0,0,67104.68,0,0,0,1938.55,1844.38,0,21185.29,26236.23,61.11,1570.49,15414.22,0,0,0,0
2006-11-12 05:00:00,0,2711.37,0,227.94,8912.56,3532.48,4447.85,0,0,1247.02,8768.05,137.05,0,10117.65,988.89,3213.27,63354.7,0,12814.13,0,0,67952.66,0,0,0,2011.52,1878.17,0,21220.81,26374.1,61.77,1567.38,15794.45,0,0,0,0
2006-11-12 06:00:00,0,2773.27,0,235.24,9247.16,3692.48,4634.28,0,0,1290.89,9079.43,140.51,0,10358.83,1035.07,3338.12,64339.77,0,13174.04,0,0,69396.23,0,0,0,2117.42,1933.11,0,21481.58,26747.17,62.63,1583.28,16258.68,0,0,0,0
2006-11-12 07:00:00,0,2833.6,0,242.58,9645.1,3895.5,4818.15,0,0,1334.48,9536.66,147.76,0,10634.0,1072.88,3466.15,65351.43,0,13552.8,0,0,71089.85,0,0,0,2214.09,2006.79,0,22095.49,27140.93,63.71,1578.43,16733.09,0,0,0,0
2006-11-12 08:00:00,0,2916.49,0,263.23,10298.97,4245.22,5081.32,0,0,1424.45,10612.1,154.96,0,10961.35,1152.68,3605.51,66720.38,0,14072.32,0,0,73601.16,0,0,0,2351.38,2173.98,0,24034.98,27584.03,64.99,1663.95,17817.13,0,0,0,0
2006-11-12 09:00:00,0,3021.24,0,284.21,10488.57,4614.48,5361.28,0,0,1547.75,11628.59,161.93,0,11237.7,1306.35,3681.15,68548.45,0,14544.98,0,0,75746.99,0,0,0,2372.39,2260.29,0,24725.93,28338.33,64.94,1826.42,18035.49,0,0,0,0
2006-11-12 10:00:00,0,2792.5,0,290.61,10627.18,4901.65,5677.32,0,0,1648.9,12509.05,176.44,0,11514.42,1398.67,3752.9,68821.72,0,14903.77,0,0,76958.91,0,0,0,2366.86,2299.98,0,24575.96,28282.24,61.79,1980.26,17677.71,0,0,0,0
2006-11-12 11:00:00,0,2597.99,0,287.19,10696.3,5115.98,5879.18,0,0,1719.02,13261.16,186.35,0,11770.71,1415.41,3800.08,68808.2,0,15156.58,0,0,77783.95,0,0,0,2352.3,2299.11,0,24131.27,28030.18,60.15,2064.88,17395.4,0,0,0,0
2006-11-12 12:00:00,0,2461.7,0,278.89,10575.97,5237.49,5951.86,0,0,1780.56,14173.42,188.97,0,12034.22,1370.1,3767.26,68535.69,0,15436.74,0,0,78522.55,0,0,0,2322.81,2254.63,0,23584.99,27707.21,59.16,2150.99,17040.57,0,0,0,0
2006-11-12 13:00:00,0,2368.07,0,271.27,10346.76,5244.57,5936.01,0,0,1860.84,14839.03,184.96,0,12288.91,1327.64,3695.2,68116.99,0,15702.48,0,0,79258.65,0,0,0,2276.12,2232.05,0,23021.43,27280.41,58.26,2215.06,16596.11,0,0,0,0
2006-11-12 14:00:00,0,2298.36,0,266.17,10125.42,5172.79,5840.43,0,0,1914.63,15145.86,184.92,0,12511.24,1281.5,3614.14,67669.98,0,15954.27,0,0,79677.43,0,0,0,2240.01,2221.25,0,22368.55,26819.0,57.52,2254.61,16095.94,0,0,0,0
2006-11-12 15:00:00,0,2239.1,0,263.25,10179.97,5178.12,5929.12,0,0,1895.87,15030.01,184.68,0,12774.85,1261.1,3556.86,66913.85,0,16160.84,0,0,80090.62,0,0,0,2222.63,2254.99,0,21802.93,26322.63,56.75,2240.19,15600.13,0,0,0,0
2006-11-12 16:00:00,0,2204.95,0,259.35,10564.38,5244.49,6185.07,0,0,1902.44,14909.1,183.8,0,13071.28,1239.9,3518.03,65896.67,0,16375.66,0,0,80572.57,0,0,0,2257.01,2287.89,0,21719.02,26008.13,55.67,2210.82,15275.86,0,0,0,0
2006-11-12 17:00:00,0,2225.62,0,254.51,10852.21,5185.12,6431.47,0,0,1856.41,14474.1,185.41,0,13400.44,1217.41,3551.44,66379.28,0,16705.92,0,0,81531.61,0,0,0,2311.86,2362.26,0,21406.29,25720.47,54.4,2152.3,15262.43,0,0,0,0
2006-11-12 18:00:00,0,2242.92,0,255.78,11173.18,4997.04,6643.69,0,0,1767.37,13880.77,188.2,0,13741.22,1294.87,3693.65,67255.56,0,17006.01,0,0,82941.79,0,0,0,2429.74,2459.29,0,21848.43,25508.11,54.74,2034.98,16099.46,0,0,0,0
2006-11-12 19:00:00,0,2506.69,0,317.69,13115.26,6290.0,7083.64,0,0,2119.22,15300.02,226.53,0,14632.95,1542.71,4276.55,77831.24,0,18989.42,0,0,93330.64,0,0,0,2780.41,2614.34,0,26051.85,29337.08,73.88,2465.73,18371.57,0,0,0,0
2006-11-12 20:00:00,0,2633.72,0,316.84,13169.41,6023.59,6798.87,0,0,1945.17,14263.79,223.0,0,13702.96,1492.87,4188.41,77435.86,0,18434.24,0,0,90579.6,0,0,0,2810.27,2533.6,0,26905.36,29920.71,72.46,2310.9,19052.63,0,0,0,0
2006-11-12 21:00:00,0,2669.35,0,302.78,12580.02,5787.52,6486.22,0,0,1791.26,13259.11,219.35,0,12901.85,1444.78,4111.81,75955.42,0,17600.06,0,0,87658.83,0,0,0,2727.04,2479.88,0,26943.86,29719.59,70.93,2203.84,19232.18,0,0,0,0
2006-11-12 22:00:00,0,2556.52,0,283.36,12021.37,5363.76,6255.69,0,0,1662.79,12204.63,204.43,0,12131.53,1394.72,4012.06,73652.15,0,16527.38,0,0,84590.58,0,0,0,2614.01,2431.96,0,26384.06,28973.46,68.92,2098.51,18600.86,0,0,0,0
2006-11-12 23:00:00,0,2464.69,0,272.2,11398.53,4961.71,6005.08,0,0,1544.92,11200.09,191.51,0,11304.08,1309.53,3907.18,71062.67,0,15359.0,0,0,81209.83,0,0,0,2506.95,2348.76,0,25650.07,27775.61,67.22,1990.47,17941.33,0,0,0,0
2006-11-13 00:00:00,0,2370.41,0,266.03,10788.09,4584.96,5751.43,0,0,1432.48,10260.55,176.72,0,10567.37,1233.44,3816.91,68470.41,0,14223.35,0,0,77948.11,0,0,0,2416.58,2302.19,0,24726.56,26603.05,65.67,1865.6,17297.47,0,0,0,0
2006-11-13 01:00:00,0,2277.9,0,257.9,10275.11,4271.82,5513.25,0,0,1330.24,9456.76,171.59,0,10118.3,1165.1,3726.29,65948.6,0,13264.42,0,0,75323.65,0,0,0,2351.66,2272.15,0,24098.76,25526.84,64.35,1742.4,16747.59,0,0,0,0
2006-11-13 02:00:00,0,2193.96,0,253.94,9976.53,4098.97,5343.24,0,0,1252.36,8722.59,165.03,0,10114.34,1134.59,3637.9,63305.35,0,12726.42,0,0,72680.6,0,0,0,2357.71,2368.73,0,23895.58,24659.26,63.05,1646.41,16650.14,0,0,0,0
2006-11-13 03:00:00,0,2167.35,0,262.81,9870.64,4189.5,5346.99,0,0,1279.13,8626.08,171.26,0,10492.7,1147.01,3636.66,62489.96,0,12873.29,0,0,71659.7,0,0,0,2449.69,2455.7,0,24426.53,24173.44,63.11,1664.7,17053.33,0,0,0,0
2006-11-13 04:00:00,0,2248.22,0,267.77,10204.11,4495.83,5578.61,0,0,1337.19,8935.59,178.48,0,10944.41,1220.53,3789.34,63641.82,0,13490.89,0,0,73021.44,0,0,0,2560.82,2521.39,0,25391.09,24278.39,64.98,1759.68,17664.86,0,0,0,0
2006-11-13 05:00:00,0,2336.47,0,284.57,10676.96,4780.55,5795.8,0,0,1397.21,9293.05,184.67,0,11384.54,1287.37,3943.03,65196.04,0,14057.31,0,0,75001.59,0,0,0,2665.49,2581.99,0,26464.1,25022.16,66.85,1860.43,18079.72,0,0,0,0
2006-11-13 06:00:00,0,2434.8,0,305.63,11125.77,5057.01,5980.19,0,0,1461.07,9656.66,193.04,0,11786.28,1357.64,4090.85,66847.95,0,14609.29,0,0,76961.34,0,0,0,2755.46,2631.86,0,27303.19,25985.63,68.56,1948.01,18544.18,0,0,0,0
2006-11-13 07:00:00,0,2518.68,0,320.86,11590.17,5313.4,6183.21,0,0,1539.52,10159.44,200.03,0,12259.39,1419.27,4232.93,68514.77,0,15210.65,0,0,79011.05,0,0,0,2833.58,2675.77,0,28098.9,26918.82,70.01,2051.1,18984.25,0,0,0,0
2006-11-13 08:00:00,0,2589.98,0,364.54,12296.04,5874.29,6419.35,0,0,1691.96,11164.37,215.74,0,13069.99,1558.16,4465.79,70633.35,0,16513.22,0,0,83622.32,0,0,0,2884.56,2643.35,0,30118.5,27833.06,71.68,2140.47,20035.68,0,0,0,0
2006-11-13 09:00:00,0,2676.7,0,338.91,12003.86,5701.52,6417.79,0,0,1689.96,11929.96,198.7,0,13828.39,1385.97,4482.24,73802.5,0,17479.01,0,0,86307.92,0,0,0,2670.53,2509.95,0,28745.2,29259.25,72.85,2117.32,20118.4,0,0,0,0
2006-11-13 10:00:00,0,2595.48,0,327.91,11669.7,5620.94,6291.54,0,0,1725.02,12693.21,191.33,0,14221.37,1355.93,4407.52,74915.36,0,17795.45,0,0,86688.16,0,0,0,2595.11,2430.6,0,26827.53,29294.68,73.59,2121.31,19205.01,0,0,0,0
2006-11-13 11:00:00,0,2516.53,0,319.74,11426.49,5649.42,6169.65,0,0,1763.67,13286.09,192.79,0,14384.84,1384.38,4269.48,75312.63,0,17894.56,0,0,86944.44,0,0,0,2553.04,2405.76,0,25246.52,29054.03,74.83,2161.97,18432.7,0,0,0,0
2006-11-13 12:00:00,0,2425.41,0,303.77,11170.15,5632.48,6083.17,0,0,1810.14,13736.39,195.49,0,14424.05,1386.4,4149.12,75404.73,0,17917.56,0,0,87109.69,0,0,0,2517.69,2363.24,0,24486.02,28708.54,74.83,2184.95,17857.32,0,0,0,0
2006-11-13 13:00:00,0,2349.17,0,287.53,10981.78,5479.64,6057.75,0,0,1841.49,14063.16,193.85,0,14477.09,1375.55,4054.32,75164.57,0,18038.78,0,0,87237.28,0,0,0,2483.17,2312.7,0,23947.89,28411.03,73.21,2183.02,17474.79,0,0,0,0
2006-11-13 14:00:00,0,2270.08,0,279.5,10898.07,5236.21,6035.97,0,0,1863.95,14191.21,192.97,0,14502.77,1353.19,3983.35,74553.19,0,18119.07,0,0,87278.78,0,0,0,2469.92,2282.05,0,23281.1,28061.43,71.64,2150.9,17139.74,0,0,0,0
2006-11-13 15:00:00,0,2205.65,0,278.62,10821.26,5252.03,6045.17,0,0,1922.56,14384.17,193.2,0,14544.87,1342.19,3945.0,74231.91,0,18093.11,0,0,87448.19,0,0,0,2470.53,2267.7,0,22548.93,27693.75,69.82,2193.71,16811.13,0,0,0,0
2006-11-13 16:00:00,0,2151.27,0,277.67,10931.87,5443.96,6012.3,0,0,1985.04,14889.26,196.63,0,14665.14,1372.66,3906.44,73986.13,0,18168.25,0,0,87694.13,0,0,0,2468.61,2286.33,0,22250.39,27443.78,68.17,2262.9,16449.82,0,0,0,0
2006-11-13 17:00:00,0,2153.49,0,276.79,10920.07,5524.03,6089.71,0,0,1945.44,14765.73,196.01,0,14877.48,1355.36,3947.99,73793.19,0,18361.58,0,0,88159.34,0,0,0,2487.0,2294.74,0,22489.45,27312.22,67.03,2287.58,16501.59,0,0,0,0
2006-11-13 18:00:00,0,2311.58,0,280.35,11056.31,5438.17,6233.73,0,0,1891.56,14220.22,198.69,0,15071.54,1338.99,4021.13,74259.57,0,18612.97,0,0,88946.47,0,0,0,2523.31,2301.37,0,23272.33,27512.23,67.54,2268.49,17075.19,0,0,0,0
2006-11-13 19:00:00,0,2361.11,0,313.32,11861.29,6231.64,6645.95,0,0,2122.02,15254.97,225.94,0,14773.73,1519.15,4070.04,75798.37,0,19029.96,0,0,88475.57,0,0,0,2680.79,2564.18,0,25404.13,28576.87,72.33,2506.31,17731.15,0,0,0,0
2006-11-13 20:00:00,0,2484.5,0,309.08,11692.27,5973.86,6240.06,0,0,1953.14,14275.29,219.93,0,13853.33,1420.3,3951.29,75244.79,0,18248.49,0,0,85211.59,0,0,0,2690.34,2532.48,0,25809.74,29255.13,70.18,2341.45,18046.66,0,0,0,0
2006-11-13 21:00:00,0,2572.18,0,297.43,11258.43,5700.48,5915.84,0,0,1801.6,13291.21,217.79,0,13088.6,1344.42,3823.74,73486.98,0,17271.58,0,0,81990.09,0,0,0,2592.51,2467.96,0,25159.58,29301.69,68.63,2201.8,18065.63,0,0,0,0
2006-11-13 22:00:00,0,2501.56,0,280.56,10557.84,5259.64,5598.46,0,0,1678.88,12195.17,204.11,0,12318.24,1270.28,3715.99,71236.66,0,16255.44,0,0,78853.2,0,0,0,2466.85,2358.95,0,24278.4,28696.84,67.05,2098.41,17405.95,0,0,0,0
2006-11-13 23:00:00,0,2425.91,0,264.03,9983.84,4863.58,5281.92,0,0,1561.67,11148.81,189.36,0,11547.11,1202.84,3586.23,68547.48,0,15274.73,0,0,76011.41,0,0,0,2340.79,2230.97,0,23156.04,27599.17,65.29,1980.82,16713.28,0,0,0,0
2006-11-14 00:00:00,0,2326.12,0,249.01,9465.79,4444.67,4978.48,0,0,1448.76,10217.52,176.32,0,10792.52,1149.54,3493.34,65951.48,0,14309.55,0,0,73477.39,0,0,0,2226.83,2133.77,0,21957.97,26480.99,63.79,1820.92,16020.63,0,0,0,0
2006-11-14 01:00:00,0,2245.46,0,236.58,9088.25,4191.35,4702.26,0,0,1338.39,9411.33,169.11,0,10302.44,1110.14,3415.43,63241.19,0,13334.56,0,0,70840.55,0,0,0,2139.95,2060.7,0,21174.38,25372.04,62.28,1709.13,15390.59,0,0,0,0
2006-11-14 02:00:00,0,2174.89,0,223.51,8883.58,3989.23,4515.27,0,0,1253.57,8700.48,161.52,0,10205.82,1094.04,3382.48,61131.97,0,12753.4,0,0,68404.94,0,0,0,2086.65,2105.62,0,20919.81,24474.64,61.0,1608.43,15365.63,0,0,0,0
2006-11-14 03:00:00,0,2159.09,0,227.17,9040.43,4057.48,4707.19,0,0,1285.88,8594.98,161.01,0,10485.37,1127.29,3425.82,60864.26,0,12955.37,0,0,68665.24,0,0,0,2089.84,2163.61,0,21616.52,24060.4,61.29,1611.83,15452.27,0,0,0,0
2006-11-14 04:00:00,0,2230.04,0,244.52,9557.29,4391.9,5010.73,0,0,1350.86,8963.7,167.38,0,10853.72,1177.35,3556.47,62032.42,0,13514.94,0,0,70650.8,0,0,0,2191.68,2224.83,0,22502.23,24118.41,62.95,1689.28,15708.28,0,0,0,0
2006-11-14 05:00:00,0,2312.09,0,263.15,10136.9,4683.52,5314.84,0,0,1414.51,9331.74,175.25,0,11233.91,1261.42,3691.95,63584.1,0,14052.79,0,0,72718.31,0,0,0,2289.99,2278.34,0,23302.91,24770.22,64.42,1775.49,16217.54,0,0,0,0
2006-11-14 06:00:00,0,2390.36,0,277.85,10690.19,4974.11,5603.69,0,0,1473.06,9711.37,187.57,0,11589.19,1354.0,3834.52,65139.05,0,14596.25,0,0,74882.38,0,0,0,2399.02,2326.48,0,24106.47,25584.97,65.69,1871.41,16804.8,0,0,0,0
2006-11-14 07:00:00,0,2464.5,0,285.01,11222.74,5218.38,5860.85,0,0,1539.95,10168.97,199.84,0,11918.99,1445.66,3987.18,66733.05,0,15168.74,0,0,77049.6,0,0,0,2513.32,2378.55,0,24768.14,26433.98,67.33,1946.86,17326.65,0,0,0,0
2006-11-14 08:00:00,0,2534.84,0,304.38,12012.75,5733.25,6205.57,0,0,1679.43,11197.64,212.88,0,12470.56,1583.63,4211.84,68603.56,0,15911.06,0,0,81306.09,0,0,0,2717.03,2427.39,0,26621.2,27262.9,68.88,2057.0,18382.36,0,0,0,0
2006-11-14 09:00:00,0,2630.58,0,298.75,11989.0,5559.01,6063.57,0,0,1677.44,12052.08,204.1,0,13087.72,1449.63,4240.09,71702.78,0,16631.48,0,0,82794.88,0,0,0,2612.83,2319.86,0,26016.12,28752.54,69.82,2049.96,18572.42,0,0,0,0
2006-11-14 10:00:00,0,2545.18,0,288.6,11710.61,5320.04,5900.09,0,0,1722.6,12811.17,196.8,0,13429.63,1383.47,4186.6,73152.68,0,16836.57,0,0,83338.12,0,0,0,2531.56,2251.21,0,25252.6,28819.59,69.32,2095.53,18154.55,0,0,0,0
2006-11-14 11:00:00,0,2450.08,0,288.54,11259.21,5270.73,5718.45,0,0,1786.97,13508.6,188.4,0,13619.42,1307.96,4128.38,74156.17,0,17096.5,0,0,83885.42,0,0,0,2468.28,2248.87,0,24865.15,28488.29,69.68,2159.77,17773.8,0,0,0,0
2006-11-14 12:00:00,0,2345.11,0,293.66,10959.28,5256.2,5680.2,0,0,1872.35,14133.71,187.98,0,13770.37,1287.3,4086.74,74724.04,0,17361.61,0,0,84365.18,0,0,0,2456.39,2278.74,0,24578.18,28157.15,70.27,2206.55,17509.91,0,0,0,0
2006-11-14 13:00:00,0,2268.68,0,289.71,10843.13,5329.55,5744.13,0,0,1940.29,14581.73,189.55,0,13912.09,1299.7,4022.7,74846.01,0,17553.24,0,0,84775.05,0,0,0,2457.13,2316.66,0,24134.03,27917.77,70.47,2256.08,17263.33,0,0,0,0
2006-11-14 14:00:00,0,2216.03,0,289.08,10829.63,5362.59,5849.3,0,0,2004.23,14901.4,189.65,0,14077.41,1314.7,3974.81,74978.68,0,17651.81,0,0,84930.91,0,0,0,2453.56,2370.98,0,23238.1,27803.47,70.35,2300.14,16916.64,0,0,0,0
2006-11-14 15:00:00,0,2188.14,0,287.26,10718.54,5537.76,5988.36,0,0,2072.22,15367.76,190.88,0,14284.39,1317.77,3922.31,74921.22,0,17729.32,0,0,85159.75,0,0,0,2455.25,2370.13,0,22758.88,27743.24,70.27,2355.29,16600.69,0,0,0,0
2006-11-14 16:00:00,0,2169.25,0,291.77,10740.97,5829.18,6030.63,0,0,2144.84,15760.78,194.26,0,14473.31,1340.04,3889.93,74588.22,0,17806.76,0,0,85461.69,0,0,0,2464.13,2364.92,0,22989.77,27714.72,70.04,2421.61,16521.66,0,0,0,0
2006-11-14 17:00:00,0,2197.61,0,291.17,10906.85,5826.75,5987.71,0,0,2108.92,15548.48,194.11,0,14594.27,1315.46,3895.0,74415.97,0,17913.96,0,0,85582.94,0,0,0,2469.68,2343.8,0,23371.81,27563.19,69.52,2438.48,16571.59,0,0,0,0
2006-11-14 18:00:00,0,2344.76,0,293.45,11061.53,5564.67,6098.85,0,0,1980.13,14793.7,196.29,0,14729.68,1291.55,3948.06,74356.04,0,18048.73,0,0,86082.24,0,0,0,2502.33,2312.93,0,23784.12,27630.78,70.03,2359.88,16803.32,0,0,0,0
2006-11-14 19:00:00,0,2393.81,0,319.91,11876.21,6254.53,6560.04,0,0,2205.13,15578.61,224.51,0,14422.8,1515.99,4034.42,75416.1,0,18304.75,0,0,86860.06,0,0,0,2660.67,2537.01,0,25264.17,28508.13,71.65,2583.76,17721.45,0,0,0,0
2006-11-14 20:00:00,0,2463.42,0,310.82,11743.37,5915.11,6130.93,0,0,2030.55,14609.19,217.82,0,13499.74,1425.52,3934.12,74712.16,0,17653.64,0,0,83232.83,0,0,0,2647.03,2492.07,0,25457.68,29006.07,68.41,2414.69,17891.95,0,0,0,0
2006-11-14 21:00:00,0,2510.8,0,295.05,11285.04,5597.08,5805.61,0,0,1883.29,13685.78,216.62,0,12614.29,1352.42,3836.28,72845.77,0,17002.05,0,0,80291.26,0,0,0,2544.72,2410.95,0,24985.36,28848.65,66.23,2240.13,17624.44,0,0,0,0
2006-11-14 22:00:00,0,2395.58,0,275.67,10611.77,5122.37,5508.62,0,0,1742.52,12660.49,202.22,0,11812.12,1281.41,3713.79,70450.81,0,16017.58,0,0,77492.6,0,0,0,2425.73,2325.1,0,23813.18,28155.01,64.24,2074.87,16818.86,0,0,0,0
2006-11-14 23:00:00,0,2283.17,0,254.7,10031.1,4654.42,5204.59,0,0,1607.2,11629.58,186.24,0,11061.53,1212.22,3563.09,67767.16,0,15045.61,0,0,74817.16,0,0,0,2302.57,2237.0,0,22649.96,26942.28,62.03,1925.71,15945.08,0,0,0,0
2006-11-15 00:00:00,0,2189.72,0,234.4,9471.07,4222.64,4915.33,0,0,1478.1,10676.95,169.74,0,10343.03,1142.61,3426.43,65089.79,0,14064.45,0,0,72218.95,0,0,0,2185.33,2146.22,0,21448.35,25835.65,59.81,1779.93,15140.25,0,0,0,0
2006-11-15 01:00:00,0,2087.73,0,217.29,9022.13,3818.58,4661.89,0,0,1355.1,9835.33,154.5,0,10090.15,1072.32,3283.11,62445.66,0,13292.8,0,0,69620.72,0,0,0,2084.45,2070.12,0,20388.9,24812.26,57.94,1644.89,14418.82,0,0,0,0
2006-11-15 02:00:00,0,2009.85,0,199.4,8777.58,3498.21,4495.98,0,0,1263.66,9133.7,142.03,0,10177.63,1018.78,3158.24,60100.99,0,12812.18,0,0,67629.17,0,0,0,2014.29,2078.64,0,19690.26,24091.73,56.81,1528.64,13860.35,0,0,0,0
2006-11-15 03:00:00,0,1980.08,0,202.8,8879.91,3471.13,4683.71,0,0,1270.02,8911.91,138.45,0,10417.3,1027.35,3158.23,59575.81,0,12757.83,0,0,68311.46,0,0,0,2027.25,2121.08,0,19737.79,23722.9,56.82,1512.58,13740.67,0,0,0,0
2006-11-15 04:00:00,0,2054.7,0,209.8,9293.07,3676.95,4971.54,0,0,1331.35,9299.49,143.6,0,10747.35,1069.38,3284.79,60862.37,0,12980.61,0,0,70397.14,0,0,0,2137.07,2202.85,0,20275.43,23680.7,57.89,1568.55,13884.15,0,0,0,0
2006-11-15 05:00:00,0,2153.91,0,218.92,9798.17,3903.95,5243.16,0,0,1393.78,9683.73,149.53,0,11055.52,1099.03,3427.85,62719.33,0,13446.74,0,0,72551.52,0,0,0,2212.61,2264.95,0,20691.07,24437.87,59.56,1630.15,14181.31,0,0,0,0
2006-11-15 06:00:00,0,2253.68,0,228.02,10354.04,4133.6,5466.04,0,0,1457.05,10095.1,155.86,0,11358.9,1115.09,3560.23,64214.38,0,14073.61,0,0,74780.0,0,0,0,2301.66,2306.8,0,21083.32,25397.66,61.25,1709.23,14497.74,0,0,0,0
2006-11-15 07:00:00,0,2342.99,0,235.83,10916.39,4369.7,5709.79,0,0,1541.03,10654.92,160.48,0,11835.23,1139.28,3680.93,65521.36,0,14807.84,0,0,77107.6,0,0,0,2351.3,2329.04,0,21477.78,26339.51,63.38,1801.15,14834.97,0,0,0,0
2006-11-15 08:00:00,0,2424.28,0,256.07,11612.94,4803.53,6009.88,0,0,1695.27,12150.88,172.0,0,12873.31,1227.21,3875.31,67424.55,0,16072.49,0,0,82557.15,0,0,0,2442.51,2302.72,0,22184.27,27262.26,65.5,1934.62,15263.5,0,0,0,0
2006-11-15 09:00:00,0,2537.7,0,271.37,11548.43,5146.63,6039.58,0,0,1845.07,13334.69,182.13,0,13058.47,1276.64,3976.5,71109.3,0,16328.49,0,0,83076.81,0,0,0,2449.26,2285.65,0,22525.09,28813.96,67.27,2106.45,15759.31,0,0,0,0
2006-11-15 10:00:00,0,2635.36,0,298.15,11384.32,5446.62,5936.49,0,0,1977.43,14375.81,193.07,0,13219.49,1352.93,3998.0,72544.03,0,16572.58,0,0,83267.94,0,0,0,2454.7,2303.17,0,22608.42,29734.63,69.1,2273.69,15996.3,0,0,0,0
2006-11-15 11:00:00,0,2665.68,0,306.57,11240.06,5821.73,5908.55,0,0,2127.84,15456.72,207.4,0,13366.57,1437.64,3972.14,73530.06,0,16689.33,0,0,83925.18,0,0,0,2476.46,2358.79,0,22689.37,30097.66,70.86,2455.73,16132.07,0,0,0,0
2006-11-15 12:00:00,0,2647.31,0,310.23,11181.86,6190.92,5932.11,0,0,2263.24,16373.21,223.62,0,13471.08,1543.11,3951.76,74123.55,0,16899.27,0,0,84663.54,0,0,0,2503.18,2395.01,0,22841.82,30232.45,72.09,2613.24,16196.45,0,0,0,0
2006-11-15 13:00:00,0,2628.13,0,315.62,11235.6,6630.96,5990.34,0,0,2386.98,17179.15,240.17,0,13552.17,1636.62,3941.72,74241.7,0,17145.25,0,0,85248.9,0,0,0,2535.36,2428.67,0,23020.19,30191.51,72.83,2738.86,16263.01,0,0,0,0
2006-11-15 14:00:00,0,2619.46,0,314.32,11205.55,6952.94,6012.85,0,0,2462.23,17675.19,254.03,0,13718.6,1684.08,3940.49,74250.0,0,17338.93,0,0,85545.23,0,0,0,2582.41,2458.5,0,23165.41,30103.31,73.27,2810.18,16325.5,0,0,0,0
2006-11-15 15:00:00,0,2644.82,0,312.64,11129.12,7113.23,6030.46,0,0,2495.29,17929.15,260.14,0,13894.76,1687.23,3940.94,74106.61,0,17548.49,0,0,86474.47,0,0,0,2629.87,2482.4,0,23297.02,29967.63,73.64,2846.35,16369.78,0,0,0,0
2006-11-15 16:00:00,0,2638.42,0,309.7,11099.67,7108.39,6012.73,0,0,2480.62,17640.66,257.06,0,14025.81,1654.5,3936.09,74100.65,0,17522.18,0,0,87931.4,0,0,0,2660.0,2499.11,0,23499.28,29645.22,73.7,2850.47,16448.37,0,0,0,0
2006-11-15 17:00:00,0,2593.62,0,300.6,11229.04,6989.4,6007.16,0,0,2464.22,17319.59,245.38,0,14221.99,1593.32,3935.17,74473.17,0,17569.72,0,0,88876.3,0,0,0,2682.02,2503.17,0,23699.7,29358.46,73.84,2803.16,16493.05,0,0,0,0
2006-11-15 18:00:00,0,2590.69,0,306.45,11408.9,6697.3,6090.86,0,0,2383.6,16989.73,228.72,0,14453.7,1539.92,3942.24,74951.46,0,17991.08,0,0,89498.12,0,0,0,2686.35,2498.96,0,24005.69,29324.77,74.11,2751.95,16595.45,0,0,0,0
2006-11-15 19:00:00,0,2839.72,0,296.11,12154.74,7270.11,6795.67,0,0,2475.12,17042.64,260.35,0,14407.97,1647.35,3953.98,77531.02,0,18410.84,0,0,89244.34,0,0,0,2711.41,2509.26,0,25247.22,31709.03,75.09,2932.89,17183.47,0,0,0,0
2006-11-15 20:00:00,0,2904.63,0,278.98,12028.13,6873.1,6343.46,0,0,2328.36,16192.55,250.55,0,13462.2,1561.42,3808.32,76670.6,0,17526.73,0,0,85974.65,0,0,0,2698.5,2391.5,0,25358.85,31896.96,73.45,2740.75,17346.44,0,0,0,0
2006-11-15 21:00:00,0,2898.37,0,263.12,11382.08,6494.65,5937.45,0,0,2167.53,15277.19,241.32,0,12507.9,1462.54,3662.86,75375.74,0,16729.34,0,0,83173.09,0,0,0,2581.72,2293.78,0,24609.76,31871.57,71.81,2551.28,16844.37,0,0,0,0
2006-11-15 22:00:00,0,2800.31,0,254.03,10633.9,5953.91,5621.81,0,0,2024.68,14330.26,223.07,0,11701.06,1352.01,3491.13,73399.75,0,15740.66,0,0,80351.88,0,0,0,2437.89,2207.64,0,22893.52,31094.85,70.38,2307.1,16281.76,0,0,0,0
2006-11-15 23:00:00,0,2685.22,0,275.06,9984.83,5438.13,5326.97,0,0,1877.15,13331.25,205.51,0,10917.02,1280.86,3316.61,70932.66,0,14782.53,0,0,77495.96,0,0,0,2318.49,2142.77,0,21392.51,30102.3,68.89,2141.89,15572.73,0,0,0,0
2006-11-16 00:00:00,0,2583.02,0,257.91,9354.96,4856.47,5041.83,0,0,1726.04,12253.36,191.27,0,10223.76,1190.95,3179.1,68371.21,0,13877.44,0,0,74647.07,0,0,0,2199.9,2036.58,0,20395.28,29067.52,67.57,1989.59,14911.4,0,0,0,0
2006-11-16 01:00:00,0,2501.2,0,221.99,8883.44,4347.84,4776.37,0,0,1574.42,11285.78,173.25,0,9994.56,1102.38,3070.82,65934.03,0,13103.83,0,0,72016.21,0,0,0,2091.32,1962.99,0,19488.01,28059.26,66.91,1859.73,14314.69,0,0,0,0
2006-11-16 02:00:00,0,2426.85,0,209.38,8600.18,3920.37,4573.31,0,0,1464.98,10468.25,158.76,0,10026.77,991.61,2966.55,63698.19,0,12674.91,0,0,70470.32,0,0,0,2026.0,1913.32,0,18838.88,27183.07,66.49,1773.24,13880.29,0,0,0,0
2006-11-16 03:00:00,0,2434.3,0,195.52,8530.87,3754.92,4530.13,0,0,1440.66,10103.97,156.91,0,10168.93,959.2,2898.52,62035.48,0,12757.93,0,0,70437.22,0,0,0,1997.4,1890.38,0,18669.22,26723.9,66.4,1723.63,13661.51,0,0,0,0
2006-11-16 04:00:00,0,2520.74,0,190.19,8675.86,3830.0,4631.52,0,0,1448.46,10280.93,162.02,0,10537.07,951.47,2998.8,62520.15,0,13349.17,0,0,71639.0,0,0,0,1998.09,1876.38,0,18994.76,26881.66,67.46,1739.03,13973.4,0,0,0,0
2006-11-16 05:00:00,0,2603.66,0,194.99,9144.84,4004.95,4754.89,0,0,1505.92,10662.28,164.85,0,10869.3,933.42,3117.51,64175.69,0,13924.66,0,0,73651.57,0,0,0,1987.63,1810.93,0,19885.08,27630.68,68.57,1813.79,14523.33,0,0,0,0
2006-11-16 06:00:00,0,2679.81,0,207.59,9570.1,4271.94,4833.81,0,0,1565.19,11098.81,176.93,0,11230.5,980.83,3241.93,65832.28,0,14465.32,0,0,75520.35,0,0,0,2032.9,1788.34,0,20742.8,28584.06,70.06,1950.9,15124.89,0,0,0,0
2006-11-16 07:00:00,0,2756.17,0,216.09,9905.68,4578.05,4927.98,0,0,1656.47,11691.49,178.56,0,11612.43,1063.75,3367.97,67536.14,0,14997.94,0,0,77735.69,0,0,0,2161.65,1891.6,0,21669.3,29560.62,71.51,2042.04,15701.52,0,0,0,0
2006-11-16 08:00:00,0,2856.71,0,257.34,10436.47,4817.5,5187.89,0,0,1773.93,12807.08,177.66,0,12467.26,1131.51,3550.87,69561.72,0,16512.05,0,0,82289.47,0,0,0,2274.38,2001.54,0,22959.77,30599.42,73.38,2115.91,16359.25,0,0,0,0
2006-11-16 09:00:00,0,3014.69,0,275.95,10593.23,5051.7,5349.34,0,0,1883.74,13522.15,181.06,0,13071.49,1208.8,3775.63,73532.7,0,17166.47,0,0,85835.58,0,0,0,2314.77,2048.96,0,24503.62,32209.53,75.89,2170.6,17067.83,0,0,0,0
2006-11-16 10:00:00,0,2977.83,0,283.29,10617.09,5314.9,5532.86,0,0,1974.31,14185.12,185.69,0,13354.9,1340.74,3869.1,75285.43,0,17598.79,0,0,87002.19,0,0,0,2372.12,2121.9,0,25274.6,32005.05,78.26,2238.31,17803.73,0,0,0,0
2006-11-16 11:00:00,0,2881.9,0,285.25,10776.39,5537.77,5728.18,0,0,2028.16,14726.39,188.07,0,13561.83,1340.79,3970.22,75934.3,0,17960.96,0,0,88290.43,0,0,0,2409.98,2188.44,0,25791.78,31471.82,78.78,2295.91,18391.66,0,0,0,0
2006-11-16 12:00:00,0,2765.37,0,284.94,10847.33,5695.94,5728.21,0,0,2081.32,15108.92,191.06,0,13816.15,1351.65,4044.77,76285.42,0,18334.77,0,0,89315.1,0,0,0,2427.29,2235.83,0,26130.93,30885.13,78.54,2355.53,18714.79,0,0,0,0
2006-11-16 13:00:00,0,2639.53,0,282.5,10899.78,5764.55,5822.37,0,0,2131.98,15551.98,194.03,0,14020.61,1353.62,4094.52,76131.75,0,18564.6,0,0,89810.7,0,0,0,2443.54,2289.51,0,26350.43,30249.45,77.82,2397.32,19022.19,0,0,0,0
2006-11-16 14:00:00,0,2532.49,0,280.61,10939.57,5801.79,6023.19,0,0,2179.81,15917.63,196.05,0,14122.3,1364.84,4120.49,75889.86,0,18685.39,0,0,89856.51,0,0,0,2435.16,2299.07,0,26371.91,29612.51,76.16,2424.39,19152.46,0,0,0,0
2006-11-16 15:00:00,0,2440.05,0,280.29,11057.09,5803.81,6076.22,0,0,2208.03,16104.65,198.27,0,14265.86,1371.98,4151.98,75634.41,0,18718.27,0,0,89896.2,0,0,0,2440.38,2293.73,0,26396.01,29023.06,74.42,2427.01,19240.58,0,0,0,0
2006-11-16 16:00:00,0,2382.45,0,279.82,11332.12,5770.02,6083.68,0,0,2212.95,16048.31,201.81,0,14310.12,1374.97,4179.0,75585.03,0,18796.94,0,0,90456.19,0,0,0,2450.64,2289.58,0,26509.96,28397.47,72.6,2415.79,19303.82,0,0,0,0
2006-11-16 17:00:00,0,2393.36,0,281.96,11860.22,5743.32,6125.37,0,0,2189.68,15883.57,204.64,0,14472.95,1338.72,4205.91,75858.3,0,19042.42,0,0,90759.01,0,0,0,2506.4,2289.73,0,26680.46,28012.47,71.37,2387.64,19323.38,0,0,0,0
2006-11-16 18:00:00,0,2549.17,0,291.83,12169.59,5715.83,6223.35,0,0,2164.84,15865.08,204.6,0,14715.99,1306.06,4247.02,76335.45,0,19570.06,0,0,91069.08,0,0,0,2594.02,2356.9,0,27181.18,28545.5,71.02,2375.76,19532.78,0,0,0,0
2006-11-16 19:00:00,0,2712.12,0,316.75,12760.34,6302.26,6607.07,0,0,2208.34,15809.99,229.53,0,14974.37,1509.46,4328.47,79558.73,0,19733.29,0,0,91226.04,0,0,0,2739.69,2589.39,0,28083.13,30263.34,76.13,2602.26,20116.71,0,0,0,0
2006-11-16 20:00:00,0,2841.81,0,308.37,12734.56,5964.61,6253.44,0,0,2047.51,14803.69,222.83,0,14035.6,1417.32,4214.57,78734.46,0,18860.97,0,0,87524.23,0,0,0,2762.59,2521.84,0,28317.08,31125.89,75.15,2416.08,20344.69,0,0,0,0
2006-11-16 21:00:00,0,2891.99,0,296.19,12226.35,5658.3,6015.52,0,0,1892.1,13741.7,214.67,0,13172.8,1351.48,4128.29,77270.82,0,17982.35,0,0,84297.5,0,0,0,2694.54,2448.49,0,27586.09,31253.82,74.02,2238.19,19807.35,0,0,0,0
2006-11-16 22:00:00,0,2822.47,0,283.92,11677.94,5192.87,5799.71,0,0,1751.11,12638.13,199.15,0,12443.27,1285.23,4012.14,75260.53,0,16866.74,0,0,81285.94,0,0,0,2569.12,2393.67,0,26580.18,30684.91,73.07,2082.87,18995.27,0,0,0,0
2006-11-16 23:00:00,0,2738.65,0,279.27,11193.08,4720.28,5596.79,0,0,1612.15,11535.45,183.24,0,11846.51,1219.22,3904.0,72849.86,0,15787.47,0,0,78439.95,0,0,0,2454.38,2315.48,0,25498.73,29716.13,72.19,1933.77,18202.53,0,0,0,0
2006-11-17 00:00:00,0,2651.71,0,273.5,10607.94,4271.78,5405.62,0,0,1475.94,10562.93,170.47,0,11209.17,1168.29,3780.72,70308.48,0,14787.61,0,0,75561.93,0,0,0,2340.31,2214.0,0,24392.47,28694.3,71.32,1783.66,17433.49,0,0,0,0
2006-11-17 01:00:00,0,2582.86,0,266.9,10103.83,3901.78,5212.66,0,0,1335.48,9693.7,162.16,0,10660.87,1152.76,3661.11,67698.55,0,13763.3,0,0,73105.37,0,0,0,2214.02,2099.96,0,23224.26,27672.52,70.44,1645.65,16637.74,0,0,0,0
2006-11-17 02:00:00,0,2534.23,0,263.84,9867.96,3645.21,5087.58,0,0,1227.07,8957.46,162.02,0,10371.58,1158.52,3542.05,65085.61,0,13090.01,0,0,71011.28,0,0,0,2115.59,2019.73,0,22281.38,26696.51,69.65,1505.91,16085.84,0,0,0,0
2006-11-17 03:00:00,0,2548.46,0,270.47,9846.89,3644.32,5264.96,0,0,1220.76,8715.65,174.23,0,10497.5,1195.24,3452.98,64340.63,0,13014.5,0,0,70414.58,0,0,0,2174.92,2079.26,0,22407.29,26130.07,70.16,1460.88,16242.79,0,0,0,0
2006-11-17 04:00:00,0,2610.68,0,284.9,10362.24,3863.57,5656.15,0,0,1285.03,8915.14,185.04,0,10792.96,1280.23,3539.93,65733.77,0,13503.34,0,0,71880.11,0,0,0,2295.42,2177.9,0,22998.33,26221.72,71.59,1491.37,16767.16,0,0,0,0
2006-11-17 05:00:00,0,2686.71,0,295.02,10984.08,4270.93,6030.98,0,0,1357.18,9239.31,195.85,0,11105.34,1404.87,3629.64,67442.58,0,14050.79,0,0,73746.91,0,0,0,2426.66,2277.44,0,23703.27,26832.85,72.88,1616.98,17322.62,0,0,0,0
2006-11-17 06:00:00,0,2757.35,0,305.73,11620.29,4712.77,6429.03,0,0,1444.54,9593.77,211.01,0,11394.77,1531.67,3778.44,69055.74,0,14552.86,0,0,75752.3,0,0,0,2556.66,2373.1,0,24508.96,27641.97,74.41,1760.41,17955.26,0,0,0,0
2006-11-17 07:00:00,0,2811.42,0,314.9,12275.85,5170.88,6779.86,0,0,1543.72,10057.42,220.88,0,11747.75,1609.63,3953.67,70625.81,0,15089.35,0,0,77949.05,0,0,0,2680.49,2462.06,0,25685.55,28438.75,75.84,1898.28,18573.65,0,0,0,0
2006-11-17 08:00:00,0,2879.15,0,345.3,13058.74,5849.15,6963.55,0,0,1711.91,11006.84,231.68,0,12458.01,1731.86,4231.81,73177.44,0,16523.71,0,0,84531.2,0,0,0,2825.01,2522.93,0,28410.25,29286.63,77.5,2107.06,19827.39,0,0,0,0
2006-11-17 09:00:00,0,2947.52,0,319.54,12681.46,5963.09,6768.28,0,0,1779.04,11670.51,219.8,0,13137.66,1621.42,4315.86,76961.24,0,17149.2,0,0,85577.94,0,0,0,2779.21,2525.08,0,28082.98,30484.77,78.53,2190.35,20179.86,0,0,0,0
2006-11-17 10:00:00,0,2767.21,0,312.46,12404.96,5897.62,6646.73,0,0,1804.77,12220.08,209.03,0,13473.39,1519.11,4324.67,77151.24,0,17103.58,0,0,86236.41,0,0,0,2771.3,2537.09,0,27393.46,29948.15,77.61,2197.31,19518.94,0,0,0,0
2006-11-17 11:00:00,0,2577.91,0,324.51,12048.26,5826.51,6500.52,0,0,1811.94,12611.64,206.8,0,13504.79,1479.51,4284.3,76973.37,0,16999.67,0,0,85735.68,0,0,0,2728.62,2479.71,0,26676.1,29245.12,76.39,2198.84,19125.87,0,0,0,0
2006-11-17 12:00:00,0,2430.9,0,323.83,11773.49,5715.29,6268.1,0,0,1818.67,12873.03,202.98,0,13557.03,1429.11,4169.48,76632.97,0,17132.69,0,0,84679.6,0,0,0,2689.12,2436.65,0,26229.8,28742.0,75.24,2182.47,18805.28,0,0,0,0
2006-11-17 13:00:00,0,2307.34,0,315.57,11478.62,5562.59,6093.97,0,0,1815.25,13040.12,200.77,0,13580.75,1393.97,4081.91,76007.64,0,17276.37,0,0,84297.29,0,0,0,2623.98,2398.23,0,25701.69,28326.94,73.77,2173.82,18366.47,0,0,0,0
2006-11-17 14:00:00,0,2211.59,0,305.72,11253.77,5414.6,6024.17,0,0,1806.16,13067.34,198.54,0,13535.64,1359.0,4000.15,75268.14,0,17332.04,0,0,84188.28,0,0,0,2561.16,2356.17,0,25057.12,27937.05,72.39,2167.22,17987.72,0,0,0,0
2006-11-17 15:00:00,0,2133.19,0,290.25,11130.97,5299.14,6015.4,0,0,1810.84,13077.75,196.98,0,13635.73,1344.06,3925.98,74322.13,0,17397.87,0,0,83945.27,0,0,0,2539.75,2308.31,0,24268.7,27465.27,70.8,2135.33,17439.35,0,0,0,0
2006-11-17 16:00:00,0,2080.98,0,285.22,11232.93,5209.69,6108.28,0,0,1798.46,13018.61,196.13,0,13824.96,1323.81,3876.12,73843.95,0,17478.53,0,0,84124.22,0,0,0,2520.02,2269.12,0,23550.42,26987.96,68.47,2113.44,16833.84,0,0,0,0
2006-11-17 17:00:00,0,2116.41,0,287.12,11494.51,5240.93,6382.52,0,0,1810.31,13194.67,200.55,0,14105.4,1285.59,3901.39,74200.03,0,17763.88,0,0,84810.2,0,0,0,2560.37,2328.31,0,23480.4,26877.08,67.69,2166.26,16804.36,0,0,0,0
2006-11-17 18:00:00,0,2242.87,0,295.97,11795.22,5468.18,6505.66,0,0,1844.36,13392.97,208.58,0,14412.89,1377.04,3955.06,74448.73,0,18097.12,0,0,85726.15,0,0,0,2643.09,2395.93,0,24450.63,27293.65,68.72,2235.65,17511.62,0,0,0,0
2006-11-17 19:00:00,0,2331.05,0,313.4,11622.08,5914.52,6684.37,0,0,1989.41,14088.79,214.32,0,13774.94,1552.77,3878.33,73836.11,0,17824.48,0,0,85568.55,0,0,0,2681.79,2704.14,0,25037.79,27758.06,64.93,2373.35,17018.34,0,0,0,0
2006-11-17 20:00:00,0,2448.55,0,317.92,11806.64,5794.04,6527.22,0,0,1883.07,13175.47,213.91,0,13003.54,1521.31,3778.28,73857.54,0,17347.34,0,0,83073.76,0,0,0,2713.53,2705.94,0,25772.92,28622.35,63.57,2281.76,17626.67,0,0,0,0
2006-11-17 21:00:00,0,2553.76,0,308.8,11717.19,5665.02,6377.9,0,0,1777.39,12256.8,216.03,0,12302.24,1502.14,3674.19,72788.63,0,16902.43,0,0,80625.55,0,0,0,2684.31,2665.72,0,25483.83,28397.58,62.3,2182.71,17739.93,0,0,0,0
2006-11-17 22:00:00,0,2505.79,0,295.71,11257.64,5417.38,6249.41,0,0,1689.97,11374.03,208.05,0,11651.57,1463.74,3572.21,70943.51,0,16241.51,0,0,78038.65,0,0,0,2564.64,2588.11,0,24841.31,27940.74,61.08,2093.43,17017.32,0,0,0,0
2006-11-17 23:00:00,0,2451.86,0,284.4,10876.29,5147.15,6149.22,0,0,1610.8,10599.32,198.27,0,11099.78,1431.5,3452.49,68694.81,0,15311.05,0,0,75351.27,0,0,0,2470.92,2531.24,0,24157.2,27386.82,59.43,2008.83,16397.7,0,0,0,0
2006-11-18 00:00:00,0,2389.15,0,275.91,10567.84,4894.75,6020.41,0,0,1534.46,9864.17,188.25,0,10501.02,1400.19,3347.39,66293.48,0,14425.37,0,0,72635.55,0,0,0,2413.15,2498.38,0,23562.56,26770.55,57.38,1925.7,15831.29,0,0,0,0
2006-11-18 01:00:00,0,2331.06,0,267.72,10215.22,4654.54,5862.82,0,0,1459.72,9226.03,181.46,0,9922.77,1379.15,3277.82,64085.21,0,13586.05,0,0,70480.55,0,0,0,2355.33,2486.21,0,23277.62,26190.3,55.55,1835.09,15458.59,0,0,0,0
2006-11-18 02:00:00,0,2297.12,0,260.9,10046.21,4489.68,5782.43,0,0,1409.51,8652.9,176.29,0,9891.46,1360.75,3203.73,62784.4,0,12908.58,0,0,68795.33,0,0,0,2348.4,2537.45,0,23065.98,25590.68,54.42,1773.29,15379.0,0,0,0,0
2006-11-18 03:00:00,0,2327.0,0,260.67,10001.54,4415.05,5836.77,0,0,1379.3,8448.32,173.32,0,9941.23,1355.23,3193.16,61528.74,0,12572.87,0,0,68158.71,0,0,0,2363.17,2583.9,0,23183.86,25120.17,53.82,1742.82,15278.35,0,0,0,0
2006-11-18 04:00:00,0,2381.8,0,261.9,10103.74,4523.69,6048.49,0,0,1412.14,8523.25,175.35,0,10021.41,1381.4,3196.56,61175.91,0,12521.7,0,0,68705.3,0,0,0,2415.55,2639.83,0,23562.75,25011.39,54.31,1732.75,15390.97,0,0,0,0
2006-11-18 05:00:00,0,2469.16,0,264.74,10445.06,4686.02,6323.91,0,0,1462.81,8831.11,181.04,0,10241.92,1414.34,3257.25,61802.61,0,12687.58,0,0,69826.58,0,0,0,2513.7,2710.8,0,24108.98,25373.26,55.43,1778.64,15694.68,0,0,0,0
2006-11-18 06:00:00,0,2562.26,0,266.68,10877.28,4937.51,6613.82,0,0,1517.5,9267.74,187.55,0,10550.97,1466.66,3344.15,62749.84,0,12950.82,0,0,70853.44,0,0,0,2612.54,2771.82,0,24411.42,25926.11,56.88,1838.66,16126.96,0,0,0,0
2006-11-18 07:00:00,0,2649.79,0,277.6,11274.54,5170.79,6881.64,0,0,1567.83,9717.94,193.82,0,10919.45,1509.48,3443.22,63923.38,0,13368.96,0,0,71839.91,0,0,0,2706.84,2835.96,0,24871.79,26462.12,58.9,1892.6,16505.88,0,0,0,0
2006-11-18 08:00:00,0,2726.6,0,293.45,12004.84,5649.3,6994.0,0,0,1659.64,10472.82,202.16,0,11371.99,1580.42,3563.32,65177.7,0,14017.9,0,0,74729.67,0,0,0,2792.77,2883.62,0,26146.25,26999.47,60.82,2073.05,17250.14,0,0,0,0
2006-11-18 09:00:00,0,2892.35,0,278.62,11860.16,5518.68,6729.26,0,0,1626.63,11033.47,184.51,0,11779.9,1451.4,3560.03,66892.0,0,14339.36,0,0,75537.8,0,0,0,2698.73,2816.98,0,25816.71,27742.84,61.87,2082.78,17376.82,0,0,0,0
2006-11-18 10:00:00,0,2905.46,0,272.2,11409.84,5488.27,6592.99,0,0,1629.38,11578.89,182.08,0,11927.26,1378.59,3507.96,67637.45,0,14727.2,0,0,75662.17,0,0,0,2626.38,2761.68,0,24925.3,27964.03,62.84,2083.39,16910.97,0,0,0,0
2006-11-18 11:00:00,0,2885.0,0,276.06,10933.91,5471.29,6397.61,0,0,1655.91,11988.24,185.92,0,11982.79,1369.27,3449.89,67792.99,0,15012.61,0,0,75572.93,0,0,0,2584.15,2699.19,0,24611.83,27920.04,63.16,2088.11,16765.65,0,0,0,0
2006-11-18 12:00:00,0,2785.66,0,276.56,10640.71,5374.44,6197.3,0,0,1676.65,12306.13,188.28,0,12058.67,1358.88,3399.71,67819.21,0,15156.52,0,0,75238.18,0,0,0,2564.62,2653.56,0,24165.77,27497.8,61.49,2088.98,16522.03,0,0,0,0
2006-11-18 13:00:00,0,2675.43,0,271.35,10441.04,5264.79,6069.2,0,0,1684.33,12519.04,186.47,0,12070.53,1337.37,3372.26,67925.76,0,15310.7,0,0,74853.14,0,0,0,2535.89,2609.36,0,23636.49,27054.63,60.01,2093.89,16056.29,0,0,0,0
2006-11-18 14:00:00,0,2588.7,0,268.17,10319.36,5097.62,5944.68,0,0,1675.85,12553.3,182.39,0,12155.74,1301.51,3344.06,67776.09,0,15644.17,0,0,74438.58,0,0,0,2482.54,2562.25,0,22736.9,26620.26,58.95,2066.2,15557.72,0,0,0,0
2006-11-18 15:00:00,0,2510.6,0,262.35,10060.61,4927.07,5874.86,0,0,1667.14,12470.39,182.42,0,12411.7,1259.1,3321.44,67332.81,0,15824.71,0,0,74416.21,0,0,0,2421.06,2519.28,0,22070.46,26195.83,58.01,2034.32,14874.14,0,0,0,0
2006-11-18 16:00:00,0,2428.49,0,257.45,9913.01,4815.98,5798.5,0,0,1653.16,12322.05,182.58,0,13009.76,1233.18,3312.57,66859.11,0,16177.49,0,0,74743.8,0,0,0,2351.51,2464.67,0,21358.65,25773.77,57.06,1997.43,14682.08,0,0,0,0
2006-11-18 17:00:00,0,2396.8,0,255.16,10106.53,4832.25,6029.55,0,0,1628.97,12098.05,182.35,0,13603.82,1220.73,3385.25,67449.94,0,16690.22,0,0,77970.93,0,0,0,2372.36,2462.04,0,21332.84,25449.1,56.58,1959.36,14580.47,0,0,0,0
2006-11-18 18:00:00,0,2453.7,0,257.91,10428.16,4902.11,6213.61,0,0,1665.8,12362.15,187.07,0,14024.39,1300.49,3508.91,68225.6,0,17175.11,0,0,80012.63,0,0,0,2448.22,2534.6,0,21819.38,25618.8,58.33,2012.37,15412.13,0,0,0,0
2006-11-18 19:00:00,0,2684.1,0,297.76,11543.42,5951.84,6915.07,0,0,2015.24,14235.13,211.17,0,14821.26,1554.64,3862.97,74457.88,0,18241.22,0,0,86510.94,0,0,0,2659.22,2754.45,0,24455.19,28824.32,69.65,2403.81,16452.09,0,0,0,0
2006-11-18 20:00:00,0,2811.42,0,297.16,11639.56,5850.37,6746.58,0,0,1912.51,13320.4,211.36,0,14020.44,1526.29,3780.86,74510.34,0,17728.83,0,0,84088.12,0,0,0,2703.57,2766.72,0,25195.54,29723.3,68.69,2304.83,17005.28,0,0,0,0
2006-11-18 21:00:00,0,2908.03,0,288.76,11458.71,5808.68,6606.31,0,0,1832.52,12456.23,214.1,0,13242.21,1503.28,3693.9,73540.24,0,17173.01,0,0,81675.9,0,0,0,2681.76,2719.38,0,24842.22,29517.61,67.69,2204.6,17274.3,0,0,0,0
2006-11-18 22:00:00,0,2835.52,0,273.25,10912.75,5560.71,6458.52,0,0,1772.49,11743.61,208.06,0,12491.19,1466.2,3599.45,71772.03,0,16287.02,0,0,79166.02,0,0,0,2578.09,2640.48,0,23995.12,29048.22,66.28,2123.76,16684.73,0,0,0,0
2006-11-18 23:00:00,0,2756.57,0,260.13,10543.5,5301.32,6293.8,0,0,1712.72,11021.73,198.47,0,11746.92,1434.39,3517.82,69681.92,0,15347.04,0,0,76385.35,0,0,0,2491.15,2555.01,0,23074.77,28463.7,64.72,2044.48,16097.03,0,0,0,0
2006-11-19 00:00:00,0,2676.6,0,249.0,10242.03,5054.6,6144.34,0,0,1643.66,10417.48,188.15,0,11022.17,1391.95,3429.06,67502.96,0,14449.05,0,0,73531.44,0,0,0,2405.64,2491.06,0,22199.04,27805.28,62.86,1968.05,15587.07,0,0,0,0
2006-11-19 01:00:00,0,2602.46,0,239.85,9902.55,4865.96,6011.35,0,0,1569.43,9899.12,179.85,0,10567.68,1368.1,3372.82,65235.99,0,13609.34,0,0,71269.66,0,0,0,2346.11,2476.08,0,21613.17,27194.91,61.12,1905.68,15154.67,0,0,0,0
2006-11-19 02:00:00,0,2559.54,0,232.56,9779.13,4737.66,5933.07,0,0,1516.03,9557.24,173.65,0,10519.73,1346.97,3314.18,63569.97,0,13003.04,0,0,69895.47,0,0,0,2338.01,2509.61,0,21134.77,26530.12,60.06,1857.98,15258.25,0,0,0,0
2006-11-19 03:00:00,0,2575.21,0,229.04,9801.66,4716.66,6020.37,0,0,1476.17,9397.43,169.38,0,10497.33,1336.87,3256.79,62493.38,0,12699.71,0,0,69524.47,0,0,0,2374.97,2566.07,0,21160.7,26101.46,59.29,1842.44,15351.16,0,0,0,0
2006-11-19 04:00:00,0,2607.95,0,229.41,9874.19,4850.07,6150.89,0,0,1492.14,9485.17,170.62,0,10602.1,1351.55,3262.36,62034.25,0,12706.61,0,0,70214.55,0,0,0,2424.78,2629.29,0,21335.43,25943.63,59.83,1841.51,15555.12,0,0,0,0
2006-11-19 05:00:00,0,2663.56,0,237.48,10170.67,5042.06,6411.9,0,0,1540.89,9733.33,174.7,0,10824.83,1383.68,3295.75,62645.76,0,12937.98,0,0,71198.4,0,0,0,2494.16,2682.56,0,21743.16,26241.36,60.87,1892.97,15897.62,0,0,0,0
2006-11-19 06:00:00,0,2732.16,0,251.06,10648.25,5282.65,6749.03,0,0,1597.36,10137.7,179.74,0,11089.16,1419.29,3374.03,63734.2,0,13271.36,0,0,72261.3,0,0,0,2583.71,2739.69,0,22310.76,26732.75,62.05,1949.04,16380.42,0,0,0,0
2006-11-19 07:00:00,0,2787.1,0,262.7,11002.68,5483.27,6955.41,0,0,1650.03,10518.55,184.3,0,11438.85,1457.86,3465.99,64889.23,0,13718.41,0,0,73660.92,0,0,0,2673.29,2796.33,0,23171.77,27209.69,63.25,1995.52,16808.58,0,0,0,0
2006-11-19 08:00:00,0,2839.26,0,275.02,11644.13,5729.15,7166.6,0,0,1700.48,10919.86,188.22,0,11848.61,1499.75,3563.96,66152.24,0,14399.78,0,0,76697.36,0,0,0,2749.34,2825.62,0,24622.8,27653.97,64.55,2092.56,17555.01,0,0,0,0
2006-11-19 09:00:00,0,3019.73,0,269.28,11503.73,5622.05,6934.1,0,0,1639.56,11035.0,181.61,0,12162.61,1410.31,3628.73,68172.92,0,14746.12,0,0,77190.46,0,0,0,2592.56,2710.43,0,24584.77,28186.0,65.06,2082.11,18095.83,0,0,0,0
2006-11-19 10:00:00,0,2962.99,0,272.77,11128.32,5369.24,6795.81,0,0,1603.93,11304.73,172.75,0,12338.71,1322.95,3643.74,69626.7,0,15018.98,0,0,77244.56,0,0,0,2536.84,2670.09,0,24223.44,28027.33,65.09,2021.69,17828.84,0,0,0,0
2006-11-19 11:00:00,0,2822.29,0,273.31,10706.44,5241.97,6510.08,0,0,1613.98,11699.42,172.95,0,12441.58,1295.19,3677.53,70068.41,0,15155.51,0,0,77758.18,0,0,0,2500.83,2623.61,0,23793.65,27592.3,64.73,2009.64,17537.63,0,0,0,0
2006-11-19 12:00:00,0,2676.7,0,273.52,10295.51,5202.46,6275.04,0,0,1639.27,12040.77,175.14,0,12558.76,1285.84,3734.8,70085.66,0,15293.12,0,0,77955.98,0,0,0,2475.94,2584.18,0,23347.14,26967.64,63.99,2017.62,17071.94,0,0,0,0
2006-11-19 13:00:00,0,2573.74,0,272.37,9925.76,5108.91,6048.95,0,0,1652.73,12281.84,178.43,0,12575.18,1266.31,3750.93,69932.68,0,15393.83,0,0,77996.56,0,0,0,2433.73,2542.95,0,23043.99,26509.12,62.8,2019.9,16675.07,0,0,0,0
2006-11-19 14:00:00,0,2481.93,0,268.48,9697.18,4968.16,5876.66,0,0,1658.67,12409.82,181.17,0,12565.22,1249.97,3749.06,69584.24,0,15601.5,0,0,77896.63,0,0,0,2383.76,2499.16,0,22668.71,26143.31,61.24,2004.45,16479.54,0,0,0,0
2006-11-19 15:00:00,0,2396.38,0,265.16,9603.45,4843.37,5806.36,0,0,1655.17,12386.69,182.19,0,12729.45,1244.47,3757.74,68935.51,0,15905.92,0,0,77795.69,0,0,0,2296.28,2453.81,0,22128.37,25813.45,59.59,1993.17,16381.64,0,0,0,0
2006-11-19 16:00:00,0,2317.63,0,263.12,9626.6,4915.61,5748.44,0,0,1652.82,12309.31,182.31,0,13425.53,1237.87,3741.22,68083.94,0,16414.23,0,0,78753.04,0,0,0,2272.48,2404.14,0,22108.87,25436.61,58.58,2000.47,16479.85,0,0,0,0
2006-11-19 17:00:00,0,2299.18,0,261.72,10030.15,4919.52,6000.45,0,0,1629.22,12160.05,184.43,0,13886.82,1204.47,3790.96,68287.24,0,17058.42,0,0,81380.97,0,0,0,2334.03,2422.55,0,22100.55,25167.81,57.93,1993.45,16575.55,0,0,0,0
2006-11-19 18:00:00,0,2412.38,0,267.56,10433.41,4873.93,6221.71,0,0,1645.09,12381.18,188.51,0,14302.72,1276.14,3889.04,69026.46,0,17504.47,0,0,82620.45,0,0,0,2418.89,2500.79,0,22933.14,25380.4,59.46,2001.82,17183.15,0,0,0,0
2006-11-19 19:00:00,0,2702.0,0,325.25,12609.33,6289.37,7167.32,0,0,2084.09,14011.92,226.9,0,15662.63,1556.33,4322.65,80304.18,0,19619.65,0,0,94432.0,0,0,0,2777.31,2652.76,0,27204.13,29718.4,78.21,2431.0,19593.84,0,0,0,0
2006-11-19 20:00:00,0,2840.29,0,320.48,12751.28,6069.77,6923.6,0,0,1997.27,13200.81,225.92,0,14941.9,1513.13,4223.99,79927.26,0,19278.62,0,0,91758.86,0,0,0,2813.16,2608.51,0,27800.66,30626.73,77.34,2325.59,20224.53,0,0,0,0
2006-11-19 21:00:00,0,2903.72,0,303.23,12454.53,5853.08,6694.94,0,0,1911.66,12418.83,225.59,0,14191.59,1468.64,4123.36,78803.77,0,18595.17,0,0,88712.09,0,0,0,2719.99,2527.49,0,27217.66,30902.69,76.29,2216.65,20125.52,0,0,0,0
2006-11-19 22:00:00,0,2842.71,0,289.31,11988.04,5517.02,6505.91,0,0,1830.39,11515.75,213.75,0,13392.92,1423.41,4009.23,76848.09,0,17361.23,0,0,85553.36,0,0,0,2609.65,2438.85,0,26435.82,30390.44,74.98,2095.17,19468.64,0,0,0,0
2006-11-19 23:00:00,0,2767.8,0,277.63,11509.25,5188.83,6302.06,0,0,1741.02,10766.73,199.86,0,12600.97,1386.4,3902.87,74504.67,0,16244.21,0,0,82513.31,0,0,0,2497.96,2345.14,0,25693.47,29534.97,73.82,1955.63,18833.38,0,0,0,0
2006-11-20 00:00:00,0,2688.54,0,258.95,11020.37,4818.82,6109.9,0,0,1638.92,10034.22,182.31,0,11790.31,1335.43,3799.06,72058.53,0,15118.46,0,0,79699.61,0,0,0,2376.33,2270.71,0,24959.97,28618.44,72.79,1807.77,18180.21,0,0,0,0
2006-11-20 01:00:00,0,2620.93,0,241.21,10713.95,4508.31,5951.75,0,0,1563.72,9355.1,166.95,0,11197.7,1274.91,3720.11,69529.61,0,14085.35,0,0,76896.21,0,0,0,2292.04,2213.0,0,24336.8,27668.57,72.04,1681.66,17537.37,0,0,0,0
2006-11-20 02:00:00,0,2586.52,0,233.46,10515.91,4413.82,5942.3,0,0,1524.61,8936.88,161.26,0,11085.12,1251.51,3684.0,67023.41,0,13382.75,0,0,74798.95,0,0,0,2246.81,2289.61,0,23949.84,26786.68,71.42,1634.66,17330.95,0,0,0,0
2006-11-20 03:00:00,0,2627.25,0,242.31,10489.76,4595.7,6207.81,0,0,1579.3,9172.42,170.69,0,11268.52,1288.89,3688.54,66399.05,0,13210.05,0,0,75247.38,0,0,0,2305.56,2350.42,0,24123.64,26467.31,72.0,1667.65,17464.31,0,0,0,0
2006-11-20 04:00:00,0,2725.73,0,255.51,10921.83,4851.34,6578.71,0,0,1629.08,9578.12,181.31,0,11667.69,1348.39,3805.93,67882.23,0,13743.92,0,0,77441.73,0,0,0,2403.64,2433.15,0,24835.73,26790.1,73.27,1721.36,17855.38,0,0,0,0
2006-11-20 05:00:00,0,2829.96,0,271.98,11439.57,5160.74,6932.73,0,0,1694.46,10026.29,192.96,0,11981.46,1431.59,3902.68,69678.58,0,14321.48,0,0,80014.69,0,0,0,2479.03,2485.57,0,25581.2,27561.36,75.06,1811.69,18272.8,0,0,0,0
2006-11-20 06:00:00,0,2932.66,0,287.84,11986.26,5563.8,7300.52,0,0,1780.01,10501.24,203.31,0,12299.42,1525.43,4028.04,71433.93,0,14915.7,0,0,82302.85,0,0,0,2558.01,2534.0,0,26303.6,28595.84,77.16,1943.13,18809.06,0,0,0,0
2006-11-20 07:00:00,0,3033.13,0,305.2,12526.14,5935.59,7613.14,0,0,1862.11,11047.38,216.17,0,12750.11,1616.23,4164.88,73107.89,0,15497.94,0,0,84331.17,0,0,0,2633.08,2569.26,0,27055.73,29623.38,79.24,2061.26,19308.44,0,0,0,0
2006-11-20 08:00:00,0,3125.64,0,341.45,13250.6,6354.84,7751.68,0,0,2005.27,12449.98,224.29,0,14142.4,1747.99,4349.3,75231.64,0,17217.74,0,0,90524.74,0,0,0,2765.82,2624.57,0,28897.72,30566.58,81.47,2213.11,20102.22,0,0,0,0
2006-11-20 09:00:00,0,3223.19,0,344.04,13090.15,6277.48,7270.91,0,0,1950.84,12445.8,224.29,0,14406.43,1709.95,4534.24,78940.66,0,17451.94,0,0,90225.9,0,0,0,2699.71,2600.96,0,28898.0,31779.53,84.25,2240.44,20921.32,0,0,0,0
2006-11-20 10:00:00,0,3006.59,0,342.88,12812.72,6248.13,6927.15,0,0,1927.71,12469.96,229.33,0,14294.01,1650.95,4611.74,78761.76,0,17593.08,0,0,89361.25,0,0,0,2661.32,2594.94,0,28619.13,31177.47,82.97,2251.92,20670.97,0,0,0,0
2006-11-20 11:00:00,0,2772.01,0,340.45,12561.08,6002.57,6719.54,0,0,1886.33,12519.62,225.9,0,14120.81,1576.15,4610.05,77779.26,0,17655.46,0,0,88411.0,0,0,0,2635.2,2592.55,0,27930.78,30300.83,81.2,2241.39,20281.17,0,0,0,0
2006-11-20 12:00:00,0,2585.47,0,333.42,12344.24,5775.38,6640.13,0,0,1848.86,12652.1,216.14,0,13992.92,1481.29,4581.51,77066.17,0,17665.0,0,0,87731.06,0,0,0,2606.92,2575.89,0,27403.72,29604.01,79.88,2221.08,19691.39,0,0,0,0
2006-11-20 13:00:00,0,2439.06,0,323.51,12154.47,5682.25,6558.09,0,0,1836.93,12705.62,207.97,0,13840.49,1434.56,4525.68,76417.19,0,17650.83,0,0,86982.11,0,0,0,2576.99,2557.7,0,27013.6,28954.02,78.72,2213.03,19237.21,0,0,0,0
2006-11-20 14:00:00,0,2326.77,0,314.41,12125.04,5568.92,6499.16,0,0,1810.64,12619.27,200.44,0,13777.27,1397.81,4414.79,75732.4,0,17666.97,0,0,86172.74,0,0,0,2556.26,2545.67,0,26644.85,28353.83,77.54,2213.82,18921.93,0,0,0,0
2006-11-20 15:00:00,0,2239.29,0,306.02,12066.22,5447.45,6513.29,0,0,1776.34,12514.79,200.49,0,13936.17,1370.9,4305.55,75115.97,0,17781.77,0,0,85360.4,0,0,0,2557.27,2507.65,0,26417.39,27718.12,75.64,2192.91,18670.41,0,0,0,0
2006-11-20 16:00:00,0,2182.45,0,302.63,12089.59,5396.73,6580.43,0,0,1770.03,12453.79,202.39,0,14596.32,1363.46,4186.93,74380.13,0,18140.24,0,0,85964.88,0,0,0,2605.01,2522.67,0,26271.54,27135.97,73.63,2188.41,18578.59,0,0,0,0
2006-11-20 17:00:00,0,2241.57,0,298.27,12465.59,5367.89,6838.82,0,0,1772.99,12586.79,205.28,0,15174.44,1331.95,4184.49,75195.08,0,18769.26,0,0,89140.6,0,0,0,2670.9,2560.05,0,26163.43,26970.9,71.93,2199.18,18492.19,0,0,0,0
2006-11-20 18:00:00,0,2397.72,0,310.19,12630.64,5579.21,7075.01,0,0,1914.79,12867.51,223.45,0,15499.15,1463.78,4296.92,75646.06,0,19094.36,0,0,91006.32,0,0,0,2742.03,2608.66,0,26957.94,27569.92,70.74,2267.94,19436.5,0,0,0,0
2006-11-20 19:00:00,0,2601.14,0,339.13,13084.94,6393.29,7428.56,0,0,2129.05,13997.87,240.33,0,16187.42,1651.0,4501.14,80091.03,0,19802.77,0,0,95108.34,0,0,0,2828.6,2811.12,0,29084.11,29835.54,78.41,2453.45,20317.37,0,0,0,0
2006-11-20 20:00:00,0,2756.38,0,331.91,13227.97,6390.64,7206.7,0,0,2060.7,13140.69,242.25,0,15364.94,1640.65,4409.79,79820.75,0,19116.12,0,0,92258.57,0,0,0,2850.73,2704.39,0,29666.29,30651.55,77.53,2365.83,20995.16,0,0,0,0
2006-11-20 21:00:00,0,2827.57,0,319.43,12785.14,6275.59,6943.29,0,0,1977.72,12191.25,235.69,0,14525.12,1599.77,4313.95,78574.43,0,18455.66,0,0,89400.16,0,0,0,2802.89,2563.0,0,28916.22,30818.23,76.45,2253.95,21077.99,0,0,0,0
2006-11-20 22:00:00,0,2763.31,0,300.67,12256.47,5874.58,6727.66,0,0,1866.05,11248.78,218.49,0,13680.37,1518.55,4202.95,76562.31,0,17495.01,0,0,86794.79,0,0,0,2668.41,2455.42,0,28012.91,30275.62,75.26,2114.19,20459.66,0,0,0,0
2006-11-20 23:00:00,0,2685.76,0,283.23,11784.54,5482.75,6528.99,0,0,1802.71,10456.88,202.44,0,12823.89,1445.2,4090.44,74156.65,0,16463.88,0,0,84120.27,0,0,0,2533.7,2300.09,0,27119.86,29286.07,74.24,1964.22,19848.0,0,0,0,0
2006-11-21 00:00:00,0,2594.18,0,267.2,11322.12,5094.69,6353.89,0,0,1725.99,9705.53,187.18,0,11946.26,1351.16,3986.38,71573.92,0,15387.55,0,0,81291.33,0,0,0,2423.32,2187.02,0,26289.44,28214.3,73.28,1856.2,19143.58,0,0,0,0
2006-11-21 01:00:00,0,2497.8,0,254.19,11003.21,4842.67,6232.92,0,0,1663.74,9064.34,173.4,0,11255.5,1240.9,3871.01,68971.01,0,14355.04,0,0,78325.27,0,0,0,2329.64,2123.56,0,25536.42,27106.21,72.31,1771.85,18448.79,0,0,0,0
2006-11-21 02:00:00,0,2441.87,0,258.07,10822.4,4669.02,6223.01,0,0,1616.07,8788.3,168.78,0,11152.3,1160.96,3803.89,66453.78,0,13579.55,0,0,76381.03,0,0,0,2282.89,2112.62,0,24915.05,26107.15,71.52,1695.7,18424.0,0,0,0,0
2006-11-21 03:00:00,0,2455.65,0,266.7,10841.69,4786.47,6335.51,0,0,1662.48,9024.9,174.66,0,11216.68,1138.17,3814.98,65734.52,0,13351.85,0,0,76613.14,0,0,0,2322.92,2162.1,0,25059.56,25550.91,72.23,1715.01,18584.07,0,0,0,0
2006-11-21 04:00:00,0,2528.38,0,266.83,11183.21,4897.75,6647.88,0,0,1717.31,9474.41,174.39,0,11552.3,1143.11,3946.13,67175.49,0,13730.57,0,0,78779.79,0,0,0,2385.52,2198.52,0,25618.32,25692.23,73.87,1767.47,18962.33,0,0,0,0
2006-11-21 05:00:00,0,2605.02,0,266.03,11706.26,5083.74,6937.75,0,0,1788.88,9891.26,169.86,0,11907.69,1195.4,4089.76,68844.67,0,14321.45,0,0,81050.92,0,0,0,2469.2,2244.1,0,26251.62,26278.87,75.78,1850.4,19336.29,0,0,0,0
2006-11-21 06:00:00,0,2672.18,0,280.51,12213.98,5259.63,7195.96,0,0,1824.24,10266.19,172.74,0,12272.08,1241.88,4240.16,70441.77,0,14902.87,0,0,83192.59,0,0,0,2567.16,2298.73,0,26939.69,27089.83,77.7,1925.75,19692.2,0,0,0,0
2006-11-21 07:00:00,0,2726.55,0,281.39,12673.1,5357.09,7489.73,0,0,1862.29,10724.52,172.82,0,12710.46,1305.5,4386.74,71993.97,0,15514.62,0,0,85382.65,0,0,0,2631.12,2343.62,0,27594.84,27894.25,79.49,1959.56,20034.36,0,0,0,0
2006-11-21 08:00:00,0,2783.61,0,299.6,13557.39,5730.73,7764.21,0,0,1958.62,11872.78,175.62,0,13948.72,1422.12,4576.78,74019.59,0,17218.53,0,0,91542.26,0,0,0,2776.87,2438.67,0,29877.16,28711.49,81.14,2070.39,20933.43,0,0,0,0
2006-11-21 09:00:00,0,2873.22,0,322.18,13351.4,5960.06,7778.3,0,0,1892.25,12280.02,183.74,0,13979.78,1503.33,4575.02,77824.39,0,17207.85,0,0,90285.04,0,0,0,2875.65,2540.09,0,29728.92,30004.32,83.09,2189.34,21208.54,0,0,0,0
2006-11-21 10:00:00,0,2633.45,0,326.7,13088.59,6056.26,7844.98,0,0,1918.23,12672.21,188.96,0,13938.41,1561.46,4436.56,77386.45,0,17268.26,0,0,88298.67,0,0,0,2884.77,2605.98,0,28584.22,29469.58,80.37,2222.37,20281.18,0,0,0,0
2006-11-21 11:00:00,0,2430.48,0,324.37,12872.92,6059.02,7944.59,0,0,1912.8,12895.67,198.07,0,13917.16,1600.49,4341.3,76322.08,0,17325.48,0,0,87025.87,0,0,0,2878.76,2628.24,0,27811.6,28820.23,78.18,2217.86,19354.02,0,0,0,0
2006-11-21 12:00:00,0,2264.48,0,317.41,12779.53,6087.49,7973.47,0,0,1907.38,13016.45,202.26,0,13847.56,1637.4,4261.91,75592.55,0,17332.46,0,0,86021.98,0,0,0,2878.98,2635.57,0,26901.54,28324.67,76.28,2219.53,18671.86,0,0,0,0
2006-11-21 13:00:00,0,2149.04,0,308.07,12776.69,6079.63,7939.13,0,0,1908.68,13028.14,204.92,0,13796.25,1654.34,4186.1,74956.76,0,17329.26,0,0,84856.29,0,0,0,2885.47,2632.62,0,26056.64,27852.87,74.41,2256.81,18173.87,0,0,0,0
2006-11-21 14:00:00,0,2069.35,0,302.14,12741.68,6023.28,7799.61,0,0,1903.84,12955.17,203.8,0,13761.67,1657.77,4111.67,74135.74,0,17392.78,0,0,83704.1,0,0,0,2885.57,2587.35,0,25501.76,27462.26,72.36,2261.96,17720.48,0,0,0,0
2006-11-21 15:00:00,0,2013.2,0,297.88,13045.75,5925.2,7730.84,0,0,1893.98,12864.65,209.05,0,13911.02,1635.64,4029.1,73248.81,0,17553.77,0,0,83371.75,0,0,0,2914.01,2583.41,0,24847.83,26988.83,70.39,2234.89,17315.05,0,0,0,0
2006-11-21 16:00:00,0,1986.61,0,298.89,13397.44,5812.69,7592.69,0,0,1893.92,12806.48,215.28,0,14558.52,1617.07,3951.47,72794.91,0,17971.7,0,0,83945.01,0,0,0,2956.08,2636.85,0,24769.28,26541.19,68.7,2230.59,17151.57,0,0,0,0
2006-11-21 17:00:00,0,2037.17,0,299.24,13674.34,5659.06,7524.93,0,0,1885.99,12935.27,217.57,0,15173.42,1598.28,4019.95,73699.46,0,18603.25,0,0,87040.72,0,0,0,2991.94,2678.25,0,24999.63,26390.42,67.59,2204.23,17524.48,0,0,0,0
2006-11-21 18:00:00,0,2124.86,0,308.2,13899.7,5726.45,7627.76,0,0,1956.76,13275.09,225.58,0,15490.56,1629.73,4165.39,74703.77,0,19001.21,0,0,89173.11,0,0,0,3032.08,2711.5,0,26131.98,26629.18,67.6,2233.56,18566.95,0,0,0,0
2006-11-21 19:00:00,0,2379.88,0,332.47,14319.64,6270.37,7444.31,0,0,2002.03,13518.21,228.64,0,15995.51,1750.54,4407.6,79044.01,0,19669.48,0,0,95667.49,0,0,0,3041.89,2688.73,0,28178.62,28639.8,74.29,2442.6,19521.98,0,0,0,0
2006-11-21 20:00:00,0,2506.64,0,324.41,14444.98,6031.83,7110.55,0,0,1887.37,12676.97,225.34,0,15154.76,1687.2,4336.53,78794.32,0,18988.3,0,0,92850.44,0,0,0,3065.0,2574.86,0,28739.9,29338.48,72.82,2285.45,20278.79,0,0,0,0
2006-11-21 21:00:00,0,2574.97,0,312.84,13929.23,5758.77,6858.76,0,0,1774.73,11920.68,227.03,0,14290.96,1593.15,4266.27,77523.41,0,18332.67,0,0,89997.07,0,0,0,3030.03,2469.58,0,28135.5,29314.78,71.41,2089.73,20446.59,0,0,0,0
2006-11-21 22:00:00,0,2486.96,0,303.66,13366.24,5408.94,6656.31,0,0,1691.45,11284.87,214.21,0,13421.89,1510.8,4172.07,75533.42,0,17380.49,0,0,87020.44,0,0,0,2888.1,2372.9,0,27376.74,28705.32,70.16,1999.99,19889.83,0,0,0,0
2006-11-21 23:00:00,0,2392.35,0,294.55,12781.95,5074.87,6449.93,0,0,1660.31,10819.14,189.28,0,12567.99,1439.67,4066.35,73110.79,0,16341.26,0,0,84128.8,0,0,0,2760.54,2316.1,0,26482.62,27655.36,68.62,1933.18,19248.37,0,0,0,0
2006-11-22 00:00:00,0,2296.12,0,278.17,12270.09,4876.27,6247.34,0,0,1633.83,10289.84,171.2,0,11713.29,1381.1,3969.47,70663.44,0,15242.61,0,0,81224.87,0,0,0,2657.85,2244.04,0,25592.11,26607.31,67.35,1838.8,18527.1,0,0,0,0
2006-11-22 01:00:00,0,2199.94,0,260.96,11803.24,4818.77,6045.6,0,0,1643.94,9912.58,162.04,0,11056.81,1335.18,3874.28,68064.85,0,14134.67,0,0,78192.38,0,0,0,2556.99,2189.48,0,24849.18,25604.87,65.94,1814.72,17866.93,0,0,0,0
2006-11-22 02:00:00,0,2144.14,0,252.64,11392.88,4852.02,5916.1,0,0,1679.34,9975.82,161.18,0,11036.27,1312.44,3774.14,65621.2,0,13347.74,0,0,75985.26,0,0,0,2472.3,2143.37,0,24240.44,24679.21,64.61,1792.23,17657.45,0,0,0,0
2006-11-22 03:00:00,0,2154.76,0,261.42,11073.09,4981.1,5906.52,0,0,1773.57,10354.71,178.19,0,11270.16,1342.47,3784.32,65168.73,0,13140.21,0,0,76229.4,0,0,0,2448.64,2155.86,0,24316.34,24340.13,65.18,1784.25,17712.63,0,0,0,0
2006-11-22 04:00:00,0,2233.95,0,279.34,11171.02,4963.0,5972.18,0,0,1809.15,10680.33,176.21,0,11641.76,1393.27,3914.1,66499.59,0,13620.77,0,0,78198.57,0,0,0,2510.53,2199.09,0,24635.68,24539.11,66.91,1794.71,18074.41,0,0,0,0
2006-11-22 05:00:00,0,2323.49,0,279.29,11412.62,5147.58,6070.09,0,0,1863.09,11042.65,174.05,0,11962.4,1435.32,4061.33,68013.73,0,14138.64,0,0,80042.2,0,0,0,2592.22,2249.93,0,25150.08,25186.63,68.72,1851.67,18401.41,0,0,0,0
2006-11-22 06:00:00,0,2412.98,0,288.75,11786.21,5339.79,6146.29,0,0,1888.77,11404.73,185.33,0,12345.03,1465.34,4206.51,69586.61,0,14641.99,0,0,81564.3,0,0,0,2653.85,2300.21,0,25806.01,26094.54,70.48,1924.82,18858.13,0,0,0,0
2006-11-22 07:00:00,0,2503.48,0,296.06,12037.25,5428.64,6307.07,0,0,1892.19,11761.92,197.62,0,12782.14,1503.06,4359.55,71081.02,0,15204.71,0,0,83312.18,0,0,0,2714.21,2368.08,0,26303.51,27041.56,72.53,1956.38,19246.04,0,0,0,0
2006-11-22 08:00:00,0,2590.2,0,327.73,12487.95,5833.92,6531.84,0,0,2060.17,13041.02,198.05,0,14134.22,1598.76,4576.95,73250.81,0,17146.97,0,0,89467.08,0,0,0,2771.23,2435.28,0,27554.05,28001.15,74.41,2118.38,20144.12,0,0,0,0
2006-11-22 09:00:00,0,2718.62,0,336.23,12892.15,5874.87,6713.17,0,0,1998.68,13105.15,205.48,0,14309.5,1658.31,4544.45,77077.84,0,17629.16,0,0,89835.39,0,0,0,2827.55,2473.24,0,28097.77,29343.96,76.96,2086.73,20569.91,0,0,0,0
2006-11-22 10:00:00,0,2513.31,0,339.12,12935.06,5875.33,6860.18,0,0,1964.06,13021.31,207.03,0,14311.41,1640.88,4332.14,76183.11,0,17827.02,0,0,89024.51,0,0,0,2855.46,2483.03,0,27519.89,28822.26,75.86,2085.2,19521.74,0,0,0,0
2006-11-22 11:00:00,0,2336.49,0,333.87,12853.27,5798.41,6992.03,0,0,1903.88,13012.69,221.74,0,14344.34,1674.26,4193.12,75239.45,0,17957.33,0,0,87998.62,0,0,0,2847.36,2515.03,0,27106.82,28081.69,74.25,2048.46,18697.4,0,0,0,0
2006-11-22 12:00:00,0,2188.49,0,317.38,12801.12,5737.71,7114.99,0,0,1867.25,12947.75,216.27,0,14298.62,1641.86,4078.8,74561.77,0,18042.43,0,0,87230.01,0,0,0,2839.21,2524.28,0,26468.57,27559.6,72.48,2045.84,18013.9,0,0,0,0
2006-11-22 13:00:00,0,2060.94,0,307.95,12755.25,5756.61,7224.46,0,0,1854.36,12911.05,211.94,0,14204.24,1619.9,3984.86,73758.88,0,18090.26,0,0,86502.18,0,0,0,2804.84,2492.44,0,25568.79,27239.0,70.69,2117.59,17471.99,0,0,0,0
2006-11-22 14:00:00,0,1955.57,0,309.54,12550.74,5666.32,7292.89,0,0,1833.66,12808.0,210.92,0,14131.04,1583.07,3897.65,72814.65,0,17856.5,0,0,85633.16,0,0,0,2785.93,2485.75,0,24482.67,26993.96,68.91,2134.18,17005.54,0,0,0,0
2006-11-22 15:00:00,0,1887.61,0,298.76,12425.64,5494.5,7339.33,0,0,1809.0,12756.45,208.27,0,14117.08,1586.64,3823.09,71929.27,0,17820.09,0,0,85477.84,0,0,0,2763.98,2484.84,0,24158.85,26650.51,67.29,2143.56,16648.89,0,0,0,0
2006-11-22 16:00:00,0,1863.94,0,291.27,12475.0,5439.45,7429.99,0,0,1819.51,12747.28,212.52,0,14412.44,1567.61,3811.9,71504.0,0,18151.34,0,0,86419.71,0,0,0,2766.74,2508.48,0,23945.85,26470.41,65.88,2171.28,16461.83,0,0,0,0
2006-11-22 17:00:00,0,1913.76,0,290.04,12606.06,5379.79,7445.29,0,0,1825.9,12882.2,216.88,0,14941.77,1565.42,3915.48,72637.33,0,19157.35,0,0,89311.23,0,0,0,2786.96,2527.54,0,23951.24,26447.23,65.33,2168.89,16622.11,0,0,0,0
2006-11-22 18:00:00,0,2041.84,0,297.48,12706.64,5625.06,7564.67,0,0,1923.67,13199.59,226.92,0,15389.45,1604.9,4062.81,73348.07,0,19588.21,0,0,91281.02,0,0,0,2868.45,2628.47,0,24681.96,26445.73,66.2,2262.49,17629.72,0,0,0,0
2006-11-22 19:00:00,0,2176.0,0,292.7,11236.24,6133.63,6103.09,0,0,1918.09,12737.67,216.32,0,14984.3,1504.26,4038.3,74671.97,0,19269.61,0,0,91239.2,0,0,0,2731.07,2570.04,0,24972.51,26484.04,68.51,2252.31,17642.16,0,0,0,0
2006-11-22 20:00:00,0,2312.79,0,289.51,11260.73,5985.03,5850.01,0,0,1818.79,12089.84,211.48,0,14335.71,1436.91,4004.14,74392.48,0,18776.58,0,0,88398.48,0,0,0,2709.16,2524.89,0,25292.49,26938.83,66.37,2141.77,18183.89,0,0,0,0
2006-11-22 21:00:00,0,2423.52,0,281.72,10786.39,5878.35,5587.7,0,0,1721.0,11462.99,207.22,0,13728.04,1405.55,3955.54,73880.7,0,18219.14,0,0,85659.74,0,0,0,2656.1,2375.97,0,25161.83,27129.45,64.86,2117.52,17987.77,0,0,0,0
2006-11-22 22:00:00,0,2351.33,0,266.43,10137.56,5514.08,5409.47,0,0,1636.06,10808.6,190.51,0,13088.54,1334.08,3906.08,71645.46,0,17376.69,0,0,82984.62,0,0,0,2509.75,2265.62,0,24166.03,26819.92,63.86,2041.26,17741.83,0,0,0,0
2006-11-22 23:00:00,0,2272.01,0,252.27,9476.37,5117.19,5247.31,0,0,1521.51,9997.68,175.23,0,12368.36,1262.18,3845.66,69295.26,0,16413.29,0,0,80338.01,0,0,0,2382.99,2155.04,0,23186.1,25955.69,62.78,1951.49,17424.53,0,0,0,0
2006-11-23 00:00:00,0,2175.77,0,239.27,9006.23,4790.4,5088.82,0,0,1413.16,9330.0,158.99,0,11644.85,1189.73,3775.23,66714.59,0,15492.16,0,0,77824.64,0,0,0,2304.25,2076.11,0,22375.41,25009.21,62.26,1846.07,16792.75,0,0,0,0
2006-11-23 01:00:00,0,2080.67,0,226.26,8667.58,4479.94,4871.5,0,0,1333.95,8834.04,146.22,0,10980.71,1158.81,3720.09,64167.38,0,14694.27,0,0,75413.03,0,0,0,2240.32,2022.16,0,21726.72,24099.74,61.88,1760.21,16473.76,0,0,0,0
2006-11-23 02:00:00,0,2022.3,0,221.66,8468.16,4175.91,4676.82,0,0,1292.24,8419.28,147.61,0,10590.11,1125.48,3668.74,62077.76,0,14025.17,0,0,73488.27,0,0,0,2191.79,2001.89,0,21427.93,23232.87,61.42,1665.35,16297.75,0,0,0,0
2006-11-23 03:00:00,0,2007.1,0,224.26,8406.84,4061.22,4574.37,0,0,1302.48,8246.88,146.43,0,10575.68,1110.45,3658.62,60838.18,0,13594.11,0,0,72260.64,0,0,0,2177.11,2036.51,0,21753.64,22770.82,61.32,1582.84,16293.28,0,0,0,0
2006-11-23 04:00:00,0,2048.0,0,227.79,8425.76,4174.53,4749.5,0,0,1354.52,8495.72,150.22,0,10683.29,1115.97,3731.18,61071.42,0,13618.79,0,0,72587.8,0,0,0,2202.28,2082.29,0,22558.71,22820.9,61.6,1623.98,16471.31,0,0,0,0
2006-11-23 05:00:00,0,2127.52,0,235.13,8868.01,4465.54,4992.57,0,0,1401.01,8864.63,153.39,0,10838.48,1143.97,3810.02,62187.61,0,13910.51,0,0,73695.39,0,0,0,2276.31,2165.67,0,23295.81,23009.02,61.89,1713.88,16746.82,0,0,0,0
2006-11-23 06:00:00,0,2213.61,0,239.59,9299.09,4852.68,5232.6,0,0,1451.2,9269.63,158.07,0,11099.5,1178.15,3887.44,63519.15,0,14221.83,0,0,74974.91,0,0,0,2356.8,2262.19,0,23964.74,23557.93,62.23,1783.13,16980.84,0,0,0,0
2006-11-23 07:00:00,0,2300.42,0,244.42,9724.74,5165.88,5469.01,0,0,1500.07,9660.94,162.45,0,11385.64,1220.67,3971.16,64826.75,0,14578.43,0,0,76473.22,0,0,0,2428.35,2350.59,0,24514.8,24171.58,63.34,1852.03,17188.31,0,0,0,0
2006-11-23 08:00:00,0,2383.34,0,257.73,10361.95,5620.79,5755.42,0,0,1642.07,10830.65,168.21,0,12381.3,1337.53,4081.58,66256.9,0,15280.27,0,0,78985.52,0,0,0,2548.69,2406.91,0,25667.16,24881.26,64.67,2013.52,17823.16,0,0,0,0
2006-11-23 09:00:00,0,2486.49,0,254.17,10569.12,5574.07,6034.52,0,0,1625.55,11216.05,161.83,0,13068.92,1268.48,4032.04,69691.9,0,15950.63,0,0,81659.04,0,0,0,2622.92,2508.82,0,25885.49,25764.41,66.8,1991.5,18340.14,0,0,0,0
2006-11-23 10:00:00,0,2365.72,0,254.57,10524.88,5428.89,6205.33,0,0,1642.55,11634.56,162.61,0,13341.8,1284.24,3824.96,69753.71,0,16644.05,0,0,81638.5,0,0,0,2639.75,2527.02,0,24548.48,25722.72,66.57,2025.2,17957.05,0,0,0,0
2006-11-23 11:00:00,0,2218.22,0,260.75,10346.55,5632.53,6324.64,0,0,1672.56,12130.02,167.97,0,13490.8,1319.6,3638.99,69968.07,0,17173.25,0,0,81652.4,0,0,0,2655.47,2501.07,0,23650.14,25670.06,65.68,2099.89,17313.2,0,0,0,0
2006-11-23 12:00:00,0,2068.12,0,265.66,10210.22,5654.64,6331.79,0,0,1707.63,12536.98,172.02,0,13584.92,1329.07,3505.98,70251.95,0,17396.24,0,0,81435.63,0,0,0,2603.66,2424.0,0,22984.62,25529.17,64.52,2113.04,16654.02,0,0,0,0
2006-11-23 13:00:00,0,1943.1,0,266.81,10080.42,5542.86,6335.78,0,0,1719.25,12761.87,173.8,0,13646.57,1335.24,3418.37,70314.19,0,17593.13,0,0,81072.4,0,0,0,2524.33,2355.24,0,22429.92,25463.24,63.48,2083.25,16022.86,0,0,0,0
2006-11-23 14:00:00,0,1838.12,0,263.43,9926.24,5410.46,6322.0,0,0,1722.04,12744.94,174.8,0,13724.27,1316.89,3391.11,70285.77,0,17745.16,0,0,80725.75,0,0,0,2440.05,2265.57,0,22071.62,25476.74,62.35,2063.66,15461.85,0,0,0,0
2006-11-23 15:00:00,0,1767.96,0,256.96,9643.5,5290.15,6242.67,0,0,1706.18,12566.41,175.36,0,13965.71,1266.36,3353.64,70051.43,0,17857.74,0,0,80356.39,0,0,0,2384.06,2208.51,0,21583.12,25460.53,61.1,2041.78,14942.4,0,0,0,0
2006-11-23 16:00:00,0,1719.09,0,246.83,9385.58,5172.16,6146.83,0,0,1685.39,12449.68,175.83,0,14218.85,1199.36,3311.58,69550.5,0,17887.67,0,0,80118.65,0,0,0,2385.47,2206.77,0,21133.68,25403.92,58.95,2008.16,14325.41,0,0,0,0
2006-11-23 17:00:00,0,1709.65,0,240.93,9408.76,5047.1,6086.69,0,0,1676.97,12212.56,174.38,0,14536.98,1141.78,3258.12,68711.74,0,18143.69,0,0,80990.72,0,0,0,2461.59,2247.5,0,20288.98,24940.63,56.02,1991.15,14129.27,0,0,0,0
2006-11-23 18:00:00,0,1756.28,0,241.81,9539.45,5068.6,6060.68,0,0,1700.48,12047.28,174.01,0,14843.86,1193.13,3273.73,68083.53,0,18487.46,0,0,81957.34,0,0,0,2512.84,2292.95,0,20474.15,24297.7,53.7,2019.59,14790.49,0,0,0,0
2006-11-23 19:00:00,0,2164.64,0,316.4,12176.6,6211.35,7146.81,0,0,2022.04,14087.13,227.26,0,16031.58,1539.64,4097.58,75600.98,0,20158.32,0,0,93721.23,0,0,0,2766.05,2637.06,0,25303.01,28139.83,70.59,2473.67,17428.41,0,0,0,0
2006-11-23 20:00:00,0,2264.39,0,310.45,12138.72,5973.23,6836.43,0,0,1922.89,13265.21,223.17,0,15277.93,1497.88,3993.62,75359.48,0,19499.46,0,0,90759.68,0,0,0,2788.72,2571.16,0,25688.47,28607.97,68.79,2351.22,18031.29,0,0,0,0
2006-11-23 21:00:00,0,2314.82,0,294.06,11676.17,5700.05,6534.21,0,0,1816.99,12465.37,217.84,0,14518.31,1436.65,3892.5,74016.92,0,18833.18,0,0,87845.25,0,0,0,2703.9,2499.48,0,25297.77,28464.45,67.06,2222.99,18265.14,0,0,0,0
2006-11-23 22:00:00,0,2200.21,0,275.56,11079.73,5291.82,6245.2,0,0,1707.43,11516.02,204.3,0,13717.91,1377.29,3783.15,71816.4,0,17818.57,0,0,84836.94,0,0,0,2589.91,2406.19,0,24695.29,27825.83,65.15,2100.96,17645.84,0,0,0,0
2006-11-23 23:00:00,0,2101.01,0,256.99,10553.87,4899.9,5992.52,0,0,1590.7,10629.88,192.82,0,12888.06,1307.76,3664.49,69415.32,0,16701.35,0,0,81698.32,0,0,0,2464.72,2301.78,0,23920.59,26679.16,63.34,1979.11,16989.62,0,0,0,0
2006-11-24 00:00:00,0,2002.59,0,239.84,10083.6,4539.39,5754.74,0,0,1469.58,9770.99,179.81,0,12110.72,1238.74,3562.24,66950.71,0,15657.53,0,0,78839.24,0,0,0,2337.51,2214.81,0,23042.76,25522.59,61.73,1853.27,16321.09,0,0,0,0
2006-11-24 01:00:00,0,1906.79,0,224.65,9736.76,4211.83,5538.56,0,0,1384.22,8965.69,166.52,0,11443.26,1171.1,3477.42,64470.15,0,14754.97,0,0,76115.45,0,0,0,2249.53,2156.27,0,22275.84,24381.17,60.08,1720.64,15686.28,0,0,0,0
2006-11-24 02:00:00,0,1844.86,0,212.88,9581.86,4059.49,5469.57,0,0,1327.87,8429.89,155.13,0,11185.39,1119.35,3408.58,62001.62,0,14101.23,0,0,73698.54,0,0,0,2194.66,2215.36,0,21799.9,23404.42,58.66,1656.27,15509.35,0,0,0,0
2006-11-24 03:00:00,0,1851.7,0,215.73,9622.31,4092.94,5698.27,0,0,1361.43,8583.06,153.71,0,11374.4,1126.91,3399.78,61227.72,0,13953.28,0,0,73907.85,0,0,0,2244.98,2290.33,0,22121.5,22971.22,58.16,1698.7,15627.9,0,0,0,0
2006-11-24 04:00:00,0,1919.56,0,230.02,10075.48,4303.01,5948.39,0,0,1412.66,8921.9,159.86,0,11669.9,1165.1,3530.26,62672.68,0,14177.16,0,0,75508.44,0,0,0,2362.71,2364.1,0,22685.88,23026.89,59.04,1776.2,16046.86,0,0,0,0
2006-11-24 05:00:00,0,2000.2,0,244.12,10608.84,4507.23,6195.62,0,0,1462.23,9265.45,168.55,0,11923.84,1213.17,3695.16,64405.37,0,14452.72,0,0,77638.6,0,0,0,2464.97,2418.32,0,23365.77,23645.2,60.46,1851.4,16488.5,0,0,0,0
2006-11-24 06:00:00,0,2077.85,0,256.71,11131.6,4688.76,6439.94,0,0,1509.06,9629.66,175.89,0,12189.92,1261.6,3851.39,66168.48,0,14479.63,0,0,79933.0,0,0,0,2566.06,2473.42,0,24136.08,24512.57,62.0,1911.68,16971.28,0,0,0,0
2006-11-24 07:00:00,0,2159.49,0,266.68,11642.82,4853.52,6673.06,0,0,1556.54,10064.1,183.12,0,12445.27,1306.73,3989.47,67915.32,0,14837.31,0,0,82053.74,0,0,0,2666.48,2526.49,0,24990.19,25426.34,63.53,1970.63,17472.89,0,0,0,0
2006-11-24 08:00:00,0,2240.2,0,295.73,12476.99,5169.98,6870.14,0,0,1677.36,11350.81,195.65,0,13800.51,1408.11,4206.96,69989.52,0,16840.49,0,0,88219.75,0,0,0,2861.73,2562.44,0,27101.76,26273.65,65.08,2084.42,18411.13,0,0,0,0
2006-11-24 09:00:00,0,2371.37,0,286.53,12318.54,5197.14,6576.12,0,0,1699.6,11884.84,185.2,0,13739.64,1321.36,4236.01,73821.59,0,17112.17,0,0,87216.73,0,0,0,2762.27,2472.99,0,26925.51,27781.0,66.68,2051.72,18726.89,0,0,0,0
2006-11-24 10:00:00,0,2281.61,0,279.91,11879.73,5207.08,6313.92,0,0,1730.13,12389.13,183.82,0,13583.95,1323.9,4089.11,73686.1,0,17147.58,0,0,84832.02,0,0,0,2661.38,2385.22,0,25114.09,28138.95,66.64,2080.55,17532.59,0,0,0,0
2006-11-24 11:00:00,0,2198.52,0,283.95,11367.58,5289.9,6101.56,0,0,1769.14,12862.07,185.7,0,13452.69,1337.94,3963.67,73147.22,0,17135.83,0,0,83059.69,0,0,0,2577.1,2310.13,0,24428.72,28171.07,66.68,2119.98,16902.2,0,0,0,0
2006-11-24 12:00:00,0,2118.92,0,287.98,11090.46,5358.9,5874.46,0,0,1804.56,13304.37,190.48,0,13311.38,1347.73,3885.14,72724.04,0,17071.61,0,0,81777.9,0,0,0,2493.4,2252.51,0,24072.2,28028.46,66.56,2158.69,16545.05,0,0,0,0
2006-11-24 13:00:00,0,2058.26,0,286.04,10897.18,5424.24,5724.6,0,0,1844.54,13557.13,194.72,0,13207.38,1363.29,3813.15,72211.71,0,17007.1,0,0,80861.09,0,0,0,2469.04,2237.37,0,23652.88,27931.32,66.94,2196.35,16321.26,0,0,0,0
2006-11-24 14:00:00,0,1993.27,0,284.89,10716.03,5437.91,5672.23,0,0,1881.93,13548.85,197.4,0,13266.4,1375.05,3748.82,71732.95,0,17025.5,0,0,80505.3,0,0,0,2452.35,2241.45,0,23080.6,27769.72,66.91,2225.48,16288.82,0,0,0,0
2006-11-24 15:00:00,0,1946.12,0,285.53,10645.03,5474.95,5650.97,0,0,1897.57,13590.43,199.12,0,13421.5,1371.33,3719.2,71415.14,0,17129.77,0,0,80529.53,0,0,0,2442.49,2236.81,0,22649.74,27668.21,67.14,2260.92,16148.54,0,0,0,0
2006-11-24 16:00:00,0,1937.31,0,288.49,10849.16,5612.25,5816.5,0,0,1896.02,13685.99,201.78,0,14034.53,1359.01,3740.87,71290.76,0,17624.94,0,0,81358.01,0,0,0,2442.98,2234.17,0,22850.01,27613.63,67.13,2311.36,16258.29,0,0,0,0
2006-11-24 17:00:00,0,1966.16,0,286.37,10953.35,5624.67,6146.18,0,0,1868.95,13769.6,203.81,0,14599.42,1317.97,3727.15,71798.38,0,18183.13,0,0,82659.32,0,0,0,2485.31,2246.46,0,22997.48,27426.13,66.32,2347.92,16048.25,0,0,0,0
2006-11-24 18:00:00,0,2073.76,0,287.9,11041.59,5563.52,6269.3,0,0,1859.71,13759.85,204.15,0,14988.8,1322.4,3739.16,72200.61,0,18596.89,0,0,83751.61,0,0,0,2539.07,2280.57,0,22912.56,27323.23,65.51,2328.84,16143.89,0,0,0,0
2006-11-24 19:00:00,0,2053.15,0,289.57,10931.18,5818.75,6485.49,0,0,1959.8,14104.09,216.45,0,15063.26,1483.56,3689.45,70554.26,0,18405.22,0,0,84965.24,0,0,0,2594.17,2584.96,0,23561.65,26170.86,61.44,2403.95,15606.59,0,0,0,0
2006-11-24 20:00:00,0,2138.78,0,286.45,10925.75,5564.97,6302.61,0,0,1837.61,13201.26,211.43,0,14302.98,1416.11,3588.93,70703.59,0,17884.37,0,0,82586.18,0,0,0,2628.66,2581.71,0,24041.44,26893.52,58.41,2252.85,15999.19,0,0,0,0
2006-11-24 21:00:00,0,2221.29,0,275.66,10678.36,5378.6,6148.68,0,0,1730.27,12356.21,208.14,0,13568.61,1365.34,3486.3,70032.63,0,17306.48,0,0,80066.27,0,0,0,2591.48,2555.08,0,23686.59,26707.25,56.45,2112.22,16084.5,0,0,0,0
2006-11-24 22:00:00,0,2168.42,0,260.09,10177.64,5049.24,6002.01,0,0,1631.86,11540.52,194.63,0,12808.08,1319.67,3378.37,68338.56,0,16525.19,0,0,77475.28,0,0,0,2487.17,2491.24,0,22789.5,26098.99,54.85,1975.74,15277.73,0,0,0,0
2006-11-24 23:00:00,0,2078.19,0,247.14,9776.0,4660.23,5818.67,0,0,1540.71,10791.89,180.73,0,12054.18,1244.51,3286.36,66260.0,0,15621.16,0,0,74758.55,0,0,0,2402.39,2430.73,0,21872.11,25376.03,53.4,1857.1,14524.14,0,0,0,0
2006-11-25 00:00:00,0,1988.3,0,237.12,9385.9,4271.32,5684.64,0,0,1449.1,10068.07,168.06,0,11286.7,1183.08,3162.28,63985.48,0,14786.11,0,0,71987.33,0,0,0,2343.1,2407.07,0,21023.97,24624.14,51.8,1746.51,13868.26,0,0,0,0
2006-11-25 01:00:00,0,1894.72,0,230.35,9053.85,3947.9,5621.04,0,0,1367.61,9496.62,158.56,0,10680.65,1138.77,3064.55,61769.6,0,13979.98,0,0,69851.92,0,0,0,2311.03,2413.79,0,20350.99,23940.43,50.02,1645.83,13231.07,0,0,0,0
2006-11-25 02:00:00,0,1818.15,0,224.13,8912.82,3738.47,5622.27,0,0,1292.34,9006.31,150.39,0,10589.27,1109.03,3001.14,60335.84,0,13319.58,0,0,68194.7,0,0,0,2328.65,2478.08,0,19860.96,23269.06,48.43,1573.88,13056.2,0,0,0,0
2006-11-25 03:00:00,0,1774.69,0,220.06,8824.63,3551.6,5653.46,0,0,1249.32,8743.38,144.41,0,10607.95,1085.17,2946.88,59142.59,0,12913.4,0,0,67473.04,0,0,0,2343.93,2513.2,0,19680.44,22636.39,47.54,1532.34,12923.53,0,0,0,0
2006-11-25 04:00:00,0,1771.69,0,220.9,8900.1,3592.68,5757.67,0,0,1236.92,8700.47,141.93,0,10697.83,1112.11,2930.67,58596.47,0,12817.3,0,0,68066.59,0,0,0,2359.64,2555.2,0,20001.18,22461.22,47.14,1521.4,12991.21,0,0,0,0
2006-11-25 05:00:00,0,1795.26,0,224.83,9185.09,3651.32,6022.09,0,0,1264.22,8796.49,146.41,0,10945.52,1149.53,2978.95,59130.53,0,12933.92,0,0,69041.1,0,0,0,2431.76,2637.09,0,20483.39,22644.27,47.76,1560.58,13254.59,0,0,0,0
2006-11-25 06:00:00,0,1858.71,0,231.54,9586.21,3768.78,6306.05,0,0,1304.52,9070.29,153.05,0,11207.91,1191.57,3072.23,59953.81,0,13164.67,0,0,70336.83,0,0,0,2533.31,2719.08,0,21026.03,23146.23,48.55,1600.38,13625.08,0,0,0,0
2006-11-25 07:00:00,0,1928.93,0,239.62,9981.42,3901.75,6579.68,0,0,1343.77,9458.37,161.54,0,11455.15,1229.2,3156.32,61165.25,0,13577.98,0,0,71658.24,0,0,0,2619.47,2786.78,0,21625.74,23645.34,49.63,1648.4,14045.79,0,0,0,0
2006-11-25 08:00:00,0,2007.18,0,255.53,10726.58,4282.84,6883.56,0,0,1461.04,10419.68,165.0,0,11865.34,1273.22,3259.89,62398.46,0,14379.19,0,0,74143.35,0,0,0,2698.73,2841.06,0,23005.78,24108.77,50.39,1788.62,14889.51,0,0,0,0
2006-11-25 09:00:00,0,2148.74,0,245.0,11055.06,4663.22,6558.92,0,0,1545.5,11311.35,160.84,0,12016.41,1207.86,3256.43,63939.77,0,14694.1,0,0,74130.44,0,0,0,2580.89,2716.28,0,23273.85,24866.53,51.02,1875.61,15057.98,0,0,0,0
2006-11-25 10:00:00,0,2149.12,0,248.58,10531.26,4989.04,6323.55,0,0,1620.46,12162.49,167.96,0,11982.35,1225.12,3201.09,64501.19,0,14744.41,0,0,73189.43,0,0,0,2434.65,2577.23,0,22135.02,25193.14,51.02,2001.47,14654.3,0,0,0,0
2006-11-25 11:00:00,0,2140.45,0,253.23,10144.11,5249.06,6090.32,0,0,1686.21,12902.45,176.62,0,11949.89,1245.31,3186.34,64489.5,0,14763.42,0,0,71912.05,0,0,0,2359.35,2480.28,0,21835.19,25362.09,51.25,2080.95,14407.61,0,0,0,0
2006-11-25 12:00:00,0,2118.8,0,257.89,9891.15,5368.5,5907.98,0,0,1770.66,13589.0,182.9,0,11893.6,1265.08,3175.97,64776.44,0,14745.06,0,0,71045.37,0,0,0,2299.06,2404.14,0,21906.8,25508.38,52.83,2139.44,14261.94,0,0,0,0
2006-11-25 13:00:00,0,2097.57,0,259.23,9718.19,5405.4,5738.4,0,0,1826.13,13971.14,186.91,0,11854.91,1271.17,3157.54,64926.13,0,14745.09,0,0,70552.37,0,0,0,2252.69,2361.27,0,21765.09,25599.01,54.78,2209.8,14181.58,0,0,0,0
2006-11-25 14:00:00,0,2069.26,0,258.44,9588.49,5464.2,5612.93,0,0,1849.94,14018.93,188.91,0,11822.65,1277.14,3152.53,65183.79,0,14926.07,0,0,70739.01,0,0,0,2228.01,2341.74,0,21651.42,25419.57,55.77,2292.19,14234.91,0,0,0,0
2006-11-25 15:00:00,0,2030.86,0,257.7,9499.48,5530.47,5566.45,0,0,1870.41,13927.69,191.29,0,12039.84,1273.69,3195.8,65468.65,0,15203.36,0,0,71811.96,0,0,0,2205.58,2345.32,0,21411.76,25177.23,55.37,2335.58,14378.09,0,0,0,0
2006-11-25 16:00:00,0,1987.64,0,256.04,9614.62,5503.78,5696.71,0,0,1877.23,13897.28,194.18,0,12989.56,1257.69,3262.34,65588.4,0,15839.17,0,0,73044.55,0,0,0,2220.71,2321.28,0,21329.74,24973.88,54.49,2329.47,14586.02,0,0,0,0
2006-11-25 17:00:00,0,1966.94,0,251.94,9533.27,5426.55,5747.13,0,0,1828.09,13826.03,196.54,0,13568.17,1241.35,3259.27,65876.36,0,16494.89,0,0,75359.24,0,0,0,2269.24,2326.49,0,20678.5,24784.08,53.34,2276.23,14313.12,0,0,0,0
2006-11-25 18:00:00,0,1978.57,0,255.75,9727.29,5330.89,5891.16,0,0,1798.16,13584.63,198.96,0,13989.22,1259.89,3272.69,66576.94,0,17035.57,0,0,77602.76,0,0,0,2336.21,2401.44,0,20750.15,24504.65,51.92,2216.01,14128.02,0,0,0,0
2006-11-25 19:00:00,0,2071.77,0,290.06,11037.76,5922.35,6444.73,0,0,1996.31,14396.33,213.8,0,14912.02,1453.27,3605.54,70138.93,0,18276.9,0,0,83943.64,0,0,0,2590.85,2605.32,0,23476.23,26532.94,61.18,2466.27,15597.11,0,0,0,0
2006-11-25 20:00:00,0,2147.44,0,288.95,11070.54,5673.55,6227.28,0,0,1873.68,13414.9,211.53,0,14113.83,1385.2,3478.53,69855.34,0,17854.92,0,0,81087.61,0,0,0,2626.65,2600.47,0,24015.66,27355.0,59.08,2310.61,15828.64,0,0,0,0
2006-11-25 21:00:00,0,2225.92,0,280.08,10859.27,5457.35,6049.15,0,0,1757.73,12505.6,207.06,0,13321.22,1318.98,3377.12,68919.67,0,17320.38,0,0,78324.6,0,0,0,2601.17,2569.59,0,23667.72,27090.72,57.47,2168.27,15874.9,0,0,0,0
2006-11-25 22:00:00,0,2172.93,0,264.28,10358.86,5111.76,5887.91,0,0,1650.43,11660.36,193.27,0,12538.37,1254.09,3285.05,67138.26,0,16491.3,0,0,75827.47,0,0,0,2498.24,2492.5,0,22839.94,26482.88,56.38,2036.43,15056.09,0,0,0,0
2006-11-25 23:00:00,0,2094.66,0,252.55,9948.02,4711.16,5726.31,0,0,1553.95,10937.6,178.69,0,11694.01,1185.23,3184.67,64748.56,0,15578.98,0,0,73222.73,0,0,0,2413.08,2414.96,0,21924.57,25792.69,55.32,1910.02,14258.98,0,0,0,0
2006-11-26 00:00:00,0,2012.44,0,243.21,9564.21,4356.84,5548.48,0,0,1466.43,10269.18,166.0,0,10901.49,1122.63,3056.76,62439.55,0,14697.72,0,0,70595.16,0,0,0,2354.69,2373.95,0,21067.82,25075.54,53.94,1788.29,13558.79,0,0,0,0
2006-11-26 01:00:00,0,1920.01,0,233.82,9215.33,3963.86,5400.71,0,0,1375.18,9672.04,153.43,0,10453.51,1067.01,2937.16,60072.78,0,13851.49,0,0,68463.67,0,0,0,2319.02,2352.59,0,20507.08,24364.88,52.44,1671.85,12953.79,0,0,0,0
2006-11-26 02:00:00,0,1830.26,0,225.34,9009.98,3699.03,5342.08,0,0,1299.54,9136.93,144.2,0,10409.1,1027.44,2866.52,58586.75,0,13175.77,0,0,67096.71,0,0,0,2326.75,2392.18,0,20196.3,23620.99,50.91,1568.9,12740.36,0,0,0,0
2006-11-26 03:00:00,0,1810.05,0,221.03,8967.78,3479.86,5404.03,0,0,1249.84,8849.87,136.46,0,10430.79,982.01,2807.35,57421.72,0,12928.12,0,0,66606.52,0,0,0,2365.4,2440.71,0,20340.0,22934.51,49.98,1509.68,12567.63,0,0,0,0
2006-11-26 04:00:00,0,1834.71,0,222.4,9108.31,3483.87,5605.54,0,0,1230.05,8739.5,133.25,0,10493.69,976.54,2786.94,57034.68,0,12941.39,0,0,67300.84,0,0,0,2413.88,2514.44,0,20772.45,22738.77,49.47,1487.12,12558.0,0,0,0,0
2006-11-26 05:00:00,0,1896.89,0,227.39,9450.55,3554.59,5919.38,0,0,1252.92,8812.3,136.6,0,10686.85,993.85,2830.73,57455.37,0,13118.54,0,0,68400.22,0,0,0,2491.39,2590.67,0,21366.64,22973.3,50.06,1501.8,12786.59,0,0,0,0
2006-11-26 06:00:00,0,1969.2,0,233.51,9904.93,3636.9,6233.69,0,0,1291.85,9072.1,142.63,0,10979.49,1017.61,2915.21,58343.51,0,13468.03,0,0,69813.92,0,0,0,2588.94,2661.67,0,21768.32,23384.69,50.91,1542.32,13247.98,0,0,0,0
2006-11-26 07:00:00,0,2038.06,0,241.0,10366.39,3747.32,6533.75,0,0,1331.47,9435.69,148.49,0,11265.09,1052.66,3012.31,59503.55,0,13852.5,0,0,71308.1,0,0,0,2676.18,2719.69,0,22231.98,23818.01,51.75,1591.62,13789.77,0,0,0,0
2006-11-26 08:00:00,0,2102.97,0,251.14,11167.91,4113.68,6784.01,0,0,1439.49,10384.05,153.78,0,11463.81,1117.24,3123.83,60889.05,0,14481.38,0,0,73905.36,0,0,0,2725.72,2720.44,0,23808.94,24294.68,52.72,1712.85,14638.4,0,0,0,0
2006-11-26 09:00:00,0,2238.67,0,243.75,11521.99,4589.91,6599.38,0,0,1542.49,11331.71,160.44,0,11433.04,1142.34,3162.39,62536.8,0,14312.8,0,0,73657.41,0,0,0,2582.53,2660.96,0,23661.78,25023.47,53.33,1852.67,14780.65,0,0,0,0
2006-11-26 10:00:00,0,2237.58,0,248.28,11014.94,5006.31,6212.75,0,0,1637.47,12229.26,168.67,0,11490.64,1196.23,3152.04,63402.61,0,14352.84,0,0,71765.06,0,0,0,2478.5,2555.52,0,22650.64,25397.43,52.96,1983.7,14433.27,0,0,0,0
2006-11-26 11:00:00,0,2197.58,0,254.28,10585.53,5309.42,6064.04,0,0,1725.81,13182.26,177.49,0,11535.44,1240.08,3175.98,64159.14,0,14427.98,0,0,71097.75,0,0,0,2411.21,2491.36,0,22355.57,25603.68,52.94,2102.57,14402.65,0,0,0,0
2006-11-26 12:00:00,0,2172.01,0,255.42,10177.65,5464.12,5904.42,0,0,1816.61,13903.25,184.3,0,11550.55,1261.0,3192.26,64776.71,0,14531.17,0,0,71024.79,0,0,0,2346.82,2434.61,0,22196.07,25653.37,53.67,2220.77,14323.95,0,0,0,0
2006-11-26 13:00:00,0,2142.75,0,259.44,9861.28,5578.21,5754.72,0,0,1887.4,14372.23,188.75,0,11593.39,1277.54,3182.11,65432.12,0,14692.93,0,0,71333.24,0,0,0,2303.31,2403.89,0,21981.74,25705.71,55.22,2337.74,14172.96,0,0,0,0
2006-11-26 14:00:00,0,2106.87,0,263.17,9668.11,5687.4,5698.91,0,0,1927.7,14497.88,193.17,0,11728.61,1282.48,3195.13,65974.4,0,14917.24,0,0,72158.64,0,0,0,2281.75,2384.81,0,21704.4,25693.56,56.9,2411.67,14208.42,0,0,0,0
2006-11-26 15:00:00,0,2067.02,0,264.36,9563.87,5714.99,5692.87,0,0,1934.32,14556.51,196.84,0,12005.94,1276.62,3241.84,66238.58,0,15095.98,0,0,73388.27,0,0,0,2274.66,2338.16,0,21289.7,25630.35,57.22,2430.2,14388.06,0,0,0,0
2006-11-26 16:00:00,0,2022.85,0,262.57,9672.1,5703.04,5763.11,0,0,1941.23,14496.46,201.1,0,12805.31,1255.37,3324.71,66227.74,0,15441.03,0,0,73961.38,0,0,0,2274.84,2340.01,0,21353.29,25651.41,56.6,2425.46,14586.67,0,0,0,0
2006-11-26 17:00:00,0,2010.34,0,258.8,9621.56,5595.51,5842.69,0,0,1910.43,14364.82,202.73,0,13394.14,1240.98,3328.75,66632.23,0,16031.71,0,0,75286.57,0,0,0,2319.82,2353.16,0,20883.45,25609.29,55.67,2368.68,14384.69,0,0,0,0
2006-11-26 18:00:00,0,2038.39,0,260.32,9761.85,5441.11,5988.04,0,0,1848.97,14046.48,203.31,0,13785.86,1245.62,3304.58,67184.61,0,16528.78,0,0,76758.43,0,0,0,2387.75,2396.57,0,20856.62,25487.57,54.73,2287.79,14105.32,0,0,0,0
2006-11-26 19:00:00,0,2136.76,0,310.94,12044.71,6366.4,6768.99,0,0,2176.12,15073.13,234.6,0,15164.71,1508.93,3939.89,74413.66,0,18988.91,0,0,87766.7,0,0,0,2724.74,2583.63,0,25151.15,28604.28,70.74,2646.25,16865.14,0,0,0,0
2006-11-26 20:00:00,0,2176.87,0,305.6,11953.26,6034.02,6477.56,0,0,2013.4,14127.16,224.18,0,14319.07,1423.71,3783.98,73862.94,0,18329.79,0,0,84187.0,0,0,0,2752.72,2527.93,0,25418.49,28939.57,67.41,2453.77,16944.77,0,0,0,0
2006-11-26 21:00:00,0,2216.46,0,296.54,11517.48,5741.05,6213.36,0,0,1879.78,13259.34,213.93,0,13484.23,1344.15,3635.65,72157.32,0,17669.25,0,0,81147.93,0,0,0,2659.02,2454.86,0,24723.4,28767.75,64.77,2279.28,16867.71,0,0,0,0
2006-11-26 22:00:00,0,2098.15,0,280.03,11002.47,5267.89,5954.07,0,0,1760.43,12402.45,196.38,0,12653.69,1261.77,3498.53,69887.3,0,16615.92,0,0,78299.11,0,0,0,2541.09,2361.99,0,23760.0,28097.59,62.58,2102.51,16054.53,0,0,0,0
2006-11-26 23:00:00,0,1969.25,0,263.57,10496.04,4777.13,5713.74,0,0,1640.8,11492.51,180.62,0,11837.88,1180.9,3366.63,67218.18,0,15509.71,0,0,75506.3,0,0,0,2424.43,2260.18,0,22677.59,26896.92,60.42,1944.7,15284.56,0,0,0,0
2006-11-27 00:00:00,0,1853.22,0,247.57,10075.44,4323.67,5488.06,0,0,1517.93,10648.59,165.43,0,11038.48,1100.85,3258.58,64547.61,0,14395.98,0,0,72774.85,0,0,0,2315.14,2188.5,0,21646.32,25733.44,58.36,1796.55,14530.55,0,0,0,0
2006-11-27 01:00:00,0,1741.11,0,234.4,9695.9,3903.02,5260.31,0,0,1395.04,9846.5,150.66,0,10594.22,1024.17,3158.83,61917.41,0,13399.95,0,0,70111.5,0,0,0,2228.91,2133.63,0,20815.05,24623.41,56.58,1649.18,13854.77,0,0,0,0
2006-11-27 02:00:00,0,1651.13,0,223.4,9545.96,3561.05,5174.61,0,0,1298.95,9103.7,139.09,0,10572.88,957.0,3064.11,59526.98,0,12826.46,0,0,68100.63,0,0,0,2175.4,2176.36,0,20354.47,23703.6,55.04,1527.11,13531.51,0,0,0,0
2006-11-27 03:00:00,0,1635.86,0,227.29,9644.93,3542.1,5384.54,0,0,1290.79,8934.57,136.2,0,10736.94,936.47,3024.65,59066.76,0,12776.57,0,0,68378.38,0,0,0,2236.26,2258.4,0,20765.72,23256.37,54.48,1521.74,13566.68,0,0,0,0
2006-11-27 04:00:00,0,1689.08,0,235.61,10132.82,3751.57,5682.73,0,0,1341.65,9264.91,142.45,0,11084.2,982.89,3131.73,60345.65,0,13247.13,0,0,70256.93,0,0,0,2338.41,2320.62,0,21608.19,23340.43,55.34,1577.13,13966.79,0,0,0,0
2006-11-27 05:00:00,0,1769.41,0,243.72,10699.29,3949.69,5998.24,0,0,1391.87,9578.94,149.23,0,11419.55,1032.86,3270.43,62097.13,0,13798.68,0,0,72508.05,0,0,0,2440.71,2382.47,0,22535.11,24073.67,56.96,1644.43,14553.77,0,0,0,0
2006-11-27 06:00:00,0,1846.82,0,249.59,11235.34,4145.56,6297.36,0,0,1441.41,9901.32,154.93,0,11745.18,1080.11,3422.32,63690.01,0,14368.81,0,0,74764.14,0,0,0,2539.41,2447.29,0,23418.21,24977.82,58.46,1715.63,15070.68,0,0,0,0
2006-11-27 07:00:00,0,1923.32,0,254.74,11757.21,4346.26,6569.3,0,0,1490.67,10235.42,160.37,0,12132.36,1124.59,3589.32,65176.85,0,14934.31,0,0,77064.21,0,0,0,2626.73,2497.72,0,24295.95,25810.83,60.1,1767.43,15558.08,0,0,0,0
2006-11-27 08:00:00,0,1998.31,0,274.65,12584.89,4724.47,6914.19,0,0,1643.23,11341.99,170.72,0,13235.35,1218.2,3810.38,66839.31,0,16312.65,0,0,82053.57,0,0,0,2780.89,2533.22,0,26139.73,26607.54,61.88,1879.48,16427.46,0,0,0,0
2006-11-27 09:00:00,0,2107.01,0,268.0,12620.58,5025.31,6666.84,0,0,1763.8,12429.31,180.28,0,13354.75,1261.98,3886.1,70238.64,0,16532.47,0,0,82036.23,0,0,0,2661.43,2440.69,0,25865.49,27869.98,63.76,1984.78,16997.86,0,0,0,0
2006-11-27 10:00:00,0,2060.4,0,276.43,12105.44,5278.83,6299.91,0,0,1886.28,13257.23,189.66,0,13428.78,1304.41,3842.53,71926.19,0,16687.83,0,0,82230.55,0,0,0,2588.79,2347.5,0,24448.04,28511.08,64.2,2102.82,16576.78,0,0,0,0
2006-11-27 11:00:00,0,2014.55,0,288.81,11720.92,5533.23,6183.35,0,0,1977.96,13946.75,198.16,0,13521.87,1345.72,3821.78,73223.96,0,16819.15,0,0,83167.18,0,0,0,2530.84,2296.86,0,24103.2,28785.8,65.08,2238.96,16406.99,0,0,0,0
2006-11-27 12:00:00,0,2000.54,0,303.03,11374.49,5794.78,6081.94,0,0,2036.82,14522.87,205.71,0,13547.98,1380.49,3795.22,74335.59,0,16823.32,0,0,83766.29,0,0,0,2520.02,2273.36,0,23828.43,28725.43,66.83,2390.8,16259.31,0,0,0,0
2006-11-27 13:00:00,0,1978.39,0,320.08,11117.35,5990.37,6054.42,0,0,2097.42,15069.02,220.05,0,13597.51,1411.08,3779.88,74938.55,0,17012.16,0,0,84349.95,0,0,0,2513.22,2269.36,0,23528.63,28578.41,69.14,2502.91,16254.93,0,0,0,0
2006-11-27 14:00:00,0,1971.1,0,334.68,10867.52,6139.07,6021.5,0,0,2139.98,15428.73,227.35,0,13657.4,1441.41,3772.06,75231.06,0,17057.34,0,0,85054.14,0,0,0,2531.02,2302.11,0,23145.46,28598.25,71.57,2577.81,16262.83,0,0,0,0
2006-11-27 15:00:00,0,1988.19,0,338.89,10816.49,6292.34,6066.66,0,0,2172.76,15761.71,237.08,0,13732.88,1460.84,3763.07,75398.73,0,17077.42,0,0,86080.57,0,0,0,2565.14,2357.31,0,23457.23,28641.8,72.59,2626.01,16260.47,0,0,0,0
2006-11-27 16:00:00,0,2022.45,0,340.13,10995.09,6368.85,6148.51,0,0,2187.84,15819.78,238.73,0,14129.6,1476.68,3766.14,75502.75,0,17151.13,0,0,86138.96,0,0,0,2581.91,2394.0,0,23766.2,28616.02,72.19,2683.09,16464.99,0,0,0,0
2006-11-27 17:00:00,0,2059.07,0,328.8,10914.03,6307.15,6060.8,0,0,2172.42,15608.57,235.46,0,14572.53,1458.87,3748.08,75241.51,0,17538.09,0,0,85151.72,0,0,0,2561.6,2387.04,0,23694.13,28414.98,70.11,2647.51,16152.31,0,0,0,0
2006-11-27 18:00:00,0,2122.6,0,314.06,11105.68,6080.52,6168.24,0,0,2129.68,15314.19,229.94,0,14875.78,1447.35,3744.25,74889.01,0,17967.42,0,0,85624.93,0,0,0,2572.84,2371.74,0,23671.93,28265.67,68.67,2525.45,16161.2,0,0,0,0
2006-11-27 19:00:00,0,2106.84,0,343.53,11980.24,6566.24,6561.61,0,0,2271.25,15682.12,252.66,0,14844.48,1573.97,3922.14,75193.37,0,18680.98,0,0,87357.96,0,0,0,2663.45,2511.43,0,25248.3,28566.22,71.73,2725.5,16978.12,0,0,0,0
2006-11-27 20:00:00,0,2148.66,0,330.0,11822.15,6214.21,6166.89,0,0,2096.61,14730.47,242.41,0,13945.73,1471.4,3771.93,74358.14,0,18108.44,0,0,83490.58,0,0,0,2652.14,2464.41,0,25290.39,28861.88,68.12,2535.21,17103.25,0,0,0,0
2006-11-27 21:00:00,0,2195.87,0,321.04,11297.06,5906.52,5857.9,0,0,1947.4,13860.97,230.73,0,13136.11,1377.26,3635.19,72590.77,0,17468.56,0,0,80121.5,0,0,0,2535.45,2382.47,0,24761.24,28753.03,64.89,2357.56,16962.67,0,0,0,0
2006-11-27 22:00:00,0,2086.74,0,290.19,10587.96,5405.73,5546.02,0,0,1819.16,12905.01,209.75,0,12384.78,1295.61,3500.01,70411.92,0,16423.98,0,0,77114.98,0,0,0,2405.77,2279.06,0,23592.53,28111.46,62.38,2188.36,16089.63,0,0,0,0
2006-11-27 23:00:00,0,1954.99,0,266.37,10020.33,4904.65,5245.65,0,0,1692.51,11939.1,190.97,0,11644.14,1212.7,3361.9,67717.4,0,15380.87,0,0,74265.16,0,0,0,2278.15,2170.05,0,22349.75,26807.72,60.18,2010.3,15318.62,0,0,0,0
2006-11-28 00:00:00,0,1845.77,0,242.18,9485.21,4420.17,4970.42,0,0,1568.93,11062.76,173.24,0,10909.87,1127.67,3254.22,65090.08,0,14311.59,0,0,71669.86,0,0,0,2152.27,2076.07,0,21112.42,25664.77,58.52,1837.25,14584.54,0,0,0,0
2006-11-28 01:00:00,0,1727.18,0,220.3,9064.27,3992.99,4701.42,0,0,1451.38,10253.69,155.19,0,10503.91,1041.53,3156.13,62429.93,0,13323.33,0,0,69240.25,0,0,0,2041.7,1998.55,0,19944.04,24511.15,56.92,1687.48,13874.56,0,0,0,0
2006-11-28 02:00:00,0,1631.03,0,204.21,8811.74,3649.29,4544.83,0,0,1355.14,9570.18,142.94,0,10505.08,969.11,3058.89,59927.58,0,12752.04,0,0,67387.98,0,0,0,1979.89,2003.04,0,19262.7,23688.48,56.1,1558.01,13514.36,0,0,0,0
2006-11-28 03:00:00,0,1605.53,0,201.64,8930.27,3616.57,4732.6,0,0,1344.84,9325.48,142.71,0,10763.46,965.79,3026.27,59124.72,0,12695.45,0,0,67758.01,0,0,0,1987.64,2056.65,0,19280.97,23211.41,55.09,1547.23,13531.48,0,0,0,0
2006-11-28 04:00:00,0,1641.99,0,209.02,9400.33,3815.13,5011.73,0,0,1389.56,9592.81,148.98,0,11254.34,1006.4,3148.39,60212.86,0,13194.6,0,0,69717.82,0,0,0,2066.71,2113.91,0,19867.74,22952.52,55.34,1593.61,13977.65,0,0,0,0
2006-11-28 05:00:00,0,1711.28,0,215.89,9954.35,4013.46,5273.33,0,0,1442.33,9972.61,155.66,0,11717.62,1049.89,3296.25,61898.8,0,13716.15,0,0,71929.36,0,0,0,2147.82,2168.87,0,20452.64,23484.06,56.56,1668.0,14446.79,0,0,0,0
2006-11-28 06:00:00,0,1785.28,0,222.58,10496.48,4221.56,5504.09,0,0,1499.18,10339.95,161.76,0,12148.17,1095.63,3445.56,63474.4,0,14265.42,0,0,74063.82,0,0,0,2234.91,2222.05,0,20964.97,24301.56,58.06,1739.22,14929.92,0,0,0,0
2006-11-28 07:00:00,0,1846.95,0,229.29,10973.67,4435.71,5736.83,0,0,1553.13,10770.61,168.14,0,12578.16,1136.12,3599.19,64949.69,0,14847.63,0,0,76413.48,0,0,0,2319.87,2274.04,0,21453.85,25055.55,59.66,1801.27,15257.93,0,0,0,0
2006-11-28 08:00:00,0,1907.23,0,260.49,11666.7,4767.91,6054.44,0,0,1697.85,11726.53,177.28,0,13911.47,1224.49,3775.79,66623.09,0,16428.58,0,0,81548.01,0,0,0,2462.8,2303.99,0,22278.29,25768.2,61.08,1921.41,15720.24,0,0,0,0
2006-11-28 09:00:00,0,2042.49,0,273.43,11717.45,5136.47,6081.45,0,0,1854.43,12919.74,189.24,0,14580.05,1314.11,3861.48,70068.58,0,16576.2,0,0,81844.6,0,0,0,2466.43,2258.77,0,22592.6,27114.69,63.65,2077.47,16227.66,0,0,0,0
2006-11-28 10:00:00,0,2102.91,0,283.06,11458.74,5499.23,5856.91,0,0,1985.02,13844.25,200.96,0,14879.98,1374.86,3857.03,71669.43,0,16858.27,0,0,82087.41,0,0,0,2471.27,2240.18,0,22813.27,28068.2,66.0,2222.8,16337.53,0,0,0,0
2006-11-28 11:00:00,0,2119.38,0,296.78,11360.68,5796.17,5842.27,0,0,2069.6,14490.6,208.49,0,15029.72,1408.47,3853.93,72673.91,0,17097.96,0,0,83271.39,0,0,0,2512.66,2253.25,0,23124.39,28504.23,68.03,2366.35,16341.51,0,0,0,0
2006-11-28 12:00:00,0,2135.68,0,315.54,11305.51,6127.1,5979.91,0,0,2140.87,15095.63,222.67,0,15107.18,1444.23,3861.95,73549.4,0,17303.02,0,0,84060.79,0,0,0,2593.78,2327.07,0,23459.8,28860.0,69.8,2536.71,16416.98,0,0,0,0
2006-11-28 13:00:00,0,2152.82,0,330.61,11309.58,6308.36,6130.72,0,0,2213.53,15618.85,234.05,0,15168.71,1479.25,3894.54,74389.63,0,17522.94,0,0,84650.15,0,0,0,2645.5,2397.7,0,23846.64,29132.74,72.11,2637.63,16536.71,0,0,0,0
2006-11-28 14:00:00,0,2156.26,0,334.72,11349.83,6522.03,6312.32,0,0,2260.72,16140.45,240.3,0,15260.08,1501.04,3911.5,75280.4,0,17806.57,0,0,85199.05,0,0,0,2692.86,2455.62,0,24145.38,29149.89,74.21,2718.91,16673.56,0,0,0,0
2006-11-28 15:00:00,0,2169.05,0,346.06,11289.97,6727.17,6460.33,0,0,2304.32,16556.9,249.71,0,15437.76,1517.95,3878.89,75681.6,0,17952.44,0,0,85862.05,0,0,0,2725.6,2499.44,0,24426.82,29029.29,75.15,2786.68,16755.49,0,0,0,0
2006-11-28 16:00:00,0,2159.17,0,349.0,11227.1,6786.52,6450.85,0,0,2308.8,16570.16,256.96,0,15618.51,1540.65,3862.66,75814.78,0,18133.98,0,0,86584.33,0,0,0,2738.37,2527.5,0,24570.89,28801.71,73.57,2810.5,16827.29,0,0,0,0
2006-11-28 17:00:00,0,2159.91,0,332.87,11124.72,6678.42,6219.66,0,0,2286.76,16317.87,253.08,0,15871.25,1519.65,3854.09,75528.67,0,18449.97,0,0,87161.29,0,0,0,2703.22,2491.11,0,24575.36,28584.25,73.11,2754.52,16788.32,0,0,0,0
2006-11-28 18:00:00,0,2199.66,0,324.68,11208.46,6380.24,6192.37,0,0,2238.7,15851.17,239.72,0,16090.95,1490.54,3872.91,75230.27,0,18788.05,0,0,88020.43,0,0,0,2693.35,2484.39,0,24588.13,28247.91,72.47,2644.4,16807.06,0,0,0,0
2006-11-28 19:00:00,0,2178.56,0,347.09,12124.09,6886.94,6695.47,0,0,2362.62,16217.55,262.85,0,16101.31,1629.04,3923.25,76925.45,0,19477.56,0,0,88538.5,0,0,0,2753.04,2555.11,0,25445.22,28518.87,73.14,2823.11,17156.47,0,0,0,0
2006-11-28 20:00:00,0,2208.08,0,335.69,11933.74,6476.68,6217.58,0,0,2200.37,15222.12,251.19,0,15188.33,1513.8,3770.88,75928.7,0,18767.82,0,0,85291.83,0,0,0,2700.69,2452.39,0,25211.05,28823.02,69.72,2638.98,17175.39,0,0,0,0
2006-11-28 21:00:00,0,2235.72,0,312.86,11332.83,6142.32,5810.86,0,0,2046.67,14311.96,237.62,0,14306.6,1403.13,3634.8,74205.03,0,18038.5,0,0,82523.52,0,0,0,2567.02,2347.81,0,24420.81,28500.72,66.59,2454.52,16710.15,0,0,0,0
2006-11-28 22:00:00,0,2099.17,0,290.84,10548.03,5649.44,5464.61,0,0,1907.03,13365.55,217.67,0,13426.15,1317.48,3486.89,71979.33,0,16895.74,0,0,79703.26,0,0,0,2414.22,2240.25,0,23135.48,27800.74,63.63,2279.45,15832.44,0,0,0,0
2006-11-28 23:00:00,0,1968.56,0,273.6,9843.16,5159.26,5125.4,0,0,1771.73,12391.81,199.23,0,12555.85,1240.84,3310.68,69356.16,0,15769.23,0,0,76828.48,0,0,0,2275.86,2111.09,0,22001.21,26656.21,61.29,2131.49,14853.96,0,0,0,0
2006-11-29 00:00:00,0,1844.31,0,252.4,9221.39,4650.83,4804.03,0,0,1637.3,11438.27,180.76,0,11758.33,1163.44,3191.13,66766.3,0,14766.7,0,0,74283.51,0,0,0,2138.43,1992.5,0,20839.06,25568.27,59.65,1967.67,14039.34,0,0,0,0
2006-11-29 01:00:00,0,1734.66,0,231.93,8720.12,4174.77,4508.57,0,0,1504.67,10520.13,162.97,0,11297.78,1079.8,3089.02,64052.75,0,13892.58,0,0,71821.49,0,0,0,2021.45,1907.29,0,19713.71,24536.77,57.85,1797.4,13285.6,0,0,0,0
2006-11-29 02:00:00,0,1655.26,0,214.44,8472.43,3800.28,4322.82,0,0,1393.28,9744.09,152.23,0,11136.7,1012.04,2976.7,61644.85,0,13247.38,0,0,69557.51,0,0,0,1957.73,1884.59,0,19013.33,23881.28,56.58,1667.49,12877.15,0,0,0,0
2006-11-29 03:00:00,0,1606.87,0,209.79,8524.91,3764.58,4449.68,0,0,1372.09,9393.4,148.54,0,11438.24,990.37,2931.96,59685.64,0,13282.32,0,0,69468.95,0,0,0,1946.44,1933.53,0,18892.05,23495.92,55.78,1622.97,12767.18,0,0,0,0
2006-11-29 04:00:00,0,1631.57,0,220.43,8854.39,3951.28,4681.8,0,0,1418.67,9691.21,152.82,0,11743.32,1031.13,3018.62,60555.71,0,13723.9,0,0,71532.35,0,0,0,2020.13,1980.37,0,19419.74,23403.67,55.5,1669.22,12943.18,0,0,0,0
2006-11-29 05:00:00,0,1688.3,0,228.75,9341.82,4168.43,4915.24,0,0,1473.47,10038.63,158.62,0,12062.41,1077.17,3135.27,62218.19,0,14181.79,0,0,73605.82,0,0,0,2095.92,2028.25,0,19942.79,24230.12,56.68,1741.29,13337.67,0,0,0,0
2006-11-29 06:00:00,0,1758.67,0,237.39,9815.4,4398.75,5145.44,0,0,1533.22,10406.84,165.65,0,12385.54,1125.06,3248.23,63737.32,0,14745.41,0,0,75718.93,0,0,0,2173.29,2074.47,0,20463.01,25225.7,58.04,1817.27,13758.01,0,0,0,0
2006-11-29 07:00:00,0,1842.18,0,246.77,10258.26,4631.64,5353.75,0,0,1602.44,10857.88,172.96,0,12709.34,1173.08,3363.37,65435.09,0,15263.38,0,0,77751.06,0,0,0,2254.72,2103.84,0,20923.75,26173.58,59.27,1895.53,14152.74,0,0,0,0
2006-11-29 08:00:00,0,1928.15,0,263.2,10819.45,4943.63,5703.4,0,0,1768.97,11936.57,183.96,0,13272.14,1278.85,3501.34,66970.84,0,16355.28,0,0,81331.49,0,0,0,2396.29,2135.45,0,21599.93,27091.26,61.04,2031.29,14605.52,0,0,0,0
2006-11-29 09:00:00,0,2054.45,0,282.32,11106.07,5295.53,5832.94,0,0,1912.8,13285.44,196.01,0,14043.94,1356.51,3732.61,69790.66,0,17061.81,0,0,84258.43,0,0,0,2451.13,2136.23,0,22177.87,28482.66,63.12,2174.7,15366.95,0,0,0,0
2006-11-29 10:00:00,0,2158.24,0,292.1,11123.42,5610.76,5798.42,0,0,2026.76,14115.11,205.13,0,14227.92,1399.75,3826.59,71918.16,0,17309.54,0,0,84869.4,0,0,0,2481.76,2170.13,0,22699.03,29485.17,66.44,2284.06,15856.39,0,0,0,0
2006-11-29 11:00:00,0,2247.26,0,307.66,11054.73,5948.11,5929.9,0,0,2112.9,14803.12,221.44,0,14292.27,1434.22,3882.04,73272.42,0,17542.18,0,0,85565.12,0,0,0,2571.41,2260.9,0,23345.24,30110.88,68.94,2395.31,16173.19,0,0,0,0
2006-11-29 12:00:00,0,2303.41,0,317.69,11070.24,6289.26,6106.26,0,0,2196.44,15480.04,235.63,0,14318.09,1471.16,3926.21,74049.59,0,17665.76,0,0,86337.08,0,0,0,2629.33,2362.44,0,23928.68,30339.85,71.08,2571.89,16564.08,0,0,0,0
2006-11-29 13:00:00,0,2357.08,0,320.74,11187.7,6526.82,6243.81,0,0,2269.65,16153.28,247.04,0,14353.95,1504.57,3994.37,74873.19,0,17692.13,0,0,87218.71,0,0,0,2665.64,2437.63,0,24435.7,30470.68,72.13,2720.53,16943.71,0,0,0,0
2006-11-29 14:00:00,0,2438.83,0,330.91,11357.24,6708.18,6403.39,0,0,2331.1,16657.26,256.82,0,14388.34,1518.36,4065.77,75407.18,0,17447.78,0,0,88038.82,0,0,0,2691.33,2496.23,0,24938.64,30611.8,72.18,2813.87,17269.51,0,0,0,0
2006-11-29 15:00:00,0,2551.02,0,331.93,11524.06,6820.75,6563.76,0,0,2354.17,16876.72,255.16,0,14392.5,1535.97,4145.76,75416.41,0,17478.88,0,0,89023.67,0,0,0,2707.81,2537.96,0,25232.82,30729.92,71.78,2865.97,17528.07,0,0,0,0
2006-11-29 16:00:00,0,2646.25,0,337.35,11699.56,6902.62,6586.03,0,0,2356.26,16903.55,256.52,0,14470.96,1551.02,4164.0,75154.9,0,17350.76,0,0,89956.18,0,0,0,2722.01,2557.63,0,25469.22,30860.8,71.53,2893.03,17571.4,0,0,0,0
2006-11-29 17:00:00,0,2726.66,0,334.53,11405.8,6813.78,6320.06,0,0,2333.24,16668.93,256.46,0,14687.03,1548.36,4047.95,74756.71,0,17571.43,0,0,90055.59,0,0,0,2685.39,2517.03,0,25494.26,30987.74,71.38,2843.49,17319.88,0,0,0,0
2006-11-29 18:00:00,0,2835.56,0,328.95,11296.99,6614.36,6215.11,0,0,2277.91,16335.59,248.31,0,15008.42,1567.81,3991.8,74300.91,0,17977.91,0,0,90487.32,0,0,0,2650.31,2485.61,0,25443.05,31210.83,73.0,2763.8,17046.05,0,0,0,0
2006-11-29 19:00:00,0,2942.28,0,349.45,12072.41,7079.06,6735.97,0,0,2407.4,16704.65,270.06,0,14621.17,1680.14,4030.4,76744.78,0,18450.45,0,0,88879.05,0,0,0,2747.22,2569.14,0,26217.24,32954.17,70.75,2891.22,17517.83,0,0,0,0
2006-11-29 20:00:00,0,2208.08,0,336.23,11809.32,6627.31,6225.96,0,0,2235.39,15703.42,259.25,0,13734.64,1573.95,3835.62,75853.52,0,17738.53,0,0,84977.07,0,0,0,2693.16,2462.99,0,25880.89,33167.57,68.83,2687.49,17515.71,0,0,0,0
2006-11-29 21:00:00,0,2235.72,0,323.09,11163.05,6303.75,5781.21,0,0,2091.77,14760.56,245.24,0,12969.27,1463.52,3669.84,74180.37,0,16971.67,0,0,81555.27,0,0,0,2553.64,2361.04,0,25012.81,33003.41,66.89,2498.99,16992.89,0,0,0,0
2006-11-29 22:00:00,0,2099.17,0,301.14,10319.03,5847.44,5413.58,0,0,1970.88,13813.5,225.39,0,12197.28,1373.18,3516.21,71811.47,0,15887.71,0,0,78745.78,0,0,0,2410.17,2258.61,0,23666.7,32212.23,65.38,2334.72,16180.24,0,0,0,0
2006-11-29 23:00:00,0,2932.77,0,279.98,9650.09,5337.81,5090.26,0,0,1840.8,12789.6,209.36,0,11424.82,1297.06,3382.1,69244.61,0,14879.56,0,0,76238.64,0,0,0,2276.39,2135.87,0,22487.33,31210.93,64.03,2148.09,15218.54,0,0,0,0
2006-11-30 00:00:00,0,2875.6,0,256.91,9074.48,4834.97,4773.07,0,0,1710.34,11861.22,196.24,0,10640.59,1204.29,3254.54,66792.21,0,13867.93,0,0,73697.3,0,0,0,2137.01,2017.43,0,21204.12,30298.6,63.46,1968.98,14382.35,0,0,0,0
2006-11-30 01:00:00,0,2814.64,0,237.27,8613.28,4377.74,4479.92,0,0,1576.93,11049.26,177.91,0,10231.82,1123.15,3122.95,64445.02,0,13074.44,0,0,71346.55,0,0,0,2019.67,1935.82,0,20063.23,29355.75,62.89,1809.8,13689.28,0,0,0,0
2006-11-30 02:00:00,0,2742.92,0,221.7,8392.62,4003.01,4294.14,0,0,1469.97,10375.67,161.42,0,10141.99,1074.86,3026.85,62103.98,0,12566.86,0,0,68988.04,0,0,0,1955.91,1896.78,0,19368.93,28645.6,61.5,1694.32,13141.63,0,0,0,0
2006-11-30 03:00:00,0,2709.25,0,220.5,8440.68,3874.61,4397.86,0,0,1432.46,10007.32,154.96,0,10342.15,1052.09,2968.48,60404.73,0,12654.41,0,0,69142.61,0,0,0,1942.79,1932.21,0,19088.74,28236.5,61.35,1654.72,12774.44,0,0,0,0
2006-11-30 04:00:00,0,2761.73,0,226.61,8778.4,4034.92,4611.76,0,0,1467.39,10249.03,158.99,0,10627.7,1088.68,3044.74,61604.74,0,13207.03,0,0,71103.29,0,0,0,2013.61,1977.14,0,19530.19,28090.93,61.07,1700.88,12859.45,0,0,0,0
2006-11-30 05:00:00,0,2847.51,0,231.32,9267.99,4221.83,4802.1,0,0,1515.61,10615.97,163.78,0,10892.22,1117.94,3167.13,63201.27,0,13719.08,0,0,73286.78,0,0,0,2088.38,2025.35,0,20011.6,28576.75,61.77,1750.65,13249.67,0,0,0,0
2006-11-30 06:00:00,0,2935.01,0,239.99,9726.91,4405.85,4977.45,0,0,1568.31,11005.84,169.54,0,11223.76,1182.7,3291.07,64955.98,0,14267.57,0,0,75433.1,0,0,0,2165.88,2069.83,0,20458.32,29390.32,63.56,1809.86,13705.43,0,0,0,0
2006-11-30 07:00:00,0,1842.18,0,246.03,10204.27,4592.5,5177.73,0,0,1615.31,11429.41,175.29,0,11568.9,1235.07,3414.11,66652.85,0,14802.1,0,0,77530.24,0,0,0,2258.1,2110.55,0,20907.27,30450.1,67.08,1868.72,14138.73,0,0,0,0
2006-11-30 08:00:00,0,1928.15,0,269.62,10806.51,4998.08,5525.95,0,0,1802.19,12772.62,188.34,0,12684.47,1337.99,3562.76,68696.64,0,16337.2,0,0,82619.53,0,0,0,2388.64,2162.4,0,21629.98,31446.28,70.95,2000.46,14639.41,0,0,0,0
2006-11-30 09:00:00,0,2054.45,0,283.29,11103.18,5466.8,5721.55,0,0,1980.86,13913.13,200.65,0,13099.69,1405.48,3748.12,71650.67,0,16797.46,0,0,84630.98,0,0,0,2428.48,2205.14,0,22298.82,32698.67,74.85,2208.73,15138.17,0,0,0,0
2006-11-30 10:00:00,0,2158.24,0,295.77,11085.15,5717.23,5971.19,0,0,2061.55,14700.69,209.98,0,13333.17,1443.48,3840.52,74213.3,0,17103.44,0,0,85118.97,0,0,0,2500.92,2266.54,0,23017.43,33912.52,78.92,2379.84,15787.48,0,0,0,0
2006-11-30 11:00:00,0,2247.26,0,307.09,11135.94,6101.36,6264.73,0,0,2170.09,15526.29,220.41,0,13378.94,1492.73,3909.7,75849.0,0,17347.32,0,0,85928.06,0,0,0,2573.2,2324.48,0,23779.05,34412.46,83.0,2543.57,16259.39,0,0,0,0
2006-11-30 12:00:00,0,2303.41,0,315.56,11269.75,6641.67,6502.95,0,0,2297.6,16375.79,234.92,0,13454.22,1584.35,3964.36,77044.42,0,17602.6,0,0,86728.78,0,0,0,2641.32,2372.81,0,24416.16,34567.32,86.38,2744.37,16577.07,0,0,0,0
2006-11-30 13:00:00,0,2357.08,0,319.82,11351.02,7151.3,6604.26,0,0,2409.74,17030.91,252.19,0,13657.78,1644.66,3993.98,77760.83,0,17878.3,0,0,87368.24,0,0,0,2698.29,2416.64,0,25188.76,34472.27,86.51,2933.67,16862.79,0,0,0,0
2006-11-30 14:00:00,0,2438.83,0,320.78,11392.59,7426.25,6635.41,0,0,2472.43,17537.63,271.23,0,13868.79,1684.55,3991.58,78170.3,0,18139.78,0,0,87881.05,0,0,0,2727.91,2453.0,0,26117.74,34370.2,86.88,3036.21,17110.69,0,0,0,0
2006-11-30 15:00:00,0,2551.02,0,322.23,11389.05,7500.36,6630.08,0,0,2486.41,17756.46,285.13,0,13986.88,1691.23,3962.55,78624.14,0,18175.3,0,0,88451.69,0,0,0,2750.72,2486.19,0,26630.04,34215.79,87.76,3077.37,17359.36,0,0,0,0
2006-11-30 16:00:00,0,2646.25,0,322.94,11432.73,7374.13,6582.98,0,0,2473.07,17632.31,291.64,0,14011.65,1681.4,3924.98,79043.21,0,18013.24,0,0,88979.78,0,0,0,2792.44,2517.99,0,26754.8,34198.61,88.07,3031.1,17317.87,0,0,0,0
2006-11-30 17:00:00,0,2726.66,0,321.21,11392.35,7135.0,6530.0,0,0,2426.14,17232.88,285.42,0,14181.77,1619.5,3914.63,79265.4,0,18004.77,0,0,89287.59,0,0,0,2794.35,2522.27,0,26509.98,34154.06,88.15,2942.11,17080.05,0,0,0,0
2006-11-30 18:00:00,0,2835.56,0,310.37,11448.62,6798.17,6587.97,0,0,2352.25,16931.69,268.39,0,14411.83,1590.16,3925.86,79897.19,0,18123.69,0,0,89441.14,0,0,0,2794.32,2543.95,0,26168.77,34316.86,88.71,2821.45,16982.73,0,0,0,0
2006-11-30 19:00:00,0,2942.28,0,335.64,12398.14,7285.73,7075.38,0,0,2461.21,17206.69,282.42,0,15083.18,1708.85,3939.72,84911.07,0,19219.35,0,0,90141.06,0,0,0,2789.61,2560.99,0,27306.72,36857.32,88.38,2935.55,17261.12,0,0,0,0
2006-11-30 20:00:00,0,2208.08,0,323.9,12173.35,6866.14,6624.92,0,0,2294.56,16183.21,265.38,0,14120.86,1601.28,3763.03,83696.12,0,18573.27,0,0,87037.49,0,0,0,2756.71,2453.46,0,26766.2,36897.18,87.15,2738.23,17191.3,0,0,0,0
2006-11-30 21:00:00,0,2235.72,0,305.52,11480.64,6516.75,6211.0,0,0,2136.63,15240.8,250.65,0,13309.49,1498.75,3626.66,82493.55,0,17825.44,0,0,84371.04,0,0,0,2637.13,2358.27,0,25831.12,36931.85,85.54,2541.97,16574.97,0,0,0,0
2006-11-30 22:00:00,0,2099.17,0,284.54,10735.83,5957.71,5847.9,0,0,1986.51,14228.25,229.43,0,12535.44,1408.65,3466.07,80504.84,0,16696.89,0,0,81709.16,0,0,0,2491.13,2273.28,0,24502.3,35899.17,83.02,2353.35,16057.85,0,0,0,0
2006-11-30 23:00:00,0,2932.77,0,264.32,10124.58,5409.58,5533.44,0,0,1834.49,13128.99,207.29,0,11678.94,1320.13,3324.22,78177.76,0,15543.61,0,0,79179.59,0,0,0,2361.39,2179.44,0,23258.44,34859.07,80.53,2168.72,15378.37,0,0,0,0
2006-12-01 00:00:00,0,2875.6,0,244.35,9649.54,4857.5,5223.62,0,0,1676.7,12048.43,187.55,0,10896.88,1230.45,3235.17,75832.06,0,14498.08,0,0,76708.23,0,0,0,2233.33,2069.96,0,21808.87,33773.32,79.2,2000.82,14734.84,0,0,0,0
2006-12-01 01:00:00,0,3477.83,0,225.12,9164.67,4389.45,4901.26,0,0,1531.07,11049.84,170.01,0,10354.53,1144.36,3135.01,73343.39,0,13559.31,0,0,74153.1,0,0,0,2106.5,1993.75,0,20388.46,32885.04,78.54,1846.5,14092.75,0,0,0,0
2006-12-01 02:00:00,0,3421.27,0,210.63,8782.08,3992.87,4681.49,0,0,1406.99,10234.69,152.96,0,10186.88,1068.55,3051.87,71077.04,0,12955.59,0,0,71434.03,0,0,0,2028.5,1953.42,0,19318.48,32278.55,78.03,1717.81,13690.41,0,0,0,0
2006-12-01 03:00:00,0,3444.28,0,210.99,8785.82,3855.82,4656.22,0,0,1360.82,9747.02,144.14,0,10365.83,1023.38,2995.85,69541.91,0,12952.75,0,0,71124.42,0,0,0,2005.36,1929.61,0,18822.11,31978.44,78.9,1689.24,13442.99,0,0,0,0
2006-12-01 04:00:00,0,3520.41,0,218.22,8942.36,3974.7,4785.68,0,0,1395.01,9851.4,147.52,0,10714.56,1030.65,2992.08,70371.01,0,13480.49,0,0,72407.84,0,0,0,2028.27,1932.42,0,18962.01,31965.27,80.92,1728.15,13561.01,0,0,0,0
2006-12-01 05:00:00,0,2847.51,0,225.43,9458.3,4156.91,4960.95,0,0,1442.04,10131.35,151.78,0,11041.5,1067.47,3043.73,71921.88,0,13944.48,0,0,74547.75,0,0,0,2093.13,1963.85,0,19409.28,32543.94,84.86,1786.15,14342.74,0,0,0,0
2006-12-01 06:00:00,0,2935.01,0,233.0,9907.37,4347.88,5124.18,0,0,1490.39,10467.62,158.08,0,11469.59,1104.44,3108.96,73478.12,0,14678.33,0,0,76760.61,0,0,0,2154.55,1993.14,0,20002.7,33490.27,89.29,1847.93,15190.54,0,0,0,0
2006-12-01 07:00:00,0,1842.18,0,241.79,10278.6,4537.83,5282.22,0,0,1536.83,10792.09,164.56,0,11864.01,1145.36,3248.4,75147.48,0,15254.78,0,0,79012.4,0,0,0,2216.49,2007.4,0,20640.15,34446.98,67.08,1906.64,16118.71,0,0,0,0
2006-12-01 08:00:00,0,1928.15,0,256.58,10673.76,4883.39,5495.5,0,0,1683.29,12025.7,175.87,0,12533.83,1230.58,3473.4,76776.7,0,15975.53,0,0,83196.26,0,0,0,2333.95,2106.0,0,21756.12,35323.6,70.95,2014.75,16971.9,0,0,0,0
2006-12-01 09:00:00,0,2054.45,0,290.97,10777.05,5244.13,5574.29,0,0,1845.34,13133.75,187.31,0,13120.55,1303.47,3929.29,81043.19,0,16777.33,0,0,87744.65,0,0,0,2386.22,2145.12,0,23379.63,37101.68,74.85,2171.79,18762.97,0,0,0,0
2006-12-01 10:00:00,0,2158.24,0,277.8,10722.82,5505.02,5597.97,0,0,1936.55,14078.49,199.28,0,13416.95,1348.17,4343.23,83232.46,0,17389.64,0,0,88937.47,0,0,0,2425.9,2164.15,0,25157.51,37445.74,78.92,2317.1,20435.91,0,0,0,0
2006-12-01 11:00:00,0,2247.26,0,277.56,10787.49,5826.19,5717.82,0,0,2052.19,14917.98,210.95,0,13668.03,1386.69,4639.76,83567.27,0,17605.26,0,0,90062.09,0,0,0,2455.21,2197.95,0,26596.94,36503.08,83.0,2488.48,16259.39,0,0,0,0
2006-12-01 12:00:00,0,2303.41,0,276.61,10809.87,6186.63,5748.98,0,0,2189.72,15896.91,221.33,0,13876.52,1444.0,4803.28,83793.67,0,17851.02,0,0,91000.42,0,0,0,2496.56,2249.34,0,27620.28,35532.47,97.89,2636.4,16577.07,0,0,0,0
2006-12-01 13:00:00,0,2357.08,0,283.88,10813.5,6540.8,5841.0,0,0,2324.14,16727.78,238.42,0,14167.67,1499.52,4909.25,83287.76,0,18032.18,0,0,91691.27,0,0,0,2549.32,2301.62,0,27304.95,34713.74,95.23,2735.8,20842.7,0,0,0,0
2006-12-01 14:00:00,0,3472.75,0,285.66,10844.2,6801.79,5962.89,0,0,2403.84,17287.99,250.36,0,14405.02,1534.96,4937.12,82462.83,0,18316.95,0,0,92152.57,0,0,0,2554.59,2339.09,0,26838.11,33972.93,92.39,2811.49,20351.62,0,0,0,0
2006-12-01 15:00:00,0,3392.57,0,284.7,10765.01,6927.9,5943.15,0,0,2433.74,17613.6,251.65,0,14725.13,1588.54,4863.62,81594.21,0,18478.9,0,0,92466.35,0,0,0,2539.35,2344.91,0,26238.05,33375.88,90.69,2842.83,20088.74,0,0,0,0
2006-12-01 16:00:00,0,3345.35,0,282.11,10603.08,6958.03,5913.33,0,0,2439.95,17508.95,252.24,0,15020.19,1596.45,4772.35,81129.85,0,18632.67,0,0,92163.09,0,0,0,2500.77,2318.05,0,26030.95,32838.75,88.2,2859.42,20122.17,0,0,0,0
2006-12-01 17:00:00,0,3412.32,0,280.89,10781.4,6783.52,5998.3,0,0,2398.85,17106.93,250.2,0,15253.71,1559.43,4715.69,81007.74,0,18803.24,0,0,91820.34,0,0,0,2476.07,2311.72,0,26118.83,32559.03,86.02,2824.26,19935.61,0,0,0,0
2006-12-01 18:00:00,0,2835.56,0,285.83,11102.47,6544.29,6040.01,0,0,2330.53,16722.37,244.37,0,15554.22,1526.23,4771.1,81521.24,0,19232.43,0,0,91899.99,0,0,0,2502.27,2346.58,0,27068.46,33059.74,85.91,2782.39,20588.87,0,0,0,0
2006-12-01 19:00:00,0,2942.28,0,305.6,11218.48,6535.53,6417.45,0,0,2331.48,16736.45,247.03,0,14897.0,1600.27,4674.48,84658.41,0,18703.4,0,0,88952.9,0,0,0,2638.65,2466.11,0,28470.01,34038.9,83.66,2721.71,20693.22,0,0,0,0
2006-12-01 20:00:00,0,2208.08,0,309.06,11418.54,6173.61,6033.69,0,0,2158.9,15547.71,237.02,0,14083.02,1492.79,4537.39,83970.71,0,18276.43,0,0,86689.57,0,0,0,2671.2,2444.92,0,29235.98,34654.17,83.13,2583.56,17191.3,0,0,0,0
2006-12-01 21:00:00,0,2235.72,0,309.52,11355.65,5840.49,5782.24,0,0,2018.72,14562.98,226.19,0,13252.11,1416.89,4441.91,82820.26,0,17739.22,0,0,85820.01,0,0,0,2647.11,2404.47,0,28602.24,34226.55,82.1,2425.65,16574.97,0,0,0,0
2006-12-01 22:00:00,0,2099.17,0,302.53,11068.74,5351.95,5523.77,0,0,1891.78,13527.67,204.55,0,12566.36,1298.59,4333.51,80821.67,0,16905.21,0,0,83636.8,0,0,0,2545.13,2358.16,0,27904.88,33830.89,80.67,2252.98,20652.04,0,0,0,0
2006-12-01 23:00:00,0,2932.77,0,293.64,10805.02,4889.63,5341.54,0,0,1772.62,12469.32,185.23,0,11860.27,1211.84,4227.54,78673.77,0,16061.94,0,0,81719.89,0,0,0,2465.21,2376.11,0,27094.54,33381.91,79.03,2083.51,20156.92,0,0,0,0
2006-12-02 00:00:00,0,2875.6,0,282.15,10572.15,4489.21,5263.82,0,0,1672.54,11463.38,169.62,0,11090.07,1155.59,4119.97,76339.4,0,15286.36,0,0,79383.34,0,0,0,2439.81,2451.22,0,26395.84,32804.38,77.14,1951.27,19540.31,0,0,0,0
2006-12-02 01:00:00,0,3663.47,0,274.17,10386.1,4133.59,5340.81,0,0,1570.02,10535.93,155.68,0,10324.31,1114.14,4034.12,73884.44,0,14579.93,0,0,77270.91,0,0,0,2448.4,2481.78,0,26021.85,32170.44,76.17,1820.68,19172.09,0,0,0,0
2006-12-02 02:00:00,0,3624.55,0,267.47,10303.64,3857.09,5419.65,0,0,1456.74,9857.79,145.48,0,10116.72,1079.96,3976.21,72028.99,0,13848.06,0,0,75361.94,0,0,0,2471.27,2540.46,0,25498.08,31501.23,75.68,1703.44,19041.44,0,0,0,0
2006-12-02 03:00:00,0,3620.36,0,268.59,10281.49,3639.58,5552.01,0,0,1375.29,9407.85,140.37,0,10208.32,1068.27,3939.44,71182.18,0,13410.2,0,0,74293.35,0,0,0,2494.52,2582.43,0,25145.56,30962.24,75.23,1620.98,19142.3,0,0,0,0
2006-12-02 04:00:00,0,3668.71,0,282.02,10506.04,3643.83,5852.82,0,0,1337.33,9192.26,144.74,0,10372.6,1096.08,3930.92,70664.2,0,13176.8,0,0,74998.23,0,0,0,2520.94,2647.28,0,25148.09,30786.45,75.31,1588.68,19025.92,0,0,0,0
2006-12-02 05:00:00,0,3736.7,0,297.36,10856.25,3700.83,6252.35,0,0,1334.86,9192.61,152.88,0,10678.28,1152.24,3982.34,71633.43,0,13212.78,0,0,76727.82,0,0,0,2566.35,2720.26,0,25471.27,31017.08,75.87,1614.59,19098.55,0,0,0,0
2006-12-02 06:00:00,0,3785.36,0,300.86,11364.29,3845.23,6670.73,0,0,1357.65,9365.61,162.13,0,10984.76,1194.49,4057.0,72487.54,0,13550.1,0,0,78401.7,0,0,0,2647.1,2805.95,0,26025.6,31310.75,76.76,1658.49,19315.09,0,0,0,0
2006-12-02 07:00:00,0,3831.77,0,300.9,11825.14,4015.46,7058.72,0,0,1385.1,9651.85,170.87,0,11259.78,1256.07,4141.7,73393.52,0,13933.37,0,0,79936.66,0,0,0,2749.48,2899.98,0,26584.35,31676.24,77.52,1687.16,19591.63,0,0,0,0
2006-12-02 08:00:00,0,3871.49,0,318.8,12569.26,4371.04,7389.69,0,0,1470.97,10568.95,175.14,0,12094.33,1313.59,4234.22,74435.11,0,15009.41,0,0,83140.31,0,0,0,2823.67,2956.67,0,27666.13,32163.49,78.35,1745.71,20258.97,0,0,0,0
2006-12-02 09:00:00,0,3991.78,0,322.86,12242.7,4718.36,7306.37,0,0,1625.91,11781.18,179.98,0,12417.0,1353.35,4309.89,75773.37,0,15478.44,0,0,85059.8,0,0,0,2690.03,2898.16,0,28092.5,32900.28,79.89,1912.01,20898.26,0,0,0,0
2006-12-02 10:00:00,0,3890.35,0,317.75,11768.13,5020.25,6922.2,0,0,1743.88,12685.65,183.32,0,12609.46,1369.96,4238.95,76185.37,0,15752.21,0,0,85044.3,0,0,0,2578.73,2821.63,0,27023.63,33173.31,79.58,2142.23,20234.9,0,0,0,0
2006-12-02 11:00:00,0,3652.06,0,317.36,11358.37,5289.29,6520.49,0,0,1850.31,13686.59,186.21,0,12781.59,1378.15,4171.34,76366.9,0,16001.26,0,0,84260.83,0,0,0,2487.76,2699.58,0,26540.57,32943.13,77.72,2347.64,19780.15,0,0,0,0
2006-12-02 12:00:00,0,3467.23,0,306.14,10883.37,5548.27,6134.54,0,0,1973.08,14654.32,188.13,0,12875.9,1364.21,4078.0,76016.04,0,16174.71,0,0,83186.29,0,0,0,2404.75,2574.58,0,25794.19,32635.92,75.32,2522.61,19160.23,0,0,0,0
2006-12-02 13:00:00,0,3345.01,0,290.16,10395.16,5807.81,5870.49,0,0,2083.93,15237.02,191.02,0,12895.12,1347.06,3988.97,75689.55,0,16299.4,0,0,82203.98,0,0,0,2324.42,2474.7,0,24975.69,32334.16,74.07,2651.61,18435.8,0,0,0,0
2006-12-02 14:00:00,0,3267.94,0,275.23,10019.8,5906.7,5711.34,0,0,2143.22,15630.9,192.67,0,12845.92,1339.98,3919.08,75222.48,0,16350.46,0,0,81313.7,0,0,0,2241.97,2399.65,0,24028.14,31969.06,72.18,2726.42,17715.84,0,0,0,0
2006-12-02 15:00:00,0,3231.17,0,260.71,9831.36,5918.94,5674.49,0,0,2156.23,15700.88,194.07,0,12994.24,1328.1,3870.08,74531.85,0,16527.26,0,0,80984.02,0,0,0,2223.98,2349.5,0,23205.4,31565.65,70.28,2731.01,17180.0,0,0,0,0
2006-12-02 16:00:00,0,3196.04,0,257.13,9800.5,5910.01,5730.85,0,0,2140.59,15525.37,196.17,0,13830.42,1318.83,3834.79,73925.5,0,16984.11,0,0,81219.52,0,0,0,2239.5,2336.08,0,22565.25,31137.44,68.86,2677.89,16988.91,0,0,0,0
2006-12-02 17:00:00,0,3210.02,0,255.15,10339.55,5737.65,6089.7,0,0,2067.99,15131.2,198.77,0,14360.2,1310.83,3922.46,73809.44,0,17580.01,0,0,84075.35,0,0,0,2338.89,2402.63,0,22602.33,30709.71,68.91,2543.99,17517.57,0,0,0,0
2006-12-02 18:00:00,0,3286.62,0,262.24,10749.99,5532.12,6415.12,0,0,1974.15,14670.45,202.69,0,14798.81,1329.29,4062.92,75175.24,0,18045.74,0,0,86878.5,0,0,0,2437.8,2513.22,0,23307.13,30967.14,71.38,2375.93,18440.8,0,0,0,0
2006-12-02 19:00:00,0,3527.34,0,301.41,12012.25,5950.49,7240.57,0,0,2155.49,15321.42,213.57,0,16151.4,1546.15,4546.39,85242.45,0,19500.5,0,0,97508.27,0,0,0,2792.34,2887.91,0,26816.91,34836.46,80.05,2586.19,19737.14,0,0,0,0
2006-12-02 20:00:00,0,3670.78,0,302.46,12232.99,5714.42,7151.15,0,0,2003.41,14404.2,209.13,0,15319.58,1462.39,4464.1,84792.32,0,18918.87,0,0,95127.22,0,0,0,2838.73,2902.81,0,27758.66,35202.28,79.28,2404.9,20405.55,0,0,0,0
2006-12-02 21:00:00,0,3704.7,0,294.42,12100.02,5507.17,7021.58,0,0,1886.17,13510.15,206.41,0,14539.65,1382.49,4365.28,83550.61,0,18314.15,0,0,92714.93,0,0,0,2809.83,2888.63,0,27412.74,34806.92,78.48,2240.71,20461.08,0,0,0,0
2006-12-02 22:00:00,0,3636.1,0,278.91,11585.54,5128.59,6836.22,0,0,1766.47,12605.09,195.54,0,13757.99,1310.69,4261.42,81459.37,0,17527.52,0,0,90175.63,0,0,0,2729.85,2841.16,0,26661.25,34351.33,77.56,2101.3,19764.22,0,0,0,0
2006-12-02 23:00:00,0,3586.87,0,266.39,11142.58,4731.54,6664.66,0,0,1652.7,11735.05,179.72,0,12962.26,1237.65,4152.11,79398.53,0,16665.29,0,0,87462.07,0,0,0,2665.22,2806.92,0,25910.38,33904.93,76.2,1974.06,19133.87,0,0,0,0
2006-12-03 00:00:00,0,3547.35,0,255.41,10817.66,4357.45,6496.12,0,0,1555.78,10867.52,165.16,0,12118.34,1155.84,4019.55,77357.88,0,15817.81,0,0,84591.77,0,0,0,2618.65,2783.6,0,25264.49,33385.99,74.95,1846.14,18553.06,0,0,0,0
2006-12-03 01:00:00,0,3550.18,0,242.96,10536.6,4048.63,6361.19,0,0,1457.84,10116.22,153.37,0,11375.55,1073.73,3937.75,75405.01,0,14913.92,0,0,81973.55,0,0,0,2578.05,2764.82,0,24660.83,32838.75,73.98,1730.8,18163.17,0,0,0,0
2006-12-03 02:00:00,0,3584.65,0,235.06,10364.54,3827.35,6280.5,0,0,1364.36,9547.27,143.7,0,11185.96,1008.5,3863.24,74217.46,0,14172.4,0,0,79847.03,0,0,0,2553.75,2766.14,0,24277.7,32391.86,74.27,1636.31,18021.19,0,0,0,0
2006-12-03 03:00:00,0,3641.81,0,230.46,10297.13,3681.13,6257.69,0,0,1295.66,9226.42,137.35,0,11185.07,972.56,3830.91,73490.85,0,13752.81,0,0,78863.4,0,0,0,2550.07,2762.78,0,24327.56,32003.68,74.96,1582.62,17932.51,0,0,0,0
2006-12-03 04:00:00,0,3728.8,0,233.1,10336.7,3684.07,6360.88,0,0,1281.28,9085.34,138.75,0,11258.29,967.98,3831.44,73288.45,0,13566.32,0,0,79305.27,0,0,0,2537.36,2758.23,0,24513.2,31829.84,76.87,1553.61,17942.19,0,0,0,0
2006-12-03 05:00:00,0,3813.98,0,235.93,10623.73,3709.03,6588.51,0,0,1286.59,9132.45,139.72,0,11498.95,977.37,3890.54,74360.15,0,13597.38,0,0,80173.73,0,0,0,2574.12,2764.64,0,24784.3,32167.79,79.37,1575.74,18149.87,0,0,0,0
2006-12-03 06:00:00,0,3890.86,0,238.43,11016.28,3854.78,6815.21,0,0,1314.34,9320.44,143.08,0,11759.44,997.75,3981.92,75218.79,0,13770.69,0,0,81488.26,0,0,0,2612.19,2740.35,0,25084.17,32621.49,82.08,1616.65,18403.57,0,0,0,0
2006-12-03 07:00:00,0,3978.34,0,243.19,11475.5,4014.4,7073.58,0,0,1351.7,9650.69,146.4,0,11953.63,1025.43,4072.93,76078.67,0,14153.05,0,0,82772.85,0,0,0,2638.02,2691.31,0,25365.28,33085.3,84.7,1662.16,18643.42,0,0,0,0
2006-12-03 08:00:00,0,4060.24,0,249.65,12176.94,4309.94,7287.33,0,0,1435.99,10603.08,151.9,0,12228.57,1068.71,4170.56,76966.29,0,14859.5,0,0,85423.4,0,0,0,2682.2,2702.06,0,25920.59,33554.68,86.86,1728.67,19270.3,0,0,0,0
2006-12-03 09:00:00,0,4215.92,0,249.67,12195.78,4618.41,7181.42,0,0,1608.59,12095.77,157.97,0,12492.87,1115.93,4203.97,78220.02,0,15322.45,0,0,85537.0,0,0,0,2662.56,2688.57,0,26012.99,34189.58,88.8,1918.01,20137.02,0,0,0,0
2006-12-03 10:00:00,0,4112.73,0,250.99,11943.32,5070.84,6923.14,0,0,1753.62,13318.36,165.27,0,12643.48,1151.63,4105.12,79226.23,0,15564.26,0,0,84577.45,0,0,0,2644.35,2660.52,0,25723.93,34490.48,88.57,2112.44,19550.63,0,0,0,0
2006-12-03 11:00:00,0,3947.86,0,254.25,11653.64,5396.7,6743.33,0,0,1896.04,14444.66,174.29,0,12743.35,1173.37,4035.16,79407.61,0,15704.1,0,0,83733.86,0,0,0,2608.84,2643.65,0,25343.1,34350.16,86.18,2274.39,18874.16,0,0,0,0
2006-12-03 12:00:00,0,3827.43,0,257.27,11523.0,5704.6,6644.92,0,0,2023.94,15457.84,185.11,0,12763.02,1218.85,3970.93,78905.12,0,15846.17,0,0,82973.98,0,0,0,2586.01,2632.64,0,24910.67,34048.72,83.8,2433.25,18259.71,0,0,0,0
2006-12-03 13:00:00,0,3731.77,0,264.15,11422.65,6019.8,6552.94,0,0,2116.93,16200.63,198.32,0,12779.23,1271.77,3936.34,78637.34,0,15982.45,0,0,82567.17,0,0,0,2590.18,2633.13,0,24536.34,33714.39,82.26,2554.07,17832.04,0,0,0,0
2006-12-03 14:00:00,0,3650.6,0,267.83,11216.39,6223.83,6457.82,0,0,2157.79,16559.25,208.34,0,12782.49,1287.31,3918.63,78106.71,0,16082.75,0,0,82630.39,0,0,0,2605.83,2629.8,0,24032.02,33265.2,80.64,2620.19,17395.29,0,0,0,0
2006-12-03 15:00:00,0,3587.57,0,259.06,11132.77,6289.46,6482.54,0,0,2168.52,16536.8,215.92,0,12945.42,1278.87,3925.89,77145.71,0,16432.41,0,0,82251.36,0,0,0,2628.58,2652.04,0,23314.31,32743.43,79.21,2616.78,17119.53,0,0,0,0
2006-12-03 16:00:00,0,3556.01,0,254.1,11124.43,6323.24,6562.73,0,0,2172.81,16297.41,221.91,0,13765.35,1280.85,3966.4,76639.06,0,16896.61,0,0,83367.0,0,0,0,2670.9,2684.95,0,22979.93,32341.87,78.65,2572.3,17050.67,0,0,0,0
2006-12-03 17:00:00,0,3598.63,0,250.84,11189.32,6025.09,6706.11,0,0,2087.68,15619.42,217.64,0,14336.93,1265.73,4100.25,76317.29,0,17487.21,0,0,86774.91,0,0,0,2722.22,2724.89,0,23069.52,31910.24,78.64,2469.63,17427.74,0,0,0,0
2006-12-03 18:00:00,0,3768.71,0,255.71,11398.21,5645.93,6855.66,0,0,1958.36,14789.22,213.52,0,14748.58,1260.87,4276.51,77397.27,0,17941.36,0,0,89347.56,0,0,0,2776.61,2777.12,0,23790.41,32411.78,80.37,2348.6,18242.24,0,0,0,0
2006-12-03 19:00:00,0,4269.77,0,315.21,13089.92,6685.57,7554.05,0,0,2319.57,16068.72,253.75,0,16587.05,1543.42,4967.99,91854.77,0,20216.44,0,0,103086.3,0,0,0,2966.73,3036.51,0,28290.5,37642.69,98.32,2753.08,21043.53,0,0,0,0
2006-12-03 20:00:00,0,4431.52,0,309.11,13117.36,6298.33,7261.1,0,0,2107.81,15017.19,236.22,0,15703.0,1462.6,4922.66,90838.14,0,19557.2,0,0,100796.82,0,0,0,2976.9,2982.69,0,28826.41,38103.33,98.46,2536.9,21786.02,0,0,0,0
2006-12-03 21:00:00,0,4408.44,0,296.36,12741.81,5900.1,6973.95,0,0,1952.03,14035.55,222.49,0,14831.44,1389.55,4847.31,89493.5,0,18856.32,0,0,98293.99,0,0,0,2933.63,2899.31,0,28294.91,38100.69,98.82,2345.11,21835.77,0,0,0,0
2006-12-03 22:00:00,0,4366.43,0,281.09,12151.32,5390.84,6676.0,0,0,1807.83,12926.91,203.45,0,13947.15,1324.86,4766.89,87402.68,0,17813.53,0,0,95659.09,0,0,0,2789.32,2780.28,0,27379.45,37209.59,98.26,2187.88,21382.75,0,0,0,0
2006-12-03 23:00:00,0,4306.35,0,262.82,11687.45,4900.28,6378.3,0,0,1669.4,11853.97,184.31,0,13065.48,1256.05,4697.38,85090.14,0,16754.22,0,0,93047.53,0,0,0,2652.59,2653.63,0,26534.89,36072.71,97.49,2020.68,20983.82,0,0,0,0
2006-12-04 00:00:00,0,4239.36,0,250.61,11177.73,4426.75,6111.96,0,0,1529.6,10805.22,167.62,0,12197.95,1188.77,4656.92,82601.55,0,15677.4,0,0,90160.19,0,0,0,2522.64,2559.36,0,25920.09,34832.53,96.14,1864.25,20667.08,0,0,0,0
2006-12-04 01:00:00,0,4169.34,0,240.09,10765.03,4022.94,5905.45,0,0,1398.75,9852.78,151.69,0,11555.25,1124.96,4618.8,80173.36,0,14635.15,0,0,87277.03,0,0,0,2435.58,2486.44,0,25440.94,33654.94,94.25,1733.56,20360.9,0,0,0,0
2006-12-04 02:00:00,0,4144.35,0,220.23,10545.29,3696.67,5873.85,0,0,1290.54,9089.18,144.37,0,11420.29,1085.37,4589.14,78124.64,0,13943.36,0,0,85124.0,0,0,0,2396.23,2485.31,0,25156.48,32778.22,92.65,1630.62,20463.36,0,0,0,0
2006-12-04 03:00:00,0,4152.77,0,215.39,10697.55,3662.81,6005.22,0,0,1275.07,8826.22,139.11,0,11662.12,1084.84,4592.21,77485.47,0,13871.69,0,0,85419.56,0,0,0,2437.67,2519.18,0,25624.38,32237.8,93.25,1611.8,20914.36,0,0,0,0
2006-12-04 04:00:00,0,4163.87,0,215.89,11228.88,3889.14,6286.17,0,0,1312.28,9149.91,143.68,0,12118.67,1151.59,4732.11,78405.45,0,14356.42,0,0,87279.52,0,0,0,2529.92,2540.95,0,26718.89,31969.62,94.46,1633.88,21533.71,0,0,0,0
2006-12-04 05:00:00,0,4161.99,0,221.78,11950.4,4109.85,6598.44,0,0,1364.6,9514.73,152.39,0,12557.66,1250.34,4903.65,79751.32,0,14852.7,0,0,89225.09,0,0,0,2612.05,2543.43,0,27735.21,32235.12,95.65,1691.59,22257.72,0,0,0,0
2006-12-04 06:00:00,0,4156.45,0,243.05,12714.1,4317.04,6874.1,0,0,1418.23,9870.9,164.78,0,12934.57,1308.55,5073.8,81071.43,0,15273.19,0,0,90994.31,0,0,0,2715.47,2561.08,0,28911.49,32818.73,96.97,1767.68,22880.83,0,0,0,0
2006-12-04 07:00:00,0,4123.23,0,263.95,13437.52,4482.61,7209.59,0,0,1474.72,10220.25,175.37,0,13265.27,1348.73,5221.5,82298.0,0,15589.49,0,0,93209.64,0,0,0,2792.97,2604.66,0,30078.37,33538.16,98.49,1843.29,23396.78,0,0,0,0
2006-12-04 08:00:00,0,4099.45,0,313.87,14632.0,4749.17,7649.17,0,0,1620.94,11143.3,178.01,0,14730.22,1442.71,5462.13,83648.67,0,17511.09,0,0,100709.35,0,0,0,2960.59,2725.96,0,32405.05,34263.67,100.1,1944.76,24281.13,0,0,0,0
2006-12-04 09:00:00,0,4126.11,0,333.44,14437.72,5000.57,7820.39,0,0,1692.87,11808.27,179.21,0,15121.51,1404.38,5473.86,87554.49,0,18074.77,0,0,101811.6,0,0,0,2913.97,2751.96,0,33048.39,35633.05,100.99,2013.4,20137.02,0,0,0,0
2006-12-04 10:00:00,0,3900.97,0,339.9,14016.44,5298.93,7755.93,0,0,1748.92,12488.44,182.9,0,15001.77,1424.59,5350.78,88271.01,0,18218.29,0,0,101367.87,0,0,0,2898.95,2762.14,0,32643.81,35714.18,99.22,2082.66,24738.79,0,0,0,0
2006-12-04 11:00:00,0,3612.8,0,339.65,13561.67,5445.68,7383.51,0,0,1798.55,13133.7,187.73,0,14874.91,1405.93,5190.92,87573.64,0,18410.08,0,0,100551.56,0,0,0,2878.25,2755.57,0,31939.66,34936.34,95.95,2098.69,23854.09,0,0,0,0
2006-12-04 12:00:00,0,3417.28,0,332.79,13095.07,5498.86,7036.69,0,0,1834.44,13551.7,188.73,0,14800.64,1375.6,5059.26,86910.95,0,18514.07,0,0,99376.34,0,0,0,2844.47,2738.44,0,30899.67,34170.68,93.9,2150.98,23012.57,0,0,0,0
2006-12-04 13:00:00,0,3282.27,0,325.83,12661.5,5490.69,6805.44,0,0,1855.2,13757.0,190.94,0,14726.91,1364.96,4954.4,86176.4,0,18642.31,0,0,98068.74,0,0,0,2772.83,2694.65,0,29683.24,33636.07,91.87,2180.13,22232.01,0,0,0,0
2006-12-04 14:00:00,0,3185.3,0,316.34,12310.26,5425.8,6702.31,0,0,1870.44,13677.87,193.27,0,14670.71,1362.9,4856.44,85331.8,0,18720.92,0,0,96509.58,0,0,0,2673.75,2628.9,0,28591.72,33095.47,89.21,2205.35,21602.41,0,0,0,0
2006-12-04 15:00:00,0,3117.2,0,307.0,12153.24,5407.62,6676.15,0,0,1871.96,13681.3,194.29,0,14805.15,1367.65,4763.32,84217.69,0,18822.6,0,0,95026.36,0,0,0,2613.43,2563.56,0,27895.89,32631.12,86.51,2220.75,21239.93,0,0,0,0
2006-12-04 16:00:00,0,3071.87,0,302.87,12237.09,5361.15,6821.34,0,0,1861.95,13600.24,192.91,0,15497.13,1376.75,4680.48,83266.02,0,19107.89,0,0,95709.82,0,0,0,2596.15,2550.97,0,27589.78,32130.34,83.44,2233.02,20909.17,0,0,0,0
2006-12-04 17:00:00,0,3125.17,0,304.6,12894.4,5332.72,7531.63,0,0,1862.5,13601.76,194.97,0,15949.59,1322.94,4693.66,82866.7,0,19549.54,0,0,98640.96,0,0,0,2735.88,2741.94,0,27819.14,31869.37,81.63,2243.78,21132.8,0,0,0,0
2006-12-04 18:00:00,0,3243.11,0,329.87,13272.44,5381.55,7916.93,0,0,1902.56,13715.67,205.59,0,16270.84,1436.85,4804.3,83151.0,0,19945.62,0,0,100484.09,0,0,0,2863.9,2947.0,0,29110.2,32298.42,82.21,2256.97,22049.87,0,0,0,0
2006-12-04 19:00:00,0,3502.16,0,391.63,14939.28,6332.58,7554.05,0,0,2051.88,14537.91,234.78,0,17671.3,1670.99,5110.83,90624.41,0,21214.1,0,0,107844.07,0,0,0,3296.1,3346.31,0,33397.59,34307.83,88.21,2467.74,23224.86,0,0,0,0
2006-12-04 20:00:00,0,3641.47,0,388.23,15217.12,6105.34,9064.29,0,0,1918.65,13664.65,237.63,0,16802.86,1632.66,4975.26,89630.09,0,20475.84,0,0,105158.62,0,0,0,3367.7,3320.58,0,34291.78,34901.24,87.44,2299.3,23907.78,0,0,0,0
2006-12-04 21:00:00,0,3655.02,0,371.85,14861.6,5871.43,8922.5,0,0,1799.61,12791.12,243.76,0,15915.4,1606.62,4837.9,88225.23,0,19766.1,0,0,102251.32,0,0,0,3287.66,3287.97,0,33854.95,35145.5,86.38,2136.33,23786.4,0,0,0,0
2006-12-04 22:00:00,0,3597.64,0,348.63,14270.88,5522.67,8722.27,0,0,1675.99,11913.98,234.49,0,15009.66,1564.5,4701.79,85967.24,0,18743.45,0,0,99378.87,0,0,0,3195.61,3214.52,0,33296.93,34423.03,84.83,1983.93,23069.06,0,0,0,0
2006-12-04 23:00:00,0,3520.38,0,329.63,13686.34,5193.38,8511.37,0,0,1568.76,11010.68,225.67,0,14100.43,1518.54,4553.04,83486.87,0,17692.19,0,0,96415.4,0,0,0,3100.92,3156.9,0,32589.9,33418.99,82.97,1902.02,22309.17,0,0,0,0
2006-12-05 00:00:00,0,3434.98,0,318.84,13215.59,4908.81,8276.99,0,0,1469.17,10198.62,216.66,0,13194.6,1478.06,4420.02,81037.81,0,16599.77,0,0,93211.58,0,0,0,2999.27,3088.06,0,31604.79,32340.74,80.9,1843.06,21527.99,0,0,0,0
2006-12-05 01:00:00,0,3364.92,0,317.99,12746.94,4635.79,8124.82,0,0,1381.18,9386.75,209.0,0,12426.93,1444.79,4303.05,78592.66,0,15542.38,0,0,90094.85,0,0,0,2912.21,3070.56,0,30774.97,31266.09,79.21,1784.29,20865.92,0,0,0,0
2006-12-05 02:00:00,0,3324.29,0,328.4,12514.61,4462.97,8085.06,0,0,1320.29,8739.03,199.99,0,12167.8,1450.02,4234.24,76681.16,0,14729.41,0,0,87705.63,0,0,0,2863.44,3105.23,0,30396.4,30495.36,78.31,1728.68,20828.81,0,0,0,0
2006-12-05 03:00:00,0,3382.64,0,332.48,12537.48,4474.1,8208.77,0,0,1347.22,8767.27,203.95,0,12193.21,1486.86,4209.45,76287.18,0,14297.77,0,0,87713.3,0,0,0,2894.06,3142.0,0,30478.09,30144.28,79.43,1733.47,20942.46,0,0,0,0
2006-12-05 04:00:00,0,3457.72,0,338.7,12915.71,4595.96,8403.34,0,0,1406.58,9109.2,214.31,0,12535.91,1567.36,4383.01,77641.39,0,14665.98,0,0,89879.1,0,0,0,2958.43,3184.33,0,30779.67,30081.41,81.44,1776.02,21285.62,0,0,0,0
2006-12-05 05:00:00,0,3542.91,0,352.34,13309.51,4836.39,8567.94,0,0,1467.99,9475.26,225.94,0,12907.61,1652.43,4570.8,79156.25,0,15213.83,0,0,92248.09,0,0,0,3038.53,3220.28,0,31216.25,30593.31,83.44,1845.2,21688.92,0,0,0,0
2006-12-05 06:00:00,0,3624.8,0,359.1,13768.17,5126.3,8719.26,0,0,1530.68,9842.01,239.81,0,13306.89,1735.36,4726.81,80636.79,0,15821.23,0,0,94628.65,0,0,0,3132.04,3270.7,0,31854.81,31365.06,85.22,1926.58,22060.45,0,0,0,0
2006-12-05 07:00:00,0,3696.21,0,365.43,14189.2,5398.89,8821.46,0,0,1590.33,10221.72,249.54,0,13737.92,1797.62,4874.08,82138.13,0,16431.77,0,0,96873.31,0,0,0,3198.16,3326.23,0,32538.37,32144.51,86.82,2001.02,22382.65,0,0,0,0
2006-12-05 08:00:00,0,3760.08,0,395.65,14967.21,5873.38,9009.11,0,0,1734.94,11418.94,254.37,0,15300.76,1905.04,5069.66,83578.79,0,18369.2,0,0,103481.74,0,0,0,3373.15,3352.26,0,34126.35,32942.05,88.37,2164.16,22993.24,0,0,0,0
2006-12-05 09:00:00,0,3887.39,0,386.4,14451.12,5795.04,8296.98,0,0,1757.62,11942.33,250.03,0,15494.14,1815.65,5102.5,87953.98,0,18587.47,0,0,102439.46,0,0,0,3235.96,3174.44,0,33584.56,34390.42,90.47,2186.55,23723.7,0,0,0,0
2006-12-05 10:00:00,0,3737.56,0,377.69,13646.33,5597.44,7621.96,0,0,1747.15,12434.25,223.98,0,15463.38,1609.65,4902.71,87787.59,0,18627.98,0,0,100681.11,0,0,0,3051.66,2994.91,0,31595.09,34250.34,89.23,2142.56,22610.85,0,0,0,0
2006-12-05 11:00:00,0,3493.56,0,368.79,13065.34,5486.25,7134.56,0,0,1777.41,12941.33,209.17,0,15458.69,1488.56,4715.42,86462.42,0,18688.43,0,0,98999.53,0,0,0,2936.43,2889.31,0,30099.07,33304.8,86.4,2126.61,21592.24,0,0,0,0
2006-12-05 12:00:00,0,3292.73,0,355.06,12566.2,5431.41,6811.06,0,0,1812.99,13361.78,202.4,0,15449.25,1448.87,4554.75,85237.31,0,18698.35,0,0,97370.31,0,0,0,2845.91,2798.43,0,28950.15,32483.85,84.7,2143.47,20711.11,0,0,0,0
2006-12-05 13:00:00,0,3149.7,0,342.81,12066.71,5413.95,6595.59,0,0,1835.92,13503.19,199.91,0,15411.4,1425.39,4446.38,84034.67,0,18715.89,0,0,96128.76,0,0,0,2756.6,2707.5,0,28011.73,31733.41,83.09,2173.22,20011.38,0,0,0,0
2006-12-05 14:00:00,0,3054.58,0,316.11,11633.42,5425.57,6474.19,0,0,1855.54,13548.22,197.68,0,15338.78,1395.54,4354.43,82922.13,0,18783.94,0,0,95204.76,0,0,0,2666.49,2628.31,0,27237.79,31069.64,81.22,2181.39,19461.51,0,0,0,0
2006-12-05 15:00:00,0,2997.39,0,302.2,11425.41,5444.92,6382.82,0,0,1852.28,13647.61,196.9,0,15372.95,1374.87,4282.69,81937.2,0,18930.48,0,0,95258.45,0,0,0,2586.92,2552.85,0,26652.77,30523.86,79.19,2198.96,19111.91,0,0,0,0
2006-12-05 16:00:00,0,2960.35,0,296.6,11501.74,5459.25,6627.09,0,0,1843.39,13676.96,195.9,0,16029.83,1356.99,4223.74,80947.35,0,19288.24,0,0,95761.42,0,0,0,2561.25,2503.04,0,26111.77,30042.16,76.85,2246.52,18791.04,0,0,0,0
2006-12-05 17:00:00,0,2971.13,0,303.88,12094.4,5465.1,7112.56,0,0,1826.58,13719.2,201.43,0,16517.65,1362.52,4322.42,81110.77,0,19847.9,0,0,99527.48,0,0,0,2640.21,2579.83,0,26254.89,29919.62,75.37,2276.81,19231.01,0,0,0,0
2006-12-05 18:00:00,0,2966.14,0,315.37,12473.75,5519.99,7440.23,0,0,1870.4,13739.64,207.94,0,16918.67,1496.21,4428.6,81225.94,0,20265.27,0,0,101832.19,0,0,0,2752.86,2729.62,0,27607.31,30222.04,74.78,2265.85,20116.45,0,0,0,0
2006-12-05 19:00:00,0,3140.02,0,366.07,14060.97,6463.22,8661.46,0,0,2074.02,14635.9,235.94,0,17430.35,1714.1,4685.06,86845.12,0,21289.19,0,0,107600.43,0,0,0,3137.23,3146.95,0,31161.5,32421.78,80.32,2464.28,20923.07,0,0,0,0
2006-12-05 20:00:00,0,3193.56,0,363.97,14306.26,6221.63,8472.01,0,0,1935.26,13721.11,236.99,0,16535.21,1671.76,4607.06,85923.21,0,20598.52,0,0,104765.29,0,0,0,3185.58,3120.15,0,32164.56,32874.5,78.8,2297.75,21664.56,0,0,0,0
2006-12-05 21:00:00,0,3149.17,0,356.64,13998.16,5974.74,8255.15,0,0,1808.07,12844.1,237.58,0,15654.76,1609.79,4534.05,84279.36,0,19907.64,0,0,101578.35,0,0,0,3090.22,3058.61,0,31769.67,32914.35,76.91,2132.08,21666.16,0,0,0,0
2006-12-05 22:00:00,0,3040.45,0,346.22,13459.06,5526.83,8063.88,0,0,1692.82,11956.79,224.59,0,14777.63,1536.19,4440.99,81679.12,0,18851.53,0,0,98179.2,0,0,0,2992.01,2975.28,0,31034.05,32068.9,75.4,2007.91,21019.64,0,0,0,0
2006-12-05 23:00:00,0,2948.42,0,328.87,12890.13,5111.91,7820.38,0,0,1583.18,11079.33,211.19,0,13913.93,1459.01,4333.01,78710.42,0,17797.59,0,0,94779.52,0,0,0,2894.53,2907.65,0,30119.25,30968.95,74.16,1899.71,20383.32,0,0,0,0
2006-12-06 00:00:00,0,2873.53,0,316.36,12428.12,4735.74,7522.72,0,0,1480.23,10263.78,197.7,0,13043.46,1381.41,4209.19,75765.32,0,16746.04,0,0,91132.18,0,0,0,2803.33,2847.99,0,29101.45,29874.25,73.6,1791.31,19694.71,0,0,0,0
2006-12-06 01:00:00,0,2818.1,0,298.34,12014.88,4419.59,7315.32,0,0,1386.1,9479.17,186.23,0,12410.98,1300.68,4083.22,72840.01,0,15728.74,0,0,87659.3,0,0,0,2721.5,2811.38,0,28170.9,28838.63,73.26,1686.3,18942.02,0,0,0,0
2006-12-06 02:00:00,0,2774.8,0,292.05,11859.9,4146.81,7320.06,0,0,1307.45,8799.75,178.48,0,12203.52,1238.93,3991.1,70162.18,0,14993.4,0,0,84731.21,0,0,0,2670.64,2843.85,0,27529.27,27981.38,73.28,1609.69,18793.29,0,0,0,0
2006-12-06 03:00:00,0,2807.19,0,301.01,12007.28,4125.01,7551.45,0,0,1316.33,8647.55,178.8,0,12296.7,1242.39,3957.65,68660.4,0,14779.88,0,0,84565.99,0,0,0,2736.21,2902.14,0,27795.36,27424.38,74.36,1625.22,18974.9,0,0,0,0
2006-12-06 04:00:00,0,2887.98,0,306.18,12511.48,4333.5,7812.9,0,0,1377.4,8974.41,182.49,0,12681.36,1281.38,4067.06,69823.77,0,15122.78,0,0,86192.51,0,0,0,2839.56,2962.68,0,28444.01,27447.52,76.77,1697.98,19348.32,0,0,0,0
2006-12-06 05:00:00,0,2978.5,0,311.52,13026.92,4613.37,8038.87,0,0,1438.83,9325.26,187.9,0,13052.19,1304.9,4214.48,71302.94,0,15522.03,0,0,87871.78,0,0,0,2923.55,3000.9,0,29008.29,28172.9,79.15,1784.22,19708.67,0,0,0,0
2006-12-06 06:00:00,0,3064.02,0,320.91,13597.87,4875.84,8248.35,0,0,1493.83,9691.47,193.81,0,13442.05,1338.29,4330.0,72780.82,0,15990.11,0,0,89590.0,0,0,0,3001.99,3028.59,0,29528.7,29166.45,81.39,1870.69,20073.66,0,0,0,0
2006-12-06 07:00:00,0,3152.42,0,325.59,14134.16,5128.7,8413.59,0,0,1550.32,10070.85,196.33,0,13820.24,1376.52,4437.75,74198.83,0,16551.52,0,0,91602.7,0,0,0,3050.07,3049.97,0,30067.44,30164.71,84.06,1961.98,20494.62,0,0,0,0
2006-12-06 08:00:00,0,3241.62,0,351.2,14843.48,5546.84,8567.27,0,0,1681.61,10949.13,201.53,0,15107.4,1446.07,4565.71,75629.26,0,18177.12,0,0,96878.92,0,0,0,3161.83,3032.58,0,31243.83,31144.19,86.01,2106.57,21082.41,0,0,0,0
2006-12-06 09:00:00,0,3396.39,0,347.66,14458.11,5313.18,7941.18,0,0,1694.56,11555.42,193.81,0,15045.06,1395.63,4599.2,79655.48,0,18440.68,0,0,96087.33,0,0,0,2966.21,2820.33,0,31329.05,32540.97,87.55,2063.69,21602.62,0,0,0,0
2006-12-06 10:00:00,0,3391.68,0,315.74,13340.62,5245.58,7084.72,0,0,1734.5,12061.5,186.9,0,14855.86,1287.29,4447.06,80611.78,0,18339.61,0,0,92758.81,0,0,0,2713.37,2501.12,0,29584.0,33021.64,87.53,2090.6,20562.75,0,0,0,0
2006-12-06 11:00:00,0,3313.06,0,294.67,12388.39,5357.0,6463.33,0,0,1780.0,12594.66,187.55,0,14834.76,1304.63,4293.84,80550.77,0,18349.0,0,0,91243.54,0,0,0,2576.79,2350.91,0,28079.96,32652.02,85.63,2116.5,19713.91,0,0,0,0
2006-12-06 12:00:00,0,3212.33,0,284.13,11733.69,5397.89,6126.54,0,0,1814.35,13043.15,189.33,0,14889.11,1322.68,4195.69,80486.85,0,18394.9,0,0,90133.32,0,0,0,2535.28,2291.44,0,26723.29,32168.5,83.38,2158.06,19052.33,0,0,0,0
2006-12-06 13:00:00,0,3108.26,0,282.82,11353.43,5430.96,5988.38,0,0,1842.52,13436.13,192.51,0,14999.57,1331.17,4128.45,80166.64,0,18359.7,0,0,88959.65,0,0,0,2489.69,2271.42,0,25742.71,31719.13,81.37,2206.48,18510.01,0,0,0,0
2006-12-06 14:00:00,0,3028.62,0,281.0,11228.54,5421.87,5982.68,0,0,1881.86,13793.3,193.99,0,15050.12,1331.93,4086.22,79517.3,0,18339.94,0,0,88135.25,0,0,0,2449.9,2256.03,0,24959.44,31261.86,79.82,2252.4,18365.62,0,0,0,0
2006-12-06 15:00:00,0,2982.73,0,277.26,11015.33,5471.35,5985.5,0,0,1930.16,14134.33,195.18,0,15130.33,1325.53,4038.96,79039.4,0,18414.12,0,0,87773.58,0,0,0,2432.41,2242.04,0,24117.78,30875.05,78.21,2289.6,18138.44,0,0,0,0
2006-12-06 16:00:00,0,2964.88,0,274.39,11272.61,5600.56,6206.47,0,0,1949.41,14322.14,196.41,0,15470.17,1323.79,4056.15,78949.3,0,18629.85,0,0,88835.84,0,0,0,2437.2,2221.03,0,23378.77,30495.24,76.83,2366.26,17940.21,0,0,0,0
2006-12-06 17:00:00,0,3002.64,0,274.79,11714.62,5598.05,6474.0,0,0,1933.36,14314.61,196.11,0,15781.77,1306.01,4199.63,79304.7,0,18961.83,0,0,91488.07,0,0,0,2484.08,2260.32,0,24117.93,30350.48,75.66,2368.53,18289.19,0,0,0,0
2006-12-06 18:00:00,0,3096.16,0,280.95,12045.61,5523.33,6655.08,0,0,1918.4,14164.43,200.83,0,16013.88,1334.52,4356.45,79844.23,0,19217.89,0,0,93210.47,0,0,0,2564.81,2313.82,0,25372.73,30722.84,75.67,2353.55,19045.03,0,0,0,0
2006-12-06 19:00:00,0,3271.24,0,324.72,13151.45,6330.83,7297.23,0,0,2136.7,15097.39,225.89,0,16672.13,1549.61,4532.66,85154.67,0,20310.66,0,0,100825.86,0,0,0,2832.85,2632.8,0,28258.15,32641.39,81.59,2594.0,19798.03,0,0,0,0
2006-12-06 20:00:00,0,3398.64,0,314.98,13289.09,6046.13,7030.03,0,0,1979.4,14153.6,220.99,0,15709.87,1478.97,4448.36,84459.8,0,19591.63,0,0,97973.44,0,0,0,2870.21,2568.23,0,29035.36,33325.37,81.92,2425.67,20513.08,0,0,0,0
2006-12-06 21:00:00,0,3391.63,0,296.45,12895.79,5786.38,6766.14,0,0,1835.8,13267.68,217.09,0,14779.91,1399.64,4367.94,83529.42,0,18813.52,0,0,95059.05,0,0,0,2769.19,2482.17,0,28539.23,33644.46,81.71,2257.21,20359.34,0,0,0,0
2006-12-06 22:00:00,0,3282.43,0,276.91,12326.57,5322.91,6472.07,0,0,1703.47,12323.15,201.14,0,13836.37,1318.47,4282.28,81531.25,0,17687.78,0,0,92319.11,0,0,0,2638.61,2377.35,0,27615.09,33048.45,81.01,2101.35,19640.35,0,0,0,0
2006-12-06 23:00:00,0,3167.01,0,258.85,11722.46,4890.0,6151.07,0,0,1582.25,11363.36,184.74,0,12928.83,1244.12,4209.68,79252.28,0,16685.51,0,0,89525.78,0,0,0,2508.42,2270.86,0,26596.96,32243.56,79.85,1958.83,19029.57,0,0,0,0
2006-12-07 00:00:00,0,3072.87,0,242.14,11139.93,4468.15,5819.06,0,0,1462.85,10420.0,167.92,0,12100.67,1180.35,4102.33,77024.13,0,15672.14,0,0,86733.4,0,0,0,2391.99,2191.96,0,25499.44,31422.65,79.05,1821.43,18454.55,0,0,0,0
2006-12-07 01:00:00,0,3017.42,0,224.35,10757.03,4108.72,5542.42,0,0,1344.43,9546.85,152.31,0,11393.53,1100.97,4013.8,74832.38,0,14654.14,0,0,83882.16,0,0,0,2293.47,2126.04,0,24488.8,30524.99,76.91,1701.3,17888.43,0,0,0,0
2006-12-07 02:00:00,0,3026.12,0,213.25,10634.42,3843.27,5424.68,0,0,1260.21,8907.4,142.1,0,11176.81,1046.64,3953.03,72833.4,0,13911.68,0,0,82065.22,0,0,0,2225.64,2167.73,0,23994.48,29919.79,75.56,1587.53,17769.85,0,0,0,0
2006-12-07 03:00:00,0,3076.54,0,218.48,10803.0,3796.01,5665.44,0,0,1274.59,8844.96,138.25,0,11289.46,1069.8,3982.62,72111.53,0,13760.91,0,0,82292.41,0,0,0,2243.17,2212.96,0,24364.9,29556.43,75.65,1604.43,17938.89,0,0,0,0
2006-12-07 04:00:00,0,3161.07,0,231.26,11371.01,4008.24,5988.45,0,0,1320.93,9142.03,142.41,0,11721.42,1123.38,4106.78,73480.82,0,14164.39,0,0,84130.16,0,0,0,2338.5,2262.97,0,24962.2,29499.49,76.14,1685.44,18129.11,0,0,0,0
2006-12-07 05:00:00,0,3267.6,0,244.34,12009.01,4224.08,6353.99,0,0,1379.66,9498.31,150.09,0,12181.8,1153.63,4261.35,75215.6,0,14780.9,0,0,86463.88,0,0,0,2464.01,2345.86,0,25576.72,30204.77,79.25,1750.82,18411.34,0,0,0,0
2006-12-07 06:00:00,0,3427.61,0,257.25,12563.48,4457.02,6711.78,0,0,1437.92,9854.79,157.23,0,12535.98,1199.06,4360.43,76798.06,0,15495.4,0,0,88660.24,0,0,0,2605.66,2466.62,0,26322.72,31227.01,83.4,1838.69,18648.35,0,0,0,0
2006-12-07 07:00:00,0,3586.39,0,263.32,13143.57,4685.97,7053.94,0,0,1501.46,10217.75,163.89,0,13017.79,1263.2,4459.74,78572.42,0,16106.15,0,0,90943.97,0,0,0,2715.74,2592.02,0,27165.31,32379.38,87.91,1929.53,19005.31,0,0,0,0
2006-12-07 08:00:00,0,3735.5,0,280.08,13950.26,4992.92,7414.81,0,0,1610.87,10932.67,172.94,0,13991.14,1339.51,4610.18,80405.44,0,17429.23,0,0,95336.43,0,0,0,2824.06,2642.92,0,28420.16,33522.31,92.16,2016.75,19593.83,0,0,0,0
2006-12-07 09:00:00,0,3980.95,0,289.48,13613.25,5278.47,7141.97,0,0,1663.72,11802.82,182.98,0,14486.0,1352.67,4939.25,85315.51,0,18332.55,0,0,97407.53,0,0,0,2808.28,2600.96,0,28896.05,35687.51,98.28,2069.47,20985.72,0,0,0,0
2006-12-07 10:00:00,0,4021.37,0,297.79,12597.11,5163.21,6688.47,0,0,1737.8,12493.26,184.36,0,14451.79,1282.99,5064.14,86469.72,0,18464.52,0,0,96063.47,0,0,0,2699.2,2561.11,0,27280.65,36344.97,102.23,2097.37,20800.13,0,0,0,0
2006-12-07 11:00:00,0,4012.61,0,301.31,11982.67,5221.91,6504.26,0,0,1799.42,13209.67,181.55,0,14505.1,1285.8,5194.72,86797.99,0,18335.18,0,0,95374.42,0,0,0,2622.45,2538.02,0,26399.53,36390.94,104.38,2147.74,20598.11,0,0,0,0
2006-12-07 12:00:00,0,4003.57,0,300.13,11619.15,5291.84,6434.26,0,0,1848.04,13699.03,188.85,0,14510.43,1304.3,5241.24,86785.84,0,18333.42,0,0,94844.23,0,0,0,2559.61,2487.2,0,25660.62,36310.14,104.32,2192.13,20685.24,0,0,0,0
2006-12-07 13:00:00,0,3961.87,0,298.47,11294.62,5362.28,6244.79,0,0,1888.33,14204.3,190.99,0,14398.74,1334.77,5205.12,86514.35,0,18270.26,0,0,94386.76,0,0,0,2506.3,2435.05,0,25168.13,36109.73,103.58,2239.13,20800.79,0,0,0,0
2006-12-07 14:00:00,0,3889.88,0,297.7,11019.27,5441.97,6182.16,0,0,1943.93,14467.39,192.6,0,14476.83,1339.0,5163.54,85948.9,0,18277.43,0,0,93766.22,0,0,0,2457.44,2367.07,0,24717.71,35772.24,102.4,2267.48,20956.04,0,0,0,0
2006-12-07 15:00:00,0,3816.95,0,291.98,10944.63,5488.29,6178.48,0,0,1984.12,14584.86,195.29,0,14796.69,1332.29,5113.96,85292.84,0,18509.56,0,0,93484.69,0,0,0,2424.16,2312.12,0,24496.72,35411.22,100.64,2265.12,21137.27,0,0,0,0
2006-12-07 16:00:00,0,3783.47,0,288.21,11291.91,5509.42,6284.03,0,0,1978.94,14479.61,195.95,0,15318.17,1316.56,5045.97,84766.44,0,18920.05,0,0,95012.57,0,0,0,2441.09,2277.66,0,24977.71,35153.33,98.14,2270.03,21253.33,0,0,0,0
2006-12-07 17:00:00,0,3838.12,0,294.53,12478.83,5486.67,6715.23,0,0,1941.46,14213.52,199.87,0,15704.95,1267.35,5039.75,84667.23,0,19566.46,0,0,98763.82,0,0,0,2541.54,2302.16,0,25684.63,35102.48,95.81,2289.04,21091.27,0,0,0,0
2006-12-07 18:00:00,0,4008.89,0,298.67,13332.34,5453.98,7105.85,0,0,1928.49,14064.87,203.77,0,16019.74,1323.71,5094.52,84795.98,0,20053.15,0,0,100885.47,0,0,0,2620.11,2348.9,0,26925.5,35494.95,95.58,2303.89,21634.85,0,0,0,0
2006-12-07 19:00:00,0,4407.35,0,325.48,14871.28,6330.51,7921.32,0,0,2139.29,14850.02,219.59,0,17036.71,1627.49,5500.35,92559.47,0,21126.08,0,0,107312.52,0,0,0,2875.79,2743.77,0,31962.0,38082.91,103.66,2514.87,24230.07,0,0,0,0
2006-12-07 20:00:00,0,4537.96,0,300.36,15340.7,6068.4,8150.95,0,0,1978.8,13877.63,212.83,0,16387.76,1560.59,5410.54,91585.13,0,20668.31,0,0,105111.02,0,0,0,3001.15,2696.38,0,33382.74,38450.36,103.34,2337.85,24916.31,0,0,0,0
2006-12-07 21:00:00,0,4488.81,0,284.13,15096.3,5800.63,8344.03,0,0,1828.79,12921.77,209.93,0,15674.36,1473.15,5315.09,90226.99,0,20142.62,0,0,102786.45,0,0,0,2966.3,2668.1,0,33158.56,38432.7,103.1,2174.47,24822.67,0,0,0,0
2006-12-07 22:00:00,0,4430.57,0,279.4,14839.41,5411.51,8514.36,0,0,1694.15,11924.36,201.86,0,14907.0,1411.82,5241.59,88249.45,0,19240.43,0,0,100703.46,0,0,0,2995.96,2741.64,0,32929.05,37613.07,102.8,2020.09,24290.78,0,0,0,0
2006-12-07 23:00:00,0,4369.59,0,270.41,14493.05,4966.6,8567.03,0,0,1570.07,10907.18,181.72,0,14178.9,1390.3,5157.88,85991.53,0,18442.08,0,0,98916.36,0,0,0,3028.3,2822.53,0,32567.36,36525.83,102.14,1868.26,23760.54,0,0,0,0
2006-12-08 00:00:00,0,4322.06,0,268.34,14209.09,4534.43,8561.58,0,0,1448.54,10044.05,163.89,0,13541.2,1323.4,5058.36,83555.0,0,17572.46,0,0,96885.72,0,0,0,3026.45,2850.65,0,32170.68,35411.24,100.96,1732.23,23201.34,0,0,0,0
2006-12-08 01:00:00,0,4274.2,0,273.43,13952.45,4192.69,8438.3,0,0,1345.58,9189.02,155.23,0,12955.03,1283.5,4978.38,81347.88,0,16611.69,0,0,94399.43,0,0,0,3032.47,2894.94,0,31731.09,34363.34,99.55,1600.2,22657.19,0,0,0,0
2006-12-08 02:00:00,0,4270.56,0,289.58,13895.54,4012.95,8311.43,0,0,1257.38,8571.89,152.07,0,12766.21,1246.96,4913.35,79491.3,0,15738.63,0,0,92151.65,0,0,0,3031.57,2946.23,0,31626.6,33647.36,99.14,1467.63,22744.85,0,0,0,0
2006-12-08 03:00:00,0,4317.76,0,305.48,14035.05,3977.71,8341.1,0,0,1236.06,8477.33,154.2,0,12913.09,1263.12,4921.35,78996.86,0,15342.55,0,0,91120.27,0,0,0,3076.59,3031.42,0,31909.15,33214.82,99.63,1393.83,23090.76,0,0,0,0
2006-12-08 04:00:00,0,4363.82,0,320.97,14463.13,4099.01,8601.82,0,0,1263.42,8663.45,171.89,0,13259.52,1366.06,5053.61,79840.64,0,15559.15,0,0,92841.45,0,0,0,3152.4,3164.32,0,32450.77,33104.08,100.33,1433.22,23721.07,0,0,0,0
2006-12-08 05:00:00,0,4407.42,0,326.93,15035.25,4307.2,8900.9,0,0,1319.02,9009.13,183.69,0,13613.14,1485.47,5199.96,81298.46,0,15939.72,0,0,95035.23,0,0,0,3257.99,3293.59,0,32998.58,33436.96,101.17,1529.85,24323.92,0,0,0,0
2006-12-08 06:00:00,0,4454.79,0,334.26,15676.37,4616.59,9240.34,0,0,1391.64,9375.38,199.95,0,13919.21,1576.74,5363.77,82736.52,0,16407.85,0,0,97298.49,0,0,0,3373.42,3438.93,0,33827.72,34053.89,102.38,1649.13,24842.12,0,0,0,0
2006-12-08 07:00:00,0,4490.58,0,342.0,16078.08,4967.71,9588.96,0,0,1471.47,9752.6,224.68,0,14293.81,1654.15,5525.69,84010.61,0,16821.64,0,0,99531.77,0,0,0,3497.88,3560.34,0,34757.84,34687.22,103.63,1774.92,25335.95,0,0,0,0
2006-12-08 08:00:00,0,4513.29,0,377.48,16924.25,5592.56,9831.47,0,0,1606.2,10580.81,245.39,0,15704.63,1797.97,5713.48,85092.79,0,18508.42,0,0,105649.64,0,0,0,3728.11,3693.51,0,36678.13,35305.61,104.45,1973.0,25999.72,0,0,0,0
2006-12-08 09:00:00,0,4575.96,0,403.95,16277.16,6208.74,9480.46,0,0,1731.08,11370.16,253.51,0,16203.03,1873.39,5754.03,89439.87,0,19519.46,0,0,107082.26,0,0,0,3730.89,3633.26,0,37440.18,36648.66,105.59,2267.94,26998.26,0,0,0,0
2006-12-08 10:00:00,0,4359.95,0,412.0,15796.0,6362.11,9157.73,0,0,1795.46,11878.65,257.66,0,16285.27,1855.8,5647.32,90287.45,0,19685.44,0,0,105425.82,0,0,0,3671.97,3563.02,0,37021.62,36842.49,104.42,2396.97,26509.1,0,0,0,0
2006-12-08 11:00:00,0,4077.79,0,415.69,15312.1,6287.47,8904.95,0,0,1816.72,12234.53,254.28,0,16292.54,1815.87,5504.31,89486.19,0,19754.79,0,0,103429.03,0,0,0,3580.13,3497.02,0,36127.58,36122.59,102.06,2384.96,25795.94,0,0,0,0
2006-12-08 12:00:00,0,3840.63,0,411.88,14716.22,6209.81,8597.0,0,0,1820.3,12508.25,247.25,0,16282.88,1794.38,5368.32,88578.1,0,19745.41,0,0,101715.03,0,0,0,3471.91,3417.1,0,34885.94,35242.53,100.04,2358.51,25084.66,0,0,0,0
2006-12-08 13:00:00,0,3663.88,0,400.54,14039.66,6126.03,8234.79,0,0,1819.54,12728.72,238.26,0,16210.67,1764.72,5242.65,87625.06,0,19731.39,0,0,100170.64,0,0,0,3343.53,3323.31,0,33511.55,34380.88,97.97,2356.61,24247.67,0,0,0,0
2006-12-08 14:00:00,0,3537.95,0,384.91,13448.59,6008.71,7936.46,0,0,1830.62,12871.86,227.67,0,16025.06,1737.29,5125.82,86515.24,0,19691.61,0,0,99071.66,0,0,0,3221.7,3240.14,0,32270.4,33635.74,96.29,2311.45,23395.39,0,0,0,0
2006-12-08 15:00:00,0,3431.26,0,364.77,13066.48,5821.41,7718.23,0,0,1835.35,12955.62,219.21,0,15998.86,1711.32,5037.76,85271.04,0,19764.76,0,0,98215.22,0,0,0,3083.98,3165.04,0,31064.82,32981.5,94.07,2261.08,22884.21,0,0,0,0
2006-12-08 16:00:00,0,3355.05,0,350.17,13080.65,5694.91,7750.22,0,0,1842.95,12997.62,220.76,0,16542.56,1693.62,4981.61,84211.36,0,20030.24,0,0,99001.17,0,0,0,3021.18,3161.79,0,30364.71,32384.25,90.99,2224.03,22477.49,0,0,0,0
2006-12-08 17:00:00,0,3382.79,0,342.81,13769.58,5638.47,8619.11,0,0,1840.76,13013.83,225.44,0,17126.57,1635.13,5016.79,83864.82,0,20410.35,0,0,102331.48,0,0,0,3226.31,3410.42,0,30888.4,32226.02,88.27,2190.15,22597.12,0,0,0,0
2006-12-08 18:00:00,0,3444.28,0,383.88,14256.73,5728.92,9012.98,0,0,1877.1,13280.11,239.73,0,17566.95,1699.54,5111.58,84223.61,0,20722.62,0,0,104640.98,0,0,0,3383.58,3565.54,0,32760.83,32462.6,87.76,2248.54,23420.58,0,0,0,0
2006-12-08 19:00:00,0,3641.62,0,447.46,15545.81,6354.25,10405.06,0,0,2000.77,13537.83,270.59,0,17844.92,1967.49,5386.84,87877.69,0,21399.95,0,0,109158.0,0,0,0,3749.99,3972.39,0,35791.71,33844.34,85.31,2480.74,23788.8,0,0,0,0
2006-12-08 20:00:00,0,3731.89,0,458.5,15820.45,6303.16,10279.8,0,0,1902.74,12683.96,273.59,0,17019.78,1937.12,5290.34,86776.79,0,20830.56,0,0,106404.95,0,0,0,3804.89,3948.33,0,36572.25,34233.53,83.98,2388.67,24436.8,0,0,0,0
2006-12-08 21:00:00,0,3720.02,0,450.29,15599.73,6311.09,10148.42,0,0,1804.33,11873.87,273.43,0,16269.67,1901.37,5188.07,85239.0,0,20185.37,0,0,103735.35,0,0,0,3750.93,3919.04,0,36281.18,33684.84,82.71,2331.68,24468.3,0,0,0,0
2006-12-08 22:00:00,0,3604.93,0,436.01,15311.08,6063.01,9994.16,0,0,1721.66,11112.73,259.65,0,15538.57,1849.31,5083.2,82976.64,0,19328.17,0,0,101056.55,0,0,0,3656.54,3860.78,0,35761.59,33126.8,80.78,2253.01,23843.62,0,0,0,0
2006-12-08 23:00:00,0,3494.06,0,421.9,15069.11,5716.28,9857.92,0,0,1634.46,10398.89,247.46,0,14759.17,1794.42,4979.47,80477.12,0,18363.15,0,0,98234.35,0,0,0,3577.51,3804.24,0,35052.38,32559.75,78.35,2172.59,23235.98,0,0,0,0
2006-12-09 00:00:00,0,3381.3,0,414.22,14720.93,5360.87,9778.5,0,0,1542.49,9733.82,236.71,0,13952.49,1742.59,4883.08,77842.65,0,17400.42,0,0,95394.44,0,0,0,3507.34,3764.68,0,34471.34,31797.88,76.04,2088.96,22774.27,0,0,0,0
2006-12-09 01:00:00,0,3268.0,0,395.79,14481.8,5081.61,9705.61,0,0,1454.24,9154.32,228.56,0,13156.81,1686.61,4778.41,75281.84,0,16567.32,0,0,92537.51,0,0,0,3466.35,3776.84,0,33868.21,31006.36,74.28,2000.24,22594.79,0,0,0,0
2006-12-09 02:00:00,0,3189.6,0,385.76,14335.48,4830.89,9650.87,0,0,1372.41,8627.96,220.9,0,12662.17,1636.28,4679.28,73438.78,0,15756.79,0,0,90040.55,0,0,0,3455.01,3796.67,0,33514.87,30212.84,73.29,1928.9,22606.59,0,0,0,0
2006-12-09 03:00:00,0,3159.13,0,390.99,14317.54,4721.97,9750.78,0,0,1327.31,8315.36,213.59,0,12575.29,1598.88,4625.61,72397.95,0,15167.76,0,0,88557.44,0,0,0,3485.2,3840.64,0,33539.08,29551.81,72.78,1875.43,22602.13,0,0,0,0
2006-12-09 04:00:00,0,3151.97,0,385.69,14494.24,4765.45,9933.02,0,0,1323.02,8392.84,213.29,0,12694.82,1585.42,4630.53,71961.53,0,14973.02,0,0,88767.97,0,0,0,3565.67,3903.53,0,33859.9,29069.73,73.05,1851.57,22630.59,0,0,0,0
2006-12-09 05:00:00,0,3179.02,0,384.26,14832.21,4883.34,10163.42,0,0,1350.57,8692.83,215.93,0,12917.4,1593.34,4691.77,72753.04,0,15098.75,0,0,89735.31,0,0,0,3633.45,3960.16,0,34218.43,29195.53,73.65,1888.35,22879.82,0,0,0,0
2006-12-09 06:00:00,0,3207.69,0,380.43,15184.34,5078.75,10365.38,0,0,1384.51,9064.8,218.73,0,13113.41,1612.95,4793.87,73344.94,0,15376.91,0,0,91076.37,0,0,0,3698.73,3999.02,0,34598.3,29444.43,74.38,1939.98,23132.47,0,0,0,0
2006-12-09 07:00:00,0,3234.82,0,382.7,15442.47,5276.92,10577.8,0,0,1418.19,9450.64,221.81,0,13230.01,1624.38,4904.58,73972.68,0,15726.03,0,0,92446.62,0,0,0,3747.37,4015.26,0,34872.07,29775.99,75.43,1977.7,23416.17,0,0,0,0
2006-12-09 08:00:00,0,3261.65,0,382.64,15835.01,5415.65,10579.52,0,0,1510.59,10068.6,222.89,0,13683.67,1675.75,4992.59,74626.73,0,16686.46,0,0,94548.91,0,0,0,3781.96,4027.09,0,35238.23,30145.1,76.62,2047.07,23840.65,0,0,0,0
2006-12-09 09:00:00,0,3390.27,0,371.49,15237.82,5480.57,9824.28,0,0,1582.12,10736.03,216.5,0,13850.24,1624.06,4909.85,75760.2,0,17031.18,0,0,94797.41,0,0,0,3570.46,3833.42,0,34906.24,30856.93,77.49,2103.51,24331.68,0,0,0,0
2006-12-09 10:00:00,0,3435.71,0,361.04,14155.93,5500.08,9077.85,0,0,1635.61,11378.48,207.34,0,13906.69,1523.26,4663.72,76234.32,0,17221.28,0,0,93285.45,0,0,0,3398.49,3657.74,0,32612.48,31557.72,76.79,2105.78,23189.59,0,0,0,0
2006-12-09 11:00:00,0,3305.28,0,356.43,13208.11,5485.75,8428.83,0,0,1667.38,11968.77,197.24,0,13924.17,1452.13,4446.29,75980.72,0,17340.54,0,0,91487.08,0,0,0,3267.28,3508.95,0,30893.31,31381.72,74.67,2078.17,22075.1,0,0,0,0
2006-12-09 12:00:00,0,3184.04,0,339.81,12423.69,5462.43,7940.93,0,0,1696.9,12477.86,190.11,0,13891.03,1439.07,4259.43,75373.22,0,17367.88,0,0,89922.12,0,0,0,3174.85,3405.44,0,29432.24,30685.24,72.95,2079.18,21000.58,0,0,0,0
2006-12-09 13:00:00,0,3091.81,0,331.39,11752.82,5353.72,7541.41,0,0,1717.68,12802.34,187.82,0,13822.12,1436.92,4103.93,74699.62,0,17344.07,0,0,88372.85,0,0,0,3072.39,3321.11,0,28275.0,29999.91,71.19,2069.29,19976.79,0,0,0,0
2006-12-09 14:00:00,0,3019.78,0,310.84,11246.76,5204.48,7269.65,0,0,1721.47,12909.31,186.01,0,13739.74,1424.47,3998.34,73840.34,0,17335.6,0,0,86919.63,0,0,0,2960.98,3244.38,0,27362.87,29365.39,69.71,2067.44,19085.39,0,0,0,0
2006-12-09 15:00:00,0,2960.6,0,291.32,10944.12,5144.03,7129.09,0,0,1713.38,12931.05,187.08,0,13857.98,1398.35,3942.6,72633.23,0,17436.64,0,0,85851.22,0,0,0,2836.06,3169.56,0,26476.01,28804.54,68.44,2047.6,18507.0,0,0,0,0
2006-12-09 16:00:00,0,2905.46,0,279.88,11100.81,5042.15,7363.59,0,0,1693.93,12830.04,188.95,0,14797.26,1361.39,3931.72,71400.75,0,17890.97,0,0,86498.02,0,0,0,2786.27,3175.09,0,25505.54,28187.89,67.37,2034.2,18011.68,0,0,0,0
2006-12-09 17:00:00,0,2877.89,0,288.47,11956.44,4942.0,7869.37,0,0,1657.06,12687.85,193.21,0,15419.27,1340.23,4075.62,71059.93,0,18444.44,0,0,90075.75,0,0,0,2902.96,3271.11,0,25998.97,27788.19,67.1,2015.14,18450.68,0,0,0,0
2006-12-09 18:00:00,0,2844.44,0,310.83,12447.69,4940.85,8262.83,0,0,1681.08,12881.12,204.0,0,15842.65,1412.02,4233.82,72252.18,0,18834.19,0,0,92469.37,0,0,0,3051.07,3419.87,0,27455.34,28000.45,68.83,2031.01,19400.4,0,0,0,0
2006-12-09 19:00:00,0,3060.9,0,366.62,14226.11,6064.86,9611.74,0,0,2033.48,14042.1,224.6,0,16937.08,1644.62,4807.46,81528.96,0,20391.96,0,0,101705.27,0,0,0,3550.71,3868.6,0,32700.28,31457.54,76.74,2386.64,21101.72,0,0,0,0
2006-12-09 20:00:00,0,3145.31,0,369.78,14582.94,5981.92,9520.48,0,0,1931.22,13170.21,229.0,0,16130.1,1598.08,4732.34,80754.31,0,19876.01,0,0,99241.6,0,0,0,3627.96,3866.81,0,33546.13,32182.05,75.7,2294.71,21814.76,0,0,0,0
2006-12-09 21:00:00,0,3174.9,0,363.82,14372.01,5887.81,9376.99,0,0,1827.57,12319.93,231.52,0,15322.34,1553.49,4645.21,79294.55,0,19351.81,0,0,96455.8,0,0,0,3607.21,3842.92,0,32873.69,31718.57,74.44,2198.88,21925.53,0,0,0,0
2006-12-09 22:00:00,0,3086.24,0,345.79,13963.1,5595.19,9191.46,0,0,1741.32,11521.47,222.07,0,14529.22,1507.3,4548.89,77017.31,0,18537.09,0,0,93633.67,0,0,0,3520.06,3793.97,0,32286.99,31197.21,72.82,2100.25,21355.76,0,0,0,0
2006-12-09 23:00:00,0,2994.2,0,326.55,13553.65,5235.29,8953.43,0,0,1657.66,10797.03,212.26,0,13734.54,1462.17,4437.28,74631.6,0,17662.18,0,0,90508.57,0,0,0,3428.05,3733.77,0,31563.98,30642.27,70.87,2007.09,20722.89,0,0,0,0
2006-12-10 00:00:00,0,2902.56,0,323.67,13147.46,4868.07,8721.17,0,0,1569.46,10154.46,202.95,0,12939.38,1421.41,4304.44,72247.13,0,16768.1,0,0,87266.94,0,0,0,3348.3,3695.09,0,30892.25,29958.32,69.03,1906.46,20123.02,0,0,0,0
2006-12-10 01:00:00,0,2809.16,0,320.45,12776.93,4584.49,8590.4,0,0,1478.47,9567.6,193.45,0,12075.99,1395.96,4165.25,69804.05,0,15919.57,0,0,84243.74,0,0,0,3280.4,3699.5,0,30128.62,29288.61,67.25,1802.49,19774.98,0,0,0,0
2006-12-10 02:00:00,0,2739.8,0,314.03,12586.6,4355.13,8528.82,0,0,1394.9,9027.4,183.28,0,11742.08,1373.53,4051.34,67500.36,0,15107.78,0,0,81675.55,0,0,0,3229.28,3711.71,0,29467.89,28598.45,66.14,1733.28,19519.62,0,0,0,0
2006-12-10 03:00:00,0,2736.46,0,325.0,12499.68,4183.92,8534.41,0,0,1340.34,8743.11,177.01,0,11761.2,1362.81,3970.84,66398.03,0,14614.39,0,0,80300.75,0,0,0,3199.63,3709.19,0,29322.16,27896.7,65.33,1706.42,19380.45,0,0,0,0
2006-12-10 04:00:00,0,2746.78,0,320.19,12611.36,4193.33,8674.41,0,0,1326.76,8728.45,178.81,0,11928.35,1386.49,3965.15,65783.75,0,14389.08,0,0,80703.61,0,0,0,3203.08,3719.85,0,29142.63,27473.86,65.82,1710.54,19414.58,0,0,0,0
2006-12-10 05:00:00,0,2792.84,0,324.61,12836.82,4247.56,8827.24,0,0,1347.0,8838.83,180.93,0,12109.77,1411.27,4015.48,66286.39,0,14458.31,0,0,81785.68,0,0,0,3245.8,3748.32,0,29216.3,27629.45,66.75,1751.93,19647.59,0,0,0,0
2006-12-10 06:00:00,0,2849.34,0,329.68,13128.67,4332.38,8995.73,0,0,1376.11,9133.5,185.11,0,12386.57,1450.27,4110.94,67370.92,0,14749.75,0,0,83171.58,0,0,0,3295.32,3766.19,0,29760.85,28013.84,67.96,1788.14,19924.71,0,0,0,0
2006-12-10 07:00:00,0,2894.3,0,330.21,13468.62,4439.79,9157.46,0,0,1403.63,9480.33,188.13,0,12568.57,1468.59,4216.56,68206.8,0,15053.82,0,0,84695.19,0,0,0,3360.02,3804.84,0,30135.13,28388.29,69.15,1827.93,20156.67,0,0,0,0
2006-12-10 08:00:00,0,2942.27,0,337.69,14046.15,4738.42,9293.38,0,0,1503.72,10325.87,188.77,0,13016.82,1492.19,4311.18,69130.78,0,15912.79,0,0,87112.15,0,0,0,3435.74,3821.06,0,30290.55,28738.75,70.46,1963.69,20616.64,0,0,0,0
2006-12-10 09:00:00,0,3098.3,0,315.57,13834.8,4979.09,8662.66,0,0,1556.52,11183.51,180.57,0,13064.03,1379.89,4290.28,70884.0,0,16215.33,0,0,87446.48,0,0,0,3309.12,3694.02,0,30641.5,29447.5,71.53,2011.34,21181.11,0,0,0,0
2006-12-10 10:00:00,0,3152.09,0,294.87,12836.01,5124.99,7690.57,0,0,1600.35,11852.98,173.89,0,13095.21,1339.42,4111.87,71954.69,0,16200.98,0,0,84999.25,0,0,0,3031.99,3406.54,0,28871.44,30253.52,71.1,2046.08,20148.12,0,0,0,0
2006-12-10 11:00:00,0,3114.67,0,283.6,12091.92,5277.6,7025.66,0,0,1650.99,12436.57,177.36,0,13080.63,1339.52,3924.07,72112.61,0,16186.23,0,0,82848.88,0,0,0,2799.13,3169.04,0,27320.22,30306.29,69.57,2052.02,18916.19,0,0,0,0
2006-12-10 12:00:00,0,3088.7,0,275.11,11357.14,5301.3,6547.3,0,0,1689.38,13039.61,180.32,0,13025.81,1343.79,3789.37,72143.82,0,16169.33,0,0,81238.07,0,0,0,2640.59,3009.43,0,26222.07,30104.35,68.15,2074.98,17893.04,0,0,0,0
2006-12-10 13:00:00,0,3053.06,0,268.46,10728.77,5296.67,6216.05,0,0,1728.8,13272.27,183.37,0,12922.35,1350.81,3700.17,71761.41,0,16115.03,0,0,79904.6,0,0,0,2509.51,2893.04,0,25029.77,29757.7,67.11,2106.59,17234.85,0,0,0,0
2006-12-10 14:00:00,0,3025.09,0,265.19,10269.86,5285.38,6025.95,0,0,1759.48,13308.38,186.41,0,12909.33,1353.79,3635.65,71131.58,0,16101.67,0,0,79092.59,0,0,0,2399.05,2805.39,0,24265.83,29293.2,65.56,2113.72,16812.35,0,0,0,0
2006-12-10 15:00:00,0,3000.04,0,260.2,10136.88,5311.06,5949.4,0,0,1771.18,13380.59,187.16,0,13075.4,1340.52,3587.13,70437.31,0,16315.67,0,0,78741.99,0,0,0,2350.21,2736.54,0,23528.94,28788.58,64.63,2137.75,16722.35,0,0,0,0
2006-12-10 16:00:00,0,2967.12,0,258.15,10402.74,5302.39,6238.14,0,0,1753.03,13304.59,188.06,0,13887.17,1318.08,3616.61,69975.96,0,16843.98,0,0,80172.39,0,0,0,2353.24,2755.02,0,22907.07,28248.53,63.8,2152.08,16449.29,0,0,0,0
2006-12-10 17:00:00,0,2947.53,0,253.97,11199.73,5200.43,6674.13,0,0,1729.09,13305.85,190.98,0,14461.9,1261.94,3736.75,70233.32,0,17455.4,0,0,83862.06,0,0,0,2469.42,2834.63,0,23229.9,27818.67,63.25,2134.99,16727.27,0,0,0,0
2006-12-10 18:00:00,0,2911.76,0,260.33,11669.12,5068.52,7097.57,0,0,1721.23,13384.5,194.9,0,14882.77,1266.3,3884.1,70983.11,0,17962.92,0,0,86216.6,0,0,0,2606.7,2966.45,0,23996.24,27710.65,63.91,2051.84,17614.05,0,0,0,0
2006-12-10 19:00:00,0,3142.92,0,318.67,13891.15,6358.41,8406.29,0,0,2091.34,14435.19,226.73,0,16866.77,1576.12,4511.55,81789.82,0,20466.84,0,0,100727.85,0,0,0,3060.72,3299.3,0,29114.58,31547.17,78.64,2491.24,19668.23,0,0,0,0
2006-12-10 20:00:00,0,3206.65,0,313.29,14200.12,6111.93,8269.19,0,0,1955.75,13587.38,224.1,0,16021.73,1492.78,4453.98,80610.34,0,19764.0,0,0,98021.67,0,0,0,3114.85,3287.99,0,29973.3,31896.84,76.62,2318.98,20330.26,0,0,0,0
2006-12-10 21:00:00,0,3200.32,0,297.4,13933.44,5864.83,8113.56,0,0,1824.69,12737.79,218.9,0,15158.68,1414.71,4388.67,79024.34,0,19027.84,0,0,95411.74,0,0,0,3066.29,3240.59,0,29589.66,31796.56,75.04,2163.35,20344.13,0,0,0,0
2006-12-10 22:00:00,0,3070.63,0,283.43,13378.23,5441.14,7894.77,0,0,1703.52,11851.3,204.14,0,14301.51,1338.05,4288.94,76690.1,0,17982.42,0,0,92557.54,0,0,0,2967.99,3145.75,0,28668.58,30989.58,72.68,2024.95,19668.98,0,0,0,0
2006-12-10 23:00:00,0,2933.46,0,272.01,12856.6,5018.72,7635.87,0,0,1587.82,10962.54,188.01,0,13419.44,1267.39,4196.46,73896.95,0,16919.33,0,0,89557.22,0,0,0,2851.84,3052.31,0,27664.91,29786.26,70.43,1892.44,18951.25,0,0,0,0
2006-12-11 00:00:00,0,2797.33,0,259.21,12435.59,4625.42,7412.32,0,0,1462.92,10127.24,171.06,0,12513.63,1183.9,4102.0,71015.81,0,15852.84,0,0,86398.58,0,0,0,2743.94,2959.01,0,26639.22,28581.03,68.22,1766.64,18192.3,0,0,0,0
2006-12-11 01:00:00,0,2677.77,0,245.05,12038.4,4262.45,7217.33,0,0,1356.81,9354.74,155.72,0,11813.49,1100.61,3979.81,68006.85,0,14786.46,0,0,83310.17,0,0,0,2666.29,2921.14,0,25751.91,27403.0,66.33,1654.04,17442.56,0,0,0,0
2006-12-11 02:00:00,0,2570.48,0,234.44,11783.66,4007.24,7214.76,0,0,1283.55,8742.36,145.91,0,11594.02,1022.84,3852.54,65019.39,0,14006.38,0,0,80576.15,0,0,0,2618.36,2944.59,0,25108.42,26534.7,65.06,1559.49,17103.75,0,0,0,0
2006-12-11 03:00:00,0,2481.42,0,240.05,11861.79,3958.32,7433.04,0,0,1289.08,8564.19,144.02,0,11707.1,1013.47,3813.96,64167.19,0,13739.28,0,0,80610.41,0,0,0,2668.57,2989.86,0,25346.01,26025.09,64.9,1579.48,17080.58,0,0,0,0
2006-12-11 04:00:00,0,2511.99,0,247.48,12368.59,4107.37,7712.39,0,0,1346.83,8895.78,150.67,0,12086.64,1055.92,3907.32,64802.66,0,14205.78,0,0,82696.39,0,0,0,2714.79,3007.42,0,25964.39,25761.63,66.06,1653.45,17337.46,0,0,0,0
2006-12-11 05:00:00,0,2550.54,0,255.77,12934.38,4311.63,8006.53,0,0,1385.78,9278.4,156.08,0,12518.5,1094.16,4007.01,66018.71,0,14751.2,0,0,84846.51,0,0,0,2797.59,3038.31,0,26538.93,26068.0,67.08,1743.53,17810.28,0,0,0,0
2006-12-11 06:00:00,0,2586.05,0,264.53,13472.0,4466.5,8273.87,0,0,1431.92,9638.28,166.96,0,12903.98,1135.45,4132.6,67397.79,0,15309.56,0,0,86936.71,0,0,0,2883.79,3084.56,0,27165.56,26783.08,68.02,1822.76,18267.27,0,0,0,0
2006-12-11 07:00:00,0,2621.58,0,272.25,13952.73,4620.81,8509.19,0,0,1473.0,10002.49,177.25,0,13284.56,1178.6,4267.63,68764.29,0,15906.03,0,0,88979.22,0,0,0,2952.17,3120.78,0,27722.21,27507.43,68.85,1891.11,18731.06,0,0,0,0
2006-12-11 08:00:00,0,2664.13,0,301.98,14666.19,4880.17,8734.39,0,0,1601.76,10756.65,184.51,0,14575.4,1221.67,4426.64,70063.63,0,17593.28,0,0,94243.62,0,0,0,3107.68,3137.23,0,29081.09,28191.2,69.78,2024.63,19273.6,0,0,0,0
2006-12-11 09:00:00,0,2750.3,0,296.55,14505.68,4991.29,8330.59,0,0,1658.98,11429.5,188.19,0,14872.17,1264.19,4525.83,72680.29,0,17848.34,0,0,94260.08,0,0,0,3051.16,3055.1,0,29152.6,29181.0,71.11,2021.9,19807.08,0,0,0,0
2006-12-11 10:00:00,0,2840.32,0,289.38,13493.04,5196.38,7459.27,0,0,1721.65,11978.11,185.54,0,14817.93,1303.53,4340.05,74584.79,0,17763.68,0,0,91775.78,0,0,0,2834.11,2777.3,0,27279.53,30118.92,72.5,2051.02,18965.0,0,0,0,0
2006-12-11 11:00:00,0,2860.67,0,283.56,12649.72,5315.04,6871.39,0,0,1781.54,12578.67,186.65,0,14591.41,1335.15,4176.54,75590.6,0,17751.59,0,0,89872.94,0,0,0,2717.65,2576.95,0,25972.97,30522.97,73.54,2092.82,18205.78,0,0,0,0
2006-12-11 12:00:00,0,2867.17,0,280.93,11973.41,5371.08,6454.9,0,0,1830.99,13056.37,188.3,0,14466.46,1369.3,4050.31,76155.35,0,17742.72,0,0,88361.05,0,0,0,2636.53,2468.14,0,25071.22,30551.17,74.08,2156.16,17755.13,0,0,0,0
2006-12-11 13:00:00,0,2859.62,0,282.56,11363.35,5415.56,6144.09,0,0,1868.11,13427.68,192.13,0,14376.79,1388.58,3959.38,76258.04,0,17797.65,0,0,87146.31,0,0,0,2566.59,2393.3,0,24430.73,30432.44,74.45,2213.73,17393.24,0,0,0,0
2006-12-11 14:00:00,0,2837.44,0,282.28,10983.69,5476.28,5942.14,0,0,1923.88,13643.28,195.42,0,14332.69,1387.68,3913.46,76330.53,0,17808.04,0,0,85956.27,0,0,0,2519.69,2343.9,0,23727.03,30264.53,73.44,2267.3,17052.6,0,0,0,0
2006-12-11 15:00:00,0,2813.05,0,281.5,10839.07,5551.65,5826.69,0,0,1945.32,13849.4,197.79,0,14596.69,1380.43,3904.7,76152.04,0,18045.16,0,0,85375.15,0,0,0,2465.5,2265.55,0,23015.83,30054.34,72.03,2289.62,16734.91,0,0,0,0
2006-12-11 16:00:00,0,2796.7,0,281.77,10802.93,5609.12,6009.77,0,0,1961.39,14039.98,200.15,0,15397.15,1370.99,3900.73,75939.6,0,18744.19,0,0,87061.76,0,0,0,2430.77,2237.9,0,22792.07,29854.12,72.06,2319.02,16545.07,0,0,0,0
2006-12-11 17:00:00,0,2800.95,0,279.22,11278.31,5620.37,6319.27,0,0,1985.07,14234.55,200.54,0,15888.19,1360.56,3887.34,75571.41,0,19263.75,0,0,90206.54,0,0,0,2470.63,2299.29,0,23300.14,29697.81,72.35,2354.24,16634.6,0,0,0,0
2006-12-11 18:00:00,0,2818.2,0,281.43,11565.54,5574.46,6582.31,0,0,2006.44,14288.76,202.85,0,16126.33,1373.18,3950.83,76044.55,0,19690.09,0,0,91888.6,0,0,0,2558.07,2407.95,0,24302.17,29540.69,72.44,2314.9,16963.42,0,0,0,0
2006-12-11 19:00:00,0,2791.08,0,317.0,13014.41,6353.59,7709.19,0,0,2162.7,14894.16,225.57,0,16643.41,1564.88,4095.3,78402.94,0,20496.31,0,0,97462.96,0,0,0,2893.81,2909.94,0,26798.3,30104.09,71.21,2531.32,18071.57,0,0,0,0
2006-12-11 20:00:00,0,2803.51,0,309.98,13134.87,6089.35,7490.96,0,0,2024.78,14040.79,220.31,0,15825.1,1484.33,3999.12,77076.93,0,19830.27,0,0,94674.7,0,0,0,2942.17,2906.61,0,27360.28,30433.78,68.86,2370.29,18386.53,0,0,0,0
2006-12-11 21:00:00,0,2785.77,0,295.54,12863.22,5827.19,7276.0,0,0,1899.78,13194.16,213.22,0,14974.81,1405.2,3884.25,75070.49,0,19046.63,0,0,91785.58,0,0,0,2854.44,2861.38,0,26849.43,30165.52,66.54,2223.44,18126.16,0,0,0,0
2006-12-11 22:00:00,0,2647.48,0,274.48,12343.02,5410.58,7070.45,0,0,1780.1,12355.82,197.81,0,14126.94,1323.79,3784.05,72973.64,0,17840.99,0,0,88902.47,0,0,0,2742.79,2780.45,0,25918.56,29362.98,64.38,2077.85,17309.35,0,0,0,0
2006-12-11 23:00:00,0,2526.79,0,254.43,11808.18,4939.71,6868.04,0,0,1659.47,11439.66,182.39,0,13286.23,1244.83,3656.31,70279.24,0,16728.4,0,0,86007.09,0,0,0,2627.57,2698.82,0,24820.56,28138.99,62.22,1933.38,16501.17,0,0,0,0
2006-12-12 00:00:00,0,2403.0,0,235.27,11396.86,4475.66,6689.84,0,0,1539.24,10581.86,166.49,0,12442.03,1165.71,3533.33,67505.73,0,15661.21,0,0,83062.4,0,0,0,2531.02,2646.7,0,23827.84,26979.48,60.22,1793.87,15719.32,0,0,0,0
2006-12-12 01:00:00,0,2288.7,0,220.49,11054.8,4046.68,6557.0,0,0,1426.8,9793.54,150.49,0,11801.47,1087.54,3402.75,64766.7,0,14624.72,0,0,80128.29,0,0,0,2459.24,2618.46,0,22873.72,25866.27,58.72,1671.13,15076.84,0,0,0,0
2006-12-12 02:00:00,0,2187.03,0,211.25,10928.7,3717.82,6555.32,0,0,1337.52,9144.0,138.47,0,11647.32,1030.21,3275.47,62284.34,0,13823.5,0,0,77301.54,0,0,0,2416.87,2669.58,0,22135.34,25121.47,57.92,1566.23,14594.88,0,0,0,0
2006-12-12 03:00:00,0,2108.67,0,213.93,11005.75,3653.17,6714.24,0,0,1312.22,8816.65,132.74,0,11822.06,1019.37,3242.83,61681.89,0,13629.21,0,0,76947.14,0,0,0,2460.91,2727.55,0,22276.07,24727.27,57.02,1575.17,14565.68,0,0,0,0
2006-12-12 04:00:00,0,2148.54,0,220.36,11500.99,3831.64,6987.02,0,0,1322.95,8984.65,136.76,0,12175.36,1040.03,3382.74,62317.39,0,14101.52,0,0,78818.46,0,0,0,2560.48,2776.83,0,22788.68,24613.18,57.53,1632.99,14670.01,0,0,0,0
2006-12-12 05:00:00,0,2218.05,0,232.88,12064.32,4055.65,7287.0,0,0,1362.6,9291.81,142.98,0,12508.9,1079.11,3524.45,63765.74,0,14672.43,0,0,80828.28,0,0,0,2669.61,2835.14,0,23378.28,25300.5,59.03,1688.32,14987.2,0,0,0,0
2006-12-12 06:00:00,0,2294.84,0,237.65,12632.95,4244.41,7606.89,0,0,1404.07,9627.74,149.62,0,12849.0,1122.21,3667.89,65222.02,0,15264.4,0,0,82867.97,0,0,0,2764.45,2886.46,0,23989.79,26131.29,60.73,1751.15,15327.52,0,0,0,0
2006-12-12 07:00:00,0,2381.18,0,241.08,13231.99,4408.21,7917.38,0,0,1456.64,9982.95,155.07,0,13200.25,1148.79,3803.76,66707.61,0,15832.55,0,0,84743.22,0,0,0,2850.2,2933.3,0,24584.54,26992.03,62.55,1815.91,15642.5,0,0,0,0
2006-12-12 08:00:00,0,2463.52,0,259.04,14021.28,4694.38,8222.68,0,0,1589.11,10825.58,162.87,0,14573.61,1206.7,3937.84,68151.6,0,17048.12,0,0,89341.89,0,0,0,3032.29,2990.69,0,25625.96,27834.43,64.09,1937.54,16100.6,0,0,0,0
2006-12-12 09:00:00,0,2582.46,0,267.19,13790.58,4964.26,7944.01,0,0,1679.37,11653.37,170.02,0,14743.65,1283.42,4075.57,70386.57,0,17680.56,0,0,90364.63,0,0,0,2967.51,2886.05,0,25680.41,28967.72,65.8,2012.19,17016.28,0,0,0,0
2006-12-12 10:00:00,0,2671.24,0,270.49,13020.84,5166.27,7358.84,0,0,1755.65,12365.22,176.52,0,14637.26,1310.02,4058.05,72719.89,0,17717.28,0,0,89468.99,0,0,0,2728.2,2662.99,0,25013.98,30101.65,67.53,2088.86,17186.79,0,0,0,0
2006-12-12 11:00:00,0,2691.51,0,277.86,12428.76,5351.69,6916.01,0,0,1820.53,13105.31,183.58,0,14558.29,1338.89,3998.58,74171.59,0,17831.18,0,0,88920.78,0,0,0,2626.93,2543.14,0,24549.81,30316.17,69.0,2135.29,17111.3,0,0,0,0
2006-12-12 12:00:00,0,2687.06,0,286.86,11962.13,5449.36,6580.27,0,0,1875.69,13588.82,190.73,0,14530.33,1365.97,3972.29,75183.42,0,17882.13,0,0,87882.99,0,0,0,2538.14,2460.88,0,24236.29,30171.82,69.61,2221.49,16956.56,0,0,0,0
2006-12-12 13:00:00,0,2633.69,0,293.89,11507.37,5534.73,6325.65,0,0,1921.46,14013.21,195.83,0,14490.75,1390.0,3955.72,75887.14,0,17921.39,0,0,87024.6,0,0,0,2499.36,2406.51,0,23992.42,29724.52,69.86,2321.27,16925.77,0,0,0,0
2006-12-12 14:00:00,0,2592.1,0,296.81,11188.76,5631.08,6279.74,0,0,1961.62,14246.15,202.35,0,14504.08,1392.42,3930.25,75960.95,0,17949.3,0,0,86581.56,0,0,0,2464.16,2369.02,0,23770.24,29299.6,68.85,2384.36,16984.22,0,0,0,0
2006-12-12 15:00:00,0,2563.48,0,297.0,11218.64,5717.77,6356.89,0,0,1971.97,14356.0,205.43,0,14686.46,1395.27,3915.37,75785.19,0,18451.82,0,0,87066.55,0,0,0,2441.73,2342.64,0,23692.16,28903.05,67.72,2416.23,16989.86,0,0,0,0
2006-12-12 16:00:00,0,2528.08,0,297.47,11356.66,5785.07,6453.31,0,0,1993.27,14486.07,208.56,0,15449.94,1386.64,3927.9,75387.7,0,18821.97,0,0,88211.75,0,0,0,2454.56,2367.39,0,23832.64,28465.72,67.33,2450.37,17028.51,0,0,0,0
2006-12-12 17:00:00,0,2529.24,0,291.63,11770.51,5792.23,6687.03,0,0,1982.76,14457.78,207.44,0,15878.94,1340.49,3950.59,74855.24,0,19297.0,0,0,90288.26,0,0,0,2527.76,2409.58,0,24128.06,28152.88,66.15,2436.21,16941.38,0,0,0,0
2006-12-12 18:00:00,0,2618.0,0,287.56,12045.73,5625.17,6887.71,0,0,1928.56,14300.3,208.34,0,16172.6,1344.04,3986.32,74984.01,0,19654.8,0,0,91774.99,0,0,0,2596.22,2453.6,0,24351.38,28271.08,66.53,2379.9,17133.23,0,0,0,0
2006-12-12 19:00:00,0,2673.11,0,316.13,12902.67,6384.89,7294.39,0,0,2191.99,15277.48,230.47,0,16848.67,1546.47,4116.43,77696.56,0,20567.29,0,0,95916.77,0,0,0,2793.29,2793.7,0,25944.47,29699.56,70.16,2590.1,18138.65,0,0,0,0
2006-12-12 20:00:00,0,2769.64,0,302.26,12999.4,6090.56,6999.38,0,0,2028.76,14352.21,225.68,0,15981.35,1465.02,3993.86,76639.65,0,19830.11,0,0,93130.44,0,0,0,2779.36,2794.0,0,26150.36,30316.9,68.11,2411.75,18358.6,0,0,0,0
2006-12-12 21:00:00,0,2794.58,0,294.59,12693.68,5799.96,6692.97,0,0,1884.53,13461.23,216.87,0,15183.27,1383.31,3868.33,74982.06,0,19009.9,0,0,90410.11,0,0,0,2724.39,2727.7,0,25705.91,30305.18,66.78,2248.79,17839.95,0,0,0,0
2006-12-12 22:00:00,0,2692.43,0,273.95,12093.5,5312.83,6359.56,0,0,1748.4,12535.5,201.22,0,14331.96,1293.26,3715.29,73034.18,0,17898.75,0,0,87576.46,0,0,0,2583.43,2640.36,0,24570.21,29742.7,65.37,2098.35,17123.53,0,0,0,0
2006-12-12 23:00:00,0,2590.91,0,253.49,11446.97,4860.79,6002.4,0,0,1613.68,11584.24,185.59,0,13442.15,1210.25,3564.95,70411.5,0,16744.9,0,0,84901.87,0,0,0,2433.33,2520.99,0,23370.68,28782.03,63.86,1953.5,16217.79,0,0,0,0
2006-12-13 00:00:00,0,2500.76,0,234.33,10857.38,4443.72,5673.29,0,0,1483.33,10630.95,169.39,0,12601.17,1131.03,3398.74,67863.4,0,15596.66,0,0,82033.61,0,0,0,2290.12,2445.38,0,22128.14,27797.59,62.51,1810.17,15548.71,0,0,0,0
2006-12-13 01:00:00,0,2418.77,0,219.08,10339.21,4076.32,5387.51,0,0,1362.27,9745.41,153.75,0,11872.18,1053.92,3239.07,65399.32,0,14534.26,0,0,78879.78,0,0,0,2166.55,2353.21,0,20996.48,26797.91,61.42,1685.35,14868.19,0,0,0,0
2006-12-13 02:00:00,0,2346.18,0,205.89,10068.99,3806.19,5300.92,0,0,1272.19,9028.51,142.5,0,11708.56,993.73,3105.9,62928.26,0,13719.16,0,0,75924.25,0,0,0,2093.25,2351.18,0,20307.84,25875.3,60.62,1569.18,14348.66,0,0,0,0
2006-12-13 03:00:00,0,2341.95,0,209.44,10146.67,3784.59,5395.15,0,0,1276.99,8762.55,140.56,0,11979.23,999.35,3045.69,62123.87,0,13637.3,0,0,75232.21,0,0,0,2083.28,2357.06,0,20160.99,25366.8,61.09,1580.29,14275.64,0,0,0,0
2006-12-13 04:00:00,0,2428.06,0,212.77,10354.12,3994.5,5542.31,0,0,1330.64,9084.45,144.96,0,12322.26,1067.13,3155.21,63237.54,0,14024.29,0,0,76759.33,0,0,0,2127.19,2365.46,0,20607.99,25577.07,63.18,1631.78,14543.01,0,0,0,0
2006-12-13 05:00:00,0,2515.14,0,221.65,10754.97,4211.07,5699.17,0,0,1392.83,9461.48,151.7,0,12658.29,1107.06,3271.61,64836.62,0,14023.67,0,0,78285.54,0,0,0,2198.85,2382.35,0,21163.15,26186.9,65.45,1694.46,14958.25,0,0,0,0
2006-12-13 06:00:00,0,2597.11,0,231.97,11170.39,4396.61,5883.64,0,0,1452.49,9837.12,156.95,0,12949.21,1149.94,3389.49,66507.67,0,14447.02,0,0,79953.66,0,0,0,2280.76,2408.01,0,21767.35,27060.27,67.3,1762.51,15435.02,0,0,0,0
2006-12-13 07:00:00,0,2672.95,0,241.68,11603.11,4572.18,6071.32,0,0,1505.27,10190.19,162.16,0,13270.2,1198.06,3509.89,68214.67,0,15261.55,0,0,81656.49,0,0,0,2355.13,2430.25,0,22349.24,27940.53,68.94,1834.33,15888.83,0,0,0,0
2006-12-13 08:00:00,0,2750.66,0,263.52,12067.81,4835.92,6253.34,0,0,1620.64,10945.99,171.16,0,14078.34,1258.6,3632.12,69958.36,0,16055.31,0,0,83961.92,0,0,0,2444.28,2441.39,0,23169.77,28838.5,70.89,1948.23,16298.33,0,0,0,0
2006-12-13 09:00:00,0,2901.38,0,261.2,12333.68,5031.29,6383.9,0,0,1677.13,11951.07,181.77,0,14763.85,1271.17,3816.71,73712.15,0,17294.72,0,0,88182.78,0,0,0,2495.22,2426.75,0,23690.93,30105.85,73.05,2019.7,16838.89,0,0,0,0
2006-12-13 10:00:00,0,2870.67,0,264.3,12252.88,5196.58,6415.74,0,0,1774.15,12861.21,181.85,0,14811.39,1274.85,3909.39,75794.21,0,17559.02,0,0,88132.43,0,0,0,2501.23,2406.69,0,23911.01,30630.27,74.25,2108.36,16941.06,0,0,0,0
2006-12-13 11:00:00,0,2726.91,0,282.28,12136.73,5345.54,6308.55,0,0,1861.17,13661.04,188.04,0,14882.43,1296.69,3949.7,76126.35,0,17796.56,0,0,88405.7,0,0,0,2489.52,2377.06,0,24278.46,30033.82,73.93,2190.65,16872.84,0,0,0,0
2006-12-13 12:00:00,0,2578.45,0,292.42,11989.33,5505.8,6247.73,0,0,1960.22,14410.41,194.73,0,14982.42,1314.93,3950.53,75873.04,0,17901.65,0,0,88435.4,0,0,0,2495.92,2348.36,0,24258.0,29329.02,71.86,2317.27,16794.98,0,0,0,0
2006-12-13 13:00:00,0,2478.02,0,297.55,11808.08,5722.21,6156.35,0,0,2047.52,15042.59,199.34,0,15048.23,1333.02,3948.95,75229.23,0,18100.83,0,0,88368.19,0,0,0,2499.76,2331.69,0,24026.2,28734.97,69.91,2409.38,16746.59,0,0,0,0
2006-12-13 14:00:00,0,2390.79,0,298.72,11656.95,5897.63,6074.85,0,0,2127.89,15507.83,201.86,0,15118.61,1354.25,3916.17,74484.89,0,18182.29,0,0,87870.74,0,0,0,2514.32,2330.04,0,23753.27,28221.79,68.37,2475.47,16626.05,0,0,0,0
2006-12-13 15:00:00,0,2311.39,0,297.06,11538.78,6068.42,6047.92,0,0,2199.57,15884.55,208.17,0,15235.94,1373.97,3878.44,73783.14,0,18240.44,0,0,87041.04,0,0,0,2519.29,2342.76,0,23506.05,27808.75,67.39,2524.53,16548.6,0,0,0,0
2006-12-13 16:00:00,0,2267.01,0,294.84,11407.95,6108.85,6080.26,0,0,2238.49,15911.42,215.25,0,15450.75,1398.39,3845.33,73448.94,0,18195.75,0,0,86731.82,0,0,0,2525.41,2362.79,0,23450.95,27474.25,66.63,2551.58,16328.31,0,0,0,0
2006-12-13 17:00:00,0,2307.67,0,292.41,11507.13,6039.93,6213.22,0,0,2200.35,15558.82,216.87,0,15680.54,1370.35,3853.15,73668.6,0,18453.92,0,0,87153.93,0,0,0,2527.08,2337.21,0,23472.38,27396.32,65.96,2512.63,16204.29,0,0,0,0
2006-12-13 18:00:00,0,2427.51,0,285.4,11695.51,5839.44,6356.99,0,0,2093.16,15079.17,213.17,0,15947.4,1345.9,3925.68,74342.75,0,18897.35,0,0,87963.9,0,0,0,2554.46,2331.98,0,23767.95,27559.98,66.79,2455.79,16319.59,0,0,0,0
2006-12-13 19:00:00,0,2520.34,0,319.3,12598.89,6486.57,6866.54,0,0,2267.41,15866.59,238.27,0,15612.52,1536.26,4030.09,78457.48,0,19600.25,0,0,92109.51,0,0,0,2717.67,2588.5,0,25640.73,29239.19,70.94,2639.06,17042.04,0,0,0,0
2006-12-13 20:00:00,0,2627.03,0,309.16,12458.44,6148.71,6544.66,0,0,2092.84,14967.02,226.06,0,14796.65,1445.53,3897.56,77818.5,0,19013.22,0,0,89413.89,0,0,0,2710.5,2549.05,0,25468.08,29899.06,69.44,2437.09,17258.83,0,0,0,0
2006-12-13 21:00:00,0,2675.63,0,289.51,12008.41,5805.08,6244.64,0,0,1942.46,14066.29,217.88,0,13981.75,1355.12,3768.82,76114.14,0,18227.3,0,0,86555.18,0,0,0,2616.89,2465.57,0,24957.14,29928.6,67.88,2276.09,17303.31,0,0,0,0
2006-12-13 22:00:00,0,2577.8,0,268.62,11450.04,5311.27,5923.94,0,0,1809.84,13152.82,201.47,0,13165.91,1274.7,3631.64,73994.3,0,17162.48,0,0,83814.88,0,0,0,2489.57,2346.55,0,24011.33,29388.73,66.26,2116.74,16559.36,0,0,0,0
2006-12-13 23:00:00,0,2482.75,0,248.7,10926.8,4832.54,5627.98,0,0,1677.63,12121.07,185.3,0,12353.36,1196.87,3499.27,71604.51,0,16120.28,0,0,81097.91,0,0,0,2374.33,2215.58,0,22867.15,28375.54,64.91,1960.47,15839.49,0,0,0,0
2006-12-14 00:00:00,0,2379.47,0,230.32,10505.24,4373.33,5328.86,0,0,1545.12,11085.38,168.43,0,11570.11,1119.07,3401.98,69110.04,0,15061.97,0,0,78277.72,0,0,0,2269.07,2110.28,0,21785.94,27352.15,63.65,1827.19,15166.7,0,0,0,0
2006-12-14 01:00:00,0,2282.26,0,212.89,10171.03,4010.0,5082.77,0,0,1410.88,10053.53,152.15,0,11086.09,1040.67,3310.99,66307.1,0,14011.71,0,0,75344.11,0,0,0,2174.69,2036.48,0,20855.61,26272.04,62.31,1697.0,14587.67,0,0,0,0
2006-12-14 02:00:00,0,2219.1,0,198.8,9985.24,3742.03,5004.68,0,0,1313.46,9269.6,140.13,0,10981.47,982.25,3222.07,63537.88,0,13199.09,0,0,72726.05,0,0,0,2113.18,2080.36,0,20265.99,25314.87,61.24,1575.9,14425.77,0,0,0,0
2006-12-14 03:00:00,0,2226.81,0,200.32,10115.06,3721.87,5225.08,0,0,1320.28,9081.11,138.83,0,11344.86,990.28,3186.65,62539.37,0,13253.41,0,0,72802.66,0,0,0,2129.87,2142.14,0,20465.29,24777.19,61.11,1580.55,14555.34,0,0,0,0
2006-12-14 04:00:00,0,2291.53,0,207.24,10471.27,3909.74,5448.95,0,0,1351.63,9315.84,144.39,0,11745.25,1039.97,3299.48,63673.3,0,13744.77,0,0,75080.52,0,0,0,2199.51,2196.04,0,21001.77,24771.69,62.29,1622.97,14936.08,0,0,0,0
2006-12-14 05:00:00,0,2365.12,0,215.26,10915.28,4115.73,5679.92,0,0,1400.68,9654.76,150.67,0,12150.41,1088.15,3457.98,65035.64,0,14295.54,0,0,77541.5,0,0,0,2306.43,2260.51,0,21606.74,25297.73,64.52,1681.14,15481.01,0,0,0,0
2006-12-14 06:00:00,0,2432.42,0,224.4,11375.04,4323.69,5906.81,0,0,1453.98,9988.28,156.33,0,12567.24,1129.2,3622.19,66491.94,0,14873.93,0,0,79690.37,0,0,0,2429.71,2329.6,0,22193.24,26125.72,66.34,1738.88,15990.16,0,0,0,0
2006-12-14 07:00:00,0,2493.3,0,231.48,11817.15,4525.07,6122.51,0,0,1501.24,10359.66,162.49,0,12980.25,1160.55,3781.02,68095.02,0,15404.19,0,0,81791.84,0,0,0,2545.19,2395.33,0,22788.42,26977.23,68.26,1805.21,16526.89,0,0,0,0
2006-12-14 08:00:00,0,2567.12,0,251.59,12572.93,4800.51,6412.46,0,0,1588.4,10963.21,172.48,0,13952.64,1219.11,3964.17,69721.31,0,16645.96,0,0,86480.56,0,0,0,2697.67,2452.07,0,23693.53,27841.06,70.56,1914.07,17226.52,0,0,0,0
2006-12-14 09:00:00,0,2749.56,0,257.52,12790.3,5045.0,6531.49,0,0,1691.92,11884.61,177.73,0,14760.24,1239.22,4082.4,73662.54,0,17509.47,0,0,88396.91,0,0,0,2734.85,2455.62,0,24441.35,29334.97,72.46,2022.09,18114.06,0,0,0,0
2006-12-14 10:00:00,0,2733.67,0,260.47,12925.19,5251.33,6538.96,0,0,1762.98,12662.15,185.42,0,14773.08,1270.31,3991.51,74654.64,0,17714.46,0,0,87470.28,0,0,0,2670.71,2396.47,0,24338.37,29735.14,72.74,2106.61,17570.89,0,0,0,0
2006-12-14 11:00:00,0,2599.54,0,269.31,12826.07,5377.64,6574.39,0,0,1842.07,13378.54,191.61,0,14566.49,1302.34,3935.77,74189.23,0,17739.22,0,0,85940.85,0,0,0,2617.99,2343.46,0,24292.12,29103.57,71.34,2184.3,17106.14,0,0,0,0
2006-12-14 12:00:00,0,2476.9,0,273.94,12177.65,5522.65,6459.72,0,0,1921.38,13933.77,197.58,0,14123.79,1328.46,3905.47,73904.2,0,17502.37,0,0,84530.48,0,0,0,2557.11,2305.9,0,23963.06,28574.84,70.42,2225.99,16925.69,0,0,0,0
2006-12-14 13:00:00,0,2369.9,0,280.94,11497.16,5609.35,6193.14,0,0,1986.26,14516.31,201.62,0,13823.11,1351.08,3866.79,73678.44,0,17344.21,0,0,84194.59,0,0,0,2524.17,2289.61,0,23573.43,28121.62,69.27,2268.15,16667.17,0,0,0,0
2006-12-14 14:00:00,0,2269.67,0,286.29,11141.67,5679.58,6038.41,0,0,2025.92,15009.57,206.1,0,13742.82,1362.83,3825.69,73308.54,0,17254.19,0,0,84240.07,0,0,0,2500.41,2309.8,0,23448.29,27803.29,68.29,2308.96,16426.35,0,0,0,0
2006-12-14 15:00:00,0,2190.3,0,291.01,11002.67,5728.36,5935.45,0,0,2072.21,15292.64,211.03,0,13880.48,1366.4,3787.21,72980.67,0,17339.05,0,0,84566.43,0,0,0,2506.45,2343.81,0,23451.45,27477.26,67.39,2366.06,16142.68,0,0,0,0
2006-12-14 16:00:00,0,2150.21,0,294.03,10913.03,5807.36,5897.82,0,0,2108.1,15479.4,213.37,0,14427.05,1355.17,3746.55,72815.72,0,17562.84,0,0,84994.32,0,0,0,2520.24,2353.52,0,23492.14,27191.08,66.34,2418.6,16264.16,0,0,0,0
2006-12-14 17:00:00,0,2208.58,0,293.62,11053.43,5854.67,6003.2,0,0,2123.28,15499.72,216.77,0,14940.74,1356.14,3739.63,73001.1,0,18023.29,0,0,86030.68,0,0,0,2541.68,2335.6,0,23437.0,27125.18,65.89,2450.77,16186.68,0,0,0,0
2006-12-14 18:00:00,0,2339.99,0,291.08,11330.3,5821.52,6200.49,0,0,2116.76,15553.29,219.89,0,15271.94,1371.79,3780.07,73605.77,0,18471.84,0,0,86961.04,0,0,0,2571.19,2334.72,0,23748.14,27313.7,66.3,2468.88,16161.97,0,0,0,0
2006-12-14 19:00:00,0,2452.37,0,324.91,12359.19,6499.21,6698.15,0,0,2218.82,16081.1,238.16,0,15581.09,1532.09,4056.27,77385.69,0,19522.69,0,0,92951.18,0,0,0,2716.15,2544.05,0,25753.19,29128.74,70.37,2626.87,17161.01,0,0,0,0
2006-12-14 20:00:00,0,2566.95,0,313.47,12248.07,6217.27,6394.17,0,0,2073.3,15179.38,231.5,0,14831.57,1444.3,3911.61,76682.64,0,18941.4,0,0,90356.51,0,0,0,2703.65,2493.91,0,25513.79,29697.09,68.89,2463.18,17352.74,0,0,0,0
2006-12-14 21:00:00,0,2614.91,0,293.77,11777.57,5849.85,6092.89,0,0,1936.25,14258.56,220.95,0,14093.37,1353.94,3785.96,75155.27,0,18240.19,0,0,87620.45,0,0,0,2598.08,2405.75,0,24877.99,29640.17,67.36,2305.3,17374.23,0,0,0,0
2006-12-14 22:00:00,0,2513.6,0,272.59,11195.03,5384.96,5795.69,0,0,1811.59,13272.34,202.54,0,13341.5,1262.65,3645.19,72961.99,0,17176.34,0,0,84553.01,0,0,0,2453.93,2301.21,0,23912.87,29113.3,65.83,2143.5,16516.09,0,0,0,0
2006-12-14 23:00:00,0,2425.58,0,251.86,10628.17,4915.49,5492.48,0,0,1687.38,12268.26,185.87,0,12579.28,1177.2,3510.21,70440.96,0,16061.33,0,0,81554.19,0,0,0,2317.54,2195.35,0,22771.69,28088.37,64.5,1981.02,15715.26,0,0,0,0
2006-12-15 00:00:00,0,2336.18,0,231.25,10063.17,4443.57,5178.12,0,0,1556.09,11258.19,167.29,0,11798.15,1086.0,3387.7,67917.89,0,14959.79,0,0,78729.44,0,0,0,2190.05,2107.18,0,21688.98,27086.36,63.09,1840.71,15007.47,0,0,0,0
2006-12-15 01:00:00,0,2245.64,0,215.38,9670.13,4048.97,4889.24,0,0,1424.8,10236.42,150.36,0,11321.08,999.8,3281.22,65264.4,0,13925.33,0,0,75598.37,0,0,0,2079.29,2029.77,0,20717.4,26080.19,61.72,1715.19,14333.08,0,0,0,0
2006-12-15 02:00:00,0,2175.73,0,199.39,9459.42,3765.59,4716.38,0,0,1335.62,9414.95,139.86,0,11156.82,963.16,3167.34,62814.82,0,13147.79,0,0,72497.93,0,0,0,2021.29,2034.13,0,20122.9,25153.49,60.79,1632.03,13910.95,0,0,0,0
2006-12-15 03:00:00,0,2173.3,0,201.33,9486.86,3703.76,4942.95,0,0,1336.25,9194.88,138.7,0,11458.72,965.55,3092.05,61516.88,0,13150.9,0,0,71946.5,0,0,0,2022.43,2073.21,0,20385.84,24753.74,60.94,1621.14,13929.85,0,0,0,0
2006-12-15 04:00:00,0,2242.63,0,205.92,9922.8,3882.19,5194.33,0,0,1365.1,9373.35,142.94,0,11828.86,1005.9,3168.27,62792.55,0,13688.57,0,0,73676.59,0,0,0,2091.66,2115.47,0,20923.17,24881.04,62.9,1655.08,14337.37,0,0,0,0
2006-12-15 05:00:00,0,2332.7,0,214.03,10543.09,4084.99,5461.3,0,0,1405.95,9636.3,148.68,0,12235.26,1053.61,3301.93,64406.24,0,14224.32,0,0,75791.1,0,0,0,2178.02,2166.41,0,21624.3,25478.67,64.59,1712.15,14923.66,0,0,0,0
2006-12-15 06:00:00,0,2427.64,0,222.78,11167.72,4307.83,5743.11,0,0,1452.32,9977.24,155.82,0,12609.42,1097.08,3474.81,66082.48,0,14740.09,0,0,77836.57,0,0,0,2266.88,2224.61,0,22272.93,26332.57,66.5,1761.96,15551.46,0,0,0,0
2006-12-15 07:00:00,0,2516.63,0,230.48,11743.28,4536.1,6015.98,0,0,1498.29,10315.48,161.08,0,12969.26,1140.95,3640.81,67863.11,0,15316.25,0,0,80416.89,0,0,0,2362.85,2263.85,0,22987.81,27149.51,68.13,1815.8,16212.44,0,0,0,0
2006-12-15 08:00:00,0,2616.27,0,245.19,12597.87,4830.01,6336.4,0,0,1612.38,11089.83,169.06,0,13876.36,1203.09,3792.1,69722.48,0,16497.01,0,0,85190.36,0,0,0,2506.08,2289.82,0,23976.27,28003.38,70.04,1915.86,16995.6,0,0,0,0
2006-12-15 09:00:00,0,2779.79,0,254.2,12669.68,5028.72,6371.17,0,0,1695.59,12031.57,176.78,0,14644.24,1246.28,3935.25,73928.53,0,17482.67,0,0,88188.72,0,0,0,2542.91,2275.42,0,24827.4,29307.65,71.84,2025.62,17898.45,0,0,0,0
2006-12-15 10:00:00,0,2715.98,0,261.99,12276.34,5234.82,6179.84,0,0,1779.96,12824.06,183.56,0,14879.24,1272.65,3924.92,75462.61,0,17792.76,0,0,88299.55,0,0,0,2497.95,2242.78,0,25127.16,30023.68,72.51,2109.41,17569.49,0,0,0,0
2006-12-15 11:00:00,0,2526.66,0,273.01,11733.95,5401.63,5949.94,0,0,1844.8,13517.9,189.38,0,14956.6,1296.56,3923.72,75914.32,0,17926.83,0,0,87902.45,0,0,0,2492.26,2243.4,0,25389.45,29571.43,70.55,2167.54,17173.34,0,0,0,0
2006-12-15 12:00:00,0,2394.84,0,280.6,11170.79,5473.34,5830.13,0,0,1894.19,14116.61,194.92,0,14810.09,1316.82,3916.52,76014.83,0,17663.74,0,0,86167.29,0,0,0,2483.54,2249.63,0,24661.43,28929.35,69.08,2233.44,16935.45,0,0,0,0
2006-12-15 13:00:00,0,2313.03,0,282.03,10831.57,5592.35,5777.74,0,0,1947.37,14651.86,199.3,0,14544.21,1339.29,3897.25,75925.51,0,17651.51,0,0,85042.91,0,0,0,2475.87,2245.22,0,24017.78,28417.61,67.87,2315.47,16726.91,0,0,0,0
2006-12-15 14:00:00,0,2248.29,0,281.7,10634.01,5710.69,5772.16,0,0,2003.49,15129.04,200.13,0,14306.64,1358.21,3849.72,75484.0,0,17581.03,0,0,85222.2,0,0,0,2462.43,2261.38,0,23304.77,28150.99,66.74,2380.05,16512.81,0,0,0,0
2006-12-15 15:00:00,0,2194.56,0,281.74,10551.21,5818.32,5798.18,0,0,2079.88,15465.03,200.07,0,14365.95,1366.66,3809.97,74877.83,0,17791.14,0,0,85263.94,0,0,0,2456.54,2282.09,0,22750.3,28024.67,65.87,2405.54,16306.79,0,0,0,0
2006-12-15 16:00:00,0,2151.87,0,282.82,10688.91,5951.46,5827.44,0,0,2139.42,15566.08,201.29,0,14928.82,1384.72,3793.48,74564.02,0,18045.52,0,0,85547.25,0,0,0,2449.99,2298.87,0,22808.58,27757.21,65.65,2426.26,16209.33,0,0,0,0
2006-12-15 17:00:00,0,2181.47,0,280.17,10764.22,6006.01,5916.35,0,0,2138.35,15392.65,199.98,0,15397.15,1356.68,3840.66,74696.06,0,18354.08,0,0,86198.95,0,0,0,2462.18,2274.74,0,22919.5,27662.17,65.03,2447.32,16148.46,0,0,0,0
2006-12-15 18:00:00,0,2329.71,0,281.21,10978.86,5806.94,6139.16,0,0,2081.02,15194.55,201.45,0,15603.77,1347.07,3913.14,74999.78,0,18747.04,0,0,87130.35,0,0,0,2499.18,2259.06,0,23129.1,27872.03,65.46,2427.41,16313.68,0,0,0,0
2006-12-15 19:00:00,0,2323.98,0,291.89,11025.09,5968.69,6314.05,0,0,2099.17,15182.79,213.01,0,14993.58,1501.08,3844.65,73904.23,0,18538.88,0,0,88140.02,0,0,0,2579.51,2523.35,0,24273.6,28034.48,62.54,2476.37,16224.54,0,0,0,0
2006-12-15 20:00:00,0,2432.66,0,294.32,11045.91,5705.02,6043.06,0,0,1963.01,14211.76,210.84,0,14183.9,1433.62,3768.98,73725.6,0,18181.56,0,0,86071.06,0,0,0,2600.15,2475.5,0,24868.58,28919.44,59.52,2318.65,16630.15,0,0,0,0
2006-12-15 21:00:00,0,2528.94,0,280.46,10804.75,5440.22,5809.23,0,0,1839.63,13292.81,209.71,0,13428.14,1366.08,3686.64,72316.07,0,17756.59,0,0,83676.71,0,0,0,2557.05,2402.8,0,24534.95,28513.82,57.9,2163.81,16718.85,0,0,0,0
2006-12-15 22:00:00,0,2441.57,0,262.22,10274.82,5056.24,5593.13,0,0,1720.46,12383.64,198.72,0,12693.32,1294.73,3593.97,70385.15,0,16929.89,0,0,81373.6,0,0,0,2436.29,2304.0,0,23686.96,27901.67,56.3,2028.56,16007.55,0,0,0,0
2006-12-15 23:00:00,0,2352.07,0,247.51,9863.39,4693.67,5388.23,0,0,1610.16,11479.68,184.24,0,11875.66,1233.0,3510.77,68185.53,0,15935.52,0,0,78712.04,0,0,0,2329.84,2214.43,0,22795.92,27242.25,54.64,1898.32,15253.36,0,0,0,0
2006-12-16 00:00:00,0,2265.74,0,233.39,9510.97,4340.37,5178.89,0,0,1504.74,10549.69,171.12,0,11094.01,1175.11,3404.16,66054.69,0,15043.65,0,0,76414.89,0,0,0,2252.24,2153.99,0,22041.45,26477.14,52.65,1781.3,14497.37,0,0,0,0
2006-12-16 01:00:00,0,2184.92,0,222.01,9146.6,4054.67,4989.82,0,0,1404.9,9681.45,160.28,0,10466.3,1123.67,3344.17,63773.81,0,14283.64,0,0,74169.56,0,0,0,2181.28,2115.43,0,21632.74,25706.26,50.82,1670.62,13869.76,0,0,0,0
2006-12-16 02:00:00,0,2106.11,0,210.82,8981.81,3836.33,4943.78,0,0,1308.39,9113.82,151.62,0,10341.76,1083.56,3298.27,61935.05,0,13621.06,0,0,72666.31,0,0,0,2164.32,2133.45,0,21333.0,24850.9,49.0,1582.02,13718.74,0,0,0,0
2006-12-16 03:00:00,0,2067.07,0,204.46,8931.59,3687.22,5014.0,0,0,1253.69,8813.3,145.74,0,10283.77,1070.83,3265.54,60689.47,0,13283.49,0,0,71881.09,0,0,0,2174.36,2173.49,0,21240.35,24033.44,47.84,1550.21,13627.63,0,0,0,0
2006-12-16 04:00:00,0,2070.97,0,205.76,9106.12,3687.37,5224.83,0,0,1251.3,8796.72,145.83,0,10376.53,1087.37,3271.78,59968.61,0,13134.57,0,0,72583.54,0,0,0,2203.73,2232.56,0,21539.36,23525.94,47.76,1533.57,13684.19,0,0,0,0
2006-12-16 05:00:00,0,2097.24,0,212.57,9416.52,3766.32,5545.2,0,0,1278.65,8907.99,148.67,0,10661.74,1148.47,3329.23,60271.5,0,13244.44,0,0,73750.13,0,0,0,2239.27,2280.59,0,21920.43,23615.68,47.86,1562.91,13875.36,0,0,0,0
2006-12-16 06:00:00,0,2142.95,0,221.03,9835.17,3906.37,5871.01,0,0,1315.05,9179.15,152.86,0,10952.88,1200.92,3416.81,61179.73,0,13589.11,0,0,75116.64,0,0,0,2321.95,2345.25,0,22321.82,23932.9,49.41,1601.02,14244.66,0,0,0,0
2006-12-16 07:00:00,0,2177.54,0,228.35,10232.06,4049.5,6159.32,0,0,1353.54,9538.87,159.58,0,11237.16,1223.0,3498.51,62207.52,0,13997.0,0,0,76362.17,0,0,0,2418.29,2413.56,0,22862.63,24245.06,50.27,1642.83,14738.02,0,0,0,0
2006-12-16 08:00:00,0,2237.3,0,238.08,10816.84,4332.17,6508.25,0,0,1416.58,10202.64,168.55,0,11900.64,1303.92,3585.89,63201.14,0,14841.89,0,0,78866.58,0,0,0,2571.6,2502.01,0,23855.61,24662.07,51.02,1694.47,15423.6,0,0,0,0
2006-12-16 09:00:00,0,2287.81,0,249.41,11281.5,4561.02,6650.76,0,0,1499.59,11058.37,167.26,0,12215.25,1264.7,3621.51,64870.45,0,15266.25,0,0,79725.36,0,0,0,2609.35,2525.37,0,24641.97,25200.98,51.75,1787.87,15875.96,0,0,0,0
2006-12-16 10:00:00,0,2373.01,0,249.78,10844.65,4882.16,6406.72,0,0,1617.17,11865.75,165.93,0,12404.45,1193.65,3526.18,66389.82,0,15468.66,0,0,79886.42,0,0,0,2474.67,2430.48,0,23798.99,26051.68,52.79,1921.58,15423.7,0,0,0,0
2006-12-16 11:00:00,0,2389.67,0,253.27,10491.97,5203.12,6252.47,0,0,1718.77,12663.66,170.92,0,12467.18,1196.99,3469.7,67322.43,0,15598.13,0,0,79033.55,0,0,0,2394.55,2395.83,0,23273.57,26344.77,53.67,2075.74,15119.29,0,0,0,0
2006-12-16 12:00:00,0,2398.39,0,253.7,10067.37,5399.61,5951.29,0,0,1813.92,13498.06,181.92,0,12562.46,1234.64,3415.4,67881.03,0,15740.3,0,0,78908.69,0,0,0,2336.61,2354.06,0,22830.12,26546.33,54.87,2188.9,14985.65,0,0,0,0
2006-12-16 13:00:00,0,2406.34,0,258.31,9788.04,5470.58,5726.77,0,0,1883.09,14001.97,180.73,0,12658.7,1246.8,3357.33,68255.59,0,15861.8,0,0,78434.46,0,0,0,2296.71,2318.66,0,22361.49,26682.4,55.95,2313.27,14819.7,0,0,0,0
2006-12-16 14:00:00,0,2403.66,0,262.54,9573.88,5537.53,5560.95,0,0,1933.97,14330.97,184.95,0,12681.82,1259.61,3314.1,68599.65,0,15905.51,0,0,77890.49,0,0,0,2284.52,2305.3,0,22043.57,26663.94,56.92,2412.53,14527.62,0,0,0,0
2006-12-16 15:00:00,0,2376.73,0,264.49,9433.46,5666.76,5511.8,0,0,1968.22,14504.43,191.07,0,12871.15,1234.01,3306.85,69048.48,0,16173.65,0,0,77733.7,0,0,0,2262.51,2301.7,0,21617.94,26427.18,57.25,2467.81,14473.03,0,0,0,0
2006-12-16 16:00:00,0,2335.7,0,263.57,9470.88,5763.8,5552.69,0,0,1977.15,14621.93,193.44,0,13554.28,1227.09,3299.78,69151.23,0,16641.91,0,0,78433.51,0,0,0,2258.66,2320.4,0,21666.54,26168.99,57.12,2444.92,14515.03,0,0,0,0
2006-12-16 17:00:00,0,2292.37,0,259.16,9324.31,5726.11,5612.16,0,0,1968.1,14754.89,197.23,0,14129.17,1229.75,3317.49,69100.8,0,17249.06,0,0,81703.17,0,0,0,2258.13,2316.49,0,21268.85,25779.91,56.77,2399.1,14438.81,0,0,0,0
2006-12-16 18:00:00,0,2261.41,0,257.77,9500.13,5597.38,5680.8,0,0,1945.06,14876.3,200.2,0,14520.21,1268.22,3367.0,69226.63,0,17763.4,0,0,83542.62,0,0,0,2312.32,2330.33,0,20909.26,25403.79,55.6,2351.3,14539.05,0,0,0,0
2006-12-16 19:00:00,0,2285.67,0,290.29,11052.3,5977.9,6322.64,0,0,2077.23,15120.54,218.51,0,15728.71,1506.09,3705.15,73430.19,0,19140.11,0,0,90401.17,0,0,0,2562.56,2531.46,0,24175.07,27636.45,61.82,2562.61,16304.33,0,0,0,0
2006-12-16 20:00:00,0,2307.12,0,287.16,11080.18,5744.8,6108.84,0,0,1959.69,14296.47,212.45,0,14978.08,1439.5,3582.37,73004.9,0,18639.46,0,0,87775.43,0,0,0,2577.21,2479.24,0,24726.05,28453.0,58.47,2412.48,16585.02,0,0,0,0
2006-12-16 21:00:00,0,2321.97,0,269.6,10880.01,5532.18,5931.7,0,0,1861.22,13497.15,210.42,0,14248.24,1367.02,3476.57,71376.09,0,18088.74,0,0,85303.62,0,0,0,2544.37,2398.65,0,24340.45,27909.3,56.37,2276.08,16421.02,0,0,0,0
2006-12-16 22:00:00,0,2218.44,0,257.45,10371.1,5156.24,5774.93,0,0,1766.79,12682.02,196.64,0,13471.13,1296.73,3388.37,69435.83,0,17250.49,0,0,82587.75,0,0,0,2430.42,2293.65,0,23469.67,27224.58,54.62,2150.68,15735.25,0,0,0,0
2006-12-16 23:00:00,0,2104.1,0,243.69,9978.23,4781.56,5598.1,0,0,1660.74,11819.96,182.77,0,12621.6,1225.77,3291.24,66935.89,0,16327.85,0,0,79516.3,0,0,0,2313.53,2192.23,0,22580.21,26521.43,53.24,2029.01,14916.87,0,0,0,0
2006-12-17 00:00:00,0,2012.68,0,232.25,9616.57,4400.04,5387.88,0,0,1570.17,10984.74,169.18,0,11769.92,1154.74,3174.86,64331.83,0,15405.74,0,0,76484.56,0,0,0,2219.15,2117.56,0,21743.1,25861.25,51.56,1883.83,14152.97,0,0,0,0
2006-12-17 01:00:00,0,1944.85,0,219.67,9268.95,4127.88,5178.14,0,0,1479.17,10257.32,157.53,0,11230.15,1092.01,3052.95,61751.03,0,14574.74,0,0,74092.25,0,0,0,2128.61,2059.03,0,21170.99,25182.84,49.89,1781.59,13361.9,0,0,0,0
2006-12-17 02:00:00,0,1882.84,0,206.61,9092.22,3895.42,5076.63,0,0,1382.41,9653.21,147.78,0,11189.07,1037.87,2971.37,59650.15,0,13947.93,0,0,72156.94,0,0,0,2079.52,2041.7,0,20698.48,24508.26,48.46,1687.1,12956.49,0,0,0,0
2006-12-17 03:00:00,0,1850.14,0,199.45,9079.52,3697.54,5138.5,0,0,1313.35,9323.15,140.3,0,11193.72,997.27,2896.81,58420.38,0,13616.54,0,0,70954.42,0,0,0,2055.32,2060.04,0,20490.98,23829.23,47.41,1619.9,12772.86,0,0,0,0
2006-12-17 04:00:00,0,1849.33,0,199.12,9186.5,3659.47,5267.92,0,0,1305.33,9229.12,138.73,0,11206.0,994.94,2866.93,57925.48,0,13616.74,0,0,71541.68,0,0,0,2068.04,2098.8,0,20765.33,23574.53,47.15,1582.7,12688.19,0,0,0,0
2006-12-17 05:00:00,0,1898.13,0,202.83,9425.5,3671.92,5464.27,0,0,1314.61,9307.34,140.77,0,11251.75,1008.51,2895.27,58047.16,0,13874.85,0,0,72502.79,0,0,0,2104.85,2158.25,0,21055.4,23858.44,47.71,1586.19,12906.27,0,0,0,0
2006-12-17 06:00:00,0,1989.96,0,208.96,9781.09,3820.01,5640.34,0,0,1346.42,9567.37,142.08,0,11399.37,1033.36,2967.97,58856.8,0,14280.25,0,0,73883.44,0,0,0,2154.22,2201.6,0,21496.47,24360.03,48.75,1603.72,13385.91,0,0,0,0
2006-12-17 07:00:00,0,2072.4,0,214.49,10151.48,3987.97,5816.02,0,0,1381.13,9934.31,146.6,0,11613.79,1057.39,3034.8,59889.6,0,14653.64,0,0,74996.66,0,0,0,2210.61,2242.61,0,21991.0,24863.06,49.71,1628.0,13866.46,0,0,0,0
2006-12-17 08:00:00,0,2137.25,0,225.1,10913.51,4339.5,6088.12,0,0,1468.06,10717.29,153.95,0,12111.75,1109.24,3122.95,61036.56,0,15317.11,0,0,77015.68,0,0,0,2329.24,2298.66,0,23100.24,25331.79,50.57,1671.63,14552.94,0,0,0,0
2006-12-17 09:00:00,0,2243.28,0,231.02,11523.06,4726.37,6349.9,0,0,1613.25,11790.04,161.44,0,12492.29,1137.22,3204.6,62868.85,0,15481.85,0,0,77303.75,0,0,0,2409.18,2349.39,0,24026.81,25974.91,51.72,1836.34,15104.44,0,0,0,0
2006-12-17 10:00:00,0,2327.61,0,239.33,10664.32,5136.4,5892.38,0,0,1734.76,12827.43,174.32,0,12734.22,1188.94,3230.64,64583.16,0,15716.52,0,0,76914.44,0,0,0,2374.65,2282.99,0,22741.83,26752.28,52.97,2057.47,14940.92,0,0,0,0
2006-12-17 11:00:00,0,2376.41,0,251.25,10092.54,5507.94,5589.77,0,0,1846.63,13754.5,186.05,0,12894.75,1229.11,3244.1,65749.58,0,15871.78,0,0,76754.4,0,0,0,2388.28,2276.63,0,22529.84,27058.11,53.97,2244.3,14918.32,0,0,0,0
2006-12-17 12:00:00,0,2397.99,0,264.99,9772.46,5800.03,5532.43,0,0,1935.22,14628.58,191.24,0,12927.05,1269.22,3274.43,66724.79,0,15943.39,0,0,76826.19,0,0,0,2372.55,2315.29,0,22547.12,27295.81,54.44,2404.22,14803.56,0,0,0,0
2006-12-17 13:00:00,0,2406.21,0,278.34,9674.69,6028.8,5569.55,0,0,1986.06,15097.79,199.49,0,12988.77,1299.58,3298.69,67106.98,0,16038.36,0,0,76831.24,0,0,0,2383.83,2332.58,0,22387.56,27365.25,55.72,2547.05,14617.88,0,0,0,0
2006-12-17 14:00:00,0,2399.16,0,287.07,9663.8,6116.58,5682.33,0,0,2020.31,15351.9,205.87,0,13030.89,1303.55,3296.4,67252.01,0,16163.36,0,0,77116.22,0,0,0,2400.61,2359.98,0,22055.11,27197.48,56.34,2642.26,14652.71,0,0,0,0
2006-12-17 15:00:00,0,2404.24,0,295.28,9653.75,6181.69,5791.13,0,0,2032.91,15448.92,210.76,0,13255.08,1291.5,3341.58,67312.58,0,16290.29,0,0,77775.48,0,0,0,2397.91,2374.6,0,21853.28,27019.19,56.67,2697.43,14724.43,0,0,0,0
2006-12-17 16:00:00,0,2394.77,0,297.87,9611.37,6177.81,5755.17,0,0,2026.7,15292.99,212.69,0,13734.37,1275.61,3378.78,67205.7,0,16558.0,0,0,78585.95,0,0,0,2394.61,2365.66,0,22250.94,26730.34,55.75,2682.05,14795.16,0,0,0,0
2006-12-17 17:00:00,0,2354.82,0,286.51,9382.53,6090.98,5553.98,0,0,2005.82,15076.67,206.47,0,14171.93,1253.64,3416.7,67266.05,0,16974.99,0,0,80160.85,0,0,0,2336.51,2312.3,0,21857.69,26367.88,54.74,2587.87,14697.66,0,0,0,0
2006-12-17 18:00:00,0,2367.73,0,273.07,9528.38,5844.73,5655.39,0,0,1962.08,14823.9,201.69,0,14510.07,1243.7,3515.11,67768.28,0,17372.3,0,0,81609.75,0,0,0,2330.55,2313.81,0,21151.98,26216.09,54.13,2486.62,14684.86,0,0,0,0
2006-12-17 19:00:00,0,2528.61,0,339.74,12140.96,6856.59,6581.08,0,0,2329.2,16147.21,239.39,0,16086.12,1557.12,3984.66,76591.43,0,19746.04,0,0,90454.06,0,0,0,2682.89,2494.57,0,25737.84,29890.2,70.44,2865.02,17443.68,0,0,0,0
2006-12-17 20:00:00,0,2591.63,0,325.69,11978.12,6457.79,6218.65,0,0,2160.43,15226.97,226.74,0,15139.18,1460.66,3828.2,75659.24,0,19100.84,0,0,87552.55,0,0,0,2665.7,2448.72,0,25686.25,30451.48,67.59,2665.78,17465.62,0,0,0,0
2006-12-17 21:00:00,0,2642.33,0,303.98,11425.28,6117.84,5901.53,0,0,2001.71,14307.42,219.98,0,14229.67,1376.91,3674.49,73852.92,0,18232.2,0,0,84607.02,0,0,0,2557.91,2358.84,0,25075.96,30399.75,64.82,2465.79,17150.7,0,0,0,0
2006-12-17 22:00:00,0,2544.31,0,282.67,10759.59,5585.98,5586.02,0,0,1859.11,13340.27,202.39,0,13326.4,1293.26,3534.3,71641.18,0,17164.47,0,0,81801.01,0,0,0,2428.21,2265.12,0,23995.06,29752.37,62.87,2285.97,16293.31,0,0,0,0
2006-12-17 23:00:00,0,2460.76,0,259.62,10158.3,5068.87,5266.24,0,0,1719.22,12364.49,184.91,0,12509.71,1212.62,3389.8,69143.46,0,16094.35,0,0,78925.18,0,0,0,2297.9,2155.2,0,22873.5,28682.05,61.33,2108.82,15474.99,0,0,0,0
2006-12-18 00:00:00,0,2380.72,0,236.63,9614.28,4595.36,4970.38,0,0,1584.76,11386.0,168.94,0,11691.78,1132.63,3280.42,66680.48,0,14952.68,0,0,76122.77,0,0,0,2177.52,2064.17,0,21737.25,27648.08,59.82,1931.47,14700.88,0,0,0,0
2006-12-18 01:00:00,0,2302.47,0,216.31,9199.06,4168.39,4700.95,0,0,1451.15,10418.74,153.53,0,11052.36,1055.6,3151.33,64246.85,0,13837.98,0,0,73257.55,0,0,0,2071.73,1983.02,0,20664.4,26626.99,58.62,1780.68,13970.5,0,0,0,0
2006-12-18 02:00:00,0,2231.12,0,199.08,9014.24,3807.88,4536.38,0,0,1339.03,9602.94,141.01,0,10916.34,985.33,3034.99,61945.77,0,13088.34,0,0,70815.23,0,0,0,2002.63,1972.03,0,19924.85,25859.77,57.58,1669.1,13562.55,0,0,0,0
2006-12-18 03:00:00,0,2178.65,0,195.87,9094.77,3663.4,4670.12,0,0,1292.31,9167.99,138.27,0,11077.5,967.49,2998.79,61212.63,0,12993.6,0,0,70453.1,0,0,0,1988.07,2023.45,0,20033.53,25483.75,57.2,1643.59,13527.94,0,0,0,0
2006-12-18 04:00:00,0,2226.04,0,202.56,9547.17,3823.11,4940.8,0,0,1333.7,9352.12,143.81,0,11459.55,1015.65,3085.41,62675.72,0,13447.84,0,0,72077.35,0,0,0,2068.45,2072.56,0,20587.18,25326.86,58.04,1684.77,13925.21,0,0,0,0
2006-12-18 05:00:00,0,2310.51,0,210.87,10127.37,4037.56,5201.47,0,0,1380.62,9613.75,149.84,0,11870.37,1067.8,3211.99,64282.57,0,13935.77,0,0,74148.62,0,0,0,2155.25,2115.14,0,21250.56,25899.06,59.54,1737.94,14396.76,0,0,0,0
2006-12-18 06:00:00,0,2404.47,0,220.13,10719.47,4248.09,5475.1,0,0,1429.57,9900.33,155.63,0,12235.88,1120.86,3350.12,65898.42,0,14454.02,0,0,76261.95,0,0,0,2240.83,2154.36,0,21929.55,26719.08,61.09,1797.01,14852.31,0,0,0,0
2006-12-18 07:00:00,0,2500.14,0,227.89,11277.2,4423.98,5761.35,0,0,1476.59,10207.17,161.56,0,12622.33,1169.98,3483.25,67651.21,0,15081.22,0,0,78417.31,0,0,0,2321.61,2187.48,0,22624.33,27598.74,63.0,1855.02,15306.25,0,0,0,0
2006-12-18 08:00:00,0,2600.15,0,250.04,12058.25,4718.89,6123.19,0,0,1608.81,11113.55,172.07,0,13619.87,1251.08,3625.64,69408.33,0,16382.65,0,0,82348.72,0,0,0,2492.43,2227.89,0,23645.33,28482.6,65.42,1942.17,15926.33,0,0,0,0
2006-12-18 09:00:00,0,2723.79,0,254.73,12175.41,5028.98,6023.04,0,0,1719.69,12335.86,177.94,0,14015.23,1261.23,3806.24,73207.78,0,17041.23,0,0,85342.13,0,0,0,2549.39,2220.32,0,24382.35,29618.3,67.55,2047.39,16866.31,0,0,0,0
2006-12-18 10:00:00,0,2832.23,0,268.25,11616.86,5235.69,5816.37,0,0,1828.08,13207.44,184.23,0,14019.29,1264.28,3839.81,75195.03,0,17217.99,0,0,85536.31,0,0,0,2480.65,2180.05,0,24090.63,30687.42,69.56,2129.3,16564.3,0,0,0,0
2006-12-18 11:00:00,0,2847.36,0,285.36,11277.15,5432.97,5713.04,0,0,1901.73,13944.56,190.63,0,13992.77,1301.25,3866.07,76140.61,0,17401.19,0,0,85859.79,0,0,0,2449.55,2203.82,0,23894.65,30793.91,71.79,2215.73,16534.3,0,0,0,0
2006-12-18 12:00:00,0,2835.11,0,295.18,11008.49,5629.09,5721.12,0,0,1980.64,14652.08,195.19,0,14045.52,1325.26,3895.53,76400.6,0,17277.66,0,0,86075.46,0,0,0,2455.76,2237.58,0,23926.97,30763.23,73.39,2337.62,16521.77,0,0,0,0
2006-12-18 13:00:00,0,2807.01,0,300.52,10830.34,5759.75,5827.62,0,0,2045.94,15152.44,200.31,0,14158.14,1342.66,3926.93,76090.51,0,17398.34,0,0,86138.93,0,0,0,2480.56,2308.93,0,23899.76,30591.42,74.14,2448.14,16547.47,0,0,0,0
2006-12-18 14:00:00,0,2776.09,0,304.56,10739.53,5894.35,5955.8,0,0,2087.06,15483.95,205.79,0,14498.63,1349.33,3947.01,75467.64,0,17575.44,0,0,86135.89,0,0,0,2510.88,2367.9,0,23692.35,30339.2,74.22,2532.1,16654.58,0,0,0,0
2006-12-18 15:00:00,0,2755.71,0,308.03,10753.68,6082.94,6078.53,0,0,2119.46,15648.0,212.2,0,14754.79,1353.87,3954.97,74657.53,0,17858.18,0,0,86193.29,0,0,0,2527.92,2406.13,0,23805.2,30038.46,74.46,2584.6,16683.75,0,0,0,0
2006-12-18 16:00:00,0,2752.15,0,310.53,11025.34,6246.32,6145.82,0,0,2142.81,15791.4,218.53,0,15028.11,1365.14,3950.96,74360.01,0,18102.45,0,0,86145.88,0,0,0,2547.2,2419.71,0,24191.55,29835.8,74.69,2630.06,16727.42,0,0,0,0
2006-12-18 17:00:00,0,2780.23,0,305.36,10815.66,6298.95,5944.4,0,0,2129.26,15670.35,217.31,0,15319.13,1353.49,3952.54,74674.0,0,18448.07,0,0,86578.19,0,0,0,2520.17,2392.36,0,23910.52,29690.8,75.13,2646.15,16462.66,0,0,0,0
2006-12-18 18:00:00,0,2840.77,0,294.56,10874.36,6027.02,5967.62,0,0,2048.48,15110.81,209.3,0,15524.58,1326.65,4001.31,75035.29,0,18615.85,0,0,86543.7,0,0,0,2518.89,2365.98,0,23311.38,29793.74,75.39,2519.53,16411.43,0,0,0,0
2006-12-18 19:00:00,0,2993.05,0,337.94,12084.4,6673.46,6603.25,0,0,2321.37,16175.3,236.76,0,16185.45,1543.42,4085.8,78828.19,0,19784.35,0,0,92399.22,0,0,0,2692.05,2499.6,0,25902.22,31322.37,75.68,2774.18,17263.79,0,0,0,0
2006-12-18 20:00:00,0,3060.7,0,322.8,11889.22,6305.2,6182.15,0,0,2137.25,15163.35,227.87,0,15537.16,1457.05,3936.59,77968.38,0,19167.47,0,0,89678.6,0,0,0,2671.42,2435.82,0,25570.23,31821.42,73.57,2569.76,17371.35,0,0,0,0
2006-12-18 21:00:00,0,3067.37,0,302.18,11339.6,5973.38,5851.67,0,0,1982.77,14261.5,220.09,0,14759.99,1376.38,3796.49,76119.4,0,18387.25,0,0,87166.52,0,0,0,2547.14,2353.75,0,24644.17,31783.02,71.38,2371.75,17119.13,0,0,0,0
2006-12-18 22:00:00,0,2941.73,0,279.41,10646.94,5478.18,5531.53,0,0,1842.03,13279.47,203.55,0,13987.03,1298.07,3669.85,73750.95,0,17337.4,0,0,84707.76,0,0,0,2415.16,2263.23,0,23517.7,31111.17,69.14,2196.73,16287.44,0,0,0,0
2006-12-18 23:00:00,0,2820.65,0,257.0,10052.57,4993.79,5221.87,0,0,1702.32,12276.92,187.23,0,13191.21,1219.79,3548.45,71260.67,0,16261.59,0,0,82359.3,0,0,0,2285.51,2155.64,0,22312.73,30044.73,67.0,2036.99,15518.68,0,0,0,0
2006-12-19 00:00:00,0,2702.51,0,234.68,9481.75,4552.36,4919.49,0,0,1567.18,11288.87,171.44,0,12404.46,1142.26,3430.68,68778.97,0,15329.96,0,0,80004.14,0,0,0,2161.83,2063.12,0,21223.17,28968.48,65.33,1891.19,14778.88,0,0,0,0
2006-12-19 01:00:00,0,2579.81,0,214.71,9040.96,4150.85,4649.0,0,0,1438.4,10343.69,155.91,0,11785.34,1066.06,3311.74,66297.41,0,14473.23,0,0,77267.81,0,0,0,2059.6,1982.19,0,20203.81,27870.42,64.36,1749.18,14108.11,0,0,0,0
2006-12-19 02:00:00,0,2483.5,0,197.17,8827.46,3805.07,4490.46,0,0,1326.15,9532.72,142.91,0,11590.61,1000.21,3232.91,63877.29,0,13793.97,0,0,74765.52,0,0,0,1997.94,1975.37,0,19465.23,27028.65,63.75,1638.07,13845.01,0,0,0,0
2006-12-19 03:00:00,0,2419.81,0,196.25,8852.23,3661.44,4627.4,0,0,1278.87,9086.28,139.45,0,11664.68,999.59,3257.49,63227.22,0,13433.01,0,0,74552.5,0,0,0,1992.88,2034.13,0,19425.1,26590.19,63.79,1612.16,13962.21,0,0,0,0
2006-12-19 04:00:00,0,2485.83,0,204.25,9259.48,3839.99,4911.38,0,0,1318.61,9294.02,144.46,0,12004.04,1042.16,3405.3,64645.08,0,13724.35,0,0,76868.92,0,0,0,2070.22,2084.51,0,19952.96,26444.19,64.98,1656.92,14412.81,0,0,0,0
2006-12-19 05:00:00,0,2559.6,0,213.42,9817.52,4056.7,5178.0,0,0,1364.72,9570.17,150.24,0,12332.86,1086.6,3565.63,66282.93,0,14316.03,0,0,79612.25,0,0,0,2157.69,2129.97,0,20651.71,26973.77,66.71,1712.14,14908.09,0,0,0,0
2006-12-19 06:00:00,0,2632.89,0,221.96,10382.48,4247.09,5444.52,0,0,1420.19,9854.04,156.42,0,12695.05,1139.88,3748.93,67938.1,0,14959.29,0,0,82456.33,0,0,0,2252.77,2174.9,0,21363.24,27769.68,68.82,1776.15,15400.38,0,0,0,0
2006-12-19 07:00:00,0,2704.99,0,228.26,10940.0,4431.11,5715.53,0,0,1477.23,10152.25,162.25,0,13057.08,1182.08,3909.37,69546.98,0,15597.66,0,0,85067.6,0,0,0,2347.37,2224.02,0,22074.13,28563.28,70.78,1833.65,15859.39,0,0,0,0
2006-12-19 08:00:00,0,2776.61,0,249.85,11689.32,4725.67,6089.49,0,0,1605.99,11031.5,173.57,0,14473.5,1272.19,4086.7,71085.94,0,17162.3,0,0,90393.72,0,0,0,2534.88,2279.68,0,23282.26,29352.84,72.66,1929.51,16410.85,0,0,0,0
2006-12-19 09:00:00,0,2883.08,0,259.13,11726.74,5031.35,6107.97,0,0,1706.9,12108.66,180.85,0,14664.45,1281.07,4275.27,75182.06,0,17911.69,0,0,93236.95,0,0,0,2549.96,2268.27,0,23792.27,30413.71,74.51,2025.4,17451.23,0,0,0,0
2006-12-19 10:00:00,0,2959.04,0,266.94,11449.39,5239.79,6073.16,0,0,1797.38,12958.54,184.45,0,14635.79,1262.41,4283.45,76941.35,0,17774.55,0,0,91668.12,0,0,0,2481.68,2233.33,0,23379.5,31245.42,75.96,2100.45,17375.27,0,0,0,0
2006-12-19 11:00:00,0,2916.75,0,279.09,11343.76,5416.55,6093.44,0,0,1854.18,13596.58,190.44,0,14582.35,1286.5,4238.77,77210.49,0,17838.52,0,0,89730.23,0,0,0,2453.5,2238.12,0,23486.64,31202.96,76.99,2175.8,17311.78,0,0,0,0
2006-12-19 12:00:00,0,2867.06,0,290.38,11260.42,5572.05,6094.38,0,0,1921.1,14235.32,194.54,0,14558.48,1309.5,4172.17,76981.59,0,17862.06,0,0,88348.24,0,0,0,2463.78,2251.68,0,23564.99,30896.23,77.71,2261.94,17203.07,0,0,0,0
2006-12-19 13:00:00,0,2822.33,0,297.88,11143.21,5659.7,6069.93,0,0,1976.82,14670.0,199.02,0,14524.11,1327.16,4105.86,76587.56,0,17917.09,0,0,87182.37,0,0,0,2488.53,2299.54,0,23697.81,30599.03,77.96,2342.13,17113.84,0,0,0,0
2006-12-19 14:00:00,0,2789.93,0,300.63,11040.0,5727.66,6016.32,0,0,2000.52,14842.71,200.51,0,14484.74,1333.81,4025.29,75796.52,0,17967.86,0,0,86099.78,0,0,0,2508.96,2355.96,0,23670.21,30332.6,77.91,2404.96,16922.93,0,0,0,0
2006-12-19 15:00:00,0,2770.06,0,300.38,10861.86,5833.07,5964.09,0,0,2042.9,14962.89,203.53,0,14629.42,1332.97,3958.34,74931.51,0,18102.9,0,0,85234.87,0,0,0,2522.06,2399.74,0,23890.77,30100.91,77.09,2446.33,16640.1,0,0,0,0
2006-12-19 16:00:00,0,2760.84,0,298.55,10801.4,5995.79,5908.75,0,0,2056.87,15032.82,208.86,0,15476.18,1333.12,3922.57,74862.24,0,18529.73,0,0,85694.81,0,0,0,2538.43,2411.5,0,23972.52,29946.61,76.29,2507.31,16606.16,0,0,0,0
2006-12-19 17:00:00,0,2792.62,0,295.2,10859.1,6057.91,6130.28,0,0,2053.1,14964.34,205.49,0,16019.48,1311.29,3992.68,75313.74,0,19220.78,0,0,89250.74,0,0,0,2514.72,2373.99,0,23807.49,29898.0,75.64,2536.82,16540.84,0,0,0,0
2006-12-19 18:00:00,0,2831.33,0,289.02,11121.13,5893.04,6386.11,0,0,1983.24,14513.27,202.25,0,16345.98,1309.2,4110.79,75870.17,0,19598.85,0,0,91273.22,0,0,0,2513.72,2340.35,0,23300.31,30068.29,75.45,2470.88,16716.83,0,0,0,0
2006-12-19 19:00:00,0,2886.96,0,332.43,12077.68,6573.52,6873.26,0,0,2261.07,15609.85,233.61,0,17123.07,1552.03,4341.47,79637.63,0,20446.93,0,0,98402.46,0,0,0,2690.02,2511.35,0,25856.3,31313.58,75.9,2700.99,17737.82,0,0,0,0
2006-12-19 20:00:00,0,2943.49,0,319.33,12077.59,6220.33,6610.78,0,0,2092.53,14631.95,227.49,0,16247.81,1490.47,4281.72,78736.24,0,19757.49,0,0,95566.33,0,0,0,2687.63,2448.8,0,25812.43,31707.71,73.65,2514.67,18060.24,0,0,0,0
2006-12-19 21:00:00,0,2965.45,0,299.23,11677.46,5931.02,6382.08,0,0,1942.86,13709.39,220.25,0,15393.65,1415.11,4216.06,77044.45,0,19060.37,0,0,92545.01,0,0,0,2587.47,2358.57,0,25081.52,31534.3,71.51,2333.65,18089.6,0,0,0,0
2006-12-19 22:00:00,0,2850.85,0,277.26,11181.62,5447.63,6164.12,0,0,1802.61,12724.28,203.4,0,14509.45,1340.23,4132.61,74769.86,0,18038.1,0,0,89635.32,0,0,0,2470.02,2268.65,0,23906.44,30752.15,69.41,2167.02,17440.07,0,0,0,0
2006-12-19 23:00:00,0,2735.71,0,255.77,10731.45,4966.43,5955.7,0,0,1665.58,11735.12,187.09,0,13615.52,1265.15,4049.73,72223.98,0,16985.03,0,0,86805.28,0,0,0,2343.15,2167.44,0,22791.23,29571.65,67.26,2011.93,16807.33,0,0,0,0
2006-12-20 00:00:00,0,2613.38,0,234.63,10331.39,4524.1,5781.49,0,0,1533.45,10778.69,171.24,0,12732.45,1197.49,3958.21,69549.42,0,15915.13,0,0,83963.27,0,0,0,2219.72,2079.43,0,21717.05,28378.43,65.32,1859.82,16169.25,0,0,0,0
2006-12-20 01:00:00,0,2494.99,0,213.17,10096.9,4130.38,5627.67,0,0,1407.2,9885.91,155.93,0,12020.82,1129.76,3862.29,66744.08,0,14835.65,0,0,81032.35,0,0,0,2107.88,1999.82,0,20751.49,27152.82,63.6,1720.66,15540.68,0,0,0,0
2006-12-20 02:00:00,0,2401.81,0,198.02,9987.06,3781.34,5573.41,0,0,1298.85,9105.22,142.66,0,11772.22,1063.88,3794.63,64030.24,0,13989.74,0,0,78850.58,0,0,0,2031.42,1963.85,0,20055.41,26317.88,62.45,1607.57,15288.84,0,0,0,0
2006-12-20 03:00:00,0,2337.46,0,197.39,10012.05,3649.64,5795.49,0,0,1261.56,8801.42,138.57,0,11851.19,1076.54,3751.44,62979.28,0,13598.62,0,0,78505.23,0,0,0,2034.1,1996.37,0,20135.09,25884.57,62.26,1595.01,15336.94,0,0,0,0
2006-12-20 04:00:00,0,2390.74,0,208.47,10565.22,3841.02,6197.88,0,0,1303.51,9104.56,142.9,0,12227.63,1129.53,3849.38,64403.63,0,13984.2,0,0,80038.27,0,0,0,2112.88,2039.42,0,20683.79,25651.56,63.27,1642.46,15755.75,0,0,0,0
2006-12-20 05:00:00,0,2447.38,0,220.91,11269.23,4058.45,6622.08,0,0,1358.53,9432.15,148.34,0,12617.48,1166.64,3983.8,65889.84,0,14604.02,0,0,82412.6,0,0,0,2220.02,2111.26,0,21202.64,25912.18,64.48,1699.65,16225.51,0,0,0,0
2006-12-20 06:00:00,0,2500.13,0,229.29,12008.26,4235.71,7039.25,0,0,1416.16,9772.14,153.8,0,13013.62,1182.64,4126.43,67417.32,0,15245.89,0,0,84790.82,0,0,0,2331.27,2185.29,0,21676.41,26595.68,65.61,1766.53,16662.36,0,0,0,0
2006-12-20 07:00:00,0,2549.48,0,239.11,12679.88,4417.87,7409.31,0,0,1466.81,10115.22,159.95,0,13430.07,1250.73,4267.89,68923.22,0,15880.82,0,0,87183.52,0,0,0,2430.51,2239.95,0,22216.68,27326.83,66.63,1826.16,17089.26,0,0,0,0
2006-12-20 08:00:00,0,2604.03,0,256.44,13523.72,4703.15,7721.9,0,0,1591.96,10879.14,169.97,0,14696.69,1314.54,4386.48,70383.25,0,17308.04,0,0,91863.56,0,0,0,2569.1,2317.85,0,23116.88,28062.57,67.99,1923.67,17533.13,0,0,0,0
2006-12-20 09:00:00,0,2669.98,0,263.81,13382.39,4995.05,7439.46,0,0,1687.0,11809.03,177.76,0,14973.32,1279.36,4484.38,73654.19,0,17777.35,0,0,92837.39,0,0,0,2618.12,2356.02,0,24110.04,28912.9,69.82,2031.31,18301.3,0,0,0,0
2006-12-20 10:00:00,0,2743.94,0,266.95,12866.56,5188.16,7077.29,0,0,1766.92,12526.01,181.3,0,14888.58,1276.14,4338.0,75114.24,0,17742.75,0,0,90561.83,0,0,0,2571.68,2351.84,0,24195.27,29760.45,71.21,2109.21,17927.99,0,0,0,0
2006-12-20 11:00:00,0,2791.25,0,271.75,12408.4,5334.57,6647.57,0,0,1805.49,13079.85,186.02,0,14817.95,1311.54,4213.83,75558.26,0,17761.5,0,0,89016.78,0,0,0,2520.25,2315.98,0,24106.55,30389.98,71.88,2159.68,17533.98,0,0,0,0
2006-12-20 12:00:00,0,2788.99,0,283.51,12078.11,5518.36,6422.28,0,0,1836.52,13522.41,190.37,0,14749.77,1334.85,4090.29,75585.71,0,17731.52,0,0,87898.74,0,0,0,2506.48,2286.28,0,24182.26,30549.38,72.07,2213.97,17249.15,0,0,0,0
2006-12-20 13:00:00,0,2774.21,0,294.98,11714.58,5582.46,6218.35,0,0,1874.26,13847.46,195.43,0,14655.55,1358.16,4015.38,75661.59,0,17752.31,0,0,87000.61,0,0,0,2478.39,2284.19,0,24073.38,30592.86,72.15,2286.94,17020.96,0,0,0,0
2006-12-20 14:00:00,0,2757.16,0,300.25,11401.34,5630.14,6109.92,0,0,1902.25,14045.71,201.17,0,14572.11,1375.54,3993.63,75623.0,0,17811.11,0,0,86650.58,0,0,0,2448.5,2292.67,0,23796.14,30518.78,72.15,2346.15,16794.98,0,0,0,0
2006-12-20 15:00:00,0,2757.09,0,300.59,11248.05,5709.23,6037.69,0,0,1923.49,14145.59,208.45,0,14661.19,1379.58,3971.46,75456.03,0,17969.97,0,0,86479.32,0,0,0,2429.64,2272.3,0,23544.42,30492.35,71.6,2381.89,16629.61,0,0,0,0
2006-12-20 16:00:00,0,2763.91,0,299.1,11280.75,5790.55,6078.09,0,0,1935.22,14395.65,214.18,0,15374.38,1394.76,3946.99,75224.27,0,18425.98,0,0,88005.61,0,0,0,2444.78,2254.22,0,23559.98,30461.97,71.43,2439.35,16618.35,0,0,0,0
2006-12-20 17:00:00,0,2772.59,0,293.41,11740.06,5867.48,6476.93,0,0,1957.33,14510.2,211.71,0,15863.83,1370.82,3973.12,75251.01,0,19065.78,0,0,91564.74,0,0,0,2494.7,2264.76,0,23523.86,30360.74,71.28,2470.09,16610.27,0,0,0,0
2006-12-20 18:00:00,0,2780.06,0,288.53,12041.04,5755.72,6731.57,0,0,1929.92,14393.88,207.97,0,16121.56,1363.98,4046.0,75667.84,0,19506.9,0,0,93415.2,0,0,0,2588.94,2324.67,0,23801.67,30261.53,71.48,2438.43,16812.08,0,0,0,0
2006-12-20 19:00:00,0,2737.8,0,323.23,13130.91,6516.89,7636.47,0,0,2238.32,15474.81,231.49,0,16944.98,1573.34,4148.03,78410.58,0,20392.67,0,0,98900.12,0,0,0,2813.39,2653.26,0,25783.99,30630.2,70.99,2688.82,18004.87,0,0,0,0
2006-12-20 20:00:00,0,2744.38,0,314.06,13253.78,6185.94,7420.34,0,0,2084.26,14544.53,225.41,0,16057.9,1471.83,4034.96,77260.34,0,19716.43,0,0,95880.95,0,0,0,2834.9,2604.78,0,25972.51,30890.16,68.21,2491.77,18339.89,0,0,0,0
2006-12-20 21:00:00,0,2729.66,0,297.91,12947.02,5894.89,7207.42,0,0,1943.73,13678.06,219.02,0,15138.31,1385.41,3905.05,75457.52,0,19040.35,0,0,92892.29,0,0,0,2738.83,2563.12,0,25420.68,30605.37,65.66,2319.0,17872.9,0,0,0,0
2006-12-20 22:00:00,0,2568.09,0,277.83,12365.59,5432.49,6946.09,0,0,1814.63,12838.92,202.28,0,14247.44,1301.66,3764.7,73404.91,0,18098.7,0,0,89929.65,0,0,0,2595.54,2481.2,0,24304.96,29753.98,63.46,2166.8,17192.11,0,0,0,0
2006-12-20 23:00:00,0,2438.22,0,259.05,11771.78,4945.96,6715.4,0,0,1684.26,11946.97,184.8,0,13378.63,1212.25,3621.26,70574.42,0,16991.45,0,0,86974.74,0,0,0,2473.46,2435.45,0,23132.17,28537.19,61.4,2019.74,16364.11,0,0,0,0
2006-12-21 00:00:00,0,2301.29,0,238.02,11239.34,4501.59,6469.9,0,0,1565.15,11069.95,167.88,0,12556.34,1120.69,3468.43,67766.74,0,15925.61,0,0,84006.08,0,0,0,2353.93,2392.95,0,21918.85,27305.59,59.53,1871.04,15601.02,0,0,0,0
2006-12-21 01:00:00,0,2184.43,0,218.36,10760.55,4085.19,6221.08,0,0,1435.43,10197.9,152.99,0,11868.82,1054.39,3319.33,64917.74,0,14868.11,0,0,80769.25,0,0,0,2241.09,2325.83,0,20922.24,26157.27,58.01,1737.54,14856.62,0,0,0,0
2006-12-21 02:00:00,0,2085.16,0,203.69,10534.59,3753.74,6256.12,0,0,1329.49,9505.75,139.95,0,11577.01,996.29,3188.55,62552.81,0,14058.5,0,0,78059.04,0,0,0,2181.71,2361.92,0,20135.58,25380.24,56.47,1617.95,14236.12,0,0,0,0
2006-12-21 03:00:00,0,2023.39,0,199.87,10600.84,3620.65,6393.61,0,0,1301.65,9126.66,136.56,0,11671.02,964.8,3176.23,62070.56,0,13658.69,0,0,78200.65,0,0,0,2183.63,2411.21,0,19820.13,24945.57,56.19,1570.33,13995.8,0,0,0,0
2006-12-21 04:00:00,0,2072.39,0,203.72,10885.39,3811.72,6549.15,0,0,1326.29,9279.93,142.29,0,12116.68,1008.01,3281.29,62772.56,0,14160.58,0,0,80129.17,0,0,0,2243.82,2463.55,0,20246.26,24812.88,57.02,1618.44,14132.64,0,0,0,0
2006-12-21 05:00:00,0,2141.62,0,212.03,11287.98,4028.72,6759.18,0,0,1372.88,9588.33,148.17,0,12594.79,1052.15,3394.59,64156.96,0,14750.11,0,0,82203.45,0,0,0,2317.94,2491.1,0,20787.08,25426.57,58.28,1679.89,14441.08,0,0,0,0
2006-12-21 06:00:00,0,2209.74,0,222.09,11631.83,4230.36,6939.73,0,0,1422.41,9901.51,154.66,0,12987.19,1093.75,3504.59,65522.69,0,15356.08,0,0,84236.49,0,0,0,2391.92,2500.23,0,21363.66,26241.39,59.97,1752.68,14795.51,0,0,0,0
2006-12-21 07:00:00,0,2285.08,0,228.13,12019.56,4430.2,7101.01,0,0,1471.79,10222.23,160.37,0,13321.98,1135.94,3629.19,66947.07,0,15935.58,0,0,86501.72,0,0,0,2469.77,2529.88,0,21916.12,27107.95,61.54,1839.34,15141.63,0,0,0,0
2006-12-21 08:00:00,0,2367.37,0,243.75,12604.44,4712.74,7315.63,0,0,1614.83,11150.82,169.7,0,14480.26,1202.86,3745.86,68410.13,0,17235.22,0,0,90309.57,0,0,0,2570.59,2539.48,0,22497.22,27969.88,63.35,1944.82,15428.81,0,0,0,0
2006-12-21 09:00:00,0,2505.52,0,259.54,12731.73,4966.45,7291.25,0,0,1721.67,12209.53,177.05,0,15262.68,1252.79,3884.32,70652.06,0,18228.81,0,0,93481.77,0,0,0,2629.82,2549.02,0,23534.75,29246.58,65.22,2026.43,16225.42,0,0,0,0
2006-12-21 10:00:00,0,2570.87,0,273.81,12573.52,5217.28,6904.88,0,0,1817.4,13056.04,180.48,0,15294.13,1303.08,3948.77,72911.86,0,18516.84,0,0,93022.28,0,0,0,2586.21,2531.82,0,23694.23,30418.38,66.61,2095.66,16445.28,0,0,0,0
2006-12-21 11:00:00,0,2566.1,0,285.22,12320.36,5429.09,6623.9,0,0,1882.26,13735.18,185.29,0,15081.45,1339.36,3935.01,74011.65,0,18508.15,0,0,92167.61,0,0,0,2509.61,2480.2,0,23818.07,30664.3,67.08,2191.8,16569.55,0,0,0,0
2006-12-21 12:00:00,0,2505.26,0,296.66,12166.72,5578.05,6415.78,0,0,1946.54,14289.97,192.16,0,14736.69,1373.56,3944.58,74804.05,0,18073.02,0,0,90953.35,0,0,0,2465.77,2421.61,0,23693.48,30374.41,68.2,2287.6,16568.27,0,0,0,0
2006-12-21 13:00:00,0,2446.12,0,301.26,12046.29,5722.07,6283.55,0,0,2011.64,14850.37,197.09,0,14490.11,1390.48,3947.89,75164.7,0,17964.12,0,0,89967.64,0,0,0,2452.39,2389.43,0,23833.61,30038.24,69.01,2390.83,16612.9,0,0,0,0
2006-12-21 14:00:00,0,2405.74,0,302.17,11821.08,5873.47,6201.18,0,0,2084.26,15461.83,203.73,0,14259.56,1426.42,3950.59,75321.88,0,17783.99,0,0,89092.97,0,0,0,2468.05,2373.16,0,23864.84,29762.99,69.01,2491.09,16637.26,0,0,0,0
2006-12-21 15:00:00,0,2368.11,0,300.25,11720.2,6068.89,6159.04,0,0,2160.17,15962.32,213.58,0,14291.51,1439.86,3951.33,75510.49,0,17875.52,0,0,88696.55,0,0,0,2490.91,2369.7,0,23973.4,29541.13,69.23,2573.27,16680.42,0,0,0,0
2006-12-21 16:00:00,0,2331.94,0,299.14,11608.28,6206.33,6142.53,0,0,2198.23,16092.92,224.87,0,14918.08,1441.35,3954.42,75462.21,0,18416.03,0,0,89048.09,0,0,0,2514.15,2366.39,0,24161.69,29243.24,69.19,2633.35,16738.78,0,0,0,0
2006-12-21 17:00:00,0,2337.76,0,294.93,11758.88,6226.91,6353.63,0,0,2187.98,16118.58,226.1,0,15555.56,1437.44,3965.88,75356.64,0,19117.84,0,0,91090.42,0,0,0,2547.73,2350.71,0,24490.48,29043.82,68.35,2635.09,16730.71,0,0,0,0
2006-12-21 18:00:00,0,2412.07,0,289.48,11917.85,6047.71,6521.02,0,0,2143.59,16015.95,224.93,0,15942.71,1436.17,3977.79,75761.32,0,19590.6,0,0,92229.01,0,0,0,2589.47,2366.86,0,24787.9,29139.28,68.41,2523.95,16823.1,0,0,0,0
2006-12-21 19:00:00,0,2495.45,0,323.81,12714.94,6711.57,7032.34,0,0,2347.24,16397.18,247.95,0,16847.9,1633.0,4010.02,77856.35,0,20403.48,0,0,94881.78,0,0,0,2745.79,2633.89,0,25958.17,30492.26,70.58,2790.32,17595.21,0,0,0,0
2006-12-21 20:00:00,0,2595.04,0,313.35,12556.59,6371.33,6710.92,0,0,2186.86,15436.52,236.02,0,16051.56,1523.97,3858.1,76566.51,0,19691.92,0,0,91660.44,0,0,0,2727.76,2574.04,0,26179.4,31014.25,67.68,2600.09,17756.19,0,0,0,0
2006-12-21 21:00:00,0,2646.01,0,295.97,12036.1,6060.95,6384.71,0,0,2025.67,14465.59,226.76,0,15249.52,1431.98,3700.53,74588.45,0,19031.51,0,0,88708.42,0,0,0,2638.17,2473.31,0,25567.57,31004.06,65.37,2412.26,17194.13,0,0,0,0
2006-12-21 22:00:00,0,2559.17,0,274.31,11337.35,5587.23,6039.16,0,0,1888.43,13521.38,207.85,0,14406.31,1332.13,3531.1,72538.28,0,18005.11,0,0,85648.74,0,0,0,2482.16,2371.4,0,24345.27,30443.22,63.62,2244.63,16526.56,0,0,0,0
2006-12-21 23:00:00,0,2484.98,0,255.42,10690.8,5096.08,5671.24,0,0,1757.71,12501.91,190.37,0,13576.19,1231.64,3371.64,69810.53,0,16968.98,0,0,82450.78,0,0,0,2343.26,2258.73,0,23063.63,29507.57,61.9,2081.97,15603.02,0,0,0,0
2006-12-22 00:00:00,0,2404.04,0,236.61,10068.56,4637.01,5303.18,0,0,1628.99,11545.04,173.49,0,12773.81,1145.56,3225.93,67019.89,0,15897.62,0,0,79393.98,0,0,0,2198.97,2153.94,0,21755.44,28539.56,60.4,1932.42,14848.62,0,0,0,0
2006-12-22 01:00:00,0,2330.32,0,221.5,9529.92,4230.09,4981.42,0,0,1505.37,10618.57,155.65,0,12116.28,1059.88,3095.71,64307.36,0,14862.48,0,0,76318.18,0,0,0,2062.51,2071.54,0,20503.31,27557.96,59.35,1806.67,14061.56,0,0,0,0
2006-12-22 02:00:00,0,2280.81,0,209.54,9249.23,3861.06,4796.41,0,0,1397.24,9864.07,141.14,0,11916.04,992.9,2986.31,61783.86,0,14064.71,0,0,73733.88,0,0,0,1973.14,2028.66,0,19748.37,26811.52,59.14,1690.59,13496.29,0,0,0,0
2006-12-22 03:00:00,0,2301.98,0,212.27,9246.31,3728.31,4824.2,0,0,1367.75,9526.99,138.48,0,12010.68,972.91,2921.75,61152.29,0,13885.53,0,0,73719.89,0,0,0,1949.76,2030.7,0,19514.62,26387.75,59.27,1646.32,13351.44,0,0,0,0
2006-12-22 04:00:00,0,2396.88,0,214.67,9515.28,3898.88,4990.29,0,0,1397.82,9746.15,143.02,0,12411.9,1005.96,3023.15,61875.54,0,14391.22,0,0,75403.74,0,0,0,1988.73,2053.95,0,19939.56,26492.09,60.47,1696.75,13599.68,0,0,0,0
2006-12-22 05:00:00,0,2501.18,0,219.4,9954.86,4107.79,5161.03,0,0,1447.53,10095.62,147.91,0,12772.24,1051.09,3150.87,63302.31,0,14923.35,0,0,77132.37,0,0,0,2050.62,2079.05,0,20433.23,27161.23,62.7,1758.99,14065.6,0,0,0,0
2006-12-22 06:00:00,0,2597.92,0,227.16,10394.91,4309.78,5315.16,0,0,1500.71,10457.32,156.26,0,13167.75,1094.85,3271.85,64829.85,0,15557.69,0,0,79207.21,0,0,0,2120.9,2108.61,0,20903.68,28042.73,64.95,1806.79,14471.23,0,0,0,0
2006-12-22 07:00:00,0,2677.39,0,240.08,10806.03,4504.3,5452.64,0,0,1549.41,10887.76,164.9,0,13596.47,1132.21,3389.31,66353.63,0,16037.46,0,0,81002.67,0,0,0,2199.77,2147.91,0,21341.83,28893.75,66.9,1864.03,14860.0,0,0,0,0
2006-12-22 08:00:00,0,2759.99,0,248.87,11312.79,4751.21,5644.07,0,0,1668.75,11735.42,173.25,0,14779.17,1193.67,3510.96,67888.97,0,17375.02,0,0,84106.04,0,0,0,2299.36,2172.6,0,21703.7,29727.75,68.96,1956.02,15221.22,0,0,0,0
2006-12-22 09:00:00,0,2900.72,0,261.8,11502.99,5008.86,5813.35,0,0,1770.89,12784.15,182.35,0,15112.54,1227.84,3680.59,70539.87,0,18352.47,0,0,88043.4,0,0,0,2366.77,2195.77,0,22048.57,30949.51,71.04,2063.0,15693.41,0,0,0,0
2006-12-22 10:00:00,0,2987.31,0,274.72,11516.53,5256.82,5858.76,0,0,1868.99,13514.07,189.13,0,15111.52,1264.48,3768.14,73120.29,0,18525.26,0,0,88774.38,0,0,0,2424.15,2226.28,0,22370.61,31997.49,73.18,2163.01,16004.2,0,0,0,0
2006-12-22 11:00:00,0,2962.34,0,292.36,11442.23,5547.71,5903.83,0,0,1961.42,14199.94,195.27,0,15073.33,1309.33,3810.04,74479.64,0,18910.81,0,0,88712.13,0,0,0,2466.41,2254.32,0,22628.09,32140.75,75.46,2266.8,16291.93,0,0,0,0
2006-12-22 12:00:00,0,2922.31,0,304.05,11326.13,5827.21,5920.13,0,0,2059.94,14842.76,200.87,0,15238.42,1337.58,3850.29,75192.55,0,18930.94,0,0,88879.49,0,0,0,2493.2,2269.13,0,22988.61,31968.43,76.6,2392.47,16493.95,0,0,0,0
2006-12-22 13:00:00,0,2868.36,0,304.48,11285.0,6034.16,5948.03,0,0,2142.74,15402.65,206.86,0,15245.18,1367.19,3871.55,75410.22,0,18967.43,0,0,89160.09,0,0,0,2526.15,2276.14,0,23355.45,31600.04,75.98,2558.06,16572.14,0,0,0,0
2006-12-22 14:00:00,0,2810.06,0,312.17,11299.09,6258.06,5991.19,0,0,2232.4,15899.25,215.3,0,15320.3,1402.94,3870.14,75514.58,0,19075.94,0,0,89535.44,0,0,0,2561.7,2289.53,0,23686.99,31166.08,74.68,2689.97,16627.99,0,0,0,0
2006-12-22 15:00:00,0,2757.88,0,306.49,11285.18,6391.66,6055.24,0,0,2295.45,16375.47,222.68,0,15616.47,1434.24,3899.9,75499.05,0,19238.96,0,0,90142.26,0,0,0,2589.18,2321.26,0,23903.25,30792.98,73.68,2706.09,16763.51,0,0,0,0
2006-12-22 16:00:00,0,2722.05,0,306.82,11292.49,6469.74,6095.11,0,0,2323.87,16559.96,228.29,0,16168.79,1435.02,3902.02,75215.52,0,19378.4,0,0,90538.13,0,0,0,2615.66,2349.69,0,24120.63,30354.35,72.73,2719.43,16876.05,0,0,0,0
2006-12-22 17:00:00,0,2706.95,0,309.35,11349.62,6490.11,6149.52,0,0,2307.31,16487.75,233.31,0,16510.99,1444.63,3911.88,74940.39,0,19541.92,0,0,91298.59,0,0,0,2632.12,2373.28,0,24328.82,29924.23,71.56,2732.84,16821.99,0,0,0,0
2006-12-22 18:00:00,0,2751.97,0,314.18,11415.87,6464.18,6238.18,0,0,2281.78,16461.75,238.44,0,16802.48,1471.86,3903.99,74775.84,0,19734.7,0,0,92054.75,0,0,0,2659.51,2406.43,0,24561.42,29961.66,71.56,2713.94,16871.2,0,0,0,0
2006-12-22 19:00:00,0,2760.04,0,312.27,11773.43,6413.28,6735.1,0,0,2250.39,16287.55,238.78,0,16386.71,1494.35,3745.03,73777.06,0,18907.79,0,0,89599.58,0,0,0,2707.03,2501.91,0,24825.55,30341.31,68.04,2688.17,16631.26,0,0,0,0
2006-12-22 20:00:00,0,2855.58,0,301.6,11679.17,6142.83,6375.36,0,0,2117.9,15342.79,234.58,0,15549.03,1426.14,3616.88,73665.35,0,18370.21,0,0,86787.87,0,0,0,2664.2,2420.44,0,24919.39,31126.65,66.98,2527.0,16898.27,0,0,0,0
2006-12-22 21:00:00,0,2912.04,0,284.52,11228.03,5856.21,6075.23,0,0,1981.25,14428.44,227.19,0,14697.59,1369.71,3476.99,72674.21,0,17814.49,0,0,84145.09,0,0,0,2615.34,2343.32,0,24156.7,30664.73,65.61,2374.65,16702.92,0,0,0,0
2006-12-22 22:00:00,0,2827.68,0,262.1,10502.58,5436.39,5739.81,0,0,1867.23,13506.73,205.15,0,13846.36,1291.39,3364.43,71303.28,0,16977.53,0,0,81340.72,0,0,0,2449.19,2253.16,0,22874.39,30149.73,64.2,2200.35,16058.15,0,0,0,0
2006-12-22 23:00:00,0,2741.2,0,243.8,9798.86,5040.59,5400.12,0,0,1755.7,12643.82,187.89,0,12989.78,1213.96,3271.89,69278.01,0,16121.96,0,0,78220.85,0,0,0,2327.5,2145.93,0,21784.69,29602.76,62.76,2046.88,15266.08,0,0,0,0
2006-12-23 00:00:00,0,2650.59,0,230.05,9222.52,4663.95,5076.19,0,0,1647.95,11777.71,172.64,0,12131.59,1136.07,3183.24,67103.95,0,15289.84,0,0,75817.61,0,0,0,2208.91,2026.88,0,20789.64,28955.25,61.39,1913.06,14484.44,0,0,0,0
2006-12-23 01:00:00,0,2564.91,0,214.81,8808.62,4318.32,4769.12,0,0,1543.67,10987.88,161.07,0,11430.19,1050.81,3116.77,64943.99,0,14439.03,0,0,73433.87,0,0,0,2105.04,1939.98,0,20104.78,28331.47,59.86,1792.36,13883.39,0,0,0,0
2006-12-23 02:00:00,0,2492.14,0,207.16,8453.15,4076.74,4540.9,0,0,1446.5,10419.54,150.51,0,11120.59,979.68,3121.4,62935.52,0,13652.92,0,0,70999.53,0,0,0,2036.21,1870.78,0,19616.41,27654.61,58.95,1695.76,13728.84,0,0,0,0
2006-12-23 03:00:00,0,2469.98,0,197.0,8309.4,3867.36,4431.29,0,0,1383.9,10164.95,144.98,0,11119.4,937.27,3115.22,61816.28,0,13146.67,0,0,70030.13,0,0,0,1993.01,1845.79,0,19296.98,27068.24,58.11,1606.63,13635.21,0,0,0,0
2006-12-23 04:00:00,0,2483.77,0,188.29,8201.55,3846.85,4413.93,0,0,1358.96,10039.47,142.71,0,11272.25,932.77,3157.45,61385.8,0,13155.71,0,0,69624.71,0,0,0,1983.06,1866.3,0,19225.26,26773.64,58.19,1602.0,13798.04,0,0,0,0
2006-12-23 05:00:00,0,2511.62,0,187.23,8248.01,3861.04,4460.61,0,0,1370.88,10146.41,145.19,0,11458.8,949.1,3253.2,62034.61,0,13436.01,0,0,70837.38,0,0,0,1982.98,1892.17,0,19380.53,26883.72,58.87,1644.6,14328.5,0,0,0,0
2006-12-23 06:00:00,0,2574.79,0,193.23,8543.43,3988.68,4611.95,0,0,1407.5,10349.72,151.47,0,11647.52,971.85,3393.41,63409.72,0,13770.76,0,0,72210.58,0,0,0,2026.73,1918.26,0,19744.04,27308.75,59.73,1682.98,14993.4,0,0,0,0
2006-12-23 07:00:00,0,2645.21,0,201.51,8882.73,4202.92,4744.22,0,0,1455.14,10707.22,157.2,0,11828.7,994.12,3514.72,64722.33,0,14107.83,0,0,73483.35,0,0,0,2055.84,1941.45,0,20257.96,27770.51,60.63,1748.22,15695.19,0,0,0,0
2006-12-23 08:00:00,0,2733.7,0,211.52,9231.53,4438.46,4898.14,0,0,1522.9,11478.52,158.65,0,12046.72,1030.99,3627.47,65814.59,0,14515.91,0,0,74921.95,0,0,0,2092.02,1974.62,0,20783.15,28303.46,62.01,1772.34,16462.81,0,0,0,0
2006-12-23 09:00:00,0,2897.53,0,212.47,9578.08,4755.63,5078.03,0,0,1634.7,12508.77,165.35,0,12290.07,1107.95,3730.46,67169.87,0,14956.67,0,0,77689.83,0,0,0,2161.01,2020.86,0,21357.89,28953.74,62.89,1839.21,17302.39,0,0,0,0
2006-12-23 10:00:00,0,2966.06,0,228.13,9680.54,5076.16,5317.64,0,0,1727.71,13453.76,172.32,0,12553.0,1195.46,3769.4,68847.2,0,15261.13,0,0,79153.23,0,0,0,2229.51,2078.87,0,22219.62,29563.86,62.9,1968.77,17071.16,0,0,0,0
2006-12-23 11:00:00,0,2900.36,0,240.14,9612.35,5305.37,5540.52,0,0,1803.13,14357.89,182.88,0,12824.41,1241.52,3827.31,70072.9,0,15561.65,0,0,80018.31,0,0,0,2310.04,2164.35,0,22715.37,29708.78,62.67,2110.72,17028.6,0,0,0,0
2006-12-23 12:00:00,0,2817.94,0,257.63,9640.21,5486.03,5665.19,0,0,1898.26,15407.84,187.98,0,13044.04,1270.91,3868.92,70679.36,0,15705.41,0,0,80395.31,0,0,0,2376.44,2228.0,0,22877.12,29354.14,61.86,2238.96,17114.78,0,0,0,0
2006-12-23 13:00:00,0,2739.12,0,266.31,9719.63,5669.0,5743.31,0,0,2020.2,16350.97,191.69,0,13252.32,1297.11,3867.4,70683.79,0,15790.27,0,0,80431.86,0,0,0,2420.04,2274.43,0,22810.44,28934.36,60.61,2362.0,16864.29,0,0,0,0
2006-12-23 14:00:00,0,2670.14,0,274.41,9728.03,5799.87,5780.26,0,0,2115.01,16952.52,197.15,0,13490.8,1316.64,3840.84,70279.83,0,15807.15,0,0,79711.46,0,0,0,2404.27,2313.28,0,22463.22,28547.72,59.14,2485.92,16390.26,0,0,0,0
2006-12-23 15:00:00,0,2592.54,0,279.36,9646.41,5939.83,5761.5,0,0,2165.64,17154.46,199.45,0,13663.89,1315.75,3760.96,69384.13,0,15876.83,0,0,79511.11,0,0,0,2374.01,2327.61,0,21863.1,28119.77,57.96,2561.5,15808.22,0,0,0,0
2006-12-23 16:00:00,0,2523.77,0,283.19,9487.64,6022.71,5708.28,0,0,2189.04,17069.39,205.47,0,13974.44,1315.99,3720.7,68384.36,0,16046.9,0,0,79307.32,0,0,0,2361.47,2313.14,0,21456.9,27521.0,56.52,2527.95,15378.66,0,0,0,0
2006-12-23 17:00:00,0,2476.7,0,279.35,9356.76,5978.49,5584.46,0,0,2162.27,16698.37,208.24,0,14343.16,1300.74,3746.48,68550.63,0,16666.79,0,0,80002.31,0,0,0,2334.94,2254.24,0,21159.43,27048.33,55.16,2440.41,15438.38,0,0,0,0
2006-12-23 18:00:00,0,2531.45,0,268.26,9478.28,5769.78,5674.45,0,0,2089.6,16251.02,209.11,0,14665.66,1291.24,3825.31,69349.53,0,17083.72,0,0,80605.91,0,0,0,2364.88,2269.02,0,21506.24,27309.06,56.11,2328.02,16232.3,0,0,0,0
2006-12-23 19:00:00,0,2704.51,0,297.89,10987.52,6188.67,6234.58,0,0,2274.6,16560.31,231.77,0,15202.56,1527.23,4134.09,76312.64,0,18440.89,0,0,88488.06,0,0,0,2588.96,2482.23,0,24658.72,30575.62,67.62,2558.74,17559.77,0,0,0,0
2006-12-23 20:00:00,0,2829.78,0,290.24,11088.57,5873.05,5923.86,0,0,2111.95,15493.62,221.49,0,14341.65,1438.93,4061.04,76142.86,0,18005.43,0,0,86488.03,0,0,0,2580.56,2429.61,0,25514.87,31385.24,66.71,2390.0,18163.09,0,0,0,0
2006-12-23 21:00:00,0,2909.92,0,272.25,10915.0,5593.95,5695.63,0,0,1969.72,14441.91,214.38,0,13529.44,1352.68,3952.02,74894.68,0,17583.75,0,0,84268.38,0,0,0,2524.68,2361.31,0,25181.8,30854.43,65.44,2241.61,18395.61,0,0,0,0
2006-12-23 22:00:00,0,2837.36,0,251.14,10535.74,5183.12,5506.74,0,0,1847.15,13424.95,199.61,0,12710.51,1267.85,3843.66,72958.36,0,16899.0,0,0,81901.5,0,0,0,2408.53,2264.71,0,24400.22,30217.13,63.94,2119.18,17761.89,0,0,0,0
2006-12-23 23:00:00,0,2754.04,0,226.0,10230.05,4734.33,5330.56,0,0,1723.61,12448.88,184.57,0,11974.87,1196.52,3743.07,70732.69,0,16095.26,0,0,78860.07,0,0,0,2304.57,2165.72,0,23592.55,29550.07,62.22,1989.16,17163.42,0,0,0,0
2006-12-24 00:00:00,0,2662.88,0,215.89,9910.88,4311.29,5190.43,0,0,1608.51,11510.81,169.75,0,11226.99,1131.75,3621.7,68402.76,0,15303.15,0,0,76177.74,0,0,0,2211.92,2094.71,0,23073.23,28770.25,60.75,1867.63,16553.39,0,0,0,0
2006-12-24 01:00:00,0,2571.31,0,207.02,9576.12,4027.11,5047.12,0,0,1513.1,10649.19,158.01,0,10618.19,1068.82,3554.05,66179.68,0,14448.99,0,0,73777.51,0,0,0,2137.7,2044.04,0,22646.6,28046.99,59.35,1737.54,16239.02,0,0,0,0
2006-12-24 02:00:00,0,2528.21,0,200.74,9458.49,3805.59,4994.19,0,0,1411.87,9980.33,148.8,0,10486.21,1021.71,3489.75,64369.21,0,13652.36,0,0,71871.72,0,0,0,2117.24,2056.01,0,22219.02,27343.25,58.45,1616.92,16094.6,0,0,0,0
2006-12-24 03:00:00,0,2527.07,0,193.2,9393.57,3656.88,5070.9,0,0,1345.5,9677.38,142.03,0,10490.32,984.37,3443.01,63276.16,0,13314.12,0,0,70833.27,0,0,0,2120.38,2109.11,0,22313.92,26874.21,57.76,1569.74,16135.92,0,0,0,0
2006-12-24 04:00:00,0,2561.47,0,195.82,9538.98,3674.65,5301.71,0,0,1329.49,9548.54,138.85,0,10626.68,986.33,3432.66,62604.98,0,13325.15,0,0,71691.07,0,0,0,2162.98,2181.03,0,22440.74,26593.01,58.24,1572.74,16242.3,0,0,0,0
2006-12-24 05:00:00,0,2609.63,0,201.23,9807.9,3689.38,5588.06,0,0,1331.8,9593.95,138.81,0,10916.78,1005.84,3484.54,63352.47,0,13452.43,0,0,73153.1,0,0,0,2229.24,2251.71,0,22689.98,26739.89,59.18,1613.98,16606.96,0,0,0,0
2006-12-24 06:00:00,0,2670.28,0,207.71,10217.56,3821.08,5939.91,0,0,1355.84,9735.47,141.15,0,11249.73,1040.97,3573.96,64468.39,0,13944.71,0,0,74583.61,0,0,0,2324.29,2327.6,0,23190.11,27095.08,60.43,1646.44,16986.87,0,0,0,0
2006-12-24 07:00:00,0,2749.79,0,209.73,10672.79,3988.33,6313.82,0,0,1389.72,10044.52,146.39,0,11537.28,1064.39,3669.66,65593.09,0,14530.57,0,0,75800.92,0,0,0,2429.38,2409.79,0,23753.77,27535.28,61.82,1676.33,17309.68,0,0,0,0
2006-12-24 08:00:00,0,2825.31,0,220.57,11349.65,4301.59,6669.72,0,0,1457.59,10843.59,153.87,0,12022.55,1109.59,3760.54,66552.27,0,15047.03,0,0,77548.78,0,0,0,2571.99,2502.17,0,24579.42,27980.1,63.23,1704.37,17678.31,0,0,0,0
2006-12-24 09:00:00,0,2978.82,0,228.55,11993.43,4668.68,6775.97,0,0,1590.83,12277.31,163.78,0,12381.81,1157.7,3844.56,68515.17,0,15516.1,0,0,79189.53,0,0,0,2642.98,2570.65,0,25415.91,28578.91,64.21,1758.17,18542.16,0,0,0,0
2006-12-24 10:00:00,0,3000.43,0,237.99,11206.38,4941.9,6459.65,0,0,1709.26,13424.62,171.54,0,12566.52,1188.31,3755.77,69955.05,0,15653.23,0,0,78477.14,0,0,0,2540.7,2537.84,0,24313.06,29031.3,64.06,1844.69,17800.3,0,0,0,0
2006-12-24 11:00:00,0,2909.89,0,249.32,10589.61,5231.06,6276.3,0,0,1815.96,14496.42,180.25,0,12663.96,1224.81,3634.34,70196.18,0,15818.19,0,0,77418.76,0,0,0,2490.89,2513.07,0,23865.33,28933.49,63.13,1972.8,17196.66,0,0,0,0
2006-12-24 12:00:00,0,2795.19,0,256.94,10160.78,5411.24,6030.26,0,0,1922.54,15456.63,185.52,0,12847.86,1252.91,3579.4,70306.62,0,15948.28,0,0,76485.34,0,0,0,2422.81,2458.93,0,23500.0,28668.01,61.65,2057.72,16831.81,0,0,0,0
2006-12-24 13:00:00,0,2691.78,0,266.31,9847.18,5536.37,5856.34,0,0,2001.21,16105.33,191.32,0,12987.45,1253.96,3527.55,70109.46,0,15978.84,0,0,75944.63,0,0,0,2348.3,2434.96,0,22958.81,28426.06,60.21,2134.0,16503.21,0,0,0,0
2006-12-24 14:00:00,0,2595.93,0,275.0,9639.88,5615.33,5795.61,0,0,2053.71,16473.15,196.9,0,12813.06,1264.84,3479.04,69459.71,0,15994.61,0,0,75368.93,0,0,0,2295.81,2390.82,0,22402.12,27962.83,59.28,2222.32,16045.94,0,0,0,0
2006-12-24 15:00:00,0,2525.71,0,288.93,9502.7,5732.01,5789.04,0,0,2068.27,16539.8,197.97,0,12802.29,1256.05,3438.87,68820.46,0,16042.71,0,0,74780.58,0,0,0,2267.35,2337.96,0,22003.73,27555.01,58.62,2289.27,15526.23,0,0,0,0
2006-12-24 16:00:00,0,2446.8,0,287.07,9551.76,5784.02,5769.5,0,0,2070.34,16266.67,203.08,0,13454.38,1262.14,3423.9,68541.83,0,16435.08,0,0,74563.1,0,0,0,2259.64,2334.9,0,21888.17,27038.11,57.71,2313.97,15282.31,0,0,0,0
2006-12-24 17:00:00,0,2419.8,0,273.99,9769.27,5805.0,5947.36,0,0,2063.5,15803.07,207.12,0,13984.48,1268.45,3547.54,69214.18,0,16935.53,0,0,77982.09,0,0,0,2305.35,2331.17,0,22089.96,26944.95,57.47,2355.01,15410.3,0,0,0,0
2006-12-24 18:00:00,0,2513.8,0,272.61,10168.28,5814.43,6161.53,0,0,2043.53,15569.87,211.74,0,14422.62,1284.71,3694.24,70047.78,0,17425.44,0,0,80379.96,0,0,0,2378.58,2375.13,0,22584.57,27209.62,58.13,2373.32,16073.35,0,0,0,0
2006-12-24 19:00:00,0,2681.56,0,278.61,11534.21,6237.3,6294.72,0,0,2267.15,15985.41,220.0,0,15413.0,1458.08,3967.92,76568.52,0,18460.01,0,0,92480.22,0,0,0,2609.9,2417.26,0,24074.29,28704.5,67.06,2506.96,17315.43,0,0,0,0
2006-12-24 20:00:00,0,2790.74,0,263.64,11327.54,6033.51,6084.13,0,0,2152.03,15216.27,214.71,0,14719.08,1384.04,3928.29,76214.72,0,17870.26,0,0,89727.37,0,0,0,2568.24,2364.51,0,24152.87,28847.13,65.39,2372.61,17491.19,0,0,0,0
2006-12-24 21:00:00,0,2847.41,0,256.75,10856.94,5813.92,5803.68,0,0,2024.02,14407.96,207.36,0,14042.76,1304.88,3874.45,75422.69,0,17296.63,0,0,87133.24,0,0,0,2500.23,2255.61,0,23696.64,28956.13,63.57,2247.44,17061.65,0,0,0,0
2006-12-24 22:00:00,0,2751.5,0,240.86,10322.4,5424.95,5611.88,0,0,1917.3,13646.12,192.02,0,13402.04,1221.05,3796.1,73041.76,0,16526.46,0,0,84333.64,0,0,0,2360.25,2163.4,0,22241.26,28604.05,62.8,2100.4,16631.16,0,0,0,0
2006-12-24 23:00:00,0,2650.32,0,227.68,9807.26,5063.64,5475.98,0,0,1832.16,12834.25,178.74,0,12676.84,1135.37,3714.28,70708.84,0,15657.68,0,0,81499.92,0,0,0,2230.19,2047.35,0,21038.75,27917.91,62.02,1989.53,16190.48,0,0,0,0
2006-12-25 00:00:00,0,2553.51,0,211.72,9204.55,4700.73,5183.45,0,0,1743.0,12102.65,165.51,0,11968.43,1071.28,3624.57,68327.39,0,14859.06,0,0,78810.66,0,0,0,2125.12,1974.42,0,20000.2,27201.66,61.58,1884.78,15616.32,0,0,0,0
2006-12-25 01:00:00,0,2445.83,0,197.45,8714.21,4384.75,4812.42,0,0,1647.86,11330.07,153.19,0,11394.64,1000.21,3528.5,65836.83,0,14069.82,0,0,76425.87,0,0,0,2053.52,1888.73,0,19154.9,26413.32,61.13,1799.44,14837.94,0,0,0,0
2006-12-25 02:00:00,0,2365.16,0,186.0,8479.93,4081.43,4651.59,0,0,1559.27,10603.86,143.95,0,11055.7,935.29,3449.65,63329.7,0,13471.75,0,0,74479.46,0,0,0,2001.71,1837.7,0,18781.13,25818.28,60.66,1739.63,14337.28,0,0,0,0
2006-12-25 03:00:00,0,2316.83,0,185.44,8190.88,3896.87,4482.96,0,0,1505.75,10131.57,143.28,0,10911.26,896.38,3429.41,62015.72,0,13168.73,0,0,73476.18,0,0,0,1996.68,1813.78,0,18519.49,25499.92,60.56,1690.38,14373.77,0,0,0,0
2006-12-25 04:00:00,0,2333.5,0,190.92,8208.79,3894.51,4685.6,0,0,1493.25,10133.12,146.09,0,10993.83,892.91,3488.69,62176.02,0,13269.85,0,0,73780.47,0,0,0,2020.87,1803.67,0,18576.09,25578.34,60.43,1678.39,14512.33,0,0,0,0
2006-12-25 05:00:00,0,2386.93,0,198.97,8708.23,4018.49,4914.49,0,0,1522.69,10314.76,148.79,0,11158.28,933.57,3567.19,63450.53,0,13662.02,0,0,74612.2,0,0,0,2053.02,1796.88,0,18921.88,25895.93,61.34,1748.41,14842.03,0,0,0,0
2006-12-25 06:00:00,0,2451.03,0,205.7,9250.4,4169.38,5130.37,0,0,1569.45,10477.23,150.74,0,11361.09,970.71,3659.58,64988.91,0,14024.64,0,0,76040.04,0,0,0,2114.38,1820.75,0,19385.58,26618.78,63.37,1816.75,15073.98,0,0,0,0
2006-12-25 07:00:00,0,2523.32,0,211.24,9762.35,4359.38,5360.84,0,0,1621.09,10731.1,155.31,0,11687.67,1009.96,3763.86,66440.61,0,14338.92,0,0,77208.09,0,0,0,2154.61,1836.42,0,19935.17,27498.63,64.7,1868.83,15352.65,0,0,0,0
2006-12-25 08:00:00,0,2598.4,0,214.29,10258.29,4692.8,5542.64,0,0,1739.04,11636.31,162.12,0,12565.32,1075.19,3853.14,67902.92,0,14820.69,0,0,79793.4,0,0,0,2230.38,1863.94,0,20598.6,28388.86,66.7,1925.79,15612.11,0,0,0,0
2006-12-25 09:00:00,0,2764.15,0,229.0,10690.53,5101.46,5706.92,0,0,1857.33,12673.96,171.0,0,12681.35,1139.07,3985.47,70541.75,0,15695.26,0,0,81371.34,0,0,0,2344.6,1898.59,0,21428.59,29621.83,69.17,2014.24,16135.37,0,0,0,0
2006-12-25 10:00:00,0,2987.79,0,248.12,10849.55,5447.66,5766.91,0,0,1981.73,13690.38,184.5,0,12799.48,1185.19,4040.85,73019.54,0,16074.3,0,0,80883.01,0,0,0,2400.4,1951.89,0,22236.74,30845.59,71.26,2153.39,16536.8,0,0,0,0
2006-12-25 11:00:00,0,3067.44,0,248.21,10925.24,5753.61,5755.69,0,0,2132.87,15028.18,191.22,0,13160.51,1244.56,4061.29,74163.32,0,16652.83,0,0,81874.67,0,0,0,2440.16,2049.76,0,23332.31,31312.28,74.12,2291.79,17065.1,0,0,0,0
2006-12-25 12:00:00,0,3059.95,0,252.39,11061.68,5999.31,5724.57,0,0,2286.72,15982.37,202.25,0,13467.24,1315.28,4016.73,74569.92,0,16886.56,0,0,81744.28,0,0,0,2467.33,2069.78,0,23681.72,31289.88,75.23,2367.33,17135.51,0,0,0,0
2006-12-25 13:00:00,0,3040.57,0,256.58,11221.31,6178.09,5771.19,0,0,2378.96,16559.65,208.74,0,13585.4,1370.29,3991.6,74795.93,0,17004.73,0,0,81774.43,0,0,0,2515.26,2138.96,0,24013.21,31174.63,74.9,2393.58,17155.53,0,0,0,0
2006-12-25 14:00:00,0,3009.91,0,252.18,11328.72,6379.38,5850.84,0,0,2425.23,16881.05,213.76,0,13376.53,1393.83,3984.9,74982.28,0,17186.23,0,0,81930.83,0,0,0,2514.24,2092.05,0,24162.82,30907.12,73.91,2512.17,17148.03,0,0,0,0
2006-12-25 15:00:00,0,2940.22,0,253.75,11373.45,6196.13,5899.14,0,0,2356.14,16579.12,202.58,0,13285.61,1408.44,3982.71,74858.57,0,17275.72,0,0,82063.06,0,0,0,2520.1,2063.89,0,24302.09,30435.33,72.67,2376.02,17213.12,0,0,0,0
2006-12-25 16:00:00,0,2903.77,0,247.18,11457.01,6007.82,5918.76,0,0,2239.53,16178.47,197.59,0,13843.71,1412.8,3983.96,74240.63,0,17390.59,0,0,82562.33,0,0,0,2530.27,2067.61,0,24168.14,29901.61,71.88,2284.54,17376.14,0,0,0,0
2006-12-25 17:00:00,0,2916.01,0,247.83,11427.47,5850.19,5933.64,0,0,2194.84,15566.08,191.73,0,14233.59,1320.18,3989.02,73025.29,0,17671.08,0,0,83310.94,0,0,0,2548.61,2054.91,0,23911.38,29387.71,70.63,2247.64,17609.84,0,0,0,0
2006-12-25 18:00:00,0,2848.56,0,252.1,11288.42,5802.32,5990.88,0,0,2161.61,15705.43,189.44,0,14528.14,1286.81,4006.08,72424.48,0,18336.5,0,0,84399.63,0,0,0,2557.36,2074.31,0,24134.19,28948.68,68.02,2228.66,17953.72,0,0,0,0
2006-12-25 19:00:00,0,3123.29,0,311.78,13208.33,6671.3,6927.5,0,0,2334.05,16664.22,238.03,0,16658.82,1547.77,4367.36,83853.15,0,20279.44,0,0,96927.0,0,0,0,2620.42,2409.53,0,27461.69,33710.02,79.98,2746.92,19716.52,0,0,0,0
2006-12-25 20:00:00,0,3200.62,0,306.69,13074.21,6381.45,6484.08,0,0,2190.58,15716.01,230.89,0,15776.41,1454.17,4227.37,82769.11,0,19582.3,0,0,93897.9,0,0,0,2671.04,2370.75,0,27663.68,33863.09,78.14,2591.73,20006.61,0,0,0,0
2006-12-25 21:00:00,0,3180.89,0,298.24,12404.96,6041.25,6068.9,0,0,2017.76,14715.07,221.12,0,14895.93,1385.54,4075.01,81411.2,0,18794.17,0,0,90582.26,0,0,0,2623.68,2326.32,0,26951.19,33924.18,76.65,2378.36,19644.35,0,0,0,0
2006-12-25 22:00:00,0,3096.12,0,267.56,11734.24,5562.98,5661.15,0,0,1890.42,13690.01,204.91,0,14041.52,1310.4,3948.96,79162.65,0,17726.44,0,0,87060.08,0,0,0,2485.08,2272.31,0,25945.77,33120.14,75.26,2200.91,19125.43,0,0,0,0
2006-12-25 23:00:00,0,3009.98,0,244.56,11116.29,5108.6,5441.79,0,0,1750.73,12632.79,189.28,0,13179.99,1236.31,3835.84,76611.05,0,16650.45,0,0,83798.87,0,0,0,2344.83,2150.36,0,24987.72,32078.16,73.91,2053.22,18386.19,0,0,0,0
2006-12-26 00:00:00,0,2921.63,0,228.89,10537.74,4631.66,5142.62,0,0,1600.96,11532.72,172.97,0,12370.94,1156.61,3733.85,74066.05,0,15537.43,0,0,80449.73,0,0,0,2210.0,2011.49,0,23994.56,30995.48,73.18,1865.05,17658.1,0,0,0,0
2006-12-26 01:00:00,0,2854.15,0,212.89,10060.38,4191.39,4755.12,0,0,1460.4,10383.56,147.78,0,11768.88,1077.47,3653.27,71552.55,0,14526.8,0,0,77250.35,0,0,0,2084.15,1935.43,0,23162.65,29885.77,72.53,1744.12,17075.99,0,0,0,0
2006-12-26 02:00:00,0,2808.95,0,199.86,9944.68,3798.89,4610.37,0,0,1358.48,9627.99,138.01,0,11560.94,1005.27,3576.08,69060.54,0,13786.1,0,0,74160.71,0,0,0,1982.46,1877.23,0,22689.98,28972.68,72.09,1644.58,16844.08,0,0,0,0
2006-12-26 03:00:00,0,2841.07,0,212.14,9979.19,3679.31,4711.26,0,0,1349.17,9261.95,134.02,0,11813.35,987.94,3558.46,68064.09,0,13672.35,0,0,73688.44,0,0,0,1965.09,1859.26,0,22651.19,28451.48,72.63,1592.22,16883.14,0,0,0,0
2006-12-26 04:00:00,0,2917.82,0,214.67,10163.57,3851.59,4952.16,0,0,1368.93,9435.31,140.82,0,12074.67,1031.34,3690.56,69463.85,0,14092.65,0,0,75695.65,0,0,0,2033.85,1884.81,0,23491.49,28519.7,74.69,1658.78,17202.43,0,0,0,0
2006-12-26 05:00:00,0,2995.21,0,231.71,10571.23,4068.19,5237.0,0,0,1401.01,9666.73,147.61,0,12356.28,1068.43,3835.7,71199.87,0,14502.33,0,0,77788.65,0,0,0,2139.84,1941.13,0,24382.26,29065.67,77.04,1711.42,17682.02,0,0,0,0
2006-12-26 06:00:00,0,3065.71,0,232.29,11024.43,4254.66,5456.89,0,0,1438.7,9934.82,157.69,0,12658.23,1102.05,3968.12,72804.94,0,14958.17,0,0,80069.93,0,0,0,2256.56,2027.59,0,25173.66,29900.61,79.26,1772.62,18137.65,0,0,0,0
2006-12-26 07:00:00,0,3136.05,0,258.91,11505.2,4457.97,5654.38,0,0,1478.06,10211.92,158.79,0,12975.35,1125.51,4126.77,74386.3,0,15415.15,0,0,82198.79,0,0,0,2343.17,2079.69,0,25963.01,30717.33,81.38,1818.28,18662.59,0,0,0,0
2006-12-26 08:00:00,0,3202.33,0,294.92,12206.15,4741.02,5939.89,0,0,1572.15,10718.42,166.05,0,13377.35,1245.63,4262.56,75824.17,0,16003.57,0,0,84980.9,0,0,0,2472.7,2158.98,0,26898.65,31520.62,83.32,1882.36,19176.63,0,0,0,0
2006-12-26 09:00:00,0,3304.96,0,324.7,12594.77,4947.1,6179.08,0,0,1648.55,11314.83,177.1,0,13875.86,1397.61,4404.22,79035.13,0,16596.64,0,0,88964.19,0,0,0,2626.23,2260.0,0,28458.21,32508.09,85.62,1940.88,20030.37,0,0,0,0
2006-12-26 10:00:00,0,3307.86,0,331.13,12654.48,5147.24,6370.6,0,0,1692.26,11774.26,188.01,0,14365.15,1502.03,4570.18,81469.05,0,17198.86,0,0,91506.19,0,0,0,2694.33,2318.48,0,29406.79,33100.94,87.78,1994.87,21205.26,0,0,0,0
2006-12-26 11:00:00,0,3152.71,0,328.52,12813.43,5289.0,6624.38,0,0,1726.79,12147.37,196.14,0,14702.2,1525.23,4652.13,81985.64,0,17705.75,0,0,92104.42,0,0,0,2771.17,2404.75,0,29788.02,32549.18,87.2,2060.2,21710.57,0,0,0,0
2006-12-26 12:00:00,0,2983.77,0,323.8,12819.81,5452.76,6797.5,0,0,1775.42,12598.36,200.16,0,14914.44,1497.52,4703.18,82053.48,0,18096.28,0,0,92589.45,0,0,0,2826.21,2468.75,0,30068.98,31985.92,86.16,2114.85,21971.18,0,0,0,0
2006-12-26 13:00:00,0,2844.76,0,324.4,12751.19,5611.83,6931.52,0,0,1847.17,13073.1,195.56,0,15110.22,1451.92,4707.9,81486.67,0,18471.53,0,0,92216.68,0,0,0,2845.51,2517.38,0,29804.12,31465.91,84.8,2193.03,22024.27,0,0,0,0
2006-12-26 14:00:00,0,2738.81,0,318.07,12732.42,5619.41,7027.15,0,0,1867.54,13216.41,194.84,0,15300.49,1432.84,4688.41,80711.78,0,18544.11,0,0,91817.64,0,0,0,2791.3,2505.0,0,29453.81,30947.62,83.45,2215.48,21951.61,0,0,0,0
2006-12-26 15:00:00,0,2650.31,0,307.37,12807.92,5680.04,7113.32,0,0,1860.01,13296.35,196.07,0,15502.91,1424.97,4677.38,79938.15,0,18632.0,0,0,91383.04,0,0,0,2740.47,2480.67,0,29183.0,30398.45,81.65,2253.86,21819.48,0,0,0,0
2006-12-26 16:00:00,0,2605.18,0,306.84,12948.01,5648.41,7184.27,0,0,1891.49,13358.56,197.72,0,15617.56,1421.34,4675.92,79218.12,0,18742.76,0,0,91052.01,0,0,0,2728.93,2467.65,0,29004.17,29940.5,78.89,2266.67,21601.46,0,0,0,0
2006-12-26 17:00:00,0,2651.6,0,309.76,13109.97,5655.79,7300.81,0,0,1917.99,13480.52,199.0,0,15835.85,1355.35,4693.02,79285.71,0,18665.84,0,0,91656.97,0,0,0,2755.21,2452.32,0,28630.66,29720.52,77.03,2286.23,21377.45,0,0,0,0
2006-12-26 18:00:00,0,2769.19,0,310.71,13308.58,5832.89,7447.91,0,0,1955.76,13691.89,210.05,0,16002.26,1383.87,4733.81,79348.15,0,19018.3,0,0,92498.02,0,0,0,2811.17,2509.69,0,28983.84,30000.2,75.98,2332.79,21742.26,0,0,0,0
2006-12-26 19:00:00,0,2977.54,0,349.81,13651.93,6456.01,7551.43,0,0,2028.39,14048.99,237.76,0,16079.96,1648.36,4766.89,84539.61,0,20123.54,0,0,99065.78,0,0,0,3031.81,2786.28,0,31091.54,31694.14,82.8,2476.02,22048.02,0,0,0,0
2006-12-26 20:00:00,0,3102.19,0,355.89,13880.37,6227.91,7369.66,0,0,1933.39,13192.49,239.39,0,15301.04,1600.61,4657.3,83701.75,0,19746.71,0,0,96882.53,0,0,0,3068.73,2733.93,0,31542.19,32343.15,81.67,2313.57,22438.9,0,0,0,0
2006-12-26 21:00:00,0,3137.32,0,351.09,13375.92,5994.04,7116.46,0,0,1814.41,12333.46,237.13,0,14588.07,1557.2,4523.15,82231.24,0,19215.75,0,0,94145.89,0,0,0,2975.79,2645.4,0,30808.0,32453.33,80.11,2164.34,22108.69,0,0,0,0
2006-12-26 22:00:00,0,3059.64,0,345.69,12799.91,5575.07,6893.96,0,0,1698.15,11445.08,224.2,0,13912.92,1528.46,4434.68,79879.32,0,18202.75,0,0,90893.88,0,0,0,2844.63,2542.22,0,30006.59,31791.41,78.43,2024.38,21423.9,0,0,0,0
2006-12-26 23:00:00,0,2960.07,0,344.08,12178.94,5167.27,6669.49,0,0,1587.46,10575.55,210.71,0,13205.33,1491.45,4321.45,77289.57,0,17071.29,0,0,87696.09,0,0,0,2769.06,2490.31,0,29286.69,30774.26,76.93,1879.02,20845.2,0,0,0,0
2006-12-27 00:00:00,0,2856.69,0,337.14,11656.72,4884.24,6462.57,0,0,1523.7,9802.6,199.46,0,12417.07,1459.92,4223.6,74703.86,0,15762.31,0,0,84542.34,0,0,0,2691.79,2440.34,0,28586.25,29715.58,75.58,1752.77,20215.37,0,0,0,0
2006-12-27 01:00:00,0,2754.73,0,328.34,11355.91,4614.58,6246.12,0,0,1473.48,9079.15,193.86,0,11742.63,1453.77,4165.98,72112.01,0,14775.92,0,0,81598.79,0,0,0,2627.18,2446.7,0,28017.77,28575.72,74.43,1687.31,19591.06,0,0,0,0
2006-12-27 02:00:00,0,2650.55,0,329.07,11302.5,4503.77,6078.77,0,0,1421.32,8640.78,196.82,0,11713.36,1454.73,4102.06,69659.37,0,14052.94,0,0,79068.81,0,0,0,2612.2,2465.88,0,27534.8,27613.77,73.36,1653.64,19578.62,0,0,0,0
2006-12-27 03:00:00,0,2638.36,0,336.22,11368.67,4746.16,6320.21,0,0,1471.05,8697.02,208.43,0,12000.59,1479.23,4112.95,69093.67,0,13777.46,0,0,78588.46,0,0,0,2691.28,2560.49,0,27842.48,27067.79,73.43,1707.66,19751.23,0,0,0,0
2006-12-27 04:00:00,0,2695.51,0,337.1,11942.81,5188.89,6681.7,0,0,1589.29,9029.33,220.56,0,12406.02,1558.19,4232.96,70516.3,0,14253.93,0,0,79805.1,0,0,0,2871.4,2688.99,0,28437.54,27050.09,74.63,1833.23,20110.29,0,0,0,0
2006-12-27 05:00:00,0,2762.68,0,333.22,12565.59,5636.15,7066.21,0,0,1698.16,9430.1,229.84,0,12837.31,1631.96,4374.18,72051.81,0,14801.94,0,0,81876.72,0,0,0,3069.41,2836.61,0,29093.78,27628.75,76.23,1949.11,20553.59,0,0,0,0
2006-12-27 06:00:00,0,2819.64,0,337.1,13106.98,6137.9,7437.32,0,0,1807.87,9975.75,237.47,0,13302.92,1695.01,4519.35,73441.58,0,15331.89,0,0,84169.91,0,0,0,3195.99,2941.96,0,29698.29,28439.59,77.69,2072.36,20988.66,0,0,0,0
2006-12-27 07:00:00,0,2871.67,0,341.37,13587.19,6691.55,7767.28,0,0,1929.04,10569.2,244.77,0,13718.75,1747.89,4652.91,74802.7,0,15801.25,0,0,86123.87,0,0,0,3220.1,2976.13,0,30445.86,29252.96,79.07,2222.7,21306.42,0,0,0,0
2006-12-27 08:00:00,0,2931.36,0,365.65,14362.02,7228.56,8033.41,0,0,2100.24,11812.1,257.04,0,14690.5,1837.64,4777.14,76201.43,0,17153.1,0,0,90282.38,0,0,0,3315.83,3025.48,0,31863.25,30096.48,80.43,2419.13,21679.5,0,0,0,0
2006-12-27 09:00:00,0,3028.81,0,373.73,14164.07,7325.36,7792.2,0,0,2136.72,12664.23,255.81,0,15671.11,1804.62,4906.63,79954.09,0,18165.0,0,0,93549.51,0,0,0,3283.88,2952.94,0,33909.1,31210.06,82.36,2520.4,22670.62,0,0,0,0
2006-12-27 10:00:00,0,2981.42,0,361.91,13600.66,7094.85,7475.32,0,0,2143.92,12980.19,244.35,0,15623.92,1706.67,4735.55,80831.29,0,18306.93,0,0,92377.63,0,0,0,3164.97,2868.04,0,32965.39,31766.74,82.87,2491.42,22121.79,0,0,0,0
2006-12-27 11:00:00,0,2835.87,0,362.24,13225.52,6821.31,7151.29,0,0,2139.62,13254.07,224.65,0,15281.99,1639.28,4543.32,80397.39,0,18424.81,0,0,91202.27,0,0,0,3084.72,2815.88,0,32089.61,31321.99,81.14,2450.39,21321.54,0,0,0,0
2006-12-27 12:00:00,0,2713.92,0,363.53,12881.63,6745.84,6982.12,0,0,2118.72,13375.81,226.01,0,15006.14,1642.38,4392.43,79608.11,0,18446.94,0,0,90262.36,0,0,0,3014.41,2776.25,0,31226.91,30789.24,78.85,2463.28,20697.19,0,0,0,0
2006-12-27 13:00:00,0,2605.83,0,356.44,12504.04,6690.44,6793.59,0,0,2097.35,13287.88,225.2,0,14916.62,1627.61,4292.6,78850.83,0,18435.34,0,0,89166.84,0,0,0,2938.66,2736.76,0,30266.86,30191.43,76.87,2460.0,20188.56,0,0,0,0
2006-12-27 14:00:00,0,2515.35,0,347.84,12036.38,6591.51,6654.54,0,0,2064.6,13117.68,226.53,0,14842.55,1616.7,4226.94,78020.42,0,18445.2,0,0,87574.32,0,0,0,2838.29,2663.96,0,29433.98,29658.21,74.99,2449.69,19691.27,0,0,0,0
2006-12-27 15:00:00,0,2440.5,0,336.54,11704.22,6327.58,6523.56,0,0,1988.13,12888.66,227.52,0,14900.26,1595.36,4169.75,76984.3,0,18594.65,0,0,87027.38,0,0,0,2694.11,2561.81,0,28476.64,29129.08,73.43,2391.32,19249.29,0,0,0,0
2006-12-27 16:00:00,0,2410.77,0,314.66,11572.04,5977.43,6516.06,0,0,1904.74,12645.71,222.7,0,15589.8,1537.59,4152.6,76227.15,0,18916.5,0,0,87472.15,0,0,0,2638.41,2476.21,0,27420.1,28666.23,71.76,2336.85,18982.91,0,0,0,0
2006-12-27 17:00:00,0,2466.75,0,307.18,12044.78,5881.02,6906.93,0,0,1885.99,12717.63,219.0,0,16138.36,1504.47,4251.65,76941.62,0,19380.38,0,0,90984.22,0,0,0,2688.1,2525.84,0,26994.34,28456.08,71.67,2320.85,19062.92,0,0,0,0
2006-12-27 18:00:00,0,2509.68,0,320.08,12292.64,6218.95,7151.63,0,0,1967.37,12947.75,228.02,0,16463.96,1561.7,4340.25,77299.24,0,19850.42,0,0,93350.88,0,0,0,2791.18,2663.09,0,28085.07,28745.57,71.6,2420.65,19779.95,0,0,0,0
2006-12-27 19:00:00,0,2771.91,0,366.37,13701.91,6911.13,8232.5,0,0,2185.74,14280.73,255.89,0,17439.71,1750.48,4549.26,81933.98,0,20642.07,0,0,99902.53,0,0,0,3191.0,3076.7,0,31400.33,31234.32,76.74,2666.71,20143.05,0,0,0,0
2006-12-27 20:00:00,0,2852.05,0,365.99,13899.74,6916.87,8028.35,0,0,2078.62,13442.15,252.74,0,16570.91,1711.12,4464.34,81161.05,0,19906.95,0,0,96865.32,0,0,0,3225.09,3025.17,0,32386.13,31649.23,74.98,2564.37,20838.56,0,0,0,0
2006-12-27 21:00:00,0,2862.48,0,355.93,13600.44,6755.78,7761.32,0,0,1968.07,12584.33,246.8,0,15695.49,1664.19,4360.99,79706.17,0,19200.5,0,0,93885.1,0,0,0,3122.34,2973.07,0,31647.35,31657.02,73.16,2442.82,20843.93,0,0,0,0
2006-12-27 22:00:00,0,2757.03,0,339.08,13062.99,6408.47,7548.2,0,0,1856.2,11663.3,232.8,0,14819.85,1611.01,4243.05,77324.29,0,18105.03,0,0,90863.1,0,0,0,3010.21,2867.63,0,30624.35,30902.35,71.34,2322.59,20146.56,0,0,0,0
2006-12-27 23:00:00,0,2637.84,0,322.53,12525.84,6031.53,7292.14,0,0,1746.67,10795.73,221.69,0,13892.64,1555.86,4124.87,74533.43,0,17014.89,0,0,87950.31,0,0,0,2894.14,2786.58,0,29533.79,29749.57,69.56,2207.74,19437.61,0,0,0,0
2006-12-28 00:00:00,0,2525.16,0,308.13,12128.68,5670.64,7045.82,0,0,1648.37,9977.93,210.59,0,12962.21,1499.25,4020.93,71655.6,0,15963.82,0,0,84839.36,0,0,0,2800.25,2728.09,0,28440.99,28593.01,67.65,2099.19,18736.53,0,0,0,0
2006-12-28 01:00:00,0,2419.41,0,294.48,11676.2,5279.61,6856.57,0,0,1545.02,9202.09,199.91,0,12197.59,1436.8,3913.05,68754.88,0,14916.62,0,0,81558.77,0,0,0,2725.34,2708.11,0,27439.47,27446.77,66.05,1973.18,18048.3,0,0,0,0
2006-12-28 02:00:00,0,2344.67,0,284.34,11501.18,4902.03,6862.74,0,0,1468.86,8763.78,190.6,0,11922.74,1397.81,3811.53,65941.93,0,14059.34,0,0,78794.76,0,0,0,2702.22,2779.36,0,26807.56,26473.08,64.84,1830.84,17828.92,0,0,0,0
2006-12-28 03:00:00,0,2337.29,0,284.45,11617.46,4706.08,7119.87,0,0,1485.28,8940.59,191.42,0,11978.12,1428.52,3774.69,65209.75,0,13643.49,0,0,78450.74,0,0,0,2735.2,2827.33,0,26974.38,25838.02,64.69,1759.8,17923.39,0,0,0,0
2006-12-28 04:00:00,0,2407.91,0,293.69,12038.91,4709.74,7371.41,0,0,1531.02,9358.82,195.1,0,12296.31,1464.04,3895.55,66515.21,0,14026.09,0,0,80469.0,0,0,0,2784.02,2840.58,0,27461.59,25753.67,65.57,1739.03,18229.79,0,0,0,0
2006-12-28 05:00:00,0,2488.46,0,308.04,12523.82,4852.72,7603.87,0,0,1585.79,9775.09,200.36,0,12602.35,1500.88,4016.04,68001.4,0,14534.13,0,0,82635.15,0,0,0,2845.55,2857.35,0,28069.5,26294.06,67.05,1773.51,18541.88,0,0,0,0
2006-12-28 06:00:00,0,2569.54,0,319.68,13075.35,5019.44,7866.12,0,0,1638.64,10157.42,204.35,0,12918.5,1535.49,4130.34,69433.37,0,15131.1,0,0,84796.33,0,0,0,2920.78,2880.45,0,28612.51,27077.96,68.54,1877.26,18827.91,0,0,0,0
2006-12-28 07:00:00,0,2626.57,0,328.72,13630.92,5200.16,8118.81,0,0,1685.56,10509.68,211.29,0,13232.9,1564.78,4257.89,70806.8,0,15697.65,0,0,86940.34,0,0,0,2997.59,2929.9,0,29111.92,27868.46,69.61,1946.45,19225.65,0,0,0,0
2006-12-28 08:00:00,0,2683.5,0,350.9,14306.57,5590.38,8404.79,0,0,1816.68,11626.95,220.13,0,14394.82,1607.7,4395.97,72218.95,0,17059.3,0,0,90981.0,0,0,0,3161.69,2993.25,0,30051.49,28647.75,70.78,2095.46,19664.02,0,0,0,0
2006-12-28 09:00:00,0,2787.68,0,357.38,14420.38,5709.77,8394.57,0,0,1833.3,12150.31,219.46,0,14726.83,1559.32,4528.0,75944.26,0,17825.42,0,0,92847.53,0,0,0,3172.96,2922.71,0,30357.96,29758.14,72.31,2170.7,20428.46,0,0,0,0
2006-12-28 10:00:00,0,2821.79,0,324.02,13660.13,5651.47,7810.41,0,0,1814.28,12386.2,195.22,0,14614.58,1404.8,4390.56,77045.52,0,17961.83,0,0,91234.49,0,0,0,2953.31,2714.76,0,28758.21,30621.42,72.92,2189.92,19730.24,0,0,0,0
2006-12-28 11:00:00,0,2755.28,0,308.12,12898.48,5542.32,7351.84,0,0,1799.96,12804.41,189.37,0,14606.78,1379.95,4234.24,76912.7,0,18069.64,0,0,89266.48,0,0,0,2835.83,2581.93,0,27468.81,30728.42,73.37,2185.69,19008.33,0,0,0,0
2006-12-28 12:00:00,0,2687.03,0,296.61,12223.32,5467.28,6908.88,0,0,1810.95,13221.75,188.66,0,14641.18,1384.12,4122.51,76596.68,0,18036.04,0,0,87753.78,0,0,0,2759.32,2511.63,0,26548.64,30592.14,73.17,2209.32,18329.07,0,0,0,0
2006-12-28 13:00:00,0,2616.53,0,288.16,11702.9,5452.76,6593.87,0,0,1831.59,13521.91,188.99,0,14558.55,1390.36,4028.97,75986.66,0,17963.07,0,0,86697.49,0,0,0,2680.87,2456.01,0,25834.5,30354.79,72.44,2236.45,17762.18,0,0,0,0
2006-12-28 14:00:00,0,2549.28,0,285.38,11332.7,5478.0,6387.97,0,0,1853.02,13570.88,191.53,0,14421.81,1397.72,3952.49,75159.25,0,17966.86,0,0,85502.79,0,0,0,2620.02,2401.65,0,25150.65,30109.42,71.4,2244.84,17393.83,0,0,0,0
2006-12-28 15:00:00,0,2495.51,0,283.54,11111.55,5495.67,6193.44,0,0,1867.76,13497.66,194.88,0,14510.48,1390.08,3908.8,74420.1,0,17958.15,0,0,84812.19,0,0,0,2562.66,2352.07,0,24311.26,29875.44,70.36,2246.59,17177.5,0,0,0,0
2006-12-28 16:00:00,0,2455.0,0,281.17,11116.81,5536.42,6202.29,0,0,1886.38,13555.59,198.1,0,15143.51,1379.83,3906.04,74407.97,0,18429.69,0,0,85372.32,0,0,0,2514.32,2290.43,0,23865.17,29620.34,69.51,2305.79,17007.38,0,0,0,0
2006-12-28 17:00:00,0,2458.56,0,287.57,11563.77,5598.93,6460.02,0,0,1887.76,13770.32,200.21,0,15837.13,1336.48,3954.14,74935.1,0,19162.94,0,0,88529.58,0,0,0,2542.79,2324.63,0,24415.64,29446.09,68.93,2363.45,16920.3,0,0,0,0
2006-12-28 18:00:00,0,2520.63,0,293.46,11897.88,5555.41,6658.17,0,0,1884.59,13801.1,204.17,0,16188.29,1322.08,4026.19,75316.27,0,19600.29,0,0,90655.76,0,0,0,2634.08,2381.11,0,25486.89,29418.21,69.14,2340.68,17557.88,0,0,0,0
2006-12-28 19:00:00,0,2558.17,0,317.16,13266.63,6368.44,7656.38,0,0,2168.13,14892.42,227.77,0,16840.69,1557.06,4235.27,79175.28,0,20248.1,0,0,96941.86,0,0,0,2931.6,2758.72,0,27743.6,29992.59,71.61,2603.08,18461.65,0,0,0,0
2006-12-28 20:00:00,0,2639.28,0,313.97,13489.22,6105.94,7489.54,0,0,2019.45,14013.57,220.93,0,16038.24,1480.32,4154.76,78365.72,0,19597.52,0,0,94063.02,0,0,0,2974.68,2726.07,0,28266.27,30469.29,70.09,2438.16,19109.77,0,0,0,0
2006-12-28 21:00:00,0,2681.54,0,308.97,13209.64,5842.18,7256.7,0,0,1878.75,13173.85,213.85,0,15238.93,1403.08,4067.42,76600.31,0,18997.96,0,0,91194.53,0,0,0,2885.61,2690.8,0,27702.34,30278.4,68.72,2271.07,19158.28,0,0,0,0
2006-12-28 22:00:00,0,2573.1,0,286.05,12681.35,5375.42,7006.79,0,0,1746.63,12260.1,200.4,0,14432.73,1322.51,3963.99,74320.12,0,18061.04,0,0,88339.51,0,0,0,2771.12,2626.03,0,26640.57,29522.91,67.33,2118.88,18410.17,0,0,0,0
2006-12-28 23:00:00,0,2473.47,0,267.81,12132.49,4917.55,6758.89,0,0,1618.85,11357.34,185.66,0,13569.28,1243.75,3859.59,71690.21,0,16865.4,0,0,85375.61,0,0,0,2663.15,2567.73,0,25510.73,28351.33,65.93,1963.02,17667.87,0,0,0,0
2006-12-29 00:00:00,0,2379.42,0,247.91,11706.77,4499.42,6534.53,0,0,1494.48,10460.34,169.62,0,12670.15,1165.78,3749.09,69055.96,0,15716.81,0,0,82348.1,0,0,0,2554.24,2500.94,0,24386.76,27254.7,64.49,1820.8,16991.53,0,0,0,0
2006-12-29 01:00:00,0,2278.07,0,230.51,11282.41,4110.51,6298.04,0,0,1385.15,9645.27,153.42,0,12012.63,1088.73,3635.95,66242.79,0,14661.83,0,0,79257.56,0,0,0,2451.05,2433.12,0,23393.38,26183.39,63.01,1690.76,16300.87,0,0,0,0
2006-12-29 02:00:00,0,2194.73,0,217.99,11101.62,3794.53,6198.79,0,0,1294.58,8945.8,141.59,0,11890.15,1013.79,3530.7,63322.13,0,13886.14,0,0,76842.63,0,0,0,2382.9,2478.66,0,22589.17,25440.85,61.82,1595.31,16066.13,0,0,0,0
2006-12-29 03:00:00,0,2154.72,0,215.77,11146.55,3705.91,6374.7,0,0,1273.43,8720.16,138.07,0,12085.29,977.93,3532.51,62336.16,0,13750.9,0,0,76788.05,0,0,0,2423.48,2526.89,0,22651.03,25045.13,61.58,1608.62,16060.35,0,0,0,0
2006-12-29 04:00:00,0,2222.97,0,220.07,11570.16,3919.65,6601.57,0,0,1325.49,9045.37,143.45,0,12475.31,1008.84,3633.07,63471.64,0,14262.22,0,0,78632.12,0,0,0,2499.58,2568.54,0,23140.21,24873.03,62.72,1669.86,16385.93,0,0,0,0
2006-12-29 05:00:00,0,2294.29,0,224.68,12071.04,4111.07,6831.57,0,0,1377.15,9412.42,152.27,0,12913.93,1051.18,3776.02,64860.77,0,14730.59,0,0,80863.41,0,0,0,2575.56,2591.9,0,23703.1,25371.91,63.87,1734.23,16837.1,0,0,0,0
2006-12-29 06:00:00,0,2369.83,0,230.45,12577.8,4306.67,7090.55,0,0,1437.54,9754.3,156.19,0,13416.88,1087.95,3945.24,66285.14,0,15254.08,0,0,83102.17,0,0,0,2652.34,2620.55,0,24310.81,26140.05,64.68,1809.01,17320.61,0,0,0,0
2006-12-29 07:00:00,0,2442.07,0,237.06,13090.29,4485.3,7367.68,0,0,1491.75,10090.82,160.03,0,13847.97,1118.4,4076.62,67722.68,0,15798.55,0,0,85261.2,0,0,0,2735.75,2649.42,0,24942.74,26921.5,65.96,1880.03,17833.23,0,0,0,0
2006-12-29 08:00:00,0,2507.63,0,250.53,13792.92,4830.27,7628.89,0,0,1630.49,10907.17,167.88,0,15171.45,1199.98,4221.07,69229.9,0,17310.23,0,0,90072.13,0,0,0,2902.4,2667.22,0,26004.08,27687.33,67.18,2013.98,18356.08,0,0,0,0
2006-12-29 09:00:00,0,2619.32,0,277.31,13896.96,5131.95,7668.13,0,0,1682.59,11980.01,175.33,0,15598.53,1280.23,4383.32,72481.37,0,17990.26,0,0,91455.92,0,0,0,2891.69,2647.33,0,26543.11,28587.3,68.34,2068.03,19254.86,0,0,0,0
2006-12-29 10:00:00,0,2629.54,0,282.8,13222.25,5243.26,7190.12,0,0,1762.39,12825.62,180.82,0,15490.46,1310.74,4271.63,74337.8,0,18089.94,0,0,90253.38,0,0,0,2699.57,2516.27,0,25870.16,29462.86,69.36,2112.04,18576.34,0,0,0,0
2006-12-29 11:00:00,0,2551.12,0,288.26,12639.0,5376.65,6902.71,0,0,1837.64,13550.45,187.1,0,15430.19,1343.94,4184.36,75263.72,0,18148.16,0,0,88869.33,0,0,0,2596.41,2417.43,0,25101.97,29990.62,69.14,2166.68,17930.48,0,0,0,0
2006-12-29 12:00:00,0,2481.09,0,288.71,12173.9,5509.72,6563.49,0,0,1919.93,14215.82,192.8,0,15356.66,1371.39,4094.04,75504.79,0,18221.52,0,0,87515.52,0,0,0,2523.49,2345.69,0,24735.36,30058.79,68.81,2247.31,17532.17,0,0,0,0
2006-12-29 13:00:00,0,2420.26,0,289.81,11714.11,5597.2,6367.97,0,0,1968.04,14647.77,197.7,0,15275.26,1385.03,4014.02,75461.66,0,18313.64,0,0,86349.76,0,0,0,2484.39,2311.34,0,24372.73,30067.74,69.1,2327.99,17157.3,0,0,0,0
2006-12-29 14:00:00,0,2365.33,0,293.23,11338.85,5650.54,6189.97,0,0,1993.6,14894.09,201.2,0,15247.66,1389.92,3959.53,75441.31,0,18445.94,0,0,85236.81,0,0,0,2463.14,2289.08,0,23912.08,30014.24,69.2,2397.99,16890.4,0,0,0,0
2006-12-29 15:00:00,0,2323.14,0,289.53,11082.14,5765.34,6050.39,0,0,2026.83,15049.15,203.87,0,15395.37,1395.94,3913.07,75351.07,0,18713.17,0,0,84392.75,0,0,0,2438.65,2261.91,0,23646.57,29879.71,69.23,2443.5,16570.42,0,0,0,0
2006-12-29 16:00:00,0,2304.38,0,290.58,10957.06,5878.36,6062.3,0,0,2051.4,15165.33,208.38,0,16151.58,1399.33,3898.57,75024.78,0,19137.06,0,0,84646.5,0,0,0,2435.05,2247.92,0,23606.41,29814.89,69.25,2499.37,16325.41,0,0,0,0
2006-12-29 17:00:00,0,2340.34,0,290.07,11197.49,5983.56,6295.05,0,0,2042.71,15032.79,211.53,0,16886.36,1368.04,3905.69,74722.63,0,19824.64,0,0,87203.47,0,0,0,2464.97,2279.61,0,23682.55,29732.98,68.55,2537.16,16365.56,0,0,0,0
2006-12-29 18:00:00,0,2445.02,0,287.2,11432.31,5814.52,6449.74,0,0,1989.15,14751.16,211.73,0,17347.23,1346.45,3930.78,75085.52,0,20279.03,0,0,89456.32,0,0,0,2526.47,2315.11,0,24062.87,29799.08,68.12,2454.58,16405.37,0,0,0,0
2006-12-29 19:00:00,0,2452.09,0,298.89,11783.28,6093.72,6689.2,0,0,2127.35,15305.12,221.77,0,17628.04,1479.02,3858.97,73782.59,0,20222.54,0,0,90910.95,0,0,0,2634.9,2591.86,0,24519.22,29418.35,61.08,2537.5,16442.9,0,0,0,0
2006-12-29 20:00:00,0,2517.07,0,295.91,11980.86,5850.77,6547.85,0,0,1991.64,14391.68,217.96,0,16878.42,1402.74,3767.95,73367.7,0,19678.03,0,0,88750.22,0,0,0,2655.15,2566.77,0,25158.88,30266.49,59.42,2379.6,16757.3,0,0,0,0
2006-12-29 21:00:00,0,2557.2,0,285.75,11828.33,5654.27,6393.98,0,0,1873.33,13523.71,213.62,0,16106.89,1333.44,3677.73,71876.11,0,19192.76,0,0,86800.76,0,0,0,2634.31,2495.26,0,24676.86,29710.94,57.89,2240.76,16667.58,0,0,0,0
2006-12-29 22:00:00,0,2485.87,0,269.2,11400.33,5333.94,6249.24,0,0,1756.61,12707.25,199.44,0,15338.02,1269.42,3592.26,70105.12,0,18396.45,0,0,84711.98,0,0,0,2520.11,2404.19,0,23695.91,28973.86,56.49,2107.3,15978.46,0,0,0,0
2006-12-29 23:00:00,0,2401.91,0,253.69,11070.71,4932.3,6106.06,0,0,1648.36,11892.51,184.21,0,14552.59,1199.08,3497.92,67602.86,0,17493.75,0,0,82152.36,0,0,0,2410.47,2318.44,0,22656.38,28165.41,55.07,1970.7,15219.85,0,0,0,0
2006-12-30 00:00:00,0,2324.9,0,238.78,10703.29,4511.94,5946.32,0,0,1547.61,11126.97,168.56,0,13727.89,1125.94,3403.28,65009.49,0,16574.37,0,0,79515.12,0,0,0,2318.58,2261.52,0,21578.9,27409.59,53.65,1843.32,14482.83,0,0,0,0
2006-12-30 01:00:00,0,2236.75,0,226.73,10373.53,4116.77,5758.65,0,0,1450.42,10494.06,154.44,0,13072.96,1055.42,3336.3,62444.62,0,15649.46,0,0,77343.59,0,0,0,2236.88,2197.08,0,20870.76,26625.52,51.98,1722.63,13735.47,0,0,0,0
2006-12-30 02:00:00,0,2132.4,0,211.23,10209.78,3861.67,5700.39,0,0,1354.04,9892.76,142.91,0,12764.37,997.8,3279.28,60675.5,0,14853.41,0,0,75642.77,0,0,0,2202.56,2175.91,0,20260.32,25776.88,50.24,1619.8,13338.73,0,0,0,0
2006-12-30 03:00:00,0,2068.64,0,200.49,10158.78,3660.33,5725.24,0,0,1289.74,9608.86,136.62,0,12770.66,948.72,3240.75,59415.65,0,14481.2,0,0,74843.1,0,0,0,2192.69,2226.38,0,19782.15,24980.96,48.6,1567.72,13145.28,0,0,0,0
2006-12-30 04:00:00,0,2050.21,0,195.32,10240.55,3625.85,5833.02,0,0,1265.33,9429.11,137.51,0,12843.22,951.92,3235.85,59196.51,0,14367.45,0,0,75613.67,0,0,0,2203.21,2290.69,0,19754.77,24417.01,48.07,1545.59,12983.46,0,0,0,0
2006-12-30 05:00:00,0,2091.35,0,196.62,10492.54,3658.02,6032.35,0,0,1279.97,9486.63,140.18,0,13085.31,978.97,3282.1,59706.16,0,14966.79,0,0,76582.36,0,0,0,2241.76,2335.74,0,20006.99,24423.37,48.54,1571.34,13211.0,0,0,0,0
2006-12-30 06:00:00,0,2148.22,0,201.88,10843.46,3787.61,6257.52,0,0,1317.82,9661.97,143.9,0,13181.44,1015.54,3365.69,60489.44,0,15303.24,0,0,77715.25,0,0,0,2277.9,2364.38,0,20339.1,24839.12,48.94,1613.27,13580.38,0,0,0,0
2006-12-30 07:00:00,0,2192.66,0,207.81,11201.0,3917.34,6477.54,0,0,1358.66,9977.43,147.69,0,13381.56,1042.54,3432.92,61517.0,0,15619.44,0,0,79139.69,0,0,0,2324.3,2385.42,0,20709.25,25242.03,49.55,1663.1,13894.37,0,0,0,0
2006-12-30 08:00:00,0,2243.36,0,222.35,11782.36,4224.56,6658.15,0,0,1446.06,10796.04,153.46,0,13760.88,1104.48,3507.13,62559.77,0,16037.71,0,0,80721.17,0,0,0,2378.32,2412.8,0,21246.61,25551.84,50.73,1728.02,14318.98,0,0,0,0
2006-12-30 09:00:00,0,2317.86,0,233.44,11951.26,4653.78,6683.0,0,0,1592.68,12028.8,163.95,0,14103.38,1144.12,3561.39,64330.41,0,16476.09,0,0,82350.09,0,0,0,2383.38,2434.33,0,21963.22,25932.75,51.97,1878.56,15047.53,0,0,0,0
2006-12-30 10:00:00,0,2392.68,0,243.27,11453.83,5132.39,6392.29,0,0,1743.34,13154.47,172.34,0,14263.94,1185.18,3553.77,65678.98,0,16712.58,0,0,82230.77,0,0,0,2374.68,2442.96,0,22522.14,26590.54,53.13,2074.13,15096.1,0,0,0,0
2006-12-30 11:00:00,0,2412.12,0,253.8,11017.06,5581.88,6178.69,0,0,1874.6,14264.94,185.69,0,14309.3,1238.86,3522.13,66555.26,0,16856.38,0,0,81353.09,0,0,0,2360.72,2434.5,0,22980.55,27082.51,54.17,2257.39,15040.29,0,0,0,0
2006-12-30 12:00:00,0,2430.99,0,264.69,10627.95,5967.62,6014.65,0,0,1984.75,15197.21,196.59,0,14434.39,1251.18,3492.11,67112.66,0,16997.16,0,0,79675.93,0,0,0,2343.72,2405.37,0,23269.83,27312.78,54.17,2440.03,15074.23,0,0,0,0
2006-12-30 13:00:00,0,2435.61,0,275.78,10386.81,6294.27,5979.34,0,0,2086.74,15961.47,209.33,0,14643.13,1324.22,3453.43,67664.25,0,17209.68,0,0,77963.74,0,0,0,2340.08,2369.99,0,23233.41,27464.04,55.43,2594.96,15143.61,0,0,0,0
2006-12-30 14:00:00,0,2440.82,0,286.05,10187.16,6431.08,5931.76,0,0,2147.15,16353.12,220.09,0,14740.27,1345.5,3413.75,68029.79,0,17544.71,0,0,77232.05,0,0,0,2334.57,2337.26,0,23200.33,27559.79,55.6,2733.34,15113.08,0,0,0,0
2006-12-30 15:00:00,0,2452.92,0,293.08,10004.45,6633.3,5884.73,0,0,2178.25,16643.24,231.18,0,14838.42,1340.84,3387.88,68499.36,0,17761.79,0,0,76344.86,0,0,0,2329.48,2297.03,0,23052.09,27512.29,55.59,2822.59,15052.14,0,0,0,0
2006-12-30 16:00:00,0,2456.45,0,295.36,9969.59,6723.14,5852.83,0,0,2170.44,16549.84,237.15,0,15129.22,1337.86,3385.69,68921.06,0,17424.68,0,0,76981.31,0,0,0,2336.86,2272.15,0,22887.63,27521.79,55.73,2836.47,15066.13,0,0,0,0
2006-12-30 17:00:00,0,2462.99,0,290.11,10206.18,6546.25,5937.0,0,0,2129.03,16101.67,233.15,0,15344.0,1329.06,3452.83,69401.83,0,17954.96,0,0,80372.76,0,0,0,2382.2,2278.77,0,22884.46,27424.08,55.63,2719.47,15326.19,0,0,0,0
2006-12-30 18:00:00,0,2492.1,0,278.53,10425.46,6165.86,6064.32,0,0,2066.6,15704.19,221.05,0,15495.88,1296.21,3519.08,69887.44,0,18375.36,0,0,82481.48,0,0,0,2462.9,2336.01,0,23045.74,27364.48,55.37,2541.69,15615.89,0,0,0,0
2006-12-30 19:00:00,0,2487.7,0,315.17,11885.86,6592.29,6594.22,0,0,2282.03,16272.37,247.16,0,16447.07,1514.25,3849.8,73514.51,0,19483.9,0,0,89057.67,0,0,0,2661.51,2608.48,0,24528.79,29349.3,60.81,2726.97,16853.19,0,0,0,0
2006-12-30 20:00:00,0,2527.87,0,300.06,11889.81,6258.01,6331.26,0,0,2126.28,15189.15,232.95,0,15531.61,1431.44,3745.31,73226.82,0,18915.74,0,0,87040.45,0,0,0,2671.26,2551.75,0,24931.83,30116.56,59.22,2551.76,17128.28,0,0,0,0
2006-12-30 21:00:00,0,2576.21,0,284.4,11506.42,5971.9,6071.79,0,0,2000.64,14216.19,222.3,0,14626.04,1352.7,3644.56,71967.93,0,18333.13,0,0,84874.38,0,0,0,2654.71,2468.03,0,24623.1,29531.26,57.85,2393.92,16694.32,0,0,0,0
2006-12-30 22:00:00,0,2464.87,0,261.92,10829.33,5543.64,5833.22,0,0,1878.87,13328.19,205.39,0,13846.12,1277.1,3527.11,70293.85,0,17536.36,0,0,82459.08,0,0,0,2521.48,2377.62,0,23731.06,28727.48,56.04,2241.7,16307.75,0,0,0,0
2006-12-30 23:00:00,0,2341.73,0,246.64,10226.39,5119.78,5584.91,0,0,1757.63,12458.79,189.14,0,13147.37,1201.01,3419.97,68067.36,0,16723.73,0,0,79832.19,0,0,0,2395.94,2290.15,0,22736.95,27870.9,54.18,2102.84,15528.37,0,0,0,0
2006-12-31 00:00:00,0,2213.95,0,234.33,9733.38,4711.53,5347.88,0,0,1649.78,11604.49,175.56,0,12497.23,1128.14,3315.55,65739.08,0,15951.63,0,0,77566.25,0,0,0,2272.28,2220.3,0,21611.95,27065.9,52.47,1983.38,14695.45,0,0,0,0
2006-12-31 01:00:00,0,2099.97,0,219.97,9310.95,4308.16,5111.17,0,0,1544.82,10888.42,161.71,0,11848.54,1055.67,3185.58,63414.9,0,15186.5,0,0,75150.48,0,0,0,2163.77,2145.89,0,20636.23,26331.26,50.73,1856.06,14050.53,0,0,0,0
2006-12-31 02:00:00,0,2003.71,0,209.7,8995.13,4010.0,4888.63,0,0,1437.3,10273.34,151.47,0,11565.9,996.12,3099.69,61194.93,0,14473.96,0,0,73199.86,0,0,0,2074.35,2069.96,0,20003.68,25669.41,49.25,1725.69,13383.14,0,0,0,0
2006-12-31 03:00:00,0,1943.66,0,204.29,8891.37,3802.29,4800.68,0,0,1366.16,9940.47,142.68,0,11662.63,955.92,3012.5,59804.61,0,14081.08,0,0,72088.56,0,0,0,2025.68,2076.61,0,19515.12,25012.83,48.09,1652.96,13181.82,0,0,0,0
2006-12-31 04:00:00,0,1959.27,0,200.65,8837.23,3736.57,4896.77,0,0,1335.69,9703.73,139.22,0,11910.58,954.25,2995.52,59255.12,0,13915.29,0,0,72671.6,0,0,0,2016.91,2082.44,0,19320.97,24924.92,46.85,1617.98,13023.34,0,0,0,0
2006-12-31 05:00:00,0,1993.39,0,200.9,9040.63,3728.67,5104.35,0,0,1338.43,9755.46,141.05,0,12194.55,965.52,3044.39,59548.76,0,13976.52,0,0,73921.49,0,0,0,2041.04,2088.79,0,19473.62,25317.72,47.54,1632.5,12925.43,0,0,0,0
2006-12-31 06:00:00,0,2046.6,0,204.47,9291.95,3845.17,5280.78,0,0,1365.56,9887.09,144.88,0,12454.72,991.6,3117.6,60491.7,0,14261.26,0,0,75308.29,0,0,0,2068.72,2094.22,0,19711.67,25904.94,48.67,1672.3,13235.28,0,0,0,0
2006-12-31 07:00:00,0,2137.26,0,207.99,9600.48,4006.84,5452.22,0,0,1398.93,10164.51,149.65,0,12700.7,1018.7,3178.24,61606.0,0,14627.22,0,0,77332.03,0,0,0,2096.34,2102.88,0,20002.52,26575.48,49.79,1713.16,13640.24,0,0,0,0
2006-12-31 08:00:00,0,2228.08,0,216.71,9962.8,4330.29,5589.19,0,0,1474.5,10898.3,157.14,0,13143.58,1065.24,3236.38,62675.69,0,15390.31,0,0,79332.44,0,0,0,2152.4,2112.48,0,20334.72,27197.88,50.94,1772.97,13979.19,0,0,0,0
2006-12-31 09:00:00,0,2390.3,0,230.77,10293.61,4862.25,5705.07,0,0,1647.89,12170.23,169.32,0,13389.0,1134.34,3304.29,64202.25,0,15842.74,0,0,81280.61,0,0,0,2206.61,2151.63,0,20842.53,28009.26,51.39,1947.17,14642.92,0,0,0,0
2006-12-31 10:00:00,0,2554.46,0,252.28,10365.94,5299.17,5764.04,0,0,1774.94,13066.65,182.15,0,13463.36,1210.78,3366.45,65831.31,0,16065.3,0,0,82408.6,0,0,0,2236.53,2180.12,0,21172.15,29223.67,52.99,2121.34,14952.7,0,0,0,0
2006-12-31 11:00:00,0,2630.07,0,281.11,10291.94,5689.0,5803.83,0,0,1892.42,14163.75,196.6,0,13437.05,1260.36,3417.15,67080.48,0,16230.28,0,0,83065.69,0,0,0,2257.2,2213.14,0,21534.87,30087.78,55.64,2294.5,15015.04,0,0,0,0
2006-12-31 12:00:00,0,2687.87,0,277.75,10185.39,6069.61,5795.29,0,0,2009.72,15150.34,211.1,0,13396.43,1310.1,3435.45,68046.08,0,16264.67,0,0,83392.41,0,0,0,2255.89,2205.65,0,21840.24,30580.41,58.7,2470.07,14975.44,0,0,0,0
2006-12-31 13:00:00,0,2727.27,0,278.49,10165.88,6392.72,5717.45,0,0,2120.47,15890.42,223.01,0,13341.33,1399.31,3420.63,68784.13,0,16294.58,0,0,83423.02,0,0,0,2286.19,2216.66,0,22187.65,30728.91,59.76,2641.03,15034.65,0,0,0,0
2006-12-31 14:00:00,0,2749.92,0,283.75,10245.21,6548.13,5737.88,0,0,2184.53,16238.08,236.36,0,13337.07,1420.08,3447.88,69297.29,0,16360.67,0,0,83447.25,0,0,0,2325.41,2234.65,0,22447.36,30668.32,60.21,2762.2,15112.36,0,0,0,0
2006-12-31 15:00:00,0,2780.92,0,275.22,10349.59,6629.12,5731.77,0,0,2194.61,16340.3,246.22,0,13443.69,1401.47,3467.08,69590.86,0,16604.59,0,0,83682.0,0,0,0,2346.92,2244.56,0,22668.95,30562.49,60.5,2781.29,15170.59,0,0,0,0
2006-12-31 16:00:00,0,2836.47,0,276.27,10418.98,6600.2,5743.04,0,0,2169.72,16142.21,253.86,0,14413.13,1383.19,3494.35,69747.42,0,17229.69,0,0,85377.28,0,0,0,2369.62,2262.05,0,22856.37,30419.36,61.26,2744.1,15238.26,0,0,0,0
2006-12-31 17:00:00,0,2861.81,0,275.33,10548.64,6466.9,5776.37,0,0,2131.88,15792.33,251.27,0,15232.0,1380.87,3501.46,69490.83,0,18054.95,0,0,87118.83,0,0,0,2387.58,2283.77,0,23015.08,30118.54,60.87,2660.6,15224.37,0,0,0,0
2006-12-31 18:00:00,0,2881.33,0,279.41,10631.66,6212.22,5866.01,0,0,2073.45,15434.9,238.75,0,15741.6,1349.34,3545.53,69614.82,0,18729.33,0,0,88546.59,0,0,0,2427.97,2313.21,0,23199.34,29851.14,59.97,2541.15,15267.38,0,0,0,0
2006-12-31 19:00:00,0,2865.9,0,273.95,10931.65,6602.56,6324.97,0,0,2371.52,15555.19,235.39,0,16409.09,1535.11,3796.99,74190.88,0,20182.44,0,0,86967.98,0,0,0,2581.35,2649.64,0,22085.45,32215.99,76.56,2780.57,16341.96,0,0,0,0
2006-12-31 20:00:00,0,2955.05,0,265.38,10819.39,6385.23,5980.24,0,0,2218.93,14668.61,217.31,0,15594.64,1448.6,3626.12,73930.04,0,19734.83,0,0,84388.39,0,0,0,2549.15,2529.43,0,22308.23,32994.99,76.42,2582.66,16608.88,0,0,0,0
2006-12-31 21:00:00,0,3033.24,0,262.35,10614.51,6031.44,5643.59,0,0,2075.03,13849.78,210.48,0,14869.16,1349.29,3526.03,73218.0,0,19157.63,0,0,81656.1,0,0,0,2519.68,2422.14,0,22600.42,33209.9,76.14,2386.13,16757.57,0,0,0,0
2006-12-31 22:00:00,0,3016.49,0,255.27,9856.02,5611.82,5329.67,0,0,1938.88,13008.78,194.77,0,14080.77,1263.99,3450.9,72344.33,0,18457.94,0,0,78816.23,0,0,0,2410.64,2271.27,0,21566.36,32626.53,75.99,2201.98,16539.89,0,0,0,0
2006-12-31 23:00:00,0,2911.51,0,238.19,9091.3,5128.04,5017.68,0,0,1809.29,12119.16,179.97,0,13312.64,1190.08,3397.98,70731.16,0,17517.81,0,0,76004.9,0,0,0,2249.08,2132.62,0,20318.28,31820.6,75.91,2020.96,16162.99,0,0,0,0
