,YAD,AECI,HST,TAL,DUK,FPC,CPLE,CPLW,EEI,FMPP,FPL,GVL,GRID,ISNE,JEA,LGEE,MISO,NSB,NYIS,NWMT,OVEC,PJM,AEC,PNM,SEC,SCEG,SC,SEPA,SOCO,SWPP,SPA,TEC,TVA,WACM,WAUW,NBSO,ERCO
2009-01-01 00:00:00,0,3043.23,0,282.78,13618.49,5092.37,8403.54,0,0,1742.21,9661.59,186.49,0,15086.68,1309.87,4474.37,78773.91,0,19696.9,0,0,94003.77,0,0,0,3021.06,3332.91,0,27108.96,31349.89,85.17,1863.12,21257.23,0,0,0,0
2009-01-01 01:00:00,0,2928.44,0,280.34,13438.54,4913.08,8318.89,0,0,1667.63,9008.14,175.18,0,14666.11,1267.05,4380.19,76624.96,0,18890.9,0,0,91580.81,0,0,0,2994.73,3282.37,0,27501.71,30424.4,84.51,1862.99,20949.31,0,0,0,0
2009-01-01 02:00:00,0,2871.92,0,280.73,13370.76,4631.7,8361.01,0,0,1587.16,8473.09,171.56,0,14299.93,1241.31,4295.12,74917.45,0,18210.02,0,0,89749.26,0,0,0,2989.38,3246.48,0,27787.48,29752.53,83.78,1820.8,20689.98,0,0,0,0
2009-01-01 03:00:00,0,2857.9,0,280.15,13623.98,4396.69,8403.02,0,0,1531.58,8125.04,174.26,0,14336.03,1230.84,4274.38,74304.91,0,18085.66,0,0,88934.73,0,0,0,3020.58,3217.87,0,28474.97,29385.65,83.35,1787.43,20577.65,0,0,0,0
2009-01-01 04:00:00,0,2883.14,0,291.56,14118.24,4337.24,8586.92,0,0,1529.1,8223.33,175.05,0,14639.77,1221.67,4342.81,74616.27,0,18252.08,0,0,89233.4,0,0,0,3110.13,3282.86,0,29472.54,29324.35,82.98,1790.32,20619.56,0,0,0,0
2009-01-01 05:00:00,0,2914.9,0,308.16,14694.17,4425.28,8841.03,0,0,1564.75,8579.65,183.67,0,15081.39,1238.5,4435.74,75721.83,0,18590.46,0,0,90980.32,0,0,0,3217.72,3381.62,0,30196.8,29567.92,83.01,1811.58,20899.46,0,0,0,0
2009-01-01 06:00:00,0,2949.87,0,323.41,15206.72,4567.25,9168.85,0,0,1609.0,8980.13,189.61,0,15573.55,1264.16,4522.71,77268.9,0,19000.38,0,0,92933.25,0,0,0,3334.68,3512.16,0,30754.84,30035.57,84.37,1822.03,21227.13,0,0,0,0
2009-01-01 07:00:00,0,2986.26,0,336.79,15629.41,4759.36,9523.73,0,0,1648.05,9387.44,191.32,0,16037.68,1309.34,4622.12,78722.82,0,19431.66,0,0,94546.74,0,0,0,3462.19,3641.96,0,31187.58,30641.65,85.88,1862.17,21574.13,0,0,0,0
2009-01-01 08:00:00,0,3033.82,0,373.9,16169.75,5205.49,9763.85,0,0,1767.94,10762.59,198.86,0,17263.65,1463.74,4747.39,80018.65,0,20866.13,0,0,98854.86,0,0,0,3686.22,3773.87,0,32328.17,31196.77,86.74,2034.1,22063.05,0,0,0,0
2009-01-01 09:00:00,0,3112.41,0,377.57,15705.96,5530.86,9410.36,0,0,1778.59,11176.3,195.73,0,17807.69,1473.37,4825.88,82549.72,0,21776.3,0,0,99792.68,0,0,0,3766.84,3743.48,0,31885.32,32205.09,88.21,2105.28,22947.42,0,0,0,0
2009-01-01 10:00:00,0,3187.96,0,369.88,15067.73,5781.94,8883.66,0,0,1846.16,11495.19,201.68,0,18141.65,1492.24,4763.64,84484.28,0,21947.11,0,0,97513.03,0,0,0,3667.92,3629.48,0,30488.71,33522.91,89.34,2130.47,22265.69,0,0,0,0
2009-01-01 11:00:00,0,3095.13,0,350.6,14316.16,5842.83,8437.58,0,0,1905.03,11772.91,195.66,0,18111.04,1513.69,4632.96,83350.4,0,21769.83,0,0,95623.84,0,0,0,3512.81,3407.1,0,28917.01,33310.1,88.52,2145.98,21260.55,0,0,0,0
2009-01-01 12:00:00,0,2984.13,0,330.58,13787.52,5831.68,8197.93,0,0,1938.88,12082.24,193.02,0,17914.95,1529.75,4481.69,82270.19,0,21584.37,0,0,94055.47,0,0,0,3351.2,3229.84,0,27480.17,32820.15,87.25,2166.86,20264.56,0,0,0,0
2009-01-01 13:00:00,0,2870.18,0,314.96,13405.17,5696.3,7959.72,0,0,1951.37,12270.42,190.68,0,17622.26,1538.04,4307.54,81265.69,0,21453.92,0,0,92579.5,0,0,0,3207.4,3092.15,0,26396.87,32151.08,85.23,2189.2,19330.1,0,0,0,0
2009-01-01 14:00:00,0,2750.08,0,299.86,13164.33,5589.84,7788.2,0,0,1935.59,12397.37,185.16,0,17476.1,1526.95,4190.95,80616.66,0,21410.3,0,0,91488.06,0,0,0,3107.64,2993.06,0,25575.77,31597.94,82.89,2202.23,18709.64,0,0,0,0
2009-01-01 15:00:00,0,2636.88,0,286.21,12942.67,5504.42,7561.54,0,0,1898.82,12391.89,183.51,0,17647.61,1519.5,4119.69,79498.11,0,21462.62,0,0,91248.46,0,0,0,3027.74,2910.91,0,24952.87,31045.66,80.11,2209.37,18626.0,0,0,0,0
2009-01-01 16:00:00,0,2532.33,0,270.16,12883.11,5449.14,7451.9,0,0,1867.35,12307.67,181.44,0,18260.59,1463.08,4115.65,78889.05,0,21616.22,0,0,92267.6,0,0,0,2987.68,2880.13,0,24268.92,30259.58,77.02,2151.45,18587.31,0,0,0,0
2009-01-01 17:00:00,0,2484.76,0,254.9,13762.42,5316.36,8105.67,0,0,1890.05,12317.78,180.67,0,18772.82,1385.38,4198.63,78146.9,0,22065.13,0,0,96711.1,0,0,0,3112.88,2975.07,0,23844.3,29236.01,75.25,2104.51,18859.13,0,0,0,0
2009-01-01 18:00:00,0,2546.99,0,258.29,14267.11,5345.73,8418.59,0,0,1934.56,12422.37,186.07,0,19148.84,1492.42,4268.99,77588.93,0,22607.3,0,0,99524.59,0,0,0,3242.47,3075.79,0,25178.0,28712.95,73.76,2093.61,19510.76,0,0,0,0
2009-01-01 19:00:00,0,2899.6,0,342.57,15702.6,6354.44,10138.76,0,0,2205.86,14187.18,243.34,0,20358.9,1786.21,4913.16,83116.18,0,23614.12,0,0,111652.88,0,0,0,3560.29,3759.71,0,29468.15,31727.35,90.79,2560.44,21139.99,0,0,0,0
2009-01-01 20:00:00,0,2991.58,0,337.82,15987.38,6282.13,9978.32,0,0,2096.34,13500.49,243.74,0,19387.7,1715.35,4837.74,83141.69,0,23026.81,0,0,108715.33,0,0,0,3607.61,3802.55,0,30274.85,32576.56,90.31,2414.0,21674.37,0,0,0,0
2009-01-01 21:00:00,0,3073.36,0,328.71,15882.1,6121.26,9701.22,0,0,1992.7,12800.96,243.73,0,18431.03,1636.51,4726.03,82359.69,0,22325.55,0,0,105574.59,0,0,0,3560.47,3734.68,0,30076.16,33312.31,89.6,2277.75,21851.37,0,0,0,0
2009-01-01 22:00:00,0,3014.96,0,308.43,15313.5,5686.81,9371.85,0,0,1889.48,11999.72,232.53,0,17444.41,1557.38,4562.23,79529.42,0,21255.19,0,0,102541.02,0,0,0,3416.78,3633.69,0,28997.7,32623.58,88.28,2159.56,21080.05,0,0,0,0
2009-01-01 23:00:00,0,2910.08,0,291.8,14684.28,5269.43,9052.05,0,0,1787.35,11112.46,215.77,0,16459.0,1476.65,4392.01,76966.46,0,20131.31,0,0,98651.96,0,0,0,3268.78,3512.72,0,27835.91,31555.01,87.16,2041.89,20188.94,0,0,0,0
2009-01-02 00:00:00,0,2797.62,0,277.01,14110.05,4865.85,8739.8,0,0,1674.16,10256.75,202.27,0,15495.62,1400.8,4288.38,74202.65,0,18993.96,0,0,94860.76,0,0,0,3148.13,3393.81,0,26677.18,30407.84,86.11,1938.06,19375.74,0,0,0,0
2009-01-02 01:00:00,0,2701.98,0,264.36,13672.47,4506.61,8467.83,0,0,1566.53,9421.72,187.49,0,14763.3,1337.97,4182.66,71516.7,0,17906.22,0,0,91236.02,0,0,0,3063.98,3349.58,0,25606.57,29329.04,84.79,1842.63,18681.44,0,0,0,0
2009-01-02 02:00:00,0,2665.11,0,263.55,13500.81,4291.34,8483.34,0,0,1463.55,8644.5,179.11,0,14563.7,1300.31,4065.03,68704.11,0,17123.76,0,0,88316.11,0,0,0,3011.22,3369.68,0,25043.08,28617.61,84.17,1775.27,18180.03,0,0,0,0
2009-01-02 03:00:00,0,2713.37,0,279.2,13628.48,4463.28,8691.43,0,0,1463.13,8656.93,179.8,0,14764.52,1323.07,3938.73,67165.27,0,16774.29,0,0,86487.9,0,0,0,3070.11,3429.55,0,25629.46,28386.69,84.32,1826.17,18140.45,0,0,0,0
2009-01-02 04:00:00,0,2780.07,0,284.12,14041.19,4761.25,8949.83,0,0,1529.62,9049.8,185.19,0,15086.07,1386.89,4015.03,68588.18,0,17106.2,0,0,88209.95,0,0,0,3153.31,3483.1,0,26344.44,28725.06,84.98,1921.5,18481.61,0,0,0,0
2009-01-02 05:00:00,0,2840.94,0,276.37,14425.09,5029.54,9180.23,0,0,1594.35,9468.18,193.55,0,15406.08,1471.66,4192.36,70467.24,0,17662.29,0,0,90723.92,0,0,0,3237.6,3537.07,0,26870.55,29505.31,86.51,2005.11,18924.65,0,0,0,0
2009-01-02 06:00:00,0,2897.76,0,275.67,14795.75,5317.82,9341.75,0,0,1651.34,9867.1,201.07,0,15685.94,1547.56,4381.71,72325.79,0,18284.98,0,0,93332.67,0,0,0,3316.43,3577.21,0,27119.23,30271.77,88.2,2103.92,19363.8,0,0,0,0
2009-01-02 07:00:00,0,2943.27,0,276.53,15084.29,5614.32,9520.71,0,0,1717.17,10272.58,207.41,0,15925.42,1309.34,4554.86,74341.73,0,18806.8,0,0,96328.78,0,0,0,3382.05,3583.34,0,27131.02,31018.01,89.7,2167.5,19808.74,0,0,0,0
2009-01-02 08:00:00,0,2990.23,0,297.61,15638.99,5801.48,9695.05,0,0,1845.4,11399.88,216.72,0,16839.39,1686.49,4679.92,76226.33,0,20204.77,0,0,101228.07,0,0,0,3515.85,3567.15,0,27703.99,31752.33,91.45,2197.01,20060.08,0,0,0,0
2009-01-02 09:00:00,0,3073.51,0,309.83,15626.95,5790.56,9212.34,0,0,1829.21,11935.15,211.85,0,17214.01,1678.54,4780.97,80514.71,0,21456.99,0,0,104165.89,0,0,0,3353.52,3295.18,0,28941.23,32805.02,92.58,2198.7,20531.05,0,0,0,0
2009-01-02 10:00:00,0,3038.85,0,301.7,14797.56,5518.34,8211.77,0,0,1810.84,12229.97,202.03,0,16895.3,1455.0,4658.72,82871.09,0,21065.67,0,0,101716.03,0,0,0,2981.94,2873.25,0,28445.61,33357.23,92.23,2173.61,20446.71,0,0,0,0
2009-01-02 11:00:00,0,2906.58,0,293.8,14129.52,5487.99,7531.45,0,0,1838.98,12629.99,196.48,0,16467.07,1344.27,4554.15,82828.38,0,20850.6,0,0,98926.27,0,0,0,2713.23,2631.16,0,27161.74,32785.32,88.75,2195.23,19792.99,0,0,0,0
2009-01-02 12:00:00,0,2768.46,0,291.57,13801.48,5489.79,7261.79,0,0,1858.66,12986.69,196.4,0,16061.56,1323.21,4479.92,82643.04,0,20684.78,0,0,97012.32,0,0,0,2592.22,3229.84,0,26366.39,32072.92,84.88,2210.89,19213.83,0,0,0,0
2009-01-02 13:00:00,0,2653.74,0,291.48,13710.35,5451.46,7175.18,0,0,1865.37,13271.3,193.38,0,15875.63,1311.08,4398.47,81966.84,0,20870.18,0,0,96027.74,0,0,0,2586.63,2499.82,0,25450.95,31350.07,81.75,2222.55,18732.66,0,0,0,0
2009-01-02 14:00:00,0,2546.75,0,290.74,13548.84,5431.82,7178.1,0,0,1859.84,13430.17,194.07,0,16093.93,1304.84,4329.35,80400.49,0,20983.62,0,0,94986.16,0,0,0,2606.03,2513.39,0,24968.29,30569.91,79.18,2230.02,18349.64,0,0,0,0
2009-01-02 15:00:00,0,2453.14,0,289.27,13105.43,5460.55,7224.48,0,0,1873.09,13638.64,194.92,0,16161.04,1298.77,4263.47,79488.45,0,20983.81,0,0,93294.6,0,0,0,2632.43,2517.27,0,24460.56,29826.77,76.97,2264.16,18059.54,0,0,0,0
2009-01-02 16:00:00,0,2405.32,0,287.79,12745.65,5561.07,7276.51,0,0,1907.07,13790.07,194.92,0,16520.56,1297.18,4156.81,78949.24,0,21051.11,0,0,92719.39,0,0,0,2655.15,2541.52,0,24178.99,29359.21,75.31,2294.77,17953.91,0,0,0,0
2009-01-02 17:00:00,0,2429.21,0,285.44,13039.79,5652.17,7482.08,0,0,1901.37,13719.19,195.34,0,16865.27,1325.65,4175.74,78385.35,0,21103.74,0,0,96062.16,0,0,0,2690.68,2578.57,0,24284.06,29148.25,75.25,2324.67,17770.78,0,0,0,0
2009-01-02 18:00:00,0,2551.54,0,278.8,13354.42,5508.2,7643.75,0,0,1870.34,13078.49,195.97,0,16983.13,1378.33,4289.23,78606.18,0,21552.63,0,0,98896.95,0,0,0,2732.96,2623.6,0,24610.33,29453.18,76.64,2229.09,18272.59,0,0,0,0
2009-01-02 19:00:00,0,2482.85,0,302.29,12719.06,5737.43,7765.08,0,0,2029.62,13739.17,216.03,0,16801.42,1491.25,4218.59,78976.21,0,20622.46,0,0,99992.61,0,0,0,2729.67,2828.6,0,24568.9,28982.64,73.03,2465.8,16766.2,0,0,0,0
2009-01-02 20:00:00,0,2591.9,0,296.25,12785.88,5686.77,7561.31,0,0,1929.45,12939.8,213.18,0,16208.37,1441.44,4169.36,78601.46,0,20298.39,0,0,97603.14,0,0,0,2729.02,2798.05,0,25053.14,29685.19,71.42,2315.54,17061.86,0,0,0,0
2009-01-02 21:00:00,0,2682.61,0,288.5,12642.81,5511.94,7373.7,0,0,1837.01,12183.63,210.97,0,15550.7,1392.67,4092.82,77668.45,0,19968.2,0,0,95077.26,0,0,0,2723.59,2744.03,0,24931.78,29816.21,70.21,2174.88,17412.46,0,0,0,0
2009-01-02 22:00:00,0,2676.11,0,270.15,12154.42,5208.01,7206.07,0,0,1738.61,11485.59,200.19,0,14871.96,1332.1,4008.34,75943.68,0,19150.17,0,0,92641.83,0,0,0,2639.93,2645.4,0,23798.75,29544.01,68.85,2049.74,16836.41,0,0,0,0
2009-01-02 23:00:00,0,2560.25,0,251.25,11676.74,4857.39,7038.78,0,0,1650.15,10814.58,185.85,0,14131.3,1271.8,3898.35,73596.86,0,18231.17,0,0,89666.59,0,0,0,2507.33,2547.37,0,22630.54,28833.7,67.25,1939.19,16228.63,0,0,0,0
2009-01-03 00:00:00,0,2432.5,0,230.74,11270.69,4500.95,6865.09,0,0,1567.66,10116.76,172.9,0,13359.77,1204.94,3792.38,71185.76,0,17260.79,0,0,86627.78,0,0,0,2417.19,2451.07,0,21601.06,27977.09,65.63,1834.44,15620.12,0,0,0,0
2009-01-03 01:00:00,0,2297.81,0,210.45,10873.03,4242.66,6700.76,0,0,1492.17,9423.48,163.05,0,12799.69,1148.97,3723.34,68754.42,0,16122.78,0,0,84045.84,0,0,0,3063.98,2388.35,0,20755.82,27016.86,64.08,1733.6,15041.6,0,0,0,0
2009-01-03 02:00:00,0,2202.27,0,263.55,10771.28,4067.83,6548.6,0,0,1425.12,8904.56,156.83,0,12617.35,1108.04,3678.41,67033.97,0,15167.2,0,0,82317.34,0,0,0,3011.22,2367.7,0,20294.76,26182.03,62.88,1662.68,14741.91,0,0,0,0
2009-01-03 03:00:00,0,2140.23,0,279.2,10668.02,3991.08,6385.05,0,0,1385.05,8695.47,151.26,0,12480.65,1097.0,3642.51,65665.25,0,14742.03,0,0,81687.96,0,0,0,3070.11,2392.01,0,20014.97,25569.53,61.95,1640.93,18140.45,0,0,0,0
2009-01-03 04:00:00,0,2100.75,0,284.12,10615.27,4069.25,6455.15,0,0,1390.36,8759.91,148.56,0,12449.7,1097.07,3657.51,64733.52,0,14646.92,0,0,82246.51,0,0,0,3153.31,2455.55,0,20074.11,25463.56,61.08,1658.77,18481.61,0,0,0,0
2009-01-03 05:00:00,0,2116.05,0,204.83,10891.76,4242.24,6618.7,0,0,1415.72,8893.06,151.64,0,12601.59,1113.0,3732.93,64772.36,0,14839.74,0,0,83774.71,0,0,0,2429.9,2509.08,0,20476.63,25593.97,60.91,1719.39,18924.65,0,0,0,0
2009-01-03 06:00:00,0,2144.68,0,209.21,11173.82,4439.56,6837.83,0,0,1460.69,9235.57,155.36,0,12832.89,1143.66,3827.07,65441.95,0,15234.85,0,0,85441.35,0,0,0,2490.99,2529.46,0,20930.72,25849.4,60.58,1786.52,14627.03,0,0,0,0
2009-01-03 07:00:00,0,2180.86,0,212.57,11498.9,4619.6,7108.41,0,0,1509.84,9617.82,159.05,0,13086.24,1178.01,3914.39,66443.26,0,15683.04,0,0,86873.77,0,0,0,2536.01,2544.18,0,21342.68,26137.21,60.62,1838.66,14839.07,0,0,0,0
2009-01-03 08:00:00,0,2224.68,0,218.87,11862.67,4834.52,7319.25,0,0,1569.39,10067.73,164.99,0,13591.03,1219.94,4011.57,67326.16,0,16497.58,0,0,89131.77,0,0,0,2570.01,2566.41,0,21692.63,26424.37,60.61,1877.0,15098.89,0,0,0,0
2009-01-03 09:00:00,0,2273.67,0,227.25,12021.51,4939.68,7555.36,0,0,1572.83,10438.31,171.08,0,14006.45,1271.12,4065.87,69029.72,0,17236.36,0,0,90775.65,0,0,0,2581.66,2559.99,0,22239.47,26738.18,60.32,1934.28,15749.05,0,0,0,0
2009-01-03 10:00:00,0,2335.96,0,237.78,11990.52,4798.65,7529.81,0,0,1573.59,11378.25,174.06,0,14040.67,1231.4,4054.44,70492.4,0,17744.77,0,0,89659.38,0,0,0,2598.57,2568.74,0,22451.78,27068.89,59.68,1977.14,15714.5,0,0,0,0
2009-01-03 11:00:00,0,2286.42,0,248.28,11660.78,4912.55,7127.23,0,0,1630.84,12578.63,175.87,0,13976.28,1233.53,4016.72,71417.7,0,17966.68,0,0,87498.4,0,0,0,2593.8,2562.17,0,22505.9,27166.25,88.75,2056.77,15517.44,0,0,0,0
2009-01-03 12:00:00,0,2231.27,0,260.56,11160.44,5040.78,6721.46,0,0,1699.98,13351.59,179.66,0,13955.38,1264.16,3975.62,71955.08,0,18002.98,0,0,86006.8,0,0,0,2578.39,2518.02,0,22422.45,27140.15,84.88,2143.49,15288.21,0,0,0,0
2009-01-03 13:00:00,0,2161.72,0,266.46,10717.48,5256.44,6522.26,0,0,1748.55,13887.04,184.9,0,13957.66,1302.95,3925.15,72051.69,0,17966.96,0,0,84780.25,0,0,0,2558.1,2455.38,0,22306.76,27000.61,59.27,2241.89,15052.77,0,0,0,0
2009-01-03 14:00:00,0,2101.67,0,274.16,10373.95,5426.75,6438.02,0,0,1789.48,14167.3,187.86,0,13961.69,1328.31,3863.69,71807.52,0,17939.32,0,0,83979.38,0,0,0,2533.89,2411.47,0,22126.28,26952.95,59.75,2309.67,14806.5,0,0,0,0
2009-01-03 15:00:00,0,2048.5,0,271.78,13105.43,5507.4,6352.83,0,0,1781.42,14240.04,192.4,0,13983.59,1336.73,3806.95,71387.28,0,18109.69,0,0,84273.98,0,0,0,2522.57,2376.33,0,21977.9,26716.74,59.4,2324.7,14583.98,0,0,0,0
2009-01-03 16:00:00,0,2007.68,0,271.33,12745.65,5511.17,6192.68,0,0,1778.31,14092.6,190.47,0,14785.99,1311.91,3786.47,70885.33,0,18541.79,0,0,85580.86,0,0,0,2508.44,2350.7,0,21881.0,26398.77,75.31,2331.37,14422.89,0,0,0,0
2009-01-03 17:00:00,0,1984.31,0,263.8,10318.51,5278.97,6378.32,0,0,1740.84,13680.47,192.36,0,15523.67,1276.25,3799.45,70499.35,0,19162.98,0,0,89022.11,0,0,0,2518.56,2369.53,0,21845.28,26136.08,75.25,2267.68,14458.1,0,0,0,0
2009-01-03 18:00:00,0,1995.81,0,257.46,10674.44,5058.74,6565.68,0,0,1743.94,13264.14,188.5,0,16164.6,1262.22,3815.25,70468.69,0,19734.36,0,0,91129.28,0,0,0,2525.45,2434.46,0,21913.22,26142.43,76.64,2167.26,14581.1,0,0,0,0
2009-01-03 19:00:00,0,2071.45,0,304.57,11734.16,5737.74,7264.71,0,0,2085.91,14458.69,221.91,0,17675.68,1494.45,4114.23,76565.85,0,20877.12,0,0,100561.77,0,0,0,2683.27,2683.0,0,23014.16,28389.38,66.25,2506.68,15943.07,0,0,0,0
2009-01-03 20:00:00,0,2142.55,0,295.99,11855.59,5647.16,7114.19,0,0,1966.51,13611.92,212.24,0,17106.8,1424.39,3998.57,76090.05,0,20467.56,0,0,98495.7,0,0,0,2668.12,2607.33,0,23447.53,29302.6,63.98,2360.71,16288.75,0,0,0,0
2009-01-03 21:00:00,0,2295.08,0,286.58,11828.35,5488.57,6962.37,0,0,1850.9,12875.58,208.38,0,16565.16,1355.41,3879.7,75286.21,0,20006.1,0,0,96234.65,0,0,0,2655.95,2518.46,0,23354.11,29411.75,62.21,2225.23,16539.49,0,0,0,0
2009-01-03 22:00:00,0,2431.07,0,268.02,11233.62,5124.18,6759.85,0,0,1739.75,12102.47,202.38,0,15968.76,1286.7,3757.21,73047.65,0,19239.41,0,0,93495.86,0,0,0,2573.62,2424.17,0,22290.98,29269.53,61.48,2103.56,15840.05,0,0,0,0
2009-01-03 23:00:00,0,2446.9,0,254.62,10642.9,4714.3,6571.0,0,0,1636.95,11278.89,188.72,0,15303.14,1211.7,3615.0,70462.62,0,18439.46,0,0,90696.33,0,0,0,2421.53,2313.14,0,21240.12,29045.2,63.74,1974.41,15090.19,0,0,0,0
2009-01-04 00:00:00,0,2446.92,0,239.15,10239.36,4319.52,6320.58,0,0,1538.33,10402.56,173.77,0,14599.48,1149.65,3453.44,68079.63,0,17639.53,0,0,87736.85,0,0,0,2294.57,2208.8,0,20155.88,28851.23,63.83,1853.3,14369.09,0,0,0,0
2009-01-04 01:00:00,0,2466.33,0,221.92,9877.14,3972.4,6115.16,0,0,1449.48,9581.71,161.07,0,13996.75,1098.02,3319.83,65886.52,0,16819.98,0,0,85112.21,0,0,0,2186.2,2114.23,0,19418.87,28716.03,63.86,1740.62,13549.34,0,0,0,0
2009-01-04 02:00:00,0,2484.89,0,209.43,9712.64,3689.79,5966.27,0,0,1370.24,8946.84,150.04,0,13685.3,1051.02,3191.43,63752.79,0,16068.5,0,0,82534.64,0,0,0,2115.69,2081.74,0,19020.56,28600.29,63.93,1643.92,12914.35,0,0,0,0
2009-01-04 03:00:00,0,2540.82,0,206.0,9638.55,3523.58,5908.01,0,0,1315.22,8613.9,145.83,0,13644.25,1019.5,3103.68,62430.78,0,15750.28,0,0,81162.27,0,0,0,2074.66,2087.86,0,18686.92,28523.5,64.72,1599.44,12675.04,0,0,0,0
2009-01-04 04:00:00,0,2645.44,0,206.62,9605.99,3542.93,5984.6,0,0,1316.04,8649.25,140.83,0,13782.69,1019.24,3078.13,61991.18,0,15702.13,0,0,81516.76,0,0,0,2069.8,2100.21,0,18811.77,28679.14,65.01,1595.63,12450.33,0,0,0,0
2009-01-04 05:00:00,0,2792.74,0,211.48,9854.71,3619.22,6165.46,0,0,1340.79,8714.13,143.27,0,13989.32,1042.61,3081.75,62468.91,0,15956.79,0,0,82383.49,0,0,0,2102.75,2118.98,0,19199.22,29276.65,65.79,1634.85,12678.91,0,0,0,0
2009-01-04 06:00:00,0,2929.8,0,217.44,10161.74,3786.23,6362.79,0,0,1383.35,9040.6,147.37,0,14208.27,1070.07,3150.98,63402.54,0,16377.93,0,0,83398.58,0,0,0,2154.96,2150.07,0,19685.56,29925.27,66.76,1682.49,13035.47,0,0,0,0
2009-01-04 07:00:00,0,3020.23,0,215.7,10458.13,3991.58,6528.15,0,0,1433.17,9460.28,151.87,0,14460.7,1097.77,3217.42,64766.44,0,16830.72,0,0,84662.41,0,0,0,2218.32,2184.56,0,20160.86,30651.3,68.56,1721.49,13395.91,0,0,0,0
2009-01-04 08:00:00,0,3111.8,0,223.66,10797.63,4256.12,6645.97,0,0,1488.4,9964.77,156.1,0,14919.79,1134.22,3267.95,66300.03,0,17612.97,0,0,86366.46,0,0,0,2266.9,2215.84,0,20645.54,31439.76,69.87,1782.12,13702.94,0,0,0,0
2009-01-04 09:00:00,0,3243.17,0,223.5,11058.53,4563.49,6811.25,0,0,1528.21,10666.77,165.75,0,15363.41,1206.2,3339.91,68048.86,0,18324.12,0,0,87910.13,0,0,0,2320.77,2248.22,0,21142.27,32272.03,72.37,1870.82,14183.97,0,0,0,0
2009-01-04 10:00:00,0,3463.56,0,240.12,11103.12,4799.73,6763.34,0,0,1609.58,11808.26,171.73,0,15267.59,1193.16,3396.16,70296.19,0,18587.13,0,0,87101.46,0,0,0,2318.21,2247.44,0,21490.54,33142.48,77.11,1991.72,14387.04,0,0,0,0
2009-01-04 11:00:00,0,3559.76,0,243.51,10974.25,4997.44,6692.49,0,0,1702.05,12970.99,175.43,0,15076.46,1228.28,3449.02,72208.47,0,18678.81,0,0,86383.94,0,0,0,2334.19,2249.85,0,21698.2,33723.75,80.9,2060.83,14481.28,0,0,0,0
2009-01-04 12:00:00,0,3562.18,0,253.44,10773.41,5156.01,6622.6,0,0,1782.12,13676.54,175.64,0,14792.45,1242.38,3488.34,73780.96,0,18540.96,0,0,85698.37,0,0,0,2338.76,2253.97,0,21841.47,33997.88,81.94,2163.02,14495.8,0,0,0,0
2009-01-04 13:00:00,0,3524.07,0,264.64,10589.22,5417.94,6517.31,0,0,1846.45,14249.5,177.57,0,14540.03,1259.99,3528.65,74963.95,0,18313.3,0,0,85051.11,0,0,0,2337.5,2263.12,0,22000.86,33827.5,82.14,2262.68,14697.01,0,0,0,0
2009-01-04 14:00:00,0,3456.0,0,271.89,10369.76,5609.02,6426.26,0,0,1878.05,14644.34,185.78,0,14310.7,1305.05,3556.89,75659.01,0,18084.73,0,0,84430.25,0,0,0,2357.83,2303.22,0,22083.1,33378.32,81.61,2328.68,14775.34,0,0,0,0
2009-01-04 15:00:00,0,3354.57,0,275.0,10170.25,5668.78,6320.81,0,0,1860.97,14748.2,190.78,0,14223.08,1341.84,3557.45,75864.19,0,18140.71,0,0,84243.2,0,0,0,2361.66,2306.22,0,22114.36,32818.43,80.3,2345.83,14743.03,0,0,0,0
2009-01-04 16:00:00,0,3270.69,0,275.45,10030.73,5674.91,6243.94,0,0,1835.03,14784.7,188.5,0,15118.06,1334.91,3568.01,75511.75,0,18606.89,0,0,85028.67,0,0,0,2365.12,2296.14,0,22112.97,32401.52,79.11,2370.71,14716.27,0,0,0,0
2009-01-04 17:00:00,0,3225.46,0,267.14,10180.86,5579.26,6319.77,0,0,1802.68,14491.74,189.56,0,15953.11,1300.52,3619.93,75335.4,0,19389.79,0,0,87490.21,0,0,0,2356.2,2305.92,0,22062.25,32145.59,78.16,2349.01,14811.69,0,0,0,0
2009-01-04 18:00:00,0,3166.66,0,253.39,10376.2,5184.66,6390.76,0,0,1736.65,13666.27,189.75,0,16500.78,1288.93,3694.1,75484.42,0,19932.56,0,0,89301.72,0,0,0,2377.76,2382.77,0,21986.49,32180.17,78.67,2194.56,15096.42,0,0,0,0
2009-01-04 19:00:00,0,3633.65,0,330.0,12337.12,6318.57,7456.32,0,0,2224.19,15207.34,241.25,0,18631.03,1563.45,4348.28,87220.95,0,22191.52,0,0,102311.98,0,0,0,2733.35,2528.37,0,24230.75,36510.74,96.93,2680.99,17570.83,0,0,0,0
2009-01-04 20:00:00,0,3708.82,0,318.99,12299.0,6108.59,7105.46,0,0,2078.19,14175.5,231.1,0,17766.94,1476.89,4293.25,87778.36,0,21516.14,0,0,99752.78,0,0,0,2719.84,2465.03,0,24604.27,37320.94,96.54,2483.91,18135.86,0,0,0,0
2009-01-04 21:00:00,0,3753.51,0,305.08,12081.92,5828.37,6750.26,0,0,1942.95,13263.38,225.46,0,16846.57,1395.66,4251.11,86983.7,0,20591.93,0,0,97246.0,0,0,0,2708.91,2370.37,0,24433.65,37753.66,95.84,2303.18,18496.05,0,0,0,0
2009-01-04 22:00:00,0,3637.35,0,283.09,11331.28,5390.56,6393.87,0,0,1812.2,12312.85,209.07,0,15888.22,1316.29,4205.14,84781.63,0,19455.24,0,0,94607.95,0,0,0,2551.54,2251.82,0,23155.26,36850.93,95.47,2134.32,17907.51,0,0,0,0
2009-01-04 23:00:00,0,3510.92,0,261.64,10593.56,4927.72,6021.28,0,0,1688.49,11357.4,192.88,0,14881.1,1236.51,4137.4,82440.47,0,18364.57,0,0,92088.08,0,0,0,2407.51,2134.08,0,21843.06,35674.3,95.15,1983.0,17313.33,0,0,0,0
2009-01-05 00:00:00,0,3391.43,0,240.71,9927.22,4464.58,5658.56,0,0,1563.7,10385.63,176.9,0,13935.86,1161.64,4081.42,80053.82,0,17548.33,0,0,89132.82,0,0,0,2256.52,2042.29,0,20488.41,34472.25,94.32,1842.33,16827.14,0,0,0,0
2009-01-05 01:00:00,0,3304.06,0,223.24,9346.38,4020.28,5362.19,0,0,1442.2,9444.2,161.22,0,13389.19,1091.76,4038.11,77530.13,0,16498.96,0,0,85974.54,0,0,0,2131.72,1950.51,0,19420.23,33416.92,93.61,1704.9,16266.48,0,0,0,0
2009-01-05 02:00:00,0,3270.76,0,205.35,9054.85,3691.51,5165.79,0,0,1334.78,8565.91,150.05,0,13177.24,1047.11,3983.06,75344.42,0,15781.57,0,0,83344.32,0,0,0,2052.0,1937.59,0,18830.92,32630.06,93.35,1607.85,15815.12,0,0,0,0
2009-01-05 03:00:00,0,3339.43,0,196.82,9082.75,3682.34,5163.42,0,0,1324.46,8469.92,147.88,0,13406.77,1073.64,3976.41,74460.79,0,15494.44,0,0,82732.14,0,0,0,2058.68,1980.36,0,19007.87,32294.19,94.49,1607.43,15917.05,0,0,0,0
2009-01-05 04:00:00,0,3410.17,0,204.79,9282.59,3864.04,5294.98,0,0,1365.07,8756.46,152.14,0,13670.74,1123.39,4141.18,75915.21,0,15791.04,0,0,83917.58,0,0,0,2134.08,2043.07,0,19588.78,32506.99,96.9,1670.21,16601.84,0,0,0,0
2009-01-05 05:00:00,0,3476.38,0,214.76,9759.27,4062.3,5501.57,0,0,1421.11,9138.11,157.94,0,13888.19,1179.25,4321.74,77819.76,0,16274.13,0,0,86581.46,0,0,0,2220.73,2116.63,0,20242.0,33192.66,99.59,1734.33,17435.16,0,0,0,0
2009-01-05 06:00:00,0,3531.13,0,224.3,10264.95,4281.47,5712.48,0,0,1482.87,9545.12,164.29,0,14083.56,1238.28,4497.0,79850.48,0,16788.2,0,0,88835.4,0,0,0,2304.71,2172.05,0,20755.97,33984.17,101.96,1796.76,18176.11,0,0,0,0
2009-01-05 07:00:00,0,3588.58,0,232.04,10752.05,4516.36,5930.33,0,0,1550.74,9963.7,169.02,0,14303.01,1295.12,4691.16,81889.78,0,17365.24,0,0,91015.74,0,0,0,2392.31,2218.2,0,21238.71,34791.09,104.05,1859.97,18950.97,0,0,0,0
2009-01-05 08:00:00,0,3637.3,0,251.26,11433.53,4960.36,6142.01,0,0,1694.07,10821.98,180.19,0,14647.49,1382.79,4867.15,83675.15,0,18284.48,0,0,94287.48,0,0,0,2499.18,2278.18,0,21929.07,35590.53,105.93,1983.74,19684.17,0,0,0,0
2009-01-05 09:00:00,0,3734.9,0,275.42,11621.58,5301.87,6287.12,0,0,1750.6,11839.59,189.68,0,15207.63,1416.96,5105.15,87709.62,0,19708.1,0,0,97403.48,0,0,0,2548.96,2297.39,0,22816.55,36673.86,107.56,2068.55,20648.65,0,0,0,0
2009-01-05 10:00:00,0,3680.64,0,281.36,11320.39,5355.92,6104.36,0,0,1799.97,12669.61,191.13,0,15661.96,1333.86,5180.11,90085.53,0,19995.63,0,0,96717.25,0,0,0,2546.72,2267.42,0,22767.8,37366.72,108.84,2141.11,21346.38,0,0,0,0
2009-01-05 11:00:00,0,3505.68,0,277.37,10928.2,5526.14,5805.25,0,0,1870.47,13325.38,191.47,0,15566.46,1321.26,5154.93,88978.05,0,19870.53,0,0,95815.98,0,0,0,2492.82,2193.48,0,22651.41,36829.36,107.1,2222.93,21347.76,0,0,0,0
2009-01-05 12:00:00,0,3327.19,0,279.98,10692.71,5719.96,5624.18,0,0,1946.0,13875.36,193.68,0,15438.42,1334.32,5089.38,87218.26,0,19972.18,0,0,95184.35,0,0,0,2437.89,2122.0,0,22628.54,36070.22,104.75,2342.9,21196.07,0,0,0,0
2009-01-05 13:00:00,0,3200.79,0,288.99,10634.83,5946.27,5564.22,0,0,2020.33,14481.47,199.27,0,15373.89,1348.34,4987.08,85684.98,0,20119.18,0,0,93801.87,0,0,0,2421.0,2171.72,0,22612.57,35422.93,103.71,2440.65,21051.89,0,0,0,0
2009-01-05 14:00:00,0,3115.61,0,297.21,10607.71,6079.45,5669.39,0,0,2073.49,14951.01,204.44,0,15400.89,1355.52,4880.85,84369.44,0,20165.61,0,0,93205.33,0,0,0,2431.39,2229.07,0,22647.24,34824.63,102.25,2516.78,20874.49,0,0,0,0
2009-01-05 15:00:00,0,3054.79,0,301.5,10626.46,6193.14,5819.03,0,0,2093.13,15318.09,206.36,0,15516.3,1362.16,4865.78,83390.38,0,20193.19,0,0,92892.89,0,0,0,2437.48,2246.19,0,22757.97,34150.37,100.41,2564.41,20681.86,0,0,0,0
2009-01-05 16:00:00,0,2981.59,0,300.3,10674.08,6252.6,5920.01,0,0,2121.59,15501.19,211.01,0,15788.88,1367.88,4837.57,82886.34,0,20519.59,0,0,93591.08,0,0,0,2445.57,2256.41,0,22811.23,33534.15,98.75,2589.67,20528.81,0,0,0,0
2009-01-05 17:00:00,0,2947.26,0,293.5,10645.69,6251.82,5891.58,0,0,2120.01,15270.76,211.25,0,16185.61,1363.34,4837.04,83066.51,0,21025.0,0,0,96066.16,0,0,0,2449.14,2243.69,0,22895.3,32967.13,97.36,2599.63,20530.13,0,0,0,0
2009-01-05 18:00:00,0,3025.73,0,278.53,10597.48,5765.72,5905.32,0,0,1987.06,14379.17,204.75,0,16368.51,1367.3,4870.9,83902.6,0,21441.8,0,0,98562.65,0,0,0,2471.11,2276.08,0,22859.88,32989.49,96.5,2434.05,20670.41,0,0,0,0
2009-01-05 19:00:00,0,3269.82,0,326.56,11885.14,6433.18,6905.98,0,0,2244.31,15444.12,245.8,0,17695.61,1586.31,5071.47,87138.74,0,21966.51,0,0,104679.75,0,0,0,2712.22,2551.51,0,24359.94,34378.76,100.03,2765.45,20509.2,0,0,0,0
2009-01-05 20:00:00,0,3353.87,0,317.72,11781.68,6170.59,6571.23,0,0,2083.74,14307.43,233.82,0,16893.87,1492.39,4940.64,86862.91,0,21379.95,0,0,102058.77,0,0,0,2703.5,2483.09,0,24615.63,35112.05,98.82,2560.23,20762.21,0,0,0,0
2009-01-05 21:00:00,0,3424.72,0,305.46,11607.57,5867.22,6273.09,0,0,1938.02,13320.21,225.54,0,16065.4,1404.86,4803.31,85852.92,0,20800.21,0,0,99327.79,0,0,0,2644.33,2389.8,0,24370.93,35713.46,97.36,2393.02,20771.27,0,0,0,0
2009-01-05 22:00:00,0,3323.43,0,283.86,10944.47,5442.94,6000.2,0,0,1810.87,12358.46,208.04,0,15243.62,1325.6,4669.46,83322.16,0,19816.6,0,0,96682.78,0,0,0,2493.76,2247.69,0,23079.59,34663.98,95.71,2233.29,19965.22,0,0,0,0
2009-01-05 23:00:00,0,3174.07,0,261.47,10341.83,4965.3,5685.49,0,0,1684.92,11395.98,193.51,0,14426.14,1240.52,4516.03,80672.72,0,18753.99,0,0,93616.13,0,0,0,2349.37,2138.08,0,21707.25,33446.66,93.91,2062.33,19122.02,0,0,0,0
2009-01-06 00:00:00,0,3037.47,0,239.16,9691.1,4504.92,5368.86,0,0,1565.63,10434.6,178.71,0,13639.94,1156.99,4362.18,77958.49,0,17693.18,0,0,90624.08,0,0,0,2202.08,2031.58,0,20421.03,32221.25,93.03,1903.8,18234.78,0,0,0,0
2009-01-06 01:00:00,0,2912.4,0,217.78,9193.24,4042.82,5077.31,0,0,1445.61,9472.17,162.96,0,13030.06,1080.32,4241.36,75243.7,0,16657.45,0,0,88131.01,0,0,0,2083.46,1931.28,0,19301.69,30970.96,91.6,1760.78,17365.9,0,0,0,0
2009-01-06 02:00:00,0,2831.24,0,201.44,8919.54,3715.93,4893.56,0,0,1337.22,8606.15,150.85,0,12939.69,1018.45,4090.19,73202.45,0,15909.64,0,0,85346.61,0,0,0,2023.68,1871.27,0,18784.0,29995.71,90.47,1640.06,16850.4,0,0,0,0
2009-01-06 03:00:00,0,2854.77,0,201.49,8959.42,3705.05,4930.12,0,0,1331.09,8511.52,147.59,0,13134.36,1029.39,4050.22,72619.1,0,15715.25,0,0,85278.24,0,0,0,2004.53,1878.96,0,18731.79,29564.04,90.35,1618.55,16776.12,0,0,0,0
2009-01-06 04:00:00,0,2906.01,0,211.27,9189.77,3876.93,5183.95,0,0,1371.71,8772.42,151.87,0,13584.26,1063.57,4081.21,73506.32,0,16045.67,0,0,87236.4,0,0,0,2061.83,1924.35,0,19341.4,29772.17,91.18,1660.33,16986.26,0,0,0,0
2009-01-06 05:00:00,0,2944.6,0,219.0,9711.97,4046.93,5488.11,0,0,1430.98,9154.7,157.61,0,14032.22,1106.2,4184.45,74742.02,0,16749.95,0,0,90012.59,0,0,0,2124.14,1978.09,0,19872.79,30515.13,91.79,1720.63,17255.79,0,0,0,0
2009-01-06 06:00:00,0,2983.64,0,226.8,10289.28,4240.32,5809.39,0,0,1491.87,9563.9,163.74,0,14492.96,1158.95,4304.87,76093.91,0,17509.44,0,0,92782.4,0,0,0,2194.68,2016.3,0,20365.43,31303.29,92.68,1785.79,17533.52,0,0,0,0
2009-01-06 07:00:00,0,3042.55,0,233.49,10901.42,4451.4,6093.3,0,0,1555.83,9988.21,168.29,0,14927.6,1214.77,4424.28,77576.86,0,18251.71,0,0,95411.63,0,0,0,2270.18,2048.42,0,20830.02,32131.31,93.86,1849.57,17841.16,0,0,0,0
2009-01-06 08:00:00,0,3117.61,0,245.26,11463.05,4858.61,6333.57,0,0,1703.8,10851.56,178.95,0,16032.17,1296.86,4528.5,79144.03,0,19812.36,0,0,98849.66,0,0,0,2359.13,2084.05,0,21409.55,32948.63,95.17,1965.61,18130.34,0,0,0,0
2009-01-06 09:00:00,0,3218.61,0,267.48,12000.55,5192.73,6526.23,0,0,1751.71,11863.92,189.16,0,16255.25,1309.47,4602.64,81989.94,0,20796.19,0,0,102151.39,0,0,0,2440.43,2140.46,0,22223.65,34088.13,96.02,2076.95,18582.03,0,0,0,0
2009-01-06 10:00:00,0,3221.22,0,281.4,12189.8,5281.48,6569.08,0,0,1798.19,12641.68,188.95,0,16011.78,1263.83,4614.88,84654.79,0,20853.51,0,0,102241.36,0,0,0,2464.63,2178.99,0,22403.72,34783.65,96.94,2148.22,18535.46,0,0,0,0
2009-01-06 11:00:00,0,3122.31,0,288.44,12249.7,5378.24,6536.91,0,0,1857.22,13439.51,189.36,0,15744.67,1258.83,4602.31,84499.75,0,20764.19,0,0,101483.19,0,0,0,2464.57,2186.21,0,22568.88,34269.05,97.06,2177.79,18300.42,0,0,0,0
2009-01-06 12:00:00,0,3019.59,0,293.22,12330.05,5539.44,6533.91,0,0,1928.87,14237.5,190.28,0,15519.81,1281.1,4572.97,83922.99,0,20717.11,0,0,100691.95,0,0,0,2440.88,2168.06,0,22596.75,33529.11,96.49,2257.06,17903.38,0,0,0,0
2009-01-06 13:00:00,0,2948.42,0,295.67,12363.87,5716.91,6519.76,0,0,1994.07,14942.82,194.78,0,15481.96,1318.24,4547.98,83161.29,0,20716.53,0,0,100188.35,0,0,0,2426.42,2167.15,0,22663.89,32839.6,94.55,2361.21,17739.64,0,0,0,0
2009-01-06 14:00:00,0,2875.46,0,298.05,12341.15,5970.69,6415.41,0,0,2066.12,15385.81,198.24,0,15416.44,1350.75,4493.81,82576.27,0,20675.68,0,0,99963.14,0,0,0,2418.71,2185.38,0,22759.75,32192.7,92.88,2447.14,17651.26,0,0,0,0
2009-01-06 15:00:00,0,2800.13,0,298.91,12344.81,6148.56,6394.51,0,0,2114.16,15836.29,200.32,0,15381.96,1370.08,4425.52,82109.43,0,21039.44,0,0,100269.65,0,0,0,2417.38,2199.97,0,22838.01,31595.35,91.37,2498.3,17707.88,0,0,0,0
2009-01-06 16:00:00,0,2716.44,0,301.72,12376.49,6264.84,6404.49,0,0,2147.53,16041.55,203.56,0,16074.22,1377.09,4367.12,81432.13,0,21444.97,0,0,100747.25,0,0,0,2430.72,2216.03,0,22842.76,31046.75,89.73,2535.6,17815.98,0,0,0,0
2009-01-06 17:00:00,0,2659.23,0,294.01,12424.69,6283.34,6499.48,0,0,2147.16,15817.72,204.83,0,16821.17,1373.75,4354.19,80246.46,0,21896.06,0,0,101455.4,0,0,0,2449.8,2200.7,0,22820.48,30688.82,88.12,2533.48,17907.86,0,0,0,0
2009-01-06 18:00:00,0,2768.34,0,287.52,12436.72,5978.78,6561.12,0,0,2071.74,15103.79,203.84,0,17184.91,1360.55,4334.02,80246.63,0,22356.11,0,0,101932.06,0,0,0,2457.69,2225.18,0,22718.25,30874.62,87.8,2465.96,18114.62,0,0,0,0
2009-01-06 19:00:00,0,2971.73,0,323.94,12988.89,6689.79,7434.75,0,0,2363.81,16218.28,246.61,0,18032.5,1622.8,4510.11,83666.65,0,22606.77,0,0,105830.05,0,0,0,2712.5,2568.66,0,24498.93,32115.21,92.17,2807.83,18023.74,0,0,0,0
2009-01-06 20:00:00,0,3065.8,0,317.05,12921.85,6378.6,7083.41,0,0,2159.52,14990.23,236.8,0,17197.72,1529.81,4380.33,83372.29,0,21860.65,0,0,102157.57,0,0,0,2703.7,2510.42,0,24582.3,32995.06,91.29,2611.63,18356.88,0,0,0,0
2009-01-06 21:00:00,0,3131.61,0,307.44,12574.36,6023.33,6757.53,0,0,2004.47,13991.55,229.17,0,16294.42,1430.41,4271.06,82822.19,0,21075.1,0,0,98476.19,0,0,0,2662.21,2428.26,0,24448.74,33794.81,90.47,2445.27,18459.05,0,0,0,0
2009-01-06 22:00:00,0,3064.0,0,286.45,11762.95,5500.08,6400.03,0,0,1868.32,12978.48,213.26,0,15383.56,1338.54,4144.7,80309.0,0,20038.98,0,0,94635.42,0,0,0,2509.52,2287.22,0,23094.73,33092.75,89.54,2291.49,17577.11,0,0,0,0
2009-01-06 23:00:00,0,2952.55,0,266.18,10999.7,4997.45,6010.5,0,0,1735.5,12037.11,197.67,0,14493.5,1251.15,4000.83,77554.48,0,18852.12,0,0,90517.8,0,0,0,2355.51,2163.36,0,21897.59,32038.36,88.1,2142.19,16807.93,0,0,0,0
2009-01-07 00:00:00,0,2820.26,0,246.49,10210.63,4516.11,5605.73,0,0,1605.26,11124.15,182.75,0,13683.62,1159.94,3846.41,74825.24,0,17678.2,0,0,86372.07,0,0,0,2204.43,2052.95,0,20783.18,30953.56,86.58,1999.74,16063.15,0,0,0,0
2009-01-07 01:00:00,0,2698.57,0,225.94,9463.93,4053.52,5192.36,0,0,1480.61,10210.77,169.66,0,13120.89,1070.51,3729.69,72166.74,0,16609.47,0,0,82680.39,0,0,0,2074.99,1947.85,0,19713.82,29907.44,84.92,1858.06,15383.09,0,0,0,0
2009-01-07 02:00:00,0,2639.24,0,210.09,9009.54,3720.02,4848.2,0,0,1374.47,9437.0,157.84,0,12855.36,1012.98,3637.94,69849.41,0,15646.52,0,0,79636.57,0,0,0,2005.74,1874.17,0,19196.34,29151.48,83.26,1738.11,14822.7,0,0,0,0
2009-01-07 03:00:00,0,2658.92,0,201.42,8909.92,3582.78,4720.81,0,0,1320.47,9223.14,151.79,0,13113.1,999.03,3639.9,69139.49,0,15412.24,0,0,79114.1,0,0,0,1970.06,1838.1,0,18999.5,28737.9,83.38,1702.2,14735.54,0,0,0,0
2009-01-07 04:00:00,0,2701.22,0,201.03,9010.96,3709.12,4849.08,0,0,1343.24,9409.9,154.78,0,13377.98,1020.34,3730.75,70344.56,0,15695.74,0,0,80241.24,0,0,0,1971.53,1816.96,0,19341.72,29094.2,85.01,1751.28,15212.58,0,0,0,0
2009-01-07 05:00:00,0,2763.81,0,205.73,9434.7,3887.5,4977.75,0,0,1387.98,9683.26,160.28,0,13676.78,1043.56,3888.0,72040.53,0,16114.15,0,0,82223.92,0,0,0,1984.1,1820.74,0,19970.66,29904.86,87.09,1806.09,15922.53,0,0,0,0
2009-01-07 06:00:00,0,2835.56,0,216.07,9929.26,4047.02,5160.98,0,0,1443.02,10018.19,165.16,0,13988.66,1078.72,4073.12,73965.07,0,16615.8,0,0,84264.79,0,0,0,2016.0,1828.94,0,20616.6,30837.82,89.33,1869.18,16641.6,0,0,0,0
2009-01-07 07:00:00,0,2895.11,0,224.38,10403.13,4202.06,5336.94,0,0,1495.98,10405.52,169.35,0,14269.94,1124.01,4292.93,75866.48,0,17091.21,0,0,86454.66,0,0,0,2078.93,1844.75,0,21195.0,31750.57,91.43,1932.49,17324.25,0,0,0,0
2009-01-07 08:00:00,0,2979.83,0,242.74,10911.18,4511.51,5449.86,0,0,1610.75,11244.56,177.75,0,14702.85,1198.73,4484.48,77995.74,0,17778.38,0,0,89990.24,0,0,0,2199.78,1913.84,0,21715.6,32790.45,93.36,2025.16,18108.96,0,0,0,0
2009-01-07 09:00:00,0,3109.18,0,259.14,11297.71,4925.44,5565.02,0,0,1741.46,12132.02,184.98,0,15096.73,1232.57,4677.56,81851.1,0,18618.92,0,0,94045.02,0,0,0,2304.76,1991.8,0,23504.57,34142.56,95.23,2150.47,19106.84,0,0,0,0
2009-01-07 10:00:00,0,3119.77,0,272.56,11229.01,5096.07,5536.55,0,0,1802.54,13204.82,192.87,0,15504.09,1252.22,4795.1,84355.01,0,19339.66,0,0,95440.05,0,0,0,2351.29,2037.18,0,23890.02,34653.93,95.55,2242.38,19875.7,0,0,0,0
2009-01-07 11:00:00,0,3041.37,0,295.61,11030.97,5262.67,5602.8,0,0,1893.52,14150.37,197.58,0,15815.56,1270.96,4841.88,83419.73,0,19624.57,0,0,95413.23,0,0,0,2372.43,2076.37,0,24287.79,34057.96,92.89,2330.72,19969.67,0,0,0,0
2009-01-07 12:00:00,0,2943.13,0,297.06,10905.17,5430.81,5770.78,0,0,1968.59,14647.82,192.95,0,15928.3,1264.98,4835.16,82436.61,0,19736.4,0,0,94815.66,0,0,0,2440.95,2134.38,0,24485.96,33389.01,90.31,2356.74,19697.54,0,0,0,0
2009-01-07 13:00:00,0,2841.98,0,295.33,10683.63,5554.14,5840.26,0,0,2019.47,15039.68,190.16,0,16019.85,1308.87,4816.4,81858.67,0,19955.81,0,0,94883.77,0,0,0,2454.04,2215.22,0,24279.51,32743.36,88.6,2341.28,19261.29,0,0,0,0
2009-01-07 14:00:00,0,2737.43,0,293.15,10709.82,5482.24,5860.59,0,0,2012.12,14966.23,188.52,0,16155.97,1321.36,4747.28,81445.72,0,20483.8,0,0,95161.56,0,0,0,2446.29,2261.63,0,24044.94,32008.69,86.54,2255.65,18911.17,0,0,0,0
2009-01-07 15:00:00,0,2627.59,0,290.58,10685.08,5424.73,5844.72,0,0,1935.1,14586.58,189.8,0,16282.19,1341.1,4668.02,80862.21,0,20458.28,0,0,95031.39,0,0,0,2438.12,2307.81,0,23465.21,31406.69,85.25,2255.07,18520.16,0,0,0,0
2009-01-07 16:00:00,0,2564.42,0,288.29,10637.77,5427.51,5850.08,0,0,1910.6,14195.84,188.65,0,16410.05,1339.77,4669.86,79964.13,0,20637.83,0,0,94881.62,0,0,0,2406.99,2305.11,0,23163.46,30862.27,83.97,2242.19,18298.23,0,0,0,0
2009-01-07 17:00:00,0,2572.16,0,288.32,10904.63,5410.62,5856.83,0,0,1911.26,14064.79,187.41,0,16586.65,1283.01,4693.16,79893.73,0,20799.84,0,0,95557.4,0,0,0,2355.88,2272.72,0,23068.81,30430.43,82.8,2215.04,18142.06,0,0,0,0
2009-01-07 18:00:00,0,2710.48,0,289.77,11261.4,5464.83,5978.93,0,0,1921.45,13899.55,190.76,0,16744.19,1261.91,4726.4,80676.78,0,20978.31,0,0,97036.25,0,0,0,2352.77,2338.6,0,23253.79,30721.96,83.16,2207.07,18120.36,0,0,0,0
2009-01-07 19:00:00,0,2975.08,0,339.78,12334.21,6140.82,7202.93,0,0,2187.52,14544.58,241.15,0,17246.1,1602.78,4942.93,86470.7,0,21079.76,0,0,104073.24,0,0,0,2793.26,2608.56,0,26399.8,32321.1,89.66,2557.34,19853.19,0,0,0,0
2009-01-07 20:00:00,0,3068.49,0,338.41,12505.59,6151.03,6938.69,0,0,2055.34,13574.68,240.73,0,16317.55,1615.1,4878.17,87089.52,0,20695.59,0,0,101436.81,0,0,0,2823.97,2652.08,0,26764.85,33299.87,89.52,2418.24,20318.88,0,0,0,0
2009-01-07 21:00:00,0,3136.85,0,332.15,12335.5,5988.09,6726.68,0,0,1924.89,12871.74,237.27,0,15500.6,1619.6,4834.09,86274.53,0,19978.38,0,0,97429.16,0,0,0,2793.13,2656.14,0,26599.85,34154.76,89.16,2289.09,20630.53,0,0,0,0
2009-01-07 22:00:00,0,3060.1,0,316.12,11820.94,5630.83,6524.21,0,0,1827.47,12078.89,225.94,0,14750.15,1599.41,4732.08,83832.83,0,18845.3,0,0,93703.65,0,0,0,2673.95,2610.75,0,25630.57,33382.63,87.84,2183.82,20276.87,0,0,0,0
2009-01-07 23:00:00,0,2953.0,0,297.97,11305.34,5250.88,6306.84,0,0,1739.98,11294.36,215.17,0,13962.87,1602.3,4622.62,81287.43,0,17577.92,0,0,91007.16,0,0,0,2549.24,2518.11,0,24716.29,32328.75,86.42,2050.65,19816.97,0,0,0,0
2009-01-08 00:00:00,0,2838.46,0,282.2,10859.02,4888.17,6059.81,0,0,1673.13,10489.96,203.0,0,13263.86,1608.57,4530.2,78623.82,0,16608.52,0,0,88852.72,0,0,0,2433.23,2428.59,0,23858.15,31165.76,84.66,1930.17,19142.46,0,0,0,0
2009-01-08 01:00:00,0,2746.12,0,268.84,10545.61,4590.63,5814.27,0,0,1608.77,9782.97,190.79,0,12704.75,1618.47,4445.97,76129.58,0,15768.87,0,0,86573.95,0,0,0,2325.81,2352.49,0,23118.87,30087.97,83.53,1829.44,18362.68,0,0,0,0
2009-01-08 02:00:00,0,2723.15,0,263.19,10595.32,4450.75,5595.87,0,0,1559.41,9150.29,184.69,0,12528.47,1581.74,4347.08,73836.78,0,15035.14,0,0,84028.78,0,0,0,2260.61,2292.31,0,23051.31,29411.93,83.23,1753.13,17698.04,0,0,0,0
2009-01-08 03:00:00,0,2805.97,0,265.57,10748.51,4702.1,5588.17,0,0,1619.88,9543.99,185.83,0,12622.28,1612.41,4241.2,72766.27,0,14759.15,0,0,82563.26,0,0,0,2291.46,2381.49,0,23473.11,29250.01,84.24,1768.68,17649.72,0,0,0,0
2009-01-08 04:00:00,0,2921.99,0,278.75,11572.44,5096.43,5985.59,0,0,1723.77,10136.12,198.85,0,12805.86,1707.1,4380.94,74155.13,0,15024.64,0,0,84311.32,0,0,0,2432.77,2565.44,0,24126.92,29750.42,86.93,1875.45,18080.41,0,0,0,0
2009-01-08 05:00:00,0,3042.64,0,290.96,12409.2,5526.08,6620.38,0,0,1831.5,10771.0,215.44,0,12883.75,1852.37,4555.54,76501.4,0,15520.06,0,0,87628.14,0,0,0,2605.68,2735.84,0,24538.85,30705.4,90.12,1995.89,18597.52,0,0,0,0
2009-01-08 06:00:00,0,3154.54,0,304.04,13176.2,6051.01,7230.05,0,0,1940.01,11402.11,230.75,0,13073.79,1962.64,4722.94,78896.02,0,16119.63,0,0,90832.66,0,0,0,2737.46,2851.74,0,24649.59,31674.45,92.52,2152.38,19172.52,0,0,0,0
2009-01-08 07:00:00,0,3255.43,0,316.3,13816.98,6488.73,7799.5,0,0,2070.77,12066.1,243.07,0,13395.32,2042.0,4904.62,81270.91,0,16751.06,0,0,94081.67,0,0,0,2886.21,2961.8,0,24754.02,32626.3,94.8,2266.05,19721.55,0,0,0,0
2009-01-08 08:00:00,0,3360.38,0,343.77,14821.96,6885.2,8238.24,0,0,2217.19,13219.22,245.22,0,14780.5,1998.42,5087.74,83346.79,0,18857.08,0,0,100317.32,0,0,0,3148.85,3109.43,0,25557.78,33543.49,97.18,2408.25,20380.46,0,0,0,0
2009-01-08 09:00:00,0,3478.59,0,335.27,14237.85,6853.74,7864.59,0,0,2082.57,12894.21,237.89,0,15144.9,1875.99,5289.94,87276.24,0,19514.49,0,0,103079.15,0,0,0,3004.23,2968.48,0,25997.37,34732.6,99.15,2377.69,21244.13,0,0,0,0
2009-01-08 10:00:00,0,3482.82,0,304.76,13470.79,6235.54,7523.78,0,0,1907.76,12539.01,206.17,0,15201.35,1536.84,5303.45,89071.11,0,19760.8,0,0,102218.24,0,0,0,2792.37,2740.22,0,24842.2,35369.72,100.69,2266.75,20777.44,0,0,0,0
2009-01-08 11:00:00,0,3387.57,0,296.62,13108.12,5767.12,7180.48,0,0,1813.78,12337.16,188.32,0,15213.48,1362.52,5216.66,87475.79,0,19908.33,0,0,100475.68,0,0,0,2579.94,2474.71,0,23950.33,34886.37,99.79,2205.25,20345.34,0,0,0,0
2009-01-08 12:00:00,0,3249.67,0,295.18,12816.22,5497.0,6851.01,0,0,1772.48,12355.4,184.34,0,15187.41,1295.74,5125.21,85953.74,0,20111.41,0,0,98979.42,0,0,0,2467.18,2358.3,0,23626.74,34138.51,97.46,2165.63,20119.12,0,0,0,0
2009-01-08 13:00:00,0,3112.79,0,292.35,12400.31,5274.92,6566.2,0,0,1735.11,12271.38,184.04,0,15299.78,1263.29,5051.81,84519.34,0,20390.11,0,0,97932.26,0,0,0,2413.82,2317.44,0,23493.99,33267.24,95.03,2140.11,19806.6,0,0,0,0
2009-01-08 14:00:00,0,2980.75,0,289.84,12072.29,5117.43,6451.66,0,0,1702.92,12227.2,184.05,0,15311.76,1257.48,4986.89,83213.44,0,20567.88,0,0,97318.27,0,0,0,2378.73,2321.83,0,23370.11,32419.73,92.73,2115.78,19585.75,0,0,0,0
2009-01-08 15:00:00,0,2914.35,0,288.68,11807.96,5069.75,6425.64,0,0,1695.46,12305.1,184.17,0,15408.82,1270.11,4958.45,82220.08,0,21113.02,0,0,96918.13,0,0,0,2352.3,2353.19,0,23258.98,31803.03,90.76,2118.33,19218.69,0,0,0,0
2009-01-08 16:00:00,0,2847.96,0,287.91,11713.23,5174.95,6421.71,0,0,1740.79,12586.39,187.73,0,15874.34,1263.9,5000.08,81776.91,0,21224.9,0,0,97632.49,0,0,0,2367.64,2392.37,0,23291.82,31101.05,88.96,2153.99,19177.8,0,0,0,0
2009-01-08 17:00:00,0,2801.24,0,287.36,11971.85,5310.46,6649.57,0,0,1779.33,12908.96,191.58,0,16397.8,1251.34,5191.58,82154.46,0,21375.35,0,0,100392.76,0,0,0,2408.06,2379.92,0,23260.86,30422.41,87.62,2191.44,19330.82,0,0,0,0
2009-01-08 18:00:00,0,2859.01,0,283.65,12481.0,5426.01,6958.5,0,0,1797.01,12321.63,193.04,0,16734.22,1273.73,5335.82,83211.41,0,21804.28,0,0,103377.28,0,0,0,2455.82,2441.69,0,23522.81,30234.06,87.6,2201.87,20428.49,0,0,0,0
2009-01-08 19:00:00,0,3033.8,0,327.41,13613.7,6226.44,7972.7,0,0,2168.04,14305.21,239.59,0,18383.0,1613.05,5558.87,86739.32,0,22871.57,0,0,111238.6,0,0,0,2823.44,2771.08,0,26416.92,31382.26,92.66,2569.19,22082.08,0,0,0,0
2009-01-08 20:00:00,0,3105.04,0,321.92,13961.21,6213.99,7799.01,0,0,2100.5,13613.29,236.79,0,17619.16,1554.34,5503.27,86378.56,0,22231.77,0,0,108312.96,0,0,0,2868.5,2805.62,0,27377.04,32245.06,92.07,2430.78,22811.15,0,0,0,0
2009-01-08 21:00:00,0,3170.53,0,315.2,13992.8,5992.02,7655.13,0,0,2023.49,12979.3,233.08,0,16872.93,1492.22,5451.01,85180.07,0,21497.18,0,0,105077.87,0,0,0,2850.67,2808.53,0,27723.21,33049.75,91.37,2283.45,23194.82,0,0,0,0
2009-01-08 22:00:00,0,3085.92,0,299.06,13707.59,5578.22,7560.54,0,0,1936.37,12280.38,217.05,0,16114.21,1427.48,5355.86,82715.86,0,20447.5,0,0,102069.42,0,0,0,2771.49,2803.74,0,27095.45,32382.18,90.1,2144.71,22929.33,0,0,0,0
2009-01-08 23:00:00,0,2952.24,0,282.99,13362.29,5147.86,7485.15,0,0,1846.93,11573.4,200.48,0,15333.11,1371.2,5232.19,80162.35,0,19420.58,0,0,99073.76,0,0,0,2712.87,2810.48,0,26569.35,31259.9,88.25,2010.44,22399.48,0,0,0,0
2009-01-09 00:00:00,0,2797.03,0,269.71,13024.54,4712.66,7445.03,0,0,1745.16,10833.09,183.69,0,14499.81,1334.21,5116.89,77519.73,0,18462.07,0,0,96010.97,0,0,0,2667.95,2813.35,0,26115.36,30015.47,86.34,1878.03,21807.46,0,0,0,0
2009-01-09 01:00:00,0,2637.42,0,257.92,12851.69,4329.89,7358.99,0,0,1640.63,10108.79,169.16,0,13848.41,1304.09,4994.06,74806.52,0,17520.33,0,0,93129.76,0,0,0,2684.08,2837.86,0,25500.31,28720.13,83.76,1755.43,21207.93,0,0,0,0
2009-01-09 02:00:00,0,2544.63,0,251.7,12816.26,4081.86,7360.27,0,0,1556.03,9580.41,160.51,0,13724.68,1319.69,4869.66,72348.05,0,16708.16,0,0,90374.13,0,0,0,2739.17,2970.75,0,25104.1,27557.08,80.88,1658.72,21157.2,0,0,0,0
2009-01-09 03:00:00,0,2535.16,0,253.83,13129.9,4229.88,7634.31,0,0,1596.15,9893.32,163.53,0,13927.41,1372.95,4810.76,71469.03,0,16397.95,0,0,89515.67,0,0,0,2885.67,3163.15,0,25896.27,26994.23,79.97,1679.6,21403.28,0,0,0,0
2009-01-09 04:00:00,0,2569.03,0,269.6,13706.31,4580.49,8158.9,0,0,1678.42,10411.68,176.63,0,14266.59,1495.87,4830.51,72639.43,0,16593.98,0,0,91442.76,0,0,0,3073.31,3339.62,0,27151.06,27163.27,80.98,1765.75,21748.03,0,0,0,0
2009-01-09 05:00:00,0,2617.55,0,287.11,14289.41,4971.0,8644.28,0,0,1761.49,10978.66,189.74,0,14668.38,1654.31,4934.77,74109.32,0,17264.64,0,0,94730.81,0,0,0,3247.37,3485.16,0,28273.54,27889.28,82.84,1858.38,22026.55,0,0,0,0
2009-01-09 06:00:00,0,2667.75,0,307.45,14844.6,5413.2,8992.36,0,0,1844.23,11519.01,205.81,0,15076.24,1777.7,5066.44,75620.11,0,17976.06,0,0,97996.95,0,0,0,3380.14,3588.64,0,29211.39,28680.08,84.74,1964.88,22254.28,0,0,0,0
2009-01-09 07:00:00,0,2714.4,0,329.73,15380.93,5917.22,9315.13,0,0,1926.46,12086.02,223.19,0,15489.28,1897.83,5152.63,77255.26,0,18677.17,0,0,100909.67,0,0,0,3483.6,3674.11,0,30098.28,29443.83,86.59,2083.09,22449.59,0,0,0,0
2009-01-09 08:00:00,0,2753.07,0,361.56,16398.86,6613.86,9636.91,0,0,2111.29,13275.89,235.62,0,16834.53,2033.79,5284.98,78810.12,0,20624.79,0,0,105972.69,0,0,0,3616.47,3737.82,0,31201.49,30211.37,87.95,2256.81,22693.33,0,0,0,0
2009-01-09 09:00:00,0,2837.29,0,363.34,16298.34,6610.09,9559.37,0,0,2054.41,13101.53,232.07,0,17351.42,1913.11,5403.92,82673.34,0,21320.44,0,0,108235.37,0,0,0,3497.98,3577.27,0,32558.03,31412.31,88.75,2320.85,23137.18,0,0,0,0
2009-01-09 10:00:00,0,2780.79,0,348.3,15591.48,6163.53,9032.76,0,0,1904.97,12599.78,223.58,0,17179.84,1769.17,5233.86,83745.18,0,21342.38,0,0,107014.33,0,0,0,3261.54,3308.67,0,31003.68,31800.53,87.96,2258.21,22019.88,0,0,0,0
2009-01-09 11:00:00,0,2631.38,0,335.13,14712.79,5863.09,8492.59,0,0,1837.93,12413.51,215.5,0,16943.18,1655.12,4992.52,82735.94,0,21265.6,0,0,104303.85,0,0,0,3080.7,3076.56,0,29459.83,31302.32,84.95,2205.57,20792.45,0,0,0,0
2009-01-09 12:00:00,0,2466.06,0,321.51,13916.25,5618.34,8129.49,0,0,1801.23,12409.95,208.0,0,16693.54,1572.64,4772.55,81653.41,0,21135.12,0,0,101731.11,0,0,0,2967.86,2924.12,0,28005.0,30812.7,80.87,2146.6,19681.21,0,0,0,0
2009-01-09 13:00:00,0,2305.26,0,314.69,13379.04,5375.94,7799.75,0,0,1764.03,12388.56,196.57,0,16506.71,1511.96,4614.53,80597.62,0,20974.14,0,0,99686.33,0,0,0,2876.44,2795.35,0,26822.7,30268.73,76.51,2114.3,18864.22,0,0,0,0
2009-01-09 14:00:00,0,2169.94,0,306.43,12979.42,5235.47,7521.18,0,0,1741.61,12384.27,191.86,0,16449.95,1468.22,4492.94,79560.5,0,20977.24,0,0,97954.04,0,0,0,2774.53,2678.73,0,25797.55,29779.91,73.46,2095.79,18307.62,0,0,0,0
2009-01-09 15:00:00,0,2050.66,0,292.52,12561.59,5131.87,7320.49,0,0,1726.53,12382.37,188.8,0,16493.02,1434.38,4392.72,78829.17,0,21052.16,0,0,97524.1,0,0,0,2685.13,2586.89,0,24936.8,29346.6,70.91,2076.42,17959.99,0,0,0,0
2009-01-09 16:00:00,0,1993.97,0,287.8,12327.3,5107.72,7297.92,0,0,1754.56,12454.2,188.22,0,16942.56,1414.84,4326.23,77770.44,0,21269.41,0,0,97393.01,0,0,0,2613.83,2559.35,0,24518.91,29038.38,68.17,2093.23,17691.62,0,0,0,0
2009-01-09 17:00:00,0,2018.84,0,286.35,12614.95,5200.58,7692.09,0,0,1778.5,12563.36,190.6,0,17561.22,1407.53,4370.63,77639.67,0,21721.94,0,0,100221.57,0,0,0,2617.02,2612.18,0,24220.55,28787.42,67.25,2138.42,17722.95,0,0,0,0
2009-01-09 18:00:00,0,2156.39,0,287.4,13073.47,5352.26,7840.65,0,0,1837.26,12350.81,196.19,0,18061.57,1577.27,4512.12,77753.88,0,22285.14,0,0,102774.64,0,0,0,2703.74,2685.14,0,24475.62,28938.89,70.53,2132.52,18286.06,0,0,0,0
2009-01-09 19:00:00,0,2238.64,0,313.76,13037.73,6020.83,8626.84,0,0,2127.39,14318.8,225.09,0,18098.77,1731.05,4420.53,77961.79,0,21157.18,0,0,102904.25,0,0,0,2952.92,3073.38,0,25487.84,28733.3,69.41,2477.55,18062.76,0,0,0,0
2009-01-09 20:00:00,0,2367.48,0,311.71,13229.09,6127.11,8470.42,0,0,2058.87,13537.08,231.37,0,17489.18,1665.42,4360.32,77938.18,0,20662.53,0,0,100642.54,0,0,0,2966.4,3109.97,0,26284.98,29561.38,67.8,2420.64,18625.31,0,0,0,0
2009-01-09 21:00:00,0,2523.69,0,310.63,13211.35,6190.86,8277.37,0,0,1983.35,12829.98,236.93,0,16821.84,1583.3,4278.4,77357.75,0,20178.95,0,0,98283.56,0,0,0,2991.48,3087.47,0,26429.0,29663.48,67.03,2349.04,19091.84,0,0,0,0
2009-01-09 22:00:00,0,2657.51,0,297.23,12714.53,5966.35,8048.52,0,0,1902.82,12106.99,231.46,0,16122.32,1511.89,4187.76,75541.72,0,19338.47,0,0,95895.98,0,0,0,2884.12,3019.65,0,25692.86,29524.21,67.24,2253.78,18508.65,0,0,0,0
2009-01-09 23:00:00,0,2689.14,0,284.96,12268.29,5710.9,7801.35,0,0,1811.88,11396.63,218.88,0,15398.13,1440.49,4069.51,73327.59,0,18486.04,0,0,92917.76,0,0,0,2774.78,2938.76,0,24714.82,29225.17,74.4,2173.12,17771.12,0,0,0,0
2009-01-10 00:00:00,0,2629.4,0,274.83,11843.4,5469.15,7573.96,0,0,1719.64,10663.18,206.76,0,14700.34,1390.4,3924.87,71097.0,0,17685.32,0,0,90187.93,0,0,0,2673.78,2856.4,0,23802.58,28731.62,74.16,2116.2,17008.03,0,0,0,0
2009-01-10 01:00:00,0,2603.25,0,266.74,11460.97,5289.44,7312.66,0,0,1628.56,9971.73,198.69,0,14074.02,1351.87,3766.08,68821.7,0,16840.5,0,0,87596.01,0,0,0,2575.87,2778.8,0,23097.95,28268.7,72.76,2058.88,16230.0,0,0,0,0
2009-01-10 02:00:00,0,2572.22,0,263.86,11292.76,5145.08,7090.33,0,0,1563.77,9456.0,194.31,0,13760.14,1304.42,3655.93,67020.22,0,16174.49,0,0,85185.87,0,0,0,2524.76,2752.83,0,22606.89,27926.25,71.74,2018.14,15620.03,0,0,0,0
2009-01-10 03:00:00,0,2565.51,0,266.78,11196.99,5108.35,6891.59,0,0,1518.47,9214.41,189.91,0,13633.92,1283.16,3626.89,65738.99,0,15864.08,0,0,84003.09,0,0,0,2501.59,2745.05,0,22191.33,27690.21,70.81,1998.54,15281.59,0,0,0,0
2009-01-10 04:00:00,0,2622.75,0,275.0,11246.15,5152.4,6896.66,0,0,1521.06,9237.8,187.47,0,13711.29,1277.08,3599.88,65021.06,0,15809.7,0,0,84454.66,0,0,0,2514.72,2761.49,0,22117.12,27851.69,69.86,2002.27,14917.86,0,0,0,0
2009-01-10 05:00:00,0,2712.96,0,284.18,11524.06,5243.92,7098.45,0,0,1542.31,9315.54,188.78,0,13863.23,1292.68,3626.69,65376.52,0,15953.41,0,0,85759.61,0,0,0,2550.8,2783.62,0,22330.02,28448.05,69.94,2042.98,14829.64,0,0,0,0
2009-01-10 06:00:00,0,2781.81,0,294.72,11905.42,5355.24,7317.53,0,0,1580.58,9619.4,191.45,0,14064.97,1330.66,3656.33,66474.84,0,16303.95,0,0,86977.52,0,0,0,2600.07,2804.26,0,22598.5,29158.43,70.48,2084.06,15044.16,0,0,0,0
2009-01-10 07:00:00,0,2877.41,0,300.12,12265.62,5464.65,7516.64,0,0,1620.64,9978.77,194.65,0,14396.8,1363.8,3609.51,67959.11,0,16751.26,0,0,88531.65,0,0,0,2656.56,2824.32,0,22894.73,29907.49,70.96,2128.0,15257.88,0,0,0,0
2009-01-10 08:00:00,0,2965.2,0,308.0,12665.56,5646.08,7644.36,0,0,1679.17,10578.69,197.74,0,14847.35,1395.19,3724.72,69534.37,0,17479.53,0,0,91254.36,0,0,0,2732.99,2883.57,0,23533.9,30742.31,71.78,2181.99,15638.69,0,0,0,0
2009-01-10 09:00:00,0,3075.38,0,309.9,12433.02,5474.96,7257.05,0,0,1656.25,11073.33,192.98,0,15161.59,1438.92,3785.55,71852.96,0,18155.15,0,0,93686.0,0,0,0,2716.79,2812.37,0,24820.86,31612.43,74.18,2095.73,16659.71,0,0,0,0
2009-01-10 10:00:00,0,3257.15,0,276.86,11760.36,4916.77,6611.58,0,0,1617.25,11747.76,181.12,0,14970.93,1259.2,3791.22,74304.83,0,18408.01,0,0,93108.44,0,0,0,2547.31,2607.77,0,23735.69,32370.06,77.68,2029.75,16554.74,0,0,0,0
2009-01-10 11:00:00,0,3349.59,0,258.63,11235.02,4972.08,6207.08,0,0,1611.86,12531.56,177.16,0,14870.29,1239.0,3790.07,76103.13,0,18585.84,0,0,92225.76,0,0,0,2463.77,2488.52,0,23386.51,32786.84,80.6,2073.74,16508.79,0,0,0,0
2009-01-10 12:00:00,0,3332.49,0,254.47,10828.22,4961.07,5939.86,0,0,1625.42,12895.71,178.96,0,14786.2,1237.03,3797.18,76867.86,0,18709.44,0,0,91399.26,0,0,0,2427.65,2405.08,0,23061.94,32894.42,81.66,2124.1,16460.61,0,0,0,0
2009-01-10 13:00:00,0,3284.2,0,255.24,10335.05,5026.83,5740.39,0,0,1647.39,13221.57,179.5,0,14662.26,1241.83,3797.07,76835.86,0,18790.69,0,0,90914.13,0,0,0,2377.4,2334.41,0,22591.67,32590.29,80.78,2204.48,16381.42,0,0,0,0
2009-01-10 14:00:00,0,3222.36,0,258.96,9942.08,5131.76,5651.39,0,0,1672.61,13424.05,181.68,0,14505.74,1239.25,3792.11,76772.12,0,18933.58,0,0,90443.43,0,0,0,2326.3,2285.07,0,22222.76,32086.01,79.2,2248.93,16291.26,0,0,0,0
2009-01-10 15:00:00,0,3147.28,0,261.49,9640.99,5211.05,5574.68,0,0,1679.51,13509.07,184.62,0,14703.84,1248.61,3800.94,76358.47,0,19231.36,0,0,90328.82,0,0,0,2295.56,2271.08,0,22062.55,31453.79,78.27,2283.08,16209.32,0,0,0,0
2009-01-10 16:00:00,0,3062.65,0,264.64,9490.4,5401.98,5546.79,0,0,1700.65,13488.72,185.92,0,15462.41,1250.67,3824.7,75858.05,0,19554.95,0,0,90673.05,0,0,0,2282.86,2293.95,0,22033.06,30883.5,77.28,2316.74,16202.38,0,0,0,0
2009-01-10 17:00:00,0,2981.47,0,264.66,9718.1,5459.89,5587.76,0,0,1705.27,13214.64,183.48,0,16274.68,1254.98,3895.17,75532.18,0,20068.7,0,0,91922.79,0,0,0,2317.38,2322.98,0,22038.51,30333.69,75.39,2301.53,16232.91,0,0,0,0
2009-01-10 18:00:00,0,2946.5,0,255.57,10152.19,4987.76,5740.99,0,0,1678.94,12515.69,180.96,0,16708.64,1238.7,3975.05,76159.08,0,20512.67,0,0,93304.19,0,0,0,2360.15,2354.76,0,22062.12,30097.72,75.45,2116.98,16368.43,0,0,0,0
2009-01-10 19:00:00,0,3155.98,0,303.23,11510.78,5738.7,6632.53,0,0,2062.53,14308.42,218.64,0,17310.25,1483.36,4373.72,83210.69,0,21310.32,0,0,100666.77,0,0,0,2603.96,2539.33,0,23620.62,32556.11,89.19,2511.85,17815.54,0,0,0,0
2009-01-10 20:00:00,0,3261.21,0,298.16,11600.41,5698.0,6419.2,0,0,1954.63,13479.69,215.81,0,16650.97,1427.57,4338.17,83494.18,0,20918.44,0,0,98417.64,0,0,0,2609.1,2523.18,0,23906.73,32817.97,88.07,2339.62,18383.71,0,0,0,0
2009-01-10 21:00:00,0,3347.28,0,290.55,11544.51,5533.63,6194.78,0,0,1861.18,12672.47,213.5,0,15925.61,1374.98,4339.33,83291.88,0,20389.74,0,0,95834.87,0,0,0,2608.77,2488.35,0,23756.94,32784.03,86.82,2195.19,18847.19,0,0,0,0
2009-01-10 22:00:00,0,3305.09,0,270.62,10917.62,5186.63,5948.5,0,0,1768.66,11873.53,204.19,0,15194.67,1324.37,4303.19,81448.54,0,19660.04,0,0,93394.9,0,0,0,2478.83,2402.24,0,22704.95,32423.34,85.44,2064.68,18406.13,0,0,0,0
2009-01-10 23:00:00,0,3204.4,0,250.69,10391.41,4819.49,5682.91,0,0,1676.0,11102.92,188.48,0,14544.92,1266.52,4252.34,79462.64,0,18730.9,0,0,90715.2,0,0,0,2346.92,2312.31,0,21817.6,31834.72,83.89,1954.01,17940.6,0,0,0,0
2009-01-11 00:00:00,0,3103.59,0,237.86,9834.05,4460.62,5418.41,0,0,1583.71,10317.11,176.65,0,13941.85,1200.1,4194.1,77554.01,0,17730.79,0,0,88015.72,0,0,0,2239.62,2216.04,0,20872.35,31193.66,82.81,1855.11,17559.02,0,0,0,0
2009-01-11 01:00:00,0,3017.26,0,226.37,9457.08,4249.73,5143.13,0,0,1506.75,9594.15,166.81,0,13456.08,1138.47,4118.91,75671.72,0,16757.63,0,0,85693.23,0,0,0,2153.33,2126.64,0,20092.85,30553.39,82.54,1769.82,17238.07,0,0,0,0
2009-01-11 02:00:00,0,2975.27,0,216.14,9164.58,4095.61,4860.67,0,0,1445.77,9090.12,160.41,0,13230.4,1112.32,4037.31,74388.6,0,15907.96,0,0,83790.53,0,0,0,2081.39,2040.92,0,19961.09,29944.92,82.12,1712.85,17172.09,0,0,0,0
2009-01-11 03:00:00,0,2958.84,0,208.43,9078.7,4006.67,4632.08,0,0,1408.49,8899.13,156.98,0,13262.88,1106.61,4012.37,73715.2,0,15357.91,0,0,82902.43,0,0,0,2032.64,1948.24,0,20197.73,29378.36,81.76,1690.23,17341.9,0,0,0,0
2009-01-11 04:00:00,0,2968.91,0,203.69,9053.94,4120.71,4550.07,0,0,1419.77,8974.98,155.59,0,13409.37,1110.06,4042.14,73730.31,0,15269.97,0,0,84076.93,0,0,0,2022.57,1951.84,0,20712.71,29164.86,81.82,1710.96,17686.78,0,0,0,0
2009-01-11 05:00:00,0,2999.23,0,209.99,9305.38,4285.87,4658.61,0,0,1447.1,9064.52,156.92,0,13606.79,1132.72,4149.9,74617.03,0,15635.97,0,0,85851.99,0,0,0,2033.5,1972.58,0,21720.13,29409.36,82.77,1772.74,18242.99,0,0,0,0
2009-01-11 06:00:00,0,3038.23,0,215.68,9657.99,4456.52,4886.83,0,0,1498.08,9410.59,159.89,0,13810.93,1155.43,4292.59,75655.62,0,16145.1,0,0,87295.38,0,0,0,2063.87,2000.93,0,22736.1,29832.65,83.57,1836.64,18775.11,0,0,0,0
2009-01-11 07:00:00,0,3079.13,0,220.55,10008.57,4612.63,5102.26,0,0,1554.39,9830.44,164.92,0,14058.19,1175.35,4428.48,76674.32,0,16759.73,0,0,88483.85,0,0,0,2107.11,2029.05,0,23613.08,30335.47,84.68,1892.5,19398.69,0,0,0,0
2009-01-11 08:00:00,0,3093.37,0,227.57,10497.13,4903.99,5326.91,0,0,1639.9,10470.44,170.18,0,14431.05,1219.88,4558.31,77706.86,0,17443.39,0,0,90943.82,0,0,0,2148.26,2070.23,0,24723.37,30864.32,85.76,1919.7,19996.61,0,0,0,0
2009-01-11 09:00:00,0,3167.83,0,232.49,10980.09,4827.33,5594.32,0,0,1637.03,10879.2,170.45,0,14914.71,1242.27,4680.05,79839.23,0,18091.97,0,0,93885.45,0,0,0,2203.72,2133.77,0,26526.04,31357.92,86.42,1960.05,21039.42,0,0,0,0
2009-01-11 10:00:00,0,3122.21,0,228.76,11324.81,4860.31,5939.13,0,0,1615.9,11700.16,172.14,0,15424.8,1222.15,4692.31,81031.89,0,18436.12,0,0,94374.9,0,0,0,2256.84,2191.1,0,27659.23,31326.2,85.26,2019.52,21786.96,0,0,0,0
2009-01-11 11:00:00,0,2980.99,0,238.43,11435.66,4984.21,6237.3,0,0,1640.34,12525.07,173.97,0,15608.46,1228.8,4700.91,80130.75,0,18786.62,0,0,93856.23,0,0,0,2304.89,2234.89,0,27992.21,30751.71,82.85,2080.48,21668.8,0,0,0,0
2009-01-11 12:00:00,0,2834.82,0,247.87,11341.84,5126.52,6395.46,0,0,1691.54,13399.35,179.58,0,15587.63,1271.48,4657.4,79071.06,0,18894.57,0,0,92073.94,0,0,0,2330.0,2262.41,0,27789.53,30037.31,80.37,2148.46,21338.33,0,0,0,0
2009-01-11 13:00:00,0,2714.15,0,254.05,11148.09,5229.76,6452.76,0,0,1751.69,13986.36,181.44,0,15530.73,1326.61,4594.46,78013.94,0,18760.51,0,0,91047.14,0,0,0,2342.86,2266.6,0,27442.22,29388.05,77.53,2232.48,20756.48,0,0,0,0
2009-01-11 14:00:00,0,2619.75,0,250.05,10929.49,5289.36,6476.52,0,0,1789.85,14308.28,187.06,0,15436.67,1319.55,4477.82,76922.29,0,18634.91,0,0,90450.55,0,0,0,2347.79,2274.94,0,27029.8,28818.9,74.89,2289.96,20063.36,0,0,0,0
2009-01-11 15:00:00,0,2542.74,0,260.02,10728.13,5379.89,6481.68,0,0,1809.29,14390.68,193.09,0,15306.57,1266.47,4369.01,75958.58,0,18644.28,0,0,89719.22,0,0,0,2353.63,2285.41,0,26581.73,28300.92,72.3,2333.03,19421.74,0,0,0,0
2009-01-11 16:00:00,0,2463.6,0,267.7,10541.01,5521.96,6486.65,0,0,1813.79,14394.12,197.63,0,15501.65,1266.88,4298.05,75345.72,0,18979.3,0,0,89873.14,0,0,0,2363.75,2293.1,0,26179.68,27836.96,70.04,2359.68,18986.41,0,0,0,0
2009-01-11 17:00:00,0,2444.96,0,267.8,10794.81,5460.19,6590.56,0,0,1814.11,14212.76,196.54,0,16127.28,1269.08,4283.12,75931.84,0,19695.68,0,0,93678.32,0,0,0,2389.64,2315.86,0,25893.44,27525.56,68.66,2329.3,18784.96,0,0,0,0
2009-01-11 18:00:00,0,2517.26,0,272.72,11098.14,5126.14,6695.84,0,0,1707.38,13274.85,197.04,0,16804.21,1273.26,4397.53,76898.89,0,20342.65,0,0,97046.81,0,0,0,2422.87,2428.34,0,26341.19,27459.6,70.8,2221.65,19397.35,0,0,0,0
2009-01-11 19:00:00,0,2920.66,0,330.76,13364.66,6129.11,7945.51,0,0,2194.31,14887.78,237.17,0,19054.39,1552.15,5160.59,87137.9,0,23082.18,0,0,112026.08,0,0,0,2791.73,2729.01,0,29588.88,31961.16,90.48,2676.98,21945.55,0,0,0,0
2009-01-11 20:00:00,0,3038.99,0,323.86,13572.59,5964.61,7742.94,0,0,2038.92,13893.01,229.37,0,18248.5,1487.2,5060.86,87328.45,0,22577.85,0,0,110075.89,0,0,0,2812.17,2725.32,0,30253.32,32895.87,89.83,2486.58,22539.09,0,0,0,0
2009-01-11 21:00:00,0,3159.13,0,329.17,13432.54,5721.46,7515.3,0,0,1911.18,13021.15,218.75,0,17467.74,1439.21,4941.63,86728.79,0,21918.8,0,0,107773.16,0,0,0,2808.16,2713.63,0,30038.69,33768.82,89.25,2338.73,22798.02,0,0,0,0
2009-01-11 22:00:00,0,3113.45,0,304.07,13018.99,5275.24,7286.72,0,0,1798.94,12087.23,201.89,0,16635.7,1392.93,4817.31,84415.57,0,20984.89,0,0,105082.51,0,0,0,2669.84,2650.47,0,29168.16,33231.34,88.72,2180.89,22432.91,0,0,0,0
2009-01-11 23:00:00,0,3026.59,0,295.09,12601.4,4832.59,7065.51,0,0,1682.21,11117.8,190.53,0,15741.03,1346.28,4663.45,81950.36,0,20029.67,0,0,101931.56,0,0,0,2584.95,2595.72,0,28329.36,32270.0,88.01,2027.31,21760.37,0,0,0,0
2009-01-12 00:00:00,0,2938.78,0,281.25,12167.4,4402.46,6980.03,0,0,1568.49,10184.0,174.93,0,14844.6,1291.31,4494.19,79691.83,0,19138.63,0,0,99011.47,0,0,0,2506.97,2537.19,0,27450.86,31219.87,86.91,1866.89,21011.84,0,0,0,0
2009-01-12 01:00:00,0,2854.37,0,263.78,11706.57,4011.78,6909.53,0,0,1465.01,9274.11,162.73,0,14284.61,1257.17,4329.82,77509.21,0,18205.54,0,0,96299.8,0,0,0,2427.24,2515.78,0,26890.88,30122.71,85.81,1717.06,20291.95,0,0,0,0
2009-01-12 02:00:00,0,2799.79,0,256.46,11600.64,3807.99,6937.35,0,0,1371.92,8540.59,158.46,0,14324.86,1254.46,4182.08,75860.74,0,17629.16,0,0,93790.98,0,0,0,2406.82,2538.23,0,26675.71,29224.49,85.34,1606.94,20172.9,0,0,0,0
2009-01-12 03:00:00,0,2836.76,0,265.33,12101.85,3959.58,7207.82,0,0,1387.51,8592.67,162.24,0,14610.52,1345.86,4112.62,75637.08,0,17318.96,0,0,93495.69,0,0,0,2469.69,2667.13,0,27356.6,28855.02,86.12,1590.01,20406.52,0,0,0,0
2009-01-12 04:00:00,0,2890.17,0,276.69,12976.91,4240.34,7611.65,0,0,1450.89,8956.7,169.31,0,14972.13,1436.88,4256.46,77143.06,0,17578.49,0,0,95327.93,0,0,0,2602.97,2800.7,0,28381.37,28918.63,87.42,1648.32,20799.7,0,0,0,0
2009-01-12 05:00:00,0,2938.06,0,296.0,13779.32,4518.72,8119.42,0,0,1522.0,9383.84,183.08,0,15359.72,1551.31,4419.42,78962.47,0,18179.39,0,0,98068.43,0,0,0,2808.21,2963.63,0,29373.0,29548.5,89.52,1735.7,21300.68,0,0,0,0
2009-01-12 06:00:00,0,2983.44,0,324.54,14394.49,4847.74,8598.45,0,0,1596.39,9840.02,197.09,0,15773.36,1601.07,4599.28,80871.36,0,18930.05,0,0,101113.32,0,0,0,3019.91,3153.82,0,30384.94,30280.39,91.59,1822.17,21790.09,0,0,0,0
2009-01-12 07:00:00,0,3028.1,0,358.33,14946.05,5291.05,8978.37,0,0,1700.08,10328.27,210.52,0,16210.43,1652.92,4804.46,82673.38,0,19706.02,0,0,104323.18,0,0,0,3198.64,3309.38,0,31469.09,31073.88,93.42,1933.29,22191.57,0,0,0,0
2009-01-12 08:00:00,0,3057.01,0,395.51,15861.46,5720.81,9237.25,0,0,1838.16,11385.86,224.45,0,17317.24,1845.17,5010.2,84145.29,0,21597.53,0,0,109345.24,0,0,0,3407.95,3419.39,0,32521.28,31773.81,94.9,2061.94,22667.55,0,0,0,0
2009-01-12 09:00:00,0,3093.33,0,399.73,15485.79,6232.83,8989.62,0,0,1914.9,12047.14,241.22,0,17622.52,1922.21,5212.48,87194.96,0,22019.06,0,0,109809.36,0,0,0,3322.61,3332.69,0,33520.22,32664.09,95.28,2197.64,23583.75,0,0,0,0
2009-01-12 10:00:00,0,2998.89,0,376.47,14822.13,6361.61,8488.39,0,0,1930.01,12395.43,240.07,0,17209.16,1887.8,5148.04,88296.61,0,21882.96,0,0,106828.53,0,0,0,3123.53,3169.52,0,31090.29,32910.78,93.54,2278.8,22814.78,0,0,0,0
2009-01-12 11:00:00,0,2821.18,0,351.89,14039.03,6233.24,7934.85,0,0,1921.68,12743.16,231.75,0,16700.32,1755.99,5017.18,86875.55,0,21519.66,0,0,103316.83,0,0,0,2963.11,2966.56,0,29353.82,32275.28,90.71,2304.97,21666.29,0,0,0,0
2009-01-12 12:00:00,0,2674.69,0,332.97,13378.27,6061.18,7605.71,0,0,1918.28,13055.93,224.0,0,16358.81,1680.83,4887.83,85324.73,0,21123.73,0,0,100238.35,0,0,0,2856.14,2795.27,0,28471.81,31633.06,88.41,2286.5,20753.54,0,0,0,0
2009-01-12 13:00:00,0,2555.44,0,321.7,12909.36,5896.92,7384.33,0,0,1916.84,13300.19,214.1,0,16152.52,1622.44,4778.18,84061.05,0,20773.13,0,0,98343.49,0,0,0,2784.11,2690.92,0,27758.73,31298.43,85.66,2246.32,20030.41,0,0,0,0
2009-01-12 14:00:00,0,2532.22,0,315.73,12631.13,5702.33,7200.0,0,0,1911.74,13518.4,212.26,0,16037.19,1569.61,4694.29,83143.96,0,20604.97,0,0,97336.85,0,0,0,2736.37,2622.68,0,27056.85,31149.17,84.99,2207.76,19632.34,0,0,0,0
2009-01-12 15:00:00,0,2486.25,0,307.07,12303.76,5553.91,7099.87,0,0,1906.23,13669.36,206.31,0,16054.86,1543.61,4650.93,82318.66,0,20629.9,0,0,96863.56,0,0,0,2664.22,2549.76,0,26483.06,30850.08,84.48,2225.56,19240.59,0,0,0,0
2009-01-12 16:00:00,0,2452.84,0,304.52,12032.07,5403.82,7019.23,0,0,1901.34,13723.63,201.17,0,16574.64,1521.39,4587.78,81270.92,0,20919.8,0,0,96985.89,0,0,0,2630.38,2538.29,0,26006.59,30598.74,82.91,2284.32,18961.32,0,0,0,0
2009-01-12 17:00:00,0,2466.48,0,303.93,12406.25,5334.57,7419.83,0,0,1901.37,13828.55,201.34,0,17837.56,1496.15,4556.53,81037.8,0,22087.3,0,0,101042.37,0,0,0,2664.04,2637.27,0,25815.46,30413.09,82.01,2299.72,18852.5,0,0,0,0
2009-01-12 18:00:00,0,2514.08,0,297.73,12940.41,5366.91,7680.7,0,0,1906.28,13564.71,204.99,0,18391.63,1508.23,4603.93,81307.51,0,22665.95,0,0,103633.58,0,0,0,2774.83,2733.45,0,26659.26,30651.69,82.16,2241.41,19421.56,0,0,0,0
2009-01-12 19:00:00,0,2889.99,0,350.15,13941.28,6193.88,8784.78,0,0,2149.36,14478.59,235.12,0,19234.28,1669.05,4851.2,85191.92,0,22735.73,0,0,108682.24,0,0,0,3126.08,3188.68,0,28362.1,33152.91,87.21,2611.67,20204.04,0,0,0,0
2009-01-12 20:00:00,0,3039.58,0,344.91,14149.88,6102.94,8594.78,0,0,2034.76,13673.73,231.81,0,18373.34,1588.87,4732.44,85522.57,0,22190.64,0,0,105693.92,0,0,0,3167.58,3230.27,0,29183.67,34125.84,86.66,2410.76,20879.48,0,0,0,0
2009-01-12 21:00:00,0,3169.47,0,334.14,14118.95,5904.03,8358.37,0,0,1917.58,12895.02,226.64,0,17499.24,1502.1,4637.92,85052.58,0,21465.85,0,0,102856.48,0,0,0,3139.44,3203.04,0,29219.22,34565.77,84.97,2246.08,21195.75,0,0,0,0
2009-01-12 22:00:00,0,3152.2,0,307.94,13608.56,5411.87,8102.07,0,0,1795.19,12007.95,210.28,0,16539.58,1415.26,4532.19,82667.96,0,20558.18,0,0,99777.17,0,0,0,3040.54,3140.91,0,28517.13,33756.13,84.45,2104.68,20870.15,0,0,0,0
2009-01-12 23:00:00,0,3128.37,0,290.79,13115.51,4950.43,7853.31,0,0,1675.29,11092.32,194.26,0,15526.49,1333.54,4407.57,80311.47,0,19500.48,0,0,96409.8,0,0,0,2914.9,3056.53,0,27657.26,33152.16,84.96,1956.12,20167.5,0,0,0,0
2009-01-13 00:00:00,0,3102.86,0,271.8,12708.72,4535.24,7620.41,0,0,1554.82,10162.79,178.45,0,14518.11,1261.23,4277.69,78264.82,0,18474.86,0,0,92978.92,0,0,0,2799.66,2962.39,0,26863.66,32498.01,84.34,1815.53,19494.52,0,0,0,0
2009-01-13 01:00:00,0,3109.22,0,255.21,12394.53,4137.96,7353.97,0,0,1441.09,9278.56,165.11,0,13882.85,1173.92,4125.19,76260.92,0,17441.6,0,0,89619.65,0,0,0,2704.91,2886.71,0,26061.7,31766.01,85.18,1686.54,18812.08,0,0,0,0
2009-01-13 02:00:00,0,3119.42,0,244.87,12341.61,3909.25,7325.68,0,0,1352.5,8512.48,157.59,0,13675.31,1132.37,3994.82,74285.09,0,16673.85,0,0,86373.06,0,0,0,2671.44,2879.64,0,25645.11,31276.31,85.71,1609.96,18259.59,0,0,0,0
2009-01-13 03:00:00,0,3200.06,0,244.98,12522.28,3988.43,7485.89,0,0,1366.72,8511.97,159.65,0,13873.97,1167.92,3882.57,73701.61,0,16256.19,0,0,84788.78,0,0,0,2715.28,2937.19,0,26360.51,31212.56,85.78,1607.22,18317.98,0,0,0,0
2009-01-13 04:00:00,0,3327.67,0,254.92,13024.11,4150.6,7783.42,0,0,1410.69,8820.08,164.89,0,14106.55,1223.09,3949.77,75097.31,0,16529.28,0,0,86136.08,0,0,0,2795.56,2976.38,0,27214.62,31631.44,88.63,1672.12,18645.35,0,0,0,0
2009-01-13 05:00:00,0,3474.04,0,267.38,13563.02,4341.42,8071.02,0,0,1474.36,9235.65,170.48,0,14387.14,1338.2,4105.6,77226.38,0,17000.55,0,0,88150.6,0,0,0,2894.47,3023.04,0,27900.25,32676.37,92.53,1731.08,19020.38,0,0,0,0
2009-01-13 06:00:00,0,3638.07,0,284.17,14083.44,4565.65,8306.38,0,0,1543.67,9662.7,181.12,0,14662.84,1468.93,4321.83,80031.35,0,17551.35,0,0,90566.4,0,0,0,3024.89,3080.58,0,28578.99,33833.72,96.21,1780.47,19379.34,0,0,0,0
2009-01-13 07:00:00,0,3816.33,0,288.55,14600.14,4825.82,8567.57,0,0,1616.53,10080.24,189.48,0,14942.99,1560.64,4523.95,83082.01,0,18255.19,0,0,94038.13,0,0,0,3111.59,3122.25,0,29327.27,35022.35,99.16,1834.6,19992.6,0,0,0,0
2009-01-13 08:00:00,0,4002.28,0,293.22,15457.18,5225.64,8792.07,0,0,1767.61,10858.61,201.19,0,15980.5,1651.37,4760.01,85688.75,0,20014.87,0,0,99778.01,0,0,0,3226.66,3161.78,0,30308.86,36378.26,101.9,1939.14,20857.09,0,0,0,0
2009-01-13 09:00:00,0,3093.33,0,306.52,15510.53,5453.16,8853.56,0,0,1801.89,11872.02,216.12,0,16136.58,1720.63,4974.11,91163.66,0,20523.59,0,0,102029.84,0,0,0,3299.1,3170.07,0,32071.02,38161.85,105.12,2076.94,21767.69,0,0,0,0
2009-01-13 10:00:00,0,2998.89,0,321.6,15093.3,5658.07,8752.33,0,0,1811.33,12604.18,212.83,0,15919.48,1758.5,5053.39,94761.46,0,20246.67,0,0,100481.82,0,0,0,3260.63,3131.13,0,30781.12,39011.63,109.0,2126.63,21181.48,0,0,0,0
2009-01-13 11:00:00,0,2821.18,0,322.15,14666.8,5581.23,8549.75,0,0,1836.86,13165.37,207.52,0,15704.73,1701.21,5114.97,95725.8,0,19976.14,0,0,99569.48,0,0,0,3200.59,3069.28,0,29260.86,38595.72,110.36,2134.42,20891.36,0,0,0,0
2009-01-13 12:00:00,0,4109.28,0,311.87,14261.93,5498.55,8367.54,0,0,1896.33,13626.53,209.66,0,15706.52,1660.55,5183.37,96019.18,0,20040.5,0,0,99082.46,0,0,0,3166.33,3027.38,0,27690.02,37968.39,109.32,2198.44,20679.5,0,0,0,0
2009-01-13 13:00:00,0,3957.3,0,316.06,13861.91,5450.55,8155.72,0,0,1935.51,13830.93,219.83,0,15792.76,1720.02,5219.46,95813.7,0,20236.32,0,0,99181.77,0,0,0,3090.19,2953.2,0,26434.53,37152.65,107.83,2274.7,20408.01,0,0,0,0
2009-01-13 14:00:00,0,3798.56,0,309.64,13435.21,5420.37,8016.45,0,0,1976.21,13904.49,218.84,0,15585.24,1732.09,5204.08,95086.8,0,20308.79,0,0,99373.88,0,0,0,3033.81,2901.92,0,25603.06,36356.64,106.04,2292.94,20274.6,0,0,0,0
2009-01-13 15:00:00,0,3629.72,0,298.7,12958.03,5479.0,7833.82,0,0,1975.04,13780.37,222.01,0,15576.44,1727.65,5280.6,94223.97,0,20284.51,0,0,100172.64,0,0,0,2962.7,2868.01,0,25137.24,35482.6,104.42,2220.51,20367.47,0,0,0,0
2009-01-13 16:00:00,0,3480.71,0,296.67,12621.13,5558.15,7798.36,0,0,1944.58,13706.3,223.26,0,15866.9,1721.82,5366.51,93359.6,0,20535.35,0,0,101834.27,0,0,0,2903.37,2844.43,0,24937.69,34561.6,103.14,2193.31,20938.44,0,0,0,0
2009-01-13 17:00:00,0,3379.54,0,296.74,12713.61,5624.98,8060.76,0,0,1949.18,13503.76,217.88,0,16310.01,1710.99,5458.31,93369.99,0,21119.98,0,0,105726.05,0,0,0,2924.82,2858.45,0,24776.98,33684.31,100.49,2225.96,21371.78,0,0,0,0
2009-01-13 18:00:00,0,3392.21,0,293.83,13170.83,5698.54,8286.31,0,0,2000.23,13585.13,218.44,0,16526.35,1690.33,5548.56,93875.95,0,21646.03,0,0,109184.07,0,0,0,2973.32,2885.02,0,25205.81,33389.97,97.92,2229.82,21924.82,0,0,0,0
2009-01-13 19:00:00,0,3714.98,0,343.74,13901.61,6452.24,8685.1,0,0,2198.84,14062.47,255.5,0,17313.07,1800.4,5740.76,99351.69,0,21941.51,0,0,116062.23,0,0,0,3184.94,3238.55,0,28884.22,35541.09,103.5,2470.84,23749.75,0,0,0,0
2009-01-13 20:00:00,0,3778.63,0,339.61,14105.37,6435.81,8464.31,0,0,2099.15,13313.93,258.28,0,16334.59,1756.58,5679.54,99851.91,0,21463.88,0,0,113786.0,0,0,0,3226.77,3251.4,0,30746.77,36275.04,102.47,2338.76,24604.98,0,0,0,0
2009-01-13 21:00:00,0,3791.17,0,329.89,14070.12,6193.4,8177.58,0,0,2009.37,12640.56,255.49,0,15495.04,1707.44,5593.64,98738.4,0,20736.92,0,0,111201.4,0,0,0,3188.38,3216.95,0,31206.43,36638.75,101.18,2251.46,25041.12,0,0,0,0
2009-01-13 22:00:00,0,3618.59,0,304.65,13589.47,5769.78,7895.17,0,0,1918.44,11939.74,241.75,0,14656.57,1657.17,5524.49,96514.19,0,19663.94,0,0,108094.93,0,0,0,3037.48,3095.95,0,30917.84,35515.41,100.11,2189.16,24771.63,0,0,0,0
2009-01-13 23:00:00,0,3441.49,0,291.65,13042.11,5356.72,7630.05,0,0,1831.09,11041.17,225.93,0,13801.31,1618.96,5472.74,94024.4,0,18762.8,0,0,104878.48,0,0,0,2838.65,2961.74,0,30447.63,34238.99,97.55,2074.27,24473.2,0,0,0,0
2009-01-14 00:00:00,0,3267.98,0,281.97,12771.5,5151.17,7375.11,0,0,1734.95,10199.06,210.51,0,12963.16,1572.53,5388.88,91410.79,0,17654.21,0,0,101783.11,0,0,0,2694.4,2844.8,0,29956.74,32864.37,94.86,1969.41,24096.47,0,0,0,0
2009-01-14 01:00:00,0,3116.58,0,275.29,12725.52,5007.56,7189.04,0,0,1633.43,9457.62,194.84,0,12442.54,1514.63,5277.14,88839.66,0,16712.14,0,0,99633.98,0,0,0,2619.66,2782.8,0,29511.7,31482.79,92.33,1866.66,23747.67,0,0,0,0
2009-01-14 02:00:00,0,2984.81,0,274.56,13047.96,4977.72,7226.92,0,0,1569.47,9121.92,187.37,0,12124.6,1462.78,5167.73,86876.25,0,16056.57,0,0,99110.07,0,0,0,2661.95,2859.45,0,29723.7,30284.66,90.87,1787.26,23954.29,0,0,0,0
2009-01-14 03:00:00,0,2948.73,0,286.81,13491.74,5289.25,7607.78,0,0,1633.35,9388.23,192.85,0,12478.31,1491.82,5134.3,85862.84,0,16522.56,0,0,100250.11,0,0,0,2835.03,3033.02,0,30780.29,29585.0,90.68,1815.63,24167.5,0,0,0,0
2009-01-14 04:00:00,0,2961.87,0,313.17,14402.54,5726.38,8196.08,0,0,1729.03,9953.11,208.54,0,13167.04,1593.51,5166.51,86501.4,0,17699.07,0,0,103379.94,0,0,0,3042.62,3216.29,0,32026.32,29706.46,92.3,1933.39,24471.25,0,0,0,0
2009-01-14 05:00:00,0,2977.29,0,351.38,15236.17,6102.1,8812.01,0,0,1840.27,10640.81,225.66,0,13836.05,1736.29,5247.65,87676.1,0,17974.16,0,0,106645.25,0,0,0,3257.81,3424.92,0,33237.08,30413.66,94.17,2048.08,24659.69,0,0,0,0
2009-01-14 06:00:00,0,3004.62,0,388.91,15937.04,6570.35,9401.91,0,0,1952.07,11348.09,245.91,0,14429.19,1888.41,5371.07,89151.3,0,18950.03,0,0,110553.84,0,0,0,3489.55,3654.09,0,34316.38,31353.12,95.58,2209.62,24892.1,0,0,0,0
2009-01-14 07:00:00,0,3038.17,0,417.93,16579.91,7189.69,9942.97,0,0,2077.33,12081.96,267.64,0,14968.51,2049.45,5493.06,90350.38,0,19795.23,0,0,114066.98,0,0,0,3679.53,3853.25,0,35261.25,32441.49,97.24,2410.14,25011.34,0,0,0,0
2009-01-14 08:00:00,0,3098.79,0,470.88,17696.6,7953.11,10505.08,0,0,2294.57,13697.53,293.16,0,16693.78,2276.03,5612.36,91490.27,0,22030.39,0,0,121052.54,0,0,0,3918.44,4042.37,0,36530.45,33578.81,98.56,2711.81,25091.16,0,0,0,0
2009-01-14 09:00:00,0,3208.04,0,306.52,17667.8,8171.56,10480.54,0,0,2290.42,14314.41,216.12,0,17327.13,2347.97,5716.45,94949.43,0,22651.94,0,0,123216.51,0,0,0,3870.04,3943.88,0,37962.38,35168.26,100.4,2823.06,25425.38,0,0,0,0
2009-01-14 10:00:00,0,3203.94,0,472.57,16788.41,7664.76,10010.71,0,0,2172.56,13944.17,212.83,0,17511.96,2275.37,5565.42,95697.05,0,22703.37,0,0,120550.91,0,0,0,3693.32,3706.06,0,35630.72,35216.81,100.22,2723.49,23748.99,0,0,0,0
2009-01-14 11:00:00,0,3140.69,0,432.99,15713.7,7198.47,9473.9,0,0,2090.56,13628.85,286.41,0,17686.32,2166.49,5446.27,94181.96,0,22736.97,0,0,117506.76,0,0,0,3514.44,3503.46,0,33734.49,35019.01,98.35,2526.16,22206.16,0,0,0,0
2009-01-14 12:00:00,0,3078.08,0,399.55,14813.82,6805.07,8966.32,0,0,2009.65,13405.47,268.02,0,17825.78,2037.9,5237.98,92741.49,0,22760.21,0,0,114584.28,0,0,0,3357.44,3324.63,0,32307.86,34851.5,94.68,2416.66,20992.74,0,0,0,0
2009-01-14 13:00:00,0,3031.65,0,374.06,14108.64,6485.63,8555.1,0,0,1934.97,13155.39,254.14,0,17869.83,1921.08,5005.32,91455.53,0,22740.77,0,0,112149.73,0,0,0,3216.36,3136.8,0,30790.52,34607.12,91.65,2332.35,19916.8,0,0,0,0
2009-01-14 14:00:00,0,2997.57,0,356.68,13656.24,6177.71,8244.7,0,0,1872.81,12853.28,235.99,0,18001.05,1809.04,4856.6,90538.28,0,22730.6,0,0,111086.83,0,0,0,3073.12,2994.35,0,29477.01,34194.12,90.47,2264.79,19327.4,0,0,0,0
2009-01-14 15:00:00,0,2993.74,0,347.47,13205.75,5822.77,7966.98,0,0,1792.88,12458.12,223.42,0,18318.61,1693.06,4736.68,89830.3,0,22836.93,0,0,109480.18,0,0,0,2936.69,2885.84,0,28469.65,33704.3,90.79,2174.72,18913.73,0,0,0,0
2009-01-14 16:00:00,0,3031.03,0,338.0,12917.25,5664.92,7865.49,0,0,1739.0,12122.35,218.67,0,19110.77,1623.42,4591.98,89101.49,0,23097.71,0,0,108647.96,0,0,0,2857.03,2787.73,0,27564.42,33287.13,90.07,2118.22,18683.93,0,0,0,0
2009-01-14 17:00:00,0,3145.7,0,332.0,13258.05,5558.85,8310.3,0,0,1744.57,12191.25,216.82,0,20245.31,1561.73,4598.56,89384.76,0,23732.59,0,0,110940.29,0,0,0,2869.44,2858.12,0,27080.15,33135.06,89.85,2103.32,18724.46,0,0,0,0
2009-01-14 18:00:00,0,3259.23,0,338.34,13943.37,5906.67,8733.18,0,0,1899.34,12195.77,227.4,0,20868.25,1699.84,4732.89,90406.51,0,24245.48,0,0,113255.54,0,0,0,2974.75,2956.67,0,28055.33,33441.13,90.75,2288.78,19659.44,0,0,0,0
2009-01-14 19:00:00,0,3737.29,0,384.28,14951.49,7072.67,9672.53,0,0,2291.4,14399.01,264.75,0,21063.0,1968.97,5021.56,96825.03,0,24014.67,0,0,120443.31,0,0,0,3318.38,3450.37,0,30048.01,36385.53,93.05,2790.05,21431.1,0,0,0,0
2009-01-14 20:00:00,0,3918.15,0,386.93,15178.1,7367.83,9409.04,0,0,2254.97,13882.91,266.3,0,20199.71,1941.92,5075.6,98234.92,0,23453.78,0,0,118254.0,0,0,0,3335.15,3481.93,0,31058.58,37582.19,93.49,2718.85,22205.94,0,0,0,0
2009-01-14 21:00:00,0,4037.72,0,386.17,14964.13,7403.9,9077.67,0,0,2204.16,13375.71,268.38,0,19220.57,1926.17,5139.55,97991.17,0,22690.27,0,0,115368.17,0,0,0,3295.5,3413.81,0,30949.31,37965.17,94.39,2675.34,22481.27,0,0,0,0
2009-01-14 22:00:00,0,4018.75,0,375.67,14342.46,7268.2,8698.9,0,0,2140.85,12725.02,258.44,0,18190.25,1896.73,5177.87,96868.53,0,21687.75,0,0,112737.64,0,0,0,3169.91,3316.1,0,30083.34,37357.02,95.12,2623.63,22296.78,0,0,0,0
2009-01-14 23:00:00,0,3991.51,0,357.21,13668.28,7106.73,8259.48,0,0,2085.44,12067.55,248.09,0,17245.24,1855.22,5156.42,95556.13,0,20695.21,0,0,109891.35,0,0,0,3043.73,3195.8,0,29086.07,36575.98,96.27,2566.64,21929.54,0,0,0,0
2009-01-15 00:00:00,0,3984.26,0,339.86,13020.44,6897.74,7842.04,0,0,2037.6,11418.47,240.8,0,16397.81,1811.55,5089.64,94066.41,0,19747.03,0,0,107096.0,0,0,0,2916.86,3080.51,0,28170.89,35806.63,97.21,2495.04,21563.3,0,0,0,0
2009-01-15 01:00:00,0,4003.99,0,322.93,12551.51,6577.85,7477.91,0,0,1936.35,10706.46,235.83,0,15754.56,1774.92,5021.13,92873.43,0,18791.84,0,0,104979.08,0,0,0,2807.46,2978.41,0,27433.38,35167.45,97.5,2437.9,21173.52,0,0,0,0
2009-01-15 02:00:00,0,4078.56,0,313.38,12484.56,6584.2,7313.92,0,0,1910.65,10375.38,232.7,0,15580.11,1763.81,4970.64,92402.81,0,18156.01,0,0,103834.48,0,0,0,2751.9,2983.84,0,27139.22,34830.15,98.35,2440.96,21089.94,0,0,0,0
2009-01-15 03:00:00,0,4201.18,0,318.47,12757.48,6877.62,7475.23,0,0,1980.43,10799.93,238.99,0,15690.27,1794.19,5009.8,93066.28,0,17840.59,0,0,103958.33,0,0,0,2859.38,3086.9,0,27591.02,34770.99,100.38,2524.44,21600.86,0,0,0,0
2009-01-15 04:00:00,0,4320.21,0,333.62,13356.52,7332.32,7874.45,0,0,2077.64,11443.65,248.92,0,15922.69,1885.65,5197.33,94270.69,0,18014.95,0,0,106426.61,0,0,0,3003.43,3210.7,0,28222.76,35264.81,103.43,2667.23,22446.44,0,0,0,0
2009-01-15 05:00:00,0,4434.02,0,352.03,13887.86,7842.42,8288.57,0,0,2162.75,12011.58,259.76,0,16278.23,1971.07,5398.22,96367.1,0,18410.93,0,0,109259.67,0,0,0,3132.81,3320.47,0,28925.99,36036.51,106.62,2841.7,23318.05,0,0,0,0
2009-01-15 06:00:00,0,4527.99,0,370.94,14505.2,6570.35,8699.48,0,0,2233.96,12617.01,270.16,0,16641.83,2054.25,5611.47,98396.72,0,19098.21,0,0,112757.71,0,0,0,3261.99,3429.73,0,29981.17,36950.09,109.58,2987.18,24171.45,0,0,0,0
2009-01-15 07:00:00,0,4634.67,0,384.7,15095.21,7189.69,9111.87,0,0,2328.63,13255.4,282.92,0,16991.79,2127.63,5813.34,100084.75,0,19887.13,0,0,116025.29,0,0,0,3418.53,3565.84,0,31051.9,37872.69,112.79,3101.48,24990.6,0,0,0,0
2009-01-15 08:00:00,0,4736.89,0,416.84,16038.22,8939.02,9410.89,0,0,2445.62,14201.28,299.59,0,17934.81,2209.71,5992.62,101395.19,0,21565.71,0,0,121861.07,0,0,0,3574.03,3635.21,0,32406.68,38845.22,114.32,3173.98,25689.88,0,0,0,0
2009-01-15 09:00:00,0,4878.15,0,415.12,16121.14,8469.61,9136.9,0,0,2332.08,13918.77,301.59,0,18485.8,2149.15,6319.85,105327.86,0,22585.73,0,0,124866.0,0,0,0,3437.17,3448.72,0,34418.02,40324.86,117.13,3018.73,27691.39,0,0,0,0
2009-01-15 10:00:00,0,4929.27,0,354.04,16004.71,7376.01,9021.36,0,0,2171.59,13208.53,263.18,0,18367.45,1866.9,6336.33,106960.87,0,22553.89,0,0,122102.64,0,0,0,3171.76,3214.1,0,33810.31,41399.08,121.17,2726.47,28110.36,0,0,0,0
2009-01-15 11:00:00,0,4853.7,0,343.31,15494.73,6910.25,8674.18,0,0,2135.81,13029.77,234.01,0,18190.13,1700.81,6244.7,105864.66,0,22447.44,0,0,118832.65,0,0,0,3019.28,3047.45,0,33068.12,41199.57,122.58,2604.7,27774.53,0,0,0,0
2009-01-15 12:00:00,0,4711.07,0,328.41,14954.22,6542.96,8309.0,0,0,2100.04,12922.17,221.07,0,18010.01,1626.09,6141.35,104495.2,0,22399.47,0,0,116131.84,0,0,0,2925.61,2895.08,0,31925.52,40545.42,119.75,2489.17,27245.04,0,0,0,0
2009-01-15 13:00:00,0,4544.45,0,319.6,14506.09,6221.93,8048.93,0,0,2038.33,12785.25,214.43,0,17924.36,1584.06,6060.7,102973.04,0,22424.58,0,0,114431.76,0,0,0,2850.32,2780.18,0,30987.42,39834.96,117.96,2379.44,26608.32,0,0,0,0
2009-01-15 14:00:00,0,4389.7,0,310.48,14234.32,5851.57,7909.46,0,0,1961.76,12483.38,208.99,0,17985.2,1515.51,6001.38,101566.09,0,22401.31,0,0,113708.29,0,0,0,2772.86,2695.24,0,30355.77,39287.96,116.06,2271.57,25899.18,0,0,0,0
2009-01-15 15:00:00,0,4270.22,0,304.62,14123.18,5552.97,7906.88,0,0,1911.76,12215.28,203.99,0,18011.21,1472.99,5940.62,99992.14,0,22529.86,0,0,114027.72,0,0,0,2727.03,2644.42,0,29925.79,38764.11,114.76,2149.93,25260.84,0,0,0,0
2009-01-15 16:00:00,0,4160.76,0,303.63,14183.12,5484.13,8058.06,0,0,1898.42,12155.53,200.24,0,18604.17,1420.96,5937.01,98388.3,0,22872.19,0,0,115365.7,0,0,0,2729.57,2685.38,0,29863.81,38250.61,113.12,2093.31,25211.42,0,0,0,0
2009-01-15 17:00:00,0,4112.81,0,306.5,14565.09,5468.4,8563.08,0,0,1928.64,12299.48,201.24,0,19548.91,1431.84,5966.66,98273.75,0,23622.93,0,0,119444.33,0,0,0,2777.81,2822.82,0,30437.93,37774.17,110.44,2095.08,25328.96,0,0,0,0
2009-01-15 18:00:00,0,4128.78,0,311.38,15255.62,5889.0,9206.33,0,0,2051.73,12287.2,208.45,0,20080.12,1525.65,6021.18,98804.52,0,24287.37,0,0,124209.38,0,0,0,2972.56,3026.02,0,31376.75,37440.29,107.44,2324.2,25554.98,0,0,0,0
2009-01-15 19:00:00,0,4506.12,0,364.95,17046.28,7195.07,10360.24,0,0,2320.25,13841.7,245.09,0,20776.55,1810.94,6476.6,105613.7,0,24604.84,0,0,130876.75,0,0,0,3310.81,3545.59,0,34372.74,39692.46,111.85,2866.14,27649.45,0,0,0,0
2009-01-15 20:00:00,0,4611.81,0,364.09,17392.36,7438.65,10259.85,0,0,2255.45,13292.28,247.68,0,20009.04,1792.31,6449.25,106067.89,0,24094.32,0,0,129147.9,0,0,0,3433.95,3627.47,0,35659.43,40637.99,110.68,2772.17,28431.91,0,0,0,0
2009-01-15 21:00:00,0,4659.96,0,362.8,17178.4,7491.09,10141.92,0,0,2184.09,12753.54,248.71,0,19270.63,1752.68,6393.22,104931.24,0,23517.93,0,0,127285.94,0,0,0,3467.56,3617.46,0,35765.72,40789.74,110.05,2676.61,28960.63,0,0,0,0
2009-01-15 22:00:00,0,4595.0,0,350.25,16781.69,7306.73,10022.21,0,0,2114.7,12130.48,240.42,0,18583.1,1724.11,6339.06,103301.29,0,22744.72,0,0,125438.45,0,0,0,3423.28,3590.14,0,35425.45,39980.72,110.12,2579.86,28788.29,0,0,0,0
2009-01-15 23:00:00,0,4546.7,0,341.55,16366.63,7079.69,9887.58,0,0,2030.12,11409.5,232.24,0,17902.98,1713.49,6303.15,101690.29,0,21858.96,0,0,123398.32,0,0,0,3369.36,3548.66,0,35006.21,38888.15,108.95,2483.81,28457.62,0,0,0,0
2009-01-16 00:00:00,0,4497.68,0,335.46,16039.56,6782.39,9778.74,0,0,1948.45,10743.43,226.39,0,17244.07,1727.51,6251.06,99765.49,0,21055.94,0,0,121603.18,0,0,0,3327.95,3532.38,0,34574.96,37851.5,108.35,2378.0,28184.65,0,0,0,0
2009-01-16 01:00:00,0,4460.69,0,334.74,16080.17,6387.33,9700.31,0,0,1862.18,10113.03,222.94,0,16652.47,1755.43,6200.6,98296.93,0,20169.84,0,0,119882.44,0,0,0,3306.37,3544.89,0,34163.41,36914.73,108.65,2245.16,28205.35,0,0,0,0
2009-01-16 02:00:00,0,4486.07,0,337.92,16241.11,6198.74,9789.57,0,0,1777.01,9713.26,221.5,0,16528.77,1787.47,6198.14,97396.45,0,19655.73,0,0,119058.35,0,0,0,3355.37,3646.41,0,34438.32,36196.64,109.74,2180.43,28687.31,0,0,0,0
2009-01-16 03:00:00,0,4510.28,0,354.95,16753.24,6359.85,9999.84,0,0,1797.4,9939.62,233.25,0,16683.12,1864.99,6309.16,97364.48,0,19472.95,0,0,119328.73,0,0,0,3476.61,3767.67,0,35252.07,35790.74,112.35,2207.7,29352.33,0,0,0,0
2009-01-16 04:00:00,0,4555.67,0,373.8,17516.27,6770.73,10359.41,0,0,1877.3,10435.11,252.85,0,16950.08,1976.79,6476.09,98086.86,0,19412.88,0,0,121943.32,0,0,0,3643.17,3899.54,0,36437.61,35902.02,114.53,2357.08,30146.7,0,0,0,0
2009-01-16 05:00:00,0,4589.18,0,394.72,18303.52,7267.64,10773.24,0,0,1960.35,10945.3,270.82,0,17301.1,2100.15,6652.65,99676.31,0,19964.64,0,0,124829.65,0,0,0,3804.54,4040.98,0,37695.55,36346.69,115.87,2516.52,23318.05,0,0,0,0
2009-01-16 06:00:00,0,4623.32,0,419.56,18994.24,7824.24,11230.5,0,0,2064.17,11492.32,288.83,0,17639.16,2205.85,6798.88,101193.02,0,20538.07,0,0,128516.97,0,0,0,3959.92,4195.51,0,39043.3,36897.98,116.26,2693.07,24171.45,0,0,0,0
2009-01-16 07:00:00,0,4619.01,0,440.11,19547.37,8449.33,11709.34,0,0,2171.27,12049.8,303.78,0,17959.23,2285.57,6954.75,102630.93,0,21185.33,0,0,131923.5,0,0,0,4093.52,4351.1,0,40405.18,37443.67,118.59,2894.66,24990.6,0,0,0,0
2009-01-16 08:00:00,0,4634.81,0,484.92,20870.89,9194.57,12173.57,0,0,2360.5,13320.16,324.36,0,19244.1,2445.25,7111.35,104008.75,0,23304.84,0,0,138798.03,0,0,0,4338.2,4564.7,0,42387.02,38028.16,118.31,3120.3,25689.88,0,0,0,0
2009-01-16 09:00:00,0,4659.78,0,509.87,20760.34,9465.59,12289.66,0,0,2430.17,14118.28,331.84,0,19061.65,2475.19,7153.62,108018.36,0,23395.71,0,0,139785.6,0,0,0,4441.52,4641.44,0,44639.65,39208.74,118.82,3249.79,27691.39,0,0,0,0
2009-01-16 10:00:00,0,4426.61,0,501.13,19843.69,8878.52,12022.55,0,0,2340.15,14074.27,321.74,0,18429.04,2377.0,6885.57,108669.97,0,23282.73,0,0,136706.26,0,0,0,4349.87,4472.93,0,43582.89,39480.55,118.35,3142.06,31910.71,0,0,0,0
2009-01-16 11:00:00,0,4090.63,0,488.56,18750.64,8092.22,11536.5,0,0,2233.31,13918.05,304.28,0,18003.56,2264.06,6625.49,106180.55,0,23148.16,0,0,132531.92,0,0,0,4213.94,4263.67,0,41852.69,38378.8,116.06,2944.02,30466.04,0,0,0,0
2009-01-16 12:00:00,0,3866.08,0,466.89,17870.84,7329.51,11094.0,0,0,2160.0,13764.03,281.54,0,17773.78,2183.55,6429.6,103444.07,0,23015.31,0,0,128333.04,0,0,0,4071.39,4057.2,0,40116.27,37443.74,113.04,2715.47,29635.25,0,0,0,0
2009-01-16 13:00:00,0,3697.17,0,438.17,17179.26,6715.13,10722.05,0,0,2098.84,13554.6,266.33,0,17669.23,2117.61,6251.38,100729.87,0,22891.4,0,0,124497.68,0,0,0,3930.44,3893.41,0,38444.82,36553.18,112.19,2495.91,28742.18,0,0,0,0
2009-01-16 14:00:00,0,3510.89,0,415.03,16746.9,6344.68,10500.7,0,0,2053.47,13310.84,254.52,0,17657.99,2052.51,6107.12,98238.11,0,22797.48,0,0,121559.31,0,0,0,3824.68,3785.71,0,37207.77,35460.57,109.57,2357.17,27693.22,0,0,0,0
2009-01-16 15:00:00,0,3325.48,0,392.75,16519.26,6065.89,10324.1,0,0,2012.69,13037.24,248.48,0,17848.13,1983.28,5991.37,96044.92,0,22804.32,0,0,119631.54,0,0,0,3756.64,3733.65,0,36078.97,34336.75,106.58,2248.59,26802.71,0,0,0,0
2009-01-16 16:00:00,0,3222.76,0,374.04,16269.55,6000.3,10316.29,0,0,1991.44,12717.15,245.84,0,18614.75,1901.22,5873.03,94173.63,0,23146.17,0,0,119656.78,0,0,0,3688.39,3747.97,0,35314.67,33347.27,104.7,2194.33,26253.3,0,0,0,0
2009-01-16 17:00:00,0,3151.11,0,373.57,16224.74,6003.66,10566.53,0,0,2013.65,12745.27,247.8,0,19951.79,1886.61,5782.66,93976.13,0,24196.99,0,0,122970.58,0,0,0,3712.29,3790.6,0,34782.65,32674.13,102.07,2208.83,25958.49,0,0,0,0
2009-01-16 18:00:00,0,3196.92,0,396.55,16700.7,6380.91,11143.64,0,0,2065.03,12723.39,265.39,0,20674.01,1957.2,5903.12,94534.36,0,24766.75,0,0,128817.51,0,0,0,3942.51,3977.05,0,35741.35,32621.67,100.91,2389.57,26784.67,0,0,0,0
2009-01-16 19:00:00,0,3330.64,0,441.69,17911.22,6887.16,11938.4,0,0,2268.45,15005.1,282.46,0,19540.04,2118.32,6101.87,93565.73,0,23580.01,0,0,129545.08,0,0,0,4234.36,4525.43,0,37929.39,32735.2,94.88,2769.22,26606.07,0,0,0,0
2009-01-16 20:00:00,0,3429.97,0,458.26,18090.51,7098.34,11795.34,0,0,2218.29,14432.99,286.31,0,18869.37,2108.89,6066.52,93861.78,0,23224.75,0,0,127925.45,0,0,0,4300.57,4545.06,0,39097.61,33219.66,94.18,2685.22,27145.94,0,0,0,0
2009-01-16 21:00:00,0,3514.66,0,460.77,17746.9,7233.28,11580.75,0,0,2171.59,13911.37,289.05,0,18236.18,2106.03,6018.15,93110.65,0,22876.97,0,0,126077.91,0,0,0,4334.27,4489.61,0,38958.84,33335.5,93.7,2620.42,27470.23,0,0,0,0
2009-01-16 22:00:00,0,3447.96,0,456.71,17440.85,7263.98,11521.57,0,0,2128.86,13397.62,284.62,0,17607.26,2092.69,5936.96,90923.14,0,22195.59,0,0,124257.24,0,0,0,4248.78,4442.98,0,38655.47,32849.45,92.68,2607.06,27123.76,0,0,0,0
2009-01-16 23:00:00,0,3339.31,0,445.67,17233.73,7303.8,11517.75,0,0,2087.44,12913.0,278.72,0,16941.95,2084.99,5829.67,88486.47,0,21504.45,0,0,122316.41,0,0,0,4159.0,4387.61,0,38096.73,32176.6,91.29,2622.04,26530.27,0,0,0,0
2009-01-17 00:00:00,0,3231.64,0,437.56,17101.0,7222.91,11510.67,0,0,2038.98,12396.87,275.18,0,16364.57,2098.26,5728.52,85842.39,0,20834.58,0,0,120216.82,0,0,0,4060.11,4373.42,0,37676.04,31429.78,89.83,2619.13,25981.71,0,0,0,0
2009-01-17 01:00:00,0,3141.82,0,428.67,17143.07,7103.82,11499.35,0,0,2006.28,12052.84,273.28,0,15889.78,2083.53,5647.28,83327.01,0,20151.21,0,0,118568.51,0,0,0,4018.88,4394.3,0,37288.07,30541.66,89.29,2598.21,25822.06,0,0,0,0
2009-01-17 02:00:00,0,3067.98,0,423.49,17300.79,7019.63,11606.14,0,0,1981.78,11777.12,270.81,0,15615.89,2048.4,5568.87,81322.8,0,19518.51,0,0,117136.93,0,0,0,4035.57,4447.51,0,36997.21,29823.94,88.88,2590.6,25876.6,0,0,0,0
2009-01-17 03:00:00,0,3045.42,0,424.59,17535.86,7111.33,11874.48,0,0,1973.58,11794.62,267.5,0,15643.83,2042.08,5530.36,79739.49,0,19269.09,0,0,116405.13,0,0,0,4076.3,4512.18,0,37293.86,29176.29,88.03,2603.69,25956.99,0,0,0,0
2009-01-17 04:00:00,0,3048.37,0,431.24,17915.06,7260.4,12195.21,0,0,2014.09,11871.66,270.61,0,15893.4,2068.17,5529.03,78770.38,0,19311.35,0,0,116739.49,0,0,0,4159.19,4612.05,0,37578.65,28909.04,87.34,2635.71,26088.35,0,0,0,0
2009-01-17 05:00:00,0,3070.36,0,435.89,18373.98,7473.41,12561.97,0,0,2074.99,12148.71,273.91,0,16315.52,2091.04,5563.22,78464.17,0,19407.44,0,0,117489.01,0,0,0,4244.46,4715.71,0,37957.99,28953.57,87.56,2698.54,26332.99,0,0,0,0
2009-01-17 06:00:00,0,3088.96,0,440.25,18813.3,7688.99,12952.13,0,0,2129.52,12524.0,276.22,0,16706.98,2115.76,5614.98,78570.7,0,19695.5,0,0,118485.12,0,0,0,4341.23,4812.96,0,38344.95,29078.7,88.21,2777.56,26492.67,0,0,0,0
2009-01-17 07:00:00,0,3111.81,0,447.59,19256.72,7919.48,13292.15,0,0,2183.29,12930.93,279.63,0,17095.82,2135.7,5660.15,78730.91,0,20056.17,0,0,119610.41,0,0,0,4437.43,4909.62,0,38731.53,29439.92,88.39,2861.13,26611.32,0,0,0,0
2009-01-17 08:00:00,0,3143.42,0,454.01,19609.25,8084.06,13410.73,0,0,2262.46,13514.73,283.22,0,17145.57,2168.6,5695.5,79016.78,0,20530.53,0,0,120686.42,0,0,0,4472.24,4978.76,0,39029.17,29836.92,87.87,2966.42,26780.26,0,0,0,0
2009-01-17 09:00:00,0,3209.35,0,440.83,19190.52,7809.01,12546.3,0,0,2207.52,13682.81,270.1,0,17178.85,2044.11,5615.94,79924.74,0,20715.23,0,0,119337.09,0,0,0,4206.85,4686.16,0,39605.25,30155.21,86.36,2958.76,26976.88,0,0,0,0
2009-01-17 10:00:00,0,3214.53,0,429.03,18009.07,7230.9,11475.83,0,0,2093.15,13503.2,253.56,0,16791.82,1908.01,5420.76,80046.87,0,20759.03,0,0,114240.56,0,0,0,3907.91,4249.3,0,37632.85,30346.79,83.59,2760.05,25324.58,0,0,0,0
2009-01-17 11:00:00,0,3038.31,0,417.16,16692.93,6813.94,10607.68,0,0,2034.98,13554.3,245.5,0,16472.66,1856.45,5157.37,79834.22,0,20559.45,0,0,110052.76,0,0,0,3602.94,3864.6,0,35801.23,30056.49,81.07,2608.14,23534.39,0,0,0,0
2009-01-17 12:00:00,0,2862.4,0,409.05,15628.28,6493.2,9991.73,0,0,1986.13,13567.28,239.19,0,16192.03,1820.68,4850.11,79132.84,0,20316.85,0,0,107156.15,0,0,0,3409.14,3594.52,0,34229.85,29673.36,78.72,2504.01,22090.41,0,0,0,0
2009-01-17 13:00:00,0,2726.89,0,396.11,14819.88,6162.07,9492.68,0,0,1937.71,13409.17,230.99,0,15928.23,1774.35,4663.93,78245.09,0,20182.89,0,0,104962.43,0,0,0,3284.16,3412.23,0,32724.77,29259.89,76.2,2398.24,21181.57,0,0,0,0
2009-01-17 14:00:00,0,2634.18,0,379.72,14201.24,5909.9,9138.86,0,0,1889.46,13110.78,222.9,0,15731.82,1721.95,4489.67,77383.27,0,20065.68,0,0,103109.74,0,0,0,3187.48,3298.1,0,31077.55,28834.38,73.66,2306.79,20649.9,0,0,0,0
2009-01-17 15:00:00,0,2568.02,0,368.18,13612.58,5692.39,8904.26,0,0,1830.65,12815.63,215.65,0,15798.88,1669.52,4319.2,76245.86,0,20328.07,0,0,102761.53,0,0,0,3086.43,3231.78,0,29559.76,28363.15,71.11,2206.28,20438.86,0,0,0,0
2009-01-17 16:00:00,0,2500.49,0,345.33,13087.53,5453.26,8737.52,0,0,1768.17,12564.86,211.33,0,16936.57,1603.23,4176.45,75276.41,0,20570.99,0,0,102774.33,0,0,0,3006.93,3197.93,0,28705.74,27874.42,69.01,2126.69,20284.11,0,0,0,0
2009-01-17 17:00:00,0,2456.57,0,332.59,13184.81,5318.74,8873.5,0,0,1734.13,12221.81,211.43,0,17933.35,1565.65,4127.83,74964.57,0,21233.87,0,0,104908.05,0,0,0,3061.5,3262.2,0,28429.04,27459.37,68.02,2091.01,20186.39,0,0,0,0
2009-01-17 18:00:00,0,2505.46,0,329.76,14067.25,5705.97,9406.84,0,0,1794.26,12453.27,216.2,0,18427.4,1701.07,4197.92,74925.53,0,21830.55,0,0,106778.95,0,0,0,3258.82,3420.4,0,28427.21,27170.4,69.68,2195.91,20009.72,0,0,0,0
2009-01-17 19:00:00,0,2710.51,0,384.46,15450.98,6734.15,10541.4,0,0,2236.32,14631.13,251.22,0,18603.52,1957.0,4759.86,82324.84,0,22572.95,0,0,116490.2,0,0,0,3691.19,3965.96,0,30098.01,29928.09,82.97,2645.83,22302.43,0,0,0,0
2009-01-17 20:00:00,0,2815.23,0,391.53,15715.12,7070.97,10423.8,0,0,2182.61,14181.03,257.92,0,17918.08,1956.75,4688.53,82030.83,0,22096.05,0,0,113258.83,0,0,0,3745.34,4006.78,0,30805.04,30443.74,82.24,2607.6,22417.9,0,0,0,0
2009-01-17 21:00:00,0,2917.12,0,395.31,15610.39,7150.54,10297.42,0,0,2123.41,13578.72,262.83,0,17176.49,1940.75,4619.0,81518.49,0,21517.6,0,0,110317.99,0,0,0,3761.49,3938.16,0,30629.64,30494.16,80.82,2551.31,22305.04,0,0,0,0
2009-01-17 22:00:00,0,2908.83,0,384.56,15011.11,6918.2,10055.22,0,0,2036.66,12842.75,256.13,0,16422.62,1940.01,4538.59,79389.28,0,20532.08,0,0,107160.95,0,0,0,3652.06,3842.05,0,29726.81,30193.04,80.08,2501.39,21307.36,0,0,0,0
2009-01-17 23:00:00,0,2819.03,0,378.11,14415.65,6814.74,9800.44,0,0,1974.59,12234.01,247.19,0,15650.38,1943.26,4429.43,77079.61,0,19621.8,0,0,103663.71,0,0,0,3493.94,3706.81,0,28636.89,29532.67,78.87,2477.66,20230.43,0,0,0,0
2009-01-18 00:00:00,0,2730.75,0,372.8,13935.06,6714.12,9523.17,0,0,1920.05,11680.0,239.59,0,14891.97,1930.56,4300.67,74779.84,0,18765.54,0,0,100490.26,0,0,0,3327.05,3560.73,0,27403.22,28802.6,77.59,2440.6,19279.61,0,0,0,0
2009-01-18 01:00:00,0,2657.78,0,360.8,13478.87,6664.72,9207.15,0,0,1880.42,11227.22,234.56,0,14274.4,1879.06,4167.75,72683.73,0,18014.66,0,0,97209.19,0,0,0,3176.57,3439.24,0,26265.92,28007.15,77.26,2419.07,18381.65,0,0,0,0
2009-01-18 02:00:00,0,2624.79,0,355.85,13172.68,6617.02,8983.96,0,0,1854.02,10825.13,230.45,0,13980.1,1851.49,4070.8,71015.07,0,17332.47,0,0,94753.69,0,0,0,3101.17,3376.79,0,25399.6,27401.24,76.97,2410.33,17758.04,0,0,0,0
2009-01-18 03:00:00,0,2619.45,0,357.06,12929.39,6713.28,8775.3,0,0,1853.79,10784.49,225.58,0,13924.08,1832.2,4003.01,69968.71,0,17231.02,0,0,93462.14,0,0,0,3074.5,3337.82,0,24892.07,26928.26,76.48,2414.18,17483.37,0,0,0,0
2009-01-18 04:00:00,0,2650.82,0,342.04,12719.13,6869.56,8644.25,0,0,1897.37,10851.01,228.26,0,13945.04,1834.84,4018.68,69396.08,0,16632.53,0,0,93058.26,0,0,0,3045.87,3263.22,0,24604.58,26868.31,76.78,2451.38,17457.88,0,0,0,0
2009-01-18 05:00:00,0,2709.63,0,320.62,12722.31,7011.09,8451.91,0,0,1946.43,11087.9,230.81,0,14015.8,1849.48,4112.55,69967.37,0,16617.35,0,0,94322.38,0,0,0,3008.97,3212.24,0,24598.84,27196.5,77.73,2494.56,17764.33,0,0,0,0
2009-01-18 06:00:00,0,2762.81,0,312.95,12840.6,7131.44,8390.75,0,0,1989.9,11481.79,235.28,0,14085.48,1883.5,4275.13,71043.05,0,16857.65,0,0,95865.57,0,0,0,3027.97,3204.05,0,24612.94,27687.5,78.61,2540.47,18200.78,0,0,0,0
2009-01-18 07:00:00,0,2800.34,0,327.19,13017.6,7256.2,8418.14,0,0,2026.24,11859.37,241.95,0,14099.65,1908.92,4431.18,72099.2,0,17142.63,0,0,97132.07,0,0,0,3038.84,3222.64,0,24676.9,28193.48,79.92,2583.04,18635.11,0,0,0,0
2009-01-18 08:00:00,0,2834.34,0,333.23,13288.44,7270.99,8395.05,0,0,2094.11,12294.6,249.56,0,14298.68,1934.27,4575.36,73072.61,0,17722.73,0,0,98385.43,0,0,0,3081.37,3252.95,0,25086.34,28704.19,81.14,2620.33,19109.23,0,0,0,0
2009-01-18 09:00:00,0,2915.24,0,312.02,13211.27,6862.23,8295.24,0,0,1967.8,12261.87,241.85,0,14502.52,1839.41,4717.82,75177.63,0,18026.36,0,0,101059.32,0,0,0,3093.35,3288.57,0,25942.68,29269.35,81.46,2564.39,20005.08,0,0,0,0
2009-01-18 10:00:00,0,2962.98,0,275.86,12978.6,6086.94,8234.15,0,0,1798.92,12070.16,223.06,0,14645.36,1647.06,4831.89,76707.22,0,18198.17,0,0,100933.17,0,0,0,3061.33,3287.34,0,26029.6,29454.43,80.67,2296.71,19807.69,0,0,0,0
2009-01-18 11:00:00,0,2876.81,0,258.05,12628.91,5621.62,8040.36,0,0,1733.18,12144.4,203.34,0,14634.6,1510.64,4849.82,77209.62,0,18379.15,0,0,99955.23,0,0,0,2967.4,3165.14,0,25692.59,29277.81,78.74,2196.21,19375.55,0,0,0,0
2009-01-18 12:00:00,0,2799.02,0,257.89,12165.47,5385.16,7699.39,0,0,1694.36,12365.8,195.04,0,14548.77,1417.97,4798.67,76369.29,0,18504.07,0,0,98231.45,0,0,0,2908.86,3085.41,0,25257.43,29086.0,76.39,2174.97,18979.7,0,0,0,0
2009-01-18 13:00:00,0,2726.76,0,261.32,11638.45,5120.08,7469.2,0,0,1661.64,12460.09,188.84,0,14491.53,1351.34,4680.73,75392.53,0,18626.45,0,0,96481.91,0,0,0,2836.95,2995.36,0,24990.06,28642.43,73.77,2156.26,18294.97,0,0,0,0
2009-01-18 14:00:00,0,2663.78,0,265.53,11224.8,4994.67,7315.41,0,0,1630.8,12495.35,184.08,0,14454.22,1291.2,4455.7,74768.5,0,18698.49,0,0,94865.77,0,0,0,2793.87,2942.26,0,24686.27,28152.84,71.41,2113.57,17472.53,0,0,0,0
2009-01-18 15:00:00,0,2599.07,0,271.47,10880.06,4908.07,7152.55,0,0,1618.04,12411.08,182.68,0,14487.86,1244.95,4366.54,74301.08,0,18835.63,0,0,93653.18,0,0,0,2730.08,2882.6,0,24358.93,27630.8,69.25,2068.49,16883.27,0,0,0,0
2009-01-18 16:00:00,0,2538.63,0,264.73,10679.54,4959.2,7124.0,0,0,1606.04,12322.13,185.36,0,14813.8,1242.17,4346.54,73831.87,0,18991.07,0,0,93185.99,0,0,0,2671.05,2832.34,0,24086.2,27071.93,67.64,2070.14,16692.87,0,0,0,0
2009-01-18 17:00:00,0,2488.11,0,262.38,11039.06,4880.65,7238.09,0,0,1596.74,12145.16,186.59,0,15290.15,1233.1,4394.23,73763.11,0,19406.2,0,0,95133.74,0,0,0,2706.94,2830.81,0,23778.25,26652.11,66.42,2092.03,16735.78,0,0,0,0
2009-01-18 18:00:00,0,2517.12,0,261.84,11652.94,4805.22,7505.95,0,0,1643.45,11960.06,185.6,0,15634.64,1238.12,4515.8,74942.02,0,19826.15,0,0,98127.21,0,0,0,2793.22,2904.69,0,24190.69,26544.0,68.45,2045.53,17642.33,0,0,0,0
2009-01-18 19:00:00,0,2807.93,0,264.7,13568.16,5809.25,8297.43,0,0,2094.97,12763.16,215.15,0,16325.62,1528.95,4519.11,80948.45,0,20815.76,0,0,104053.74,0,0,0,2933.45,3322.17,0,23849.43,29942.72,78.48,2414.17,19216.82,0,0,0,0
2009-01-18 20:00:00,0,2889.94,0,269.95,13823.11,5794.22,8232.64,0,0,2028.43,12158.66,210.39,0,15659.19,1471.02,4395.82,81423.36,0,20403.02,0,0,102705.38,0,0,0,2904.51,3254.9,0,24355.03,30929.19,78.93,2275.96,19817.7,0,0,0,0
2009-01-18 21:00:00,0,2953.04,0,261.55,13870.6,5695.39,8179.87,0,0,1966.27,11710.59,206.47,0,15021.52,1415.16,4345.76,80956.09,0,19971.17,0,0,100379.95,0,0,0,2918.91,3206.66,0,24683.95,31798.96,78.79,2149.41,20075.1,0,0,0,0
2009-01-18 22:00:00,0,2904.54,0,256.3,13517.8,5347.13,8156.34,0,0,1892.13,11145.61,187.0,0,14367.94,1348.68,4281.51,80475.62,0,19132.94,0,0,97949.19,0,0,0,2880.02,3184.17,0,23914.94,31448.72,78.04,2024.71,19796.61,0,0,0,0
2009-01-18 23:00:00,0,2812.53,0,236.22,13164.47,4966.27,8118.2,0,0,1816.93,10510.43,171.76,0,13715.34,1264.03,4208.3,79127.46,0,18301.49,0,0,95915.25,0,0,0,2846.54,3218.12,0,23228.18,30861.39,77.37,1906.97,19302.19,0,0,0,0
2009-01-19 00:00:00,0,2743.51,0,226.36,12885.76,4577.19,8030.69,0,0,1746.8,9827.56,155.68,0,13037.23,1193.23,4195.27,77711.64,0,17530.85,0,0,94110.28,0,0,0,2853.44,3224.37,0,22706.82,30259.02,77.09,1776.89,18842.87,0,0,0,0
2009-01-19 01:00:00,0,2690.21,0,215.48,12605.04,4167.73,7973.57,0,0,1677.9,9072.29,142.76,0,12532.91,1125.1,4159.2,76320.55,0,16623.81,0,0,92539.61,0,0,0,2838.32,3188.13,0,22508.45,29588.49,77.66,1649.35,18627.17,0,0,0,0
2009-01-19 02:00:00,0,2644.25,0,207.25,12337.35,3872.07,8017.3,0,0,1608.32,8467.82,135.84,0,12343.06,1051.75,4125.34,75306.53,0,16153.38,0,0,91775.96,0,0,0,2871.75,3138.05,0,22418.34,28873.26,77.61,1562.27,18397.85,0,0,0,0
2009-01-19 03:00:00,0,2629.77,0,210.58,12535.07,3766.93,8201.49,0,0,1577.55,8096.17,133.04,0,12425.15,1019.54,4125.33,75288.01,0,15809.19,0,0,91404.56,0,0,0,2939.92,3206.46,0,23150.78,28540.26,77.54,1498.11,18355.63,0,0,0,0
2009-01-19 04:00:00,0,2681.63,0,219.53,12814.41,3642.82,8474.69,0,0,1597.72,8177.25,135.84,0,12723.12,1033.48,4214.94,76355.69,0,15977.69,0,0,92458.53,0,0,0,3015.55,3271.92,0,24690.66,28660.93,79.09,1462.28,18580.34,0,0,0,0
2009-01-19 05:00:00,0,2769.05,0,229.7,13340.07,3691.18,8785.15,0,0,1627.37,8498.0,140.44,0,13034.49,1073.96,4322.9,78093.95,0,16355.04,0,0,94481.87,0,0,0,3073.48,3296.85,0,25943.94,28849.65,81.43,1503.01,18921.8,0,0,0,0
2009-01-19 06:00:00,0,2858.92,0,237.28,13849.06,3855.6,9106.35,0,0,1661.78,8877.0,146.7,0,13327.82,1184.16,4479.4,80296.17,0,16783.68,0,0,97920.48,0,0,0,3101.83,3300.1,0,26851.38,29426.08,82.85,1563.99,19140.48,0,0,0,0
2009-01-19 07:00:00,0,2928.51,0,247.8,14364.47,4050.58,9423.89,0,0,1705.95,9188.48,156.12,0,13815.12,1326.6,4641.85,82183.25,0,17242.79,0,0,100798.44,0,0,0,3124.93,3274.66,0,27749.13,30130.18,84.21,1668.44,19384.52,0,0,0,0
2009-01-19 08:00:00,0,2998.19,0,266.32,15052.74,4495.18,9773.74,0,0,1788.29,10283.39,169.37,0,15119.47,1557.54,4834.23,83636.36,0,18125.82,0,0,105750.57,0,0,0,3259.56,3317.06,0,29227.56,30737.5,85.98,1838.41,19975.77,0,0,0,0
2009-01-19 09:00:00,0,3138.94,0,283.83,14918.05,5076.82,9716.66,0,0,1822.92,11238.23,185.56,0,15743.14,1707.05,4999.66,87252.21,0,19130.38,0,0,105992.38,0,0,0,3401.36,3493.39,0,30205.61,31826.43,88.1,2002.48,21160.75,0,0,0,0
2009-01-19 10:00:00,0,3259.24,0,302.7,13976.51,5354.71,9003.85,0,0,1875.07,12008.36,192.03,0,15834.22,1641.14,4968.77,87885.19,0,19659.3,0,0,101357.57,0,0,0,3313.38,3410.36,0,27731.39,33085.99,90.55,2109.27,21594.52,0,0,0,0
2009-01-19 11:00:00,0,3241.26,0,303.77,12890.76,5565.72,7900.34,0,0,1900.4,12259.76,191.88,0,15888.66,1672.76,4890.53,86276.55,0,20003.43,0,0,98242.34,0,0,0,3110.64,3113.33,0,25683.75,33259.07,91.45,2155.67,21555.12,0,0,0,0
2009-01-19 12:00:00,0,3146.53,0,286.1,12329.67,5570.44,7077.71,0,0,1895.86,12457.17,186.49,0,15858.66,1587.5,4787.14,84686.01,0,19725.72,0,0,97005.32,0,0,0,2969.73,2926.38,0,24627.64,32755.38,90.93,2189.43,21311.45,0,0,0,0
2009-01-19 13:00:00,0,3053.78,0,280.24,12327.09,5481.03,6532.76,0,0,1893.35,12559.55,183.85,0,15872.23,1449.4,4688.71,83593.49,0,19795.79,0,0,96312.23,0,0,0,2882.25,2838.4,0,24189.4,32041.21,88.92,2208.78,20989.21,0,0,0,0
2009-01-19 14:00:00,0,2962.44,0,277.82,12459.19,5421.1,6238.79,0,0,1852.03,12553.89,181.85,0,15897.16,1384.73,4640.36,82696.18,0,19922.88,0,0,95642.36,0,0,0,2833.13,2803.81,0,24008.05,31620.08,87.45,2212.99,20966.72,0,0,0,0
2009-01-19 15:00:00,0,2873.78,0,273.49,12205.95,5409.73,6268.1,0,0,1832.31,12486.6,180.29,0,15779.94,1377.24,4599.23,81755.57,0,19980.46,0,0,95089.48,0,0,0,2799.93,2794.29,0,24014.47,31564.0,85.68,2219.58,21119.01,0,0,0,0
2009-01-19 16:00:00,0,2803.24,0,269.1,12429.49,5461.37,6461.09,0,0,1808.11,12500.04,179.54,0,15963.74,1320.98,4578.0,80905.49,0,20140.47,0,0,95910.69,0,0,0,2739.14,2731.93,0,23992.06,31373.26,82.94,2193.46,21040.27,0,0,0,0
2009-01-19 17:00:00,0,2740.16,0,259.13,13193.07,5368.06,7012.95,0,0,1857.36,12615.94,178.73,0,16548.51,1259.26,4579.51,80907.08,0,21180.36,0,0,100444.29,0,0,0,2753.42,2675.56,0,23462.83,30969.32,79.72,2133.15,21209.92,0,0,0,0
2009-01-19 18:00:00,0,2716.78,0,249.88,14063.63,5174.13,7645.7,0,0,1873.57,12627.38,182.36,0,16984.07,1271.15,4675.62,81345.77,0,21902.67,0,0,105755.75,0,0,0,2819.96,2711.64,0,23677.22,30039.42,78.09,2095.03,21247.92,0,0,0,0
2009-01-19 19:00:00,0,3175.77,0,335.9,14656.04,6157.05,8775.6,0,0,2169.9,14274.76,238.77,0,18003.25,1651.21,5459.96,89572.77,0,22838.82,0,0,116872.75,0,0,0,2959.79,3008.43,0,28738.61,32374.27,96.35,2559.38,22652.69,0,0,0,0
2009-01-19 20:00:00,0,3272.64,0,331.25,14903.89,6186.33,8550.51,0,0,2075.96,13523.18,235.51,0,17315.42,1590.08,5430.64,89718.88,0,22240.95,0,0,114844.36,0,0,0,2997.69,3026.75,0,30112.63,33167.29,96.09,2404.04,23494.21,0,0,0,0
2009-01-19 21:00:00,0,3318.34,0,313.79,14837.84,6033.85,8362.65,0,0,1994.38,12859.36,230.04,0,16637.49,1521.97,5338.19,88762.52,0,21480.19,0,0,112709.71,0,0,0,2988.38,2994.42,0,30286.81,33961.5,95.92,2264.31,23877.41,0,0,0,0
2009-01-19 22:00:00,0,3210.08,0,294.43,14462.74,5616.08,8233.12,0,0,1905.9,12094.12,218.92,0,15900.49,1466.34,5211.27,86700.06,0,20581.16,0,0,110441.44,0,0,0,2827.23,2896.33,0,29658.68,33130.14,94.36,2124.89,23406.55,0,0,0,0
2009-01-19 23:00:00,0,3075.73,0,283.41,14047.19,5200.21,8120.85,0,0,1806.12,11236.76,201.88,0,15085.56,1397.79,5096.12,84812.27,0,19668.21,0,0,107980.39,0,0,0,2705.81,2797.38,0,28989.69,32077.48,91.32,1992.56,22901.79,0,0,0,0
2009-01-20 00:00:00,0,2943.78,0,277.46,13621.12,4757.41,8034.28,0,0,1705.6,10411.86,183.87,0,14247.77,1309.95,4995.11,82841.45,0,18792.48,0,0,105355.52,0,0,0,2601.03,2729.89,0,28346.35,31001.14,87.57,1861.9,22416.43,0,0,0,0
2009-01-20 01:00:00,0,2849.82,0,273.01,13181.63,4320.22,7926.81,0,0,1600.97,9605.27,162.61,0,13705.76,1244.17,4921.62,80913.81,0,18010.21,0,0,103011.35,0,0,0,2554.11,2734.25,0,27799.98,29913.08,85.76,1752.86,21888.53,0,0,0,0
2009-01-20 02:00:00,0,2805.64,0,275.9,13151.97,3958.9,8067.88,0,0,1488.75,8889.7,150.31,0,13620.56,1189.54,4866.18,79495.54,0,17434.46,0,0,101196.87,0,0,0,2603.24,2836.96,0,27764.55,28845.91,85.74,1674.66,21810.08,0,0,0,0
2009-01-20 03:00:00,0,2854.65,0,283.71,13499.58,3956.25,8390.29,0,0,1440.46,8858.57,155.66,0,13940.26,1211.81,4871.05,79478.43,0,17205.71,0,0,101570.48,0,0,0,2726.9,2980.06,0,28459.17,28344.27,87.28,1604.63,22039.48,0,0,0,0
2009-01-20 04:00:00,0,2938.82,0,303.14,13997.77,4192.11,8810.98,0,0,1476.02,9173.72,173.64,0,14407.65,1370.27,5000.3,81403.51,0,17547.47,0,0,103740.07,0,0,0,2918.1,3142.52,0,29473.97,28495.44,90.34,1614.68,22513.6,0,0,0,0
2009-01-20 05:00:00,0,3031.62,0,330.22,14666.46,4600.18,9192.53,0,0,1565.86,9599.88,198.79,0,14854.62,1540.66,5162.96,83797.32,0,18140.05,0,0,106531.69,0,0,0,3141.81,3327.19,0,30505.65,29291.45,92.89,1804.02,22979.5,0,0,0,0
2009-01-20 06:00:00,0,3123.2,0,358.76,15393.11,5440.63,9586.49,0,0,1694.95,10017.74,221.5,0,15351.39,1717.59,5353.06,86209.89,0,18855.89,0,0,109547.83,0,0,0,3338.28,3485.34,0,31437.52,30230.63,95.08,2040.72,23481.54,0,0,0,0
2009-01-20 07:00:00,0,3200.91,0,379.95,16057.35,6341.15,9950.7,0,0,1842.46,10564.4,243.94,0,15784.9,1880.92,5555.35,88422.83,0,19575.46,0,0,112884.14,0,0,0,3508.09,3645.68,0,32397.98,31108.65,97.24,2247.75,24103.14,0,0,0,0
2009-01-20 08:00:00,0,3276.98,0,417.51,16962.61,7325.37,10320.01,0,0,2079.27,12034.81,267.75,0,17018.82,2088.23,5750.36,90313.74,0,21591.94,0,0,118851.56,0,0,0,3651.2,3774.21,0,33546.48,32091.84,99.19,2513.17,24677.33,0,0,0,0
2009-01-20 09:00:00,0,3421.65,0,443.01,17244.17,8068.95,10441.74,0,0,2283.28,13006.56,278.69,0,17091.16,2181.99,6044.01,95213.18,0,21931.27,0,0,119969.73,0,0,0,3821.23,3930.72,0,35042.66,33650.41,102.15,2710.19,26104.79,0,0,0,0
2009-01-20 10:00:00,0,3442.08,0,438.09,16901.51,8000.57,10419.41,0,0,2330.78,13709.6,276.51,0,16849.58,2142.57,5963.26,94730.36,0,21657.47,0,0,115764.73,0,0,0,3779.1,3982.19,0,34264.69,34326.96,102.51,2684.83,25606.91,0,0,0,0
2009-01-20 11:00:00,0,3407.45,0,427.95,16135.37,7742.63,10333.18,0,0,2325.98,14246.09,273.5,0,16662.96,2088.29,5779.13,92871.4,0,21391.08,0,0,111491.02,0,0,0,3654.37,3835.73,0,33777.87,34500.79,101.67,2659.33,24863.86,0,0,0,0
2009-01-20 12:00:00,0,3326.87,0,414.73,15422.03,7450.18,10185.11,0,0,2281.06,14272.62,263.83,0,16596.37,2006.95,5590.15,90894.92,0,21225.02,0,0,108250.51,0,0,0,3543.75,3659.7,0,33182.86,34285.03,100.13,2622.34,24047.93,0,0,0,0
2009-01-20 13:00:00,0,3203.32,0,402.92,14930.82,7133.78,9915.88,0,0,2210.51,14095.26,251.67,0,16561.27,1913.16,5449.48,89217.02,0,21139.58,0,0,106238.68,0,0,0,3459.17,3508.75,0,32369.36,33726.57,98.68,2595.93,23205.64,0,0,0,0
2009-01-20 14:00:00,0,3084.25,0,388.38,14510.3,6830.64,9553.82,0,0,2141.65,13783.75,241.24,0,16524.09,1839.65,5341.24,87785.18,0,21153.04,0,0,104716.24,0,0,0,3397.51,3436.13,0,31533.74,33069.39,97.19,2568.83,22432.0,0,0,0,0
2009-01-20 15:00:00,0,2966.08,0,372.79,14144.02,6608.69,9176.52,0,0,2060.16,13414.63,232.46,0,16547.99,1772.24,5260.07,86535.71,0,21278.9,0,0,104081.81,0,0,0,3274.81,3315.5,0,30874.54,32536.06,95.96,2536.58,22048.87,0,0,0,0
2009-01-20 16:00:00,0,2881.69,0,362.23,14096.86,6486.47,8960.21,0,0,1994.17,12995.94,230.12,0,16778.14,1734.09,5208.02,85667.48,0,21500.4,0,0,104538.56,0,0,0,3181.67,3247.53,0,30758.09,31959.07,94.77,2489.64,21922.28,0,0,0,0
2009-01-20 17:00:00,0,2840.04,0,363.8,14577.16,6443.3,9120.1,0,0,2028.42,12933.37,232.68,0,17410.58,1716.88,5191.07,86221.49,0,22151.38,0,0,107907.28,0,0,0,3199.14,3267.88,0,30859.42,31479.51,93.1,2443.18,21895.86,0,0,0,0
2009-01-20 18:00:00,0,2930.63,0,363.24,15482.14,6488.23,9841.75,0,0,2102.86,12895.66,247.17,0,17762.88,1739.47,5346.43,87888.31,0,22658.13,0,0,113431.96,0,0,0,3387.52,3408.04,0,31402.09,31251.93,92.04,2380.11,22767.39,0,0,0,0
2009-01-20 19:00:00,0,3361.33,0,434.21,17139.08,7867.46,10703.57,0,0,2539.36,14600.87,299.12,0,18802.21,2128.88,5703.45,91730.68,0,23349.87,0,0,121677.56,0,0,0,3661.5,3910.4,0,34814.3,32750.47,98.57,2927.61,24608.79,0,0,0,0
2009-01-20 20:00:00,0,3488.21,0,443.2,17475.97,8091.24,10504.26,0,0,2517.42,14297.56,306.89,0,17983.64,2112.22,5645.69,92607.23,0,22878.0,0,0,119721.01,0,0,0,3700.52,3894.85,0,35718.94,33662.06,98.1,2836.63,25314.88,0,0,0,0
2009-01-20 21:00:00,0,3573.76,0,439.76,17257.86,8261.65,10330.13,0,0,2532.64,14028.27,310.96,0,17169.68,2102.48,5593.47,92101.27,0,22206.25,0,0,117582.62,0,0,0,3712.74,3863.26,0,35382.97,34417.96,97.22,2765.39,25802.51,0,0,0,0
2009-01-20 22:00:00,0,3469.24,0,425.39,16822.28,8311.76,10195.81,0,0,2562.14,13878.74,304.52,0,16308.3,2106.19,5535.42,90116.61,0,21268.54,0,0,115263.32,0,0,0,3649.77,3810.7,0,34708.68,33794.52,95.89,2740.7,25578.77,0,0,0,0
2009-01-20 23:00:00,0,3336.82,0,414.38,16283.29,8332.02,10055.71,0,0,2582.18,13897.45,300.26,0,15464.83,2119.75,5458.23,87933.29,0,20340.52,0,0,112727.73,0,0,0,3579.63,3776.3,0,33967.23,32782.07,94.59,2736.56,24949.23,0,0,0,0
2009-01-21 00:00:00,0,3209.8,0,405.13,15761.69,8360.78,9922.26,0,0,2580.35,13803.63,293.3,0,14661.16,2118.28,5359.41,85631.44,0,19497.84,0,0,110079.54,0,0,0,3546.0,3776.93,0,33299.63,31667.94,93.3,2775.35,24348.4,0,0,0,0
2009-01-21 01:00:00,0,3111.72,0,396.38,15522.28,8486.55,9845.46,0,0,2596.6,13711.45,285.45,0,14127.48,2104.14,5258.72,83313.04,0,18655.29,0,0,107609.24,0,0,0,3532.82,3824.45,0,32679.63,30622.57,92.1,2847.39,23978.65,0,0,0,0
2009-01-21 02:00:00,0,3053.11,0,392.74,15440.97,8817.26,9989.64,0,0,2693.12,13999.77,280.33,0,14108.3,2092.31,5190.62,81488.0,0,17946.21,0,0,105887.45,0,0,0,3584.38,3922.76,0,32612.85,29785.93,91.73,2927.0,24164.53,0,0,0,0
2009-01-21 03:00:00,0,3074.59,0,399.97,15678.39,9281.57,10249.69,0,0,2840.67,14663.08,284.63,0,14358.7,2108.23,5206.82,80961.6,0,17698.57,0,0,106050.44,0,0,0,3692.94,4051.19,0,33480.67,29396.26,92.31,3042.38,24526.81,0,0,0,0
2009-01-21 04:00:00,0,3108.71,0,415.01,16197.16,9740.63,10683.3,0,0,1476.02,15481.61,297.97,0,14838.64,2199.85,5301.97,82253.01,0,17829.41,0,0,108139.8,0,0,0,3818.13,4168.38,0,34445.71,29652.05,93.87,3206.39,25085.26,0,0,0,0
2009-01-21 05:00:00,0,3147.62,0,430.26,16762.72,10264.74,11113.71,0,0,1565.86,16297.0,312.06,0,15358.47,2297.31,5431.58,83875.5,0,18428.53,0,0,110907.62,0,0,0,3936.7,4275.99,0,35588.33,30401.28,96.09,3387.14,25661.83,0,0,0,0
2009-01-21 06:00:00,0,3203.29,0,447.01,17349.43,10817.15,11524.82,0,0,1694.95,17128.05,320.68,0,15860.4,2386.75,5598.78,85478.04,0,19127.76,0,0,114251.87,0,0,0,4049.62,4380.88,0,36687.04,31256.92,98.09,3581.88,26192.22,0,0,0,0
2009-01-21 07:00:00,0,3261.33,0,464.75,17919.84,11209.77,11846.93,0,0,1842.46,10564.4,325.85,0,16291.19,2463.06,5765.01,87077.49,0,19870.28,0,0,117725.36,0,0,0,4166.64,4489.91,0,37809.89,32101.98,99.85,3701.84,26671.51,0,0,0,0
2009-01-21 08:00:00,0,3305.65,0,505.67,19011.88,7325.37,12076.63,0,0,2079.27,12034.81,337.12,0,17819.31,2641.38,5956.21,88583.47,0,22161.3,0,0,124217.75,0,0,0,4381.49,4611.82,0,39569.49,32941.89,101.59,3764.33,27334.67,0,0,0,0
2009-01-21 09:00:00,0,3390.9,0,503.85,18499.35,10896.96,11540.05,0,0,2283.28,13006.56,340.99,0,17762.77,2671.38,6065.62,92730.68,0,22449.3,0,0,123212.65,0,0,0,4262.52,4386.26,0,40840.03,34467.88,102.46,3679.63,28016.65,0,0,0,0
2009-01-21 10:00:00,0,3246.17,0,495.92,17510.93,10344.14,10789.65,0,0,2330.78,13709.6,338.87,0,17366.74,2645.97,5753.97,91758.1,0,22405.73,0,0,117752.91,0,0,0,4061.71,4107.82,0,39437.24,34245.07,101.09,3533.41,26364.47,0,0,0,0
2009-01-21 11:00:00,0,3048.99,0,476.48,16434.08,9761.59,10175.4,0,0,2325.98,14246.09,327.19,0,17073.0,2563.18,5467.71,88696.5,0,22240.13,0,0,111841.55,0,0,0,3872.71,3864.71,0,37951.24,33167.81,97.56,3391.83,25174.15,0,0,0,0
2009-01-21 12:00:00,0,2876.36,0,450.34,15446.75,9146.84,9591.68,0,0,2281.06,14272.62,314.88,0,16819.24,2433.46,5263.35,86269.74,0,22048.19,0,0,107343.49,0,0,0,3679.47,3613.78,0,36369.35,32182.31,94.05,3241.5,24207.37,0,0,0,0
2009-01-21 13:00:00,0,2725.55,0,427.15,14673.89,8587.96,9104.72,0,0,2847.67,17986.27,300.3,0,16632.39,2284.9,5097.62,84288.47,0,21907.2,0,0,104366.45,0,0,0,3504.55,3406.56,0,34741.88,31375.71,91.17,3104.37,23193.95,0,0,0,0
2009-01-21 14:00:00,0,2585.26,0,406.57,14150.43,8072.9,8660.98,0,0,2680.39,17154.37,284.19,0,16587.54,2133.09,4971.56,82399.46,0,21760.63,0,0,102130.14,0,0,0,3370.77,3252.37,0,33164.47,30642.41,88.85,2983.9,22226.34,0,0,0,0
2009-01-21 15:00:00,0,2469.86,0,387.6,13847.99,7708.62,8362.14,0,0,2523.56,16333.43,272.53,0,16729.48,2015.97,4867.09,80831.22,0,21866.29,0,0,100492.15,0,0,0,3265.87,3159.56,0,32062.95,29983.92,87.01,2893.16,21551.73,0,0,0,0
2009-01-21 16:00:00,0,2380.44,0,368.28,13636.02,7485.87,8299.0,0,0,2393.17,15503.85,268.88,0,17250.92,1925.46,4812.77,79915.81,0,21887.67,0,0,100142.9,0,0,0,3170.79,3141.83,0,31322.11,29269.67,85.51,2816.77,21280.57,0,0,0,0
2009-01-21 17:00:00,0,2362.13,0,362.85,14011.77,7282.24,8879.53,0,0,2310.79,14882.15,272.14,0,18481.63,1890.3,4809.81,79779.29,0,22483.06,0,0,103784.48,0,0,0,3242.1,3271.36,0,30733.28,28645.43,83.64,2781.23,21258.12,0,0,0,0
2009-01-21 18:00:00,0,2520.0,0,385.52,14893.58,8232.8,9562.62,0,0,2631.57,16229.96,287.43,0,18931.65,2153.96,4973.54,81374.06,0,23113.24,0,0,108118.92,0,0,0,3420.35,3407.84,0,31929.0,28668.94,84.01,3037.34,22336.98,0,0,0,0
2009-01-21 19:00:00,0,2835.94,0,433.11,16283.6,10023.34,10655.32,0,0,2539.36,14600.87,327.57,0,19730.98,2416.99,5313.19,85547.19,0,23712.72,0,0,116482.99,0,0,0,3751.32,3979.8,0,34004.59,30334.07,90.32,3450.7,23349.14,0,0,0,0
2009-01-21 20:00:00,0,2964.77,0,438.29,16550.64,10539.6,10517.82,0,0,2517.42,14297.56,334.86,0,18866.26,2413.06,5222.22,85785.14,0,23156.62,0,0,114033.71,0,0,0,3821.21,4032.5,0,35275.45,31407.56,89.89,3485.19,24045.7,0,0,0,0
2009-01-21 21:00:00,0,3061.71,0,437.08,16381.78,10561.43,10320.99,0,0,2532.64,14028.27,338.15,0,17912.89,2399.44,5119.23,85121.71,0,22413.66,0,0,110989.62,0,0,0,3788.02,3966.16,0,35320.68,32417.12,89.34,3467.26,24283.82,0,0,0,0
2009-01-21 22:00:00,0,3009.11,0,430.38,15815.08,10398.21,10107.94,0,0,2562.14,13878.74,328.84,0,16914.56,2369.91,5008.39,82673.65,0,21388.35,0,0,108094.8,0,0,0,3690.91,3886.99,0,34612.05,32028.53,88.21,3414.9,23846.9,0,0,0,0
2009-01-21 23:00:00,0,2894.98,0,424.91,15214.08,10212.11,9898.33,0,0,2582.18,17738.78,320.0,0,15912.92,2331.14,4899.45,79946.09,0,20449.72,0,0,104881.02,0,0,0,3596.96,3806.17,0,33660.6,31116.69,86.78,3366.77,23159.39,0,0,0,0
2009-01-22 00:00:00,0,2774.87,0,413.08,14733.9,10014.3,9695.63,0,0,2580.35,17304.41,307.97,0,14895.57,2298.54,4766.57,77238.94,0,19505.63,0,0,101477.92,0,0,0,3509.24,3743.37,0,32710.14,30097.82,85.26,3327.13,22484.39,0,0,0,0
2009-01-22 01:00:00,0,2673.47,0,396.72,14394.96,9962.17,9571.62,0,0,2596.6,17261.71,298.77,0,14125.04,2280.92,4630.72,74586.8,0,18501.22,0,0,98281.77,0,0,0,3440.37,3739.55,0,31786.93,29020.0,84.02,3308.7,21761.5,0,0,0,0
2009-01-22 02:00:00,0,2635.73,0,396.07,14366.42,10106.48,9635.87,0,0,3184.38,17590.56,298.63,0,13873.87,2285.89,4501.69,72224.83,0,17563.03,0,0,95287.73,0,0,0,3428.42,3777.63,0,31551.67,28111.52,83.02,3338.19,21529.1,0,0,0,0
2009-01-22 03:00:00,0,2675.36,0,410.52,14640.72,10409.18,9836.53,0,0,3258.89,14663.08,302.9,0,14038.95,2333.83,4428.48,71381.85,0,17125.22,0,0,94727.28,0,0,0,3497.42,3840.11,0,31994.84,27863.3,83.59,3448.58,21494.39,0,0,0,0
2009-01-22 04:00:00,0,2743.75,0,430.92,15174.96,10735.48,10149.22,0,0,3324.68,18524.49,309.7,0,14396.7,2402.37,4510.53,72952.17,0,17185.99,0,0,96242.81,0,0,0,3588.8,3897.53,0,32778.12,28204.87,85.84,3561.35,21786.48,0,0,0,0
2009-01-22 05:00:00,0,2808.21,0,435.87,15765.14,11085.95,10506.5,0,0,3401.02,18923.91,317.41,0,14735.52,2459.69,4647.26,74930.96,0,17728.59,0,0,98836.38,0,0,0,3691.32,3965.57,0,33658.51,29027.12,88.37,3679.82,22108.94,0,0,0,0
2009-01-22 06:00:00,0,2885.21,0,445.92,16334.78,11413.6,10851.23,0,0,1694.95,19333.59,321.9,0,15074.38,2534.72,4802.14,77028.43,0,18391.75,0,0,101851.17,0,0,0,3792.58,4040.06,0,34559.66,29932.52,90.79,3790.09,22455.1,0,0,0,0
2009-01-22 07:00:00,0,2959.52,0,458.65,16885.07,11646.82,11120.47,0,0,1842.46,19708.83,328.19,0,15453.68,2623.69,4955.75,78966.07,0,19072.61,0,0,105005.38,0,0,0,3898.27,4129.18,0,35393.91,30840.48,92.96,3873.21,22765.87,0,0,0,0
2009-01-22 08:00:00,0,3030.61,0,478.87,17824.92,11442.75,11342.62,0,0,2079.27,19828.95,337.43,0,16863.71,2658.2,5115.23,80688.0,0,21133.58,0,0,110572.51,0,0,0,4012.13,4188.56,0,36453.48,31768.96,95.03,3866.74,23162.18,0,0,0,0
2009-01-22 09:00:00,0,3116.18,0,464.22,17565.56,10194.22,10698.77,0,0,3093.97,18307.17,322.17,0,17002.28,2487.16,5223.39,84563.97,0,21516.55,0,0,109941.37,0,0,0,3795.36,3899.41,0,37283.87,33117.56,96.46,3529.47,23674.59,0,0,0,0
2009-01-22 10:00:00,0,2950.54,0,411.82,16163.32,8368.28,9445.12,0,0,2646.24,16536.01,293.72,0,16609.28,2198.34,5014.83,84774.26,0,21422.82,0,0,104838.66,0,0,0,3473.8,3521.75,0,34246.65,32869.55,94.52,2971.74,22167.56,0,0,0,0
2009-01-22 11:00:00,0,2681.87,0,375.21,14779.93,7681.57,8549.85,0,0,2479.54,15848.16,276.51,0,16286.23,2080.62,4819.27,82678.18,0,21232.65,0,0,99802.39,0,0,0,3211.19,3216.73,0,31291.89,31858.3,88.96,2742.03,20677.38,0,0,0,0
2009-01-22 12:00:00,0,2454.58,0,357.58,13780.35,7326.39,7950.75,0,0,2367.73,15419.61,265.62,0,16025.38,1989.35,4646.01,80618.36,0,21020.1,0,0,96146.48,0,0,0,3023.25,2971.1,0,29153.3,30859.73,84.03,2614.86,19401.15,0,0,0,0
2009-01-22 13:00:00,0,2272.31,0,338.49,13075.37,7031.82,7505.25,0,0,2263.68,14812.01,255.11,0,15845.33,1882.33,4498.16,78852.81,0,20890.94,0,0,93420.33,0,0,0,2861.55,2767.31,0,27655.33,29981.26,79.84,2510.69,18447.94,0,0,0,0
2009-01-22 14:00:00,0,2133.52,0,322.01,12606.74,6717.3,7147.01,0,0,2175.13,14096.27,246.05,0,15879.18,1778.08,4375.18,77380.02,0,20827.25,0,0,91415.63,0,0,0,2747.48,2627.76,0,26593.92,29310.93,76.24,2423.67,17876.54,0,0,0,0
2009-01-22 15:00:00,0,2038.8,0,306.27,12278.31,6419.92,6931.61,0,0,2069.21,13603.99,236.5,0,15944.1,1672.91,4277.29,76412.82,0,20771.18,0,0,89922.72,0,0,0,2691.69,2545.41,0,25793.61,28642.01,73.49,2346.44,17649.87,0,0,0,0
2009-01-22 16:00:00,0,1959.06,0,303.87,12094.76,6150.22,6987.18,0,0,1934.65,13093.25,230.4,0,16220.59,1580.59,4198.57,75762.45,0,20772.01,0,0,89484.12,0,0,0,2664.39,2548.37,0,25144.33,28064.21,71.49,2258.29,17548.44,0,0,0,0
2009-01-22 17:00:00,0,1992.61,0,308.08,12482.98,6027.22,7550.92,0,0,1871.95,12729.94,227.1,0,16694.63,1588.83,4216.41,75530.24,0,21138.71,0,0,92666.22,0,0,0,2745.29,2704.85,0,25246.59,27470.7,71.75,2221.39,17668.37,0,0,0,0
2009-01-22 18:00:00,0,2132.37,0,314.85,13454.92,7035.48,8139.23,0,0,2211.2,13610.33,234.3,0,16812.79,1750.35,4367.65,76510.68,0,21776.97,0,0,97541.14,0,0,0,2908.19,2881.19,0,26598.13,27364.23,72.62,2688.94,18413.78,0,0,0,0
2009-01-22 19:00:00,0,2405.75,0,362.72,14368.97,8700.75,9052.07,0,0,2741.78,16143.84,269.86,0,18166.13,2064.35,4660.88,80708.95,0,22310.82,0,0,105517.1,0,0,0,3251.54,3375.63,0,28538.22,29149.91,79.37,3236.94,19699.26,0,0,0,0
2009-01-22 20:00:00,0,2525.13,0,359.28,14685.93,9314.29,8909.19,0,0,2781.05,16283.42,275.99,0,17327.01,2091.54,4582.46,80974.45,0,21755.99,0,0,103569.46,0,0,0,3313.45,3437.38,0,29567.27,30118.36,79.99,3291.39,20440.36,0,0,0,0
2009-01-22 21:00:00,0,2631.88,0,348.8,14630.65,9493.3,8759.68,0,0,2784.09,16179.62,282.51,0,16482.23,2077.48,4489.57,80625.08,0,21074.34,0,0,101177.91,0,0,0,3324.68,3426.88,0,29663.63,31012.74,79.94,3343.22,20769.92,0,0,0,0
2009-01-22 22:00:00,0,2613.78,0,327.52,14072.52,9436.62,8549.02,0,0,2749.08,15707.77,272.48,0,15644.46,2029.45,4365.61,78694.38,0,20070.08,0,0,98532.63,0,0,0,3234.33,3380.43,0,28836.86,30715.78,79.06,3331.99,20285.11,0,0,0,0
2009-01-22 23:00:00,0,2505.46,0,304.55,13494.33,9264.91,8309.58,0,0,2707.27,15170.52,259.84,0,14812.16,1990.21,4223.53,76264.17,0,19015.07,0,0,95693.91,0,0,0,3131.92,3318.35,0,27740.83,29727.09,77.65,3296.39,19498.18,0,0,0,0
2009-01-23 00:00:00,0,2399.65,0,284.72,12970.41,9067.22,8087.09,0,0,2664.65,14599.92,249.87,0,13999.5,1966.23,4083.42,73574.59,0,17931.32,0,0,92688.68,0,0,0,3042.16,3254.89,0,26716.0,28681.79,76.37,3253.23,18687.53,0,0,0,0
2009-01-23 01:00:00,0,2284.1,0,268.89,12601.86,8956.56,7877.86,0,0,2631.0,14171.45,241.71,0,13416.7,1961.81,3955.14,70814.17,0,17006.7,0,0,89721.21,0,0,0,2963.98,3201.54,0,25653.33,27548.92,75.38,3232.95,17882.21,0,0,0,0
2009-01-23 02:00:00,0,2243.94,0,258.87,12451.86,9089.15,7860.23,0,0,2664.92,14298.8,238.54,0,13271.51,1962.88,3824.56,68362.01,0,16319.71,0,0,86824.67,0,0,0,2892.79,3194.73,0,25347.48,26502.69,74.94,3246.17,17143.36,0,0,0,0
2009-01-23 03:00:00,0,2289.53,0,267.94,12657.27,9343.92,8102.7,0,0,2737.61,14730.84,243.0,0,13541.94,1989.16,3733.64,67247.3,0,16050.68,0,0,85819.27,0,0,0,2933.61,3234.86,0,25970.84,26063.19,75.53,3310.08,16940.03,0,0,0,0
2009-01-23 04:00:00,0,2372.56,0,282.14,13246.45,9639.09,8477.28,0,0,2819.76,15234.83,252.78,0,13991.59,2036.37,3819.5,68230.27,0,16350.88,0,0,87393.59,0,0,0,3042.52,3310.78,0,26805.82,26337.83,77.65,3384.86,17077.53,0,0,0,0
2009-01-23 05:00:00,0,2453.08,0,294.32,13857.73,9975.56,8862.57,0,0,2909.09,15778.47,261.98,0,14428.17,2103.22,3967.71,69756.62,0,16979.49,0,0,89745.1,0,0,0,3170.0,3406.51,0,27553.52,27182.6,79.25,3477.52,17434.28,0,0,0,0
2009-01-23 06:00:00,0,2518.55,0,302.47,14456.77,10272.88,9223.46,0,0,2976.74,16267.56,273.04,0,14787.78,2156.73,4110.79,71302.64,0,17622.4,0,0,92470.97,0,0,0,3276.17,3472.92,0,28322.41,28137.26,80.58,3585.63,17787.7,0,0,0,0
2009-01-23 07:00:00,0,2592.64,0,313.89,15044.34,10556.76,9571.02,0,0,3030.93,16727.52,282.6,0,15174.45,2207.8,4260.49,73031.69,0,18267.38,0,0,94895.83,0,0,0,3364.27,3519.07,0,29003.31,29067.39,82.23,3674.29,18299.28,0,0,0,0
2009-01-23 08:00:00,0,2677.76,0,333.64,15976.2,10153.13,9736.2,0,0,2967.92,17054.41,291.16,0,16315.01,2250.85,4413.6,74961.82,0,20044.64,0,0,99414.69,0,0,0,3476.35,3509.97,0,29551.91,30030.65,83.83,3576.61,18812.46,0,0,0,0
2009-01-23 09:00:00,0,2816.47,0,355.57,15387.5,8971.23,9061.79,0,0,2638.99,15460.39,281.96,0,16351.68,2115.64,4515.15,79544.9,0,20600.37,0,0,99350.66,0,0,0,3249.83,3236.02,0,30353.68,31440.57,85.39,3227.99,19751.82,0,0,0,0
2009-01-23 10:00:00,0,2795.75,0,313.02,14064.48,6935.71,8176.47,0,0,2176.95,13420.91,242.56,0,15943.41,1825.5,4419.67,81158.47,0,20210.56,0,0,96321.5,0,0,0,3006.97,2980.32,0,28487.61,32479.07,86.32,2540.52,18773.35,0,0,0,0
2009-01-23 11:00:00,0,2716.08,0,294.29,13004.45,6151.42,7508.48,0,0,1987.18,13047.17,221.16,0,15638.87,1636.29,4322.15,80824.91,0,19899.49,0,0,93867.76,0,0,0,2879.68,2841.88,0,26715.3,32644.1,84.47,2247.22,17707.93,0,0,0,0
2009-01-23 12:00:00,0,2694.12,0,289.23,12219.02,5861.05,6912.35,0,0,1885.22,13016.7,205.53,0,15508.37,1509.94,4218.09,80223.62,0,19646.62,0,0,91545.49,0,0,0,2779.2,2732.06,0,25018.82,32595.78,82.84,2147.16,17068.36,0,0,0,0
2009-01-23 13:00:00,0,2696.84,0,285.74,11606.31,5644.57,6514.98,0,0,1810.16,12917.64,197.63,0,15430.9,1432.49,4151.95,79728.14,0,19484.07,0,0,89489.35,0,0,0,2670.72,2602.52,0,23779.48,32503.28,81.13,2096.85,16643.73,0,0,0,0
2009-01-23 14:00:00,0,2702.81,0,285.23,11196.06,5365.97,6336.52,0,0,1737.46,12697.21,193.82,0,15233.46,1377.34,4094.62,79353.24,0,19375.86,0,0,87813.21,0,0,0,2572.99,2473.1,0,23141.29,32371.35,81.58,2053.59,16365.68,0,0,0,0
2009-01-23 15:00:00,0,2742.33,0,285.48,10902.68,5177.92,6175.64,0,0,1683.1,12392.04,191.09,0,15122.48,1338.54,4089.38,79057.02,0,19315.32,0,0,87349.43,0,0,0,2501.34,2372.86,0,22919.27,32261.02,81.08,1989.49,16205.42,0,0,0,0
2009-01-23 16:00:00,0,2792.28,0,285.02,10810.8,5068.56,6158.2,0,0,1655.76,12095.14,191.97,0,15456.56,1309.48,4109.18,78624.98,0,19498.44,0,0,88365.02,0,0,0,2451.68,2324.98,0,22754.93,32020.84,80.39,1958.13,16230.77,0,0,0,0
2009-01-23 17:00:00,0,2882.05,0,285.43,10938.37,5162.88,6455.63,0,0,1700.33,12200.33,193.58,0,16104.33,1316.79,4106.49,78431.99,0,20220.89,0,0,92029.7,0,0,0,2475.35,2370.04,0,22725.8,31973.52,80.25,1986.72,16501.46,0,0,0,0
2009-01-23 18:00:00,0,2924.06,0,283.49,11356.05,5774.16,6888.81,0,0,1889.84,12125.47,197.88,0,16416.09,1378.72,4228.2,78641.43,0,20774.28,0,0,94837.41,0,0,0,2556.73,2454.64,0,23337.49,32077.45,79.85,2283.9,17041.43,0,0,0,0
2009-01-23 19:00:00,0,3168.15,0,301.18,11706.94,6833.06,7373.85,0,0,2252.16,14418.74,224.7,0,16088.29,1580.64,4217.05,81153.14,0,19779.57,0,0,98031.76,0,0,0,2757.54,2744.86,0,24158.25,31812.63,81.56,2934.29,16881.88,0,0,0,0
2009-01-23 20:00:00,0,3361.48,0,299.91,11839.99,7364.76,7227.12,0,0,2218.52,14031.16,232.47,0,15329.79,1584.35,4185.45,81967.13,0,19398.39,0,0,96750.88,0,0,0,2775.34,2778.78,0,24911.11,32758.22,83.85,2955.44,17294.53,0,0,0,0
2009-01-23 21:00:00,0,3539.14,0,294.28,11725.93,7554.54,7018.17,0,0,2169.77,13510.98,237.31,0,14496.17,1582.39,4167.16,82005.97,0,18967.46,0,0,95528.37,0,0,0,2790.25,2733.31,0,25012.28,33196.99,84.99,2928.64,17853.77,0,0,0,0
2009-01-23 22:00:00,0,3556.55,0,276.49,11176.58,7460.65,6777.87,0,0,2106.82,12893.88,231.7,0,13731.25,1583.45,4102.71,80626.17,0,18150.86,0,0,93734.31,0,0,0,2655.89,2650.37,0,24088.88,32950.16,84.62,2874.37,17169.26,0,0,0,0
2009-01-23 23:00:00,0,3517.35,0,258.73,10639.47,7415.39,6517.74,0,0,2063.9,12210.32,222.82,0,13014.8,1580.41,4036.63,79322.09,0,17340.36,0,0,91335.71,0,0,0,2528.37,2575.68,0,23098.35,32670.42,85.8,2818.63,16811.69,0,0,0,0
2009-01-24 00:00:00,0,3469.64,0,242.86,10215.44,7292.97,6267.27,0,0,2018.88,11573.02,214.87,0,12339.77,1587.09,3956.73,78143.09,0,16482.91,0,0,88875.82,0,0,0,2430.36,2504.1,0,22035.47,32401.27,86.42,2775.24,16284.31,0,0,0,0
2009-01-24 01:00:00,0,3449.17,0,229.18,9934.4,7199.26,6105.32,0,0,2000.82,11073.24,210.52,0,11879.09,1586.93,3890.15,76822.48,0,15346.28,0,0,86244.7,0,0,0,2329.08,2418.98,0,21175.69,32053.68,86.81,2734.71,15682.61,0,0,0,0
2009-01-24 02:00:00,0,3439.5,0,219.22,9816.05,7143.53,5978.32,0,0,1967.96,10690.82,210.85,0,11727.33,1593.59,3898.92,76271.07,0,14650.03,0,0,84678.47,0,0,0,2257.42,2343.11,0,20599.91,31879.16,87.19,2700.8,15407.01,0,0,0,0
2009-01-24 03:00:00,0,3462.36,0,213.72,9859.08,7182.68,5862.19,0,0,1944.74,10740.28,209.27,0,11657.51,1584.94,3904.27,75872.54,0,14449.67,0,0,84554.29,0,0,0,2220.47,2318.97,0,20164.94,31705.23,87.07,2670.0,15415.48,0,0,0,0
2009-01-24 04:00:00,0,3541.39,0,214.53,9876.2,7270.49,5932.58,0,0,1973.52,10852.85,212.88,0,11710.81,1601.62,3965.47,76208.63,0,14022.4,0,0,85745.18,0,0,0,2231.76,2332.27,0,20155.83,31914.31,87.86,2649.38,15400.0,0,0,0,0
2009-01-24 05:00:00,0,3629.98,0,219.05,10147.0,7429.64,6198.13,0,0,2029.43,11196.96,216.56,0,11976.81,1637.04,4182.42,78549.8,0,14529.34,0,0,88367.85,0,0,0,2281.21,2354.94,0,20450.48,32586.45,89.88,2662.35,15981.41,0,0,0,0
2009-01-24 06:00:00,0,3723.65,0,224.06,10500.95,7559.03,6486.51,0,0,2081.22,11633.72,220.1,0,12393.89,1663.08,4411.77,81255.69,0,15191.49,0,0,91447.84,0,0,0,2327.51,2375.38,0,20804.27,33351.78,92.14,2688.4,16925.47,0,0,0,0
2009-01-24 07:00:00,0,3816.86,0,222.78,10799.91,7675.63,6784.34,0,0,2132.28,12005.57,222.72,0,12811.63,1667.41,4628.73,84110.4,0,15839.14,0,0,94393.34,0,0,0,2366.64,2388.0,0,21136.56,34107.51,93.97,2723.99,17958.97,0,0,0,0
2009-01-24 08:00:00,0,3903.49,0,224.84,11127.66,7430.46,6966.77,0,0,2149.54,12208.42,224.06,0,13541.76,1659.67,4870.08,86266.57,0,16849.53,0,0,98709.77,0,0,0,2392.04,2415.95,0,21813.97,34791.15,95.9,2705.02,19106.53,0,0,0,0
2009-01-24 09:00:00,0,4083.43,0,232.86,11162.96,6777.54,6932.99,0,0,1956.1,11827.75,216.4,0,14287.48,1557.05,5061.69,89585.61,0,17896.55,0,0,102943.82,0,0,0,2406.53,2432.76,0,23004.31,35697.23,98.03,2586.75,20515.05,0,0,0,0
2009-01-24 10:00:00,0,4149.54,0,238.8,11034.44,5729.58,6779.84,0,0,1712.98,11540.12,193.18,0,14531.62,1420.97,5191.02,91575.24,0,18894.93,0,0,104342.38,0,0,0,2406.08,2403.0,0,23394.93,36407.91,100.27,2226.53,21176.53,0,0,0,0
2009-01-24 11:00:00,0,4076.62,0,239.01,10910.66,5223.18,6632.96,0,0,1632.71,11792.3,187.16,0,14906.69,1350.17,5177.32,90629.33,0,19556.99,0,0,103144.88,0,0,0,2412.02,2377.93,0,23666.4,36588.09,100.7,2094.81,21107.5,0,0,0,0
2009-01-24 12:00:00,0,3954.74,0,250.34,10778.14,5109.72,6514.36,0,0,1627.87,12328.18,185.54,0,15154.9,1308.26,5023.87,89462.62,0,19868.52,0,0,101977.86,0,0,0,2426.79,2372.4,0,23965.85,36342.35,99.54,2103.43,20870.46,0,0,0,0
2009-01-24 13:00:00,0,3822.43,0,255.96,10633.85,4993.82,6439.11,0,0,1616.47,12564.53,184.78,0,15515.2,1291.06,4867.44,88097.81,0,19865.46,0,0,100290.67,0,0,0,2428.68,2344.11,0,23948.93,35828.0,97.63,2115.01,20543.61,0,0,0,0
2009-01-24 14:00:00,0,3685.11,0,261.11,10431.6,4907.12,6408.4,0,0,1597.88,12611.48,185.12,0,15733.28,1277.92,4746.71,86816.02,0,19927.06,0,0,98901.6,0,0,0,2417.33,2335.6,0,24148.15,35303.27,95.23,2082.73,20193.17,0,0,0,0
2009-01-24 15:00:00,0,3550.97,0,263.74,10212.67,4871.05,6359.52,0,0,1604.78,12663.27,185.81,0,15974.84,1271.8,4661.08,85946.18,0,20101.27,0,0,98529.92,0,0,0,2404.52,2333.61,0,24351.44,34826.58,92.61,2048.79,20015.81,0,0,0,0
2009-01-24 16:00:00,0,3427.04,0,264.7,10078.7,4849.45,6303.84,0,0,1595.41,12623.54,184.84,0,16539.58,1264.15,4596.27,85099.95,0,20392.24,0,0,99283.6,0,0,0,2393.93,2336.03,0,24402.75,34279.39,89.87,2038.05,19902.39,0,0,0,0
2009-01-24 17:00:00,0,3312.91,0,261.48,10309.76,4851.52,6417.49,0,0,1607.39,12402.33,186.81,0,17619.2,1248.54,4581.71,85146.61,0,20993.25,0,0,102730.29,0,0,0,2414.71,2354.86,0,24447.46,33746.93,87.73,2040.46,19792.65,0,0,0,0
2009-01-24 18:00:00,0,3300.62,0,252.05,10884.35,4874.46,6666.88,0,0,1684.17,12166.74,186.08,0,18475.51,1247.05,4700.23,86781.34,0,21717.5,0,0,107707.08,0,0,0,2451.5,2424.25,0,24663.16,33523.75,86.63,2105.09,19961.07,0,0,0,0
2009-01-24 19:00:00,0,3616.98,0,302.23,12310.13,6080.15,7606.9,0,0,2106.31,13865.52,214.47,0,19452.65,1484.37,5305.66,93526.85,0,23193.33,0,0,118871.06,0,0,0,2645.16,2719.18,0,25986.88,35320.07,98.11,2622.39,21902.49,0,0,0,0
2009-01-24 20:00:00,0,3725.46,0,287.02,12663.23,6407.35,7536.11,0,0,2060.71,13120.25,209.73,0,18864.08,1425.39,5278.84,94214.48,0,22730.07,0,0,117152.04,0,0,0,2655.62,2716.01,0,26921.27,35648.22,97.86,2589.99,22717.77,0,0,0,0
2009-01-24 21:00:00,0,3826.44,0,279.57,12956.97,6523.06,7558.44,0,0,2001.05,12410.04,210.7,0,18269.7,1364.97,5214.87,93669.26,0,22105.43,0,0,114821.0,0,0,0,2660.79,2687.29,0,27230.92,35752.96,97.42,2518.06,23343.86,0,0,0,0
2009-01-24 22:00:00,0,3763.59,0,263.5,12731.75,6400.66,7597.19,0,0,1940.99,11825.05,203.95,0,17631.29,1318.51,5133.26,91935.28,0,21226.95,0,0,112384.77,0,0,0,2601.85,2637.77,0,26789.74,35318.0,96.65,2473.06,22933.39,0,0,0,0
2009-01-24 23:00:00,0,3658.15,0,255.77,12391.87,6047.88,7604.54,0,0,1856.44,11258.22,190.91,0,17003.44,1271.79,5043.43,90087.35,0,20443.12,0,0,109928.82,0,0,0,2504.22,2597.02,0,26289.46,34724.9,95.61,2352.5,22460.83,0,0,0,0
2009-01-25 00:00:00,0,3565.82,0,240.63,12095.52,5820.77,7623.85,0,0,1805.99,10762.8,179.05,0,16396.63,1217.32,4934.29,88155.23,0,19700.77,0,0,107473.58,0,0,0,2437.51,2569.93,0,25629.3,34053.29,94.95,2259.64,21909.12,0,0,0,0
2009-01-25 01:00:00,0,3478.23,0,226.89,11799.22,5628.4,7613.84,0,0,1743.84,10280.86,169.06,0,15899.5,1178.82,4863.82,86657.06,0,19015.33,0,0,105638.98,0,0,0,2392.94,2539.38,0,24808.57,33413.38,94.52,2190.53,21441.11,0,0,0,0
2009-01-25 02:00:00,0,3429.13,0,215.89,11806.83,5437.8,7615.5,0,0,1688.88,9875.36,162.39,0,15542.83,1162.3,4803.74,85248.07,0,18421.22,0,0,104184.67,0,0,0,2389.98,2578.25,0,24375.23,32751.39,93.8,2103.24,21420.95,0,0,0,0
2009-01-25 03:00:00,0,3416.37,0,214.55,11917.23,5456.08,7716.43,0,0,1674.16,9865.85,157.4,0,15468.73,1167.27,4782.98,84314.47,0,18177.41,0,0,103648.0,0,0,0,2414.28,2677.63,0,24186.41,32270.53,93.3,2073.72,21553.78,0,0,0,0
2009-01-25 04:00:00,0,3419.92,0,214.87,12087.03,5518.48,8017.41,0,0,1702.56,10029.84,156.54,0,15542.38,1192.39,4807.2,84393.25,0,18050.34,0,0,103818.49,0,0,0,2499.68,2825.19,0,24240.27,32136.94,93.87,2099.02,21732.87,0,0,0,0
2009-01-25 05:00:00,0,3433.72,0,219.28,12559.01,5538.89,8365.3,0,0,1744.27,10289.29,159.02,0,15749.11,1221.88,4892.1,84862.1,0,18175.78,0,0,105204.15,0,0,0,2631.15,2962.17,0,24509.39,32288.13,94.78,2131.88,22108.39,0,0,0,0
2009-01-25 06:00:00,0,3457.92,0,227.83,13015.02,5587.55,8679.32,0,0,1785.31,10666.3,164.28,0,15977.65,1258.95,5003.08,85631.35,0,18446.91,0,0,106780.29,0,0,0,2757.95,3079.0,0,24863.39,32510.07,95.39,2175.02,22462.03,0,0,0,0
2009-01-25 07:00:00,0,3484.96,0,227.92,13388.73,5664.9,8924.07,0,0,1813.63,11037.11,171.3,0,16227.34,1300.93,5117.3,86395.85,0,18790.37,0,0,108605.05,0,0,0,2863.02,3172.67,0,25260.11,32884.24,96.18,2215.95,22789.76,0,0,0,0
2009-01-25 08:00:00,0,3526.8,0,232.8,13755.09,5825.68,9040.11,0,0,1854.61,11404.63,177.61,0,16304.46,1356.32,5241.24,87112.78,0,19366.38,0,0,110909.93,0,0,0,2968.5,3261.13,0,25829.89,33328.78,97.21,2225.99,23105.34,0,0,0,0
2009-01-25 09:00:00,0,3580.56,0,251.96,13934.21,5789.56,9017.53,0,0,1809.99,11617.42,178.47,0,16329.85,1368.02,5299.75,88556.38,0,19667.68,0,0,110995.72,0,0,0,3041.73,3326.36,0,27063.24,33837.05,97.29,2194.64,23764.6,0,0,0,0
2009-01-25 10:00:00,0,3660.64,0,261.37,13830.88,5758.64,8949.71,0,0,1802.99,11965.94,179.26,0,15819.71,1320.09,5185.3,89911.64,0,19731.06,0,0,108591.12,0,0,0,3091.51,3364.39,0,27981.83,34411.09,96.23,2108.77,23019.33,0,0,0,0
2009-01-25 11:00:00,0,3659.04,0,256.1,13676.92,5702.53,8884.7,0,0,1736.83,12092.64,182.25,0,15474.89,1310.76,5096.52,90006.67,0,19636.59,0,0,106472.97,0,0,0,3128.68,3382.56,0,28114.51,34446.16,94.95,2129.8,22056.93,0,0,0,0
2009-01-25 12:00:00,0,3621.27,0,247.96,13443.69,5545.55,8813.48,0,0,1702.04,12380.83,185.6,0,15248.53,1318.72,5062.9,89350.2,0,19494.53,0,0,104757.35,0,0,0,3128.17,3354.74,0,28056.82,34203.02,93.57,2135.34,21230.75,0,0,0,0
2009-01-25 13:00:00,0,3546.48,0,254.71,13265.36,5396.9,8712.38,0,0,1682.82,12636.68,188.48,0,15063.55,1335.46,5032.62,88235.8,0,19418.01,0,0,103403.76,0,0,0,3103.07,3303.77,0,27824.93,33645.98,92.61,2150.14,20502.01,0,0,0,0
2009-01-25 14:00:00,0,3451.97,0,258.4,13154.78,5241.9,8634.44,0,0,1656.15,12726.36,190.09,0,14917.69,1316.7,4990.07,87191.38,0,19386.99,0,0,101643.9,0,0,0,3082.7,3269.39,0,27461.37,33015.44,91.58,2159.9,20054.69,0,0,0,0
2009-01-25 15:00:00,0,3390.2,0,264.66,13076.37,5078.06,8604.41,0,0,1659.01,12742.89,189.91,0,14850.69,1282.06,4888.15,86186.23,0,19354.81,0,0,100776.48,0,0,0,3061.54,3229.58,0,26868.89,32573.55,90.36,2130.2,19825.56,0,0,0,0
2009-01-25 16:00:00,0,3327.0,0,268.18,13050.88,5092.78,8606.46,0,0,1656.54,12829.08,186.97,0,15436.67,1268.56,4914.97,85341.46,0,19746.06,0,0,101518.82,0,0,0,3044.56,3212.02,0,26386.11,32050.82,88.56,2143.0,19730.51,0,0,0,0
2009-01-25 17:00:00,0,3294.29,0,264.97,13233.65,5070.21,8674.79,0,0,1664.99,12641.6,187.01,0,16737.09,1260.95,4955.38,85123.77,0,20529.59,0,0,103680.06,0,0,0,3055.14,3201.64,0,25792.14,31702.91,86.71,2135.22,19751.34,0,0,0,0
2009-01-25 18:00:00,0,3306.19,0,255.03,13585.39,4873.54,8793.35,0,0,1691.39,12329.98,188.09,0,17349.47,1269.48,4989.04,86061.2,0,21033.07,0,0,107043.36,0,0,0,3095.89,3217.72,0,25848.51,31601.59,86.08,2061.45,20202.18,0,0,0,0
2009-01-25 19:00:00,0,3566.7,0,320.64,14616.1,6168.21,9573.28,0,0,2138.01,14236.06,236.24,0,19383.16,1597.34,5638.46,95214.73,0,23637.37,0,0,122260.03,0,0,0,3313.21,3605.78,0,28092.08,35778.9,105.39,2544.9,23272.46,0,0,0,0
2009-01-25 20:00:00,0,3653.2,0,304.4,14613.13,6133.5,9248.62,0,0,2042.1,13527.3,230.72,0,18525.11,1536.59,5517.06,95359.29,0,23036.19,0,0,119516.27,0,0,0,3334.69,3587.19,0,28662.54,36815.9,104.77,2398.25,23852.28,0,0,0,0
2009-01-25 21:00:00,0,3728.21,0,294.44,14485.79,5930.48,8896.25,0,0,1945.52,12882.41,225.64,0,17642.98,1461.29,5385.03,94127.66,0,22294.25,0,0,116502.59,0,0,0,3357.91,3523.23,0,28581.78,37592.13,103.73,2263.69,23803.9,0,0,0,0
2009-01-25 22:00:00,0,3624.98,0,274.9,13864.02,5514.41,8544.19,0,0,1847.99,12093.57,207.75,0,16809.85,1382.53,5239.97,91772.33,0,21286.19,0,0,113513.53,0,0,0,3259.3,3411.22,0,27746.93,36777.16,103.15,2117.82,23074.2,0,0,0,0
2009-01-25 23:00:00,0,3517.8,0,254.35,13292.84,5115.9,8199.48,0,0,1747.11,11272.66,191.05,0,16037.93,1327.15,5095.01,89533.84,0,20321.53,0,0,110470.71,0,0,0,3143.34,3281.34,0,26822.91,35755.17,102.41,1990.83,22430.7,0,0,0,0
2009-01-26 00:00:00,0,3396.18,0,234.77,12726.65,4724.65,7863.36,0,0,1645.59,10458.7,176.23,0,15286.24,1271.07,4941.33,87131.29,0,19401.82,0,0,107255.99,0,0,0,3025.65,3165.98,0,25732.29,34681.48,100.95,1875.14,21769.43,0,0,0,0
2009-01-26 01:00:00,0,3311.88,0,218.11,12234.02,4356.38,7654.25,0,0,1552.63,9639.91,161.46,0,14811.75,1210.84,4797.45,84889.09,0,18511.72,0,0,104235.75,0,0,0,2950.13,3111.05,0,24749.34,33655.24,99.65,1770.21,21114.9,0,0,0,0
2009-01-26 02:00:00,0,3262.22,0,207.66,12038.87,4203.78,7643.08,0,0,1485.65,9048.29,150.88,0,14794.73,1183.61,4685.74,83217.17,0,17917.45,0,0,102364.31,0,0,0,2923.88,3092.55,0,24397.48,32991.22,98.75,1720.75,20738.49,0,0,0,0
2009-01-26 03:00:00,0,3321.22,0,206.27,12300.85,4439.28,7756.61,0,0,1535.04,9268.8,148.53,0,15138.47,1224.03,4696.9,82926.66,0,17707.14,0,0,102796.06,0,0,0,2957.47,3128.36,0,24526.24,32816.46,98.89,1777.48,20734.45,0,0,0,0
2009-01-26 04:00:00,0,3398.84,0,214.97,12772.89,4719.46,8009.91,0,0,1613.8,9737.12,154.87,0,15634.96,1286.44,4784.05,84182.16,0,17948.46,0,0,104882.18,0,0,0,3032.51,3162.09,0,25149.63,33071.72,99.42,1865.35,21046.06,0,0,0,0
2009-01-26 05:00:00,0,3477.77,0,229.47,13305.63,4996.96,8246.35,0,0,1684.55,10223.05,161.67,0,16080.73,1346.68,4895.24,85837.75,0,18530.03,0,0,107726.64,0,0,0,3107.79,3197.43,0,25623.79,33730.8,101.2,1961.06,21450.91,0,0,0,0
2009-01-26 06:00:00,0,3558.46,0,242.22,13841.2,5289.58,8473.75,0,0,1745.62,10659.67,169.12,0,16524.68,1399.44,5010.92,87550.82,0,19206.41,0,0,110932.59,0,0,0,3175.78,3229.35,0,26039.22,34596.87,103.24,2063.83,21901.84,0,0,0,0
2009-01-26 07:00:00,0,3614.99,0,249.34,14302.36,5577.99,8693.89,0,0,1803.11,11079.68,176.84,0,16903.86,1446.26,5142.42,89230.18,0,19907.26,0,0,114040.58,0,0,0,3234.64,3240.46,0,26427.45,35423.77,105.28,2171.74,22358.52,0,0,0,0
2009-01-26 08:00:00,0,3685.23,0,255.68,15206.23,5991.8,8890.35,0,0,1931.06,12352.89,192.57,0,18260.72,1543.05,5284.79,90794.15,0,22182.76,0,0,119595.06,0,0,0,3309.01,3246.68,0,27128.43,36226.34,106.47,2288.59,22787.91,0,0,0,0
2009-01-26 09:00:00,0,3800.17,0,262.81,15154.1,5902.5,8993.63,0,0,1856.07,12196.56,198.54,0,18076.77,1529.51,5446.49,94643.29,0,22404.25,0,0,120300.11,0,0,0,3333.81,3212.96,0,28476.08,37653.29,107.54,2248.07,23514.01,0,0,0,0
2009-01-26 10:00:00,0,3715.97,0,267.76,14630.52,5525.68,8906.46,0,0,1781.24,12344.51,193.38,0,17560.97,1419.51,5505.87,95682.79,0,22199.06,0,0,117501.72,0,0,0,3273.68,3124.59,0,28528.12,38246.44,108.11,2165.77,23415.07,0,0,0,0
2009-01-26 11:00:00,0,3627.84,0,268.77,14249.06,5429.32,8661.74,0,0,1776.93,12711.38,192.21,0,17175.41,1379.77,5494.78,93703.33,0,21832.76,0,0,113876.62,0,0,0,3182.2,3040.36,0,28031.73,38006.38,107.12,2155.57,22797.01,0,0,0,0
2009-01-26 12:00:00,0,3565.79,0,264.93,13937.63,5433.41,8460.9,0,0,1815.54,13208.33,194.2,0,16920.59,1370.51,5415.0,92015.23,0,21632.36,0,0,112058.34,0,0,0,3109.6,2966.22,0,27749.35,37703.47,105.56,2173.76,22092.88,0,0,0,0
2009-01-26 13:00:00,0,3505.96,0,263.43,13543.25,5416.82,8243.17,0,0,1855.2,13499.27,196.58,0,16714.62,1373.92,5323.98,90561.27,0,21513.41,0,0,111402.74,0,0,0,3032.9,2860.19,0,27462.11,37303.53,104.0,2189.67,21288.19,0,0,0,0
2009-01-26 14:00:00,0,3456.94,0,261.96,13014.34,5464.61,8024.38,0,0,1886.46,13732.98,198.72,0,16596.16,1344.96,5162.25,88942.07,0,21358.54,0,0,109294.08,0,0,0,2959.81,2760.73,0,26943.87,36853.44,101.92,2208.41,20305.97,0,0,0,0
2009-01-26 15:00:00,0,3401.61,0,264.43,12571.37,5484.2,7819.06,0,0,1912.99,13927.59,201.52,0,16604.88,1336.06,5093.23,87874.98,0,21317.35,0,0,107629.16,0,0,0,2884.16,2671.64,0,26146.7,36311.76,100.95,2222.85,19616.99,0,0,0,0
2009-01-26 16:00:00,0,3364.57,0,267.12,12190.81,5601.05,7659.73,0,0,1933.09,14097.5,202.96,0,16784.57,1342.72,5019.11,87026.94,0,21412.85,0,0,106530.18,0,0,0,2797.94,2610.83,0,25577.24,35841.86,99.58,2257.76,19291.96,0,0,0,0
2009-01-26 17:00:00,0,3343.01,0,271.96,12086.66,5753.29,7772.66,0,0,1941.57,14070.14,203.07,0,18346.93,1360.15,5024.78,86585.61,0,22333.55,0,0,109333.5,0,0,0,2713.96,2592.21,0,25061.29,35478.26,97.97,2291.28,19169.85,0,0,0,0
2009-01-26 18:00:00,0,3342.01,0,268.91,12734.63,5491.49,8182.32,0,0,1900.93,13509.36,200.96,0,18792.06,1383.84,5048.28,86618.91,0,22927.16,0,0,112373.78,0,0,0,2765.14,2654.37,0,25252.96,35297.15,97.15,2208.6,19768.87,0,0,0,0
2009-01-26 19:00:00,0,3498.44,0,304.43,13569.22,6149.78,8660.82,0,0,2173.75,14568.87,243.13,0,19444.56,1605.0,5270.25,89571.26,0,23132.91,0,0,117730.64,0,0,0,3015.51,2969.72,0,25943.88,35905.59,99.97,2615.05,20714.81,0,0,0,0
2009-01-26 20:00:00,0,3558.6,0,298.65,13742.01,6013.63,8431.1,0,0,2033.81,13673.8,232.86,0,18614.56,1541.63,5170.65,89342.27,0,22646.65,0,0,114536.64,0,0,0,3023.78,2958.39,0,26468.63,36686.08,98.86,2414.1,21405.54,0,0,0,0
2009-01-26 21:00:00,0,3621.37,0,295.66,13673.75,5772.81,8190.14,0,0,1919.14,12918.47,226.66,0,17782.41,1467.59,5076.19,88215.25,0,21887.47,0,0,111327.23,0,0,0,3025.0,2925.1,0,26445.92,37323.59,97.73,2241.63,21827.34,0,0,0,0
2009-01-26 22:00:00,0,3518.25,0,283.39,13160.16,5318.23,7923.18,0,0,1806.64,12057.67,210.54,0,16867.93,1383.75,4968.37,85570.09,0,20911.65,0,0,108329.03,0,0,0,2871.97,2827.91,0,25572.54,36284.33,96.13,2096.66,21329.07,0,0,0,0
2009-01-26 23:00:00,0,3382.18,0,264.3,12588.33,4870.53,7649.34,0,0,1691.57,11161.35,194.02,0,15897.37,1296.16,4846.64,82951.73,0,19904.14,0,0,105347.76,0,0,0,2716.84,2719.86,0,24578.61,35176.73,94.54,1974.04,20775.43,0,0,0,0
2009-01-27 00:00:00,0,3261.17,0,245.98,12012.88,4435.81,7364.19,0,0,1571.02,10262.0,177.73,0,14917.36,1209.21,4727.8,80330.75,0,18919.92,0,0,102104.13,0,0,0,2561.87,2608.74,0,23573.21,34043.75,92.92,1846.7,20110.04,0,0,0,0
2009-01-27 01:00:00,0,3151.96,0,229.86,11448.05,4003.48,7140.71,0,0,1455.93,9344.15,161.77,0,14324.38,1130.83,4630.42,77883.06,0,17915.83,0,0,99244.29,0,0,0,2460.67,2538.12,0,22505.18,32902.89,92.01,1724.12,19273.39,0,0,0,0
2009-01-27 02:00:00,0,3078.95,0,217.98,11161.24,3700.33,7083.24,0,0,1354.69,8493.09,149.37,0,14177.81,1097.22,4544.23,75890.97,0,17174.42,0,0,97366.28,0,0,0,2424.62,2528.95,0,21946.15,32184.76,91.59,1652.21,18782.26,0,0,0,0
2009-01-27 03:00:00,0,3098.92,0,218.19,11247.25,3782.87,7233.0,0,0,1345.18,8473.9,149.26,0,14440.81,1119.1,4504.76,75417.89,0,16842.04,0,0,97689.74,0,0,0,2461.39,2574.85,0,22074.16,32108.94,91.15,1683.81,18436.11,0,0,0,0
2009-01-27 04:00:00,0,3160.22,0,229.21,11570.0,3993.64,7427.92,0,0,1389.61,8776.0,156.66,0,14817.2,1155.1,4572.89,76703.4,0,17191.48,0,0,99472.9,0,0,0,2526.11,2624.38,0,22353.62,32293.67,91.96,1761.48,18565.3,0,0,0,0
2009-01-27 05:00:00,0,3219.71,0,241.79,12046.42,4234.37,7618.72,0,0,1444.72,9160.92,163.96,0,15222.03,1201.91,4683.17,78473.2,0,17705.0,0,0,101506.05,0,0,0,2592.16,2660.67,0,22895.01,32730.79,93.34,1842.64,18579.8,0,0,0,0
2009-01-27 06:00:00,0,3282.64,0,254.74,12500.54,4490.39,7808.21,0,0,1505.27,9569.34,171.09,0,15650.12,1252.18,4817.98,80554.07,0,18417.71,0,0,104394.98,0,0,0,2647.65,2688.77,0,23406.47,33467.87,94.45,1918.43,18765.28,0,0,0,0
2009-01-27 07:00:00,0,3349.7,0,266.91,12926.62,4738.96,7974.5,0,0,1561.58,9974.65,177.84,0,16033.43,1305.92,4935.66,82678.5,0,19151.87,0,0,107126.25,0,0,0,2704.69,2703.55,0,23994.46,34343.14,96.91,1978.12,19219.18,0,0,0,0
2009-01-27 08:00:00,0,3408.43,0,292.78,13522.28,5156.15,8169.84,0,0,1698.09,10927.81,187.55,0,17363.4,1380.17,5034.09,84707.11,0,21159.86,0,0,111945.94,0,0,0,2805.21,2733.2,0,24889.53,35181.55,99.76,2084.0,19704.62,0,0,0,0
2009-01-27 09:00:00,0,3500.18,0,301.21,13786.32,5350.19,8173.01,0,0,1755.21,11944.33,192.95,0,17265.57,1423.24,5207.55,88847.76,0,21845.29,0,0,114443.7,0,0,0,2833.71,2732.92,0,25885.8,36234.97,101.68,2096.8,20517.5,0,0,0,0
2009-01-27 10:00:00,0,3584.19,0,293.67,13543.26,5316.0,8168.58,0,0,1792.18,12800.32,188.96,0,16892.12,1333.03,5243.06,89776.21,0,21875.99,0,0,113418.52,0,0,0,2797.15,2651.58,0,25378.65,37589.53,103.15,2122.8,20854.65,0,0,0,0
2009-01-27 11:00:00,0,3613.51,0,282.07,13276.96,5347.44,8051.34,0,0,1846.99,13474.75,188.65,0,16577.43,1294.07,5227.48,87825.43,0,21844.25,0,0,111586.57,0,0,0,2705.98,2551.0,0,24536.98,37690.35,103.52,2147.35,20716.07,0,0,0,0
2009-01-27 12:00:00,0,3593.43,0,281.2,13109.42,5503.98,7931.3,0,0,1914.0,14048.34,191.74,0,16323.07,1324.63,5173.72,86287.39,0,21786.63,0,0,109599.94,0,0,0,2638.77,2478.99,0,23997.72,37600.35,103.91,2235.41,20251.45,0,0,0,0
2009-01-27 13:00:00,0,3553.99,0,289.05,13000.67,5726.95,7805.21,0,0,1963.16,14541.96,200.7,0,16157.31,1318.42,5124.81,85331.64,0,21741.03,0,0,108406.31,0,0,0,2599.13,2429.3,0,23595.36,37325.25,104.32,2348.62,19876.45,0,0,0,0
2009-01-27 14:00:00,0,3528.67,0,290.88,12959.66,5928.88,7713.9,0,0,2016.92,14901.32,207.14,0,16128.9,1332.35,5095.08,84508.48,0,21739.43,0,0,107087.71,0,0,0,2565.35,2388.02,0,23177.68,36913.22,104.27,2442.42,19458.61,0,0,0,0
2009-01-27 15:00:00,0,3505.68,0,291.0,12967.61,6024.28,7641.54,0,0,2051.26,15075.04,211.62,0,16132.28,1346.73,5011.33,84075.76,0,21544.92,0,0,106374.46,0,0,0,2536.1,2370.29,0,22799.78,36453.9,103.11,2468.01,19000.23,0,0,0,0
2009-01-27 16:00:00,0,3504.15,0,290.34,13026.99,6037.22,7654.0,0,0,2061.9,15312.62,219.63,0,16392.08,1334.15,4922.78,83754.3,0,21428.82,0,0,106488.18,0,0,0,2535.31,2380.21,0,22550.3,36063.01,101.83,2468.54,18804.13,0,0,0,0
2009-01-27 17:00:00,0,3522.46,0,289.12,13101.92,6049.84,7690.62,0,0,2060.42,15082.08,225.76,0,18059.21,1331.65,4873.18,83728.07,0,22288.15,0,0,108855.26,0,0,0,2544.16,2406.2,0,22700.67,35768.75,101.39,2466.89,18624.18,0,0,0,0
2009-01-27 18:00:00,0,3544.19,0,280.35,13175.87,5774.69,7734.8,0,0,1998.35,14499.93,220.22,0,18652.94,1345.15,4820.16,84049.4,0,22911.53,0,0,110827.77,0,0,0,2565.98,2458.71,0,22625.47,35679.69,101.02,2370.86,18666.92,0,0,0,0
2009-01-27 19:00:00,0,3697.92,0,326.2,13521.15,6382.33,8257.25,0,0,2271.14,15271.92,254.59,0,19415.02,1579.3,4960.95,87149.33,0,22810.73,0,0,114550.77,0,0,0,2801.57,2738.25,0,24711.5,36307.29,100.83,2658.93,18700.3,0,0,0,0
2009-01-27 20:00:00,0,3758.09,0,318.35,13524.35,6113.45,7941.97,0,0,2099.83,14260.49,237.21,0,18575.07,1499.65,4820.31,87617.35,0,22343.58,0,0,110960.81,0,0,0,2797.65,2681.21,0,25057.7,37217.12,99.74,2466.65,19074.2,0,0,0,0
2009-01-27 21:00:00,0,3812.23,0,305.01,13262.28,5810.13,7618.47,0,0,1955.45,13459.28,227.42,0,17732.81,1419.21,4680.22,87110.95,0,21693.97,0,0,108271.5,0,0,0,2794.37,2621.75,0,24972.68,37950.17,98.99,2298.16,19138.94,0,0,0,0
2009-01-27 22:00:00,0,3685.81,0,283.59,12643.18,5351.39,7291.11,0,0,1819.92,12568.55,207.07,0,16778.61,1333.53,4525.37,84778.8,0,20687.82,0,0,104949.77,0,0,0,2638.87,2500.64,0,23719.25,37071.21,98.12,2124.32,18221.92,0,0,0,0
2009-01-27 23:00:00,0,3578.49,0,262.21,12001.21,4900.32,6959.42,0,0,1690.05,11627.16,192.61,0,15746.71,1245.23,4373.38,82362.21,0,19702.43,0,0,101284.17,0,0,0,2478.27,2378.77,0,22595.83,36072.7,96.34,1974.16,17298.42,0,0,0,0
2009-01-28 00:00:00,0,3461.4,0,242.68,11372.27,4453.29,6620.06,0,0,1570.64,10716.48,177.31,0,14767.81,1158.16,4206.11,79949.68,0,18517.2,0,0,97403.33,0,0,0,2328.62,2255.34,0,21443.87,35005.07,95.47,1834.21,16359.65,0,0,0,0
2009-01-28 01:00:00,0,3383.68,0,225.4,10834.8,4021.09,6358.36,0,0,1453.18,9798.02,161.75,0,14194.36,1078.62,4047.37,77525.88,0,17433.94,0,0,93663.37,0,0,0,2197.41,2140.99,0,20244.81,34042.16,94.66,1692.17,15521.29,0,0,0,0
2009-01-28 02:00:00,0,3381.7,0,207.98,10570.61,3699.98,6270.63,0,0,1344.43,8893.95,149.94,0,14077.12,1018.35,3904.93,75728.21,0,16585.5,0,0,90470.84,0,0,0,2151.9,2125.98,0,19648.64,33510.82,94.59,1603.94,14802.7,0,0,0,0
2009-01-28 03:00:00,0,3522.36,0,208.47,10683.89,3702.84,6310.31,0,0,1315.12,8680.19,147.75,0,14351.21,1027.46,3840.16,75450.43,0,16431.1,0,0,89970.62,0,0,0,2144.48,2137.56,0,19476.8,33430.68,96.65,1609.74,14638.47,0,0,0,0
2009-01-28 04:00:00,0,3625.35,0,218.1,10969.58,3899.32,6517.83,0,0,1353.76,8956.39,152.23,0,14632.74,1057.85,3939.8,76653.92,0,16615.33,0,0,91476.68,0,0,0,2183.54,2160.82,0,19952.6,33761.34,100.2,1668.71,15050.06,0,0,0,0
2009-01-28 05:00:00,0,3760.03,0,228.49,11445.75,4097.36,6748.91,0,0,1411.52,9339.32,157.91,0,14862.07,1096.44,4080.42,78558.07,0,17129.32,0,0,93132.97,0,0,0,2238.08,2191.81,0,20406.63,34509.41,102.61,1738.06,15557.0,0,0,0,0
2009-01-28 06:00:00,0,3932.51,0,235.29,11928.11,4318.5,6859.87,0,0,1472.78,9698.6,164.58,0,15111.56,1148.3,4211.6,80701.99,0,17726.58,0,0,95492.48,0,0,0,2294.88,2188.07,0,20841.57,35376.66,105.52,1811.99,16013.49,0,0,0,0
2009-01-28 07:00:00,0,4101.29,0,240.15,12362.88,4541.96,6963.71,0,0,1539.08,10057.9,171.84,0,15368.07,1208.11,4355.13,82829.06,0,18194.34,0,0,97701.75,0,0,0,2341.36,2179.31,0,21241.14,36258.27,108.99,1884.29,16538.98,0,0,0,0
2009-01-28 08:00:00,0,4246.51,0,263.58,12779.54,4973.35,7067.85,0,0,1686.9,11006.02,184.05,0,16407.38,1298.28,4482.53,85057.1,0,19917.35,0,0,100659.56,0,0,0,2422.81,2191.1,0,21798.07,37100.11,111.58,2009.09,17321.77,0,0,0,0
2009-01-28 09:00:00,0,4372.13,0,281.01,13207.78,5210.95,7015.3,0,0,1729.22,12115.8,190.08,0,16878.25,1300.84,4813.94,89148.83,0,20840.45,0,0,104226.45,0,0,0,2447.69,2198.97,0,22690.69,38403.01,113.75,2094.93,18358.43,0,0,0,0
2009-01-28 10:00:00,0,4145.94,0,283.48,13051.82,5168.67,6697.09,0,0,1769.8,12884.6,189.07,0,16868.29,1280.27,4994.39,92135.59,0,21010.83,0,0,104083.57,0,0,0,2456.24,2196.83,0,23143.27,38387.27,113.66,2148.27,19311.36,0,0,0,0
2009-01-28 11:00:00,0,3779.55,0,287.24,12623.92,5246.03,6254.65,0,0,1834.88,13556.65,189.13,0,16714.32,1272.96,5121.6,91936.78,0,20950.4,0,0,102775.05,0,0,0,2442.78,2174.86,0,23404.51,36737.32,109.85,2188.71,20251.35,0,0,0,0
2009-01-28 12:00:00,0,3523.55,0,292.75,11961.72,5481.79,5919.35,0,0,1906.63,14134.71,192.76,0,16547.91,1300.95,5216.97,90738.84,0,20914.8,0,0,101384.64,0,0,0,2425.59,2155.13,0,23473.56,35506.08,107.06,2277.31,21114.38,0,0,0,0
2009-01-28 13:00:00,0,3319.98,0,289.76,11451.53,5667.92,5844.03,0,0,1967.42,14651.57,201.71,0,16473.16,1322.67,5274.49,89412.73,0,20887.93,0,0,99996.51,0,0,0,2413.96,2117.33,0,23608.36,34474.66,104.7,2369.21,21682.22,0,0,0,0
2009-01-28 14:00:00,0,3128.0,0,293.03,11216.38,5873.96,5813.2,0,0,2025.94,15100.41,204.47,0,16451.84,1336.68,5290.11,87990.67,0,20869.6,0,0,98965.93,0,0,0,2394.01,2122.3,0,24102.97,33510.28,102.22,2432.71,21897.28,0,0,0,0
2009-01-28 15:00:00,0,2973.84,0,299.2,11056.66,6036.94,5833.67,0,0,2071.33,15431.37,207.82,0,16502.26,1384.49,5295.3,86714.51,0,20918.79,0,0,97922.74,0,0,0,2378.07,2130.76,0,24545.28,32718.12,99.92,2458.25,21979.08,0,0,0,0
2009-01-28 16:00:00,0,2870.4,0,309.28,11095.81,6154.98,5831.57,0,0,2093.8,15752.53,210.15,0,16560.11,1388.96,5291.03,85893.11,0,20889.52,0,0,96751.69,0,0,0,2390.9,2180.45,0,24920.39,32035.61,97.93,2449.44,22178.32,0,0,0,0
2009-01-28 17:00:00,0,2804.2,0,313.31,11338.5,6135.08,5872.48,0,0,2095.81,15528.78,213.13,0,16662.5,1376.31,5298.13,85775.05,0,20862.05,0,0,97180.34,0,0,0,2395.97,2166.47,0,25310.16,31426.69,96.86,2437.6,22312.94,0,0,0,0
2009-01-28 18:00:00,0,2904.16,0,297.06,11583.82,5879.09,5997.62,0,0,2034.07,14781.66,207.99,0,16706.57,1362.1,5346.54,86682.02,0,21061.95,0,0,98828.11,0,0,0,2448.4,2220.59,0,25731.07,31398.28,96.3,2376.18,22717.11,0,0,0,0
2009-01-28 19:00:00,0,3348.22,0,339.88,12605.53,6566.75,7124.2,0,0,2325.15,15663.35,246.33,0,17212.03,1603.76,5510.98,90350.78,0,21163.45,0,0,105823.39,0,0,0,2663.94,2565.32,0,27698.2,33279.99,102.16,2729.42,22980.9,0,0,0,0
2009-01-28 20:00:00,0,3503.04,0,315.84,12805.15,6278.78,6953.86,0,0,2133.29,14565.67,239.84,0,16208.36,1513.93,5442.13,90878.79,0,20615.83,0,0,104533.81,0,0,0,2694.5,2534.99,0,28525.85,34449.11,103.63,2530.63,23541.84,0,0,0,0
2009-01-28 21:00:00,0,3594.16,0,299.84,12732.78,5905.95,6777.19,0,0,1969.31,13533.47,233.3,0,15316.59,1429.97,5388.55,90182.1,0,19975.01,0,0,103001.34,0,0,0,2719.63,2500.66,0,28576.97,35233.61,103.72,2342.45,23800.63,0,0,0,0
2009-01-28 22:00:00,0,3489.09,0,284.52,12357.21,5346.29,6613.43,0,0,1819.14,12534.22,216.51,0,14582.14,1341.55,5253.62,88208.75,0,19266.53,0,0,101656.62,0,0,0,2616.36,2378.06,0,27754.33,34438.04,103.28,2166.6,23269.49,0,0,0,0
2009-01-28 23:00:00,0,3373.69,0,260.62,11886.41,4868.61,6336.64,0,0,1687.46,11543.52,198.97,0,13813.78,1236.72,5108.14,85988.46,0,17970.56,0,0,99593.19,0,0,0,2470.76,2313.39,0,26818.71,33421.79,102.79,2002.75,22685.52,0,0,0,0
2009-01-29 00:00:00,0,3263.72,0,238.18,11521.76,4400.01,6126.22,0,0,1562.52,10563.7,182.53,0,12929.43,1139.29,4978.68,83616.61,0,17118.31,0,0,97814.68,0,0,0,2340.22,2253.37,0,25922.26,32400.9,102.27,1858.54,22118.44,0,0,0,0
2009-01-29 01:00:00,0,3195.17,0,223.52,11299.8,3944.2,5929.99,0,0,1451.62,9619.56,164.44,0,12276.13,1052.57,4906.89,81057.84,0,16574.41,0,0,95531.06,0,0,0,2242.05,2182.54,0,25043.09,31536.54,102.56,1719.64,21621.63,0,0,0,0
2009-01-29 02:00:00,0,3174.73,0,212.6,11380.09,3597.79,6000.2,0,0,1353.72,8724.58,150.17,0,12161.64,993.71,4903.74,78878.73,0,15941.97,0,0,92685.68,0,0,0,2219.19,2202.78,0,24851.98,30865.35,103.73,1616.86,21684.26,0,0,0,0
2009-01-29 03:00:00,0,3249.69,0,213.16,11579.97,3634.95,6270.52,0,0,1342.13,8641.73,147.27,0,12378.06,1007.72,4988.95,77944.94,0,15786.19,0,0,91857.45,0,0,0,2251.77,2263.45,0,25507.13,30598.35,105.29,1612.76,22017.41,0,0,0,0
2009-01-29 04:00:00,0,3314.58,0,222.35,12191.78,3845.76,6663.42,0,0,1393.88,8909.91,151.78,0,12848.57,1037.83,5125.43,79190.2,0,16172.42,0,0,94498.86,0,0,0,2357.47,2365.12,0,26446.47,30942.45,107.15,1664.54,22591.82,0,0,0,0
2009-01-29 05:00:00,0,3382.57,0,232.85,12906.05,4078.49,7057.87,0,0,1460.14,9286.54,156.26,0,13349.26,1078.83,5274.25,80969.31,0,16879.55,0,0,98227.53,0,0,0,2461.47,2462.1,0,27425.04,31740.32,109.18,1712.06,23090.36,0,0,0,0
2009-01-29 06:00:00,0,3462.03,0,244.33,13578.83,4291.81,7505.99,0,0,1523.29,9704.76,164.29,0,13852.63,1130.7,5439.22,82995.25,0,17683.39,0,0,101449.09,0,0,0,2541.67,2540.52,0,28570.62,32666.04,110.64,1769.6,23667.44,0,0,0,0
2009-01-29 07:00:00,0,3528.19,0,256.92,14240.69,4498.15,7947.4,0,0,1576.9,10075.67,171.83,0,14400.49,1182.2,5586.8,85152.81,0,18480.16,0,0,104984.69,0,0,0,2668.25,2616.38,0,29640.85,33548.46,111.8,1817.54,24133.24,0,0,0,0
2009-01-29 08:00:00,0,3593.76,0,271.97,15341.9,4736.79,8291.84,0,0,1712.14,10851.72,177.47,0,16050.05,1225.67,5718.66,86850.61,0,20886.64,0,0,111365.19,0,0,0,2833.01,2704.96,0,30896.07,34451.16,113.02,1887.64,24649.53,0,0,0,0
2009-01-29 09:00:00,0,3651.29,0,281.71,15035.71,4925.33,8216.65,0,0,1761.4,12043.96,181.07,0,16366.92,1276.69,5898.9,90780.71,0,21240.15,0,0,112196.89,0,0,0,2903.27,2760.2,0,32936.94,35790.71,113.5,2025.71,25715.69,0,0,0,0
2009-01-29 10:00:00,0,3452.92,0,305.12,14468.51,5096.73,8088.27,0,0,1805.99,12768.99,181.04,0,16224.29,1338.48,5826.59,91244.86,0,21397.68,0,0,109843.96,0,0,0,2968.81,2790.35,0,31970.72,35641.82,111.9,2143.15,25083.48,0,0,0,0
2009-01-29 11:00:00,0,3202.61,0,297.76,13727.2,5233.04,7956.99,0,0,1860.88,13396.87,183.76,0,16084.88,1383.78,5635.08,89394.78,0,21354.1,0,0,107341.44,0,0,0,2961.04,2770.58,0,30874.92,34361.26,106.49,2238.46,24098.02,0,0,0,0
2009-01-29 12:00:00,0,3022.01,0,314.66,13005.19,5386.28,7707.3,0,0,1931.51,13959.93,187.22,0,15942.07,1422.1,5377.98,87638.76,0,21243.1,0,0,104748.02,0,0,0,2899.18,2723.37,0,29500.99,33347.71,101.46,2320.41,22972.88,0,0,0,0
2009-01-29 13:00:00,0,2885.64,0,326.48,12537.5,5497.75,7426.74,0,0,2011.23,14417.09,188.58,0,15836.27,1433.09,5188.2,86033.84,0,21136.77,0,0,102075.99,0,0,0,2825.55,2658.71,0,28186.41,32611.8,97.59,2397.42,21903.99,0,0,0,0
2009-01-29 14:00:00,0,2778.62,0,310.34,12160.73,5595.51,7191.42,0,0,2069.97,14767.63,192.59,0,15803.32,1475.56,5063.89,84597.2,0,21052.51,0,0,100171.61,0,0,0,2735.69,2581.16,0,27235.06,32125.75,94.76,2445.82,20982.05,0,0,0,0
2009-01-29 15:00:00,0,2690.8,0,307.71,11874.86,5676.56,7041.46,0,0,2106.23,15104.81,194.41,0,15813.36,1497.8,4940.6,83506.85,0,21068.18,0,0,99054.73,0,0,0,2664.98,2513.64,0,26469.09,31725.3,92.37,2465.61,20198.4,0,0,0,0
2009-01-29 16:00:00,0,2627.56,0,298.08,11615.58,5675.99,6927.93,0,0,2125.29,15231.11,197.64,0,15984.14,1499.91,4821.49,82858.31,0,21174.41,0,0,98782.12,0,0,0,2600.26,2457.73,0,25821.53,31313.49,90.21,2431.84,19900.57,0,0,0,0
2009-01-29 17:00:00,0,2601.42,0,296.15,11682.9,5582.89,7041.28,0,0,2107.88,15016.33,201.15,0,17220.44,1531.75,4777.2,82593.96,0,21928.63,0,0,101056.73,0,0,0,2572.2,2434.72,0,25178.24,30842.01,89.09,2420.06,19939.05,0,0,0,0
2009-01-29 18:00:00,0,2687.45,0,291.12,12246.14,5505.83,7359.62,0,0,2050.75,14475.2,203.95,0,17832.54,1547.11,4922.22,83560.46,0,22440.76,0,0,104412.09,0,0,0,2612.26,2516.02,0,25712.97,31028.64,89.57,2419.54,20661.87,0,0,0,0
2009-01-29 19:00:00,0,3067.14,0,330.02,13298.64,6223.88,8202.4,0,0,2293.63,15156.34,231.29,0,18865.21,1676.57,5331.06,88739.55,0,22756.69,0,0,111966.26,0,0,0,2907.91,2857.74,0,28129.63,32822.83,94.78,2719.19,21416.8,0,0,0,0
2009-01-29 20:00:00,0,3222.28,0,324.18,13501.74,6042.52,8023.29,0,0,2115.67,14047.94,226.78,0,18068.94,1595.67,5294.23,89737.08,0,22215.51,0,0,109764.86,0,0,0,2956.7,2906.82,0,29040.5,33951.17,95.24,2494.45,22118.84,0,0,0,0
2009-01-29 21:00:00,0,3361.25,0,335.53,13459.24,5767.99,7796.5,0,0,1948.75,13155.81,221.94,0,17250.97,1511.94,5268.5,89441.98,0,21540.07,0,0,107275.73,0,0,0,2928.0,2893.77,0,29257.12,34861.84,95.54,2324.18,22482.25,0,0,0,0
2009-01-29 22:00:00,0,3311.1,0,321.52,12998.97,5325.93,7577.55,0,0,1812.97,12158.68,205.64,0,16399.09,1425.44,5184.65,88172.34,0,20561.6,0,0,104839.44,0,0,0,2837.61,2837.32,0,28736.77,34242.75,96.04,2151.74,22252.26,0,0,0,0
2009-01-29 23:00:00,0,3216.04,0,298.82,12594.82,4882.83,7346.33,0,0,1683.46,11172.04,189.21,0,15529.43,1349.71,5023.3,86884.44,0,19582.7,0,0,102187.02,0,0,0,2757.09,2784.77,0,28180.83,33373.85,96.7,1987.77,21707.92,0,0,0,0
2009-01-30 00:00:00,0,3133.83,0,285.55,12243.9,4439.22,7138.79,0,0,1557.08,10205.46,174.78,0,14645.75,1286.98,4862.24,85357.8,0,18627.49,0,0,99355.37,0,0,0,2683.0,2742.52,0,27447.33,32422.7,97.11,1827.74,21135.32,0,0,0,0
2009-01-30 01:00:00,0,3075.23,0,269.39,12016.7,4058.66,6991.21,0,0,1433.24,9235.97,162.83,0,14059.86,1244.25,4761.27,83751.81,0,17691.85,0,0,96959.81,0,0,0,2641.41,2729.89,0,26714.33,31476.99,96.86,1691.94,20573.93,0,0,0,0
2009-01-30 02:00:00,0,3088.95,0,257.7,12000.49,3822.03,7027.09,0,0,1343.58,8459.19,155.69,0,13934.8,1265.89,4779.49,82851.26,0,16931.17,0,0,95214.35,0,0,0,2636.36,2781.97,0,26257.62,30854.13,96.5,1588.19,20528.73,0,0,0,0
2009-01-30 03:00:00,0,3191.3,0,258.28,12217.52,3794.68,7209.86,0,0,1345.85,8487.53,157.15,0,14205.34,1360.51,4958.94,83074.22,0,16589.43,0,0,96059.85,0,0,0,2757.23,2918.59,0,26607.3,30600.29,95.42,1570.51,20768.28,0,0,0,0
2009-01-30 04:00:00,0,3304.14,0,270.24,12843.14,3941.12,7678.8,0,0,1383.83,8754.81,167.16,0,14613.29,1466.14,5169.91,84851.77,0,16884.42,0,0,98874.19,0,0,0,2888.29,3047.44,0,27204.52,30914.02,98.05,1619.06,21263.13,0,0,0,0
2009-01-30 05:00:00,0,3414.03,0,284.97,13460.65,4190.52,8125.38,0,0,1447.73,9189.0,171.82,0,15037.08,1534.26,5397.21,87252.75,0,17543.48,0,0,102756.91,0,0,0,3037.24,3176.39,0,27951.84,31667.44,101.1,1666.68,21731.4,0,0,0,0
2009-01-30 06:00:00,0,3495.42,0,304.1,14027.92,4569.71,8504.85,0,0,1533.86,9650.76,194.15,0,15427.87,1608.83,5601.0,89713.49,0,18282.3,0,0,106401.42,0,0,0,3186.84,3296.41,0,28696.26,32470.49,103.94,1783.92,22280.13,0,0,0,0
2009-01-30 07:00:00,0,3544.48,0,312.02,14580.18,5072.29,8842.04,0,0,1647.08,10207.97,216.24,0,15793.49,1681.52,5765.0,91807.69,0,19020.37,0,0,109579.72,0,0,0,3324.18,3398.75,0,29462.72,33208.23,106.53,1902.1,22915.44,0,0,0,0
2009-01-30 08:00:00,0,3575.74,0,322.76,15635.08,5726.42,9169.07,0,0,1829.28,11091.86,230.19,0,17090.09,1835.64,5890.13,93729.67,0,21142.69,0,0,115800.53,0,0,0,3504.46,3467.7,0,30976.42,33925.33,108.91,2058.7,23581.51,0,0,0,0
2009-01-30 09:00:00,0,3616.04,0,352.72,15076.61,6413.19,8797.11,0,0,1957.19,11987.4,240.48,0,16901.96,1853.51,5976.78,98492.43,0,21315.63,0,0,115079.91,0,0,0,3391.77,3332.08,0,31858.64,35274.86,110.27,2197.45,24448.01,0,0,0,0
2009-01-30 10:00:00,0,3404.01,0,358.59,14171.38,6765.8,8248.76,0,0,2006.56,12436.91,235.03,0,16296.27,1815.02,5834.3,96634.15,0,21123.87,0,0,109582.21,0,0,0,3176.4,3122.98,0,30013.72,34839.0,107.55,2332.64,23356.39,0,0,0,0
2009-01-30 11:00:00,0,3120.73,0,349.3,13421.8,6978.02,7700.52,0,0,2060.36,12721.99,242.07,0,15833.04,1800.55,5704.49,93910.33,0,20845.84,0,0,105262.61,0,0,0,2972.67,2898.44,0,28679.24,33656.77,101.53,2465.25,22041.85,0,0,0,0
2009-01-30 12:00:00,0,2935.5,0,333.41,12818.22,6984.75,7171.77,0,0,2107.83,13078.74,228.18,0,15595.01,1797.98,5630.32,91652.9,0,20671.62,0,0,102153.18,0,0,0,2805.11,2696.96,0,27460.39,32674.15,96.96,2533.74,20985.43,0,0,0,0
2009-01-30 13:00:00,0,2800.01,0,319.22,12433.91,7013.66,6845.24,0,0,2130.71,13223.57,215.93,0,15454.1,1647.16,5546.12,89823.42,0,20541.87,0,0,101663.14,0,0,0,2685.33,2561.03,0,26245.31,31926.65,94.77,2580.5,20223.75,0,0,0,0
2009-01-30 14:00:00,0,2676.32,0,309.83,12216.03,6685.65,6636.63,0,0,2196.52,13288.5,210.18,0,15500.31,1701.85,5465.55,88272.41,0,21050.7,0,0,101201.2,0,0,0,2583.31,2458.95,0,25631.68,31324.21,92.17,2488.46,19770.87,0,0,0,0
2009-01-30 15:00:00,0,2577.55,0,299.17,12087.16,6756.88,6474.19,0,0,2235.65,13569.29,214.36,0,15392.0,1593.86,5385.9,86983.25,0,20943.42,0,0,100276.88,0,0,0,2531.73,2374.89,0,25299.82,30705.35,89.88,2534.1,19557.87,0,0,0,0
2009-01-30 16:00:00,0,2497.44,0,293.84,12143.19,6744.82,6423.92,0,0,2255.87,13559.11,203.69,0,15634.23,1431.01,5324.76,85842.65,0,20825.22,0,0,99764.59,0,0,0,2509.9,2365.51,0,25268.2,30055.27,87.76,2580.73,19502.47,0,0,0,0
2009-01-30 17:00:00,0,2459.4,0,300.71,12520.68,6304.83,6730.19,0,0,2246.9,13480.81,200.89,0,16568.33,1386.45,5330.7,85706.97,0,21044.08,0,0,103866.95,0,0,0,2546.95,2500.69,0,25305.05,29479.72,85.57,2478.45,19662.58,0,0,0,0
2009-01-30 18:00:00,0,2557.71,0,295.74,13310.86,6105.98,7392.09,0,0,2233.64,13516.19,203.85,0,16844.67,1433.23,5644.66,87225.22,0,21952.62,0,0,110142.75,0,0,0,2655.33,2590.11,0,25730.67,29534.1,85.61,2433.39,20878.0,0,0,0,0
2009-01-30 19:00:00,0,2631.28,0,331.2,13681.57,6546.34,8273.13,0,0,2264.82,14188.1,238.06,0,16858.28,1700.56,5543.86,86384.79,0,20903.84,0,0,113045.78,0,0,0,3007.79,2993.47,0,28770.29,29834.29,81.56,2649.54,20832.65,0,0,0,0
2009-01-30 20:00:00,0,2746.14,0,334.64,14034.37,6746.57,8226.15,0,0,2214.78,13817.71,242.13,0,16219.43,1686.77,5517.23,86957.31,0,20594.13,0,0,112212.26,0,0,0,3070.3,3050.25,0,30151.62,30392.0,81.56,2579.25,21430.46,0,0,0,0
2009-01-30 21:00:00,0,2873.7,0,336.74,14107.46,6774.54,8163.0,0,0,2166.9,13459.2,244.28,0,15569.56,1668.0,5511.33,87147.08,0,20209.05,0,0,111134.63,0,0,0,3123.6,3106.21,0,30902.88,30349.22,81.16,2484.98,21800.4,0,0,0,0
2009-01-30 22:00:00,0,2895.93,0,330.61,13791.32,6545.63,8081.81,0,0,2131.55,13237.53,236.83,0,14978.27,1622.14,5478.42,86158.67,0,19584.29,0,0,109842.18,0,0,0,3066.28,3139.84,0,31041.15,30148.81,80.84,2392.94,21479.43,0,0,0,0
2009-01-30 23:00:00,0,2839.87,0,338.57,13524.95,6201.63,8046.43,0,0,2079.4,12889.16,227.37,0,14401.86,1580.36,5424.97,84824.51,0,18397.98,0,0,108013.75,0,0,0,3009.91,3170.54,0,30068.21,29595.48,80.2,2283.68,20773.91,0,0,0,0
2009-01-31 00:00:00,0,2757.59,0,351.55,13310.2,5786.16,8039.27,0,0,1996.25,12532.26,222.46,0,13733.67,1596.76,5398.63,82989.24,0,17513.49,0,0,106646.08,0,0,0,2977.41,3198.18,0,28980.12,28925.27,79.57,2191.1,20001.31,0,0,0,0
2009-01-31 01:00:00,0,2696.0,0,358.03,13157.8,5548.84,8080.58,0,0,1938.04,12252.75,219.92,0,13300.91,1662.14,5390.06,81388.0,0,16798.68,0,0,105350.94,0,0,0,2966.54,3218.89,0,28021.44,28207.72,79.9,2164.47,19442.2,0,0,0,0
2009-01-31 02:00:00,0,2682.16,0,362.76,12983.82,5566.97,8096.72,0,0,1936.59,11992.38,220.06,0,13164.08,1654.12,5408.31,79724.09,0,16224.82,0,0,104937.97,0,0,0,3013.31,3283.41,0,27584.74,27648.45,80.47,2184.1,19156.05,0,0,0,0
2009-01-31 03:00:00,0,2694.17,0,368.54,13083.96,5777.44,8142.28,0,0,1928.06,12017.84,222.97,0,13126.38,1701.93,5469.5,78518.87,0,16056.11,0,0,105122.41,0,0,0,3081.21,3353.21,0,27673.33,27231.89,80.69,2235.48,19163.83,0,0,0,0
2009-01-31 04:00:00,0,2725.52,0,374.98,13351.58,6157.15,8416.38,0,0,1985.76,12308.43,235.8,0,13219.52,1849.39,5574.1,77774.74,0,16167.76,0,0,106029.34,0,0,0,3190.65,3454.62,0,27959.53,27155.84,81.3,2304.9,19340.54,0,0,0,0
2009-01-31 05:00:00,0,2773.94,0,380.54,13620.46,6596.63,8790.25,0,0,2085.7,12728.31,253.93,0,13459.82,1534.26,5674.48,78017.02,0,16578.44,0,0,107561.41,0,0,0,3263.32,3539.16,0,28230.45,27472.48,82.98,2426.11,19745.13,0,0,0,0
2009-01-31 06:00:00,0,2818.34,0,381.5,13886.2,7144.98,9162.05,0,0,2219.27,13383.81,263.92,0,13739.55,1608.83,5748.06,78231.68,0,17119.96,0,0,109358.36,0,0,0,3296.72,3586.83,0,28910.34,27877.96,83.98,2571.15,20274.13,0,0,0,0
2009-01-31 07:00:00,0,2855.22,0,383.45,14189.33,7615.06,9457.23,0,0,2350.04,13948.31,271.7,0,14129.14,1681.52,5812.21,78284.24,0,17634.04,0,0,110785.67,0,0,0,3304.18,3617.45,0,29679.0,28284.85,85.35,2698.27,20838.56,0,0,0,0
2009-01-31 08:00:00,0,2888.68,0,390.83,14538.82,8054.44,9659.41,0,0,2483.95,14457.35,275.54,0,14763.24,2196.26,5886.41,78439.09,0,18722.11,0,0,113244.02,0,0,0,3328.39,3658.17,0,30501.64,28751.69,87.12,2871.63,21363.37,0,0,0,0
2009-01-31 09:00:00,0,2958.38,0,367.72,14100.66,7953.93,9248.2,0,0,2436.35,14625.12,262.05,0,15254.42,2011.91,5850.19,79465.36,0,19545.8,0,0,112942.86,0,0,0,3140.49,3509.54,0,31306.56,29224.08,87.79,2909.67,22054.17,0,0,0,0
2009-01-31 10:00:00,0,2824.87,0,332.69,13237.37,7451.38,8394.68,0,0,2325.06,14614.79,242.14,0,15538.04,1809.9,5452.81,79053.16,0,20025.2,0,0,108988.29,0,0,0,2934.87,3232.5,0,29983.53,28988.68,84.71,2798.66,21232.5,0,0,0,0
2009-01-31 11:00:00,0,2620.32,0,309.28,12756.34,7054.19,7754.28,0,0,2237.05,14537.2,230.81,0,15703.33,1704.13,4977.64,77322.82,0,20147.76,0,0,105001.51,0,0,0,2777.55,2983.11,0,28670.64,28096.95,79.25,2697.76,20145.08,0,0,0,0
2009-01-31 12:00:00,0,2450.05,0,304.69,12320.76,6741.74,7265.47,0,0,2164.65,14439.92,223.48,0,15764.23,1644.62,4668.7,75412.13,0,20127.13,0,0,101304.88,0,0,0,2686.32,2824.44,0,27558.68,27551.83,75.85,2632.72,19068.4,0,0,0,0
2009-01-31 13:00:00,0,2308.07,0,298.48,11870.41,6431.46,6962.96,0,0,2099.5,14201.39,213.91,0,15757.08,1583.03,4456.58,73969.61,0,20084.44,0,0,98175.55,0,0,0,2604.57,2707.87,0,26513.59,27025.78,73.09,2568.53,18286.71,0,0,0,0
2009-01-31 14:00:00,0,2187.43,0,298.76,11469.48,6117.25,6765.55,0,0,2037.91,13817.56,206.39,0,15668.45,1515.48,4308.68,72333.6,0,19959.07,0,0,94741.17,0,0,0,2528.92,2624.33,0,25486.87,26495.87,70.41,2503.26,17518.48,0,0,0,0
2009-01-31 15:00:00,0,2097.82,0,296.45,11127.54,5869.72,6614.87,0,0,1981.92,13399.17,201.8,0,15658.49,1451.07,4152.07,71548.91,0,19909.01,0,0,92187.48,0,0,0,2462.61,2562.87,0,24778.72,25951.39,89.88,2420.59,16933.27,0,0,0,0
2009-01-31 16:00:00,0,2043.34,0,289.3,10729.71,5706.1,6554.32,0,0,1887.76,12980.85,198.74,0,15939.47,1393.53,4024.71,70568.87,0,20072.75,0,0,91132.59,0,0,0,2436.44,2523.78,0,24119.1,25452.02,87.76,2319.55,16643.56,0,0,0,0
2009-01-31 17:00:00,0,2012.34,0,279.01,10778.97,5521.29,6754.06,0,0,1754.36,12492.18,198.37,0,16890.63,1352.52,4015.3,68741.1,0,20550.46,0,0,92765.78,0,0,0,2436.59,2546.64,0,23241.94,24954.44,85.57,2206.52,16637.62,0,0,0,0
2009-01-31 18:00:00,0,2117.24,0,283.75,11825.39,5692.9,7205.41,0,0,1807.09,12698.21,203.39,0,17593.0,1443.69,4118.41,68034.93,0,21319.34,0,0,97156.82,0,0,0,2507.89,2642.81,0,23840.1,25076.64,85.61,2200.05,17066.7,0,0,0,0
2009-01-31 19:00:00,0,2192.83,0,310.44,13171.99,6127.19,8572.44,0,0,2097.49,14461.01,221.33,0,18146.94,1634.12,4374.05,75661.94,0,22071.1,0,0,105827.43,0,0,0,2930.71,3082.34,0,26155.02,27564.25,73.94,2519.15,18052.75,0,0,0,0
2009-01-31 20:00:00,0,2317.62,0,310.35,13397.25,6399.68,8425.6,0,0,2050.57,14055.25,227.29,0,17538.72,1622.1,4291.35,75723.94,0,21502.36,0,0,102380.85,0,0,0,2971.62,3129.19,0,27637.67,28273.07,73.7,2464.51,18827.46,0,0,0,0
2009-01-31 21:00:00,0,2426.06,0,308.38,13406.68,6440.97,8242.85,0,0,1998.16,13588.48,232.33,0,16876.44,1593.84,4176.01,75571.14,0,21017.51,0,0,99748.9,0,0,0,3008.7,3124.6,0,28120.79,28515.98,73.27,2401.63,19314.98,0,0,0,0
2009-01-31 22:00:00,0,2440.07,0,298.25,12913.4,6279.01,8044.9,0,0,1938.55,12986.12,226.23,0,16175.03,1571.34,4038.13,73843.13,0,20267.58,0,0,96910.28,0,0,0,2908.48,3066.48,0,27573.32,28252.62,73.05,2341.12,18868.28,0,0,0,0
2009-01-31 23:00:00,0,2368.71,0,290.68,12478.92,6072.88,7815.82,0,0,1878.33,12365.7,215.54,0,15456.23,1543.69,3920.05,71780.19,0,19399.4,0,0,93266.71,0,0,0,2821.52,2996.28,0,26820.55,27731.03,72.66,2286.17,18226.26,0,0,0,0
2009-02-01 00:00:00,0,2285.88,0,282.04,11975.22,5841.34,7536.69,0,0,1834.01,11750.92,206.44,0,14769.61,1539.15,3810.26,69427.42,0,18418.15,0,0,89583.65,0,0,0,2734.5,2917.35,0,26113.45,27119.49,72.18,2232.06,17569.01,0,0,0,0
2009-02-01 01:00:00,0,2198.29,0,276.54,11512.88,5686.9,7225.88,0,0,1782.52,11233.71,199.14,0,14119.36,1531.38,3661.48,67202.98,0,17483.91,0,0,86282.9,0,0,0,2637.51,2843.8,0,25602.18,26455.31,71.63,2192.55,16842.81,0,0,0,0
2009-02-01 02:00:00,0,2183.78,0,277.47,11241.57,5600.26,6949.0,0,0,1737.47,10848.69,198.77,0,13677.95,1527.6,3548.26,65047.13,0,16559.51,0,0,82918.06,0,0,0,2595.05,2822.79,0,25239.16,25935.79,71.17,2162.77,16473.44,0,0,0,0
2009-02-01 03:00:00,0,2210.78,0,284.27,11057.77,5649.87,6768.62,0,0,1709.66,10753.71,197.75,0,13620.3,1533.14,3490.7,63591.1,0,16145.68,0,0,81634.16,0,0,0,2594.02,2831.62,0,25212.98,25642.46,70.95,2159.33,16235.94,0,0,0,0
2009-02-01 04:00:00,0,2262.64,0,289.26,11102.61,5776.0,6756.15,0,0,1735.87,10780.63,201.27,0,13769.33,1567.44,3468.99,62823.41,0,15816.32,0,0,80762.57,0,0,0,2617.25,2861.35,0,25251.82,25710.34,71.16,2164.13,16255.77,0,0,0,0
2009-02-01 05:00:00,0,2346.44,0,291.93,11342.1,5922.09,6889.37,0,0,1775.05,11005.98,209.64,0,13851.08,1611.31,3523.66,63239.43,0,15804.36,0,0,81313.73,0,0,0,2652.31,2901.34,0,25364.82,26121.95,71.97,2198.43,16498.69,0,0,0,0
2009-02-01 06:00:00,0,2435.61,0,295.17,11688.49,6118.22,7043.95,0,0,1835.65,11406.85,218.01,0,14052.14,1657.43,3613.75,64651.64,0,15986.45,0,0,82391.56,0,0,0,2695.23,2939.84,0,25800.27,26663.59,74.13,2248.4,16878.63,0,0,0,0
2009-02-01 07:00:00,0,2527.54,0,306.85,12088.63,6328.04,7255.92,0,0,1909.6,11857.77,226.26,0,14025.68,1703.83,3695.29,65907.63,0,16214.0,0,0,83487.16,0,0,0,2750.0,2986.01,0,26384.91,27267.57,76.32,2299.53,17241.38,0,0,0,0
2009-02-01 08:00:00,0,2614.86,0,314.52,12562.88,6641.52,7419.43,0,0,2001.18,12139.75,236.2,0,13869.99,1747.39,3775.73,67234.63,0,16824.76,0,0,85591.03,0,0,0,2828.9,3087.39,0,27079.68,27835.34,78.62,2405.18,17684.78,0,0,0,0
2009-02-01 09:00:00,0,2759.69,0,317.04,12144.3,6438.58,6999.92,0,0,1958.13,11941.52,218.69,0,14219.9,1657.12,3828.59,69393.57,0,17278.34,0,0,86549.7,0,0,0,2703.16,2955.81,0,27943.83,28402.12,80.41,2397.82,18255.57,0,0,0,0
2009-02-01 10:00:00,0,2669.4,0,299.32,11570.8,6064.79,6633.82,0,0,1848.53,11773.89,198.34,0,14071.86,1521.11,3848.11,71296.23,0,17522.68,0,0,85621.37,0,0,0,2589.53,2763.79,0,26196.25,28753.09,78.89,2247.88,17320.28,0,0,0,0
2009-02-01 11:00:00,0,2536.69,0,275.59,10907.49,5922.12,6288.34,0,0,1802.13,11851.61,188.6,0,13663.95,1447.53,3831.02,71357.78,0,17516.49,0,0,83655.04,0,0,0,2506.1,2583.41,0,24592.88,28458.94,74.89,2207.06,16393.76,0,0,0,0
2009-02-01 12:00:00,0,2438.35,0,269.84,10336.99,5822.98,6019.38,0,0,1790.26,12143.43,187.74,0,13448.57,1370.36,3783.58,70812.4,0,17361.31,0,0,81803.28,0,0,0,2434.77,2462.9,0,23583.6,27944.95,72.53,2201.16,15641.75,0,0,0,0
2009-02-01 13:00:00,0,2389.81,0,273.54,9966.55,5764.75,5764.56,0,0,1774.86,12361.83,186.63,0,13256.07,1393.61,3715.85,70258.35,0,17102.28,0,0,80719.21,0,0,0,2390.68,2378.35,0,22862.23,27540.88,70.94,2192.72,15049.82,0,0,0,0
2009-02-01 14:00:00,0,2362.25,0,263.43,9686.64,5612.75,5616.79,0,0,1720.37,12441.3,183.59,0,13123.04,1366.56,3682.08,69833.24,0,16953.8,0,0,80541.33,0,0,0,2373.46,2342.13,0,22271.41,27338.48,69.62,2164.22,14720.57,0,0,0,0
2009-02-01 15:00:00,0,2342.58,0,262.24,9468.64,5423.0,5562.02,0,0,1687.59,12469.07,181.34,0,13116.23,1318.42,3691.79,69391.17,0,16930.5,0,0,79975.38,0,0,0,2341.77,2340.73,0,21868.6,27119.78,68.94,2081.68,14679.68,0,0,0,0
2009-02-01 16:00:00,0,2358.17,0,261.83,9227.97,5172.61,5570.84,0,0,1661.66,12371.89,178.57,0,13191.45,1277.96,3740.83,68985.0,0,17057.05,0,0,79744.62,0,0,0,2298.42,2335.44,0,21553.15,26929.76,68.11,2036.58,14769.84,0,0,0,0
2009-02-01 17:00:00,0,2356.86,0,260.84,9401.01,4994.51,5703.94,0,0,1651.86,12151.16,177.03,0,13998.33,1243.64,3810.51,68486.04,0,17408.3,0,0,81406.54,0,0,0,2305.94,2357.07,0,21150.1,26702.27,66.66,2001.03,14831.8,0,0,0,0
2009-02-01 18:00:00,0,2418.09,0,258.75,10105.99,4933.16,6018.98,0,0,1667.1,11807.53,181.87,0,14499.16,1268.23,4014.37,69210.1,0,18162.69,0,0,84893.69,0,0,0,2391.13,2475.77,0,21503.13,26748.04,66.63,1990.12,14862.61,0,0,0,0
2009-02-01 19:00:00,0,2659.11,0,323.66,12504.45,6089.54,7293.48,0,0,2069.0,13486.5,225.24,0,16802.62,1588.71,4675.55,79297.06,0,20837.5,0,0,97910.11,0,0,0,2769.52,2709.3,0,25093.52,30289.61,84.88,2502.75,17647.82,0,0,0,0
2009-02-01 20:00:00,0,2786.01,0,320.05,12626.81,6106.8,7081.83,0,0,1951.98,12739.03,228.22,0,15988.99,1527.81,4610.96,79843.17,0,20331.86,0,0,95746.95,0,0,0,2801.53,2727.76,0,25945.49,31256.06,85.26,2384.91,18334.42,0,0,0,0
2009-02-01 21:00:00,0,2901.47,0,311.03,12527.93,6022.42,6833.67,0,0,1849.55,11983.25,229.7,0,15129.16,1461.56,4550.6,79595.07,0,19662.06,0,0,93455.37,0,0,0,2760.47,2693.88,0,26078.97,32051.15,84.63,2245.09,18787.34,0,0,0,0
2009-02-01 22:00:00,0,2847.02,0,291.47,12014.4,5647.68,6547.95,0,0,1741.43,11236.27,217.81,0,14275.23,1407.31,4486.37,77745.74,0,18662.68,0,0,91251.67,0,0,0,2638.99,2606.77,0,25258.03,31324.79,83.48,2112.36,18444.6,0,0,0,0
2009-02-01 23:00:00,0,2757.18,0,270.99,11477.52,5215.31,6237.83,0,0,1629.28,10508.02,203.08,0,13454.9,1351.69,4404.53,75726.55,0,17655.23,0,0,89005.22,0,0,0,2529.94,2531.69,0,24397.0,30431.98,83.12,1981.39,17953.14,0,0,0,0
2009-02-02 00:00:00,0,2672.76,0,252.26,10942.25,4848.62,5980.46,0,0,1518.4,9669.92,188.94,0,12629.64,1332.15,4326.38,73600.67,0,16616.25,0,0,86698.64,0,0,0,2439.69,2469.55,0,23477.0,29425.32,83.74,1844.77,17519.02,0,0,0,0
2009-02-02 01:00:00,0,2611.65,0,237.37,10567.41,4563.7,5727.56,0,0,1414.92,8782.32,176.57,0,12164.77,1313.12,4210.81,71355.74,0,15538.74,0,0,84548.86,0,0,0,2367.12,2403.87,0,22524.77,28444.66,83.26,1743.11,16964.77,0,0,0,0
2009-02-02 02:00:00,0,2592.5,0,222.6,10419.33,4290.13,5597.29,0,0,1324.79,8290.44,169.31,0,12056.36,1338.24,4146.06,69240.87,0,14781.11,0,0,82934.0,0,0,0,2364.06,2446.31,0,22150.17,27765.72,83.23,1660.4,16545.48,0,0,0,0
2009-02-02 03:00:00,0,2671.21,0,226.06,10615.23,4296.92,5805.79,0,0,1359.35,8380.01,170.08,0,12311.57,1429.19,4169.47,68454.4,0,14661.49,0,0,84489.32,0,0,0,2451.17,2564.13,0,22639.97,27629.23,84.24,1655.5,16556.3,0,0,0,0
2009-02-02 04:00:00,0,2782.98,0,237.63,11238.83,4493.54,6204.54,0,0,1422.09,8751.72,175.68,0,12663.79,1507.44,4273.14,70195.78,0,15197.7,0,0,87371.15,0,0,0,2561.62,2653.5,0,23405.23,28217.26,86.58,1699.66,17002.24,0,0,0,0
2009-02-02 05:00:00,0,2883.49,0,251.26,11902.82,4731.99,6648.09,0,0,1479.23,9104.89,183.4,0,12951.34,1600.71,4453.04,72380.86,0,15836.07,0,0,90128.58,0,0,0,2680.15,2746.12,0,24378.69,29287.18,89.59,1776.06,17608.94,0,0,0,0
2009-02-02 06:00:00,0,2975.9,0,266.34,12523.35,4941.34,7063.73,0,0,1542.78,9557.46,187.32,0,13268.78,1650.28,4684.58,74844.33,0,16485.98,0,0,93168.46,0,0,0,2813.65,2854.64,0,25188.18,30371.15,92.49,1865.35,18252.05,0,0,0,0
2009-02-02 07:00:00,0,3081.38,0,278.77,13173.84,5228.77,7450.49,0,0,1601.45,10039.49,192.35,0,13599.5,1650.28,4849.85,77365.41,0,17166.53,0,0,96353.04,0,0,0,2942.44,2956.37,0,25961.77,31438.45,95.48,1960.02,18957.5,0,0,0,0
2009-02-02 08:00:00,0,3180.3,0,296.92,14157.85,5604.32,7894.61,0,0,1755.23,11264.87,208.16,0,14973.03,1708.21,5062.35,79807.15,0,19236.14,0,0,102134.61,0,0,0,3184.9,3107.27,0,27076.61,32475.48,98.57,2105.98,19823.57,0,0,0,0
2009-02-02 09:00:00,0,3324.5,0,307.51,13587.47,5777.04,7514.64,0,0,1816.27,11565.21,213.76,0,14910.43,1704.39,5247.52,84567.96,0,19490.57,0,0,102306.1,0,0,0,3061.32,2937.49,0,28364.0,34132.15,101.19,2163.33,20960.29,0,0,0,0
2009-02-02 10:00:00,0,3194.58,0,308.18,12697.13,5559.75,6854.93,0,0,1826.67,12156.1,198.14,0,14634.8,1545.73,5176.61,85248.59,0,19291.23,0,0,98409.09,0,0,0,2784.25,2714.53,0,27140.84,34306.91,100.16,2165.02,21118.48,0,0,0,0
2009-02-02 11:00:00,0,2977.04,0,299.25,12028.55,5385.4,6400.46,0,0,1875.95,12681.48,193.25,0,14364.05,1463.86,5056.84,83854.65,0,19049.37,0,0,94195.7,0,0,0,2662.9,2578.33,0,26163.59,33311.63,96.19,2129.71,20886.55,0,0,0,0
2009-02-02 12:00:00,0,2813.49,0,293.38,11585.25,5352.23,6144.09,0,0,1902.44,13004.85,191.88,0,14238.59,1398.21,4921.86,82971.08,0,18988.88,0,0,91719.58,0,0,0,2588.67,2484.26,0,25536.45,32513.71,92.41,2152.91,20608.38,0,0,0,0
2009-02-02 13:00:00,0,2689.95,0,292.68,11301.28,5447.22,6006.97,0,0,1928.03,13288.68,191.24,0,14166.28,1358.03,4813.66,81875.13,0,18965.75,0,0,89878.18,0,0,0,2531.26,2415.16,0,24979.52,31915.55,90.31,2170.87,20319.58,0,0,0,0
2009-02-02 14:00:00,0,2621.99,0,288.25,11057.64,5467.97,5938.9,0,0,1935.33,13578.09,193.93,0,14111.59,1358.59,4714.68,80755.14,0,18952.93,0,0,88363.89,0,0,0,2476.14,2368.24,0,25124.89,31556.83,89.31,2194.21,20045.46,0,0,0,0
2009-02-02 15:00:00,0,2551.21,0,287.89,10845.38,5573.29,5966.03,0,0,1958.39,13789.53,197.04,0,14050.37,1365.97,4635.32,79724.64,0,18863.95,0,0,87482.66,0,0,0,2431.72,2326.38,0,25571.41,31155.99,88.12,2269.04,19763.14,0,0,0,0
2009-02-02 16:00:00,0,2489.33,0,279.93,10861.04,5621.03,6074.32,0,0,1979.52,13882.55,199.35,0,14307.59,1388.91,4557.18,79000.32,0,19075.57,0,0,87574.06,0,0,0,2421.54,2285.6,0,25846.01,30791.09,87.01,2265.79,19465.41,0,0,0,0
2009-02-02 17:00:00,0,2443.25,0,283.09,11081.37,5740.01,6256.48,0,0,1973.07,14171.46,201.85,0,15258.25,1411.63,4570.41,79156.76,0,19798.99,0,0,91067.62,0,0,0,2456.28,2309.2,0,25891.46,30248.69,86.77,2273.28,19179.03,0,0,0,0
2009-02-02 18:00:00,0,2557.2,0,277.35,11695.29,5597.15,6520.56,0,0,1964.52,13978.25,205.01,0,15758.98,1453.46,4765.74,80998.98,0,20554.43,0,0,95424.65,0,0,0,2494.66,2381.68,0,26028.47,30159.04,86.52,2251.21,19570.81,0,0,0,0
2009-02-02 19:00:00,0,2797.84,0,303.57,12638.1,5920.04,7212.17,0,0,2070.41,14134.4,217.31,0,16798.04,1537.54,5151.08,88040.44,0,20989.74,0,0,103510.6,0,0,0,2704.61,2663.02,0,27802.45,31740.66,90.21,2451.21,20665.46,0,0,0,0
2009-02-02 20:00:00,0,2930.42,0,298.81,12801.72,5798.57,6970.0,0,0,1948.96,13223.12,214.57,0,16041.56,1454.42,5176.49,89278.63,0,20629.16,0,0,102639.01,0,0,0,2741.26,2644.41,0,28498.14,32989.84,90.85,2336.27,21610.83,0,0,0,0
2009-02-02 21:00:00,0,3047.35,0,289.35,12683.69,5484.22,6740.3,0,0,1835.28,12454.28,206.27,0,15234.92,1371.42,5227.84,89104.89,0,19993.85,0,0,101180.29,0,0,0,2777.24,2607.72,0,28008.34,33890.25,90.8,2191.8,22083.59,0,0,0,0
2009-02-02 22:00:00,0,2983.64,0,272.09,12126.41,5068.44,6511.01,0,0,1729.55,11718.4,189.74,0,14396.06,1286.73,5245.63,87710.0,0,19045.52,0,0,99171.24,0,0,0,2631.72,2519.14,0,27262.53,33216.75,90.19,2092.88,21868.29,0,0,0,0
2009-02-02 23:00:00,0,2890.62,0,246.02,11574.72,4647.78,6260.63,0,0,1618.72,10928.01,174.62,0,13518.39,1200.08,5248.1,86073.79,0,18025.4,0,0,96781.35,0,0,0,2492.82,2414.26,0,26553.7,32327.7,88.78,1972.21,21411.72,0,0,0,0
2009-02-03 00:00:00,0,2810.81,0,232.69,11198.41,4243.7,6071.35,0,0,1502.43,10129.33,160.67,0,12644.86,1126.05,5229.36,84090.76,0,16983.65,0,0,94625.35,0,0,0,2362.4,2312.92,0,25914.8,31419.3,87.26,1829.49,20962.75,0,0,0,0
2009-02-03 01:00:00,0,2766.68,0,220.17,10798.17,3842.99,5882.43,0,0,1392.97,9259.02,147.22,0,12030.25,1050.03,5203.72,82035.48,0,15844.57,0,0,92582.34,0,0,0,2255.64,2235.75,0,25266.51,30602.51,86.09,1701.98,20495.72,0,0,0,0
2009-02-03 02:00:00,0,2805.57,0,213.55,10779.47,3536.99,5863.75,0,0,1297.57,8468.69,140.06,0,12008.53,1025.89,5177.04,81087.01,0,14993.97,0,0,91272.41,0,0,0,2226.53,2244.32,0,24982.23,30205.85,85.74,1577.01,20633.74,0,0,0,0
2009-02-03 03:00:00,0,2915.76,0,219.06,11070.54,3562.85,6056.48,0,0,1280.73,8477.25,138.09,0,12346.9,1076.45,5187.15,81529.78,0,14934.29,0,0,92220.79,0,0,0,2248.87,2327.35,0,25547.76,30022.6,87.15,1523.42,20847.51,0,0,0,0
2009-02-03 04:00:00,0,3043.92,0,237.74,11606.9,3827.23,6515.29,0,0,1312.74,8806.56,148.72,0,12776.03,1184.05,5273.1,83346.26,0,15570.04,0,0,95064.07,0,0,0,2348.46,2434.34,0,26589.68,30355.64,89.21,1572.89,21247.09,0,0,0,0
2009-02-03 05:00:00,0,3183.21,0,272.5,12292.28,4152.84,7028.61,0,0,1370.82,9196.51,157.53,0,13179.73,1282.1,5337.59,85395.11,0,16241.58,0,0,97865.0,0,0,0,2480.14,2552.5,0,27800.94,31229.98,91.22,1642.43,21614.64,0,0,0,0
2009-02-03 06:00:00,0,3297.76,0,305.64,13122.45,4523.48,7514.51,0,0,1451.8,9574.08,165.56,0,13548.19,1360.02,5410.37,87554.22,0,16868.19,0,0,100714.44,0,0,0,2613.8,2675.35,0,28934.16,32161.8,94.55,1710.84,21953.51,0,0,0,0
2009-02-03 07:00:00,0,3432.01,0,334.63,13908.6,4976.17,7916.86,0,0,1554.24,10014.54,185.4,0,13867.28,1456.16,5528.23,89336.35,0,17495.35,0,0,103164.78,0,0,0,2774.76,2828.16,0,30008.1,33128.72,96.77,1820.87,22258.73,0,0,0,0
2009-02-03 08:00:00,0,3564.5,0,383.36,15240.12,5685.23,8461.63,0,0,1783.65,11073.7,224.07,0,15138.47,1747.37,5660.42,90823.69,0,19651.95,0,0,109786.19,0,0,0,3023.88,3030.79,0,32098.42,34152.1,99.87,2052.1,22843.38,0,0,0,0
2009-02-03 09:00:00,0,3770.16,0,389.13,15429.37,6574.34,8869.76,0,0,1995.26,12178.18,245.75,0,15857.59,1915.88,5773.06,95736.18,0,20306.03,0,0,111239.95,0,0,0,3189.41,3266.57,0,33958.76,36144.91,103.73,2331.85,23543.12,0,0,0,0
2009-02-03 10:00:00,0,3863.83,0,379.92,15077.42,6720.07,8828.31,0,0,2110.08,13188.85,239.04,0,15998.1,1888.66,5624.47,94913.04,0,20648.18,0,0,107428.82,0,0,0,3188.15,3287.46,0,32652.59,36939.95,107.39,2390.92,21927.36,0,0,0,0
2009-02-03 11:00:00,0,3815.23,0,366.21,14171.49,6491.36,8346.97,0,0,2118.04,13445.98,229.37,0,16038.17,1784.29,5556.18,92869.8,0,20778.75,0,0,103239.44,0,0,0,3099.43,3159.14,0,30982.25,36580.21,108.35,2384.61,21237.36,0,0,0,0
2009-02-03 12:00:00,0,3708.76,0,351.65,13485.91,6261.83,7785.88,0,0,2103.74,13575.13,221.04,0,16049.92,1698.48,5537.98,91475.28,0,20741.67,0,0,101027.69,0,0,0,2956.61,2959.18,0,28968.94,35940.17,108.08,2350.61,21200.24,0,0,0,0
2009-02-03 13:00:00,0,3573.53,0,337.32,12965.04,6039.66,7313.45,0,0,2025.22,13426.51,206.41,0,16047.9,1594.52,5539.94,89910.35,0,20753.51,0,0,99141.12,0,0,0,2816.06,2800.38,0,27302.28,35279.29,107.11,2293.83,21383.26,0,0,0,0
2009-02-03 14:00:00,0,3441.06,0,325.41,12679.72,5775.57,6946.37,0,0,1910.65,13014.17,198.46,0,16170.36,1524.43,5611.3,88241.22,0,20902.29,0,0,98553.52,0,0,0,2730.53,2697.22,0,25689.02,34691.59,105.48,2212.62,21494.63,0,0,0,0
2009-02-03 15:00:00,0,3318.16,0,310.71,12593.71,5574.17,6787.78,0,0,1812.15,12551.94,195.78,0,16242.98,1473.79,5621.34,86539.54,0,21028.16,0,0,97702.44,0,0,0,2699.81,2637.57,0,24965.26,34065.11,104.06,2166.4,21589.49,0,0,0,0
2009-02-03 16:00:00,0,3210.53,0,301.77,12561.33,5562.01,6858.37,0,0,1718.59,12132.94,194.8,0,16408.05,1430.76,5675.14,85169.26,0,21262.91,0,0,98201.97,0,0,0,2676.81,2645.49,0,24722.11,33437.12,102.33,2161.16,21977.9,0,0,0,0
2009-02-03 17:00:00,0,3165.69,0,296.02,12804.88,5543.72,7173.76,0,0,1711.24,11778.34,196.57,0,16875.71,1404.24,5729.77,84424.76,0,21663.74,0,0,101695.64,0,0,0,2661.01,2720.0,0,24524.16,32973.7,100.09,2161.44,22533.7,0,0,0,0
2009-02-03 18:00:00,0,3244.4,0,303.27,13548.53,5535.13,7983.03,0,0,1794.63,11425.36,210.63,0,17217.86,1397.84,5799.66,85347.85,0,22232.64,0,0,105277.69,0,0,0,2764.22,2820.54,0,25280.02,32799.3,97.87,2154.26,22805.44,0,0,0,0
2009-02-03 19:00:00,0,3570.64,0,341.77,14240.13,6611.38,8936.04,0,0,2163.86,13895.95,250.62,0,17893.64,1762.84,6250.12,92888.2,0,22650.19,0,0,114635.8,0,0,0,3053.66,3184.1,0,29740.37,34042.54,101.88,2639.98,25615.87,0,0,0,0
2009-02-03 20:00:00,0,3715.2,0,335.18,14656.82,6759.76,8883.13,0,0,2131.06,13631.87,251.91,0,17009.72,1748.35,6263.19,93544.89,0,22352.72,0,0,113266.99,0,0,0,3082.21,3226.76,0,32146.56,35195.19,101.6,2526.25,26574.27,0,0,0,0
2009-02-03 21:00:00,0,3803.43,0,325.06,14691.05,6680.09,8678.68,0,0,2113.03,13351.48,253.19,0,16149.1,1717.46,6230.0,92375.79,0,21529.68,0,0,110589.6,0,0,0,3067.5,3190.25,0,33156.74,35865.33,101.2,2422.45,27046.93,0,0,0,0
2009-02-03 22:00:00,0,3729.61,0,304.83,14593.47,6433.25,8386.2,0,0,2088.75,12840.58,242.4,0,15342.02,1659.88,6186.42,90620.72,0,20618.0,0,0,108531.42,0,0,0,2953.7,3113.68,0,33485.23,35229.18,100.38,2309.9,26598.67,0,0,0,0
2009-02-03 23:00:00,0,3653.78,0,283.95,14560.61,6104.42,8003.96,0,0,2040.33,12293.13,218.91,0,14533.97,1596.46,6142.0,88828.26,0,19780.11,0,0,106639.28,0,0,0,2864.75,3064.18,0,33563.01,34339.91,99.69,2182.42,26069.75,0,0,0,0
2009-02-04 00:00:00,0,3595.85,0,267.17,14547.23,5681.74,7838.34,0,0,1968.93,11623.83,203.19,0,13810.49,1491.42,6099.06,86998.29,0,18930.73,0,0,104581.07,0,0,0,2852.95,3038.84,0,33355.24,33362.39,99.33,2035.82,25573.29,0,0,0,0
2009-02-04 01:00:00,0,3567.33,0,275.17,14666.92,5281.65,7776.17,0,0,1890.11,10923.25,190.94,0,13360.31,1399.78,6080.13,85244.29,0,18055.56,0,0,102817.35,0,0,0,2908.99,3062.64,0,33042.69,32560.02,99.02,1888.43,25176.1,0,0,0,0
2009-02-04 02:00:00,0,3600.18,0,302.78,15056.95,5018.8,8020.23,0,0,1834.43,10675.83,167.02,0,13460.77,1368.12,6100.9,84415.13,0,17455.17,0,0,101923.59,0,0,0,3068.49,3195.7,0,33071.75,31933.07,99.84,1764.19,25239.01,0,0,0,0
2009-02-04 03:00:00,0,3678.69,0,331.88,15515.71,5100.08,8553.03,0,0,1895.26,11114.96,161.22,0,13884.34,1406.99,6183.04,84745.61,0,17362.55,0,0,102410.78,0,0,0,3321.39,3424.39,0,33534.45,31700.47,101.33,1687.71,25695.35,0,0,0,0
2009-02-04 04:00:00,0,3757.05,0,363.12,16125.94,5263.8,9114.74,0,0,1983.75,11731.93,186.56,0,14267.02,1584.9,6343.41,86152.36,0,17731.46,0,0,105479.14,0,0,0,3527.97,3646.27,0,34332.73,32027.93,103.15,1696.76,26412.54,0,0,0,0
2009-02-04 05:00:00,0,3845.52,0,391.28,16677.46,5433.06,9604.8,0,0,2055.95,12303.27,217.45,0,14687.08,1803.81,6512.88,88220.54,0,18283.3,0,0,108380.25,0,0,0,3695.36,3821.84,0,35357.79,32799.97,105.2,1729.4,27157.21,0,0,0,0
2009-02-04 06:00:00,0,3948.25,0,412.77,17247.46,5804.81,10174.2,0,0,2099.28,12785.48,256.79,0,15187.12,2036.9,6669.12,90560.67,0,18938.18,0,0,111727.45,0,0,0,3824.62,3970.22,0,36449.98,33639.24,107.67,1837.14,27841.56,0,0,0,0
2009-02-04 07:00:00,0,4054.44,0,430.62,17713.67,6489.42,10728.69,0,0,2206.07,13331.87,285.51,0,15706.65,2241.09,6856.89,92521.87,0,19603.13,0,0,115491.09,0,0,0,3922.5,4081.86,0,37555.97,34511.82,110.17,2053.29,28545.35,0,0,0,0
2009-02-04 08:00:00,0,4140.15,0,383.36,15240.12,7783.0,11212.15,0,0,2393.83,14755.06,308.53,0,17300.78,2527.44,7132.42,94477.15,0,21906.49,0,0,123475.93,0,0,0,4171.12,4274.53,0,32098.42,35359.22,111.91,2474.2,29702.23,0,0,0,0
2009-02-04 09:00:00,0,4212.9,0,389.13,15429.37,8736.28,11333.94,0,0,2483.73,14457.52,325.12,0,17325.19,2620.79,5773.06,100027.11,0,22082.13,0,0,124101.4,0,0,0,4173.03,4369.94,0,33958.76,37058.28,113.78,2861.05,23543.12,0,0,0,0
2009-02-04 10:00:00,0,3998.16,0,379.92,18008.28,8847.04,11170.01,0,0,2594.9,14473.28,319.77,0,16920.06,2552.92,7070.36,99821.7,0,21922.31,0,0,120629.89,0,0,0,4012.21,4202.29,0,40438.11,37178.07,112.62,2973.5,30233.72,0,0,0,0
2009-02-04 11:00:00,0,3802.35,0,366.21,16749.39,8724.72,10394.79,0,0,2599.89,14790.99,310.51,0,16588.35,2458.66,6829.91,97834.16,0,21678.56,0,0,116198.53,0,0,0,3857.45,4043.85,0,38912.9,36443.48,109.69,2998.64,29049.12,0,0,0,0
2009-02-04 12:00:00,0,3631.78,0,351.65,15718.78,8421.97,9436.03,0,0,2561.15,14817.95,297.39,0,16388.95,2332.92,6558.16,95673.86,0,21561.63,0,0,112266.38,0,0,0,3712.12,3788.91,0,37017.74,35528.84,106.45,2964.11,27740.74,0,0,0,0
2009-02-04 13:00:00,0,3459.91,0,449.94,14972.94,7988.44,8819.24,0,0,2486.2,14545.0,282.36,0,16243.03,2221.56,6296.34,93461.48,0,21446.41,0,0,109013.09,0,0,0,3555.68,3561.07,0,35265.05,34656.96,103.75,2897.98,26421.52,0,0,0,0
2009-02-04 14:00:00,0,3303.39,0,427.79,14563.38,7625.45,8485.14,0,0,2394.7,14112.61,267.99,0,16186.54,2092.82,6098.05,91410.53,0,21307.82,0,0,107074.74,0,0,0,3416.67,3411.08,0,33971.36,33895.03,101.94,2815.23,25224.74,0,0,0,0
2009-02-04 15:00:00,0,3149.5,0,400.9,14346.62,7321.4,8304.44,0,0,2294.07,13667.13,254.79,0,16253.79,1982.82,5952.98,89681.99,0,21324.29,0,0,105861.22,0,0,0,3310.18,3308.67,0,32921.71,33106.76,100.22,2718.06,24312.33,0,0,0,0
2009-02-04 16:00:00,0,3035.36,0,380.37,14363.87,7115.56,8268.17,0,0,2186.62,13306.43,249.09,0,16517.52,1909.95,5865.2,88254.05,0,21575.05,0,0,106439.83,0,0,0,3270.6,3292.1,0,32356.5,32298.05,99.01,2650.21,23857.61,0,0,0,0
2009-02-04 17:00:00,0,2958.55,0,372.63,14706.24,6889.15,8576.39,0,0,2120.51,13295.89,250.51,0,17693.46,1881.65,5815.04,87464.49,0,22226.56,0,0,109137.95,0,0,0,3293.76,3357.89,0,32226.19,31539.98,97.96,2619.23,23849.79,0,0,0,0
2009-02-04 18:00:00,0,2972.96,0,372.66,15452.59,6630.97,9126.1,0,0,2138.24,13186.1,264.49,0,18476.18,1875.07,5933.8,88403.95,0,23096.71,0,0,114890.68,0,0,0,3434.14,3494.96,0,32732.29,31159.62,96.58,2591.8,24305.15,0,0,0,0
2009-02-04 19:00:00,0,3264.84,0,433.81,16917.85,8035.1,10151.2,0,0,2597.74,15565.75,315.0,0,19323.88,2222.19,6506.7,92860.78,0,23577.29,0,0,125501.34,0,0,0,3742.88,3961.3,0,36343.09,32452.59,100.09,2921.61,26422.17,0,0,0,0
2009-02-04 20:00:00,0,3389.21,0,438.36,17269.2,8287.78,9961.72,0,0,2593.33,15540.85,322.38,0,18590.04,2214.85,6552.85,93576.87,0,23253.71,0,0,124374.05,0,0,0,3787.38,3908.22,0,37400.98,33536.8,99.68,2855.46,27283.68,0,0,0,0
2009-02-04 21:00:00,0,3470.71,0,432.27,17055.24,8219.14,9791.7,0,0,2549.42,15233.66,324.53,0,17841.17,2179.64,6537.13,92809.43,0,22808.85,0,0,122688.43,0,0,0,3741.94,3839.05,0,37050.94,34203.23,98.79,2770.12,27758.97,0,0,0,0
2009-02-04 22:00:00,0,3366.06,0,420.15,16667.7,8020.13,9722.85,0,0,2501.36,14655.29,315.4,0,17034.07,2161.48,6500.01,90902.61,0,22053.76,0,0,120592.1,0,0,0,3683.72,3792.89,0,36498.43,33288.94,97.86,2708.79,27413.02,0,0,0,0
2009-02-04 23:00:00,0,3252.24,0,411.81,16246.62,7911.5,9641.08,0,0,2485.19,14092.64,303.76,0,16216.06,2155.11,6470.37,88667.0,0,21179.82,0,0,118314.55,0,0,0,3626.53,3765.92,0,35993.03,32179.61,96.84,2706.77,26852.63,0,0,0,0
2009-02-05 00:00:00,0,3139.86,0,406.23,15862.28,7899.05,9534.88,0,0,2484.53,13687.47,288.98,0,15440.76,2144.14,6412.81,86421.43,0,20326.35,0,0,116240.92,0,0,0,3573.77,3738.68,0,35666.54,31019.65,95.42,2762.78,26378.38,0,0,0,0
2009-02-05 01:00:00,0,3055.56,0,400.86,15776.76,7856.52,9469.71,0,0,2468.21,13440.11,277.74,0,14821.07,2130.23,6357.8,84304.16,0,19535.47,0,0,114422.18,0,0,0,3523.3,3734.93,0,35543.58,29844.8,94.57,2809.83,26233.73,0,0,0,0
2009-02-05 02:00:00,0,2993.74,0,405.65,15747.48,7953.09,9631.12,0,0,2494.27,13831.24,279.38,0,14663.58,2125.7,6336.88,82760.26,0,19005.61,0,0,113111.21,0,0,0,3576.47,3830.38,0,35988.77,28819.88,94.68,2838.07,26251.13,0,0,0,0
2009-02-05 03:00:00,0,3003.77,0,420.77,16053.11,8282.71,9890.63,0,0,2587.82,14467.99,289.53,0,14991.58,2142.1,6411.58,82144.39,0,18874.29,0,0,113138.69,0,0,0,3685.31,3960.46,0,36962.54,28296.56,95.54,2909.33,26517.97,0,0,0,0
2009-02-05 04:00:00,0,3038.89,0,437.9,16583.89,8605.44,10259.38,0,0,2688.37,15176.7,297.56,0,15345.88,2224.6,6501.74,83007.27,0,19084.26,0,0,115275.27,0,0,0,3825.74,4083.09,0,37908.22,28435.51,96.65,3052.72,27042.06,0,0,0,0
2009-02-05 05:00:00,0,3080.61,0,450.1,17161.74,8957.0,10672.63,0,0,2792.71,15835.16,305.37,0,15663.15,2333.28,6593.44,84335.73,0,19545.13,0,0,117846.97,0,0,0,3978.08,4217.9,0,38749.53,29098.12,98.55,3177.44,27602.65,0,0,0,0
2009-02-05 06:00:00,0,3122.48,0,456.25,17742.78,9324.58,11096.87,0,0,2895.16,16412.7,317.36,0,16037.14,2435.82,6680.12,85899.89,0,20192.94,0,0,120772.7,0,0,0,4121.09,4362.72,0,39537.93,29893.33,100.48,3286.51,28055.04,0,0,0,0
2009-02-05 07:00:00,0,3143.51,0,466.3,18315.81,6489.42,11470.31,0,0,2206.07,16994.03,331.1,0,16438.69,2535.71,6765.69,87313.2,0,20927.65,0,0,123575.39,0,0,0,4241.53,4499.89,0,40392.63,30700.32,102.14,3404.55,28437.99,0,0,0,0
2009-02-05 08:00:00,0,3163.72,0,509.81,19581.02,7783.0,11847.4,0,0,2393.83,18263.27,345.6,0,18159.47,2697.8,6866.61,88644.73,0,23060.25,0,0,130320.59,0,0,0,4405.65,4614.88,0,41620.44,31496.24,103.24,2474.2,29014.85,0,0,0,0
2009-02-05 09:00:00,0,3212.87,0,512.94,19128.92,10471.71,11661.4,0,0,2483.73,14457.52,349.74,0,18301.15,2718.41,6862.39,92748.3,0,23193.75,0,0,129075.73,0,0,0,4275.0,4482.97,0,41858.68,32905.83,104.03,2861.05,29597.83,0,0,0,0
2009-02-05 10:00:00,0,3078.84,0,494.25,18000.36,10075.18,11163.3,0,0,2594.9,14473.28,341.69,0,18170.81,2635.66,6485.14,90563.65,0,22940.54,0,0,122868.47,0,0,0,4091.04,4251.21,0,39182.03,32791.98,102.11,2973.5,27631.84,0,0,0,0
2009-02-05 11:00:00,0,2882.48,0,469.63,16914.51,9443.31,10604.23,0,0,2950.43,18212.34,334.16,0,17956.91,2530.1,6132.93,87262.72,0,22647.66,0,0,116244.26,0,0,0,3936.74,4017.54,0,37012.32,31928.79,97.12,3473.85,26085.63,0,0,0,0
2009-02-05 12:00:00,0,2694.01,0,446.92,15980.07,8800.02,10121.41,0,0,2794.96,17658.82,314.78,0,17729.38,2406.08,5874.69,84877.4,0,22417.72,0,0,110768.63,0,0,0,3769.66,3815.61,0,35295.42,30969.76,92.86,3269.0,24784.11,0,0,0,0
2009-02-05 13:00:00,0,2517.46,0,425.92,15215.39,8217.47,9715.36,0,0,2653.88,17014.23,301.43,0,17490.34,2304.48,5686.71,82928.13,0,22226.8,0,0,106762.25,0,0,0,3606.53,3625.53,0,33809.29,30032.64,89.39,3066.96,23546.24,0,0,0,0
2009-02-05 14:00:00,0,2369.1,0,404.34,14685.43,7829.55,9382.05,0,0,2522.61,16197.41,285.44,0,17301.92,2181.3,5510.23,81110.36,0,22056.03,0,0,104179.95,0,0,0,3454.61,3467.46,0,32552.68,29179.36,86.31,2920.35,22303.42,0,0,0,0
2009-02-05 15:00:00,0,2238.58,0,388.17,14330.61,7473.19,9129.0,0,0,2390.2,15414.24,271.18,0,17373.12,2063.27,5340.3,79418.96,0,22011.29,0,0,102351.47,0,0,0,3351.73,3353.92,0,31640.51,28423.61,83.35,2772.57,21297.93,0,0,0,0
2009-02-05 16:00:00,0,2140.03,0,376.35,14270.18,7242.79,9051.18,0,0,2266.7,14703.55,259.92,0,17609.39,1946.23,5181.47,78142.4,0,22232.8,0,0,102031.2,0,0,0,3290.09,3344.02,0,30910.51,27851.49,80.78,2651.83,20850.06,0,0,0,0
2009-02-05 17:00:00,0,2099.67,0,369.62,14205.08,7027.45,9217.97,0,0,2183.66,14290.64,257.51,0,18508.84,1885.64,5074.07,77471.26,0,22821.25,0,0,104226.49,0,0,0,3271.91,3385.33,0,30244.38,27388.24,78.8,2585.39,20681.06,0,0,0,0
2009-02-05 18:00:00,0,2199.7,0,385.68,15081.04,7125.06,10005.74,0,0,2254.58,14236.66,275.96,0,19173.87,2074.4,5203.42,78253.29,0,23500.25,0,0,109915.75,0,0,0,3499.49,3613.23,0,31350.98,27300.75,78.41,2693.87,21599.51,0,0,0,0
2009-02-05 19:00:00,0,2426.07,0,421.76,16058.1,8538.15,10997.06,0,0,2585.31,15974.92,310.88,0,19948.36,2298.12,5540.09,83249.58,0,23888.7,0,0,120371.1,0,0,0,3772.23,4117.91,0,33000.82,28395.66,82.11,3150.12,22419.47,0,0,0,0
2009-02-05 20:00:00,0,2539.35,0,429.62,16337.03,8862.62,10768.94,0,0,2560.8,15734.5,316.89,0,19127.03,2298.43,5515.58,83388.07,0,23356.41,0,0,118342.73,0,0,0,3842.0,4143.74,0,34345.0,29366.85,81.96,3128.09,23224.19,0,0,0,0
2009-02-05 21:00:00,0,2627.63,0,430.26,16129.69,8818.35,10503.81,0,0,2512.72,15309.38,318.4,0,18341.5,2277.98,5433.5,82726.73,0,22752.72,0,0,115874.63,0,0,0,3812.04,4071.64,0,34244.95,30215.89,80.68,3079.98,23518.52,0,0,0,0
2009-02-05 22:00:00,0,2555.89,0,420.03,15564.53,8611.87,10265.36,0,0,2465.85,14744.5,307.63,0,17638.04,2251.21,5339.86,80670.34,0,21845.35,0,0,112979.37,0,0,0,3735.09,4015.85,0,33465.02,29668.46,79.14,3029.87,22939.23,0,0,0,0
2009-02-05 23:00:00,0,2434.65,0,406.65,15008.32,8333.31,10028.14,0,0,2409.7,14110.67,295.29,0,16899.43,2205.37,5177.99,78341.79,0,20891.53,0,0,109708.2,0,0,0,3641.21,3935.85,0,32414.63,28596.58,77.82,2963.26,22147.65,0,0,0,0
2009-02-06 00:00:00,0,2305.03,0,391.22,14633.56,8009.78,9795.95,0,0,2345.11,13438.8,284.38,0,16133.43,2173.01,5031.76,75833.89,0,19912.1,0,0,106463.83,0,0,0,3550.62,3873.01,0,31328.37,27520.84,76.86,2904.81,21310.09,0,0,0,0
2009-02-06 01:00:00,0,2172.84,0,375.2,14361.23,7709.35,9682.35,0,0,2261.59,12904.42,276.44,0,15463.06,2132.18,4876.62,73203.37,0,18931.95,0,0,103756.67,0,0,0,3470.04,3851.15,0,30404.91,26365.29,76.22,2839.44,20471.86,0,0,0,0
2009-02-06 02:00:00,0,2092.34,0,365.39,14379.23,7652.22,9774.68,0,0,2244.31,12918.8,273.86,0,15310.06,2112.45,4746.64,70827.62,0,18233.84,0,0,101588.7,0,0,0,3441.63,3877.28,0,30232.16,25229.09,75.68,2800.63,20057.7,0,0,0,0
2009-02-06 03:00:00,0,2094.85,0,369.17,14656.55,7818.4,9970.78,0,0,2285.55,13216.21,279.78,0,15481.16,2146.46,4694.84,70170.44,0,17970.93,0,0,101788.26,0,0,0,3470.45,3900.52,0,30799.75,24746.87,75.78,2831.74,20275.72,0,0,0,0
2009-02-06 04:00:00,0,2147.0,0,380.4,15183.13,8026.69,10291.45,0,0,2334.96,13587.75,287.28,0,15696.17,2208.03,4736.39,71471.81,0,18263.69,0,0,103698.06,0,0,0,3534.44,3929.62,0,31599.25,24900.2,77.01,2905.58,20698.11,0,0,0,0
2009-02-06 05:00:00,0,2203.38,0,393.05,15726.25,8282.51,10623.88,0,0,2395.79,13994.23,294.96,0,15926.74,2274.36,4790.55,72978.64,0,18770.54,0,0,105546.75,0,0,0,3629.78,3988.33,0,32485.63,25601.48,78.11,2981.3,21096.68,0,0,0,0
2009-02-06 06:00:00,0,2254.52,0,404.7,16269.05,8564.31,10932.62,0,0,2456.4,14407.12,303.65,0,16167.88,2349.46,4871.67,74561.64,0,19344.02,0,0,107774.15,0,0,0,3734.72,4059.02,0,33277.74,26392.13,79.43,3065.62,21416.79,0,0,0,0
2009-02-06 07:00:00,0,2305.46,0,418.89,16843.23,8857.18,11190.85,0,0,2527.18,14823.58,314.14,0,16465.29,2421.68,4969.86,76142.47,0,19953.94,0,0,110060.12,0,0,0,3838.46,4131.99,0,34204.02,27182.53,80.69,3139.85,21759.99,0,0,0,0
2009-02-06 08:00:00,0,2348.87,0,459.43,18002.8,9166.78,11495.76,0,0,2634.66,16065.76,319.33,0,17805.35,2477.91,5193.6,77983.76,0,21989.0,0,0,115629.67,0,0,0,3990.74,4241.82,0,35659.17,27981.42,81.81,3231.41,22631.66,0,0,0,0
2009-02-06 09:00:00,0,2477.81,0,432.4,17534.22,8275.62,10599.14,0,0,2438.19,15054.63,301.77,0,17387.89,2290.88,5226.75,82600.08,0,21958.63,0,0,113194.68,0,0,0,3717.02,3909.77,0,35910.57,29630.62,83.73,2970.72,22946.81,0,0,0,0
2009-02-06 10:00:00,0,2380.65,0,398.04,16108.34,7349.42,9314.29,0,0,2272.14,14165.8,270.53,0,16761.56,2078.53,5005.46,81972.76,0,21635.29,0,0,107793.17,0,0,0,3356.9,3486.69,0,32523.46,29814.2,81.51,2686.97,21203.04,0,0,0,0
2009-02-06 11:00:00,0,2248.72,0,367.57,14656.4,6931.97,8260.21,0,0,2166.37,13754.75,252.45,0,16341.25,1964.78,4809.1,79961.96,0,21244.36,0,0,102459.48,0,0,0,3085.59,3158.25,0,29377.93,29497.68,79.39,2517.94,19564.04,0,0,0,0
2009-02-06 12:00:00,0,2136.54,0,343.92,13455.51,6652.02,7512.42,0,0,2100.85,13673.68,237.45,0,16064.57,1873.58,4642.17,77939.76,0,21009.53,0,0,98018.82,0,0,0,2899.01,2906.83,0,27268.19,29080.73,78.21,2393.53,18298.09,0,0,0,0
2009-02-06 13:00:00,0,2034.9,0,324.27,12585.7,6415.81,7005.68,0,0,2038.93,13594.47,227.37,0,15862.38,1777.11,4504.19,76653.38,0,20764.71,0,0,94671.57,0,0,0,2754.88,2711.86,0,25836.39,28579.82,75.96,2298.4,17408.7,0,0,0,0
2009-02-06 14:00:00,0,1950.83,0,307.01,12022.68,6168.07,6654.31,0,0,1997.41,13294.08,218.68,0,15782.81,1683.89,4393.75,75271.22,0,20543.03,0,0,92051.39,0,0,0,2627.85,2561.8,0,24828.25,28200.57,73.19,2248.08,16961.47,0,0,0,0
2009-02-06 15:00:00,0,1878.99,0,297.13,11721.38,5942.13,6453.07,0,0,1940.26,12931.98,210.85,0,15756.51,1593.61,4307.51,74178.16,0,20521.56,0,0,90093.13,0,0,0,2548.9,2462.17,0,24000.82,27894.38,71.78,2184.26,16670.97,0,0,0,0
2009-02-06 16:00:00,0,1822.34,0,290.46,11502.93,5706.05,6447.7,0,0,1857.96,12624.86,204.61,0,15922.41,1503.05,4241.41,73326.21,0,20587.03,0,0,88842.41,0,0,0,2507.94,2426.33,0,23486.78,27568.43,70.42,2118.97,16506.78,0,0,0,0
2009-02-06 17:00:00,0,1808.97,0,290.48,11752.93,5667.06,6944.86,0,0,1843.58,12354.42,202.51,0,17210.09,1451.04,4206.73,73361.48,0,21418.39,0,0,91131.22,0,0,0,2547.77,2538.1,0,23429.99,27410.13,69.54,2090.31,16626.37,0,0,0,0
2009-02-06 18:00:00,0,1881.99,0,302.23,12876.17,5825.61,7561.88,0,0,1899.67,12130.22,208.21,0,18072.41,1581.4,4334.32,74214.32,0,22166.2,0,0,95730.01,0,0,0,2698.28,2738.12,0,24289.07,27224.1,69.47,2207.79,17005.88,0,0,0,0
2009-02-06 19:00:00,0,1953.96,0,321.03,12824.95,6153.04,8224.51,0,0,2053.65,14013.44,229.71,0,17536.72,1751.88,4219.23,74128.38,0,21114.07,0,0,98729.58,0,0,0,2978.85,3095.17,0,25169.25,26273.17,66.81,2490.71,16601.64,0,0,0,0
2009-02-06 20:00:00,0,2045.03,0,334.44,13129.51,6457.63,8189.94,0,0,2000.81,13403.63,234.59,0,16848.31,1763.91,4144.88,74479.96,0,20748.28,0,0,97863.73,0,0,0,3048.98,3180.85,0,26398.18,26864.89,65.96,2438.48,17222.36,0,0,0,0
2009-02-06 21:00:00,0,2128.36,0,339.98,13196.58,6481.42,8081.04,0,0,1943.13,12840.21,237.13,0,16162.35,1746.39,4031.41,74399.14,0,20391.18,0,0,96236.9,0,0,0,3104.7,3185.55,0,26656.78,26717.38,65.27,2375.67,17741.54,0,0,0,0
2009-02-06 22:00:00,0,2129.03,0,337.06,12722.43,6301.27,7925.16,0,0,1879.41,12315.35,232.61,0,15452.0,1732.76,3896.06,72260.31,0,19580.75,0,0,93716.16,0,0,0,3017.77,3151.5,0,26087.44,26188.91,63.96,2297.03,17281.24,0,0,0,0
2009-02-06 23:00:00,0,2004.61,0,329.11,12287.11,6050.52,7761.29,0,0,1805.95,11559.0,225.12,0,14721.94,1715.76,3742.05,69807.05,0,18719.36,0,0,90365.37,0,0,0,2932.02,3093.89,0,25209.55,25319.89,62.3,2219.68,16618.91,0,0,0,0
2009-02-07 00:00:00,0,1880.08,0,321.18,11826.03,5843.36,7597.69,0,0,1752.07,10817.87,215.78,0,14011.92,1722.59,3583.79,67418.38,0,17822.53,0,0,86857.05,0,0,0,2855.05,3023.92,0,24386.56,24387.61,60.86,2179.04,15924.24,0,0,0,0
2009-02-07 01:00:00,0,1755.35,0,313.62,11431.07,5736.29,7367.42,0,0,1706.85,10327.05,208.99,0,13477.55,1720.25,3460.94,64842.28,0,16975.72,0,0,83410.02,0,0,0,2781.39,2976.94,0,23766.59,23425.68,59.34,2148.22,15233.27,0,0,0,0
2009-02-07 02:00:00,0,1653.15,0,307.36,11284.37,5675.26,7231.79,0,0,1665.68,9968.06,205.09,0,13191.12,1712.99,3387.05,62372.75,0,16335.54,0,0,80659.33,0,0,0,2762.64,2987.42,0,23312.61,22505.06,57.7,2129.55,14759.52,0,0,0,0
2009-02-07 03:00:00,0,1619.92,0,300.55,11232.39,5707.68,7228.1,0,0,1635.3,9841.09,203.62,0,13105.98,1721.39,3344.72,60590.95,0,15955.42,0,0,79290.46,0,0,0,2790.99,3032.65,0,23246.97,21944.38,56.2,2125.02,14505.05,0,0,0,0
2009-02-07 04:00:00,0,1614.1,0,305.33,11344.6,5826.25,7358.13,0,0,1668.87,10107.96,207.71,0,13146.18,1738.55,3356.03,59554.0,0,15776.5,0,0,78924.49,0,0,0,2835.19,3083.51,0,23341.66,21671.9,55.8,2142.58,14301.53,0,0,0,0
2009-02-07 05:00:00,0,1639.69,0,303.81,11660.44,5994.97,7642.62,0,0,1725.02,10460.52,210.85,0,13278.62,1769.95,3382.1,59317.9,0,15856.23,0,0,79365.89,0,0,0,2899.73,3140.03,0,23730.1,21871.46,56.27,2183.52,14439.32,0,0,0,0
2009-02-07 06:00:00,0,1677.37,0,313.67,12096.5,6181.74,7941.36,0,0,1773.36,10776.96,217.05,0,13425.8,1814.73,3410.36,60164.01,0,16056.57,0,0,80382.0,0,0,0,2965.22,3199.18,0,24455.08,22354.54,57.03,2230.33,14743.35,0,0,0,0
2009-02-07 07:00:00,0,1718.05,0,325.43,12565.82,6336.82,8224.33,0,0,1822.86,11134.14,223.23,0,13587.09,1850.22,3439.4,61425.64,0,16263.72,0,0,81527.42,0,0,0,3037.4,3254.98,0,25179.55,22952.77,57.87,2274.11,15056.74,0,0,0,0
2009-02-07 08:00:00,0,1761.55,0,341.02,12919.41,6560.17,8361.84,0,0,1908.22,11546.41,230.39,0,13857.75,1848.01,3491.62,62779.83,0,16843.48,0,0,83823.48,0,0,0,3090.56,3319.35,0,26326.89,23539.66,58.83,2364.87,15674.77,0,0,0,0
2009-02-07 09:00:00,0,1872.56,0,334.97,12401.85,6349.57,7640.74,0,0,1859.07,11622.66,217.8,0,14020.65,1739.6,3585.9,64653.56,0,17197.4,0,0,83985.88,0,0,0,2884.62,3169.3,0,27508.93,24208.3,59.65,2312.68,16719.52,0,0,0,0
2009-02-07 10:00:00,0,1928.79,0,311.1,11570.58,5912.06,7024.56,0,0,1771.31,11785.03,199.83,0,13587.56,1566.43,3596.84,66659.02,0,17308.85,0,0,82909.82,0,0,0,2712.09,2943.03,0,25237.59,24587.59,60.25,2181.83,16459.23,0,0,0,0
2009-02-07 11:00:00,0,1887.78,0,297.24,10760.98,5749.87,6500.79,0,0,1776.39,12266.34,186.31,0,13403.54,1437.35,3564.38,68046.42,0,17179.57,0,0,81512.19,0,0,0,2561.84,2701.42,0,23550.91,24582.89,59.76,2164.9,15732.61,0,0,0,0
2009-02-07 12:00:00,0,1850.04,0,282.31,10061.05,5602.76,6031.22,0,0,1786.98,12640.08,182.63,0,13279.5,1364.49,3542.9,68887.32,0,16974.43,0,0,80416.24,0,0,0,2410.81,2511.97,0,22564.58,24511.16,59.28,2164.82,15031.78,0,0,0,0
2009-02-07 13:00:00,0,1830.81,0,276.13,9588.59,5449.89,5774.12,0,0,1786.51,12847.42,179.81,0,13157.73,1325.07,3488.75,69315.39,0,16790.63,0,0,78970.19,0,0,0,2308.73,2399.61,0,21937.37,24525.66,59.18,2159.02,14507.61,0,0,0,0
2009-02-07 14:00:00,0,1789.74,0,264.93,9332.01,5276.89,5680.71,0,0,1744.38,12755.93,175.56,0,13143.1,1273.36,3429.9,69126.79,0,16649.36,0,0,77895.12,0,0,0,2295.37,2336.72,0,21385.92,24496.43,58.64,2111.35,14281.01,0,0,0,0
2009-02-07 15:00:00,0,1736.56,0,254.36,9246.62,5152.41,5657.72,0,0,1708.44,12524.87,172.9,0,13134.05,1222.16,3363.09,68585.15,0,16591.3,0,0,77258.16,0,0,0,2268.74,2286.88,0,21022.43,24378.5,57.61,2049.37,14223.56,0,0,0,0
2009-02-07 16:00:00,0,1710.71,0,257.96,9137.85,5055.27,5643.65,0,0,1700.24,12334.41,172.26,0,13107.91,1186.45,3350.2,68021.28,0,16729.47,0,0,77345.74,0,0,0,2232.91,2221.66,0,20773.26,24379.25,57.97,2032.47,14308.86,0,0,0,0
2009-02-07 17:00:00,0,1682.37,0,257.57,9204.38,5060.01,5614.0,0,0,1666.9,12104.68,172.72,0,13663.53,1190.12,3380.37,67567.86,0,17250.87,0,0,79015.5,0,0,0,2242.98,2219.04,0,20764.01,24238.97,56.29,2038.2,14393.59,0,0,0,0
2009-02-07 18:00:00,0,1678.38,0,257.58,9554.72,5024.7,5764.49,0,0,1644.56,11837.68,178.89,0,14076.97,1212.05,3481.78,67447.01,0,17943.16,0,0,81777.15,0,0,0,2301.96,2309.18,0,20952.81,24023.78,55.75,1998.68,14197.79,0,0,0,0
2009-02-07 19:00:00,0,1821.98,0,307.93,11105.91,5648.79,6602.07,0,0,1981.88,13609.89,202.54,0,15195.29,1522.83,3922.96,72685.49,0,19366.03,0,0,90188.07,0,0,0,2647.13,2547.55,0,23062.35,25867.13,63.92,2331.96,15588.26,0,0,0,0
2009-02-07 20:00:00,0,1875.27,0,308.17,11212.38,5637.33,6491.82,0,0,1899.03,12777.25,206.82,0,14449.55,1516.97,3856.69,72707.05,0,18943.28,0,0,88308.4,0,0,0,2692.34,2600.53,0,23959.41,26665.01,62.34,2225.68,16112.55,0,0,0,0
2009-02-07 21:00:00,0,1957.36,0,302.62,11113.53,5538.5,6302.81,0,0,1815.29,12013.09,211.99,0,13790.16,1501.17,3805.65,72610.08,0,18518.5,0,0,86042.44,0,0,0,2734.2,2608.83,0,24235.87,26703.17,61.15,2123.74,16563.86,0,0,0,0
2009-02-07 22:00:00,0,2020.86,0,292.08,10484.7,5333.54,6047.16,0,0,1739.8,11461.54,207.13,0,13273.38,1471.97,3715.66,70955.3,0,17659.73,0,0,83327.49,0,0,0,2627.3,2568.71,0,23593.06,26549.3,60.06,2027.04,16041.05,0,0,0,0
2009-02-07 23:00:00,0,1934.08,0,285.07,9917.02,5172.8,5752.91,0,0,1651.53,10820.42,195.59,0,12631.27,1449.0,3597.79,68817.29,0,16698.6,0,0,80407.7,0,0,0,2511.94,2513.77,0,22838.79,25958.24,58.87,1954.45,15383.65,0,0,0,0
2009-02-08 00:00:00,0,1848.93,0,276.92,9518.72,4977.68,5558.37,0,0,1588.7,10230.83,185.0,0,11903.21,1444.62,3481.75,66665.91,0,15748.06,0,0,77502.03,0,0,0,2428.23,2460.18,0,22055.25,25153.55,57.61,1885.39,14688.36,0,0,0,0
2009-02-08 01:00:00,0,1767.4,0,267.6,9161.97,4844.51,5399.98,0,0,1529.58,9703.21,177.05,0,11212.01,1431.57,3336.97,64592.57,0,14897.61,0,0,74711.94,0,0,0,2354.79,2413.94,0,21348.75,24330.76,56.53,1832.81,14035.3,0,0,0,0
2009-02-08 02:00:00,0,1733.95,0,265.53,8988.21,4744.78,5290.22,0,0,1497.67,9298.95,173.1,0,10855.98,1424.4,3220.76,62943.72,0,14039.7,0,0,72592.25,0,0,0,2316.27,2386.54,0,20818.89,23598.39,56.17,1795.22,13664.39,0,0,0,0
2009-02-08 03:00:00,0,1744.36,0,260.99,8987.1,4736.5,5188.29,0,0,1469.78,9154.33,171.6,0,10849.71,1419.79,3119.72,62041.11,0,13396.81,0,0,70982.4,0,0,0,2296.86,2412.77,0,20543.77,23141.63,56.53,1795.37,13468.1,0,0,0,0
2009-02-08 04:00:00,0,1777.47,0,267.85,9102.59,4861.47,5291.7,0,0,1498.92,9284.44,173.88,0,10961.76,1439.04,3100.47,61660.02,0,13293.45,0,0,70204.09,0,0,0,2315.47,2479.51,0,20685.42,23095.95,56.95,1821.61,13373.86,0,0,0,0
2009-02-08 05:00:00,0,1858.99,0,268.39,9436.14,5066.82,5604.01,0,0,1546.5,9545.42,180.27,0,11202.36,1471.28,3147.26,62215.97,0,13412.04,0,0,70739.92,0,0,0,2371.75,2552.47,0,21183.3,23464.13,58.12,1898.13,13530.26,0,0,0,0
2009-02-08 06:00:00,0,1952.68,0,280.75,9914.79,5325.22,5998.5,0,0,1611.43,9992.03,190.07,0,11493.2,1512.75,3236.32,63548.61,0,14004.99,0,0,71931.88,0,0,0,2465.08,2639.17,0,21834.97,23955.87,59.2,1970.98,13892.9,0,0,0,0
2009-02-08 07:00:00,0,2046.72,0,291.93,10349.96,5565.43,6342.84,0,0,1674.11,10436.94,202.62,0,11773.41,1561.0,3344.8,64942.85,0,14491.56,0,0,73620.43,0,0,0,2575.57,2736.19,0,22319.53,24528.06,60.42,2047.87,14332.13,0,0,0,0
2009-02-08 08:00:00,0,2138.86,0,306.88,10728.96,5953.83,6671.86,0,0,1814.04,11239.74,209.7,0,12189.58,1636.13,3477.6,66409.35,0,15163.75,0,0,76516.44,0,0,0,2648.28,2873.4,0,23363.0,25170.7,62.14,2162.91,14854.08,0,0,0,0
2009-02-08 09:00:00,0,2302.42,0,317.96,10447.51,5985.69,6403.21,0,0,1799.42,11588.66,202.26,0,12700.02,1599.3,3602.9,69471.29,0,15639.65,0,0,78462.29,0,0,0,2566.99,2743.7,0,23971.2,25923.78,64.03,2167.64,15496.96,0,0,0,0
2009-02-08 10:00:00,0,2364.07,0,293.78,10226.09,5637.79,6026.21,0,0,1712.86,11758.66,185.05,0,12932.02,1447.8,3681.7,70912.45,0,15915.88,0,0,79199.38,0,0,0,2478.61,2583.37,0,22240.82,26527.51,65.59,2087.93,15317.54,0,0,0,0
2009-02-08 11:00:00,0,2292.64,0,278.31,9800.65,5498.03,5704.99,0,0,1707.38,12056.77,176.71,0,12823.72,1343.06,3735.72,70435.64,0,16413.29,0,0,79144.72,0,0,0,2388.07,2440.81,0,21596.8,26706.67,66.17,2095.03,14898.78,0,0,0,0
2009-02-08 12:00:00,0,2197.93,0,267.83,9483.88,5419.19,5453.88,0,0,1714.68,12475.64,176.15,0,12760.19,1281.94,3727.05,69663.8,0,16856.26,0,0,79738.9,0,0,0,2331.36,2358.27,0,21501.49,26547.49,65.57,2105.87,14557.07,0,0,0,0
2009-02-08 13:00:00,0,2121.6,0,267.24,9499.81,5310.42,5481.57,0,0,1716.75,12785.18,174.58,0,12786.69,1262.74,3692.88,69142.17,0,17173.43,0,0,80387.58,0,0,0,2313.19,2353.88,0,21452.13,26343.22,64.4,2109.37,14391.29,0,0,0,0
2009-02-08 14:00:00,0,2050.83,0,263.41,9428.97,5191.1,5512.56,0,0,1690.79,12805.32,172.23,0,12883.64,1238.7,3654.81,68632.1,0,16823.2,0,0,80333.06,0,0,0,2295.14,2344.83,0,21263.67,26111.34,62.67,2079.95,14368.29,0,0,0,0
2009-02-08 15:00:00,0,2044.19,0,256.0,9302.78,5008.97,5532.03,0,0,1669.15,12687.23,170.46,0,12993.72,1208.59,3623.87,68190.84,0,16927.47,0,0,79550.14,0,0,0,2279.84,2323.08,0,21176.17,26197.57,62.09,2029.3,14388.38,0,0,0,0
2009-02-08 16:00:00,0,2043.35,0,256.75,9212.45,4945.59,5543.18,0,0,1657.46,12446.25,170.87,0,13083.71,1202.0,3624.65,67441.31,0,17286.06,0,0,79173.58,0,0,0,2304.38,2312.92,0,21062.63,26056.61,61.13,2024.94,14406.18,0,0,0,0
2009-02-08 17:00:00,0,2002.95,0,257.65,9207.44,5005.59,5574.22,0,0,1670.09,12495.24,173.69,0,13960.28,1207.51,3685.27,67097.59,0,17891.98,0,0,79634.44,0,0,0,2324.1,2295.84,0,21256.52,25806.87,60.09,2041.63,14438.26,0,0,0,0
2009-02-08 18:00:00,0,2015.8,0,254.81,9366.21,4980.68,5686.37,0,0,1640.45,12080.05,178.53,0,14691.25,1191.73,3798.75,67279.93,0,18523.16,0,0,82121.11,0,0,0,2314.53,2263.34,0,21016.86,25465.0,60.05,2005.07,14325.73,0,0,0,0
2009-02-08 19:00:00,0,2164.11,0,316.28,11610.64,5970.3,6759.98,0,0,2088.59,13864.23,219.93,0,17644.45,1522.55,4475.48,76678.32,0,21275.78,0,0,95700.94,0,0,0,2635.03,2560.49,0,23476.64,28438.43,71.3,2452.51,16887.88,0,0,0,0
2009-02-08 20:00:00,0,2244.64,0,313.22,11577.58,5905.15,6453.71,0,0,1973.85,12980.44,217.84,0,16981.88,1468.62,4458.0,76780.72,0,20751.15,0,0,93747.15,0,0,0,2637.33,2486.97,0,23814.54,29187.81,69.93,2296.48,17056.91,0,0,0,0
2009-02-08 21:00:00,0,2289.44,0,306.63,11387.92,5706.85,6145.13,0,0,1857.11,12271.28,219.14,0,16347.08,1416.09,4406.7,76513.8,0,20162.15,0,0,91445.08,0,0,0,2590.87,2403.8,0,23803.87,29949.69,69.37,2186.39,17127.91,0,0,0,0
2009-02-08 22:00:00,0,2260.01,0,288.16,10692.77,5333.81,5824.58,0,0,1741.74,11484.85,209.23,0,15600.51,1372.54,4313.41,74657.29,0,19225.63,0,0,88899.41,0,0,0,2442.77,2306.92,0,22597.44,29571.21,69.04,2092.01,16348.99,0,0,0,0
2009-02-08 23:00:00,0,2141.33,0,268.73,10069.88,5017.98,5531.33,0,0,1636.04,10713.58,197.88,0,14768.92,1320.17,4195.22,72249.61,0,18231.97,0,0,86557.89,0,0,0,2298.64,2212.43,0,21577.68,28311.67,68.24,1997.15,15547.06,0,0,0,0
2009-02-09 00:00:00,0,2018.11,0,250.81,9520.97,4715.82,5262.53,0,0,1530.08,9923.38,185.2,0,13903.98,1272.78,4078.06,69582.23,0,17216.09,0,0,83927.72,0,0,0,2161.57,2123.94,0,20537.87,27085.52,67.42,1883.29,14806.73,0,0,0,0
2009-02-09 01:00:00,0,1922.93,0,237.3,9143.51,4401.08,5086.78,0,0,1436.47,9159.17,171.58,0,13291.96,1240.04,3959.2,66763.38,0,16158.91,0,0,81238.35,0,0,0,2068.62,2043.21,0,19510.79,26069.44,66.44,1776.62,14162.43,0,0,0,0
2009-02-09 02:00:00,0,1810.53,0,224.72,8989.69,4209.6,5026.79,0,0,1364.92,8515.01,162.69,0,13180.63,1230.17,3861.3,64045.23,0,15331.82,0,0,79424.45,0,0,0,2026.69,2016.4,0,18914.44,24881.72,65.86,1690.44,13631.7,0,0,0,0
2009-02-09 03:00:00,0,1785.77,0,227.05,9137.87,4442.3,5202.37,0,0,1396.23,8844.01,168.42,0,13331.32,1300.91,3848.66,62852.06,0,15067.85,0,0,79828.55,0,0,0,2034.43,2083.7,0,19194.47,24376.92,66.06,1728.47,13568.34,0,0,0,0
2009-02-09 04:00:00,0,1822.69,0,240.74,9635.81,4806.58,5583.49,0,0,1478.71,9292.32,181.72,0,13645.56,1383.91,3959.69,63947.86,0,15366.07,0,0,82017.76,0,0,0,2135.72,2158.59,0,19867.4,24322.59,66.28,1844.02,13768.49,0,0,0,0
2009-02-09 05:00:00,0,1893.0,0,255.31,10235.32,5145.3,5982.16,0,0,1566.62,9798.18,192.15,0,13945.76,1461.97,4006.31,65620.08,0,16008.34,0,0,84440.42,0,0,0,2248.35,2239.54,0,20672.69,24888.71,67.66,1951.51,14277.03,0,0,0,0
2009-02-09 06:00:00,0,1954.32,0,266.44,10856.98,5477.21,6406.97,0,0,1643.69,10295.24,200.6,0,14268.58,1539.5,4149.7,67550.35,0,16697.53,0,0,87273.07,0,0,0,2357.71,2319.15,0,21500.38,25556.35,69.27,2058.14,14870.26,0,0,0,0
2009-02-09 07:00:00,0,2011.88,0,275.58,11555.02,5777.21,6939.08,0,0,1715.17,10741.87,209.31,0,14594.73,1627.02,4280.36,69256.3,0,17425.55,0,0,90267.77,0,0,0,2457.2,2401.65,0,22228.37,26228.98,70.71,2152.27,15425.5,0,0,0,0
2009-02-09 08:00:00,0,2067.7,0,310.71,12616.57,6432.26,7583.39,0,0,1902.56,12146.44,229.5,0,15924.39,1736.58,4424.66,71172.03,0,19506.73,0,0,95947.88,0,0,0,2621.07,2548.3,0,23633.01,26928.19,71.87,2335.39,16178.66,0,0,0,0
2009-02-09 09:00:00,0,2125.74,0,327.51,12453.99,6539.47,7423.09,0,0,1911.26,12218.95,232.8,0,15772.37,1693.08,4489.97,75551.21,0,19827.34,0,0,96112.93,0,0,0,2601.08,2507.03,0,24488.94,27934.95,72.32,2318.73,16889.2,0,0,0,0
2009-02-09 10:00:00,0,2187.57,0,312.54,11948.65,6019.55,6933.7,0,0,1829.92,12283.38,203.03,0,15528.81,1539.19,4291.94,76679.33,0,19833.71,0,0,93572.29,0,0,0,2548.67,2416.88,0,23370.82,28882.34,70.94,2206.88,16591.11,0,0,0,0
2009-02-09 11:00:00,0,2135.52,0,297.04,11567.79,5757.76,6576.15,0,0,1810.04,12559.78,192.99,0,15380.24,1451.42,4087.83,76664.7,0,19789.94,0,0,91554.63,0,0,0,2492.96,2337.12,0,22782.71,29207.53,70.6,2161.66,16221.74,0,0,0,0
2009-02-09 12:00:00,0,2076.21,0,293.15,11223.34,5518.12,6184.98,0,0,1809.6,12801.18,187.36,0,15245.64,1383.72,3933.03,76194.14,0,19726.61,0,0,89669.51,0,0,0,2431.61,2257.31,0,22615.04,29250.89,71.15,2138.01,15870.61,0,0,0,0
2009-02-09 13:00:00,0,2032.46,0,288.85,10907.26,5406.63,5905.57,0,0,1827.46,12951.73,183.77,0,15124.86,1338.01,3821.96,75867.59,0,19644.38,0,0,87590.04,0,0,0,2385.21,2229.13,0,22637.39,29271.3,70.9,2145.0,15625.9,0,0,0,0
2009-02-09 14:00:00,0,1995.19,0,285.51,10757.29,5300.91,5767.82,0,0,1828.72,12876.89,183.76,0,15098.55,1304.99,3759.1,75697.79,0,19573.18,0,0,85537.56,0,0,0,2369.34,2222.32,0,22610.29,29152.75,70.99,2143.96,15424.09,0,0,0,0
2009-02-09 15:00:00,0,1962.54,0,283.81,10610.34,5239.13,5753.88,0,0,1846.92,12821.97,183.53,0,15144.74,1301.01,3746.86,75311.32,0,19617.99,0,0,84095.59,0,0,0,2352.81,2215.83,0,22525.82,28930.91,71.08,2139.2,15328.01,0,0,0,0
2009-02-09 16:00:00,0,1946.65,0,286.53,10552.79,5418.64,5776.51,0,0,1863.51,13070.61,187.84,0,15355.93,1305.31,3733.99,74911.54,0,19747.02,0,0,83903.91,0,0,0,2361.68,2208.71,0,22250.16,28575.6,70.79,2193.26,15510.67,0,0,0,0
2009-02-09 17:00:00,0,1931.76,0,286.77,10658.88,5681.94,5986.14,0,0,1879.29,13487.47,199.61,0,16241.27,1323.69,3753.56,74754.5,0,20243.1,0,0,86125.35,0,0,0,2403.94,2236.12,0,21956.82,28197.94,68.69,2259.86,15801.74,0,0,0,0
2009-02-09 18:00:00,0,1904.24,0,283.12,10851.03,5615.62,6284.42,0,0,1872.62,13150.15,202.98,0,16971.94,1310.34,3766.15,74888.43,0,21063.43,0,0,88690.03,0,0,0,2434.59,2283.22,0,21860.94,27813.64,68.65,2240.58,15787.93,0,0,0,0
2009-02-09 19:00:00,0,2111.36,0,316.56,11836.34,6032.22,7024.45,0,0,2100.36,14155.37,229.63,0,18112.73,1545.33,4023.99,77040.23,0,21193.49,0,0,94537.36,0,0,0,2643.75,2564.69,0,23832.36,28714.0,73.43,2522.07,16803.81,0,0,0,0
2009-02-09 20:00:00,0,2171.59,0,312.01,11886.47,5862.35,6796.76,0,0,1974.32,13219.7,222.82,0,17310.07,1480.98,3893.52,76587.51,0,20624.89,0,0,91970.78,0,0,0,2665.96,2505.2,0,24174.18,29267.43,72.75,2323.66,17134.03,0,0,0,0
2009-02-09 21:00:00,0,2221.55,0,303.65,11806.13,5616.28,6559.28,0,0,1850.15,12389.35,219.03,0,16450.76,1407.99,3772.9,75939.33,0,19962.21,0,0,89389.74,0,0,0,2630.69,2451.78,0,24176.16,29763.41,72.01,2151.61,17428.7,0,0,0,0
2009-02-09 22:00:00,0,2188.13,0,285.77,11195.69,5198.03,6296.6,0,0,1732.78,11499.94,201.79,0,15567.4,1336.8,3650.14,73256.01,0,19064.11,0,0,86209.75,0,0,0,2484.34,2344.69,0,23047.9,28964.21,70.57,2010.63,16667.44,0,0,0,0
2009-02-09 23:00:00,0,2021.64,0,266.66,10588.42,4779.63,5983.58,0,0,1618.64,10646.68,183.87,0,14619.31,1257.09,3537.21,70409.98,0,18033.97,0,0,82881.93,0,0,0,2334.86,2226.64,0,21913.19,27703.6,69.36,1902.22,15832.45,0,0,0,0
2009-02-10 00:00:00,0,1831.37,0,248.04,9933.69,4378.51,5638.94,0,0,1499.95,9756.03,169.18,0,13639.25,1181.58,3429.79,67641.56,0,16907.71,0,0,79270.25,0,0,0,2205.33,2110.07,0,20774.61,26449.39,67.88,1806.65,14963.91,0,0,0,0
2009-02-10 01:00:00,0,1695.62,0,231.97,9477.78,3987.45,5328.81,0,0,1383.5,8881.11,155.87,0,13142.75,1111.25,3327.4,64863.2,0,15698.94,0,0,75701.18,0,0,0,2112.03,2008.21,0,19636.78,25340.62,66.52,1697.21,14141.92,0,0,0,0
2009-02-10 02:00:00,0,1583.56,0,222.74,9281.61,3715.68,5167.64,0,0,1281.4,8092.42,148.82,0,13062.09,1080.78,3220.58,62311.61,0,14944.57,0,0,72841.34,0,0,0,2061.17,1982.82,0,18937.28,24250.83,65.28,1605.6,13445.54,0,0,0,0
2009-02-10 03:00:00,0,1581.57,0,221.16,9385.75,3944.31,5276.2,0,0,1297.92,8244.5,150.7,0,13279.48,1124.52,3127.19,60354.39,0,14759.39,0,0,71647.0,0,0,0,2087.95,2022.57,0,19103.41,23608.29,64.4,1649.1,13058.35,0,0,0,0
2009-02-10 04:00:00,0,1626.25,0,232.33,9766.06,4248.27,5567.82,0,0,1365.05,8637.83,157.84,0,13645.24,1200.61,3150.92,60110.29,0,15253.36,0,0,73104.27,0,0,0,2160.04,2069.21,0,19719.97,23740.94,64.51,1730.23,13100.48,0,0,0,0
2009-02-10 05:00:00,0,1704.19,0,246.82,10208.9,4524.5,5854.22,0,0,1425.74,9049.59,164.51,0,14020.44,1273.2,3290.51,61669.13,0,15825.49,0,0,75678.34,0,0,0,2248.56,2129.8,0,20429.8,24378.97,64.97,1815.38,13533.13,0,0,0,0
2009-02-10 06:00:00,0,1778.47,0,256.73,10640.5,4832.85,6058.29,0,0,1488.34,9424.5,171.63,0,14371.8,1341.88,3437.71,63200.68,0,16327.06,0,0,78086.29,0,0,0,2348.0,2198.84,0,21176.2,25139.18,65.87,1906.1,14035.35,0,0,0,0
2009-02-10 07:00:00,0,1852.9,0,266.98,11079.67,5095.33,6216.4,0,0,1548.73,9789.19,179.57,0,14729.66,1404.66,3584.72,64654.63,0,16882.76,0,0,80570.67,0,0,0,2454.79,2272.16,0,21979.25,25915.89,66.75,1993.74,14498.57,0,0,0,0
2009-02-10 08:00:00,0,1936.86,0,305.07,11828.93,5706.26,6576.57,0,0,1735.77,11002.65,196.68,0,16164.22,1467.34,3762.77,66021.74,0,18740.16,0,0,86194.74,0,0,0,2609.07,2405.57,0,23702.19,26672.36,67.63,2160.61,15340.09,0,0,0,0
2009-02-10 09:00:00,0,2086.72,0,305.14,11893.9,5660.2,6418.98,0,0,1774.23,11724.95,198.98,0,15963.76,1457.29,3951.46,69375.63,0,18878.34,0,0,87180.48,0,0,0,2651.26,2400.99,0,23921.99,28094.39,68.7,2144.87,16393.4,0,0,0,0
2009-02-10 10:00:00,0,2045.64,0,300.34,11572.31,5533.13,5970.78,0,0,1808.83,12221.35,188.46,0,15710.03,1419.81,4035.3,72171.04,0,19036.33,0,0,87665.94,0,0,0,2545.14,2300.95,0,23333.76,28799.05,69.37,2105.27,16530.26,0,0,0,0
2009-02-10 11:00:00,0,1975.21,0,296.78,11111.61,5440.17,5766.92,0,0,1791.61,12720.68,184.02,0,15410.11,1386.04,4051.48,74002.25,0,19167.74,0,0,87010.24,0,0,0,2446.96,2182.48,0,22942.52,28809.09,70.12,2113.62,16434.66,0,0,0,0
2009-02-10 12:00:00,0,1902.69,0,294.37,10875.89,5390.46,5739.78,0,0,1817.18,13136.83,183.34,0,15350.54,1373.45,4037.77,74837.11,0,19633.31,0,0,86559.39,0,0,0,2399.01,2141.48,0,22776.91,28522.13,70.19,2140.9,16375.96,0,0,0,0
2009-02-10 13:00:00,0,1844.27,0,290.1,10716.07,5392.3,5730.57,0,0,1850.86,13426.38,184.9,0,15368.06,1343.88,4026.22,74955.29,0,19693.37,0,0,85921.01,0,0,0,2377.07,2168.57,0,22782.21,28251.97,70.26,2184.13,16217.52,0,0,0,0
2009-02-10 14:00:00,0,1795.37,0,288.59,10565.96,5451.82,5757.73,0,0,1892.51,13596.33,186.95,0,15428.97,1322.14,4009.55,74704.29,0,19808.99,0,0,85027.26,0,0,0,2369.92,2203.21,0,22755.11,28059.9,69.83,2251.03,16139.59,0,0,0,0
2009-02-10 15:00:00,0,1742.51,0,287.66,10453.95,5550.97,5816.83,0,0,1932.82,13933.65,190.2,0,15581.59,1317.53,3989.24,74171.25,0,19957.08,0,0,84669.67,0,0,0,2370.98,2219.73,0,22571.4,27876.9,69.25,2375.96,16161.54,0,0,0,0
2009-02-10 16:00:00,0,1724.43,0,288.15,10392.18,5822.97,5879.07,0,0,1980.64,14367.26,198.16,0,15706.29,1328.17,3932.36,73675.05,0,19912.93,0,0,84445.29,0,0,0,2385.59,2232.12,0,22293.02,27585.48,68.36,2461.4,16176.98,0,0,0,0
2009-02-10 17:00:00,0,1726.62,0,289.34,10536.17,6080.34,5943.99,0,0,2040.29,14642.94,208.67,0,15962.16,1353.48,3896.02,73403.44,0,20008.93,0,0,84939.18,0,0,0,2423.17,2253.63,0,22078.04,27280.55,68.53,2507.3,16232.14,0,0,0,0
2009-02-10 18:00:00,0,1785.92,0,287.92,10604.91,5919.58,5950.41,0,0,2025.61,14244.41,207.21,0,16125.11,1369.95,3870.37,73393.85,0,20133.33,0,0,85862.06,0,0,0,2438.03,2264.9,0,22217.06,27229.08,67.13,2448.43,16243.16,0,0,0,0
2009-02-10 19:00:00,0,1959.68,0,316.0,11630.45,6352.47,6768.68,0,0,2227.77,14904.01,234.1,0,16553.86,1538.34,4113.34,75537.47,0,20267.11,0,0,91415.92,0,0,0,2635.49,2561.08,0,23866.25,27889.42,70.77,2684.01,16956.7,0,0,0,0
2009-02-10 20:00:00,0,2018.58,0,310.83,11585.2,6049.74,6442.06,0,0,2060.31,13920.54,224.19,0,15611.78,1454.3,3976.6,74841.03,0,19603.3,0,0,88455.26,0,0,0,2643.14,2486.32,0,24227.22,28430.55,69.15,2443.39,17087.9,0,0,0,0
2009-02-10 21:00:00,0,2089.46,0,301.34,11398.59,5722.54,6114.32,0,0,1899.87,13052.64,216.97,0,14691.59,1368.79,3824.48,74047.92,0,18937.27,0,0,85202.87,0,0,0,2604.25,2392.72,0,24211.64,28953.91,67.89,2223.59,17401.92,0,0,0,0
2009-02-10 22:00:00,0,2074.03,0,282.09,10689.23,5196.49,5786.39,0,0,1757.17,12102.71,200.78,0,13739.1,1281.7,3689.52,71603.94,0,17847.47,0,0,82040.45,0,0,0,2457.67,2264.24,0,23082.75,28424.63,67.26,2037.75,16598.44,0,0,0,0
2009-02-10 23:00:00,0,1954.04,0,261.76,10001.51,4677.66,5455.65,0,0,1632.71,11131.98,184.3,0,12804.59,1196.15,3553.86,68911.01,0,16738.57,0,0,78881.38,0,0,0,2310.77,2151.82,0,21977.58,27196.21,65.02,1874.74,15739.78,0,0,0,0
2009-02-11 00:00:00,0,1833.18,0,242.0,9374.64,4226.1,5139.75,0,0,1508.15,10153.9,167.08,0,12019.25,1119.09,3408.78,66156.97,0,15682.58,0,0,75484.43,0,0,0,2160.16,2043.89,0,20736.29,26083.17,64.8,1741.2,14860.35,0,0,0,0
2009-02-11 01:00:00,0,1719.33,0,222.76,8848.44,3797.06,4842.02,0,0,1392.02,9190.22,150.4,0,11493.34,1053.14,3298.06,63388.33,0,14692.09,0,0,72035.48,0,0,0,2053.02,1932.46,0,19565.28,24984.27,64.73,1616.83,14046.87,0,0,0,0
2009-02-11 02:00:00,0,1612.7,0,207.8,8579.7,3489.4,4632.0,0,0,1282.46,8277.24,137.13,0,11341.71,1017.74,3195.18,60848.79,0,13995.37,0,0,69329.42,0,0,0,1992.12,1868.77,0,18814.44,24020.31,64.96,1515.79,13384.75,0,0,0,0
2009-02-11 03:00:00,0,1632.37,0,206.6,8599.98,3542.62,4652.47,0,0,1250.25,8154.16,132.33,0,11491.84,1023.0,3106.03,59117.66,0,13841.28,0,0,68683.79,0,0,0,1967.6,1900.88,0,18732.88,23771.1,63.97,1527.15,12982.1,0,0,0,0
2009-02-11 04:00:00,0,1666.85,0,216.38,8904.52,3781.12,4885.0,0,0,1310.79,8548.8,139.92,0,11782.43,1070.19,3122.42,60283.37,0,14323.74,0,0,70316.74,0,0,0,2046.22,1955.67,0,19194.03,24080.73,67.38,1599.35,12798.62,0,0,0,0
2009-02-11 05:00:00,0,1753.1,0,227.34,9414.84,4012.97,5155.46,0,0,1367.34,8960.58,146.45,0,12046.51,1123.69,3253.65,62216.3,0,14869.41,0,0,72575.26,0,0,0,2132.83,2016.45,0,19760.26,24928.3,67.13,1675.23,13035.7,0,0,0,0
2009-02-11 06:00:00,0,1819.74,0,238.41,9897.08,4230.73,5416.99,0,0,1422.35,9369.99,152.62,0,12376.99,1174.36,3389.06,63960.95,0,15547.95,0,0,75401.65,0,0,0,2220.34,2084.48,0,20281.87,25733.43,67.07,1751.48,13491.83,0,0,0,0
2009-02-11 07:00:00,0,1888.14,0,251.2,10332.46,4436.57,5658.38,0,0,1477.24,9744.91,159.45,0,12821.26,1224.26,3521.57,65600.6,0,16160.17,0,0,77870.71,0,0,0,2304.61,2147.79,0,20879.74,26582.33,68.68,1827.81,13976.59,0,0,0,0
2009-02-11 08:00:00,0,1981.95,0,282.74,11082.7,4916.69,6035.26,0,0,1638.36,10905.39,171.66,0,13711.24,1313.8,3684.58,67210.54,0,17761.36,0,0,82583.73,0,0,0,2448.48,2267.51,0,22100.35,27617.58,69.68,1966.77,14590.02,0,0,0,0
2009-02-11 09:00:00,0,2128.0,0,291.01,11080.86,5175.8,6010.41,0,0,1752.15,12073.03,184.28,0,14236.47,1292.9,3923.27,70975.86,0,18185.19,0,0,83915.0,0,0,0,2459.27,2220.83,0,22896.87,29227.1,71.62,2056.07,15844.98,0,0,0,0
2009-02-11 10:00:00,0,2261.66,0,292.19,10913.09,5285.87,5922.37,0,0,1792.22,12721.46,183.8,0,14102.08,1252.59,3916.76,73433.97,0,18245.71,0,0,83615.61,0,0,0,2441.38,2188.68,0,22592.73,30426.25,73.58,2125.67,16133.88,0,0,0,0
2009-02-11 11:00:00,0,2345.39,0,297.43,10714.83,5375.04,5825.79,0,0,1823.75,13279.5,183.21,0,13930.94,1249.04,3847.97,74854.46,0,18106.04,0,0,83005.41,0,0,0,2413.35,2188.5,0,22487.88,30741.58,76.33,2176.74,16071.5,0,0,0,0
2009-02-11 12:00:00,0,2397.85,0,300.85,10608.66,5531.44,5769.31,0,0,1869.78,13797.98,184.58,0,13808.09,1290.8,3849.63,75313.52,0,18119.13,0,0,83315.36,0,0,0,2412.04,2166.2,0,22384.09,30656.03,79.2,2242.99,15974.62,0,0,0,0
2009-02-11 13:00:00,0,2399.09,0,301.86,10557.12,5680.67,5819.22,0,0,1928.33,14284.01,194.68,0,13764.2,1326.78,3831.76,75292.48,0,18137.69,0,0,83697.2,0,0,0,2407.84,2185.76,0,22470.4,30391.38,79.41,2315.5,16014.14,0,0,0,0
2009-02-11 14:00:00,0,2354.29,0,304.78,10494.15,5886.56,5890.29,0,0,2002.19,14823.26,204.34,0,13760.78,1370.47,3812.88,75028.38,0,18232.85,0,0,83806.53,0,0,0,2406.2,2183.73,0,22536.14,29988.19,78.84,2390.04,16092.13,0,0,0,0
2009-02-11 15:00:00,0,2295.34,0,305.79,10438.63,6036.69,5934.15,0,0,2083.63,15365.53,211.93,0,13912.5,1403.88,3842.26,74720.0,0,18166.17,0,0,84081.37,0,0,0,2404.25,2190.65,0,22647.17,29448.91,76.78,2449.62,16086.15,0,0,0,0
2009-02-11 16:00:00,0,2238.05,0,300.81,10578.96,6221.09,5942.14,0,0,2137.91,15810.13,216.18,0,14144.63,1437.57,3846.39,74514.71,0,18267.33,0,0,83691.68,0,0,0,2422.42,2242.72,0,22471.74,28857.82,76.36,2511.52,16152.86,0,0,0,0
2009-02-11 17:00:00,0,2220.57,0,300.63,10578.29,6363.36,5939.84,0,0,2189.61,15894.65,217.01,0,14665.86,1453.95,3862.5,74014.62,0,18748.32,0,0,83954.84,0,0,0,2440.09,2280.05,0,22214.43,28502.17,74.74,2548.61,16096.08,0,0,0,0
2009-02-11 18:00:00,0,2231.76,0,292.53,10572.6,6090.77,5947.53,0,0,2152.0,15091.21,213.41,0,15189.18,1408.52,3845.76,73667.98,0,19493.41,0,0,84639.23,0,0,0,2449.55,2236.45,0,21870.47,28156.0,72.54,2495.44,15596.16,0,0,0,0
2009-02-11 19:00:00,0,2399.89,0,313.47,11541.69,6640.67,6902.9,0,0,2348.03,15759.19,247.66,0,15879.23,1614.36,4129.43,76576.82,0,19855.24,0,0,93077.62,0,0,0,2698.14,2491.42,0,23663.32,28701.55,75.15,2722.24,17599.68,0,0,0,0
2009-02-11 20:00:00,0,2451.36,0,302.07,11540.33,6355.76,6558.49,0,0,2158.43,14527.62,237.2,0,15047.33,1493.02,4077.11,76331.02,0,19193.05,0,0,89777.59,0,0,0,2664.93,2397.54,0,23933.29,29326.28,74.81,2530.55,17660.9,0,0,0,0
2009-02-11 21:00:00,0,2521.58,0,296.35,11238.78,6018.02,6259.35,0,0,1991.01,13508.66,229.7,0,14181.06,1392.62,4107.59,75987.13,0,18425.37,0,0,86995.77,0,0,0,2588.47,2305.83,0,23878.29,29964.78,74.74,2355.23,17793.93,0,0,0,0
2009-02-11 22:00:00,0,2475.6,0,275.43,10562.94,5451.79,5948.72,0,0,1830.38,12502.66,213.16,0,13295.06,1298.79,4094.36,74113.03,0,17417.38,0,0,83755.99,0,0,0,2418.38,2226.02,0,22811.0,29442.19,73.99,2183.8,16841.35,0,0,0,0
2009-02-11 23:00:00,0,2379.35,0,258.4,9805.11,4932.51,5625.05,0,0,1679.7,11474.21,197.77,0,12439.13,1214.91,4022.94,72112.71,0,16370.41,0,0,80736.83,0,0,0,2287.91,2127.74,0,21680.75,28497.41,73.66,2025.64,16034.65,0,0,0,0
2009-02-12 00:00:00,0,2282.53,0,241.91,9145.9,4445.01,5290.2,0,0,1549.0,10513.17,181.63,0,11666.9,1127.47,3908.39,69739.46,0,15293.09,0,0,77904.96,0,0,0,2161.72,2023.26,0,20551.04,27403.92,73.15,1882.53,15462.28,0,0,0,0
2009-02-12 01:00:00,0,2194.64,0,224.28,8597.13,3952.43,4998.89,0,0,1412.13,9518.18,163.9,0,11207.24,1034.18,3797.43,67503.4,0,14367.63,0,0,74162.65,0,0,0,2064.02,1932.07,0,19424.18,26343.35,72.56,1723.35,14906.36,0,0,0,0
2009-02-12 02:00:00,0,2167.53,0,209.07,8295.11,3572.53,4641.05,0,0,1302.6,8603.34,150.78,0,11107.32,946.21,3670.85,65095.79,0,13736.44,0,0,71079.04,0,0,0,1988.78,1868.84,0,18762.39,25445.85,72.25,1608.16,14428.93,0,0,0,0
2009-02-12 03:00:00,0,2200.01,0,202.24,8273.91,3530.95,4388.31,0,0,1263.22,8449.42,147.0,0,11238.71,922.72,3573.6,63409.79,0,13610.21,0,0,69788.48,0,0,0,1935.15,1821.1,0,18885.85,25268.98,73.05,1592.62,14387.79,0,0,0,0
2009-02-12 04:00:00,0,2273.5,0,203.75,8549.01,3726.16,4469.76,0,0,1306.56,8760.17,150.67,0,11609.99,960.34,3599.14,64294.54,0,14111.68,0,0,70171.71,0,0,0,1963.96,1865.82,0,19571.07,25604.89,75.44,1632.88,15041.31,0,0,0,0
2009-02-12 05:00:00,0,2356.03,0,212.71,9259.96,3908.86,4804.17,0,0,1360.16,9138.12,158.26,0,11966.53,1005.18,3799.63,66070.09,0,14330.24,0,0,72013.88,0,0,0,2065.99,1985.4,0,20424.5,26517.41,78.0,1670.32,15927.34,0,0,0,0
2009-02-12 06:00:00,0,2435.61,0,227.7,9954.95,4108.15,5187.5,0,0,1414.18,9522.07,165.34,0,12274.35,1054.66,4009.42,68012.21,0,15081.64,0,0,74404.0,0,0,0,2199.82,2123.89,0,21363.91,27473.9,80.42,1722.29,16685.04,0,0,0,0
2009-02-12 07:00:00,0,2504.91,0,242.58,10635.59,4318.48,5567.29,0,0,1472.41,9842.05,170.69,0,12614.87,1104.53,4221.72,69791.74,0,15728.57,0,0,76949.73,0,0,0,2327.09,2239.65,0,22303.38,28436.9,82.77,1771.17,17536.05,0,0,0,0
2009-02-12 08:00:00,0,2578.39,0,277.91,11697.47,4695.16,6163.85,0,0,1633.17,10791.77,176.75,0,13634.05,1183.5,4449.88,71874.18,0,17540.74,0,0,83883.97,0,0,0,2576.17,2438.76,0,24413.7,29427.22,85.19,1901.28,18751.83,0,0,0,0
2009-02-12 09:00:00,0,2697.63,0,293.71,11694.34,5098.05,6371.21,0,0,1773.12,12162.7,182.85,0,14438.01,1250.24,4704.7,77134.58,0,18481.54,0,0,87918.62,0,0,0,2603.48,2444.41,0,25189.28,31035.76,87.28,2077.27,19668.8,0,0,0,0
2009-02-12 10:00:00,0,2546.04,0,296.54,11730.23,5336.8,6184.23,0,0,1871.28,12887.36,189.74,0,14704.31,1266.34,4720.17,78047.61,0,18711.91,0,0,88859.31,0,0,0,2572.98,2408.65,0,24355.72,31090.48,84.8,2172.14,19086.65,0,0,0,0
2009-02-12 11:00:00,0,2392.22,0,296.54,11462.2,5497.94,5946.29,0,0,1951.06,13538.52,185.87,0,14849.22,1268.23,4663.06,77138.58,0,19172.54,0,0,89181.25,0,0,0,2494.86,2312.46,0,23632.48,30575.34,81.72,2290.63,18525.87,0,0,0,0
2009-02-12 12:00:00,0,2273.27,0,290.35,11120.95,5528.01,5773.29,0,0,2023.63,14177.02,188.21,0,14900.17,1241.68,4450.26,76292.02,0,19767.52,0,0,88798.96,0,0,0,2413.73,2209.5,0,23180.88,29986.05,78.68,2405.1,17903.39,0,0,0,0
2009-02-12 13:00:00,0,2177.39,0,284.87,10758.16,5805.07,5635.72,0,0,2127.0,15048.44,188.92,0,14716.98,1249.42,4274.65,75570.06,0,19306.04,0,0,87946.34,0,0,0,2348.59,2120.38,0,22656.23,29515.1,76.0,2502.88,17230.64,0,0,0,0
2009-02-12 14:00:00,0,2102.83,0,281.83,10545.01,6206.7,5478.94,0,0,2212.27,15829.63,189.57,0,14859.57,1262.76,4164.75,74835.87,0,19829.69,0,0,86426.76,0,0,0,2292.25,2101.85,0,22224.67,29135.29,74.29,2612.13,16721.64,0,0,0,0
2009-02-12 15:00:00,0,2034.03,0,284.42,10455.64,6498.81,5469.52,0,0,2282.77,16360.73,192.56,0,14798.68,1296.72,4079.39,73988.73,0,20167.01,0,0,85053.66,0,0,0,2268.27,2106.36,0,22020.82,28695.05,72.5,2717.72,16568.58,0,0,0,0
2009-02-12 16:00:00,0,1977.18,0,286.54,10385.8,6595.51,5564.21,0,0,2315.93,16611.98,207.22,0,14648.17,1321.25,4006.3,73328.22,0,20183.77,0,0,84198.9,0,0,0,2262.27,2103.46,0,21924.61,28184.19,71.17,2738.98,16600.51,0,0,0,0
2009-02-12 17:00:00,0,1953.91,0,289.04,10502.12,6565.3,5679.68,0,0,2318.35,16496.19,211.22,0,15015.81,1352.44,3940.29,72852.41,0,20290.38,0,0,84242.02,0,0,0,2272.95,2117.08,0,21901.7,27678.56,70.26,2735.48,16561.58,0,0,0,0
2009-02-12 18:00:00,0,2033.05,0,282.72,10795.08,6314.65,5945.42,0,0,2242.5,15578.61,211.4,0,15311.81,1346.3,3998.54,73088.72,0,20444.99,0,0,85986.61,0,0,0,2315.76,2200.54,0,21735.74,27145.15,70.85,2670.31,16622.74,0,0,0,0
2009-02-12 19:00:00,0,2159.4,0,325.0,12039.31,6786.84,7029.43,0,0,2430.68,16205.25,241.28,0,16666.44,1515.54,4291.93,76648.91,0,21190.06,0,0,97874.6,0,0,0,2638.21,2557.58,0,23751.67,27957.38,72.91,2815.86,17532.82,0,0,0,0
2009-02-12 20:00:00,0,2265.27,0,312.46,12183.11,6422.09,6821.45,0,0,2220.29,14869.54,230.83,0,15805.48,1421.87,4209.11,76576.86,0,20056.72,0,0,94326.95,0,0,0,2663.37,2568.58,0,24263.4,29040.52,72.2,2574.56,17945.47,0,0,0,0
2009-02-12 21:00:00,0,2365.72,0,299.23,12169.11,5986.57,6585.23,0,0,2032.13,13752.79,221.58,0,14890.79,1349.29,4115.65,76171.82,0,19350.22,0,0,90878.55,0,0,0,2628.44,2581.41,0,24319.81,29869.9,71.91,2347.69,18161.16,0,0,0,0
2009-02-12 22:00:00,0,2346.08,0,278.54,11729.19,5407.77,6342.89,0,0,1860.84,12623.67,206.18,0,14023.71,1287.28,4013.11,74252.37,0,18483.77,0,0,87641.21,0,0,0,2526.62,2552.18,0,23469.49,29423.47,71.42,2139.95,17848.97,0,0,0,0
2009-02-12 23:00:00,0,2255.3,0,259.04,11282.54,4875.72,6127.8,0,0,1698.8,11513.68,187.8,0,13198.67,1227.23,3891.91,71974.19,0,17591.43,0,0,84286.97,0,0,0,2451.62,2509.83,0,22541.38,28439.09,70.86,1955.7,17240.2,0,0,0,0
2009-02-13 00:00:00,0,2163.44,0,240.59,10828.88,4347.31,5995.27,0,0,1544.42,10399.15,169.73,0,12471.24,1166.12,3786.99,69484.11,0,16644.34,0,0,80888.73,0,0,0,2386.5,2459.33,0,21648.82,27408.17,70.11,1800.08,16630.47,0,0,0,0
2009-02-13 01:00:00,0,2064.18,0,223.63,10505.0,3854.76,5941.03,0,0,1406.82,9306.8,152.89,0,11972.59,1121.76,3702.21,67003.79,0,15776.99,0,0,77730.55,0,0,0,2336.75,2425.3,0,20786.86,26238.23,69.31,1656.38,16005.39,0,0,0,0
2009-02-13 02:00:00,0,2023.64,0,211.1,10362.56,3444.81,6002.34,0,0,1287.08,8321.07,139.4,0,11988.2,1099.02,3631.57,64583.08,0,15182.63,0,0,75359.32,0,0,0,2336.98,2466.88,0,20359.42,25177.14,68.61,1550.27,15642.62,0,0,0,0
2009-02-13 03:00:00,0,2045.44,0,209.3,10466.62,3502.62,6299.67,0,0,1277.15,8221.47,136.17,0,12365.54,1138.9,3617.57,63396.11,0,14993.58,0,0,74632.72,0,0,0,2399.19,2570.3,0,20767.56,24891.76,69.04,1532.6,15758.38,0,0,0,0
2009-02-13 04:00:00,0,2133.14,0,220.32,10922.93,3746.52,6669.3,0,0,1313.5,8467.47,145.96,0,12919.13,1217.06,3763.24,64640.28,0,15384.55,0,0,76490.35,0,0,0,2505.83,2640.44,0,21453.79,25206.23,71.44,1614.55,16124.34,0,0,0,0
2009-02-13 05:00:00,0,2214.18,0,233.29,11428.2,3999.94,7009.8,0,0,1366.89,8846.42,157.13,0,13488.36,1301.84,3965.82,66594.79,0,16124.63,0,0,79261.62,0,0,0,2606.61,2717.4,0,22280.9,26077.05,74.72,1699.24,16645.73,0,0,0,0
2009-02-13 06:00:00,0,2291.14,0,246.71,11992.54,4248.5,7352.1,0,0,1421.6,9238.27,168.22,0,14014.06,1412.36,4170.2,68585.73,0,16940.59,0,0,82417.84,0,0,0,2702.56,2783.82,0,23198.42,27009.74,77.82,1779.64,17202.73,0,0,0,0
2009-02-13 07:00:00,0,2355.19,0,258.77,12593.32,4489.97,7695.85,0,0,1477.13,9614.93,179.27,0,14539.65,1510.16,4378.18,70571.19,0,17788.34,0,0,85758.34,0,0,0,2806.2,2862.15,0,24156.51,27852.22,80.13,1851.76,17787.2,0,0,0,0
2009-02-13 08:00:00,0,2416.52,0,297.17,13499.83,5075.32,8134.09,0,0,1627.71,10508.49,198.69,0,16361.89,1626.1,4595.13,72665.76,0,20195.77,0,0,92599.03,0,0,0,3025.95,2975.4,0,25812.32,28674.32,81.73,1975.36,18701.17,0,0,0,0
2009-02-13 09:00:00,0,2544.04,0,317.75,12836.45,5336.09,7572.34,0,0,1748.42,11625.83,200.72,0,16670.01,1574.67,4723.5,77818.95,0,20624.84,0,0,93306.06,0,0,0,2898.13,2819.69,0,27047.89,30138.62,83.3,2064.34,19317.27,0,0,0,0
2009-02-13 10:00:00,0,2500.21,0,300.78,12083.97,5363.1,6914.0,0,0,1809.82,12370.85,182.46,0,16569.87,1385.45,4566.27,78351.76,0,20696.4,0,0,91498.39,0,0,0,2677.56,2551.75,0,24973.38,30715.5,83.05,2118.11,18342.16,0,0,0,0
2009-02-13 11:00:00,0,2398.29,0,288.91,11532.38,5243.94,6269.04,0,0,1822.34,12842.42,174.5,0,16341.86,1266.79,4376.37,78197.63,0,20615.74,0,0,89432.72,0,0,0,2510.23,2358.22,0,24074.86,30471.74,80.25,2144.53,17673.73,0,0,0,0
2009-02-13 12:00:00,0,2308.73,0,284.97,11088.4,5204.29,5821.54,0,0,1851.9,13407.4,170.56,0,16133.52,1207.77,4255.31,77685.13,0,20435.76,0,0,87989.26,0,0,0,2388.64,2228.42,0,23594.98,30220.16,77.2,2177.88,17172.56,0,0,0,0
2009-02-13 13:00:00,0,2210.54,0,283.18,10763.41,5294.74,5571.97,0,0,1894.55,14023.65,171.16,0,15919.1,1181.54,4181.45,77125.15,0,20210.76,0,0,86852.35,0,0,0,2352.65,2161.25,0,23493.45,29894.56,74.87,2255.95,16920.16,0,0,0,0
2009-02-13 14:00:00,0,2141.35,0,281.4,10595.26,5453.81,5510.81,0,0,1941.82,14571.83,176.02,0,15780.07,1177.29,4097.05,76850.5,0,20023.4,0,0,85812.83,0,0,0,2338.02,2130.55,0,23130.27,29585.35,73.3,2363.91,16738.34,0,0,0,0
2009-02-13 15:00:00,0,2090.23,0,294.68,10569.82,5705.05,5516.01,0,0,1972.0,14933.94,183.16,0,15749.24,1200.51,4035.7,76232.17,0,20065.54,0,0,84865.46,0,0,0,2339.05,2119.22,0,22705.12,29225.48,72.05,2477.52,16661.68,0,0,0,0
2009-02-13 16:00:00,0,2035.66,0,295.24,10570.64,5901.28,5596.82,0,0,2021.31,15260.31,194.29,0,15848.1,1238.79,3983.69,75425.45,0,20245.32,0,0,84777.2,0,0,0,2326.36,2130.16,0,22345.38,28888.83,70.65,2533.12,16703.67,0,0,0,0
2009-02-13 17:00:00,0,2062.08,0,289.74,10692.69,6096.45,5789.49,0,0,2071.49,15133.38,208.65,0,16423.54,1292.41,3990.3,74623.89,0,20625.32,0,0,86451.23,0,0,0,2311.91,2177.62,0,22224.13,28845.5,69.75,2567.86,16528.58,0,0,0,0
2009-02-13 18:00:00,0,2118.85,0,282.81,11052.45,5802.0,6118.05,0,0,2027.49,14604.93,204.1,0,16865.13,1322.4,4059.13,74172.24,0,21207.91,0,0,89485.53,0,0,0,2314.88,2241.9,0,22631.63,28763.01,68.93,2467.78,16708.84,0,0,0,0
2009-02-13 19:00:00,0,2200.65,0,301.16,11120.94,5880.18,6587.72,0,0,2122.77,14628.77,217.18,0,17180.89,1441.22,4083.73,72963.57,0,20840.97,0,0,93226.49,0,0,0,2497.72,2529.73,0,23110.85,27959.59,66.91,2510.18,16726.18,0,0,0,0
2009-02-13 20:00:00,0,2364.06,0,289.95,11304.18,5605.34,6431.86,0,0,1948.3,13417.59,207.57,0,16487.45,1383.7,4037.11,72999.34,0,20397.25,0,0,91695.88,0,0,0,2495.51,2500.64,0,23881.22,28793.77,66.09,2325.29,17079.96,0,0,0,0
2009-02-13 21:00:00,0,2511.01,0,281.35,11464.8,5464.38,6286.94,0,0,1809.07,12523.0,201.53,0,15803.06,1344.94,3975.48,72792.42,0,19982.77,0,0,90021.61,0,0,0,2499.59,2459.88,0,24121.47,28990.39,65.86,2171.35,17482.36,0,0,0,0
2009-02-13 22:00:00,0,2572.48,0,263.66,10912.3,5058.15,6165.62,0,0,1680.34,11638.21,194.51,0,15086.24,1286.13,3883.8,71312.1,0,19263.32,0,0,88476.09,0,0,0,2386.72,2395.02,0,23146.3,28763.3,66.08,2036.93,16707.21,0,0,0,0
2009-02-13 23:00:00,0,2526.53,0,244.91,10388.89,4636.42,6027.36,0,0,1567.83,10766.43,179.11,0,14271.26,1219.94,3797.09,69115.93,0,18405.34,0,0,85998.08,0,0,0,2266.63,2302.01,0,22295.06,28287.86,66.07,1903.68,15805.28,0,0,0,0
2009-02-14 00:00:00,0,2460.22,0,233.82,10012.55,4218.13,5897.74,0,0,1460.37,9928.16,164.4,0,13463.92,1162.24,3707.28,66909.47,0,17490.01,0,0,83553.55,0,0,0,2183.89,2224.48,0,21323.09,27694.53,66.16,1776.55,15142.99,0,0,0,0
2009-02-14 01:00:00,0,2380.95,0,216.27,9639.91,3851.7,5749.14,0,0,1361.02,9096.65,152.49,0,12737.67,1129.16,3629.67,64505.1,0,16594.18,0,0,80986.78,0,0,0,2110.96,2143.82,0,20493.01,27084.8,66.57,1655.17,14459.98,0,0,0,0
2009-02-14 02:00:00,0,2338.29,0,210.41,9419.14,3643.45,5643.66,0,0,1274.53,8464.88,143.54,0,12425.72,1109.68,3588.31,63172.28,0,15843.32,0,0,79371.62,0,0,0,2071.67,2109.71,0,19984.68,26709.72,66.5,1555.47,14019.08,0,0,0,0
2009-02-14 03:00:00,0,2353.73,0,204.51,9449.87,3502.65,5603.92,0,0,1215.19,8082.82,137.99,0,12321.5,1076.35,3514.16,61904.54,0,15440.96,0,0,78284.12,0,0,0,2050.15,2129.55,0,19413.81,26510.7,66.99,1501.43,13777.75,0,0,0,0
2009-02-14 04:00:00,0,2408.86,0,201.19,9549.37,3543.87,5816.23,0,0,1217.64,8016.96,136.77,0,12356.87,1073.48,3498.57,61389.09,0,15289.46,0,0,78535.75,0,0,0,2054.71,2183.13,0,19280.49,26618.45,67.44,1491.26,13558.63,0,0,0,0
2009-02-14 05:00:00,0,2505.47,0,205.61,9927.62,3636.32,6178.81,0,0,1239.17,8066.74,139.89,0,12512.12,1090.37,3527.31,62015.97,0,15329.77,0,0,79453.3,0,0,0,2087.31,2225.08,0,19505.78,27131.73,68.82,1514.0,13789.19,0,0,0,0
2009-02-14 06:00:00,0,2577.08,0,213.99,10465.44,3799.28,6559.97,0,0,1277.78,8383.73,146.42,0,12719.87,1099.77,3610.58,63072.96,0,15605.53,0,0,80424.55,0,0,0,2161.12,2308.94,0,19792.02,27676.63,70.13,1558.52,14120.95,0,0,0,0
2009-02-14 07:00:00,0,2635.43,0,219.79,10899.17,3983.14,6796.26,0,0,1323.36,8780.23,152.77,0,13077.33,1126.06,3689.44,64702.83,0,16063.87,0,0,81912.34,0,0,0,2264.62,2385.29,0,20110.26,28287.81,71.42,1602.82,14390.51,0,0,0,0
2009-02-14 08:00:00,0,2699.18,0,226.32,11486.9,4374.92,7173.12,0,0,1449.43,9582.14,161.55,0,13818.0,1177.15,3771.52,66679.07,0,17063.81,0,0,85429.59,0,0,0,2366.01,2482.52,0,20635.76,28905.23,72.83,1686.88,14842.85,0,0,0,0
2009-02-14 09:00:00,0,2932.8,0,235.79,11581.64,4654.36,7054.68,0,0,1572.71,10776.65,164.73,0,14121.67,1232.86,3854.01,69802.2,0,17759.13,0,0,86293.79,0,0,0,2363.63,2439.4,0,21167.39,29893.94,75.55,1820.94,15664.02,0,0,0,0
2009-02-14 10:00:00,0,2997.96,0,244.7,11560.9,4869.33,6753.77,0,0,1668.07,12024.72,169.11,0,13976.54,1186.02,3875.67,71950.3,0,17800.21,0,0,85801.93,0,0,0,2345.21,2378.79,0,21482.64,30628.78,76.94,1980.76,16072.49,0,0,0,0
2009-02-14 11:00:00,0,2916.88,0,250.72,11378.71,5166.65,6495.14,0,0,1795.4,13398.37,169.54,0,13789.08,1222.12,3854.46,72496.49,0,17868.56,0,0,85053.38,0,0,0,2367.94,2355.81,0,21848.38,30594.16,76.77,2128.98,16251.02,0,0,0,0
2009-02-14 12:00:00,0,2768.91,0,263.04,11167.68,5463.64,6308.09,0,0,1927.9,14554.13,177.17,0,13631.16,1242.38,3792.23,72462.61,0,17646.09,0,0,84717.11,0,0,0,2385.45,2346.85,0,22110.61,29924.9,74.86,2252.37,16201.08,0,0,0,0
2009-02-14 13:00:00,0,2650.67,0,272.5,10934.61,5687.66,6200.79,0,0,2021.42,15317.92,186.58,0,13537.54,1315.57,3736.91,72136.26,0,17478.03,0,0,84446.63,0,0,0,2379.96,2324.59,0,22225.15,29246.13,73.5,2316.62,16019.3,0,0,0,0
2009-02-14 14:00:00,0,2544.38,0,262.38,10559.98,5845.19,6053.59,0,0,2077.55,15876.42,193.82,0,13545.38,1378.89,3665.79,71618.68,0,17434.52,0,0,83954.41,0,0,0,2398.96,2314.03,0,22232.04,28615.37,71.99,2365.59,15690.34,0,0,0,0
2009-02-14 15:00:00,0,2459.04,0,262.24,10290.47,6020.23,5895.84,0,0,2107.36,16039.42,197.32,0,13468.71,1321.21,3626.2,71254.27,0,17424.0,0,0,83972.78,0,0,0,2415.32,2312.98,0,22157.66,28069.42,70.58,2399.05,15429.8,0,0,0,0
2009-02-14 16:00:00,0,2383.54,0,268.38,10194.58,6051.36,5842.47,0,0,2097.32,15903.5,200.18,0,13421.87,1303.0,3614.03,70658.31,0,17612.67,0,0,84189.59,0,0,0,2423.09,2324.25,0,21880.09,27545.9,68.99,2381.09,15317.96,0,0,0,0
2009-02-14 17:00:00,0,2337.93,0,270.48,10346.58,5956.24,5929.67,0,0,2058.83,15574.3,205.09,0,14280.54,1283.45,3603.72,70149.67,0,18110.78,0,0,85422.86,0,0,0,2433.39,2338.63,0,21669.85,27289.85,67.4,2346.61,15217.06,0,0,0,0
2009-02-14 18:00:00,0,2355.93,0,263.18,10525.2,5673.92,6053.85,0,0,1969.47,14932.28,205.71,0,14998.14,1254.08,3654.08,69759.55,0,18824.9,0,0,87346.37,0,0,0,2455.43,2374.84,0,21579.19,27131.43,65.96,2291.94,14980.1,0,0,0,0
2009-02-14 19:00:00,0,2477.02,0,296.14,11504.83,6065.06,6567.53,0,0,2247.5,15394.56,224.42,0,16576.2,1458.9,4099.13,75228.75,0,20092.59,0,0,94371.77,0,0,0,2593.66,2627.16,0,23009.61,29167.16,77.0,2509.64,16160.49,0,0,0,0
2009-02-14 20:00:00,0,2604.49,0,285.65,11446.92,5766.8,6367.91,0,0,2061.1,14248.03,215.53,0,15892.56,1378.87,4032.63,75395.23,0,19987.43,0,0,93319.42,0,0,0,2594.67,2590.12,0,23517.46,29766.73,76.72,2326.57,16742.27,0,0,0,0
2009-02-14 21:00:00,0,2712.33,0,275.21,11331.01,5558.31,6188.75,0,0,1896.43,13177.24,209.5,0,15191.37,1338.03,3972.79,75133.26,0,19331.69,0,0,91219.12,0,0,0,2590.37,2554.09,0,23467.74,29924.92,76.22,2172.04,17467.24,0,0,0,0
2009-02-14 22:00:00,0,2708.56,0,256.79,10765.99,5128.77,6032.21,0,0,1739.47,12171.11,197.4,0,14472.16,1258.73,3922.1,73854.49,0,18613.32,0,0,88593.78,0,0,0,2502.49,2493.37,0,22407.44,29686.4,75.49,2034.79,17140.87,0,0,0,0
2009-02-14 23:00:00,0,2623.95,0,238.84,10170.0,4639.13,5835.11,0,0,1596.88,11196.39,183.4,0,13733.92,1179.42,3874.56,71923.53,0,17929.56,0,0,85692.08,0,0,0,2423.1,2432.31,0,21559.04,29089.08,74.61,1896.33,16647.24,0,0,0,0
2009-02-15 00:00:00,0,2542.0,0,221.87,9674.94,4218.97,5600.33,0,0,1476.19,10304.07,171.92,0,12966.1,1104.71,3795.52,69770.84,0,17099.69,0,0,83313.7,0,0,0,2354.83,2375.01,0,20832.04,28349.17,73.5,1768.64,16138.89,0,0,0,0
2009-02-15 01:00:00,0,2477.58,0,205.45,9323.39,3893.4,5416.75,0,0,1365.45,9466.13,151.77,0,12374.49,1034.18,3750.01,67767.72,0,16185.84,0,0,80998.03,0,0,0,2287.84,2329.15,0,20408.05,27549.11,72.51,1639.08,15628.37,0,0,0,0
2009-02-15 02:00:00,0,2458.54,0,194.05,9182.46,3624.07,5297.67,0,0,1272.41,8769.89,143.57,0,12137.28,949.75,3739.92,66478.33,0,15299.1,0,0,78847.24,0,0,0,2247.22,2310.66,0,20144.15,26999.21,71.99,1512.02,15560.07,0,0,0,0
2009-02-15 03:00:00,0,2453.19,0,190.1,9285.39,3457.49,5254.37,0,0,1210.99,8284.62,139.06,0,12048.98,920.73,3741.94,65491.47,0,14868.76,0,0,78065.75,0,0,0,2214.76,2311.84,0,19987.37,26553.86,71.58,1449.43,15528.42,0,0,0,0
2009-02-15 04:00:00,0,2479.41,0,195.45,9667.77,3489.69,5418.72,0,0,1211.06,8131.73,138.06,0,12067.29,932.96,3753.36,64950.83,0,14708.4,0,0,78461.9,0,0,0,2217.99,2327.06,0,20114.24,26490.68,71.51,1452.54,15768.92,0,0,0,0
2009-02-15 05:00:00,0,2541.97,0,198.12,10210.21,3563.75,5808.3,0,0,1231.91,8092.18,141.28,0,12234.95,962.83,3806.96,65717.27,0,14824.38,0,0,79563.55,0,0,0,2251.26,2398.92,0,20570.25,26806.31,72.24,1485.23,16155.62,0,0,0,0
2009-02-15 06:00:00,0,2608.51,0,204.54,10867.63,3708.3,6285.59,0,0,1271.84,8414.18,146.44,0,12458.92,999.95,3910.81,66703.17,0,15143.58,0,0,81029.61,0,0,0,2347.68,2525.02,0,21317.75,27278.64,73.59,1526.02,16644.07,0,0,0,0
2009-02-15 07:00:00,0,2678.05,0,211.61,11448.67,3892.72,6721.93,0,0,1319.44,8817.78,152.42,0,12753.42,1035.3,4019.05,67751.12,0,15609.22,0,0,82844.68,0,0,0,2440.35,2658.83,0,22078.38,27792.61,75.23,1571.75,17075.68,0,0,0,0
2009-02-15 08:00:00,0,2748.53,0,221.88,11981.07,4218.47,7191.8,0,0,1416.48,9517.04,157.47,0,13494.72,1088.24,4121.57,69207.33,0,16644.79,0,0,86739.74,0,0,0,2579.81,2890.32,0,23600.98,28334.11,77.11,1618.64,17912.4,0,0,0,0
2009-02-15 09:00:00,0,2909.35,0,251.79,11928.13,4540.38,7289.41,0,0,1528.94,10453.55,163.19,0,13791.52,1190.3,4158.31,71965.2,0,17341.12,0,0,88443.56,0,0,0,2678.05,2980.35,0,24332.33,29134.38,79.0,1702.25,18777.24,0,0,0,0
2009-02-15 10:00:00,0,2906.62,0,247.3,11747.04,4801.71,7177.17,0,0,1617.57,11504.31,168.06,0,13697.41,1258.44,4090.1,73326.88,0,17483.43,0,0,86519.84,0,0,0,2710.48,2946.26,0,24025.27,29809.5,79.37,1778.6,18288.18,0,0,0,0
2009-02-15 11:00:00,0,2835.07,0,245.32,11361.32,4946.22,6788.59,0,0,1682.92,12508.09,176.97,0,13559.14,1301.08,4008.33,73378.87,0,17490.26,0,0,84900.56,0,0,0,2658.01,2829.97,0,23686.44,29658.47,78.9,1863.73,17717.28,0,0,0,0
2009-02-15 12:00:00,0,2745.98,0,250.49,11035.4,5141.15,6474.27,0,0,1756.17,13316.51,180.61,0,13421.89,1310.87,3868.94,72781.65,0,17444.6,0,0,83540.08,0,0,0,2592.4,2721.58,0,23725.3,29241.59,77.44,1985.93,17254.12,0,0,0,0
2009-02-15 13:00:00,0,2667.79,0,254.44,10682.98,5263.92,6260.12,0,0,1833.94,13744.97,181.82,0,13336.82,1310.01,3786.72,72065.97,0,17373.11,0,0,82336.08,0,0,0,2524.11,2625.72,0,23502.89,28691.42,75.86,2172.36,16731.81,0,0,0,0
2009-02-15 14:00:00,0,2567.52,0,252.91,10476.05,5251.76,6138.32,0,0,1838.9,13883.61,177.52,0,13291.02,1300.77,3829.15,71647.99,0,17291.65,0,0,81664.8,0,0,0,2468.7,2561.0,0,23126.59,28093.61,73.88,2283.91,16212.13,0,0,0,0
2009-02-15 15:00:00,0,2479.28,0,256.81,10294.25,5261.92,6078.55,0,0,1833.69,14042.63,181.01,0,13260.11,1290.1,3789.59,71211.45,0,17228.27,0,0,81244.29,0,0,0,2382.77,2470.64,0,22759.58,27548.98,72.01,2299.75,15863.03,0,0,0,0
2009-02-15 16:00:00,0,2430.03,0,262.09,10026.09,5262.88,6060.85,0,0,1814.0,13908.24,190.03,0,13293.3,1260.26,3764.67,70548.51,0,17428.9,0,0,80575.9,0,0,0,2357.11,2434.26,0,22613.16,27122.94,70.51,2268.93,15780.88,0,0,0,0
2009-02-15 17:00:00,0,2387.5,0,258.28,9877.5,5257.98,6093.71,0,0,1794.63,13928.45,192.86,0,14112.8,1251.33,3762.74,69681.18,0,17986.88,0,0,81099.99,0,0,0,2346.17,2442.73,0,22284.55,26824.65,69.12,2244.83,15864.01,0,0,0,0
2009-02-15 18:00:00,0,2403.2,0,249.18,10740.54,5217.01,6429.5,0,0,1778.33,13912.98,196.04,0,14913.91,1240.28,3913.64,69451.61,0,18740.02,0,0,85863.02,0,0,0,2414.65,2539.67,0,21923.35,26644.97,67.66,2197.27,15794.43,0,0,0,0
2009-02-15 19:00:00,0,2802.99,0,292.43,12486.26,5825.81,7491.13,0,0,2037.17,13668.83,206.41,0,15997.44,1438.32,4330.1,75806.08,0,19816.11,0,0,96084.96,0,0,0,2722.76,2937.14,0,22746.6,28456.71,78.31,2476.38,18433.12,0,0,0,0
2009-02-15 20:00:00,0,2912.33,0,279.47,12693.21,5648.33,7462.44,0,0,1915.16,12923.44,205.03,0,15342.71,1371.91,4301.82,76087.12,0,19361.07,0,0,94342.16,0,0,0,2755.19,3006.42,0,23137.23,29442.87,78.88,2313.72,19041.55,0,0,0,0
2009-02-15 21:00:00,0,2994.74,0,269.48,12770.46,5351.64,7357.49,0,0,1793.26,12168.89,204.76,0,14731.54,1294.62,4268.28,75520.28,0,18933.45,0,0,92541.71,0,0,0,2758.26,2992.9,0,23572.26,30070.73,79.17,2158.1,19269.61,0,0,0,0
2009-02-15 22:00:00,0,2915.32,0,247.09,12247.45,4950.73,7255.83,0,0,1680.92,11429.83,194.37,0,14155.32,1229.64,4226.13,74882.54,0,18309.22,0,0,90741.85,0,0,0,2660.76,2936.24,0,22746.41,29454.39,79.34,2013.04,19040.53,0,0,0,0
2009-02-15 23:00:00,0,2787.44,0,240.39,11741.73,4509.92,7179.17,0,0,1568.33,10708.84,180.46,0,13507.33,1156.89,4167.64,73314.99,0,17557.89,0,0,88937.57,0,0,0,2530.62,2870.72,0,21998.68,28600.82,79.49,1863.92,18601.69,0,0,0,0
2009-02-16 00:00:00,0,2667.11,0,219.36,11293.33,4102.07,7074.96,0,0,1462.5,9937.4,162.41,0,12882.21,1082.81,4102.6,71482.43,0,16765.59,0,0,87064.58,0,0,0,2418.38,2785.93,0,21319.94,27634.17,79.35,1736.08,17978.64,0,0,0,0
2009-02-16 01:00:00,0,2575.31,0,208.08,10827.45,3715.19,6966.97,0,0,1371.68,9188.51,147.71,0,12407.37,1023.53,4030.22,69591.41,0,16103.46,0,0,85241.02,0,0,0,2385.55,2709.68,0,20905.08,26808.33,79.02,1654.86,17613.95,0,0,0,0
2009-02-16 02:00:00,0,2520.9,0,195.04,10567.45,3357.25,6922.39,0,0,1279.58,8477.57,139.98,0,12133.06,971.16,3965.51,68157.93,0,15676.01,0,0,84095.33,0,0,0,2370.04,2634.19,0,20769.11,26099.11,78.81,1529.99,17456.79,0,0,0,0
2009-02-16 03:00:00,0,2506.27,0,195.22,10475.19,3211.1,6909.99,0,0,1219.56,8056.94,134.64,0,12179.47,933.31,3935.93,67590.73,0,15444.61,0,0,83349.43,0,0,0,2387.2,2600.21,0,20996.08,25837.42,78.87,1454.31,17467.41,0,0,0,0
2009-02-16 04:00:00,0,2542.81,0,201.13,10836.54,3229.4,7038.81,0,0,1242.82,7985.65,136.7,0,12331.37,918.79,4025.8,68347.63,0,15575.61,0,0,83549.22,0,0,0,2435.17,2638.32,0,21703.02,25892.92,78.84,1400.28,17906.59,0,0,0,0
2009-02-16 05:00:00,0,2594.63,0,213.76,11487.14,3376.12,7282.42,0,0,1307.71,8234.06,143.6,0,12555.76,945.33,4132.57,69841.64,0,15932.28,0,0,84960.62,0,0,0,2438.11,2578.3,0,22735.46,26221.68,79.05,1414.63,18381.28,0,0,0,0
2009-02-16 06:00:00,0,2642.01,0,227.37,12192.91,3652.62,7627.29,0,0,1367.99,8576.05,152.51,0,12901.17,1008.02,4241.95,71866.12,0,16453.02,0,0,87319.54,0,0,0,2562.24,2637.25,0,23830.84,26741.76,80.24,1475.86,18856.67,0,0,0,0
2009-02-16 07:00:00,0,2690.22,0,244.52,12900.53,3998.45,8016.6,0,0,1422.91,8933.91,159.56,0,13365.88,1074.47,4364.13,73773.54,0,16901.59,0,0,89561.12,0,0,0,2737.91,2779.09,0,25041.21,27450.63,81.48,1599.73,19310.89,0,0,0,0
2009-02-16 08:00:00,0,2757.53,0,287.99,13659.15,4788.27,8361.61,0,0,1608.86,9949.81,174.27,0,14570.67,1257.69,4554.2,76449.78,0,18588.62,0,0,94027.72,0,0,0,3028.44,3022.12,0,27244.91,28188.73,83.1,1790.3,20444.88,0,0,0,0
2009-02-16 09:00:00,0,2899.77,0,304.53,13711.04,5321.26,8248.06,0,0,1709.51,11199.24,194.0,0,14793.6,1355.91,4639.3,81085.25,0,18918.34,0,0,93096.09,0,0,0,3113.86,3206.72,0,27553.09,29733.73,87.01,1994.46,21543.15,0,0,0,0
2009-02-16 10:00:00,0,2917.76,0,307.61,13115.89,5668.85,7851.49,0,0,1790.19,12068.04,201.3,0,14968.44,1432.43,4587.14,80557.91,0,18897.59,0,0,91234.59,0,0,0,3168.05,3213.75,0,26732.75,31081.09,88.81,2071.04,21421.78,0,0,0,0
2009-02-16 11:00:00,0,2838.92,0,303.48,12576.83,5744.84,7288.57,0,0,1854.63,12358.88,200.87,0,15078.49,1425.69,4489.26,79658.78,0,18814.25,0,0,89878.15,0,0,0,3040.38,2984.71,0,25790.51,31110.58,88.61,2083.37,20787.72,0,0,0,0
2009-02-16 12:00:00,0,2745.28,0,296.38,12097.13,5595.46,6940.6,0,0,1890.63,13034.8,199.65,0,15070.49,1417.24,4401.39,79128.88,0,18758.93,0,0,88997.22,0,0,0,2919.64,2828.25,0,25031.78,30608.58,87.65,2132.76,20142.47,0,0,0,0
2009-02-16 13:00:00,0,2643.87,0,290.19,11643.23,5462.15,6547.4,0,0,1891.23,13255.86,198.68,0,15031.02,1408.55,4301.22,78553.89,0,18738.81,0,0,88175.12,0,0,0,2818.58,2707.16,0,24486.61,30133.22,86.45,2122.95,19498.02,0,0,0,0
2009-02-16 14:00:00,0,2545.87,0,283.97,11316.14,5379.61,6150.27,0,0,1887.6,13333.95,197.11,0,14998.91,1407.48,4196.39,78105.86,0,18755.62,0,0,87286.09,0,0,0,2720.73,2594.69,0,24026.87,29568.57,84.98,2093.47,18877.99,0,0,0,0
2009-02-16 15:00:00,0,2466.47,0,277.28,11238.6,5352.82,5844.79,0,0,1849.26,13181.0,195.02,0,15037.48,1387.18,4117.81,77884.59,0,18824.99,0,0,86139.57,0,0,0,2643.17,2479.56,0,23451.52,29290.03,83.16,2069.02,18341.37,0,0,0,0
2009-02-16 16:00:00,0,2386.15,0,270.66,11259.91,5423.31,5743.07,0,0,1816.54,13028.92,192.55,0,15071.45,1347.52,4063.15,77642.39,0,19009.88,0,0,85387.32,0,0,0,2603.46,2412.7,0,23472.26,29099.29,80.79,2084.96,18214.52,0,0,0,0
2009-02-16 17:00:00,0,2334.28,0,267.84,11606.29,5469.76,5896.25,0,0,1862.41,12944.47,194.38,0,15625.25,1295.37,4075.93,77521.54,0,19274.74,0,0,86987.74,0,0,0,2588.91,2337.74,0,23403.14,28894.73,77.62,2074.45,18110.54,0,0,0,0
2009-02-16 18:00:00,0,2325.27,0,262.15,12417.92,5312.78,6561.04,0,0,1867.48,12861.13,193.54,0,16172.41,1263.63,4161.61,76954.26,0,19949.69,0,0,92149.66,0,0,0,2660.21,2418.42,0,23168.23,28220.18,73.66,2055.57,18378.13,0,0,0,0
2009-02-16 19:00:00,0,2557.9,0,322.34,13869.07,5999.63,8226.69,0,0,2064.04,14021.65,223.1,0,17216.7,1585.99,4927.53,79328.64,0,21349.92,0,0,102423.77,0,0,0,2922.85,2989.34,0,26055.23,29514.11,85.08,2472.08,20124.79,0,0,0,0
2009-02-16 20:00:00,0,2692.7,0,321.06,14317.33,5894.42,8107.66,0,0,1964.62,13152.1,219.75,0,16398.25,1550.3,4876.49,79603.67,0,20854.8,0,0,99994.5,0,0,0,2983.64,3073.09,0,27058.34,30563.51,85.19,2317.56,21011.91,0,0,0,0
2009-02-16 21:00:00,0,2788.46,0,314.29,14275.39,5721.34,7996.96,0,0,1863.41,12399.45,219.32,0,15574.6,1493.63,4807.84,79346.89,0,20285.65,0,0,97314.91,0,0,0,2987.47,3075.21,0,27338.13,31423.58,84.28,2177.96,21525.26,0,0,0,0
2009-02-16 22:00:00,0,2715.39,0,297.73,13932.27,5342.92,7921.99,0,0,1756.7,11569.04,209.49,0,14754.19,1432.1,4713.79,77460.17,0,19373.4,0,0,94647.67,0,0,0,2921.21,3052.36,0,27105.26,30680.9,82.7,2066.9,21368.69,0,0,0,0
2009-02-16 23:00:00,0,2597.18,0,281.86,13561.62,4996.39,7851.17,0,0,1651.86,10734.84,199.79,0,13927.67,1379.8,4604.44,74974.92,0,18444.72,0,0,91818.98,0,0,0,2854.59,3036.69,0,26896.1,29626.5,80.98,1970.34,20824.72,0,0,0,0
2009-02-17 00:00:00,0,2481.3,0,268.19,13163.74,4742.99,7747.23,0,0,1557.28,9958.93,189.05,0,13087.22,1339.51,4488.97,72404.72,0,17515.39,0,0,88789.02,0,0,0,2794.18,3015.5,0,26523.48,28522.88,79.74,1876.02,20218.57,0,0,0,0
2009-02-17 01:00:00,0,2374.81,0,257.4,12932.48,4461.36,7637.4,0,0,1472.58,9293.03,178.07,0,12541.1,1301.79,4368.8,69846.05,0,16557.21,0,0,86111.02,0,0,0,2791.96,3001.78,0,26025.06,27390.05,78.76,1778.91,19601.16,0,0,0,0
2009-02-17 02:00:00,0,2284.52,0,256.12,12935.27,4277.02,7680.13,0,0,1400.63,8753.63,170.74,0,12527.34,1301.83,4253.32,67343.15,0,15772.71,0,0,84448.85,0,0,0,2831.96,3115.53,0,25908.85,26255.54,78.09,1697.71,19445.28,0,0,0,0
2009-02-17 03:00:00,0,2282.17,0,267.0,13151.28,4496.44,7892.48,0,0,1428.58,9021.45,175.97,0,12668.55,1361.96,4221.32,66481.6,0,15565.5,0,0,84862.81,0,0,0,2956.0,3255.68,0,26583.71,25790.16,79.46,1730.11,19503.22,0,0,0,0
2009-02-17 04:00:00,0,2330.58,0,280.98,13747.3,4894.34,8244.35,0,0,1534.51,9458.91,189.9,0,13030.5,1438.06,4339.74,67780.53,0,15895.21,0,0,86887.44,0,0,0,3126.34,3398.52,0,27445.07,25873.2,80.64,1844.47,19909.63,0,0,0,0
2009-02-17 05:00:00,0,2386.73,0,299.71,14341.44,5288.73,8623.06,0,0,1634.46,9935.36,205.95,0,13391.97,1507.0,4483.46,69685.0,0,16552.56,0,0,89543.85,0,0,0,3281.41,3522.09,0,28286.42,26512.32,82.43,1973.49,20312.73,0,0,0,0
2009-02-17 06:00:00,0,2445.4,0,326.9,14914.98,5666.23,8994.76,0,0,1735.31,10441.47,218.74,0,13738.72,1591.42,4636.94,71544.25,0,17266.27,0,0,92430.46,0,0,0,3420.45,2637.25,0,29022.07,27280.93,84.18,2101.35,20703.04,0,0,0,0
2009-02-17 07:00:00,0,2479.86,0,352.17,15482.24,6026.32,9358.49,0,0,1840.01,11035.68,228.13,0,14493.86,1680.1,4802.89,73194.19,0,18375.24,0,0,95766.65,0,0,0,3534.18,2779.09,0,29707.23,27960.5,86.0,2238.28,21181.53,0,0,0,0
2009-02-17 08:00:00,0,2529.49,0,287.99,13659.15,6547.64,9662.97,0,0,1955.77,12336.17,241.14,0,15753.78,1797.16,5001.92,75064.98,0,19917.09,0,0,100890.59,0,0,0,3028.44,3022.12,0,31181.01,28717.97,88.06,2411.12,21917.65,0,0,0,0
2009-02-17 09:00:00,0,2611.43,0,368.09,15979.07,6177.97,9254.84,0,0,1912.0,12402.44,222.04,0,15886.76,1652.04,4971.18,79836.87,0,19963.84,0,0,98884.98,0,0,0,3499.69,3634.9,0,31049.29,30089.8,88.85,2292.18,22002.16,0,0,0,0
2009-02-17 10:00:00,0,2635.48,0,352.69,14924.25,5825.21,8589.35,0,0,1867.91,12417.36,201.28,0,15634.63,1557.93,4724.29,80279.26,0,19754.4,0,0,95194.86,0,0,0,3302.03,3401.33,0,29522.07,30846.06,88.67,2201.69,20708.91,0,0,0,0
2009-02-17 11:00:00,0,2595.29,0,324.31,13982.0,5638.42,8076.98,0,0,1878.32,12648.85,196.42,0,15399.82,1520.1,4509.7,79850.72,0,19630.61,0,0,92502.76,0,0,0,3162.21,3226.25,0,28384.14,30653.27,88.24,2137.79,19711.91,0,0,0,0
2009-02-17 12:00:00,0,2537.68,0,307.58,13196.2,5520.85,7736.36,0,0,1881.64,12894.07,192.34,0,15353.77,1490.43,4357.74,79165.79,0,19552.99,0,0,91025.35,0,0,0,3053.34,3054.67,0,27191.82,30412.15,87.18,2108.84,19160.51,0,0,0,0
2009-02-17 13:00:00,0,2457.43,0,297.88,12623.59,5412.29,7445.74,0,0,1880.21,13002.63,188.68,0,15257.83,1460.03,4250.34,78430.98,0,19491.28,0,0,90246.87,0,0,0,2936.35,2901.21,0,26548.4,29958.95,84.66,2093.28,18932.32,0,0,0,0
2009-02-17 14:00:00,0,2374.03,0,287.07,12207.28,5298.14,7176.89,0,0,1855.86,12896.78,186.71,0,15045.15,1426.19,4178.88,77837.12,0,19408.79,0,0,88645.07,0,0,0,2833.4,2779.38,0,25725.25,29490.16,83.01,2088.13,18727.62,0,0,0,0
2009-02-17 15:00:00,0,2286.11,0,282.04,11898.57,5208.17,6971.24,0,0,1831.9,12711.06,184.58,0,14895.78,1413.44,4122.85,77503.79,0,19454.82,0,0,87393.96,0,0,0,2740.4,2709.87,0,25088.71,29016.43,79.96,2086.68,18771.61,0,0,0,0
2009-02-17 16:00:00,0,2193.09,0,286.76,11847.55,5240.06,6906.81,0,0,1835.91,12417.29,185.18,0,14879.37,1415.43,4098.99,77668.06,0,19519.06,0,0,87166.05,0,0,0,2661.89,2640.58,0,24908.21,28632.47,77.4,2127.91,18922.3,0,0,0,0
2009-02-17 17:00:00,0,2143.41,0,290.6,11830.94,5446.11,7035.35,0,0,1845.02,12614.57,188.18,0,15603.4,1395.2,4158.57,77845.58,0,20050.27,0,0,89349.69,0,0,0,2595.72,2607.05,0,24702.59,28249.94,75.7,2196.8,19170.75,0,0,0,0
2009-02-17 18:00:00,0,2158.63,0,288.52,12976.06,5452.59,7544.7,0,0,1836.29,12452.52,196.54,0,16100.94,1377.92,4339.79,77334.42,0,20893.11,0,0,93900.85,0,0,0,2682.99,2735.26,0,24739.97,27832.45,75.3,2212.09,19604.25,0,0,0,0
2009-02-17 19:00:00,0,2318.31,0,318.08,13504.89,5972.73,8627.34,0,0,2091.94,13735.89,225.78,0,17240.78,1625.53,4638.57,79177.28,0,21010.83,0,0,101321.01,0,0,0,3050.61,3136.79,0,25958.89,28509.09,78.32,2486.89,20086.55,0,0,0,0
2009-02-17 20:00:00,0,2389.86,0,314.12,13692.91,5882.33,8476.85,0,0,1986.57,13016.43,223.49,0,16428.09,1576.1,4540.46,78827.68,0,20424.4,0,0,98829.0,0,0,0,3094.87,3207.89,0,26487.51,29178.58,76.76,2300.96,20484.05,0,0,0,0
2009-02-17 21:00:00,0,2445.99,0,301.05,13678.13,5730.51,8305.51,0,0,1873.95,12344.42,220.32,0,15578.73,1500.6,4432.68,77962.35,0,19859.92,0,0,96444.66,0,0,0,3085.45,3197.94,0,26652.25,29829.9,76.06,2157.93,20356.26,0,0,0,0
2009-02-17 22:00:00,0,2353.01,0,282.73,13151.42,5343.17,8101.37,0,0,1770.96,11582.54,204.41,0,14715.07,1425.6,4296.43,75455.49,0,18892.53,0,0,93687.39,0,0,0,2941.4,3099.38,0,25464.36,29199.97,74.71,2033.04,19378.95,0,0,0,0
2009-02-17 23:00:00,0,2198.71,0,263.23,12611.67,4943.0,7845.24,0,0,1666.23,10779.25,189.57,0,13808.65,1341.81,4139.85,72763.1,0,17886.7,0,0,90724.16,0,0,0,2780.2,2963.22,0,24255.05,28033.01,72.82,1917.22,18332.36,0,0,0,0
2009-02-18 00:00:00,0,2070.76,0,247.08,12007.85,4567.96,7538.48,0,0,1564.44,9956.58,174.25,0,12934.28,1237.4,3977.88,69932.99,0,16836.68,0,0,87336.24,0,0,0,2652.63,2824.02,0,22978.4,26881.79,71.31,1811.72,17464.91,0,0,0,0
2009-02-18 01:00:00,0,1919.56,0,230.21,11387.32,4226.36,7176.22,0,0,1463.24,9210.1,159.04,0,12528.59,1178.43,3817.92,67271.07,0,15867.88,0,0,83922.46,0,0,0,2486.1,2664.28,0,21810.29,25624.95,69.9,1710.05,16572.91,0,0,0,0
2009-02-18 02:00:00,0,1758.47,0,218.94,10983.47,3971.01,7004.02,0,0,1378.73,8514.03,148.47,0,12457.69,1119.41,3686.25,64624.35,0,15220.79,0,0,80898.54,0,0,0,2384.82,2556.54,0,21059.82,24455.15,68.36,1623.84,15651.86,0,0,0,0
2009-02-18 03:00:00,0,1715.69,0,220.78,11160.0,4087.84,7040.72,0,0,1396.02,8749.42,151.92,0,12607.75,1137.29,3570.36,62950.49,0,15052.01,0,0,80924.01,0,0,0,2380.92,2563.09,0,20817.63,23935.54,67.38,1627.68,14883.28,0,0,0,0
2009-02-18 04:00:00,0,1782.79,0,234.09,11496.57,4343.71,7109.22,0,0,1459.36,9081.08,158.06,0,12963.39,1175.38,3576.52,63403.12,0,15526.16,0,0,83331.56,0,0,0,2383.47,2548.29,0,21054.88,24274.33,66.73,1705.85,14663.52,0,0,0,0
2009-02-18 05:00:00,0,1875.59,0,247.36,11897.59,4616.92,7174.66,0,0,1517.93,9460.5,161.16,0,13331.1,1188.98,3651.76,64749.8,0,16207.92,0,0,85530.97,0,0,0,2415.97,2538.99,0,21304.08,25100.62,66.33,1788.02,14682.81,0,0,0,0
2009-02-18 06:00:00,0,1967.22,0,255.13,12285.15,4844.99,7233.37,0,0,1574.51,9822.96,166.15,0,13665.14,1208.43,3754.14,66332.0,0,16890.62,0,0,87912.33,0,0,0,2447.86,2515.2,0,21693.42,26070.57,67.56,1871.06,14883.24,0,0,0,0
2009-02-18 07:00:00,0,2065.03,0,258.56,12643.17,5048.91,7343.69,0,0,1631.26,10204.65,170.52,0,14350.01,1238.32,3849.9,67935.98,0,17856.46,0,0,91113.7,0,0,0,2520.01,2520.66,0,22004.95,27107.13,69.91,1948.56,15172.46,0,0,0,0
2009-02-18 08:00:00,0,2160.57,0,289.6,13372.25,5606.74,7486.99,0,0,1811.54,11583.16,187.52,0,15419.82,1367.42,3962.5,70074.19,0,19719.89,0,0,96081.43,0,0,0,2642.52,2567.18,0,23022.83,28040.33,71.64,2140.34,15598.45,0,0,0,0
2009-02-18 09:00:00,0,2326.47,0,285.64,13525.98,5418.08,7541.93,0,0,1826.3,11824.6,191.4,0,15148.48,1360.29,4065.77,73296.72,0,19623.48,0,0,96514.53,0,0,0,2677.18,2585.78,0,23898.39,29722.7,72.33,2150.17,16013.31,0,0,0,0
2009-02-18 10:00:00,0,2417.06,0,291.45,13238.98,5233.81,7361.83,0,0,1822.91,12257.45,186.33,0,14706.76,1361.37,4175.58,75840.04,0,19454.92,0,0,95974.78,0,0,0,2639.4,2537.58,0,23806.99,30694.73,73.42,2112.0,16468.12,0,0,0,0
2009-02-18 11:00:00,0,2431.95,0,297.58,12923.7,5185.42,7186.65,0,0,1799.69,12578.33,181.54,0,14489.92,1319.21,4170.18,76958.16,0,19444.67,0,0,94756.03,0,0,0,2565.67,2470.35,0,23613.21,30931.71,74.43,2080.18,16784.75,0,0,0,0
2009-02-18 12:00:00,0,2420.03,0,302.86,12701.93,5194.67,7073.67,0,0,1815.52,12930.17,179.24,0,14428.4,1286.91,4129.25,77414.68,0,19740.4,0,0,93932.32,0,0,0,2542.76,2416.01,0,23407.25,30874.17,71.84,2087.23,16568.73,0,0,0,0
2009-02-18 13:00:00,0,2412.49,0,305.7,12456.03,5206.58,6965.88,0,0,1821.11,13127.13,179.62,0,14551.26,1295.5,4081.58,77625.24,0,19918.6,0,0,92913.64,0,0,0,2538.23,2381.93,0,23238.36,30717.84,73.37,2111.6,16328.42,0,0,0,0
2009-02-18 14:00:00,0,2390.68,0,311.11,12159.07,5307.5,6808.41,0,0,1848.85,13173.61,182.93,0,14694.09,1303.71,4034.37,77564.58,0,20017.29,0,0,92411.59,0,0,0,2536.55,2398.27,0,23055.67,30417.05,73.85,2158.05,16111.72,0,0,0,0
2009-02-18 15:00:00,0,2366.41,0,314.27,11996.38,5495.48,6713.72,0,0,1886.56,13341.66,189.81,0,14787.75,1320.34,4017.98,77099.79,0,20143.07,0,0,91998.23,0,0,0,2519.5,2413.85,0,22911.7,30022.69,73.82,2230.96,15926.93,0,0,0,0
2009-02-18 16:00:00,0,2353.71,0,314.21,11883.02,5706.0,6659.68,0,0,1925.41,13895.71,197.4,0,15066.64,1332.87,3995.44,76572.14,0,20338.63,0,0,92125.94,0,0,0,2510.45,2396.1,0,22730.93,29523.21,72.14,2327.6,15827.82,0,0,0,0
2009-02-18 17:00:00,0,2359.65,0,307.83,11820.82,5881.49,6623.07,0,0,2006.19,14443.08,206.56,0,15702.35,1346.53,3966.97,75980.65,0,20441.62,0,0,92575.84,0,0,0,2526.12,2353.07,0,22642.63,29235.6,71.99,2358.58,15844.98,0,0,0,0
2009-02-18 18:00:00,0,2433.89,0,295.08,11796.3,5802.68,6573.92,0,0,2000.43,14140.73,210.44,0,16072.07,1369.55,3931.52,75800.85,0,20966.58,0,0,93511.17,0,0,0,2527.18,2318.77,0,22563.65,29232.87,72.08,2323.47,16019.7,0,0,0,0
2009-02-18 19:00:00,0,2749.39,0,313.67,12290.78,6258.18,7040.53,0,0,2216.82,14790.8,234.64,0,16857.85,1557.21,4153.97,78851.57,0,21442.41,0,0,98511.89,0,0,0,2660.42,2568.28,0,23789.05,30905.48,77.37,2584.6,16502.0,0,0,0,0
2009-02-18 20:00:00,0,2868.91,0,309.69,12278.66,6012.66,6716.64,0,0,2035.49,13803.52,230.39,0,16003.78,1463.86,4103.53,79377.97,0,20597.67,0,0,95519.33,0,0,0,2654.83,2500.13,0,23970.34,31998.2,77.89,2390.67,16807.21,0,0,0,0
2009-02-18 21:00:00,0,2970.42,0,298.03,11978.0,5736.3,6392.55,0,0,1871.17,12849.0,225.15,0,15166.65,1362.58,4049.4,78716.87,0,19617.91,0,0,92011.82,0,0,0,2643.9,2402.58,0,23850.14,32660.65,77.93,2205.55,17051.04,0,0,0,0
2009-02-18 22:00:00,0,2908.97,0,277.41,11185.51,5244.87,6070.34,0,0,1747.56,11842.19,205.89,0,14299.62,1265.68,3985.65,76752.69,0,18429.62,0,0,88391.67,0,0,0,2458.19,2282.68,0,22507.9,31840.09,77.68,2058.34,16390.43,0,0,0,0
2009-02-18 23:00:00,0,2827.73,0,254.74,10555.26,4812.75,5729.0,0,0,1628.79,10874.18,188.2,0,13397.64,1158.79,3885.15,75013.9,0,17220.12,0,0,84728.64,0,0,0,2310.16,2173.33,0,21214.81,30926.95,78.64,1928.81,15650.96,0,0,0,0
2009-02-19 00:00:00,0,2748.91,0,238.64,9929.35,4369.38,5391.9,0,0,1517.68,9994.45,181.58,0,12493.03,1079.23,3806.14,73518.34,0,15990.05,0,0,81502.98,0,0,0,2181.19,2065.34,0,20125.84,30132.66,78.94,1806.05,15254.03,0,0,0,0
2009-02-19 01:00:00,0,2685.06,0,223.57,9341.31,3931.94,5068.94,0,0,1407.77,9125.53,164.5,0,11731.87,1001.83,3774.47,71810.59,0,14772.24,0,0,78235.94,0,0,0,2065.11,1964.35,0,19096.74,29265.05,79.54,1682.85,15136.44,0,0,0,0
2009-02-19 02:00:00,0,2671.96,0,206.86,9051.39,3598.35,4826.5,0,0,1304.08,8279.02,149.97,0,11483.08,942.56,3789.0,70716.95,0,14019.96,0,0,76336.33,0,0,0,1985.11,1884.62,0,18627.79,28624.07,80.22,1579.66,15095.08,0,0,0,0
2009-02-19 03:00:00,0,2749.18,0,197.8,9147.95,3511.48,4784.85,0,0,1264.4,8246.88,142.26,0,11719.89,921.1,3861.56,69911.89,0,13919.01,0,0,75421.15,0,0,0,1963.65,1842.56,0,18513.46,28402.89,81.19,1550.66,15348.87,0,0,0,0
2009-02-19 04:00:00,0,2862.32,0,200.05,9531.24,3678.87,4993.73,0,0,1322.81,8650.69,144.26,0,12051.1,949.15,4107.16,71560.41,0,14427.55,0,0,77519.47,0,0,0,1979.27,1866.32,0,18882.1,29005.41,83.77,1606.84,16195.15,0,0,0,0
2009-02-19 05:00:00,0,2975.59,0,218.51,10159.67,3895.83,5277.29,0,0,1380.8,9060.01,151.12,0,12377.52,973.6,4428.2,74150.32,0,14978.5,0,0,80861.57,0,0,0,2069.77,1929.53,0,19587.75,30024.24,86.6,1673.53,17221.3,0,0,0,0
2009-02-19 06:00:00,0,3103.88,0,227.65,10813.49,4101.96,5615.88,0,0,1435.22,9465.62,158.7,0,12690.46,1010.07,4711.89,76554.58,0,15572.6,0,0,84137.66,0,0,0,2160.12,2005.43,0,20486.56,31097.63,90.02,1745.29,18290.58,0,0,0,0
2009-02-19 07:00:00,0,3233.03,0,238.12,11441.89,4303.76,5946.79,0,0,1488.89,9869.71,165.88,0,13025.03,1070.02,4937.61,78755.68,0,16206.29,0,0,87593.52,0,0,0,2253.13,2060.23,0,21605.76,32117.65,93.52,1813.13,19335.31,0,0,0,0
2009-02-19 08:00:00,0,3361.75,0,259.33,12512.14,4771.22,6438.33,0,0,1659.32,11044.28,179.01,0,13577.19,1173.66,5222.19,81666.62,0,18152.36,0,0,96307.67,0,0,0,2400.85,2165.54,0,24158.97,33139.15,96.75,1954.0,20784.8,0,0,0,0
2009-02-19 09:00:00,0,3545.3,0,283.06,12391.32,5114.2,6667.32,0,0,1749.64,12072.58,185.48,0,14253.88,1218.13,5514.42,87496.99,0,18858.74,0,0,97634.6,0,0,0,2481.67,2274.07,0,26168.16,35143.47,102.35,2063.74,22974.02,0,0,0,0
2009-02-19 10:00:00,0,3482.06,0,293.94,12373.35,5252.02,6571.4,0,0,1793.51,12628.78,192.07,0,14654.72,1254.3,5588.31,88469.89,0,19380.23,0,0,96853.6,0,0,0,2512.35,2330.28,0,26575.31,35159.67,103.45,2159.94,23313.0,0,0,0,0
2009-02-19 11:00:00,0,3355.97,0,299.81,12014.81,5381.88,6332.43,0,0,1856.6,13247.92,196.29,0,14781.59,1290.85,5608.93,88572.64,0,18835.71,0,0,95012.79,0,0,0,2520.56,2334.51,0,26624.15,34530.23,101.68,2214.46,22996.04,0,0,0,0
2009-02-19 12:00:00,0,3207.59,0,294.77,11880.65,5519.75,6235.27,0,0,1931.79,13824.55,198.63,0,14687.26,1288.79,5615.07,87650.88,0,18747.88,0,0,94057.38,0,0,0,2434.63,2297.99,0,26163.98,33786.38,99.59,2291.7,22458.59,0,0,0,0
2009-02-19 13:00:00,0,3040.5,0,288.97,11762.83,5659.68,6189.04,0,0,1979.48,14357.97,201.17,0,14735.26,1318.18,5436.34,86227.92,0,18879.7,0,0,93239.87,0,0,0,2386.67,2248.42,0,25410.59,33041.6,97.29,2313.07,21855.09,0,0,0,0
2009-02-19 14:00:00,0,2873.22,0,282.74,11678.32,5738.32,6179.5,0,0,2047.45,14815.46,199.13,0,14667.72,1313.92,5318.62,84757.11,0,18971.06,0,0,92260.38,0,0,0,2377.83,2214.94,0,24986.97,32303.07,95.24,2309.5,21151.93,0,0,0,0
2009-02-19 15:00:00,0,2725.61,0,281.8,11689.26,5802.86,6028.9,0,0,2074.68,15005.9,190.65,0,14299.54,1302.83,5168.46,82842.31,0,19081.78,0,0,92072.99,0,0,0,2382.43,2282.99,0,24754.96,31582.95,93.32,2323.22,20401.94,0,0,0,0
2009-02-19 16:00:00,0,2623.3,0,283.81,11914.87,5801.53,6192.12,0,0,2062.0,15023.99,186.21,0,14240.77,1276.68,5097.36,81168.98,0,19176.77,0,0,92559.32,0,0,0,2413.63,2383.09,0,24791.81,30946.79,91.43,2316.07,20215.99,0,0,0,0
2009-02-19 17:00:00,0,2547.19,0,286.96,12393.65,5774.57,6641.34,0,0,2047.89,14863.25,190.26,0,14635.75,1263.46,5025.52,79910.95,0,19757.73,0,0,94432.9,0,0,0,2456.88,2513.33,0,25255.62,30396.22,89.64,2340.08,20329.94,0,0,0,0
2009-02-19 18:00:00,0,2539.79,0,284.31,13410.52,5671.62,7256.26,0,0,2032.41,14416.76,194.84,0,15175.32,1242.68,4987.43,80006.99,0,20470.2,0,0,97884.77,0,0,0,2514.32,2547.29,0,25842.28,30009.33,87.54,2309.79,20473.46,0,0,0,0
2009-02-19 19:00:00,0,2913.77,0,317.89,15139.14,6088.9,8239.09,0,0,2204.28,14777.85,225.99,0,16497.66,1515.33,5292.89,86067.7,0,21836.1,0,0,110395.08,0,0,0,2901.79,2925.55,0,28900.91,30624.94,92.23,2568.43,22301.21,0,0,0,0
2009-02-19 20:00:00,0,3068.4,0,316.42,15588.9,5902.59,8333.54,0,0,2035.63,13798.86,221.21,0,15903.04,1448.1,5206.78,86333.21,0,21612.14,0,0,108462.2,0,0,0,3002.82,3020.39,0,30103.06,31792.66,91.97,2393.14,23015.1,0,0,0,0
2009-02-19 21:00:00,0,3162.32,0,314.54,15432.78,5637.11,8385.46,0,0,1880.89,12873.34,219.06,0,15237.89,1394.18,5113.13,85477.98,0,21162.62,0,0,106120.37,0,0,0,3033.92,3078.08,0,30285.05,32599.03,91.07,2214.75,23272.47,0,0,0,0
2009-02-19 22:00:00,0,3083.38,0,298.22,15035.74,5177.18,8415.95,0,0,1754.9,11944.99,204.46,0,14635.49,1337.9,5032.09,83401.43,0,20472.16,0,0,103653.96,0,0,0,3000.37,3120.66,0,29786.62,32008.16,90.1,2030.15,22947.88,0,0,0,0
2009-02-19 23:00:00,0,2975.64,0,284.56,14637.85,4793.15,8400.13,0,0,1629.34,10920.18,190.18,0,14155.95,1290.56,4954.8,81103.17,0,19665.66,0,0,101059.17,0,0,0,2971.31,3138.42,0,29283.2,31157.06,88.78,1885.64,22327.62,0,0,0,0
2009-02-20 00:00:00,0,2872.07,0,274.54,14249.67,4443.33,8325.7,0,0,1506.43,9922.99,177.48,0,13784.32,1247.1,4863.3,78745.52,0,18814.34,0,0,98132.21,0,0,0,2960.52,3146.58,0,28721.54,30074.2,87.53,1757.09,21832.59,0,0,0,0
2009-02-20 01:00:00,0,2791.62,0,267.68,14048.2,4221.96,8229.99,0,0,1401.57,8918.57,166.44,0,13349.76,1226.16,4775.03,76317.74,0,17971.66,0,0,95364.62,0,0,0,2954.66,3152.18,0,28185.03,28985.64,86.31,1645.84,21441.78,0,0,0,0
2009-02-20 02:00:00,0,2756.01,0,268.97,14037.15,4073.87,8286.66,0,0,1308.48,8066.29,161.74,0,13201.18,1237.3,4717.1,74327.89,0,17353.08,0,0,92919.36,0,0,0,3004.02,3260.48,0,28046.32,28140.58,86.03,1604.95,21592.03,0,0,0,0
2009-02-20 03:00:00,0,2778.42,0,286.38,14198.94,4253.91,8438.95,0,0,1321.26,8163.76,169.67,0,13402.49,1308.33,4718.14,73707.71,0,17197.83,0,0,92089.55,0,0,0,3107.8,3385.63,0,28678.07,27853.35,87.22,1645.95,21934.91,0,0,0,0
2009-02-20 04:00:00,0,2837.94,0,317.12,14763.01,4749.04,8768.16,0,0,1424.81,8705.75,187.07,0,13770.23,1472.89,4848.87,75161.18,0,17309.46,0,0,93708.77,0,0,0,3257.33,3519.09,0,29721.22,28142.35,88.96,1771.16,22498.48,0,0,0,0
2009-02-20 05:00:00,0,2904.8,0,347.8,15349.99,5209.86,9210.48,0,0,1541.5,9249.55,214.81,0,14145.51,1656.0,5030.09,77154.5,0,17723.91,0,0,96054.15,0,0,0,3404.19,3647.95,0,30771.97,28919.32,90.97,1882.63,23058.06,0,0,0,0
2009-02-20 06:00:00,0,2961.47,0,378.23,15948.58,5926.24,9628.81,0,0,1670.24,9963.3,244.3,0,14485.85,1828.5,5207.24,79161.99,0,18293.27,0,0,98709.18,0,0,0,3545.94,3776.48,0,31768.3,29752.01,93.08,2099.26,23640.61,0,0,0,0
2009-02-20 07:00:00,0,3018.56,0,401.05,16523.44,6575.0,10051.02,0,0,1841.26,10740.38,270.72,0,15370.81,1982.56,5357.29,80983.83,0,19425.66,0,0,102327.83,0,0,0,3652.96,3892.25,0,32846.35,30596.47,94.9,2304.74,24038.03,0,0,0,0
2009-02-20 08:00:00,0,3083.64,0,435.28,17771.49,7323.88,10570.49,0,0,2063.69,12508.43,279.97,0,16538.91,2140.27,5573.05,83128.95,0,21265.37,0,0,109499.13,0,0,0,3863.15,4091.75,0,34907.13,31484.12,97.15,2554.07,24775.05,0,0,0,0
2009-02-20 09:00:00,0,3188.77,0,428.34,17230.56,7776.61,10402.44,0,0,2192.1,13243.84,280.09,0,16668.85,1218.13,5570.25,87334.03,0,21562.33,0,0,108285.89,0,0,0,3770.35,3978.79,0,35049.86,32928.79,98.89,2788.75,24927.61,0,0,0,0
2009-02-20 10:00:00,0,2973.85,0,409.41,16029.66,7417.07,9799.77,0,0,2200.66,13564.93,270.85,0,16565.07,2118.53,5314.96,85426.74,0,21571.08,0,0,105610.38,0,0,0,3571.15,3726.1,0,32335.8,32814.54,95.17,2698.28,23368.25,0,0,0,0
2009-02-20 11:00:00,0,2725.9,0,390.8,14858.29,6970.51,9085.26,0,0,2155.77,13622.33,260.79,0,16455.84,2003.4,5147.55,83754.7,0,21414.2,0,0,102345.09,0,0,0,3384.73,3470.61,0,31074.94,31710.56,90.53,2581.78,22567.45,0,0,0,0
2009-02-20 12:00:00,0,2518.54,0,375.32,13985.74,6643.11,8459.59,0,0,2104.74,13636.99,244.78,0,16305.68,1874.56,5025.84,82363.83,0,21226.15,0,0,99531.14,0,0,0,3220.38,3235.46,0,30308.98,30762.54,87.17,2450.02,21718.56,0,0,0,0
2009-02-20 13:00:00,0,2349.17,0,358.68,13341.38,6376.07,7914.98,0,0,2048.89,13471.67,230.14,0,16111.11,1760.68,4889.31,81081.32,0,21071.24,0,0,97079.74,0,0,0,3062.63,3038.53,0,29126.69,30017.94,83.68,2358.37,20745.0,0,0,0,0
2009-02-20 14:00:00,0,2206.7,0,339.24,12861.73,6089.11,7470.31,0,0,1979.06,13104.88,216.41,0,15897.44,1689.32,4751.93,79945.6,0,20905.9,0,0,95347.76,0,0,0,2908.52,2869.2,0,27847.76,29459.16,80.82,2267.74,19832.52,0,0,0,0
2009-02-20 15:00:00,0,2099.45,0,320.9,12526.44,5789.57,7152.27,0,0,1891.96,12609.11,210.14,0,15789.6,1617.26,4628.55,78663.54,0,20809.24,0,0,94284.03,0,0,0,2803.21,2761.59,0,27000.9,28868.91,78.69,2181.06,19188.12,0,0,0,0
2009-02-20 16:00:00,0,2074.39,0,300.67,12536.27,5619.78,7090.29,0,0,1804.39,12152.64,204.87,0,15898.59,1516.73,4572.41,77497.77,0,20988.15,0,0,93499.99,0,0,0,2724.34,2711.71,0,26611.01,28366.77,76.89,2128.75,18968.04,0,0,0,0
2009-02-20 17:00:00,0,2031.81,0,292.61,12527.21,5656.78,7245.74,0,0,1767.51,11964.06,202.89,0,16327.1,1459.54,4533.12,76687.31,0,21268.26,0,0,93855.61,0,0,0,2685.25,2693.98,0,26472.81,27892.77,74.97,2124.03,18937.6,0,0,0,0
2009-02-20 18:00:00,0,2094.56,0,307.61,13462.85,5701.67,8089.58,0,0,1860.67,11862.13,211.93,0,16949.63,1553.23,4599.66,77105.44,0,21611.54,0,0,96593.7,0,0,0,2815.38,2904.37,0,26664.99,27542.76,74.22,2138.2,19645.61,0,0,0,0
2009-02-20 19:00:00,0,2226.79,0,342.07,13863.93,6429.28,8989.95,0,0,2082.78,14187.38,239.77,0,17346.71,1765.07,4691.82,77689.25,0,21347.55,0,0,104584.03,0,0,0,3126.29,3300.7,0,28017.78,28099.64,73.88,2644.05,19697.32,0,0,0,0
2009-02-20 20:00:00,0,2362.86,0,348.18,14237.93,6930.66,8896.12,0,0,2061.44,13846.58,243.06,0,16636.36,1760.95,4653.62,78158.9,0,20835.34,0,0,103040.87,0,0,0,3170.28,3340.84,0,29964.14,28953.89,73.95,2646.85,20477.78,0,0,0,0
2009-02-20 21:00:00,0,2469.18,0,350.85,14410.95,7154.83,8802.57,0,0,2052.91,13488.53,245.12,0,15904.74,1749.05,4592.08,78189.72,0,20270.93,0,0,100926.9,0,0,0,3203.38,3338.85,0,30587.23,29153.86,73.33,2643.87,20936.84,0,0,0,0
2009-02-20 22:00:00,0,2492.73,0,347.55,14066.24,7113.41,8677.43,0,0,2026.06,13015.9,242.03,0,15176.84,1738.48,4498.65,76827.18,0,19481.99,0,0,98466.49,0,0,0,3110.49,3285.67,0,30225.54,28846.94,72.36,2613.55,20546.25,0,0,0,0
2009-02-20 23:00:00,0,2406.29,0,344.68,13874.97,6992.85,8542.47,0,0,2003.41,12488.74,233.86,0,14415.73,1725.02,4374.29,74863.11,0,18645.98,0,0,95674.13,0,0,0,3029.27,3217.94,0,29614.89,28255.75,71.1,2573.86,19912.85,0,0,0,0
2009-02-21 00:00:00,0,2331.81,0,340.15,13602.33,6854.14,8438.69,0,0,1978.65,11998.58,226.86,0,13664.65,1708.85,4244.79,72646.65,0,17797.35,0,0,92881.53,0,0,0,2969.45,3170.69,0,29048.21,27446.7,69.62,2555.9,19262.48,0,0,0,0
2009-02-21 01:00:00,0,2215.63,0,336.57,13449.09,6770.88,8398.94,0,0,1947.95,11649.59,222.37,0,12962.99,1722.22,4154.03,70469.28,0,16915.13,0,0,90445.62,0,0,0,2915.75,3160.33,0,28586.3,26704.87,68.31,2545.11,18778.59,0,0,0,0
2009-02-21 02:00:00,0,2160.64,0,333.7,13374.34,6799.84,8366.22,0,0,1930.68,11377.63,220.92,0,12572.42,1737.66,4103.05,68680.83,0,16076.12,0,0,89040.29,0,0,0,2925.37,3186.97,0,28137.42,26291.56,66.94,2578.41,18618.83,0,0,0,0
2009-02-21 03:00:00,0,2174.79,0,329.84,13419.59,6904.59,8443.51,0,0,1929.45,11352.7,220.36,0,12473.4,1753.71,4047.28,67550.69,0,15660.62,0,0,88243.88,0,0,0,2981.56,3235.22,0,28128.91,26114.5,67.34,2593.75,18540.36,0,0,0,0
2009-02-21 04:00:00,0,2249.55,0,336.23,13538.61,7014.3,8598.15,0,0,1961.27,11450.31,221.16,0,12534.91,1764.33,4028.7,66854.28,0,15473.18,0,0,88229.36,0,0,0,3024.51,3290.0,0,28309.46,26223.09,68.66,2625.36,18536.75,0,0,0,0
2009-02-21 05:00:00,0,2374.09,0,340.75,13839.57,7160.7,8853.1,0,0,2010.48,11647.69,224.33,0,12710.4,1788.26,4068.46,67474.95,0,15595.99,0,0,88993.74,0,0,0,3087.19,3347.69,0,28572.43,26762.79,70.31,2676.91,18605.13,0,0,0,0
2009-02-21 06:00:00,0,2488.13,0,349.9,14185.7,7292.78,9132.19,0,0,2057.29,11960.55,232.41,0,12930.12,1810.67,4132.8,68440.59,0,15916.79,0,0,89938.08,0,0,0,3154.03,3404.81,0,29129.87,27437.82,71.8,2728.65,18696.86,0,0,0,0
2009-02-21 07:00:00,0,2598.2,0,358.3,14547.95,7447.14,9401.87,0,0,2097.51,12273.62,240.36,0,13348.65,1822.9,4202.2,69542.03,0,16511.98,0,0,91237.6,0,0,0,3220.75,3470.77,0,29501.0,28095.97,73.51,2783.27,18749.4,0,0,0,0
2009-02-21 08:00:00,0,2697.91,0,376.15,15041.18,7547.64,9506.9,0,0,2124.29,12438.46,249.61,0,14055.45,1805.86,4282.76,71141.72,0,17425.67,0,0,94219.57,0,0,0,3274.94,3625.59,0,30814.88,28727.92,75.72,2793.81,19560.72,0,0,0,0
2009-02-21 09:00:00,0,2966.97,0,345.88,14301.49,6467.16,8618.53,0,0,1893.07,11756.38,219.22,0,14345.39,1627.46,4244.08,73102.32,0,17988.55,0,0,93619.79,0,0,0,3054.35,3442.07,0,30133.76,29836.11,76.71,2488.31,19254.73,0,0,0,0
2009-02-21 10:00:00,0,3050.14,0,319.32,13249.24,5809.49,7778.91,0,0,1808.53,12114.96,201.04,0,14275.13,1534.93,4078.62,73918.56,0,17977.72,0,0,90220.45,0,0,0,2880.83,3171.72,0,28226.92,30705.34,77.4,2288.46,18273.16,0,0,0,0
2009-02-21 11:00:00,0,3053.03,0,302.35,12381.5,5647.88,7165.16,0,0,1807.63,12554.55,197.49,0,14161.42,1517.42,3910.72,74379.21,0,17785.32,0,0,87071.69,0,0,0,2717.25,2902.9,0,26373.67,31142.44,77.99,2228.0,17483.22,0,0,0,0
2009-02-21 12:00:00,0,3009.86,0,300.04,11686.35,5512.72,6749.43,0,0,1804.91,12775.97,193.96,0,13979.38,1483.22,3762.32,74402.26,0,17566.77,0,0,84734.91,0,0,0,2609.49,2718.01,0,25128.44,31105.97,79.85,2192.84,16758.7,0,0,0,0
2009-02-21 13:00:00,0,2941.79,0,296.61,11127.46,5386.06,6406.77,0,0,1782.21,12975.56,188.02,0,13780.1,1451.95,3669.77,74089.81,0,17426.25,0,0,83137.83,0,0,0,2503.08,2570.57,0,24173.68,30730.75,79.62,2154.52,16136.9,0,0,0,0
2009-02-21 14:00:00,0,2859.8,0,285.91,10673.72,5223.63,6179.13,0,0,1737.81,12896.78,184.28,0,13676.17,1408.81,3597.78,73773.23,0,17316.52,0,0,82566.15,0,0,0,2396.9,2464.58,0,23357.44,30361.33,78.7,2095.77,15985.3,0,0,0,0
2009-02-21 15:00:00,0,2775.9,0,271.79,10309.17,5115.17,5946.42,0,0,1685.33,12682.48,180.11,0,13593.61,1355.75,3538.41,73330.79,0,17182.98,0,0,82022.01,0,0,0,2306.78,2376.8,0,22765.14,29935.77,77.17,2007.51,16020.95,0,0,0,0
2009-02-21 16:00:00,0,2688.68,0,264.71,9977.34,4982.73,5844.58,0,0,1687.85,12582.17,176.37,0,13546.22,1297.31,3551.64,72649.56,0,17389.06,0,0,81445.83,0,0,0,2275.81,2327.5,0,22280.1,29569.91,74.6,1977.58,16122.04,0,0,0,0
2009-02-21 17:00:00,0,2631.63,0,262.98,9728.31,4961.0,5921.5,0,0,1694.95,12445.52,177.43,0,14344.08,1262.08,3705.11,72104.74,0,17938.4,0,0,82441.15,0,0,0,2296.99,2385.74,0,21907.01,29128.06,72.66,1983.61,16333.13,0,0,0,0
2009-02-21 18:00:00,0,2616.64,0,266.95,10705.44,4999.94,6461.43,0,0,1670.64,12200.54,179.25,0,15436.07,1272.3,3840.16,71633.79,0,18807.58,0,0,86824.06,0,0,0,2391.18,2565.57,0,21962.77,28782.4,71.64,1984.57,16392.55,0,0,0,0
2009-02-21 19:00:00,0,2821.29,0,317.32,12658.96,5607.98,7799.23,0,0,1976.67,13473.7,202.22,0,16678.93,1524.98,4345.0,79433.11,0,20151.71,0,0,98575.44,0,0,0,2869.15,2920.35,0,25112.08,31049.19,84.83,2355.1,17928.5,0,0,0,0
2009-02-21 20:00:00,0,2961.19,0,319.72,13070.57,5585.54,7823.76,0,0,1886.85,12586.3,199.8,0,15968.79,1498.86,4323.05,79806.14,0,19764.38,0,0,97211.77,0,0,0,2912.62,3009.47,0,26345.46,31348.57,84.53,2240.93,18572.33,0,0,0,0
2009-02-21 21:00:00,0,3059.11,0,317.4,13208.29,5507.14,7709.57,0,0,1786.44,11787.17,200.57,0,15228.79,1466.96,4305.45,79876.61,0,19342.01,0,0,94688.39,0,0,0,2947.81,3007.71,0,26653.83,31382.32,83.87,2136.6,19097.39,0,0,0,0
2009-02-21 22:00:00,0,3035.0,0,301.39,12783.85,5169.28,7529.5,0,0,1689.95,11109.97,193.01,0,14452.89,1425.21,4298.15,78301.71,0,18628.13,0,0,92326.06,0,0,0,2837.97,2954.2,0,26052.83,31019.45,82.98,2026.2,18581.19,0,0,0,0
2009-02-21 23:00:00,0,2970.15,0,294.75,12380.13,4880.08,7308.25,0,0,1597.28,10399.03,180.14,0,13638.16,1372.43,4297.48,76698.89,0,17711.71,0,0,89668.31,0,0,0,2752.44,2891.05,0,25125.77,30540.17,81.87,1927.88,18077.96,0,0,0,0
2009-02-22 00:00:00,0,2900.81,0,283.7,11790.88,4694.71,7027.93,0,0,1523.45,9767.57,169.79,0,12786.17,1334.65,4257.47,75103.62,0,16773.46,0,0,86859.85,0,0,0,2669.61,2811.07,0,24118.56,29976.78,80.69,1851.82,17640.54,0,0,0,0
2009-02-22 01:00:00,0,2853.92,0,267.53,11280.07,4580.46,6725.86,0,0,1453.97,9164.42,162.65,0,12251.02,1296.54,4193.24,73402.77,0,15844.91,0,0,84475.42,0,0,0,2584.57,2745.16,0,23234.5,29492.95,80.42,1788.74,17358.98,0,0,0,0
2009-02-22 02:00:00,0,2849.12,0,266.77,10984.25,4512.89,6545.52,0,0,1402.92,8658.08,159.13,0,12030.74,1275.78,4165.2,71755.56,0,15058.02,0,0,82512.76,0,0,0,2524.17,2718.48,0,22553.64,29050.99,80.63,1741.06,17599.71,0,0,0,0
2009-02-22 03:00:00,0,2857.52,0,256.3,10786.11,4565.25,6472.74,0,0,1365.69,8485.61,157.16,0,11992.42,1302.75,4169.11,71152.88,0,14558.23,0,0,81693.02,0,0,0,2465.24,2696.44,0,22077.4,28729.03,80.71,1710.18,18020.88,0,0,0,0
2009-02-22 04:00:00,0,2890.99,0,253.89,10796.02,4697.0,6501.67,0,0,1378.39,8535.58,159.86,0,12060.61,1308.27,4205.15,70803.23,0,14377.33,0,0,81986.34,0,0,0,2391.45,2649.2,0,22024.3,28717.1,81.19,1740.56,18837.29,0,0,0,0
2009-02-22 05:00:00,0,2947.01,0,253.88,11102.31,4827.98,6624.09,0,0,1422.26,8789.47,164.56,0,12224.09,1348.29,4308.67,71650.56,0,14448.95,0,0,83063.64,0,0,0,2386.07,2628.44,0,22533.77,28992.16,82.16,1793.09,19714.42,0,0,0,0
2009-02-22 06:00:00,0,3012.29,0,269.48,11402.81,5005.38,6819.69,0,0,1484.29,9239.42,173.47,0,12422.75,1385.86,4418.98,72667.1,0,14685.23,0,0,84626.65,0,0,0,2428.41,2652.63,0,23309.06,29374.64,83.35,1859.0,20301.03,0,0,0,0
2009-02-22 07:00:00,0,3075.7,0,279.23,11658.26,5191.09,6941.9,0,0,1549.39,9715.61,184.37,0,12615.79,1442.52,4538.47,73367.72,0,14985.8,0,0,86171.65,0,0,0,2465.36,2667.55,0,24339.31,29843.03,84.97,1927.66,20818.63,0,0,0,0
2009-02-22 08:00:00,0,3136.58,0,289.04,12067.54,5450.0,7070.61,0,0,1651.92,10345.14,189.45,0,12999.48,1488.38,4682.56,74651.53,0,15661.6,0,0,89928.91,0,0,0,2517.04,2735.4,0,26175.03,30369.42,86.56,1944.43,21998.99,0,0,0,0
2009-02-22 09:00:00,0,3236.57,0,269.58,12141.18,5447.28,6930.31,0,0,1652.55,10812.98,181.83,0,13280.37,1455.75,4871.68,77170.59,0,16139.32,0,0,91567.92,0,0,0,2503.38,2706.22,0,27687.43,31077.93,87.24,1965.42,22869.31,0,0,0,0
2009-02-22 10:00:00,0,3063.01,0,239.98,12299.67,5412.79,6991.23,0,0,1652.5,11490.81,182.41,0,13365.18,1384.31,4948.8,77714.48,0,16589.14,0,0,91923.34,0,0,0,2556.13,2720.77,0,27930.04,30858.05,85.63,1993.5,22559.25,0,0,0,0
2009-02-22 11:00:00,0,2943.12,0,245.2,11889.81,5415.14,7059.67,0,0,1664.21,12212.31,176.47,0,13401.1,1314.79,4934.69,77060.15,0,16952.65,0,0,91498.48,0,0,0,2588.88,2723.03,0,27714.33,30463.11,83.39,2043.68,22035.66,0,0,0,0
2009-02-22 12:00:00,0,2820.39,0,257.43,11436.15,5314.59,7028.22,0,0,1695.78,12850.11,172.23,0,13602.55,1267.88,4813.49,76267.19,0,17207.89,0,0,90727.23,0,0,0,2556.87,2731.8,0,27228.17,29930.26,81.61,2067.74,21334.54,0,0,0,0
2009-02-22 13:00:00,0,2707.1,0,264.85,11058.42,5134.86,6788.44,0,0,1701.75,13248.04,169.66,0,13763.53,1232.17,4682.24,75267.66,0,17345.45,0,0,89524.95,0,0,0,2574.7,2735.77,0,26640.74,29384.47,79.65,2074.06,20562.96,0,0,0,0
2009-02-22 14:00:00,0,2608.07,0,261.06,10877.24,4947.13,6512.27,0,0,1680.12,13316.55,170.25,0,13859.92,1221.74,4539.98,74208.76,0,17467.71,0,0,87883.08,0,0,0,2477.87,2554.92,0,25922.16,28775.42,77.86,2075.76,19691.63,0,0,0,0
2009-02-22 15:00:00,0,2505.34,0,261.93,10778.08,4764.36,6301.46,0,0,1656.59,13242.53,171.48,0,13889.52,1211.79,4430.34,73347.82,0,17541.39,0,0,86400.28,0,0,0,2408.79,2463.25,0,25180.63,28189.19,76.21,2044.03,18746.1,0,0,0,0
2009-02-22 16:00:00,0,2414.21,0,261.95,10665.86,4790.18,6277.18,0,0,1684.82,13334.53,177.38,0,13990.0,1201.18,4331.63,72460.34,0,17799.23,0,0,85841.58,0,0,0,2380.07,2520.12,0,24822.22,27648.36,74.53,2016.83,18281.04,0,0,0,0
2009-02-22 17:00:00,0,2373.32,0,265.79,10842.72,4961.78,6459.99,0,0,1715.1,13252.87,185.37,0,14407.86,1216.67,4235.56,71678.77,0,18217.47,0,0,86327.56,0,0,0,2378.5,2623.45,0,24694.94,27252.98,73.03,2026.76,18416.21,0,0,0,0
2009-02-22 18:00:00,0,2381.46,0,268.86,11252.27,4885.59,6921.06,0,0,1692.45,12781.89,187.18,0,14776.96,1209.38,4268.97,71889.28,0,18914.1,0,0,88356.0,0,0,0,2445.75,2714.04,0,24798.83,26848.13,72.07,2011.04,18620.73,0,0,0,0
2009-02-22 19:00:00,0,2822.16,0,329.66,14892.45,6004.12,8258.56,0,0,2099.56,14131.44,226.89,0,16596.21,1572.41,5151.82,84530.85,0,21632.64,0,0,105838.64,0,0,0,2984.5,3045.77,0,29161.09,30732.68,90.06,2487.31,22134.0,0,0,0,0
2009-02-22 20:00:00,0,2979.25,0,328.32,15372.82,5893.1,8260.21,0,0,1972.39,13103.72,221.23,0,15826.43,1533.3,5130.6,85339.86,0,21254.15,0,0,103566.26,0,0,0,3089.78,3165.5,0,30387.3,32213.36,90.55,2338.35,22983.37,0,0,0,0
2009-02-22 21:00:00,0,3099.88,0,323.68,15282.81,5746.18,8285.28,0,0,1846.15,12246.68,218.52,0,15075.75,1478.34,5115.77,84940.97,0,20424.6,0,0,101272.41,0,0,0,3109.78,3199.42,0,30441.03,33196.37,90.55,2198.9,23359.18,0,0,0,0
2009-02-22 22:00:00,0,3056.93,0,307.7,14891.74,5329.64,8327.34,0,0,1720.59,11272.5,204.04,0,14335.19,1410.81,5056.97,83111.97,0,19336.35,0,0,98814.89,0,0,0,3067.85,3211.34,0,29833.42,32543.86,90.17,2060.76,23003.57,0,0,0,0
2009-02-22 23:00:00,0,2969.49,0,297.47,14438.63,4931.45,8327.82,0,0,1602.05,10375.42,191.14,0,13571.69,1351.71,4982.81,81041.48,0,18410.95,0,0,96178.95,0,0,0,3040.9,3215.1,0,29244.01,31592.97,89.49,1932.07,22416.96,0,0,0,0
2009-02-23 00:00:00,0,2871.75,0,289.61,13951.24,4573.08,8238.36,0,0,1501.17,9528.74,179.33,0,12772.1,1331.85,4900.99,78844.23,0,17514.97,0,0,93326.9,0,0,0,3011.8,3205.8,0,28859.07,30557.2,88.45,1794.98,21864.18,0,0,0,0
2009-02-23 01:00:00,0,2788.52,0,279.14,13683.52,4255.87,8115.68,0,0,1408.52,8736.39,166.41,0,12245.09,1326.1,4813.84,76556.15,0,16602.82,0,0,90529.24,0,0,0,2994.57,3190.39,0,28542.68,29483.03,87.19,1660.66,21300.74,0,0,0,0
2009-02-23 02:00:00,0,2769.35,0,275.51,13658.05,4070.24,8186.3,0,0,1332.71,8101.57,161.13,0,12229.33,1339.04,4735.67,74923.72,0,15937.6,0,0,88348.5,0,0,0,3030.15,3304.72,0,28846.78,28675.53,86.29,1584.14,21412.32,0,0,0,0
2009-02-23 03:00:00,0,2821.54,0,287.67,13836.97,4076.57,8388.74,0,0,1357.8,8231.28,166.82,0,12480.65,1381.89,4744.2,74698.39,0,15862.47,0,0,88251.7,0,0,0,3118.6,3411.64,0,29541.4,28453.21,87.27,1579.53,21713.88,0,0,0,0
2009-02-23 04:00:00,0,2898.33,0,312.93,14382.58,4332.86,8706.77,0,0,1430.06,8725.45,188.25,0,12711.31,1480.58,4890.53,76433.52,0,16113.35,0,0,90836.38,0,0,0,3236.45,3493.07,0,30346.6,28794.43,89.35,1693.13,22263.41,0,0,0,0
2009-02-23 05:00:00,0,2972.63,0,344.44,15008.98,4711.21,9059.24,0,0,1519.22,9287.34,215.68,0,13081.7,1600.32,5066.64,78615.34,0,16688.84,0,0,93989.13,0,0,0,3343.21,3570.54,0,31257.99,29599.91,91.48,1822.91,22739.91,0,0,0,0
2009-02-23 06:00:00,0,3048.53,0,367.6,15610.92,5181.21,9455.05,0,0,1613.9,9831.66,241.34,0,13451.87,1722.89,5248.61,80826.37,0,17315.11,0,0,97238.37,0,0,0,3463.94,3667.92,0,32285.45,30506.62,93.99,1969.14,23219.98,0,0,0,0
2009-02-23 07:00:00,0,3123.92,0,382.62,16196.02,5721.34,9838.76,0,0,1695.39,10369.49,262.14,0,14226.17,1825.62,5419.76,82891.75,0,18356.68,0,0,100969.14,0,0,0,3607.97,3793.47,0,33159.1,31417.96,96.48,2118.05,23780.94,0,0,0,0
2009-02-23 08:00:00,0,3202.98,0,417.43,17243.73,6522.81,10225.01,0,0,1855.74,11683.89,278.55,0,15531.7,1926.35,5641.14,85469.33,0,20418.36,0,0,108189.04,0,0,0,3821.17,3965.07,0,34927.5,32290.78,98.76,2416.12,24765.57,0,0,0,0
2009-02-23 09:00:00,0,3271.06,0,408.98,16768.15,6720.46,9930.4,0,0,1941.95,12274.22,270.03,0,15673.15,1818.47,5621.6,89064.59,0,20716.78,0,0,106679.06,0,0,0,3698.08,3841.79,0,34262.48,33688.17,100.2,2535.44,24777.3,0,0,0,0
2009-02-23 10:00:00,0,3045.27,0,396.19,15768.69,6351.41,9257.43,0,0,1948.09,12625.38,246.12,0,15608.0,1730.53,5425.07,86840.86,0,20765.08,0,0,103547.73,0,0,0,3502.36,3609.66,0,32219.77,33347.81,97.84,2399.4,23494.57,0,0,0,0
2009-02-23 11:00:00,0,2844.22,0,383.57,14767.17,6112.91,8636.74,0,0,1910.76,12918.95,227.63,0,15476.5,1687.99,5280.03,85085.55,0,20735.39,0,0,100581.56,0,0,0,3340.56,3405.26,0,30772.17,32233.31,94.98,2284.97,22695.26,0,0,0,0
2009-02-23 12:00:00,0,2691.62,0,361.67,13884.26,5962.6,8131.04,0,0,1905.3,13137.82,216.54,0,15384.51,1675.24,5157.5,83753.12,0,20673.71,0,0,98202.39,0,0,0,3180.5,3177.35,0,29463.58,31539.66,92.23,2197.87,22039.11,0,0,0,0
2009-02-23 13:00:00,0,2556.56,0,338.37,13263.46,5813.44,7697.01,0,0,1909.21,13349.97,209.06,0,15324.41,1652.86,5036.1,82648.8,0,20617.1,0,0,96146.56,0,0,0,3025.99,2992.44,0,28057.61,30935.98,89.54,2166.27,21248.95,0,0,0,0
2009-02-23 14:00:00,0,2424.88,0,321.72,12801.52,5626.78,7356.13,0,0,1896.7,13248.68,202.83,0,15341.28,1618.67,4911.55,81553.51,0,20575.59,0,0,94386.6,0,0,0,2904.61,2854.35,0,26962.99,30374.93,87.47,2136.16,20348.2,0,0,0,0
2009-02-23 15:00:00,0,2307.93,0,303.71,12491.63,5428.57,7091.11,0,0,1886.06,13045.4,200.02,0,15450.6,1590.4,4800.08,80336.32,0,20650.48,0,0,93308.96,0,0,0,2790.15,2737.44,0,26037.48,29781.51,85.61,2105.92,19601.46,0,0,0,0
2009-02-23 16:00:00,0,2230.58,0,289.61,12513.33,5338.59,7037.47,0,0,1892.68,12878.22,198.84,0,15728.98,1557.62,4707.4,79124.72,0,21049.91,0,0,93373.28,0,0,0,2699.13,2672.1,0,25572.79,29052.06,83.92,2107.0,19376.08,0,0,0,0
2009-02-23 17:00:00,0,2200.42,0,286.32,12560.56,5507.18,7243.71,0,0,1898.58,13070.28,197.38,0,16297.32,1530.36,4618.36,78327.68,0,21475.88,0,0,94471.0,0,0,0,2657.35,2680.98,0,25276.46,28506.46,83.02,2175.08,19446.11,0,0,0,0
2009-02-23 18:00:00,0,2253.35,0,292.76,13615.15,5508.57,8153.0,0,0,1899.3,13031.83,200.15,0,16863.23,1508.6,4702.33,79162.18,0,21989.3,0,0,98529.56,0,0,0,2802.67,2909.63,0,25645.39,28109.16,82.07,2195.57,20252.24,0,0,0,0
2009-02-23 19:00:00,0,2551.16,0,335.26,14870.02,6092.71,9408.46,0,0,2069.63,13774.73,236.21,0,18410.21,1830.34,5185.91,83398.28,0,23088.92,0,0,111541.04,0,0,0,3231.51,3408.57,0,28273.48,29400.9,85.97,2455.52,21651.95,0,0,0,0
2009-02-23 20:00:00,0,2700.29,0,337.0,15391.73,6150.13,9332.75,0,0,1972.83,13041.08,240.23,0,17537.06,1810.21,5141.28,83869.76,0,22580.62,0,0,110092.36,0,0,0,3305.07,3497.75,0,29918.81,30476.24,85.89,2315.69,22631.52,0,0,0,0
2009-02-23 21:00:00,0,2805.52,0,335.07,15294.57,6021.66,9117.69,0,0,1882.3,12376.53,243.91,0,16654.62,1737.57,5071.65,83451.6,0,21932.38,0,0,108006.95,0,0,0,3289.73,3478.42,0,30229.59,31318.4,85.13,2197.35,23139.57,0,0,0,0
2009-02-23 22:00:00,0,2743.78,0,325.35,14836.8,5696.36,8905.18,0,0,1790.36,11585.01,236.35,0,15806.85,1674.6,4985.47,81349.64,0,21016.5,0,0,105674.63,0,0,0,3220.0,3448.24,0,29755.19,30653.88,83.91,2115.66,22838.08,0,0,0,0
2009-02-23 23:00:00,0,2630.8,0,314.24,14332.33,5456.13,8646.19,0,0,1697.81,10755.75,229.99,0,14988.47,1623.82,4885.76,78965.94,0,20092.35,0,0,103206.25,0,0,0,3134.95,3392.66,0,29323.25,29573.39,82.88,2031.93,22296.71,0,0,0,0
2009-02-24 00:00:00,0,2512.25,0,301.48,13871.6,5185.17,8417.8,0,0,1603.12,9933.66,220.35,0,14230.42,1552.33,4787.37,76288.04,0,19182.58,0,0,100548.35,0,0,0,3022.85,3287.01,0,28830.18,28477.73,81.8,1947.35,21724.64,0,0,0,0
2009-02-24 01:00:00,0,2381.61,0,290.04,13605.98,4944.02,8260.58,0,0,1515.17,9119.3,209.5,0,13604.61,1496.99,4682.17,73645.27,0,18324.0,0,0,98062.24,0,0,0,2954.41,3216.58,0,28490.34,27384.25,80.7,1880.22,21077.83,0,0,0,0
2009-02-24 02:00:00,0,2304.69,0,280.55,13624.32,4829.44,8311.2,0,0,1446.05,8448.98,204.42,0,13417.76,1477.01,4611.85,71388.0,0,17594.12,0,0,95858.28,0,0,0,2944.88,3253.73,0,28449.19,26301.58,80.1,1852.92,20994.71,0,0,0,0
2009-02-24 03:00:00,0,2318.36,0,291.26,13899.5,5092.82,8568.58,0,0,1475.61,8661.77,212.43,0,13609.7,1496.22,4630.91,70502.78,0,17524.84,0,0,96334.36,0,0,0,3023.62,3323.24,0,29134.19,25674.64,80.24,1946.13,21067.9,0,0,0,0
2009-02-24 04:00:00,0,2378.98,0,315.02,14528.62,5481.62,9019.91,0,0,1550.63,9057.2,221.71,0,13989.35,1528.94,4735.18,71708.91,0,17784.7,0,0,98542.88,0,0,0,3129.9,3399.75,0,29961.67,25947.39,81.59,2133.57,21391.66,0,0,0,0
2009-02-24 05:00:00,0,2450.28,0,345.96,15193.49,5825.12,9467.05,0,0,1624.59,9490.34,230.91,0,14381.05,1581.23,4879.89,73314.97,0,18298.42,0,0,100974.28,0,0,0,3261.26,3518.33,0,30838.93,26653.51,83.34,2241.91,21807.82,0,0,0,0
2009-02-24 06:00:00,0,2513.68,0,375.57,15822.33,6157.46,9916.55,0,0,1699.84,9908.04,237.93,0,14784.17,1628.55,5031.37,75002.09,0,18929.7,0,0,103607.4,0,0,0,3421.21,3658.61,0,31319.43,27441.83,85.04,2369.8,22150.21,0,0,0,0
2009-02-24 07:00:00,0,2574.07,0,396.07,16390.66,6497.34,10319.12,0,0,1777.23,10322.67,245.77,0,15621.74,1680.88,5193.81,76712.24,0,19981.88,0,0,106626.07,0,0,0,3564.44,3784.23,0,31729.03,28265.17,87.14,2485.8,22511.43,0,0,0,0
2009-02-24 08:00:00,0,2640.37,0,427.52,17554.98,6913.65,10648.55,0,0,1903.52,11591.05,252.27,0,16902.14,1746.35,5422.66,79274.91,0,21971.44,0,0,113247.29,0,0,0,3776.3,3931.19,0,33277.29,29061.16,89.3,2603.45,23412.72,0,0,0,0
2009-02-24 09:00:00,0,2804.41,0,390.1,16687.18,6377.95,10115.38,0,0,1891.25,12102.89,221.88,0,16781.58,1587.01,5405.78,83061.95,0,22030.6,0,0,110440.42,0,0,0,3638.43,3789.17,0,32373.03,30769.2,92.21,2381.58,23387.13,0,0,0,0
2009-02-24 10:00:00,0,2751.11,0,362.19,15487.95,5913.67,9430.96,0,0,1859.14,12493.8,201.34,0,16515.79,1534.56,5208.68,81038.14,0,21749.33,0,0,104871.97,0,0,0,3457.13,3568.96,0,30475.42,31012.51,92.11,2242.31,22054.6,0,0,0,0
2009-02-24 11:00:00,0,2667.16,0,331.25,14474.51,5655.75,8822.5,0,0,1863.78,12811.2,197.54,0,16212.18,1516.83,5034.22,79011.69,0,21449.75,0,0,100617.76,0,0,0,3297.14,3373.02,0,28811.49,30669.16,90.58,2145.85,20703.8,0,0,0,0
2009-02-24 12:00:00,0,2573.78,0,314.12,13633.93,5538.58,8331.88,0,0,1878.69,13102.23,194.52,0,15909.64,1489.47,4869.37,77909.87,0,21184.54,0,0,97382.59,0,0,0,3157.92,3192.67,0,27281.04,30295.6,88.24,2113.71,19691.95,0,0,0,0
2009-02-24 13:00:00,0,2471.42,0,304.8,13042.26,5457.13,7941.41,0,0,1886.84,13209.87,192.14,0,15631.91,1463.5,4687.05,76982.6,0,20920.24,0,0,94650.0,0,0,0,3036.39,3029.7,0,26209.07,29722.71,84.86,2110.6,18755.48,0,0,0,0
2009-02-24 14:00:00,0,2352.11,0,295.88,12650.08,5329.08,7656.67,0,0,1870.16,13092.5,190.81,0,15446.38,1434.75,4524.36,75831.77,0,20731.51,0,0,92610.5,0,0,0,2905.43,2883.04,0,25396.79,29191.04,81.98,2105.22,18097.62,0,0,0,0
2009-02-24 15:00:00,0,2272.15,0,286.37,12347.63,5202.07,7396.03,0,0,1848.82,12833.47,188.35,0,15422.33,1424.52,4396.35,74793.96,0,20615.03,0,0,90934.7,0,0,0,2805.1,2776.81,0,24684.37,28752.91,80.5,2093.33,17954.92,0,0,0,0
2009-02-24 16:00:00,0,2207.17,0,278.21,12361.4,5183.71,7273.97,0,0,1859.75,12529.85,187.06,0,15524.49,1422.55,4256.56,73817.01,0,20669.61,0,0,90136.36,0,0,0,2717.97,2702.75,0,24233.81,28404.18,78.95,2116.43,18254.63,0,0,0,0
2009-02-24 17:00:00,0,2139.79,0,278.98,12249.46,5387.41,7372.95,0,0,1870.84,12668.71,186.97,0,16006.47,1412.18,4204.85,73294.99,0,20930.73,0,0,90409.13,0,0,0,2682.18,2681.56,0,23897.09,27802.04,78.42,2176.56,18171.22,0,0,0,0
2009-02-24 18:00:00,0,2172.58,0,278.36,13328.13,5462.77,8177.83,0,0,1867.98,12831.71,194.27,0,16897.23,1376.55,4321.35,73740.8,0,21626.01,0,0,94873.66,0,0,0,2804.43,2897.77,0,24445.75,27166.67,77.45,2207.39,18580.84,0,0,0,0
2009-02-24 19:00:00,0,2305.87,0,317.53,14158.75,5997.46,9316.94,0,0,2078.76,13747.03,227.46,0,18242.29,1631.69,4742.58,77474.48,0,22250.91,0,0,105017.56,0,0,0,3198.7,3361.63,0,26215.08,27543.31,77.88,2462.13,19640.97,0,0,0,0
2009-02-24 20:00:00,0,2397.34,0,316.19,14555.56,5932.81,9260.0,0,0,1982.07,13005.91,223.92,0,17456.07,1590.88,4707.37,77578.98,0,21727.42,0,0,103063.21,0,0,0,3276.7,3461.74,0,27216.35,28453.32,78.43,2300.14,20454.19,0,0,0,0
2009-02-24 21:00:00,0,2470.05,0,308.51,14621.19,5795.6,9115.13,0,0,1878.22,12335.63,222.04,0,16655.06,1526.87,4655.67,77338.33,0,21125.25,0,0,100704.79,0,0,0,3287.13,3460.38,0,27360.17,29184.88,78.76,2158.72,20874.92,0,0,0,0
2009-02-24 22:00:00,0,2429.26,0,291.1,14251.61,5429.71,8961.76,0,0,1780.13,11520.02,207.86,0,15817.39,1453.89,4564.13,75312.7,0,20153.96,0,0,97949.62,0,0,0,3197.37,3410.08,0,26493.67,28833.03,77.86,2037.02,20197.41,0,0,0,0
2009-02-24 23:00:00,0,2321.11,0,271.1,13753.35,5047.54,8763.24,0,0,1678.5,10702.19,193.73,0,14945.02,1381.22,4476.12,72863.62,0,19147.47,0,0,95082.0,0,0,0,3096.23,3337.45,0,25556.58,27716.5,76.51,1936.56,19504.86,0,0,0,0
2009-02-25 00:00:00,0,2218.4,0,251.88,13269.57,4745.06,8559.62,0,0,1577.88,9885.99,182.51,0,14086.62,1314.13,4371.15,70298.78,0,18134.52,0,0,92229.71,0,0,0,2994.42,3247.02,0,24485.3,26617.64,75.12,1845.08,18833.26,0,0,0,0
2009-02-25 01:00:00,0,2113.3,0,233.33,12919.03,4442.73,8372.46,0,0,1473.36,9089.3,170.38,0,13498.53,1251.21,4255.59,67623.3,0,17092.05,0,0,89521.62,0,0,0,2927.78,3214.32,0,23255.24,25428.33,73.49,1755.56,18077.5,0,0,0,0
2009-02-25 02:00:00,0,2027.96,0,220.97,12871.88,4251.46,8450.24,0,0,1387.04,8382.22,162.04,0,13449.08,1212.01,4113.62,64871.94,0,16325.97,0,0,87713.45,0,0,0,2936.45,3294.17,0,22607.42,24261.93,72.44,1679.22,17446.79,0,0,0,0
2009-02-25 03:00:00,0,2039.3,0,228.98,13109.5,4494.76,8639.45,0,0,1423.66,8660.09,165.44,0,13716.41,1236.66,4091.85,63467.47,0,16186.51,0,0,88373.54,0,0,0,3025.99,3376.31,0,22975.51,23809.13,72.09,1720.75,17298.33,0,0,0,0
2009-02-25 04:00:00,0,2114.19,0,235.99,13581.7,4804.66,8954.25,0,0,1504.29,9124.57,173.92,0,14070.51,1280.89,4203.05,64731.84,0,16571.43,0,0,90796.05,0,0,0,3143.22,3463.12,0,23781.53,23899.07,73.23,1809.93,17561.61,0,0,0,0
2009-02-25 05:00:00,0,2183.0,0,240.93,14101.52,5078.72,9276.62,0,0,1577.47,9604.3,181.21,0,14461.46,1307.49,4322.49,66457.16,0,17197.06,0,0,93222.41,0,0,0,3252.86,3538.2,0,24487.17,24625.99,75.38,1893.14,18011.01,0,0,0,0
2009-02-25 06:00:00,0,2254.61,0,257.05,14649.4,5390.25,9584.65,0,0,1648.64,10098.99,188.43,0,14862.11,1369.55,4455.55,68076.41,0,17869.25,0,0,95799.57,0,0,0,3351.33,3595.75,0,25233.28,25481.62,77.48,2003.14,18498.51,0,0,0,0
2009-02-25 07:00:00,0,2335.1,0,269.87,15275.62,5710.49,9891.91,0,0,1727.45,10687.06,194.78,0,15943.86,1406.78,4593.61,69636.03,0,19481.1,0,0,99587.52,0,0,0,3456.94,3650.97,0,26043.3,26488.92,79.36,2116.99,18962.53,0,0,0,0
2009-02-25 08:00:00,0,2418.16,0,308.82,16196.41,6204.05,10074.55,0,0,1853.0,11821.48,203.32,0,16488.27,1493.72,4769.6,72096.46,0,20585.66,0,0,103255.72,0,0,0,3540.46,3636.78,0,27526.39,27479.88,80.97,2259.75,19530.31,0,0,0,0
2009-02-25 09:00:00,0,2479.86,0,315.1,15501.38,5900.18,9321.31,0,0,1858.63,11843.19,201.17,0,16150.78,1473.1,4695.75,76181.68,0,20515.8,0,0,99443.02,0,0,0,3322.03,3415.87,0,27639.69,28971.71,81.16,2223.43,19965.82,0,0,0,0
2009-02-25 10:00:00,0,2353.49,0,314.12,14345.84,5761.69,8447.39,0,0,1825.83,12252.7,195.26,0,15720.74,1432.98,4447.43,76435.05,0,20098.6,0,0,94138.72,0,0,0,3112.77,3168.73,0,26466.15,29187.53,78.23,2169.81,19248.93,0,0,0,0
2009-02-25 11:00:00,0,2210.34,0,307.77,13116.68,5655.89,7796.14,0,0,1821.17,12661.85,192.2,0,15419.99,1408.58,4325.95,76083.55,0,19871.47,0,0,90654.0,0,0,0,2942.87,2932.63,0,25659.54,28980.98,75.72,2139.26,18803.83,0,0,0,0
2009-02-25 12:00:00,0,2080.8,0,298.23,12380.17,5613.22,7308.43,0,0,1847.66,13010.83,189.44,0,15284.01,1402.17,4237.65,75396.14,0,19770.25,0,0,87825.78,0,0,0,2832.04,2781.99,0,25102.09,28618.47,73.33,2149.41,18467.1,0,0,0,0
2009-02-25 13:00:00,0,1965.42,0,291.83,11831.13,5535.97,6920.51,0,0,1855.13,13176.39,187.39,0,15205.52,1406.7,4167.71,74749.09,0,19679.15,0,0,85827.2,0,0,0,2730.86,2649.21,0,24620.86,28222.42,71.25,2167.96,18184.75,0,0,0,0
2009-02-25 14:00:00,0,1861.43,0,286.46,11478.42,5345.5,6611.93,0,0,1843.05,13011.43,184.58,0,14970.26,1393.85,4087.12,74234.07,0,19541.23,0,0,83859.86,0,0,0,2629.67,2550.83,0,23960.27,27815.97,69.72,2156.7,17676.09,0,0,0,0
2009-02-25 15:00:00,0,1792.42,0,285.23,11251.8,5209.46,6412.65,0,0,1862.41,12904.79,183.77,0,14817.71,1380.72,4049.62,73762.63,0,19397.38,0,0,81892.72,0,0,0,2555.5,2449.33,0,23315.9,27413.7,68.84,2146.51,17177.29,0,0,0,0
2009-02-25 16:00:00,0,1754.0,0,285.72,11117.83,5271.25,6315.74,0,0,1875.94,12739.39,188.08,0,14686.46,1383.74,4010.38,73568.18,0,19356.37,0,0,81742.87,0,0,0,2483.56,2394.11,0,23012.79,27067.35,68.43,2167.58,16887.47,0,0,0,0
2009-02-25 17:00:00,0,1751.17,0,287.0,11046.78,5528.34,6352.0,0,0,1879.12,13056.35,197.82,0,15327.26,1363.6,4023.18,73801.29,0,19746.19,0,0,83939.3,0,0,0,2428.67,2384.69,0,23033.98,26793.9,67.98,2226.91,16943.51,0,0,0,0
2009-02-25 18:00:00,0,1811.76,0,288.26,11846.62,5581.01,6940.54,0,0,1868.54,13079.5,200.91,0,16123.65,1346.99,4070.21,73974.11,0,20553.44,0,0,87813.52,0,0,0,2485.65,2488.7,0,23045.55,26615.84,68.09,2225.74,17047.83,0,0,0,0
2009-02-25 19:00:00,0,1966.65,0,316.18,12709.51,5992.82,7974.54,0,0,2090.04,13851.49,229.6,0,17207.01,1581.84,4370.93,76064.39,0,20925.95,0,0,95977.11,0,0,0,2801.33,2772.09,0,24237.46,26891.09,69.11,2519.99,17545.02,0,0,0,0
2009-02-25 20:00:00,0,2018.26,0,313.01,12987.79,5868.32,7877.85,0,0,1972.63,12970.46,226.93,0,16383.55,1516.44,4260.49,75809.35,0,20295.99,0,0,93823.94,0,0,0,2855.45,2832.14,0,24682.84,27691.58,67.52,2329.35,17870.71,0,0,0,0
2009-02-25 21:00:00,0,2095.38,0,304.14,13023.25,5671.76,7718.65,0,0,1853.24,12161.95,221.19,0,15519.69,1447.75,4118.9,75423.63,0,19655.66,0,0,91422.35,0,0,0,2848.77,2839.42,0,24730.7,28483.75,66.43,2155.34,18043.68,0,0,0,0
2009-02-25 22:00:00,0,2081.77,0,286.03,12573.04,5272.26,7515.82,0,0,1739.85,11373.12,202.97,0,14626.34,1379.36,3958.08,73137.84,0,18622.75,0,0,88921.32,0,0,0,2769.66,2788.87,0,23757.41,28291.51,65.38,2026.16,17200.05,0,0,0,0
2009-02-25 23:00:00,0,1986.11,0,266.65,12106.68,4887.52,7293.9,0,0,1637.31,10604.13,186.95,0,13742.19,1305.01,3799.03,70782.28,0,17590.59,0,0,86196.29,0,0,0,2684.7,2727.02,0,22625.74,27305.99,64.37,1943.08,16363.81,0,0,0,0
2009-02-26 00:00:00,0,1901.62,0,245.37,11687.19,4522.26,7074.26,0,0,1535.88,9826.12,173.07,0,12863.27,1233.66,3642.23,68280.41,0,16519.85,0,0,83018.33,0,0,0,2595.51,2660.55,0,21598.92,26267.88,63.0,1851.57,15627.99,0,0,0,0
2009-02-26 01:00:00,0,1814.33,0,226.71,11354.63,4202.68,6856.69,0,0,1441.32,9039.43,161.19,0,12314.99,1167.83,3494.8,65599.7,0,15448.87,0,0,79863.72,0,0,0,2526.64,2620.38,0,20581.86,25150.4,61.64,1752.25,14867.97,0,0,0,0
2009-02-26 02:00:00,0,1753.37,0,213.13,11219.81,3963.98,6826.58,0,0,1359.77,8349.33,152.86,0,12232.11,1116.24,3356.43,63077.57,0,14734.62,0,0,77599.68,0,0,0,2500.1,2657.66,0,19978.96,24201.78,60.94,1671.89,14123.33,0,0,0,0
2009-02-26 03:00:00,0,1775.13,0,214.36,11422.0,4149.53,7011.48,0,0,1398.66,8625.45,154.43,0,12392.07,1140.49,3315.74,62476.92,0,14586.33,0,0,77825.73,0,0,0,2576.61,2754.81,0,20009.46,23985.75,60.57,1695.22,13870.75,0,0,0,0
2009-02-26 04:00:00,0,1836.79,0,227.53,11908.1,4455.59,7333.08,0,0,1473.04,9072.13,162.14,0,12733.68,1212.59,3428.7,63612.29,0,15120.88,0,0,80404.76,0,0,0,2696.44,2839.18,0,20550.59,24300.18,61.09,1795.63,14073.91,0,0,0,0
2009-02-26 05:00:00,0,1900.22,0,241.86,12413.58,4724.29,7650.46,0,0,1533.08,9525.81,172.68,0,13084.97,1283.25,3560.11,65417.54,0,15764.59,0,0,83060.19,0,0,0,2803.24,2906.0,0,21141.77,25108.19,62.41,1890.51,14509.4,0,0,0,0
2009-02-26 06:00:00,0,1956.09,0,255.55,12794.75,5012.86,7933.36,0,0,1595.33,10007.08,180.27,0,13460.47,1336.27,3682.1,67408.28,0,16374.05,0,0,86019.01,0,0,0,2883.95,2960.83,0,21845.65,25887.84,63.81,1994.61,15037.57,0,0,0,0
2009-02-26 07:00:00,0,1994.11,0,269.46,13229.81,5291.7,8225.36,0,0,1668.58,10521.38,185.02,0,14312.81,1390.13,3813.79,69261.69,0,17600.28,0,0,89588.08,0,0,0,2978.18,3021.06,0,22799.11,26614.35,65.09,2093.34,15542.82,0,0,0,0
2009-02-26 08:00:00,0,2032.71,0,310.55,14015.35,5883.51,8508.87,0,0,1827.38,11790.38,203.58,0,15249.93,1532.73,4018.3,71855.46,0,19098.2,0,0,94208.28,0,0,0,3190.3,3126.41,0,25082.8,27312.25,66.61,2245.3,16747.0,0,0,0,0
2009-02-26 09:00:00,0,2117.72,0,308.3,13414.17,5622.41,7693.51,0,0,1854.52,11873.15,191.86,0,15066.47,1422.05,4144.8,75964.33,0,19131.8,0,0,93643.24,0,0,0,3007.53,2908.49,0,24630.91,28698.07,69.0,2205.83,17081.5,0,0,0,0
2009-02-26 10:00:00,0,2127.55,0,302.03,12597.56,5481.72,7014.46,0,0,1801.82,12118.88,186.26,0,14824.95,1355.54,4139.47,76719.92,0,19486.26,0,0,91741.47,0,0,0,2791.77,2680.18,0,23922.4,29321.32,70.39,2164.3,16806.83,0,0,0,0
2009-02-26 11:00:00,0,2113.52,0,297.72,11878.11,5383.01,6578.2,0,0,1800.65,12532.68,186.68,0,14719.75,1340.59,4122.45,76778.07,0,19605.72,0,0,90322.18,0,0,0,2625.75,2488.72,0,23389.65,29609.35,70.88,2128.78,16546.74,0,0,0,0
2009-02-26 12:00:00,0,2094.65,0,294.05,11451.73,5337.94,6129.77,0,0,1825.24,12897.35,185.32,0,14652.55,1317.69,4069.75,76757.02,0,19665.21,0,0,89456.83,0,0,0,2507.12,2364.22,0,23143.47,29599.6,70.22,2145.23,16331.11,0,0,0,0
2009-02-26 13:00:00,0,1992.76,0,288.34,11074.22,5314.43,5897.52,0,0,1844.6,13093.15,184.01,0,14549.81,1314.25,4022.35,76572.81,0,19724.68,0,0,89232.88,0,0,0,2449.79,2316.53,0,22995.46,29393.89,69.26,2167.12,16135.59,0,0,0,0
2009-02-26 14:00:00,0,1912.73,0,285.24,10724.02,5246.65,5805.5,0,0,1856.08,13156.5,183.16,0,14589.87,1306.93,3967.9,76302.07,0,19517.75,0,0,87818.37,0,0,0,2402.79,2279.64,0,22887.8,29142.79,70.49,2179.48,15963.25,0,0,0,0
2009-02-26 15:00:00,0,1846.43,0,283.6,10562.81,5242.61,5750.76,0,0,1870.88,13012.28,184.39,0,14606.51,1299.52,3914.43,76092.0,0,19612.21,0,0,87157.45,0,0,0,2360.86,2249.57,0,22744.4,28758.76,70.88,2206.27,16011.17,0,0,0,0
2009-02-26 16:00:00,0,1840.8,0,284.37,10454.48,5413.15,5731.8,0,0,1867.42,13145.04,192.45,0,14793.17,1305.81,3889.18,75772.08,0,19523.76,0,0,87105.63,0,0,0,2344.85,2216.82,0,22496.77,28420.52,70.42,2257.15,16271.82,0,0,0,0
2009-02-26 17:00:00,0,1865.91,0,288.29,10559.96,5666.09,5832.03,0,0,1890.08,13417.54,201.25,0,15081.28,1306.41,3858.1,75514.37,0,19688.56,0,0,87666.68,0,0,0,2347.28,2210.48,0,22239.9,28198.06,69.88,2326.47,16434.73,0,0,0,0
2009-02-26 18:00:00,0,1895.19,0,285.24,10773.06,5678.48,6150.31,0,0,1901.84,13354.97,203.73,0,15498.83,1311.61,3831.03,75216.32,0,20081.42,0,0,89283.74,0,0,0,2399.29,2287.35,0,22119.41,28073.66,68.79,2325.17,16426.98,0,0,0,0
2009-02-26 19:00:00,0,2041.61,0,318.36,11809.12,6076.61,6964.96,0,0,2113.52,14133.62,232.67,0,16308.21,1552.81,4093.62,77019.23,0,20426.46,0,0,93679.12,0,0,0,2643.13,2577.62,0,24004.17,28518.54,72.94,2591.31,17324.56,0,0,0,0
2009-02-26 20:00:00,0,2097.93,0,309.37,11901.81,5882.87,6734.93,0,0,1976.07,13173.77,225.31,0,15391.87,1482.08,3970.34,76740.07,0,19643.73,0,0,90390.66,0,0,0,2674.43,2551.59,0,24361.36,29421.77,70.18,2364.43,17651.94,0,0,0,0
2009-02-26 21:00:00,0,2221.21,0,299.93,11746.17,5625.65,6496.79,0,0,1845.52,12327.84,218.1,0,14503.19,1405.81,3849.68,76005.53,0,18926.74,0,0,86880.26,0,0,0,2633.71,2516.14,0,24464.32,30285.2,70.26,2178.29,17779.96,0,0,0,0
2009-02-26 22:00:00,0,2225.93,0,281.43,11051.35,5195.08,6202.79,0,0,1726.56,11374.07,201.75,0,13614.53,1329.33,3719.46,73293.64,0,17955.2,0,0,83461.06,0,0,0,2489.65,2428.72,0,23242.06,29670.06,70.24,2015.25,16982.71,0,0,0,0
2009-02-26 23:00:00,0,2185.3,0,262.22,10390.34,4776.89,5866.62,0,0,1610.59,10521.15,184.93,0,12695.24,1248.29,3599.36,70828.96,0,16874.73,0,0,79965.35,0,0,0,2365.01,2335.64,0,22093.04,28911.74,68.51,1911.82,16182.84,0,0,0,0
2009-02-27 00:00:00,0,2198.1,0,244.32,9813.48,4358.64,5552.33,0,0,1496.62,9705.05,170.36,0,11790.98,1167.45,3482.91,68537.13,0,15773.71,0,0,76633.69,0,0,0,2247.51,2253.92,0,20913.87,28287.5,67.97,1815.82,15423.26,0,0,0,0
2009-02-27 01:00:00,0,2173.28,0,224.27,9220.27,3983.34,5305.38,0,0,1393.22,8922.97,155.57,0,11316.91,1099.81,3360.61,66306.21,0,14769.42,0,0,73324.12,0,0,0,2154.6,2179.37,0,19754.92,27490.24,66.84,1713.28,14694.72,0,0,0,0
2009-02-27 02:00:00,0,2169.21,0,206.45,9036.3,3795.0,5144.85,0,0,1309.33,8205.73,145.74,0,11217.11,1054.13,3253.43,64062.0,0,14014.73,0,0,70597.46,0,0,0,2108.41,2155.87,0,18984.58,26746.34,65.98,1639.75,14024.42,0,0,0,0
2009-02-27 03:00:00,0,2254.44,0,202.01,9204.83,3985.37,5275.0,0,0,1342.34,8439.89,144.26,0,11293.29,1075.14,3184.92,62367.7,0,13784.76,0,0,69888.33,0,0,0,2127.31,2228.31,0,18643.29,26491.34,65.02,1674.4,13531.81,0,0,0,0
2009-02-27 04:00:00,0,2397.87,0,213.02,9752.05,4268.35,5615.99,0,0,1419.34,8935.91,149.28,0,11602.4,1135.25,3158.81,62733.71,0,14140.27,0,0,70889.27,0,0,0,2216.13,2291.81,0,19027.37,26989.23,67.47,1749.73,13469.96,0,0,0,0
2009-02-27 05:00:00,0,2530.44,0,227.23,10465.63,4559.94,5966.76,0,0,1487.04,9481.22,157.02,0,11956.02,1214.35,3238.13,64717.05,0,14660.63,0,0,73536.44,0,0,0,2303.6,2351.92,0,19652.88,28082.96,72.4,1828.07,13715.4,0,0,0,0
2009-02-27 06:00:00,0,2643.85,0,236.98,11133.04,4874.63,6289.48,0,0,1557.49,9974.43,164.94,0,12325.63,1283.07,3388.32,66871.18,0,15222.66,0,0,75966.41,0,0,0,2403.51,2416.23,0,20364.85,29163.11,76.45,1922.78,14064.04,0,0,0,0
2009-02-27 07:00:00,0,2758.31,0,245.59,11780.06,5180.14,6658.86,0,0,1646.77,10641.86,171.91,0,13386.47,1367.48,3548.95,69058.32,0,16812.6,0,0,79919.3,0,0,0,2502.23,2479.82,0,21077.15,30198.82,81.83,2032.02,14556.29,0,0,0,0
2009-02-27 08:00:00,0,2873.81,0,285.15,12372.7,5659.53,6903.86,0,0,1779.85,11701.86,185.55,0,14050.19,1499.48,3742.5,71988.86,0,17920.49,0,0,85676.07,0,0,0,2627.85,2557.24,0,22341.66,31278.44,87.06,2152.23,15215.92,0,0,0,0
2009-02-27 09:00:00,0,3079.3,0,291.38,11955.82,5502.84,6430.82,0,0,1790.61,11628.4,183.51,0,13877.16,1374.62,4013.33,77232.39,0,18080.02,0,0,86842.15,0,0,0,2551.41,2419.06,0,23256.63,33488.37,92.87,2129.35,16156.96,0,0,0,0
2009-02-27 10:00:00,0,3114.06,0,296.43,11526.26,5405.66,6044.5,0,0,1776.23,12063.26,180.64,0,13678.71,1304.65,4196.49,80415.83,0,18066.03,0,0,87396.05,0,0,0,2483.37,2281.49,0,23311.88,34068.15,95.78,2117.62,16796.35,0,0,0,0
2009-02-27 11:00:00,0,3047.65,0,297.96,11244.94,5290.72,5875.91,0,0,1767.65,12585.93,181.96,0,13425.9,1278.94,4268.0,81467.97,0,18088.93,0,0,87665.6,0,0,0,2440.11,2225.63,0,23281.35,34010.24,94.41,2095.1,17003.75,0,0,0,0
2009-02-27 12:00:00,0,2941.73,0,296.73,11091.1,5293.3,5758.29,0,0,1802.05,13020.39,181.34,0,13353.88,1263.92,4302.99,81364.71,0,18193.12,0,0,87079.41,0,0,0,2411.91,2216.4,0,23201.76,33482.05,92.15,2127.6,17116.93,0,0,0,0
2009-02-27 13:00:00,0,2819.65,0,296.67,11005.55,5318.06,5782.34,0,0,1836.21,13353.39,183.33,0,13368.54,1273.83,4326.68,80893.09,0,18333.92,0,0,87008.01,0,0,0,2376.89,2198.29,0,23084.93,32862.3,90.37,2169.98,17143.47,0,0,0,0
2009-02-27 14:00:00,0,2677.22,0,298.82,10938.99,5399.32,5872.32,0,0,1880.51,13561.62,185.47,0,13461.88,1288.96,4347.11,79924.51,0,18573.2,0,0,86503.96,0,0,0,2369.99,2198.2,0,22968.35,32266.8,89.39,2191.73,17027.43,0,0,0,0
2009-02-27 15:00:00,0,2551.09,0,298.24,10841.77,5463.84,5917.02,0,0,1913.74,13730.54,188.74,0,13706.2,1326.07,4360.49,79135.75,0,18448.85,0,0,86502.73,0,0,0,2391.15,2202.65,0,22881.68,31770.94,86.98,2231.14,17002.02,0,0,0,0
2009-02-27 16:00:00,0,2461.33,0,297.06,10894.77,5584.67,5987.65,0,0,1943.15,14048.88,197.09,0,13947.38,1338.11,4389.01,78321.23,0,18615.82,0,0,86669.52,0,0,0,2424.58,2234.52,0,22870.79,31222.4,85.57,2270.2,16912.39,0,0,0,0
2009-02-27 17:00:00,0,2431.58,0,292.65,10904.63,5867.63,6103.07,0,0,2021.66,14393.7,211.0,0,14307.2,1348.76,4405.42,77521.77,0,18812.5,0,0,87919.47,0,0,0,2470.21,2261.33,0,22798.35,30780.83,83.69,2337.68,17059.58,0,0,0,0
2009-02-27 18:00:00,0,2492.55,0,288.93,11015.21,5847.51,6134.36,0,0,2013.01,14077.86,212.0,0,14755.61,1368.89,4371.59,77410.31,0,19303.38,0,0,90122.85,0,0,0,2492.82,2294.69,0,22752.32,30605.23,82.33,2348.41,17131.54,0,0,0,0
2009-02-27 19:00:00,0,2571.72,0,297.9,11046.09,5728.88,6425.67,0,0,2099.26,14272.16,223.11,0,14624.71,1461.79,4238.23,78263.33,0,18918.39,0,0,93025.16,0,0,0,2540.06,2544.17,0,22582.67,29980.7,76.68,2397.84,16621.95,0,0,0,0
2009-02-27 20:00:00,0,2704.12,0,294.51,11054.18,5534.11,6158.12,0,0,1915.08,13142.11,210.56,0,14030.27,1375.91,4203.0,78842.84,0,18536.57,0,0,91002.66,0,0,0,2529.13,2498.39,0,23110.37,30781.89,76.23,2212.66,17065.57,0,0,0,0
2009-02-27 21:00:00,0,2813.56,0,284.32,10916.38,5351.41,5905.56,0,0,1765.74,12108.08,203.55,0,13403.04,1313.39,4167.83,78925.62,0,17926.87,0,0,88396.16,0,0,0,2524.45,2429.28,0,23086.46,30935.52,75.87,2074.27,17499.25,0,0,0,0
2009-02-27 22:00:00,0,2818.01,0,266.66,10246.54,4954.45,5666.09,0,0,1655.12,11254.45,193.53,0,12794.63,1252.0,4096.75,77397.29,0,17068.28,0,0,86021.48,0,0,0,2392.16,2343.8,0,22017.83,30603.54,75.4,1962.37,16998.72,0,0,0,0
2009-02-27 23:00:00,0,2743.6,0,247.88,9589.33,4584.9,5421.5,0,0,1560.33,10413.38,178.61,0,12168.44,1199.24,4043.7,75708.21,0,16275.74,0,0,83998.38,0,0,0,2258.19,2244.27,0,21066.45,30026.03,74.92,1864.32,16403.08,0,0,0,0
2009-02-28 00:00:00,0,2673.09,0,233.71,9045.6,4239.97,5188.98,0,0,1461.11,9608.3,163.79,0,11484.27,1140.66,3964.68,73830.95,0,15482.29,0,0,82083.11,0,0,0,2160.86,2138.88,0,20122.71,29356.25,74.58,1772.66,15776.21,0,0,0,0
2009-02-28 01:00:00,0,2611.35,0,220.5,8650.24,3986.73,4947.43,0,0,1368.06,8842.76,150.85,0,10970.42,1101.11,3854.38,71892.38,0,14668.24,0,0,80598.79,0,0,0,2075.79,2038.67,0,19376.1,28756.27,74.35,1686.79,15107.33,0,0,0,0
2009-02-28 02:00:00,0,2581.68,0,208.07,8457.79,3798.69,4755.47,0,0,1293.51,8230.75,142.58,0,10818.46,1068.93,3806.53,70566.71,0,14123.96,0,0,79429.6,0,0,0,2013.79,1968.62,0,18896.0,28261.98,73.85,1627.55,14644.26,0,0,0,0
2009-02-28 03:00:00,0,2590.62,0,199.52,8386.95,3719.49,4642.85,0,0,1246.17,7959.13,138.77,0,10815.21,1064.07,3783.43,69866.76,0,14057.27,0,0,79845.74,0,0,0,1984.73,1969.97,0,18472.08,27915.42,73.88,1596.78,14474.79,0,0,0,0
2009-02-28 04:00:00,0,2624.97,0,197.06,8363.52,3797.64,4691.36,0,0,1264.94,8023.45,139.3,0,11112.52,1071.21,3790.77,69411.91,0,14728.87,0,0,80972.9,0,0,0,1997.43,1993.97,0,18447.55,27953.79,73.92,1604.13,14421.12,0,0,0,0
2009-02-28 05:00:00,0,2716.42,0,198.77,8585.03,3920.11,4909.89,0,0,1302.95,8181.59,142.59,0,11625.63,1088.45,3857.14,70512.61,0,14946.14,0,0,82893.48,0,0,0,2044.66,2031.42,0,18679.07,28350.7,75.12,1662.36,14672.58,0,0,0,0
2009-02-28 06:00:00,0,2796.97,0,204.83,8923.52,4128.97,5137.11,0,0,1359.29,8579.75,148.37,0,12108.72,1108.82,3979.67,71547.1,0,15575.41,0,0,85494.64,0,0,0,2095.52,2068.15,0,18970.85,28933.12,76.15,1734.38,15124.07,0,0,0,0
2009-02-28 07:00:00,0,2864.23,0,211.95,9284.61,4352.9,5366.45,0,0,1423.3,8996.37,156.58,0,12951.7,1144.6,4108.03,72568.87,0,16655.59,0,0,88771.06,0,0,0,2137.16,2107.88,0,19242.2,29524.4,77.64,1797.35,15535.85,0,0,0,0
2009-02-28 08:00:00,0,2980.45,0,227.24,9709.56,4815.58,5679.16,0,0,1538.45,9839.77,169.97,0,14120.17,1195.66,4266.36,74902.38,0,17811.27,0,0,94368.88,0,0,0,2195.12,2175.57,0,20012.15,30237.0,79.56,1859.14,16397.98,0,0,0,0
2009-02-28 09:00:00,0,3205.57,0,237.71,10036.2,4764.39,5822.72,0,0,1603.24,10896.07,166.53,0,14412.75,1159.93,4390.51,77578.7,0,18495.77,0,0,97537.16,0,0,0,2213.18,2188.34,0,20735.64,31404.38,81.88,1917.79,17345.68,0,0,0,0
2009-02-28 10:00:00,0,3322.66,0,249.32,10221.72,4954.79,5911.02,0,0,1637.16,12146.71,164.54,0,14404.2,1171.34,4416.6,78818.01,0,18577.41,0,0,96716.16,0,0,0,2223.1,2180.71,0,21328.44,32203.66,83.37,1978.1,17769.26,0,0,0,0
2009-02-28 11:00:00,0,3300.56,0,258.94,10290.87,5139.47,6052.01,0,0,1684.51,13054.39,168.39,0,14313.69,1199.66,4370.79,78464.07,0,18561.76,0,0,94634.31,0,0,0,2243.4,2173.15,0,21580.53,32462.73,83.57,2037.56,17812.84,0,0,0,0
2009-02-28 12:00:00,0,3264.97,0,270.05,10327.36,5303.81,6149.61,0,0,1760.67,13725.34,175.6,0,14255.79,1245.7,4333.42,77589.53,0,18587.71,0,0,93092.42,0,0,0,2279.05,2198.34,0,21727.58,32337.23,83.18,2125.03,17818.18,0,0,0,0
2009-02-28 13:00:00,0,3214.59,0,274.07,10470.41,5436.1,6262.03,0,0,1831.86,14278.7,181.5,0,14194.56,1302.24,4255.14,76815.11,0,18578.0,0,0,91665.21,0,0,0,2309.67,2213.55,0,21790.7,31848.88,82.57,2205.51,17852.21,0,0,0,0
2009-02-28 14:00:00,0,3173.29,0,284.96,10639.4,5531.25,6376.15,0,0,1886.02,14594.93,184.48,0,14174.84,1323.68,4186.18,76135.8,0,18584.96,0,0,90350.0,0,0,0,2314.28,2231.54,0,21889.95,31367.34,81.0,2260.78,17932.37,0,0,0,0
2009-02-28 15:00:00,0,3146.66,0,290.07,10870.56,5647.32,6507.35,0,0,1946.22,14825.98,185.15,0,14223.31,1327.28,4130.38,75380.82,0,18691.07,0,0,89978.31,0,0,0,2319.73,2213.2,0,21856.52,31008.17,79.75,2281.91,18059.45,0,0,0,0
2009-02-28 16:00:00,0,3103.17,0,293.55,11159.22,5827.38,6648.56,0,0,1994.01,14935.43,187.85,0,14397.26,1335.39,4097.48,74690.44,0,19116.61,0,0,90468.23,0,0,0,2327.92,2207.3,0,21851.9,30655.12,78.61,2281.66,18106.02,0,0,0,0
2009-02-28 17:00:00,0,3043.94,0,295.01,11399.33,5924.64,6799.84,0,0,1997.0,14775.75,189.63,0,15142.11,1327.66,4075.05,73780.99,0,19658.67,0,0,91889.08,0,0,0,2340.01,2225.34,0,21879.49,30238.81,77.12,2297.76,18091.97,0,0,0,0
2009-02-28 18:00:00,0,3010.55,0,283.08,11577.26,5687.84,6979.79,0,0,1910.27,14240.71,194.35,0,15786.79,1309.29,4124.84,73219.48,0,20329.14,0,0,93605.3,0,0,0,2362.41,2292.76,0,22000.04,29976.41,75.85,2223.18,18034.71,0,0,0,0
2009-02-28 19:00:00,0,2989.81,0,293.16,12620.55,6128.02,7174.94,0,0,2214.9,14979.44,219.08,0,16556.03,1522.96,4468.11,80387.62,0,20780.52,0,0,101806.11,0,0,0,2488.04,2482.09,0,22286.65,31295.82,84.95,2506.06,18602.86,0,0,0,0
2009-02-28 20:00:00,0,3081.78,0,280.03,12944.44,5723.92,7056.26,0,0,2010.25,13494.32,207.23,0,15907.95,1408.67,4454.51,81338.39,0,20333.25,0,0,100029.84,0,0,0,2503.87,2482.06,0,23170.35,32153.98,84.76,2266.76,19105.96,0,0,0,0
2009-02-28 21:00:00,0,3182.01,0,275.07,12753.5,5389.16,6932.28,0,0,1804.6,12387.65,205.75,0,15255.1,1282.61,4452.14,81341.68,0,19886.12,0,0,98174.71,0,0,0,2525.63,2459.81,0,23443.33,32313.59,84.12,2065.52,19212.14,0,0,0,0
2009-02-28 22:00:00,0,3128.59,0,260.46,12281.24,4887.6,6790.06,0,0,1646.41,11455.64,193.08,0,14567.95,1205.74,4433.97,80024.95,0,18998.76,0,0,95742.24,0,0,0,2461.82,2395.69,0,22959.3,31933.59,83.6,1932.26,18711.75,0,0,0,0
2009-02-28 23:00:00,0,3058.57,0,243.71,11822.66,4472.8,6604.37,0,0,1528.93,10618.17,179.01,0,13818.33,1130.94,4372.37,78526.02,0,18031.45,0,0,93199.35,0,0,0,2363.07,2324.74,0,22595.73,31494.72,82.77,1807.81,18136.99,0,0,0,0
2009-03-01 00:00:00,0,2996.18,0,227.22,11387.73,4100.26,6375.44,0,0,1434.95,9793.52,165.21,0,13087.18,1053.76,4308.9,76958.25,0,17092.81,0,0,91002.03,0,0,0,2265.59,2266.94,0,22089.64,31128.71,81.8,1705.44,17598.52,0,0,0,0
2009-03-01 01:00:00,0,2956.44,0,211.88,11019.27,3794.32,6216.79,0,0,1343.47,8996.03,151.61,0,12472.99,984.56,4248.52,75333.2,0,16322.33,0,0,89417.21,0,0,0,2200.37,2231.78,0,21555.83,30764.89,80.95,1588.33,17129.7,0,0,0,0
2009-03-01 02:00:00,0,2960.84,0,191.87,10775.32,3552.67,6116.29,0,0,1264.39,8390.88,140.74,0,12198.02,940.05,4166.98,74031.0,0,15768.49,0,0,87996.17,0,0,0,2164.86,2217.47,0,21343.22,30486.68,80.9,1500.7,16846.87,0,0,0,0
2009-03-01 03:00:00,0,2998.2,0,184.64,10782.86,3378.51,6146.35,0,0,1213.51,8052.33,133.15,0,12218.19,912.73,4121.11,73403.99,0,15516.02,0,0,87040.62,0,0,0,2183.9,2284.48,0,21210.64,30187.29,80.8,1443.89,16932.83,0,0,0,0
2009-03-01 04:00:00,0,3040.03,0,184.14,10892.99,3416.89,6425.47,0,0,1212.89,8070.43,128.79,0,12424.93,902.77,4075.35,73025.67,0,15526.42,0,0,87032.36,0,0,0,2249.37,2378.16,0,21594.17,30203.55,81.87,1443.03,17070.29,0,0,0,0
2009-03-01 05:00:00,0,3092.92,0,191.9,11314.65,3483.53,6728.39,0,0,1234.85,8273.45,131.42,0,12716.06,946.23,4105.28,73801.0,0,15947.82,0,0,87670.59,0,0,0,2354.22,2474.84,0,22302.04,30583.75,83.32,1495.84,17661.9,0,0,0,0
2009-03-01 06:00:00,0,3181.2,0,201.04,11777.37,3602.67,7099.96,0,0,1270.56,8655.03,138.09,0,13004.5,971.32,4169.15,74727.4,0,16283.82,0,0,88325.55,0,0,0,2465.26,2600.26,0,23101.35,31035.05,84.92,1549.92,18325.89,0,0,0,0
2009-03-01 07:00:00,0,3265.47,0,214.85,12215.99,3697.61,7493.71,0,0,1314.75,9061.87,147.31,0,13435.75,986.21,4275.73,75671.78,0,16698.94,0,0,89425.37,0,0,0,2558.45,2702.38,0,23965.23,31538.4,86.23,1579.52,18909.95,0,0,0,0
2009-03-01 08:00:00,0,3343.1,0,236.3,12661.31,4160.81,7879.55,0,0,1495.77,10330.54,156.35,0,14166.34,1002.32,4441.77,77200.22,0,17446.46,0,0,92767.03,0,0,0,2641.03,2802.46,0,25333.7,32110.4,87.39,1647.71,19847.09,0,0,0,0
2009-03-01 09:00:00,0,3519.06,0,271.3,12864.41,4534.83,8145.83,0,0,1642.42,11564.09,159.25,0,14648.53,1069.56,4588.67,79228.61,0,17887.56,0,0,95227.12,0,0,0,2683.43,2889.4,0,27105.08,33036.65,88.42,1707.95,21092.61,0,0,0,0
2009-03-01 10:00:00,0,3441.05,0,291.64,13015.37,4631.66,8414.64,0,0,1690.65,12264.8,174.81,0,14785.99,1154.88,4536.14,79865.34,0,18148.1,0,0,96171.23,0,0,0,2714.14,2972.43,0,28606.3,33589.96,89.06,1724.05,21655.19,0,0,0,0
2009-03-01 11:00:00,0,3261.09,0,333.84,12898.72,4721.1,8540.68,0,0,1746.87,12632.42,184.02,0,14792.61,1344.2,4397.53,80013.72,0,18219.73,0,0,95366.97,0,0,0,2709.78,3032.15,0,29275.22,33126.11,88.13,1775.72,21401.77,0,0,0,0
2009-03-01 12:00:00,0,3101.12,0,342.63,12748.13,5011.29,8511.15,0,0,1779.86,12551.28,201.15,0,14729.46,1543.99,4255.94,79824.43,0,18176.95,0,0,93734.52,0,0,0,2724.66,3033.32,0,29583.67,32419.99,86.83,1927.42,20662.32,0,0,0,0
2009-03-01 13:00:00,0,2972.13,0,339.21,12464.47,5642.64,8321.91,0,0,1858.5,12569.27,215.33,0,14689.34,1637.14,4124.48,78998.18,0,18239.12,0,0,91567.7,0,0,0,2759.86,3053.93,0,29706.26,31619.45,85.01,2114.46,19917.75,0,0,0,0
2009-03-01 14:00:00,0,2872.93,0,334.21,12398.3,5790.77,8283.78,0,0,1874.54,12554.63,212.06,0,14683.81,1744.53,4013.1,77567.16,0,18289.62,0,0,89750.46,0,0,0,2813.67,3131.27,0,29522.74,30955.71,82.51,2199.2,19264.45,0,0,0,0
2009-03-01 15:00:00,0,2799.29,0,319.91,12208.86,5794.87,8299.18,0,0,1890.33,12490.22,197.72,0,14641.71,1692.42,3919.2,75842.2,0,18325.72,0,0,88805.24,0,0,0,2808.31,3139.35,0,29220.5,30267.2,79.79,2207.3,18805.72,0,0,0,0
2009-03-01 16:00:00,0,2762.27,0,305.76,12184.58,5572.81,8261.23,0,0,1856.11,12449.53,191.46,0,14871.23,1569.93,3855.62,74432.68,0,18526.4,0,0,88886.9,0,0,0,2891.77,3121.92,0,28872.92,29680.47,76.93,2121.42,18355.61,0,0,0,0
2009-03-01 17:00:00,0,2710.22,0,300.34,12281.47,5185.76,8273.62,0,0,1807.82,12003.49,187.58,0,15130.86,1453.99,3833.22,73269.87,0,18699.19,0,0,89759.29,0,0,0,2973.12,3121.79,0,28427.37,29200.76,74.91,2021.64,18158.4,0,0,0,0
2009-03-01 18:00:00,0,2702.96,0,294.94,12346.39,4753.03,8294.33,0,0,1758.19,11743.45,191.54,0,15378.12,1350.59,3914.82,72433.4,0,19044.78,0,0,91236.97,0,0,0,3043.15,3136.44,0,27824.29,29038.09,73.9,1955.49,17838.87,0,0,0,0
2009-03-01 19:00:00,0,3142.69,0,333.75,14612.22,6100.86,8421.35,0,0,1969.87,12802.81,227.42,0,17066.66,1587.26,4948.66,88148.55,0,21527.27,0,0,107698.47,0,0,0,3107.53,3325.38,0,31236.8,31653.43,91.55,2352.32,21660.02,0,0,0,0
2009-03-01 20:00:00,0,3379.32,0,320.23,14815.86,6014.58,8202.7,0,0,1885.88,11931.39,224.85,0,16114.94,1553.62,4927.5,88853.97,0,20881.67,0,0,106197.9,0,0,0,3132.91,3305.03,0,31948.58,33740.65,92.87,2230.17,22471.43,0,0,0,0
2009-03-01 21:00:00,0,3482.37,0,317.37,14360.89,5853.79,7941.53,0,0,1782.35,11190.85,221.05,0,15231.64,1537.5,4913.31,88038.95,0,20093.0,0,0,104429.66,0,0,0,3147.19,3204.22,0,31768.91,34583.03,93.09,2108.51,22921.94,0,0,0,0
2009-03-01 22:00:00,0,3422.7,0,318.12,13868.2,5516.16,7743.45,0,0,1689.1,10677.41,211.07,0,14354.68,1523.11,4886.74,86343.25,0,19180.39,0,0,102868.58,0,0,0,3020.07,3087.31,0,31145.42,33997.03,93.1,1987.27,22496.31,0,0,0,0
2009-03-01 23:00:00,0,3352.23,0,309.43,13388.49,5221.25,7540.75,0,0,1606.11,10192.53,197.01,0,13481.75,1548.04,4853.71,84557.35,0,18218.48,0,0,101497.29,0,0,0,2891.54,2978.14,0,30606.19,33073.97,92.83,1879.71,22096.58,0,0,0,0
2009-03-02 00:00:00,0,3256.56,0,302.17,13064.13,4917.06,7364.28,0,0,1530.73,9510.87,185.12,0,12752.57,1561.42,4823.7,82650.68,0,17502.52,0,0,100204.17,0,0,0,2787.69,2879.57,0,30030.59,32023.11,92.3,1777.36,21714.06,0,0,0,0
2009-03-02 01:00:00,0,3213.18,0,297.21,12978.52,4767.1,7298.72,0,0,1476.54,8777.49,181.41,0,12306.81,1551.75,4789.59,80729.5,0,16870.29,0,0,99248.7,0,0,0,2697.08,2785.98,0,29406.45,31057.27,92.0,1697.57,21356.83,0,0,0,0
2009-03-02 02:00:00,0,3252.07,0,295.91,12882.82,4618.52,7319.17,0,0,1472.98,8517.38,178.31,0,12385.21,1519.54,4770.86,79319.99,0,16729.23,0,0,98123.45,0,0,0,2647.31,2802.2,0,29260.19,30460.98,92.18,1606.61,21186.73,0,0,0,0
2009-03-02 03:00:00,0,3377.36,0,303.33,13327.87,4913.49,7545.93,0,0,1547.15,8699.59,187.91,0,12820.82,1577.0,4819.8,79234.89,0,16928.26,0,0,98181.01,0,0,0,2767.08,2911.79,0,29668.44,30322.6,93.55,1639.08,21762.35,0,0,0,0
2009-03-02 04:00:00,0,3489.54,0,322.59,14161.85,5299.07,8037.02,0,0,1667.6,9198.86,211.27,0,13199.21,1662.88,4971.29,80382.21,0,17414.58,0,0,100859.33,0,0,0,2950.19,3038.04,0,30503.4,30706.89,96.11,1744.83,22504.5,0,0,0,0
2009-03-02 05:00:00,0,3588.38,0,341.51,15041.21,5672.39,8545.0,0,0,1832.12,9884.55,221.68,0,13553.77,1731.18,5182.65,82366.28,0,17944.63,0,0,103980.9,0,0,0,3132.88,3216.41,0,31462.81,31475.04,98.76,1899.55,23252.28,0,0,0,0
2009-03-02 06:00:00,0,3677.74,0,357.23,15905.95,6194.14,9151.19,0,0,2014.17,11026.84,231.05,0,13908.03,1803.58,5394.74,84132.06,0,18335.46,0,0,106853.04,0,0,0,3356.68,3459.6,0,32466.69,32321.69,101.14,2075.09,24027.4,0,0,0,0
2009-03-02 07:00:00,0,3756.59,0,368.78,16728.69,6720.07,9760.47,0,0,2194.48,12330.44,236.85,0,14624.93,1885.8,5608.7,85440.32,0,19263.19,0,0,109986.6,0,0,0,3583.45,3711.07,0,33584.51,33154.51,103.57,2257.3,24578.73,0,0,0,0
2009-03-02 08:00:00,0,3841.08,0,421.25,18129.6,7557.87,10410.1,0,0,2393.13,14075.23,257.32,0,15860.71,2022.73,6010.58,89301.23,0,20888.37,0,0,118260.47,0,0,0,3925.72,4061.41,0,36380.02,34042.55,106.07,2570.63,26162.49,0,0,0,0
2009-03-02 09:00:00,0,3802.38,0,430.96,18015.88,7733.23,10877.69,0,0,2462.15,14514.17,274.13,0,16433.98,2151.39,6099.51,91581.19,0,21616.68,0,0,119823.88,0,0,0,3947.74,4209.44,0,36381.65,35429.48,108.66,2704.47,26660.46,0,0,0,0
2009-03-02 10:00:00,0,3518.44,0,425.18,17199.32,7583.3,11083.4,0,0,2498.31,14994.05,279.8,0,16564.83,1154.88,5959.15,90388.97,0,21850.56,0,0,117646.64,0,0,0,3921.0,4211.8,0,35570.25,34842.34,106.4,2721.45,26305.97,0,0,0,0
2009-03-02 11:00:00,0,3267.7,0,415.35,16437.54,7277.34,10948.2,0,0,2426.93,15048.4,274.68,0,16460.34,2136.59,5799.16,88718.03,0,21982.09,0,0,114408.42,0,0,0,3823.04,4032.35,0,34218.54,33741.68,103.04,2654.0,25749.89,0,0,0,0
2009-03-02 12:00:00,0,3103.26,0,395.64,15692.51,6952.51,10307.4,0,0,2282.27,14947.56,265.59,0,16418.57,2047.51,5613.16,87067.75,0,22054.35,0,0,110603.72,0,0,0,3606.26,3813.12,0,32640.82,32831.57,100.22,2562.95,25020.97,0,0,0,0
2009-03-02 13:00:00,0,2963.18,0,368.62,15088.69,6626.01,9770.77,0,0,2148.77,14471.89,248.01,0,16513.86,1922.49,5429.29,85419.19,0,22044.24,0,0,107328.72,0,0,0,3425.63,3573.86,0,31223.87,32122.85,97.9,2462.08,24038.69,0,0,0,0
2009-03-02 14:00:00,0,2823.96,0,343.85,14683.94,6290.12,9526.86,0,0,2011.63,13829.56,226.9,0,16617.28,1795.34,5258.12,83665.22,0,21847.67,0,0,105815.78,0,0,0,3289.48,3418.47,0,29913.57,31402.98,95.85,2366.43,22914.32,0,0,0,0
2009-03-02 15:00:00,0,2695.76,0,320.22,14348.32,5999.71,9215.49,0,0,1901.83,13123.44,212.33,0,16743.08,1667.99,5111.44,82007.58,0,21792.71,0,0,103703.51,0,0,0,3194.45,3325.34,0,28952.96,30659.68,94.44,2291.17,21776.58,0,0,0,0
2009-03-02 16:00:00,0,2613.02,0,302.59,14330.34,5839.15,9056.98,0,0,1835.14,12633.2,205.69,0,16902.22,1570.16,5018.75,80452.61,0,21448.02,0,0,101862.33,0,0,0,3169.93,3329.45,0,28463.66,29963.33,92.87,2265.55,21244.5,0,0,0,0
2009-03-02 17:00:00,0,2613.46,0,295.34,14645.89,5739.49,9168.29,0,0,1792.71,12427.34,202.82,0,17137.26,1496.12,4941.45,79231.91,0,21790.23,0,0,102262.47,0,0,0,3210.49,3399.08,0,28488.77,29418.83,91.52,2263.51,21367.66,0,0,0,0
2009-03-02 18:00:00,0,2668.43,0,302.37,15579.42,5693.61,9682.71,0,0,1824.28,12232.72,207.88,0,17466.89,1493.25,4936.91,78731.44,0,22130.89,0,0,105267.99,0,0,0,3356.51,3532.81,0,29088.1,29055.0,90.68,2231.27,21709.55,0,0,0,0
2009-03-02 19:00:00,0,2856.8,0,347.07,17118.28,6339.2,10513.84,0,0,2068.41,13723.88,232.25,0,17889.16,1658.81,5435.05,85421.9,0,22435.52,0,0,116768.38,0,0,0,3572.52,3890.16,0,31828.44,29509.35,92.09,2507.21,23462.79,0,0,0,0
2009-03-02 20:00:00,0,3024.5,0,349.35,17669.92,6524.38,10418.48,0,0,2029.64,13442.87,233.14,0,16879.44,1600.63,5406.81,86138.79,0,21983.02,0,0,115730.09,0,0,0,3650.92,3876.33,0,33342.47,30979.25,92.14,2445.4,24530.98,0,0,0,0
2009-03-02 21:00:00,0,3128.19,0,344.26,17395.47,6461.22,10335.95,0,0,1981.02,13058.72,233.24,0,15966.18,1520.36,5335.44,85491.98,0,21522.68,0,0,114455.13,0,0,0,3644.34,3869.77,0,33364.57,31835.84,91.34,2375.67,24972.71,0,0,0,0
2009-03-02 22:00:00,0,3020.67,0,330.09,17199.86,6223.6,10346.74,0,0,1934.34,12470.35,228.46,0,15162.82,1491.86,5282.12,83643.97,0,20957.07,0,0,112484.38,0,0,0,3606.89,3847.11,0,33125.53,31091.4,90.66,2288.69,24544.83,0,0,0,0
2009-03-02 23:00:00,0,2916.09,0,317.61,17038.36,5948.01,10414.79,0,0,1873.74,11884.5,220.92,0,14407.22,1504.77,5239.84,81663.42,0,20097.32,0,0,109817.3,0,0,0,3544.57,3786.46,0,32820.66,30121.14,89.81,2181.63,24061.35,0,0,0,0
2009-03-03 00:00:00,0,2835.32,0,311.35,17004.16,5636.89,10618.57,0,0,1827.71,11389.58,218.19,0,13740.63,1458.62,5238.74,79591.8,0,18916.43,0,0,107040.25,0,0,0,3455.67,3691.08,0,32600.16,29214.97,89.1,2072.67,23655.09,0,0,0,0
2009-03-03 01:00:00,0,2768.01,0,309.15,17403.04,5412.09,10860.5,0,0,1788.54,11009.59,214.35,0,13203.37,1433.26,5252.23,77421.2,0,18249.53,0,0,105378.39,0,0,0,3379.64,3711.27,0,32447.97,28336.29,88.22,1980.96,23354.65,0,0,0,0
2009-03-03 02:00:00,0,2761.06,0,308.94,17946.5,5432.85,11107.13,0,0,1815.7,11285.64,205.21,0,13264.89,1442.59,5240.65,75809.78,0,17876.45,0,0,104763.37,0,0,0,3392.89,3832.86,0,32478.05,27511.77,87.34,1938.82,23669.27,0,0,0,0
2009-03-03 03:00:00,0,2845.39,0,315.3,18575.96,5641.21,11350.21,0,0,1894.6,11787.4,207.94,0,13613.38,1514.94,5265.41,75627.31,0,17860.95,0,0,105945.67,0,0,0,3470.64,3943.88,0,33099.96,27230.14,88.65,1986.62,24225.37,0,0,0,0
2009-03-03 04:00:00,0,2943.73,0,331.53,19337.35,6053.58,11846.59,0,0,2011.21,12394.68,227.06,0,14027.1,1607.64,5425.38,76965.56,0,18221.98,0,0,108924.92,0,0,0,3607.58,4077.07,0,34041.2,27497.8,91.07,2117.17,24895.82,0,0,0,0
2009-03-03 05:00:00,0,3039.52,0,353.37,20072.47,6430.59,12390.6,0,0,2117.69,12885.91,246.13,0,14422.7,1769.5,5589.25,78724.47,0,18759.36,0,0,112248.79,0,0,0,3757.64,4206.07,0,34960.87,28240.21,93.61,2231.69,25573.9,0,0,0,0
2009-03-03 06:00:00,0,3140.67,0,367.79,20869.46,6909.51,9151.19,0,0,2235.56,13437.76,255.74,0,14755.25,1869.27,5787.19,80429.49,0,19387.44,0,0,115227.09,0,0,0,3934.27,4358.62,0,36149.78,29133.43,96.02,2406.94,26287.92,0,0,0,0
2009-03-03 07:00:00,0,3223.09,0,379.87,16728.69,7415.88,9760.47,0,0,2363.28,14206.26,264.33,0,16379.89,1888.07,5948.39,81990.22,0,21434.45,0,0,120814.56,0,0,0,4117.68,4544.06,0,37389.31,29980.5,98.32,2597.38,26928.13,0,0,0,0
2009-03-03 08:00:00,0,3321.97,0,429.12,21677.63,7920.27,10410.1,0,0,2428.1,15334.04,277.54,0,17077.54,2042.96,6178.22,85955.68,0,22304.56,0,0,124176.5,0,0,0,4327.73,4765.42,0,40126.76,30978.62,101.59,2759.98,28447.14,0,0,0,0
2009-03-03 09:00:00,0,3333.46,0,428.23,20072.84,7407.08,12548.85,0,0,2250.18,14343.05,274.2,0,17132.42,1993.66,5940.39,87527.08,0,22229.42,0,0,119803.1,0,0,0,4190.81,4590.4,0,38892.3,32340.26,104.87,2603.88,27555.74,0,0,0,0
2009-03-03 10:00:00,0,3185.86,0,417.37,18536.49,6863.4,11711.05,0,0,2115.17,13935.82,255.03,0,16920.81,1858.67,5690.22,86015.07,0,21985.48,0,0,114499.7,0,0,0,3991.45,4328.24,0,36805.1,32539.42,103.37,2436.72,26157.75,0,0,0,0
2009-03-03 11:00:00,0,3053.4,0,399.04,17167.01,6417.3,10993.06,0,0,2008.84,13711.52,232.49,0,16684.69,1728.73,5511.33,84358.05,0,21688.02,0,0,110182.36,0,0,0,3796.81,4021.2,0,35119.64,32168.48,100.17,2329.48,25293.97,0,0,0,0
2009-03-03 12:00:00,0,2919.87,0,378.91,16106.7,6202.97,10343.71,0,0,1963.62,13616.76,215.69,0,16454.27,1697.92,5321.05,82895.28,0,21373.22,0,0,106640.31,0,0,0,3613.75,3766.3,0,33743.59,31430.22,98.04,2281.96,24542.66,0,0,0,0
2009-03-03 13:00:00,0,2775.28,0,347.75,15333.38,5925.57,9771.4,0,0,1912.09,13382.51,207.56,0,16237.29,1635.69,5138.18,81633.29,0,21069.61,0,0,103597.8,0,0,0,3453.95,3567.64,0,32416.96,30737.96,95.88,2216.59,23548.92,0,0,0,0
2009-03-03 14:00:00,0,2631.17,0,324.65,14785.5,5646.63,9372.79,0,0,1845.25,12946.14,195.11,0,16061.82,1543.76,4978.44,80287.83,0,20789.35,0,0,100899.75,0,0,0,3319.51,3424.89,0,31221.47,30036.9,93.6,2163.91,22501.83,0,0,0,0
2009-03-03 15:00:00,0,2501.32,0,303.97,14461.67,5414.2,9127.4,0,0,1798.67,12455.97,185.1,0,16000.64,1442.42,4849.25,78994.01,0,20662.29,0,0,98897.96,0,0,0,3214.97,3328.28,0,30290.08,29342.26,91.32,2116.56,21395.77,0,0,0,0
2009-03-03 16:00:00,0,2428.55,0,288.96,14382.39,5257.1,9118.95,0,0,1770.32,12129.78,183.86,0,16136.84,1425.07,4736.0,77708.29,0,20804.67,0,0,97613.79,0,0,0,3172.49,3320.45,0,29774.02,28646.87,89.1,2084.03,20818.02,0,0,0,0
2009-03-03 17:00:00,0,2399.5,0,283.67,14435.08,5352.5,9242.94,0,0,1770.04,12207.38,185.38,0,16515.93,1431.81,4635.55,76840.47,0,21199.61,0,0,98183.07,0,0,0,3184.79,3380.7,0,29378.8,28366.75,87.57,2072.8,20764.61,0,0,0,0
2009-03-03 18:00:00,0,2436.44,0,292.84,15550.62,5413.08,10209.5,0,0,1818.88,12031.4,196.49,0,17481.0,1409.95,4669.64,76488.66,0,21876.8,0,0,102484.41,0,0,0,3355.39,3599.75,0,29563.98,28146.38,86.57,2050.39,21003.03,0,0,0,0
2009-03-03 19:00:00,0,2601.64,0,335.85,16745.4,5942.49,11223.98,0,0,2008.47,13384.05,223.98,0,18559.66,1588.86,5145.62,80542.35,0,22341.7,0,0,113235.34,0,0,0,3679.43,4069.55,0,31612.83,28441.01,86.37,2465.49,22260.95,0,0,0,0
2009-03-03 20:00:00,0,2727.08,0,344.81,17019.52,6058.6,11073.72,0,0,1920.7,12844.63,223.63,0,17753.97,1539.52,5090.39,80777.86,0,21910.46,0,0,111882.98,0,0,0,3797.74,4142.24,0,33252.77,29702.86,86.56,2388.24,23229.72,0,0,0,0
2009-03-03 21:00:00,0,2829.74,0,346.96,16671.07,5988.19,10849.92,0,0,1835.74,12417.0,221.65,0,16966.72,1482.49,5012.86,80254.36,0,21414.7,0,0,110148.89,0,0,0,3765.64,4092.7,0,33186.82,30424.77,86.37,2304.96,23615.44,0,0,0,0
2009-03-03 22:00:00,0,2751.68,0,339.55,16261.35,5829.65,10675.19,0,0,1757.89,11914.93,212.01,0,16225.69,1418.88,4929.98,78051.51,0,20750.06,0,0,108113.78,0,0,0,3664.73,4020.52,0,32609.09,29743.25,85.86,2244.79,23171.16,0,0,0,0
2009-03-03 23:00:00,0,2658.75,0,333.53,15901.17,5657.75,10519.43,0,0,1713.22,11350.96,204.88,0,15513.55,1379.33,4825.54,75727.61,0,20128.04,0,0,105642.45,0,0,0,3566.38,3947.19,0,31817.46,28743.39,84.72,2168.53,22507.47,0,0,0,0
2009-03-04 00:00:00,0,2566.97,0,324.74,15586.81,5493.43,10358.89,0,0,1676.57,10749.76,196.42,0,14883.03,1335.85,4727.36,73387.72,0,19364.43,0,0,103167.76,0,0,0,3484.83,3914.97,0,31028.58,27706.74,83.67,2115.08,21855.25,0,0,0,0
2009-03-04 01:00:00,0,2474.61,0,314.65,15581.81,5330.2,10465.41,0,0,1627.31,10098.63,189.99,0,14365.27,1310.98,4632.16,70923.92,0,18680.69,0,0,101003.12,0,0,0,3407.72,3922.51,0,30450.51,26721.78,82.63,2072.41,21282.79,0,0,0,0
2009-03-04 02:00:00,0,2444.29,0,314.16,15698.83,5347.9,10554.12,0,0,1606.83,10055.58,190.92,0,14281.26,1328.46,4552.41,68563.05,0,18297.45,0,0,100526.6,0,0,0,3404.8,3963.29,0,30432.85,25762.55,81.98,2064.59,21368.28,0,0,0,0
2009-03-04 03:00:00,0,2491.39,0,327.76,16217.08,5599.53,10803.03,0,0,1679.26,10498.74,198.98,0,14622.42,1400.48,4571.02,67731.39,0,18254.02,0,0,101552.66,0,0,0,3464.54,4027.94,0,30776.71,25295.39,82.45,2122.81,21532.32,0,0,0,0
2009-03-04 04:00:00,0,2567.05,0,346.31,16895.91,5943.65,11190.9,0,0,1778.76,11025.23,208.93,0,15031.37,1512.93,4675.89,69164.07,0,18419.89,0,0,103809.16,0,0,0,3542.48,4089.81,0,31343.83,25589.41,83.95,2222.57,21940.66,0,0,0,0
2009-03-04 05:00:00,0,2644.39,0,357.8,17541.93,6271.47,11592.2,0,0,1867.99,11496.42,219.63,0,15384.02,1597.03,4780.33,70915.48,0,18826.02,0,0,106327.64,0,0,0,3653.18,4162.74,0,31948.96,26315.99,85.69,2335.58,22363.83,0,0,0,0
2009-03-04 06:00:00,0,2718.69,0,367.13,18163.12,6559.72,11969.28,0,0,1947.84,11957.94,227.96,0,15732.84,1659.05,4906.08,72695.28,0,19337.83,0,0,108683.74,0,0,0,3770.08,4240.0,0,32518.36,27106.42,87.31,2445.37,22759.47,0,0,0,0
2009-03-04 07:00:00,0,2790.08,0,376.92,18745.9,6844.81,12295.51,0,0,2022.15,12460.5,239.55,0,16740.42,1721.24,5048.69,74381.89,0,20796.68,0,0,111773.12,0,0,0,3887.64,4323.24,0,33185.96,27891.1,88.71,2548.33,23200.7,0,0,0,0
2009-03-04 08:00:00,0,2867.07,0,394.02,19348.23,7247.28,12255.82,0,0,2090.16,13321.72,243.63,0,17041.41,1752.1,5305.76,78112.25,0,21358.69,0,0,113769.72,0,0,0,3952.07,4387.76,0,35200.78,28812.46,90.5,2669.78,24407.3,0,0,0,0
2009-03-04 09:00:00,0,2894.61,0,365.88,17984.83,6768.64,11237.51,0,0,1932.4,12693.66,228.29,0,16332.16,1613.64,5241.26,80195.42,0,20675.55,0,0,106898.9,0,0,0,3658.21,4023.78,0,33276.45,30155.7,91.53,2425.54,23165.4,0,0,0,0
2009-03-04 10:00:00,0,2737.63,0,349.56,16422.72,6263.08,10194.24,0,0,1904.62,12719.48,209.47,0,15720.83,1538.71,4996.53,78412.26,0,20205.62,0,0,101015.66,0,0,0,3422.75,3732.46,0,30630.09,30094.9,88.9,2279.67,21389.6,0,0,0,0
2009-03-04 11:00:00,0,2586.81,0,337.92,15135.24,6014.78,9325.15,0,0,1873.24,12806.37,200.84,0,15341.44,1506.79,4743.97,76803.02,0,19946.03,0,0,97518.68,0,0,0,3242.62,3472.59,0,28496.88,29843.55,85.12,2231.23,19850.43,0,0,0,0
2009-03-04 12:00:00,0,2426.81,0,331.58,14213.05,5890.65,8732.49,0,0,1860.76,12922.88,198.52,0,15105.48,1493.79,4519.5,75606.07,0,19769.4,0,0,95073.17,0,0,0,3123.3,3270.8,0,27229.39,29092.5,82.58,2191.2,18641.91,0,0,0,0
2009-03-04 13:00:00,0,2248.34,0,324.14,13529.11,5769.56,8287.74,0,0,1861.34,12933.2,194.63,0,14949.03,1479.15,4340.72,74638.9,0,19578.02,0,0,92777.96,0,0,0,3010.28,3109.63,0,26299.54,28447.39,78.14,2168.76,17702.6,0,0,0,0
2009-03-04 14:00:00,0,2062.9,0,312.75,13130.18,5544.73,7894.99,0,0,1855.93,12792.65,190.71,0,14869.06,1458.04,4209.12,73551.83,0,19413.08,0,0,90414.66,0,0,0,2919.62,3004.17,0,25607.97,27882.51,71.79,2141.98,16933.32,0,0,0,0
2009-03-04 15:00:00,0,1950.77,0,298.8,12931.05,5323.92,7672.58,0,0,1861.96,12755.53,191.22,0,14888.84,1438.74,4039.21,72480.59,0,19371.24,0,0,88692.96,0,0,0,2858.86,2929.21,0,25068.1,27513.58,69.84,2116.69,16576.79,0,0,0,0
2009-03-04 16:00:00,0,1899.83,0,288.18,12932.53,5305.74,7634.92,0,0,1898.58,12625.43,191.6,0,15075.77,1445.88,3927.13,71721.48,0,19496.39,0,0,87742.9,0,0,0,2818.67,2894.02,0,24693.88,27346.03,69.61,2113.94,16572.02,0,0,0,0
2009-03-04 17:00:00,0,1878.16,0,279.8,12990.66,5524.06,7707.58,0,0,1895.39,12755.19,196.61,0,15441.97,1429.19,3864.11,71376.59,0,19727.98,0,0,87748.49,0,0,0,2776.37,2887.93,0,24473.48,27041.51,68.76,2152.52,16888.59,0,0,0,0
2009-03-04 18:00:00,0,1899.87,0,278.04,13763.65,5526.01,8367.62,0,0,1904.52,12825.08,200.7,0,16743.77,1403.0,3937.92,71901.04,0,20972.04,0,0,93294.68,0,0,0,2863.56,3001.31,0,24660.49,26773.15,68.69,2201.81,17227.54,0,0,0,0
2009-03-04 19:00:00,0,1993.17,0,307.23,13965.99,5878.65,9032.05,0,0,2006.01,13502.12,219.35,0,17703.89,1550.91,4346.72,74582.51,0,21300.88,0,0,102328.51,0,0,0,3123.97,3272.58,0,26399.21,26552.47,70.73,2380.67,18324.02,0,0,0,0
2009-03-04 20:00:00,0,2093.75,0,305.92,14243.94,5774.9,8872.21,0,0,1901.41,12713.0,217.57,0,16951.45,1498.15,4301.47,74487.04,0,20928.5,0,0,100754.72,0,0,0,3179.48,3334.23,0,27769.3,27611.62,70.61,2206.74,19288.22,0,0,0,0
2009-03-04 21:00:00,0,2177.67,0,301.22,14141.39,5526.54,8689.57,0,0,1797.54,11984.78,214.83,0,16137.82,1440.41,4256.37,74337.72,0,20433.95,0,0,98461.4,0,0,0,3154.96,3301.28,0,27823.71,28242.82,70.12,2067.79,19860.95,0,0,0,0
2009-03-04 22:00:00,0,2127.46,0,287.14,13695.69,5096.16,8472.21,0,0,1696.93,11187.72,201.73,0,15315.87,1369.36,4192.17,72217.46,0,19623.19,0,0,95889.35,0,0,0,3050.53,3243.24,0,27110.71,27623.53,69.42,1954.5,19430.28,0,0,0,0
2009-03-04 23:00:00,0,2008.04,0,271.8,13297.43,4786.53,8302.31,0,0,1590.43,10379.44,189.26,0,14589.44,1310.47,4113.24,69908.16,0,18812.65,0,0,92981.38,0,0,0,2959.73,3185.83,0,26291.04,26465.2,68.51,1850.66,18776.4,0,0,0,0
2009-03-05 00:00:00,0,1883.68,0,255.41,12949.37,4531.2,8164.98,0,0,1487.82,9571.83,175.56,0,13976.92,1266.59,4022.71,67567.06,0,17929.84,0,0,90176.89,0,0,0,2873.54,3140.05,0,25416.3,25262.57,67.43,1753.57,18116.08,0,0,0,0
2009-03-05 01:00:00,0,1759.57,0,244.88,12775.44,4306.69,8103.66,0,0,1409.49,8829.6,162.54,0,13520.97,1229.03,3912.51,65149.43,0,17217.42,0,0,88326.79,0,0,0,2821.49,3144.21,0,24660.16,24160.46,66.45,1670.4,17424.31,0,0,0,0
2009-03-05 02:00:00,0,1651.69,0,239.85,12884.26,4184.64,8213.66,0,0,1339.6,8339.76,157.55,0,13509.12,1217.97,3797.47,62828.67,0,16725.48,0,0,87133.12,0,0,0,2809.62,3201.46,0,24364.66,23117.0,65.9,1606.86,16922.45,0,0,0,0
2009-03-05 03:00:00,0,1640.25,0,251.51,13311.67,4338.24,8488.5,0,0,1379.16,8614.9,160.46,0,13862.66,1256.12,3736.44,61659.46,0,16574.55,0,0,88104.78,0,0,0,2898.22,3291.13,0,24918.43,22517.46,65.67,1640.05,16927.21,0,0,0,0
2009-03-05 04:00:00,0,1669.95,0,267.08,13923.78,4625.41,8877.44,0,0,1441.29,9009.16,167.01,0,14293.04,1305.85,3840.85,62953.91,0,16908.72,0,0,90379.6,0,0,0,3005.05,3368.23,0,25607.23,22598.8,66.09,1723.38,17180.91,0,0,0,0
2009-03-05 05:00:00,0,1712.14,0,283.85,14579.14,4894.57,9241.61,0,0,1501.09,9421.38,174.75,0,14707.18,1348.47,3963.3,64676.35,0,17475.68,0,0,92716.54,0,0,0,3106.05,3441.81,0,26473.68,23183.93,66.87,1813.95,17514.89,0,0,0,0
2009-03-05 06:00:00,0,1758.36,0,300.82,15218.29,5167.47,9587.9,0,0,1551.63,9848.58,184.14,0,15105.44,1381.39,4095.08,66336.18,0,18101.33,0,0,95096.02,0,0,0,3190.45,3494.22,0,27275.38,23907.94,67.5,1923.59,17851.35,0,0,0,0
2009-03-05 07:00:00,0,1797.7,0,317.71,15903.9,5446.51,9888.02,0,0,1620.41,10344.9,194.0,0,16258.37,1421.43,4228.61,68028.37,0,19631.12,0,0,98482.5,0,0,0,3282.77,3554.96,0,28151.47,24623.88,68.13,2010.2,18290.1,0,0,0,0
2009-03-05 08:00:00,0,1853.32,0,348.7,16718.4,5913.23,9899.04,0,0,1770.94,11441.59,195.78,0,16523.37,1514.23,4453.43,71354.24,0,20080.96,0,0,101004.42,0,0,0,3414.15,3607.72,0,30533.76,25424.21,69.78,2141.49,19446.05,0,0,0,0
2009-03-05 09:00:00,0,2023.67,0,319.47,15648.74,5646.04,8999.57,0,0,1822.97,11857.62,189.79,0,15751.01,1426.69,4380.42,74324.89,0,19730.89,0,0,96003.64,0,0,0,3130.42,3288.9,0,28795.24,27196.84,71.6,2130.08,19028.41,0,0,0,0
2009-03-05 10:00:00,0,2009.43,0,308.23,14242.83,5518.01,8055.97,0,0,1842.68,12136.2,189.38,0,15158.06,1410.31,4254.71,74740.84,0,19188.53,0,0,90701.02,0,0,0,2910.45,3044.05,0,26674.19,27772.29,73.33,2131.37,17953.18,0,0,0,0
2009-03-05 11:00:00,0,1956.71,0,298.58,13042.15,5420.71,7391.42,0,0,1826.58,12512.3,187.59,0,14762.59,1388.27,4113.23,74719.21,0,18808.49,0,0,86571.27,0,0,0,2723.45,2805.88,0,24946.86,28100.43,72.48,2113.27,17262.26,0,0,0,0
2009-03-05 12:00:00,0,1857.49,0,292.05,12260.26,5398.99,6927.76,0,0,1837.52,12868.83,185.94,0,14458.05,1367.61,4015.16,74221.89,0,18639.09,0,0,83382.52,0,0,0,2609.08,2647.68,0,23862.45,27840.46,71.54,2128.75,16664.14,0,0,0,0
2009-03-05 13:00:00,0,1760.31,0,286.38,11756.77,5335.48,6564.24,0,0,1843.4,13041.04,183.11,0,14234.56,1339.01,3926.08,73506.05,0,18541.22,0,0,81170.17,0,0,0,2525.68,2536.73,0,23156.68,27739.18,70.03,2149.06,16077.23,0,0,0,0
2009-03-05 14:00:00,0,1718.16,0,281.42,11449.8,5210.06,6317.57,0,0,1847.84,12994.55,181.35,0,14186.62,1307.63,3830.9,72798.13,0,18375.84,0,0,79761.05,0,0,0,2462.21,2459.36,0,22602.77,27771.11,69.68,2164.9,15561.64,0,0,0,0
2009-03-05 15:00:00,0,1696.1,0,278.32,11217.22,5211.76,6183.12,0,0,1857.16,12949.09,181.16,0,14160.29,1295.25,3745.85,72571.73,0,18376.28,0,0,78619.12,0,0,0,2413.29,2386.22,0,22200.59,27792.46,68.77,2200.22,15341.62,0,0,0,0
2009-03-05 16:00:00,0,1691.99,0,283.96,11202.57,5348.79,6163.6,0,0,1869.5,12895.77,189.25,0,14189.06,1327.52,3687.25,72276.15,0,18368.85,0,0,78188.16,0,0,0,2395.85,2353.19,0,22206.93,27755.42,69.23,2255.01,15359.74,0,0,0,0
2009-03-05 17:00:00,0,1722.63,0,287.46,11371.81,5687.07,6277.09,0,0,1897.88,13192.15,201.02,0,14542.09,1353.31,3666.63,71658.3,0,18604.29,0,0,79017.93,0,0,0,2386.2,2381.73,0,22423.61,27426.65,68.81,2345.41,15521.75,0,0,0,0
2009-03-05 18:00:00,0,1756.13,0,285.77,11953.37,5768.09,6720.58,0,0,1927.09,13336.76,207.34,0,15733.19,1362.99,3687.24,71187.9,0,19565.92,0,0,82387.16,0,0,0,2437.37,2480.82,0,22708.22,27089.97,67.97,2351.48,15722.64,0,0,0,0
2009-03-05 19:00:00,0,1869.91,0,302.87,12408.83,5992.99,7423.85,0,0,2028.5,13723.53,221.36,0,16416.81,1502.95,3879.65,72960.02,0,19946.89,0,0,90140.63,0,0,0,2676.75,2660.12,0,23805.15,27382.14,71.65,2528.73,16509.89,0,0,0,0
2009-03-05 20:00:00,0,1876.25,0,296.39,12602.64,5833.65,7289.75,0,0,1899.99,12926.25,217.26,0,15595.83,1433.41,3785.02,72485.87,0,19295.24,0,0,87972.68,0,0,0,2716.23,2679.98,0,24504.38,27878.83,69.85,2323.16,16836.93,0,0,0,0
2009-03-05 21:00:00,0,1906.04,0,286.78,12561.56,5550.52,7077.17,0,0,1791.2,12169.44,212.83,0,14711.34,1361.6,3704.62,72089.46,0,18612.23,0,0,85190.57,0,0,0,2684.19,2639.31,0,24647.45,28122.05,68.35,2137.18,17107.13,0,0,0,0
2009-03-05 22:00:00,0,1864.76,0,268.61,12062.93,5067.47,6751.94,0,0,1685.61,11294.76,196.19,0,13795.85,1283.69,3595.47,69794.54,0,17571.39,0,0,81902.22,0,0,0,2566.5,2543.31,0,23701.31,27513.3,66.84,1977.38,16274.75,0,0,0,0
2009-03-05 23:00:00,0,1729.12,0,249.31,11518.95,4620.61,6417.86,0,0,1581.28,10385.49,180.96,0,12901.19,1200.62,3478.71,67108.95,0,16590.0,0,0,78584.11,0,0,0,2441.69,2431.68,0,22654.96,26145.6,65.57,1822.91,15381.83,0,0,0,0
2009-03-06 00:00:00,0,1601.33,0,231.81,10862.52,4254.92,6086.03,0,0,1480.12,9507.1,165.34,0,12072.96,1126.51,3367.85,64455.49,0,15722.47,0,0,75641.16,0,0,0,2320.12,2324.02,0,21603.75,24866.56,64.26,1692.5,14585.46,0,0,0,0
2009-03-06 01:00:00,0,1478.66,0,215.26,10294.12,3953.6,5759.27,0,0,1381.23,8703.01,151.43,0,11597.01,1066.69,3271.84,62031.3,0,14848.35,0,0,73252.97,0,0,0,2215.7,2230.95,0,20568.93,23707.53,63.35,1586.56,13816.36,0,0,0,0
2009-03-06 02:00:00,0,1383.8,0,201.91,10157.26,3803.85,5577.0,0,0,1295.63,7960.66,140.38,0,11542.87,1024.44,3167.46,59696.89,0,14231.84,0,0,70387.67,0,0,0,2158.61,2233.18,0,20096.93,22726.35,62.74,1509.46,13100.31,0,0,0,0
2009-03-06 03:00:00,0,1360.28,0,205.26,10256.14,4009.92,5764.84,0,0,1316.53,8241.48,141.81,0,11711.7,1059.87,3077.75,58015.39,0,14236.83,0,0,69395.91,0,0,0,2213.35,2314.42,0,20681.45,22181.77,62.26,1530.25,12665.74,0,0,0,0
2009-03-06 04:00:00,0,1405.83,0,216.83,10809.09,4298.64,6059.12,0,0,1390.89,8686.95,150.16,0,12019.81,1125.17,3057.37,58776.53,0,14951.26,0,0,70851.22,0,0,0,2306.91,2378.35,0,21574.6,22295.79,61.8,1616.12,12856.42,0,0,0,0
2009-03-06 05:00:00,0,1469.8,0,229.27,11466.07,4599.37,6368.5,0,0,1457.63,9097.75,158.71,0,12300.89,1194.15,3185.69,60647.5,0,15514.43,0,0,73089.92,0,0,0,2407.87,2446.45,0,22360.15,22940.23,62.1,1704.93,13333.82,0,0,0,0
2009-03-06 06:00:00,0,1546.26,0,241.2,12119.43,4896.72,6670.57,0,0,1515.35,9517.51,166.68,0,12590.37,1266.87,3312.28,62683.5,0,15733.33,0,0,74888.28,0,0,0,2503.89,2518.38,0,23097.28,23690.91,62.82,1791.0,13852.67,0,0,0,0
2009-03-06 07:00:00,0,1634.36,0,253.2,13092.03,5220.37,7098.81,0,0,1620.66,10326.34,174.88,0,13619.58,1346.7,3433.86,64541.32,0,17491.13,0,0,79710.58,0,0,0,2660.29,2627.86,0,23943.47,24448.98,64.12,1905.95,14384.5,0,0,0,0
2009-03-06 08:00:00,0,1749.09,0,294.69,13712.52,5697.81,7163.96,0,0,1765.49,11340.06,187.51,0,14244.77,1446.36,3786.33,67433.12,0,18203.04,0,0,85094.18,0,0,0,2731.4,2658.71,0,26154.91,25353.33,65.64,2043.95,15844.66,0,0,0,0
2009-03-06 09:00:00,0,1818.31,0,294.6,13182.21,5456.2,6751.18,0,0,1797.56,11838.45,185.77,0,14509.88,1346.83,3957.01,70893.92,0,18602.22,0,0,86617.38,0,0,0,2606.43,2554.97,0,24847.76,26882.9,67.22,2077.54,16013.44,0,0,0,0
2009-03-06 10:00:00,0,1780.43,0,294.43,12247.92,5444.9,6250.63,0,0,1820.89,12242.68,182.28,0,14383.5,1311.45,3935.7,72475.43,0,18877.94,0,0,87214.67,0,0,0,2525.86,2388.99,0,23463.87,27256.89,68.59,2116.14,15902.5,0,0,0,0
2009-03-06 11:00:00,0,1740.42,0,295.29,11557.74,5415.21,5914.75,0,0,1820.82,12734.64,180.29,0,14235.69,1293.29,3898.32,73417.69,0,19233.4,0,0,86423.19,0,0,0,2449.5,2294.59,0,22525.13,27181.59,67.76,2112.31,15623.92,0,0,0,0
2009-03-06 12:00:00,0,1704.7,0,293.57,11073.0,5420.59,5702.73,0,0,1855.33,13170.83,179.74,0,14476.37,1283.36,3841.41,73431.55,0,19261.11,0,0,85093.27,0,0,0,2399.61,2239.63,0,22212.83,27176.04,66.72,2144.68,15549.58,0,0,0,0
2009-03-06 13:00:00,0,1683.21,0,290.67,10751.09,5400.56,5612.08,0,0,1885.39,13421.55,179.97,0,14985.17,1274.96,3828.1,73321.75,0,19371.93,0,0,84087.2,0,0,0,2375.12,2215.06,0,22275.6,27165.78,67.37,2184.19,15506.68,0,0,0,0
2009-03-06 14:00:00,0,1689.61,0,289.98,10604.49,5429.2,5637.82,0,0,1910.26,13545.48,181.07,0,15135.29,1289.82,3818.27,73033.34,0,19489.49,0,0,83341.7,0,0,0,2364.23,2236.74,0,22320.69,27118.65,68.5,2217.52,15522.08,0,0,0,0
2009-03-06 15:00:00,0,1714.85,0,291.93,10614.94,5496.21,5680.27,0,0,1928.62,13658.25,188.81,0,15242.1,1316.67,3764.68,72366.28,0,19525.74,0,0,82970.38,0,0,0,2374.51,2263.79,0,22459.11,27102.13,69.63,2266.2,15438.37,0,0,0,0
2009-03-06 16:00:00,0,1778.68,0,294.11,10510.42,5652.21,5769.8,0,0,1973.0,13949.18,203.22,0,15315.03,1357.87,3729.29,71848.33,0,19574.72,0,0,82678.64,0,0,0,2373.7,2270.95,0,22366.72,27301.74,70.01,2308.6,15438.19,0,0,0,0
2009-03-06 17:00:00,0,1849.68,0,296.81,10501.52,5947.98,5881.94,0,0,2041.6,14190.01,217.68,0,15430.28,1394.81,3768.1,71367.63,0,19658.58,0,0,82873.22,0,0,0,2412.82,2258.02,0,22110.94,27251.57,69.96,2380.61,15554.48,0,0,0,0
2009-03-06 18:00:00,0,1879.34,0,295.92,10639.66,5966.25,5958.11,0,0,2060.93,14040.65,222.48,0,15645.08,1397.51,3742.79,70575.02,0,19802.19,0,0,83595.21,0,0,0,2448.32,2286.53,0,22093.96,26983.99,69.59,2379.02,15933.21,0,0,0,0
2009-03-06 19:00:00,0,1946.41,0,287.87,10566.77,5692.58,6143.26,0,0,2026.0,14075.62,223.5,0,14698.79,1433.08,3633.86,67825.83,0,18503.7,0,0,82987.33,0,0,0,2461.54,2418.95,0,21759.84,25352.37,68.08,2334.0,15037.6,0,0,0,0
2009-03-06 20:00:00,0,1883.47,0,286.84,10695.24,5465.74,5885.6,0,0,1868.0,12951.9,207.47,0,13988.9,1357.74,3452.19,67657.98,0,17852.1,0,0,80848.43,0,0,0,2459.54,2391.78,0,22256.07,25979.85,65.24,2132.18,15125.25,0,0,0,0
2009-03-06 21:00:00,0,1877.73,0,278.55,10536.2,5246.78,5652.71,0,0,1734.43,11962.76,199.34,0,13249.88,1290.02,3355.17,67498.79,0,17325.65,0,0,78648.35,0,0,0,2472.71,2347.74,0,22340.2,25881.04,63.17,1991.27,15449.55,0,0,0,0
2009-03-06 22:00:00,0,1907.0,0,261.44,9929.85,4784.25,5423.35,0,0,1621.19,11064.02,190.25,0,12713.34,1221.96,3270.71,66055.62,0,16456.67,0,0,76391.3,0,0,0,2359.7,2251.68,0,21399.48,25659.06,61.2,1879.05,14820.78,0,0,0,0
2009-03-06 23:00:00,0,1808.03,0,245.84,9350.47,4399.57,5168.28,0,0,1513.82,10204.52,175.28,0,11986.54,1160.03,3162.26,63713.0,0,15577.51,0,0,73858.24,0,0,0,2250.09,2167.59,0,20472.16,24869.93,59.29,1775.85,14086.6,0,0,0,0
2009-03-07 00:00:00,0,1719.32,0,232.99,8911.94,4072.96,4945.04,0,0,1414.11,9347.8,161.11,0,11170.26,1107.04,3027.07,61403.06,0,14823.26,0,0,71390.96,0,0,0,2159.54,2093.63,0,19578.03,23879.35,57.81,1681.19,13380.17,0,0,0,0
2009-03-07 01:00:00,0,1612.91,0,219.74,8557.76,3804.78,4761.46,0,0,1325.8,8618.71,148.11,0,10598.31,1074.12,2857.15,59165.06,0,14059.9,0,0,69110.54,0,0,0,2077.59,2022.8,0,18972.52,22842.2,56.36,1592.84,12671.81,0,0,0,0
2009-03-07 02:00:00,0,1508.12,0,208.65,8430.03,3661.63,4612.37,0,0,1255.52,7986.73,138.3,0,10445.64,1045.36,2740.76,57717.2,0,13491.37,0,0,66992.48,0,0,0,2031.84,1955.09,0,18525.18,21921.74,55.16,1536.17,12105.38,0,0,0,0
2009-03-07 03:00:00,0,1450.14,0,204.72,8545.97,3628.67,4642.52,0,0,1206.89,7697.64,133.38,0,10455.4,1041.67,2679.28,56677.41,0,13162.01,0,0,65722.56,0,0,0,2014.47,1962.71,0,18226.89,21207.33,53.93,1512.81,11807.09,0,0,0,0
2009-03-07 04:00:00,0,1433.26,0,209.15,8688.79,3748.28,4834.59,0,0,1210.72,7770.16,132.13,0,10604.26,1059.95,2663.84,56520.17,0,13260.26,0,0,65811.77,0,0,0,2035.66,2050.6,0,18132.96,20955.91,53.54,1515.37,11542.21,0,0,0,0
2009-03-07 05:00:00,0,1449.88,0,214.98,9004.46,3898.69,5159.86,0,0,1233.45,7914.49,135.74,0,10803.16,1096.88,2675.89,57290.19,0,13532.59,0,0,66430.9,0,0,0,2075.26,2140.52,0,18337.66,21036.16,52.77,1567.87,11533.58,0,0,0,0
2009-03-07 06:00:00,0,1483.34,0,209.48,9387.45,4093.85,5512.66,0,0,1271.58,8232.12,140.75,0,11000.43,1147.97,2733.61,58301.59,0,14009.73,0,0,67278.75,0,0,0,2148.5,2216.36,0,18726.4,21443.53,52.89,1625.74,11865.26,0,0,0,0
2009-03-07 07:00:00,0,1514.3,0,220.24,9750.44,4299.08,5856.22,0,0,1328.83,8698.34,148.04,0,11305.07,1203.79,2813.04,59377.57,0,14533.42,0,0,68914.0,0,0,0,2242.43,2302.14,0,19254.79,21764.75,52.96,1681.45,12294.56,0,0,0,0
2009-03-07 08:00:00,0,1581.99,0,244.83,10030.37,4773.56,6160.46,0,0,1464.53,9696.79,162.09,0,11688.89,1291.34,2950.23,61350.07,0,14987.05,0,0,70494.81,0,0,0,2303.78,2394.73,0,20633.81,22202.18,54.78,1779.25,13171.13,0,0,0,0
2009-03-07 09:00:00,0,1770.49,0,243.93,9817.38,4785.81,6004.03,0,0,1598.45,10871.79,163.48,0,11785.53,1231.56,3088.12,63534.81,0,15193.47,0,0,70823.5,0,0,0,2270.45,2396.78,0,20382.27,23019.41,57.18,1849.22,13691.26,0,0,0,0
2009-03-07 10:00:00,0,1863.12,0,245.62,9509.61,4968.3,5668.68,0,0,1637.67,11876.14,162.22,0,11898.88,1217.48,3126.99,64973.87,0,15222.81,0,0,70997.53,0,0,0,2241.07,2359.25,0,20168.52,23775.66,58.6,1956.8,14084.87,0,0,0,0
2009-03-07 11:00:00,0,1911.65,0,248.91,9241.86,5156.61,5435.84,0,0,1693.73,12630.18,164.31,0,11645.25,1211.97,3076.3,66016.12,0,14631.42,0,0,71570.92,0,0,0,2222.86,2338.69,0,20525.29,24639.34,59.38,2040.01,14003.07,0,0,0,0
2009-03-07 12:00:00,0,1935.24,0,257.98,9262.67,5322.0,5544.78,0,0,1766.54,13283.71,168.77,0,11438.62,1256.29,3099.92,66840.02,0,14378.75,0,0,72158.18,0,0,0,2247.64,2388.66,0,21033.85,25207.98,60.7,2133.68,13849.92,0,0,0,0
2009-03-07 13:00:00,0,1922.48,0,266.3,9414.67,5424.73,5736.42,0,0,1822.72,13751.16,173.84,0,11428.81,1285.4,3146.31,67310.06,0,14307.38,0,0,72854.02,0,0,0,2276.17,2436.11,0,21272.85,25388.53,62.46,2205.49,13999.93,0,0,0,0
2009-03-07 14:00:00,0,1905.92,0,271.19,9523.51,5412.63,5885.84,0,0,1846.83,13981.94,180.82,0,11583.18,1283.04,3186.59,67477.06,0,14457.4,0,0,73596.7,0,0,0,2315.5,2454.08,0,21593.33,25428.87,62.74,2276.93,14238.11,0,0,0,0
2009-03-07 15:00:00,0,1921.73,0,273.81,9634.23,5626.38,6057.03,0,0,1872.8,14059.77,190.08,0,11826.29,1278.6,3236.35,67203.42,0,15241.03,0,0,73987.33,0,0,0,2377.34,2478.96,0,21780.04,25471.77,62.85,2322.41,14568.51,0,0,0,0
2009-03-07 16:00:00,0,1908.4,0,275.71,9758.24,5840.66,6167.76,0,0,1939.22,14188.59,203.09,0,11910.4,1326.8,3273.34,67193.34,0,15390.33,0,0,74234.1,0,0,0,2425.1,2492.5,0,21749.56,25018.67,62.83,2373.1,14830.73,0,0,0,0
2009-03-07 17:00:00,0,1907.06,0,273.01,9698.7,5937.96,6230.91,0,0,1976.39,14172.11,211.53,0,12506.74,1357.48,3269.63,66693.2,0,15856.75,0,0,74062.24,0,0,0,2438.51,2473.27,0,21861.71,24758.17,62.26,2386.48,14819.97,0,0,0,0
2009-03-07 18:00:00,0,1880.69,0,266.18,9303.38,5808.32,5925.68,0,0,1935.38,13908.61,212.45,0,13292.54,1334.7,3259.79,66249.42,0,16437.73,0,0,74034.65,0,0,0,2401.99,2380.18,0,21679.9,24628.57,60.68,2325.96,14388.88,0,0,0,0
2009-03-07 19:00:00,0,1940.31,0,295.59,10768.13,5998.96,6447.69,0,0,2109.29,14487.84,241.08,0,14295.75,1489.8,3712.38,69430.37,0,17728.11,0,0,83229.88,0,0,0,2564.86,2551.84,0,22149.68,26218.24,67.05,2474.23,15641.66,0,0,0,0
2009-03-07 20:00:00,0,1920.67,0,288.35,10542.02,5656.05,6037.16,0,0,1939.91,13289.82,222.34,0,13686.42,1393.02,3495.39,69149.25,0,17285.74,0,0,80569.39,0,0,0,2505.06,2456.89,0,22353.04,26673.76,64.78,2238.64,15444.82,0,0,0,0
2009-03-07 21:00:00,0,1931.82,0,278.32,10318.2,5374.97,5749.11,0,0,1788.22,12261.69,208.5,0,13089.04,1307.19,3366.33,68980.49,0,16858.21,0,0,78648.78,0,0,0,2464.24,2360.79,0,22392.86,26455.54,62.72,2049.35,15614.09,0,0,0,0
2009-03-07 22:00:00,0,1973.82,0,260.25,9632.35,4914.92,5471.25,0,0,1663.26,11362.05,198.6,0,12449.9,1233.34,3250.91,67338.8,0,16043.82,0,0,76529.38,0,0,0,2293.14,2249.32,0,21397.39,26087.4,61.75,1898.78,14996.65,0,0,0,0
2009-03-07 23:00:00,0,1861.98,0,241.75,8992.82,4486.35,5188.23,0,0,1552.54,10487.36,181.91,0,11816.01,1153.92,3144.2,64867.25,0,15268.3,0,0,74145.63,0,0,0,2176.97,2147.81,0,20419.5,25124.21,61.2,1780.47,14257.39,0,0,0,0
2009-03-08 00:00:00,0,1742.24,0,227.1,8451.99,4074.06,4902.11,0,0,1442.28,9602.62,165.38,0,11213.83,1079.77,3063.13,62461.59,0,14514.85,0,0,71329.52,0,0,0,2095.83,2053.91,0,19487.78,24107.84,60.85,1674.7,13521.97,0,0,0,0
2009-03-08 01:00:00,0,1645.75,0,214.31,8018.34,3739.36,4609.22,0,0,1339.96,8754.1,149.66,0,10823.74,1040.37,2944.02,59873.32,0,13859.93,0,0,68324.77,0,0,0,2022.66,1962.23,0,18821.86,23193.54,58.9,1575.82,12812.27,0,0,0,0
2009-03-08 02:00:00,0,1548.45,0,202.17,7710.44,3547.68,4352.47,0,0,1263.28,8040.44,139.3,0,10696.58,1007.72,2843.9,58146.87,0,13330.27,0,0,65560.6,0,0,0,1981.4,1883.58,0,18392.06,22256.44,57.23,1509.05,12190.33,0,0,0,0
2009-03-08 03:00:00,0,1472.7,0,196.32,7464.38,3448.27,4161.15,0,0,1195.47,7665.54,133.03,0,10691.55,1006.28,2743.52,57025.87,0,13003.9,0,0,63926.9,0,0,0,1962.81,1848.06,0,18100.47,21455.64,55.82,1477.3,11777.83,0,0,0,0
2009-03-08 04:00:00,0,1436.23,0,196.29,7438.81,3567.79,4109.32,0,0,1193.34,7677.93,130.86,0,10701.04,1024.16,2712.38,56775.45,0,12936.11,0,0,63326.26,0,0,0,1965.48,1885.44,0,17973.57,21089.59,54.66,1477.81,11483.3,0,0,0,0
2009-03-08 05:00:00,0,1448.12,0,193.79,7565.19,3726.4,4214.55,0,0,1216.77,7817.1,134.37,0,10881.61,1056.86,2710.44,57199.81,0,13075.47,0,0,63933.01,0,0,0,1991.65,1926.64,0,18061.94,21259.85,53.68,1526.85,11347.17,0,0,0,0
2009-03-08 06:00:00,0,1495.34,0,199.72,7875.67,3943.75,4420.94,0,0,1258.64,8156.26,139.51,0,11120.0,1103.88,2767.34,58161.06,0,13350.16,0,0,65045.86,0,0,0,2042.76,1993.9,0,18388.21,21854.42,53.77,1584.39,11650.67,0,0,0,0
2009-03-08 07:00:00,0,1552.94,0,206.72,8321.81,4154.12,4754.7,0,0,1318.07,8622.68,146.8,0,11396.13,1166.03,2828.83,59410.63,0,13772.51,0,0,66471.22,0,0,0,2120.25,2090.49,0,18799.96,22552.98,54.33,1633.73,11946.36,0,0,0,0
2009-03-08 08:00:00,0,1701.81,0,233.52,8803.93,4667.46,5161.42,0,0,1445.81,9566.05,160.68,0,11721.41,1266.35,2946.26,61476.5,0,14144.92,0,0,68730.89,0,0,0,2182.63,2239.84,0,19907.98,23367.78,57.53,1737.67,13003.1,0,0,0,0
2009-03-08 09:00:00,0,1883.21,0,239.06,8996.65,4701.98,5143.89,0,0,1592.22,10838.9,162.25,0,11845.5,1221.14,3064.09,64112.44,0,14384.35,0,0,70333.65,0,0,0,2210.82,2278.66,0,20189.02,24291.04,59.32,1839.91,13813.5,0,0,0,0
2009-03-08 10:00:00,0,2006.89,0,247.05,8959.82,4932.08,5120.01,0,0,1654.54,12004.15,163.08,0,11762.69,1206.03,3158.52,66153.66,0,14546.7,0,0,71941.72,0,0,0,2210.63,2264.41,0,20722.57,25564.53,59.65,1958.25,14327.03,0,0,0,0
2009-03-08 11:00:00,0,2066.21,0,247.0,8980.24,5084.87,5244.1,0,0,1705.11,12830.7,166.11,0,11570.96,1192.29,3156.86,67463.73,0,14706.38,0,0,73155.04,0,0,0,2213.31,2274.04,0,20985.73,26207.65,60.32,2049.97,14305.37,0,0,0,0
2009-03-08 12:00:00,0,2085.28,0,260.5,9071.44,5289.45,5452.85,0,0,1782.52,13543.08,172.01,0,11552.43,1250.12,3240.53,68381.9,0,14979.41,0,0,74389.37,0,0,0,2246.84,2337.69,0,21568.45,26220.53,62.43,2158.83,14428.26,0,0,0,0
2009-03-08 13:00:00,0,2020.25,0,270.46,9215.46,5416.0,5646.96,0,0,1849.9,14095.31,177.26,0,11593.98,1299.95,3242.91,68462.45,0,15314.96,0,0,74748.06,0,0,0,2289.88,2393.94,0,22149.79,25881.72,61.02,2232.31,14673.99,0,0,0,0
2009-03-08 14:00:00,0,1983.0,0,277.0,9417.95,5570.32,5799.83,0,0,1907.89,14440.6,186.12,0,11802.59,1324.49,3290.05,68450.58,0,15530.18,0,0,74768.55,0,0,0,2332.31,2462.56,0,22534.67,25536.91,60.17,2299.58,14845.38,0,0,0,0
2009-03-08 15:00:00,0,1928.72,0,281.52,9533.98,5828.13,5937.13,0,0,1980.82,14895.85,199.28,0,11902.66,1362.59,3270.72,67714.37,0,15777.08,0,0,74958.36,0,0,0,2382.18,2508.3,0,22666.23,25033.72,59.02,2344.79,14960.29,0,0,0,0
2009-03-08 16:00:00,0,1885.42,0,284.26,9493.81,6094.19,5972.15,0,0,2068.19,15198.83,206.54,0,12142.41,1414.85,3267.24,67209.74,0,15786.99,0,0,75220.66,0,0,0,2422.17,2525.46,0,22330.17,24681.51,58.0,2383.31,15124.02,0,0,0,0
2009-03-08 17:00:00,0,1874.26,0,279.66,9369.02,6158.44,5919.5,0,0,2085.89,15082.24,205.15,0,12611.48,1436.35,3266.83,66315.12,0,16254.85,0,0,75116.84,0,0,0,2446.0,2500.89,0,22136.5,24670.53,57.28,2382.68,15204.53,0,0,0,0
2009-03-08 18:00:00,0,1849.44,0,272.98,9080.78,5932.93,5768.85,0,0,2011.57,14562.15,203.95,0,13345.54,1377.2,3238.07,65714.78,0,16747.71,0,0,75561.67,0,0,0,2423.7,2424.68,0,22189.79,24573.45,55.72,2322.45,14834.89,0,0,0,0
2009-03-08 19:00:00,0,2011.93,0,319.96,11575.37,6508.18,6794.09,0,0,2301.41,15162.24,244.88,0,15600.96,1615.58,4048.0,74539.05,0,19171.28,0,0,89376.63,0,0,0,2674.74,2619.08,0,24272.98,26122.7,68.3,2644.37,17273.46,0,0,0,0
2009-03-08 20:00:00,0,2111.41,0,308.21,11476.29,6119.44,6357.95,0,0,2097.43,13953.99,231.01,0,14833.19,1480.38,3844.85,74058.77,0,18615.99,0,0,86143.52,0,0,0,2639.04,2516.71,0,23944.0,27284.0,67.14,2386.14,17183.32,0,0,0,0
2009-03-08 21:00:00,0,2192.04,0,294.8,11184.04,5714.51,5994.95,0,0,1914.57,13009.2,222.32,0,14067.39,1360.01,3676.01,73413.66,0,17970.29,0,0,83057.48,0,0,0,2574.24,2406.25,0,23613.85,28053.66,66.37,2167.27,17148.47,0,0,0,0
2009-03-08 22:00:00,0,2177.3,0,271.21,10491.02,5126.18,5678.37,0,0,1744.39,11937.54,202.81,0,13264.78,1258.76,3533.24,71074.68,0,17058.65,0,0,79901.62,0,0,0,2430.75,2275.62,0,22246.59,27772.82,65.7,1987.98,16184.23,0,0,0,0
2009-03-08 23:00:00,0,2081.87,0,249.69,9816.27,4609.58,5371.9,0,0,1594.47,10908.49,185.2,0,12562.96,1160.47,3412.57,68759.11,0,16190.1,0,0,76164.9,0,0,0,2287.05,2160.03,0,20965.28,26802.48,65.22,1836.64,15199.49,0,0,0,0
2009-03-09 00:00:00,0,1989.81,0,229.07,9202.94,4118.8,5048.68,0,0,1451.28,9862.09,167.55,0,11898.14,1073.02,3318.09,66476.2,0,15544.87,0,0,73551.22,0,0,0,2152.22,2046.81,0,19803.45,25835.47,64.75,1705.1,14232.11,0,0,0,0
2009-03-09 01:00:00,0,1901.75,0,210.23,8618.65,3684.95,4721.08,0,0,1328.9,8885.66,148.53,0,11489.73,1000.03,3228.76,64312.37,0,14887.13,0,0,71563.71,0,0,0,2033.82,1934.64,0,18658.03,24830.6,64.21,1576.26,13318.0,0,0,0,0
2009-03-09 02:00:00,0,1876.53,0,195.51,8327.87,3393.43,4424.81,0,0,1232.81,8000.93,133.76,0,11601.31,953.52,3131.84,61967.24,0,14649.54,0,0,69602.59,0,0,0,1978.16,1849.13,0,17916.9,23755.55,63.85,1482.32,12621.34,0,0,0,0
2009-03-09 03:00:00,0,1919.85,0,193.66,8246.84,3521.32,4318.34,0,0,1244.56,7965.34,132.49,0,12115.38,989.2,3075.46,60814.0,0,14770.4,0,0,69067.34,0,0,0,1954.65,1830.63,0,17695.97,23405.8,64.12,1506.35,12255.12,0,0,0,0
2009-03-09 04:00:00,0,2012.96,0,205.65,8362.81,3789.1,4464.25,0,0,1311.06,8318.25,139.97,0,12480.04,1046.24,3147.9,62619.42,0,15017.9,0,0,70054.63,0,0,0,1995.53,1879.07,0,18141.18,23597.71,66.19,1580.27,12424.14,0,0,0,0
2009-03-09 05:00:00,0,2099.31,0,217.48,8856.93,4092.32,4749.78,0,0,1378.74,8707.57,146.66,0,12805.2,1104.09,3351.9,64555.98,0,15679.72,0,0,72573.71,0,0,0,2070.13,1933.09,0,18626.14,24335.22,68.92,1664.49,12887.06,0,0,0,0
2009-03-09 06:00:00,0,2190.59,0,228.43,9330.63,4383.05,5045.39,0,0,1441.39,9104.0,153.54,0,13163.85,1161.07,3569.03,66443.35,0,16137.71,0,0,75305.06,0,0,0,2150.13,1985.83,0,19168.83,25164.64,71.72,1746.84,13414.41,0,0,0,0
2009-03-09 07:00:00,0,2265.02,0,239.15,10035.4,4709.65,5442.54,0,0,1543.19,9863.09,162.48,0,13828.59,1233.19,3796.93,68322.34,0,16817.23,0,0,79666.07,0,0,0,2272.28,2056.32,0,19742.49,26019.59,74.21,1833.17,13969.83,0,0,0,0
2009-03-09 08:00:00,0,2372.19,0,275.07,10421.01,5268.24,5746.23,0,0,1703.92,11068.83,179.73,0,14535.35,1324.41,4140.94,73175.4,0,17938.61,0,0,86094.39,0,0,0,2383.41,2188.81,0,21126.51,27184.63,76.44,1971.06,15362.1,0,0,0,0
2009-03-09 09:00:00,0,2360.9,0,283.52,10615.42,5240.99,5789.27,0,0,1767.8,11996.23,184.68,0,15226.32,1276.96,4254.34,75192.43,0,18703.46,0,0,86918.09,0,0,0,2437.68,2226.14,0,21654.59,28456.3,74.66,2062.06,15902.67,0,0,0,0
2009-03-09 10:00:00,0,2202.77,0,296.36,10527.37,5295.89,5679.45,0,0,1809.84,12574.67,184.61,0,15415.05,1249.66,4235.34,75017.57,0,18915.02,0,0,87723.95,0,0,0,2445.19,2211.22,0,21828.56,28828.0,73.26,2126.27,15895.6,0,0,0,0
2009-03-09 11:00:00,0,2084.85,0,302.84,10567.08,5368.25,5669.11,0,0,1865.94,13181.09,185.83,0,15513.62,1247.03,4064.78,74356.91,0,19153.54,0,0,87188.58,0,0,0,2445.5,2274.82,0,22281.95,28992.45,71.84,2200.31,15642.75,0,0,0,0
2009-03-09 12:00:00,0,1997.17,0,308.76,10707.3,5585.27,5773.13,0,0,1926.61,13914.71,190.23,0,15577.87,1308.22,3897.68,73733.6,0,19400.33,0,0,85325.15,0,0,0,2550.99,2421.48,0,23120.67,28976.89,69.61,2280.63,15356.24,0,0,0,0
2009-03-09 13:00:00,0,1931.14,0,317.91,10770.6,5836.49,5868.67,0,0,2004.75,14479.59,195.67,0,15600.48,1367.43,3782.72,73244.5,0,19641.98,0,0,83691.96,0,0,0,2709.02,2552.24,0,23836.52,28873.67,68.34,2346.98,15438.29,0,0,0,0
2009-03-09 14:00:00,0,1868.36,0,330.05,10810.75,6100.17,5937.44,0,0,2093.31,15066.45,206.5,0,15573.22,1427.67,3694.39,72672.18,0,19800.22,0,0,82538.33,0,0,0,2841.43,2638.1,0,24428.24,28751.59,68.2,2427.64,15749.18,0,0,0,0
2009-03-09 15:00:00,0,1833.91,0,343.47,10936.92,6382.98,5959.89,0,0,2188.15,15653.15,221.26,0,15468.75,1485.33,3631.9,72448.79,0,19941.92,0,0,81203.66,0,0,0,2919.25,2703.24,0,24914.03,28518.86,70.28,2528.59,16203.1,0,0,0,0
2009-03-09 16:00:00,0,1853.69,0,347.82,10954.64,6661.58,6049.88,0,0,2260.64,15998.27,235.57,0,15275.91,1552.32,3617.69,72040.2,0,20071.72,0,0,80751.06,0,0,0,2943.77,2715.98,0,25009.93,28159.8,70.87,2592.1,16822.13,0,0,0,0
2009-03-09 17:00:00,0,1910.7,0,332.59,10931.28,6784.88,6143.78,0,0,2300.01,16056.46,243.79,0,15309.62,1581.02,3665.84,71921.02,0,20161.3,0,0,81431.3,0,0,0,2935.75,2692.67,0,24973.93,27876.91,69.63,2618.33,17086.06,0,0,0,0
2009-03-09 18:00:00,0,1940.83,0,316.14,10732.86,6552.06,6111.06,0,0,2256.77,15318.73,237.18,0,15750.45,1526.43,3687.76,71811.7,0,20286.77,0,0,83554.05,0,0,0,2809.1,2614.91,0,24543.87,27772.43,70.22,2591.78,16769.22,0,0,0,0
2009-03-09 19:00:00,0,2031.18,0,332.3,11429.77,6601.57,6740.28,0,0,2314.99,15336.19,256.81,0,16262.7,1635.25,3870.22,73078.45,0,20248.07,0,0,89343.56,0,0,0,2941.36,2838.42,0,25368.32,27624.52,73.6,2684.73,17620.23,0,0,0,0
2009-03-09 20:00:00,0,2055.78,0,316.56,11198.48,6163.02,6289.3,0,0,2106.29,14015.09,239.96,0,15381.03,1496.7,3731.68,72787.27,0,19687.35,0,0,86607.8,0,0,0,2818.45,2697.85,0,24722.42,28205.41,70.59,2424.89,17318.67,0,0,0,0
2009-03-09 21:00:00,0,2082.48,0,302.88,11060.58,5778.28,5945.93,0,0,1919.59,13028.4,225.82,0,14462.6,1373.08,3611.96,72688.39,0,18944.45,0,0,84039.73,0,0,0,2689.07,2570.87,0,24093.21,28660.54,68.79,2212.28,17193.93,0,0,0,0
2009-03-09 22:00:00,0,2083.92,0,279.29,10294.9,5210.59,5614.77,0,0,1751.62,11951.22,206.0,0,13511.0,1275.61,3510.29,70553.57,0,17966.53,0,0,81748.17,0,0,0,2498.26,2390.9,0,22458.79,28066.1,67.3,2030.13,16294.97,0,0,0,0
2009-03-09 23:00:00,0,1964.27,0,256.31,9592.51,4657.3,5306.37,0,0,1600.22,10859.27,187.59,0,12626.43,1172.44,3406.87,68143.38,0,16706.59,0,0,79038.41,0,0,0,2324.82,2210.83,0,20977.67,26799.22,66.21,1866.9,15257.36,0,0,0,0
2009-03-10 00:00:00,0,1826.3,0,233.46,8979.61,4162.45,5004.21,0,0,1463.38,9840.06,168.19,0,11972.13,1078.92,3318.07,65817.26,0,15709.74,0,0,76377.45,0,0,0,2156.48,2062.42,0,19634.78,25586.07,64.72,1722.31,14297.8,0,0,0,0
2009-03-10 01:00:00,0,1686.29,0,211.6,8490.01,3725.21,4742.27,0,0,1340.83,8855.83,149.18,0,11626.32,993.18,3222.3,63542.48,0,14788.77,0,0,74213.23,0,0,0,2024.82,1924.7,0,18565.45,24377.4,63.87,1583.73,13383.54,0,0,0,0
2009-03-10 02:00:00,0,1557.22,0,195.96,8231.62,3402.86,4506.0,0,0,1232.46,7966.51,135.88,0,11757.75,935.25,3139.82,61244.21,0,14242.85,0,0,72405.96,0,0,0,1959.92,1832.83,0,17815.06,23385.58,63.41,1468.6,12649.55,0,0,0,0
2009-03-10 03:00:00,0,1471.09,0,192.89,8254.73,3478.2,4512.31,0,0,1236.24,7968.05,132.38,0,11960.72,958.7,3098.15,60154.57,0,14231.7,0,0,72547.45,0,0,0,1930.88,1827.93,0,17653.22,22768.46,62.49,1490.89,12311.38,0,0,0,0
2009-03-10 04:00:00,0,1483.89,0,203.77,8720.52,3719.39,4877.55,0,0,1296.0,8323.96,138.61,0,12328.91,1023.73,3207.49,61207.49,0,14719.06,0,0,75141.96,0,0,0,1974.61,1898.78,0,18090.37,22892.91,62.09,1566.24,12413.78,0,0,0,0
2009-03-10 05:00:00,0,1518.77,0,215.72,9454.62,3962.32,5311.02,0,0,1356.81,8697.54,145.68,0,12681.16,1080.36,3346.76,62973.92,0,15367.47,0,0,77745.33,0,0,0,2045.14,1972.97,0,18490.17,23645.49,61.91,1640.6,12841.05,0,0,0,0
2009-03-10 06:00:00,0,1564.6,0,228.78,10173.52,4216.78,5769.91,0,0,1415.92,9092.82,153.43,0,13017.51,1140.23,3472.12,64590.64,0,16009.64,0,0,80039.8,0,0,0,2130.56,2035.57,0,18990.94,24532.41,62.32,1719.85,13293.35,0,0,0,0
2009-03-10 07:00:00,0,1626.9,0,238.19,11088.56,4530.09,6298.68,0,0,1495.7,9710.88,161.09,0,14382.88,1200.5,3590.83,66141.83,0,17815.11,0,0,84611.66,0,0,0,2248.27,2113.22,0,19609.62,25579.0,62.57,1806.51,13753.87,0,0,0,0
2009-03-10 08:00:00,0,1745.75,0,279.7,11952.26,5065.67,6897.55,0,0,1653.01,11054.96,177.02,0,14649.16,1288.95,3816.42,69193.14,0,18510.51,0,0,88863.85,0,0,0,2429.84,2294.42,0,21105.11,26729.08,63.33,1948.69,14919.82,0,0,0,0
2009-03-10 09:00:00,0,1887.83,0,285.84,12106.01,5161.18,7004.35,0,0,1769.78,12052.28,183.79,0,14467.09,1250.8,3893.32,72339.8,0,18868.45,0,0,89190.25,0,0,0,2496.84,2388.5,0,21422.43,28580.16,65.57,2057.15,15408.0,0,0,0,0
2009-03-10 10:00:00,0,1943.5,0,291.05,11897.82,5296.18,6767.39,0,0,1819.68,12586.13,184.48,0,14244.19,1242.29,3948.99,73935.6,0,19149.53,0,0,88430.32,0,0,0,2503.45,2397.61,0,21717.63,29474.51,68.25,2151.39,15602.86,0,0,0,0
2009-03-10 11:00:00,0,1971.53,0,295.62,11488.44,5443.59,6449.98,0,0,1895.47,13299.39,185.43,0,14292.01,1282.8,3915.77,74923.72,0,19329.48,0,0,87712.21,0,0,0,2467.9,2372.65,0,22034.95,30075.17,69.82,2270.66,15668.31,0,0,0,0
2009-03-10 12:00:00,0,1948.07,0,305.05,11071.74,5829.89,6205.29,0,0,1973.76,14143.33,194.0,0,14405.02,1383.67,3949.63,75519.38,0,19316.76,0,0,86357.95,0,0,0,2440.19,2358.42,0,22660.36,30352.57,69.81,2369.41,15999.33,0,0,0,0
2009-03-10 13:00:00,0,1927.34,0,318.24,10763.4,6181.84,6023.2,0,0,2064.34,14776.47,205.76,0,14434.44,1455.52,3995.4,75658.0,0,19164.58,0,0,85146.37,0,0,0,2441.81,2367.32,0,23164.13,30235.93,71.43,2490.3,16315.29,0,0,0,0
2009-03-10 14:00:00,0,1946.04,0,327.07,10537.96,6489.22,5950.86,0,0,2151.55,15379.46,221.92,0,14022.81,1511.03,4014.35,75564.79,0,18989.31,0,0,83936.29,0,0,0,2470.08,2369.64,0,23591.13,30112.67,72.89,2618.04,16374.88,0,0,0,0
2009-03-10 15:00:00,0,1990.39,0,327.86,10440.6,6724.46,5863.65,0,0,2241.38,15831.19,238.09,0,14177.26,1581.28,4025.55,75458.08,0,19062.95,0,0,83095.69,0,0,0,2488.64,2382.58,0,23968.3,29993.51,73.29,2711.15,16420.62,0,0,0,0
2009-03-10 16:00:00,0,1997.63,0,329.77,10444.31,6906.79,5815.96,0,0,2293.54,16048.23,252.76,0,14259.07,1632.52,4013.35,75123.44,0,19139.75,0,0,82740.06,0,0,0,2511.47,2394.65,0,24244.28,29821.16,73.17,2748.21,16440.8,0,0,0,0
2009-03-10 17:00:00,0,2059.6,0,327.93,10474.89,6913.18,5896.1,0,0,2301.66,16050.86,262.03,0,14647.17,1648.74,3987.48,74801.68,0,19463.36,0,0,82855.46,0,0,0,2548.9,2410.97,0,24197.76,29779.74,72.57,2719.28,16617.75,0,0,0,0
2009-03-10 18:00:00,0,2166.44,0,319.64,10629.35,6689.86,5949.31,0,0,2276.22,15444.16,257.63,0,15228.51,1582.31,3903.12,74235.74,0,19762.6,0,0,83888.62,0,0,0,2536.3,2384.49,0,23831.09,29588.31,72.06,2668.59,16703.99,0,0,0,0
2009-03-10 19:00:00,0,2337.14,0,338.53,11289.94,6801.81,6573.35,0,0,2376.02,15557.21,282.46,0,15621.41,1713.7,4128.58,74502.55,0,19939.19,0,0,89071.53,0,0,0,2693.04,2618.95,0,24681.34,29140.67,72.66,2726.55,17441.4,0,0,0,0
2009-03-10 20:00:00,0,2560.14,0,321.61,11260.42,6345.78,6249.8,0,0,2160.29,14195.97,257.32,0,14750.73,1542.15,3921.9,74005.47,0,19212.24,0,0,85760.34,0,0,0,2651.78,2527.23,0,24049.31,30786.35,72.18,2481.64,17224.08,0,0,0,0
2009-03-10 21:00:00,0,2759.73,0,303.91,11105.61,5905.59,5957.98,0,0,1968.46,13159.5,236.61,0,13940.16,1403.39,3766.0,73617.25,0,18568.32,0,0,82845.74,0,0,0,2588.2,2424.27,0,23617.66,31401.99,71.28,2281.62,17251.18,0,0,0,0
2009-03-10 22:00:00,0,2748.73,0,279.15,10394.86,5340.7,5652.56,0,0,1795.57,12071.03,219.32,0,13177.05,1285.18,3634.53,71162.92,0,17582.77,0,0,80229.13,0,0,0,2439.82,2266.19,0,22169.7,30646.4,70.68,2091.58,16367.11,0,0,0,0
2009-03-10 23:00:00,0,2693.65,0,256.16,9717.61,4789.12,5337.94,0,0,1638.73,11021.31,199.21,0,12340.49,1186.81,3520.23,68990.11,0,16605.31,0,0,77635.01,0,0,0,2293.56,2143.47,0,20802.51,29911.11,69.7,1897.66,15390.72,0,0,0,0
2009-03-11 00:00:00,0,2637.69,0,233.69,9078.96,4268.87,4972.2,0,0,1499.93,10027.28,179.68,0,11549.21,1092.43,3416.96,67128.9,0,15544.19,0,0,74895.5,0,0,0,2142.18,2019.74,0,19557.49,29156.58,70.24,1745.43,14457.67,0,0,0,0
2009-03-11 01:00:00,0,2587.16,0,212.63,8627.47,3807.15,4659.14,0,0,1372.58,9075.69,160.37,0,11142.71,997.33,3300.25,65565.24,0,14640.38,0,0,72257.44,0,0,0,2029.57,1889.69,0,18476.73,28325.81,74.43,1609.15,13562.93,0,0,0,0
2009-03-11 02:00:00,0,2567.69,0,197.03,8430.72,3489.43,4412.73,0,0,1260.58,8197.58,143.7,0,11120.99,928.25,3171.91,64364.02,0,14035.85,0,0,69542.13,0,0,0,1973.3,1819.62,0,17846.52,27592.45,77.07,1509.16,12856.95,0,0,0,0
2009-03-11 03:00:00,0,2619.0,0,194.44,8444.39,3547.46,4395.62,0,0,1245.0,8107.71,136.45,0,11493.5,936.3,3032.71,63538.71,0,14131.93,0,0,68409.23,0,0,0,1963.78,1828.58,0,17702.11,27423.87,78.39,1539.54,12480.34,0,0,0,0
2009-03-11 04:00:00,0,2728.4,0,205.45,8664.71,3756.47,4671.95,0,0,1300.94,8428.97,142.0,0,11800.54,989.44,3029.82,64088.76,0,14625.74,0,0,69404.35,0,0,0,2022.32,1878.03,0,18162.9,27747.67,80.44,1601.46,12527.83,0,0,0,0
2009-03-11 05:00:00,0,2844.12,0,215.81,9085.5,3960.12,4934.5,0,0,1358.04,8791.56,148.5,0,12163.54,1044.04,3228.24,66473.81,0,14862.83,0,0,72181.86,0,0,0,2098.73,1928.6,0,18585.71,28670.46,84.14,1648.11,13135.78,0,0,0,0
2009-03-11 06:00:00,0,2972.88,0,228.02,9533.82,4175.25,5200.64,0,0,1413.25,9189.95,154.88,0,12536.51,1096.87,3510.39,68586.14,0,15386.87,0,0,75126.98,0,0,0,2182.65,1981.23,0,19139.42,29688.89,87.23,1702.94,13856.71,0,0,0,0
2009-03-11 07:00:00,0,3100.86,0,239.04,10052.49,4419.31,5492.42,0,0,1491.35,9837.97,161.36,0,13245.18,1153.67,3810.62,70622.17,0,16663.9,0,0,78740.56,0,0,0,2276.71,2043.87,0,19824.94,30753.12,90.19,1765.54,14628.31,0,0,0,0
2009-03-11 08:00:00,0,3263.29,0,279.68,10609.86,4903.47,5748.84,0,0,1652.5,11171.89,177.51,0,14154.19,1231.64,4194.27,75358.51,0,17866.8,0,0,85456.02,0,0,0,2358.79,2124.16,0,21474.86,32056.61,93.82,1932.81,16030.66,0,0,0,0
2009-03-11 09:00:00,0,3422.92,0,290.56,10727.65,5236.02,5908.58,0,0,1804.64,12388.9,189.81,0,14791.17,1241.42,4529.95,79603.43,0,18183.64,0,0,87584.62,0,0,0,2404.04,2164.64,0,21619.97,34175.26,99.11,2064.2,17108.7,0,0,0,0
2009-03-11 10:00:00,0,1943.5,0,296.36,10743.85,5408.36,5860.46,0,0,1902.65,13002.5,191.38,0,14831.02,1246.46,4642.47,80804.45,0,18442.0,0,0,88265.64,0,0,0,2396.42,2194.52,0,21772.68,34841.13,102.01,2153.14,18063.52,0,0,0,0
2009-03-11 11:00:00,0,1971.53,0,297.46,10582.9,5565.03,5642.2,0,0,1982.9,13616.51,192.15,0,14696.65,1289.01,4666.88,81419.2,0,18564.87,0,0,87932.77,0,0,0,2449.22,2311.74,0,22114.6,35159.6,102.05,2261.61,18912.56,0,0,0,0
2009-03-11 12:00:00,0,1948.07,0,305.2,10690.76,5946.81,5848.99,0,0,2072.62,14433.62,203.84,0,14747.16,1375.2,4655.46,81476.28,0,18786.41,0,0,86269.14,0,0,0,2595.45,2441.17,0,22543.38,34948.24,69.81,2360.46,19470.18,0,0,0,0
2009-03-11 13:00:00,0,1927.34,0,319.31,11072.65,6315.19,6108.12,0,0,2162.46,15165.92,220.02,0,14852.71,1433.79,4606.71,80779.52,0,18906.48,0,0,84026.26,0,0,0,2681.68,2505.72,0,22885.03,34566.57,71.43,2465.33,19711.06,0,0,0,0
2009-03-11 14:00:00,0,1946.04,0,333.92,11434.84,6586.7,6287.05,0,0,2264.92,15783.84,238.19,0,14954.2,1463.45,4550.15,79923.83,0,18876.71,0,0,82429.69,0,0,0,2743.03,2565.8,0,23091.17,34067.49,72.89,2574.94,19687.75,0,0,0,0
2009-03-11 15:00:00,0,2833.26,0,344.2,11567.23,6807.79,6404.46,0,0,2328.94,16130.22,255.49,0,15030.99,1478.64,4459.25,78874.68,0,18761.39,0,0,81317.64,0,0,0,2792.81,2613.23,0,22966.21,33343.28,73.29,2652.71,19613.96,0,0,0,0
2009-03-11 16:00:00,0,2737.06,0,349.2,11301.25,6980.77,6518.97,0,0,2374.66,16385.21,271.21,0,14982.39,1508.25,4360.81,78048.16,0,18526.11,0,0,81158.52,0,0,0,2822.34,2634.32,0,22543.82,32673.6,90.04,2686.15,19481.14,0,0,0,0
2009-03-11 17:00:00,0,2728.33,0,340.72,10875.4,6938.66,6565.78,0,0,2359.13,16298.97,278.45,0,14879.87,1517.25,4301.77,77487.82,0,18386.51,0,0,81935.92,0,0,0,2813.01,2614.16,0,22134.03,32360.2,88.87,2662.25,19352.39,0,0,0,0
2009-03-11 18:00:00,0,2792.73,0,321.17,10566.93,6725.37,6341.97,0,0,2328.89,15804.72,267.95,0,14958.03,1504.81,4266.0,77340.26,0,18948.49,0,0,83762.85,0,0,0,2723.31,2560.21,0,22113.07,32370.78,87.54,2618.68,19291.54,0,0,0,0
2009-03-11 19:00:00,0,2337.14,0,336.95,11299.56,6834.6,6839.42,0,0,2420.83,15706.12,272.78,0,15517.28,1619.76,4426.06,82501.69,0,19251.74,0,0,92686.27,0,0,0,2851.96,2790.64,0,23094.81,32475.76,86.34,2731.78,19666.57,0,0,0,0
2009-03-11 20:00:00,0,2560.14,0,318.34,11289.57,6461.99,6332.19,0,0,2213.13,14495.55,247.01,0,14782.47,1480.97,4367.81,82854.3,0,18936.36,0,0,90698.01,0,0,0,2747.33,2640.37,0,23554.8,34006.23,86.65,2500.09,20110.02,0,0,0,0
2009-03-11 21:00:00,0,3185.5,0,304.29,11149.21,6006.94,5974.96,0,0,2009.17,13470.65,238.41,0,14064.6,1369.37,4309.21,82166.9,0,18485.8,0,0,88065.17,0,0,0,2631.51,2519.08,0,23697.88,34486.44,85.85,2302.44,20159.97,0,0,0,0
2009-03-11 22:00:00,0,3105.07,0,282.65,10530.98,5410.77,5729.98,0,0,1834.53,12323.76,219.57,0,13481.7,1268.13,4249.17,80570.75,0,17845.84,0,0,86159.08,0,0,0,2444.53,2311.3,0,22632.73,33633.15,85.34,2102.6,19411.62,0,0,0,0
2009-03-11 23:00:00,0,3022.48,0,261.24,10058.1,4902.3,5467.2,0,0,1691.52,11255.3,199.46,0,12836.75,1164.98,4186.92,78849.06,0,17168.28,0,0,84073.58,0,0,0,2265.03,2153.8,0,21587.27,32701.36,85.1,1910.55,18689.72,0,0,0,0
2009-03-12 00:00:00,0,2930.76,0,238.59,9594.44,4405.61,5175.0,0,0,1550.6,10258.94,180.65,0,12318.22,1071.2,4119.08,77168.36,0,16483.53,0,0,82089.97,0,0,0,2100.83,2030.28,0,20611.31,31836.08,85.03,1759.62,17973.16,0,0,0,0
2009-03-12 01:00:00,0,2846.87,0,216.59,9127.67,3920.69,4920.37,0,0,1414.24,9279.92,163.23,0,11937.76,984.83,4055.01,75400.26,0,15815.51,0,0,80818.39,0,0,0,1989.86,1921.2,0,19693.26,30913.4,85.02,1617.72,17421.09,0,0,0,0
2009-03-12 02:00:00,0,2819.45,0,197.36,8837.47,3574.75,4703.11,0,0,1285.72,8300.85,148.44,0,12066.33,929.83,3985.66,73714.43,0,15365.92,0,0,80242.86,0,0,0,1932.89,1852.43,0,19288.24,30165.65,85.06,1514.62,17023.52,0,0,0,0
2009-03-12 03:00:00,0,2875.38,0,193.13,9037.57,3619.51,4775.27,0,0,1255.29,8161.06,142.99,0,12427.37,942.01,3932.63,73119.91,0,15467.3,0,0,80866.79,0,0,0,1912.7,1870.8,0,19438.32,29925.49,85.41,1541.36,17052.43,0,0,0,0
2009-03-12 04:00:00,0,2959.83,0,204.3,9536.72,3805.93,5057.19,0,0,1311.46,8507.56,147.5,0,13009.47,983.36,4049.55,74690.81,0,15947.8,0,0,84013.98,0,0,0,1965.99,1918.32,0,20124.43,30084.85,87.06,1596.89,17501.49,0,0,0,0
2009-03-12 05:00:00,0,3047.55,0,214.99,10320.78,3992.03,5437.95,0,0,1369.2,8856.34,153.14,0,13620.92,1030.42,4222.3,76836.78,0,16592.3,0,0,87469.85,0,0,0,2037.1,1984.08,0,20831.8,30613.91,88.77,1642.27,18107.68,0,0,0,0
2009-03-12 06:00:00,0,3138.51,0,227.2,11037.41,4167.35,5787.95,0,0,1425.15,9239.52,158.85,0,14171.18,1078.9,4398.2,78939.82,0,17196.83,0,0,90973.21,0,0,0,2117.68,2063.69,0,21619.21,31411.7,90.83,1697.22,18693.01,0,0,0,0
2009-03-12 07:00:00,0,3222.84,0,238.76,11979.05,4441.97,6398.27,0,0,1518.68,10001.92,166.16,0,16054.86,1144.32,4574.4,80790.95,0,19303.47,0,0,97519.83,0,0,0,2246.44,2192.15,0,22573.47,32226.51,93.04,1765.61,19383.68,0,0,0,0
2009-03-12 08:00:00,0,3344.52,0,274.27,12980.8,4902.37,7073.46,0,0,1671.09,11119.29,182.23,0,16452.04,1233.44,4980.62,86062.85,0,19644.37,0,0,102391.16,0,0,0,2451.33,2404.81,0,25060.36,33289.53,96.33,1929.46,20844.23,0,0,0,0
2009-03-12 09:00:00,0,3474.1,0,282.77,13162.66,5233.82,7603.97,0,0,1784.59,12208.85,192.61,0,16274.98,1250.7,5119.59,88815.27,0,19619.63,0,0,102178.89,0,0,0,2526.85,2516.16,0,24998.87,34994.72,100.22,2045.55,22046.29,0,0,0,0
2009-03-12 10:00:00,0,3472.18,0,298.52,13260.46,5396.39,7554.28,0,0,1903.05,13002.25,194.59,0,15974.21,1247.65,5075.91,88151.57,0,19435.25,0,0,99801.89,0,0,0,2542.34,2542.81,0,24136.5,35443.55,102.52,2124.51,18063.52,0,0,0,0
2009-03-12 11:00:00,0,3413.86,0,314.4,13266.41,5543.02,7333.08,0,0,1960.17,13614.2,200.49,0,15574.9,1323.73,5025.21,87126.38,0,19346.8,0,0,97780.54,0,0,0,2486.86,2468.53,0,23638.68,35491.59,102.32,2237.13,21609.19,0,0,0,0
2009-03-12 12:00:00,0,3291.66,0,331.35,13126.22,5917.15,7051.58,0,0,2036.42,14398.49,210.81,0,15175.66,1424.54,4938.32,85942.22,0,19277.76,0,0,95694.26,0,0,0,2445.08,2423.96,0,23394.76,35125.36,100.83,2360.36,21228.96,0,0,0,0
2009-03-12 13:00:00,0,3177.56,0,347.03,12856.24,6306.86,6743.99,0,0,2115.88,15129.55,224.78,0,14830.51,1498.55,4816.6,84661.38,0,19190.22,0,0,94013.89,0,0,0,2419.0,2364.24,0,23350.88,34566.4,99.04,2482.5,20850.83,0,0,0,0
2009-03-12 14:00:00,0,3046.1,0,358.62,12649.78,6595.74,6749.15,0,0,2201.82,15695.4,239.27,0,14644.91,1533.49,4723.73,83376.18,0,19087.71,0,0,93480.63,0,0,0,2399.22,2323.08,0,23176.94,33881.87,96.81,2626.25,20475.95,0,0,0,0
2009-03-12 15:00:00,0,2944.6,0,365.11,12515.08,6830.16,6921.77,0,0,2273.3,16105.39,253.74,0,14649.32,1554.07,4657.78,82274.93,0,19079.11,0,0,92760.39,0,0,0,2397.42,2299.35,0,22972.45,33250.65,94.99,2734.59,20240.37,0,0,0,0
2009-03-12 16:00:00,0,2875.14,0,366.63,12411.6,6983.85,7017.7,0,0,2313.5,16292.85,269.47,0,14759.19,1573.28,4616.58,81328.75,0,19218.75,0,0,93009.7,0,0,0,2394.44,2323.09,0,22859.46,32594.9,92.62,2759.21,20048.52,0,0,0,0
2009-03-12 17:00:00,0,2864.89,0,362.87,12692.09,6897.58,7181.41,0,0,2307.03,16219.67,278.71,0,14896.73,1575.56,4592.78,80268.86,0,19516.78,0,0,93906.37,0,0,0,2414.81,2356.62,0,22605.08,32145.98,91.86,2713.93,19862.0,0,0,0,0
2009-03-12 18:00:00,0,2862.26,0,350.31,12886.69,6667.38,7456.82,0,0,2272.4,15625.03,272.46,0,15830.76,1534.78,4603.28,79892.51,0,20092.52,0,0,95754.11,0,0,0,2449.12,2387.89,0,22318.89,31720.36,90.57,2656.38,19914.95,0,0,0,0
2009-03-12 19:00:00,0,2859.31,0,364.14,13010.53,6841.36,7666.59,0,0,2376.93,15621.34,281.81,0,16981.59,1632.88,4756.87,82470.2,0,20812.02,0,0,101191.42,0,0,0,2615.11,2605.99,0,23359.73,30475.43,89.03,2750.01,20268.29,0,0,0,0
2009-03-12 20:00:00,0,2961.14,0,340.96,13058.98,6459.61,7474.33,0,0,2181.05,14420.45,258.56,0,16224.48,1500.43,4684.41,82482.26,0,20385.24,0,0,99176.82,0,0,0,2636.75,2605.14,0,23741.93,31801.51,88.47,2514.43,20773.31,0,0,0,0
2009-03-12 21:00:00,0,3026.24,0,326.17,12787.57,6022.79,7230.05,0,0,1990.58,13354.53,246.77,0,15451.24,1383.09,4596.91,81666.22,0,19846.59,0,0,96743.44,0,0,0,2632.23,2572.75,0,23867.12,32517.99,87.07,2324.9,20733.69,0,0,0,0
2009-03-12 22:00:00,0,2932.26,0,298.93,12025.2,5458.49,6898.22,0,0,1816.19,12236.19,226.44,0,14663.18,1287.51,4511.07,79341.54,0,18867.34,0,0,93725.92,0,0,0,2494.42,2479.09,0,22890.48,31736.57,86.25,2174.84,19979.38,0,0,0,0
2009-03-12 23:00:00,0,2832.02,0,270.17,11407.33,4932.49,6585.76,0,0,1662.26,11105.54,207.38,0,13914.01,1176.58,4406.06,76957.03,0,17953.65,0,0,90597.43,0,0,0,2407.48,2423.52,0,21903.52,30738.5,85.78,1990.57,19237.83,0,0,0,0
2009-03-13 00:00:00,0,2728.7,0,242.64,10931.66,4440.29,6398.5,0,0,1516.97,10081.16,185.35,0,13282.15,1076.13,4312.48,74468.98,0,17070.3,0,0,87570.5,0,0,0,2337.08,2401.45,0,20938.96,29733.21,85.6,1843.37,18479.55,0,0,0,0
2009-03-13 01:00:00,0,2620.31,0,218.37,10483.75,3938.42,6176.63,0,0,1371.69,9110.14,164.13,0,12798.88,982.06,4194.28,71994.66,0,16150.36,0,0,84983.27,0,0,0,2263.0,2368.53,0,20035.26,28728.38,84.36,1679.58,17785.17,0,0,0,0
2009-03-13 02:00:00,0,2575.59,0,196.93,10407.14,3601.42,6214.62,0,0,1253.03,8193.8,148.98,0,12811.83,919.75,4078.81,69958.52,0,15470.56,0,0,84065.57,0,0,0,2213.94,2385.84,0,19731.04,27894.3,83.53,1581.44,17257.39,0,0,0,0
2009-03-13 03:00:00,0,2630.21,0,194.18,10701.46,3624.43,6292.4,0,0,1241.05,8087.7,140.81,0,13023.27,939.46,4045.65,69492.71,0,15235.68,0,0,85015.42,0,0,0,2257.87,2469.21,0,20013.69,27773.77,83.61,1569.29,17267.57,0,0,0,0
2009-03-13 04:00:00,0,2718.13,0,202.79,11218.69,3798.79,6531.74,0,0,1297.18,8446.33,145.45,0,13347.32,981.45,4169.22,71015.56,0,15583.38,0,0,87373.21,0,0,0,2351.27,2560.71,0,20776.71,27978.84,85.27,1613.11,17668.06,0,0,0,0
2009-03-13 05:00:00,0,2805.9,0,212.34,11757.04,3974.1,6783.44,0,0,1355.32,8792.89,150.94,0,13688.84,1027.06,4312.6,72821.28,0,16182.96,0,0,89904.62,0,0,0,2462.84,2626.52,0,21618.56,28621.24,87.77,1666.34,18106.91,0,0,0,0
2009-03-13 06:00:00,0,2897.38,0,222.61,12201.55,4172.33,7013.6,0,0,1409.95,9183.76,156.09,0,14065.77,1069.39,4437.05,74575.26,0,16835.35,0,0,92647.93,0,0,0,2568.45,2671.09,0,22187.11,29432.54,90.12,1717.05,18532.43,0,0,0,0
2009-03-13 07:00:00,0,2988.25,0,233.02,12634.64,4413.97,7251.18,0,0,1501.66,9864.96,161.92,0,15606.56,1117.05,4565.59,76250.0,0,18886.01,0,0,97340.16,0,0,0,2683.13,2723.0,0,22807.97,30288.16,92.47,1779.52,19017.92,0,0,0,0
2009-03-13 08:00:00,0,3103.01,0,258.27,13564.31,4890.27,7487.62,0,0,1657.64,11105.78,172.94,0,15936.2,1212.44,4800.38,80557.21,0,19485.71,0,0,101735.75,0,0,0,2835.84,2801.21,0,24447.39,31251.01,94.87,1946.24,19841.69,0,0,0,0
2009-03-13 09:00:00,0,3143.18,0,278.02,13630.56,5265.0,7700.39,0,0,1791.03,12222.84,185.42,0,15756.92,1257.73,4940.41,82585.17,0,19777.08,0,0,100712.61,0,0,0,2906.56,2864.48,0,25693.6,32587.1,97.14,2125.88,20540.79,0,0,0,0
2009-03-13 10:00:00,0,3069.6,0,287.16,13578.23,5400.22,7844.49,0,0,1856.02,12894.23,189.45,0,15400.24,1257.41,4918.39,81990.87,0,19574.79,0,0,97243.83,0,0,0,2929.09,2937.86,0,25738.85,33132.03,96.24,2186.07,20801.8,0,0,0,0
2009-03-13 11:00:00,0,2986.99,0,292.37,13459.25,5487.51,7908.23,0,0,1918.86,13559.61,193.19,0,15152.48,1263.24,4805.94,80867.49,0,19346.09,0,0,94524.14,0,0,0,2925.93,2986.64,0,25549.37,33386.71,94.38,2289.24,20729.7,0,0,0,0
2009-03-13 12:00:00,0,2864.64,0,298.56,13333.84,5836.41,7879.29,0,0,2010.98,14318.52,201.85,0,14924.03,1315.86,4649.24,79777.52,0,19244.5,0,0,93030.6,0,0,0,2921.78,2975.81,0,25053.25,32964.82,91.12,2400.84,20412.02,0,0,0,0
2009-03-13 13:00:00,0,2739.59,0,313.47,13183.42,6187.63,7778.65,0,0,2110.63,14978.16,216.22,0,14731.1,1366.09,4487.88,78777.11,0,19215.71,0,0,91612.83,0,0,0,2900.18,2942.72,0,24639.96,32345.97,88.21,2500.59,20119.27,0,0,0,0
2009-03-13 14:00:00,0,2604.06,0,328.14,13090.7,6451.72,7716.91,0,0,2165.69,15451.46,237.64,0,14655.27,1401.88,4329.5,77676.33,0,19174.11,0,0,89563.7,0,0,0,2882.5,2921.28,0,24331.25,31600.44,85.82,2625.32,19859.43,0,0,0,0
2009-03-13 15:00:00,0,2474.11,0,343.98,13046.88,6710.83,7733.95,0,0,2254.05,15882.7,247.45,0,14678.54,1409.23,4249.2,76663.5,0,19041.96,0,0,88622.83,0,0,0,2877.79,2905.5,0,24021.09,31025.96,83.86,2713.65,19620.89,0,0,0,0
2009-03-13 16:00:00,0,2398.94,0,354.95,13065.9,6901.32,7782.54,0,0,2306.55,16150.25,262.15,0,14662.58,1425.44,4207.07,75747.44,0,19048.76,0,0,88140.53,0,0,0,2883.55,2896.09,0,23809.49,30681.3,82.81,2721.87,19400.64,0,0,0,0
2009-03-13 17:00:00,0,2401.7,0,354.98,13096.89,6893.35,7836.45,0,0,2313.28,16136.48,264.61,0,14763.59,1451.88,4169.31,75117.0,0,19187.77,0,0,88303.5,0,0,0,2896.19,2888.6,0,23885.14,30076.03,81.56,2706.8,19324.94,0,0,0,0
2009-03-13 18:00:00,0,2438.42,0,340.17,13157.13,6639.76,7911.76,0,0,2287.86,15612.66,254.88,0,15694.44,1474.29,4211.34,74700.99,0,19886.9,0,0,90184.52,0,0,0,2926.5,2906.83,0,23762.04,29717.01,80.68,2674.11,19390.99,0,0,0,0
2009-03-13 19:00:00,0,2290.09,0,329.61,12113.79,6340.55,7315.96,0,0,2259.85,15362.55,247.54,0,16001.95,1478.31,4110.5,73243.0,0,19286.45,0,0,91734.62,0,0,0,2725.71,2914.9,0,22727.79,27881.55,70.5,2589.3,17344.76,0,0,0,0
2009-03-13 20:00:00,0,2380.05,0,301.95,12243.37,6025.53,7130.93,0,0,2079.99,13999.66,231.08,0,15317.61,1381.89,4053.08,73653.4,0,18813.26,0,0,89978.42,0,0,0,2725.61,2901.66,0,23526.96,28646.56,70.63,2372.74,17752.18,0,0,0,0
2009-03-13 21:00:00,0,2507.91,0,288.92,12061.56,5677.99,6956.34,0,0,1906.84,12896.78,219.48,0,14601.29,1299.09,3975.07,73814.74,0,18429.63,0,0,87973.04,0,0,0,2746.8,2834.92,0,23789.57,28711.09,69.85,2192.53,17836.55,0,0,0,0
2009-03-13 22:00:00,0,2533.69,0,267.96,11487.23,5152.53,6771.11,0,0,1738.84,11855.88,205.37,0,13833.2,1215.54,3897.38,72303.05,0,17668.73,0,0,85641.01,0,0,0,2680.12,2738.82,0,23002.99,28349.66,69.08,2055.32,17111.95,0,0,0,0
2009-03-13 23:00:00,0,2458.96,0,251.23,10907.61,4669.6,6545.56,0,0,1584.78,10878.54,186.87,0,13049.16,1136.56,3801.1,70190.89,0,16851.22,0,0,82731.91,0,0,0,2561.62,2642.08,0,22217.26,27759.99,67.98,1913.81,16330.94,0,0,0,0
2009-03-14 00:00:00,0,2367.72,0,232.92,10423.07,4222.09,6309.5,0,0,1453.99,9968.96,168.15,0,12276.4,1063.52,3684.7,67934.83,0,16097.83,0,0,80138.76,0,0,0,2461.08,2540.88,0,21362.98,26894.17,66.69,1784.66,15548.04,0,0,0,0
2009-03-14 01:00:00,0,2283.83,0,217.22,10063.41,3862.13,6108.58,0,0,1352.01,9125.04,149.46,0,11750.39,981.53,3594.67,65738.82,0,15179.38,0,0,77934.79,0,0,0,2375.1,2451.76,0,20543.11,26067.54,66.01,1651.24,14880.64,0,0,0,0
2009-03-14 02:00:00,0,2263.01,0,204.34,9896.19,3609.83,5963.75,0,0,1258.48,8413.45,138.46,0,11579.26,913.57,3524.02,64449.08,0,14463.24,0,0,76439.15,0,0,0,2318.64,2418.75,0,19999.37,25447.87,66.03,1533.93,14451.45,0,0,0,0
2009-03-14 03:00:00,0,2269.38,0,192.96,9848.43,3437.42,5897.26,0,0,1200.98,8021.63,132.76,0,11475.54,868.85,3492.96,63336.09,0,14169.21,0,0,75907.76,0,0,0,2307.18,2425.83,0,19557.89,25038.64,66.18,1467.04,14199.31,0,0,0,0
2009-03-14 04:00:00,0,2301.91,0,188.6,9825.19,3457.47,6026.29,0,0,1199.66,8012.79,131.61,0,11484.69,887.5,3515.04,62995.91,0,14116.09,0,0,76340.72,0,0,0,2354.88,2448.95,0,19471.16,24934.27,66.59,1448.95,14048.87,0,0,0,0
2009-03-14 05:00:00,0,2371.07,0,189.78,10114.56,3551.03,6214.7,0,0,1219.96,8160.62,135.6,0,11602.26,916.46,3577.26,63741.82,0,14250.9,0,0,77272.85,0,0,0,2402.38,2478.01,0,19730.15,25209.88,67.47,1477.37,14233.67,0,0,0,0
2009-03-14 06:00:00,0,2447.24,0,196.27,10446.02,3714.95,6458.57,0,0,1258.62,8481.64,141.84,0,11794.22,953.13,3660.34,64550.32,0,14615.33,0,0,78192.33,0,0,0,2461.6,2512.85,0,20025.25,25599.36,68.69,1525.14,14500.97,0,0,0,0
2009-03-14 07:00:00,0,2523.25,0,205.63,10840.73,3971.09,6718.56,0,0,1328.89,9080.05,150.11,0,12228.54,994.53,3738.12,65477.37,0,15333.65,0,0,79991.53,0,0,0,2549.01,2566.94,0,20398.14,26003.01,69.94,1582.37,14846.1,0,0,0,0
2009-03-14 08:00:00,0,2621.77,0,222.92,11220.14,4309.42,6946.98,0,0,1459.63,10084.69,159.8,0,12446.94,1063.67,3808.5,67317.7,0,15803.46,0,0,80374.44,0,0,0,2597.58,2635.73,0,21378.61,26408.1,71.37,1725.02,15438.89,0,0,0,0
2009-03-14 09:00:00,0,2637.49,0,236.14,11485.19,4746.46,7152.32,0,0,1637.96,11838.44,167.5,0,12500.94,1123.57,3851.73,68903.71,0,15968.51,0,0,80784.41,0,0,0,2628.82,2699.04,0,22282.49,27026.17,71.99,1895.57,16068.46,0,0,0,0
2009-03-14 10:00:00,0,2540.36,0,244.16,11530.63,5042.98,7257.49,0,0,1724.9,12905.41,168.74,0,12370.94,1163.47,3840.92,68945.42,0,15929.27,0,0,80591.73,0,0,0,2624.2,2725.6,0,22704.09,27357.44,71.64,2014.77,16305.66,0,0,0,0
2009-03-14 11:00:00,0,2413.28,0,252.18,11469.73,5310.76,7271.83,0,0,1819.97,13859.69,174.71,0,12252.51,1249.38,3768.93,68356.23,0,15768.0,0,0,79298.18,0,0,0,2611.74,2715.43,0,22742.16,27113.53,70.17,2156.98,16402.09,0,0,0,0
2009-03-14 12:00:00,0,2293.24,0,270.65,11401.68,5656.17,7192.92,0,0,1933.99,14799.31,185.82,0,12164.43,1318.05,3709.32,68138.02,0,15732.29,0,0,78389.59,0,0,0,2586.24,2664.17,0,22681.4,26716.43,68.47,2279.3,16460.44,0,0,0,0
2009-03-14 13:00:00,0,2218.15,0,288.06,11308.03,5917.37,7116.57,0,0,2023.57,15456.82,199.83,0,12110.58,1338.26,3666.81,67742.31,0,15674.38,0,0,77613.65,0,0,0,2580.38,2628.0,0,22606.08,26349.92,67.24,2378.87,16299.18,0,0,0,0
2009-03-14 14:00:00,0,2159.04,0,297.16,11220.04,6233.81,7030.64,0,0,2126.54,15981.89,215.5,0,12040.25,1355.03,3619.19,67313.27,0,15538.03,0,0,77272.07,0,0,0,2590.12,2617.04,0,22695.15,25925.02,65.98,2504.79,16185.81,0,0,0,0
2009-03-14 15:00:00,0,2159.89,0,295.54,11211.2,6506.55,6929.51,0,0,2201.97,16332.14,225.11,0,12038.26,1393.84,3578.02,67006.04,0,15559.31,0,0,77605.28,0,0,0,2581.17,2590.9,0,22367.88,25664.18,65.12,2599.34,16050.12,0,0,0,0
2009-03-14 16:00:00,0,2140.23,0,295.26,11239.76,6659.14,6863.73,0,0,2232.42,16366.87,230.67,0,12160.21,1381.82,3585.35,66649.18,0,15836.06,0,0,77685.14,0,0,0,2573.17,2572.62,0,22166.01,25612.54,64.46,2633.65,15998.71,0,0,0,0
2009-03-14 17:00:00,0,2124.32,0,290.27,11307.05,6581.43,6850.6,0,0,2219.62,16091.5,230.04,0,12433.75,1406.38,3601.11,66572.0,0,16239.81,0,0,78089.41,0,0,0,2578.13,2575.13,0,22000.66,25654.51,64.0,2600.35,16002.92,0,0,0,0
2009-03-14 18:00:00,0,2112.01,0,281.41,11402.05,6345.85,6915.95,0,0,2136.82,15502.77,222.46,0,13439.83,1380.38,3611.5,65837.98,0,16964.42,0,0,79530.31,0,0,0,2590.73,2590.59,0,21721.13,25538.97,63.74,2513.16,16018.3,0,0,0,0
2009-03-14 19:00:00,0,1996.72,0,309.28,11760.36,6500.79,7138.73,0,0,2313.8,15790.32,245.86,0,15033.75,1522.05,3774.78,69751.73,0,18511.63,0,0,85989.01,0,0,0,2618.29,2769.27,0,22278.67,25818.07,66.35,2651.31,16208.57,0,0,0,0
2009-03-14 20:00:00,0,2080.16,0,295.44,11840.32,6046.22,6895.0,0,0,2087.64,14401.22,227.5,0,14421.9,1429.25,3669.24,70127.09,0,18152.19,0,0,84157.6,0,0,0,2602.11,2742.76,0,22800.21,26831.94,65.26,2408.97,16459.89,0,0,0,0
2009-03-14 21:00:00,0,2158.37,0,283.61,11618.97,5696.68,6651.62,0,0,1919.33,13302.01,216.74,0,13781.1,1343.43,3563.46,70198.29,0,17733.88,0,0,82351.47,0,0,0,2599.13,2657.89,0,22719.79,26952.45,64.06,2237.5,16527.07,0,0,0,0
2009-03-14 22:00:00,0,2178.98,0,261.1,10975.19,5170.81,6381.51,0,0,1766.06,12194.0,202.31,0,13080.19,1243.0,3451.89,68727.48,0,16947.52,0,0,79900.95,0,0,0,2516.17,2536.0,0,21809.51,26826.86,62.52,2085.69,15747.97,0,0,0,0
2009-03-14 23:00:00,0,2085.32,0,241.63,10388.95,4710.23,6104.57,0,0,1618.97,11142.05,184.32,0,12312.16,1162.87,3324.64,66522.19,0,16146.06,0,0,77264.9,0,0,0,2401.62,2426.77,0,20882.7,26136.39,60.71,1922.23,14900.92,0,0,0,0
2009-03-15 00:00:00,0,1998.42,0,226.35,9928.53,4261.96,5844.5,0,0,1479.64,10220.58,170.83,0,11562.16,1086.71,3192.28,64389.42,0,15338.08,0,0,74849.33,0,0,0,2319.19,2324.26,0,19983.39,25326.19,58.83,1779.67,14140.99,0,0,0,0
2009-03-15 01:00:00,0,1917.04,0,208.76,9539.44,3891.43,5623.97,0,0,1357.67,9358.15,155.77,0,11164.19,1003.79,3097.93,62363.47,0,14645.8,0,0,72807.05,0,0,0,2240.52,2252.84,0,19297.73,24514.11,57.76,1669.91,13570.71,0,0,0,0
2009-03-15 02:00:00,0,1878.65,0,194.98,9439.41,3616.18,5465.19,0,0,1260.85,8613.27,146.1,0,11121.57,946.58,3009.22,61188.89,0,14155.21,0,0,71322.73,0,0,0,2172.3,2207.81,0,18898.2,23796.85,56.9,1546.48,13352.26,0,0,0,0
2009-03-15 03:00:00,0,1874.49,0,189.96,9424.14,3460.71,5454.58,0,0,1203.02,8229.7,137.92,0,11044.53,928.42,2978.98,60170.49,0,13904.77,0,0,70485.35,0,0,0,2158.54,2216.31,0,18528.54,23347.78,56.1,1482.15,13172.29,0,0,0,0
2009-03-15 04:00:00,0,1897.71,0,187.12,9403.5,3470.69,5600.29,0,0,1198.19,8183.58,134.47,0,11052.57,945.16,2993.51,59992.02,0,13885.93,0,0,70775.89,0,0,0,2188.88,2233.82,0,18531.33,23144.52,56.0,1467.26,13130.22,0,0,0,0
2009-03-15 05:00:00,0,1960.22,0,189.42,9694.6,3538.5,5772.94,0,0,1217.29,8271.73,135.46,0,11085.04,962.71,3035.75,60683.83,0,13933.41,0,0,71541.96,0,0,0,2242.58,2257.55,0,18838.22,23412.72,56.72,1500.8,13391.14,0,0,0,0
2009-03-15 06:00:00,0,2021.55,0,196.47,10008.15,3691.73,6013.9,0,0,1256.29,8523.05,139.11,0,11241.3,996.16,3126.83,61664.23,0,13949.78,0,0,72465.38,0,0,0,2302.29,2289.19,0,19087.54,23797.76,57.71,1546.82,13718.17,0,0,0,0
2009-03-15 07:00:00,0,2085.5,0,205.53,10361.52,3905.56,6277.4,0,0,1334.76,9121.81,147.08,0,11622.76,1043.24,3230.66,62691.94,0,14855.29,0,0,74278.03,0,0,0,2356.95,2343.9,0,19385.0,24231.3,59.06,1606.06,14088.16,0,0,0,0
2009-03-15 08:00:00,0,2184.29,0,224.12,10722.58,4333.78,6485.56,0,0,1491.21,10310.0,159.85,0,11863.07,1111.71,3324.66,64871.34,0,15176.62,0,0,75665.48,0,0,0,2403.73,2412.96,0,20212.35,24717.79,60.47,1745.19,14580.36,0,0,0,0
2009-03-15 09:00:00,0,2195.46,0,239.64,10838.69,4813.67,6656.61,0,0,1677.73,12180.34,167.4,0,11897.56,1124.48,3397.87,66111.82,0,15102.0,0,0,76677.37,0,0,0,2449.31,2468.04,0,20853.02,25189.64,61.65,1939.8,14864.35,0,0,0,0
2009-03-15 10:00:00,0,2131.0,0,263.02,10855.16,5155.21,6760.16,0,0,1770.25,13375.02,172.35,0,11645.8,1168.25,3447.82,65948.7,0,15004.54,0,0,76980.47,0,0,0,2449.78,2440.46,0,21428.34,25391.22,62.16,2105.22,15108.7,0,0,0,0
2009-03-15 11:00:00,0,2057.47,0,281.27,10749.25,5641.77,6625.7,0,0,1894.71,14553.66,182.74,0,11492.43,1289.32,3486.89,65882.71,0,15115.81,0,0,76606.32,0,0,0,2429.65,2399.08,0,21686.91,25307.61,62.83,2287.57,15167.44,0,0,0,0
2009-03-15 12:00:00,0,1995.93,0,293.28,10659.33,6019.39,6490.22,0,0,2015.86,15570.97,199.57,0,11450.35,1385.23,3493.97,65710.76,0,15164.0,0,0,76427.92,0,0,0,2418.69,2348.59,0,21802.68,24945.81,63.24,2403.99,15167.87,0,0,0,0
2009-03-15 13:00:00,0,1957.9,0,303.7,10546.44,6267.6,6378.09,0,0,2117.16,16203.99,210.88,0,11406.09,1448.54,3486.08,65852.46,0,15430.75,0,0,76250.5,0,0,0,2372.94,2298.27,0,21829.75,24889.38,63.2,2487.89,14957.13,0,0,0,0
2009-03-15 14:00:00,0,1932.65,0,307.98,10439.39,6509.03,6312.75,0,0,2212.51,16660.72,220.56,0,11398.06,1510.89,3467.02,65745.64,0,15535.3,0,0,75910.34,0,0,0,2344.26,2283.34,0,21918.09,24814.45,61.4,2580.6,14819.61,0,0,0,0
2009-03-15 15:00:00,0,1918.35,0,312.25,10413.23,6752.16,6256.9,0,0,2297.95,17049.36,223.87,0,11438.93,1573.36,3454.81,65758.78,0,15597.05,0,0,75683.44,0,0,0,2352.2,2297.48,0,21953.19,24634.36,61.87,2655.87,14783.47,0,0,0,0
2009-03-15 16:00:00,0,1902.62,0,313.9,10399.04,6967.06,6252.74,0,0,2335.08,17188.9,225.33,0,11561.74,1587.3,3445.16,65674.07,0,15751.83,0,0,75673.61,0,0,0,2327.71,2311.31,0,21723.81,24557.75,61.05,2699.77,14849.41,0,0,0,0
2009-03-15 17:00:00,0,1909.13,0,310.41,10407.31,6889.65,6275.75,0,0,2309.62,16792.16,226.2,0,11811.9,1572.54,3438.54,65294.44,0,15758.74,0,0,75702.28,0,0,0,2315.18,2328.62,0,21445.88,24601.18,60.42,2653.67,14692.15,0,0,0,0
2009-03-15 18:00:00,0,1918.26,0,298.07,10490.79,6570.58,6305.22,0,0,2203.03,16033.06,222.71,0,12892.52,1488.39,3460.7,65176.06,0,16493.95,0,0,76617.04,0,0,0,2326.82,2358.11,0,21355.72,24523.09,60.39,2579.29,14601.85,0,0,0,0
2009-03-15 19:00:00,0,2000.06,0,339.72,11674.29,7071.32,7025.26,0,0,2499.17,16720.48,265.78,0,15126.64,1714.33,3900.85,72680.37,0,19055.0,0,0,87663.32,0,0,0,2633.85,2495.49,0,22530.2,26111.81,69.48,2841.45,16308.64,0,0,0,0
2009-03-15 20:00:00,0,2032.24,0,327.58,11627.74,6582.32,6665.79,0,0,2259.97,15260.59,248.86,0,14341.93,1552.94,3756.27,72310.67,0,18418.85,0,0,84780.96,0,0,0,2648.54,2438.71,0,22843.16,27342.36,67.44,2592.8,16416.81,0,0,0,0
2009-03-15 21:00:00,0,2083.66,0,311.2,11446.68,6137.82,6294.89,0,0,2073.77,14071.77,236.21,0,13550.26,1415.97,3619.28,71933.38,0,17719.84,0,0,82023.74,0,0,0,2658.48,2345.91,0,22614.0,27971.87,65.95,2400.96,16536.66,0,0,0,0
2009-03-15 22:00:00,0,2056.51,0,287.27,10731.94,5582.73,5928.56,0,0,1901.53,12862.07,215.26,0,12776.85,1291.15,3498.31,70023.55,0,16852.5,0,0,79291.98,0,0,0,2521.45,2218.98,0,21363.81,27466.69,65.06,2249.86,15631.46,0,0,0,0
2009-03-15 23:00:00,0,1941.85,0,262.25,10102.62,5019.21,5581.77,0,0,1730.96,11755.93,197.72,0,12066.2,1191.84,3347.69,67416.04,0,15922.88,0,0,76550.0,0,0,0,2359.17,2099.43,0,20158.68,26261.69,63.82,2081.35,14841.98,0,0,0,0
2009-03-16 00:00:00,0,1828.83,0,239.29,9514.55,4489.78,5264.56,0,0,1562.49,10612.26,179.44,0,11365.41,1084.75,3223.34,64938.04,0,14946.99,0,0,74485.35,0,0,0,2210.68,1992.01,0,19011.43,25156.91,63.14,1897.29,14148.29,0,0,0,0
2009-03-16 01:00:00,0,1720.05,0,217.04,9006.31,3982.24,4998.35,0,0,1414.58,9529.64,160.71,0,11006.42,987.97,3112.67,62573.39,0,14262.1,0,0,72548.12,0,0,0,2091.7,1898.54,0,18073.55,24030.7,62.32,1724.98,13511.63,0,0,0,0
2009-03-16 02:00:00,0,1655.2,0,197.33,8785.46,3621.78,4891.24,0,0,1285.47,8570.38,145.9,0,11138.94,927.11,3040.09,60525.65,0,13839.18,0,0,71451.71,0,0,0,2034.5,1890.12,0,17628.35,22915.53,61.05,1603.46,13113.6,0,0,0,0
2009-03-16 03:00:00,0,1684.09,0,193.93,8968.48,3609.34,5023.58,0,0,1245.74,8352.64,138.42,0,11523.27,939.24,3028.01,60003.11,0,13805.85,0,0,72020.68,0,0,0,2039.09,1932.71,0,17798.34,22658.59,60.13,1598.58,13178.88,0,0,0,0
2009-03-16 04:00:00,0,1775.8,0,202.74,9303.69,3799.43,5290.83,0,0,1300.22,8694.74,143.3,0,12091.64,985.38,3132.76,60983.33,0,14222.35,0,0,74332.81,0,0,0,2095.32,1991.53,0,18348.86,22888.58,61.36,1647.3,13614.5,0,0,0,0
2009-03-16 05:00:00,0,1875.62,0,212.25,9804.22,3997.36,5572.08,0,0,1357.86,9019.08,149.38,0,12607.3,1035.26,3269.93,62638.84,0,14860.76,0,0,76763.37,0,0,0,2176.58,2049.54,0,18916.41,23720.22,63.23,1695.21,14123.31,0,0,0,0
2009-03-16 06:00:00,0,1981.62,0,221.61,10295.98,4188.61,5849.4,0,0,1410.59,9378.66,155.4,0,13105.88,1086.92,3404.06,64431.25,0,15545.81,0,0,79074.62,0,0,0,2257.55,2104.47,0,19423.46,24677.44,65.48,1743.83,14639.91,0,0,0,0
2009-03-16 07:00:00,0,2087.02,0,236.19,11062.96,4502.31,6156.08,0,0,1544.57,10250.77,164.7,0,14508.57,1171.42,3543.15,66272.84,0,17837.87,0,0,84344.41,0,0,0,2358.47,2166.23,0,19997.99,25675.68,67.9,1828.6,15176.46,0,0,0,0
2009-03-16 08:00:00,0,2214.01,0,271.98,11562.57,4949.61,6465.76,0,0,1680.35,11536.36,179.24,0,15394.62,1228.1,3727.94,70660.87,0,18674.77,0,0,86930.29,0,0,0,2435.2,2238.91,0,21061.98,27261.01,69.88,2003.31,15804.92,0,0,0,0
2009-03-16 09:00:00,0,2169.44,0,296.89,11675.95,5299.89,6683.42,0,0,1835.33,12952.51,190.23,0,15649.67,1240.58,3742.04,72555.13,0,19119.59,0,0,87548.25,0,0,0,2491.76,2301.27,0,21415.54,28026.94,70.17,2187.02,16106.21,0,0,0,0
2009-03-16 10:00:00,0,2013.14,0,319.73,11539.94,5597.88,6735.67,0,0,1932.67,13769.55,192.44,0,15371.58,1250.7,3749.53,72727.3,0,19139.79,0,0,87076.22,0,0,0,2540.64,2351.18,0,21713.18,27622.71,67.8,2317.28,16143.25,0,0,0,0
2009-03-16 11:00:00,0,1873.19,0,337.46,11273.71,6053.14,6725.67,0,0,2035.34,14670.8,200.29,0,14824.98,1347.16,3750.44,72534.53,0,18500.89,0,0,85623.55,0,0,0,2572.99,2378.58,0,21812.58,27164.37,66.0,2494.88,16237.98,0,0,0,0
2009-03-16 12:00:00,0,1796.59,0,352.27,11133.64,6513.03,6575.05,0,0,2166.62,15650.5,212.5,0,14326.67,1459.74,3759.23,72345.63,0,18139.95,0,0,84244.37,0,0,0,2551.78,2358.29,0,21827.46,26834.57,65.55,2626.72,16291.61,0,0,0,0
2009-03-16 13:00:00,0,1766.63,0,358.76,11142.9,6803.5,6473.73,0,0,2245.04,16362.56,224.2,0,14111.62,1546.3,3760.64,71934.31,0,18100.25,0,0,83515.28,0,0,0,2537.57,2347.92,0,21885.67,26643.68,65.63,2737.4,16306.03,0,0,0,0
2009-03-16 14:00:00,0,1740.86,0,365.54,11187.77,7068.68,6406.03,0,0,2325.9,16864.17,235.69,0,14057.63,1613.06,3755.51,71380.26,0,17882.08,0,0,82705.45,0,0,0,2553.8,2343.85,0,21946.27,26571.22,65.22,2847.84,16393.76,0,0,0,0
2009-03-16 15:00:00,0,1720.78,0,358.35,11223.19,7319.41,6327.59,0,0,2416.41,17249.2,241.19,0,14078.47,1672.73,3763.92,70687.99,0,17927.96,0,0,82461.01,0,0,0,2548.67,2354.83,0,22043.59,26514.65,65.05,2948.97,16456.01,0,0,0,0
2009-03-16 16:00:00,0,1696.49,0,351.91,11219.71,7463.32,6313.63,0,0,2460.02,17481.26,245.29,0,14090.9,1709.46,3784.93,70321.07,0,18023.2,0,0,82424.0,0,0,0,2535.77,2360.35,0,22173.65,26502.07,65.32,2946.96,16392.35,0,0,0,0
2009-03-16 17:00:00,0,1688.56,0,350.87,11193.44,7391.96,6344.33,0,0,2441.23,17359.76,247.71,0,14270.76,1698.53,3784.54,69790.67,0,18236.25,0,0,82861.99,0,0,0,2527.47,2381.53,0,22397.13,26577.52,65.02,2915.59,16374.83,0,0,0,0
2009-03-16 18:00:00,0,1712.76,0,347.87,11206.75,7109.48,6390.31,0,0,2374.44,16601.2,245.82,0,15066.62,1629.38,3762.47,69739.21,0,18928.72,0,0,83788.05,0,0,0,2526.55,2408.89,0,22544.82,26436.67,64.74,2824.57,16331.28,0,0,0,0
2009-03-16 19:00:00,0,1865.16,0,361.38,11454.6,7178.5,6866.91,0,0,2488.07,16584.49,270.28,0,15898.83,1782.79,3944.46,71583.23,0,19456.74,0,0,88389.13,0,0,0,2652.48,2483.4,0,22603.75,26119.97,69.81,2918.39,16271.94,0,0,0,0
2009-03-16 20:00:00,0,1888.98,0,332.05,11355.9,6694.88,6538.96,0,0,2240.39,14998.06,252.58,0,15078.84,1640.59,3751.31,70532.91,0,18910.7,0,0,85284.28,0,0,0,2657.6,2428.65,0,22810.8,26792.44,66.66,2690.61,16397.53,0,0,0,0
2009-03-16 21:00:00,0,1931.62,0,311.8,11118.96,6240.15,6181.35,0,0,2043.36,13842.44,242.03,0,14228.52,1500.37,3599.13,69976.43,0,18272.99,0,0,82225.7,0,0,0,2656.68,2341.42,0,22588.75,27216.58,64.92,2488.48,16448.32,0,0,0,0
2009-03-16 22:00:00,0,1900.18,0,280.98,10416.36,5636.35,5831.57,0,0,1886.11,12664.44,218.82,0,13370.66,1354.12,3471.36,68188.15,0,17295.93,0,0,79288.33,0,0,0,2510.47,2217.94,0,21391.42,26855.97,63.72,2315.22,15575.86,0,0,0,0
2009-03-16 23:00:00,0,1781.32,0,256.52,9758.09,5079.58,5517.43,0,0,1725.36,11557.52,198.07,0,12582.67,1225.37,3344.47,65789.26,0,16231.53,0,0,76311.5,0,0,0,2363.31,2106.23,0,20254.6,25667.75,62.56,2151.79,14726.83,0,0,0,0
2009-03-17 00:00:00,0,1668.3,0,233.56,9151.53,4564.8,5213.39,0,0,1575.55,10476.83,178.74,0,11843.88,1100.92,3238.27,63344.26,0,15326.11,0,0,73817.79,0,0,0,2223.82,2003.31,0,19174.56,24485.8,61.5,1974.84,14009.95,0,0,0,0
2009-03-17 01:00:00,0,1559.56,0,213.46,8639.89,4079.58,4955.75,0,0,1433.18,9468.08,159.53,0,11468.01,1000.49,3147.57,61112.13,0,14498.96,0,0,71537.41,0,0,0,2092.03,1906.87,0,18290.13,23357.61,60.38,1800.96,13426.6,0,0,0,0
2009-03-17 02:00:00,0,1505.72,0,200.27,8472.8,3684.5,4848.79,0,0,1306.26,8539.26,144.3,0,11429.62,929.95,3069.85,59065.66,0,14047.43,0,0,69997.32,0,0,0,2049.73,1904.8,0,17901.83,22349.04,59.3,1659.91,13086.86,0,0,0,0
2009-03-17 03:00:00,0,1536.17,0,193.88,8666.88,3656.8,4976.2,0,0,1251.78,8325.32,138.04,0,11582.47,936.75,3050.29,58371.9,0,13974.51,0,0,70205.57,0,0,0,2049.57,1949.69,0,18116.29,22001.82,59.0,1636.47,13240.14,0,0,0,0
2009-03-17 04:00:00,0,1617.09,0,205.19,9045.81,3839.04,5241.37,0,0,1296.27,8620.87,142.48,0,11917.9,978.58,3193.07,59482.17,0,14483.81,0,0,72555.09,0,0,0,2088.71,1991.52,0,18639.13,22106.8,60.39,1678.68,13743.32,0,0,0,0
2009-03-17 05:00:00,0,1714.06,0,212.85,9582.35,4021.06,5489.67,0,0,1351.03,8948.28,147.88,0,12248.46,1023.21,3369.35,61288.2,0,15096.19,0,0,74986.03,0,0,0,2172.13,2038.91,0,19147.44,22853.11,62.14,1711.5,14497.93,0,0,0,0
2009-03-17 06:00:00,0,1806.43,0,223.23,10073.84,4196.7,5763.0,0,0,1409.16,9311.04,154.62,0,12511.44,1065.8,3554.0,63078.12,0,15688.9,0,0,77516.09,0,0,0,2255.5,2092.4,0,19703.9,23669.68,64.14,1743.54,15313.35,0,0,0,0
2009-03-17 07:00:00,0,1889.99,0,239.8,10969.48,4483.87,6162.06,0,0,1541.01,10187.27,163.07,0,14020.1,1118.04,3746.05,64929.51,0,17829.88,0,0,83112.22,0,0,0,2361.66,2160.85,0,20558.89,24520.03,66.3,1806.44,16110.62,0,0,0,0
2009-03-17 08:00:00,0,2039.84,0,271.5,11319.31,4947.98,6582.94,0,0,1678.99,11406.55,171.95,0,14331.97,1191.11,3933.58,69938.43,0,18222.65,0,0,86687.63,0,0,0,2459.16,2273.12,0,22219.02,26207.71,68.09,1997.89,17174.04,0,0,0,0
2009-03-17 09:00:00,0,1988.99,0,283.59,11263.5,5319.33,6690.85,0,0,1818.77,12604.39,181.33,0,14165.18,1246.15,3869.29,70844.85,0,18237.29,0,0,86433.33,0,0,0,2527.2,2371.66,0,22674.33,26994.27,66.63,2195.87,16796.3,0,0,0,0
2009-03-17 10:00:00,0,1875.1,0,293.96,10921.72,5490.84,6499.13,0,0,1900.8,13282.06,190.73,0,13870.96,1297.27,3809.88,70740.96,0,17983.68,0,0,84441.35,0,0,0,2576.66,2421.33,0,22395.49,27073.71,65.05,2296.87,16602.3,0,0,0,0
2009-03-17 11:00:00,0,1795.92,0,299.22,10750.76,5627.33,6241.71,0,0,1987.87,13927.72,198.0,0,13651.7,1306.96,3798.99,70777.68,0,17759.42,0,0,81810.2,0,0,0,2584.35,2436.67,0,22354.95,26995.37,64.38,2409.23,16067.26,0,0,0,0
2009-03-17 12:00:00,0,1750.53,0,301.18,10579.45,5832.5,6011.35,0,0,2077.18,14692.66,198.59,0,13484.87,1310.76,3772.58,70781.51,0,17590.15,0,0,79312.38,0,0,0,2500.39,2433.39,0,22537.88,27132.48,64.39,2528.4,15645.95,0,0,0,0
2009-03-17 13:00:00,0,1749.7,0,305.83,10391.0,6025.0,5865.99,0,0,2139.8,15372.29,197.81,0,13402.06,1325.97,3742.54,70463.86,0,17484.33,0,0,77864.02,0,0,0,2436.87,2376.02,0,22393.84,27206.35,64.84,2613.56,15398.2,0,0,0,0
2009-03-17 14:00:00,0,1751.61,0,314.99,10318.24,6223.07,5834.1,0,0,2186.14,15855.03,202.36,0,13385.63,1345.19,3720.27,70041.57,0,17484.81,0,0,76839.14,0,0,0,2403.29,2345.33,0,22345.17,27259.42,65.22,2716.85,15278.9,0,0,0,0
2009-03-17 15:00:00,0,1752.12,0,328.75,10341.02,6347.58,5799.62,0,0,2220.08,16091.87,211.61,0,13433.16,1375.79,3713.96,69586.46,0,17502.52,0,0,76496.38,0,0,0,2404.62,2323.5,0,22146.91,27200.76,65.17,2796.31,15493.95,0,0,0,0
2009-03-17 16:00:00,0,1744.36,0,337.78,10496.39,6353.13,5799.48,0,0,2224.66,16136.08,226.99,0,13363.28,1387.66,3728.09,69389.74,0,17508.73,0,0,77189.51,0,0,0,2397.61,2288.66,0,21813.69,27219.85,65.38,2798.18,15786.04,0,0,0,0
2009-03-17 17:00:00,0,1758.07,0,339.38,10525.27,6482.37,5869.91,0,0,2204.43,15902.04,232.32,0,13628.04,1419.22,3774.46,69138.7,0,17744.17,0,0,78643.23,0,0,0,2431.99,2271.37,0,22025.04,27240.67,65.83,2768.29,15914.57,0,0,0,0
2009-03-17 18:00:00,0,1754.86,0,332.44,10625.42,6401.28,5917.11,0,0,2195.45,15545.88,227.95,0,14501.93,1438.32,3748.72,68692.47,0,18407.58,0,0,79738.27,0,0,0,2460.87,2284.06,0,22313.82,26923.18,65.76,2717.06,15954.99,0,0,0,0
2009-03-17 19:00:00,0,1937.16,0,358.39,11256.69,6607.52,6573.09,0,0,2310.65,15560.58,243.53,0,15344.19,1544.56,3939.78,70898.15,0,18900.99,0,0,87044.57,0,0,0,2587.67,2521.96,0,23150.69,26729.44,70.51,2793.47,16548.68,0,0,0,0
2009-03-17 20:00:00,0,1908.9,0,333.71,11170.81,6331.13,6293.01,0,0,2141.88,14443.36,230.86,0,14507.79,1453.48,3742.79,70310.04,0,18268.42,0,0,83137.77,0,0,0,2566.86,2464.09,0,23049.04,27340.2,67.84,2604.01,16472.81,0,0,0,0
2009-03-17 21:00:00,0,1936.98,0,314.08,10946.32,5954.76,6005.11,0,0,1993.05,13575.57,223.47,0,13675.61,1371.3,3609.53,69743.12,0,17666.65,0,0,79663.23,0,0,0,2505.63,2404.16,0,22860.31,27431.1,65.87,2418.96,16431.92,0,0,0,0
2009-03-17 22:00:00,0,1913.52,0,287.41,10241.65,5415.52,5755.12,0,0,1841.9,12618.77,205.58,0,12864.48,1286.66,3492.9,67816.22,0,16756.06,0,0,76401.73,0,0,0,2373.25,2304.26,0,21563.3,27061.02,64.28,2211.9,15740.36,0,0,0,0
2009-03-17 23:00:00,0,1778.17,0,263.05,9662.36,4898.59,5521.15,0,0,1694.93,11602.13,187.05,0,12123.42,1194.47,3361.74,65347.49,0,15831.06,0,0,73831.21,0,0,0,2246.62,2202.94,0,20416.02,25776.42,62.79,2036.51,14945.19,0,0,0,0
2009-03-18 00:00:00,0,1642.14,0,236.83,9144.33,4375.47,5313.93,0,0,1546.93,10599.72,169.48,0,11408.84,1100.55,3257.35,62999.15,0,14918.84,0,0,71413.04,0,0,0,2139.53,2100.8,0,19365.42,24529.99,61.51,1869.11,14110.67,0,0,0,0
2009-03-18 01:00:00,0,1510.4,0,213.11,8773.9,3868.22,5150.11,0,0,1405.29,9621.85,152.1,0,11077.18,1016.39,3167.96,60816.14,0,14232.9,0,0,69294.45,0,0,0,2051.47,2019.93,0,18345.08,23369.42,60.15,1706.84,13368.98,0,0,0,0
2009-03-18 02:00:00,0,1426.49,0,194.51,8563.22,3508.76,5149.66,0,0,1289.07,8706.93,138.26,0,11009.81,953.66,3087.42,58708.95,0,13778.31,0,0,67847.95,0,0,0,2011.96,1999.03,0,17848.98,22312.03,58.93,1569.95,12857.57,0,0,0,0
2009-03-18 03:00:00,0,1430.45,0,190.97,8727.46,3499.03,5420.03,0,0,1257.78,8627.5,134.58,0,11143.97,971.96,3034.51,57954.8,0,13718.54,0,0,67828.55,0,0,0,2027.87,2093.49,0,17916.01,21987.86,57.94,1554.24,12811.56,0,0,0,0
2009-03-18 04:00:00,0,1494.83,0,203.48,9345.35,3706.0,5866.54,0,0,1309.45,9018.47,141.36,0,11436.93,1026.22,3140.62,59194.44,0,14190.31,0,0,69869.25,0,0,0,2138.91,2189.32,0,18505.25,22090.4,58.54,1610.22,13126.34,0,0,0,0
2009-03-18 05:00:00,0,1585.81,0,215.18,9993.21,3917.1,6320.19,0,0,1362.48,9443.81,148.17,0,11775.67,1073.76,3299.71,61105.16,0,14805.54,0,0,72394.64,0,0,0,2252.35,2281.78,0,19132.49,22836.57,60.09,1671.93,13636.53,0,0,0,0
2009-03-18 06:00:00,0,1684.25,0,224.28,10594.0,4133.57,6747.17,0,0,1415.92,9847.21,154.77,0,12127.12,1109.96,3457.77,63038.05,0,15383.85,0,0,75235.42,0,0,0,2366.62,2381.54,0,19861.92,23686.14,62.32,1731.02,14276.9,0,0,0,0
2009-03-18 07:00:00,0,1773.17,0,241.62,11496.03,4454.89,7250.39,0,0,1522.82,10412.44,163.75,0,13639.05,1176.32,3634.81,64912.31,0,17359.58,0,0,81706.78,0,0,0,2555.34,2518.34,0,20745.65,24576.44,64.58,1831.05,14902.73,0,0,0,0
2009-03-18 08:00:00,0,1909.32,0,273.76,11998.54,5010.57,7306.1,0,0,1682.72,11515.11,179.04,0,13908.39,1233.55,3882.51,69380.02,0,17746.69,0,0,83215.51,0,0,0,2639.13,2619.52,0,22426.44,25986.82,66.26,1969.62,16014.32,0,0,0,0
2009-03-18 09:00:00,0,1895.53,0,283.62,11824.77,5285.87,7050.72,0,0,1785.54,12332.86,185.7,0,13824.19,1260.6,3894.56,70867.79,0,18013.12,0,0,82293.25,0,0,0,2628.21,2654.18,0,22364.82,27101.92,65.73,2102.41,16009.65,0,0,0,0
2009-03-18 10:00:00,0,1839.43,0,292.35,11469.79,5327.34,6811.7,0,0,1867.24,13043.07,185.56,0,13596.13,1265.79,3852.92,71055.73,0,17927.65,0,0,80356.08,0,0,0,2594.07,2587.29,0,22185.64,27644.98,64.51,2194.99,15865.33,0,0,0,0
2009-03-18 11:00:00,0,1814.09,0,295.68,11057.78,5513.49,6534.24,0,0,1946.62,13635.26,184.02,0,13467.65,1262.39,3833.55,71196.44,0,17751.16,0,0,79102.94,0,0,0,2542.36,2492.88,0,22062.68,27804.11,64.36,2316.66,15598.09,0,0,0,0
2009-03-18 12:00:00,0,1815.53,0,295.25,10612.36,5732.55,6254.29,0,0,2019.87,14109.95,191.53,0,13343.04,1291.07,3868.94,71324.94,0,17592.52,0,0,78314.87,0,0,0,2483.87,2425.33,0,22413.26,27921.53,65.24,2463.01,15460.69,0,0,0,0
2009-03-18 13:00:00,0,1847.95,0,299.91,10363.96,6021.13,6120.89,0,0,2071.84,14489.45,192.93,0,13274.99,1320.25,3872.72,71223.11,0,17588.16,0,0,77917.86,0,0,0,2436.92,2395.39,0,22382.89,27993.53,65.33,2606.38,15533.12,0,0,0,0
2009-03-18 14:00:00,0,1843.75,0,307.81,10241.45,6225.38,6043.73,0,0,2109.19,14838.12,200.41,0,13415.71,1343.71,3860.49,70980.51,0,17716.62,0,0,78047.37,0,0,0,2424.61,2379.32,0,22277.9,27896.16,65.53,2698.51,15560.71,0,0,0,0
2009-03-18 15:00:00,0,1828.03,0,318.6,10260.28,6341.96,5996.73,0,0,2134.18,15151.4,209.04,0,13632.47,1369.89,3828.32,70641.79,0,17870.52,0,0,78867.16,0,0,0,2398.86,2343.48,0,22165.04,27704.39,65.68,2732.26,15681.95,0,0,0,0
2009-03-18 16:00:00,0,1814.43,0,330.71,10516.37,6443.68,5930.63,0,0,2157.57,15291.38,218.31,0,14074.07,1397.23,3782.72,70226.39,0,17932.67,0,0,79701.31,0,0,0,2392.06,2278.23,0,22097.15,27513.87,66.46,2707.11,15700.16,0,0,0,0
2009-03-18 17:00:00,0,1814.19,0,336.88,10507.93,6524.86,5882.73,0,0,2169.77,15320.73,225.36,0,14455.04,1413.84,3762.02,70004.39,0,17901.78,0,0,79934.54,0,0,0,2415.94,2257.67,0,22102.86,27164.19,67.07,2703.55,15938.57,0,0,0,0
2009-03-18 18:00:00,0,1814.52,0,326.91,10621.23,6447.99,5933.98,0,0,2186.47,15108.58,229.18,0,14827.08,1436.53,3758.15,69703.9,0,18054.53,0,0,80726.9,0,0,0,2446.37,2284.49,0,22314.65,26804.35,67.12,2683.62,16107.17,0,0,0,0
2009-03-18 19:00:00,0,1962.1,0,358.89,11220.86,6682.83,6548.61,0,0,2300.67,15090.48,247.45,0,15639.73,1530.9,3950.77,71428.18,0,18936.83,0,0,88455.81,0,0,0,2577.33,2517.39,0,23087.39,26757.51,71.68,2769.39,16909.67,0,0,0,0
2009-03-18 20:00:00,0,1992.72,0,334.63,11142.66,6327.6,6247.62,0,0,2126.32,14102.67,233.05,0,14815.1,1452.34,3759.56,70835.32,0,18267.93,0,0,84287.2,0,0,0,2572.32,2467.25,0,23042.65,27443.61,69.06,2572.9,16745.0,0,0,0,0
2009-03-18 21:00:00,0,2053.91,0,314.57,10899.8,5884.13,5951.29,0,0,1949.41,13222.02,225.08,0,13939.16,1372.36,3617.78,70576.23,0,17571.67,0,0,80517.57,0,0,0,2512.25,2414.76,0,22902.01,27877.32,66.96,2358.55,16657.06,0,0,0,0
2009-03-18 22:00:00,0,2054.8,0,285.75,10192.34,5322.43,5635.16,0,0,1783.77,12319.71,206.18,0,12985.27,1285.52,3493.25,68842.11,0,16607.45,0,0,77017.65,0,0,0,2378.57,2313.24,0,21638.21,27485.81,65.83,2190.1,15844.91,0,0,0,0
2009-03-18 23:00:00,0,1948.32,0,260.2,9554.2,4758.87,5300.68,0,0,1640.87,11357.4,188.24,0,12099.89,1199.56,3373.5,66761.13,0,15571.97,0,0,74252.97,0,0,0,2255.67,2208.53,0,20554.16,26300.09,65.17,2005.31,14924.82,0,0,0,0
2009-03-19 00:00:00,0,1832.39,0,235.23,8951.72,4226.48,4975.52,0,0,1503.05,10414.02,170.78,0,11266.81,1113.19,3277.04,64579.82,0,14686.87,0,0,71741.28,0,0,0,2137.81,2111.3,0,19418.5,25062.52,64.53,1829.0,14055.31,0,0,0,0
2009-03-19 01:00:00,0,1720.58,0,212.48,8474.56,3769.3,4694.12,0,0,1367.53,9447.49,154.17,0,10669.13,1027.17,3192.03,62518.42,0,13903.71,0,0,69223.48,0,0,0,2059.2,2043.65,0,18356.43,23917.3,64.43,1687.47,13283.85,0,0,0,0
2009-03-19 02:00:00,0,1660.62,0,194.79,8258.02,3435.14,4552.99,0,0,1256.99,8545.88,140.48,0,10631.19,959.6,3109.81,60567.03,0,13382.28,0,0,67146.25,0,0,0,2043.56,2030.74,0,17833.08,22820.53,64.57,1554.25,12662.77,0,0,0,0
2009-03-19 03:00:00,0,1693.83,0,191.26,8238.26,3490.91,4624.87,0,0,1249.78,8503.15,135.01,0,10799.68,954.26,3031.97,59702.48,0,13313.86,0,0,66750.47,0,0,0,2072.44,2105.19,0,17938.76,22629.94,65.4,1548.57,12464.11,0,0,0,0
2009-03-19 04:00:00,0,1785.84,0,201.52,8647.82,3707.08,4945.57,0,0,1306.19,8838.32,140.96,0,11195.41,1007.51,3118.84,61003.63,0,13948.82,0,0,68952.07,0,0,0,2171.24,2176.98,0,18607.48,22908.03,66.08,1598.59,12686.88,0,0,0,0
2009-03-19 05:00:00,0,1896.51,0,212.41,9222.58,3930.58,5253.05,0,0,1362.49,9198.12,147.2,0,11586.9,1058.42,3279.7,62828.7,0,14575.81,0,0,71258.87,0,0,0,2266.64,2242.09,0,19291.99,23818.8,67.5,1658.61,13187.02,0,0,0,0
2009-03-19 06:00:00,0,1997.21,0,224.71,9809.27,4157.48,5568.24,0,0,1417.61,9544.4,153.97,0,12021.69,1109.72,3444.43,64776.09,0,15189.93,0,0,73675.75,0,0,0,2362.0,2309.23,0,19971.77,24767.97,68.96,1719.87,13710.61,0,0,0,0
2009-03-19 07:00:00,0,2094.82,0,247.1,10833.81,4531.13,6114.59,0,0,1536.84,10168.9,164.53,0,13128.39,1206.22,3643.7,66875.32,0,17001.73,0,0,80247.94,0,0,0,2562.88,2446.0,0,20948.85,25739.77,70.65,1821.54,14363.81,0,0,0,0
2009-03-19 08:00:00,0,2255.44,0,275.66,10854.63,4970.89,6183.43,0,0,1675.22,11190.35,179.13,0,13752.13,1251.94,3903.0,72919.11,0,17847.22,0,0,83763.03,0,0,0,2603.0,2492.19,0,22446.36,27361.43,72.91,1956.88,15737.91,0,0,0,0
2009-03-19 09:00:00,0,2290.1,0,284.37,10849.82,5237.56,6025.5,0,0,1797.74,12170.62,185.97,0,14084.07,1258.65,4011.34,74118.88,0,18160.54,0,0,84560.74,0,0,0,2515.45,2413.41,0,22277.86,28351.71,74.37,2107.63,15981.28,0,0,0,0
2009-03-19 10:00:00,0,2245.17,0,295.79,10640.46,5327.51,5757.77,0,0,1867.87,12923.79,184.8,0,14335.66,1248.39,4096.67,73729.3,0,18689.37,0,0,84328.7,0,0,0,2435.51,2329.37,0,21998.49,28895.43,75.22,2165.33,16203.55,0,0,0,0
2009-03-19 11:00:00,0,2191.15,0,298.07,10560.93,5505.96,5595.62,0,0,1917.01,13431.49,185.18,0,14492.28,1255.2,4085.84,72879.58,0,18649.46,0,0,83378.43,0,0,0,2406.71,2280.78,0,22128.77,28961.65,75.73,2292.68,16140.11,0,0,0,0
2009-03-19 12:00:00,0,2149.72,0,301.77,10634.01,5767.14,5669.56,0,0,1963.75,13997.41,188.06,0,14457.42,1274.77,4043.51,72593.22,0,18650.6,0,0,82046.27,0,0,0,2418.95,2314.69,0,22449.08,28793.11,75.49,2399.96,16168.19,0,0,0,0
2009-03-19 13:00:00,0,2108.21,0,308.23,10722.92,5965.57,5773.1,0,0,2003.18,14471.72,193.17,0,14345.37,1297.22,3937.95,72159.62,0,18705.53,0,0,80913.38,0,0,0,2424.47,2321.09,0,22452.82,28506.65,73.92,2521.08,16105.27,0,0,0,0
2009-03-19 14:00:00,0,2071.79,0,315.57,10756.08,6156.01,5891.36,0,0,2048.71,14843.33,201.16,0,14174.91,1323.33,3868.31,71597.48,0,18610.54,0,0,80609.28,0,0,0,2435.07,2308.2,0,22551.84,28209.39,73.74,2615.02,16027.06,0,0,0,0
2009-03-19 15:00:00,0,2038.76,0,325.76,10930.29,6356.97,5937.63,0,0,2095.21,15152.33,213.11,0,14048.96,1372.04,3794.63,70853.16,0,18399.98,0,0,79602.07,0,0,0,2456.99,2316.23,0,22737.4,28003.66,73.97,2691.5,15941.87,0,0,0,0
2009-03-19 16:00:00,0,1990.11,0,335.22,10845.22,6517.33,6003.58,0,0,2149.43,15387.64,225.23,0,14038.47,1412.33,3721.77,70435.62,0,18361.93,0,0,79084.51,0,0,0,2469.43,2326.2,0,22736.25,27834.77,72.54,2724.98,15956.12,0,0,0,0
2009-03-19 17:00:00,0,1957.9,0,338.07,10734.81,6644.48,6070.79,0,0,2173.82,15520.88,236.16,0,14219.13,1432.14,3681.5,70151.84,0,18272.45,0,0,78812.54,0,0,0,2486.42,2319.65,0,22670.71,27540.75,71.56,2727.57,16059.63,0,0,0,0
2009-03-19 18:00:00,0,1946.39,0,326.4,10756.0,6560.06,6022.05,0,0,2181.98,15238.77,239.49,0,14720.8,1429.13,3693.74,69807.96,0,18788.08,0,0,81352.83,0,0,0,2485.73,2307.77,0,22446.14,27131.06,71.2,2673.53,16114.38,0,0,0,0
2009-03-19 19:00:00,0,2043.11,0,353.84,11327.82,6726.68,6583.7,0,0,2292.63,15372.98,258.21,0,15745.98,1543.4,3978.09,72886.17,0,19228.96,0,0,88788.54,0,0,0,2626.37,2587.62,0,23259.21,26454.25,71.14,2802.68,16677.93,0,0,0,0
2009-03-19 20:00:00,0,2109.79,0,327.64,11429.74,6313.86,6299.32,0,0,2085.5,14125.96,239.45,0,15021.56,1427.34,3918.66,72878.64,0,18707.84,0,0,86176.51,0,0,0,2588.97,2480.44,0,23253.93,27681.07,70.85,2559.12,16983.66,0,0,0,0
2009-03-19 21:00:00,0,2186.63,0,306.58,11182.65,5900.49,6084.47,0,0,1898.25,13179.15,221.84,0,14184.92,1329.83,3871.03,72704.38,0,18257.95,0,0,83602.56,0,0,0,2527.16,2385.05,0,23259.96,28298.47,70.23,2338.24,17220.03,0,0,0,0
2009-03-19 22:00:00,0,2168.41,0,283.85,10672.16,5306.96,5848.0,0,0,1734.21,12158.95,205.59,0,13346.42,1239.53,3810.32,71121.07,0,17462.19,0,0,81080.26,0,0,0,2381.13,2274.53,0,22076.8,27853.28,69.86,2126.95,16469.31,0,0,0,0
2009-03-19 23:00:00,0,2086.57,0,259.25,10053.73,4782.08,5580.79,0,0,1596.67,11145.36,186.7,0,12628.84,1151.22,3732.13,69142.2,0,16630.09,0,0,78587.53,0,0,0,2269.88,2182.41,0,20955.8,26772.63,69.64,1938.9,15808.51,0,0,0,0
2009-03-20 00:00:00,0,1999.41,0,236.6,9489.71,4250.17,5306.76,0,0,1464.65,10173.23,167.31,0,11958.61,1074.99,3655.65,67036.58,0,15738.11,0,0,76611.89,0,0,0,2169.13,2085.31,0,19794.39,25652.74,69.39,1774.56,15327.7,0,0,0,0
2009-03-20 01:00:00,0,1916.38,0,215.43,8888.01,3767.98,4984.58,0,0,1342.73,9154.62,149.87,0,11566.72,1023.83,3623.23,64787.06,0,14933.35,0,0,74737.2,0,0,0,2043.66,1980.71,0,18665.17,24536.41,69.02,1623.62,14947.65,0,0,0,0
2009-03-20 02:00:00,0,1868.18,0,199.59,8661.38,3430.82,4775.97,0,0,1238.07,8202.1,135.5,0,11616.53,991.54,3615.58,62601.24,0,14490.41,0,0,73549.45,0,0,0,1984.35,1915.84,0,18027.22,23454.54,68.49,1496.45,14606.18,0,0,0,0
2009-03-20 03:00:00,0,1905.73,0,196.01,8684.89,3476.61,4885.37,0,0,1243.6,8150.94,130.61,0,11716.4,1030.73,3653.03,61680.53,0,14401.11,0,0,73884.98,0,0,0,1996.17,1952.96,0,17918.32,23075.02,68.9,1494.4,14748.36,0,0,0,0
2009-03-20 04:00:00,0,1991.16,0,204.51,9159.29,3706.76,5193.6,0,0,1309.35,8531.48,137.34,0,12012.05,1088.12,3834.83,63018.49,0,14742.07,0,0,75896.23,0,0,0,2070.99,2016.5,0,18481.21,23294.74,70.95,1564.51,15349.32,0,0,0,0
2009-03-20 05:00:00,0,2090.36,0,212.39,9901.66,3957.1,5524.09,0,0,1375.34,8952.67,146.08,0,12269.84,1141.65,4058.68,64849.27,0,15413.28,0,0,78580.88,0,0,0,2150.3,2076.06,0,19288.72,24047.19,73.38,1641.1,15987.74,0,0,0,0
2009-03-20 06:00:00,0,2192.41,0,220.6,10744.31,4203.08,5834.74,0,0,1440.28,9377.11,154.0,0,12589.16,1186.44,4257.24,66720.28,0,16027.34,0,0,81473.29,0,0,0,2229.87,2129.28,0,20292.35,24887.03,76.01,1718.56,16710.54,0,0,0,0
2009-03-20 07:00:00,0,2293.21,0,246.86,12297.12,4661.14,6376.13,0,0,1600.29,10443.87,163.05,0,14396.35,1273.98,4482.29,68865.69,0,18223.55,0,0,88932.86,0,0,0,2441.28,2261.59,0,21752.26,25791.91,78.78,1839.04,17622.11,0,0,0,0
2009-03-20 08:00:00,0,2453.68,0,274.87,12473.3,5070.46,6773.87,0,0,1699.28,11472.24,174.68,0,14679.51,1294.94,4713.63,74932.51,0,18548.07,0,0,91473.44,0,0,0,2559.96,2437.96,0,23794.78,27523.3,81.9,1964.72,19142.03,0,0,0,0
2009-03-20 09:00:00,0,2440.59,0,285.84,12087.16,5192.98,6737.84,0,0,1783.51,12225.65,184.05,0,14469.76,1242.68,4714.91,75940.56,0,18593.2,0,0,90063.72,0,0,0,2602.11,2522.48,0,23915.63,28440.33,81.86,2081.6,18685.04,0,0,0,0
2009-03-20 10:00:00,0,2337.33,0,294.09,11363.39,5316.35,6460.07,0,0,1814.21,12815.05,185.7,0,14222.4,1242.81,4575.05,75313.88,0,18540.99,0,0,87580.47,0,0,0,2549.78,2472.21,0,23369.14,29058.86,80.28,2152.43,17890.1,0,0,0,0
2009-03-20 11:00:00,0,2261.84,0,296.76,10934.24,5354.57,5999.42,0,0,1841.26,13422.88,188.73,0,14034.21,1251.8,4432.65,74526.31,0,18440.39,0,0,85809.54,0,0,0,2454.43,2366.91,0,23008.68,29196.99,78.69,2209.64,17174.76,0,0,0,0
2009-03-20 12:00:00,0,2180.39,0,298.46,10719.45,5406.6,5634.72,0,0,1884.04,13880.91,193.31,0,13874.36,1291.16,4316.44,73822.03,0,18365.15,0,0,84766.19,0,0,0,2391.81,2264.91,0,22594.4,29081.28,76.52,2241.68,16697.47,0,0,0,0
2009-03-20 13:00:00,0,2113.05,0,304.36,10415.45,5556.87,5393.33,0,0,1929.66,14208.12,199.32,0,13729.63,1336.89,4208.75,73063.62,0,18287.01,0,0,83800.8,0,0,0,2351.18,2211.1,0,22081.89,28945.03,74.54,2295.72,16188.7,0,0,0,0
2009-03-20 14:00:00,0,2027.58,0,311.3,10124.82,5736.78,5274.63,0,0,1968.97,14424.84,209.97,0,13690.09,1358.15,4101.71,72117.28,0,18119.55,0,0,82597.79,0,0,0,2317.11,2161.27,0,21656.17,28599.98,73.51,2369.04,15659.31,0,0,0,0
2009-03-20 15:00:00,0,1958.84,0,315.49,9911.72,5955.02,5212.56,0,0,2030.38,14655.09,217.01,0,13798.98,1378.67,3984.49,71108.31,0,18090.43,0,0,81439.25,0,0,0,2316.68,2139.9,0,21412.66,28184.34,73.42,2461.43,15522.44,0,0,0,0
2009-03-20 16:00:00,0,1931.96,0,315.94,9912.71,6133.13,5206.96,0,0,2071.4,14781.98,218.38,0,13905.08,1403.79,3894.5,70576.3,0,18183.13,0,0,80209.82,0,0,0,2306.35,2128.33,0,21494.75,27883.72,71.11,2527.68,15537.29,0,0,0,0
2009-03-20 17:00:00,0,1923.65,0,312.53,9987.69,6295.15,5414.71,0,0,2102.99,15010.94,214.12,0,14080.31,1420.01,3848.12,70325.21,0,18393.61,0,0,80033.12,0,0,0,2285.2,2159.13,0,21676.03,27711.77,71.42,2599.9,15798.96,0,0,0,0
2009-03-20 18:00:00,0,1946.33,0,310.19,10145.36,6300.99,5708.39,0,0,2129.32,14859.1,216.2,0,14952.29,1406.91,3844.22,70312.98,0,18983.37,0,0,82460.83,0,0,0,2312.8,2240.07,0,21829.15,27410.95,72.0,2591.52,15924.64,0,0,0,0
2009-03-20 19:00:00,0,2006.87,0,301.11,10782.57,6033.31,6534.66,0,0,2127.46,14962.35,208.97,0,15709.66,1412.05,3977.55,68780.83,0,19048.2,0,0,87877.07,0,0,0,2521.91,2429.71,0,21337.08,26723.15,65.63,2583.74,15812.89,0,0,0,0
2009-03-20 20:00:00,0,2068.3,0,289.51,10976.17,5697.6,6407.82,0,0,1961.81,13913.76,204.86,0,15082.1,1360.19,3947.98,69554.88,0,18602.75,0,0,86553.99,0,0,0,2541.93,2485.67,0,22013.84,27346.57,65.01,2382.97,16552.25,0,0,0,0
2009-03-20 21:00:00,0,2154.64,0,281.91,11048.44,5478.27,6265.61,0,0,1824.86,12895.68,201.61,0,14410.12,1295.63,3916.55,69882.99,0,18127.39,0,0,85072.84,0,0,0,2572.16,2503.88,0,22487.71,27149.92,64.21,2196.56,17156.57,0,0,0,0
2009-03-20 22:00:00,0,2212.74,0,264.01,10631.88,5024.05,6149.52,0,0,1696.4,11996.83,189.03,0,13656.98,1225.47,3877.39,68510.3,0,17412.11,0,0,83374.06,0,0,0,2471.4,2466.85,0,21992.41,26867.75,63.36,2022.11,16973.76,0,0,0,0
2009-03-20 23:00:00,0,2115.39,0,244.47,10296.99,4595.36,6114.07,0,0,1578.79,11147.7,173.39,0,12857.18,1148.99,3797.15,66331.09,0,16545.52,0,0,81309.2,0,0,0,2362.92,2403.79,0,21492.21,25943.18,62.42,1871.17,16527.23,0,0,0,0
2009-03-21 00:00:00,0,1999.36,0,229.18,10092.09,4181.93,6114.28,0,0,1464.68,10304.07,160.05,0,12057.39,1073.56,3715.84,64151.54,0,15733.95,0,0,78714.45,0,0,0,2279.16,2342.26,0,20866.03,25072.64,61.44,1735.1,16002.93,0,0,0,0
2009-03-21 01:00:00,0,1882.67,0,216.6,9865.91,3846.71,6105.94,0,0,1366.15,9528.0,147.42,0,11472.48,1011.31,3656.83,62165.09,0,14965.0,0,0,76633.0,0,0,0,2204.27,2297.12,0,20237.71,24256.5,60.45,1615.19,15492.48,0,0,0,0
2009-03-21 02:00:00,0,1807.36,0,204.99,9844.5,3630.9,6099.68,0,0,1288.35,8872.85,137.97,0,11311.34,967.52,3631.34,60911.86,0,14370.08,0,0,75420.81,0,0,0,2171.76,2289.29,0,19654.51,23424.44,59.66,1521.81,15414.45,0,0,0,0
2009-03-21 03:00:00,0,1760.65,0,197.92,9892.68,3479.16,6148.04,0,0,1237.92,8511.49,133.33,0,11239.84,932.19,3601.6,59921.36,0,14162.62,0,0,74621.69,0,0,0,2176.41,2359.63,0,19426.56,22809.54,58.96,1471.44,15304.69,0,0,0,0
2009-03-21 04:00:00,0,1773.68,0,194.02,10074.5,3428.77,6263.62,0,0,1225.1,8404.29,131.3,0,11210.11,930.91,3608.83,59772.45,0,14106.17,0,0,75054.31,0,0,0,2223.07,2479.52,0,19505.05,22622.89,58.79,1467.83,15484.03,0,0,0,0
2009-03-21 05:00:00,0,1822.56,0,192.99,10434.08,3515.62,6505.28,0,0,1245.16,8475.16,134.23,0,11275.5,949.06,3689.61,60369.52,0,14241.56,0,0,76008.06,0,0,0,2310.38,2612.12,0,19860.22,22725.17,59.5,1510.61,15764.26,0,0,0,0
2009-03-21 06:00:00,0,1893.14,0,198.56,10888.91,3642.78,6837.96,0,0,1278.17,8667.39,139.56,0,11462.82,983.05,3782.6,61353.37,0,14468.96,0,0,76888.03,0,0,0,2445.43,2742.47,0,20364.93,23140.45,60.39,1560.62,16088.38,0,0,0,0
2009-03-21 07:00:00,0,1957.14,0,211.45,11395.33,3897.38,7087.71,0,0,1363.86,9262.84,148.54,0,11983.48,1050.02,3867.06,62347.34,0,15267.63,0,0,79004.36,0,0,0,2576.1,2877.76,0,21177.67,23471.69,61.66,1637.67,16504.37,0,0,0,0
2009-03-21 08:00:00,0,2047.62,0,225.56,11527.26,4486.08,7045.09,0,0,1535.14,10656.39,161.67,0,12386.9,1103.55,3895.52,64395.76,0,15599.56,0,0,79919.44,0,0,0,2548.62,2903.19,0,22704.03,23869.97,63.2,1762.89,17309.56,0,0,0,0
2009-03-21 09:00:00,0,2154.14,0,237.41,11202.1,4814.64,6734.41,0,0,1673.68,11744.57,162.71,0,12402.3,1169.14,3864.73,65724.06,0,15600.48,0,0,80364.44,0,0,0,2547.33,2823.54,0,22447.13,24332.98,63.72,1900.22,16950.24,0,0,0,0
2009-03-21 10:00:00,0,2174.29,0,248.24,10787.81,5025.35,6339.66,0,0,1746.18,12499.3,161.49,0,12302.2,1204.01,3748.68,66044.37,0,15624.81,0,0,78342.29,0,0,0,2508.02,2682.03,0,22109.15,24926.12,64.13,1997.4,16422.98,0,0,0,0
2009-03-21 11:00:00,0,2163.98,0,252.1,10470.79,5235.79,6080.94,0,0,1829.8,13246.32,162.12,0,12316.43,1222.57,3580.5,65417.23,0,15572.58,0,0,76792.11,0,0,0,2437.97,2557.24,0,21690.46,25317.64,64.45,2106.66,15826.57,0,0,0,0
2009-03-21 12:00:00,0,2119.27,0,252.29,10240.17,5340.94,5809.15,0,0,1898.31,13791.92,164.3,0,12387.01,1255.34,3483.47,65032.89,0,15519.56,0,0,75804.98,0,0,0,2362.16,2447.86,0,21596.98,25625.19,64.58,2233.65,15325.46,0,0,0,0
2009-03-21 13:00:00,0,2071.84,0,254.62,9894.9,5445.41,5645.46,0,0,1945.16,14124.36,166.72,0,12361.27,1274.42,3389.43,64782.38,0,15504.94,0,0,75008.42,0,0,0,2287.52,2354.98,0,21431.98,25726.92,64.27,2332.33,14838.87,0,0,0,0
2009-03-21 14:00:00,0,2006.38,0,257.5,9626.93,5502.8,5625.8,0,0,1954.82,14216.15,168.78,0,12278.9,1275.55,3295.97,63929.07,0,15489.59,0,0,74405.6,0,0,0,2220.16,2307.31,0,21208.72,25707.78,63.43,2409.88,14875.12,0,0,0,0
2009-03-21 15:00:00,0,1952.33,0,261.46,9508.42,5566.39,5629.93,0,0,1941.35,14236.53,172.6,0,12151.69,1254.96,3227.78,63260.19,0,15480.16,0,0,74092.31,0,0,0,2167.97,2293.04,0,21003.06,25493.23,62.62,2423.31,15171.76,0,0,0,0
2009-03-21 16:00:00,0,1911.63,0,264.78,9679.12,5603.74,5678.16,0,0,1913.27,14160.88,177.63,0,12167.37,1217.19,3182.81,62828.56,0,15724.65,0,0,73814.37,0,0,0,2179.65,2291.0,0,20724.91,25347.83,61.65,2395.31,15293.19,0,0,0,0
2009-03-21 17:00:00,0,1871.17,0,267.04,9668.93,5660.7,5669.46,0,0,1892.81,13983.77,186.19,0,12275.44,1212.05,3188.53,62663.88,0,16084.36,0,0,73616.39,0,0,0,2231.01,2293.38,0,20521.02,24999.74,61.39,2347.72,15187.01,0,0,0,0
2009-03-21 18:00:00,0,1855.57,0,263.23,9916.24,5476.81,5837.6,0,0,1873.29,13807.23,194.67,0,13499.12,1211.89,3222.29,62711.5,0,16784.5,0,0,75719.94,0,0,0,2277.85,2303.77,0,20374.69,24944.87,60.77,2270.87,14872.35,0,0,0,0
2009-03-21 19:00:00,0,1893.59,0,293.13,10965.57,5693.52,6716.95,0,0,1978.39,13934.94,208.42,0,15373.18,1409.78,3881.38,66640.42,0,18592.5,0,0,85358.71,0,0,0,2565.29,2560.73,0,21611.09,26002.17,64.24,2417.1,16056.8,0,0,0,0
2009-03-21 20:00:00,0,1912.01,0,283.09,11184.92,5507.5,6644.52,0,0,1856.71,13053.74,204.07,0,14724.07,1352.04,3755.7,67002.26,0,18166.62,0,0,83666.02,0,0,0,2596.5,2610.53,0,22265.53,26364.52,63.09,2224.1,16257.96,0,0,0,0
2009-03-21 21:00:00,0,1963.69,0,277.97,11283.07,5333.9,6559.41,0,0,1745.77,12263.21,200.4,0,14032.49,1292.23,3657.47,67139.42,0,17733.44,0,0,82088.76,0,0,0,2640.24,2617.23,0,22503.14,26155.54,61.56,2066.42,16455.38,0,0,0,0
2009-03-21 22:00:00,0,1995.84,0,259.82,10822.65,4941.68,6439.63,0,0,1640.03,11555.26,188.26,0,13295.17,1226.73,3585.42,66004.36,0,16994.9,0,0,80240.19,0,0,0,2546.9,2579.18,0,21909.6,25815.3,60.39,1930.54,15931.94,0,0,0,0
2009-03-21 23:00:00,0,1877.37,0,241.62,10482.76,4528.29,6355.64,0,0,1528.11,10825.05,174.13,0,12499.94,1164.53,3507.2,63792.02,0,16090.42,0,0,77807.15,0,0,0,2461.21,2534.94,0,21083.89,24861.84,59.19,1806.91,15286.84,0,0,0,0
2009-03-22 00:00:00,0,1760.44,0,229.78,10185.68,4148.38,6309.21,0,0,1433.78,10069.95,161.05,0,11674.77,1124.24,3427.39,61565.95,0,15251.09,0,0,75246.91,0,0,0,2399.29,2496.27,0,20357.43,23819.33,58.02,1700.61,14630.59,0,0,0,0
2009-03-22 01:00:00,0,1648.45,0,218.83,9939.85,3797.02,6309.36,0,0,1351.04,9310.37,150.32,0,11171.78,1099.38,3377.64,59640.46,0,14491.61,0,0,73225.67,0,0,0,2340.75,2468.41,0,19885.48,22883.22,56.61,1587.56,13982.83,0,0,0,0
2009-03-22 02:00:00,0,1573.8,0,207.34,9946.42,3561.83,6331.11,0,0,1285.81,8632.96,143.45,0,11043.37,1078.25,3355.5,58379.78,0,13923.58,0,0,71860.04,0,0,0,2319.79,2509.42,0,19509.18,22124.6,55.91,1502.41,13726.73,0,0,0,0
2009-03-22 03:00:00,0,1560.33,0,202.28,10012.06,3407.73,6432.17,0,0,1240.79,8169.25,139.39,0,10938.64,1075.21,3344.73,57301.17,0,13734.62,0,0,71233.51,0,0,0,2332.92,2563.06,0,19270.19,21524.33,55.6,1466.08,13581.31,0,0,0,0
2009-03-22 04:00:00,0,1572.08,0,202.01,10231.93,3469.44,6612.47,0,0,1234.93,8074.4,138.36,0,10889.93,1105.0,3369.37,57075.14,0,13743.68,0,0,71661.32,0,0,0,2397.12,2651.36,0,19399.94,21268.74,55.56,1473.57,13546.37,0,0,0,0
2009-03-22 05:00:00,0,1609.86,0,203.38,10606.35,3660.16,6904.98,0,0,1256.92,8120.79,142.43,0,10967.85,1163.56,3437.46,57571.74,0,13915.02,0,0,72607.75,0,0,0,2480.88,2725.26,0,19704.49,21270.66,56.19,1532.27,13704.69,0,0,0,0
2009-03-22 06:00:00,0,1676.77,0,213.3,10993.73,3921.32,7163.78,0,0,1300.64,8427.12,150.05,0,11249.61,1228.91,3530.46,58620.73,0,14162.26,0,0,73608.82,0,0,0,2575.47,2798.6,0,20161.44,21636.89,57.2,1596.06,14001.44,0,0,0,0
2009-03-22 07:00:00,0,1739.29,0,233.91,11526.7,4279.89,7355.71,0,0,1409.3,9174.77,161.45,0,11775.69,1313.22,3626.84,59812.96,0,15008.35,0,0,75625.3,0,0,0,2672.81,2936.91,0,20872.9,22065.86,58.53,1697.0,14436.5,0,0,0,0
2009-03-22 08:00:00,0,1859.4,0,242.45,11516.4,4686.79,7215.45,0,0,1544.45,10455.75,169.28,0,12145.44,1283.21,3642.18,62345.22,0,15582.74,0,0,75836.01,0,0,0,2619.34,2955.6,0,22059.58,22539.7,59.36,1808.78,15328.5,0,0,0,0
2009-03-22 09:00:00,0,1899.2,0,250.24,10878.08,4843.06,6838.46,0,0,1630.38,11474.8,168.47,0,12140.0,1254.12,3497.37,63647.37,0,15819.46,0,0,75788.63,0,0,0,2568.1,2849.98,0,21731.38,23240.39,58.48,1903.87,15466.16,0,0,0,0
2009-03-22 10:00:00,0,1908.48,0,254.0,10344.96,4903.52,6319.12,0,0,1642.23,12122.84,168.18,0,12037.89,1245.16,3436.2,63902.27,0,15717.92,0,0,73889.94,0,0,0,2469.54,2638.35,0,21611.08,24040.97,56.83,1987.94,15272.89,0,0,0,0
2009-03-22 11:00:00,0,1895.22,0,253.4,9878.24,4951.36,5858.27,0,0,1700.01,12734.25,167.62,0,11928.89,1255.15,3298.5,63863.82,0,15722.32,0,0,72801.93,0,0,0,2364.83,2490.29,0,21376.05,24713.75,55.91,2062.55,14837.28,0,0,0,0
2009-03-22 12:00:00,0,1888.18,0,252.48,9565.03,4983.01,5640.83,0,0,1753.97,13323.45,167.69,0,11859.46,1283.35,3216.93,63828.01,0,15765.37,0,0,72120.48,0,0,0,2279.0,2390.17,0,21273.7,25147.45,55.58,2121.61,14420.81,0,0,0,0
2009-03-22 13:00:00,0,1881.02,0,251.28,9314.13,5006.72,5553.85,0,0,1786.32,13584.29,168.56,0,11983.0,1304.02,3213.35,63695.27,0,15775.01,0,0,71552.04,0,0,0,2223.11,2352.39,0,21190.19,25587.35,56.34,2184.45,14159.32,0,0,0,0
2009-03-22 14:00:00,0,1866.74,0,250.05,9107.16,5017.41,5540.93,0,0,1787.05,13555.38,169.7,0,12183.57,1296.4,3197.67,63749.52,0,16441.5,0,0,71259.58,0,0,0,2168.08,2325.52,0,21035.1,25925.49,57.34,2244.47,14324.04,0,0,0,0
2009-03-22 15:00:00,0,1845.97,0,250.05,8988.49,5153.0,5538.59,0,0,1783.03,13376.54,172.74,0,12260.95,1265.44,3236.81,63423.9,0,16540.74,0,0,71425.98,0,0,0,2140.73,2293.91,0,20940.65,26192.2,57.62,2275.17,14782.38,0,0,0,0
2009-03-22 16:00:00,0,1822.56,0,253.83,9100.09,5327.71,5558.01,0,0,1786.57,13417.33,180.25,0,12423.75,1220.24,3299.94,62884.7,0,16446.21,0,0,71050.92,0,0,0,2160.47,2274.39,0,20625.35,25880.95,58.14,2278.98,15032.51,0,0,0,0
2009-03-22 17:00:00,0,1788.69,0,254.97,9142.18,5535.05,5525.12,0,0,1837.82,13421.19,188.53,0,12459.59,1205.41,3350.38,62531.83,0,15970.9,0,0,71118.45,0,0,0,2204.11,2254.36,0,20752.91,25496.33,58.61,2304.22,15133.21,0,0,0,0
2009-03-22 18:00:00,0,1745.54,0,251.84,9243.22,5467.82,5632.83,0,0,1842.63,13375.74,197.03,0,13277.47,1197.77,3346.86,62421.27,0,16517.47,0,0,73720.57,0,0,0,2225.92,2245.75,0,20570.09,25014.94,57.97,2281.03,14838.43,0,0,0,0
2009-03-22 19:00:00,0,1930.92,0,308.01,11069.04,6278.14,6686.65,0,0,2132.27,14269.76,227.18,0,16133.43,1503.1,3961.75,71953.61,0,19443.04,0,0,87550.68,0,0,0,2561.0,2526.17,0,22651.53,28320.33,71.1,2664.89,16776.08,0,0,0,0
2009-03-22 20:00:00,0,1941.76,0,295.69,11167.99,5974.45,6426.26,0,0,1981.74,13350.01,221.51,0,15352.95,1422.81,3799.0,71553.48,0,18929.23,0,0,85033.1,0,0,0,2581.59,2517.24,0,22943.56,28919.42,69.38,2438.15,16717.95,0,0,0,0
2009-03-22 21:00:00,0,2016.93,0,285.54,11128.77,5737.6,6185.98,0,0,1836.28,12472.39,216.04,0,14605.35,1346.33,3662.35,71278.3,0,18700.54,0,0,82381.43,0,0,0,2532.55,2484.25,0,22933.72,29220.69,68.58,2231.32,16738.14,0,0,0,0
2009-03-22 22:00:00,0,2006.61,0,266.03,10575.44,5198.54,5969.9,0,0,1694.9,11552.08,198.73,0,13851.05,1267.66,3577.51,69175.78,0,17711.29,0,0,79899.29,0,0,0,2417.63,2406.48,0,21996.12,28493.5,67.43,2052.45,16000.51,0,0,0,0
2009-03-22 23:00:00,0,1874.09,0,246.96,10037.61,4678.97,5759.15,0,0,1582.44,10581.95,180.98,0,13131.89,1191.69,3470.62,66944.48,0,16933.2,0,0,77416.43,0,0,0,2321.13,2330.84,0,21044.01,27038.93,65.45,1873.25,15116.42,0,0,0,0
2009-03-23 00:00:00,0,1756.95,0,227.47,9527.61,4201.31,5559.75,0,0,1467.93,9655.81,164.93,0,12416.97,1111.85,3381.42,64862.48,0,16177.24,0,0,75171.11,0,0,0,2228.99,2268.09,0,20082.42,25833.28,64.31,1709.12,14283.91,0,0,0,0
2009-03-23 01:00:00,0,1644.71,0,211.81,9166.05,3776.04,5339.34,0,0,1356.09,8772.49,148.67,0,11947.42,1047.97,3290.46,62670.86,0,15448.89,0,0,73277.47,0,0,0,2189.84,2221.1,0,19150.44,24647.84,63.3,1568.16,13629.36,0,0,0,0
2009-03-23 02:00:00,0,1548.73,0,198.87,8906.08,3477.45,5175.73,0,0,1265.27,7948.43,135.3,0,11948.71,993.38,3195.8,60504.76,0,15048.68,0,0,72179.51,0,0,0,2192.27,2247.96,0,18771.29,23435.36,62.61,1458.94,13057.81,0,0,0,0
2009-03-23 03:00:00,0,1507.63,0,201.54,9089.99,3566.29,5443.47,0,0,1273.43,7952.24,133.76,0,12054.84,1006.73,3142.66,58987.9,0,15026.77,0,0,72489.73,0,0,0,2260.31,2379.55,0,19138.04,22653.24,62.31,1463.5,12996.58,0,0,0,0
2009-03-23 04:00:00,0,1530.95,0,214.5,9707.79,3831.46,5889.31,0,0,1333.36,8347.9,141.73,0,12432.62,1065.52,3236.62,59539.04,0,15349.43,0,0,74709.42,0,0,0,2383.95,2493.19,0,20081.41,22376.65,62.82,1534.72,13380.47,0,0,0,0
2009-03-23 05:00:00,0,1593.89,0,227.72,10391.94,4109.87,6278.82,0,0,1394.58,8756.26,149.69,0,12831.44,1119.95,3415.13,61363.48,0,16006.22,0,0,77510.26,0,0,0,2493.45,2585.12,0,20969.91,22838.97,63.82,1612.87,14012.36,0,0,0,0
2009-03-23 06:00:00,0,1655.71,0,240.12,11051.04,4420.7,6618.23,0,0,1455.68,9183.84,157.49,0,13559.49,1168.57,3606.75,63231.79,0,16752.8,0,0,80466.28,0,0,0,2595.45,2672.21,0,21880.36,23426.01,65.22,1700.47,14578.88,0,0,0,0
2009-03-23 07:00:00,0,1724.88,0,272.64,12171.72,4904.75,7050.05,0,0,1626.58,10395.14,166.76,0,15274.25,1288.78,3788.6,65550.41,0,18914.93,0,0,88667.42,0,0,0,2848.58,2828.82,0,23284.95,24122.44,66.57,1869.13,15290.78,0,0,0,0
2009-03-23 08:00:00,0,1874.97,0,286.86,12206.7,5133.81,7041.55,0,0,1714.31,11313.66,178.07,0,15431.03,1297.1,3996.66,70322.42,0,19218.56,0,0,90029.48,0,0,0,2860.28,2839.9,0,24796.32,25663.73,67.76,1968.84,16419.7,0,0,0,0
2009-03-23 09:00:00,0,1938.09,0,290.05,11893.07,5217.06,6812.04,0,0,1787.78,12071.37,181.78,0,15354.58,1282.45,4056.02,72207.69,0,19217.76,0,0,89017.07,0,0,0,2663.86,2632.22,0,23445.24,26897.54,69.78,2068.06,16368.75,0,0,0,0
2009-03-23 10:00:00,0,1939.98,0,294.51,11730.32,5241.58,6605.7,0,0,1841.69,12574.2,181.06,0,15133.51,1288.34,4108.41,72750.14,0,19149.14,0,0,86431.13,0,0,0,2550.97,2445.01,0,22883.17,27711.97,70.19,2106.99,16195.62,0,0,0,0
2009-03-23 11:00:00,0,1924.51,0,295.72,11498.48,5239.31,6295.09,0,0,1851.38,13041.28,179.84,0,14936.95,1276.53,4085.89,72642.73,0,19097.04,0,0,83675.55,0,0,0,2426.55,2314.46,0,22399.42,28575.8,69.12,2133.88,16023.51,0,0,0,0
2009-03-23 12:00:00,0,1887.75,0,290.77,11016.6,5322.88,6004.46,0,0,1933.13,13479.35,181.88,0,14756.61,1291.31,3974.16,72519.54,0,19001.45,0,0,81693.45,0,0,0,2390.71,2278.32,0,22076.02,28954.56,70.05,2202.46,15934.06,0,0,0,0
2009-03-23 13:00:00,0,1875.52,0,291.66,10801.12,5589.04,5842.25,0,0,2014.24,13815.11,183.81,0,14584.63,1309.15,3886.22,72394.85,0,18832.83,0,0,80221.75,0,0,0,2394.61,2268.99,0,21955.33,29186.85,72.2,2342.55,15995.6,0,0,0,0
2009-03-23 14:00:00,0,1855.65,0,294.53,10558.48,5860.41,5773.41,0,0,2042.34,14039.74,188.47,0,14431.8,1309.9,3857.74,71935.73,0,18727.41,0,0,78855.53,0,0,0,2389.92,2260.8,0,21836.35,29182.52,71.69,2484.48,15941.33,0,0,0,0
2009-03-23 15:00:00,0,1844.36,0,298.01,10378.35,6018.91,5694.2,0,0,2062.56,14237.28,195.55,0,14432.19,1319.47,3867.33,71574.65,0,18689.75,0,0,77942.86,0,0,0,2369.35,2241.69,0,21988.39,29036.97,70.88,2510.92,15795.86,0,0,0,0
2009-03-23 16:00:00,0,1841.22,0,304.09,10495.28,6101.1,5689.92,0,0,2070.37,14365.74,203.68,0,14554.86,1344.57,3882.36,71474.22,0,18922.8,0,0,77183.4,0,0,0,2385.29,2217.82,0,22178.24,28811.89,70.93,2518.65,15812.03,0,0,0,0
2009-03-23 17:00:00,0,1864.87,0,307.56,10551.72,6163.86,5750.9,0,0,2081.11,14340.33,211.33,0,14679.92,1351.25,3839.43,71163.61,0,19250.15,0,0,76682.16,0,0,0,2388.94,2200.44,0,21999.76,28707.68,70.42,2510.06,16010.43,0,0,0,0
2009-03-23 18:00:00,0,1853.25,0,304.23,10654.6,6119.86,5986.67,0,0,2086.98,14230.62,217.43,0,15502.6,1354.67,3785.24,70544.64,0,19705.76,0,0,79688.49,0,0,0,2382.43,2247.93,0,21676.27,28565.76,68.92,2490.55,15858.58,0,0,0,0
2009-03-23 19:00:00,0,2055.15,0,321.56,11190.72,6365.46,6690.12,0,0,2170.83,14277.87,232.85,0,17185.5,1504.94,4009.34,72795.3,0,20743.56,0,0,90437.09,0,0,0,2547.23,2503.81,0,22772.45,28548.31,72.78,2659.39,16728.78,0,0,0,0
2009-03-23 20:00:00,0,2082.82,0,305.34,11213.27,6000.98,6479.58,0,0,2004.21,13284.89,223.27,0,16291.75,1415.21,3795.02,72307.59,0,20138.97,0,0,87979.5,0,0,0,2544.24,2462.99,0,23033.74,29300.24,71.82,2437.59,16593.05,0,0,0,0
2009-03-23 21:00:00,0,2096.61,0,290.91,11120.47,5697.08,6264.64,0,0,1850.73,12439.93,216.66,0,15370.3,1335.43,3640.03,71893.84,0,19557.89,0,0,85732.36,0,0,0,2503.7,2431.9,0,23018.26,29282.74,70.48,2222.87,16752.46,0,0,0,0
2009-03-23 22:00:00,0,2093.31,0,269.81,10538.96,5162.43,6006.47,0,0,1701.62,11561.99,201.33,0,14421.21,1255.16,3526.49,69515.49,0,18668.15,0,0,83548.75,0,0,0,2365.42,2327.76,0,21826.65,28458.33,68.99,2039.12,16015.29,0,0,0,0
2009-03-23 23:00:00,0,2005.41,0,249.35,10020.04,4681.57,5767.52,0,0,1567.8,10632.03,184.97,0,13564.33,1173.34,3435.01,67260.93,0,17796.88,0,0,81294.24,0,0,0,2239.55,2222.17,0,20720.29,27072.38,67.89,1885.62,15101.63,0,0,0,0
2009-03-24 00:00:00,0,1871.96,0,229.25,9516.84,4201.94,5591.82,0,0,1448.36,9699.11,166.6,0,12847.94,1096.04,3349.31,65123.11,0,16981.77,0,0,79198.75,0,0,0,2126.35,2127.53,0,19620.93,25632.05,66.79,1738.28,14227.69,0,0,0,0
2009-03-24 01:00:00,0,1740.86,0,211.64,9191.63,3770.22,5414.18,0,0,1334.99,8766.11,149.07,0,12224.74,1032.76,3266.28,62959.79,0,16189.73,0,0,77551.21,0,0,0,2042.4,2062.99,0,18635.13,24360.59,65.7,1591.15,13465.85,0,0,0,0
2009-03-24 02:00:00,0,1586.77,0,196.73,9072.87,3463.99,5352.8,0,0,1241.85,8029.45,136.11,0,12024.85,992.54,3181.72,60812.93,0,15612.27,0,0,76241.68,0,0,0,2015.02,2044.56,0,18064.56,23140.97,65.13,1471.7,12766.62,0,0,0,0
2009-03-24 03:00:00,0,1496.7,0,194.39,9216.15,3587.21,5485.53,0,0,1266.26,7937.88,134.49,0,12093.3,1029.59,3120.98,59164.68,0,15475.53,0,0,76393.71,0,0,0,2065.64,2153.37,0,18221.1,22478.43,64.13,1464.7,12483.37,0,0,0,0
2009-03-24 04:00:00,0,1517.56,0,204.3,9733.4,3895.34,5810.43,0,0,1335.76,8287.25,141.72,0,12409.39,1090.33,3215.3,58910.44,0,15780.54,0,0,78500.98,0,0,0,2185.1,2243.37,0,18937.9,22451.34,63.98,1548.14,12652.17,0,0,0,0
2009-03-24 05:00:00,0,1572.47,0,214.71,10474.75,4201.31,6206.15,0,0,1403.02,8681.12,149.55,0,12766.5,1146.72,3392.5,60650.88,0,16373.19,0,0,81375.9,0,0,0,2325.14,2335.17,0,19682.91,23182.45,64.62,1632.39,13211.52,0,0,0,0
2009-03-24 06:00:00,0,1657.67,0,225.94,11193.25,4487.9,6611.42,0,0,1465.53,9084.51,155.49,0,13311.04,1190.83,3561.29,62405.04,0,16967.01,0,0,84186.51,0,0,0,2452.39,2405.72,0,20433.32,24124.1,65.56,1713.06,13759.87,0,0,0,0
2009-03-24 07:00:00,0,1750.74,0,254.55,12793.75,4862.07,7229.0,0,0,1605.42,10036.97,166.49,0,14958.19,1291.07,3773.92,64599.57,0,19106.42,0,0,91995.63,0,0,0,2647.0,2498.31,0,21722.24,25081.67,66.63,1871.64,14551.44,0,0,0,0
2009-03-24 08:00:00,0,1876.63,0,277.11,13180.85,5077.5,7611.82,0,0,1709.99,10971.87,178.91,0,14938.16,1289.46,3961.71,68948.52,0,19156.68,0,0,92292.09,0,0,0,2685.1,2553.88,0,22810.65,26616.56,68.2,1975.23,15812.36,0,0,0,0
2009-03-24 09:00:00,0,2010.74,0,284.1,13042.04,5210.94,7510.5,0,0,1791.68,11857.43,181.55,0,14695.35,1256.14,3978.25,71570.12,0,18983.83,0,0,90713.84,0,0,0,2564.5,2561.62,0,22386.92,28111.72,69.26,2071.87,15892.32,0,0,0,0
2009-03-24 10:00:00,0,2054.86,0,294.25,12631.38,5212.75,7285.89,0,0,1862.66,12620.66,180.81,0,14347.58,1255.24,3961.46,73278.72,0,18744.75,0,0,87365.33,0,0,0,2501.16,2493.68,0,22153.23,28859.72,70.88,2113.87,15800.79,0,0,0,0
2009-03-24 11:00:00,0,2117.55,0,300.69,12020.7,5228.82,6861.63,0,0,1899.38,13126.42,179.42,0,14059.67,1247.67,3947.4,73920.5,0,18485.18,0,0,84166.56,0,0,0,2462.17,2414.35,0,22065.52,29493.72,72.83,2151.7,15714.72,0,0,0,0
2009-03-24 12:00:00,0,2130.76,0,295.56,11563.03,5275.84,6457.54,0,0,1925.03,13602.87,181.18,0,13899.34,1276.09,3949.63,74195.54,0,18246.28,0,0,81752.9,0,0,0,2422.92,2367.64,0,22268.37,29550.91,73.67,2224.12,15677.1,0,0,0,0
2009-03-24 13:00:00,0,2041.16,0,296.09,11135.52,5458.74,6133.47,0,0,1959.89,13930.3,186.47,0,13827.04,1304.33,3956.37,74270.72,0,18032.61,0,0,80040.61,0,0,0,2416.43,2338.92,0,22539.27,29256.2,73.28,2310.22,15830.53,0,0,0,0
2009-03-24 14:00:00,0,2052.97,0,299.17,10803.19,5711.93,5932.2,0,0,2011.44,14214.81,208.55,0,13748.87,1329.05,3938.89,74325.83,0,17862.37,0,0,78718.51,0,0,0,2409.66,2321.83,0,22739.52,28957.12,73.98,2480.95,15888.63,0,0,0,0
2009-03-24 15:00:00,0,1953.79,0,302.35,10619.8,6019.55,5853.18,0,0,2058.44,14542.02,218.23,0,13790.84,1356.95,3919.3,74075.24,0,17927.82,0,0,77599.46,0,0,0,2380.84,2316.37,0,22761.05,28524.37,72.84,2624.2,15901.63,0,0,0,0
2009-03-24 16:00:00,0,1936.0,0,306.12,10648.26,6268.06,5861.27,0,0,2085.72,14697.76,215.91,0,13933.49,1381.55,3895.42,73585.32,0,18035.57,0,0,77247.77,0,0,0,2377.6,2299.76,0,22644.72,28228.56,70.03,2675.31,15918.66,0,0,0,0
2009-03-24 17:00:00,0,1926.77,0,306.59,10647.76,6411.48,6038.33,0,0,2119.59,14670.51,222.9,0,14078.62,1387.18,3855.7,73200.0,0,18318.61,0,0,77800.67,0,0,0,2419.17,2278.87,0,22356.93,27902.05,69.83,2662.91,16060.87,0,0,0,0
2009-03-24 18:00:00,0,1911.53,0,305.87,10759.55,6278.95,6352.19,0,0,2119.93,14457.0,227.28,0,14641.45,1395.3,3778.79,73005.65,0,18917.8,0,0,81136.03,0,0,0,2464.35,2313.8,0,21942.12,27668.5,69.56,2612.79,16148.75,0,0,0,0
2009-03-24 19:00:00,0,1961.17,0,325.3,11645.08,6592.9,7086.32,0,0,2206.83,14595.56,246.57,0,15956.1,1525.08,3996.4,74173.05,0,19806.27,0,0,89220.39,0,0,0,2617.75,2511.09,0,23055.54,26842.02,71.09,2779.69,17185.9,0,0,0,0
2009-03-24 20:00:00,0,2015.43,0,310.34,11834.86,6200.7,6961.59,0,0,2058.4,13634.15,231.63,0,15083.58,1426.07,3839.2,73495.7,0,19257.58,0,0,86723.35,0,0,0,2629.86,2494.29,0,23198.75,28065.43,68.55,2539.92,17338.3,0,0,0,0
2009-03-24 21:00:00,0,2084.3,0,298.08,11755.15,5895.36,6759.87,0,0,1924.44,12762.69,220.27,0,14204.28,1340.63,3696.71,72692.23,0,18674.65,0,0,84051.68,0,0,0,2586.67,2434.01,0,23264.14,28697.14,65.61,2281.52,17470.31,0,0,0,0
2009-03-24 22:00:00,0,2073.69,0,276.41,11284.94,5319.96,6543.84,0,0,1793.14,11888.39,202.05,0,13338.86,1253.66,3579.23,69992.33,0,17733.45,0,0,81274.16,0,0,0,2439.52,2331.12,0,22153.96,28202.04,63.85,2064.58,16598.91,0,0,0,0
2009-03-24 23:00:00,0,2002.62,0,254.45,10833.79,4793.08,6313.96,0,0,1655.34,10898.9,183.05,0,12551.95,1175.88,3465.55,67202.92,0,16773.44,0,0,78419.85,0,0,0,2305.52,2223.21,0,21003.49,27278.9,62.5,1893.61,15654.09,0,0,0,0
2009-03-25 00:00:00,0,1931.82,0,232.84,10378.89,4279.81,6107.42,0,0,1514.65,9935.0,164.31,0,11845.22,1094.58,3366.85,64632.93,0,15878.84,0,0,75696.34,0,0,0,2186.15,2120.51,0,19819.6,26359.39,61.91,1738.02,14865.28,0,0,0,0
2009-03-25 01:00:00,0,1873.08,0,216.57,9976.86,3806.44,5904.17,0,0,1375.48,9049.97,147.74,0,11404.37,1021.3,3259.14,62304.0,0,15056.07,0,0,73225.52,0,0,0,2085.91,2024.53,0,18683.43,25432.8,62.43,1592.54,14034.89,0,0,0,0
2009-03-25 02:00:00,0,1862.96,0,201.22,9778.31,3443.55,5870.28,0,0,1256.16,8342.93,134.14,0,11427.29,978.21,3131.21,60273.52,0,14626.16,0,0,71242.39,0,0,0,2018.35,1965.4,0,18003.91,24526.17,62.43,1480.77,13360.66,0,0,0,0
2009-03-25 03:00:00,0,1933.87,0,197.43,10107.85,3469.7,6224.13,0,0,1242.04,8183.7,129.93,0,11534.22,1020.13,3040.57,58762.45,0,14514.75,0,0,71338.73,0,0,0,2000.1,2024.24,0,17777.85,24243.81,62.99,1480.67,12885.49,0,0,0,0
2009-03-25 04:00:00,0,2061.89,0,205.91,10577.49,3681.67,6644.0,0,0,1301.18,8447.26,136.87,0,11870.86,1087.08,3041.77,59379.46,0,14886.12,0,0,73888.34,0,0,0,2078.93,2098.67,0,18122.23,24638.11,65.42,1555.01,12936.77,0,0,0,0
2009-03-25 05:00:00,0,2196.5,0,215.72,11204.36,3923.75,7014.36,0,0,1358.78,8790.02,143.9,0,12236.27,1148.93,3168.68,61139.11,0,15519.94,0,0,76535.86,0,0,0,2180.5,2176.07,0,18649.37,25511.81,68.91,1628.84,13305.28,0,0,0,0
2009-03-25 06:00:00,0,2332.34,0,221.05,11781.36,4173.69,7289.48,0,0,1411.93,9172.73,152.32,0,12913.35,1218.34,3302.89,62883.68,0,16263.56,0,0,78882.06,0,0,0,2267.68,2240.66,0,19265.98,26492.54,72.73,1699.53,13819.17,0,0,0,0
2009-03-25 07:00:00,0,2452.0,0,248.11,12572.41,4614.06,7589.75,0,0,1550.36,10145.78,163.16,0,14359.84,1301.81,3481.5,64994.31,0,18255.85,0,0,85802.6,0,0,0,2440.78,2338.57,0,20314.94,27473.56,75.95,1838.18,14472.11,0,0,0,0
2009-03-25 08:00:00,0,2623.71,0,272.58,13420.98,4994.53,7769.55,0,0,1680.73,11074.7,173.31,0,14449.37,1309.75,3732.97,69056.33,0,18240.76,0,0,85940.53,0,0,0,2513.24,2444.39,0,21899.13,29292.68,78.82,1993.6,15130.2,0,0,0,0
2009-03-25 09:00:00,0,2598.11,0,285.39,13606.92,5285.3,7781.42,0,0,1794.08,12102.63,182.57,0,14120.02,1252.56,3880.91,72013.49,0,18214.71,0,0,85949.29,0,0,0,2558.9,2513.2,0,22284.64,29968.45,78.73,2134.37,15936.08,0,0,0,0
2009-03-25 10:00:00,0,2517.84,0,297.82,13592.57,5291.96,7688.4,0,0,1877.0,12781.84,184.93,0,13801.83,1254.85,3946.14,73812.68,0,18051.96,0,0,85144.59,0,0,0,2573.0,2497.5,0,22374.92,30345.51,78.69,2199.26,16110.45,0,0,0,0
2009-03-25 11:00:00,0,2444.23,0,305.49,13429.66,5450.41,7541.61,0,0,1928.72,13300.44,184.1,0,13544.13,1250.68,3972.23,74768.82,0,17864.74,0,0,84140.03,0,0,0,2537.59,2444.47,0,22501.66,30173.85,77.45,2269.43,16271.88,0,0,0,0
2009-03-25 12:00:00,0,2365.76,0,310.25,13185.06,5681.36,7341.03,0,0,1993.7,13873.2,187.36,0,13331.76,1284.1,3981.93,74880.24,0,17693.08,0,0,82977.15,0,0,0,2482.95,2376.43,0,22639.09,29843.82,76.67,2408.44,16253.38,0,0,0,0
2009-03-25 13:00:00,0,2254.59,0,312.54,12896.54,6021.24,7147.68,0,0,2061.7,14359.0,195.64,0,13155.7,1327.84,3972.11,74335.02,0,17640.77,0,0,82082.84,0,0,0,2451.18,2325.3,0,22664.15,29515.77,75.24,2516.82,16224.43,0,0,0,0
2009-03-25 14:00:00,0,2156.38,0,314.03,12587.39,6269.24,6976.08,0,0,2133.61,14739.05,207.75,0,13135.92,1371.17,3961.22,73611.44,0,17494.6,0,0,81319.2,0,0,0,2448.77,2283.82,0,22655.13,29115.66,73.95,2608.65,16184.94,0,0,0,0
2009-03-25 15:00:00,0,2065.28,0,315.4,12375.42,6392.39,6866.92,0,0,2161.76,14928.98,222.3,0,13219.87,1420.58,3927.6,73009.26,0,17457.95,0,0,81134.94,0,0,0,2460.51,2305.3,0,22594.78,28560.27,72.61,2655.97,16224.97,0,0,0,0
2009-03-25 16:00:00,0,1987.66,0,312.96,12202.21,6411.75,6808.03,0,0,2162.64,14891.15,242.14,0,13287.82,1429.49,3890.44,72745.23,0,17530.53,0,0,81277.38,0,0,0,2479.52,2339.98,0,22473.99,28128.33,71.38,2629.38,16347.89,0,0,0,0
2009-03-25 17:00:00,0,1978.56,0,310.2,12303.59,6420.55,6787.15,0,0,2165.54,14797.52,253.86,0,13489.17,1429.99,3843.78,72271.66,0,17832.07,0,0,81617.06,0,0,0,2501.87,2369.74,0,22436.92,27714.74,70.91,2601.84,16391.61,0,0,0,0
2009-03-25 18:00:00,0,2001.45,0,307.59,12465.68,6291.78,6842.23,0,0,2155.01,14683.66,250.19,0,14498.38,1441.57,3797.29,72117.86,0,18507.59,0,0,83627.61,0,0,0,2519.48,2383.59,0,22350.37,27175.95,70.83,2596.88,16430.25,0,0,0,0
2009-03-25 19:00:00,0,2066.07,0,326.02,12501.35,6585.94,7220.77,0,0,2247.41,14834.78,252.84,0,15550.2,1570.12,3981.76,73009.43,0,19415.31,0,0,89995.25,0,0,0,2598.15,2553.1,0,23051.15,26635.29,70.84,2705.01,16527.28,0,0,0,0
2009-03-25 20:00:00,0,2124.04,0,315.7,12491.24,6291.73,6871.52,0,0,2096.34,13914.76,240.64,0,14763.43,1465.16,3797.92,72172.56,0,18793.12,0,0,86395.28,0,0,0,2602.9,2490.16,0,23376.71,27878.82,69.31,2505.4,16737.24,0,0,0,0
2009-03-25 21:00:00,0,2209.29,0,303.56,12150.92,5928.77,6533.61,0,0,1931.33,13022.07,229.47,0,13925.56,1370.31,3652.43,71513.63,0,18215.87,0,0,83142.73,0,0,0,2578.55,2421.81,0,23419.46,28586.99,68.04,2300.22,16877.45,0,0,0,0
2009-03-25 22:00:00,0,2211.24,0,281.57,11446.39,5348.99,6187.93,0,0,1782.22,12116.54,209.87,0,13107.98,1301.23,3508.66,69303.43,0,17291.68,0,0,79852.11,0,0,0,2428.53,2288.46,0,22404.37,28132.44,67.85,2115.57,16046.94,0,0,0,0
2009-03-25 23:00:00,0,2111.03,0,255.83,10796.6,4879.27,5824.2,0,0,1659.27,11260.04,195.86,0,12328.92,1222.55,3375.7,66627.18,0,16350.75,0,0,76854.75,0,0,0,2280.42,2160.4,0,21336.69,27011.7,66.84,1976.66,15184.42,0,0,0,0
2009-03-26 00:00:00,0,2016.36,0,232.41,10161.85,4386.77,5454.33,0,0,1520.43,10332.32,181.45,0,11593.23,1110.41,3249.06,64010.65,0,15436.02,0,0,74190.81,0,0,0,2134.59,2036.46,0,20199.03,25934.14,66.04,1836.94,14362.52,0,0,0,0
2009-03-26 01:00:00,0,1926.13,0,212.53,9569.33,3915.87,5110.21,0,0,1383.84,9393.27,164.61,0,11264.25,1012.29,3134.52,61700.98,0,14548.64,0,0,71869.29,0,0,0,2023.1,1912.49,0,18982.07,24867.51,65.5,1700.63,13708.48,0,0,0,0
2009-03-26 02:00:00,0,1872.56,0,195.88,9299.33,3554.02,4923.83,0,0,1264.59,8541.11,146.92,0,11209.06,935.55,2986.57,59431.34,0,14050.63,0,0,70028.47,0,0,0,1965.59,1855.69,0,18245.29,23734.39,64.7,1572.73,13066.4,0,0,0,0
2009-03-26 03:00:00,0,1928.01,0,191.26,9444.67,3477.98,5029.51,0,0,1234.78,8279.57,138.44,0,11319.98,942.97,2948.39,58751.75,0,13973.98,0,0,70578.04,0,0,0,1954.09,1891.95,0,18038.27,23540.03,64.18,1541.02,12764.73,0,0,0,0
2009-03-26 04:00:00,0,2026.86,0,196.74,9725.09,3688.2,5267.19,0,0,1293.95,8655.23,141.29,0,11568.3,995.21,3070.51,59877.51,0,14469.15,0,0,72962.14,0,0,0,2014.52,1926.48,0,18442.4,23856.42,65.41,1590.61,12874.06,0,0,0,0
2009-03-26 05:00:00,0,2129.69,0,209.19,10163.61,3910.04,5501.94,0,0,1351.69,9096.88,147.61,0,11908.92,1048.01,3223.15,61432.5,0,15187.08,0,0,75026.2,0,0,0,2092.42,1970.11,0,18896.72,24703.88,66.99,1660.07,13416.24,0,0,0,0
2009-03-26 06:00:00,0,2226.16,0,225.59,10612.45,4132.67,5717.67,0,0,1407.03,9507.98,153.42,0,12398.3,1094.57,3358.25,63194.87,0,15848.81,0,0,77268.87,0,0,0,2172.11,2012.82,0,19308.32,25588.56,68.64,1726.13,13913.31,0,0,0,0
2009-03-26 07:00:00,0,2304.71,0,240.14,11276.57,4508.5,5962.94,0,0,1550.89,10433.12,163.16,0,13779.6,1175.12,3514.62,65174.1,0,17655.42,0,0,81032.0,0,0,0,2296.88,2084.75,0,19943.17,26432.78,71.06,1849.93,14411.95,0,0,0,0
2009-03-26 08:00:00,0,2412.02,0,272.48,11686.96,5020.93,6167.57,0,0,1705.13,11649.33,179.74,0,13967.38,1208.14,3774.71,69775.63,0,18189.71,0,0,85413.19,0,0,0,2363.37,2166.76,0,21402.31,27981.49,72.67,2035.56,15314.77,0,0,0,0
2009-03-26 09:00:00,0,2314.91,0,284.99,11675.95,5258.67,6201.47,0,0,1786.28,12540.58,188.05,0,14014.45,1225.83,3902.35,71882.74,0,18433.84,0,0,86533.84,0,0,0,2410.3,2229.75,0,22035.57,28562.2,71.92,2164.43,15818.68,0,0,0,0
2009-03-26 10:00:00,0,2200.81,0,295.85,11460.36,5366.0,6247.08,0,0,1855.55,13186.42,190.44,0,13951.31,1249.68,3978.48,73062.66,0,18515.85,0,0,87121.56,0,0,0,2446.38,2275.62,0,22090.09,29057.96,69.47,2253.97,16038.99,0,0,0,0
2009-03-26 11:00:00,0,2107.19,0,306.71,11191.85,5684.79,6229.97,0,0,1929.81,13821.51,203.32,0,14014.9,1302.08,4000.49,73504.19,0,18660.52,0,0,86754.47,0,0,0,2461.23,2263.74,0,22344.43,29318.31,67.57,2396.19,16278.0,0,0,0,0
2009-03-26 12:00:00,0,2035.99,0,310.73,11069.81,6032.67,6163.77,0,0,2035.17,14424.04,204.09,0,14095.15,1360.24,4025.04,73334.28,0,18810.72,0,0,86041.24,0,0,0,2456.37,2271.29,0,22477.08,29324.59,67.22,2522.23,16312.55,0,0,0,0
2009-03-26 13:00:00,0,2011.95,0,313.73,10965.78,6337.72,6134.0,0,0,2133.41,15046.6,217.56,0,14215.17,1410.3,4012.37,72837.64,0,18950.59,0,0,85245.87,0,0,0,2465.83,2284.5,0,22638.24,29251.44,67.54,2574.05,16310.13,0,0,0,0
2009-03-26 14:00:00,0,1980.74,0,319.1,10866.62,6428.76,6122.74,0,0,2206.07,15529.68,228.33,0,14344.51,1448.72,3977.29,72362.25,0,19041.56,0,0,84616.7,0,0,0,2487.71,2302.49,0,22709.45,28972.26,67.45,2623.44,16186.95,0,0,0,0
2009-03-26 15:00:00,0,1994.54,0,323.69,10762.79,6531.47,6134.55,0,0,2252.57,15770.43,241.17,0,14585.84,1472.78,3873.15,71594.19,0,19084.15,0,0,84285.84,0,0,0,2511.7,2320.56,0,22705.68,28837.49,68.08,2689.87,16101.9,0,0,0,0
2009-03-26 16:00:00,0,2035.09,0,327.87,10784.25,6660.45,6157.96,0,0,2251.65,15975.79,248.21,0,14806.42,1508.79,3817.46,71039.68,0,19177.09,0,0,84121.02,0,0,0,2516.47,2353.29,0,22632.75,28653.12,68.68,2769.09,15985.45,0,0,0,0
2009-03-26 17:00:00,0,2059.04,0,322.48,10697.92,6732.82,6142.18,0,0,2238.43,15861.68,250.29,0,15017.96,1496.55,3785.52,70961.01,0,19312.48,0,0,83988.07,0,0,0,2541.69,2380.74,0,22760.68,28382.07,68.91,2777.03,16050.26,0,0,0,0
2009-03-26 18:00:00,0,2073.82,0,313.11,10671.92,6515.99,6126.55,0,0,2228.18,15461.74,244.92,0,15381.59,1474.58,3729.95,70607.65,0,19497.13,0,0,84136.87,0,0,0,2559.73,2377.99,0,22835.87,28141.99,68.64,2719.4,16110.88,0,0,0,0
2009-03-26 19:00:00,0,2048.78,0,326.17,11315.84,6780.99,6689.07,0,0,2336.53,15603.93,259.25,0,15707.77,1588.58,3884.25,72140.64,0,19443.77,0,0,88013.74,0,0,0,2626.9,2528.91,0,23648.32,27142.98,69.97,2792.27,16339.54,0,0,0,0
2009-03-26 20:00:00,0,2107.41,0,320.89,11247.77,6437.33,6352.32,0,0,2161.96,14512.72,242.38,0,14864.53,1509.06,3755.29,71299.41,0,18757.26,0,0,84241.94,0,0,0,2637.41,2490.28,0,23477.09,28405.52,69.13,2554.21,16376.11,0,0,0,0
2009-03-26 21:00:00,0,2175.52,0,309.93,11021.85,6055.76,6023.33,0,0,1989.9,13503.5,232.92,0,13988.87,1417.71,3618.25,70841.77,0,17994.53,0,0,80585.1,0,0,0,2615.71,2448.57,0,23144.57,29022.31,69.52,2363.44,16508.87,0,0,0,0
2009-03-26 22:00:00,0,2161.67,0,287.66,10358.16,5477.0,5696.61,0,0,1839.13,12611.76,215.07,0,13085.12,1330.01,3510.55,69047.73,0,17017.56,0,0,77367.55,0,0,0,2469.68,2347.28,0,21772.38,28416.54,68.63,2166.59,15722.95,0,0,0,0
2009-03-26 23:00:00,0,2056.5,0,266.68,9703.76,4954.21,5378.09,0,0,1701.01,11712.94,200.49,0,12192.15,1252.0,3422.48,66697.56,0,15875.25,0,0,74438.01,0,0,0,2325.39,2221.15,0,20436.17,27372.81,68.15,1984.72,14886.94,0,0,0,0
2009-03-27 00:00:00,0,1963.73,0,246.57,9003.65,4438.32,4997.75,0,0,1552.72,10743.17,180.36,0,11374.75,1125.29,3334.11,64540.7,0,14739.97,0,0,72052.46,0,0,0,2182.43,2082.87,0,19181.01,26340.87,67.47,1828.47,14032.31,0,0,0,0
2009-03-27 01:00:00,0,1881.09,0,223.99,8422.97,3930.32,4606.0,0,0,1407.42,9742.86,161.54,0,10949.69,1012.5,3259.51,62427.46,0,13859.07,0,0,69738.19,0,0,0,2058.02,1947.89,0,18165.12,25428.66,66.94,1678.18,13302.87,0,0,0,0
2009-03-27 02:00:00,0,1778.78,0,207.23,8173.69,3518.88,4322.92,0,0,1275.68,8832.95,143.64,0,10857.4,942.34,3184.01,60392.19,0,13442.6,0,0,68203.9,0,0,0,1992.89,1854.9,0,17610.23,24562.0,66.71,1565.17,12663.04,0,0,0,0
2009-03-27 03:00:00,0,1791.05,0,199.53,8222.06,3526.7,4304.72,0,0,1248.54,8573.35,138.32,0,11089.04,942.68,3156.91,59357.61,0,13571.46,0,0,67937.16,0,0,0,1959.9,1840.31,0,17632.8,24167.69,66.23,1550.5,12560.54,0,0,0,0
2009-03-27 04:00:00,0,1896.96,0,206.91,8483.34,3726.11,4547.01,0,0,1308.69,8934.53,144.47,0,11442.58,986.84,3284.37,60835.18,0,14187.94,0,0,69942.16,0,0,0,2010.44,1883.49,0,18149.52,24549.68,66.3,1618.53,12893.87,0,0,0,0
2009-03-27 05:00:00,0,1988.52,0,216.91,9007.06,3932.41,4814.25,0,0,1364.24,9389.31,150.19,0,11823.03,1028.13,3448.66,62672.38,0,14688.97,0,0,72121.84,0,0,0,2083.68,1932.85,0,18682.99,25446.01,67.73,1676.42,13376.17,0,0,0,0
2009-03-27 06:00:00,0,2078.15,0,226.91,9539.88,4152.5,5097.5,0,0,1419.44,9819.43,156.24,0,12166.47,1072.52,3610.79,64424.08,0,15414.37,0,0,74344.41,0,0,0,2165.07,1984.63,0,19162.78,26441.14,69.33,1748.48,13903.95,0,0,0,0
2009-03-27 07:00:00,0,2169.24,0,240.78,10284.26,4558.52,5393.61,0,0,1571.94,10728.3,166.16,0,13224.73,1150.31,3790.09,66637.91,0,17336.61,0,0,81533.28,0,0,0,2266.01,2060.17,0,19804.4,27353.96,70.52,1886.34,14588.5,0,0,0,0
2009-03-27 08:00:00,0,2329.59,0,272.22,10689.27,5047.77,5653.73,0,0,1734.81,11883.35,178.91,0,13545.52,1212.85,3961.81,71462.96,0,17598.2,0,0,82884.6,0,0,0,2341.03,2122.2,0,20681.7,28950.96,72.33,2063.67,15534.45,0,0,0,0
2009-03-27 09:00:00,0,2479.13,0,282.17,10906.27,5319.49,5853.85,0,0,1833.06,12865.94,190.13,0,13301.89,1247.67,4007.22,73538.97,0,17519.14,0,0,83104.74,0,0,0,2401.73,2175.55,0,21344.57,30353.0,74.49,2193.78,15888.9,0,0,0,0
2009-03-27 10:00:00,0,2542.95,0,295.14,10964.85,5501.25,5932.98,0,0,1922.58,13642.8,200.53,0,13056.0,1294.68,4022.23,74649.53,0,17265.91,0,0,81897.81,0,0,0,2436.94,2198.44,0,21708.13,31057.45,76.83,2333.51,16040.37,0,0,0,0
2009-03-27 11:00:00,0,2572.85,0,301.57,10822.44,5833.99,5889.34,0,0,2034.68,14420.66,202.25,0,13052.35,1325.06,4000.62,74989.86,0,17104.6,0,0,80876.74,0,0,0,2477.32,2209.89,0,22023.42,31543.42,79.01,2473.67,16192.72,0,0,0,0
2009-03-27 12:00:00,0,2572.92,0,306.94,10742.24,6266.39,5861.16,0,0,2172.94,15230.82,231.52,0,12934.6,1402.82,3983.16,74932.62,0,16922.66,0,0,79566.29,0,0,0,2509.22,2233.51,0,22150.02,31708.7,78.73,2629.02,16371.82,0,0,0,0
2009-03-27 13:00:00,0,2573.28,0,314.76,10669.14,6569.13,5891.6,0,0,2292.81,15962.72,240.18,0,12781.67,1456.54,3939.86,74355.58,0,16854.33,0,0,78779.06,0,0,0,2517.62,2246.91,0,22234.21,31483.11,78.71,2755.71,16381.99,0,0,0,0
2009-03-27 14:00:00,0,2525.4,0,315.59,10770.59,6847.03,5975.42,0,0,2372.24,16588.67,245.4,0,12598.78,1465.09,3905.41,73824.32,0,16992.48,0,0,78664.72,0,0,0,2517.84,2264.43,0,22286.95,31229.75,77.9,2870.95,16400.13,0,0,0,0
2009-03-27 15:00:00,0,2467.22,0,321.54,10799.64,6987.93,6051.3,0,0,2421.42,16966.81,247.27,0,12538.46,1453.12,3861.01,73301.08,0,17255.25,0,0,79259.02,0,0,0,2515.64,2290.99,0,22300.67,30890.9,76.51,2930.87,16423.14,0,0,0,0
2009-03-27 16:00:00,0,2420.77,0,323.55,10726.33,7064.17,6062.09,0,0,2434.39,17171.91,248.16,0,12759.52,1458.94,3865.87,72995.64,0,17470.41,0,0,80121.7,0,0,0,2519.79,2337.91,0,22396.43,30573.3,75.2,2933.91,16441.1,0,0,0,0
2009-03-27 17:00:00,0,2436.75,0,320.37,10755.37,7054.72,6088.62,0,0,2406.6,16950.73,244.1,0,13097.66,1482.89,3821.27,72380.8,0,17571.39,0,0,80781.42,0,0,0,2521.9,2372.85,0,22514.39,30409.79,75.38,2890.33,16471.36,0,0,0,0
2009-03-27 18:00:00,0,2452.67,0,311.59,10690.98,6777.59,6083.04,0,0,2344.84,16379.57,240.08,0,13799.77,1496.97,3774.02,71732.65,0,17809.8,0,0,82001.85,0,0,0,2521.24,2404.02,0,22626.2,30253.01,75.42,2791.44,16524.15,0,0,0,0
2009-03-27 19:00:00,0,2328.29,0,300.03,10655.61,6527.08,6387.07,0,0,2331.63,15859.02,250.87,0,13972.63,1535.1,3628.09,68178.14,0,17605.29,0,0,82915.48,0,0,0,2529.82,2612.72,0,22561.91,28234.53,65.32,2709.42,15282.35,0,0,0,0
2009-03-27 20:00:00,0,2402.66,0,291.34,10603.24,6258.79,6058.7,0,0,2165.63,14869.27,238.5,0,13341.74,1462.94,3474.87,68612.13,0,17059.32,0,0,79889.85,0,0,0,2514.44,2561.63,0,22755.26,28719.74,64.26,2525.29,15331.38,0,0,0,0
2009-03-27 21:00:00,0,2491.81,0,284.91,10386.74,6012.45,5740.09,0,0,2007.25,13873.64,228.77,0,12718.29,1392.84,3418.42,68546.99,0,16527.93,0,0,77475.29,0,0,0,2518.88,2491.74,0,22522.32,28800.8,63.46,2362.48,15516.68,0,0,0,0
2009-03-27 22:00:00,0,2502.12,0,274.54,9748.44,5474.87,5440.61,0,0,1864.64,12940.34,210.67,0,12060.01,1295.84,3350.63,67102.43,0,15747.65,0,0,75265.91,0,0,0,2410.38,2361.87,0,21385.17,28413.72,62.8,2212.59,14718.27,0,0,0,0
2009-03-27 23:00:00,0,2408.82,0,256.5,9111.25,4974.06,5142.4,0,0,1716.65,12011.67,192.47,0,11365.11,1185.29,3255.07,65277.94,0,14924.85,0,0,72589.41,0,0,0,2261.35,2247.03,0,20290.63,27900.4,61.94,2076.13,13906.72,0,0,0,0
2009-03-28 00:00:00,0,2308.54,0,239.61,8481.62,4518.61,4843.7,0,0,1577.61,11094.17,176.3,0,10782.33,1104.98,3144.37,63752.44,0,14307.99,0,0,70121.42,0,0,0,2137.77,2131.29,0,19224.1,27170.24,60.79,1941.25,13300.26,0,0,0,0
2009-03-28 01:00:00,0,2212.8,0,222.65,7960.44,4127.4,4554.32,0,0,1450.49,10210.45,162.04,0,10501.51,1031.78,3019.62,62230.97,0,13672.79,0,0,67641.96,0,0,0,2045.83,2029.34,0,18453.99,26517.87,59.36,1824.66,12589.05,0,0,0,0
2009-03-28 02:00:00,0,2124.73,0,205.45,7681.9,3859.99,4288.44,0,0,1332.48,9509.63,150.77,0,10456.97,981.08,2918.51,60645.64,0,13177.04,0,0,65452.56,0,0,0,1990.87,1921.59,0,17958.25,25893.76,58.87,1689.45,12079.99,0,0,0,0
2009-03-28 03:00:00,0,2112.51,0,196.05,7561.35,3674.88,4122.63,0,0,1265.96,9129.17,142.64,0,10505.27,948.51,2821.64,59972.79,0,12935.52,0,0,64260.64,0,0,0,1944.47,1861.14,0,17563.94,25455.35,59.56,1625.07,11814.83,0,0,0,0
2009-03-28 04:00:00,0,2126.67,0,197.7,7502.06,3623.32,4096.33,0,0,1259.79,8971.34,139.85,0,10604.55,949.27,2774.62,59635.92,0,12885.92,0,0,64261.37,0,0,0,1925.41,1867.16,0,17374.35,25393.09,58.57,1600.48,11690.74,0,0,0,0
2009-03-28 05:00:00,0,2206.8,0,202.53,7609.31,3691.75,4232.45,0,0,1286.29,9053.51,142.15,0,10749.81,965.42,2847.95,60170.4,0,13077.88,0,0,64952.76,0,0,0,1940.66,1904.67,0,17502.27,25715.41,58.92,1613.83,11730.61,0,0,0,0
2009-03-28 06:00:00,0,2276.77,0,210.11,7896.72,3793.7,4419.58,0,0,1318.05,9245.32,147.03,0,11015.02,995.35,2967.91,61615.38,0,13364.77,0,0,65791.18,0,0,0,1980.48,1943.55,0,17844.34,26229.23,59.99,1655.78,11929.11,0,0,0,0
2009-03-28 07:00:00,0,2332.54,0,218.27,8221.61,4126.07,4669.36,0,0,1416.05,10011.48,155.82,0,11346.93,1047.99,3063.15,63422.62,0,13978.34,0,0,68954.77,0,0,0,2015.01,1990.38,0,18273.89,26790.24,60.83,1717.61,12173.86,0,0,0,0
2009-03-28 08:00:00,0,2426.46,0,236.47,8570.14,4678.95,4919.69,0,0,1593.56,11333.27,168.7,0,11616.44,1109.25,3164.27,66501.24,0,14210.55,0,0,70849.65,0,0,0,2089.19,2081.06,0,18819.08,27591.55,62.12,1874.39,12721.06,0,0,0,0
2009-03-28 09:00:00,0,2530.74,0,246.71,8917.4,5131.14,5182.44,0,0,1746.69,12483.91,173.57,0,11667.84,1156.4,3240.51,68510.55,0,14292.04,0,0,72456.6,0,0,0,2183.81,2174.04,0,19191.39,28495.7,63.31,2067.46,13194.41,0,0,0,0
2009-03-28 10:00:00,0,2623.63,0,263.33,9184.53,5594.19,5304.32,0,0,1914.31,13778.53,183.53,0,11599.4,1248.57,3303.69,69183.31,0,14474.11,0,0,73832.05,0,0,0,2254.37,2231.04,0,19862.22,29120.51,63.99,2279.44,13610.28,0,0,0,0
2009-03-28 11:00:00,0,2659.41,0,279.15,9306.42,6201.61,5355.39,0,0,2091.98,15068.29,202.01,0,11469.17,1354.09,3313.4,69155.12,0,14424.18,0,0,74795.35,0,0,0,2325.8,2295.13,0,20409.53,29694.61,64.5,2491.03,14032.66,0,0,0,0
2009-03-28 12:00:00,0,2677.17,0,269.33,9260.39,6638.52,5373.68,0,0,2243.46,16125.65,224.44,0,11344.73,1440.87,3312.36,69094.81,0,14658.12,0,0,75202.2,0,0,0,2409.5,2394.74,0,21282.21,29814.55,64.56,2619.26,14342.07,0,0,0,0
2009-03-28 13:00:00,0,2673.24,0,267.71,9240.76,6942.77,5434.02,0,0,2359.92,17013.19,241.77,0,11497.26,1555.23,3295.82,68752.72,0,14992.37,0,0,75480.84,0,0,0,2510.23,2493.49,0,21712.04,29659.9,64.89,2689.69,14460.78,0,0,0,0
2009-03-28 14:00:00,0,2677.23,0,277.64,9253.31,7255.4,5544.26,0,0,2449.6,17528.29,250.02,0,11363.69,1633.33,3287.74,68281.39,0,14768.02,0,0,75630.73,0,0,0,2615.93,2649.15,0,21785.26,29273.42,65.29,2775.32,14335.65,0,0,0,0
2009-03-28 15:00:00,0,2670.95,0,279.48,9307.07,7449.61,5655.9,0,0,2507.77,17740.92,248.15,0,11396.09,1638.34,3270.59,67929.49,0,15107.3,0,0,75862.69,0,0,0,2621.11,2656.48,0,21695.83,28845.64,65.84,2813.89,14312.85,0,0,0,0
2009-03-28 16:00:00,0,2671.29,0,286.59,9259.72,7447.84,5661.03,0,0,2530.37,17763.27,243.34,0,11682.48,1692.59,3247.35,67771.06,0,15338.33,0,0,76228.85,0,0,0,2566.1,2552.87,0,21796.09,28486.42,66.14,2795.7,14276.64,0,0,0,0
2009-03-28 17:00:00,0,2671.5,0,282.3,9197.25,7289.33,5725.6,0,0,2486.47,17321.13,242.47,0,12004.15,1628.84,3204.74,67261.06,0,15418.99,0,0,76881.96,0,0,0,2527.08,2505.88,0,21620.65,28251.25,65.08,2734.94,14237.54,0,0,0,0
2009-03-28 18:00:00,0,2670.55,0,281.25,9273.51,6884.93,5766.01,0,0,2376.45,16679.58,239.39,0,12658.84,1540.47,3167.93,66705.97,0,15622.82,0,0,77680.92,0,0,0,2476.47,2500.74,0,21332.97,27899.54,64.43,2634.67,14109.7,0,0,0,0
2009-03-28 19:00:00,0,2542.7,0,303.5,10787.35,7008.14,6619.05,0,0,2553.86,16634.66,263.68,0,14030.25,1687.33,3540.5,71380.94,0,17551.78,0,0,85890.73,0,0,0,2687.68,2785.8,0,22139.93,28522.92,73.94,2757.87,15193.07,0,0,0,0
2009-03-28 20:00:00,0,2607.31,0,304.43,10714.5,6745.58,6309.02,0,0,2354.9,15556.28,256.33,0,13477.43,1600.2,3404.82,71986.78,0,17076.12,0,0,83489.82,0,0,0,2632.69,2703.69,0,22223.06,29068.8,73.16,2590.69,15895.19,0,0,0,0
2009-03-28 21:00:00,0,2676.87,0,295.32,10567.76,6440.52,6009.16,0,0,2173.47,14526.9,252.43,0,12927.61,1491.72,3320.2,72201.33,0,16950.7,0,0,81354.26,0,0,0,2608.47,2593.39,0,22070.58,29191.28,72.22,2412.43,16488.71,0,0,0,0
2009-03-28 22:00:00,0,2646.22,0,275.57,9986.51,5932.76,5751.8,0,0,2007.99,13470.22,238.93,0,12318.12,1383.35,3240.84,70551.94,0,16161.39,0,0,78980.58,0,0,0,2492.06,2431.79,0,20741.15,28750.58,70.99,2252.24,15962.86,0,0,0,0
2009-03-28 23:00:00,0,2538.41,0,260.23,9416.15,5423.68,5506.81,0,0,1848.36,12510.6,217.26,0,11656.83,1293.51,3247.22,68705.69,0,15289.8,0,0,76536.88,0,0,0,2355.86,2311.47,0,19694.76,28155.4,69.51,2116.57,15273.41,0,0,0,0
2009-03-29 00:00:00,0,2431.26,0,245.8,8872.8,4986.5,5155.65,0,0,1695.75,11705.85,195.44,0,11031.76,1227.57,3214.99,66498.1,0,14560.29,0,0,73697.27,0,0,0,2215.69,2205.03,0,18807.77,27326.78,68.63,2019.35,14669.99,0,0,0,0
2009-03-29 01:00:00,0,2338.59,0,227.49,8504.59,4616.04,4819.25,0,0,1601.86,10889.97,184.04,0,10613.48,1111.22,3124.48,64611.15,0,13813.09,0,0,70361.84,0,0,0,2117.22,2109.08,0,17729.0,26494.52,67.45,1906.01,14147.45,0,0,0,0
2009-03-29 02:00:00,0,2299.26,0,203.97,8346.6,4284.7,4483.85,0,0,1497.37,10203.36,172.48,0,10495.24,1063.71,3097.38,62827.47,0,13248.58,0,0,67793.31,0,0,0,2051.9,2023.71,0,17353.07,25960.13,66.1,1781.97,13575.11,0,0,0,0
2009-03-29 03:00:00,0,2343.25,0,193.55,8142.1,4017.37,4116.41,0,0,1428.81,9980.98,162.85,0,10508.23,1028.16,3007.71,61521.26,0,12995.34,0,0,65954.68,0,0,0,1995.89,1943.27,0,17381.33,25597.73,65.88,1674.4,13401.23,0,0,0,0
2009-03-29 04:00:00,0,2412.53,0,183.25,7805.01,3811.14,3972.29,0,0,1359.22,9721.03,154.51,0,10610.56,965.91,3010.19,61071.56,0,12994.22,0,0,65066.01,0,0,0,1984.36,1890.05,0,17509.49,25571.97,66.73,1584.3,13454.6,0,0,0,0
2009-03-29 05:00:00,0,2522.67,0,183.39,7690.79,3791.75,4077.83,0,0,1346.31,9584.54,154.73,0,10829.1,974.39,3131.41,61532.97,0,13177.36,0,0,65622.49,0,0,0,1949.62,1856.05,0,17822.38,26002.85,68.4,1615.44,13585.21,0,0,0,0
2009-03-29 06:00:00,0,2619.12,0,189.21,7689.53,3894.73,4139.62,0,0,1373.77,9671.64,158.97,0,11084.56,1011.09,3242.41,62775.53,0,13516.8,0,0,66425.3,0,0,0,1964.07,1889.51,0,18592.18,26537.86,69.6,1681.18,14090.96,0,0,0,0
2009-03-29 07:00:00,0,2709.25,0,209.93,8027.54,4130.83,4544.35,0,0,1445.39,10194.55,155.1,0,11358.68,1056.22,3408.18,64190.75,0,13993.77,0,0,68533.59,0,0,0,1993.48,1987.78,0,20087.96,27136.94,71.1,1732.71,15036.63,0,0,0,0
2009-03-29 08:00:00,0,2934.72,0,232.03,8456.0,4348.89,4918.76,0,0,1557.75,11207.03,159.13,0,11631.37,1035.98,3552.98,66571.27,0,14438.29,0,0,71402.83,0,0,0,2117.77,2127.13,0,21757.06,27750.68,73.02,1763.87,16348.19,0,0,0,0
2009-03-29 09:00:00,0,2897.72,0,250.64,8901.86,4613.01,5199.94,0,0,1664.62,12225.66,166.99,0,11871.49,1095.52,3653.61,68565.08,0,14712.73,0,0,73535.71,0,0,0,2248.48,2246.66,0,22353.3,27909.87,73.53,1829.01,17022.45,0,0,0,0
2009-03-29 10:00:00,0,2725.26,0,257.77,9212.51,4892.11,5270.32,0,0,1774.7,13126.57,166.23,0,12084.81,1152.05,3741.0,69641.28,0,14994.51,0,0,75175.53,0,0,0,2317.47,2322.19,0,22864.27,27594.88,72.11,1854.07,17279.01,0,0,0,0
2009-03-29 11:00:00,0,2512.53,0,256.34,9230.05,5221.08,5189.65,0,0,1870.51,14018.92,166.68,0,12288.32,1222.93,3789.34,69595.98,0,15153.57,0,0,76138.29,0,0,0,2278.22,2267.55,0,23397.94,27006.15,70.84,1912.37,17250.54,0,0,0,0
2009-03-29 12:00:00,0,2388.93,0,256.57,9154.19,5491.18,5233.13,0,0,1928.18,14949.15,167.14,0,12464.76,1257.08,3808.31,69268.91,0,15449.27,0,0,76436.66,0,0,0,2239.24,2209.44,0,23417.45,26644.11,68.75,2039.27,16901.14,0,0,0,0
2009-03-29 13:00:00,0,2293.61,0,257.76,9129.35,5601.67,5254.52,0,0,1995.63,15517.31,165.38,0,12616.83,1248.18,3837.28,68798.61,0,15451.12,0,0,76382.12,0,0,0,2234.36,2177.73,0,22685.69,26172.82,67.02,2142.14,16640.19,0,0,0,0
2009-03-29 14:00:00,0,2184.31,0,259.06,9156.55,5774.29,5272.83,0,0,2081.87,16279.9,165.02,0,12752.4,1244.79,3830.96,68143.19,0,15791.27,0,0,75992.23,0,0,0,2251.01,2162.07,0,22061.39,25543.18,66.08,2178.33,16384.88,0,0,0,0
2009-03-29 15:00:00,0,2060.68,0,264.56,9095.49,5821.88,5279.31,0,0,2122.15,16544.42,169.35,0,12953.25,1256.18,3827.76,67341.73,0,15834.99,0,0,75646.43,0,0,0,2273.66,2210.06,0,21464.42,24958.8,65.41,2226.59,16101.47,0,0,0,0
2009-03-29 16:00:00,0,1988.87,0,268.51,8929.61,5784.51,5323.97,0,0,2107.73,16504.73,177.03,0,13035.32,1259.81,3826.0,66773.48,0,16034.48,0,0,74849.35,0,0,0,2264.88,2211.91,0,21123.11,24479.31,64.44,2274.19,15850.46,0,0,0,0
2009-03-29 17:00:00,0,1940.84,0,269.81,8742.88,5784.9,5279.24,0,0,2076.72,16111.2,187.51,0,13310.94,1317.53,3806.48,66343.92,0,16297.78,0,0,74863.14,0,0,0,2226.69,2241.37,0,20989.44,24505.37,63.07,2291.14,15506.18,0,0,0,0
2009-03-29 18:00:00,0,1956.98,0,266.12,9032.34,5631.43,5270.94,0,0,2043.48,15653.02,198.0,0,13562.35,1317.26,3792.15,65677.32,0,16386.53,0,0,75617.87,0,0,0,2224.0,2271.35,0,20855.04,24650.91,60.96,2265.95,15215.86,0,0,0,0
2009-03-29 19:00:00,0,2210.25,0,311.64,11448.22,6370.98,6633.75,0,0,2371.54,16547.18,232.01,0,15332.43,1590.42,4366.17,74005.61,0,18799.13,0,0,90418.89,0,0,0,2620.31,2444.26,0,23563.85,26464.02,74.14,2651.82,17398.26,0,0,0,0
2009-03-29 20:00:00,0,2380.48,0,297.39,11831.34,6075.65,6346.68,0,0,2182.14,15270.73,228.03,0,14478.67,1473.33,4227.27,74022.84,0,18197.92,0,0,88294.96,0,0,0,2624.18,2456.62,0,23958.51,28343.13,74.82,2449.23,18125.18,0,0,0,0
2009-03-29 21:00:00,0,2507.72,0,284.29,11742.86,5749.36,5964.09,0,0,2001.94,14175.19,223.58,0,13598.62,1364.08,4123.18,73983.39,0,17341.03,0,0,85533.98,0,0,0,2565.94,2415.13,0,23891.85,29301.23,74.67,2256.59,18463.57,0,0,0,0
2009-03-29 22:00:00,0,2452.43,0,264.5,11211.73,5220.05,5709.25,0,0,1823.48,12968.94,204.82,0,12711.71,1264.96,4038.82,72117.88,0,16256.45,0,0,82074.29,0,0,0,2445.08,2354.77,0,22913.65,28742.28,73.82,2085.42,18130.22,0,0,0,0
2009-03-29 23:00:00,0,2347.22,0,245.16,10658.92,4708.17,5503.17,0,0,1648.05,11779.88,185.74,0,11905.3,1168.55,3929.41,70068.59,0,15560.71,0,0,78421.79,0,0,0,2329.09,2253.39,0,22030.46,27719.11,72.4,1928.1,17608.27,0,0,0,0
2009-03-30 00:00:00,0,2234.09,0,227.49,10062.14,4221.75,5264.05,0,0,1494.88,10611.26,166.87,0,11177.83,1091.7,3835.02,68003.3,0,14578.61,0,0,75352.85,0,0,0,2215.84,2152.68,0,21245.45,26637.54,71.04,1778.46,17087.33,0,0,0,0
2009-03-30 01:00:00,0,2119.57,0,211.76,9563.57,3786.15,5070.09,0,0,1357.71,9551.53,150.58,0,10757.28,1046.83,3715.91,65823.53,0,13742.58,0,0,72806.99,0,0,0,2117.63,2067.66,0,20552.47,25578.41,70.07,1644.92,16575.69,0,0,0,0
2009-03-30 02:00:00,0,2051.02,0,199.21,9390.92,3493.61,4919.88,0,0,1247.61,8540.76,139.63,0,10644.75,1029.44,3685.6,63573.91,0,13242.17,0,0,70935.79,0,0,0,2068.93,2052.09,0,20232.33,24572.79,68.97,1517.22,16379.98,0,0,0,0
2009-03-30 03:00:00,0,2056.53,0,201.34,9506.33,3502.39,5118.84,0,0,1246.51,8351.3,140.77,0,10837.95,1068.01,3713.74,62489.38,0,13331.71,0,0,70847.0,0,0,0,2095.72,2181.41,0,20780.28,24000.0,68.81,1509.75,16613.31,0,0,0,0
2009-03-30 04:00:00,0,2124.48,0,218.94,10233.36,3763.06,5569.27,0,0,1317.09,8644.93,150.52,0,11193.08,1152.65,3880.85,63897.93,0,14072.48,0,0,72246.33,0,0,0,2228.95,2316.43,0,21820.69,24266.43,70.23,1570.84,17019.63,0,0,0,0
2009-03-30 05:00:00,0,2193.77,0,233.81,10997.47,4085.21,6030.37,0,0,1387.97,8977.72,157.06,0,11602.79,1239.67,4041.98,65702.46,0,14872.96,0,0,74957.35,0,0,0,2369.01,2435.57,0,22873.85,24986.44,72.54,1643.71,17494.35,0,0,0,0
2009-03-30 06:00:00,0,2255.36,0,247.89,11765.05,4452.98,6455.67,0,0,1457.22,9362.37,163.46,0,12089.19,1323.5,4187.54,67356.07,0,15424.9,0,0,77740.38,0,0,0,2517.77,2571.2,0,23976.03,25792.09,74.84,1721.48,18052.09,0,0,0,0
2009-03-30 07:00:00,0,2310.92,0,285.3,12994.33,5036.98,6837.26,0,0,1625.96,10281.59,176.94,0,12989.69,1496.36,4408.63,69772.26,0,17317.35,0,0,86324.95,0,0,0,2786.49,2725.67,0,25644.6,26607.85,76.81,1841.36,18875.96,0,0,0,0
2009-03-30 08:00:00,0,2466.05,0,291.11,12892.76,5326.94,6934.86,0,0,1734.54,11385.76,182.11,0,13592.81,1462.27,4498.62,75057.91,0,18013.63,0,0,87859.63,0,0,0,2762.41,2743.24,0,26473.79,28395.43,79.22,1961.05,19705.35,0,0,0,0
2009-03-30 09:00:00,0,2414.84,0,298.09,12593.53,5329.92,6793.55,0,0,1816.01,12180.87,181.66,0,14238.06,1389.19,4403.17,74925.26,0,18023.97,0,0,88182.43,0,0,0,2702.24,2707.67,0,25526.99,29081.58,78.13,2031.09,18891.19,0,0,0,0
2009-03-30 10:00:00,0,2329.57,0,295.92,11899.86,5274.36,6503.47,0,0,1804.64,12638.38,179.72,0,14517.09,1357.41,4255.69,73778.4,0,18064.65,0,0,86462.18,0,0,0,2615.83,2581.33,0,24576.63,29438.04,76.24,2061.81,17849.92,0,0,0,0
2009-03-30 11:00:00,0,2244.34,0,293.23,11399.3,5172.48,6069.52,0,0,1833.95,13106.59,177.12,0,14551.0,1332.84,4126.59,73246.48,0,18026.28,0,0,84592.07,0,0,0,2539.18,2483.47,0,23808.99,29388.25,74.33,2080.86,17187.52,0,0,0,0
2009-03-30 12:00:00,0,2140.4,0,285.31,11043.52,5171.09,5674.08,0,0,1881.97,13593.89,176.16,0,14369.89,1327.12,3992.92,72751.7,0,18009.38,0,0,82960.72,0,0,0,2464.58,2409.0,0,23209.72,29199.28,72.48,2117.47,16628.78,0,0,0,0
2009-03-30 13:00:00,0,2027.44,0,281.61,10673.85,5269.43,5481.29,0,0,1926.31,14098.56,176.49,0,14264.18,1310.51,3883.22,72216.17,0,17970.75,0,0,81335.31,0,0,0,2431.19,2369.58,0,22753.77,28927.51,71.2,2183.09,16073.92,0,0,0,0
2009-03-30 14:00:00,0,1948.21,0,283.53,10383.63,5429.74,5385.36,0,0,1967.57,14660.17,175.02,0,14342.24,1276.51,3777.76,71457.48,0,17978.19,0,0,79696.55,0,0,0,2436.67,2333.52,0,22245.65,28586.34,69.94,2286.6,15605.17,0,0,0,0
2009-03-30 15:00:00,0,1884.83,0,282.84,10262.83,5617.06,5322.5,0,0,2034.08,15131.09,178.47,0,14342.97,1257.39,3673.34,70934.3,0,17914.29,0,0,78168.68,0,0,0,2409.31,2272.06,0,21866.01,28206.74,69.33,2405.34,15733.98,0,0,0,0
2009-03-30 16:00:00,0,1837.04,0,281.12,10436.15,5868.7,5453.39,0,0,2117.63,15628.14,198.75,0,14402.94,1277.82,3626.43,70666.63,0,18012.46,0,0,77114.54,0,0,0,2376.14,2225.3,0,21750.24,27852.28,68.66,2535.62,15776.1,0,0,0,0
2009-03-30 17:00:00,0,1815.04,0,291.1,10509.09,6264.41,5634.33,0,0,2194.81,15764.19,217.03,0,14517.66,1336.05,3641.74,70498.29,0,18205.44,0,0,76992.74,0,0,0,2339.02,2189.36,0,21476.68,27598.52,68.37,2628.17,15790.61,0,0,0,0
2009-03-30 18:00:00,0,1828.91,0,291.6,10642.45,6415.41,5882.89,0,0,2197.38,15399.68,223.22,0,14865.23,1362.1,3678.09,70935.76,0,18609.02,0,0,79625.41,0,0,0,2366.83,2255.84,0,21380.94,27382.81,67.26,2633.24,15721.64,0,0,0,0
2009-03-30 19:00:00,0,1934.43,0,319.4,11053.72,6707.67,6656.95,0,0,2319.18,15592.53,251.11,0,15820.02,1500.69,3900.08,73265.68,0,19719.15,0,0,88810.03,0,0,0,2546.47,2519.54,0,22686.89,26371.6,69.14,2839.04,16447.26,0,0,0,0
2009-03-30 20:00:00,0,2035.36,0,301.61,11136.22,6293.18,6368.52,0,0,2147.38,14437.98,232.32,0,15019.67,1414.73,3806.86,72942.4,0,19001.22,0,0,85901.17,0,0,0,2549.73,2472.52,0,22977.88,28205.99,68.58,2587.44,16774.77,0,0,0,0
2009-03-30 21:00:00,0,2121.46,0,287.05,11129.15,5906.81,6079.93,0,0,1988.26,13538.3,216.75,0,14162.58,1335.52,3707.39,72690.73,0,18273.87,0,0,83185.3,0,0,0,2493.36,2429.69,0,22996.7,28956.68,68.09,2365.58,17123.08,0,0,0,0
2009-03-30 22:00:00,0,2135.01,0,266.49,10490.09,5375.85,5801.8,0,0,1843.95,12627.95,199.6,0,13232.36,1256.51,3622.16,70451.3,0,17285.78,0,0,80367.45,0,0,0,2363.57,2337.01,0,22015.1,28410.13,69.19,2182.01,16430.68,0,0,0,0
2009-03-30 23:00:00,0,2052.63,0,245.46,9952.87,4850.12,5540.65,0,0,1696.53,11679.76,183.2,0,12316.38,1178.5,3533.8,68242.4,0,16262.22,0,0,77587.46,0,0,0,2242.99,2240.18,0,21032.16,27260.16,68.47,2015.0,15632.69,0,0,0,0
2009-03-31 00:00:00,0,1913.48,0,226.25,9451.16,4333.41,5311.83,0,0,1551.74,10747.85,164.74,0,11471.08,1101.12,3452.23,65792.65,0,15349.99,0,0,75160.67,0,0,0,2137.51,2154.2,0,20000.67,26050.58,66.21,1873.02,14918.52,0,0,0,0
2009-03-31 01:00:00,0,1810.9,0,209.95,9061.82,3863.72,5080.37,0,0,1420.87,9845.24,148.79,0,10873.0,1029.01,3375.39,63402.1,0,14514.97,0,0,72831.16,0,0,0,2064.24,2085.62,0,18987.52,25032.91,64.91,1737.53,14241.26,0,0,0,0
2009-03-31 02:00:00,0,1727.38,0,198.45,8859.86,3527.42,4944.3,0,0,1306.76,8992.57,135.76,0,10855.97,970.49,3301.34,61229.52,0,14002.36,0,0,71117.36,0,0,0,2037.11,2071.95,0,18582.9,24110.89,63.47,1613.09,13603.21,0,0,0,0
2009-03-31 03:00:00,0,1729.87,0,201.04,8998.66,3513.8,5076.77,0,0,1269.52,8829.13,134.99,0,11054.07,987.32,3282.84,59742.77,0,13861.55,0,0,70819.17,0,0,0,2083.09,2165.98,0,18786.98,23488.21,64.03,1595.32,13581.6,0,0,0,0
2009-03-31 04:00:00,0,1814.53,0,207.68,9489.59,3728.24,5421.12,0,0,1323.91,9166.01,142.06,0,11418.21,1037.97,3430.38,60752.98,0,14188.46,0,0,72692.82,0,0,0,2209.73,2254.66,0,19371.3,23796.11,64.92,1658.65,13965.3,0,0,0,0
2009-03-31 05:00:00,0,1913.09,0,222.92,10204.72,3946.97,5834.43,0,0,1379.07,9535.57,148.99,0,11814.32,1086.05,3612.77,62511.38,0,14816.83,0,0,75255.58,0,0,0,2320.49,2326.01,0,19966.5,24591.4,65.88,1719.8,14433.25,0,0,0,0
2009-03-31 06:00:00,0,2004.79,0,232.12,10952.3,4166.58,6270.55,0,0,1432.71,9919.67,156.2,0,12678.42,1130.4,3770.5,64159.43,0,16073.06,0,0,78122.38,0,0,0,2381.33,2365.21,0,20619.9,25541.52,67.86,1766.52,14962.81,0,0,0,0
2009-03-31 07:00:00,0,2108.23,0,264.23,12215.17,4609.15,6847.42,0,0,1596.25,10919.89,169.82,0,13927.31,1232.23,3950.65,66982.91,0,17779.16,0,0,85423.36,0,0,0,2543.6,2472.6,0,22040.83,26546.27,70.02,1890.04,15657.73,0,0,0,0
2009-03-31 08:00:00,0,2341.92,0,277.67,12122.19,5053.24,6829.64,0,0,1780.3,12317.29,178.91,0,14230.33,1219.65,4084.76,71035.02,0,18168.87,0,0,86516.45,0,0,0,2533.75,2475.95,0,22804.83,28765.32,72.16,2057.18,16482.22,0,0,0,0
2009-03-31 09:00:00,0,2402.94,0,284.68,11839.97,5379.77,6628.72,0,0,1913.07,13436.57,188.73,0,14088.89,1231.37,4069.59,73225.18,0,18279.11,0,0,85837.63,0,0,0,2514.75,2457.71,0,22849.93,29626.76,74.79,2212.36,16525.42,0,0,0,0
2009-03-31 10:00:00,0,2383.15,0,295.29,11514.65,5611.9,6355.68,0,0,2043.21,14422.5,193.14,0,13722.65,1252.83,4083.18,74695.87,0,18003.52,0,0,83389.87,0,0,0,2469.45,2386.45,0,22891.42,30197.08,76.35,2335.85,16408.78,0,0,0,0
2009-03-31 11:00:00,0,2337.22,0,304.26,11019.65,5934.76,6072.06,0,0,2148.35,15482.72,213.19,0,13319.98,1285.66,4041.21,75322.84,0,17706.46,0,0,81049.1,0,0,0,2431.12,2304.4,0,22702.67,30260.82,76.78,2533.79,16394.72,0,0,0,0
2009-03-31 12:00:00,0,2284.24,0,314.07,10793.36,6387.37,5886.72,0,0,2257.45,16477.79,218.43,0,13233.69,1355.03,4031.5,75400.2,0,17472.69,0,0,79837.8,0,0,0,2409.13,2286.18,0,22678.61,30277.18,76.87,2755.71,16298.21,0,0,0,0
2009-03-31 13:00:00,0,2218.03,0,317.23,10645.18,6813.4,5838.82,0,0,2364.8,17204.65,230.0,0,13209.97,1410.34,3992.85,74979.75,0,17204.48,0,0,78539.89,0,0,0,2423.99,2291.54,0,22647.3,30013.41,76.03,2932.0,16292.61,0,0,0,0
2009-03-31 14:00:00,0,2156.24,0,310.2,10611.39,7205.29,5825.08,0,0,2468.5,17665.35,246.79,0,13089.52,1445.63,3973.86,74327.87,0,17095.78,0,0,77821.0,0,0,0,2433.36,2309.52,0,22620.83,29690.69,74.22,3067.06,16269.36,0,0,0,0
2009-03-31 15:00:00,0,2101.57,0,302.79,10553.16,7442.65,5801.02,0,0,2521.67,17729.14,265.41,0,13025.59,1452.88,3926.06,73491.61,0,17220.13,0,0,78044.54,0,0,0,2424.42,2280.9,0,22490.77,29189.92,71.77,3152.01,16331.93,0,0,0,0
2009-03-31 16:00:00,0,2046.2,0,301.71,10551.4,7547.34,5810.07,0,0,2523.81,17667.9,283.39,0,12991.56,1469.43,3917.72,73415.53,0,17213.98,0,0,79120.43,0,0,0,2464.93,2276.45,0,22500.96,28576.84,70.47,3202.02,16239.58,0,0,0,0
2009-03-31 17:00:00,0,2067.26,0,297.56,10708.17,7343.19,5879.91,0,0,2462.97,17230.7,273.43,0,13224.37,1465.59,3873.74,72848.03,0,17402.28,0,0,79751.11,0,0,0,2476.54,2305.84,0,22565.85,28283.37,69.84,3170.02,16175.86,0,0,0,0
2009-03-31 18:00:00,0,2090.04,0,296.44,10737.58,6988.64,5958.41,0,0,2364.03,16783.76,247.8,0,13914.29,1464.23,3796.47,72572.78,0,17796.28,0,0,81044.8,0,0,0,2490.03,2338.51,0,22605.36,28054.06,70.04,3062.09,16193.03,0,0,0,0
2009-03-31 19:00:00,0,2197.68,0,319.47,11167.28,7317.92,6428.42,0,0,2420.47,16892.17,260.22,0,14418.52,1552.33,3870.12,72761.7,0,17846.16,0,0,85239.63,0,0,0,2622.98,2525.22,0,23252.99,26977.33,71.14,3079.47,16354.45,0,0,0,0
2009-03-31 20:00:00,0,2269.67,0,308.56,11076.02,6940.93,6086.46,0,0,2260.63,15744.71,244.67,0,13653.92,1481.01,3767.09,72097.56,0,17168.43,0,0,81829.51,0,0,0,2601.74,2455.21,0,23224.61,28511.19,71.87,2846.86,16538.58,0,0,0,0
2009-03-31 21:00:00,0,2391.06,0,299.17,10831.25,6456.14,5766.29,0,0,2123.29,14688.78,233.66,0,12880.35,1397.82,3624.86,71654.5,0,16544.74,0,0,78605.0,0,0,0,2557.98,2376.36,0,22960.48,29089.47,71.76,2655.06,16666.01,0,0,0,0
2009-03-31 22:00:00,0,2357.79,0,277.93,10115.9,5883.02,5454.6,0,0,1990.67,13615.31,213.24,0,12092.23,1254.35,3469.99,69234.68,0,15754.51,0,0,75691.6,0,0,0,2406.45,2242.55,0,21597.85,28492.64,71.07,2449.49,15731.64,0,0,0,0
2009-03-31 23:00:00,0,2280.31,0,242.05,9481.54,5374.55,5131.03,0,0,1887.34,12725.7,196.91,0,11371.66,1142.09,3324.96,66949.12,0,14882.99,0,0,73020.65,0,0,0,2258.17,2119.8,0,20372.21,27566.25,70.44,2235.79,14828.17,0,0,0,0
2009-04-01 00:00:00,0,2202.07,0,226.61,8907.55,4904.03,4818.88,0,0,1757.68,11861.96,187.42,0,10673.56,1062.75,3204.77,64736.61,0,14085.09,0,0,70446.47,0,0,0,2111.25,1992.98,0,19032.04,26609.1,69.73,2078.91,13979.04,0,0,0,0
2009-04-01 01:00:00,0,2124.8,0,208.77,8360.68,4402.2,4497.65,0,0,1639.22,11083.65,173.67,0,10341.57,1023.8,3087.22,62647.15,0,13438.91,0,0,68136.15,0,0,0,2004.39,1871.01,0,17850.28,25686.03,69.24,1873.95,13186.23,0,0,0,0
2009-04-01 02:00:00,0,2116.62,0,194.04,8115.98,4073.41,4239.55,0,0,1527.05,10276.13,160.35,0,10374.38,950.88,2972.18,60531.41,0,13023.06,0,0,65849.36,0,0,0,1957.43,1806.54,0,17365.14,24842.42,69.07,1761.62,12560.82,0,0,0,0
2009-04-01 03:00:00,0,2169.25,0,193.49,8201.68,3965.03,4339.04,0,0,1466.17,9860.74,154.51,0,10541.13,954.91,2899.69,59178.58,0,12946.47,0,0,65514.77,0,0,0,1938.77,1830.03,0,17328.23,24700.44,70.6,1727.39,12444.89,0,0,0,0
2009-04-01 04:00:00,0,2273.21,0,205.22,8579.79,4088.97,4633.67,0,0,1495.43,10062.91,160.12,0,10860.13,997.78,3019.5,60495.14,0,13363.92,0,0,67516.65,0,0,0,1995.71,1885.21,0,17848.44,25122.58,72.92,1760.93,12978.66,0,0,0,0
2009-04-01 05:00:00,0,2381.42,0,214.05,9097.28,4228.49,4908.66,0,0,1539.73,10321.15,160.28,0,11190.65,1037.77,3223.2,62481.26,0,14083.04,0,0,70099.25,0,0,0,2078.21,1946.49,0,18302.93,25995.8,74.73,1807.57,13825.18,0,0,0,0
2009-04-01 06:00:00,0,2471.98,0,224.05,9610.68,4403.33,5171.33,0,0,1580.68,10565.79,162.39,0,12011.59,1061.87,3462.45,64542.7,0,15180.93,0,0,72544.13,0,0,0,2158.63,2003.83,0,18724.35,26899.64,76.41,1866.59,14483.98,0,0,0,0
2009-04-01 07:00:00,0,2545.83,0,238.97,10302.4,4661.41,5465.93,0,0,1695.87,11286.24,169.27,0,13011.95,1124.39,3741.55,67279.51,0,17128.76,0,0,78931.0,0,0,0,2295.78,2087.8,0,19417.99,27750.91,78.55,1983.69,15365.73,0,0,0,0
2009-04-01 08:00:00,0,2674.94,0,258.25,10733.54,5111.14,5695.09,0,0,1834.34,12593.42,179.72,0,13431.96,1215.24,3892.62,72354.93,0,17773.79,0,0,81508.35,0,0,0,2371.35,2165.99,0,20458.56,29395.74,81.33,2196.25,16356.95,0,0,0,0
2009-04-01 09:00:00,0,2519.48,0,258.51,10975.32,5581.32,5856.73,0,0,1979.11,13574.66,188.12,0,13531.6,1263.43,3985.12,73030.89,0,18076.65,0,0,82285.74,0,0,0,2442.28,2209.47,0,21069.6,29416.04,79.1,2402.82,16318.57,0,0,0,0
2009-04-01 10:00:00,0,2364.72,0,281.78,10962.93,5993.89,5977.45,0,0,2143.32,14664.09,194.62,0,13453.62,1311.26,4070.08,72364.96,0,18136.63,0,0,82957.75,0,0,0,2485.72,2263.93,0,21513.41,29243.7,76.19,2609.75,16439.89,0,0,0,0
2009-04-01 11:00:00,0,2214.05,0,302.81,10902.02,6484.1,6072.39,0,0,2320.52,15810.14,201.73,0,13483.82,1352.78,3963.66,71913.58,0,17786.07,0,0,83051.97,0,0,0,2543.05,2319.96,0,21815.86,28879.19,73.82,2798.05,16373.78,0,0,0,0
2009-04-01 12:00:00,0,2095.69,0,309.06,10769.88,7022.62,6115.77,0,0,2473.3,16834.83,210.77,0,13427.83,1395.93,3857.3,71592.41,0,17701.03,0,0,82375.84,0,0,0,2583.66,2341.9,0,22052.8,28565.96,72.29,2971.99,16179.15,0,0,0,0
2009-04-01 13:00:00,0,1986.37,0,310.6,10763.71,7453.94,6168.94,0,0,2595.42,17694.37,219.67,0,13492.65,1430.92,3769.79,71300.8,0,17655.96,0,0,81665.53,0,0,0,2608.77,2372.63,0,22186.67,28335.48,70.53,3104.9,15842.82,0,0,0,0
2009-04-01 14:00:00,0,1890.13,0,320.96,10784.34,7846.18,6169.42,0,0,2723.72,18376.24,230.47,0,13605.99,1452.55,3704.16,70668.6,0,18200.95,0,0,81048.96,0,0,0,2623.4,2403.0,0,22327.38,27974.73,69.1,3213.07,15540.52,0,0,0,0
2009-04-01 15:00:00,0,1849.6,0,328.85,10824.0,8079.63,6158.46,0,0,2794.22,18759.01,257.43,0,13565.07,1536.39,3628.01,70091.47,0,17935.21,0,0,80335.04,0,0,0,2633.91,2459.24,0,22598.19,27665.97,68.22,3266.58,15454.72,0,0,0,0
2009-04-01 16:00:00,0,1854.54,0,335.79,10943.17,8129.65,6198.29,0,0,2802.5,18864.06,281.23,0,13585.94,1601.72,3550.09,69560.57,0,18056.79,0,0,80117.39,0,0,0,2648.21,2519.21,0,22935.47,27291.83,67.87,3252.58,15493.08,0,0,0,0
2009-04-01 17:00:00,0,1873.54,0,322.27,11097.97,7883.47,6265.26,0,0,2750.54,18431.41,283.92,0,13718.23,1633.25,3523.89,68678.44,0,17995.73,0,0,80273.35,0,0,0,2646.54,2544.32,0,23243.58,27188.59,68.51,3135.47,15566.44,0,0,0,0
2009-04-01 18:00:00,0,1881.92,0,317.75,11089.53,7571.46,6267.23,0,0,2645.48,17733.69,270.37,0,14263.07,1582.34,3527.67,68790.62,0,18323.14,0,0,80435.94,0,0,0,2625.65,2551.99,0,23410.58,27040.16,68.32,3054.94,15854.87,0,0,0,0
2009-04-01 19:00:00,0,1953.67,0,332.86,11689.85,7656.53,6691.48,0,0,2674.58,17558.13,287.92,0,15036.68,1594.65,3808.95,70712.07,0,18568.49,0,0,85028.82,0,0,0,2683.32,2573.69,0,23765.78,26153.08,68.6,3086.4,16361.31,0,0,0,0
2009-04-01 20:00:00,0,1985.76,0,326.6,11480.87,7254.17,6280.08,0,0,2470.14,16436.01,265.74,0,14227.27,1495.38,3640.59,69962.82,0,17822.47,0,0,81129.71,0,0,0,2639.67,2489.31,0,23573.3,27584.55,67.64,2880.26,16050.11,0,0,0,0
2009-04-01 21:00:00,0,2057.24,0,315.46,11104.05,6740.95,5895.2,0,0,2288.56,15350.24,247.39,0,13302.65,1402.45,3496.05,69535.72,0,16994.76,0,0,77811.14,0,0,0,2601.52,2389.19,0,23053.11,28200.15,66.84,2697.86,16113.1,0,0,0,0
2009-04-01 22:00:00,0,2036.66,0,292.78,10305.21,6121.26,5512.81,0,0,2110.88,14187.53,223.98,0,12464.33,1306.02,3401.5,67612.24,0,15915.66,0,0,74971.04,0,0,0,2444.56,2231.73,0,21643.37,27661.29,66.11,2516.26,15433.24,0,0,0,0
2009-04-01 23:00:00,0,1934.57,0,268.98,9584.78,5539.75,5147.76,0,0,1937.33,13033.6,204.74,0,11610.68,1200.75,3337.39,65581.13,0,14906.61,0,0,72181.48,0,0,0,2300.58,2083.88,0,20255.8,26547.65,65.43,2320.15,14610.57,0,0,0,0
2009-04-02 00:00:00,0,1825.04,0,246.1,8849.55,4973.54,4786.5,0,0,1767.89,11904.22,187.18,0,10842.71,1075.86,3263.89,63462.83,0,13964.15,0,0,69463.77,0,0,0,2149.07,1958.55,0,18957.36,25451.98,64.6,2116.23,13833.2,0,0,0,0
2009-04-02 01:00:00,0,1725.16,0,225.27,8232.22,4419.36,4448.8,0,0,1615.92,10851.14,168.8,0,10399.21,982.21,3187.63,61312.7,0,13186.36,0,0,66854.2,0,0,0,2030.98,1848.16,0,17952.39,24331.69,64.05,1917.71,13075.38,0,0,0,0
2009-04-02 02:00:00,0,1639.35,0,208.07,7965.94,4008.58,4210.65,0,0,1479.74,9917.4,146.93,0,10366.31,936.57,3113.65,59023.6,0,12652.25,0,0,65026.44,0,0,0,1967.67,1800.17,0,17468.17,23334.63,62.93,1756.48,12451.7,0,0,0,0
2009-04-02 03:00:00,0,1639.24,0,200.97,7948.8,3897.68,4270.04,0,0,1415.71,9585.75,145.63,0,10591.29,959.83,3084.4,58104.17,0,12636.49,0,0,64851.48,0,0,0,1966.09,1831.63,0,17536.74,22885.94,62.39,1708.81,12232.92,0,0,0,0
2009-04-02 04:00:00,0,1697.24,0,211.66,8239.32,4072.2,4529.35,0,0,1449.98,9874.65,154.53,0,10908.42,998.25,3211.48,59497.01,0,13279.69,0,0,67227.49,0,0,0,2024.58,1880.95,0,18078.32,23233.65,63.44,1735.7,12616.15,0,0,0,0
2009-04-02 05:00:00,0,1778.9,0,228.26,8735.22,4235.79,4801.96,0,0,1489.2,10248.82,159.46,0,11244.2,1042.95,3382.14,61437.77,0,13939.68,0,0,69575.6,0,0,0,2093.69,1932.07,0,18582.06,24019.5,65.18,1763.75,13165.7,0,0,0,0
2009-04-02 06:00:00,0,1866.02,0,236.37,9242.17,4402.05,5068.96,0,0,1533.73,10642.64,165.24,0,11678.31,1094.5,3531.52,63276.76,0,14783.7,0,0,72096.75,0,0,0,2171.66,1984.48,0,19040.94,24868.78,67.03,1807.89,13806.13,0,0,0,0
2009-04-02 07:00:00,0,1979.69,0,254.99,10003.19,4693.71,5345.6,0,0,1675.41,11557.19,173.79,0,12325.79,1189.12,3796.92,66237.81,0,16282.79,0,0,77935.8,0,0,0,2271.32,2067.79,0,19635.83,25679.1,68.95,1929.13,14645.77,0,0,0,0
2009-04-02 08:00:00,0,2147.08,0,278.94,10444.68,5192.1,5617.84,0,0,1852.86,12797.65,193.33,0,13103.3,1259.92,3852.51,70225.4,0,16813.65,0,0,79245.32,0,0,0,2343.31,2125.02,0,20537.83,27533.32,69.54,2142.65,15100.7,0,0,0,0
2009-04-02 09:00:00,0,2137.22,0,280.98,10733.25,5569.78,5807.0,0,0,1966.2,13788.16,205.76,0,13369.23,1315.1,3870.16,71446.92,0,17004.64,0,0,80914.74,0,0,0,2425.54,2195.5,0,21322.26,28248.4,69.91,2313.14,15459.19,0,0,0,0
2009-04-02 10:00:00,0,2115.52,0,281.79,10873.97,6012.99,5960.82,0,0,2132.17,15006.5,220.46,0,13364.79,1409.83,3912.17,72294.54,0,16640.07,0,0,81266.65,0,0,0,2496.7,2269.85,0,21987.45,28602.46,69.97,2501.68,15724.28,0,0,0,0
2009-04-02 11:00:00,0,2112.63,0,280.33,10933.73,6438.16,6076.14,0,0,2303.27,16196.22,230.14,0,13247.95,1490.1,3934.2,72369.66,0,16526.55,0,0,80963.87,0,0,0,2551.63,2342.66,0,22430.45,29003.75,70.47,2676.86,15985.52,0,0,0,0
2009-04-02 12:00:00,0,2099.68,0,301.87,10946.55,6915.97,6143.67,0,0,2454.24,17212.78,249.73,0,13167.68,1580.43,3948.79,72061.44,0,16479.89,0,0,80940.88,0,0,0,2577.33,2375.48,0,22772.16,29233.29,71.17,2853.41,16322.53,0,0,0,0
2009-04-02 13:00:00,0,2110.02,0,299.75,10971.83,7327.81,6206.23,0,0,2581.74,17969.87,257.04,0,13134.77,1639.43,3996.19,71636.77,0,16602.39,0,0,81268.16,0,0,0,2590.81,2388.18,0,23133.2,29067.46,71.64,2982.68,16603.72,0,0,0,0
2009-04-02 14:00:00,0,2126.94,0,306.62,10952.53,7678.18,6230.92,0,0,2693.13,18550.37,255.19,0,12997.38,1645.44,4055.28,71201.3,0,16799.37,0,0,81492.88,0,0,0,2599.74,2406.5,0,23235.76,28837.98,72.93,3088.75,16687.98,0,0,0,0
2009-04-02 15:00:00,0,2160.32,0,299.75,10944.88,7819.3,6269.83,0,0,2753.32,18764.74,254.22,0,12825.57,1523.08,4084.84,71101.83,0,17048.66,0,0,81463.04,0,0,0,2604.31,2423.32,0,23046.57,28744.26,74.61,3083.86,16415.09,0,0,0,0
2009-04-02 16:00:00,0,2185.09,0,301.47,10934.18,7893.13,6290.17,0,0,2761.72,18999.03,264.68,0,12796.2,1566.09,4092.5,71157.59,0,17128.88,0,0,81549.51,0,0,0,2610.67,2437.6,0,22826.32,28698.32,74.88,3120.38,16461.09,0,0,0,0
2009-04-02 17:00:00,0,2220.24,0,300.77,10907.58,7782.41,6281.94,0,0,2753.37,18864.53,263.65,0,13079.5,1598.79,4009.35,71262.2,0,17246.73,0,0,81765.04,0,0,0,2604.59,2453.06,0,22543.44,28698.99,74.14,2978.55,16465.91,0,0,0,0
2009-04-02 18:00:00,0,2254.6,0,300.47,10862.08,7411.29,6262.72,0,0,2622.35,17983.59,255.38,0,13459.1,1581.28,3837.79,71084.73,0,17364.67,0,0,82663.31,0,0,0,2599.65,2462.49,0,22199.25,28469.35,73.12,2906.56,16532.45,0,0,0,0
2009-04-02 19:00:00,0,2237.45,0,315.34,11317.87,7615.48,6620.09,0,0,2739.64,18062.52,274.53,0,14076.72,1649.33,3991.06,71451.02,0,17851.26,0,0,86969.49,0,0,0,2606.21,2530.52,0,22334.16,26656.75,71.1,3003.25,16447.65,0,0,0,0
2009-04-02 20:00:00,0,2281.37,0,301.52,11282.78,7281.5,6264.39,0,0,2563.68,16855.01,263.61,0,13278.85,1522.84,3828.92,70923.62,0,17245.11,0,0,83068.13,0,0,0,2603.84,2458.44,0,22612.53,27999.61,69.67,2816.55,16593.12,0,0,0,0
2009-04-02 21:00:00,0,2300.6,0,296.86,10935.63,6924.78,5922.32,0,0,2395.62,15715.21,252.49,0,12462.54,1432.74,3684.9,70651.6,0,16526.65,0,0,79925.32,0,0,0,2583.71,2370.54,0,22378.79,28484.3,68.15,2648.7,16690.17,0,0,0,0
2009-04-02 22:00:00,0,2222.32,0,277.68,10276.52,6347.8,5575.86,0,0,2223.41,14606.07,231.17,0,11711.62,1336.3,3517.38,68551.53,0,15566.17,0,0,77220.89,0,0,0,2441.45,2255.79,0,21287.81,27937.29,66.77,2486.75,15799.04,0,0,0,0
2009-04-02 23:00:00,0,2124.45,0,254.96,9622.79,5734.48,5243.47,0,0,2055.26,13420.25,212.25,0,10955.71,1245.17,3382.73,66561.03,0,14698.47,0,0,74689.71,0,0,0,2298.34,2138.06,0,20224.67,27004.87,65.42,2313.4,14860.85,0,0,0,0
2009-04-03 00:00:00,0,2049.43,0,236.29,9046.32,5152.8,4918.57,0,0,1890.92,12371.74,196.29,0,10274.15,1130.57,3242.92,64553.04,0,13871.3,0,0,72095.42,0,0,0,2159.29,2007.05,0,19222.59,26086.35,65.41,2158.15,13962.76,0,0,0,0
2009-04-03 01:00:00,0,1977.8,0,218.55,8478.83,4586.19,4590.92,0,0,1746.16,11381.41,180.83,0,9957.71,1029.45,3090.47,62497.61,0,13205.79,0,0,69514.67,0,0,0,2042.85,1909.5,0,18245.71,25218.57,65.88,2004.81,13090.51,0,0,0,0
2009-04-03 02:00:00,0,1953.03,0,218.73,8164.06,4183.44,4342.36,0,0,1617.57,10547.43,165.96,0,9903.25,966.24,2984.38,60482.63,0,12759.88,0,0,67145.38,0,0,0,1995.75,1862.86,0,17714.04,24515.75,66.24,1901.69,12578.33,0,0,0,0
2009-04-03 03:00:00,0,2041.34,0,201.23,8153.35,4005.59,4297.74,0,0,1535.55,10127.06,157.53,0,10099.43,935.83,2922.43,59155.85,0,12687.93,0,0,66284.09,0,0,0,1972.32,1825.15,0,17357.68,24576.53,66.51,1821.14,12344.22,0,0,0,0
2009-04-03 04:00:00,0,2176.77,0,202.69,8414.41,4002.91,4526.4,0,0,1535.01,10164.33,158.79,0,10490.09,955.44,2973.69,60190.58,0,13193.15,0,0,67212.87,0,0,0,1965.96,1789.83,0,17167.52,25056.15,67.88,1823.55,12393.43,0,0,0,0
2009-04-03 05:00:00,0,2302.5,0,220.34,8938.1,4154.94,4796.0,0,0,1581.66,10467.29,165.94,0,10926.7,1028.81,3095.54,62088.71,0,14156.33,0,0,69560.72,0,0,0,2011.3,1784.68,0,17386.83,25975.34,69.71,1835.32,12899.87,0,0,0,0
2009-04-03 06:00:00,0,2425.84,0,230.59,9427.97,4340.51,5083.79,0,0,1624.07,10782.14,175.23,0,11704.83,1091.93,3219.45,64062.07,0,15038.76,0,0,71661.29,0,0,0,2101.06,1833.52,0,17916.5,26953.07,72.35,1884.23,13515.99,0,0,0,0
2009-04-03 07:00:00,0,2536.81,0,258.32,10139.96,4589.32,5305.74,0,0,1731.05,11639.95,181.39,0,13023.56,1176.28,3392.35,66571.81,0,16510.57,0,0,75523.98,0,0,0,2362.14,2023.75,0,19579.92,27884.41,75.2,1955.86,14267.82,0,0,0,0
2009-04-03 08:00:00,0,2681.09,0,273.89,10262.86,4897.61,5458.45,0,0,1840.63,12644.56,188.09,0,13467.24,1239.64,3610.21,71895.18,0,17413.19,0,0,80951.04,0,0,0,2459.63,2179.95,0,20938.02,29478.38,78.52,2036.48,15241.5,0,0,0,0
2009-04-03 09:00:00,0,2563.0,0,285.33,10375.98,5261.97,5697.31,0,0,1965.5,13506.41,192.54,0,13729.72,1286.31,3854.34,73879.18,0,17870.79,0,0,82953.29,0,0,0,2490.92,2227.15,0,21768.57,29322.57,79.14,2149.03,16066.82,0,0,0,0
2009-04-03 10:00:00,0,2463.36,0,292.76,10642.36,5551.93,6048.9,0,0,2071.17,14355.51,198.87,0,13964.65,1325.16,4017.94,74253.56,0,17910.58,0,0,84272.99,0,0,0,2483.98,2253.26,0,22235.35,29439.37,79.11,2237.28,16357.29,0,0,0,0
2009-04-03 11:00:00,0,2361.74,0,294.68,10791.71,5886.79,6017.56,0,0,2211.81,15337.93,206.53,0,14080.52,1344.08,4074.04,73633.35,0,18017.87,0,0,84951.78,0,0,0,2442.2,2235.54,0,22542.37,29140.89,78.01,2322.62,16577.79,0,0,0,0
2009-04-03 12:00:00,0,2248.93,0,298.38,10972.24,6199.64,6027.24,0,0,2340.78,16416.46,207.79,0,14140.19,1414.05,4018.91,73149.14,0,18040.08,0,0,85119.17,0,0,0,2411.71,2229.3,0,22661.95,28762.37,76.46,2430.45,16703.67,0,0,0,0
2009-04-03 13:00:00,0,2138.92,0,303.62,11024.29,6441.39,6085.27,0,0,2451.77,17260.7,212.61,0,14135.31,1476.32,3938.02,72634.05,0,18126.08,0,0,84438.48,0,0,0,2412.96,2266.66,0,22776.43,28422.74,75.46,2532.09,16538.48,0,0,0,0
2009-04-03 14:00:00,0,2022.25,0,312.58,10931.65,6687.32,6130.11,0,0,2553.49,17953.5,218.59,0,14180.94,1541.86,3860.07,72106.76,0,18111.24,0,0,83433.66,0,0,0,2443.42,2322.36,0,22639.98,27922.26,73.58,2581.63,16358.3,0,0,0,0
2009-04-03 15:00:00,0,1916.18,0,322.28,10844.23,6807.52,6137.73,0,0,2575.85,18249.75,220.84,0,14175.32,1585.59,3856.11,71585.86,0,18109.25,0,0,82965.56,0,0,0,2479.34,2368.7,0,22496.64,27394.84,71.53,2621.3,16023.63,0,0,0,0
2009-04-03 16:00:00,0,1852.94,0,328.24,10664.95,6822.27,6097.17,0,0,2549.73,18258.87,226.72,0,14165.17,1638.19,3855.96,70785.15,0,18173.1,0,0,82737.88,0,0,0,2520.23,2380.74,0,22290.83,27051.69,69.78,2617.08,15919.93,0,0,0,0
2009-04-03 17:00:00,0,1837.56,0,329.84,10305.3,6811.67,6085.54,0,0,2497.18,18022.08,235.94,0,14164.65,1638.8,3828.34,69851.9,0,18113.24,0,0,81994.34,0,0,0,2538.92,2385.31,0,22580.37,26830.88,68.8,2617.6,15847.27,0,0,0,0
2009-04-03 18:00:00,0,1861.88,0,327.99,10307.37,6735.35,5981.53,0,0,2438.83,17447.76,237.25,0,14200.35,1601.54,3757.48,69286.5,0,18114.45,0,0,81971.79,0,0,0,2548.7,2396.03,0,22852.31,26604.72,68.49,2656.23,15966.07,0,0,0,0
2009-04-03 19:00:00,0,1840.97,0,325.13,10409.49,6442.01,6293.95,0,0,2342.98,16839.61,242.7,0,13497.65,1656.4,3598.58,67042.38,0,16846.38,0,0,82652.16,0,0,0,2571.64,2461.76,0,21352.21,25229.39,61.84,2571.05,14589.55,0,0,0,0
2009-04-03 20:00:00,0,1891.44,0,305.37,10373.46,6106.44,5913.63,0,0,2178.34,15637.68,224.67,0,12820.58,1493.03,3469.98,67754.67,0,16170.09,0,0,80254.24,0,0,0,2511.31,2374.45,0,21826.51,25980.09,62.57,2406.5,14782.7,0,0,0,0
2009-04-03 21:00:00,0,1985.95,0,287.91,10142.81,5696.14,5530.34,0,0,2013.46,14352.05,215.58,0,12195.72,1357.94,3350.01,67557.03,0,15611.5,0,0,76949.33,0,0,0,2460.25,2314.44,0,21795.7,26040.61,61.48,2253.81,15190.06,0,0,0,0
2009-04-03 22:00:00,0,2009.39,0,265.06,9433.3,5068.28,5169.19,0,0,1845.58,13087.35,199.86,0,11575.84,1238.28,3269.09,65806.71,0,14988.79,0,0,73394.14,0,0,0,2299.63,2193.04,0,20975.42,25683.55,60.41,2087.28,14737.54,0,0,0,0
2009-04-03 23:00:00,0,1915.2,0,244.18,8798.4,4559.13,4845.81,0,0,1682.84,12029.2,180.96,0,10940.72,1142.46,3199.08,63516.63,0,14418.38,0,0,69849.98,0,0,0,2157.62,2088.46,0,20153.96,24958.01,59.25,1942.81,14147.52,0,0,0,0
2009-04-04 00:00:00,0,1809.15,0,227.6,8316.42,4107.11,4653.19,0,0,1538.31,11050.69,164.46,0,10272.09,1059.48,3131.85,61445.79,0,13772.82,0,0,66854.18,0,0,0,2067.97,1991.95,0,19415.68,24089.02,58.01,1813.79,13560.35,0,0,0,0
2009-04-04 01:00:00,0,1707.99,0,211.76,7890.09,3750.3,4493.54,0,0,1414.42,10135.31,151.0,0,9810.46,1008.8,3091.84,59493.99,0,12965.19,0,0,64182.9,0,0,0,1990.14,1916.85,0,18859.33,23158.51,56.98,1702.44,13046.13,0,0,0,0
2009-04-04 02:00:00,0,1652.48,0,195.87,7673.29,3531.33,4372.13,0,0,1307.7,9427.29,142.42,0,9733.33,961.73,3086.84,57695.2,0,12383.05,0,0,62385.03,0,0,0,1960.9,1876.05,0,18399.22,22321.1,56.56,1609.19,13014.99,0,0,0,0
2009-04-04 03:00:00,0,1657.0,0,185.58,7589.36,3386.72,4324.26,0,0,1237.89,9045.91,137.78,0,9796.05,944.85,3078.93,56856.83,0,12023.13,0,0,60845.04,0,0,0,1958.41,1932.77,0,18142.89,21790.78,56.53,1545.79,12963.35,0,0,0,0
2009-04-04 04:00:00,0,1692.01,0,183.06,7843.21,3376.73,4486.22,0,0,1224.87,8850.83,135.99,0,9912.16,960.68,3116.79,56456.44,0,12050.11,0,0,60228.81,0,0,0,1995.07,2025.99,0,18184.31,21706.69,56.74,1512.05,13151.07,0,0,0,0
2009-04-04 05:00:00,0,1757.59,0,183.75,8225.48,3463.11,4686.37,0,0,1232.04,8872.85,137.53,0,10096.17,986.66,3200.14,57104.27,0,12239.89,0,0,61634.02,0,0,0,2038.49,2114.3,0,18443.47,21932.71,57.72,1520.95,13443.27,0,0,0,0
2009-04-04 06:00:00,0,1830.32,0,190.66,8707.08,3639.4,4943.58,0,0,1258.42,9001.15,140.49,0,10371.55,1034.73,3322.48,58409.02,0,13273.96,0,0,63396.38,0,0,0,2128.82,2208.87,0,18769.05,22324.79,58.89,1551.68,13836.57,0,0,0,0
2009-04-04 07:00:00,0,1904.89,0,205.06,9305.37,3959.29,5308.36,0,0,1342.77,9644.8,151.02,0,10796.92,1122.65,3420.88,60434.62,0,14401.56,0,0,66976.56,0,0,0,2256.99,2394.72,0,19786.89,22749.28,60.13,1595.16,14678.05,0,0,0,0
2009-04-04 08:00:00,0,2077.6,0,220.87,9274.95,4340.49,5387.41,0,0,1514.39,11175.53,161.41,0,11325.65,1155.69,3351.36,62185.76,0,15129.04,0,0,69604.82,0,0,0,2274.48,2440.94,0,19924.74,23468.2,60.33,1707.37,14841.97,0,0,0,0
2009-04-04 09:00:00,0,2038.31,0,236.77,9400.54,4776.76,5457.11,0,0,1670.61,12620.88,165.56,0,11721.25,1173.72,3288.12,63040.19,0,15505.0,0,0,71160.34,0,0,0,2284.9,2480.9,0,20017.26,24036.84,59.4,1912.65,14744.83,0,0,0,0
2009-04-04 10:00:00,0,2026.09,0,252.16,9316.06,5119.31,5471.22,0,0,1803.31,13791.35,168.03,0,12009.35,1211.82,3256.16,63479.26,0,15898.21,0,0,72567.39,0,0,0,2275.63,2430.61,0,20446.3,24800.28,58.62,2094.84,14752.42,0,0,0,0
2009-04-04 11:00:00,0,1957.33,0,264.45,9100.74,5362.35,5203.11,0,0,1902.86,14809.49,173.39,0,12114.72,1248.2,3204.34,63628.66,0,16139.13,0,0,72394.76,0,0,0,2245.69,2408.5,0,20557.5,25452.49,58.29,2207.7,14440.12,0,0,0,0
2009-04-04 12:00:00,0,1901.94,0,279.84,8933.25,5673.45,5122.2,0,0,2001.53,15795.12,179.78,0,12157.51,1298.63,3150.25,63805.53,0,15934.61,0,0,71383.49,0,0,0,2252.91,2451.54,0,20880.95,25830.4,58.84,2352.49,14154.46,0,0,0,0
2009-04-04 13:00:00,0,1871.28,0,289.74,8835.59,5864.21,5131.62,0,0,2094.7,16533.55,190.78,0,11859.28,1315.41,3134.54,64005.45,0,16006.56,0,0,70106.48,0,0,0,2243.41,2468.03,0,21117.56,25902.18,59.44,2466.02,13908.41,0,0,0,0
2009-04-04 14:00:00,0,1849.43,0,296.66,8711.52,6223.17,5190.37,0,0,2187.27,17181.85,207.68,0,12080.33,1316.88,3109.53,63997.72,0,15714.75,0,0,68785.75,0,0,0,2272.37,2476.42,0,21453.53,25754.51,59.65,2606.7,13783.28,0,0,0,0
2009-04-04 15:00:00,0,1850.68,0,299.1,8740.74,6644.6,5312.78,0,0,2282.32,17555.15,225.48,0,12191.16,1347.48,3085.06,63711.85,0,15891.86,0,0,67662.01,0,0,0,2326.41,2501.52,0,21596.4,25375.61,59.26,2746.77,13769.34,0,0,0,0
2009-04-04 16:00:00,0,1815.87,0,306.58,9046.62,7013.76,5464.12,0,0,2362.11,17685.88,243.61,0,12250.8,1390.09,3075.82,63000.6,0,16257.92,0,0,67237.89,0,0,0,2392.53,2516.38,0,22025.72,24927.93,58.36,2839.55,13916.92,0,0,0,0
2009-04-04 17:00:00,0,1811.55,0,316.59,9557.65,7181.47,5657.0,0,0,2372.72,17481.93,256.0,0,12324.83,1430.57,3078.3,62943.88,0,16556.5,0,0,67877.2,0,0,0,2488.57,2503.38,0,22406.91,24337.14,58.31,2851.09,14210.18,0,0,0,0
2009-04-04 18:00:00,0,1718.07,0,302.15,9651.75,6940.9,5845.08,0,0,2310.0,16910.45,260.76,0,12808.37,1411.79,3120.27,62648.99,0,16701.85,0,0,70109.32,0,0,0,2515.41,2497.09,0,22805.0,24041.57,57.04,2778.76,14385.08,0,0,0,0
2009-04-04 19:00:00,0,1843.34,0,314.32,10845.98,6995.94,6156.27,0,0,2409.05,16903.19,277.11,0,14288.55,1515.47,3671.69,67169.29,0,18339.29,0,0,81205.14,0,0,0,2568.52,2539.4,0,22686.37,25738.28,61.76,2838.8,15355.47,0,0,0,0
2009-04-04 20:00:00,0,1782.97,0,295.71,10620.98,6543.92,5745.12,0,0,2224.6,15495.72,244.14,0,13650.13,1370.42,3479.27,67532.62,0,17806.73,0,0,78878.57,0,0,0,2463.47,2466.61,0,22569.76,26271.62,60.83,2629.28,15076.68,0,0,0,0
2009-04-04 21:00:00,0,1843.12,0,282.54,10481.38,6103.84,5452.09,0,0,2054.87,14261.64,225.14,0,12968.89,1291.92,3339.93,67445.81,0,17294.38,0,0,76161.0,0,0,0,2407.41,2369.06,0,22318.37,26094.27,58.82,2464.35,15168.89,0,0,0,0
2009-04-04 22:00:00,0,1867.98,0,260.7,9695.95,5485.3,5225.65,0,0,1913.58,13261.25,208.36,0,12326.4,1217.91,3228.43,65674.28,0,16467.99,0,0,73369.56,0,0,0,2241.38,2255.71,0,21157.16,25427.69,57.08,2313.7,14537.86,0,0,0,0
2009-04-04 23:00:00,0,1732.27,0,240.49,9056.12,4910.26,5019.25,0,0,1780.46,12300.82,189.38,0,11692.42,1142.4,3123.28,63277.68,0,15431.98,0,0,71113.91,0,0,0,2117.57,2150.2,0,20077.66,24408.15,55.58,2149.23,13819.82,0,0,0,0
2009-04-05 00:00:00,0,1612.42,0,225.38,8576.65,4459.48,4857.85,0,0,1643.07,11360.42,170.82,0,11006.88,1061.15,3019.93,60949.6,0,14358.98,0,0,69177.49,0,0,0,2024.59,2044.94,0,19210.6,23355.08,54.34,1990.97,13118.69,0,0,0,0
2009-04-05 01:00:00,0,1492.24,0,210.1,8120.86,4069.94,4670.89,0,0,1528.05,10473.21,155.37,0,10483.0,1004.31,2926.32,58768.74,0,13659.79,0,0,66865.42,0,0,0,1942.92,1945.84,0,18618.81,22392.85,53.07,1844.4,12403.6,0,0,0,0
2009-04-05 02:00:00,0,1411.53,0,196.47,7846.88,3844.58,4590.06,0,0,1422.99,9771.14,144.82,0,10213.67,954.13,2897.92,57228.75,0,12983.66,0,0,65489.59,0,0,0,1903.86,1873.28,0,18155.23,21533.05,51.52,1717.39,11945.21,0,0,0,0
2009-04-05 03:00:00,0,1421.31,0,187.58,7748.5,3686.48,4603.46,0,0,1348.57,9414.06,138.42,0,10106.65,930.33,2873.66,55999.42,0,12841.81,0,0,64158.67,0,0,0,1890.73,1885.69,0,17784.46,21130.23,51.22,1637.64,11732.08,0,0,0,0
2009-04-05 04:00:00,0,1451.75,0,182.94,7811.61,3625.49,4780.1,0,0,1328.68,9218.43,135.59,0,10077.81,935.27,2890.04,55629.67,0,12881.82,0,0,64880.03,0,0,0,1921.14,1939.57,0,17676.9,21155.05,50.67,1602.18,11594.79,0,0,0,0
2009-04-05 05:00:00,0,1514.71,0,185.11,8054.86,3659.36,5000.15,0,0,1329.43,9215.24,136.69,0,10244.4,955.57,2951.94,56127.04,0,13101.21,0,0,66468.41,0,0,0,1962.42,1994.54,0,17861.13,21739.91,51.25,1611.38,11714.48,0,0,0,0
2009-04-05 06:00:00,0,1619.3,0,190.59,8480.84,3762.86,5259.28,0,0,1339.16,9304.82,140.38,0,10625.19,980.14,3071.23,57370.19,0,13498.24,0,0,67959.29,0,0,0,2015.38,2044.26,0,18192.84,22632.92,52.81,1645.72,11989.07,0,0,0,0
2009-04-05 07:00:00,0,1729.65,0,200.36,8945.89,3994.06,5531.34,0,0,1413.03,9920.95,149.31,0,11351.34,1019.56,3157.27,59341.04,0,14532.34,0,0,70184.0,0,0,0,2116.58,2189.09,0,18927.5,23430.8,54.5,1702.09,12672.63,0,0,0,0
2009-04-05 08:00:00,0,1960.09,0,218.15,9014.4,4663.75,5551.15,0,0,1665.24,11932.98,169.16,0,11621.42,1091.21,3136.79,62294.51,0,15006.73,0,0,70558.68,0,0,0,2176.7,2288.69,0,19486.8,24426.29,56.14,1913.68,13042.93,0,0,0,0
2009-04-05 09:00:00,0,2038.6,0,237.09,9077.06,5290.45,5480.98,0,0,1893.57,13802.98,184.67,0,11698.68,1161.08,3163.96,64548.71,0,15253.08,0,0,71494.2,0,0,0,2199.72,2374.02,0,19879.22,25594.5,57.49,2135.24,13443.54,0,0,0,0
2009-04-05 10:00:00,0,2127.15,0,261.39,9080.82,5939.28,5397.35,0,0,2070.73,15143.43,191.32,0,11572.89,1254.96,3198.99,65898.89,0,15267.91,0,0,71744.96,0,0,0,2244.35,2389.27,0,20479.35,26551.21,59.06,2415.66,13772.23,0,0,0,0
2009-04-05 11:00:00,0,2176.13,0,303.0,9100.16,6643.28,5531.61,0,0,2231.62,16282.6,201.35,0,11396.35,1320.44,3205.61,66781.46,0,15142.57,0,0,70750.45,0,0,0,2346.14,2490.09,0,21146.8,27353.9,61.23,2648.88,14053.5,0,0,0,0
2009-04-05 12:00:00,0,2174.45,0,331.0,9413.62,7138.5,5731.18,0,0,2357.76,17298.97,219.0,0,11262.44,1398.45,3267.32,67503.63,0,14946.32,0,0,70011.68,0,0,0,2493.06,2558.16,0,21589.09,28050.13,62.44,2834.43,14241.08,0,0,0,0
2009-04-05 13:00:00,0,2190.28,0,343.11,9898.1,7502.67,5941.18,0,0,2465.53,18138.51,237.81,0,11181.38,1523.07,3385.6,67396.35,0,14700.03,0,0,69436.61,0,0,0,2611.82,2636.73,0,22121.31,28105.41,63.25,2947.99,14704.81,0,0,0,0
2009-04-05 14:00:00,0,2215.02,0,345.87,10255.08,7814.39,6125.15,0,0,2560.37,18793.15,256.6,0,11131.85,1607.53,3462.63,66837.08,0,14417.24,0,0,69163.29,0,0,0,2670.76,2718.12,0,22464.76,27874.52,62.86,3054.64,14977.55,0,0,0,0
2009-04-05 15:00:00,0,2272.28,0,345.2,10473.48,8021.32,6258.43,0,0,2637.23,19302.56,265.72,0,11271.66,1711.33,3512.33,66639.43,0,14345.93,0,0,69279.21,0,0,0,2675.73,2720.97,0,22507.2,27671.75,62.62,3113.92,15099.64,0,0,0,0
2009-04-05 16:00:00,0,2326.13,0,339.29,10449.97,8091.55,6337.69,0,0,2668.75,19393.82,266.62,0,11357.41,1757.99,3494.72,66284.73,0,14621.56,0,0,70389.05,0,0,0,2662.55,2700.96,0,22490.37,27468.17,61.96,3092.59,15063.65,0,0,0,0
2009-04-05 17:00:00,0,2372.73,0,338.67,10253.0,7991.13,6304.94,0,0,2622.58,18950.12,264.46,0,11564.6,1739.09,3505.83,65596.44,0,14717.24,0,0,71681.03,0,0,0,2587.42,2636.05,0,22260.33,27183.41,61.13,3009.36,14748.32,0,0,0,0
2009-04-05 18:00:00,0,2395.37,0,329.53,9820.88,7504.42,6221.34,0,0,2497.04,17990.7,255.85,0,12133.08,1662.99,3445.39,65160.95,0,15001.06,0,0,72525.87,0,0,0,2529.39,2570.52,0,22084.82,26862.19,60.36,2900.92,14297.38,0,0,0,0
2009-04-05 19:00:00,0,2537.55,0,355.8,12010.55,7920.23,7232.87,0,0,2725.35,18457.93,290.64,0,14514.97,1823.02,4066.17,73302.92,0,17769.97,0,0,85294.11,0,0,0,2705.4,2650.95,0,23238.38,28558.26,75.86,3200.72,16653.79,0,0,0,0
2009-04-05 20:00:00,0,2575.06,0,346.09,11634.72,7472.56,6706.59,0,0,2517.22,17139.21,273.54,0,13646.63,1680.84,3829.32,73342.7,0,17078.34,0,0,81534.5,0,0,0,2653.51,2549.19,0,23189.38,30299.78,75.47,2953.84,16689.3,0,0,0,0
2009-04-05 21:00:00,0,2652.17,0,327.82,11247.38,6878.31,6261.97,0,0,2325.2,15938.25,257.4,0,12840.01,1538.14,3643.23,73051.17,0,16517.17,0,0,78363.22,0,0,0,2603.13,2437.54,0,22928.52,30519.48,75.82,2731.7,16757.81,0,0,0,0
2009-04-05 22:00:00,0,2571.81,0,303.25,10508.47,6230.22,5875.79,0,0,2141.64,14715.7,234.26,0,12067.32,1412.54,3453.49,71243.55,0,15716.82,0,0,75621.9,0,0,0,2457.12,2296.36,0,21753.91,29699.85,75.34,2523.68,15997.41,0,0,0,0
2009-04-05 23:00:00,0,2466.68,0,280.95,9807.49,5675.94,5496.91,0,0,1983.34,13561.76,215.13,0,11337.68,1300.34,3324.16,69723.18,0,14936.35,0,0,73092.61,0,0,0,2320.52,2164.04,0,20495.1,28785.01,74.68,2342.78,15085.16,0,0,0,0
2009-04-06 00:00:00,0,2359.7,0,258.57,9182.4,5117.7,5125.99,0,0,1822.68,12482.25,197.79,0,10580.68,1196.8,3187.15,67993.46,0,14158.01,0,0,70578.92,0,0,0,2187.27,2051.44,0,19443.23,27932.83,74.2,2154.65,14231.2,0,0,0,0
2009-04-06 01:00:00,0,2249.0,0,236.66,8580.89,4591.58,4770.15,0,0,1674.04,11490.36,182.79,0,10223.22,1104.8,3095.34,66360.97,0,13519.22,0,0,68275.53,0,0,0,2077.56,1949.18,0,18276.37,27054.97,74.8,1982.01,13543.26,0,0,0,0
2009-04-06 02:00:00,0,2183.88,0,216.39,8247.23,4203.04,4474.63,0,0,1537.58,10597.62,170.33,0,10243.48,1013.27,3057.61,64685.47,0,13057.42,0,0,66567.83,0,0,0,2022.44,1880.07,0,17587.6,26139.95,74.26,1841.7,13150.6,0,0,0,0
2009-04-06 03:00:00,0,2206.46,0,213.41,8185.31,4018.84,4370.82,0,0,1468.29,10113.77,162.38,0,10403.85,983.77,3075.8,63269.79,0,13014.31,0,0,66653.32,0,0,0,1999.22,1851.9,0,17136.22,25869.02,74.34,1784.03,13371.71,0,0,0,0
2009-04-06 04:00:00,0,2295.11,0,220.92,8394.56,4125.09,4525.82,0,0,1499.01,10253.0,160.59,0,10705.74,1027.97,3172.23,63361.97,0,13573.41,0,0,68505.56,0,0,0,2021.64,1852.79,0,17336.99,26084.18,74.96,1872.23,13925.1,0,0,0,0
2009-04-06 05:00:00,0,2394.58,0,231.39,8932.07,4296.82,4769.51,0,0,1559.84,10581.48,171.23,0,11065.94,1053.36,3386.09,64907.3,0,14373.48,0,0,71171.82,0,0,0,2088.66,1897.15,0,18125.96,26838.84,77.29,1955.76,14914.27,0,0,0,0
2009-04-06 06:00:00,0,2485.95,0,237.59,9449.91,4460.08,5033.28,0,0,1630.2,11000.37,180.61,0,11991.02,1103.76,3603.55,66628.61,0,15480.84,0,0,73707.8,0,0,0,2169.08,1947.19,0,19118.54,27663.49,80.44,1989.81,15767.38,0,0,0,0
2009-04-06 07:00:00,0,2562.45,0,230.88,10176.91,4782.41,5407.84,0,0,1760.0,11929.7,187.71,0,13136.14,1178.91,3843.94,69387.86,0,17207.87,0,0,79531.58,0,0,0,2283.79,2015.89,0,21269.46,28467.9,82.07,2102.77,16836.01,0,0,0,0
2009-04-06 08:00:00,0,2728.06,0,256.18,10532.37,5164.7,5698.44,0,0,1905.0,13271.46,200.57,0,13575.27,1244.74,4112.32,75454.43,0,17699.81,0,0,83642.79,0,0,0,2390.72,2113.44,0,24255.18,30475.8,85.5,2277.33,17937.63,0,0,0,0
2009-04-06 09:00:00,0,2804.48,0,287.62,10654.77,5424.9,5922.67,0,0,2066.41,14628.14,207.34,0,14051.67,1332.77,4340.57,77812.93,0,18311.56,0,0,85014.84,0,0,0,2434.63,2175.65,0,25214.93,31193.57,88.6,2389.2,18713.39,0,0,0,0
2009-04-06 10:00:00,0,2822.08,0,297.61,10745.13,5674.17,6065.88,0,0,2214.23,15676.79,210.5,0,14336.89,1389.11,4457.09,78575.58,0,18299.83,0,0,85532.67,0,0,0,2490.06,2286.33,0,25393.07,31561.96,90.64,2479.26,19475.28,0,0,0,0
2009-04-06 11:00:00,0,2831.74,0,293.47,10759.76,6007.62,6192.77,0,0,2345.37,16581.05,214.03,0,14649.55,1453.81,4514.28,78650.77,0,18238.16,0,0,85832.49,0,0,0,2505.97,2396.98,0,25410.87,31886.87,91.75,2611.63,19726.64,0,0,0,0
2009-04-06 12:00:00,0,2776.42,0,289.86,10901.22,6379.92,6283.82,0,0,2456.51,17146.05,207.14,0,14697.34,1394.73,4508.58,78340.33,0,18403.08,0,0,85626.23,0,0,0,2497.09,2419.21,0,25066.96,31684.69,90.99,2728.98,19838.06,0,0,0,0
2009-04-06 13:00:00,0,2689.04,0,285.67,10724.68,6675.1,6174.3,0,0,2531.35,17588.13,210.72,0,14649.33,1382.1,4484.13,77821.91,0,18083.61,0,0,84958.2,0,0,0,2432.26,2365.6,0,24944.71,31136.61,89.14,2789.58,19635.61,0,0,0,0
2009-04-06 14:00:00,0,2574.41,0,283.07,10581.67,6669.87,5996.49,0,0,2573.7,17850.27,215.75,0,14555.16,1415.22,4456.53,76840.32,0,17983.45,0,0,84563.02,0,0,0,2400.15,2292.59,0,24809.0,30462.73,86.8,2655.43,19384.94,0,0,0,0
2009-04-06 15:00:00,0,2464.69,0,282.08,10571.55,6471.35,5840.7,0,0,2573.58,17709.42,217.03,0,14565.35,1445.74,4437.09,75829.34,0,18026.02,0,0,84273.43,0,0,0,2369.86,2198.34,0,24796.64,29745.45,84.54,2478.09,19261.7,0,0,0,0
2009-04-06 16:00:00,0,2375.21,0,283.32,10617.79,6287.16,5741.19,0,0,2477.54,17219.76,208.25,0,14529.9,1434.51,4402.31,74509.66,0,18016.66,0,0,83380.35,0,0,0,2389.7,2266.5,0,24761.26,29052.81,83.39,2404.55,19071.32,0,0,0,0
2009-04-06 17:00:00,0,2360.69,0,284.14,10626.43,6133.39,5837.89,0,0,2317.04,16585.45,211.19,0,14529.79,1425.83,4291.85,73273.66,0,18033.01,0,0,82352.09,0,0,0,2411.52,2368.51,0,24790.69,28669.71,82.87,2373.51,18925.94,0,0,0,0
2009-04-06 18:00:00,0,2399.46,0,286.38,10726.75,5880.11,5997.49,0,0,2219.03,15822.72,211.48,0,14685.94,1387.31,4294.4,71909.66,0,18198.84,0,0,83295.07,0,0,0,2417.41,2405.78,0,24569.74,28484.22,80.94,2349.98,18954.74,0,0,0,0
2009-04-06 19:00:00,0,2580.31,0,290.94,11395.47,5965.98,6319.99,0,0,2217.92,15514.48,226.66,0,14833.35,1477.65,4325.07,76318.47,0,18023.65,0,0,88410.76,0,0,0,2507.33,2389.14,0,26152.68,28526.98,79.37,2453.69,19310.4,0,0,0,0
2009-04-06 20:00:00,0,2638.4,0,286.34,11820.74,5751.56,6094.32,0,0,2054.29,14410.94,217.35,0,13856.73,1365.5,4245.0,76187.11,0,17385.3,0,0,85914.27,0,0,0,2523.88,2409.28,0,26864.08,30397.42,79.46,2308.09,19657.44,0,0,0,0
2009-04-06 21:00:00,0,2729.93,0,275.81,11798.47,5408.69,5915.14,0,0,1905.41,13430.65,209.48,0,12965.32,1275.71,4164.69,75486.97,0,16703.26,0,0,83247.76,0,0,0,2529.26,2379.22,0,26607.32,30771.47,79.32,2155.15,19602.23,0,0,0,0
2009-04-06 22:00:00,0,2668.3,0,255.04,11256.21,4931.92,5609.58,0,0,1745.29,12515.22,192.87,0,12125.21,1187.57,4054.58,73484.32,0,15855.82,0,0,80531.15,0,0,0,2462.17,2347.32,0,25675.74,30064.68,78.53,2010.29,18881.17,0,0,0,0
2009-04-06 23:00:00,0,2594.72,0,237.87,10720.47,4452.25,5347.26,0,0,1569.14,11283.05,179.36,0,11294.53,1105.06,3995.73,71440.48,0,14957.1,0,0,77776.81,0,0,0,2380.52,2299.12,0,24834.45,29213.55,77.88,1870.06,18200.25,0,0,0,0
2009-04-07 00:00:00,0,2514.97,0,215.62,10251.64,4049.73,5156.21,0,0,1400.15,10058.36,163.34,0,10543.59,1041.1,3925.37,69437.0,0,13981.52,0,0,75561.67,0,0,0,2292.01,2247.69,0,24006.49,28442.45,77.66,1709.21,17545.77,0,0,0,0
2009-04-07 01:00:00,0,2469.31,0,198.04,9817.18,3698.54,4994.0,0,0,1259.04,8938.16,146.93,0,10150.41,999.51,3857.75,67562.3,0,13239.61,0,0,74084.05,0,0,0,2206.12,2186.24,0,23039.89,27740.34,77.77,1540.95,16992.0,0,0,0,0
2009-04-07 02:00:00,0,2475.07,0,189.5,9864.34,3389.26,5143.89,0,0,1147.4,8007.83,133.83,0,10162.57,963.95,3792.56,65761.43,0,12883.18,0,0,73457.56,0,0,0,2145.05,2169.15,0,22851.07,27123.65,78.23,1406.97,16561.22,0,0,0,0
2009-04-07 03:00:00,0,2543.71,0,193.27,9905.74,3360.21,5275.96,0,0,1125.4,7714.17,129.67,0,10393.73,957.95,3780.82,64600.1,0,13043.34,0,0,73716.63,0,0,0,2197.52,2249.89,0,22993.77,26976.16,79.22,1379.64,16571.98,0,0,0,0
2009-04-07 04:00:00,0,2652.71,0,213.96,10415.28,3558.52,5679.02,0,0,1179.61,7989.34,140.7,0,10777.65,1028.61,3932.33,66067.12,0,13669.69,0,0,75453.29,0,0,0,2321.93,2344.59,0,23652.69,27354.88,81.48,1421.23,17185.93,0,0,0,0
2009-04-07 05:00:00,0,2738.19,0,229.16,11024.96,3836.37,6097.8,0,0,1266.21,8351.8,146.95,0,11119.87,1096.77,4077.79,67957.06,0,14504.26,0,0,78498.09,0,0,0,2441.64,2432.51,0,24597.38,28165.69,83.4,1500.61,17775.22,0,0,0,0
2009-04-07 06:00:00,0,2822.73,0,245.68,11706.33,4065.2,6575.57,0,0,1349.86,8799.67,155.49,0,11680.06,1164.68,4230.66,69731.96,0,15634.54,0,0,81790.93,0,0,0,2568.23,2548.97,0,25431.55,29021.85,85.47,1527.09,18245.18,0,0,0,0
2009-04-07 07:00:00,0,2908.57,0,288.81,13074.12,4629.94,7070.16,0,0,1520.1,10206.91,172.34,0,12805.72,1345.58,4529.01,73328.71,0,17338.95,0,0,89727.75,0,0,0,2859.45,2743.61,0,27482.93,29841.71,87.94,1677.16,19235.77,0,0,0,0
2009-04-07 08:00:00,0,3033.35,0,313.7,13133.0,5086.88,7370.36,0,0,1616.15,11007.64,181.89,0,13237.25,1416.98,4655.23,77962.03,0,18382.43,0,0,91601.11,0,0,0,2839.9,2884.0,0,28490.04,31552.34,91.64,1871.78,20468.19,0,0,0,0
2009-04-07 09:00:00,0,2942.0,0,322.66,12968.24,5216.03,7318.05,0,0,1695.76,11736.27,180.37,0,13617.43,1442.29,4702.29,77640.65,0,18902.06,0,0,92085.5,0,0,0,2772.81,2918.8,0,28025.63,31567.86,92.14,1974.11,20543.28,0,0,0,0
2009-04-07 10:00:00,0,2763.87,0,324.43,12463.22,5288.83,7172.31,0,0,1781.82,12497.76,178.3,0,13976.62,1467.63,4612.2,77157.15,0,19296.48,0,0,90205.15,0,0,0,2717.19,2925.71,0,27201.97,30969.61,90.48,2020.87,20304.67,0,0,0,0
2009-04-07 11:00:00,0,2567.41,0,318.93,12045.52,5226.02,6901.95,0,0,1796.57,12760.37,174.9,0,14222.54,1461.09,4502.71,76472.98,0,19009.82,0,0,88226.57,0,0,0,2624.7,2812.39,0,26734.93,30412.73,87.15,2079.12,19838.14,0,0,0,0
2009-04-07 12:00:00,0,2410.39,0,316.54,11732.72,5189.18,6524.02,0,0,1797.64,12985.58,174.54,0,14285.34,1433.21,4418.55,75788.37,0,18993.85,0,0,87027.03,0,0,0,2560.36,2700.78,0,26341.09,29857.04,83.91,2102.45,19288.38,0,0,0,0
2009-04-07 13:00:00,0,2271.96,0,307.49,11439.44,5128.18,6249.04,0,0,1761.69,13050.63,174.25,0,14265.35,1404.11,4305.18,74731.39,0,18538.93,0,0,85738.44,0,0,0,2501.08,2585.56,0,25758.52,29308.84,81.36,2093.43,18501.25,0,0,0,0
2009-04-07 14:00:00,0,2145.12,0,294.55,11157.37,4974.04,5882.83,0,0,1717.4,12877.42,171.39,0,14354.74,1370.82,4296.66,73532.2,0,18993.18,0,0,85116.43,0,0,0,2436.17,2479.29,0,24584.7,28732.82,79.13,2074.32,17607.58,0,0,0,0
2009-04-07 15:00:00,0,2018.56,0,283.71,10989.2,4806.59,5676.35,0,0,1676.79,12593.01,170.52,0,14330.15,1355.48,4193.05,72271.22,0,18925.33,0,0,83566.87,0,0,0,2397.93,2354.13,0,23912.09,27990.84,77.17,2042.17,17167.18,0,0,0,0
2009-04-07 16:00:00,0,1936.81,0,277.28,10909.63,4931.71,5621.17,0,0,1672.82,12297.96,178.22,0,14157.38,1351.6,4067.49,71122.17,0,18563.93,0,0,81878.33,0,0,0,2406.69,2381.05,0,23520.6,27226.32,75.21,2032.03,16797.38,0,0,0,0
2009-04-07 17:00:00,0,1902.38,0,274.28,11052.7,5163.54,5819.72,0,0,1696.47,12128.66,188.43,0,13952.1,1352.71,3922.35,70127.73,0,18382.46,0,0,81091.82,0,0,0,2433.4,2442.12,0,23463.18,26778.28,73.44,1998.72,16671.84,0,0,0,0
2009-04-07 18:00:00,0,1941.33,0,279.74,11419.07,5083.06,6134.42,0,0,1732.04,12089.67,193.0,0,14092.2,1327.5,3872.08,69613.06,0,18641.09,0,0,82042.93,0,0,0,2461.66,2555.73,0,23744.32,26279.46,72.54,1976.21,16862.56,0,0,0,0
2009-04-07 19:00:00,0,2079.19,0,295.32,12227.17,5609.49,6728.35,0,0,1881.73,13079.22,215.96,0,14898.56,1460.93,4148.49,72720.2,0,19106.1,0,0,90141.43,0,0,0,2588.49,2650.63,0,25189.39,25751.99,73.15,2249.17,17928.82,0,0,0,0
2009-04-07 20:00:00,0,2224.53,0,292.27,12433.29,5513.63,6583.5,0,0,1771.76,12452.03,213.37,0,14108.45,1381.62,4152.66,73109.96,0,18449.13,0,0,87241.85,0,0,0,2641.1,2651.27,0,26050.34,27357.42,74.13,2107.62,18788.55,0,0,0,0
2009-04-07 21:00:00,0,2368.6,0,285.71,12201.62,5322.56,6368.67,0,0,1666.8,11776.42,211.4,0,13352.47,1314.54,4130.14,73275.98,0,17664.25,0,0,84101.55,0,0,0,2616.26,2607.36,0,25929.84,28354.14,73.94,1980.98,19356.1,0,0,0,0
2009-04-07 22:00:00,0,2343.68,0,275.07,11748.23,4979.6,6188.92,0,0,1592.67,11065.81,199.16,0,12576.41,1242.27,4095.29,71535.96,0,16733.22,0,0,81530.46,0,0,0,2529.86,2574.28,0,25091.43,27912.56,73.19,1867.72,19011.02,0,0,0,0
2009-04-07 23:00:00,0,2268.23,0,264.57,11320.32,4682.6,6085.49,0,0,1534.71,10379.06,189.57,0,11845.06,1181.52,4030.65,69572.25,0,15841.72,0,0,79234.91,0,0,0,2446.52,2527.7,0,24514.05,27003.82,72.37,1744.06,18518.14,0,0,0,0
2009-04-08 00:00:00,0,2180.55,0,256.65,10935.62,4434.86,5967.22,0,0,1495.07,9637.74,179.92,0,11180.5,1165.31,3927.69,67477.78,0,15049.25,0,0,76952.67,0,0,0,2370.87,2499.08,0,23906.67,26024.49,71.27,1619.61,17940.36,0,0,0,0
2009-04-08 01:00:00,0,2087.86,0,250.59,10735.36,4197.33,5927.89,0,0,1446.83,8993.99,172.22,0,10746.64,1220.66,3854.12,65345.47,0,14290.53,0,0,74799.71,0,0,0,2323.13,2493.01,0,23369.52,25021.93,70.6,1511.24,17300.2,0,0,0,0
2009-04-08 02:00:00,0,2056.14,0,248.12,10759.32,4070.35,6043.63,0,0,1430.43,8784.18,170.45,0,10753.46,1275.46,3752.45,63178.87,0,13910.56,0,0,73242.11,0,0,0,2378.38,2632.11,0,23043.93,24118.26,70.56,1431.04,16944.47,0,0,0,0
2009-04-08 03:00:00,0,2101.98,0,262.89,10915.66,4336.38,6402.62,0,0,1531.69,9276.35,179.39,0,10848.65,1373.06,3714.46,62378.72,0,13838.39,0,0,73234.58,0,0,0,2538.08,2820.44,0,23605.44,24017.97,71.78,1472.47,17153.94,0,0,0,0
2009-04-08 04:00:00,0,2199.16,0,280.79,11456.08,4780.53,6872.77,0,0,1643.55,9823.52,192.66,0,11199.87,1500.63,3833.7,63770.99,0,14214.53,0,0,74982.2,0,0,0,2712.19,2975.65,0,24720.87,24387.57,74.5,1628.91,17565.81,0,0,0,0
2009-04-08 05:00:00,0,2314.92,0,295.47,11999.91,5238.33,7283.2,0,0,1746.54,10415.15,207.16,0,11542.74,1601.78,3961.32,65528.54,0,14802.24,0,0,77449.44,0,0,0,2861.11,3106.82,0,25722.41,25292.18,77.25,1800.26,17983.53,0,0,0,0
2009-04-08 06:00:00,0,2424.08,0,309.56,12517.32,5729.99,7672.93,0,0,1856.65,11011.8,219.52,0,12657.46,1691.55,4102.43,67217.98,0,16251.8,0,0,80751.94,0,0,0,2980.11,3205.44,0,26213.44,26231.16,79.52,1984.47,18323.19,0,0,0,0
2009-04-08 07:00:00,0,2515.68,0,345.08,13352.12,6155.21,7717.88,0,0,1974.68,12251.55,227.0,0,13647.18,1737.76,4346.36,70569.81,0,17788.28,0,0,87453.8,0,0,0,3089.08,3219.26,0,27253.23,27155.14,81.79,2133.72,19046.02,0,0,0,0
2009-04-08 08:00:00,0,2604.08,0,340.09,12846.96,5973.24,7275.85,0,0,1857.58,12248.18,212.33,0,13896.41,1537.9,4348.36,74216.49,0,18090.5,0,0,87398.34,0,0,0,2889.91,3035.35,0,26756.67,28699.1,83.0,2149.76,18897.72,0,0,0,0
2009-04-08 09:00:00,0,2451.38,0,319.85,12311.0,5688.88,6834.78,0,0,1800.59,12320.22,185.47,0,13727.1,1448.26,4300.65,73133.0,0,18277.49,0,0,85649.24,0,0,0,2782.69,2867.43,0,25319.95,28703.75,80.05,2103.57,17934.4,0,0,0,0
2009-04-08 10:00:00,0,2285.1,0,299.89,11679.21,5706.91,6256.23,0,0,1838.35,12603.45,179.89,0,13507.59,1432.41,4220.19,71872.74,0,18277.7,0,0,83315.28,0,0,0,2636.91,2704.65,0,23883.77,28553.37,76.16,2145.37,17213.83,0,0,0,0
2009-04-08 11:00:00,0,2097.97,0,297.19,11332.87,5744.08,5904.79,0,0,1836.44,12889.23,177.96,0,13334.13,1398.0,4065.73,71290.42,0,18265.96,0,0,81840.7,0,0,0,2446.13,2521.5,0,22972.62,27998.45,72.9,2145.75,16535.89,0,0,0,0
2009-04-08 12:00:00,0,1966.59,0,292.95,10979.68,5695.98,5632.33,0,0,1812.77,12906.08,174.98,0,13254.13,1372.6,3952.37,70741.64,0,18292.01,0,0,81152.99,0,0,0,2342.4,2356.73,0,22349.02,27664.26,70.18,2138.91,15971.44,0,0,0,0
2009-04-08 13:00:00,0,1861.24,0,279.2,10605.06,5562.74,5383.21,0,0,1773.0,12736.39,172.08,0,13208.92,1332.08,3844.58,70181.01,0,18124.02,0,0,80079.86,0,0,0,2302.58,2227.72,0,21831.81,27376.86,68.07,2131.29,15402.98,0,0,0,0
2009-04-08 14:00:00,0,1777.4,0,270.67,10338.88,5297.98,5256.4,0,0,1726.82,12513.66,168.94,0,13276.16,1296.0,3810.85,69514.66,0,17917.1,0,0,78969.36,0,0,0,2285.96,2135.77,0,21417.5,27188.21,66.66,2116.42,15069.58,0,0,0,0
2009-04-08 15:00:00,0,1700.61,0,272.9,10294.62,5059.74,5226.69,0,0,1687.12,12317.13,172.83,0,13276.33,1297.62,3756.21,68785.56,0,18011.67,0,0,77846.04,0,0,0,2291.25,2122.28,0,21015.24,26978.61,65.0,2103.6,14901.16,0,0,0,0
2009-04-08 16:00:00,0,1671.76,0,285.45,10414.0,5176.97,5325.81,0,0,1690.34,12168.66,181.52,0,13316.94,1297.04,3687.1,68222.71,0,17905.45,0,0,76584.81,0,0,0,2340.91,2198.5,0,21015.64,26720.04,64.62,2132.51,15123.58,0,0,0,0
2009-04-08 17:00:00,0,1686.17,0,295.78,10500.92,5433.73,5592.5,0,0,1760.95,12316.17,191.71,0,13317.11,1352.99,3650.28,67542.56,0,17782.08,0,0,75836.52,0,0,0,2369.69,2310.46,0,21200.86,26622.26,65.22,2207.17,15348.58,0,0,0,0
2009-04-08 18:00:00,0,1724.09,0,297.57,10580.96,5532.68,5888.38,0,0,1795.81,12504.18,197.06,0,13814.42,1377.75,3648.49,67728.25,0,18057.54,0,0,78221.39,0,0,0,2387.53,2327.74,0,21783.98,26367.95,65.8,2273.24,15563.77,0,0,0,0
2009-04-08 19:00:00,0,1886.45,0,305.86,10807.82,5801.43,6404.47,0,0,1929.33,13635.59,222.98,0,14741.98,1509.83,3783.54,70316.41,0,18442.95,0,0,84700.63,0,0,0,2505.43,2471.19,0,22372.15,25830.88,67.94,2386.36,16079.91,0,0,0,0
2009-04-08 20:00:00,0,1947.16,0,295.18,10982.82,5606.98,6189.94,0,0,1813.86,12744.99,217.36,0,13869.25,1391.88,3710.67,69827.9,0,17746.84,0,0,82309.01,0,0,0,2518.24,2451.44,0,22810.45,26781.06,66.97,2181.63,16261.66,0,0,0,0
2009-04-08 21:00:00,0,2016.69,0,282.22,10916.33,5309.42,6010.18,0,0,1718.04,12056.13,212.27,0,13076.4,1294.69,3649.46,69625.0,0,17152.12,0,0,79979.74,0,0,0,2466.09,2394.32,0,22825.06,27406.49,66.2,2033.27,16446.57,0,0,0,0
2009-04-08 22:00:00,0,2005.87,0,258.82,10376.6,4888.78,5818.09,0,0,1627.63,11250.46,196.14,0,12286.52,1210.82,3614.71,67888.62,0,16358.82,0,0,77735.37,0,0,0,2343.65,2269.78,0,21714.91,27043.22,65.66,1897.35,15762.04,0,0,0,0
2009-04-08 23:00:00,0,1930.34,0,237.42,9821.52,4509.02,5592.32,0,0,1538.18,10448.36,180.45,0,11560.05,1128.37,3557.01,65874.79,0,15434.58,0,0,75472.0,0,0,0,2224.81,2159.92,0,20650.36,25927.25,64.93,1765.65,15075.34,0,0,0,0
2009-04-09 00:00:00,0,1852.62,0,218.61,9235.93,4125.38,5284.76,0,0,1457.95,9641.95,164.86,0,10867.64,1060.33,3479.45,63726.69,0,14580.72,0,0,73295.22,0,0,0,2110.38,2055.4,0,19560.96,24833.02,63.85,1641.52,14429.5,0,0,0,0
2009-04-09 01:00:00,0,1765.5,0,201.41,8814.57,3773.82,5002.59,0,0,1391.09,8852.16,148.83,0,10468.57,1015.4,3407.86,61524.55,0,13899.08,0,0,71481.22,0,0,0,2000.83,1952.59,0,18450.65,23768.03,63.05,1526.91,13850.87,0,0,0,0
2009-04-09 02:00:00,0,1714.93,0,186.91,8595.24,3531.27,4848.92,0,0,1341.81,8279.02,139.58,0,10525.77,988.89,3342.94,59318.43,0,13611.99,0,0,70613.47,0,0,0,1930.08,1863.06,0,17684.08,22818.47,62.65,1428.41,13348.68,0,0,0,0
2009-04-09 03:00:00,0,1730.07,0,185.32,8784.84,3670.13,5037.64,0,0,1381.84,8562.66,141.16,0,10673.55,1013.81,3351.24,58441.35,0,13529.89,0,0,71026.35,0,0,0,1935.48,1881.42,0,17592.72,22468.51,63.13,1434.54,13449.53,0,0,0,0
2009-04-09 04:00:00,0,1783.26,0,195.03,9338.56,3976.98,5349.31,0,0,1465.88,8963.7,148.19,0,10962.31,1071.36,3515.64,59901.74,0,13861.21,0,0,73230.14,0,0,0,2012.73,1961.51,0,18113.07,22732.24,64.79,1517.65,14052.89,0,0,0,0
2009-04-09 05:00:00,0,1844.94,0,205.95,9952.97,4302.6,5640.42,0,0,1551.16,9410.29,155.31,0,11314.6,1136.4,3715.1,61944.59,0,14482.49,0,0,75884.59,0,0,0,2138.95,2058.1,0,18761.04,23400.61,66.66,1602.38,14788.56,0,0,0,0
2009-04-09 06:00:00,0,1906.95,0,217.64,10614.31,4642.79,6069.36,0,0,1631.73,9860.28,163.24,0,12686.43,1203.81,3887.44,63900.0,0,16127.39,0,0,79621.87,0,0,0,2265.91,2172.67,0,19450.2,24261.83,68.6,1687.83,15322.73,0,0,0,0
2009-04-09 07:00:00,0,1986.63,0,259.04,11621.85,5259.36,6489.97,0,0,1845.78,11291.62,177.78,0,13249.46,1367.26,4185.19,67763.12,0,17266.52,0,0,84170.67,0,0,0,2501.08,2375.49,0,21455.86,25157.51,70.37,1846.9,16608.98,0,0,0,0
2009-04-09 08:00:00,0,2130.21,0,275.93,11291.18,5263.74,6289.39,0,0,1795.42,11468.07,183.79,0,13352.89,1298.16,4182.13,71001.23,0,17388.48,0,0,84459.95,0,0,0,2522.25,2405.8,0,21709.79,26985.24,71.82,1976.46,16748.34,0,0,0,0
2009-04-09 09:00:00,0,2092.99,0,287.18,11208.36,5294.6,6224.81,0,0,1757.98,11987.11,190.02,0,12999.78,1265.82,4077.13,71632.7,0,17311.48,0,0,82885.98,0,0,0,2513.69,2431.95,0,21902.96,27655.22,72.14,2055.1,16355.42,0,0,0,0
2009-04-09 10:00:00,0,2071.8,0,297.96,10858.89,5419.08,5939.18,0,0,1786.12,12511.5,191.12,0,12726.43,1283.18,3925.25,71666.05,0,17226.57,0,0,80954.15,0,0,0,2474.22,2404.73,0,21872.66,27995.6,73.12,2123.31,16423.98,0,0,0,0
2009-04-09 11:00:00,0,2026.37,0,305.02,10631.35,5503.77,5568.63,0,0,1808.71,13011.92,190.59,0,12637.22,1307.18,3851.94,71497.55,0,17297.67,0,0,79849.44,0,0,0,2446.16,2362.58,0,22146.52,28395.08,72.5,2231.47,16217.15,0,0,0,0
2009-04-09 12:00:00,0,1969.84,0,314.45,10455.63,5627.05,5343.09,0,0,1844.14,13449.87,195.58,0,12647.49,1363.35,3804.95,71112.29,0,17287.64,0,0,79222.05,0,0,0,2440.51,2354.76,0,22368.21,28615.31,72.06,2320.55,15854.56,0,0,0,0
2009-04-09 13:00:00,0,1951.09,0,324.17,10309.88,5814.23,5243.23,0,0,1913.18,13811.3,202.48,0,12726.72,1412.13,3756.53,70906.4,0,17175.72,0,0,78504.79,0,0,0,2469.06,2353.38,0,22643.68,28565.46,70.8,2391.63,15743.53,0,0,0,0
2009-04-09 14:00:00,0,1934.58,0,332.48,10133.16,5940.29,5261.43,0,0,1972.71,13871.91,213.5,0,12729.26,1468.16,3702.05,70810.5,0,16958.64,0,0,77321.65,0,0,0,2517.24,2330.7,0,23013.35,28386.5,70.73,2455.8,15789.66,0,0,0,0
2009-04-09 15:00:00,0,1926.94,0,334.0,10075.84,6178.06,5323.62,0,0,2064.91,14155.99,223.87,0,12770.0,1529.82,3675.02,70559.78,0,16873.25,0,0,76411.79,0,0,0,2550.35,2372.34,0,23326.97,28275.92,69.63,2516.13,15656.41,0,0,0,0
2009-04-09 16:00:00,0,1899.41,0,327.06,10108.16,6415.82,5425.76,0,0,2149.29,14626.79,236.39,0,12754.38,1619.55,3678.92,70012.3,0,16972.86,0,0,76313.81,0,0,0,2611.83,2432.02,0,23777.72,28025.82,69.38,2556.9,15756.88,0,0,0,0
2009-04-09 17:00:00,0,1873.4,0,319.33,10560.9,6636.96,5678.79,0,0,2198.94,14784.7,243.41,0,12758.01,1644.95,3698.95,69918.92,0,17214.48,0,0,76638.42,0,0,0,2645.86,2458.88,0,23969.95,27661.2,70.23,2592.27,16072.89,0,0,0,0
2009-04-09 18:00:00,0,1884.25,0,310.99,10874.03,6687.83,5970.66,0,0,2201.87,14827.72,239.8,0,13260.33,1611.13,3676.89,69988.85,0,17608.55,0,0,78931.36,0,0,0,2648.33,2461.7,0,23771.51,27673.56,71.11,2609.65,16299.79,0,0,0,0
2009-04-09 19:00:00,0,1948.33,0,324.26,11033.66,6648.35,6507.89,0,0,2223.04,14909.29,250.39,0,14581.14,1675.88,3860.79,70711.9,0,18153.87,0,0,83841.26,0,0,0,2719.71,2622.51,0,24116.51,26642.21,71.37,2678.63,16923.03,0,0,0,0
2009-04-09 20:00:00,0,2015.08,0,313.51,10837.88,6090.51,6106.76,0,0,1997.9,13682.23,230.24,0,13768.92,1524.14,3682.19,70258.91,0,17378.04,0,0,80285.12,0,0,0,2654.38,2511.18,0,23584.51,28028.03,71.03,2377.66,16627.25,0,0,0,0
2009-04-09 21:00:00,0,2074.16,0,298.57,10650.6,5699.7,5730.99,0,0,1848.21,12702.6,221.68,0,12958.54,1391.41,3558.88,70106.7,0,16678.72,0,0,77593.67,0,0,0,2554.04,2382.76,0,23172.86,28327.69,68.73,2174.22,16814.47,0,0,0,0
2009-04-09 22:00:00,0,2043.66,0,274.88,9946.48,5136.45,5378.55,0,0,1708.4,11724.07,201.41,0,12123.7,1275.63,3454.47,68139.57,0,15871.39,0,0,75396.19,0,0,0,2392.96,2242.44,0,21830.23,27561.82,67.24,1996.32,15882.6,0,0,0,0
2009-04-09 23:00:00,0,1925.75,0,250.0,9304.87,4641.27,5038.53,0,0,1568.24,10794.34,185.13,0,11365.93,1166.47,3328.56,65837.94,0,15053.35,0,0,73087.33,0,0,0,2221.45,2113.43,0,20561.8,26343.69,65.34,1846.16,15006.12,0,0,0,0
2009-04-10 00:00:00,0,1828.75,0,226.95,8719.74,4162.83,4721.01,0,0,1429.72,9899.05,168.82,0,10680.69,1063.68,3212.75,63639.13,0,14241.34,0,0,70602.17,0,0,0,2098.42,1997.28,0,19321.11,25216.54,63.37,1687.56,14107.88,0,0,0,0
2009-04-10 01:00:00,0,1728.89,0,208.36,8265.07,3714.45,4441.98,0,0,1317.76,9032.81,152.52,0,10376.74,985.19,3115.97,61383.93,0,13634.42,0,0,68271.81,0,0,0,1994.45,1889.76,0,18193.32,24144.45,63.18,1549.28,13300.29,0,0,0,0
2009-04-10 02:00:00,0,1666.8,0,193.65,7983.8,3410.25,4217.47,0,0,1223.06,8219.22,139.21,0,10403.16,943.84,3023.9,59197.68,0,13193.32,0,0,66977.41,0,0,0,1942.27,1811.77,0,17457.72,23224.45,62.25,1445.64,12749.86,0,0,0,0
2009-04-10 03:00:00,0,1656.64,0,192.06,8055.66,3461.19,4309.95,0,0,1231.57,8197.33,138.8,0,10546.03,968.72,2970.14,57771.62,0,13105.02,0,0,67047.61,0,0,0,1918.84,1824.31,0,17359.66,22825.96,61.99,1446.0,12370.7,0,0,0,0
2009-04-10 04:00:00,0,1735.45,0,202.37,8370.35,3724.22,4582.66,0,0,1311.82,8584.68,146.6,0,10751.27,1022.53,3039.58,58937.08,0,13410.51,0,0,69315.02,0,0,0,1975.39,1877.9,0,17854.78,23063.7,62.78,1514.68,12431.53,0,0,0,0
2009-04-10 05:00:00,0,1825.67,0,212.44,8903.46,3995.12,4876.19,0,0,1379.16,9000.77,153.84,0,11087.09,1074.18,3163.1,60838.86,0,14033.26,0,0,72048.34,0,0,0,2064.63,1939.13,0,18386.22,23909.25,62.98,1586.02,12818.95,0,0,0,0
2009-04-10 06:00:00,0,1912.77,0,222.66,9446.17,4274.98,5141.98,0,0,1444.22,9414.56,161.69,0,12293.16,1126.63,3278.39,62839.08,0,15532.82,0,0,75610.54,0,0,0,2159.0,2001.8,0,18837.74,24880.58,63.84,1664.32,13276.24,0,0,0,0
2009-04-10 07:00:00,0,1998.56,0,258.62,10295.75,4772.14,5468.88,0,0,1620.23,10682.75,171.3,0,12744.79,1248.63,3469.98,66149.93,0,16599.5,0,0,80909.22,0,0,0,2342.22,2128.98,0,20174.4,25869.77,65.6,1824.82,13948.83,0,0,0,0
2009-04-10 08:00:00,0,2154.82,0,273.97,10428.43,4971.09,5582.74,0,0,1706.22,11762.43,177.74,0,12900.97,1237.96,3685.4,70247.17,0,16781.04,0,0,82057.66,0,0,0,2385.32,2184.12,0,20842.12,27798.77,68.21,1966.5,14882.04,0,0,0,0
2009-04-10 09:00:00,0,2260.73,0,291.85,10589.53,5299.45,5736.22,0,0,1820.68,12632.72,184.32,0,12710.06,1265.67,3803.18,72222.35,0,16877.4,0,0,82322.65,0,0,0,2436.13,2249.94,0,21357.6,28638.23,70.41,2112.65,15329.26,0,0,0,0
2009-04-10 10:00:00,0,2286.34,0,304.48,10641.46,5412.21,5796.23,0,0,1849.19,13469.02,192.68,0,12513.9,1305.33,3877.25,73508.14,0,16852.63,0,0,81853.68,0,0,0,2451.08,2284.08,0,21627.89,29072.76,72.52,2242.04,15543.5,0,0,0,0
2009-04-10 11:00:00,0,2279.98,0,312.06,10731.87,5628.11,5887.73,0,0,1934.57,14136.66,188.7,0,12385.51,1339.39,3944.39,73985.39,0,17163.87,0,0,81882.0,0,0,0,2423.85,2239.86,0,22054.79,29442.08,74.37,2379.36,15738.68,0,0,0,0
2009-04-10 12:00:00,0,2265.7,0,323.62,10845.88,5804.39,5977.74,0,0,2025.95,14898.91,186.61,0,12384.45,1379.06,3948.63,73401.44,0,17196.49,0,0,81994.68,0,0,0,2442.33,2262.88,0,22683.94,29365.47,75.6,2511.21,15978.01,0,0,0,0
2009-04-10 13:00:00,0,2228.82,0,331.96,10928.19,6142.16,6022.66,0,0,2115.44,15531.32,200.24,0,12429.61,1435.64,3944.46,72757.48,0,17410.04,0,0,81830.77,0,0,0,2478.87,2310.27,0,23283.6,28916.39,76.0,2693.98,16168.8,0,0,0,0
2009-04-10 14:00:00,0,2167.1,0,337.5,10919.14,6587.53,6091.83,0,0,2255.92,16243.38,217.7,0,12464.47,1508.62,3942.57,72271.9,0,17500.59,0,0,81545.36,0,0,0,2508.16,2351.99,0,23806.82,28481.36,75.43,2838.49,16128.67,0,0,0,0
2009-04-10 15:00:00,0,2139.09,0,342.39,10997.05,7021.49,6139.78,0,0,2382.24,16852.62,230.54,0,12533.74,1578.95,3891.22,71772.8,0,17688.2,0,0,81289.4,0,0,0,2573.63,2409.54,0,24083.48,28148.88,74.18,2963.7,16082.0,0,0,0,0
2009-04-10 16:00:00,0,2138.5,0,341.09,10977.05,7447.83,6220.63,0,0,2506.56,17423.08,243.38,0,12701.4,1664.41,3864.14,71541.18,0,17703.99,0,0,81487.33,0,0,0,2609.35,2449.23,0,24241.09,27992.27,74.22,3047.33,16013.03,0,0,0,0
2009-04-10 17:00:00,0,2136.82,0,333.88,11027.6,7674.89,6189.37,0,0,2553.21,17581.85,251.09,0,13081.7,1685.94,3777.46,71271.06,0,17795.52,0,0,81294.57,0,0,0,2626.41,2462.59,0,24044.08,27769.74,73.45,3042.51,16018.86,0,0,0,0
2009-04-10 18:00:00,0,2119.79,0,330.27,10959.53,7457.15,6069.06,0,0,2511.62,17146.8,250.1,0,13507.08,1660.01,3719.68,71122.87,0,18084.99,0,0,81377.08,0,0,0,2613.09,2483.95,0,23642.26,27448.03,73.0,2927.91,16282.75,0,0,0,0
2009-04-10 19:00:00,0,1902.33,0,321.24,10844.86,6969.67,6468.53,0,0,2398.78,16644.52,253.4,0,13590.75,1630.36,3570.46,67894.12,0,17154.03,0,0,82217.63,0,0,0,2625.89,2573.08,0,22694.34,24980.96,61.73,2804.28,15018.35,0,0,0,0
2009-04-10 20:00:00,0,1931.95,0,309.88,10634.42,6505.92,6082.9,0,0,2175.71,15029.93,238.42,0,12951.1,1453.52,3429.74,68159.63,0,16625.05,0,0,80022.84,0,0,0,2584.77,2498.24,0,22291.25,25754.03,61.28,2611.1,15346.86,0,0,0,0
2009-04-10 21:00:00,0,1997.26,0,295.67,10413.26,6058.8,5748.15,0,0,1980.74,13733.06,228.23,0,12336.44,1331.53,3317.91,67805.68,0,16122.8,0,0,77266.75,0,0,0,2589.82,2419.1,0,22067.0,25760.45,59.44,2421.65,15508.29,0,0,0,0
2009-04-10 22:00:00,0,2016.02,0,275.04,9738.11,5403.64,5478.66,0,0,1820.12,12624.81,210.97,0,11697.47,1216.06,3224.72,65820.09,0,15313.61,0,0,74484.36,0,0,0,2448.33,2306.53,0,20941.65,25551.47,58.14,2250.56,14803.6,0,0,0,0
2009-04-10 23:00:00,0,1930.71,0,256.23,9121.53,4888.42,5175.07,0,0,1666.33,11589.59,191.99,0,11006.69,1129.99,3155.94,63465.69,0,14610.92,0,0,71771.5,0,0,0,2306.88,2214.9,0,20045.35,24894.24,56.94,2099.24,13950.46,0,0,0,0
2009-04-11 00:00:00,0,1851.4,0,241.91,8482.62,4419.33,4920.88,0,0,1525.48,10697.63,174.89,0,10479.59,1058.23,3080.7,61386.84,0,13919.57,0,0,68887.54,0,0,0,2192.67,2118.15,0,19152.22,24066.83,55.78,1960.7,13239.7,0,0,0,0
2009-04-11 01:00:00,0,1778.6,0,228.07,7973.78,3993.81,4643.54,0,0,1397.75,9863.02,160.68,0,10146.8,1002.44,2991.67,59461.58,0,13186.27,0,0,66579.28,0,0,0,2111.93,2037.51,0,18441.98,23269.01,54.63,1813.92,12689.27,0,0,0,0
2009-04-11 02:00:00,0,1762.55,0,215.74,7562.04,3746.26,4378.0,0,0,1309.54,9266.09,149.49,0,10130.3,1002.64,2923.83,57778.9,0,12639.83,0,0,64535.94,0,0,0,2031.77,1955.69,0,17893.26,22665.27,54.6,1687.69,12239.96,0,0,0,0
2009-04-11 03:00:00,0,1781.64,0,206.66,7343.71,3580.03,4149.29,0,0,1246.98,8870.2,141.7,0,10174.84,958.84,2890.47,56933.89,0,12402.2,0,0,63753.01,0,0,0,1961.13,1869.92,0,17448.51,22303.2,54.98,1595.33,12154.29,0,0,0,0
2009-04-11 04:00:00,0,1831.67,0,198.55,7255.39,3541.0,4104.44,0,0,1244.62,8733.43,140.28,0,10301.32,923.37,2902.62,56654.55,0,12418.62,0,0,63844.81,0,0,0,1949.66,1849.17,0,17205.24,22197.63,56.0,1549.51,12128.71,0,0,0,0
2009-04-11 05:00:00,0,1915.29,0,198.21,7385.43,3597.59,4166.43,0,0,1256.02,8819.73,143.14,0,10524.3,948.48,2969.9,57229.69,0,12608.15,0,0,64336.54,0,0,0,1934.65,1874.24,0,17295.21,22481.01,57.65,1566.48,12290.15,0,0,0,0
2009-04-11 06:00:00,0,2004.81,0,205.46,7711.07,3722.4,4284.2,0,0,1286.71,9021.64,146.51,0,10851.83,973.42,3071.07,58493.05,0,13172.63,0,0,65151.96,0,0,0,1920.11,1893.72,0,17596.55,22883.56,59.37,1613.15,12674.32,0,0,0,0
2009-04-11 07:00:00,0,2111.82,0,217.67,8218.27,4105.4,4667.44,0,0,1413.66,9894.72,158.11,0,11228.09,1036.11,3209.8,60720.58,0,13852.19,0,0,67434.83,0,0,0,1992.06,2039.92,0,18762.9,23288.4,61.34,1710.81,13381.9,0,0,0,0
2009-04-11 08:00:00,0,2180.69,0,226.32,8568.53,4701.9,4949.35,0,0,1640.43,11777.5,174.0,0,11549.05,1113.87,3338.48,62769.37,0,14390.62,0,0,69100.8,0,0,0,2099.71,2135.21,0,19766.79,23628.29,62.31,1957.78,14409.77,0,0,0,0
2009-04-11 09:00:00,0,2077.89,0,241.07,8953.36,5150.52,5140.82,0,0,1848.99,13547.04,181.04,0,11801.7,1187.85,3477.47,63946.24,0,14801.99,0,0,70535.5,0,0,0,2212.34,2245.78,0,20568.24,23799.2,61.83,2117.34,15020.25,0,0,0,0
2009-04-11 10:00:00,0,2026.99,0,254.5,9149.44,5576.59,5152.75,0,0,2024.22,15000.82,191.23,0,12032.41,1310.69,3485.0,64030.73,0,15064.9,0,0,71762.61,0,0,0,2260.47,2298.66,0,21280.86,24222.63,61.99,2289.57,15420.95,0,0,0,0
2009-04-11 11:00:00,0,1951.27,0,260.97,9214.66,6148.14,5239.47,0,0,2167.14,16157.93,207.74,0,12296.41,1441.64,3398.79,63725.36,0,15278.41,0,0,72845.43,0,0,0,2244.73,2302.77,0,21765.33,24508.26,60.86,2443.49,15391.17,0,0,0,0
2009-04-11 12:00:00,0,1894.34,0,275.09,9217.2,6609.46,5358.71,0,0,2298.66,17095.02,220.73,0,12513.02,1536.67,3323.97,63575.8,0,15388.34,0,0,73474.88,0,0,0,2280.16,2345.9,0,21713.9,24603.12,60.13,2543.97,14809.42,0,0,0,0
2009-04-11 13:00:00,0,1824.1,0,290.13,9253.97,6908.21,5427.47,0,0,2421.58,17806.86,229.6,0,12573.35,1601.32,3237.7,63452.85,0,15533.62,0,0,73045.0,0,0,0,2317.12,2368.47,0,21649.39,24511.67,59.28,2639.35,14338.11,0,0,0,0
2009-04-11 14:00:00,0,1754.77,0,304.68,9277.71,7189.37,5523.42,0,0,2519.89,18505.96,237.32,0,12640.22,1658.22,3174.03,63442.99,0,15703.97,0,0,72664.2,0,0,0,2345.58,2393.01,0,21579.6,24290.87,59.17,2742.84,14023.27,0,0,0,0
2009-04-11 15:00:00,0,1748.15,0,312.46,9309.26,7416.01,5588.72,0,0,2596.08,18981.3,240.54,0,12674.15,1723.32,3113.48,62974.92,0,15824.35,0,0,72146.48,0,0,0,2389.85,2424.63,0,21532.53,24227.35,58.91,2842.35,13884.56,0,0,0,0
2009-04-11 16:00:00,0,1712.29,0,317.46,9155.14,7493.89,5542.79,0,0,2622.36,18908.16,242.73,0,12721.91,1742.98,3064.28,62213.51,0,15824.71,0,0,71389.67,0,0,0,2429.24,2452.3,0,21532.51,24125.73,58.43,2860.43,13797.36,0,0,0,0
2009-04-11 17:00:00,0,1712.11,0,321.85,8898.26,7269.04,5415.74,0,0,2567.36,18490.59,245.16,0,12811.04,1692.42,3048.8,61983.33,0,15756.44,0,0,70836.74,0,0,0,2464.02,2460.63,0,21706.48,24308.77,57.54,2725.33,13812.62,0,0,0,0
2009-04-11 18:00:00,0,1699.61,0,316.73,8819.9,6852.32,5407.39,0,0,2445.45,17603.04,243.26,0,13095.45,1640.84,3085.94,62096.47,0,15723.84,0,0,71511.88,0,0,0,2449.18,2468.52,0,22083.73,24312.5,56.66,2636.45,13924.11,0,0,0,0
2009-04-11 19:00:00,0,1782.84,0,339.6,10437.33,7043.63,6197.11,0,0,2497.12,17185.36,260.98,0,14043.45,1708.2,3489.21,65574.86,0,17365.33,0,0,80820.2,0,0,0,2580.05,2470.31,0,22114.23,25210.04,59.83,2793.54,14709.89,0,0,0,0
2009-04-11 20:00:00,0,1821.99,0,318.48,10401.01,6622.12,5846.26,0,0,2294.38,15687.27,247.87,0,13405.2,1499.22,3437.95,66752.44,0,16709.63,0,0,79000.95,0,0,0,2504.91,2377.77,0,22112.49,26032.23,60.86,2571.3,14663.13,0,0,0,0
2009-04-11 21:00:00,0,1908.83,0,299.2,10149.76,6166.69,5488.63,0,0,2103.42,14299.35,231.54,0,12721.65,1348.58,3358.09,66801.14,0,16227.44,0,0,76388.14,0,0,0,2465.12,2310.13,0,21909.07,25981.31,59.54,2394.77,15133.97,0,0,0,0
2009-04-11 22:00:00,0,1956.53,0,272.77,9444.74,5532.99,5147.89,0,0,1923.78,13113.9,211.62,0,12092.16,1225.83,3295.63,65299.82,0,15632.19,0,0,73822.65,0,0,0,2306.94,2188.43,0,20871.73,25793.59,58.66,2244.4,14647.83,0,0,0,0
2009-04-11 23:00:00,0,1873.62,0,249.43,8898.97,4920.92,4936.36,0,0,1754.02,11926.86,195.13,0,11404.37,1136.2,3253.14,63071.1,0,14940.8,0,0,71649.45,0,0,0,2158.56,2073.74,0,19923.79,24987.79,57.36,2081.6,14022.27,0,0,0,0
2009-04-12 00:00:00,0,1791.76,0,231.12,8515.89,4407.2,4810.86,0,0,1593.3,10818.8,179.1,0,10745.74,1049.34,3201.62,60908.52,0,14231.39,0,0,69755.18,0,0,0,2049.91,1973.63,0,19039.6,24191.8,57.0,1917.92,13431.71,0,0,0,0
2009-04-12 01:00:00,0,1694.95,0,213.55,8092.46,4005.91,4607.55,0,0,1448.44,9853.27,160.26,0,10239.19,993.53,3149.86,58984.56,0,13476.48,0,0,67787.78,0,0,0,1966.7,1907.73,0,18374.0,23269.81,56.19,1788.53,12839.96,0,0,0,0
2009-04-12 02:00:00,0,1633.16,0,199.44,7884.83,3751.37,4397.61,0,0,1332.31,9122.78,144.95,0,10160.72,951.67,3162.24,57335.48,0,12865.94,0,0,66570.69,0,0,0,1921.38,1851.42,0,17916.08,22447.22,55.42,1662.93,12557.55,0,0,0,0
2009-04-12 03:00:00,0,1635.63,0,189.24,7777.37,3553.71,4313.07,0,0,1255.74,8707.88,135.7,0,10180.81,925.79,3153.03,56338.61,0,12649.33,0,0,66185.02,0,0,0,1899.26,1860.97,0,17650.49,21809.38,55.05,1582.03,12468.88,0,0,0,0
2009-04-12 04:00:00,0,1664.19,0,185.09,8011.15,3533.2,4434.68,0,0,1238.55,8536.27,131.84,0,10185.48,934.63,3188.24,55883.04,0,12645.67,0,0,67060.72,0,0,0,1906.57,1934.22,0,17724.62,21833.44,55.3,1545.96,12530.22,0,0,0,0
2009-04-12 05:00:00,0,1734.54,0,183.9,8473.19,3569.79,4756.97,0,0,1246.4,8573.92,132.48,0,10343.49,952.81,3245.44,56218.7,0,12866.3,0,0,68257.25,0,0,0,1948.92,2007.55,0,17942.73,21994.05,56.42,1538.28,12872.58,0,0,0,0
2009-04-12 06:00:00,0,1814.4,0,187.83,9110.05,3689.36,5235.32,0,0,1271.63,8682.79,137.86,0,10954.51,980.65,3348.39,57287.88,0,13756.49,0,0,70110.74,0,0,0,1993.57,2079.82,0,18155.16,22443.77,57.43,1558.36,13363.07,0,0,0,0
2009-04-12 07:00:00,0,1910.26,0,201.88,9742.81,3999.54,5554.95,0,0,1378.56,9384.43,149.5,0,11568.35,1043.91,3450.83,59592.54,0,14644.09,0,0,72117.33,0,0,0,2120.14,2254.96,0,19037.47,22879.69,58.58,1626.78,14363.07,0,0,0,0
2009-04-12 08:00:00,0,2068.17,0,221.24,9784.44,4491.95,5700.58,0,0,1557.22,11007.73,160.12,0,11744.47,1108.14,3505.12,61600.9,0,15136.56,0,0,72913.32,0,0,0,2213.12,2350.33,0,19565.13,23422.84,59.52,1762.99,14795.24,0,0,0,0
2009-04-12 09:00:00,0,2127.49,0,236.57,9714.89,4920.87,5709.75,0,0,1691.33,12215.02,167.23,0,11831.96,1154.14,3515.58,63245.22,0,15396.68,0,0,72745.92,0,0,0,2295.54,2440.13,0,20255.69,24024.89,61.1,1899.47,14903.7,0,0,0,0
2009-04-12 10:00:00,0,2143.61,0,252.69,9524.29,5267.61,5443.5,0,0,1824.88,13308.81,171.66,0,11801.49,1175.35,3426.93,64173.81,0,15523.48,0,0,72198.21,0,0,0,2294.55,2426.01,0,20590.21,24672.19,62.23,2101.78,14743.76,0,0,0,0
2009-04-12 11:00:00,0,2157.63,0,266.4,9393.63,5794.15,5259.92,0,0,1948.22,14393.11,183.74,0,11716.98,1236.54,3309.27,64317.85,0,15623.26,0,0,71872.98,0,0,0,2242.9,2330.74,0,20873.01,25294.41,63.13,2357.64,14458.74,0,0,0,0
2009-04-12 12:00:00,0,2158.22,0,279.9,9287.7,6236.55,5174.78,0,0,2074.57,15441.33,192.88,0,11620.23,1296.16,3233.4,64301.22,0,15666.01,0,0,71270.93,0,0,0,2184.2,2290.01,0,21334.37,25733.34,63.58,2570.57,14277.04,0,0,0,0
2009-04-12 13:00:00,0,2162.76,0,298.02,9169.96,6564.95,5170.71,0,0,2173.51,16124.53,206.37,0,11568.26,1331.4,3180.03,64310.41,0,15583.23,0,0,70291.01,0,0,0,2160.23,2286.99,0,21509.86,26113.33,63.62,2758.02,14159.44,0,0,0,0
2009-04-12 14:00:00,0,2148.76,0,312.61,8959.45,6928.77,5174.6,0,0,2269.1,16666.53,219.85,0,11626.9,1364.57,3103.06,64131.4,0,15442.19,0,0,68914.66,0,0,0,2148.55,2284.06,0,21560.31,26361.07,63.52,2918.81,14128.53,0,0,0,0
2009-04-12 15:00:00,0,2143.32,0,325.61,8852.73,7266.63,5185.41,0,0,2355.45,17129.9,232.14,0,11737.35,1385.25,3055.94,64076.77,0,15218.63,0,0,67713.84,0,0,0,2159.09,2276.61,0,21673.39,26274.21,63.42,3076.68,14329.13,0,0,0,0
2009-04-12 16:00:00,0,2136.01,0,339.4,8797.18,7446.09,5254.96,0,0,2387.23,17221.78,244.16,0,11726.61,1397.45,3097.8,64070.47,0,15202.67,0,0,67631.49,0,0,0,2209.21,2244.53,0,21853.84,26118.35,62.7,3140.91,14721.39,0,0,0,0
2009-04-12 17:00:00,0,2155.78,0,347.1,9115.33,7362.94,5432.14,0,0,2350.49,16722.55,238.71,0,11768.16,1432.93,3175.06,63816.78,0,15485.55,0,0,68077.52,0,0,0,2256.84,2256.04,0,21752.54,26035.99,62.39,3112.0,14554.12,0,0,0,0
2009-04-12 18:00:00,0,2197.44,0,341.48,9339.94,6960.73,5629.94,0,0,2271.55,16073.54,230.25,0,12509.28,1416.05,3246.65,63626.31,0,16062.51,0,0,70772.25,0,0,0,2290.35,2257.27,0,21600.98,26003.48,61.47,2967.34,14340.35,0,0,0,0
2009-04-12 19:00:00,0,2234.1,0,378.82,10652.83,7370.29,6395.89,0,0,2458.56,16612.96,258.9,0,15379.04,1614.61,3805.04,71213.46,0,18826.67,0,0,85636.43,0,0,0,2535.62,2455.66,0,22911.19,27077.86,72.87,3139.46,16578.19,0,0,0,0
2009-04-12 20:00:00,0,2287.48,0,348.19,10703.23,6910.34,6123.4,0,0,2289.8,15482.32,244.49,0,14457.2,1509.92,3738.18,70802.9,0,18150.68,0,0,83316.1,0,0,0,2523.0,2440.62,0,22964.85,28066.37,73.02,2880.74,16803.25,0,0,0,0
2009-04-12 21:00:00,0,2337.65,0,325.64,10652.99,6483.01,5843.5,0,0,2129.01,14429.91,237.81,0,13608.75,1412.44,3672.28,70702.3,0,17558.28,0,0,80866.52,0,0,0,2461.5,2390.39,0,22859.92,28511.36,71.66,2642.17,16864.66,0,0,0,0
2009-04-12 22:00:00,0,2261.49,0,291.26,10020.99,5884.32,5548.12,0,0,1976.47,13466.34,219.38,0,12760.72,1325.94,3588.27,68554.0,0,16708.12,0,0,78689.85,0,0,0,2333.68,2278.79,0,21686.39,27921.6,69.33,2440.63,16005.8,0,0,0,0
2009-04-12 23:00:00,0,2121.27,0,265.15,9418.03,5261.39,5343.34,0,0,1811.37,12424.76,200.42,0,11985.39,1235.37,3495.94,66475.16,0,15837.14,0,0,76490.31,0,0,0,2224.02,2167.88,0,20622.48,26683.75,67.6,2225.28,15063.29,0,0,0,0
2009-04-13 00:00:00,0,1998.27,0,243.59,8893.44,4697.5,5137.25,0,0,1670.44,11459.99,183.01,0,11365.35,1151.87,3400.31,64358.23,0,15034.85,0,0,74342.79,0,0,0,2106.46,2052.11,0,19532.13,25511.71,66.55,2036.24,14302.72,0,0,0,0
2009-04-13 01:00:00,0,1891.54,0,220.56,8463.37,4194.97,4916.94,0,0,1541.41,10565.1,166.18,0,10873.15,1057.62,3302.66,62096.79,0,14299.23,0,0,72471.51,0,0,0,2009.84,1951.55,0,18402.03,24435.71,64.59,1881.96,13574.28,0,0,0,0
2009-04-13 02:00:00,0,1781.28,0,207.88,8171.26,3821.29,4756.84,0,0,1430.88,9726.53,152.44,0,10836.08,983.36,3212.59,59947.68,0,13924.68,0,0,71337.07,0,0,0,1973.05,1921.49,0,17776.43,23494.6,62.91,1747.79,12967.04,0,0,0,0
2009-04-13 03:00:00,0,1769.38,0,202.8,8452.76,3732.31,4975.27,0,0,1381.82,9506.15,145.42,0,10945.73,982.6,3163.61,58891.17,0,13904.84,0,0,72152.3,0,0,0,1979.69,1994.48,0,17467.38,23103.97,62.22,1711.28,12629.4,0,0,0,0
2009-04-13 04:00:00,0,1824.43,0,211.97,8971.5,3927.34,5404.08,0,0,1435.63,9838.53,150.55,0,11278.68,1021.07,3229.97,60247.64,0,14244.01,0,0,74504.85,0,0,0,2046.82,2046.23,0,17496.87,23307.68,62.38,1777.71,12632.79,0,0,0,0
2009-04-13 05:00:00,0,1894.67,0,221.27,9643.25,4138.46,5794.6,0,0,1490.57,10244.24,157.43,0,11637.4,1072.08,3348.04,62178.0,0,14868.17,0,0,76997.4,0,0,0,2131.5,2092.61,0,18118.73,24035.7,64.15,1848.56,12970.48,0,0,0,0
2009-04-13 06:00:00,0,1981.51,0,229.76,10353.39,4338.35,6130.69,0,0,1540.53,10639.08,164.38,0,13338.6,1116.76,3462.73,63991.53,0,16865.75,0,0,81716.81,0,0,0,2203.17,2131.38,0,18494.77,24809.57,65.2,1895.95,13415.82,0,0,0,0
2009-04-13 07:00:00,0,2084.59,0,266.34,11557.39,4816.84,6622.41,0,0,1742.71,11812.41,179.65,0,13891.17,1234.38,3616.12,67695.08,0,17754.25,0,0,87558.79,0,0,0,2359.43,2231.01,0,19524.91,25740.16,66.46,2026.61,14153.13,0,0,0,0
2009-04-13 08:00:00,0,2241.53,0,282.22,11780.72,5245.35,6713.01,0,0,1876.68,12868.96,190.73,0,13844.96,1277.71,3765.32,71595.2,0,17950.23,0,0,88572.73,0,0,0,2424.1,2274.19,0,20951.91,27407.79,69.32,2201.25,14997.89,0,0,0,0
2009-04-13 09:00:00,0,2320.16,0,295.46,11808.07,5548.1,6715.31,0,0,1969.59,13813.78,200.79,0,13648.4,1303.32,3925.35,73454.56,0,18030.23,0,0,88741.36,0,0,0,2457.03,2299.98,0,21444.0,28136.81,71.56,2353.41,15825.8,0,0,0,0
2009-04-13 10:00:00,0,2352.59,0,311.71,11713.52,5966.57,6627.63,0,0,2110.25,14878.96,210.22,0,13385.09,1356.65,3929.0,74407.31,0,17921.31,0,0,87234.3,0,0,0,2480.31,2332.17,0,21794.88,28588.29,73.36,2545.96,15970.07,0,0,0,0
2009-04-13 11:00:00,0,2359.73,0,325.29,11496.25,6572.65,6555.77,0,0,2268.24,15935.31,224.87,0,13173.75,1454.94,3938.77,74290.56,0,17854.45,0,0,86487.73,0,0,0,2506.66,2392.67,0,21776.45,29048.02,74.99,2776.07,16035.29,0,0,0,0
2009-04-13 12:00:00,0,2359.63,0,336.17,11203.34,7158.58,6444.95,0,0,2397.58,16957.78,242.77,0,13008.24,1550.78,3927.58,73986.43,0,17696.73,0,0,85707.45,0,0,0,2522.27,2432.22,0,21797.62,29404.21,75.38,2978.12,16166.56,0,0,0,0
2009-04-13 13:00:00,0,2347.02,0,346.18,11001.52,7581.69,6321.73,0,0,2518.5,17759.12,262.87,0,12845.13,1646.5,3934.3,73651.05,0,17482.96,0,0,84867.5,0,0,0,2533.7,2440.22,0,21980.11,29263.12,75.39,3135.22,16097.72,0,0,0,0
2009-04-13 14:00:00,0,2334.43,0,340.1,10816.68,7928.33,6179.06,0,0,2636.33,18397.1,292.47,0,12726.3,1706.67,3923.3,73470.8,0,17290.0,0,0,84132.5,0,0,0,2531.61,2447.15,0,22230.36,29138.91,75.98,3256.06,16071.01,0,0,0,0
2009-04-13 15:00:00,0,2327.92,0,344.97,10612.22,8109.77,6043.06,0,0,2694.92,18612.44,291.26,0,12705.4,1663.8,3906.38,73255.73,0,17263.19,0,0,83579.15,0,0,0,2538.48,2434.95,0,22441.69,29032.19,75.07,3311.4,16001.36,0,0,0,0
2009-04-13 16:00:00,0,2323.08,0,339.59,10531.12,8040.19,6071.8,0,0,2695.45,18377.32,281.38,0,12719.7,1555.17,3879.39,73072.56,0,17293.71,0,0,83382.15,0,0,0,2575.25,2452.14,0,22498.44,28862.21,75.04,3284.38,16057.21,0,0,0,0
2009-04-13 17:00:00,0,2337.2,0,332.06,10626.36,7772.4,6056.77,0,0,2615.03,17879.28,280.34,0,12752.5,1541.31,3843.91,73001.6,0,17560.9,0,0,83345.39,0,0,0,2595.5,2472.97,0,22601.59,28697.81,74.18,3237.14,16187.94,0,0,0,0
2009-04-13 18:00:00,0,2341.59,0,327.43,10831.4,7290.71,6059.79,0,0,2448.58,17001.48,255.26,0,13372.53,1524.62,3785.15,72648.4,0,18037.08,0,0,84648.43,0,0,0,2606.95,2454.71,0,22817.89,28227.65,73.43,3084.15,16347.79,0,0,0,0
2009-04-13 19:00:00,0,2247.1,0,339.06,11182.86,7352.11,6494.94,0,0,2490.13,16920.27,265.96,0,14719.1,1575.01,3899.91,72354.3,0,18325.91,0,0,87795.64,0,0,0,2609.22,2514.0,0,23017.46,26081.95,69.77,3073.32,16596.63,0,0,0,0
2009-04-13 20:00:00,0,2258.12,0,305.03,11174.01,7011.17,6170.59,0,0,2346.42,16110.0,252.15,0,13946.66,1490.47,3761.15,71898.45,0,17721.5,0,0,84618.67,0,0,0,2597.78,2448.88,0,22995.41,27212.06,69.61,2839.29,16579.52,0,0,0,0
2009-04-13 21:00:00,0,2336.42,0,291.06,10935.24,6618.79,5867.21,0,0,2212.01,15216.92,237.22,0,13240.26,1469.81,3586.2,71530.33,0,17158.5,0,0,81089.88,0,0,0,2579.63,2366.18,0,22633.81,27632.03,68.73,2635.51,16681.56,0,0,0,0
2009-04-13 22:00:00,0,2297.26,0,268.0,10257.83,6033.98,5575.88,0,0,2065.25,14154.02,219.14,0,12497.91,1357.4,3418.75,69303.85,0,16288.41,0,0,77651.61,0,0,0,2441.6,2246.78,0,21405.64,27098.55,67.84,2436.0,15771.43,0,0,0,0
2009-04-13 23:00:00,0,2201.4,0,279.26,9578.77,5432.11,5247.42,0,0,1905.25,13108.05,202.15,0,11757.18,1253.57,3290.55,67096.41,0,15562.99,0,0,74691.11,0,0,0,2300.27,2126.77,0,20156.02,25963.4,67.47,2201.97,14872.76,0,0,0,0
2009-04-14 00:00:00,0,2115.12,0,257.13,8970.78,4866.51,4900.36,0,0,1745.81,12068.58,182.9,0,11088.48,1129.28,3161.23,64894.29,0,14694.77,0,0,71931.5,0,0,0,2167.86,2010.91,0,19084.92,24959.64,67.16,2014.82,13974.44,0,0,0,0
2009-04-14 01:00:00,0,2031.82,0,221.61,8372.3,4329.62,4547.6,0,0,1588.31,11037.89,169.21,0,10812.08,1030.92,3039.55,62700.43,0,13957.32,0,0,69407.59,0,0,0,2043.27,1907.32,0,18119.14,24066.8,66.45,1845.79,13101.62,0,0,0,0
2009-04-14 02:00:00,0,1989.58,0,217.4,8009.52,3944.86,4301.86,0,0,1445.36,10130.24,150.81,0,10854.84,964.17,2909.49,60571.25,0,13440.64,0,0,67347.78,0,0,0,1984.02,1856.35,0,17586.94,23180.61,65.53,1719.79,12478.13,0,0,0,0
2009-04-14 03:00:00,0,2029.28,0,185.25,8062.55,3863.66,4301.11,0,0,1388.66,9774.94,147.43,0,11014.79,931.64,2874.32,59531.62,0,13344.89,0,0,67552.68,0,0,0,1967.86,1838.05,0,17551.62,23189.89,66.02,1663.69,12366.65,0,0,0,0
2009-04-14 04:00:00,0,2113.86,0,200.58,8338.18,4028.58,4513.38,0,0,1425.46,10011.63,149.08,0,11247.53,961.6,2985.8,60852.33,0,13838.24,0,0,69959.56,0,0,0,2040.17,1895.54,0,18000.06,23558.49,68.93,1692.9,12700.05,0,0,0,0
2009-04-14 05:00:00,0,2203.51,0,222.82,8807.13,4165.93,4768.35,0,0,1470.36,10249.95,155.41,0,11539.47,900.69,3130.98,62841.14,0,14513.81,0,0,72407.59,0,0,0,2123.14,1949.7,0,18422.08,24454.22,71.63,1702.39,13201.69,0,0,0,0
2009-04-14 06:00:00,0,2293.46,0,228.52,9306.24,4305.66,5049.73,0,0,1521.48,10638.75,161.63,0,13069.03,972.89,3277.17,64679.12,0,16160.06,0,0,75257.37,0,0,0,2199.78,2009.0,0,18930.54,25388.51,73.97,1745.08,13729.2,0,0,0,0
2009-04-14 07:00:00,0,2397.35,0,250.48,10077.76,4614.66,5357.25,0,0,1689.23,11707.07,173.51,0,13522.54,1133.14,3464.7,67907.39,0,17467.23,0,0,79405.44,0,0,0,2326.93,2111.46,0,20151.73,26439.27,76.49,1834.04,14685.5,0,0,0,0
2009-04-14 08:00:00,0,2511.06,0,279.24,10440.17,4929.08,5606.45,0,0,1826.82,12789.2,176.76,0,13758.46,1208.78,3623.72,71953.41,0,17864.59,0,0,83118.84,0,0,0,2410.48,2181.93,0,20810.76,27665.22,77.32,1991.88,15501.14,0,0,0,0
2009-04-14 09:00:00,0,2418.79,0,284.59,10631.66,5369.13,5791.78,0,0,1942.89,13831.26,192.42,0,13630.09,1211.65,3689.61,73358.22,0,18226.74,0,0,84157.23,0,0,0,2477.3,2257.15,0,21291.31,27308.16,76.77,2199.92,16012.83,0,0,0,0
2009-04-14 10:00:00,0,2336.92,0,293.75,10653.98,5733.32,5928.37,0,0,2108.19,15112.42,194.57,0,13560.27,1333.1,3788.67,74277.95,0,18422.58,0,0,84836.04,0,0,0,2551.72,2324.64,0,21755.69,27519.53,77.34,2442.0,16360.89,0,0,0,0
2009-04-14 11:00:00,0,2271.76,0,314.31,10680.83,6262.52,5980.74,0,0,2311.22,16222.48,205.22,0,13380.95,1397.45,3845.86,74318.5,0,18517.86,0,0,85227.79,0,0,0,2593.55,2359.2,0,22155.38,27766.79,78.16,2687.78,16708.02,0,0,0,0
2009-04-14 12:00:00,0,2213.9,0,329.71,10617.88,6760.15,5896.04,0,0,2496.24,17233.05,192.26,0,13187.26,1446.13,3897.94,73996.71,0,18531.24,0,0,85527.47,0,0,0,2632.54,2411.68,0,22472.06,27575.92,77.46,2725.63,17020.69,0,0,0,0
2009-04-14 13:00:00,0,2159.71,0,351.05,10714.09,6790.62,6102.2,0,0,2487.48,17435.81,198.87,0,13142.83,1424.22,3892.89,73635.88,0,18463.66,0,0,85575.27,0,0,0,2628.81,2435.58,0,22635.66,27398.46,76.18,2705.58,17050.27,0,0,0,0
2009-04-14 14:00:00,0,2089.85,0,361.4,10850.3,6721.05,6277.15,0,0,2423.98,17215.85,217.69,0,13022.18,1347.29,3890.91,73253.14,0,18455.22,0,0,85423.44,0,0,0,2615.82,2459.69,0,22700.19,27127.13,74.79,2626.59,16994.09,0,0,0,0
2009-04-14 15:00:00,0,2033.14,0,363.89,11027.18,6551.29,6411.71,0,0,2387.82,17260.22,226.42,0,13041.6,1518.45,3888.75,72659.25,0,18498.54,0,0,85260.02,0,0,0,2635.64,2501.41,0,22472.74,26912.73,73.32,2561.22,16920.18,0,0,0,0
2009-04-14 16:00:00,0,1979.96,0,359.5,11099.12,6554.67,6480.23,0,0,2371.37,17120.55,237.33,0,13138.48,1588.79,3878.13,72134.37,0,18597.24,0,0,85239.54,0,0,0,2651.13,2556.82,0,22334.68,26761.87,72.0,2716.78,16801.95,0,0,0,0
2009-04-14 17:00:00,0,1958.24,0,351.96,11186.79,6630.19,6473.81,0,0,2346.24,16994.13,245.98,0,13141.38,1644.85,3835.94,71873.39,0,18619.39,0,0,85309.97,0,0,0,2686.55,2583.27,0,22360.57,26892.66,71.67,2753.26,16801.17,0,0,0,0
2009-04-14 18:00:00,0,1965.61,0,342.26,11085.95,6598.44,6459.88,0,0,2301.74,16714.28,240.94,0,13595.62,1640.9,3803.24,71400.34,0,18665.98,0,0,85846.0,0,0,0,2687.92,2588.51,0,22615.25,26603.81,71.37,2731.3,16856.58,0,0,0,0
2009-04-14 19:00:00,0,1926.05,0,351.23,11484.9,6954.86,6803.22,0,0,2398.88,16833.92,259.84,0,14504.04,1687.06,3890.47,71194.34,0,18511.83,0,0,87905.9,0,0,0,2763.61,2664.47,0,22723.21,25795.73,68.87,2844.68,17036.99,0,0,0,0
2009-04-14 20:00:00,0,1987.63,0,323.68,11250.51,6660.4,6307.98,0,0,2263.97,15751.0,250.85,0,13654.14,1581.33,3787.65,70730.35,0,17862.08,0,0,84618.44,0,0,0,2708.13,2548.08,0,23265.99,26683.52,68.39,2663.74,17375.58,0,0,0,0
2009-04-14 21:00:00,0,2054.51,0,306.81,10893.6,6289.18,5889.15,0,0,2124.17,14700.63,232.9,0,12865.54,1482.49,3675.19,70389.44,0,17108.68,0,0,81191.6,0,0,0,2608.88,2416.38,0,23177.8,27153.57,67.31,2506.85,17516.61,0,0,0,0
2009-04-14 22:00:00,0,2033.39,0,278.75,10113.61,5722.51,5479.91,0,0,1998.92,13842.38,220.46,0,12060.26,1372.6,3591.07,68471.51,0,16209.52,0,0,77717.22,0,0,0,2438.49,2263.7,0,22136.66,26737.4,66.92,2324.19,16786.68,0,0,0,0
2009-04-14 23:00:00,0,1936.1,0,253.13,9450.63,5185.44,5135.18,0,0,1886.11,12950.61,200.45,0,11344.23,1267.86,3491.71,66188.15,0,15368.08,0,0,74539.98,0,0,0,2291.02,2131.15,0,21026.91,25583.77,66.47,2161.71,16113.4,0,0,0,0
2009-04-15 00:00:00,0,1860.24,0,227.96,8878.56,4634.82,4786.56,0,0,1723.01,11923.51,178.68,0,10594.93,1149.53,3384.51,64048.58,0,14527.43,0,0,71969.9,0,0,0,2142.15,2011.96,0,19950.01,24426.45,65.66,1975.69,15480.23,0,0,0,0
2009-04-15 01:00:00,0,1785.46,0,205.91,8330.97,4128.99,4464.63,0,0,1552.52,10730.54,160.44,0,10307.86,1031.75,3276.34,61904.24,0,13785.65,0,0,69703.71,0,0,0,2013.73,1897.99,0,19129.02,23379.22,65.02,1821.76,14894.82,0,0,0,0
2009-04-15 02:00:00,0,1770.63,0,188.12,8124.38,3742.42,4263.76,0,0,1410.51,9667.09,146.4,0,10382.84,966.23,3164.27,59768.97,0,13254.65,0,0,67654.07,0,0,0,1955.11,1829.4,0,18764.82,22413.05,64.49,1716.73,14474.23,0,0,0,0
2009-04-15 03:00:00,0,1830.76,0,185.09,8202.7,3645.5,4368.88,0,0,1364.4,9338.99,138.56,0,10528.16,948.96,3152.19,58979.65,0,13302.03,0,0,67495.27,0,0,0,1950.55,1867.85,0,19012.13,22185.08,64.82,1682.76,14635.35,0,0,0,0
2009-04-15 04:00:00,0,1926.69,0,196.6,8563.12,3778.7,4679.07,0,0,1391.98,9574.47,141.37,0,10876.03,987.25,3282.96,60426.94,0,13914.73,0,0,69602.82,0,0,0,2023.58,1937.75,0,19873.8,22353.98,67.24,1711.07,15127.55,0,0,0,0
2009-04-15 05:00:00,0,2023.74,0,209.3,9149.43,3953.84,5006.08,0,0,1425.61,9834.13,148.1,0,11298.52,1042.36,3447.08,62444.93,0,14567.07,0,0,72021.49,0,0,0,2127.24,2020.47,0,20760.94,23127.99,69.9,1736.5,15729.47,0,0,0,0
2009-04-15 06:00:00,0,2122.03,0,219.24,9794.72,4151.14,5328.75,0,0,1466.71,10114.34,156.96,0,12889.55,1106.94,3597.4,64249.9,0,15980.92,0,0,74832.28,0,0,0,2234.66,2089.15,0,21530.01,24023.67,72.55,1769.63,16294.38,0,0,0,0
2009-04-15 07:00:00,0,2249.8,0,261.67,10746.77,4578.03,5787.54,0,0,1611.2,11091.3,172.81,0,13290.97,1262.16,3796.66,68040.24,0,17621.74,0,0,80799.38,0,0,0,2452.43,2259.58,0,23799.79,25135.36,74.88,1887.56,17479.45,0,0,0,0
2009-04-15 08:00:00,0,2284.99,0,278.76,10917.29,4982.3,5984.0,0,0,1719.01,12039.89,178.85,0,13359.56,1315.32,3971.23,71379.92,0,18139.52,0,0,84725.63,0,0,0,2523.96,2344.37,0,24141.63,26611.08,73.98,1987.25,17832.13,0,0,0,0
2009-04-15 09:00:00,0,2125.51,0,290.04,10889.89,5342.7,6134.4,0,0,1797.67,12898.25,183.49,0,13190.07,1341.75,4046.63,72083.94,0,18237.44,0,0,86014.23,0,0,0,2552.72,2395.7,0,24106.55,26899.45,70.87,2062.83,17591.91,0,0,0,0
2009-04-15 10:00:00,0,2019.67,0,291.3,10769.44,5580.88,6167.04,0,0,1897.8,13824.88,180.58,0,13061.94,1315.63,4096.65,72313.54,0,18084.42,0,0,86800.48,0,0,0,2527.33,2434.16,0,24036.98,27493.89,70.02,2149.06,17619.97,0,0,0,0
2009-04-15 11:00:00,0,1965.21,0,291.91,10743.96,5598.7,6127.89,0,0,2013.56,14571.62,177.55,0,13012.97,1284.14,4133.38,72336.49,0,17891.65,0,0,87237.67,0,0,0,2472.62,2406.31,0,23487.25,27965.51,69.38,2243.26,17333.18,0,0,0,0
2009-04-15 12:00:00,0,1895.99,0,291.8,10753.9,5585.15,6031.82,0,0,2067.45,15414.63,179.16,0,12906.81,1294.83,4151.2,71876.64,0,17671.41,0,0,87150.52,0,0,0,2440.18,2382.97,0,22892.68,28057.79,68.79,2327.94,16941.34,0,0,0,0
2009-04-15 13:00:00,0,1845.57,0,290.68,10687.62,5635.01,5959.48,0,0,2131.7,16172.91,182.6,0,12765.67,1320.65,4128.38,71345.39,0,17431.24,0,0,86554.97,0,0,0,2447.78,2391.75,0,22474.42,28082.74,68.32,2375.76,16534.4,0,0,0,0
2009-04-15 14:00:00,0,1788.91,0,291.05,10648.0,5713.41,5932.21,0,0,2253.37,16838.84,186.79,0,12675.51,1343.22,4079.56,70710.2,0,17214.39,0,0,85442.79,0,0,0,2468.68,2400.67,0,22061.12,28043.19,67.29,2415.34,16290.09,0,0,0,0
2009-04-15 15:00:00,0,1757.36,0,291.23,10571.16,5898.01,5922.22,0,0,2360.44,17381.71,193.42,0,12559.4,1377.83,4019.19,70089.82,0,16858.95,0,0,84113.18,0,0,0,2507.88,2381.94,0,21792.45,27961.41,66.49,2438.24,16019.81,0,0,0,0
2009-04-15 16:00:00,0,1747.18,0,300.26,10587.42,6101.86,5939.2,0,0,2427.15,17793.76,208.87,0,12536.19,1466.77,3959.48,69336.21,0,16831.51,0,0,83324.72,0,0,0,2527.93,2382.12,0,21918.15,27805.5,66.27,2447.64,15862.44,0,0,0,0
2009-04-15 17:00:00,0,1737.98,0,305.88,10559.33,6371.8,5945.7,0,0,2443.59,17713.03,225.12,0,12525.39,1520.67,3902.57,69173.48,0,16919.38,0,0,82951.14,0,0,0,2549.7,2369.18,0,22219.93,27559.28,66.54,2486.48,15939.86,0,0,0,0
2009-04-15 18:00:00,0,1750.5,0,306.93,10599.98,6550.05,5972.22,0,0,2427.56,17125.61,231.03,0,13007.23,1527.16,3853.17,69097.61,0,17277.17,0,0,83160.65,0,0,0,2567.49,2372.47,0,22715.06,27415.52,67.53,2496.17,16113.78,0,0,0,0
2009-04-15 19:00:00,0,1875.82,0,324.12,10927.52,6773.96,6343.49,0,0,2453.02,16977.6,251.74,0,14554.1,1565.28,3894.09,69775.86,0,18092.36,0,0,85205.41,0,0,0,2611.74,2528.93,0,22984.68,26846.69,67.33,2642.78,16221.08,0,0,0,0
2009-04-15 20:00:00,0,1879.0,0,308.22,10987.33,6181.98,6126.09,0,0,2220.48,15368.93,234.2,0,13750.18,1414.97,3788.76,69111.65,0,17353.78,0,0,81823.77,0,0,0,2574.73,2431.26,0,22880.44,27433.65,66.67,2380.67,16385.01,0,0,0,0
2009-04-15 21:00:00,0,1925.74,0,292.36,10812.99,5731.14,5924.23,0,0,2023.28,13989.75,221.27,0,12987.86,1304.68,3663.22,68661.94,0,16700.58,0,0,78250.57,0,0,0,2510.1,2350.18,0,22638.01,27720.21,65.47,2181.3,16741.87,0,0,0,0
2009-04-15 22:00:00,0,1891.48,0,268.64,10287.18,5124.46,5718.7,0,0,1837.34,12663.58,203.25,0,12237.43,1207.77,3528.21,66820.6,0,15966.47,0,0,75408.01,0,0,0,2361.16,2236.58,0,21523.46,27056.42,64.64,2008.25,15951.14,0,0,0,0
2009-04-15 23:00:00,0,1782.23,0,244.7,9748.0,4595.25,5451.39,0,0,1662.61,11497.15,185.09,0,11509.53,1127.23,3409.74,64564.98,0,15144.73,0,0,72864.54,0,0,0,2210.82,2120.93,0,20398.54,25694.46,63.61,1855.93,15310.46,0,0,0,0
2009-04-16 00:00:00,0,1680.73,0,223.03,9222.95,4130.38,5224.61,0,0,1505.83,10396.17,167.43,0,10805.85,1054.45,3312.4,62460.06,0,14343.27,0,0,70279.27,0,0,0,2096.2,2015.47,0,19408.73,24435.18,62.74,1706.75,14693.3,0,0,0,0
2009-04-16 01:00:00,0,1585.97,0,204.21,8745.85,3717.81,5057.44,0,0,1373.19,9335.04,150.88,0,10343.1,997.32,3234.82,60300.2,0,13708.92,0,0,67839.97,0,0,0,1992.45,1907.63,0,18595.82,23344.65,61.98,1574.46,14125.67,0,0,0,0
2009-04-16 02:00:00,0,1522.24,0,187.81,8586.01,3427.43,4986.78,0,0,1270.81,8354.89,138.39,0,10317.14,959.42,3159.81,58195.41,0,13289.48,0,0,66223.57,0,0,0,1939.26,1837.1,0,18276.65,22322.34,61.32,1461.24,13761.29,0,0,0,0
2009-04-16 03:00:00,0,1553.56,0,186.4,8730.15,3463.22,5126.29,0,0,1253.54,8268.84,135.91,0,10418.13,986.69,3158.59,57373.89,0,13161.44,0,0,66454.78,0,0,0,1931.11,1862.98,0,18772.83,21850.91,61.17,1461.39,14041.88,0,0,0,0
2009-04-16 04:00:00,0,1636.45,0,197.51,9237.71,3730.76,5449.6,0,0,1308.77,8642.15,143.04,0,10737.62,1043.96,3298.78,58710.67,0,13384.32,0,0,68665.94,0,0,0,1990.63,1948.98,0,19805.21,22020.19,62.67,1542.27,14639.08,0,0,0,0
2009-04-16 05:00:00,0,1723.8,0,208.22,9889.12,3996.97,5783.29,0,0,1374.98,8998.54,151.3,0,11143.61,1108.54,3443.33,60780.83,0,13999.83,0,0,71265.56,0,0,0,2094.61,2048.8,0,20726.23,22722.1,64.57,1624.81,15230.87,0,0,0,0
2009-04-16 06:00:00,0,1814.72,0,220.24,10630.66,4283.89,6188.3,0,0,1441.69,9351.57,160.23,0,12859.33,1171.87,3556.39,62865.87,0,16284.78,0,0,77233.21,0,0,0,2236.08,2156.72,0,21563.09,23475.65,66.81,1706.58,15808.29,0,0,0,0
2009-04-16 07:00:00,0,1948.11,0,261.61,11643.28,4929.24,6673.94,0,0,1661.59,10749.76,177.91,0,13352.36,1327.72,3814.71,67558.1,0,17087.68,0,0,81047.45,0,0,0,2525.6,2420.99,0,23504.67,24456.34,68.56,1856.31,17135.31,0,0,0,0
2009-04-16 08:00:00,0,2055.09,0,278.71,11737.37,5044.39,6736.53,0,0,1719.92,11596.43,182.13,0,13396.87,1272.8,3901.13,69405.15,0,17336.75,0,0,81704.67,0,0,0,2600.41,2552.91,0,22817.31,26308.57,69.22,1979.04,16704.87,0,0,0,0
2009-04-16 09:00:00,0,2025.83,0,290.7,11499.8,5261.27,6553.36,0,0,1786.91,12321.76,188.94,0,13069.72,1274.1,3988.47,70084.97,0,17337.61,0,0,81140.85,0,0,0,2614.83,2627.49,0,22830.79,27045.29,69.52,2074.02,16462.14,0,0,0,0
2009-04-16 10:00:00,0,1993.03,0,299.77,11093.44,5404.26,6206.49,0,0,1848.31,12979.14,189.79,0,12813.33,1280.6,4028.31,70249.59,0,17210.93,0,0,79616.12,0,0,0,2564.16,2575.15,0,22639.45,27571.29,70.49,2166.27,16567.62,0,0,0,0
2009-04-16 11:00:00,0,1931.59,0,302.0,10785.3,5522.38,5934.86,0,0,1910.64,13836.3,189.77,0,12639.79,1298.81,3958.62,70255.74,0,17109.47,0,0,78868.78,0,0,0,2493.3,2470.67,0,22480.76,28018.76,70.04,2300.55,16409.98,0,0,0,0
2009-04-16 12:00:00,0,1878.76,0,304.99,10603.15,5785.55,5660.01,0,0,1984.78,14655.38,194.57,0,12524.28,1331.15,3880.69,70324.2,0,16994.51,0,0,78345.65,0,0,0,2432.31,2390.47,0,22433.28,28286.25,69.73,2422.46,16161.08,0,0,0,0
2009-04-16 13:00:00,0,1844.66,0,312.56,10439.02,6043.85,5419.93,0,0,2041.32,15321.98,200.41,0,12409.63,1366.12,3819.52,70208.97,0,16805.64,0,0,77390.47,0,0,0,2390.59,2343.91,0,22331.91,28335.04,69.86,2529.92,15882.97,0,0,0,0
2009-04-16 14:00:00,0,1815.57,0,320.92,10254.73,6329.37,5332.48,0,0,2137.61,15945.78,209.7,0,12388.61,1394.08,3767.0,69822.24,0,16577.48,0,0,76222.36,0,0,0,2378.64,2293.89,0,22274.78,28210.09,68.45,2668.41,15764.16,0,0,0,0
2009-04-16 15:00:00,0,1799.2,0,329.45,10128.68,6659.14,5333.96,0,0,2244.83,16517.57,225.77,0,12397.27,1424.16,3722.2,69074.71,0,16654.01,0,0,75141.54,0,0,0,2391.09,2255.13,0,22274.29,28089.38,67.85,2796.53,15736.63,0,0,0,0
2009-04-16 16:00:00,0,1781.29,0,343.42,10103.07,6882.07,5400.34,0,0,2327.63,16690.78,239.71,0,12434.04,1483.04,3661.49,68453.81,0,16649.06,0,0,75300.78,0,0,0,2402.45,2237.2,0,22782.86,27892.34,67.72,2879.93,15602.91,0,0,0,0
2009-04-16 17:00:00,0,1804.76,0,347.42,10270.59,6969.18,5542.59,0,0,2345.33,16479.09,238.01,0,12497.05,1498.97,3660.56,68777.91,0,16906.68,0,0,76127.85,0,0,0,2415.86,2273.01,0,23106.41,27655.87,68.61,2893.89,15656.96,0,0,0,0
2009-04-16 18:00:00,0,1830.63,0,338.08,10449.25,6901.3,5689.46,0,0,2299.81,16033.13,231.85,0,13067.64,1476.86,3660.68,68636.01,0,17319.83,0,0,77905.67,0,0,0,2428.86,2293.52,0,22992.16,27614.4,68.89,2837.19,15979.5,0,0,0,0
2009-04-16 19:00:00,0,1881.47,0,357.88,10656.78,6956.56,6337.15,0,0,2333.58,15938.34,242.59,0,14311.88,1523.39,3784.56,69807.23,0,17868.95,0,0,84409.89,0,0,0,2539.18,2455.74,0,23214.42,26638.88,68.93,2905.18,16505.19,0,0,0,0
2009-04-16 20:00:00,0,1899.27,0,332.94,10662.17,6506.08,6080.22,0,0,2167.43,14696.95,229.34,0,13571.23,1431.36,3624.57,69226.04,0,17164.66,0,0,80346.96,0,0,0,2530.36,2440.63,0,23071.34,27426.36,67.32,2667.03,16145.99,0,0,0,0
2009-04-16 21:00:00,0,1940.26,0,316.77,10569.84,6105.29,5828.07,0,0,2016.0,13765.97,222.19,0,12829.13,1352.7,3484.89,68756.94,0,16517.35,0,0,77229.06,0,0,0,2465.75,2387.4,0,22768.74,27621.52,65.74,2441.19,16226.49,0,0,0,0
2009-04-16 22:00:00,0,1893.94,0,290.75,10010.85,5496.9,5607.09,0,0,1871.93,12809.45,205.07,0,12098.43,1270.35,3383.34,66889.28,0,15652.02,0,0,74631.53,0,0,0,2341.84,2277.51,0,21494.1,27061.73,64.18,2232.35,15433.65,0,0,0,0
2009-04-16 23:00:00,0,1773.44,0,263.39,9484.19,4940.23,5488.56,0,0,1728.47,11880.3,188.61,0,11362.82,1186.53,3304.47,64473.41,0,14828.46,0,0,72372.24,0,0,0,2232.92,2170.24,0,20310.95,25748.07,62.83,2041.96,14605.86,0,0,0,0
2009-04-17 00:00:00,0,1663.42,0,238.04,9039.14,4413.69,5398.66,0,0,1584.44,10926.66,173.22,0,10683.31,1095.31,3231.84,61932.55,0,14121.19,0,0,69960.42,0,0,0,2121.97,2097.03,0,19119.33,24497.98,61.8,1874.45,13859.54,0,0,0,0
2009-04-17 01:00:00,0,1552.71,0,215.9,8733.2,3924.8,5362.34,0,0,1448.64,9969.58,156.67,0,10410.62,1005.93,3154.5,59728.42,0,13530.37,0,0,67966.43,0,0,0,2034.2,2045.69,0,18059.46,23330.49,61.16,1712.62,13130.72,0,0,0,0
2009-04-17 02:00:00,0,1469.96,0,194.1,8588.14,3582.96,5547.29,0,0,1332.89,8997.42,142.84,0,10414.0,944.51,3079.71,57603.37,0,13098.06,0,0,66812.52,0,0,0,1990.36,2056.16,0,17559.38,22208.78,60.55,1572.35,12582.86,0,0,0,0
2009-04-17 03:00:00,0,1480.44,0,189.17,8805.37,3489.28,5904.66,0,0,1284.44,8689.82,136.02,0,10520.44,929.61,3061.96,56690.95,0,13023.78,0,0,67346.55,0,0,0,2016.51,2191.34,0,17624.05,21709.5,59.82,1546.59,12460.78,0,0,0,0
2009-04-17 04:00:00,0,1553.3,0,198.1,9340.29,3690.61,6319.83,0,0,1337.2,8952.6,141.06,0,10727.94,975.61,3225.33,57719.84,0,13331.02,0,0,69193.61,0,0,0,2137.08,2338.65,0,18135.53,21789.79,60.69,1612.57,12872.12,0,0,0,0
2009-04-17 05:00:00,0,1645.53,0,204.98,9980.04,3893.47,6652.8,0,0,1391.18,9290.9,147.43,0,11081.2,1032.18,3416.98,59699.11,0,13966.94,0,0,71549.88,0,0,0,2287.74,2511.79,0,18816.33,22449.03,62.73,1673.73,13443.7,0,0,0,0
2009-04-17 06:00:00,0,1739.32,0,213.39,10725.8,4077.21,6992.13,0,0,1446.76,9660.59,153.59,0,12552.35,1087.8,3590.58,61668.18,0,15904.81,0,0,76612.72,0,0,0,2460.03,2683.73,0,19485.31,23207.04,65.31,1727.97,14044.77,0,0,0,0
2009-04-17 07:00:00,0,1854.34,0,256.88,11522.94,4562.24,7166.15,0,0,1631.31,10865.56,167.53,0,12832.0,1207.25,3857.73,65826.53,0,16726.08,0,0,80394.72,0,0,0,2681.93,2797.81,0,21215.02,24096.58,66.91,1861.29,15291.48,0,0,0,0
2009-04-17 08:00:00,0,1936.86,0,273.13,11162.38,4945.75,6840.03,0,0,1744.0,11909.95,179.85,0,12999.6,1217.98,3872.57,67770.25,0,17080.32,0,0,81371.96,0,0,0,2581.66,2612.25,0,21846.02,25879.22,66.71,1998.45,15450.61,0,0,0,0
2009-04-17 09:00:00,0,1902.37,0,286.56,11212.78,5248.6,6584.98,0,0,1813.56,12711.46,185.42,0,12745.62,1261.6,3881.42,68922.11,0,17051.32,0,0,80718.78,0,0,0,2476.16,2463.16,0,22335.97,26631.75,66.49,2113.27,15825.27,0,0,0,0
2009-04-17 10:00:00,0,1888.49,0,296.33,10925.32,5397.97,6058.35,0,0,1902.61,13459.0,187.06,0,12485.19,1279.51,3856.84,69541.81,0,16923.23,0,0,78951.16,0,0,0,2355.71,2321.14,0,22229.83,27124.58,66.68,2206.87,16062.7,0,0,0,0
2009-04-17 11:00:00,0,1851.46,0,303.31,10646.14,5541.28,5664.12,0,0,1957.38,13990.85,188.58,0,12365.55,1278.27,3820.86,70156.8,0,16808.81,0,0,78382.97,0,0,0,2272.84,2185.8,0,22204.81,27646.15,67.05,2343.97,15951.08,0,0,0,0
2009-04-17 12:00:00,0,1795.75,0,306.37,10474.99,5662.81,5498.6,0,0,2019.19,14546.26,195.18,0,12305.52,1310.76,3828.99,70520.51,0,16701.6,0,0,78857.61,0,0,0,2247.07,2093.75,0,21979.44,27963.59,68.31,2464.93,15897.97,0,0,0,0
2009-04-17 13:00:00,0,1772.32,0,308.67,10289.35,5861.61,5423.34,0,0,2065.84,14929.87,200.86,0,12238.2,1351.1,3867.96,70764.04,0,16570.14,0,0,79389.42,0,0,0,2251.9,2068.99,0,21787.16,28167.83,69.98,2576.84,15849.03,0,0,0,0
2009-04-17 14:00:00,0,1755.75,0,315.0,10184.1,6089.84,5404.9,0,0,2115.83,15191.32,208.47,0,12157.42,1389.03,3911.54,70913.36,0,16476.21,0,0,79821.99,0,0,0,2283.82,2088.89,0,21544.79,28076.22,71.32,2680.59,15906.67,0,0,0,0
2009-04-17 15:00:00,0,1765.52,0,315.24,10197.66,6281.31,5503.15,0,0,2140.67,15382.46,214.43,0,12154.78,1422.3,3927.64,70751.79,0,16474.04,0,0,79565.9,0,0,0,2312.51,2103.02,0,21481.97,27943.6,71.6,2751.94,15895.5,0,0,0,0
2009-04-17 16:00:00,0,1807.51,0,314.23,10213.48,6455.91,5596.3,0,0,2156.69,15537.53,215.39,0,12244.39,1441.03,3954.08,71002.1,0,16533.68,0,0,79616.11,0,0,0,2333.6,2115.25,0,21632.1,27813.03,71.73,2802.8,15838.07,0,0,0,0
2009-04-17 17:00:00,0,1844.56,0,315.85,10623.64,6673.95,5776.62,0,0,2191.64,15543.14,219.57,0,12405.01,1457.77,4024.9,71386.69,0,16725.65,0,0,81487.87,0,0,0,2338.77,2181.79,0,22058.56,27691.38,71.48,2839.76,15986.49,0,0,0,0
2009-04-17 18:00:00,0,1871.87,0,316.76,10892.45,6651.42,5940.91,0,0,2200.35,15391.58,220.94,0,12725.82,1435.31,3975.52,71700.95,0,17007.78,0,0,82414.41,0,0,0,2375.27,2229.29,0,22395.94,27565.95,71.28,2799.17,16336.45,0,0,0,0
2009-04-17 19:00:00,0,1848.68,0,309.24,10751.35,6463.92,6032.56,0,0,2168.57,15540.64,214.52,0,13746.74,1416.53,3993.94,68699.79,0,17134.18,0,0,86550.99,0,0,0,2435.56,2379.14,0,21460.62,25872.6,66.35,2733.35,16181.48,0,0,0,0
2009-04-17 20:00:00,0,1825.14,0,292.76,10585.89,6052.21,5692.13,0,0,2003.51,14360.78,210.51,0,13013.02,1336.92,3797.06,67730.88,0,16407.39,0,0,82197.48,0,0,0,2418.71,2351.26,0,21681.59,26599.53,64.8,2513.81,15695.16,0,0,0,0
2009-04-17 21:00:00,0,1841.77,0,280.71,10419.91,5626.55,5445.08,0,0,1863.41,13323.77,205.92,0,12366.3,1252.87,3573.44,66411.57,0,15913.96,0,0,77807.0,0,0,0,2406.63,2318.13,0,21677.34,26168.58,61.84,2299.76,15589.73,0,0,0,0
2009-04-17 22:00:00,0,1837.85,0,257.97,9646.52,5149.3,5242.62,0,0,1735.17,12331.87,193.45,0,11719.75,1174.13,3414.76,64785.5,0,15263.95,0,0,73901.43,0,0,0,2292.14,2232.08,0,20921.17,25874.99,59.01,2096.32,14618.53,0,0,0,0
2009-04-17 23:00:00,0,1712.45,0,236.34,8968.68,4701.02,5058.97,0,0,1608.25,11402.64,175.59,0,11029.45,1101.9,3238.41,62139.37,0,14494.1,0,0,70592.66,0,0,0,2185.91,2151.13,0,20018.97,24912.16,57.05,1937.25,13836.16,0,0,0,0
2009-04-18 00:00:00,0,1599.27,0,218.99,8480.87,4268.1,4852.0,0,0,1490.26,10474.13,160.98,0,10347.97,1040.58,3065.65,59617.56,0,13748.63,0,0,67392.51,0,0,0,2123.85,2109.65,0,19106.17,23898.47,55.27,1806.81,13135.37,0,0,0,0
2009-04-18 01:00:00,0,1477.6,0,205.87,8025.05,3863.37,4635.93,0,0,1390.25,9618.07,147.87,0,9967.66,995.61,2909.57,57215.37,0,13051.44,0,0,64833.03,0,0,0,2077.95,2085.18,0,18513.93,22923.89,53.77,1692.66,12452.85,0,0,0,0
2009-04-18 02:00:00,0,1429.1,0,195.73,7779.65,3588.98,4466.15,0,0,1306.95,8772.08,138.74,0,9891.6,953.88,2802.45,55165.19,0,12587.26,0,0,63146.26,0,0,0,2062.5,2101.93,0,18099.89,22179.59,53.24,1585.32,12077.17,0,0,0,0
2009-04-18 03:00:00,0,1389.3,0,190.71,7709.46,3387.21,4457.34,0,0,1251.37,8241.43,135.85,0,9889.13,931.91,2728.02,53716.9,0,12312.2,0,0,61977.22,0,0,0,2045.47,2154.64,0,17985.02,21524.42,52.59,1522.39,11891.49,0,0,0,0
2009-04-18 04:00:00,0,1375.16,0,190.18,7784.33,3342.71,4572.27,0,0,1215.41,8099.29,134.42,0,9901.19,947.41,2706.04,53324.76,0,12329.58,0,0,62261.86,0,0,0,2070.0,2214.81,0,18152.78,21172.7,51.52,1487.74,11703.44,0,0,0,0
2009-04-18 05:00:00,0,1397.1,0,195.17,8023.33,3413.86,4802.86,0,0,1227.8,8146.95,137.96,0,9963.38,985.62,2752.19,53623.54,0,12537.01,0,0,63246.79,0,0,0,2109.69,2271.86,0,18578.49,21236.54,52.23,1490.71,11839.32,0,0,0,0
2009-04-18 06:00:00,0,1431.35,0,197.73,8525.32,3551.69,5077.39,0,0,1260.76,8422.43,142.79,0,10350.46,1037.4,2840.27,54750.16,0,13221.72,0,0,65136.59,0,0,0,2217.19,2382.29,0,18901.37,21519.37,52.55,1524.04,12146.67,0,0,0,0
2009-04-18 07:00:00,0,1487.11,0,212.21,8923.52,4078.08,5295.73,0,0,1420.21,9648.49,153.49,0,10544.74,1112.51,2923.71,56640.52,0,13566.15,0,0,65402.16,0,0,0,2356.54,2589.76,0,20143.85,21833.33,53.78,1686.44,13138.27,0,0,0,0
2009-04-18 08:00:00,0,1572.62,0,224.54,8847.96,4544.52,5230.93,0,0,1602.33,11196.22,162.77,0,10804.67,1113.34,2944.36,58213.81,0,13676.95,0,0,66338.44,0,0,0,2321.29,2538.08,0,20076.99,22309.46,55.54,1839.84,13336.9,0,0,0,0
2009-04-18 09:00:00,0,1650.32,0,237.39,8913.35,4831.42,5234.37,0,0,1660.25,12312.29,163.72,0,10879.68,1153.57,3030.05,59800.49,0,13876.97,0,0,68534.25,0,0,0,2313.36,2540.74,0,20302.42,22625.87,56.72,1960.13,13692.91,0,0,0,0
2009-04-18 10:00:00,0,1701.93,0,250.8,8936.56,5023.78,5259.86,0,0,1725.65,12914.34,165.1,0,10839.12,1178.36,3179.84,61204.21,0,14067.14,0,0,70019.33,0,0,0,2258.88,2424.18,0,20491.28,23145.99,58.57,2034.41,13836.44,0,0,0,0
2009-04-18 11:00:00,0,1746.57,0,262.41,8993.67,5113.72,5468.67,0,0,1790.77,13571.53,169.69,0,10918.17,1227.63,3391.57,62378.47,0,14347.55,0,0,71419.26,0,0,0,2258.4,2405.1,0,20736.77,23719.29,60.01,2148.34,13990.36,0,0,0,0
2009-04-18 12:00:00,0,1784.56,0,278.2,9265.11,5323.7,5612.63,0,0,1868.5,14150.92,177.54,0,10868.9,1289.44,3474.9,63404.59,0,14590.45,0,0,74127.12,0,0,0,2242.25,2433.66,0,21094.3,24233.13,61.01,2257.87,13992.07,0,0,0,0
2009-04-18 13:00:00,0,1812.07,0,281.1,9483.97,5528.54,5734.37,0,0,1910.75,14531.37,184.86,0,10995.9,1319.45,3554.69,64385.33,0,14676.69,0,0,76409.32,0,0,0,2222.0,2425.34,0,21414.79,24646.76,61.28,2365.08,14082.57,0,0,0,0
2009-04-18 14:00:00,0,1809.73,0,289.18,9686.57,5749.39,5847.85,0,0,1940.56,14826.79,195.5,0,11194.21,1325.89,3623.32,65011.56,0,14680.83,0,0,78035.75,0,0,0,2223.54,2416.32,0,21760.23,24760.39,62.69,2492.14,14575.01,0,0,0,0
2009-04-18 15:00:00,0,1807.65,0,287.43,9978.29,6020.19,6018.22,0,0,1968.03,15027.18,204.75,0,11479.15,1318.32,3664.35,65521.17,0,14789.56,0,0,80092.81,0,0,0,2250.12,2404.57,0,21697.38,24880.19,64.41,2612.12,15094.83,0,0,0,0
2009-04-18 16:00:00,0,1795.21,0,293.15,10320.25,6229.47,6141.83,0,0,1998.06,15053.34,213.67,0,11476.09,1336.33,3713.83,65917.02,0,15108.31,0,0,82242.33,0,0,0,2328.99,2410.03,0,21833.95,24771.51,65.25,2666.24,15311.36,0,0,0,0
2009-04-18 17:00:00,0,1770.64,0,301.93,10383.4,6311.25,6124.12,0,0,2059.81,14969.95,219.77,0,11723.23,1387.85,3672.65,66045.37,0,15423.73,0,0,83434.13,0,0,0,2409.84,2409.68,0,22043.03,24648.02,66.03,2665.97,15273.32,0,0,0,0
2009-04-18 18:00:00,0,1761.03,0,299.65,10047.42,6327.04,6078.09,0,0,2057.91,14902.37,221.08,0,12202.51,1386.41,3598.67,66352.41,0,15356.83,0,0,82814.82,0,0,0,2433.27,2428.36,0,22446.56,24820.43,63.74,2583.57,15142.36,0,0,0,0
2009-04-18 19:00:00,0,1767.6,0,326.12,11298.62,6573.28,6439.72,0,0,2178.42,15459.57,240.75,0,13372.35,1503.81,4005.48,69986.82,0,17489.3,0,0,92167.73,0,0,0,2514.49,2447.73,0,22431.57,24912.98,68.12,2724.05,15936.24,0,0,0,0
2009-04-18 20:00:00,0,1760.27,0,309.83,10927.61,6031.37,5905.34,0,0,1969.81,13910.77,224.37,0,12709.19,1379.68,3810.33,69284.36,0,16762.25,0,0,87471.94,0,0,0,2442.55,2362.61,0,22123.03,25625.98,65.53,2501.66,15846.08,0,0,0,0
2009-04-18 21:00:00,0,1786.04,0,295.82,10695.71,5611.13,5520.95,0,0,1788.89,12734.17,213.95,0,12088.9,1281.01,3661.46,68097.63,0,16054.56,0,0,82552.61,0,0,0,2408.46,2306.14,0,22071.83,25171.54,62.81,2290.06,15898.9,0,0,0,0
2009-04-18 22:00:00,0,1782.3,0,271.54,9865.2,5057.7,5169.43,0,0,1656.04,11798.32,198.44,0,11460.07,1207.16,3507.27,66466.25,0,15156.31,0,0,78438.17,0,0,0,2271.48,2187.08,0,21068.56,24865.44,60.46,2108.82,14974.89,0,0,0,0
2009-04-18 23:00:00,0,1668.63,0,251.48,9104.15,4584.63,4858.08,0,0,1532.08,10886.16,177.97,0,10838.38,1125.22,3326.76,63631.61,0,14365.38,0,0,74295.63,0,0,0,2149.67,2082.23,0,20163.63,24074.4,58.11,1926.58,14147.98,0,0,0,0
2009-04-19 00:00:00,0,1557.93,0,232.77,8498.33,4138.67,4621.33,0,0,1424.82,10012.53,161.4,0,10181.44,1052.26,3188.5,61009.94,0,13622.32,0,0,70100.43,0,0,0,2059.0,1991.19,0,19328.54,23321.38,56.18,1777.69,13428.98,0,0,0,0
2009-04-19 01:00:00,0,1455.3,0,216.27,8007.18,3730.57,4416.47,0,0,1340.71,9146.65,147.87,0,9767.81,1000.96,3060.28,58443.97,0,12870.12,0,0,66697.24,0,0,0,1976.95,1906.8,0,18757.34,22541.79,54.81,1647.12,12740.06,0,0,0,0
2009-04-19 02:00:00,0,1389.36,0,201.91,7630.12,3483.39,4225.94,0,0,1266.63,8398.31,138.81,0,9731.6,955.2,2943.48,56603.87,0,12310.33,0,0,64332.56,0,0,0,1928.94,1837.42,0,18400.18,21716.17,54.33,1540.19,12225.61,0,0,0,0
2009-04-19 03:00:00,0,1346.43,0,190.74,7481.32,3338.97,4172.87,0,0,1207.56,7971.04,135.0,0,9761.75,932.81,2857.91,55005.1,0,11993.85,0,0,62725.66,0,0,0,1902.94,1836.22,0,17932.55,21079.97,53.54,1481.81,12019.54,0,0,0,0
2009-04-19 04:00:00,0,1340.8,0,185.25,7476.01,3356.86,4280.19,0,0,1188.93,7836.79,132.45,0,9781.74,953.41,2831.77,54486.74,0,12050.75,0,0,62826.13,0,0,0,1914.32,1898.5,0,17907.15,20786.6,52.35,1445.33,11813.41,0,0,0,0
2009-04-19 05:00:00,0,1371.77,0,185.22,7644.78,3468.52,4500.05,0,0,1198.89,7975.2,135.33,0,9929.51,986.55,2839.7,54715.74,0,12300.86,0,0,63242.74,0,0,0,1944.39,1963.59,0,18034.49,20872.36,52.13,1474.16,11834.92,0,0,0,0
2009-04-19 06:00:00,0,1417.61,0,188.86,8076.76,3647.19,4812.69,0,0,1237.53,8249.47,140.03,0,10440.4,1027.6,2904.92,55812.68,0,13018.42,0,0,64420.55,0,0,0,1998.22,2043.83,0,18337.97,21172.65,52.52,1525.05,12145.47,0,0,0,0
2009-04-19 07:00:00,0,1470.42,0,204.9,8486.99,4068.02,4984.83,0,0,1379.49,9234.29,151.19,0,10967.49,1121.18,2968.33,57775.22,0,13652.65,0,0,65799.59,0,0,0,2088.29,2178.13,0,19266.2,21537.75,53.28,1642.79,12662.24,0,0,0,0
2009-04-19 08:00:00,0,1582.84,0,224.58,8721.44,4464.66,5078.98,0,0,1530.93,10667.55,162.33,0,11339.9,1100.43,3044.88,60167.89,0,13913.16,0,0,68115.34,0,0,0,2132.84,2232.68,0,19806.37,22074.26,54.68,1805.7,13081.03,0,0,0,0
2009-04-19 09:00:00,0,1663.97,0,243.56,8835.04,4917.68,5148.09,0,0,1685.88,12206.59,164.13,0,11177.56,1153.41,3174.06,62426.92,0,14368.2,0,0,69872.73,0,0,0,2216.96,2277.09,0,20333.05,22787.42,55.47,1938.64,13519.06,0,0,0,0
2009-04-19 10:00:00,0,1725.78,0,261.69,8989.06,5207.26,5212.54,0,0,1792.65,13273.06,165.46,0,10973.84,1178.55,3243.47,64481.74,0,14536.1,0,0,71550.49,0,0,0,2241.9,2312.41,0,21013.31,23808.48,56.07,2043.97,13971.04,0,0,0,0
2009-04-19 11:00:00,0,1782.07,0,276.4,9311.24,5534.21,5439.9,0,0,1900.49,14269.41,172.12,0,10793.37,1257.43,3294.95,65645.26,0,14609.29,0,0,73054.61,0,0,0,2305.68,2396.95,0,21430.85,24661.68,56.55,2180.65,14263.97,0,0,0,0
2009-04-19 12:00:00,0,1833.15,0,286.68,9545.16,5827.56,5636.79,0,0,1998.32,15041.0,181.99,0,10700.58,1333.54,3333.44,65907.54,0,14446.54,0,0,73858.25,0,0,0,2396.05,2482.43,0,21774.74,25338.42,57.88,2303.88,14512.41,0,0,0,0
2009-04-19 13:00:00,0,1874.53,0,296.41,9823.24,6042.74,5763.18,0,0,2081.35,15566.06,195.52,0,10676.77,1389.82,3328.44,66236.51,0,14319.22,0,0,74335.91,0,0,0,2470.08,2550.35,0,22001.68,25550.4,58.84,2412.59,14630.93,0,0,0,0
2009-04-19 14:00:00,0,1884.39,0,299.49,10095.6,6287.75,5864.38,0,0,2180.06,16146.95,212.48,0,10671.84,1444.51,3313.51,66675.73,0,14127.27,0,0,75009.98,0,0,0,2544.77,2606.37,0,22196.04,25614.39,59.88,2501.05,14640.67,0,0,0,0
2009-04-19 15:00:00,0,1903.86,0,301.74,10286.08,6597.7,5976.43,0,0,2291.35,16702.7,230.15,0,10794.07,1497.58,3300.55,66889.24,0,14208.9,0,0,75233.75,0,0,0,2581.05,2649.28,0,22219.76,25399.95,61.28,2574.82,14590.35,0,0,0,0
2009-04-19 16:00:00,0,1890.05,0,298.71,10184.68,6803.55,6025.84,0,0,2348.84,16989.21,243.02,0,11007.6,1524.16,3275.19,66842.67,0,14549.74,0,0,75301.77,0,0,0,2594.73,2645.32,0,22239.26,24868.92,61.73,2612.02,14549.05,0,0,0,0
2009-04-19 17:00:00,0,1868.66,0,298.29,10037.66,6739.65,5957.85,0,0,2342.53,16630.55,248.24,0,11105.12,1509.0,3247.36,66319.67,0,14838.83,0,0,75216.8,0,0,0,2584.7,2608.14,0,22284.04,24302.12,60.39,2594.54,14448.54,0,0,0,0
2009-04-19 18:00:00,0,1857.86,0,294.57,9937.97,6593.73,5955.22,0,0,2280.29,16224.23,237.3,0,11662.23,1458.28,3244.22,65536.56,0,15069.77,0,0,74826.73,0,0,0,2548.62,2556.81,0,22421.21,24222.87,59.71,2557.53,14445.83,0,0,0,0
2009-04-19 19:00:00,0,1967.73,0,343.83,11895.47,7133.33,6921.34,0,0,2460.29,16567.29,267.82,0,14193.74,1672.54,3916.84,72379.71,0,18139.83,0,0,87048.01,0,0,0,2732.47,2624.87,0,24060.32,26355.53,70.76,2871.81,16652.26,0,0,0,0
2009-04-19 20:00:00,0,1993.76,0,327.28,11601.42,6647.75,6420.82,0,0,2257.34,15256.22,248.34,0,13414.97,1559.96,3793.24,71598.95,0,17454.22,0,0,83377.14,0,0,0,2680.35,2524.85,0,23881.47,27226.23,69.94,2642.02,16689.27,0,0,0,0
2009-04-19 21:00:00,0,2017.42,0,309.23,11274.2,6184.46,5984.11,0,0,2060.03,14053.3,231.94,0,12644.56,1432.98,3658.64,70846.66,0,16819.9,0,0,80143.46,0,0,0,2620.51,2418.41,0,23538.44,27302.22,67.23,2445.89,16735.68,0,0,0,0
2009-04-19 22:00:00,0,1966.07,0,284.97,10427.8,5588.13,5597.72,0,0,1889.08,12856.03,213.31,0,11889.4,1304.96,3514.19,68550.1,0,15905.15,0,0,77142.25,0,0,0,2446.32,2274.44,0,22066.77,26629.05,64.73,2255.21,15855.59,0,0,0,0
2009-04-19 23:00:00,0,1849.32,0,264.46,9668.23,5047.47,5231.21,0,0,1733.22,11716.01,193.46,0,11144.92,1203.74,3358.07,66023.33,0,14956.96,0,0,74483.51,0,0,0,2274.79,2143.6,0,20794.14,25368.5,63.64,2065.08,14944.77,0,0,0,0
2009-04-20 00:00:00,0,1744.46,0,243.58,9072.5,4542.76,4864.64,0,0,1587.97,10654.84,173.76,0,10420.89,1105.26,3242.69,63605.97,0,14063.7,0,0,71820.84,0,0,0,2128.67,2026.2,0,19623.64,24187.22,62.07,1904.81,14061.34,0,0,0,0
2009-04-20 01:00:00,0,1641.55,0,227.82,8526.7,4068.67,4519.15,0,0,1442.07,9614.41,156.08,0,10092.43,1011.22,3136.13,61520.97,0,13369.34,0,0,69125.54,0,0,0,2012.27,1917.73,0,18597.56,23120.33,61.2,1759.49,13289.22,0,0,0,0
2009-04-20 02:00:00,0,1585.7,0,212.38,8180.02,3682.41,4245.04,0,0,1314.26,8666.82,140.89,0,10110.04,940.66,3027.08,59367.26,0,12901.7,0,0,66674.77,0,0,0,1957.97,1821.53,0,17889.06,22121.5,61.2,1658.01,12679.64,0,0,0,0
2009-04-20 03:00:00,0,1635.73,0,208.0,8139.47,3612.56,4236.96,0,0,1284.33,8463.49,135.97,0,10289.5,947.42,2937.09,58028.8,0,12854.28,0,0,66344.25,0,0,0,1950.71,1817.97,0,17698.57,21951.83,60.45,1604.19,12314.5,0,0,0,0
2009-04-20 04:00:00,0,1734.07,0,215.96,8376.84,3769.05,4505.35,0,0,1332.34,8831.93,142.34,0,10571.52,994.3,2992.94,58881.8,0,13341.74,0,0,68005.23,0,0,0,2005.37,1873.4,0,18066.08,22148.4,62.08,1663.96,12495.3,0,0,0,0
2009-04-20 05:00:00,0,1844.69,0,226.4,8885.92,3964.95,4794.52,0,0,1382.19,9261.88,149.17,0,10990.8,1040.15,3110.82,60739.31,0,13952.45,0,0,70336.39,0,0,0,2089.21,1938.48,0,18481.39,22976.44,64.03,1731.5,13034.2,0,0,0,0
2009-04-20 06:00:00,0,1956.31,0,236.45,9458.24,4169.76,5117.63,0,0,1438.17,9693.65,156.13,0,12574.83,1083.01,3231.22,62712.87,0,15951.39,0,0,73481.81,0,0,0,2174.69,2005.97,0,18883.29,23936.41,65.96,1783.77,13574.97,0,0,0,0
2009-04-20 07:00:00,0,2105.47,0,272.64,10252.29,4719.54,5431.64,0,0,1650.61,11116.26,168.43,0,12991.23,1185.49,3422.34,66054.29,0,17209.5,0,0,79124.43,0,0,0,2333.73,2137.57,0,20077.86,25133.29,68.76,1961.85,14433.51,0,0,0,0
2009-04-20 08:00:00,0,2132.39,0,290.81,10587.85,5186.37,5643.1,0,0,1793.65,12389.53,177.5,0,13240.99,1235.25,3670.84,69833.29,0,17796.69,0,0,82414.42,0,0,0,2409.9,2203.23,0,20898.83,26404.5,69.68,2143.79,15254.69,0,0,0,0
2009-04-20 09:00:00,0,2018.75,0,303.42,10732.9,5460.85,5853.31,0,0,1895.29,13351.03,189.11,0,13280.22,1284.05,3824.5,72137.56,0,18129.62,0,0,83846.55,0,0,0,2489.85,2278.58,0,21489.97,26691.82,68.78,2250.97,15648.61,0,0,0,0
2009-04-20 10:00:00,0,1926.14,0,316.51,10832.91,5700.54,6028.48,0,0,2048.99,14340.56,202.88,0,13258.86,1329.16,3915.01,73451.75,0,18430.49,0,0,85028.9,0,0,0,2551.3,2360.08,0,21948.7,27299.33,68.29,2383.43,15910.88,0,0,0,0
2009-04-20 11:00:00,0,1885.81,0,331.15,10825.55,6076.26,6096.3,0,0,2173.79,15190.68,212.84,0,13290.08,1433.26,3968.02,73813.59,0,18612.09,0,0,85817.08,0,0,0,2586.44,2395.8,0,22365.68,27818.99,68.16,2544.06,16219.4,0,0,0,0
2009-04-20 12:00:00,0,1857.47,0,340.34,10945.47,6563.77,6159.54,0,0,2309.72,16178.74,214.17,0,13400.89,1498.31,3993.94,73659.02,0,18718.84,0,0,86056.28,0,0,0,2605.54,2464.68,0,22673.4,28057.12,67.94,2668.03,16396.97,0,0,0,0
2009-04-20 13:00:00,0,1837.73,0,348.68,11106.54,6967.87,6189.27,0,0,2443.01,16969.19,224.5,0,13534.1,1513.24,3976.64,73419.33,0,18689.77,0,0,86035.26,0,0,0,2650.94,2530.44,0,22924.46,28046.44,67.65,2810.93,16276.35,0,0,0,0
2009-04-20 14:00:00,0,1815.16,0,358.08,11223.26,7282.24,6347.52,0,0,2562.67,17545.78,234.06,0,13527.73,1525.09,3961.79,72798.45,0,18772.16,0,0,85766.95,0,0,0,2694.2,2559.13,0,23010.14,27926.46,67.43,2918.73,16164.46,0,0,0,0
2009-04-20 15:00:00,0,1831.19,0,362.93,11271.05,7491.8,6458.41,0,0,2605.04,17914.23,235.69,0,13697.16,1595.75,3924.69,72081.74,0,18780.4,0,0,85124.4,0,0,0,2694.92,2583.94,0,22971.72,27856.18,67.77,2982.33,16021.88,0,0,0,0
2009-04-20 16:00:00,0,1811.61,0,362.37,11168.72,7429.45,6579.66,0,0,2587.94,17961.01,234.33,0,13981.67,1606.11,3841.18,71467.19,0,18901.93,0,0,84625.22,0,0,0,2682.15,2603.75,0,22894.39,27479.11,67.89,2869.39,15917.34,0,0,0,0
2009-04-20 17:00:00,0,1795.96,0,360.62,11097.99,7129.89,6617.05,0,0,2523.1,17675.11,231.41,0,14218.71,1607.81,3778.61,71020.74,0,19032.9,0,0,84063.41,0,0,0,2665.12,2608.17,0,22818.02,27179.5,69.16,2724.0,15831.17,0,0,0,0
2009-04-20 18:00:00,0,1819.8,0,355.99,11010.69,6836.4,6526.84,0,0,2446.5,17040.55,231.54,0,14565.68,1607.74,3699.88,70766.14,0,19247.89,0,0,83892.97,0,0,0,2669.94,2581.29,0,22692.79,26966.18,69.24,2711.48,15977.61,0,0,0,0
2009-04-20 19:00:00,0,1953.15,0,374.46,11566.4,6993.18,6976.54,0,0,2524.04,16895.36,242.97,0,15301.0,1671.04,3713.38,71440.35,0,19368.02,0,0,87103.05,0,0,0,2778.33,2670.11,0,23159.21,26864.95,69.01,2766.49,16234.92,0,0,0,0
2009-04-20 20:00:00,0,1912.97,0,350.27,11327.11,6705.75,6505.51,0,0,2340.05,15578.98,239.96,0,14380.61,1567.49,3645.74,70952.55,0,18650.78,0,0,83390.99,0,0,0,2711.1,2566.64,0,23219.13,27064.61,67.35,2588.12,16132.75,0,0,0,0
2009-04-20 21:00:00,0,1976.07,0,323.84,10939.39,6355.64,6079.44,0,0,2160.99,14404.18,232.26,0,13574.81,1446.13,3535.58,70244.64,0,17756.93,0,0,79469.35,0,0,0,2612.54,2446.97,0,22889.69,27219.23,65.37,2450.53,16239.93,0,0,0,0
2009-04-20 22:00:00,0,1952.71,0,293.32,10146.39,5816.35,5669.92,0,0,1987.64,13248.67,214.11,0,12754.71,1324.65,3436.99,68025.46,0,16762.38,0,0,76039.8,0,0,0,2449.21,2279.09,0,21532.08,26665.7,63.96,2329.58,15424.9,0,0,0,0
2009-04-20 23:00:00,0,1856.87,0,267.82,9418.57,5255.03,5287.45,0,0,1817.5,12075.2,194.53,0,11973.75,1223.61,3333.16,65636.04,0,15803.33,0,0,72971.87,0,0,0,2281.35,2136.81,0,20317.16,25465.93,63.32,2164.06,14645.37,0,0,0,0
2009-04-21 00:00:00,0,1776.73,0,242.4,8728.0,4677.33,4888.68,0,0,1640.96,11040.42,177.18,0,11262.66,1124.74,3231.32,63401.15,0,14644.93,0,0,70098.23,0,0,0,2109.39,1995.69,0,19116.62,24330.22,62.82,1966.7,13926.89,0,0,0,0
2009-04-21 01:00:00,0,1704.31,0,218.42,8258.25,4181.66,4500.61,0,0,1490.68,10117.13,159.79,0,10732.67,1026.53,3150.39,61437.04,0,13684.93,0,0,67106.27,0,0,0,1984.63,1866.85,0,18038.42,23295.76,62.7,1803.65,13260.49,0,0,0,0
2009-04-21 02:00:00,0,1677.86,0,198.87,8025.27,3822.75,4264.97,0,0,1366.23,9230.04,146.24,0,10574.97,965.49,3073.67,59326.84,0,13001.73,0,0,64753.28,0,0,0,1930.23,1793.17,0,17543.42,22362.35,62.63,1739.43,12781.82,0,0,0,0
2009-04-21 03:00:00,0,1728.35,0,192.23,8027.13,3781.25,4277.47,0,0,1342.18,9063.64,140.76,0,10761.9,962.75,3055.8,58086.03,0,12936.57,0,0,64168.91,0,0,0,1912.9,1848.99,0,17746.12,22189.94,62.78,1722.97,12795.99,0,0,0,0
2009-04-21 04:00:00,0,1819.9,0,198.38,8407.43,3956.04,4565.46,0,0,1387.33,9316.88,146.34,0,11066.1,1010.33,3205.19,59431.19,0,13383.7,0,0,66284.66,0,0,0,1992.47,1918.34,0,18357.98,22453.94,64.79,1772.35,13314.18,0,0,0,0
2009-04-21 05:00:00,0,1936.92,0,209.05,8973.26,4087.97,4878.76,0,0,1426.63,9604.73,151.67,0,11339.76,1059.14,3377.35,61434.38,0,13951.0,0,0,68470.32,0,0,0,2096.04,2001.84,0,18950.37,23182.75,66.86,1805.96,13779.22,0,0,0,0
2009-04-21 06:00:00,0,2045.83,0,217.58,9840.17,4228.13,5214.56,0,0,1471.14,9938.3,156.66,0,11796.1,1116.64,3556.6,63471.11,0,15034.04,0,0,73132.88,0,0,0,2219.7,2095.7,0,19389.4,24120.41,69.3,1838.82,14319.54,0,0,0,0
2009-04-21 07:00:00,0,2210.58,0,262.45,10460.87,4758.46,5634.72,0,0,1647.15,10985.99,174.05,0,12412.4,1223.31,3864.17,68100.52,0,16012.78,0,0,78287.87,0,0,0,2364.68,2208.4,0,21379.9,25382.89,72.32,2012.03,15681.86,0,0,0,0
2009-04-21 08:00:00,0,2313.48,0,278.44,10338.21,5101.43,5758.96,0,0,1756.75,12003.84,183.51,0,12955.78,1221.17,4017.04,71680.95,0,16458.06,0,0,80763.88,0,0,0,2397.02,2231.77,0,21223.0,26707.31,73.16,2128.25,15838.46,0,0,0,0
2009-04-21 09:00:00,0,2290.28,0,288.62,10495.43,5343.34,5929.71,0,0,1819.28,12695.43,189.84,0,13240.3,1267.52,4117.9,72892.08,0,16819.39,0,0,81951.83,0,0,0,2448.81,2296.94,0,21822.45,27282.0,74.1,2161.01,16000.71,0,0,0,0
2009-04-21 10:00:00,0,2238.28,0,297.79,10680.04,5421.35,5830.07,0,0,1881.39,13291.51,187.99,0,13359.74,1301.19,4101.56,72951.12,0,17137.81,0,0,82196.89,0,0,0,2445.45,2302.48,0,22032.54,27824.22,74.15,2242.12,16104.68,0,0,0,0
2009-04-21 11:00:00,0,2165.78,0,297.95,10588.77,5537.75,5662.21,0,0,1980.53,13695.36,185.31,0,13407.8,1322.1,4115.31,72705.79,0,17453.51,0,0,82366.44,0,0,0,2420.23,2248.14,0,22172.32,28121.62,73.51,2323.93,15958.49,0,0,0,0
2009-04-21 12:00:00,0,2081.12,0,305.13,10577.43,5678.75,5682.67,0,0,2038.57,14179.0,187.34,0,13488.8,1342.47,4127.5,72501.83,0,17588.67,0,0,81923.44,0,0,0,2442.92,2236.9,0,22418.32,28219.69,72.13,2393.54,15999.54,0,0,0,0
2009-04-21 13:00:00,0,1999.64,0,312.26,10631.8,5869.34,5732.22,0,0,2112.94,14965.71,188.44,0,13599.38,1373.76,4098.94,72369.35,0,17684.81,0,0,81577.88,0,0,0,2461.77,2228.98,0,22272.18,28175.35,71.27,2448.41,15854.52,0,0,0,0
2009-04-21 14:00:00,0,1907.94,0,323.2,10645.4,6017.33,5787.78,0,0,2188.3,15641.2,192.96,0,13734.04,1410.81,4014.76,71926.5,0,17832.39,0,0,81272.71,0,0,0,2491.25,2257.79,0,22145.93,27934.97,69.1,2475.09,15438.35,0,0,0,0
2009-04-21 15:00:00,0,1859.08,0,337.17,10644.65,6174.37,5840.83,0,0,2292.39,16296.35,208.02,0,13780.89,1485.21,3924.62,71455.57,0,17806.76,0,0,80857.87,0,0,0,2541.78,2323.52,0,21863.04,27919.19,67.82,2498.59,15253.49,0,0,0,0
2009-04-21 16:00:00,0,1827.49,0,342.35,10639.05,6297.62,5895.45,0,0,2369.34,16828.95,226.25,0,13817.59,1579.11,3865.83,70694.1,0,17732.36,0,0,80519.6,0,0,0,2560.17,2375.52,0,21615.41,27927.19,66.93,2476.31,15337.57,0,0,0,0
2009-04-21 17:00:00,0,1849.06,0,336.87,10357.48,6388.58,5929.62,0,0,2376.58,16801.73,237.38,0,13874.69,1607.95,3830.12,70276.6,0,17516.05,0,0,80382.04,0,0,0,2539.04,2402.69,0,21579.7,27827.45,66.77,2503.58,15492.18,0,0,0,0
2009-04-21 18:00:00,0,1859.86,0,323.57,10527.12,6369.26,5925.77,0,0,2342.27,16259.44,235.72,0,13964.76,1588.67,3814.58,69924.69,0,17547.4,0,0,80200.23,0,0,0,2546.14,2427.12,0,21525.87,27453.43,67.72,2499.4,15706.22,0,0,0,0
2009-04-21 19:00:00,0,1955.51,0,331.64,10961.85,6634.76,6476.2,0,0,2364.05,16196.35,250.19,0,14124.26,1647.56,3865.51,70725.59,0,17711.15,0,0,85248.32,0,0,0,2617.2,2494.41,0,22013.56,27708.74,69.44,2656.37,16784.84,0,0,0,0
2009-04-21 20:00:00,0,1951.96,0,316.99,10881.23,6118.75,6114.84,0,0,2108.95,14555.93,237.32,0,13279.86,1533.41,3781.71,69997.3,0,17096.21,0,0,81655.72,0,0,0,2584.73,2438.71,0,22334.3,27434.65,68.18,2397.82,16723.6,0,0,0,0
2009-04-21 21:00:00,0,1999.72,0,308.84,10639.56,5726.81,5795.5,0,0,1872.24,13214.86,229.79,0,12388.06,1433.79,3675.46,69382.43,0,16344.64,0,0,77975.29,0,0,0,2502.15,2339.45,0,22485.99,27448.71,66.61,2191.84,16932.49,0,0,0,0
2009-04-21 22:00:00,0,1982.33,0,287.35,9969.04,5159.11,5441.75,0,0,1703.0,12037.7,213.0,0,11622.88,1320.55,3590.1,67484.3,0,15370.08,0,0,75085.14,0,0,0,2368.76,2236.49,0,21344.62,26986.09,65.92,2021.38,16294.57,0,0,0,0
2009-04-21 23:00:00,0,1877.7,0,263.4,9386.96,4626.5,5059.13,0,0,1560.22,10972.42,193.3,0,10885.39,1214.51,3503.98,65327.16,0,14479.5,0,0,72381.55,0,0,0,2252.74,2115.45,0,20154.47,25712.87,65.32,1869.91,15711.84,0,0,0,0
2009-04-22 00:00:00,0,1778.49,0,237.14,8838.45,4158.88,4715.26,0,0,1425.22,10027.8,174.84,0,10124.06,1113.38,3432.32,63277.24,0,13737.93,0,0,69582.17,0,0,0,2128.99,2007.58,0,18987.83,24451.07,64.71,1726.87,15187.07,0,0,0,0
2009-04-22 01:00:00,0,1679.16,0,211.96,8395.31,3734.32,4412.83,0,0,1315.3,9106.93,158.33,0,9756.73,1013.05,3342.28,61308.65,0,13043.47,0,0,66712.6,0,0,0,1994.68,1892.08,0,18029.82,23249.92,63.33,1601.49,14718.61,0,0,0,0
2009-04-22 02:00:00,0,1597.47,0,192.34,8268.17,3422.54,4215.48,0,0,1223.21,8272.98,144.22,0,9711.2,938.14,3279.48,59040.49,0,12505.91,0,0,64458.56,0,0,0,1926.01,1826.46,0,17540.26,22120.37,62.0,1492.74,14365.59,0,0,0,0
2009-04-22 03:00:00,0,1601.04,0,188.36,8385.04,3423.61,4336.08,0,0,1230.6,8139.68,138.0,0,9867.4,919.09,3258.9,58002.54,0,12447.57,0,0,64267.85,0,0,0,1926.9,1861.26,0,18054.12,21690.01,61.09,1485.17,14611.63,0,0,0,0
2009-04-22 04:00:00,0,1660.97,0,197.64,8889.17,3649.89,4672.48,0,0,1304.47,8519.47,142.48,0,10196.19,962.92,3424.29,59305.73,0,12984.88,0,0,66483.12,0,0,0,2007.72,1968.49,0,19369.89,21727.14,61.88,1568.8,15102.53,0,0,0,0
2009-04-22 05:00:00,0,1744.8,0,207.85,9611.38,3877.54,5047.23,0,0,1374.67,8948.15,148.98,0,10618.87,1015.85,3597.65,61283.67,0,13663.72,0,0,69233.07,0,0,0,2129.2,2077.18,0,20443.67,22375.72,63.24,1657.32,15558.83,0,0,0,0
2009-04-22 06:00:00,0,1831.06,0,218.54,10616.16,4116.73,5479.84,0,0,1454.61,9432.02,155.44,0,11576.62,1085.36,3778.45,63183.38,0,15448.51,0,0,74602.75,0,0,0,2293.59,2221.83,0,21402.39,23159.9,63.81,1738.68,16153.21,0,0,0,0
2009-04-22 07:00:00,0,1959.22,0,261.65,11371.54,4678.98,5988.76,0,0,1651.53,10845.61,172.65,0,12539.19,1221.22,4075.09,67876.17,0,16432.54,0,0,78974.08,0,0,0,2529.69,2419.42,0,23490.82,24373.46,65.81,1927.92,17459.53,0,0,0,0
2009-04-22 08:00:00,0,1943.45,0,278.8,11200.31,5057.73,6058.19,0,0,1720.95,11605.61,178.37,0,12790.67,1254.91,4110.08,69837.09,0,16730.99,0,0,80946.86,0,0,0,2514.98,2426.11,0,22818.9,25379.42,64.19,2111.34,16846.79,0,0,0,0
2009-04-22 09:00:00,0,1852.53,0,286.86,11008.19,5286.67,5958.03,0,0,1783.5,12309.83,179.5,0,12566.84,1273.25,4122.9,70506.13,0,17126.3,0,0,81923.88,0,0,0,2455.2,2341.51,0,22724.51,25937.39,63.96,2183.74,16492.38,0,0,0,0
2009-04-22 10:00:00,0,1811.51,0,300.34,10778.83,5397.63,5691.34,0,0,1832.99,12760.2,170.68,0,12687.88,1260.1,4023.65,70530.43,0,17389.07,0,0,82071.87,0,0,0,2358.75,2201.83,0,22772.32,26647.38,64.63,2283.33,16473.25,0,0,0,0
2009-04-22 11:00:00,0,1773.19,0,307.88,10554.38,5444.68,5468.47,0,0,1893.37,13349.65,171.44,0,12976.23,1249.38,3900.71,70214.5,0,17604.16,0,0,80939.23,0,0,0,2270.88,2048.88,0,22567.6,27858.19,65.37,2378.14,16305.45,0,0,0,0
2009-04-22 12:00:00,0,1798.56,0,316.16,10387.69,5642.73,5232.94,0,0,1959.18,13944.0,177.58,0,13230.24,1272.07,3828.56,69939.97,0,17568.68,0,0,80194.5,0,0,0,2238.57,1965.98,0,22541.02,29075.51,66.09,2462.02,16025.14,0,0,0,0
2009-04-22 13:00:00,0,1862.57,0,327.21,10246.26,5874.9,5131.21,0,0,2033.02,14423.28,190.34,0,13184.61,1302.84,3796.51,69724.73,0,17788.58,0,0,79432.08,0,0,0,2224.7,1941.52,0,22513.64,29853.73,69.17,2548.71,15767.63,0,0,0,0
2009-04-22 14:00:00,0,1924.81,0,342.25,10085.64,6158.97,5006.37,0,0,2139.63,14960.4,209.15,0,13275.36,1350.75,3764.5,69472.92,0,17718.81,0,0,78907.28,0,0,0,2236.09,1981.57,0,22530.98,30428.26,69.52,2636.64,15598.97,0,0,0,0
2009-04-22 15:00:00,0,1957.79,0,353.58,9988.13,6503.94,5003.81,0,0,2244.08,15688.85,226.57,0,13382.4,1440.76,3718.28,68688.4,0,17778.26,0,0,78273.07,0,0,0,2278.99,2074.59,0,22628.29,30980.52,71.79,2729.09,15508.34,0,0,0,0
2009-04-22 16:00:00,0,1969.09,0,362.69,10075.51,6746.08,5165.37,0,0,2320.28,16274.18,238.9,0,13568.29,1550.21,3700.5,68114.92,0,17746.88,0,0,77211.57,0,0,0,2318.46,2202.98,0,22921.8,31461.58,71.94,2800.1,15650.58,0,0,0,0
2009-04-22 17:00:00,0,2000.13,0,366.11,10100.29,6998.41,5371.38,0,0,2357.85,16438.03,249.56,0,13530.48,1616.68,3704.45,68246.38,0,17666.97,0,0,77059.55,0,0,0,2367.36,2270.91,0,23188.31,31824.59,72.69,2837.25,15997.15,0,0,0,0
2009-04-22 18:00:00,0,2015.09,0,354.84,10170.45,7068.46,5559.38,0,0,2373.08,16116.19,248.91,0,13623.42,1608.38,3697.13,68260.66,0,17647.47,0,0,77782.69,0,0,0,2376.91,2257.57,0,23337.09,31377.18,72.39,2815.52,16219.44,0,0,0,0
2009-04-22 19:00:00,0,2173.5,0,361.05,10653.22,7085.02,6324.97,0,0,2411.5,16316.95,266.27,0,13868.85,1637.46,3776.4,69381.63,0,17852.49,0,0,84805.28,0,0,0,2578.59,2417.96,0,23712.21,31883.72,76.41,2889.57,16969.42,0,0,0,0
2009-04-22 20:00:00,0,2015.03,0,331.84,10644.23,6491.92,6061.53,0,0,2190.81,14799.09,251.16,0,13159.09,1493.08,3629.34,68748.68,0,17262.62,0,0,80869.59,0,0,0,2535.58,2398.5,0,23248.76,30532.8,72.75,2605.66,16503.38,0,0,0,0
2009-04-22 21:00:00,0,1953.36,0,310.93,10577.07,5947.86,5776.67,0,0,1998.93,13602.46,237.85,0,12507.49,1367.37,3503.51,68244.25,0,16699.57,0,0,77589.54,0,0,0,2464.85,2363.0,0,22926.29,29565.65,68.52,2391.07,16371.63,0,0,0,0
2009-04-22 22:00:00,0,1901.73,0,283.08,10003.45,5332.51,5488.73,0,0,1816.74,12409.91,216.2,0,11981.81,1256.35,3400.35,66437.79,0,15989.34,0,0,74719.97,0,0,0,2314.05,2248.1,0,21523.36,28675.6,65.68,2217.98,15556.9,0,0,0,0
2009-04-22 23:00:00,0,1752.69,0,257.62,9482.98,4793.8,5225.64,0,0,1659.01,11325.84,196.61,0,11500.91,1159.07,3317.71,64041.27,0,15059.12,0,0,72013.76,0,0,0,2181.68,2142.44,0,20300.33,26933.64,63.22,2074.06,14619.58,0,0,0,0
2009-04-23 00:00:00,0,1611.0,0,234.32,8944.65,4294.21,4997.87,0,0,1517.51,10354.03,179.34,0,10889.18,1074.5,3213.32,61573.39,0,14174.38,0,0,69445.48,0,0,0,2071.08,2041.33,0,19070.87,25433.91,61.58,1919.01,13768.13,0,0,0,0
2009-04-23 01:00:00,0,1483.37,0,213.91,8489.77,3853.64,4755.5,0,0,1391.03,9428.26,161.85,0,10304.4,1000.89,3124.91,59319.39,0,13445.44,0,0,66856.21,0,0,0,1980.0,1947.25,0,17885.33,23963.91,60.46,1785.29,12994.18,0,0,0,0
2009-04-23 02:00:00,0,1376.89,0,197.07,8189.6,3543.6,4571.03,0,0,1283.03,8515.68,147.31,0,10193.46,946.04,3054.43,57139.25,0,13015.78,0,0,64977.76,0,0,0,1922.69,1890.32,0,17309.43,22672.16,59.35,1674.58,12357.78,0,0,0,0
2009-04-23 03:00:00,0,1334.08,0,194.18,8216.56,3556.38,4623.35,0,0,1264.2,8355.94,141.25,0,10260.21,963.27,3039.86,55925.3,0,12903.18,0,0,64936.63,0,0,0,1907.0,1947.3,0,17311.31,21893.57,58.09,1658.11,12170.11,0,0,0,0
2009-04-23 04:00:00,0,1347.97,0,203.54,8654.72,3761.52,4950.71,0,0,1318.86,8699.27,145.65,0,10466.36,1012.31,3203.4,56957.91,0,13201.32,0,0,66864.17,0,0,0,1989.4,2013.11,0,17864.38,21669.09,58.13,1702.99,12398.38,0,0,0,0
2009-04-23 05:00:00,0,1412.43,0,214.66,9233.18,3952.28,5303.56,0,0,1373.07,9063.55,148.91,0,10838.4,1057.46,3405.18,59015.29,0,13930.63,0,0,69604.54,0,0,0,2095.18,2079.06,0,18416.2,22044.32,59.61,1737.61,12922.96,0,0,0,0
2009-04-23 06:00:00,0,1493.01,0,223.86,10196.87,4150.36,5724.45,0,0,1435.13,9488.36,155.37,0,12543.09,1101.8,3593.19,61154.22,0,16338.19,0,0,76068.45,0,0,0,2241.12,2163.96,0,18956.85,22704.33,60.87,1764.17,13484.19,0,0,0,0
2009-04-23 07:00:00,0,1622.95,0,260.95,10588.22,4599.2,5961.19,0,0,1614.56,10781.22,167.58,0,13034.13,1209.35,3862.75,65838.64,0,17226.08,0,0,79526.8,0,0,0,2387.82,2261.93,0,20730.38,23802.15,61.73,1887.75,14659.52,0,0,0,0
2009-04-23 08:00:00,0,1729.09,0,281.74,10406.55,5057.63,5796.69,0,0,1787.17,12166.78,187.97,0,13277.64,1227.23,3892.73,68061.45,0,17492.12,0,0,81048.75,0,0,0,2399.0,2241.45,0,21131.18,25536.65,64.23,2099.88,14870.91,0,0,0,0
2009-04-23 09:00:00,0,1746.79,0,300.95,10470.42,5504.68,5723.17,0,0,1917.15,13346.16,197.65,0,13162.08,1292.19,3928.91,69455.19,0,17608.43,0,0,81340.33,0,0,0,2403.69,2261.5,0,21773.1,26789.99,66.43,2241.81,15393.39,0,0,0,0
2009-04-23 10:00:00,0,1808.89,0,315.96,10621.93,5926.98,5576.19,0,0,2018.65,13988.71,204.73,0,13022.14,1388.25,3939.28,70444.0,0,17681.31,0,0,80537.16,0,0,0,2404.18,2290.26,0,22329.15,28121.48,69.24,2423.35,15737.11,0,0,0,0
2009-04-23 11:00:00,0,1867.7,0,343.56,10548.97,6389.14,5664.53,0,0,2089.85,14974.76,218.4,0,13049.34,1512.61,3907.96,70841.79,0,17790.48,0,0,80103.11,0,0,0,2492.7,2369.74,0,23430.58,29437.36,70.56,2553.07,16155.16,0,0,0,0
2009-04-23 12:00:00,0,1981.15,0,368.68,10660.18,6748.57,5692.82,0,0,2176.85,15774.4,234.56,0,13218.16,1622.77,3872.16,71471.26,0,17900.25,0,0,79406.58,0,0,0,2615.95,2414.68,0,24846.34,30558.47,72.55,2692.17,16559.19,0,0,0,0
2009-04-23 13:00:00,0,2081.92,0,388.41,10839.97,7021.91,5769.22,0,0,2274.45,16399.78,249.49,0,13196.4,1712.88,3875.63,72128.69,0,17682.38,0,0,78403.03,0,0,0,2698.13,2445.67,0,26102.84,31770.4,73.9,2799.11,17418.09,0,0,0,0
2009-04-23 14:00:00,0,2141.73,0,398.57,10948.58,7368.59,5890.86,0,0,2394.52,16983.43,266.88,0,13159.57,1793.45,3943.29,72446.01,0,17350.68,0,0,77111.87,0,0,0,2780.53,2526.41,0,26995.49,32564.77,73.59,2927.36,18211.2,0,0,0,0
2009-04-23 15:00:00,0,2166.89,0,408.07,11129.35,7731.92,6068.46,0,0,2504.03,17434.36,285.18,0,13170.58,1868.16,4062.68,72271.21,0,17056.67,0,0,75899.06,0,0,0,2874.46,2639.24,0,27620.91,33164.45,73.61,3036.03,18736.94,0,0,0,0
2009-04-23 16:00:00,0,2207.16,0,409.22,11573.51,7976.96,6291.98,0,0,2568.22,17607.26,297.51,0,13155.57,1891.09,4145.35,72011.88,0,16971.61,0,0,75506.26,0,0,0,2956.52,2722.25,0,28210.96,33516.54,73.23,3078.93,18952.15,0,0,0,0
2009-04-23 17:00:00,0,2256.11,0,397.35,11788.69,8045.93,6514.25,0,0,2577.77,17496.19,296.07,0,13146.59,1883.24,4180.34,71596.95,0,17081.75,0,0,76013.24,0,0,0,2999.31,2758.12,0,28262.67,33505.58,73.08,3054.48,19088.1,0,0,0,0
2009-04-23 18:00:00,0,2287.44,0,378.38,11701.39,7740.86,6640.75,0,0,2528.34,16982.21,281.44,0,13217.31,1808.44,4115.37,71703.5,0,17443.97,0,0,78000.44,0,0,0,2951.28,2731.91,0,27955.92,33228.54,74.63,2983.01,18774.26,0,0,0,0
2009-04-23 19:00:00,0,2505.21,0,378.72,12348.18,7541.1,7120.66,0,0,2535.8,16883.79,296.92,0,14597.52,1839.04,4254.77,72497.24,0,18124.33,0,0,85182.27,0,0,0,3008.72,2873.65,0,28238.43,33524.61,78.72,3014.96,19352.14,0,0,0,0
2009-04-23 20:00:00,0,2294.04,0,349.89,11686.88,6852.49,6478.95,0,0,2273.96,15393.39,265.38,0,13761.41,1640.49,3979.28,71216.03,0,17281.31,0,0,81160.7,0,0,0,2860.87,2715.56,0,26870.93,32649.39,75.48,2714.76,18327.23,0,0,0,0
2009-04-23 21:00:00,0,2149.4,0,325.82,11246.38,6339.83,5936.78,0,0,2096.94,14339.92,248.62,0,12989.15,1493.4,3752.63,70318.28,0,16534.28,0,0,77662.16,0,0,0,2702.16,2573.74,0,25903.03,31224.67,72.36,2507.16,18042.74,0,0,0,0
2009-04-23 22:00:00,0,2052.89,0,298.28,10367.48,5676.6,5520.67,0,0,1920.32,13210.11,226.97,0,12188.1,1334.49,3611.16,68157.43,0,15686.24,0,0,74503.48,0,0,0,2493.77,2371.68,0,23876.53,29746.37,69.58,2301.05,16864.4,0,0,0,0
2009-04-23 23:00:00,0,1878.48,0,271.3,9531.33,5080.68,5122.51,0,0,1756.23,12051.9,205.14,0,11339.8,1208.62,3459.34,65571.81,0,14840.02,0,0,71562.75,0,0,0,2313.82,2196.51,0,22177.73,27720.38,67.17,2086.68,15709.73,0,0,0,0
2009-04-24 00:00:00,0,1709.29,0,247.18,8776.8,4548.88,4766.82,0,0,1593.98,10916.89,184.38,0,10498.82,1097.07,3308.66,62911.02,0,14150.17,0,0,68755.79,0,0,0,2144.61,2053.27,0,20649.89,25940.69,65.21,1901.73,14624.15,0,0,0,0
2009-04-24 01:00:00,0,1555.34,0,225.04,8253.22,4040.73,4472.19,0,0,1439.93,9825.63,164.75,0,10058.15,993.8,3180.11,60295.03,0,13504.84,0,0,66007.1,0,0,0,2040.6,1927.18,0,19293.2,24398.63,63.05,1748.91,13598.56,0,0,0,0
2009-04-24 02:00:00,0,1422.39,0,208.46,7872.18,3648.7,4234.64,0,0,1320.67,8795.98,147.68,0,10067.3,929.58,3046.96,57781.46,0,13053.17,0,0,64159.46,0,0,0,1984.07,1826.15,0,18467.96,23215.01,61.39,1613.62,12824.11,0,0,0,0
2009-04-24 03:00:00,0,1345.01,0,203.62,7803.67,3562.19,4248.22,0,0,1280.1,8474.67,137.4,0,10201.2,937.76,2951.46,56014.85,0,12934.78,0,0,63776.84,0,0,0,1945.91,1830.02,0,18033.59,22386.93,60.42,1578.37,12362.18,0,0,0,0
2009-04-24 04:00:00,0,1329.86,0,206.67,8097.96,3725.05,4534.19,0,0,1328.43,8757.78,140.75,0,10439.83,984.17,3001.08,56191.94,0,13213.96,0,0,65375.7,0,0,0,1978.86,1868.19,0,18207.79,22063.77,60.13,1632.73,12366.13,0,0,0,0
2009-04-24 05:00:00,0,1366.28,0,212.8,8642.97,3923.24,4837.3,0,0,1378.47,9072.37,145.98,0,10820.92,1037.32,3127.97,57942.57,0,13796.55,0,0,67475.46,0,0,0,2055.0,1913.09,0,18510.92,22332.07,60.04,1685.27,12772.36,0,0,0,0
2009-04-24 06:00:00,0,1415.53,0,222.0,9530.63,4131.68,5193.62,0,0,1435.82,9453.92,152.48,0,12284.17,1093.25,3246.98,59864.57,0,15838.84,0,0,73473.58,0,0,0,2177.11,1984.74,0,18904.6,22841.55,60.65,1746.89,13209.64,0,0,0,0
2009-04-24 07:00:00,0,1553.67,0,259.61,10120.95,4681.31,5462.25,0,0,1640.55,10960.45,167.73,0,12627.99,1214.18,3545.52,64091.91,0,16482.51,0,0,76800.51,0,0,0,2322.25,2077.03,0,20537.02,23775.39,62.03,1902.58,14385.22,0,0,0,0
2009-04-24 08:00:00,0,1675.86,0,279.76,10226.15,5217.58,5596.02,0,0,1841.75,12445.74,189.33,0,12733.09,1265.54,3818.26,67159.95,0,16611.91,0,0,78898.84,0,0,0,2381.44,2192.13,0,21501.67,25575.44,63.94,2112.86,15268.49,0,0,0,0
2009-04-24 09:00:00,0,1715.12,0,300.95,10295.79,5741.43,5813.32,0,0,1961.32,13590.84,206.59,0,12488.9,1331.65,4032.52,70206.06,0,16723.86,0,0,81165.37,0,0,0,2499.93,2315.56,0,22614.29,26993.68,66.09,2273.6,15990.85,0,0,0,0
2009-04-24 10:00:00,0,1774.31,0,320.34,10604.54,6143.78,6069.43,0,0,2065.14,14217.37,217.09,0,12290.88,1445.51,4115.7,73190.86,0,16676.7,0,0,82579.67,0,0,0,2702.58,2481.88,0,23531.49,27920.19,67.54,2489.48,16517.88,0,0,0,0
2009-04-24 11:00:00,0,1803.24,0,345.86,11344.01,6626.55,6570.29,0,0,2141.48,15212.75,230.36,0,12192.44,1563.16,4239.7,75465.83,0,16666.61,0,0,84419.7,0,0,0,2884.81,2691.81,0,24966.54,28928.53,68.52,2655.24,16852.13,0,0,0,0
2009-04-24 12:00:00,0,1896.12,0,365.77,12253.77,6961.17,6999.43,0,0,2237.72,15966.12,247.86,0,12189.06,1659.17,4377.23,77850.58,0,16598.34,0,0,87151.4,0,0,0,3049.8,2851.83,0,26379.79,29874.35,70.47,2776.84,17361.79,0,0,0,0
2009-04-24 13:00:00,0,1975.22,0,380.85,13171.79,7185.68,7366.76,0,0,2310.73,16437.0,262.76,0,12186.49,1735.8,4443.75,79447.33,0,16510.61,0,0,90261.51,0,0,0,3163.46,2956.35,0,27255.1,30732.45,72.89,2885.27,17937.55,0,0,0,0
2009-04-24 14:00:00,0,2020.21,0,393.11,13882.27,7502.41,7725.55,0,0,2391.61,16705.6,276.9,0,12120.92,1795.4,4494.34,80499.79,0,16636.95,0,0,93092.87,0,0,0,3248.99,3018.26,0,28000.79,31338.97,74.69,2995.94,18374.29,0,0,0,0
2009-04-24 15:00:00,0,2024.34,0,402.75,14258.73,7808.23,7981.85,0,0,2461.22,16934.64,294.0,0,12106.56,1814.95,4505.28,80725.42,0,16687.92,0,0,95081.0,0,0,0,3297.15,3057.63,0,28793.81,31536.6,75.79,3101.02,18609.46,0,0,0,0
2009-04-24 16:00:00,0,2047.91,0,406.99,11573.51,8026.4,8070.49,0,0,2481.67,17082.5,312.25,0,12135.53,1808.02,4531.04,79940.7,0,16826.02,0,0,95522.77,0,0,0,3308.66,3087.41,0,29336.69,31380.46,76.37,3164.1,18737.04,0,0,0,0
2009-04-24 17:00:00,0,2052.58,0,401.19,14075.96,8003.57,8068.31,0,0,2470.51,16970.97,311.93,0,12411.21,1796.23,4549.59,78747.5,0,16980.65,0,0,95217.77,0,0,0,3276.85,3051.9,0,29284.21,30732.05,76.47,3126.4,18954.11,0,0,0,0
2009-04-24 18:00:00,0,2025.6,0,390.1,13615.14,7701.41,7879.36,0,0,2429.8,16643.9,289.12,0,12699.22,1737.72,4467.2,77548.95,0,16995.58,0,0,92749.04,0,0,0,3172.2,2964.02,0,28869.6,30090.38,75.61,3043.98,18875.96,0,0,0,0
2009-04-24 19:00:00,0,2215.68,0,374.37,13724.82,7295.86,7859.36,0,0,2405.71,16661.84,289.95,0,13678.12,1736.73,4379.42,74954.82,0,17138.43,0,0,95851.13,0,0,0,3190.86,3042.83,0,28347.25,28746.63,68.86,2921.98,18984.25,0,0,0,0
2009-04-24 20:00:00,0,2070.71,0,353.0,13077.74,6808.73,7231.19,0,0,2206.54,15369.42,264.65,0,12883.07,1589.4,4100.19,73322.81,0,16492.91,0,0,91841.66,0,0,0,2981.33,2872.5,0,26813.37,28625.05,68.63,2663.44,18135.07,0,0,0,0
2009-04-24 21:00:00,0,2023.05,0,336.32,12517.53,6329.39,6714.48,0,0,2030.53,14209.88,244.35,0,12120.21,1473.73,3810.15,71637.06,0,15977.58,0,0,87093.76,0,0,0,2855.89,2726.55,0,26004.17,27724.6,66.11,2440.16,17718.63,0,0,0,0
2009-04-24 22:00:00,0,1983.11,0,307.49,11363.58,5591.2,6244.76,0,0,1868.2,13166.75,223.25,0,11454.74,1363.73,3595.9,69239.87,0,15449.88,0,0,83389.69,0,0,0,2603.63,2521.37,0,24240.54,26925.0,63.77,2261.62,16622.19,0,0,0,0
2009-04-24 23:00:00,0,1808.99,0,275.62,10343.29,5064.3,5820.86,0,0,1726.43,12233.89,199.54,0,10789.58,1272.69,3424.49,66384.89,0,14548.82,0,0,79728.02,0,0,0,2398.75,2345.12,0,22683.0,25695.65,61.43,2125.12,15391.66,0,0,0,0
2009-04-25 00:00:00,0,1665.68,0,254.68,9481.13,4622.46,5412.13,0,0,1604.0,11299.01,179.5,0,10103.07,1163.09,3263.59,63539.35,0,13706.44,0,0,76251.38,0,0,0,2252.18,2217.1,0,21169.27,24556.04,59.24,1975.65,14387.71,0,0,0,0
2009-04-25 01:00:00,0,1522.33,0,244.91,8735.72,4183.73,5004.95,0,0,1481.47,10311.48,161.61,0,9727.35,1044.87,3085.88,60582.29,0,12931.24,0,0,72698.36,0,0,0,2135.78,2098.9,0,20092.7,23461.7,57.63,1830.88,13434.96,0,0,0,0
2009-04-25 02:00:00,0,1416.7,0,233.55,8236.8,3895.96,4667.46,0,0,1375.74,9533.69,147.7,0,9711.32,961.14,2925.62,57777.56,0,12449.14,0,0,70045.61,0,0,0,2062.03,1999.64,0,19319.9,22426.25,56.07,1699.2,12615.34,0,0,0,0
2009-04-25 03:00:00,0,1338.88,0,218.49,7799.69,3664.16,4449.14,0,0,1302.49,9075.98,140.03,0,9722.11,922.56,2813.17,55569.22,0,12108.19,0,0,67604.6,0,0,0,1998.16,1908.82,0,18683.62,21382.82,54.49,1609.22,12029.02,0,0,0,0
2009-04-25 04:00:00,0,1305.22,0,206.81,7658.01,3579.85,4365.48,0,0,1274.68,8864.68,136.39,0,9754.11,928.83,2742.57,54566.89,0,11919.8,0,0,66496.16,0,0,0,1967.54,1914.35,0,18387.08,20665.59,52.94,1572.22,11644.96,0,0,0,0
2009-04-25 05:00:00,0,1294.89,0,200.13,7688.27,3603.85,4392.67,0,0,1286.7,8921.01,138.13,0,9800.27,948.93,2720.16,54057.03,0,11998.11,0,0,66522.0,0,0,0,1949.95,1927.21,0,18212.16,20507.35,52.59,1577.09,11400.43,0,0,0,0
2009-04-25 06:00:00,0,1335.98,0,199.02,7931.75,3721.93,4535.72,0,0,1325.31,9159.62,141.24,0,10105.91,981.66,2761.92,54384.26,0,12854.94,0,0,67868.06,0,0,0,1961.24,1972.68,0,18173.48,20828.98,53.31,1600.21,11674.1,0,0,0,0
2009-04-25 07:00:00,0,1491.42,0,214.4,8481.26,4115.43,4886.79,0,0,1479.89,10303.55,155.08,0,10460.63,1056.46,2912.29,56752.74,0,13470.95,0,0,70185.64,0,0,0,2075.78,2117.92,0,18511.77,21339.56,53.73,1720.85,12398.37,0,0,0,0
2009-04-25 08:00:00,0,1617.83,0,236.0,9097.15,4789.07,5323.44,0,0,1722.09,12173.51,175.6,0,10649.89,1130.11,3092.43,59361.71,0,13769.86,0,0,74865.21,0,0,0,2246.71,2285.5,0,19561.89,22072.07,55.46,1957.81,13306.74,0,0,0,0
2009-04-25 09:00:00,0,1690.9,0,259.58,9492.48,5224.25,5725.92,0,0,1807.88,13195.65,177.61,0,10734.0,1219.1,3251.26,61789.87,0,14078.24,0,0,79621.7,0,0,0,2395.88,2424.34,0,21008.98,23065.23,57.45,2059.71,14120.52,0,0,0,0
2009-04-25 10:00:00,0,1812.79,0,285.44,10122.62,5585.39,6214.64,0,0,1895.1,14135.6,183.2,0,10896.63,1338.94,3383.9,64511.09,0,14415.57,0,0,85077.14,0,0,0,2553.91,2586.42,0,22561.41,24002.59,60.21,2215.62,15030.56,0,0,0,0
2009-04-25 11:00:00,0,1944.26,0,307.0,11000.22,6097.34,6721.11,0,0,1984.57,14942.05,195.36,0,11399.07,1412.71,3531.01,66718.89,0,15100.04,0,0,92698.94,0,0,0,2701.03,2775.99,0,24332.27,24911.71,62.41,2413.53,15646.31,0,0,0,0
2009-04-25 12:00:00,0,2040.73,0,319.76,11717.73,6452.2,7172.93,0,0,2060.29,15611.86,212.26,0,11928.4,1468.45,3723.71,68594.88,0,15774.09,0,0,97826.51,0,0,0,2834.93,2916.27,0,25735.06,25680.24,64.28,2594.3,16424.31,0,0,0,0
2009-04-25 13:00:00,0,2113.79,0,330.22,12278.01,6711.17,7474.0,0,0,2127.55,16100.32,230.1,0,12568.2,1511.92,3894.78,69547.44,0,16521.79,0,0,101333.82,0,0,0,2948.48,3005.87,0,26723.18,26291.92,65.88,2768.64,17241.54,0,0,0,0
2009-04-25 14:00:00,0,2117.08,0,336.51,12750.65,6928.97,7686.06,0,0,2191.79,16515.51,246.77,0,13201.96,1549.68,4036.03,69718.66,0,16891.34,0,0,103888.38,0,0,0,3060.39,3104.08,0,27380.03,26566.63,66.62,2898.08,17594.85,0,0,0,0
2009-04-25 15:00:00,0,2101.33,0,341.32,13017.35,7081.25,7850.08,0,0,2253.3,16824.53,256.29,0,13811.86,1574.84,4099.47,69587.66,0,17600.11,0,0,105576.47,0,0,0,3125.66,3152.71,0,27809.06,26750.44,67.49,2961.74,17894.79,0,0,0,0
2009-04-25 16:00:00,0,2066.97,0,347.48,13288.41,7231.81,7958.66,0,0,2276.32,16905.36,260.12,0,14464.76,1605.8,4149.4,68866.0,0,18825.56,0,0,107052.01,0,0,0,3166.67,3159.64,0,28025.8,26741.54,67.87,2981.51,18134.68,0,0,0,0
2009-04-25 17:00:00,0,2017.63,0,353.5,13011.59,7285.75,7894.76,0,0,2285.48,16666.72,256.83,0,14749.86,1603.4,4175.42,67918.85,0,19251.06,0,0,106628.35,0,0,0,3137.07,3129.6,0,27970.33,26641.92,67.2,2943.63,18409.28,0,0,0,0
2009-04-25 18:00:00,0,2009.19,0,350.33,12634.38,7031.02,7620.41,0,0,2247.86,16305.48,246.48,0,14257.07,1577.33,4123.74,67624.9,0,18690.9,0,0,102207.92,0,0,0,3043.35,3026.96,0,27979.64,26521.35,65.96,2823.01,18089.35,0,0,0,0
2009-04-25 19:00:00,0,2178.32,0,368.6,13805.96,7114.59,8000.22,0,0,2360.32,16716.5,266.52,0,15504.86,1700.69,4459.87,72097.62,0,20406.19,0,0,105395.44,0,0,0,3176.08,3046.34,0,28303.74,27682.71,68.85,2903.61,19347.87,0,0,0,0
2009-04-25 20:00:00,0,2044.54,0,348.3,13136.54,6618.57,7364.48,0,0,2160.35,15415.04,248.15,0,14284.42,1499.97,4188.46,70695.93,0,18911.93,0,0,98336.26,0,0,0,2993.31,2878.35,0,26643.76,27850.6,68.2,2645.72,18545.67,0,0,0,0
2009-04-25 21:00:00,0,2000.55,0,327.42,12599.3,6134.25,6865.02,0,0,1983.03,14236.01,233.22,0,13528.56,1369.03,3875.26,69469.53,0,18087.44,0,0,92207.26,0,0,0,2839.29,2719.97,0,25863.93,27390.5,65.53,2422.54,18098.22,0,0,0,0
2009-04-25 22:00:00,0,2023.96,0,294.78,11516.48,5487.42,6389.09,0,0,1834.79,13207.28,214.78,0,12808.81,1268.31,3628.55,67535.72,0,17324.69,0,0,87339.35,0,0,0,2571.99,2505.8,0,24029.86,27021.04,63.31,2238.53,16899.38,0,0,0,0
2009-04-25 23:00:00,0,1861.46,0,273.3,10598.39,4943.18,5970.79,0,0,1700.63,12305.86,194.21,0,12058.67,1187.01,3410.32,64475.29,0,16446.7,0,0,83272.85,0,0,0,2362.63,2335.52,0,22409.18,25964.98,61.21,2070.77,15609.31,0,0,0,0
2009-04-26 00:00:00,0,1702.94,0,256.59,9670.26,4462.21,5552.74,0,0,1579.68,11437.74,174.73,0,11259.35,1114.49,3186.48,61624.33,0,15515.9,0,0,79132.49,0,0,0,2216.05,2204.15,0,20992.88,24857.21,59.71,1902.0,14359.03,0,0,0,0
2009-04-26 01:00:00,0,1570.29,0,237.04,8862.1,4048.14,5121.14,0,0,1476.36,10583.46,157.93,0,10729.17,1048.99,3002.3,59028.57,0,14590.9,0,0,75252.23,0,0,0,2099.31,2084.8,0,20104.86,23791.23,57.78,1763.54,13431.63,0,0,0,0
2009-04-26 02:00:00,0,1465.24,0,215.09,8294.16,3787.37,4733.87,0,0,1387.93,9871.08,145.95,0,10513.78,1004.55,2864.26,56643.84,0,13613.58,0,0,71999.6,0,0,0,2015.18,1976.21,0,19460.32,22889.14,56.16,1642.89,12643.27,0,0,0,0
2009-04-26 03:00:00,0,1405.71,0,198.93,7842.41,3599.53,4481.09,0,0,1332.48,9463.52,138.61,0,10312.55,967.42,2782.24,54932.33,0,12932.44,0,0,69173.74,0,0,0,1944.66,1884.5,0,18857.4,22182.46,54.81,1571.91,12234.71,0,0,0,0
2009-04-26 04:00:00,0,1389.81,0,192.37,7696.28,3526.05,4386.16,0,0,1293.8,9233.43,134.5,0,10185.01,966.71,2748.56,54289.52,0,12516.08,0,0,67923.67,0,0,0,1918.01,1892.44,0,18518.75,21718.09,53.72,1544.67,11847.73,0,0,0,0
2009-04-26 05:00:00,0,1416.88,0,191.89,7701.22,3591.34,4406.77,0,0,1310.65,9311.1,135.97,0,10122.07,971.11,2746.44,54410.15,0,12369.25,0,0,67465.73,0,0,0,1900.27,1908.33,0,18316.08,21836.03,53.78,1573.24,11574.37,0,0,0,0
2009-04-26 06:00:00,0,1456.26,0,193.93,7891.37,3713.84,4530.47,0,0,1334.91,9516.64,139.62,0,10447.1,991.12,2797.22,55597.18,0,12704.24,0,0,68748.52,0,0,0,1940.17,1953.61,0,18272.21,22031.82,54.46,1618.2,11754.82,0,0,0,0
2009-04-26 07:00:00,0,1540.38,0,210.02,8510.92,4241.69,4892.37,0,0,1530.75,10829.94,152.16,0,11309.43,1072.95,2898.44,57471.96,0,13839.93,0,0,71805.09,0,0,0,2071.33,2128.15,0,18548.4,22382.47,54.82,1773.79,12325.74,0,0,0,0
2009-04-26 08:00:00,0,1671.51,0,231.94,9061.63,4859.37,5276.87,0,0,1722.34,12377.94,172.24,0,12242.06,1196.12,3115.55,59904.11,0,14899.17,0,0,77986.47,0,0,0,2221.07,2250.87,0,19686.65,23077.09,56.07,1968.88,13264.8,0,0,0,0
2009-04-26 09:00:00,0,1787.27,0,251.53,9343.72,5227.92,5563.32,0,0,1814.46,13325.08,175.28,0,12774.78,1245.92,3399.37,61931.33,0,15856.71,0,0,83863.56,0,0,0,2308.35,2374.94,0,20870.16,24084.54,58.77,2090.73,14189.95,0,0,0,0
2009-04-26 10:00:00,0,1896.77,0,270.57,9723.86,5591.51,5975.63,0,0,1891.46,14244.07,179.77,0,13224.93,1324.46,3690.08,63766.11,0,16682.98,0,0,91184.82,0,0,0,2408.87,2536.79,0,21983.86,24917.67,60.95,2278.94,15172.3,0,0,0,0
2009-04-26 11:00:00,0,1976.1,0,287.63,10430.97,6075.72,6466.64,0,0,1968.78,14917.44,193.48,0,13486.58,1372.06,3953.68,65225.73,0,17504.13,0,0,98846.18,0,0,0,2569.44,2744.14,0,23117.24,25707.94,62.34,2492.25,15880.72,0,0,0,0
2009-04-26 12:00:00,0,2077.99,0,301.98,11091.88,6356.19,6859.37,0,0,2026.17,15475.43,209.72,0,13659.02,1419.38,4114.89,67306.34,0,18135.4,0,0,102621.98,0,0,0,2691.38,2884.43,0,24202.59,26635.2,64.18,2667.82,16680.54,0,0,0,0
2009-04-26 13:00:00,0,2127.3,0,315.9,11584.87,6569.81,7141.49,0,0,2064.33,15855.63,225.17,0,13967.79,1459.87,4238.95,68381.11,0,18620.96,0,0,104597.71,0,0,0,2761.79,2923.01,0,24873.18,27207.2,64.67,2836.36,17332.69,0,0,0,0
2009-04-26 14:00:00,0,2146.71,0,326.92,12046.63,6782.95,7359.68,0,0,2096.01,16099.41,235.14,0,14334.37,1491.87,4318.35,69106.26,0,18959.88,0,0,106485.01,0,0,0,2861.69,2933.41,0,25401.97,27469.89,65.69,2954.98,17866.41,0,0,0,0
2009-04-26 15:00:00,0,2170.04,0,338.35,12384.54,6973.51,7587.39,0,0,2151.0,16274.47,238.49,0,14680.55,1520.18,4408.99,69152.51,0,18915.93,0,0,107460.33,0,0,0,2963.05,3001.69,0,25799.3,27753.55,66.86,2998.51,17982.93,0,0,0,0
2009-04-26 16:00:00,0,2202.4,0,350.59,12615.07,7081.01,7709.66,0,0,2188.59,16240.74,236.32,0,14411.46,1539.28,4451.3,68746.5,0,18675.64,0,0,108318.25,0,0,0,3006.35,3027.64,0,25918.27,27823.53,67.64,2971.85,17998.17,0,0,0,0
2009-04-26 17:00:00,0,2162.6,0,356.33,12437.16,7118.24,7647.28,0,0,2215.69,15923.86,235.07,0,13802.92,1546.28,4453.56,68188.54,0,18695.77,0,0,109994.05,0,0,0,2998.77,3010.31,0,25920.3,27758.74,66.74,2940.13,17976.69,0,0,0,0
2009-04-26 18:00:00,0,2085.17,0,352.93,12189.92,6924.21,7493.45,0,0,2187.99,15666.94,233.4,0,13011.15,1524.87,4397.93,68015.45,0,18223.16,0,0,109064.61,0,0,0,2927.53,2934.24,0,25821.08,27513.2,66.23,2830.11,17688.43,0,0,0,0
2009-04-26 19:00:00,0,2298.68,0,392.75,13992.47,7364.2,8130.69,0,0,2388.61,16215.18,275.54,0,14932.05,1736.6,4853.76,76213.39,0,20557.63,0,0,114674.89,0,0,0,3090.99,2935.03,0,27530.46,29410.95,77.49,3076.93,19656.99,0,0,0,0
2009-04-26 20:00:00,0,2245.27,0,369.55,13246.03,6850.78,7442.95,0,0,2220.87,15072.7,258.99,0,13801.46,1585.96,4523.62,74614.6,0,19152.88,0,0,108337.87,0,0,0,2931.92,2763.28,0,26481.67,30267.05,75.78,2793.15,18523.61,0,0,0,0
2009-04-26 21:00:00,0,2198.74,0,340.0,12660.41,6357.55,6813.76,0,0,2059.8,14125.4,243.23,0,12774.19,1471.98,4161.9,73625.44,0,18068.6,0,0,101370.85,0,0,0,2771.68,2624.49,0,25592.1,29946.85,73.67,2516.17,18211.22,0,0,0,0
2009-04-26 22:00:00,0,2125.05,0,307.53,11551.04,5666.19,6307.07,0,0,1899.03,13107.03,214.66,0,11991.71,1354.18,3918.54,71397.53,0,17078.51,0,0,95535.97,0,0,0,2554.3,2423.54,0,23746.59,28852.11,71.4,2289.04,17103.41,0,0,0,0
2009-04-26 23:00:00,0,1952.83,0,280.99,10596.35,5053.88,5834.62,0,0,1752.58,12071.04,192.84,0,11281.27,1246.1,3730.58,68195.37,0,16026.15,0,0,90344.52,0,0,0,2361.85,2240.34,0,22225.51,27004.67,69.14,2082.51,15989.1,0,0,0,0
2009-04-27 00:00:00,0,1808.73,0,255.98,9641.98,4491.34,5358.99,0,0,1608.26,11071.55,173.88,0,10541.61,1134.16,3540.64,65084.99,0,14797.2,0,0,85259.61,0,0,0,2182.2,2093.68,0,20758.52,25417.4,67.25,1901.41,14902.25,0,0,0,0
2009-04-27 01:00:00,0,1657.0,0,228.22,8900.1,3974.38,4914.36,0,0,1467.43,10129.6,156.68,0,10170.75,1042.92,3357.77,62125.56,0,13589.61,0,0,80335.38,0,0,0,2063.07,1962.4,0,19345.65,23944.84,65.31,1731.19,13818.05,0,0,0,0
2009-04-27 02:00:00,0,1520.1,0,205.29,8462.34,3652.53,4602.49,0,0,1356.99,9288.88,142.08,0,10108.7,970.3,3208.85,59409.07,0,13017.28,0,0,76586.39,0,0,0,2006.33,1872.87,0,18310.6,22678.94,64.71,1590.5,12984.82,0,0,0,0
2009-04-27 03:00:00,0,1446.52,0,195.02,8199.09,3550.88,4507.74,0,0,1306.06,8979.86,137.26,0,10239.67,964.0,3091.21,57485.07,0,12768.71,0,0,73644.43,0,0,0,1981.58,1863.27,0,17853.25,22060.69,63.69,1569.71,12529.91,0,0,0,0
2009-04-27 04:00:00,0,1434.35,0,200.16,8236.01,3740.86,4662.47,0,0,1354.95,9270.69,143.38,0,10518.23,1010.08,3049.79,57236.15,0,13047.23,0,0,72931.36,0,0,0,2014.08,1905.12,0,17959.7,21943.07,63.11,1628.16,12487.2,0,0,0,0
2009-04-27 05:00:00,0,1482.92,0,210.21,8668.03,3951.97,4906.79,0,0,1407.51,9639.93,149.3,0,10935.64,1055.73,3145.4,58854.56,0,13745.96,0,0,72834.77,0,0,0,2078.65,1953.79,0,18303.75,22365.22,63.23,1688.71,12878.82,0,0,0,0
2009-04-27 06:00:00,0,1547.28,0,221.28,9484.24,4175.02,5217.79,0,0,1470.59,10103.96,155.57,0,12528.8,1106.05,3258.53,60650.59,0,15790.02,0,0,77934.83,0,0,0,2211.96,2013.82,0,18724.89,22996.2,63.61,1754.22,13325.91,0,0,0,0
2009-04-27 07:00:00,0,1625.54,0,262.58,10100.53,4763.21,5562.35,0,0,1694.51,11563.03,173.09,0,12876.57,1224.16,3623.38,64368.03,0,16522.92,0,0,82731.94,0,0,0,2316.96,2097.03,0,20530.55,23793.38,64.91,1932.46,14528.71,0,0,0,0
2009-04-27 08:00:00,0,1709.12,0,282.95,10555.06,5367.57,5862.16,0,0,1872.58,12965.3,192.81,0,12873.72,1329.01,3902.58,67906.88,0,16816.22,0,0,86813.73,0,0,0,2361.21,2197.86,0,21309.69,25143.6,66.9,2169.91,15213.06,0,0,0,0
2009-04-27 09:00:00,0,1756.57,0,302.03,10570.85,5578.66,5986.26,0,0,1932.88,13762.84,205.72,0,12731.2,1354.8,4066.99,71128.47,0,16934.09,0,0,90095.25,0,0,0,2404.59,2276.77,0,22014.13,25985.16,68.84,2284.62,16055.16,0,0,0,0
2009-04-27 10:00:00,0,1784.16,0,314.25,10878.82,5798.33,6234.7,0,0,2012.52,14312.82,210.2,0,12664.25,1406.36,4133.36,73650.42,0,17200.7,0,0,94021.31,0,0,0,2469.19,2355.97,0,22494.06,26578.23,71.01,2433.12,16666.47,0,0,0,0
2009-04-27 11:00:00,0,1801.21,0,324.24,11209.54,6264.49,6506.6,0,0,2069.76,15013.96,218.42,0,12754.45,1430.38,4269.31,76034.53,0,17797.36,0,0,98693.83,0,0,0,2532.05,2404.34,0,23298.06,27205.93,72.59,2623.61,17276.36,0,0,0,0
2009-04-27 12:00:00,0,1828.65,0,338.19,11657.13,6703.69,6825.15,0,0,2139.09,15669.43,234.74,0,12895.22,1470.13,4429.62,77813.24,0,18593.13,0,0,102468.82,0,0,0,2581.68,2412.5,0,24071.89,27760.52,74.22,2831.09,17763.29,0,0,0,0
2009-04-27 13:00:00,0,1860.33,0,362.06,12005.63,7012.59,7062.22,0,0,2184.84,16086.82,244.45,0,13036.15,1507.63,4530.63,78789.58,0,19124.43,0,0,106682.03,0,0,0,2657.74,2429.02,0,24857.36,28010.01,76.22,3032.84,18281.43,0,0,0,0
2009-04-27 14:00:00,0,1881.27,0,367.75,12265.55,7273.5,7252.98,0,0,2229.15,16396.03,246.57,0,13284.49,1553.54,4583.19,78668.05,0,19424.74,0,0,109340.47,0,0,0,2709.44,2491.3,0,25505.55,28113.02,78.11,3178.18,18719.85,0,0,0,0
2009-04-27 15:00:00,0,1899.1,0,384.09,12487.15,7458.82,7327.55,0,0,2287.57,16711.86,252.38,0,13688.04,1593.68,4611.27,78149.69,0,19453.22,0,0,110486.96,0,0,0,2766.65,2575.84,0,26059.53,28032.92,79.61,3249.52,18838.53,0,0,0,0
2009-04-27 16:00:00,0,1908.83,0,389.73,12557.65,7641.65,7332.63,0,0,2337.84,16977.98,259.97,0,14252.9,1653.45,4627.4,76948.17,0,19206.52,0,0,109773.07,0,0,0,2820.85,2640.56,0,26429.65,27881.53,80.99,3247.81,18720.67,0,0,0,0
2009-04-27 17:00:00,0,1927.77,0,393.21,12382.87,7664.73,7346.42,0,0,2366.64,16955.72,264.22,0,14467.34,1653.66,4626.33,76074.35,0,18686.38,0,0,108556.91,0,0,0,2810.62,2627.78,0,26517.19,27677.04,80.1,3175.95,18857.25,0,0,0,0
2009-04-27 18:00:00,0,1950.04,0,385.88,12039.9,7462.03,7209.35,0,0,2359.76,16704.11,259.0,0,14103.14,1630.76,4519.88,76691.35,0,18276.63,0,0,105991.88,0,0,0,2732.51,2573.2,0,26398.82,27576.83,78.83,3055.92,18716.51,0,0,0,0
2009-04-27 19:00:00,0,2014.18,0,392.94,13054.99,7478.52,7668.34,0,0,2430.45,16733.93,279.82,0,14920.21,1741.72,4647.79,77020.14,0,19366.29,0,0,109345.62,0,0,0,2849.2,2718.63,0,27091.27,26305.09,82.5,3077.8,19360.79,0,0,0,0
2009-04-27 20:00:00,0,1968.31,0,368.3,12367.6,6949.2,6932.15,0,0,2250.07,15350.22,261.13,0,13855.24,1541.27,4335.39,75482.32,0,18297.17,0,0,102327.01,0,0,0,2708.06,2581.89,0,26054.47,27018.07,79.69,2820.83,18482.62,0,0,0,0
2009-04-27 21:00:00,0,1970.57,0,347.95,11827.13,6500.29,6319.72,0,0,2075.72,14279.9,247.33,0,12949.88,1428.59,4071.53,73784.83,0,17566.63,0,0,96328.91,0,0,0,2566.37,2451.23,0,25306.47,27199.99,75.78,2588.57,18256.29,0,0,0,0
2009-04-27 22:00:00,0,1928.13,0,310.4,10789.51,5766.07,5795.22,0,0,1911.88,13278.25,223.11,0,12089.05,1332.11,3859.27,70814.7,0,16500.5,0,0,90953.44,0,0,0,2381.59,2267.58,0,23716.23,26919.83,69.93,2322.67,17120.62,0,0,0,0
2009-04-27 23:00:00,0,1821.55,0,282.49,9803.88,5107.69,5313.23,0,0,1754.21,12251.76,197.51,0,11264.86,1244.81,3660.21,67426.93,0,15559.87,0,0,86123.94,0,0,0,2209.55,2123.35,0,22070.96,25750.24,67.54,2096.81,16006.19,0,0,0,0
2009-04-28 00:00:00,0,1705.26,0,256.05,8945.3,4515.52,4899.82,0,0,1601.48,11237.32,176.63,0,10503.85,1156.53,3497.64,64210.32,0,14672.36,0,0,80665.81,0,0,0,2065.32,1995.58,0,20581.49,24574.72,64.58,1896.88,14975.84,0,0,0,0
2009-04-28 01:00:00,0,1582.39,0,229.99,8319.95,3988.67,4559.72,0,0,1464.28,10303.02,158.97,0,10089.25,1065.12,3348.02,61093.95,0,13979.37,0,0,75800.91,0,0,0,1972.06,1879.47,0,19159.54,23423.53,62.16,1734.6,14084.11,0,0,0,0
2009-04-28 02:00:00,0,1476.75,0,209.29,7909.74,3603.42,4327.64,0,0,1348.65,9445.05,144.94,0,9988.34,985.31,3212.4,58107.07,0,13531.7,0,0,72096.21,0,0,0,1925.24,1795.17,0,18141.05,22281.23,60.72,1593.46,13338.4,0,0,0,0
2009-04-28 03:00:00,0,1444.57,0,201.55,7748.41,3518.52,4284.77,0,0,1301.24,9140.46,140.07,0,10040.92,974.07,3112.69,56466.29,0,13255.93,0,0,69669.56,0,0,0,1906.9,1824.26,0,17703.93,21799.48,58.77,1559.98,12812.77,0,0,0,0
2009-04-28 04:00:00,0,1498.95,0,205.79,8005.07,3726.52,4530.18,0,0,1354.17,9431.58,145.33,0,10216.81,1016.0,3135.99,57129.47,0,13363.68,0,0,68949.67,0,0,0,1954.16,1886.42,0,17896.97,21970.68,58.23,1616.03,12757.43,0,0,0,0
2009-04-28 05:00:00,0,1567.05,0,215.1,8592.24,3936.96,4832.04,0,0,1407.77,9767.9,150.77,0,10557.13,1050.86,3258.08,58748.48,0,13694.0,0,0,69437.25,0,0,0,2051.86,1955.9,0,18257.22,22577.34,58.83,1672.96,13082.07,0,0,0,0
2009-04-28 06:00:00,0,1638.21,0,225.12,9637.81,4189.69,5220.45,0,0,1485.42,10307.91,157.11,0,11933.48,1109.45,3387.47,60565.44,0,15750.68,0,0,75645.67,0,0,0,2221.36,2047.55,0,18761.32,23349.81,60.28,1743.47,13553.4,0,0,0,0
2009-04-28 07:00:00,0,1737.24,0,265.01,10075.44,4763.31,5509.61,0,0,1699.25,11630.91,173.61,0,12891.47,1219.17,3684.11,64127.22,0,16621.2,0,0,79688.11,0,0,0,2357.78,2151.96,0,20621.62,24564.12,61.43,1926.62,14592.67,0,0,0,0
2009-04-28 08:00:00,0,1865.51,0,285.13,10139.86,5327.97,5696.96,0,0,1870.29,13038.66,191.54,0,13606.9,1308.09,3874.13,67408.35,0,17598.94,0,0,83163.88,0,0,0,2362.1,2172.07,0,21334.28,25970.66,63.9,2130.16,15147.15,0,0,0,0
2009-04-28 09:00:00,0,1915.26,0,302.23,10378.17,5685.78,5795.47,0,0,1978.71,14032.24,200.02,0,14363.2,1348.28,4024.87,69729.15,0,18473.21,0,0,85508.9,0,0,0,2390.8,2231.56,0,22036.09,26706.9,66.49,2273.73,15868.32,0,0,0,0
2009-04-28 10:00:00,0,1917.38,0,313.74,10598.4,5927.18,5856.03,0,0,2098.62,14720.65,204.55,0,14987.86,1405.92,4134.62,71371.32,0,19223.15,0,0,87131.05,0,0,0,2435.5,2287.02,0,22541.05,27241.19,68.57,2447.91,16262.0,0,0,0,0
2009-04-28 11:00:00,0,1900.64,0,327.45,10548.86,6421.14,5901.32,0,0,2180.49,15512.28,215.6,0,15453.24,1451.87,4166.94,72620.51,0,19750.22,0,0,87970.69,0,0,0,2512.18,2364.66,0,23352.62,27630.41,70.15,2640.74,16601.92,0,0,0,0
2009-04-28 12:00:00,0,1876.13,0,339.88,10629.41,6879.32,6110.81,0,0,2298.95,16199.18,229.42,0,15796.71,1499.66,4162.13,73437.04,0,20119.68,0,0,89039.95,0,0,0,2607.06,2451.93,0,24216.05,27735.19,71.4,2853.83,16943.24,0,0,0,0
2009-04-28 13:00:00,0,1818.12,0,352.7,10806.71,7245.47,6336.34,0,0,2359.09,16693.93,253.48,0,16028.81,1552.27,4115.78,73677.2,0,20308.37,0,0,90985.73,0,0,0,2708.58,2507.17,0,25059.91,27644.65,73.61,3035.38,17473.62,0,0,0,0
2009-04-28 14:00:00,0,1774.38,0,364.71,11045.61,7496.64,6601.12,0,0,2393.1,17081.3,272.28,0,16151.44,1605.44,4130.65,73842.15,0,20291.81,0,0,92291.02,0,0,0,2772.13,2564.14,0,25724.91,27596.24,76.63,3166.35,18099.13,0,0,0,0
2009-04-28 15:00:00,0,1760.77,0,377.4,11282.25,7755.03,6809.33,0,0,2456.49,17426.54,277.98,0,16296.04,1648.49,4219.5,73943.66,0,20056.28,0,0,92611.52,0,0,0,2868.54,2662.53,0,26382.33,27420.06,78.41,3261.94,18694.48,0,0,0,0
2009-04-28 16:00:00,0,1776.5,0,390.58,11777.71,7944.45,6969.28,0,0,2495.73,17551.83,282.03,0,16341.83,1696.13,4260.06,73802.43,0,19577.16,0,0,92187.85,0,0,0,2960.08,2736.25,0,26963.37,27281.1,79.51,3277.51,19059.8,0,0,0,0
2009-04-28 17:00:00,0,1817.3,0,397.24,11905.47,7927.17,7089.45,0,0,2481.34,17353.02,280.1,0,16106.69,1704.71,4225.96,73494.07,0,19165.81,0,0,91264.06,0,0,0,2995.18,2764.09,0,27090.6,27363.99,80.88,3235.95,19137.07,0,0,0,0
2009-04-28 18:00:00,0,1841.27,0,394.74,11758.57,7700.1,7059.14,0,0,2439.25,16960.2,270.34,0,15302.26,1681.25,4148.77,73041.94,0,18800.55,0,0,89979.94,0,0,0,2977.13,2751.82,0,26947.63,27433.04,78.68,3143.82,19160.58,0,0,0,0
2009-04-28 19:00:00,0,1873.34,0,398.55,12730.64,7574.82,7513.01,0,0,2467.89,16788.95,286.02,0,15518.07,1777.36,4357.67,72637.51,0,20014.91,0,0,95669.71,0,0,0,2987.64,2838.3,0,27425.7,26845.54,78.17,3118.27,19422.94,0,0,0,0
2009-04-28 20:00:00,0,1890.06,0,375.16,12024.16,6984.18,6823.93,0,0,2263.7,15402.56,265.72,0,14246.21,1581.67,4159.95,71656.46,0,18703.98,0,0,89596.18,0,0,0,2832.35,2682.16,0,26227.6,27351.81,75.77,2821.77,18743.76,0,0,0,0
2009-04-28 21:00:00,0,1895.72,0,351.06,11533.71,6519.6,6266.51,0,0,2062.13,14234.69,250.36,0,13160.67,1435.19,3954.28,70764.44,0,17515.21,0,0,84790.8,0,0,0,2685.57,2551.32,0,25323.7,27229.25,70.97,2614.32,18471.53,0,0,0,0
2009-04-28 22:00:00,0,1843.78,0,313.39,10601.44,5800.19,5780.84,0,0,1895.75,13150.9,225.07,0,12307.75,1313.46,3748.8,68380.66,0,16299.38,0,0,80656.27,0,0,0,2482.75,2347.11,0,23437.26,26611.83,67.87,2380.2,17227.22,0,0,0,0
2009-04-28 23:00:00,0,1713.1,0,284.83,9786.05,5128.24,5340.47,0,0,1741.32,12075.11,200.4,0,11637.66,1203.94,3552.7,65543.93,0,15346.67,0,0,76741.4,0,0,0,2293.59,2173.59,0,21746.55,25198.28,65.95,2138.62,15979.24,0,0,0,0
2009-04-29 00:00:00,0,1585.0,0,258.81,9021.55,4525.74,4933.35,0,0,1584.6,11028.46,180.22,0,10974.33,1104.96,3355.77,62767.11,0,14436.55,0,0,73042.73,0,0,0,2122.31,2027.49,0,20149.1,23965.72,63.69,1920.07,14801.42,0,0,0,0
2009-04-29 01:00:00,0,1471.59,0,234.52,8454.47,3980.45,4574.1,0,0,1438.42,9980.74,161.78,0,10521.97,1009.76,3196.97,60043.57,0,13554.13,0,0,69575.71,0,0,0,2018.54,1905.9,0,18908.58,22904.64,61.73,1732.82,13689.02,0,0,0,0
2009-04-29 02:00:00,0,1395.42,0,212.8,8068.06,3576.9,4340.94,0,0,1318.88,9023.84,146.18,0,10370.21,952.07,3044.84,57577.99,0,13020.29,0,0,66495.74,0,0,0,1963.7,1814.77,0,18103.25,21967.96,60.08,1581.01,12888.77,0,0,0,0
2009-04-29 03:00:00,0,1380.1,0,204.28,7933.02,3518.62,4302.63,0,0,1280.37,8719.15,138.99,0,10479.51,963.74,2953.92,56514.67,0,12998.71,0,0,65605.04,0,0,0,1935.54,1829.57,0,17755.84,21613.58,58.62,1552.96,12657.64,0,0,0,0
2009-04-29 04:00:00,0,1426.21,0,208.89,8127.19,3719.08,4550.09,0,0,1332.13,9028.58,143.66,0,10716.61,1012.9,3020.23,57702.57,0,13554.12,0,0,66435.32,0,0,0,1982.37,1875.88,0,18045.96,21920.91,58.37,1606.58,12829.69,0,0,0,0
2009-04-29 05:00:00,0,1475.36,0,218.23,8626.77,3921.83,4848.98,0,0,1383.97,9355.77,149.06,0,11032.48,1060.37,3118.16,59621.56,0,14131.17,0,0,68721.31,0,0,0,2077.1,1930.14,0,18436.66,22569.76,59.26,1663.24,13240.34,0,0,0,0
2009-04-29 06:00:00,0,1530.25,0,227.8,9460.72,4148.99,5161.49,0,0,1451.42,9789.78,154.86,0,12607.11,1104.28,3234.36,61648.19,0,16142.55,0,0,73821.97,0,0,0,2208.2,2002.15,0,18907.34,23190.91,60.49,1722.69,13766.57,0,0,0,0
2009-04-29 07:00:00,0,1584.74,0,267.08,10040.04,4732.68,5432.21,0,0,1671.53,11244.44,172.47,0,13011.02,1217.08,3479.34,65539.82,0,17144.83,0,0,79240.44,0,0,0,2322.54,2083.81,0,20422.21,23949.8,62.17,1926.5,14343.13,0,0,0,0
2009-04-29 08:00:00,0,1675.6,0,287.36,10449.14,5309.21,5677.28,0,0,1860.97,12909.7,191.98,0,13172.75,1315.86,3641.15,68674.66,0,17515.57,0,0,81178.7,0,0,0,2346.61,2183.68,0,21361.79,25181.74,65.41,2131.47,15119.32,0,0,0,0
2009-04-29 09:00:00,0,1748.85,0,305.72,10609.49,5599.79,5876.04,0,0,1965.39,13874.62,200.9,0,12889.72,1339.53,3788.97,70566.38,0,17746.26,0,0,82742.82,0,0,0,2398.93,2271.97,0,22197.44,26132.66,68.31,2237.13,15988.03,0,0,0,0
2009-04-29 10:00:00,0,1765.33,0,314.84,10829.52,5859.12,6041.37,0,0,2065.09,14445.99,204.32,0,12697.37,1401.74,3894.19,72047.43,0,17613.74,0,0,83713.94,0,0,0,2484.73,2366.64,0,22954.38,26937.12,70.19,2399.23,16636.07,0,0,0,0
2009-04-29 11:00:00,0,1784.06,0,331.11,11250.51,6346.39,6405.0,0,0,2128.23,15263.14,215.7,0,12661.48,1466.35,4070.48,73413.01,0,17373.67,0,0,83700.13,0,0,0,2615.55,2531.53,0,24038.62,27498.72,73.21,2577.16,17274.78,0,0,0,0
2009-04-29 12:00:00,0,1822.07,0,342.94,11846.08,6777.62,6801.79,0,0,2235.37,15913.94,230.58,0,12555.03,1531.36,4258.98,74122.71,0,17229.08,0,0,83431.71,0,0,0,2759.13,2654.05,0,25316.8,28075.09,75.13,2792.61,17923.12,0,0,0,0
2009-04-29 13:00:00,0,1885.9,0,354.53,12299.99,7099.43,7111.86,0,0,2289.01,16362.01,262.69,0,12421.29,1573.13,4381.18,74875.91,0,16952.44,0,0,83208.44,0,0,0,2850.06,2704.22,0,26168.12,28711.81,77.73,2966.56,18711.84,0,0,0,0
2009-04-29 14:00:00,0,1911.29,0,367.02,12658.6,7348.39,7294.8,0,0,2336.49,16750.55,264.48,0,12439.07,1615.08,4478.23,75452.88,0,16924.3,0,0,82785.3,0,0,0,2925.72,2745.95,0,26898.41,29080.2,79.29,3094.01,19225.34,0,0,0,0
2009-04-29 15:00:00,0,1941.63,0,380.51,12885.09,7658.1,7437.53,0,0,2419.53,17157.04,275.25,0,12472.35,1664.96,4539.62,75430.37,0,16846.6,0,0,82461.14,0,0,0,2999.92,2807.24,0,27432.56,29230.34,81.58,3193.84,19605.89,0,0,0,0
2009-04-29 16:00:00,0,1938.27,0,390.43,13023.67,7861.01,7480.03,0,0,2475.43,17362.77,284.42,0,12421.34,1711.21,4565.98,74874.16,0,16817.11,0,0,82423.12,0,0,0,3046.61,2838.06,0,27857.75,29319.76,83.29,3227.53,19869.83,0,0,0,0
2009-04-29 17:00:00,0,1954.46,0,390.37,12869.94,7912.71,7432.3,0,0,2483.28,17269.94,285.66,0,12405.72,1721.51,4554.26,74717.69,0,16985.94,0,0,82104.35,0,0,0,3036.94,2837.66,0,27828.65,29328.5,82.89,3186.81,19798.49,0,0,0,0
2009-04-29 18:00:00,0,1949.62,0,379.86,12540.41,7697.47,7237.89,0,0,2444.5,16936.71,276.76,0,12649.91,1682.9,4461.74,74711.95,0,17130.91,0,0,82529.95,0,0,0,2993.47,2801.16,0,27348.37,29193.0,81.16,3102.51,19555.2,0,0,0,0
2009-04-29 19:00:00,0,2036.06,0,381.58,13153.41,7576.62,7512.11,0,0,2484.26,16821.71,291.91,0,14141.22,1774.86,4535.61,74353.52,0,17798.13,0,0,86266.13,0,0,0,3030.81,2897.89,0,27718.71,28171.17,82.35,3079.67,19729.9,0,0,0,0
2009-04-29 20:00:00,0,2006.63,0,358.03,12303.17,6962.93,6691.97,0,0,2267.63,15350.14,269.65,0,13303.79,1584.2,4301.53,73081.36,0,17145.78,0,0,82420.98,0,0,0,2883.06,2728.3,0,26750.0,28700.98,78.18,2805.82,19090.28,0,0,0,0
2009-04-29 21:00:00,0,2011.28,0,334.8,11645.7,6388.53,6101.14,0,0,2075.1,14220.0,254.59,0,12508.92,1434.11,4034.68,71953.89,0,16355.66,0,0,78661.15,0,0,0,2719.45,2590.27,0,25801.02,28754.34,75.17,2542.9,18683.03,0,0,0,0
2009-04-29 22:00:00,0,1964.26,0,303.59,10641.95,5662.73,5609.13,0,0,1904.7,13147.39,229.75,0,11734.52,1321.36,3812.48,69609.47,0,15468.3,0,0,75717.58,0,0,0,2518.92,2380.91,0,23744.27,28213.07,72.06,2306.8,17330.86,0,0,0,0
2009-04-29 23:00:00,0,1821.53,0,275.73,9743.34,5064.03,5165.29,0,0,1740.04,12075.85,204.1,0,10997.22,1217.35,3609.34,66705.74,0,14621.96,0,0,73110.46,0,0,0,2337.69,2203.11,0,22091.31,26745.58,69.13,2097.9,16031.74,0,0,0,0
2009-04-30 00:00:00,0,1681.16,0,253.52,8960.58,4487.22,4792.96,0,0,1584.48,11114.64,181.89,0,10310.64,1124.74,3433.51,64005.61,0,13868.0,0,0,70424.8,0,0,0,2160.73,2049.95,0,20468.86,25199.46,66.32,1894.79,14830.2,0,0,0,0
2009-04-30 01:00:00,0,1523.06,0,235.08,8338.22,3976.54,4463.49,0,0,1441.37,10148.31,161.5,0,10023.7,1022.62,3286.22,61310.62,0,13238.99,0,0,67732.33,0,0,0,2038.67,1915.85,0,19183.38,23738.12,64.44,1714.83,13824.5,0,0,0,0
2009-04-30 02:00:00,0,1394.41,0,214.0,8051.66,3627.4,4238.99,0,0,1330.61,9265.29,144.89,0,9985.61,947.59,3144.29,58599.38,0,12746.61,0,0,65409.97,0,0,0,1977.48,1821.04,0,18398.72,22535.35,62.56,1577.76,13025.3,0,0,0,0
2009-04-30 03:00:00,0,1344.99,0,204.58,8021.7,3574.11,4295.15,0,0,1295.91,8984.1,138.37,0,10080.65,953.39,3043.97,57114.23,0,12570.88,0,0,64945.43,0,0,0,1945.66,1830.57,0,18050.23,22005.96,60.19,1561.13,12635.41,0,0,0,0
2009-04-30 04:00:00,0,1370.27,0,209.09,8399.59,3776.25,4589.64,0,0,1348.71,9306.81,143.91,0,10320.57,997.03,3112.52,57869.33,0,12819.15,0,0,66855.9,0,0,0,1997.18,1875.32,0,18257.84,22121.75,59.08,1624.6,12674.65,0,0,0,0
2009-04-30 05:00:00,0,1416.37,0,218.02,8986.74,3963.26,4896.82,0,0,1402.1,9682.21,149.48,0,10811.98,1046.91,3205.33,59746.29,0,13510.3,0,0,69219.15,0,0,0,2072.72,1925.6,0,18570.2,22582.71,59.46,1684.06,13084.48,0,0,0,0
2009-04-30 06:00:00,0,1455.61,0,227.55,9770.49,4206.19,5258.28,0,0,1481.14,10243.39,156.16,0,12003.83,1101.92,3333.76,61616.1,0,15653.98,0,0,74085.5,0,0,0,2217.91,2008.16,0,19036.4,23054.23,60.81,1755.86,13545.11,0,0,0,0
2009-04-30 07:00:00,0,1532.24,0,269.04,10528.93,4755.21,5561.65,0,0,1685.91,11539.11,173.73,0,12333.24,1207.38,3673.63,64534.09,0,16466.45,0,0,78505.9,0,0,0,2306.32,2088.94,0,20771.78,23894.17,63.13,1933.13,14579.8,0,0,0,0
2009-04-30 08:00:00,0,1645.15,0,287.51,10685.87,5287.6,5683.0,0,0,1862.01,13002.3,191.18,0,12591.76,1295.34,3927.41,67773.28,0,17106.71,0,0,80634.13,0,0,0,2373.94,2190.35,0,21724.16,25259.77,65.29,2148.13,15264.79,0,0,0,0
2009-04-30 09:00:00,0,1712.48,0,305.66,10573.62,5660.62,5695.42,0,0,1974.15,14024.77,201.66,0,12461.11,1338.6,4057.06,70031.6,0,17668.15,0,0,82486.25,0,0,0,2464.2,2286.83,0,22493.39,26029.7,67.62,2278.34,16093.08,0,0,0,0
2009-04-30 10:00:00,0,1754.94,0,319.36,10373.47,5961.56,5661.95,0,0,2088.34,14786.21,206.14,0,12381.32,1412.8,4109.43,71982.96,0,18003.43,0,0,83761.37,0,0,0,2540.66,2374.6,0,23183.58,26904.18,70.26,2457.18,16611.14,0,0,0,0
2009-04-30 11:00:00,0,1816.15,0,334.51,10479.48,6499.51,5845.55,0,0,2168.57,15674.25,217.79,0,12370.32,1496.64,4172.98,73751.69,0,17636.22,0,0,84698.1,0,0,0,2677.02,2507.38,0,24040.73,27614.59,72.32,2654.93,16894.67,0,0,0,0
2009-04-30 12:00:00,0,1870.55,0,346.72,10834.22,6942.85,6192.9,0,0,2276.91,16402.69,232.72,0,12446.48,1556.03,4150.5,75115.15,0,17978.33,0,0,85358.1,0,0,0,2803.5,2633.6,0,24776.48,28249.78,74.5,2846.72,16953.09,0,0,0,0
2009-04-30 13:00:00,0,1931.72,0,355.17,11239.22,7283.8,6486.05,0,0,2335.09,16833.72,250.83,0,12450.31,1610.35,4095.96,76372.66,0,18184.11,0,0,85869.28,0,0,0,2895.94,2729.1,0,25677.05,29011.82,75.96,3005.29,17016.32,0,0,0,0
2009-04-30 14:00:00,0,2025.62,0,362.86,11680.84,7613.02,6775.81,0,0,2428.2,17304.26,272.23,0,12405.22,1665.94,4088.85,77298.74,0,18178.32,0,0,86361.82,0,0,0,3009.1,2794.63,0,26335.77,29655.17,77.86,3145.32,17156.37,0,0,0,0
2009-04-30 15:00:00,0,2073.96,0,369.52,12049.69,7862.03,7031.93,0,0,2515.76,17695.57,295.69,0,12552.27,1709.12,4104.66,78015.08,0,18089.81,0,0,86882.35,0,0,0,3089.12,2855.9,0,27079.15,29963.05,79.63,3215.14,17389.64,0,0,0,0
2009-04-30 16:00:00,0,2061.16,0,371.91,12354.96,8000.92,7175.1,0,0,2572.04,17850.9,307.38,0,12900.8,1745.21,4092.77,77889.41,0,18135.4,0,0,87340.31,0,0,0,3106.02,2896.41,0,27250.95,29819.62,81.43,3227.35,17645.86,0,0,0,0
2009-04-30 17:00:00,0,2077.77,0,367.55,12367.08,7953.75,7271.66,0,0,2563.07,17697.99,306.4,0,13187.64,1760.42,4119.35,77917.34,0,18128.64,0,0,87167.02,0,0,0,3083.68,2884.84,0,27169.22,29462.42,81.33,3174.38,17882.54,0,0,0,0
2009-04-30 18:00:00,0,2095.92,0,361.18,12298.85,7625.76,7198.61,0,0,2489.62,17179.75,289.76,0,13538.41,1715.15,4003.85,77888.57,0,18138.98,0,0,86693.79,0,0,0,3019.94,2825.11,0,26664.92,29426.95,80.98,3047.81,17875.58,0,0,0,0
2009-04-30 19:00:00,0,2280.01,0,372.68,13707.19,7515.42,7851.49,0,0,2518.75,16941.07,299.58,0,14158.39,1830.61,4245.85,77711.18,0,17555.34,0,0,92372.11,0,0,0,3184.35,3013.02,0,28471.98,29119.37,85.23,2997.44,18783.35,0,0,0,0
2009-04-30 20:00:00,0,2246.82,0,348.31,13107.56,6990.58,7256.14,0,0,2306.9,15619.25,278.96,0,13340.64,1672.44,4075.76,76342.86,0,16847.11,0,0,88740.47,0,0,0,3039.68,2854.49,0,27760.87,29470.61,82.24,2746.33,18526.87,0,0,0,0
2009-04-30 21:00:00,0,2168.39,0,326.26,12556.12,6421.76,6739.1,0,0,2124.9,14478.48,260.16,0,12533.29,1529.79,3885.28,75008.86,0,16190.33,0,0,84941.31,0,0,0,2880.48,2706.38,0,27068.57,29052.14,78.97,2518.2,18265.06,0,0,0,0
2009-04-30 22:00:00,0,2068.15,0,298.65,11644.45,5694.77,6295.17,0,0,1934.0,13369.5,233.18,0,11724.34,1391.56,3729.12,72107.71,0,15283.93,0,0,81661.94,0,0,0,2673.41,2509.27,0,25268.83,28149.52,74.94,2301.68,17139.24,0,0,0,0
2009-04-30 23:00:00,0,1875.45,0,271.48,10760.21,5072.42,5846.34,0,0,1764.79,12274.48,208.72,0,10927.93,1274.18,3572.49,68785.46,0,14403.19,0,0,78547.18,0,0,0,2486.33,2336.11,0,23605.53,26239.81,70.48,2086.15,16011.04,0,0,0,0
2009-05-01 00:00:00,0,1728.31,0,245.09,9916.51,4515.92,5395.06,0,0,1609.23,11221.24,186.86,0,10167.76,1163.64,3416.93,65557.39,0,13606.02,0,0,75520.7,0,0,0,2314.94,2172.9,0,22055.41,24876.69,66.89,1912.74,14982.43,0,0,0,0
2009-05-01 01:00:00,0,1579.6,0,224.49,9155.44,4032.82,4965.62,0,0,1462.57,10238.55,167.4,0,9745.73,1059.7,3274.69,62543.46,0,12941.87,0,0,72606.91,0,0,0,2189.53,2031.68,0,20893.52,23445.23,63.96,1748.86,14041.53,0,0,0,0
2009-05-01 02:00:00,0,1447.04,0,206.93,8703.44,3690.24,4657.77,0,0,1359.5,9379.83,151.55,0,9638.88,992.65,3136.19,59682.96,0,12487.59,0,0,69691.52,0,0,0,2129.36,1928.0,0,20211.71,22220.61,61.93,1611.02,13387.67,0,0,0,0
2009-05-01 03:00:00,0,1387.64,0,202.88,8559.07,3656.73,4588.17,0,0,1326.71,9109.16,142.91,0,9803.14,996.9,3030.65,57595.45,0,12589.32,0,0,68573.25,0,0,0,2108.35,1899.6,0,19766.16,21781.46,60.53,1590.09,13088.79,0,0,0,0
2009-05-01 04:00:00,0,1406.03,0,208.47,8691.14,3844.83,4813.09,0,0,1379.44,9442.53,148.16,0,10184.07,1036.51,3100.33,57840.01,0,13179.82,0,0,69080.18,0,0,0,2148.16,1940.68,0,19910.84,21787.55,59.95,1647.01,13174.59,0,0,0,0
2009-05-01 05:00:00,0,1453.88,0,217.0,9144.71,4036.59,5049.39,0,0,1430.33,9774.98,153.38,0,10625.97,1078.32,3214.84,59186.0,0,13780.11,0,0,70991.12,0,0,0,2222.4,1994.32,0,20244.13,22368.16,61.08,1705.91,13626.08,0,0,0,0
2009-05-01 06:00:00,0,1495.28,0,227.72,9828.12,4254.42,5345.33,0,0,1502.14,10247.95,159.34,0,11559.29,1127.99,3339.7,60568.15,0,14905.37,0,0,74648.11,0,0,0,2322.67,2074.31,0,20540.82,22942.47,62.1,1774.57,14064.96,0,0,0,0
2009-05-01 07:00:00,0,1558.63,0,267.7,10493.59,4833.14,5698.95,0,0,1734.26,11635.53,179.43,0,12726.89,1243.31,3604.94,63949.55,0,16210.84,0,0,80873.08,0,0,0,2448.97,2207.45,0,21750.65,23882.71,63.33,1974.24,14854.71,0,0,0,0
2009-05-01 08:00:00,0,1662.42,0,293.36,10850.56,5449.38,6012.64,0,0,1955.17,13218.52,200.22,0,13169.6,1348.64,3783.2,67480.43,0,17071.22,0,0,83513.77,0,0,0,2566.8,2338.41,0,22788.2,25306.05,65.75,2203.38,15353.95,0,0,0,0
2009-05-01 09:00:00,0,1728.88,0,318.35,11184.63,5807.66,6233.08,0,0,2059.05,14249.41,213.15,0,13424.04,1417.79,3958.62,70299.63,0,17869.51,0,0,85711.29,0,0,0,2672.14,2434.86,0,23682.16,26069.28,68.71,2359.49,15955.21,0,0,0,0
2009-05-01 10:00:00,0,1778.96,0,336.61,11423.32,6405.75,6423.34,0,0,2211.68,15313.12,225.11,0,13646.37,1519.67,4077.49,72267.34,0,18115.1,0,0,87178.37,0,0,0,2771.98,2515.17,0,24562.82,26711.5,72.44,2587.66,16611.88,0,0,0,0
2009-05-01 11:00:00,0,1824.23,0,357.76,11659.11,7007.55,6562.9,0,0,2354.41,16327.79,239.65,0,13890.06,1658.17,4208.59,74021.91,0,18650.94,0,0,88936.01,0,0,0,2872.96,2632.07,0,25728.29,27436.92,74.53,2817.4,17013.02,0,0,0,0
2009-05-01 12:00:00,0,1864.98,0,371.74,12012.65,7412.68,6752.1,0,0,2459.01,17090.52,260.78,0,14103.48,1736.12,4272.64,74979.05,0,18899.4,0,0,91324.73,0,0,0,2975.63,2770.65,0,26665.7,27987.01,76.29,2988.23,17482.59,0,0,0,0
2009-05-01 13:00:00,0,1886.92,0,383.29,12468.62,7713.29,6922.78,0,0,2557.46,17626.8,281.99,0,14262.99,1792.23,4410.83,75562.76,0,18987.06,0,0,93407.67,0,0,0,3096.21,2906.59,0,27299.29,28504.39,77.67,3102.04,17968.77,0,0,0,0
2009-05-01 14:00:00,0,1953.17,0,392.24,12849.83,8064.54,7022.43,0,0,2667.96,18117.42,302.04,0,14461.12,1856.69,4552.67,75464.14,0,18927.14,0,0,94675.04,0,0,0,3179.4,3008.47,0,27538.09,28679.34,79.51,3238.77,18561.63,0,0,0,0
2009-05-01 15:00:00,0,1987.34,0,391.18,13149.72,8289.55,7258.26,0,0,2758.3,18442.97,320.36,0,14583.03,1909.51,4558.03,74999.74,0,18925.6,0,0,95515.36,0,0,0,3266.72,3102.61,0,27841.61,28545.55,81.35,3313.29,19195.03,0,0,0,0
2009-05-01 16:00:00,0,2018.72,0,392.75,13160.04,8411.06,7432.78,0,0,2792.64,18371.95,329.5,0,14633.83,1905.87,4488.24,74364.25,0,18629.65,0,0,96274.38,0,0,0,3311.7,3137.04,0,28127.17,28311.85,82.33,3269.19,19523.57,0,0,0,0
2009-05-01 17:00:00,0,2045.26,0,386.06,12999.91,8191.73,7492.87,0,0,2724.91,18042.24,319.86,0,14515.69,1872.86,4394.54,73793.98,0,18517.14,0,0,96670.23,0,0,0,3265.24,3099.87,0,28028.77,28217.29,80.09,3182.89,19510.42,0,0,0,0
2009-05-01 18:00:00,0,2080.48,0,377.86,12655.01,7759.19,7485.35,0,0,2601.17,17461.86,298.44,0,14332.92,1795.12,4238.67,73198.91,0,18424.95,0,0,96002.53,0,0,0,3169.19,3027.15,0,27851.95,28122.71,77.04,3051.16,19370.51,0,0,0,0
2009-05-01 19:00:00,0,1905.69,0,364.18,12769.21,7285.98,7528.99,0,0,2458.21,16953.37,290.37,0,14423.85,1763.34,4200.11,69294.71,0,18548.09,0,0,97356.6,0,0,0,3094.89,3029.01,0,27699.52,26230.98,68.57,2858.96,18477.16,0,0,0,0
2009-05-01 20:00:00,0,1933.63,0,339.31,12316.55,6760.22,7005.5,0,0,2214.57,15432.54,267.77,0,13639.38,1625.99,3985.66,69157.21,0,17505.16,0,0,92942.76,0,0,0,2948.73,2884.29,0,26917.73,26784.29,65.47,2656.81,18030.45,0,0,0,0
2009-05-01 21:00:00,0,1975.14,0,315.96,11818.14,6186.86,6587.71,0,0,2032.02,14089.13,250.28,0,12897.7,1495.62,3736.69,67951.99,0,16616.49,0,0,88054.1,0,0,0,2838.59,2747.21,0,26067.09,26348.4,62.67,2463.59,17853.5,0,0,0,0
2009-05-01 22:00:00,0,1967.83,0,290.83,10890.49,5467.18,6211.87,0,0,1861.7,12956.75,228.84,0,12144.13,1380.59,3549.95,65766.64,0,15604.33,0,0,83661.2,0,0,0,2642.77,2565.01,0,24566.79,25827.8,60.34,2269.48,16898.4,0,0,0,0
2009-05-01 23:00:00,0,1850.22,0,267.95,10027.59,4842.23,5858.76,0,0,1699.69,11879.16,207.01,0,11364.5,1285.64,3381.04,62728.86,0,14739.25,0,0,79474.09,0,0,0,2475.59,2420.7,0,23286.59,24907.92,58.36,2093.06,15714.51,0,0,0,0
2009-05-02 00:00:00,0,1745.78,0,247.99,9246.41,4358.11,5489.94,0,0,1560.72,10868.45,187.5,0,10531.21,1188.78,3182.92,59938.28,0,13778.67,0,0,75404.5,0,0,0,2354.59,2291.86,0,22008.11,24019.7,56.81,1924.81,14582.25,0,0,0,0
2009-05-02 01:00:00,0,1637.33,0,228.58,8598.1,3959.75,5137.89,0,0,1440.58,9950.76,170.14,0,9821.03,1101.05,3016.17,57547.02,0,12864.96,0,0,71899.46,0,0,0,2263.87,2181.62,0,21068.19,23117.23,54.79,1779.59,13555.46,0,0,0,0
2009-05-02 02:00:00,0,1566.8,0,211.61,8216.17,3695.5,4804.62,0,0,1339.07,9213.51,156.67,0,9652.45,1021.78,2884.64,55472.75,0,12240.21,0,0,69005.07,0,0,0,2202.57,2083.1,0,20486.47,22288.21,53.25,1668.41,12943.43,0,0,0,0
2009-05-02 03:00:00,0,1534.12,0,201.35,7991.72,3514.11,4542.05,0,0,1274.48,8771.78,148.27,0,9646.44,950.18,2819.29,54182.06,0,11938.94,0,0,66573.95,0,0,0,2154.95,1996.56,0,20006.55,21609.63,52.44,1582.77,12623.47,0,0,0,0
2009-05-02 04:00:00,0,1535.38,0,196.65,7899.66,3508.02,4481.41,0,0,1268.28,8660.98,143.57,0,9693.48,935.94,2792.99,53540.29,0,11860.89,0,0,65791.81,0,0,0,2111.78,1983.93,0,19694.97,21294.4,51.64,1551.15,12447.85,0,0,0,0
2009-05-02 05:00:00,0,1569.14,0,193.99,7906.72,3556.46,4475.24,0,0,1286.9,8765.11,144.15,0,9925.9,946.82,2802.98,53676.73,0,12200.72,0,0,65383.13,0,0,0,2093.56,1992.1,0,19581.63,21353.69,52.07,1556.04,12450.13,0,0,0,0
2009-05-02 06:00:00,0,1618.88,0,195.72,8158.21,3735.9,4619.09,0,0,1337.59,9082.0,146.45,0,10249.46,981.9,2865.94,54653.53,0,12786.21,0,0,66307.97,0,0,0,2095.74,2064.38,0,19668.19,21665.65,53.47,1597.48,12636.76,0,0,0,0
2009-05-02 07:00:00,0,1698.84,0,206.39,8665.57,4236.88,4950.65,0,0,1517.03,10299.03,161.77,0,10452.6,1084.38,2967.11,56413.31,0,13343.01,0,0,67679.67,0,0,0,2222.07,2237.47,0,20095.31,21974.57,54.66,1747.08,12892.32,0,0,0,0
2009-05-02 08:00:00,0,1739.06,0,237.88,9401.08,5037.09,5337.33,0,0,1802.48,12715.49,182.31,0,10682.82,1258.85,3056.75,58590.79,0,13762.18,0,0,69121.8,0,0,0,2385.04,2431.06,0,21159.68,22197.12,55.95,1993.61,13282.01,0,0,0,0
2009-05-02 09:00:00,0,1771.66,0,267.98,9978.41,5742.67,5785.88,0,0,1990.81,14219.4,199.11,0,10919.74,1392.08,3123.03,60881.6,0,13942.9,0,0,70288.8,0,0,0,2588.94,2605.92,0,22709.92,22655.87,57.52,2256.86,13912.15,0,0,0,0
2009-05-02 10:00:00,0,1845.73,0,298.96,10495.68,6457.16,6262.73,0,0,2157.9,15485.19,212.33,0,11113.93,1544.77,3232.53,62140.22,0,13922.98,0,0,71493.07,0,0,0,2837.28,2854.38,0,24318.83,23372.4,58.92,2549.35,14492.02,0,0,0,0
2009-05-02 11:00:00,0,1910.26,0,325.02,11272.22,6995.66,6852.26,0,0,2299.89,16489.47,230.11,0,11157.22,1654.17,3308.91,63129.34,0,13950.18,0,0,72940.69,0,0,0,2998.31,3033.34,0,25727.91,24124.5,60.33,2732.2,15067.43,0,0,0,0
2009-05-02 12:00:00,0,1941.65,0,348.61,11923.29,7341.32,7252.23,0,0,2396.17,17315.58,246.92,0,10883.43,1727.32,3352.38,64875.78,0,13933.88,0,0,73876.97,0,0,0,3084.25,3150.52,0,26978.58,24643.46,61.72,2843.32,15467.28,0,0,0,0
2009-05-02 13:00:00,0,1943.77,0,365.97,12315.57,7610.93,7561.5,0,0,2496.99,17837.57,264.2,0,10787.63,1793.12,3378.27,65773.66,0,13955.58,0,0,75257.96,0,0,0,3172.84,3252.05,0,27874.6,25052.57,62.94,2937.21,15818.14,0,0,0,0
2009-05-02 14:00:00,0,1959.89,0,368.55,12657.29,7887.34,7840.88,0,0,2587.04,18285.09,283.51,0,10807.32,1862.84,3395.14,65980.8,0,14032.47,0,0,77070.01,0,0,0,3237.98,3318.29,0,28747.36,25382.9,63.74,3005.05,16140.48,0,0,0,0
2009-05-02 15:00:00,0,1993.55,0,364.39,12918.44,8063.91,8069.94,0,0,2656.38,18600.26,290.63,0,10989.32,1886.51,3402.18,65518.65,0,14466.55,0,0,78561.18,0,0,0,3311.27,3353.67,0,29386.65,25616.51,63.85,3053.92,16764.07,0,0,0,0
2009-05-02 16:00:00,0,2066.84,0,364.14,13065.95,8081.51,8137.76,0,0,2682.94,18710.67,283.57,0,11276.32,1915.13,3387.54,64629.24,0,15089.27,0,0,79679.22,0,0,0,3331.58,3350.39,0,29645.78,25927.06,63.71,3035.23,17109.53,0,0,0,0
2009-05-02 17:00:00,0,2098.5,0,360.73,13017.81,7875.71,8150.53,0,0,2618.0,18332.34,279.9,0,11495.67,1860.92,3391.52,64500.74,0,15388.68,0,0,80181.33,0,0,0,3256.96,3296.58,0,29441.78,26057.05,63.96,2954.82,17239.5,0,0,0,0
2009-05-02 18:00:00,0,2091.56,0,352.41,12827.7,7486.64,8012.64,0,0,2493.03,17595.31,275.76,0,11782.73,1797.73,3398.46,64851.31,0,15564.77,0,0,80559.24,0,0,0,3164.21,3193.06,0,29088.94,26137.91,63.73,2823.47,17244.16,0,0,0,0
2009-05-02 19:00:00,0,1887.62,0,358.0,13679.15,7421.85,8238.49,0,0,2489.97,17247.57,284.94,0,13531.32,1861.77,3636.52,68594.28,0,17017.76,0,0,88778.98,0,0,0,3218.01,3148.41,0,29105.38,26298.18,64.51,2889.54,17770.15,0,0,0,0
2009-05-02 20:00:00,0,1923.5,0,343.74,13168.32,6819.32,7668.44,0,0,2245.4,15738.88,263.52,0,12695.25,1717.0,3487.55,68875.59,0,16423.46,0,0,86321.11,0,0,0,3083.61,3006.0,0,27930.11,27031.86,62.52,2643.46,17331.08,0,0,0,0
2009-05-02 21:00:00,0,1958.78,0,321.84,12507.11,6226.8,7152.34,0,0,2065.28,14427.02,246.37,0,11970.7,1592.51,3325.17,67703.69,0,15793.13,0,0,82528.8,0,0,0,2957.64,2858.03,0,26781.92,26567.66,60.72,2421.15,17154.72,0,0,0,0
2009-05-02 22:00:00,0,1951.45,0,296.59,11426.85,5553.39,6652.62,0,0,1894.28,13238.66,228.77,0,11221.06,1471.09,3197.11,65722.61,0,15020.13,0,0,78793.52,0,0,0,2737.55,2675.14,0,25135.86,26002.97,58.87,2249.97,16155.87,0,0,0,0
2009-05-02 23:00:00,0,1824.2,0,270.74,10443.15,4900.07,6200.92,0,0,1727.21,12119.87,206.11,0,10536.47,1351.02,3056.5,62861.22,0,14148.88,0,0,74829.92,0,0,0,2551.39,2502.55,0,23771.19,25017.99,57.46,2056.98,15092.34,0,0,0,0
2009-05-03 00:00:00,0,1709.26,0,248.18,9726.83,4392.03,5794.5,0,0,1577.97,11057.59,186.38,0,9886.5,1228.68,2916.21,60297.32,0,13270.5,0,0,71237.02,0,0,0,2413.01,2360.94,0,22477.72,24028.21,55.86,1899.84,14089.35,0,0,0,0
2009-05-03 01:00:00,0,1593.26,0,229.44,9081.19,3974.45,5446.5,0,0,1453.53,10102.98,168.66,0,9606.73,1112.39,2841.4,57826.79,0,12523.65,0,0,68389.12,0,0,0,2325.12,2250.74,0,21474.19,22996.11,54.23,1749.78,13105.38,0,0,0,0
2009-05-03 02:00:00,0,1509.25,0,213.03,8591.47,3688.83,5138.81,0,0,1349.86,9329.79,156.02,0,9556.56,1021.87,2753.1,55766.4,0,11988.57,0,0,65660.65,0,0,0,2261.31,2150.71,0,20884.64,21944.71,52.79,1625.64,12512.64,0,0,0,0
2009-05-03 03:00:00,0,1469.33,0,203.54,8290.27,3547.84,4860.56,0,0,1288.14,8950.49,147.34,0,9493.89,958.71,2723.74,54185.62,0,11634.23,0,0,64105.62,0,0,0,2216.25,2063.82,0,20456.01,21258.26,52.17,1554.05,12122.02,0,0,0,0
2009-05-03 04:00:00,0,1460.94,0,197.55,8198.13,3526.72,4738.88,0,0,1276.32,8840.19,140.32,0,9495.0,950.31,2727.35,53552.09,0,11579.73,0,0,64112.44,0,0,0,2162.75,2035.85,0,20113.44,21000.18,51.58,1517.04,11994.81,0,0,0,0
2009-05-03 05:00:00,0,1488.17,0,194.93,8209.92,3572.48,4725.77,0,0,1291.09,8914.57,139.71,0,9516.34,958.74,2770.26,53708.34,0,11708.48,0,0,64528.82,0,0,0,2143.29,2039.72,0,19958.17,21109.34,52.06,1524.68,11945.75,0,0,0,0
2009-05-03 06:00:00,0,1535.17,0,197.98,8450.21,3715.75,4830.97,0,0,1329.26,9144.8,142.62,0,9686.1,982.39,2854.75,54638.1,0,12217.16,0,0,65498.76,0,0,0,2143.41,2092.15,0,20014.83,21347.99,52.8,1577.61,12305.08,0,0,0,0
2009-05-03 07:00:00,0,1592.75,0,211.47,9057.24,4277.98,5232.77,0,0,1519.49,10374.75,159.0,0,10007.24,1078.7,2936.14,56158.82,0,12825.13,0,0,66996.13,0,0,0,2265.09,2286.41,0,20531.98,21588.84,54.02,1763.09,12561.45,0,0,0,0
2009-05-03 08:00:00,0,1653.52,0,247.93,9713.39,5142.85,5700.07,0,0,1799.58,12765.81,180.78,0,10377.93,1241.61,3034.54,57981.77,0,13348.33,0,0,68460.27,0,0,0,2444.33,2477.76,0,21472.01,21772.11,55.62,2065.36,13012.03,0,0,0,0
2009-05-03 09:00:00,0,1694.18,0,278.81,10216.71,5792.25,6271.14,0,0,1983.91,14246.2,197.13,0,10764.1,1362.4,3127.45,60556.72,0,13910.58,0,0,70420.59,0,0,0,2652.84,2690.94,0,22650.09,22059.24,56.83,2267.49,13537.32,0,0,0,0
2009-05-03 10:00:00,0,1757.28,0,301.78,10698.45,6451.39,6747.07,0,0,2165.02,15662.92,208.14,0,11101.02,1539.82,3237.3,61840.34,0,14209.44,0,0,71839.72,0,0,0,2847.93,2903.69,0,23960.01,22904.2,57.96,2534.69,14225.95,0,0,0,0
2009-05-03 11:00:00,0,1842.12,0,328.28,11258.92,7109.73,7106.83,0,0,2329.51,16801.67,225.25,0,11468.41,1652.01,3316.37,63008.56,0,14438.1,0,0,72845.88,0,0,0,2955.9,3042.37,0,24962.75,23908.89,59.4,2766.89,14737.22,0,0,0,0
2009-05-03 12:00:00,0,1884.49,0,346.97,11687.81,7536.8,7454.33,0,0,2442.46,17609.19,244.09,0,11661.54,1732.14,3369.2,64179.45,0,14593.07,0,0,73779.02,0,0,0,3012.23,3133.3,0,26203.31,24703.13,61.16,2918.44,15087.11,0,0,0,0
2009-05-03 13:00:00,0,1914.27,0,361.27,12127.79,7811.85,7681.89,0,0,2544.09,18112.05,263.19,0,11746.4,1800.57,3398.17,65609.02,0,14773.19,0,0,74864.96,0,0,0,3050.08,3194.86,0,27254.29,25244.84,62.8,3018.44,15377.77,0,0,0,0
2009-05-03 14:00:00,0,1936.77,0,366.53,12621.31,8073.42,7836.17,0,0,2628.29,18533.99,275.79,0,11711.42,1868.83,3446.98,66267.23,0,14900.54,0,0,75726.1,0,0,0,3096.03,3248.78,0,27985.22,25604.76,63.76,3113.37,15688.24,0,0,0,0
2009-05-03 15:00:00,0,1972.71,0,369.26,12982.25,8359.73,7998.3,0,0,2700.16,18913.01,286.06,0,11763.5,1931.33,3458.33,66353.03,0,14970.74,0,0,76530.46,0,0,0,3132.41,3277.61,0,27934.75,25755.2,63.91,3197.82,16221.05,0,0,0,0
2009-05-03 16:00:00,0,2005.58,0,366.19,13114.04,8497.34,8066.07,0,0,2738.03,18948.54,293.99,0,11896.26,1945.8,3422.46,66088.92,0,15028.9,0,0,77241.33,0,0,0,3182.95,3299.78,0,28100.03,25883.55,64.01,3197.44,16541.49,0,0,0,0
2009-05-03 17:00:00,0,2027.69,0,359.49,12962.56,8323.34,8029.64,0,0,2699.08,18584.87,291.21,0,12113.48,1905.06,3382.54,66116.63,0,15072.98,0,0,77794.29,0,0,0,3199.69,3285.63,0,27993.98,26016.01,64.1,3131.7,16638.07,0,0,0,0
2009-05-03 18:00:00,0,2044.37,0,352.73,12740.09,7768.67,7875.91,0,0,2558.14,17780.19,280.13,0,12172.09,1828.75,3350.77,66633.55,0,15094.78,0,0,78219.24,0,0,0,3145.01,3195.72,0,27674.88,26347.07,63.79,2951.69,16589.39,0,0,0,0
2009-05-03 19:00:00,0,1970.53,0,374.02,14365.75,7914.66,8424.58,0,0,2677.27,17748.95,304.02,0,13823.85,1968.5,3879.7,73562.27,0,17180.37,0,0,88227.33,0,0,0,3361.23,3163.59,0,28648.88,26963.77,72.43,3147.99,18139.66,0,0,0,0
2009-05-03 20:00:00,0,1969.23,0,363.21,13719.77,7376.74,7790.25,0,0,2423.87,16406.56,279.95,0,13023.89,1800.06,3760.75,72510.87,0,16547.32,0,0,85082.01,0,0,0,3205.74,2987.21,0,27723.49,27509.87,70.08,2899.55,18064.46,0,0,0,0
2009-05-03 21:00:00,0,1970.52,0,342.86,12988.37,6790.13,7226.83,0,0,2206.74,15191.08,261.33,0,12199.4,1617.63,3619.25,70785.31,0,15909.64,0,0,81099.92,0,0,0,3034.34,2824.68,0,26981.23,27564.74,67.33,2685.45,17961.72,0,0,0,0
2009-05-03 22:00:00,0,1894.36,0,316.47,11793.74,6046.85,6686.06,0,0,2014.33,13937.2,239.87,0,11384.05,1472.51,3480.26,68409.03,0,14991.8,0,0,77404.65,0,0,0,2843.46,2673.13,0,25403.92,26942.99,65.48,2456.91,16852.81,0,0,0,0
2009-05-03 23:00:00,0,1741.36,0,293.24,10915.63,5421.38,6223.54,0,0,1843.77,12739.03,216.09,0,10599.08,1330.99,3329.17,65484.77,0,14168.06,0,0,74080.97,0,0,0,2668.1,2504.27,0,23885.91,25648.97,63.65,2246.98,15791.51,0,0,0,0
2009-05-04 00:00:00,0,1608.6,0,272.23,10104.23,4838.97,5793.45,0,0,1682.19,11558.87,194.02,0,9846.1,1208.9,3202.11,62601.75,0,13386.96,0,0,70861.33,0,0,0,2488.86,2358.26,0,22365.03,24385.79,62.07,2062.88,14712.63,0,0,0,0
2009-05-04 01:00:00,0,1482.42,0,250.58,9314.76,4297.01,5391.61,0,0,1529.48,10469.81,174.18,0,9492.14,1098.17,3087.51,59723.11,0,12689.63,0,0,67741.1,0,0,0,2355.41,2220.34,0,21087.03,23097.87,60.53,1895.36,13787.21,0,0,0,0
2009-05-04 02:00:00,0,1400.4,0,229.27,8992.79,3964.97,5078.77,0,0,1395.81,9579.91,159.12,0,9467.68,1019.43,2981.86,57361.4,0,12171.29,0,0,65455.49,0,0,0,2292.33,2130.72,0,20485.37,21998.35,59.01,1771.32,13130.64,0,0,0,0
2009-05-04 03:00:00,0,1403.86,0,220.61,8894.12,3905.23,4976.27,0,0,1353.57,9312.55,155.44,0,9609.5,1011.88,2950.35,56330.22,0,12118.65,0,0,64977.25,0,0,0,2239.1,2099.98,0,20149.22,21581.95,57.72,1728.24,12883.07,0,0,0,0
2009-05-04 04:00:00,0,1465.73,0,224.35,9039.67,4095.89,5180.54,0,0,1397.1,9598.78,160.83,0,9881.02,1043.19,3052.79,57055.57,0,12611.05,0,0,66717.91,0,0,0,2253.17,2080.66,0,20287.74,21638.88,57.89,1781.52,13142.12,0,0,0,0
2009-05-04 05:00:00,0,1534.68,0,228.96,9515.82,4276.46,5471.02,0,0,1445.54,9954.73,166.6,0,10438.52,1084.92,3174.1,58691.64,0,13224.18,0,0,68742.09,0,0,0,2309.65,2105.94,0,20563.09,22298.84,59.6,1828.76,13555.31,0,0,0,0
2009-05-04 06:00:00,0,1613.65,0,238.2,10329.84,4503.26,5791.12,0,0,1529.07,10499.55,172.26,0,11588.93,1148.56,3294.63,60765.55,0,14659.05,0,0,73388.48,0,0,0,2401.27,2183.23,0,21024.87,23015.62,60.98,1899.45,14002.4,0,0,0,0
2009-05-04 07:00:00,0,1702.93,0,274.22,10770.92,4997.58,6062.54,0,0,1757.73,11777.07,189.77,0,11947.03,1252.75,3483.63,65223.62,0,15638.26,0,0,77519.31,0,0,0,2503.29,2315.29,0,22309.31,24332.88,62.66,2110.87,14665.77,0,0,0,0
2009-05-04 08:00:00,0,1715.98,0,307.98,11131.65,5666.13,6295.05,0,0,1992.37,13594.24,204.58,0,12269.39,1352.62,3668.39,67728.81,0,16081.44,0,0,79705.1,0,0,0,2632.76,2417.35,0,23238.7,25063.68,64.04,2321.08,15137.69,0,0,0,0
2009-05-04 09:00:00,0,1744.58,0,333.0,11508.38,6188.03,6558.15,0,0,2146.79,14843.22,218.36,0,12605.57,1443.22,3804.12,69763.95,0,16501.98,0,0,82050.53,0,0,0,2744.19,2531.42,0,24019.06,25482.38,64.78,2520.77,15651.46,0,0,0,0
2009-05-04 10:00:00,0,1793.17,0,360.07,11821.67,6915.45,7006.31,0,0,2349.45,16192.69,241.43,0,12792.13,1630.47,3892.42,71561.05,0,16791.52,0,0,83221.89,0,0,0,2882.95,2695.87,0,24737.34,26080.75,67.11,2749.46,16099.47,0,0,0,0
2009-05-04 11:00:00,0,1820.01,0,385.33,12118.01,7602.2,7302.76,0,0,2544.53,17411.32,259.94,0,12971.75,1811.55,3973.0,72149.16,0,17054.29,0,0,84375.37,0,0,0,3031.05,2833.75,0,25597.26,26938.27,69.71,2969.15,16479.49,0,0,0,0
2009-05-04 12:00:00,0,1846.5,0,402.39,12555.78,8091.69,7493.9,0,0,2672.19,18283.01,274.02,0,13174.5,1923.99,4007.49,72894.13,0,17491.5,0,0,84867.88,0,0,0,3138.97,2955.1,0,26239.39,27885.99,71.31,3136.62,16791.14,0,0,0,0
2009-05-04 13:00:00,0,1874.34,0,408.78,12945.27,8422.04,7638.96,0,0,2770.46,18945.02,285.69,0,13323.22,2002.85,4004.46,73750.72,0,17552.51,0,0,84859.35,0,0,0,3238.08,3056.48,0,26463.33,28595.22,73.68,3261.18,17075.76,0,0,0,0
2009-05-04 14:00:00,0,1895.26,0,413.08,13206.0,8705.24,7837.16,0,0,2874.12,19465.43,296.81,0,13356.29,2058.38,4003.12,74269.36,0,17468.59,0,0,84784.4,0,0,0,3321.72,3151.79,0,26812.48,28884.42,75.53,3362.1,17456.56,0,0,0,0
2009-05-04 15:00:00,0,1954.46,0,417.01,13175.17,8891.63,7981.7,0,0,2953.75,19857.53,307.11,0,13407.99,2077.45,3970.81,74451.26,0,17481.18,0,0,84634.63,0,0,0,3364.3,3215.66,0,27282.12,29243.68,76.41,3416.61,17736.34,0,0,0,0
2009-05-04 16:00:00,0,2061.88,0,419.35,13108.05,8858.73,8064.01,0,0,2962.37,19728.64,312.5,0,13472.79,2021.04,3971.67,74423.68,0,17287.79,0,0,84394.38,0,0,0,3327.66,3193.72,0,27660.25,29656.77,76.72,3420.4,17998.53,0,0,0,0
2009-05-04 17:00:00,0,2080.5,0,418.0,12960.76,8363.22,8062.86,0,0,2830.9,19101.87,309.08,0,13499.72,1965.39,3944.67,74608.37,0,17202.4,0,0,84140.9,0,0,0,3249.78,3127.44,0,27733.68,29689.0,76.63,3349.74,17896.92,0,0,0,0
2009-05-04 18:00:00,0,2076.96,0,406.19,12778.39,7872.94,7869.33,0,0,2661.44,18297.93,299.2,0,13485.35,1867.06,3907.55,75177.35,0,17098.83,0,0,84046.43,0,0,0,3121.68,3040.57,0,27628.11,29408.11,75.34,3211.46,17684.0,0,0,0,0
2009-05-04 19:00:00,0,2049.11,0,396.45,13517.17,7835.58,8096.55,0,0,2670.69,17986.33,311.33,0,13792.02,1910.24,3935.66,75045.1,0,17190.65,0,0,87073.23,0,0,0,3176.61,3042.17,0,27825.17,28307.45,75.43,3148.51,17932.68,0,0,0,0
2009-05-04 20:00:00,0,2003.83,0,358.33,12965.18,7300.73,7435.29,0,0,2422.8,16668.93,286.81,0,12936.15,1761.37,3776.05,73170.75,0,16552.42,0,0,83951.18,0,0,0,3084.98,2912.08,0,27017.48,28784.57,73.44,2852.94,17552.76,0,0,0,0
2009-05-04 21:00:00,0,1990.93,0,349.11,12197.73,6746.05,6814.47,0,0,2224.66,15461.94,267.92,0,12158.14,1626.07,3605.85,71187.71,0,15925.91,0,0,80115.1,0,0,0,2979.51,2796.49,0,26252.52,28237.84,68.32,2644.51,17431.54,0,0,0,0
2009-05-04 22:00:00,0,1912.43,0,324.56,11115.62,6063.5,6223.48,0,0,2046.76,14223.04,242.84,0,11371.12,1491.65,3461.59,68627.18,0,15049.14,0,0,76731.3,0,0,0,2795.98,2616.26,0,24753.49,27266.23,65.18,2448.02,16306.05,0,0,0,0
2009-05-04 23:00:00,0,1746.59,0,294.94,10228.24,5467.43,5689.16,0,0,1890.84,13038.29,218.7,0,10614.44,1377.71,3275.47,65572.54,0,14233.71,0,0,73479.84,0,0,0,2627.59,2440.85,0,23265.79,25673.95,63.27,2252.64,15228.48,0,0,0,0
2009-05-05 00:00:00,0,1610.99,0,268.85,9436.02,4932.1,5217.87,0,0,1746.06,11918.87,196.24,0,9876.95,1231.07,3130.74,62623.88,0,13517.62,0,0,70457.62,0,0,0,2452.03,2288.45,0,21825.21,24423.27,61.45,2065.79,14229.64,0,0,0,0
2009-05-05 01:00:00,0,1482.09,0,244.51,8706.92,4415.17,4798.3,0,0,1594.69,10831.46,175.02,0,9568.72,1084.21,3023.33,59751.12,0,12820.66,0,0,67489.85,0,0,0,2299.64,2150.68,0,20556.11,23221.59,59.34,1873.97,13354.2,0,0,0,0
2009-05-05 02:00:00,0,1390.76,0,224.36,8306.06,4143.25,4484.71,0,0,1467.46,9942.81,160.58,0,9560.49,1011.33,2925.85,57229.35,0,12315.88,0,0,65146.66,0,0,0,2228.37,2047.72,0,19880.98,22021.95,57.94,1767.3,12739.67,0,0,0,0
2009-05-05 03:00:00,0,1371.26,0,215.9,8248.91,4050.24,4496.78,0,0,1419.87,9585.95,154.73,0,9750.5,1029.66,2876.85,56187.87,0,12262.66,0,0,64833.94,0,0,0,2197.69,2010.64,0,19684.18,21563.51,56.84,1735.85,12629.41,0,0,0,0
2009-05-05 04:00:00,0,1416.68,0,223.0,8470.47,4208.37,4684.24,0,0,1461.6,9846.75,159.47,0,10153.08,1066.44,3006.15,57003.97,0,12801.45,0,0,66686.75,0,0,0,2229.47,2035.06,0,20076.41,21523.57,57.74,1764.27,12927.01,0,0,0,0
2009-05-05 05:00:00,0,1486.38,0,236.0,8964.84,4391.32,4879.91,0,0,1504.6,10185.35,164.58,0,10781.51,1106.04,3146.25,58741.62,0,13424.3,0,0,68749.41,0,0,0,2298.36,2072.26,0,20465.41,22071.97,59.32,1807.94,13395.37,0,0,0,0
2009-05-05 06:00:00,0,1547.89,0,248.23,9568.26,4591.41,5130.42,0,0,1574.76,10650.69,169.12,0,11949.39,1151.89,3302.22,60781.95,0,14673.33,0,0,72740.78,0,0,0,2405.61,2150.72,0,20915.41,22714.66,60.7,1868.62,13923.89,0,0,0,0
2009-05-05 07:00:00,0,1622.32,0,282.29,10203.47,5050.22,5482.75,0,0,1776.47,11981.14,181.14,0,12939.9,1261.59,3501.89,65091.61,0,15848.21,0,0,77406.81,0,0,0,2512.75,2278.37,0,21977.68,24076.53,61.89,2090.36,14523.14,0,0,0,0
2009-05-05 08:00:00,0,1669.69,0,310.09,10476.79,5650.18,5721.89,0,0,1983.68,13717.0,198.36,0,13349.02,1347.27,3546.81,67856.12,0,16443.27,0,0,79695.31,0,0,0,2614.88,2382.88,0,22884.69,25100.8,62.35,2325.76,15001.68,0,0,0,0
2009-05-05 09:00:00,0,1710.26,0,333.26,10687.99,6269.84,5965.77,0,0,2171.25,14976.87,216.42,0,13591.5,1423.85,3548.34,70402.3,0,16925.66,0,0,81824.39,0,0,0,2715.37,2470.52,0,23821.07,25696.54,64.33,2590.74,15675.31,0,0,0,0
2009-05-05 10:00:00,0,1762.82,0,360.68,10835.95,7068.66,6193.23,0,0,2384.58,16434.19,241.36,0,13782.41,1612.27,3663.62,72249.33,0,17323.54,0,0,82963.99,0,0,0,2828.39,2553.85,0,24772.0,26361.86,66.53,2810.57,16309.35,0,0,0,0
2009-05-05 11:00:00,0,1793.66,0,388.23,11016.04,7728.43,6413.74,0,0,2567.96,17571.19,258.76,0,13948.78,1811.35,3860.58,74366.08,0,17530.39,0,0,83873.77,0,0,0,2905.37,2675.16,0,25757.77,27073.77,68.8,3012.05,16792.7,0,0,0,0
2009-05-05 12:00:00,0,1819.17,0,391.9,11308.94,8136.59,6682.18,0,0,2685.79,18427.94,280.56,0,14022.62,1928.96,4028.42,75755.42,0,17692.0,0,0,84630.59,0,0,0,3035.8,2821.7,0,26777.65,27782.61,71.65,3165.41,17449.46,0,0,0,0
2009-05-05 13:00:00,0,1860.66,0,383.54,11639.25,8494.09,6898.46,0,0,2794.63,19081.54,302.07,0,14118.98,2012.46,4139.52,77139.98,0,17782.33,0,0,85258.52,0,0,0,3087.05,2872.32,0,27700.71,28650.32,74.68,3291.53,18038.09,0,0,0,0
2009-05-05 14:00:00,0,1911.39,0,382.78,11854.68,8728.37,7040.54,0,0,2890.72,19580.6,321.92,0,14147.28,2065.06,4220.24,77992.72,0,17821.9,0,0,85310.24,0,0,0,3081.85,2875.92,0,28719.49,29432.35,77.85,3378.93,18659.85,0,0,0,0
2009-05-05 15:00:00,0,2004.4,0,398.89,11992.43,8885.38,7186.22,0,0,2964.52,19792.48,334.36,0,14124.89,2101.91,4290.73,78257.63,0,17801.41,0,0,85084.13,0,0,0,3103.04,2907.13,0,29627.15,29998.86,80.27,3423.72,19118.51,0,0,0,0
2009-05-05 16:00:00,0,2066.38,0,411.07,12040.91,8877.35,7249.71,0,0,2959.95,19565.61,328.87,0,14085.94,2096.72,4322.92,78489.11,0,17795.62,0,0,85033.83,0,0,0,3090.97,2937.89,0,29808.64,30477.0,81.4,3423.84,19683.68,0,0,0,0
2009-05-05 17:00:00,0,2089.57,0,398.48,11985.44,8648.64,7168.02,0,0,2869.23,19122.79,313.64,0,14074.26,1932.05,4271.82,79141.78,0,17784.93,0,0,85046.96,0,0,0,3083.05,2976.95,0,29634.4,30589.29,81.0,3357.34,19778.83,0,0,0,0
2009-05-05 18:00:00,0,2110.49,0,397.01,11971.36,8211.64,7086.32,0,0,2716.08,18464.25,311.1,0,14097.35,1824.48,4137.09,79116.24,0,17764.09,0,0,85077.31,0,0,0,3071.58,2993.57,0,29248.95,30474.36,79.82,3237.11,19569.97,0,0,0,0
2009-05-05 19:00:00,0,2138.98,0,400.5,12507.29,8060.5,7447.49,0,0,2696.97,18049.57,317.27,0,14012.95,1898.46,4306.18,78437.17,0,17466.53,0,0,87414.56,0,0,0,3090.29,2949.5,0,29341.63,29309.72,81.57,3174.02,19662.3,0,0,0,0
2009-05-05 20:00:00,0,2095.77,0,377.7,12073.42,7493.16,6920.86,0,0,2451.14,16603.08,296.85,0,13124.96,1727.89,4061.6,76043.6,0,16784.08,0,0,83995.58,0,0,0,2984.58,2822.63,0,28402.14,30030.43,77.69,2886.18,19209.72,0,0,0,0
2009-05-05 21:00:00,0,2070.1,0,355.6,11491.88,6968.16,6407.86,0,0,2268.43,15277.06,282.43,0,12263.57,1565.62,3795.92,73922.72,0,16079.05,0,0,80262.2,0,0,0,2868.19,2697.75,0,27441.42,29812.26,73.55,2684.71,18838.03,0,0,0,0
2009-05-05 22:00:00,0,1982.58,0,324.52,10594.24,6300.62,5945.53,0,0,2087.68,13951.99,255.41,0,11471.61,1430.29,3591.42,71106.69,0,15157.5,0,0,76937.09,0,0,0,2688.58,2524.55,0,25657.51,28957.13,70.46,2503.51,17427.94,0,0,0,0
2009-05-05 23:00:00,0,1801.15,0,294.54,9815.1,5698.29,5518.39,0,0,1916.44,12771.16,230.34,0,10694.35,1320.05,3396.67,67819.85,0,14314.11,0,0,73751.65,0,0,0,2529.84,2348.18,0,23948.15,27125.15,67.05,2333.55,16214.72,0,0,0,0
2009-05-06 00:00:00,0,1659.42,0,267.81,9060.62,5090.04,5107.77,0,0,1751.68,11652.22,208.43,0,9931.63,1213.84,3259.37,64635.68,0,13429.41,0,0,70687.03,0,0,0,2376.2,2196.43,0,22384.76,25600.53,64.62,2121.71,15134.55,0,0,0,0
2009-05-06 01:00:00,0,1514.17,0,245.56,8385.77,4576.6,4723.9,0,0,1596.39,10583.12,187.49,0,9556.56,1107.96,3125.23,61619.8,0,12723.22,0,0,67673.74,0,0,0,2249.24,2072.25,0,21203.84,24153.03,62.72,1939.41,14081.54,0,0,0,0
2009-05-06 02:00:00,0,1374.97,0,221.32,8070.06,4233.02,4460.01,0,0,1460.39,9673.55,170.56,0,9554.9,1033.97,2987.91,58721.47,0,12225.86,0,0,65537.02,0,0,0,2178.47,2012.52,0,20411.89,22884.48,60.62,1815.35,13383.47,0,0,0,0
2009-05-06 03:00:00,0,1319.16,0,213.89,8125.55,4103.88,4495.16,0,0,1410.22,9406.59,162.44,0,9753.97,1042.39,2940.44,57462.84,0,12288.71,0,0,65231.94,0,0,0,2165.11,1988.28,0,20158.65,22280.61,59.12,1770.87,13176.95,0,0,0,0
2009-05-06 04:00:00,0,1343.97,0,219.76,8394.46,4229.69,4668.69,0,0,1442.73,9682.98,166.16,0,10118.92,1078.86,3030.23,58210.76,0,12887.19,0,0,67090.21,0,0,0,2220.02,2028.66,0,20519.88,22099.75,58.42,1803.36,13417.27,0,0,0,0
2009-05-06 05:00:00,0,1389.56,0,228.66,8890.02,4402.28,4882.73,0,0,1478.52,10002.59,171.36,0,10595.05,1121.78,3148.6,59692.4,0,13563.61,0,0,69029.92,0,0,0,2297.43,2070.36,0,20880.94,22500.31,59.47,1839.61,13850.23,0,0,0,0
2009-05-06 06:00:00,0,1415.93,0,239.91,9497.63,4619.11,5156.87,0,0,1570.63,10565.94,176.91,0,11297.17,1190.0,3272.04,61671.52,0,15121.8,0,0,75368.44,0,0,0,2401.44,2152.04,0,21382.78,23076.56,61.18,1894.73,14260.7,0,0,0,0
2009-05-06 07:00:00,0,1508.95,0,276.76,10105.19,5144.61,5545.63,0,0,1808.25,11988.44,197.06,0,12175.74,1311.93,3473.47,65691.92,0,15982.57,0,0,77995.1,0,0,0,2524.72,2284.42,0,22592.2,24384.73,62.59,2111.49,14795.45,0,0,0,0
2009-05-06 08:00:00,0,1608.41,0,307.34,10465.43,5799.53,5858.02,0,0,2006.87,13788.28,222.22,0,12777.86,1418.58,3606.74,68559.68,0,16371.72,0,0,80738.41,0,0,0,2657.64,2408.27,0,23583.01,25588.09,64.38,2330.68,15257.68,0,0,0,0
2009-05-06 09:00:00,0,1685.72,0,331.68,10762.53,6336.91,6145.57,0,0,2166.41,15087.76,244.47,0,13059.63,1524.33,3723.42,71242.44,0,16725.42,0,0,83085.48,0,0,0,2785.51,2516.65,0,24453.7,26204.41,66.58,2539.62,15745.87,0,0,0,0
2009-05-06 10:00:00,0,1741.25,0,351.7,11099.47,7016.97,6475.59,0,0,2349.49,16387.38,262.55,0,13270.08,1711.53,3799.32,73700.95,0,16764.07,0,0,85535.9,0,0,0,2932.57,2703.83,0,25362.35,26688.5,68.94,2767.76,16301.99,0,0,0,0
2009-05-06 11:00:00,0,1796.34,0,371.66,11647.49,7590.02,7002.16,0,0,2519.19,17454.53,278.34,0,13245.07,1858.72,3828.17,75908.36,0,16715.83,0,0,87804.8,0,0,0,3112.13,2923.99,0,26417.35,27528.01,71.24,2983.63,16743.4,0,0,0,0
2009-05-06 12:00:00,0,1827.62,0,386.97,12378.51,7997.59,7478.89,0,0,2642.14,18349.97,297.53,0,13143.21,1952.62,3891.83,77682.66,0,16938.37,0,0,90394.66,0,0,0,3236.71,3073.27,0,27643.42,28461.64,74.18,3130.12,17059.76,0,0,0,0
2009-05-06 13:00:00,0,1845.76,0,402.91,13049.77,8321.94,7845.27,0,0,2747.02,19040.65,319.54,0,12989.62,2019.34,3931.45,79198.56,0,17209.33,0,0,91902.92,0,0,0,3329.04,3172.93,0,28779.11,29352.18,77.11,3234.49,17388.53,0,0,0,0
2009-05-06 14:00:00,0,1903.72,0,408.66,13518.61,8602.57,8134.65,0,0,2849.49,19505.98,338.47,0,12933.84,2067.75,3930.68,80155.24,0,17438.44,0,0,92158.21,0,0,0,3401.05,3229.55,0,29517.83,30111.56,79.76,3329.19,17734.28,0,0,0,0
2009-05-06 15:00:00,0,1963.93,0,417.94,13854.83,8871.35,8314.65,0,0,2945.29,19813.61,346.39,0,13025.48,2050.84,3930.09,80542.07,0,17842.32,0,0,91577.58,0,0,0,3431.88,3269.27,0,29922.71,30823.68,81.98,3403.31,17906.91,0,0,0,0
2009-05-06 16:00:00,0,2056.95,0,415.67,13975.96,8938.43,8366.62,0,0,2959.92,19611.91,336.76,0,13380.34,2002.16,3941.36,80677.41,0,17686.94,0,0,90846.93,0,0,0,3437.92,3288.84,0,30193.67,31449.0,82.95,3412.97,18221.6,0,0,0,0
2009-05-06 17:00:00,0,2157.92,0,406.29,13850.54,8657.23,8256.68,0,0,2864.08,19157.64,323.3,0,13481.08,1914.05,3910.8,80727.39,0,17567.33,0,0,90128.97,0,0,0,3391.02,3248.55,0,30075.92,31993.7,83.07,3320.77,18344.81,0,0,0,0
2009-05-06 18:00:00,0,2208.04,0,392.53,13562.26,8145.93,8088.19,0,0,2714.03,18451.81,308.41,0,13516.59,1816.65,3876.72,80791.37,0,17292.22,0,0,89475.1,0,0,0,3318.3,3171.13,0,29478.23,32169.72,82.08,3174.38,18572.66,0,0,0,0
2009-05-06 19:00:00,0,2232.03,0,393.3,14089.12,8096.57,8273.24,0,0,2747.7,18170.85,314.44,0,13788.26,1878.07,3960.69,80641.07,0,17258.01,0,0,92503.54,0,0,0,3382.11,3189.4,0,29521.95,31755.13,82.5,3175.04,19130.95,0,0,0,0
2009-05-06 20:00:00,0,2208.56,0,371.71,13590.91,7545.09,7689.66,0,0,2492.27,16946.72,293.98,0,12971.72,1770.41,3780.88,78713.65,0,16680.06,0,0,89044.98,0,0,0,3262.32,3042.28,0,28598.52,31293.14,80.17,2888.26,18992.9,0,0,0,0
2009-05-06 21:00:00,0,2117.78,0,348.05,12914.23,6964.03,7176.88,0,0,2272.96,15634.59,280.12,0,12137.04,1638.1,3615.05,76388.21,0,15991.12,0,0,85670.08,0,0,0,3143.41,2903.98,0,27905.8,30544.91,74.41,2683.45,18730.46,0,0,0,0
2009-05-06 22:00:00,0,1978.3,0,319.2,11973.69,6242.51,6741.98,0,0,2076.82,14221.4,257.25,0,11375.63,1502.67,3495.4,72979.74,0,15071.58,0,0,82589.98,0,0,0,2926.62,2728.83,0,26147.5,29275.73,69.41,2482.5,17559.75,0,0,0,0
2009-05-06 23:00:00,0,1767.78,0,291.74,11100.23,5592.64,6331.78,0,0,1899.94,13016.39,234.26,0,10591.78,1375.33,3371.66,69483.96,0,14186.27,0,0,79703.32,0,0,0,2725.82,2539.44,0,24518.8,27038.84,65.94,2254.58,16307.06,0,0,0,0
2009-05-07 00:00:00,0,1603.32,0,266.31,10280.27,5011.0,5954.96,0,0,1735.64,11905.34,211.44,0,9853.9,1250.21,3255.45,66187.85,0,13470.45,0,0,76748.27,0,0,0,2528.58,2379.75,0,22904.88,25105.96,63.53,2056.24,15264.61,0,0,0,0
2009-05-07 01:00:00,0,1452.3,0,240.43,9548.8,4483.73,5539.61,0,0,1581.33,10803.33,188.67,0,9504.27,1140.03,3129.63,63106.57,0,12801.88,0,0,74079.06,0,0,0,2374.54,2241.24,0,21693.95,23545.15,61.58,1894.4,14335.59,0,0,0,0
2009-05-07 02:00:00,0,1364.55,0,213.07,9113.21,4098.76,5145.37,0,0,1438.99,9812.58,168.93,0,9489.64,1037.29,3021.86,60141.03,0,12365.05,0,0,71545.9,0,0,0,2301.1,2134.13,0,20864.15,22499.65,59.64,1765.27,13557.14,0,0,0,0
2009-05-07 03:00:00,0,1329.6,0,209.33,8933.43,3991.21,4978.78,0,0,1391.79,9471.76,156.03,0,9677.16,1035.91,2960.52,58653.06,0,12499.17,0,0,70542.22,0,0,0,2258.8,2092.37,0,20415.98,21976.77,57.53,1723.62,13183.98,0,0,0,0
2009-05-07 04:00:00,0,1357.39,0,209.69,9016.58,4150.16,5141.14,0,0,1427.54,9702.65,158.94,0,10061.62,1066.79,3050.77,58916.82,0,13033.91,0,0,71364.41,0,0,0,2267.08,2089.63,0,20677.11,21890.08,57.35,1760.64,13404.6,0,0,0,0
2009-05-07 05:00:00,0,1397.71,0,220.81,9406.98,4318.96,5370.76,0,0,1471.59,10033.66,163.25,0,10543.43,1100.94,3149.1,60293.33,0,13620.57,0,0,73318.97,0,0,0,2339.81,2133.28,0,21024.47,22333.49,58.61,1803.78,13826.12,0,0,0,0
2009-05-07 06:00:00,0,1433.39,0,231.67,10174.39,4596.67,5680.12,0,0,1582.17,10669.94,170.56,0,11145.16,1168.57,3275.6,62119.98,0,14502.31,0,0,78309.25,0,0,0,2439.33,2203.29,0,21456.0,22932.59,59.97,1897.13,14220.61,0,0,0,0
2009-05-07 07:00:00,0,1528.77,0,263.4,10686.17,5103.55,5928.13,0,0,1800.87,11986.08,185.5,0,11823.58,1284.21,3490.9,65990.02,0,15719.83,0,0,82486.52,0,0,0,2523.57,2305.39,0,22601.24,24255.71,61.31,2099.97,14800.05,0,0,0,0
2009-05-07 08:00:00,0,1623.88,0,299.85,11029.58,5816.03,6156.59,0,0,2026.4,13853.46,211.61,0,12490.29,1405.83,3586.13,68940.88,0,16337.5,0,0,85408.91,0,0,0,2644.55,2412.11,0,23582.74,25287.05,64.24,2342.49,15499.15,0,0,0,0
2009-05-07 09:00:00,0,1724.12,0,325.63,11481.06,6417.59,6379.42,0,0,2215.43,15303.89,229.91,0,12799.11,1496.14,3676.84,71783.26,0,17056.55,0,0,87964.0,0,0,0,2734.81,2502.66,0,24404.99,26083.73,68.12,2577.43,16240.81,0,0,0,0
2009-05-07 10:00:00,0,1831.61,0,351.7,11872.58,7219.87,6678.12,0,0,2427.44,16958.81,249.35,0,13070.44,1675.65,3801.38,74622.8,0,17329.73,0,0,90175.82,0,0,0,2887.78,2669.87,0,25402.81,27269.33,71.64,2821.98,17032.42,0,0,0,0
2009-05-07 11:00:00,0,1947.73,0,382.37,12479.47,7801.34,7169.72,0,0,2604.93,18095.06,266.04,0,13253.69,1833.24,3941.55,77208.09,0,17752.91,0,0,92478.19,0,0,0,3070.07,2867.35,0,26828.02,28985.08,76.1,3033.93,18093.93,0,0,0,0
2009-05-07 12:00:00,0,2013.22,0,409.47,13188.12,8226.15,7549.53,0,0,2733.92,18984.68,284.58,0,13468.58,1939.2,4163.94,80140.26,0,17954.8,0,0,95265.4,0,0,0,3224.49,2994.01,0,28178.7,30248.16,79.61,3183.73,19098.11,0,0,0,0
2009-05-07 13:00:00,0,2107.38,0,428.95,13828.51,8577.09,7867.08,0,0,2843.65,19696.23,301.19,0,13698.89,2025.36,4399.33,81825.15,0,18056.0,0,0,98231.21,0,0,0,3274.66,3079.39,0,29671.2,31519.92,81.49,3280.77,19878.05,0,0,0,0
2009-05-07 14:00:00,0,2202.17,0,436.94,14322.81,8847.33,8159.76,0,0,2946.14,20312.06,308.65,0,13940.0,2103.75,4554.5,82472.8,0,18200.79,0,0,99851.72,0,0,0,3333.66,3160.5,0,30798.1,32667.86,84.49,3365.61,20575.1,0,0,0,0
2009-05-07 15:00:00,0,2269.97,0,434.73,14649.17,9101.26,8417.59,0,0,3037.97,20867.31,310.79,0,14077.66,2166.11,4639.23,82448.14,0,18429.39,0,0,100526.49,0,0,0,3441.22,3256.13,0,31478.73,33393.74,86.7,3442.05,21149.89,0,0,0,0
2009-05-07 16:00:00,0,2299.5,0,427.2,14840.77,9225.11,8584.57,0,0,3076.04,20894.49,314.63,0,14066.54,2169.77,4669.09,81552.6,0,18582.65,0,0,100693.18,0,0,0,3455.95,3297.99,0,31912.2,33982.34,88.78,3455.35,21445.03,0,0,0,0
2009-05-07 17:00:00,0,2404.32,0,421.76,14702.28,8988.98,8610.87,0,0,2985.86,20316.37,309.99,0,14004.0,2077.5,4544.08,81071.84,0,18346.52,0,0,100408.59,0,0,0,3404.82,3279.45,0,31888.64,34575.93,90.09,3346.34,21643.46,0,0,0,0
2009-05-07 18:00:00,0,2455.01,0,409.25,14352.59,8446.63,8498.68,0,0,2812.29,19369.28,297.47,0,13934.11,2029.85,4439.25,80924.76,0,18002.59,0,0,99907.48,0,0,0,3319.2,3226.37,0,31433.7,34780.44,90.05,3194.75,21500.88,0,0,0,0
2009-05-07 19:00:00,0,2534.34,0,399.4,14658.42,8228.33,8568.64,0,0,2812.23,18777.97,309.81,0,14007.28,2023.35,4589.34,81618.26,0,18077.29,0,0,102687.86,0,0,0,3337.02,3184.79,0,31180.41,34725.27,88.93,3177.64,21412.77,0,0,0,0
2009-05-07 20:00:00,0,2476.57,0,381.9,13998.12,7598.83,7918.88,0,0,2524.31,17198.3,286.01,0,13064.61,1798.77,4363.05,79582.25,0,17129.8,0,0,97797.43,0,0,0,3207.82,3022.45,0,29945.68,33954.55,86.36,2923.89,20380.42,0,0,0,0
2009-05-07 21:00:00,0,2373.47,0,362.26,13242.68,6937.4,7328.26,0,0,2291.0,15761.28,263.62,0,12276.01,1635.77,4084.56,77094.94,0,16421.24,0,0,92250.2,0,0,0,3078.42,2887.73,0,28615.74,32870.85,81.24,2708.87,19941.23,0,0,0,0
2009-05-07 22:00:00,0,2245.5,0,330.27,12074.01,6151.81,6766.53,0,0,2093.96,14339.16,236.76,0,11492.43,1487.21,3855.23,73832.37,0,15659.43,0,0,86472.43,0,0,0,2859.98,2692.85,0,26598.31,31369.42,76.4,2472.66,18513.8,0,0,0,0
2009-05-07 23:00:00,0,2010.44,0,300.33,11029.78,5551.39,6250.58,0,0,1913.84,13035.34,213.62,0,10767.78,1356.28,3660.03,70395.23,0,14645.0,0,0,81561.21,0,0,0,2649.31,2494.51,0,24924.56,28912.47,72.79,2290.39,17175.27,0,0,0,0
2009-05-08 00:00:00,0,1815.98,0,272.98,10140.43,4984.4,5824.84,0,0,1739.97,11847.73,192.8,0,10020.01,1233.48,3454.53,67174.42,0,13785.97,0,0,77064.32,0,0,0,2468.58,2305.24,0,23215.94,26927.23,69.85,2109.62,15998.65,0,0,0,0
2009-05-08 01:00:00,0,1655.01,0,247.73,9375.29,4455.97,5349.02,0,0,1585.48,10717.5,173.25,0,9572.38,1119.97,3269.33,64124.53,0,12908.13,0,0,73296.99,0,0,0,2323.83,2164.1,0,21817.09,25347.37,67.46,1927.15,14897.09,0,0,0,0
2009-05-08 02:00:00,0,1540.33,0,226.13,8980.92,4150.89,5036.73,0,0,1456.0,9769.99,158.98,0,9478.47,1034.5,3098.85,61173.75,0,12355.57,0,0,70628.25,0,0,0,2256.71,2082.42,0,21018.9,24204.92,64.99,1804.62,14171.71,0,0,0,0
2009-05-08 03:00:00,0,1474.13,0,217.35,8776.25,4055.56,4912.52,0,0,1409.79,9452.72,155.07,0,9590.85,1033.33,2978.75,59516.5,0,12167.57,0,0,69408.17,0,0,0,2220.39,2038.4,0,20681.16,23283.21,63.62,1766.7,13730.58,0,0,0,0
2009-05-08 04:00:00,0,1483.04,0,221.73,8817.14,4211.41,5023.22,0,0,1442.61,9706.9,161.23,0,9841.33,1072.87,3057.25,59633.88,0,12557.96,0,0,70238.91,0,0,0,2266.28,2063.49,0,20878.17,22949.8,62.78,1808.35,13847.75,0,0,0,0
2009-05-08 05:00:00,0,1530.09,0,226.47,9184.72,4376.28,5168.11,0,0,1480.73,10045.09,166.82,0,10618.38,1110.97,3157.51,60768.74,0,13372.99,0,0,71958.3,0,0,0,2335.66,2104.77,0,21206.33,23401.08,63.08,1844.07,14211.77,0,0,0,0
2009-05-08 06:00:00,0,1548.69,0,236.53,9974.41,4608.14,5484.09,0,0,1582.8,10697.19,175.68,0,11481.74,1189.23,3314.65,62643.97,0,14951.64,0,0,78151.15,0,0,0,2418.88,2190.63,0,21740.24,23720.36,64.33,1912.18,14613.57,0,0,0,0
2009-05-08 07:00:00,0,1640.95,0,270.75,10460.09,5081.48,5825.8,0,0,1800.04,12009.09,192.85,0,11914.38,1288.63,3580.18,66643.47,0,15723.43,0,0,82055.62,0,0,0,2579.65,2329.38,0,22865.68,25087.69,66.12,2119.04,15452.91,0,0,0,0
2009-05-08 08:00:00,0,1730.91,0,304.77,11030.41,5817.77,6233.4,0,0,2027.96,13873.92,216.62,0,12454.89,1441.35,3765.72,69463.31,0,16549.74,0,0,87141.44,0,0,0,2775.67,2512.45,0,23963.16,26276.58,68.77,2373.1,16288.29,0,0,0,0
2009-05-08 09:00:00,0,1781.74,0,333.89,11647.97,6463.08,6736.44,0,0,2236.89,15390.58,235.97,0,12688.16,1541.62,3951.78,71970.54,0,17100.7,0,0,91346.85,0,0,0,2963.8,2715.12,0,25072.33,27159.02,71.22,2580.91,17268.57,0,0,0,0
2009-05-08 10:00:00,0,1845.98,0,362.59,12276.59,7294.19,7211.68,0,0,2447.23,17100.66,256.65,0,13035.69,1705.42,4204.14,74465.76,0,17468.13,0,0,95003.39,0,0,0,3195.52,2984.07,0,26809.01,28158.07,73.69,2815.48,18173.39,0,0,0,0
2009-05-08 11:00:00,0,1937.07,0,388.95,12924.73,7905.5,7667.59,0,0,2640.28,18289.96,273.29,0,13319.77,1849.39,4297.63,76753.32,0,17828.46,0,0,98322.57,0,0,0,3396.37,3198.26,0,28631.61,29496.49,75.58,3028.33,19071.97,0,0,0,0
2009-05-08 12:00:00,0,1987.39,0,408.24,13745.0,8338.88,8062.83,0,0,2773.46,19267.06,289.43,0,13567.48,1952.85,4407.78,79142.13,0,18163.55,0,0,101816.89,0,0,0,3505.37,3308.41,0,30318.53,30781.96,77.96,3168.28,19640.09,0,0,0,0
2009-05-08 13:00:00,0,2062.36,0,420.43,14284.39,8694.95,8360.61,0,0,2887.34,20070.95,305.35,0,13628.95,2041.16,4391.2,81073.13,0,18432.81,0,0,104027.49,0,0,0,3576.63,3381.48,0,31467.92,31672.84,80.53,3275.11,20151.7,0,0,0,0
2009-05-08 14:00:00,0,2117.07,0,422.46,14818.35,9011.42,8597.54,0,0,2997.15,20709.16,313.6,0,13827.82,2116.18,4402.98,82187.35,0,18503.83,0,0,106633.3,0,0,0,3656.79,3462.13,0,32329.55,32100.82,83.29,3385.48,20792.7,0,0,0,0
2009-05-08 15:00:00,0,2175.59,0,425.66,14999.68,9298.59,8771.49,0,0,3084.45,21182.93,313.09,0,13995.26,2171.03,4428.77,82605.47,0,18305.77,0,0,108518.39,0,0,0,3713.81,3517.31,0,32775.72,32335.39,87.05,3486.62,21009.58,0,0,0,0
2009-05-08 16:00:00,0,2229.25,0,422.12,14915.65,9432.55,8794.67,0,0,3101.29,21085.21,314.68,0,14399.56,2182.5,4365.61,82023.61,0,18383.9,0,0,108768.31,0,0,0,3703.91,3530.61,0,32731.36,32621.41,89.62,3501.52,20808.71,0,0,0,0
2009-05-08 17:00:00,0,2258.01,0,413.48,14713.76,9272.56,8745.8,0,0,3017.36,20647.63,311.88,0,14377.66,2133.17,4225.75,81657.26,0,18736.9,0,0,106814.59,0,0,0,3665.94,3493.32,0,32416.37,32399.41,91.44,3427.83,20963.94,0,0,0,0
2009-05-08 18:00:00,0,2284.62,0,401.84,14348.05,8768.63,8567.06,0,0,2868.35,19726.17,302.65,0,14248.35,2045.27,4171.85,81089.47,0,18608.03,0,0,104655.16,0,0,0,3557.9,3416.69,0,31712.39,31742.4,91.25,3285.43,21065.1,0,0,0,0
2009-05-08 19:00:00,0,2284.07,0,379.97,14149.03,7955.86,8625.03,0,0,2684.54,18420.76,298.94,0,14558.47,1943.47,4146.19,77490.1,0,18536.57,0,0,101878.07,0,0,0,3496.91,3391.86,0,31185.37,29845.94,80.4,3083.38,20233.63,0,0,0,0
2009-05-08 20:00:00,0,2231.05,0,362.52,13680.63,7249.46,8077.69,0,0,2399.22,16516.42,269.81,0,13686.04,1739.65,4046.26,76061.25,0,17567.88,0,0,98200.19,0,0,0,3336.99,3216.43,0,30125.24,29629.71,77.6,2797.8,19696.57,0,0,0,0
2009-05-08 21:00:00,0,2131.1,0,337.86,13052.46,6626.18,7586.91,0,0,2185.54,14948.23,247.49,0,12776.32,1590.97,3870.06,74072.31,0,16766.25,0,0,93411.96,0,0,0,3209.39,3062.25,0,28827.99,28348.38,73.54,2570.63,19374.48,0,0,0,0
2009-05-08 22:00:00,0,2024.1,0,308.74,12119.2,5836.78,7131.84,0,0,1995.28,13593.84,225.53,0,11923.14,1439.19,3680.26,71404.56,0,15923.26,0,0,89454.37,0,0,0,2964.71,2866.14,0,26831.58,27111.38,70.02,2372.28,18198.74,0,0,0,0
2009-05-08 23:00:00,0,1808.0,0,283.18,11310.88,5178.74,6713.66,0,0,1826.59,12479.26,201.94,0,11097.87,1305.36,3531.66,67849.07,0,15025.58,0,0,85276.24,0,0,0,2740.89,2680.95,0,25169.9,25673.58,66.05,2188.34,16791.09,0,0,0,0
2009-05-09 00:00:00,0,1643.19,0,258.04,10543.93,4583.29,6347.24,0,0,1679.69,11442.43,182.73,0,10276.48,1171.36,3366.28,64641.68,0,14161.86,0,0,81457.3,0,0,0,2575.96,2529.64,0,23572.9,24312.32,62.38,2009.43,15741.51,0,0,0,0
2009-05-09 01:00:00,0,1505.88,0,237.37,9906.37,4146.99,5963.0,0,0,1552.96,10481.13,164.35,0,9833.47,1070.92,3205.03,61697.19,0,13372.79,0,0,78262.49,0,0,0,2480.34,2407.79,0,22303.04,23110.04,58.65,1863.61,14648.8,0,0,0,0
2009-05-09 02:00:00,0,1401.6,0,219.83,9375.48,3878.71,5577.52,0,0,1439.84,9679.57,151.86,0,9730.04,1000.8,3051.53,58830.19,0,12715.44,0,0,75561.57,0,0,0,2389.01,2279.84,0,21442.12,22205.18,55.69,1747.15,13695.26,0,0,0,0
2009-05-09 03:00:00,0,1361.87,0,208.36,8925.37,3705.41,5264.3,0,0,1360.74,9253.58,145.4,0,9631.89,952.37,2975.1,56850.27,0,12268.38,0,0,73854.22,0,0,0,2313.68,2160.37,0,20790.96,21715.76,53.41,1664.02,12991.84,0,0,0,0
2009-05-09 04:00:00,0,1366.67,0,201.68,8749.9,3647.45,5063.85,0,0,1325.39,9067.68,142.21,0,9619.99,944.35,2935.76,55510.0,0,12105.71,0,0,73424.62,0,0,0,2261.9,2104.54,0,20368.78,21356.34,52.01,1619.76,12596.63,0,0,0,0
2009-05-09 05:00:00,0,1390.99,0,196.85,8681.43,3673.87,5009.09,0,0,1324.89,9118.95,142.89,0,9698.68,955.65,2950.99,54877.58,0,12185.79,0,0,73477.63,0,0,0,2230.81,2100.26,0,20032.76,21181.1,52.05,1615.26,12259.5,0,0,0,0
2009-05-09 06:00:00,0,1452.13,0,199.11,8926.34,3865.4,5106.03,0,0,1375.08,9419.75,146.7,0,10019.34,995.68,2991.37,55438.82,0,12722.11,0,0,74487.02,0,0,0,2220.79,2184.66,0,19730.83,21454.23,52.1,1669.88,12576.73,0,0,0,0
2009-05-09 07:00:00,0,1622.19,0,209.61,9529.2,4393.74,5526.3,0,0,1584.16,10659.21,164.15,0,10317.91,1087.68,3087.51,57426.15,0,13370.98,0,0,76565.45,0,0,0,2338.79,2372.32,0,19857.47,21953.37,53.43,1844.74,13062.9,0,0,0,0
2009-05-09 08:00:00,0,1746.68,0,246.67,10145.4,5390.13,6069.15,0,0,1864.82,13227.33,190.01,0,10669.34,1286.07,3186.32,60153.37,0,13687.23,0,0,79353.43,0,0,0,2497.6,2544.77,0,21562.76,22569.16,55.33,2162.96,13799.17,0,0,0,0
2009-05-09 09:00:00,0,1824.28,0,279.08,10641.98,6275.75,6775.7,0,0,2092.62,15059.69,209.64,0,10894.32,1443.13,3306.83,62634.38,0,14272.27,0,0,82325.95,0,0,0,2706.07,2746.35,0,23387.23,23230.8,56.65,2460.68,14501.32,0,0,0,0
2009-05-09 10:00:00,0,1867.37,0,315.28,11346.33,7097.87,7349.44,0,0,2315.44,16688.12,225.11,0,11185.14,1610.8,3389.47,65026.68,0,15197.57,0,0,84419.5,0,0,0,2870.9,2944.87,0,24705.42,23979.75,57.84,2743.61,15307.34,0,0,0,0
2009-05-09 11:00:00,0,1875.25,0,348.31,12086.26,7634.71,7752.63,0,0,2464.77,17875.79,245.91,0,11474.82,1720.42,3459.18,66045.92,0,16243.51,0,0,86447.52,0,0,0,2968.57,3078.7,0,26144.38,24587.33,57.84,2933.74,15709.63,0,0,0,0
2009-05-09 12:00:00,0,1878.79,0,374.97,12619.58,8047.33,8021.42,0,0,2582.24,18843.62,266.33,0,11884.1,1814.3,3533.92,67400.05,0,17037.46,0,0,88119.18,0,0,0,3049.02,3173.25,0,27597.76,25125.11,58.64,3066.21,16170.89,0,0,0,0
2009-05-09 13:00:00,0,1862.79,0,399.42,13055.47,8376.98,8236.73,0,0,2684.88,19536.33,286.97,0,12335.42,1898.22,3611.82,68038.78,0,17752.46,0,0,90377.73,0,0,0,3138.62,3257.47,0,28918.59,25540.1,60.84,3176.1,17223.6,0,0,0,0
2009-05-09 14:00:00,0,1870.06,0,414.13,13487.42,8732.75,8357.9,0,0,2793.49,20040.78,304.03,0,12718.39,1994.64,3672.68,67679.73,0,18253.81,0,0,92154.25,0,0,0,3219.89,3340.97,0,29973.6,25971.65,62.2,3276.42,17888.93,0,0,0,0
2009-05-09 15:00:00,0,1884.0,0,419.4,13784.16,8992.31,8434.0,0,0,2879.03,20399.66,307.86,0,13165.19,2079.61,3689.29,67107.26,0,18495.34,0,0,92619.05,0,0,0,3296.57,3404.77,0,30766.4,25957.8,62.77,3351.92,18496.11,0,0,0,0
2009-05-09 16:00:00,0,1903.81,0,416.56,13945.33,9106.52,8429.36,0,0,2929.98,20490.87,306.44,0,13506.59,2110.81,3671.89,66746.04,0,18641.8,0,0,92966.9,0,0,0,3380.76,3456.32,0,31067.53,25828.4,64.82,3336.67,18710.07,0,0,0,0
2009-05-09 17:00:00,0,1920.39,0,409.06,13665.22,8995.88,8356.36,0,0,2881.38,20179.3,307.66,0,13788.32,2096.79,3642.54,66260.71,0,18565.27,0,0,92181.42,0,0,0,3390.91,3439.72,0,31102.28,25914.47,65.46,3238.92,18417.96,0,0,0,0
2009-05-09 18:00:00,0,1921.18,0,395.84,13270.83,8460.45,8227.89,0,0,2723.72,19424.55,301.8,0,13719.48,2011.95,3577.8,65724.98,0,18259.25,0,0,90730.63,0,0,0,3319.32,3354.72,0,30657.81,26057.15,66.24,3044.01,18043.54,0,0,0,0
2009-05-09 19:00:00,0,1863.34,0,394.42,14166.61,8100.05,8624.91,0,0,2726.58,18693.08,307.88,0,15052.88,2034.55,3907.39,69158.56,0,20335.06,0,0,96361.89,0,0,0,3485.03,3350.34,0,31263.08,26121.65,69.6,3121.03,18890.58,0,0,0,0
2009-05-09 20:00:00,0,1877.85,0,371.67,13666.15,7399.15,8034.63,0,0,2442.67,16876.94,277.12,0,14157.78,1769.2,3787.05,69390.31,0,18882.01,0,0,93351.22,0,0,0,3319.31,3186.24,0,30038.5,26908.66,67.02,2808.88,18509.19,0,0,0,0
2009-05-09 21:00:00,0,1889.98,0,345.85,13110.71,6822.61,7559.48,0,0,2241.51,15458.33,255.72,0,13431.32,1594.11,3574.75,68060.31,0,18138.38,0,0,87783.42,0,0,0,3205.31,3063.78,0,28777.47,26469.74,62.82,2552.12,17983.45,0,0,0,0
2009-05-09 22:00:00,0,1862.01,0,317.16,12124.93,6011.32,7115.57,0,0,2063.66,14168.48,234.65,0,12773.18,1456.06,3383.48,65765.64,0,16988.8,0,0,82162.22,0,0,0,2971.3,2873.6,0,26793.8,25970.17,58.66,2345.61,16733.6,0,0,0,0
2009-05-09 23:00:00,0,1712.81,0,291.32,11143.02,5319.82,6646.81,0,0,1897.64,13019.04,206.77,0,12160.7,1335.54,3216.29,62634.51,0,15836.92,0,0,76469.06,0,0,0,2756.91,2688.04,0,25302.29,24816.13,56.58,2168.01,15391.44,0,0,0,0
2009-05-10 00:00:00,0,1590.04,0,270.37,10181.32,4742.35,6174.86,0,0,1743.96,11914.1,187.34,0,11352.19,1210.8,3035.76,59710.13,0,14429.87,0,0,71869.74,0,0,0,2579.12,2510.52,0,23676.2,23724.09,54.61,2003.19,14177.41,0,0,0,0
2009-05-10 01:00:00,0,1479.55,0,251.85,9347.62,4254.64,5688.12,0,0,1612.61,10953.25,168.3,0,10456.98,1111.75,2863.84,57227.7,0,13247.37,0,0,68208.13,0,0,0,2446.32,2368.14,0,22396.05,22686.51,52.7,1852.33,13133.05,0,0,0,0
2009-05-10 02:00:00,0,1406.98,0,233.94,8717.27,3974.52,5245.71,0,0,1498.2,10209.48,156.44,0,9986.59,1040.48,2746.42,55179.68,0,12537.79,0,0,65182.23,0,0,0,2333.69,2227.15,0,21456.42,21766.55,51.3,1725.84,12588.95,0,0,0,0
2009-05-10 03:00:00,0,1379.96,0,218.66,8268.87,3780.41,4855.95,0,0,1416.46,9739.87,148.17,0,9682.0,985.94,2673.24,53878.88,0,12050.56,0,0,63098.73,0,0,0,2237.75,2099.31,0,20904.12,21176.77,50.11,1636.4,12173.37,0,0,0,0
2009-05-10 04:00:00,0,1382.46,0,206.92,8121.3,3712.51,4616.77,0,0,1376.38,9442.91,143.45,0,9531.04,969.12,2646.9,53246.49,0,11790.87,0,0,62217.29,0,0,0,2168.21,2064.55,0,20542.92,20722.79,49.85,1586.72,11775.16,0,0,0,0
2009-05-10 05:00:00,0,1423.88,0,202.53,8062.47,3743.63,4518.74,0,0,1374.2,9463.86,143.78,0,9644.0,975.18,2669.98,53479.11,0,11883.44,0,0,62541.09,0,0,0,2147.64,2050.75,0,20260.1,20835.85,50.44,1580.64,11713.89,0,0,0,0
2009-05-10 06:00:00,0,1485.23,0,203.93,8286.51,3937.61,4657.93,0,0,1426.2,9724.27,147.38,0,10065.75,1016.87,2754.89,54515.87,0,12584.11,0,0,64778.92,0,0,0,2158.74,2109.5,0,20232.38,21290.29,51.24,1638.67,12030.66,0,0,0,0
2009-05-10 07:00:00,0,1578.2,0,218.32,8736.11,4476.76,4893.15,0,0,1623.44,10886.13,163.62,0,10570.45,1123.45,2850.62,56244.04,0,13090.55,0,0,66849.81,0,0,0,2297.7,2311.17,0,20464.41,21640.82,52.05,1816.8,12616.76,0,0,0,0
2009-05-10 08:00:00,0,1606.4,0,256.97,9051.81,5484.7,5101.58,0,0,1908.6,13371.01,194.05,0,10823.09,1321.44,2981.76,58357.62,0,13627.53,0,0,68982.75,0,0,0,2531.03,2519.46,0,21874.95,22000.2,54.55,2148.86,13348.94,0,0,0,0
2009-05-10 09:00:00,0,1654.5,0,288.98,9349.1,6430.21,5496.73,0,0,2154.06,15162.0,214.43,0,10850.46,1466.26,3128.96,60227.95,0,14083.03,0,0,70428.7,0,0,0,2747.95,2709.66,0,23651.64,22601.68,56.29,2470.68,13889.71,0,0,0,0
2009-05-10 10:00:00,0,1730.97,0,326.03,9740.63,7314.44,6003.16,0,0,2401.76,16852.88,229.45,0,10882.37,1634.49,3183.93,61750.27,0,14403.02,0,0,70979.5,0,0,0,2934.91,2897.46,0,25240.9,23312.29,57.56,2811.82,14093.51,0,0,0,0
2009-05-10 11:00:00,0,1813.27,0,357.78,10338.21,7905.15,6431.62,0,0,2543.02,18126.14,250.47,0,10860.92,1758.47,3239.5,62899.67,0,14610.02,0,0,70793.3,0,0,0,3080.15,3068.97,0,26883.92,24070.56,59.12,3019.88,14128.58,0,0,0,0
2009-05-10 12:00:00,0,1863.88,0,383.38,10992.82,8300.85,6738.53,0,0,2645.02,19105.07,268.6,0,10851.69,1847.66,3268.51,64769.97,0,14631.88,0,0,71503.55,0,0,0,3183.21,3172.6,0,28106.58,24727.18,61.13,3141.95,14271.05,0,0,0,0
2009-05-10 13:00:00,0,1908.85,0,403.39,11528.75,8600.29,6994.11,0,0,2737.69,19735.02,284.77,0,10865.53,1922.06,3312.78,66378.86,0,14587.96,0,0,72210.45,0,0,0,3211.57,3228.18,0,29125.49,25398.74,63.18,3228.36,14975.4,0,0,0,0
2009-05-10 14:00:00,0,1953.34,0,419.57,11928.9,8850.65,7171.99,0,0,2824.85,20080.15,301.67,0,10877.98,2007.69,3369.57,67348.76,0,14415.04,0,0,73481.64,0,0,0,3240.53,3256.95,0,29893.13,25928.3,64.53,3281.81,15657.8,0,0,0,0
2009-05-10 15:00:00,0,2001.82,0,424.44,12221.19,8974.59,7359.57,0,0,2890.59,20343.0,314.6,0,10928.52,2073.46,3388.25,67196.05,0,14497.64,0,0,74252.37,0,0,0,3296.17,3265.2,0,30004.69,26322.32,66.13,3277.31,16180.55,0,0,0,0
2009-05-10 16:00:00,0,2048.16,0,422.66,12474.63,8922.0,7502.95,0,0,2877.57,20272.51,318.36,0,11074.86,2082.46,3453.73,66926.04,0,14934.81,0,0,74816.62,0,0,0,3333.6,3271.79,0,29821.2,26674.37,67.26,3250.35,16299.46,0,0,0,0
2009-05-10 17:00:00,0,2059.35,0,416.26,12507.18,8825.51,7510.76,0,0,2839.59,20016.78,319.53,0,11337.61,2068.7,3563.75,66698.69,0,15360.01,0,0,75794.65,0,0,0,3371.16,3289.38,0,29355.28,26859.28,67.49,3144.68,16260.44,0,0,0,0
2009-05-10 18:00:00,0,2057.79,0,406.17,12344.35,8529.79,7449.63,0,0,2737.19,19500.6,314.98,0,11608.87,2005.87,3572.84,66301.89,0,15412.59,0,0,76712.21,0,0,0,3327.5,3252.15,0,28520.68,26877.86,67.84,3018.27,16222.36,0,0,0,0
2009-05-10 19:00:00,0,1997.62,0,423.58,13722.02,8438.29,8069.29,0,0,2858.81,19301.56,332.93,0,14218.55,2116.73,4117.23,73229.23,0,18046.44,0,0,90303.21,0,0,0,3387.91,3191.84,0,29452.79,27191.2,78.66,3267.29,18100.97,0,0,0,0
2009-05-10 20:00:00,0,1995.41,0,402.86,12999.67,7683.82,7433.45,0,0,2537.89,17557.5,303.08,0,13348.07,1849.8,3919.69,72272.45,0,17255.06,0,0,86634.41,0,0,0,3275.05,3045.43,0,28465.4,28209.32,75.59,2944.22,17813.46,0,0,0,0
2009-05-10 21:00:00,0,1981.11,0,377.77,12399.13,7029.38,6837.09,0,0,2308.63,16192.61,278.04,0,12579.6,1661.08,3692.64,70821.39,0,16574.9,0,0,81812.57,0,0,0,3102.73,2887.85,0,27479.09,28063.36,71.5,2704.62,17672.65,0,0,0,0
2009-05-10 22:00:00,0,1914.56,0,344.6,11337.05,6266.68,6273.3,0,0,2121.2,14782.78,250.2,0,11791.51,1526.66,3532.12,68295.22,0,15596.87,0,0,77616.82,0,0,0,2855.3,2682.06,0,25512.8,27257.3,67.51,2497.43,16485.88,0,0,0,0
2009-05-10 23:00:00,0,1766.22,0,314.74,10438.1,5624.5,5765.01,0,0,1945.64,13479.21,227.84,0,10960.55,1391.58,3376.1,65248.0,0,14592.13,0,0,73853.2,0,0,0,2636.31,2482.73,0,23746.33,25761.44,65.21,2300.13,15357.48,0,0,0,0
2009-05-11 00:00:00,0,1640.51,0,286.56,9612.23,5033.21,5287.29,0,0,1785.1,12319.1,206.4,0,10175.51,1268.38,3225.21,62325.83,0,13741.9,0,0,70235.15,0,0,0,2450.45,2286.63,0,22206.47,24482.22,63.05,2105.99,14435.28,0,0,0,0
2009-05-11 01:00:00,0,1510.68,0,260.64,8932.85,4491.18,4888.59,0,0,1630.06,11208.9,190.38,0,9692.38,1150.73,3078.29,59413.95,0,13018.4,0,0,66964.66,0,0,0,2316.97,2134.4,0,20929.73,23211.94,60.96,1923.75,13576.66,0,0,0,0
2009-05-11 02:00:00,0,1408.54,0,237.78,8497.67,4175.57,4555.56,0,0,1498.56,10262.27,174.36,0,9657.32,1059.39,2981.35,57018.25,0,12630.35,0,0,64605.03,0,0,0,2230.75,2048.47,0,20111.34,22086.66,58.67,1798.77,12941.7,0,0,0,0
2009-05-11 03:00:00,0,1385.02,0,228.5,8380.62,4080.57,4511.63,0,0,1458.02,9872.54,162.94,0,9705.48,1059.58,2944.68,56241.82,0,12442.42,0,0,64393.82,0,0,0,2194.26,2021.68,0,19787.74,21613.32,57.93,1755.85,12845.95,0,0,0,0
2009-05-11 04:00:00,0,1442.85,0,232.41,8607.92,4236.18,4662.6,0,0,1502.55,10069.66,162.9,0,9921.76,1088.55,3028.95,57159.02,0,12635.07,0,0,65977.96,0,0,0,2234.75,2053.84,0,20147.28,21644.85,58.66,1789.63,13096.44,0,0,0,0
2009-05-11 05:00:00,0,1507.05,0,240.76,9013.72,4419.11,4901.4,0,0,1549.4,10390.22,166.0,0,10859.27,1118.39,3147.87,58783.94,0,13568.55,0,0,68324.82,0,0,0,2288.54,2085.94,0,20555.1,22216.02,59.94,1837.76,13510.91,0,0,0,0
2009-05-11 06:00:00,0,1573.86,0,257.47,9608.38,4666.51,5188.03,0,0,1656.01,11046.22,173.68,0,11859.56,1193.68,3290.75,61288.37,0,15403.59,0,0,75243.87,0,0,0,2356.39,2134.88,0,21046.45,22913.69,62.5,1930.8,13978.69,0,0,0,0
2009-05-11 07:00:00,0,1698.01,0,291.54,10296.26,5261.93,5467.02,0,0,1886.22,12571.16,192.86,0,12355.99,1304.33,3501.41,65324.02,0,16225.89,0,0,77639.04,0,0,0,2445.0,2208.05,0,21969.09,24610.46,63.63,2147.64,14737.88,0,0,0,0
2009-05-11 08:00:00,0,1721.5,0,322.41,10618.14,6043.43,5683.22,0,0,2120.83,14518.72,225.84,0,12738.09,1441.0,3637.04,67456.57,0,16827.55,0,0,80484.5,0,0,0,2533.8,2283.59,0,22598.34,25172.13,65.09,2411.08,15185.68,0,0,0,0
2009-05-11 09:00:00,0,1755.74,0,349.92,10796.9,6858.56,5867.55,0,0,2333.77,16160.88,246.87,0,12550.69,1611.27,3711.13,69549.03,0,16961.19,0,0,82220.51,0,0,0,2605.48,2351.46,0,23174.1,25585.28,65.73,2720.65,15668.89,0,0,0,0
2009-05-11 10:00:00,0,1805.02,0,382.77,10871.79,7747.53,6024.55,0,0,2542.42,17846.75,271.84,0,12369.09,1839.43,3737.68,70881.98,0,16897.15,0,0,83059.66,0,0,0,2662.42,2412.74,0,23788.88,26035.29,66.85,3009.94,16098.65,0,0,0,0
2009-05-11 11:00:00,0,1836.22,0,406.8,10966.1,8313.0,6129.3,0,0,2709.64,18913.49,290.03,0,12336.45,1995.09,3772.12,71664.01,0,16811.11,0,0,82653.36,0,0,0,2708.35,2465.16,0,24389.91,26679.15,68.62,3226.97,16438.41,0,0,0,0
2009-05-11 12:00:00,0,1848.28,0,424.07,10972.8,8743.95,6228.02,0,0,2821.15,19807.58,309.34,0,12354.8,2096.58,3841.08,72392.04,0,16891.97,0,0,82612.1,0,0,0,2759.25,2527.93,0,24816.67,27201.06,69.72,3374.49,16681.93,0,0,0,0
2009-05-11 13:00:00,0,1838.74,0,445.6,11013.41,9036.89,6327.73,0,0,2913.34,20494.52,328.79,0,12336.15,2169.91,3866.4,73266.33,0,16742.3,0,0,82389.31,0,0,0,2823.61,2585.52,0,25290.55,27748.56,71.09,3469.17,16949.47,0,0,0,0
2009-05-11 14:00:00,0,1833.92,0,463.25,11057.26,9234.05,6385.51,0,0,3009.67,20902.72,340.72,0,12381.82,2190.16,3879.06,73888.48,0,16816.74,0,0,82113.91,0,0,0,2875.49,2635.38,0,26103.75,27976.58,73.16,3505.72,17145.63,0,0,0,0
2009-05-11 15:00:00,0,1850.69,0,466.64,11046.47,9364.7,6421.7,0,0,3088.5,21109.85,340.96,0,12377.36,2150.65,3858.64,74173.1,0,16801.9,0,0,81792.74,0,0,0,2886.5,2668.4,0,27011.0,28032.34,74.43,3518.0,17201.57,0,0,0,0
2009-05-11 16:00:00,0,1904.15,0,461.51,11082.97,9412.55,6456.88,0,0,3068.49,20825.17,348.65,0,12441.1,2062.3,3858.24,73941.34,0,16922.63,0,0,82094.9,0,0,0,2849.69,2658.76,0,27307.08,28151.54,75.18,3433.38,17198.74,0,0,0,0
2009-05-11 17:00:00,0,1953.09,0,442.42,11150.13,9097.2,6483.62,0,0,2955.04,20219.34,346.58,0,12593.06,1982.3,3867.63,74041.0,0,16987.37,0,0,82729.11,0,0,0,2802.45,2635.28,0,27142.96,28441.73,76.05,3329.41,17224.44,0,0,0,0
2009-05-11 18:00:00,0,1994.92,0,435.82,11191.93,8728.06,6500.41,0,0,2830.29,19454.9,333.64,0,12877.89,1915.41,3840.8,74321.58,0,17056.53,0,0,83322.45,0,0,0,2779.63,2609.37,0,26887.54,28365.39,75.94,3263.26,17264.86,0,0,0,0
2009-05-11 19:00:00,0,2024.87,0,418.71,11508.85,8400.84,6574.61,0,0,2818.24,18961.27,319.27,0,14068.88,1924.78,3920.78,74146.64,0,17740.37,0,0,87488.13,0,0,0,2709.67,2552.43,0,27055.78,27566.89,76.84,3272.08,17669.76,0,0,0,0
2009-05-11 20:00:00,0,1997.29,0,396.16,11282.48,7740.2,6171.91,0,0,2542.99,17432.9,293.15,0,13103.03,1771.57,3800.18,72840.14,0,17016.48,0,0,84490.5,0,0,0,2651.36,2438.86,0,26278.81,27969.07,73.17,2977.61,17244.68,0,0,0,0
2009-05-11 21:00:00,0,1972.43,0,372.5,10948.32,7079.32,5762.72,0,0,2323.87,16093.21,276.88,0,12232.03,1637.45,3597.39,70693.94,0,16288.11,0,0,80222.23,0,0,0,2556.8,2329.76,0,25622.17,27815.46,68.17,2744.21,17075.34,0,0,0,0
2009-05-11 22:00:00,0,1887.07,0,343.94,10171.06,6306.79,5410.15,0,0,2138.26,14749.36,252.41,0,11410.39,1506.08,3431.04,68077.48,0,15263.39,0,0,76537.75,0,0,0,2395.07,2185.56,0,23980.89,27020.27,65.53,2517.05,15935.22,0,0,0,0
2009-05-11 23:00:00,0,1720.92,0,316.76,9436.89,5682.67,5074.55,0,0,1964.39,13494.15,230.95,0,10634.13,1395.14,3283.95,65082.56,0,14280.67,0,0,73170.47,0,0,0,2245.05,2052.97,0,22348.43,25588.97,63.2,2326.28,14906.2,0,0,0,0
2009-05-12 00:00:00,0,1593.86,0,289.69,8799.0,5128.65,4780.95,0,0,1806.24,12385.31,210.86,0,9919.43,1287.68,3154.37,62105.43,0,13532.51,0,0,69817.65,0,0,0,2109.43,1939.28,0,20968.98,24381.56,61.03,2134.78,14042.91,0,0,0,0
2009-05-12 01:00:00,0,1465.4,0,262.3,8296.86,4623.71,4525.38,0,0,1654.41,11311.06,193.67,0,9628.6,1186.12,3030.66,59204.0,0,12829.55,0,0,66692.61,0,0,0,1986.09,1830.16,0,19668.18,23199.36,59.34,1963.12,13239.84,0,0,0,0
2009-05-12 02:00:00,0,1372.11,0,236.75,8024.88,4309.04,4466.84,0,0,1514.23,10378.47,179.96,0,9596.12,1121.32,2920.83,56831.25,0,12390.07,0,0,64343.13,0,0,0,1930.07,1789.37,0,18854.24,22114.92,57.87,1853.18,12647.0,0,0,0,0
2009-05-12 03:00:00,0,1363.69,0,226.32,8098.88,4212.71,4656.44,0,0,1460.28,9996.67,171.18,0,9740.57,1102.21,2898.41,55852.08,0,12256.07,0,0,64040.44,0,0,0,1925.79,1848.92,0,18422.58,21686.78,56.73,1823.78,12467.46,0,0,0,0
2009-05-12 04:00:00,0,1416.39,0,231.63,8511.78,4364.46,4981.35,0,0,1498.16,10185.65,173.4,0,9961.1,1138.37,3022.64,56634.25,0,12559.45,0,0,65366.47,0,0,0,2009.18,1906.49,0,18723.4,21743.15,57.74,1870.11,12714.45,0,0,0,0
2009-05-12 05:00:00,0,1487.57,0,238.51,9055.38,4535.14,5281.88,0,0,1539.89,10445.95,177.67,0,10751.92,1157.1,3159.48,58314.06,0,13482.2,0,0,67640.01,0,0,0,2102.0,1968.92,0,19069.87,22362.15,59.13,1903.67,13166.62,0,0,0,0
2009-05-12 06:00:00,0,1559.61,0,253.05,10239.18,4757.27,5684.85,0,0,1649.9,11136.88,182.52,0,11777.19,1209.6,3379.15,61116.57,0,15538.33,0,0,75248.14,0,0,0,2304.15,2096.98,0,19903.32,23051.94,60.57,1974.56,13930.02,0,0,0,0
2009-05-12 07:00:00,0,1657.9,0,283.19,10276.36,5299.6,5797.68,0,0,1856.05,12464.23,191.37,0,12324.29,1284.25,3505.87,65420.96,0,16306.94,0,0,78105.11,0,0,0,2364.2,2170.31,0,21052.75,24530.52,62.28,2186.76,14863.3,0,0,0,0
2009-05-12 08:00:00,0,1703.51,0,297.52,10242.63,5963.67,5766.9,0,0,2050.24,13892.7,200.93,0,12720.61,1325.39,3574.02,67671.69,0,16788.87,0,0,80653.97,0,0,0,2427.29,2208.41,0,21774.23,25602.38,64.42,2420.33,15455.78,0,0,0,0
2009-05-12 09:00:00,0,1766.15,0,311.89,10573.48,6506.24,5812.51,0,0,2225.42,15225.08,214.62,0,12547.41,1368.21,3708.04,69884.32,0,16879.07,0,0,81772.85,0,0,0,2509.04,2276.16,0,22572.81,26485.09,66.22,2676.23,16023.81,0,0,0,0
2009-05-12 10:00:00,0,1810.66,0,326.5,10764.23,7207.56,5755.03,0,0,2411.39,16724.72,239.42,0,12409.43,1420.86,3861.33,71453.29,0,16799.96,0,0,81750.04,0,0,0,2535.13,2310.12,0,23173.16,27393.21,68.54,2932.85,16362.97,0,0,0,0
2009-05-12 11:00:00,0,1859.22,0,351.66,10714.49,7857.44,5796.96,0,0,2613.89,18005.65,251.89,0,12443.03,1516.29,3923.26,72757.05,0,16766.54,0,0,82034.85,0,0,0,2531.08,2342.53,0,23797.31,28435.69,71.16,3177.62,16582.11,0,0,0,0
2009-05-12 12:00:00,0,1881.06,0,374.84,10799.31,8307.07,5844.33,0,0,2740.3,18820.48,268.81,0,12513.53,1581.01,3940.92,74029.09,0,16757.57,0,0,82481.93,0,0,0,2577.95,2378.96,0,24513.51,29466.07,73.22,3367.88,16717.78,0,0,0,0
2009-05-12 13:00:00,0,1933.29,0,389.23,10891.88,8594.2,5923.98,0,0,2826.23,19410.44,282.36,0,12567.64,1647.11,4002.31,75392.16,0,16680.81,0,0,82912.03,0,0,0,2637.46,2416.53,0,25244.0,30238.43,76.43,3491.48,16947.78,0,0,0,0
2009-05-12 14:00:00,0,1964.51,0,400.63,11016.04,8691.32,6074.75,0,0,2879.43,19672.36,286.72,0,12539.69,1645.05,4053.67,75827.35,0,16811.29,0,0,83053.51,0,0,0,2694.26,2459.81,0,25814.53,30794.47,79.7,3514.51,17417.82,0,0,0,0
2009-05-12 15:00:00,0,1995.43,0,392.2,11201.81,8662.13,6255.62,0,0,2904.77,19698.26,287.01,0,12476.57,1616.58,4087.76,75796.96,0,16956.69,0,0,82899.92,0,0,0,2746.14,2559.27,0,26489.33,31194.98,81.39,3510.49,17940.65,0,0,0,0
2009-05-12 16:00:00,0,2080.96,0,385.72,11478.79,8384.4,6536.77,0,0,2782.56,19232.59,284.11,0,12526.43,1584.82,4147.61,75388.79,0,17203.96,0,0,82512.45,0,0,0,2805.46,2651.45,0,26757.6,31927.79,82.14,3437.19,18475.94,0,0,0,0
2009-05-12 17:00:00,0,2134.15,0,379.7,11851.08,8017.3,6592.51,0,0,2661.63,18416.99,271.81,0,12640.79,1573.4,4242.16,74823.02,0,17208.89,0,0,84120.39,0,0,0,2843.84,2672.67,0,26866.84,32291.0,81.58,3308.3,18548.57,0,0,0,0
2009-05-12 18:00:00,0,2134.32,0,371.85,11962.56,7792.57,6631.87,0,0,2555.71,17740.1,259.27,0,12910.53,1555.29,4152.79,75229.78,0,17109.59,0,0,85695.87,0,0,0,2807.3,2667.78,0,26720.0,32062.78,81.23,3265.32,18353.88,0,0,0,0
2009-05-12 19:00:00,0,2192.76,0,386.48,12315.48,7901.39,7045.69,0,0,2571.43,17526.3,261.91,0,14062.97,1582.14,4299.61,74501.86,0,17796.69,0,0,91361.57,0,0,0,2848.98,2714.64,0,27449.43,30864.74,80.95,3246.88,18816.36,0,0,0,0
2009-05-12 20:00:00,0,2148.78,0,371.18,11730.18,7458.85,6447.93,0,0,2388.0,16428.65,252.88,0,13074.86,1512.68,4055.4,73304.41,0,16944.45,0,0,87007.96,0,0,0,2744.38,2568.52,0,26524.07,31083.12,78.77,3019.49,18130.32,0,0,0,0
2009-05-12 21:00:00,0,2111.88,0,353.97,11336.69,6931.42,5968.44,0,0,2227.31,15362.39,249.86,0,12206.94,1460.2,3763.2,72108.67,0,16180.32,0,0,81418.69,0,0,0,2621.14,2423.72,0,25657.56,30347.09,74.13,2791.8,17859.07,0,0,0,0
2009-05-12 22:00:00,0,2013.06,0,321.62,10469.5,6295.31,5570.98,0,0,2090.8,14301.16,234.93,0,11404.57,1402.44,3553.88,69588.22,0,15280.25,0,0,77168.2,0,0,0,2431.3,2246.79,0,23858.42,29106.53,69.91,2569.12,16606.68,0,0,0,0
2009-05-12 23:00:00,0,1847.13,0,291.43,9648.89,5720.48,5206.85,0,0,1961.02,13292.45,218.58,0,10617.02,1335.54,3368.24,66693.8,0,14365.98,0,0,73554.51,0,0,0,2263.7,2100.86,0,22252.51,27487.69,67.39,2355.14,15629.37,0,0,0,0
2009-05-13 00:00:00,0,1699.0,0,263.64,8966.18,5173.94,4864.73,0,0,1838.04,12431.31,201.8,0,9900.55,1252.41,3226.5,63928.58,0,13601.32,0,0,70124.11,0,0,0,2123.83,1971.5,0,20874.71,26101.54,65.46,2168.16,14615.2,0,0,0,0
2009-05-13 01:00:00,0,1561.72,0,237.42,8432.44,4657.89,4533.06,0,0,1703.91,11561.81,183.1,0,9605.88,1166.41,3099.08,61094.76,0,12907.09,0,0,67028.09,0,0,0,2010.8,1848.18,0,19646.82,24789.94,63.6,2011.4,13650.71,0,0,0,0
2009-05-13 02:00:00,0,1423.89,0,218.46,8073.7,4334.03,4328.07,0,0,1579.08,10739.61,166.45,0,9545.84,1100.77,2981.73,58405.94,0,12424.07,0,0,64572.89,0,0,0,1952.23,1770.66,0,18957.53,23621.17,62.16,1896.52,12982.24,0,0,0,0
2009-05-13 03:00:00,0,1389.65,0,211.63,8057.49,4216.64,4377.29,0,0,1518.38,10354.79,158.93,0,9661.48,1070.22,2900.29,56998.8,0,12264.12,0,0,63885.28,0,0,0,1938.83,1804.37,0,18597.12,23114.9,61.68,1849.68,12728.64,0,0,0,0
2009-05-13 04:00:00,0,1425.68,0,218.91,8340.92,4321.46,4646.51,0,0,1562.22,10600.82,164.79,0,9880.77,1103.97,2987.25,57624.33,0,12511.77,0,0,65241.78,0,0,0,2005.24,1855.13,0,18848.61,22753.82,62.15,1894.77,12822.37,0,0,0,0
2009-05-13 05:00:00,0,1478.98,0,227.53,8844.78,4513.48,4904.28,0,0,1618.47,10963.44,170.4,0,10785.54,1132.74,3110.9,59414.35,0,13498.27,0,0,67747.09,0,0,0,2091.15,1905.47,0,19245.85,23096.45,62.82,1949.57,13207.95,0,0,0,0
2009-05-13 06:00:00,0,1525.17,0,243.92,9871.65,4743.28,5359.03,0,0,1715.68,11588.67,177.87,0,11531.27,1211.17,3321.82,61284.33,0,15172.11,0,0,75531.79,0,0,0,2272.95,2006.31,0,19920.88,23586.88,63.9,2026.37,13786.43,0,0,0,0
2009-05-13 07:00:00,0,1650.7,0,279.17,10121.63,5164.0,5506.12,0,0,1891.08,12828.69,195.79,0,11943.48,1335.41,3628.13,64625.14,0,15746.94,0,0,78094.35,0,0,0,2382.97,2114.01,0,21219.17,25047.7,65.68,2159.43,14966.82,0,0,0,0
2009-05-13 08:00:00,0,1735.92,0,298.63,10381.7,5671.51,5653.92,0,0,2032.06,14091.72,213.22,0,12402.8,1426.21,3838.54,68264.45,0,16242.85,0,0,80927.09,0,0,0,2493.73,2233.81,0,22109.44,26614.87,68.14,2325.71,15522.22,0,0,0,0
2009-05-13 09:00:00,0,1773.49,0,319.8,10709.87,6110.04,5685.85,0,0,2153.62,15091.62,226.51,0,12587.65,1477.9,4042.7,70949.67,0,16649.09,0,0,82867.88,0,0,0,2591.95,2333.58,0,22980.35,27927.49,70.8,2532.17,15952.49,0,0,0,0
2009-05-13 10:00:00,0,1815.93,0,341.99,10860.59,6762.56,5709.89,0,0,2322.16,16409.34,247.86,0,12527.12,1623.72,4136.32,73483.88,0,16820.05,0,0,84205.6,0,0,0,2684.59,2432.94,0,23732.47,29195.08,73.47,2798.11,16373.41,0,0,0,0
2009-05-13 11:00:00,0,1928.55,0,372.68,11108.51,7498.5,5751.52,0,0,2498.28,17513.87,267.79,0,12559.15,1736.81,4158.46,75874.14,0,16853.09,0,0,85041.49,0,0,0,2764.24,2504.32,0,24562.98,30864.03,76.77,3020.91,16849.88,0,0,0,0
2009-05-13 12:00:00,0,2066.73,0,397.86,11339.95,7915.16,5910.38,0,0,2619.32,18226.94,289.58,0,12641.87,1809.07,4148.86,77586.08,0,16877.07,0,0,85754.62,0,0,0,2809.02,2568.07,0,25368.65,32250.8,78.82,3152.15,17345.55,0,0,0,0
2009-05-13 13:00:00,0,2209.24,0,417.95,11550.52,8139.49,6109.18,0,0,2699.08,18811.15,304.21,0,12681.86,1857.24,4172.69,78882.59,0,16923.39,0,0,86350.55,0,0,0,2874.23,2648.23,0,26108.21,33263.17,81.01,3200.02,17851.67,0,0,0,0
2009-05-13 14:00:00,0,2310.26,0,436.87,11703.96,8316.58,6303.4,0,0,2763.99,19318.18,320.31,0,12715.54,1909.55,4170.49,80355.33,0,16960.29,0,0,87063.85,0,0,0,2914.96,2724.2,0,27257.19,33989.83,82.1,3211.75,18036.88,0,0,0,0
2009-05-13 15:00:00,0,2382.18,0,450.89,11800.39,8340.18,6491.55,0,0,2793.44,19584.08,314.56,0,12685.8,1946.39,4161.8,80670.98,0,16938.09,0,0,87460.41,0,0,0,2944.95,2790.76,0,28257.75,34409.95,83.51,3248.77,18246.63,0,0,0,0
2009-05-13 16:00:00,0,2443.5,0,457.54,11950.75,8236.93,6631.65,0,0,2774.11,19545.92,302.39,0,12840.47,1939.32,4169.19,80480.01,0,17035.32,0,0,87534.63,0,0,0,2963.43,2827.86,0,28699.97,34529.23,84.92,3237.33,18532.2,0,0,0,0
2009-05-13 17:00:00,0,2556.83,0,451.94,11925.3,8090.83,6669.88,0,0,2737.18,19268.91,291.13,0,12967.53,1908.45,4145.65,79943.93,0,17226.71,0,0,87181.47,0,0,0,2947.52,2827.45,0,28600.78,34454.34,85.53,3207.0,18670.79,0,0,0,0
2009-05-13 18:00:00,0,2667.81,0,435.87,11924.47,7842.94,6694.76,0,0,2667.25,18652.0,277.74,0,13053.54,1859.36,4087.41,79716.1,0,17249.99,0,0,86631.96,0,0,0,2919.33,2830.88,0,28190.63,34151.92,85.86,3179.49,18626.86,0,0,0,0
2009-05-13 19:00:00,0,2849.94,0,418.64,12534.87,7991.03,7214.61,0,0,2680.11,18379.92,279.01,0,14506.02,1915.52,4143.46,79359.78,0,18212.39,0,0,92163.37,0,0,0,2939.77,2843.98,0,28385.72,34222.66,84.13,3145.58,19210.47,0,0,0,0
2009-05-13 20:00:00,0,2743.04,0,393.13,12018.96,7583.19,6655.6,0,0,2470.34,17099.72,273.47,0,13483.9,1699.36,4058.11,78364.73,0,17320.88,0,0,88035.56,0,0,0,2888.37,2728.45,0,27492.81,32754.26,83.46,2959.92,18490.64,0,0,0,0
2009-05-13 21:00:00,0,2536.21,0,361.15,11690.98,7002.6,6169.32,0,0,2298.74,15980.86,259.57,0,12575.4,1545.27,3850.81,76838.52,0,16506.07,0,0,84415.8,0,0,0,2798.69,2619.42,0,26687.19,31807.98,79.7,2761.22,18376.27,0,0,0,0
2009-05-13 22:00:00,0,2377.15,0,331.01,10929.39,6368.2,5748.65,0,0,2151.52,14862.99,239.32,0,11724.82,1427.31,3664.8,73739.87,0,15600.81,0,0,80983.71,0,0,0,2609.12,2435.71,0,24959.73,30409.86,76.75,2589.35,17385.64,0,0,0,0
2009-05-13 23:00:00,0,2142.02,0,303.97,10150.09,5822.82,5348.86,0,0,2009.78,13777.31,220.12,0,10896.46,1316.39,3532.24,70374.92,0,14694.61,0,0,77600.56,0,0,0,2433.76,2275.87,0,23354.14,28152.07,73.59,2410.39,16283.07,0,0,0,0
2009-05-14 00:00:00,0,1944.42,0,280.04,9374.9,5280.74,4949.7,0,0,1857.2,12779.57,201.01,0,10084.97,1218.74,3407.39,67244.24,0,13777.71,0,0,74273.37,0,0,0,2274.48,2121.47,0,21910.8,26197.2,71.41,2234.6,15231.1,0,0,0,0
2009-05-14 01:00:00,0,1727.7,0,257.16,8695.36,4793.39,4613.23,0,0,1709.73,11823.9,182.43,0,9676.66,1125.83,3309.71,64267.5,0,13034.49,0,0,70997.86,0,0,0,2163.31,1988.15,0,20656.57,24247.38,69.53,2089.98,14288.54,0,0,0,0
2009-05-14 02:00:00,0,1559.08,0,235.15,8280.52,4445.14,4368.2,0,0,1584.05,10978.12,165.41,0,9570.68,1050.57,3212.93,61511.29,0,12569.0,0,0,68218.09,0,0,0,2107.42,1889.13,0,19837.47,22665.98,67.76,1953.66,13561.11,0,0,0,0
2009-05-14 03:00:00,0,1457.76,0,224.0,8182.43,4293.92,4418.74,0,0,1519.8,10577.07,158.22,0,9653.99,1053.01,3111.07,59119.24,0,12412.45,0,0,66940.21,0,0,0,2083.13,1873.87,0,19471.57,21935.66,66.64,1895.84,13103.3,0,0,0,0
2009-05-14 04:00:00,0,1458.6,0,227.47,8437.54,4413.3,4674.02,0,0,1561.34,10742.44,163.15,0,9900.53,1089.26,3071.1,58218.35,0,12731.57,0,0,67292.18,0,0,0,2125.5,1921.06,0,19729.22,21812.69,65.24,1948.25,12855.78,0,0,0,0
2009-05-14 05:00:00,0,1473.34,0,234.02,8877.81,4595.4,4886.89,0,0,1617.99,11082.99,168.54,0,10820.08,1123.49,3183.58,59494.1,0,13644.66,0,0,68984.61,0,0,0,2196.93,1974.23,0,20070.16,22278.13,64.73,1998.65,13170.47,0,0,0,0
2009-05-14 06:00:00,0,1487.39,0,249.3,9857.46,4817.98,5257.61,0,0,1728.1,11751.18,176.45,0,11834.61,1198.53,3359.28,61045.63,0,15523.57,0,0,76553.25,0,0,0,2318.96,2073.29,0,20762.19,22917.37,65.02,2068.57,13883.21,0,0,0,0
2009-05-14 07:00:00,0,1597.12,0,282.83,10184.92,5293.98,5540.75,0,0,1925.09,13199.8,191.89,0,12403.89,1320.86,3613.65,64384.6,0,16544.75,0,0,80576.24,0,0,0,2423.75,2213.37,0,21947.53,24570.21,65.57,2203.43,15053.77,0,0,0,0
2009-05-14 08:00:00,0,1699.32,0,302.66,10619.05,5839.0,5857.99,0,0,2085.31,14465.57,206.35,0,12836.77,1402.98,3802.39,67634.25,0,17233.71,0,0,82987.77,0,0,0,2580.11,2376.98,0,22960.81,25533.83,67.05,2366.53,15803.93,0,0,0,0
2009-05-14 09:00:00,0,1779.17,0,327.06,10981.15,6250.91,6168.43,0,0,2224.46,15567.58,221.33,0,13132.96,1498.28,3964.2,70491.21,0,17855.54,0,0,84625.77,0,0,0,2709.75,2479.85,0,24068.21,26250.72,68.85,2521.41,16664.6,0,0,0,0
2009-05-14 10:00:00,0,1821.17,0,360.99,11372.45,6797.73,6412.43,0,0,2369.13,16834.91,238.78,0,13438.5,1678.44,4132.56,72219.96,0,18129.54,0,0,86234.41,0,0,0,2819.7,2582.61,0,25554.61,26815.96,70.89,2796.84,17353.82,0,0,0,0
2009-05-14 11:00:00,0,1831.02,0,390.18,11892.8,7422.38,6573.26,0,0,2513.22,17798.97,251.25,0,13647.96,1789.06,4279.97,73684.84,0,18420.32,0,0,87988.14,0,0,0,2963.78,2753.98,0,27221.48,27135.81,72.89,3054.01,18218.29,0,0,0,0
2009-05-14 12:00:00,0,1829.53,0,398.41,12538.32,7757.23,6767.26,0,0,2596.87,18411.87,259.48,0,13829.22,1843.16,4356.04,74111.86,0,18813.8,0,0,89617.0,0,0,0,3095.25,2899.38,0,29214.55,27504.07,74.94,3176.93,19158.33,0,0,0,0
2009-05-14 13:00:00,0,1829.98,0,397.52,13301.12,7829.19,7153.56,0,0,2639.21,18805.14,268.19,0,13882.83,1841.4,4448.49,74757.25,0,18725.83,0,0,91045.67,0,0,0,3223.3,3004.98,0,30883.31,27957.6,77.6,3182.64,20252.0,0,0,0,0
2009-05-14 14:00:00,0,1849.9,0,407.31,13827.05,7805.81,7327.63,0,0,2677.3,19135.0,269.66,0,13996.8,1841.43,4531.64,74936.91,0,18605.3,0,0,92524.39,0,0,0,3333.85,3104.98,0,31942.32,28274.93,81.4,3194.45,21035.74,0,0,0,0
2009-05-14 15:00:00,0,1897.99,0,410.66,14228.91,7852.8,7336.36,0,0,2695.19,19135.44,270.79,0,13960.99,1778.6,4581.79,74827.23,0,18482.74,0,0,93130.4,0,0,0,3411.95,3183.03,0,32719.03,28515.29,84.37,3202.55,21624.06,0,0,0,0
2009-05-14 16:00:00,0,1975.38,0,413.13,14395.66,7854.75,7377.29,0,0,2708.7,19101.79,268.83,0,14080.92,1738.59,4507.96,74682.91,0,18326.45,0,0,93485.73,0,0,0,3455.55,3223.97,0,32862.32,29067.62,85.79,3158.61,22029.27,0,0,0,0
2009-05-14 17:00:00,0,2073.74,0,410.01,14266.61,7715.23,7413.21,0,0,2685.56,18733.61,268.48,0,14068.81,1760.21,4424.91,74055.97,0,18252.64,0,0,93262.03,0,0,0,3407.99,3210.8,0,32711.93,29892.55,85.93,3112.13,22118.92,0,0,0,0
2009-05-14 18:00:00,0,2113.67,0,411.94,13864.58,7625.41,7366.16,0,0,2624.56,18241.42,270.37,0,14127.41,1760.24,4310.1,74794.53,0,18202.87,0,0,92217.84,0,0,0,3285.41,3151.56,0,32109.67,30364.44,84.81,3068.57,21665.55,0,0,0,0
2009-05-14 19:00:00,0,2136.96,0,406.07,14216.62,7904.86,7745.75,0,0,2697.6,18077.75,285.23,0,14329.12,1818.05,4381.03,75442.51,0,18187.04,0,0,96713.72,0,0,0,3286.67,3089.83,0,31776.75,29669.67,85.23,3092.54,21300.31,0,0,0,0
2009-05-14 20:00:00,0,2111.59,0,391.29,13608.07,7534.05,7324.47,0,0,2505.68,17090.34,275.03,0,13495.27,1690.41,4160.54,75066.23,0,17297.52,0,0,92957.01,0,0,0,3134.33,2920.09,0,30300.77,29850.59,81.61,2889.01,20332.39,0,0,0,0
2009-05-14 21:00:00,0,2038.92,0,367.93,12875.54,7002.94,6847.95,0,0,2328.0,16091.01,260.41,0,12682.94,1574.92,3898.79,73381.83,0,16434.71,0,0,88955.12,0,0,0,2963.55,2766.35,0,28985.07,29772.7,77.33,2710.81,19844.03,0,0,0,0
2009-05-14 22:00:00,0,1957.29,0,339.27,11785.49,6380.78,6369.91,0,0,2170.58,15001.61,239.58,0,11875.12,1472.19,3692.71,70757.42,0,15497.12,0,0,85523.05,0,0,0,2746.83,2568.3,0,26740.52,29126.53,72.76,2547.67,18507.26,0,0,0,0
2009-05-14 23:00:00,0,1828.81,0,311.02,10826.51,5835.16,5888.23,0,0,2015.06,13877.36,220.58,0,11100.3,1365.26,3476.98,67197.53,0,14710.21,0,0,81770.71,0,0,0,2552.12,2371.33,0,24773.37,27878.6,68.73,2375.42,17130.04,0,0,0,0
2009-05-15 00:00:00,0,1710.36,0,283.48,9956.53,5301.05,5442.66,0,0,1863.93,12885.07,201.33,0,10328.47,1253.6,3306.88,63839.56,0,13710.38,0,0,77631.77,0,0,0,2372.14,2193.44,0,23002.87,26472.38,66.35,2209.38,15883.62,0,0,0,0
2009-05-15 01:00:00,0,1582.28,0,259.16,9179.72,4803.34,5009.83,0,0,1715.95,11893.64,182.36,0,9776.2,1147.09,3141.57,60755.31,0,12970.57,0,0,73858.25,0,0,0,2242.34,2068.55,0,21608.32,25045.06,64.12,2049.54,14711.28,0,0,0,0
2009-05-15 02:00:00,0,1478.85,0,238.55,8791.41,4471.7,4701.57,0,0,1581.85,10990.53,171.16,0,9594.55,1076.48,2977.98,58069.96,0,12467.96,0,0,71008.63,0,0,0,2169.23,2011.69,0,20736.64,23663.11,62.67,1931.56,13886.46,0,0,0,0
2009-05-15 03:00:00,0,1426.13,0,229.35,8603.14,4357.39,4652.33,0,0,1519.22,10567.14,166.69,0,9704.26,1086.92,2912.91,56960.22,0,12260.03,0,0,69982.37,0,0,0,2148.73,2008.87,0,20382.95,22914.37,61.36,1892.1,13588.42,0,0,0,0
2009-05-15 04:00:00,0,1447.93,0,235.87,8741.46,4469.54,4842.0,0,0,1560.24,10710.57,169.69,0,10003.2,1124.95,3013.86,57621.5,0,12730.54,0,0,70768.63,0,0,0,2206.16,2047.59,0,20632.65,22697.3,60.95,1933.6,13762.84,0,0,0,0
2009-05-15 05:00:00,0,1492.97,0,243.27,9156.48,4633.05,5023.27,0,0,1610.36,11001.98,171.0,0,10532.07,1158.72,3131.65,59065.85,0,13541.84,0,0,72407.01,0,0,0,2265.9,2083.26,0,20916.39,23112.04,61.61,1983.11,14049.61,0,0,0,0
2009-05-15 06:00:00,0,1535.42,0,258.67,9951.18,4848.75,5329.0,0,0,1719.78,11629.13,177.26,0,11528.55,1231.85,3329.58,61786.97,0,15102.51,0,0,78504.27,0,0,0,2340.38,2143.77,0,21594.41,23702.08,62.69,2069.66,14486.78,0,0,0,0
2009-05-15 07:00:00,0,1631.64,0,292.62,10454.88,5297.33,5708.28,0,0,1895.23,12887.58,188.44,0,12228.3,1356.68,3545.68,65745.97,0,15929.4,0,0,80958.19,0,0,0,2461.26,2261.99,0,22607.89,25257.0,64.55,2196.56,15327.24,0,0,0,0
2009-05-15 08:00:00,0,1719.09,0,308.97,10932.5,5773.48,6043.78,0,0,2058.52,14265.33,202.98,0,12620.57,1455.0,3837.7,68734.17,0,16396.73,0,0,85344.85,0,0,0,2623.37,2387.56,0,23955.11,26328.5,67.82,2326.86,16418.79,0,0,0,0
2009-05-15 09:00:00,0,1785.59,0,337.13,11440.07,6176.57,6370.09,0,0,2187.56,15315.49,216.01,0,12798.95,1539.46,4128.1,71642.62,0,16879.11,0,0,89463.57,0,0,0,2760.89,2515.07,0,25174.36,27531.48,71.08,2449.2,17498.3,0,0,0,0
2009-05-15 10:00:00,0,1855.82,0,367.52,11976.58,6744.2,6690.75,0,0,2350.52,16523.45,226.56,0,12818.87,1702.09,4465.9,74314.54,0,17110.67,0,0,92978.27,0,0,0,2881.83,2612.07,0,26784.87,29074.54,75.26,2669.71,18648.31,0,0,0,0
2009-05-15 11:00:00,0,1931.97,0,392.42,12847.12,7454.46,6975.18,0,0,2533.88,17650.07,249.76,0,13407.46,1766.54,4780.76,76900.19,0,17571.14,0,0,96547.4,0,0,0,3018.63,2811.61,0,28638.61,31140.06,79.51,2927.39,19873.32,0,0,0,0
2009-05-15 12:00:00,0,2061.08,0,405.97,13567.47,7966.81,7408.86,0,0,2665.59,18403.96,273.01,0,13872.11,1826.43,4982.92,78935.93,0,18084.82,0,0,100397.25,0,0,0,3140.5,2968.28,0,30038.85,32584.55,82.3,3178.85,20994.06,0,0,0,0
2009-05-15 13:00:00,0,2153.9,0,420.28,14087.57,8431.0,7790.91,0,0,2764.87,18957.43,296.01,0,14135.7,1878.28,5135.39,80213.6,0,18355.55,0,0,103391.27,0,0,0,3252.3,3083.65,0,31198.64,33595.34,85.16,3392.07,21809.95,0,0,0,0
2009-05-15 14:00:00,0,2268.71,0,429.07,14521.91,8823.19,8086.14,0,0,2844.37,19372.01,316.03,0,14243.17,1942.81,5261.66,81093.77,0,18620.72,0,0,105680.17,0,0,0,3365.66,3172.82,0,32004.81,34496.13,87.84,3550.68,22240.15,0,0,0,0
2009-05-15 15:00:00,0,2368.41,0,435.65,14751.85,9128.24,8187.2,0,0,2897.31,19562.8,313.0,0,14518.93,2012.36,5320.21,82022.34,0,18868.23,0,0,106473.08,0,0,0,3452.2,3241.48,0,32418.98,35042.88,89.57,3653.21,22341.24,0,0,0,0
2009-05-15 16:00:00,0,2431.82,0,425.66,14805.48,9247.11,8234.51,0,0,2881.19,19532.66,326.57,0,14854.54,2025.13,5332.06,82408.05,0,19178.78,0,0,106649.89,0,0,0,3472.32,3256.02,0,32365.29,35255.72,90.66,3702.62,22350.01,0,0,0,0
2009-05-15 17:00:00,0,2452.51,0,422.25,14598.65,9113.65,8220.78,0,0,2817.7,19252.9,318.83,0,15184.06,2002.95,5237.57,82371.24,0,19031.66,0,0,105761.09,0,0,0,3416.15,3236.5,0,32095.42,34784.48,90.65,3650.17,22307.62,0,0,0,0
2009-05-15 18:00:00,0,2437.88,0,422.22,14306.86,8606.1,8123.94,0,0,2706.18,18729.66,310.06,0,15089.96,1942.31,4984.92,82480.63,0,18695.53,0,0,104680.77,0,0,0,3308.87,3180.82,0,31594.49,33904.45,89.67,3462.14,22126.47,0,0,0,0
2009-05-15 19:00:00,0,2461.96,0,392.32,13866.82,8025.07,8132.71,0,0,2592.02,17622.53,295.93,0,14952.1,1897.63,4655.11,77973.12,0,18594.78,0,0,102446.71,0,0,0,3229.58,3189.8,0,31077.22,32035.69,77.87,3210.04,20660.48,0,0,0,0
2009-05-15 20:00:00,0,2448.7,0,383.42,13332.97,7691.82,7571.82,0,0,2437.71,16610.26,282.63,0,13827.58,1774.46,4437.37,76654.71,0,17600.89,0,0,97837.96,0,0,0,3121.24,3045.39,0,30012.01,31947.97,78.18,3058.66,19936.97,0,0,0,0
2009-05-15 21:00:00,0,2386.06,0,358.29,12666.35,7334.87,7093.41,0,0,2299.64,15520.32,267.69,0,12745.88,1663.1,4153.98,74472.93,0,16522.3,0,0,92515.74,0,0,0,3006.22,2903.94,0,28774.14,30291.61,75.68,2859.9,19547.84,0,0,0,0
2009-05-15 22:00:00,0,2300.38,0,330.55,11623.79,6701.4,6662.2,0,0,2169.08,14550.31,247.32,0,11850.43,1549.77,3910.91,71721.39,0,15587.88,0,0,88226.2,0,0,0,2776.89,2718.32,0,26837.82,29045.97,71.2,2674.14,18291.16,0,0,0,0
2009-05-15 23:00:00,0,2104.57,0,305.55,10664.15,6062.45,6213.28,0,0,2020.08,13632.41,224.58,0,11040.05,1438.27,3723.74,68351.34,0,14658.35,0,0,84619.31,0,0,0,2593.91,2549.62,0,25123.61,27292.3,67.78,2485.06,16965.19,0,0,0,0
2009-05-16 00:00:00,0,1935.84,0,282.13,9880.38,5434.42,5747.62,0,0,1860.27,12665.32,202.22,0,10276.89,1310.55,3541.66,65337.23,0,13757.39,0,0,81026.84,0,0,0,2442.73,2394.21,0,23551.86,25784.69,64.58,2286.5,15735.08,0,0,0,0
2009-05-16 01:00:00,0,1760.34,0,262.64,9203.75,4901.21,5273.81,0,0,1724.27,11731.93,181.4,0,9822.4,1196.87,3342.42,62447.44,0,12843.56,0,0,77758.5,0,0,0,2316.99,2264.55,0,22530.15,24361.55,62.31,2116.25,14659.32,0,0,0,0
2009-05-16 02:00:00,0,1645.73,0,244.5,8685.11,4537.7,4901.2,0,0,1599.73,10948.97,165.67,0,9693.53,1111.23,3151.85,59620.7,0,12271.74,0,0,75405.07,0,0,0,2241.93,2154.85,0,21663.77,23025.53,60.51,1962.76,13920.91,0,0,0,0
2009-05-16 03:00:00,0,1536.4,0,231.07,8424.85,4300.84,4732.61,0,0,1520.27,10484.26,156.53,0,9650.88,1047.02,3048.78,57667.82,0,11927.11,0,0,73688.82,0,0,0,2173.92,2071.49,0,21096.45,21863.25,58.29,1861.8,13423.57,0,0,0,0
2009-05-16 04:00:00,0,1481.5,0,222.89,8359.37,4158.46,4675.12,0,0,1482.7,10204.48,151.41,0,9620.1,1027.26,2999.15,56507.14,0,11870.82,0,0,73344.49,0,0,0,2139.69,2073.19,0,20828.03,21131.12,57.0,1796.54,13012.15,0,0,0,0
2009-05-16 05:00:00,0,1459.07,0,217.74,8405.62,4147.32,4742.44,0,0,1485.0,10254.95,152.55,0,9579.39,1029.84,2988.97,56061.7,0,12020.21,0,0,73891.56,0,0,0,2127.47,2079.63,0,20811.77,20812.77,56.45,1783.32,12860.32,0,0,0,0
2009-05-16 06:00:00,0,1464.6,0,218.73,8664.52,4278.6,4942.58,0,0,1520.81,10481.62,156.15,0,9815.24,1060.8,3016.46,56367.03,0,12795.47,0,0,75542.79,0,0,0,2168.1,2114.85,0,20862.48,20848.52,56.51,1827.8,13021.92,0,0,0,0
2009-05-16 07:00:00,0,1519.4,0,239.1,9054.76,4842.35,5223.83,0,0,1722.61,11987.37,173.86,0,10137.08,1167.13,3164.83,57745.0,0,13536.68,0,0,77704.77,0,0,0,2236.39,2226.99,0,21216.83,21144.15,56.82,1990.64,13632.85,0,0,0,0
2009-05-16 08:00:00,0,1617.02,0,261.44,9559.4,5480.78,5529.07,0,0,1920.75,13803.48,189.71,0,10562.25,1292.33,3305.76,59797.08,0,14082.58,0,0,80439.82,0,0,0,2357.81,2389.53,0,22074.29,21672.65,57.33,2188.21,14546.9,0,0,0,0
2009-05-16 09:00:00,0,1712.64,0,289.16,10179.52,6076.12,5927.9,0,0,2100.71,15171.0,204.3,0,10859.06,1429.32,3465.09,62738.57,0,14551.7,0,0,83113.23,0,0,0,2547.08,2537.81,0,23405.25,22464.51,58.38,2389.85,15462.07,0,0,0,0
2009-05-16 10:00:00,0,1787.79,0,315.79,10811.95,6769.45,6657.29,0,0,2276.96,16388.72,219.33,0,11057.93,1580.2,3595.32,65011.41,0,14882.81,0,0,85625.01,0,0,0,2780.6,2791.81,0,24826.49,23496.32,59.58,2643.06,16248.07,0,0,0,0
2009-05-16 11:00:00,0,1813.85,0,324.13,11549.16,7326.04,7186.96,0,0,2416.74,17372.93,235.67,0,11176.8,1677.7,3747.76,66299.29,0,15426.93,0,0,87766.32,0,0,0,2958.63,2998.66,0,26435.16,24253.85,61.12,2868.56,17131.73,0,0,0,0
2009-05-16 12:00:00,0,1808.67,0,334.38,12129.59,7676.48,7538.05,0,0,2518.38,18173.25,248.72,0,11363.03,1747.94,3952.73,67239.52,0,15841.85,0,0,91294.13,0,0,0,3089.03,3139.0,0,27899.91,24866.6,62.66,3048.3,18134.03,0,0,0,0
2009-05-16 13:00:00,0,1830.08,0,345.21,12639.68,7997.46,7820.05,0,0,2606.03,18665.33,261.83,0,11645.66,1800.59,4091.0,67874.32,0,15931.27,0,0,94739.52,0,0,0,3186.41,3237.48,0,29132.17,25215.31,63.66,3191.45,19062.77,0,0,0,0
2009-05-16 14:00:00,0,1827.14,0,351.56,13033.9,8263.65,8077.67,0,0,2656.54,19080.08,276.78,0,11886.24,1859.06,4141.8,67608.29,0,15869.94,0,0,96005.36,0,0,0,3280.48,3332.84,0,29976.34,25348.36,64.33,3294.3,19589.7,0,0,0,0
2009-05-16 15:00:00,0,1831.56,0,361.74,13293.56,8431.46,8283.32,0,0,2678.31,19311.23,289.81,0,12199.52,1863.3,4091.18,67179.92,0,15919.87,0,0,95693.47,0,0,0,3365.88,3385.28,0,30592.92,25334.04,64.92,3354.22,19850.05,0,0,0,0
2009-05-16 16:00:00,0,1848.9,0,365.47,13293.38,8492.07,8366.31,0,0,2697.57,19307.0,296.85,0,12376.01,1813.39,3981.61,65757.28,0,16020.2,0,0,94988.32,0,0,0,3423.64,3399.1,0,30689.33,25284.8,64.33,3360.93,19877.05,0,0,0,0
2009-05-16 17:00:00,0,1852.39,0,363.84,13055.3,8304.39,8268.53,0,0,2671.86,18970.25,286.04,0,12481.73,1787.17,3703.37,64844.52,0,16167.2,0,0,93216.9,0,0,0,3363.77,3351.36,0,30473.35,25182.62,63.02,3294.13,19373.07,0,0,0,0
2009-05-16 18:00:00,0,1825.0,0,359.35,12825.89,7964.0,8060.53,0,0,2569.0,18185.81,279.91,0,12402.99,1734.89,3507.73,63732.75,0,16392.81,0,0,91304.87,0,0,0,3261.97,3245.32,0,29948.97,25128.31,61.3,3176.68,18321.39,0,0,0,0
2009-05-16 19:00:00,0,1782.11,0,375.41,13908.47,7923.85,8390.36,0,0,2608.83,17947.67,271.98,0,13640.87,1831.47,3864.88,67085.63,0,18190.47,0,0,95330.81,0,0,0,3302.88,3214.02,0,30061.15,25286.54,61.82,3224.33,18705.81,0,0,0,0
2009-05-16 20:00:00,0,1792.96,0,366.24,13511.37,7616.29,7805.48,0,0,2437.38,16819.88,263.57,0,12903.6,1718.31,3721.92,67580.91,0,17392.1,0,0,93462.15,0,0,0,3146.19,3054.79,0,29235.15,26168.45,61.27,3054.7,18021.3,0,0,0,0
2009-05-16 21:00:00,0,1850.53,0,349.75,12859.7,7274.88,7300.47,0,0,2304.63,15806.5,254.28,0,12289.78,1590.91,3527.27,66863.23,0,16675.73,0,0,89171.09,0,0,0,3024.71,2918.59,0,28257.09,25783.11,59.2,2853.14,17538.87,0,0,0,0
2009-05-16 22:00:00,0,1839.01,0,326.51,11748.57,6663.08,6828.16,0,0,2174.56,14817.83,234.05,0,11685.97,1474.88,3377.87,64917.56,0,15765.06,0,0,85167.47,0,0,0,2794.35,2739.74,0,26328.0,25131.1,57.5,2664.16,16342.27,0,0,0,0
2009-05-16 23:00:00,0,1735.11,0,304.02,10773.06,6034.72,6404.53,0,0,2021.29,13821.59,215.25,0,11014.17,1372.73,3231.85,62166.97,0,14888.73,0,0,81159.08,0,0,0,2604.81,2568.51,0,24579.52,24128.87,56.12,2492.83,15038.11,0,0,0,0
2009-05-17 00:00:00,0,1633.71,0,279.75,10017.45,5433.69,6017.69,0,0,1868.24,12835.75,198.51,0,10360.69,1265.08,3088.04,59540.59,0,14120.5,0,0,77106.07,0,0,0,2451.82,2406.37,0,23102.4,23268.12,54.33,2312.3,14020.28,0,0,0,0
2009-05-17 01:00:00,0,1552.61,0,255.83,9385.72,4918.0,5653.01,0,0,1729.59,11882.49,183.68,0,9875.7,1175.83,2909.44,57134.07,0,13288.93,0,0,72959.9,0,0,0,2341.43,2292.65,0,22088.59,22422.33,52.48,2140.91,13011.05,0,0,0,0
2009-05-17 02:00:00,0,1521.44,0,237.32,8908.13,4573.97,5290.71,0,0,1601.25,11040.91,172.31,0,9777.92,1102.92,2796.64,55174.41,0,12499.75,0,0,69867.05,0,0,0,2269.04,2184.25,0,21197.36,21571.08,51.09,1987.63,12106.92,0,0,0,0
2009-05-17 03:00:00,0,1536.32,0,228.02,8526.06,4336.25,5007.04,0,0,1514.27,10471.37,162.95,0,9772.92,1056.03,2721.85,54033.7,0,12169.78,0,0,67410.25,0,0,0,2206.58,2090.6,0,20581.01,21116.03,50.72,1879.33,11752.4,0,0,0,0
2009-05-17 04:00:00,0,1577.55,0,223.75,8410.55,4196.16,4855.65,0,0,1472.78,10119.42,157.08,0,9894.39,1042.23,2688.43,53412.38,0,12080.02,0,0,66027.26,0,0,0,2183.41,2091.31,0,20298.57,20972.14,50.93,1813.79,11612.65,0,0,0,0
2009-05-17 05:00:00,0,1654.98,0,220.48,8354.95,4173.2,4834.48,0,0,1465.34,10117.93,156.5,0,9999.35,1050.01,2749.68,53668.15,0,12179.53,0,0,65436.96,0,0,0,2192.34,2098.95,0,20230.87,21147.87,51.83,1799.68,11542.43,0,0,0,0
2009-05-17 06:00:00,0,1755.63,0,223.52,8633.33,4345.29,4978.81,0,0,1523.46,10461.99,159.39,0,10239.95,1081.6,2854.16,54953.67,0,12781.99,0,0,66530.91,0,0,0,2216.94,2156.9,0,20236.96,21474.2,52.83,1846.33,11876.21,0,0,0,0
2009-05-17 07:00:00,0,1878.35,0,235.76,9034.56,4837.3,5301.97,0,0,1692.8,11823.19,172.31,0,10528.84,1181.56,2957.14,57379.04,0,13747.08,0,0,67503.79,0,0,0,2301.98,2309.8,0,20483.61,21771.8,53.52,1985.08,12821.04,0,0,0,0
2009-05-17 08:00:00,0,1803.02,0,255.81,9509.71,5383.94,5603.29,0,0,1863.65,13590.28,186.63,0,10871.19,1296.97,3151.08,59350.81,0,14165.17,0,0,69104.07,0,0,0,2419.38,2453.06,0,21170.67,21715.73,53.23,2133.56,13757.08,0,0,0,0
2009-05-17 09:00:00,0,1810.2,0,283.27,9852.67,5871.6,5829.58,0,0,2025.3,14952.16,198.77,0,11120.98,1440.05,3260.85,60882.9,0,14467.0,0,0,70709.72,0,0,0,2556.03,2595.19,0,22004.32,22533.67,54.02,2298.13,14382.98,0,0,0,0
2009-05-17 10:00:00,0,1871.1,0,323.52,9969.12,6614.05,6020.1,0,0,2213.38,16270.76,214.95,0,11370.58,1589.5,3321.63,62001.4,0,14759.88,0,0,71718.36,0,0,0,2719.78,2758.68,0,23037.31,23778.74,56.29,2572.97,14720.17,0,0,0,0
2009-05-17 11:00:00,0,1847.82,0,345.33,9926.11,7225.65,6038.26,0,0,2380.25,17327.54,237.42,0,11607.05,1693.77,3325.54,62637.8,0,14568.57,0,0,72095.93,0,0,0,2862.32,2908.32,0,23604.75,24614.61,57.09,2820.1,15007.56,0,0,0,0
2009-05-17 12:00:00,0,1803.31,0,356.4,9795.48,7544.49,5960.51,0,0,2474.56,18129.08,258.61,0,11332.41,1762.29,3271.98,63464.5,0,14317.76,0,0,71022.54,0,0,0,2982.11,3000.71,0,23620.69,24876.66,57.87,3007.29,15157.25,0,0,0,0
2009-05-17 13:00:00,0,1766.26,0,367.58,9529.37,7898.23,5892.26,0,0,2559.62,18700.88,274.77,0,11170.11,1802.56,3222.4,64054.04,0,14284.98,0,0,70978.18,0,0,0,3044.05,3006.24,0,23825.55,25105.49,58.56,3141.26,14926.08,0,0,0,0
2009-05-17 14:00:00,0,1730.0,0,375.03,9344.44,8192.34,5804.38,0,0,2626.49,19158.97,291.49,0,11230.5,1874.38,3157.61,64121.53,0,14277.18,0,0,71322.3,0,0,0,3027.93,2956.46,0,24137.31,24960.73,58.54,3217.13,14801.32,0,0,0,0
2009-05-17 15:00:00,0,1683.38,0,375.06,9328.78,8391.2,5738.86,0,0,2681.78,19495.28,302.52,0,11156.75,1931.3,3114.24,63943.35,0,14998.55,0,0,71206.34,0,0,0,2902.83,2799.13,0,23980.09,24812.22,58.64,3246.13,14654.64,0,0,0,0
2009-05-17 16:00:00,0,1691.06,0,375.44,9384.35,8439.87,5716.68,0,0,2722.18,19442.58,306.86,0,11326.66,1921.94,3103.66,63049.54,0,15211.85,0,0,70945.52,0,0,0,2746.11,2666.75,0,23483.81,24663.81,58.69,3239.96,14512.79,0,0,0,0
2009-05-17 17:00:00,0,1739.83,0,366.3,9509.9,8200.58,5809.01,0,0,2687.83,19003.23,302.0,0,11566.33,1881.95,3100.44,62234.34,0,15337.79,0,0,71812.33,0,0,0,2654.22,2559.31,0,23110.15,24750.33,58.32,3144.42,14401.02,0,0,0,0
2009-05-17 18:00:00,0,1808.05,0,359.04,9670.74,7876.31,5920.55,0,0,2548.79,18335.76,295.25,0,11797.85,1815.08,3125.64,62652.03,0,15436.83,0,0,72944.49,0,0,0,2569.31,2511.44,0,23060.14,25282.97,58.37,3093.53,14289.01,0,0,0,0
2009-05-17 19:00:00,0,1879.06,0,390.07,11324.29,8319.89,6562.22,0,0,2753.59,18658.67,307.65,0,13952.77,1916.14,3677.87,69376.3,0,17670.24,0,0,84683.66,0,0,0,2632.91,2428.47,0,24078.39,27942.11,67.93,3288.99,17305.18,0,0,0,0
2009-05-17 20:00:00,0,1896.21,0,371.99,11300.31,7842.84,6239.85,0,0,2541.27,17379.42,294.43,0,13203.26,1754.35,3594.71,68821.46,0,17135.72,0,0,81993.13,0,0,0,2590.58,2360.43,0,23893.36,26946.97,67.61,3044.6,16785.85,0,0,0,0
2009-05-17 21:00:00,0,1910.06,0,350.73,10954.47,7278.19,5921.97,0,0,2348.73,16164.3,278.8,0,12508.47,1611.93,3483.75,67889.25,0,16545.85,0,0,78320.81,0,0,0,2556.17,2272.0,0,23458.29,27224.93,65.95,2832.91,16898.29,0,0,0,0
2009-05-17 22:00:00,0,1853.94,0,314.87,10228.94,6552.48,5607.09,0,0,2174.24,14854.23,255.0,0,11781.68,1480.97,3398.0,65902.11,0,15760.86,0,0,75021.09,0,0,0,2398.91,2194.91,0,22187.58,26535.04,64.15,2623.43,15966.33,0,0,0,0
2009-05-17 23:00:00,0,1737.71,0,276.6,9598.0,5922.74,5280.24,0,0,2008.99,13573.45,227.48,0,11110.62,1368.35,3310.85,63322.44,0,14941.66,0,0,72039.96,0,0,0,2278.94,2097.05,0,20956.1,25208.65,62.78,2433.65,15149.22,0,0,0,0
2009-05-18 00:00:00,0,1632.52,0,254.7,8987.48,5343.29,4928.05,0,0,1845.64,12442.3,203.8,0,10502.9,1254.98,3241.21,61056.14,0,14099.3,0,0,69255.74,0,0,0,2160.68,1999.71,0,19578.31,23939.63,61.59,2235.09,14407.18,0,0,0,0
2009-05-18 01:00:00,0,1539.14,0,229.8,8419.21,4806.35,4663.56,0,0,1692.37,11430.12,186.63,0,10322.19,1138.64,3166.35,58976.79,0,13384.02,0,0,66549.73,0,0,0,2044.96,1884.28,0,18329.62,22720.68,60.56,2043.66,13743.36,0,0,0,0
2009-05-18 02:00:00,0,1496.31,0,210.95,8210.09,4399.61,4558.21,0,0,1557.57,10505.31,172.32,0,10242.35,1070.52,3102.06,57048.92,0,12951.7,0,0,64813.36,0,0,0,1977.14,1854.37,0,17744.48,21642.63,59.85,1901.19,13306.27,0,0,0,0
2009-05-18 03:00:00,0,1538.47,0,208.81,8290.52,4249.2,4622.96,0,0,1484.58,10032.68,166.63,0,10391.31,1052.89,3096.86,56170.18,0,12729.41,0,0,64571.29,0,0,0,1959.3,1869.36,0,17533.15,21326.04,59.65,1857.11,13340.36,0,0,0,0
2009-05-18 04:00:00,0,1622.26,0,211.21,8545.84,4382.03,4840.6,0,0,1521.28,10168.67,167.69,0,10662.77,1061.84,3250.92,57271.98,0,13015.45,0,0,66365.77,0,0,0,1978.55,1891.54,0,18080.96,21509.86,61.53,1909.24,13845.83,0,0,0,0
2009-05-18 05:00:00,0,1724.37,0,217.02,9062.18,4550.23,5137.17,0,0,1568.48,10381.96,169.1,0,11479.88,1058.69,3427.35,59432.7,0,14211.03,0,0,69507.64,0,0,0,2031.88,1908.69,0,18654.51,22185.38,63.59,1972.57,14452.02,0,0,0,0
2009-05-18 06:00:00,0,1826.08,0,226.54,10410.84,4757.1,5534.18,0,0,1662.16,10940.77,169.32,0,12838.54,1113.13,3734.68,62808.8,0,16044.04,0,0,77574.25,0,0,0,2179.69,1987.92,0,19551.11,22959.7,65.56,2064.79,15476.58,0,0,0,0
2009-05-18 07:00:00,0,1950.48,0,249.66,10776.61,5007.65,5862.29,0,0,1790.5,11711.65,169.37,0,13346.53,1096.32,3792.46,66733.86,0,16832.45,0,0,79621.44,0,0,0,2368.57,2132.6,0,21174.42,24812.76,65.89,2169.13,16282.23,0,0,0,0
2009-05-18 08:00:00,0,1873.68,0,266.73,11009.87,5243.41,5990.34,0,0,1886.51,12558.25,174.49,0,13642.63,1136.91,3833.82,68562.35,0,17450.43,0,0,81175.7,0,0,0,2432.6,2270.91,0,21797.73,25427.48,65.68,2239.84,16199.9,0,0,0,0
2009-05-18 09:00:00,0,1870.04,0,278.68,10985.33,5498.85,6008.4,0,0,1979.9,13453.72,182.29,0,13729.82,1183.4,3881.48,69070.57,0,17660.86,0,0,81148.84,0,0,0,2465.32,2346.61,0,22225.31,26014.73,66.1,2336.17,16054.43,0,0,0,0
2009-05-18 10:00:00,0,1879.76,0,293.56,10840.97,5787.03,6007.94,0,0,2088.77,14341.72,186.47,0,13749.99,1239.62,3850.77,69192.79,0,17870.27,0,0,80207.5,0,0,0,2504.72,2429.67,0,22502.34,26975.76,67.45,2447.13,16274.82,0,0,0,0
2009-05-18 11:00:00,0,1892.31,0,305.44,10678.37,6029.19,6000.04,0,0,2201.41,15112.85,194.68,0,13565.34,1257.08,3798.03,69245.06,0,17640.13,0,0,79942.62,0,0,0,2528.41,2468.66,0,22614.24,27990.83,68.28,2538.99,16013.25,0,0,0,0
2009-05-18 12:00:00,0,1863.08,0,312.83,10555.4,6133.17,5871.49,0,0,2322.0,15689.26,202.14,0,13255.96,1282.29,3762.76,69759.31,0,17551.52,0,0,79723.3,0,0,0,2533.98,2484.72,0,22824.1,28680.85,68.73,2532.5,15902.53,0,0,0,0
2009-05-18 13:00:00,0,1828.76,0,321.12,10446.85,6066.03,5860.68,0,0,2343.94,15958.48,209.68,0,13128.2,1307.77,3738.05,70315.94,0,17293.12,0,0,79244.22,0,0,0,2541.03,2494.23,0,22917.94,29072.28,69.27,2375.44,15741.64,0,0,0,0
2009-05-18 14:00:00,0,1812.29,0,324.76,10298.4,6001.84,5784.56,0,0,2247.1,15850.04,213.04,0,13031.34,1358.86,3708.81,70566.31,0,16947.83,0,0,78889.71,0,0,0,2553.51,2491.93,0,22987.06,29253.91,69.35,2314.42,15572.76,0,0,0,0
2009-05-18 15:00:00,0,1815.62,0,324.49,10167.88,6059.61,5727.87,0,0,2217.26,15832.85,217.16,0,12862.03,1406.95,3672.11,70198.24,0,16745.14,0,0,78237.23,0,0,0,2564.7,2491.24,0,23015.27,29384.24,69.5,2323.36,15506.91,0,0,0,0
2009-05-18 16:00:00,0,1847.55,0,320.23,10124.51,6152.48,5792.62,0,0,2235.41,15948.65,222.26,0,12897.72,1421.32,3627.46,69467.14,0,16812.47,0,0,77591.91,0,0,0,2577.62,2491.75,0,23082.1,29533.07,69.84,2392.88,15568.38,0,0,0,0
2009-05-18 17:00:00,0,1846.27,0,316.15,10506.96,6265.21,5903.79,0,0,2267.79,15970.85,223.93,0,12837.53,1388.32,3606.26,69855.49,0,17031.34,0,0,78360.95,0,0,0,2559.35,2462.16,0,23378.73,29700.65,70.86,2472.33,15636.7,0,0,0,0
2009-05-18 18:00:00,0,1866.0,0,316.62,10796.28,6341.04,5998.27,0,0,2277.05,16056.73,223.35,0,12908.77,1390.88,3618.73,70435.23,0,17144.31,0,0,80099.5,0,0,0,2543.39,2451.33,0,23601.54,29690.69,71.15,2553.94,15881.27,0,0,0,0
2009-05-18 19:00:00,0,1927.08,0,314.84,11074.86,6358.91,6262.76,0,0,2261.03,15499.83,205.13,0,13789.15,1316.74,3690.17,70289.54,0,17348.61,0,0,85573.0,0,0,0,2542.77,2407.36,0,23955.57,30355.87,70.93,2660.7,17542.16,0,0,0,0
2009-05-18 20:00:00,0,1952.06,0,307.26,10857.02,6134.42,5879.13,0,0,2094.11,14465.35,203.29,0,12983.5,1226.17,3655.42,69801.37,0,16942.96,0,0,83074.86,0,0,0,2514.88,2355.32,0,23356.54,28824.78,70.21,2526.39,16495.8,0,0,0,0
2009-05-18 21:00:00,0,1929.49,0,299.27,10624.83,5845.04,5537.93,0,0,1956.69,13655.05,202.97,0,12166.14,1127.03,3470.2,68814.36,0,16174.86,0,0,79188.58,0,0,0,2441.85,2295.21,0,23034.89,28697.37,66.5,2368.15,16527.32,0,0,0,0
2009-05-18 22:00:00,0,1836.71,0,282.94,9966.38,5325.47,5270.32,0,0,1825.94,12710.9,180.01,0,11399.81,1032.64,3347.42,66681.91,0,15220.53,0,0,75628.88,0,0,0,2307.48,2204.42,0,21701.37,27507.54,63.88,2169.97,15727.1,0,0,0,0
2009-05-18 23:00:00,0,1687.56,0,259.6,9383.72,4771.22,5046.59,0,0,1694.51,11754.23,165.47,0,10653.01,923.41,3257.94,64019.71,0,14297.65,0,0,72199.78,0,0,0,2177.56,2098.71,0,20428.94,25721.56,62.14,1932.63,14937.5,0,0,0,0
2009-05-19 00:00:00,0,1549.75,0,239.15,8853.44,4273.77,4823.94,0,0,1567.94,10791.36,150.31,0,9959.87,843.59,3166.93,61384.66,0,13584.5,0,0,69023.23,0,0,0,2058.34,1991.12,0,19217.63,24249.66,60.65,1745.71,14233.75,0,0,0,0
2009-05-19 01:00:00,0,1425.62,0,223.3,8486.25,3850.31,4621.79,0,0,1444.74,9875.28,136.28,0,9648.69,1138.64,3070.81,58980.48,0,13027.28,0,0,66336.2,0,0,0,1948.34,1895.07,0,18134.41,22962.62,59.31,1619.08,13579.11,0,0,0,0
2009-05-19 02:00:00,0,1349.86,0,211.08,8411.62,3542.29,4496.19,0,0,1333.85,9059.56,130.21,0,9634.33,1070.52,2994.84,56609.51,0,12706.48,0,0,64484.07,0,0,0,1876.71,1829.13,0,17451.38,21893.45,58.2,1535.04,13170.5,0,0,0,0
2009-05-19 03:00:00,0,1353.93,0,208.28,8529.52,3504.14,4587.05,0,0,1330.05,9049.83,126.13,0,9768.65,1052.89,2987.77,55444.57,0,12567.69,0,0,64425.89,0,0,0,1856.31,1862.89,0,17547.76,21354.95,57.64,1536.24,13314.56,0,0,0,0
2009-05-19 04:00:00,0,1408.91,0,210.08,8991.97,3696.42,4895.72,0,0,1380.34,9352.82,130.83,0,9952.71,1061.84,3118.62,56501.32,0,12740.74,0,0,66024.96,0,0,0,1906.04,1929.2,0,18198.8,21359.93,58.78,1587.4,13758.34,0,0,0,0
2009-05-19 05:00:00,0,1491.32,0,203.17,9583.32,3910.27,5175.21,0,0,1446.54,9768.57,138.66,0,10822.35,838.37,3287.14,58487.53,0,13704.34,0,0,68677.0,0,0,0,2007.18,1988.94,0,18850.61,21886.05,60.43,1649.81,14287.53,0,0,0,0
2009-05-19 06:00:00,0,1579.95,0,212.92,10777.03,4171.7,5530.17,0,0,1523.3,10258.77,147.42,0,11719.77,885.64,3519.67,61149.98,0,15518.38,0,0,76194.63,0,0,0,2164.99,2077.95,0,19708.12,22575.39,62.3,1708.3,15003.47,0,0,0,0
2009-05-19 07:00:00,0,1701.8,0,262.63,10592.96,4516.26,5570.39,0,0,1640.19,10869.64,154.98,0,12261.55,972.0,3667.31,65433.51,0,16276.66,0,0,78099.66,0,0,0,2347.17,2221.16,0,21359.43,24430.5,63.07,1835.98,15915.64,0,0,0,0
2009-05-19 08:00:00,0,1723.5,0,279.19,10686.52,4850.99,5626.73,0,0,1738.63,11679.11,167.84,0,12652.64,1050.2,3725.08,68108.02,0,16735.09,0,0,80473.43,0,0,0,2378.32,2292.41,0,21719.77,25370.63,63.03,1922.77,16014.72,0,0,0,0
2009-05-19 09:00:00,0,1772.55,0,290.6,10731.22,5169.94,5619.86,0,0,1836.53,12535.13,176.69,0,12430.19,1103.55,3818.51,69941.6,0,16875.42,0,0,81762.42,0,0,0,2403.47,2318.35,0,21759.74,26387.79,64.2,2029.0,16171.81,0,0,0,0
2009-05-19 10:00:00,0,1800.47,0,298.29,10554.98,5468.62,5706.95,0,0,1909.85,13002.93,181.56,0,12278.93,1120.73,3896.53,71253.91,0,16831.25,0,0,81455.27,0,0,0,2434.8,2350.72,0,21810.42,27489.18,66.26,2114.82,16499.48,0,0,0,0
2009-05-19 11:00:00,0,1822.2,0,309.34,10431.18,5746.83,5693.8,0,0,1983.48,13459.21,188.36,0,12293.14,1176.87,3907.56,72483.39,0,16742.17,0,0,81702.3,0,0,0,2462.42,2403.41,0,22008.13,28754.19,67.72,2276.93,16644.12,0,0,0,0
2009-05-19 12:00:00,0,1842.62,0,315.02,10409.26,5931.5,5694.14,0,0,2046.13,13946.32,194.42,0,12343.9,1236.4,3912.97,73479.08,0,16656.91,0,0,82759.61,0,0,0,2478.48,2443.11,0,22017.56,29521.36,69.24,2348.23,16603.71,0,0,0,0
2009-05-19 13:00:00,0,1885.61,0,321.38,10366.11,6094.76,5722.46,0,0,2128.51,14444.92,197.41,0,12340.06,1281.93,3947.91,74768.37,0,16565.45,0,0,84472.25,0,0,0,2516.32,2473.85,0,22074.62,30051.02,71.31,2423.35,16544.44,0,0,0,0
2009-05-19 14:00:00,0,1936.47,0,326.88,10320.63,6194.09,5786.62,0,0,2170.41,14828.7,199.82,0,12363.67,1320.44,4004.16,75480.67,0,16558.43,0,0,85497.67,0,0,0,2542.05,2502.26,0,22078.6,30492.77,73.52,2544.68,16494.59,0,0,0,0
2009-05-19 15:00:00,0,1965.33,0,331.58,10346.62,6260.86,5886.66,0,0,2236.73,15493.96,211.01,0,12413.61,1333.41,4037.24,76053.11,0,16704.72,0,0,86368.23,0,0,0,2537.3,2528.23,0,22261.0,30853.65,74.79,2516.73,16669.96,0,0,0,0
2009-05-19 16:00:00,0,2000.05,0,331.86,10385.88,6215.98,6002.81,0,0,2237.76,15584.32,213.48,0,12466.14,1394.84,4060.86,76162.98,0,16825.79,0,0,86738.07,0,0,0,2560.13,2563.85,0,22487.39,31048.86,75.57,2468.22,16817.95,0,0,0,0
2009-05-19 17:00:00,0,2044.57,0,323.35,10593.65,6230.93,6057.77,0,0,2227.05,15810.33,212.45,0,12655.2,1442.87,4065.19,76043.44,0,17035.94,0,0,88116.76,0,0,0,2578.76,2600.55,0,22939.01,31147.75,76.54,2476.44,16978.84,0,0,0,0
2009-05-19 18:00:00,0,2082.76,0,311.11,11022.26,6248.77,6087.41,0,0,2224.17,15825.08,214.63,0,12957.84,1459.28,4073.89,76016.83,0,17137.29,0,0,89536.05,0,0,0,2584.9,2610.51,0,23299.73,30917.48,76.54,2506.09,17170.82,0,0,0,0
2009-05-19 19:00:00,0,2147.18,0,291.85,11329.56,6272.48,6508.01,0,0,2199.07,15215.62,212.6,0,14395.56,1448.57,4198.79,76718.35,0,18061.54,0,0,92601.91,0,0,0,2574.43,2496.89,0,23615.29,31668.8,76.48,2563.83,18539.66,0,0,0,0
2009-05-19 20:00:00,0,2120.97,0,267.67,11072.17,6027.99,6067.21,0,0,2062.25,14414.73,203.01,0,13429.53,1343.55,3992.67,75097.86,0,17340.32,0,0,89685.08,0,0,0,2547.02,2449.08,0,23185.35,29840.46,75.73,2434.02,17395.6,0,0,0,0
2009-05-19 21:00:00,0,2013.63,0,262.93,10799.1,5745.95,5717.45,0,0,1946.44,13684.65,197.26,0,12555.42,1298.99,3705.5,72752.59,0,16505.64,0,0,83749.42,0,0,0,2533.8,2390.1,0,23096.58,29520.21,71.17,2319.87,17011.09,0,0,0,0
2009-05-19 22:00:00,0,1901.72,0,256.81,10082.53,5266.27,5367.33,0,0,1848.73,12938.13,184.92,0,11738.98,1211.63,3503.71,69885.22,0,15530.77,0,0,79045.38,0,0,0,2376.6,2282.0,0,21750.5,28211.32,66.79,2149.92,15999.02,0,0,0,0
2009-05-19 23:00:00,0,1727.62,0,241.15,9448.02,4793.26,5035.77,0,0,1739.95,12111.16,171.25,0,10924.71,1152.69,3333.82,66387.53,0,14551.85,0,0,75100.19,0,0,0,2225.93,2149.15,0,20417.8,26364.35,63.64,1978.28,14975.63,0,0,0,0
2009-05-20 00:00:00,0,1568.32,0,222.92,8823.06,4337.19,4764.59,0,0,1634.98,11244.83,158.73,0,10140.25,1081.65,3195.81,63145.07,0,13690.34,0,0,71508.28,0,0,0,2118.43,2019.42,0,19167.35,24760.35,61.2,1841.03,14074.78,0,0,0,0
2009-05-20 01:00:00,0,1420.62,0,208.16,8290.21,3978.44,4529.05,0,0,1525.9,10365.14,147.71,0,9722.82,1036.57,3070.66,60084.76,0,12965.55,0,0,68295.14,0,0,0,2021.62,1911.57,0,18036.55,23248.91,58.98,1752.25,13255.63,0,0,0,0
2009-05-20 02:00:00,0,1326.45,0,199.64,8044.21,3675.25,4335.77,0,0,1423.98,9684.14,140.12,0,9652.23,986.98,2958.23,57126.3,0,12436.53,0,0,65724.29,0,0,0,1939.67,1803.29,0,17336.84,22176.78,57.34,1650.86,12616.34,0,0,0,0
2009-05-20 03:00:00,0,1308.32,0,193.16,8150.31,3580.21,4425.67,0,0,1395.16,9552.22,138.28,0,9757.85,996.0,2899.9,55668.23,0,12233.62,0,0,64871.27,0,0,0,1886.01,1776.79,0,16852.34,21500.59,56.58,1630.17,12423.66,0,0,0,0
2009-05-20 04:00:00,0,1339.69,0,193.12,8510.84,3847.22,4707.67,0,0,1464.14,9919.92,144.79,0,9994.43,986.23,3010.2,55809.41,0,12496.02,0,0,65735.53,0,0,0,1868.41,1817.37,0,16871.58,21437.32,57.36,1725.33,12641.46,0,0,0,0
2009-05-20 05:00:00,0,1399.69,0,191.46,9044.44,4132.52,5012.73,0,0,1535.85,10290.37,153.02,0,10991.33,970.82,3155.91,57466.98,0,13631.4,0,0,68134.08,0,0,0,1928.86,1880.53,0,17189.37,21936.57,59.12,1800.62,13145.62,0,0,0,0
2009-05-20 06:00:00,0,1467.68,0,209.65,10264.82,4360.56,5498.58,0,0,1628.14,10930.62,161.1,0,11803.29,991.81,3429.77,60260.18,0,15270.67,0,0,75506.62,0,0,0,2080.28,1983.7,0,18007.03,22600.38,60.92,1850.78,14003.11,0,0,0,0
2009-05-20 07:00:00,0,1620.15,0,260.78,10433.23,4642.14,5565.35,0,0,1749.25,11884.36,164.55,0,12190.88,1027.32,3587.15,64462.91,0,16038.91,0,0,78763.51,0,0,0,2279.5,2152.42,0,20334.11,24491.3,61.38,1923.0,15045.41,0,0,0,0
2009-05-20 08:00:00,0,1671.65,0,250.49,10637.56,4996.43,5636.23,0,0,1848.22,12767.46,174.58,0,12668.32,1051.75,3688.27,67569.76,0,16692.68,0,0,82125.39,0,0,0,2372.61,2234.47,0,21065.13,25478.36,61.94,2044.39,15726.81,0,0,0,0
2009-05-20 09:00:00,0,1731.86,0,274.68,10747.3,5360.5,5732.69,0,0,1948.64,13706.64,187.25,0,12858.43,1144.16,3849.69,70183.8,0,17166.26,0,0,84943.7,0,0,0,2461.22,2315.54,0,21667.11,26565.95,64.65,2164.36,16139.25,0,0,0,0
2009-05-20 10:00:00,0,1800.11,0,291.73,10770.39,5659.18,5797.51,0,0,2118.51,14859.71,200.03,0,13150.04,1243.58,4005.73,72739.74,0,17583.08,0,0,87209.14,0,0,0,2533.44,2369.18,0,22210.85,27737.82,67.21,2330.43,16513.51,0,0,0,0
2009-05-20 11:00:00,0,1837.51,0,307.58,10952.23,6146.62,5751.1,0,0,2271.52,15851.39,203.46,0,13334.0,1305.49,4114.74,74624.17,0,18090.67,0,0,90761.72,0,0,0,2585.3,2446.71,0,22974.18,29017.95,69.26,2570.1,16946.75,0,0,0,0
2009-05-20 12:00:00,0,1866.93,0,325.51,11033.88,6570.48,5952.9,0,0,2404.54,16303.28,213.07,0,13531.61,1326.32,4238.75,76603.14,0,18646.85,0,0,94526.29,0,0,0,2623.94,2528.28,0,23666.11,29767.26,70.79,2778.59,17260.53,0,0,0,0
2009-05-20 13:00:00,0,1916.94,0,325.05,11123.31,6849.47,6239.57,0,0,2428.16,16516.56,223.35,0,13772.48,1366.54,4348.4,78382.53,0,18883.63,0,0,97301.38,0,0,0,2737.52,2619.99,0,24447.0,30168.5,72.89,3027.49,17818.43,0,0,0,0
2009-05-20 14:00:00,0,1950.01,0,321.92,11287.74,7099.89,6539.09,0,0,2497.26,17033.24,226.3,0,14034.28,1399.6,4436.7,79514.93,0,19000.43,0,0,99472.19,0,0,0,2852.01,2717.59,0,25143.73,30392.9,75.71,3164.62,18636.01,0,0,0,0
2009-05-20 15:00:00,0,1957.04,0,315.95,11638.36,7324.02,6774.18,0,0,2600.34,17633.45,231.7,0,14335.07,1435.23,4491.01,79790.11,0,19005.92,0,0,100484.55,0,0,0,2935.18,2813.2,0,25624.48,30604.17,77.93,3245.42,19238.02,0,0,0,0
2009-05-20 16:00:00,0,1966.28,0,328.43,11990.96,7278.64,6947.78,0,0,2586.98,17480.07,237.39,0,14743.44,1415.34,4587.73,79581.84,0,19049.64,0,0,101221.04,0,0,0,3010.55,2917.93,0,26035.24,30759.05,78.44,3240.93,19679.52,0,0,0,0
2009-05-20 17:00:00,0,2005.23,0,329.84,12206.17,7195.19,7046.44,0,0,2539.74,17399.68,236.31,0,15142.22,1371.84,4675.37,79329.79,0,19006.59,0,0,101357.97,0,0,0,3022.14,2948.72,0,26214.63,30820.75,78.95,3112.43,19971.78,0,0,0,0
2009-05-20 18:00:00,0,2064.37,0,325.05,12043.82,7046.28,7034.03,0,0,2475.47,17275.72,238.83,0,15024.09,1381.85,4647.19,79371.11,0,18677.49,0,0,101124.91,0,0,0,2982.37,2935.04,0,26215.47,30751.28,78.9,3000.14,19883.52,0,0,0,0
2009-05-20 19:00:00,0,2139.97,0,302.24,12729.56,7229.07,7390.48,0,0,2473.05,16747.33,240.34,0,15590.27,1354.03,4587.71,79856.84,0,19364.39,0,0,101037.15,0,0,0,2991.81,2871.93,0,25894.22,31580.96,77.99,3024.49,20387.46,0,0,0,0
2009-05-20 20:00:00,0,2132.88,0,290.58,11999.2,6785.86,6768.97,0,0,2302.27,15733.51,238.01,0,14453.43,1312.45,4404.08,78350.28,0,18581.74,0,0,97659.42,0,0,0,2938.63,2777.03,0,25710.8,30116.68,78.61,2860.03,19056.15,0,0,0,0
2009-05-20 21:00:00,0,2034.21,0,280.89,11568.19,6322.18,6267.75,0,0,2166.59,14708.45,227.21,0,13418.6,1280.25,4076.39,75436.1,0,17644.72,0,0,90489.4,0,0,0,2858.61,2649.72,0,25394.11,29768.72,74.2,2648.41,18617.04,0,0,0,0
2009-05-20 22:00:00,0,1910.94,0,265.89,10743.03,5759.03,5795.43,0,0,2005.94,13639.7,215.54,0,12447.81,1246.19,3808.32,72382.76,0,16561.95,0,0,84690.87,0,0,0,2679.65,2508.77,0,24007.82,28478.37,69.67,2480.54,17340.11,0,0,0,0
2009-05-20 23:00:00,0,1737.54,0,245.78,9974.58,5160.13,5378.2,0,0,1857.77,12726.76,205.51,0,11554.37,1201.56,3588.66,68956.75,0,15537.85,0,0,79854.48,0,0,0,2496.17,2350.76,0,22805.12,26585.04,66.14,2213.06,16141.98,0,0,0,0
2009-05-21 00:00:00,0,1577.25,0,236.45,9247.69,4683.51,4958.89,0,0,1731.73,11822.79,193.51,0,10708.72,1138.12,3389.24,65592.35,0,14551.65,0,0,75744.95,0,0,0,2336.04,2181.39,0,21472.95,24967.59,63.44,2028.27,15057.97,0,0,0,0
2009-05-21 01:00:00,0,1431.3,0,218.65,8559.09,4287.07,4608.82,0,0,1617.34,11015.42,177.37,0,10198.89,1084.42,3229.05,62449.43,0,13593.15,0,0,72028.19,0,0,0,2200.62,2022.89,0,20186.31,23489.11,61.24,1897.73,14046.68,0,0,0,0
2009-05-21 02:00:00,0,1345.0,0,201.51,8195.01,3982.21,4379.08,0,0,1537.95,10240.04,161.62,0,10055.63,1016.01,3095.23,59525.37,0,12928.1,0,0,69058.38,0,0,0,2127.41,1910.91,0,19229.44,22333.25,59.18,1793.32,13305.3,0,0,0,0
2009-05-21 03:00:00,0,1327.06,0,198.38,8152.65,3956.62,4419.98,0,0,1512.43,10015.8,157.37,0,10070.06,970.62,2987.92,57772.46,0,12637.65,0,0,67440.04,0,0,0,2093.16,1874.73,0,18776.85,21737.42,57.15,1772.07,12917.83,0,0,0,0
2009-05-21 04:00:00,0,1357.97,0,210.59,8416.13,4218.56,4687.14,0,0,1582.06,10367.87,161.84,0,10196.16,993.21,3043.55,57732.45,0,12775.11,0,0,67934.99,0,0,0,2121.78,1888.26,0,18701.84,21627.6,57.13,1827.45,12996.23,0,0,0,0
2009-05-21 05:00:00,0,1408.21,0,219.18,8884.94,4442.37,4927.9,0,0,1639.15,10784.52,164.12,0,11162.02,1069.11,3145.24,59128.04,0,13690.35,0,0,69706.2,0,0,0,2189.8,1927.05,0,18926.49,22085.2,58.26,1892.82,13372.65,0,0,0,0
2009-05-21 06:00:00,0,1457.81,0,233.27,9888.58,4651.96,5318.79,0,0,1726.73,11282.51,173.17,0,12145.74,1140.33,3368.33,61805.4,0,15534.67,0,0,77070.03,0,0,0,2338.65,2039.4,0,19578.41,22676.1,59.35,1978.33,14112.39,0,0,0,0
2009-05-21 07:00:00,0,1599.87,0,254.41,10260.82,4998.8,5539.8,0,0,1877.78,12164.01,185.62,0,12783.72,1182.07,3546.83,66016.42,0,16506.83,0,0,81388.81,0,0,0,2427.99,2177.27,0,21056.16,24327.93,61.05,2123.08,15138.14,0,0,0,0
2009-05-21 08:00:00,0,1649.0,0,284.91,10555.8,5371.92,5735.22,0,0,1976.1,12968.91,196.0,0,13408.44,1181.7,3757.95,69336.55,0,17418.81,0,0,86295.55,0,0,0,2534.43,2288.04,0,21991.33,25195.83,64.28,2254.58,15968.4,0,0,0,0
2009-05-21 09:00:00,0,1737.64,0,296.88,10933.16,5722.01,6011.18,0,0,2082.03,13961.58,213.3,0,13869.74,1303.38,3965.95,72575.21,0,18067.41,0,0,89868.73,0,0,0,2649.96,2408.86,0,22942.89,26316.38,67.91,2410.61,16747.66,0,0,0,0
2009-05-21 10:00:00,0,1843.55,0,315.43,11264.24,6118.41,6265.36,0,0,2209.92,14793.59,219.64,0,14334.8,1334.0,4280.58,76037.71,0,18613.01,0,0,93846.2,0,0,0,2746.93,2510.26,0,23983.06,27614.37,71.76,2608.65,17185.59,0,0,0,0
2009-05-21 11:00:00,0,1934.76,0,320.74,11621.51,6545.03,6501.3,0,0,2319.62,15510.25,240.92,0,14607.11,1324.88,4608.44,79270.91,0,19174.04,0,0,98274.33,0,0,0,2846.01,2637.76,0,24662.15,29077.16,75.1,2805.4,18077.43,0,0,0,0
2009-05-21 12:00:00,0,2029.19,0,348.04,12090.38,6876.4,6746.44,0,0,2400.48,16317.83,250.19,0,14832.75,1365.31,4824.43,82261.29,0,19649.0,0,0,102364.88,0,0,0,2957.46,2749.76,0,25169.22,30195.28,78.66,2970.59,18840.31,0,0,0,0
2009-05-21 13:00:00,0,2123.16,0,356.73,12606.18,7208.69,7003.7,0,0,2524.76,17262.07,251.15,0,15046.19,1417.43,4963.52,84190.24,0,19976.9,0,0,105416.08,0,0,0,3041.15,2854.65,0,25372.56,31212.0,81.76,2956.04,19719.91,0,0,0,0
2009-05-21 14:00:00,0,2221.92,0,401.25,12969.14,7246.76,7273.93,0,0,2526.22,17523.75,253.7,0,15293.64,1492.73,5070.61,85517.42,0,20082.67,0,0,107936.24,0,0,0,3103.37,2928.87,0,25275.11,32077.99,84.63,3050.59,20308.89,0,0,0,0
2009-05-21 15:00:00,0,2317.68,0,391.44,13297.56,7323.71,7488.33,0,0,2522.14,17741.1,259.93,0,15538.79,1518.77,5178.02,86367.49,0,19967.81,0,0,110535.63,0,0,0,3137.28,2971.9,0,25317.41,32647.3,87.22,3220.27,20670.34,0,0,0,0
2009-05-21 16:00:00,0,2422.14,0,385.59,13569.43,7278.12,7670.87,0,0,2576.66,18145.01,249.94,0,15843.83,1545.97,5258.22,86819.96,0,19830.17,0,0,111962.96,0,0,0,3154.92,3028.77,0,25342.72,33256.84,89.02,3164.9,20665.23,0,0,0,0
2009-05-21 17:00:00,0,2531.66,0,372.52,13579.81,7228.81,7737.93,0,0,2588.68,18232.38,253.4,0,15965.64,1628.54,5282.19,87062.87,0,19556.64,0,0,111925.46,0,0,0,3134.18,3051.3,0,25104.81,33637.26,88.66,3047.49,20347.15,0,0,0,0
2009-05-21 18:00:00,0,2587.74,0,360.28,13327.76,7173.0,7658.56,0,0,2533.62,17827.74,250.23,0,15713.22,1604.43,5209.6,86313.16,0,19060.94,0,0,110093.23,0,0,0,3077.09,3002.67,0,25068.22,33684.41,87.61,3048.74,20021.53,0,0,0,0
2009-05-21 19:00:00,0,2632.95,0,336.6,13926.64,7284.6,7905.24,0,0,2499.48,17134.37,257.82,0,16293.28,1577.73,5026.42,86700.5,0,19909.72,0,0,108289.83,0,0,0,3109.13,2970.8,0,25269.26,33590.91,85.04,3068.79,20379.69,0,0,0,0
2009-05-21 20:00:00,0,2604.69,0,327.98,13105.28,6927.76,7241.33,0,0,2350.58,16163.35,250.63,0,14919.12,1518.7,4875.86,84776.65,0,19010.98,0,0,103791.29,0,0,0,3042.46,2870.06,0,25346.71,32634.58,84.66,2837.1,19489.48,0,0,0,0
2009-05-21 21:00:00,0,2435.33,0,318.82,12438.28,6530.88,6656.01,0,0,2214.18,15233.06,236.52,0,13778.68,1406.04,4519.38,80939.17,0,18103.49,0,0,96915.1,0,0,0,2911.09,2727.53,0,25153.92,32070.04,80.02,2644.83,19048.4,0,0,0,0
2009-05-21 22:00:00,0,2305.44,0,294.28,11378.99,6056.32,6094.94,0,0,2090.98,14218.55,219.87,0,12756.82,1310.02,4221.45,77145.95,0,17109.11,0,0,90718.25,0,0,0,2717.38,2534.34,0,23867.39,31049.22,75.76,2474.87,17754.96,0,0,0,0
2009-05-21 23:00:00,0,2111.5,0,279.16,10426.15,5528.43,5624.51,0,0,1962.48,13236.08,202.76,0,11859.07,1210.21,3966.33,72869.12,0,16047.43,0,0,84990.63,0,0,0,2532.77,2353.74,0,22575.53,29214.64,71.21,2255.23,16487.94,0,0,0,0
2009-05-22 00:00:00,0,1928.41,0,253.72,9518.59,5057.3,5184.21,0,0,1834.72,12397.53,186.01,0,11107.47,1183.31,3717.72,68706.74,0,15100.82,0,0,79759.82,0,0,0,2359.9,2181.11,0,21401.1,27689.56,67.45,2156.93,15325.45,0,0,0,0
2009-05-22 01:00:00,0,1744.38,0,230.53,8826.8,4534.59,4799.73,0,0,1711.42,11538.2,176.57,0,10666.84,1065.86,3469.05,65023.94,0,14210.95,0,0,75399.35,0,0,0,2211.13,2025.73,0,20139.31,25932.97,64.92,1987.65,14360.35,0,0,0,0
2009-05-22 02:00:00,0,1609.08,0,214.93,8406.73,4239.94,4551.36,0,0,1612.33,10793.47,162.2,0,10475.71,1006.42,3244.25,62036.51,0,13485.52,0,0,71831.58,0,0,0,2140.16,1921.65,0,19563.97,24587.23,63.36,1929.13,13737.39,0,0,0,0
2009-05-22 03:00:00,0,1543.6,0,209.6,8234.91,4188.41,4504.48,0,0,1583.05,10490.54,159.91,0,10400.49,956.27,3105.26,60153.22,0,13007.45,0,0,70177.64,0,0,0,2113.05,1893.39,0,19445.85,23867.43,61.21,1856.18,13481.11,0,0,0,0
2009-05-22 04:00:00,0,1516.1,0,219.92,8472.77,4273.78,4680.06,0,0,1623.16,10707.96,165.54,0,10403.99,1033.87,3140.5,59839.45,0,12961.22,0,0,70356.6,0,0,0,2151.74,1931.04,0,19564.92,23325.65,60.48,1881.55,13541.62,0,0,0,0
2009-05-22 05:00:00,0,1534.07,0,226.27,8934.41,4485.05,4884.91,0,0,1676.12,11112.76,172.27,0,11405.64,1114.96,3224.79,60687.77,0,13936.32,0,0,72283.36,0,0,0,2221.99,1973.39,0,19854.36,23582.06,60.9,1957.14,13936.09,0,0,0,0
2009-05-22 06:00:00,0,1578.75,0,242.06,9814.45,4732.02,5287.67,0,0,1786.16,11749.84,181.68,0,12283.84,1180.51,3449.85,62822.09,0,15692.75,0,0,79063.67,0,0,0,2352.06,2082.39,0,20535.59,24153.6,61.81,2027.69,14546.42,0,0,0,0
2009-05-22 07:00:00,0,1709.13,0,263.38,10223.41,5086.52,5595.22,0,0,1912.71,12869.69,196.5,0,12924.99,1258.56,3664.66,66757.36,0,16636.76,0,0,83926.46,0,0,0,2449.58,2207.77,0,21726.38,25736.93,63.75,2116.4,15222.21,0,0,0,0
2009-05-22 08:00:00,0,1840.36,0,273.47,10584.05,5424.67,5907.12,0,0,1999.06,13843.56,202.93,0,13560.68,1329.23,3984.7,69574.78,0,17488.24,0,0,89527.85,0,0,0,2571.54,2346.94,0,22453.07,26984.36,66.82,2215.92,15911.22,0,0,0,0
2009-05-22 09:00:00,0,1965.47,0,304.58,10911.57,5788.85,6175.08,0,0,2135.73,14961.37,213.43,0,14173.68,1389.58,4250.63,72059.95,0,18170.45,0,0,94594.96,0,0,0,2710.11,2458.41,0,23214.2,28073.3,71.29,2376.72,16690.96,0,0,0,0
2009-05-22 10:00:00,0,2061.92,0,331.46,11431.72,6218.95,6668.76,0,0,2274.44,16116.0,233.37,0,14778.3,1480.36,4625.05,74405.35,0,18955.94,0,0,99282.29,0,0,0,2831.49,2564.06,0,23998.12,29346.66,74.56,2545.68,17339.9,0,0,0,0
2009-05-22 11:00:00,0,2191.52,0,360.68,12125.16,6706.61,7017.72,0,0,2418.46,16998.7,250.78,0,15341.85,1565.0,4870.45,76633.57,0,20075.62,0,0,104364.1,0,0,0,2958.65,2716.63,0,24801.49,30673.53,77.92,2736.41,17881.5,0,0,0,0
2009-05-22 12:00:00,0,2294.49,0,380.82,12870.95,7148.38,7346.12,0,0,2520.25,17732.21,263.83,0,15836.02,1650.64,5029.4,78717.27,0,20942.74,0,0,108116.09,0,0,0,3032.38,2846.68,0,25368.53,31919.58,81.6,2865.3,18580.42,0,0,0,0
2009-05-22 13:00:00,0,2381.9,0,385.4,13483.89,7397.3,7689.9,0,0,2592.72,18150.64,268.73,0,16194.85,1697.06,5152.12,80482.6,0,21459.74,0,0,111159.02,0,0,0,3110.69,2960.32,0,25567.56,33017.78,84.23,2884.82,19625.75,0,0,0,0
2009-05-22 14:00:00,0,2433.6,0,390.38,13965.12,7705.23,8010.01,0,0,2647.15,18361.4,276.04,0,16526.85,1762.27,5249.34,81741.33,0,21696.6,0,0,113386.27,0,0,0,3196.98,3038.03,0,25954.75,33611.96,86.6,3105.68,20393.41,0,0,0,0
2009-05-22 15:00:00,0,2495.95,0,372.66,14324.44,7689.94,8251.22,0,0,2642.96,18335.67,278.49,0,16846.21,1807.56,5323.11,82613.24,0,21785.6,0,0,114953.4,0,0,0,3294.01,3113.15,0,26140.98,34341.79,88.38,3096.08,20823.95,0,0,0,0
2009-05-22 16:00:00,0,2527.45,0,366.99,14459.74,7497.7,8362.62,0,0,2630.88,18209.69,278.94,0,17071.84,1770.95,5335.94,83363.47,0,21844.07,0,0,115692.38,0,0,0,3336.79,3169.3,0,26050.34,34667.77,89.89,3036.01,20858.49,0,0,0,0
2009-05-22 17:00:00,0,2532.64,0,371.22,14371.09,7244.53,8312.45,0,0,2561.95,17797.82,274.42,0,17125.32,1698.11,5261.01,83500.87,0,21723.1,0,0,114938.02,0,0,0,3294.09,3141.39,0,25752.27,34547.7,89.63,2939.88,20705.32,0,0,0,0
2009-05-22 18:00:00,0,2465.96,0,359.2,14171.46,7132.8,8190.17,0,0,2489.07,17537.39,268.42,0,16682.84,1652.43,5135.14,83064.93,0,21187.77,0,0,112254.48,0,0,0,3206.77,3075.37,0,25476.84,34074.3,87.82,2913.11,20495.23,0,0,0,0
2009-05-22 19:00:00,0,2405.4,0,350.86,13796.56,7029.71,8117.97,0,0,2425.35,16806.45,257.61,0,16193.06,1616.28,4886.34,78678.08,0,20609.2,0,0,104886.62,0,0,0,3104.65,3079.12,0,24397.02,31921.14,78.75,2842.1,19465.57,0,0,0,0
2009-05-22 20:00:00,0,2305.54,0,340.29,13259.7,6821.29,7503.04,0,0,2276.57,15816.19,247.79,0,15066.46,1517.81,4763.03,77386.7,0,19926.37,0,0,102239.69,0,0,0,3005.67,2934.1,0,24585.66,31584.96,77.46,2727.37,18978.31,0,0,0,0
2009-05-22 21:00:00,0,2214.88,0,323.53,12648.78,6489.14,6968.52,0,0,2148.66,14812.39,238.21,0,14018.8,1405.24,4418.02,74808.38,0,18944.92,0,0,95776.45,0,0,0,2887.15,2784.49,0,24510.37,30018.71,72.56,2590.53,18599.96,0,0,0,0
2009-05-22 22:00:00,0,2137.0,0,293.34,11479.64,5969.9,6438.53,0,0,2031.3,13900.99,222.21,0,12972.86,1332.01,4161.71,72064.7,0,17659.83,0,0,90201.64,0,0,0,2644.78,2572.41,0,23332.67,28939.71,68.12,2454.22,17398.09,0,0,0,0
2009-05-22 23:00:00,0,1954.89,0,269.48,10450.96,5502.44,5944.51,0,0,1912.42,13033.79,210.52,0,11968.87,1226.73,3890.07,68514.06,0,16265.4,0,0,85344.92,0,0,0,2442.63,2392.59,0,22191.0,27562.15,64.44,2331.44,16138.52,0,0,0,0
2009-05-23 00:00:00,0,1790.34,0,251.18,9568.98,5081.93,5446.42,0,0,1795.25,12246.44,192.91,0,11022.12,1178.08,3608.36,65116.48,0,15135.46,0,0,80788.87,0,0,0,2299.52,2247.15,0,21029.84,26075.36,61.66,2183.56,14973.48,0,0,0,0
2009-05-23 01:00:00,0,1658.08,0,234.43,8815.43,4693.14,5015.77,0,0,1676.6,11505.63,180.19,0,10403.0,1136.51,3376.09,61932.76,0,14138.73,0,0,76945.57,0,0,0,2189.34,2120.72,0,20232.59,24780.3,59.34,2031.51,13856.21,0,0,0,0
2009-05-23 02:00:00,0,1576.73,0,223.75,8282.36,4412.06,4664.53,0,0,1570.09,10857.06,169.27,0,10107.04,1079.7,3167.85,59461.77,0,13374.32,0,0,73952.2,0,0,0,2114.31,2016.38,0,19660.72,23579.81,57.14,1899.94,13075.79,0,0,0,0
2009-05-23 03:00:00,0,1513.11,0,215.86,7972.57,4253.98,4450.25,0,0,1500.31,10466.21,165.73,0,9933.65,1068.57,3028.29,57703.44,0,12848.1,0,0,71785.48,0,0,0,2056.87,1939.49,0,19146.12,22845.46,56.25,1824.9,12713.2,0,0,0,0
2009-05-23 04:00:00,0,1473.14,0,216.26,7862.35,4153.04,4365.97,0,0,1489.48,10231.79,159.26,0,9919.87,1048.12,2942.48,56748.62,0,12573.66,0,0,70656.23,0,0,0,2032.18,1945.7,0,19030.93,22432.79,54.88,1784.99,12504.43,0,0,0,0
2009-05-23 05:00:00,0,1459.93,0,220.88,7858.22,4193.65,4424.26,0,0,1505.22,10247.84,162.36,0,9909.76,1084.55,2916.91,56306.84,0,12599.81,0,0,70155.28,0,0,0,2038.81,1957.44,0,19124.37,22298.51,54.15,1789.95,12514.93,0,0,0,0
2009-05-23 06:00:00,0,1496.28,0,227.81,8145.77,4335.83,4637.39,0,0,1546.1,10407.57,167.97,0,10251.49,1116.61,2981.14,56950.49,0,13410.74,0,0,71584.59,0,0,0,2073.24,2043.49,0,19420.17,22531.86,53.6,1814.49,12746.41,0,0,0,0
2009-05-23 07:00:00,0,1604.54,0,236.57,8729.04,4571.4,5024.25,0,0,1615.13,11148.21,174.45,0,10452.82,1154.91,3148.06,58698.98,0,14033.55,0,0,75473.0,0,0,0,2248.93,2261.42,0,19970.43,22654.59,54.2,1874.75,13102.72,0,0,0,0
2009-05-23 08:00:00,0,1731.35,0,255.43,9319.6,4846.5,5428.04,0,0,1720.5,12235.78,185.42,0,10761.74,1226.16,3352.24,61113.63,0,14543.2,0,0,80547.21,0,0,0,2417.71,2465.07,0,20698.01,23219.05,56.76,1962.91,14038.46,0,0,0,0
2009-05-23 09:00:00,0,1866.95,0,277.82,9687.2,5252.68,5954.03,0,0,1867.33,13555.76,200.03,0,11098.71,1281.48,3529.18,63659.31,0,15049.21,0,0,85230.79,0,0,0,2582.55,2615.23,0,21580.93,24457.96,60.43,2085.39,14970.08,0,0,0,0
2009-05-23 10:00:00,0,2042.56,0,299.95,10379.05,5891.44,6517.84,0,0,2078.07,14945.4,211.29,0,11187.69,1361.74,3826.3,66800.88,0,15444.65,0,0,92251.04,0,0,0,2779.61,2812.53,0,22348.26,26117.75,64.17,2349.18,15773.97,0,0,0,0
2009-05-23 11:00:00,0,2197.64,0,335.11,11140.31,6699.37,6942.69,0,0,2231.32,15458.31,228.94,0,11133.71,1455.46,4176.41,70928.5,0,15950.7,0,0,99945.54,0,0,0,2946.66,2988.2,0,23276.31,27525.27,68.04,2715.68,16666.39,0,0,0,0
2009-05-23 12:00:00,0,2292.73,0,353.94,11799.71,7366.69,7219.82,0,0,2293.95,15829.13,246.88,0,11141.21,1487.03,4412.12,74698.21,0,16215.88,0,0,105515.17,0,0,0,3061.31,3098.47,0,23669.06,28604.48,71.35,2984.89,17640.42,0,0,0,0
2009-05-23 13:00:00,0,2369.02,0,370.2,12478.78,7789.18,7465.05,0,0,2405.87,16623.31,256.42,0,11198.25,1522.54,4557.26,77200.32,0,16330.62,0,0,108110.67,0,0,0,3137.12,3182.64,0,24275.22,29565.94,74.17,3157.08,18395.22,0,0,0,0
2009-05-23 14:00:00,0,2427.67,0,385.3,13039.9,8073.13,7734.93,0,0,2510.01,17435.36,274.98,0,11283.38,1599.8,4673.15,79211.71,0,16386.15,0,0,109803.72,0,0,0,3144.55,3196.23,0,24785.18,30359.27,76.43,3261.2,19036.08,0,0,0,0
2009-05-23 15:00:00,0,2446.92,0,383.15,13391.72,8145.01,7980.1,0,0,2498.57,17808.36,287.89,0,11599.86,1663.87,4741.71,80847.03,0,16422.59,0,0,111232.94,0,0,0,3084.61,3152.24,0,25287.22,30749.14,78.16,3284.01,19454.56,0,0,0,0
2009-05-23 16:00:00,0,2458.66,0,379.96,13430.14,7950.61,8084.96,0,0,2453.46,17662.16,283.38,0,11875.71,1627.28,4797.28,82029.77,0,16681.97,0,0,111692.72,0,0,0,2991.14,3089.48,0,25399.9,30947.38,79.08,3183.24,19546.64,0,0,0,0
2009-05-23 17:00:00,0,2416.87,0,380.97,13181.73,7708.69,7981.74,0,0,2412.09,17527.65,278.05,0,12099.16,1636.5,4801.67,82359.38,0,16716.12,0,0,110361.71,0,0,0,2962.02,3050.31,0,25363.26,30823.24,79.24,3128.74,19215.99,0,0,0,0
2009-05-23 18:00:00,0,2378.21,0,373.06,12718.91,7468.85,7712.08,0,0,2387.5,17379.04,273.57,0,12260.0,1615.21,4724.6,81678.88,0,16478.61,0,0,108005.23,0,0,0,2940.14,3002.97,0,25273.74,30893.93,79.07,3071.99,18754.28,0,0,0,0
2009-05-23 19:00:00,0,2428.26,0,374.0,13629.76,7588.66,8152.04,0,0,2479.4,17133.49,275.86,0,13653.13,1624.05,4877.02,84585.22,0,18154.8,0,0,110063.24,0,0,0,2993.1,3068.68,0,25939.6,31010.34,82.33,3129.89,19399.68,0,0,0,0
2009-05-23 20:00:00,0,2371.5,0,364.8,13221.73,7262.73,7592.38,0,0,2314.52,15990.35,265.54,0,12839.21,1536.33,4678.34,82785.55,0,17558.95,0,0,106254.75,0,0,0,2930.43,2949.38,0,25704.4,31253.98,79.71,2945.34,18948.93,0,0,0,0
2009-05-23 21:00:00,0,2288.06,0,346.95,12705.56,6836.41,7094.51,0,0,2159.88,14948.59,255.86,0,12074.95,1473.09,4396.35,79274.84,0,16759.83,0,0,100020.8,0,0,0,2875.03,2833.82,0,25391.07,29841.36,75.29,2762.98,18619.02,0,0,0,0
2009-05-23 22:00:00,0,2214.69,0,321.3,11710.04,6290.8,6618.6,0,0,2040.86,13995.43,235.57,0,11378.63,1412.24,4131.25,76156.18,0,15825.49,0,0,95053.59,0,0,0,2698.89,2661.82,0,24191.41,28823.08,71.14,2590.7,17576.13,0,0,0,0
2009-05-23 23:00:00,0,2007.11,0,295.78,10738.63,5750.41,6138.97,0,0,1919.49,13145.15,217.67,0,10670.25,1334.86,3853.35,72131.0,0,14939.39,0,0,90299.15,0,0,0,2516.52,2493.56,0,22934.87,27324.25,66.92,2413.73,16387.12,0,0,0,0
2009-05-24 00:00:00,0,1815.85,0,275.08,9897.57,5227.77,5662.17,0,0,1786.17,12355.05,198.67,0,9987.27,1265.17,3566.94,68505.98,0,14142.95,0,0,85881.91,0,0,0,2370.73,2334.85,0,21729.65,25930.35,63.12,2240.58,15254.27,0,0,0,0
2009-05-24 01:00:00,0,1666.91,0,252.77,9161.25,4817.51,5202.29,0,0,1675.57,11610.87,183.36,0,9680.71,1216.3,3337.01,64999.55,0,13394.93,0,0,82060.56,0,0,0,2268.24,2222.57,0,20833.32,24614.92,60.01,2073.15,14306.54,0,0,0,0
2009-05-24 02:00:00,0,1571.04,0,235.84,8572.88,4541.48,4829.82,0,0,1581.31,10953.33,172.96,0,9615.11,1151.13,3150.81,62000.88,0,12927.12,0,0,79051.07,0,0,0,2196.43,2119.89,0,20409.44,23499.56,57.49,1933.69,13577.64,0,0,0,0
2009-05-24 03:00:00,0,1501.4,0,226.47,8258.13,4361.74,4606.16,0,0,1511.82,10542.71,165.2,0,9616.57,1096.94,3023.77,59680.54,0,12662.75,0,0,76528.39,0,0,0,2146.41,2046.25,0,19969.03,22866.29,56.03,1842.67,13220.58,0,0,0,0
2009-05-24 04:00:00,0,1463.83,0,224.97,8097.09,4239.99,4526.69,0,0,1488.73,10325.59,162.4,0,9679.26,1076.94,2940.7,58279.25,0,12682.6,0,0,75344.77,0,0,0,2122.95,2049.15,0,19782.8,22433.15,54.68,1809.27,12939.84,0,0,0,0
2009-05-24 05:00:00,0,1451.3,0,227.18,8061.36,4259.85,4561.31,0,0,1491.31,10370.76,163.91,0,9788.78,1103.74,2938.2,57357.08,0,12820.27,0,0,74814.12,0,0,0,2145.72,2063.84,0,19845.54,22289.49,54.71,1820.93,12726.17,0,0,0,0
2009-05-24 06:00:00,0,1472.11,0,234.29,8406.62,4412.03,4763.12,0,0,1540.49,10596.11,169.47,0,10102.81,1139.93,3004.61,57545.16,0,13504.0,0,0,76703.79,0,0,0,2186.27,2129.27,0,20093.73,22429.03,54.48,1859.03,12862.72,0,0,0,0
2009-05-24 07:00:00,0,1574.9,0,251.68,8999.3,4644.54,5186.9,0,0,1632.08,11467.0,177.06,0,10565.5,1157.2,3156.88,58854.79,0,14386.77,0,0,80396.44,0,0,0,2278.42,2283.87,0,20593.69,22624.83,55.22,1947.18,13249.83,0,0,0,0
2009-05-24 08:00:00,0,1676.35,0,273.1,9646.96,4940.12,5658.37,0,0,1732.88,12579.12,184.73,0,10904.7,1213.86,3336.75,61067.99,0,15188.43,0,0,84922.35,0,0,0,2420.86,2466.38,0,21073.96,22895.25,56.91,2063.46,13753.76,0,0,0,0
2009-05-24 09:00:00,0,1834.16,0,294.47,10254.77,5334.28,6064.33,0,0,1873.27,13869.22,193.98,0,11481.59,1220.28,3506.42,63387.51,0,16185.89,0,0,88834.86,0,0,0,2567.53,2632.24,0,21996.71,24213.58,59.66,2269.23,14457.24,0,0,0,0
2009-05-24 10:00:00,0,2031.4,0,311.88,10926.45,6039.47,6671.18,0,0,2096.97,15264.3,209.11,0,12155.25,1248.08,3646.62,65801.02,0,17036.77,0,0,92968.59,0,0,0,2724.63,2788.94,0,23391.74,25983.13,63.4,2585.4,15151.02,0,0,0,0
2009-05-24 11:00:00,0,2212.1,0,314.88,11682.24,6894.36,7094.26,0,0,2306.61,16603.6,222.85,0,12794.23,1313.15,3776.76,69141.7,0,17850.49,0,0,98295.85,0,0,0,2885.61,2973.4,0,25049.52,27581.99,67.25,2874.62,15976.53,0,0,0,0
2009-05-24 12:00:00,0,2322.25,0,306.25,12333.15,7486.58,7393.19,0,0,2433.64,17409.1,241.69,0,13420.34,1474.27,3852.48,71897.32,0,18557.83,0,0,101679.51,0,0,0,2968.68,3075.68,0,26843.14,28799.55,69.42,3044.62,16684.41,0,0,0,0
2009-05-24 13:00:00,0,2386.79,0,302.51,12830.25,7825.95,7643.79,0,0,2523.68,17941.37,251.24,0,13980.71,1565.83,3975.16,73912.47,0,18854.3,0,0,104508.84,0,0,0,3053.79,3142.77,0,28187.62,29726.4,71.19,3150.93,17864.96,0,0,0,0
2009-05-24 14:00:00,0,2411.09,0,292.35,13185.74,8012.31,7904.54,0,0,2580.32,18388.28,268.03,0,14540.94,1601.27,4111.54,75305.32,0,19087.33,0,0,107122.15,0,0,0,3104.1,3177.06,0,29101.1,30489.5,72.68,3208.61,19001.66,0,0,0,0
2009-05-24 15:00:00,0,2408.57,0,295.3,13443.26,8033.73,8127.22,0,0,2611.34,18715.16,284.76,0,15036.85,1671.17,4220.04,76352.94,0,19454.65,0,0,108743.98,0,0,0,3090.5,3172.1,0,29415.25,31053.28,73.94,3245.66,19754.7,0,0,0,0
2009-05-24 16:00:00,0,2384.17,0,326.41,13520.91,7968.37,8291.67,0,0,2557.46,18667.13,296.15,0,15365.74,1712.46,4331.1,76729.84,0,19835.15,0,0,109330.42,0,0,0,3109.22,3179.34,0,29237.49,31273.98,75.16,3216.57,20194.1,0,0,0,0
2009-05-24 17:00:00,0,2344.4,0,338.06,13288.01,7792.27,8261.88,0,0,2478.59,18321.92,294.49,0,15521.21,1747.63,4376.15,76609.24,0,19971.13,0,0,109496.69,0,0,0,3113.65,3152.8,0,28821.21,31269.86,76.27,3199.19,20264.55,0,0,0,0
2009-05-24 18:00:00,0,2332.3,0,336.17,12829.78,7575.02,8045.82,0,0,2421.95,17953.7,291.62,0,15604.98,1731.7,4350.0,75851.96,0,19978.46,0,0,108508.27,0,0,0,3059.33,3087.68,0,28158.72,31458.62,76.32,3157.68,19766.8,0,0,0,0
2009-05-24 19:00:00,0,2476.55,0,355.23,12510.52,7671.49,7339.84,0,0,2561.17,17638.26,272.21,0,16272.32,1751.42,4122.25,73309.84,0,21340.39,0,0,106703.16,0,0,0,2904.21,2964.06,0,26716.1,29963.19,74.85,3103.89,18915.0,0,0,0,0
2009-05-24 20:00:00,0,2380.13,0,343.02,12177.49,7277.35,6818.97,0,0,2407.73,16667.51,259.84,0,15007.09,1638.24,3993.52,71860.82,0,20475.3,0,0,102304.47,0,0,0,2840.42,2864.36,0,26227.27,29284.12,72.58,2908.07,18295.09,0,0,0,0
2009-05-24 21:00:00,0,2274.78,0,325.02,11631.26,6804.24,6406.38,0,0,2269.27,15734.28,248.34,0,13865.4,1522.01,3787.42,69495.4,0,19550.76,0,0,96274.7,0,0,0,2793.58,2779.97,0,25900.16,28593.43,69.87,2710.52,17466.74,0,0,0,0
2009-05-24 22:00:00,0,2152.4,0,301.76,10737.54,6289.7,5981.1,0,0,2143.21,14748.79,236.05,0,12824.22,1417.45,3599.27,66766.42,0,18467.42,0,0,90964.28,0,0,0,2639.33,2640.07,0,24424.78,27696.32,67.58,2530.93,16446.61,0,0,0,0
2009-05-24 23:00:00,0,1928.75,0,279.04,9983.71,5795.48,5572.27,0,0,2016.68,13665.95,219.28,0,11733.43,1321.95,3430.25,63872.29,0,17377.03,0,0,86135.34,0,0,0,2470.89,2490.74,0,23030.91,26215.41,65.01,2345.7,15561.61,0,0,0,0
2009-05-25 00:00:00,0,1711.46,0,256.29,9253.44,5301.84,5170.22,0,0,1888.82,12632.36,200.53,0,10637.79,1233.61,3258.89,60748.83,0,16208.95,0,0,81962.02,0,0,0,2321.55,2340.18,0,21744.39,24861.54,62.19,2169.36,14577.38,0,0,0,0
2009-05-25 01:00:00,0,1550.27,0,236.42,8675.32,4878.55,4783.89,0,0,1765.92,11708.14,186.09,0,9883.23,1141.42,3098.54,58030.6,0,15266.18,0,0,78466.47,0,0,0,2213.7,2191.64,0,20831.6,23568.43,59.83,2015.98,13486.58,0,0,0,0
2009-05-25 02:00:00,0,1427.74,0,218.21,8209.08,4545.21,4485.08,0,0,1659.87,10800.44,170.35,0,9357.55,1028.39,2949.13,55681.11,0,14294.31,0,0,75223.61,0,0,0,2163.06,2099.05,0,20065.18,22463.7,58.34,1885.97,12699.79,0,0,0,0
2009-05-25 03:00:00,0,1369.84,0,202.08,7840.05,4273.6,4325.69,0,0,1579.97,10283.45,156.66,0,9145.79,977.86,2827.27,53762.47,0,13680.15,0,0,72617.95,0,0,0,2148.01,2078.9,0,19450.62,21755.62,56.72,1781.07,12350.46,0,0,0,0
2009-05-25 04:00:00,0,1356.06,0,204.41,7735.79,4204.4,4287.19,0,0,1555.2,10124.94,158.87,0,9058.41,986.0,2893.81,53315.94,0,13210.37,0,0,70831.61,0,0,0,2114.15,2035.35,0,19284.98,21730.06,56.44,1746.11,12307.04,0,0,0,0
2009-05-25 05:00:00,0,1401.94,0,212.34,7804.04,4258.54,4298.93,0,0,1570.55,10142.19,164.12,0,9727.75,1014.52,2960.33,54034.64,0,13282.39,0,0,70598.56,0,0,0,2121.08,2014.65,0,19426.62,21881.91,55.71,1760.79,12570.46,0,0,0,0
2009-05-25 06:00:00,0,1444.04,0,225.27,8169.58,4442.16,4584.29,0,0,1629.17,10510.72,170.85,0,10664.8,1068.15,3054.96,56535.03,0,14053.32,0,0,71000.28,0,0,0,2187.22,2127.07,0,19794.63,22335.85,55.41,1817.59,13040.28,0,0,0,0
2009-05-25 07:00:00,0,1539.58,0,244.97,8422.24,4752.98,5108.61,0,0,1763.23,11304.48,179.16,0,11246.0,1149.38,3208.59,59190.94,0,14706.85,0,0,74229.9,0,0,0,2289.87,2319.6,0,20509.74,23596.66,56.6,1925.19,13652.69,0,0,0,0
2009-05-25 08:00:00,0,1647.96,0,269.55,8891.34,5126.13,5565.53,0,0,1842.94,12513.69,188.33,0,11908.46,1229.23,3340.56,61105.0,0,15310.14,0,0,78140.24,0,0,0,2386.85,2484.45,0,21139.01,24586.34,59.38,2060.08,14292.12,0,0,0,0
2009-05-25 09:00:00,0,1779.96,0,306.77,9364.35,5635.88,6021.7,0,0,1978.09,13933.42,198.19,0,12465.73,1281.75,3487.51,62959.3,0,16078.2,0,0,82392.72,0,0,0,2522.47,2699.84,0,21854.64,25611.18,61.48,2296.55,14797.01,0,0,0,0
2009-05-25 10:00:00,0,1886.64,0,340.5,10035.42,6517.69,6718.35,0,0,2221.13,15530.99,210.44,0,12757.92,1398.7,3702.4,64673.13,0,16800.27,0,0,87421.62,0,0,0,2727.19,2945.23,0,22771.55,26463.85,64.0,2609.56,15294.62,0,0,0,0
2009-05-25 11:00:00,0,1986.19,0,357.43,10820.87,7444.92,7278.95,0,0,2493.48,16975.15,234.27,0,12877.35,1579.93,3905.08,67185.18,0,17418.03,0,0,93698.94,0,0,0,2904.1,3133.09,0,24329.53,27612.6,67.94,2846.13,16363.65,0,0,0,0
2009-05-25 12:00:00,0,2047.78,0,364.36,11564.12,7921.11,7741.74,0,0,2631.42,17810.02,255.38,0,12935.1,1632.19,4086.16,70134.98,0,17753.17,0,0,97751.92,0,0,0,2983.32,3212.7,0,25957.05,28422.18,70.26,2966.4,17638.0,0,0,0,0
2009-05-25 13:00:00,0,2180.56,0,366.6,12066.07,8139.59,8015.42,0,0,2693.56,18262.97,270.09,0,12948.58,1667.63,4230.37,72432.26,0,17856.51,0,0,100316.24,0,0,0,3009.47,3202.9,0,27177.12,29415.54,71.59,3083.2,18640.4,0,0,0,0
2009-05-25 14:00:00,0,2262.93,0,382.89,12427.98,8163.47,8223.96,0,0,2693.09,18357.41,277.5,0,12859.44,1703.74,4351.26,74152.23,0,17768.72,0,0,102342.57,0,0,0,3026.55,3189.18,0,28083.13,30149.56,74.12,3192.2,19510.76,0,0,0,0
2009-05-25 15:00:00,0,2278.98,0,396.76,12672.18,8036.86,8185.6,0,0,2630.09,18242.11,271.62,0,12668.13,1730.24,4448.79,75474.33,0,17734.52,0,0,103842.05,0,0,0,3045.53,3169.45,0,29067.93,30598.11,75.22,3288.44,20109.97,0,0,0,0
2009-05-25 16:00:00,0,2308.04,0,395.99,12710.45,7963.6,8171.28,0,0,2595.64,18173.09,267.68,0,12645.46,1740.79,4540.27,76338.04,0,17959.62,0,0,104388.93,0,0,0,3037.16,3110.69,0,29803.11,30895.46,73.48,3345.19,20423.99,0,0,0,0
2009-05-25 17:00:00,0,2311.31,0,395.97,12641.6,7926.69,8274.56,0,0,2560.45,18098.15,265.74,0,12789.04,1750.06,4560.43,76938.2,0,18253.85,0,0,104527.08,0,0,0,3028.21,3099.96,0,29937.96,31534.81,73.66,3364.33,20566.07,0,0,0,0
2009-05-25 18:00:00,0,2271.53,0,388.79,12347.35,7732.71,8253.39,0,0,2542.63,18163.84,265.71,0,12803.56,1743.46,4530.92,77801.29,0,18544.11,0,0,104398.74,0,0,0,2994.09,3040.97,0,29575.75,32069.57,72.34,3300.18,20176.26,0,0,0,0
2009-05-25 19:00:00,0,2390.18,0,392.11,14406.4,8165.15,8481.04,0,0,2613.72,18105.89,289.46,0,15152.02,1800.26,4698.32,79693.15,0,20087.02,0,0,107438.7,0,0,0,3152.69,3042.66,0,30310.77,32747.32,88.19,3316.08,21172.29,0,0,0,0
2009-05-25 20:00:00,0,2359.16,0,376.4,13943.97,7790.08,7924.15,0,0,2449.36,17156.06,280.52,0,13994.06,1694.58,4600.95,78121.05,0,18948.07,0,0,103002.61,0,0,0,3080.97,2926.65,0,29320.91,32709.09,85.72,3116.05,20431.09,0,0,0,0
2009-05-25 21:00:00,0,2298.24,0,353.74,13262.44,7201.9,7418.83,0,0,2290.08,16145.41,266.06,0,12967.95,1579.86,4331.56,75905.19,0,17721.1,0,0,96725.04,0,0,0,2963.43,2797.44,0,28120.58,32434.75,81.17,2894.1,20082.21,0,0,0,0
2009-05-25 22:00:00,0,2196.89,0,326.05,12226.87,6556.83,6904.43,0,0,2149.85,14985.07,243.06,0,12122.23,1457.91,4098.91,73164.08,0,16393.71,0,0,90897.93,0,0,0,2765.44,2617.2,0,26240.0,31431.52,77.08,2680.6,18703.56,0,0,0,0
2009-05-25 23:00:00,0,2020.59,0,299.13,11299.23,5959.81,6400.67,0,0,1998.99,13816.01,223.42,0,11241.12,1345.62,3884.85,69906.32,0,15332.38,0,0,85403.22,0,0,0,2593.28,2449.82,0,24485.67,29528.76,73.27,2481.09,17385.12,0,0,0,0
2009-05-26 00:00:00,0,1850.92,0,273.35,10417.25,5406.75,5913.79,0,0,1845.98,12713.24,205.02,0,10438.22,1239.57,3683.72,66795.28,0,14362.09,0,0,80226.63,0,0,0,2438.61,2280.9,0,22874.4,27786.0,69.17,2282.32,16178.05,0,0,0,0
2009-05-26 01:00:00,0,1693.55,0,249.33,9639.58,4910.23,5467.77,0,0,1705.31,11753.84,188.88,0,9937.79,1140.56,3498.76,63866.31,0,13359.78,0,0,75424.65,0,0,0,2323.5,2135.07,0,21543.15,26426.3,66.36,2096.48,15049.82,0,0,0,0
2009-05-26 02:00:00,0,1594.56,0,225.27,9262.44,4580.13,5134.98,0,0,1583.21,10971.97,173.33,0,9755.46,1064.21,3314.93,61063.19,0,12798.1,0,0,71301.52,0,0,0,2252.04,2092.0,0,20663.74,25304.41,64.17,1972.11,14348.34,0,0,0,0
2009-05-26 03:00:00,0,1540.53,0,224.08,9116.82,4428.19,5016.21,0,0,1533.08,10537.29,163.52,0,9719.23,1070.05,3179.45,59377.71,0,12625.27,0,0,68887.82,0,0,0,2214.01,2075.45,0,20328.71,24623.04,61.62,1922.99,13871.02,0,0,0,0
2009-05-26 04:00:00,0,1551.23,0,234.96,9229.2,4538.22,5174.6,0,0,1559.53,10651.79,166.8,0,9891.73,1105.53,3209.34,59926.4,0,12701.16,0,0,68560.32,0,0,0,2280.21,2125.46,0,20638.89,24341.62,60.47,1953.52,13989.04,0,0,0,0
2009-05-26 05:00:00,0,1575.65,0,246.89,9667.28,4676.11,5383.77,0,0,1604.32,10955.59,171.36,0,11311.98,1139.11,3294.31,61484.52,0,14070.06,0,0,70759.11,0,0,0,2345.3,2171.01,0,20970.84,24550.51,61.53,1993.82,14333.41,0,0,0,0
2009-05-26 06:00:00,0,1608.71,0,262.24,10473.33,4855.64,5781.66,0,0,1701.56,11535.42,177.2,0,12102.28,1206.26,3554.9,63661.49,0,15669.94,0,0,77885.36,0,0,0,2422.97,2230.6,0,21502.05,24883.76,62.66,2069.94,14877.38,0,0,0,0
2009-05-26 07:00:00,0,1731.01,0,290.23,10937.71,5241.85,6129.72,0,0,1843.56,12678.8,191.12,0,12553.3,1302.51,3831.05,67206.38,0,16273.39,0,0,81114.99,0,0,0,2520.14,2323.87,0,22490.34,26169.94,65.02,2200.46,15676.16,0,0,0,0
2009-05-26 08:00:00,0,1822.85,0,317.19,11354.18,5670.07,6478.89,0,0,1976.8,13979.73,204.93,0,12674.95,1380.48,4057.94,69927.98,0,16659.28,0,0,83389.91,0,0,0,2626.4,2426.05,0,23273.24,27261.01,68.78,2373.92,16446.63,0,0,0,0
2009-05-26 09:00:00,0,1908.21,0,334.21,11797.72,6268.38,6816.91,0,0,2182.85,15332.24,223.19,0,12485.49,1480.31,4273.46,72191.05,0,16937.31,0,0,84846.41,0,0,0,2734.42,2517.0,0,24301.45,28175.65,71.73,2585.78,17267.76,0,0,0,0
2009-05-26 10:00:00,0,1986.11,0,349.53,12249.35,6896.64,7343.36,0,0,2393.4,16767.43,239.12,0,12392.73,1611.1,4541.17,74819.63,0,17245.47,0,0,86191.35,0,0,0,2826.56,2656.04,0,25206.8,29109.04,75.22,2825.18,18089.24,0,0,0,0
2009-05-26 11:00:00,0,2063.92,0,364.23,13054.9,7526.26,7728.87,0,0,2590.67,18012.1,255.91,0,12400.66,1703.17,4740.4,77294.61,0,17272.55,0,0,87409.09,0,0,0,2999.29,2876.51,0,26375.65,30012.53,79.03,3021.1,19049.91,0,0,0,0
2009-05-26 12:00:00,0,2166.27,0,369.37,13702.67,7969.52,7999.21,0,0,2714.81,18907.61,269.59,0,12417.86,1760.23,4875.25,79952.75,0,17334.47,0,0,88872.04,0,0,0,3151.78,3024.18,0,27736.76,31138.06,82.96,3183.88,20083.61,0,0,0,0
2009-05-26 13:00:00,0,2278.64,0,374.79,14099.39,8307.83,8193.95,0,0,2820.27,19557.1,282.36,0,12397.57,1796.39,4940.49,82328.91,0,17357.75,0,0,90112.74,0,0,0,3273.53,3118.32,0,28947.62,32045.4,86.28,3300.32,20861.63,0,0,0,0
2009-05-26 14:00:00,0,2382.89,0,389.03,14334.41,8541.39,8291.87,0,0,2915.99,19926.57,298.16,0,12392.57,1831.39,5020.9,84555.72,0,17447.73,0,0,90893.37,0,0,0,3386.43,3195.85,0,30016.57,32860.9,88.87,3391.15,21331.22,0,0,0,0
2009-05-26 15:00:00,0,2450.85,0,383.89,14435.92,8488.77,8330.56,0,0,2897.5,19879.61,300.64,0,12373.03,1879.62,5074.73,85970.72,0,17720.64,0,0,91445.01,0,0,0,3434.77,3217.87,0,30598.68,33216.27,90.76,3424.47,21612.99,0,0,0,0
2009-05-26 16:00:00,0,2486.98,0,350.29,14310.11,8283.47,8246.53,0,0,2799.66,19540.05,300.9,0,12410.31,1905.41,5114.99,86650.52,0,17791.27,0,0,91283.05,0,0,0,3396.51,3200.01,0,30797.04,33484.91,91.3,3436.51,21623.87,0,0,0,0
2009-05-26 17:00:00,0,2549.64,0,339.26,14000.25,8055.64,8085.99,0,0,2705.4,19058.93,301.69,0,12610.6,1871.33,5138.01,86664.98,0,17786.33,0,0,90855.94,0,0,0,3277.02,3148.94,0,30569.07,33832.37,91.52,3374.97,21556.12,0,0,0,0
2009-05-26 18:00:00,0,2505.55,0,352.23,13633.85,7846.65,7932.52,0,0,2645.71,18618.9,285.84,0,12883.89,1786.03,5064.31,86313.04,0,17727.13,0,0,90539.0,0,0,0,3203.26,3102.16,0,30047.62,33319.05,90.62,3289.28,21363.49,0,0,0,0
2009-05-26 19:00:00,0,2549.74,0,366.04,13969.34,8064.59,8179.9,0,0,2665.34,18448.16,283.81,0,13915.04,1811.63,4875.37,85467.1,0,17793.64,0,0,93156.49,0,0,0,3196.27,3047.87,0,30120.08,31878.46,88.44,3230.87,21162.95,0,0,0,0
2009-05-26 20:00:00,0,2448.62,0,356.98,13507.1,7728.07,7633.14,0,0,2475.93,17347.75,266.21,0,13056.76,1690.45,4737.9,83380.35,0,17212.37,0,0,89778.78,0,0,0,3111.02,2945.56,0,29159.38,31332.1,85.89,3072.39,20405.51,0,0,0,0
2009-05-26 21:00:00,0,2343.52,0,335.06,12738.6,7154.97,7092.81,0,0,2301.61,16298.74,255.38,0,12283.82,1568.93,4435.28,80728.67,0,16531.47,0,0,85795.29,0,0,0,2980.16,2802.04,0,27975.2,30940.53,81.33,2861.02,20010.86,0,0,0,0
2009-05-26 22:00:00,0,2227.93,0,306.66,11660.14,6549.83,6565.6,0,0,2165.56,15163.94,237.56,0,11540.31,1462.6,4173.33,77315.28,0,15591.1,0,0,82214.9,0,0,0,2771.73,2614.87,0,25842.24,29914.67,77.16,2661.08,18691.4,0,0,0,0
2009-05-26 23:00:00,0,2003.18,0,274.89,10715.86,5973.88,6050.56,0,0,2023.0,13992.13,220.68,0,10795.96,1357.84,3947.87,73602.63,0,14688.66,0,0,79079.28,0,0,0,2585.82,2434.29,0,24145.42,27947.89,73.2,2484.26,17340.78,0,0,0,0
2009-05-27 00:00:00,0,1805.35,0,251.8,9883.69,5435.91,5566.92,0,0,1872.99,12834.56,204.23,0,10057.69,1241.92,3747.24,70188.24,0,13860.0,0,0,76121.18,0,0,0,2429.25,2274.36,0,22545.75,26176.52,69.0,2297.22,16115.83,0,0,0,0
2009-05-27 01:00:00,0,1638.85,0,234.34,9102.6,4929.46,5138.75,0,0,1736.9,11865.38,188.47,0,9714.83,1134.13,3551.86,67022.3,0,13155.09,0,0,73288.39,0,0,0,2311.69,2124.48,0,21232.89,24559.42,65.84,2110.62,14919.63,0,0,0,0
2009-05-27 02:00:00,0,1523.89,0,221.78,8783.08,4622.83,4839.05,0,0,1611.67,11030.14,175.33,0,9672.45,1053.63,3370.44,64017.83,0,12689.75,0,0,70768.46,0,0,0,2236.06,2075.81,0,20399.85,23288.86,63.28,1984.89,14121.7,0,0,0,0
2009-05-27 03:00:00,0,1456.44,0,217.21,8639.72,4446.12,4763.74,0,0,1554.57,10510.38,168.56,0,9855.22,1046.88,3224.78,62434.76,0,12693.75,0,0,70073.21,0,0,0,2199.88,2064.37,0,19998.32,22659.97,61.06,1931.43,13693.19,0,0,0,0
2009-05-27 04:00:00,0,1465.14,0,225.7,8829.22,4547.0,4956.12,0,0,1576.19,10593.15,171.04,0,10217.44,1083.0,3261.34,62531.94,0,13281.67,0,0,71593.39,0,0,0,2265.29,2104.58,0,20333.72,22521.62,60.42,1962.82,13806.82,0,0,0,0
2009-05-27 05:00:00,0,1499.38,0,233.9,9276.77,4684.22,5165.35,0,0,1622.34,10887.91,172.4,0,10841.25,1120.42,3347.23,63524.0,0,13943.44,0,0,73849.06,0,0,0,2320.97,2141.53,0,20667.32,22902.29,61.28,2009.08,14116.9,0,0,0,0
2009-05-27 06:00:00,0,1538.84,0,253.08,10041.08,4862.2,5508.89,0,0,1702.26,11415.19,176.75,0,11532.04,1182.89,3605.47,65146.96,0,14731.5,0,0,79828.07,0,0,0,2384.2,2203.71,0,21263.58,23440.14,62.47,2080.41,14648.29,0,0,0,0
2009-05-27 07:00:00,0,1628.79,0,285.2,10467.65,5248.37,5848.66,0,0,1847.5,12487.96,189.75,0,12190.35,1290.55,3929.25,68733.9,0,15702.2,0,0,83677.17,0,0,0,2507.78,2314.63,0,22366.12,24732.36,64.61,2213.43,15578.86,0,0,0,0
2009-05-27 08:00:00,0,1715.03,0,309.67,10810.1,5661.03,6129.81,0,0,1964.11,13629.96,206.62,0,12796.81,1346.33,4163.64,71513.97,0,16505.98,0,0,87076.63,0,0,0,2649.66,2438.57,0,23509.11,25778.19,67.43,2369.02,16548.63,0,0,0,0
2009-05-27 09:00:00,0,1764.8,0,332.45,11130.53,6191.18,6443.8,0,0,2150.57,15046.64,218.34,0,13009.59,1447.48,4369.72,73830.51,0,17011.62,0,0,90662.11,0,0,0,2807.72,2561.26,0,24713.69,26482.01,70.88,2595.87,17595.93,0,0,0,0
2009-05-27 10:00:00,0,1813.75,0,361.16,11533.78,6889.34,6812.99,0,0,2376.25,16631.02,236.53,0,13196.37,1611.97,4579.62,76818.96,0,17346.37,0,0,93810.09,0,0,0,2933.3,2741.43,0,26225.22,27224.92,73.34,2841.82,18606.8,0,0,0,0
2009-05-27 11:00:00,0,1871.42,0,387.71,11902.74,7573.13,7084.0,0,0,2568.64,17893.49,253.81,0,13339.56,1730.6,4795.37,79596.62,0,17536.93,0,0,97074.61,0,0,0,3104.6,2925.33,0,28186.49,27778.6,76.74,3046.69,19747.66,0,0,0,0
2009-05-27 12:00:00,0,1913.65,0,404.42,12128.8,8013.67,7345.62,0,0,2685.93,18757.73,265.96,0,13473.46,1830.41,4951.02,82270.87,0,17719.65,0,0,101572.01,0,0,0,3233.55,3053.04,0,29869.1,28321.27,79.76,3218.86,21059.96,0,0,0,0
2009-05-27 13:00:00,0,1956.84,0,422.86,12220.83,8302.07,7715.39,0,0,2780.43,19366.85,279.27,0,13600.13,1875.79,5033.47,84492.91,0,17802.41,0,0,106976.21,0,0,0,3335.62,3127.14,0,31044.88,28839.49,82.07,3337.9,21949.58,0,0,0,0
2009-05-27 14:00:00,0,1995.55,0,438.64,12427.98,8564.12,7998.06,0,0,2881.59,19830.21,286.94,0,13705.56,1897.82,5133.44,85878.13,0,17960.46,0,0,111390.36,0,0,0,3401.01,3182.91,0,31936.81,29271.12,83.91,3438.13,22599.32,0,0,0,0
2009-05-27 15:00:00,0,2042.4,0,443.16,12768.68,8622.35,8248.18,0,0,2906.91,19905.24,299.33,0,13763.59,1919.33,5202.67,86408.17,0,18003.36,0,0,113890.61,0,0,0,3431.3,3211.33,0,32492.86,29541.2,85.43,3520.81,22999.35,0,0,0,0
2009-05-27 16:00:00,0,2079.39,0,439.28,12981.65,8428.01,8393.28,0,0,2811.35,19670.06,301.07,0,13813.32,1915.57,5237.15,86912.52,0,18054.41,0,0,114233.34,0,0,0,3403.95,3213.22,0,32800.72,29646.03,86.21,3510.11,23127.62,0,0,0,0
2009-05-27 17:00:00,0,2100.1,0,413.6,13022.24,8212.02,8358.59,0,0,2781.17,19378.49,303.6,0,13845.3,1860.96,5225.26,86820.45,0,17993.62,0,0,112600.81,0,0,0,3340.31,3188.18,0,32713.99,29605.4,86.22,3468.12,23067.5,0,0,0,0
2009-05-27 18:00:00,0,2094.33,0,406.18,12944.89,8029.76,8264.09,0,0,2719.81,19083.98,292.81,0,13887.35,1784.8,5138.82,86576.24,0,17864.14,0,0,109840.37,0,0,0,3256.59,3142.89,0,32233.7,29454.21,84.77,3373.83,22671.12,0,0,0,0
2009-05-27 19:00:00,0,2116.22,0,397.06,13624.65,8188.2,8317.77,0,0,2717.6,18817.69,297.24,0,13549.64,1783.75,4892.56,85816.07,0,17565.31,0,0,107906.08,0,0,0,3245.09,3071.02,0,31683.58,28534.44,82.3,3252.36,22108.04,0,0,0,0
2009-05-27 20:00:00,0,2105.13,0,384.47,13007.81,7840.01,7715.16,0,0,2533.1,17709.74,287.74,0,12758.78,1716.27,4858.39,83962.09,0,17028.92,0,0,103955.08,0,0,0,3141.72,2920.56,0,30429.46,28883.96,81.38,3085.61,21153.21,0,0,0,0
2009-05-27 21:00:00,0,2065.61,0,362.1,12298.72,7261.73,7134.51,0,0,2358.65,16576.05,271.36,0,11985.38,1609.13,4552.81,81142.23,0,16194.93,0,0,98014.63,0,0,0,2983.43,2780.49,0,28975.11,29085.54,77.38,2889.67,20656.09,0,0,0,0
2009-05-27 22:00:00,0,1968.4,0,335.6,11290.16,6606.37,6589.83,0,0,2201.27,15322.05,246.45,0,11253.47,1501.19,4282.94,77825.24,0,15204.22,0,0,92772.8,0,0,0,2773.7,2591.18,0,26893.63,28062.84,72.97,2679.0,19304.39,0,0,0,0
2009-05-27 23:00:00,0,1784.99,0,308.89,10376.38,5969.06,6072.77,0,0,2044.55,14097.6,224.47,0,10507.4,1391.93,4008.47,73797.89,0,14391.77,0,0,88463.23,0,0,0,2581.6,2411.22,0,24994.22,26007.37,68.96,2483.18,17871.01,0,0,0,0
2009-05-28 00:00:00,0,1634.12,0,281.84,9589.45,5419.57,5618.99,0,0,1888.08,12993.24,205.41,0,9809.51,1279.38,3787.61,70113.88,0,13665.02,0,0,84466.61,0,0,0,2412.21,2236.19,0,23343.38,24540.09,66.17,2297.1,16645.13,0,0,0,0
2009-05-28 01:00:00,0,1506.76,0,256.75,8893.6,4919.48,5199.88,0,0,1739.6,12029.52,187.36,0,9488.67,1172.54,3593.57,66719.17,0,12979.68,0,0,80567.67,0,0,0,2285.33,2104.38,0,21801.01,23328.64,64.16,2109.87,15436.26,0,0,0,0
2009-05-28 02:00:00,0,1408.72,0,235.95,8607.86,4601.11,4915.31,0,0,1609.02,11194.53,171.42,0,9494.22,1090.88,3419.06,63748.1,0,12466.58,0,0,77518.22,0,0,0,2210.69,2044.91,0,20895.63,22280.96,62.01,1989.98,14622.39,0,0,0,0
2009-05-28 03:00:00,0,1376.64,0,225.84,8465.09,4460.47,4814.42,0,0,1559.1,10751.3,162.29,0,9716.84,1073.25,3288.93,62188.45,0,12472.02,0,0,76110.04,0,0,0,2178.59,2021.43,0,20406.62,21904.71,60.01,1950.28,14172.62,0,0,0,0
2009-05-28 04:00:00,0,1418.91,0,231.2,8633.79,4546.25,4970.23,0,0,1587.74,10901.93,163.15,0,10126.18,1108.75,3315.64,62293.53,0,12959.66,0,0,76697.16,0,0,0,2240.98,2061.68,0,20730.69,21815.32,59.2,1987.73,14256.61,0,0,0,0
2009-05-28 05:00:00,0,1464.23,0,237.5,9065.94,4698.7,5140.59,0,0,1629.65,11127.77,167.6,0,10766.83,1137.17,3393.88,62976.12,0,13767.53,0,0,78263.56,0,0,0,2306.77,2099.98,0,21046.17,22272.07,59.96,2036.32,14579.22,0,0,0,0
2009-05-28 06:00:00,0,1511.81,0,253.83,9968.53,4896.77,5564.39,0,0,1724.27,11737.42,177.45,0,11647.68,1200.84,3649.48,64380.5,0,14922.0,0,0,83756.37,0,0,0,2378.14,2172.08,0,21656.98,22743.4,61.22,2132.93,15078.24,0,0,0,0
2009-05-28 07:00:00,0,1601.19,0,286.15,10530.92,5314.66,5939.99,0,0,1880.05,12930.18,190.54,0,12460.07,1285.28,3965.81,67696.72,0,15882.93,0,0,86894.18,0,0,0,2498.6,2299.26,0,22737.15,24241.03,62.78,2280.67,15734.24,0,0,0,0
2009-05-28 08:00:00,0,1670.68,0,317.13,10995.91,5735.28,6387.2,0,0,2013.84,14159.99,206.67,0,12859.32,1348.26,4197.79,70015.81,0,16638.96,0,0,90809.7,0,0,0,2635.92,2434.16,0,23998.83,24795.36,65.65,2445.37,16440.94,0,0,0,0
2009-05-28 09:00:00,0,1737.33,0,344.99,11731.59,6340.7,7067.49,0,0,2227.15,15569.67,221.93,0,13157.25,1402.76,4391.67,71804.69,0,17143.87,0,0,94373.29,0,0,0,2771.22,2621.61,0,25267.28,25577.91,68.89,2660.74,17273.29,0,0,0,0
2009-05-28 10:00:00,0,1798.05,0,378.47,12797.19,6962.98,7748.19,0,0,2435.7,17035.35,240.53,0,13417.1,1555.12,4557.86,73754.64,0,17595.97,0,0,97521.14,0,0,0,3022.2,2891.3,0,27160.78,26678.41,71.24,2863.34,18129.58,0,0,0,0
2009-05-28 11:00:00,0,1840.75,0,402.06,13786.92,7521.65,8101.6,0,0,2608.68,18261.05,258.14,0,13596.74,1721.88,4704.73,75780.48,0,17996.48,0,0,100263.84,0,0,0,3206.21,3092.61,0,29192.46,27845.88,73.1,3008.87,19235.54,0,0,0,0
2009-05-28 12:00:00,0,1871.92,0,414.52,14573.53,7941.73,8435.69,0,0,2734.8,19118.65,270.72,0,13743.76,1852.35,4863.54,77574.61,0,18210.15,0,0,103043.65,0,0,0,3354.95,3232.93,0,30774.06,28811.62,74.96,3107.45,20220.75,0,0,0,0
2009-05-28 13:00:00,0,1909.38,0,422.37,15198.39,8231.5,8758.42,0,0,2827.31,19762.89,285.96,0,13809.32,1955.29,5039.92,79223.99,0,18419.79,0,0,106980.25,0,0,0,3485.59,3339.97,0,32108.68,29573.21,77.48,3197.6,20964.0,0,0,0,0
2009-05-28 14:00:00,0,1929.12,0,430.43,15612.16,8394.05,9086.83,0,0,2871.2,20125.85,286.74,0,13851.94,2023.03,5120.39,80573.24,0,18600.67,0,0,108951.79,0,0,0,3586.51,3416.32,0,32958.98,29882.44,79.38,3315.18,21376.86,0,0,0,0
2009-05-28 15:00:00,0,1939.1,0,429.38,15843.15,8562.3,9328.71,0,0,2925.2,20378.04,297.04,0,13921.62,2044.45,5124.07,81659.33,0,18536.21,0,0,110070.17,0,0,0,3624.48,3453.4,0,33319.87,30155.85,80.94,3411.75,21638.93,0,0,0,0
2009-05-28 16:00:00,0,1976.96,0,417.65,15844.49,8577.49,9383.82,0,0,2917.35,20217.49,306.79,0,13944.33,2009.14,5128.43,81796.7,0,18339.98,0,0,108912.49,0,0,0,3614.12,3445.19,0,33319.73,30585.14,80.81,3449.26,21564.73,0,0,0,0
2009-05-28 17:00:00,0,2011.47,0,407.72,15471.09,8435.75,9198.62,0,0,2872.87,19657.49,306.45,0,13945.45,1985.53,5049.64,81918.96,0,18112.38,0,0,106951.63,0,0,0,3571.79,3404.72,0,33072.3,31192.5,79.81,3415.88,21144.7,0,0,0,0
2009-05-28 18:00:00,0,2038.19,0,397.07,14882.38,8193.07,8908.79,0,0,2759.2,18954.09,301.55,0,13963.38,1905.0,4878.46,81626.45,0,17931.16,0,0,104326.57,0,0,0,3461.87,3336.7,0,32544.96,31464.59,78.75,3307.64,20688.31,0,0,0,0
2009-05-28 19:00:00,0,2087.2,0,402.0,15143.18,8240.31,8837.76,0,0,2710.0,18533.99,304.74,0,13800.66,1879.69,4705.67,80867.97,0,17581.62,0,0,105814.84,0,0,0,3432.16,3282.32,0,31897.28,31803.5,76.9,3249.92,20753.24,0,0,0,0
2009-05-28 20:00:00,0,2097.29,0,388.37,14490.59,7927.41,8217.93,0,0,2514.36,17390.85,297.07,0,12986.73,1734.92,4567.52,79818.43,0,16905.34,0,0,101271.34,0,0,0,3315.36,3116.89,0,30703.34,30769.44,76.26,3099.57,19958.55,0,0,0,0
2009-05-28 21:00:00,0,2017.24,0,365.89,13738.91,7340.54,7670.32,0,0,2339.32,16359.22,279.94,0,12214.61,1604.41,4240.11,76991.26,0,16098.17,0,0,96069.36,0,0,0,3145.57,2949.32,0,29248.83,30545.48,72.5,2893.62,19426.61,0,0,0,0
2009-05-28 22:00:00,0,1899.15,0,337.52,12625.44,6678.33,7174.46,0,0,2192.16,15296.58,255.15,0,11466.47,1504.72,3980.09,73460.15,0,15113.65,0,0,91464.28,0,0,0,2926.49,2758.34,0,27114.45,29345.26,68.4,2699.51,17950.8,0,0,0,0
2009-05-28 23:00:00,0,1717.87,0,309.81,11558.2,6078.3,6681.55,0,0,2054.69,14248.25,233.49,0,10709.62,1426.99,3759.23,69463.63,0,14310.58,0,0,87032.26,0,0,0,2734.2,2574.76,0,25257.69,27265.61,65.43,2507.71,16504.1,0,0,0,0
2009-05-29 00:00:00,0,1576.45,0,285.7,10604.83,5549.03,6236.06,0,0,1922.53,13281.81,213.6,0,9957.53,1327.47,3553.37,65874.31,0,13562.88,0,0,82521.4,0,0,0,2573.58,2401.99,0,23506.79,25395.0,63.43,2329.47,15242.44,0,0,0,0
2009-05-29 01:00:00,0,1441.74,0,261.79,9841.57,5060.23,5813.74,0,0,1793.25,12361.03,197.48,0,9531.73,1232.26,3373.65,62613.98,0,12848.01,0,0,78554.65,0,0,0,2443.06,2249.29,0,22022.07,23770.94,61.3,2163.12,14169.13,0,0,0,0
2009-05-29 02:00:00,0,1359.58,0,242.72,9438.81,4730.2,5491.46,0,0,1680.35,11567.31,183.3,0,9493.22,1148.84,3183.74,59630.35,0,12374.67,0,0,75322.13,0,0,0,2357.05,2174.64,0,20931.16,22568.61,59.45,2036.88,13363.77,0,0,0,0
2009-05-29 03:00:00,0,1340.07,0,234.04,9264.61,4594.03,5319.47,0,0,1616.0,11124.22,176.08,0,9680.21,1124.14,3065.26,57919.1,0,12432.38,0,0,73908.92,0,0,0,2317.49,2134.38,0,20509.57,21952.37,57.23,2002.54,13044.22,0,0,0,0
2009-05-29 04:00:00,0,1370.48,0,246.7,9399.03,4626.3,5423.37,0,0,1634.44,11089.51,178.66,0,10047.11,1158.15,3120.71,58076.96,0,13009.19,0,0,74879.28,0,0,0,2361.81,2146.66,0,20741.02,21745.25,56.86,2024.54,13257.68,0,0,0,0
2009-05-29 05:00:00,0,1423.64,0,259.5,9849.45,4787.01,5612.65,0,0,1673.28,11283.97,182.04,0,10529.77,1195.51,3207.72,59326.67,0,13665.12,0,0,76556.36,0,0,0,2429.26,2189.3,0,21005.06,22071.17,57.66,2083.39,13683.27,0,0,0,0
2009-05-29 06:00:00,0,1492.69,0,275.44,10681.42,5023.38,5966.77,0,0,1775.38,11851.13,188.92,0,11104.73,1272.33,3399.14,62232.04,0,14461.46,0,0,82203.16,0,0,0,2532.41,2287.04,0,21605.27,22654.58,58.88,2167.85,14192.64,0,0,0,0
2009-05-29 07:00:00,0,1615.31,0,306.48,11167.79,5457.6,6284.25,0,0,1894.82,12963.12,209.3,0,11619.17,1353.0,3617.72,66039.03,0,15346.64,0,0,84837.69,0,0,0,2678.2,2417.01,0,22550.03,24157.65,60.31,2306.75,14836.61,0,0,0,0
2009-05-29 08:00:00,0,1639.03,0,333.42,11607.68,5867.41,6640.38,0,0,2001.64,14152.39,223.55,0,12043.6,1441.99,3749.02,69091.14,0,15882.76,0,0,87706.21,0,0,0,2828.02,2553.16,0,23311.11,24595.6,62.52,2467.99,15558.82,0,0,0,0
2009-05-29 09:00:00,0,1710.35,0,350.31,12202.23,6342.42,7011.8,0,0,2172.4,15480.58,227.75,0,12435.97,1566.17,3843.67,71323.55,0,16460.51,0,0,90699.17,0,0,0,2972.98,2722.54,0,24053.6,25994.13,65.7,2663.04,16213.87,0,0,0,0
2009-05-29 10:00:00,0,1830.25,0,382.82,12946.65,6904.97,7629.64,0,0,2369.43,16905.6,231.14,0,12665.27,1734.91,3948.54,74096.71,0,16900.24,0,0,93832.88,0,0,0,3148.11,2957.91,0,25533.25,28104.7,68.87,2890.52,16711.33,0,0,0,0
2009-05-29 11:00:00,0,1917.04,0,412.05,13915.7,7550.01,8217.02,0,0,2574.11,18287.66,255.62,0,12877.69,1814.58,4044.07,76286.22,0,17328.13,0,0,97580.1,0,0,0,3346.41,3160.0,0,26875.38,30115.28,72.63,3084.97,17066.13,0,0,0,0
2009-05-29 12:00:00,0,2014.44,0,431.86,14606.98,8030.78,8584.62,0,0,2723.01,19207.88,276.23,0,13135.45,1897.8,4105.34,78312.51,0,17695.08,0,0,102849.53,0,0,0,3488.93,3323.75,0,28333.74,31754.06,75.2,3214.13,17634.26,0,0,0,0
2009-05-29 13:00:00,0,2115.87,0,445.27,15127.96,8285.09,8890.67,0,0,2814.7,19792.97,293.08,0,13266.33,2019.47,4123.59,79978.09,0,18322.88,0,0,106401.67,0,0,0,3622.7,3452.1,0,29480.98,32887.09,77.94,3281.15,18196.8,0,0,0,0
2009-05-29 14:00:00,0,2210.7,0,444.32,15498.94,8334.21,9146.85,0,0,2856.05,20141.28,307.84,0,13366.69,2104.91,4142.2,81009.94,0,19228.27,0,0,108988.26,0,0,0,3730.4,3546.96,0,30359.08,33598.09,80.96,3219.2,18721.0,0,0,0,0
2009-05-29 15:00:00,0,2301.87,0,443.63,15399.79,8272.57,9317.64,0,0,2887.07,20092.69,320.16,0,13619.39,2112.81,4155.76,81267.77,0,19920.37,0,0,110443.43,0,0,0,3776.37,3597.58,0,30991.87,34262.19,83.86,3008.32,18966.45,0,0,0,0
2009-05-29 16:00:00,0,2410.34,0,446.39,15070.17,8385.46,9393.56,0,0,2768.56,19379.44,324.72,0,14046.64,2101.25,4131.93,80384.93,0,20379.31,0,0,110106.56,0,0,0,3737.12,3584.15,0,31278.47,35025.9,85.08,3215.03,19142.66,0,0,0,0
2009-05-29 17:00:00,0,2517.77,0,441.4,14908.08,8365.55,9283.0,0,0,2719.52,18746.98,318.95,0,14361.9,2077.07,4101.89,79140.55,0,19994.36,0,0,108582.56,0,0,0,3623.46,3506.46,0,31259.42,35696.77,85.51,3167.15,19128.38,0,0,0,0
2009-05-29 18:00:00,0,2570.47,0,429.3,14830.35,8173.87,9125.99,0,0,2668.9,18399.66,306.91,0,14315.82,2037.6,4059.7,78598.43,0,18967.17,0,0,105742.98,0,0,0,3513.13,3393.87,0,30626.42,35911.73,85.08,3146.23,18916.42,0,0,0,0
2009-05-29 19:00:00,0,2637.86,0,393.96,14211.53,7797.45,8914.45,0,0,2552.93,17649.47,296.97,0,14085.66,1970.09,3946.87,75089.78,0,17887.18,0,0,99379.95,0,0,0,3431.47,3432.93,0,30096.16,34367.76,75.75,3016.01,18413.74,0,0,0,0
2009-05-29 20:00:00,0,2519.89,0,378.96,13712.01,7553.64,8291.04,0,0,2415.43,16726.95,291.13,0,13132.75,1867.21,3859.45,75168.31,0,17585.29,0,0,98780.99,0,0,0,3267.52,3240.02,0,29260.39,33862.55,75.9,2916.09,17587.96,0,0,0,0
2009-05-29 21:00:00,0,2335.96,0,354.79,12736.69,7160.19,7629.06,0,0,2275.73,15715.66,278.89,0,12311.24,1752.81,3625.09,72514.01,0,16920.98,0,0,93062.93,0,0,0,3115.72,3063.57,0,27806.95,31980.39,71.6,2759.14,17180.4,0,0,0,0
2009-05-29 22:00:00,0,2213.16,0,324.7,11386.41,6567.9,6984.93,0,0,2139.63,14752.64,254.02,0,11577.86,1629.63,3431.27,69736.44,0,16145.09,0,0,88172.82,0,0,0,2871.56,2836.78,0,25616.06,30149.22,66.59,2588.25,16050.43,0,0,0,0
2009-05-29 23:00:00,0,1978.8,0,302.27,10390.73,6006.33,6389.91,0,0,2008.0,13822.4,229.48,0,10857.81,1508.5,3249.79,65782.75,0,15477.55,0,0,83670.7,0,0,0,2676.51,2647.48,0,23823.01,28365.34,62.12,2441.2,14931.98,0,0,0,0
2009-05-30 00:00:00,0,1780.05,0,279.59,9516.81,5428.47,5888.86,0,0,1876.53,12882.38,207.9,0,10181.03,1381.45,3076.95,62200.15,0,14718.93,0,0,78878.46,0,0,0,2509.98,2479.07,0,22288.47,26665.49,59.17,2272.62,13936.42,0,0,0,0
2009-05-30 01:00:00,0,1620.77,0,260.24,8823.02,5001.98,5425.84,0,0,1749.14,12002.26,190.49,0,9864.92,1271.31,2934.52,59143.84,0,13709.71,0,0,74415.52,0,0,0,2388.67,2350.44,0,21251.97,25072.55,56.61,2123.51,13078.25,0,0,0,0
2009-05-30 02:00:00,0,1496.77,0,240.63,8350.73,4689.4,5009.48,0,0,1633.56,11265.37,176.11,0,9766.76,1183.07,2813.41,56598.87,0,12839.64,0,0,71048.0,0,0,0,2307.56,2227.5,0,20491.38,23770.01,54.21,2003.26,12619.81,0,0,0,0
2009-05-30 03:00:00,0,1408.42,0,224.81,8024.02,4497.54,4735.07,0,0,1558.47,10889.27,167.36,0,9714.79,1114.18,2732.32,54856.9,0,12433.45,0,0,68123.52,0,0,0,2245.47,2121.14,0,19903.33,22725.56,52.53,1930.55,12315.27,0,0,0,0
2009-05-30 04:00:00,0,1375.03,0,221.1,7939.39,4325.46,4588.71,0,0,1515.55,10556.33,159.08,0,9728.72,1083.91,2702.13,53885.51,0,12328.41,0,0,66763.68,0,0,0,2198.19,2091.45,0,19537.82,22101.67,51.21,1889.52,12081.71,0,0,0,0
2009-05-30 05:00:00,0,1368.08,0,225.97,7943.12,4322.46,4560.65,0,0,1513.52,10501.34,157.01,0,9768.82,1075.54,2710.66,53846.46,0,12415.81,0,0,66775.79,0,0,0,2168.98,2070.36,0,19339.05,21736.85,51.14,1893.98,12038.67,0,0,0,0
2009-05-30 06:00:00,0,1392.0,0,225.89,8307.04,4476.64,4746.72,0,0,1560.02,10730.1,159.8,0,10128.74,1083.0,2788.39,54823.59,0,13060.14,0,0,68051.4,0,0,0,2169.29,2117.59,0,19292.18,21711.89,51.11,1938.86,12274.89,0,0,0,0
2009-05-30 07:00:00,0,1499.42,0,241.72,8868.6,4840.96,5093.24,0,0,1647.7,11555.31,174.83,0,10489.08,1180.87,2841.43,56515.84,0,13561.19,0,0,70300.73,0,0,0,2256.8,2272.37,0,19380.3,21836.08,51.72,2063.81,12587.37,0,0,0,0
2009-05-30 08:00:00,0,1639.35,0,257.54,9199.86,5352.74,5365.3,0,0,1777.23,12766.64,189.48,0,10915.36,1252.66,2976.7,59283.02,0,14158.82,0,0,73906.66,0,0,0,2363.76,2401.05,0,20552.59,22634.47,53.97,2226.94,13437.95,0,0,0,0
2009-05-30 09:00:00,0,1786.22,0,276.24,9522.27,5949.73,5743.85,0,0,1984.78,14085.07,205.51,0,11349.17,1397.84,3205.13,61958.34,0,14678.51,0,0,75954.9,0,0,0,2504.4,2513.74,0,22037.25,24379.07,57.76,2418.88,14415.31,0,0,0,0
2009-05-30 10:00:00,0,1996.13,0,308.67,10154.33,6658.18,6190.5,0,0,2173.57,15302.38,221.68,0,11773.9,1561.77,3510.4,63925.69,0,15244.37,0,0,77770.16,0,0,0,2679.52,2701.76,0,23352.47,26857.34,61.28,2657.78,15344.75,0,0,0,0
2009-05-30 11:00:00,0,2209.4,0,332.54,10973.49,7218.76,6656.01,0,0,2338.89,16183.06,235.83,0,12108.01,1679.01,3830.37,66407.26,0,15731.67,0,0,80467.79,0,0,0,2831.72,2876.99,0,24869.3,29020.07,64.14,2836.75,16446.79,0,0,0,0
2009-05-30 12:00:00,0,2357.45,0,347.42,11635.35,7674.93,6985.66,0,0,2495.06,17230.88,251.34,0,12316.25,1760.66,4065.71,68818.34,0,15857.76,0,0,83260.16,0,0,0,2981.76,3025.46,0,26248.08,30581.27,67.33,2981.59,17592.33,0,0,0,0
2009-05-30 13:00:00,0,2505.93,0,360.76,12175.88,8014.6,7273.12,0,0,2593.28,18084.61,263.43,0,12418.48,1842.85,4192.66,70911.69,0,15619.36,0,0,85439.21,0,0,0,3094.36,3129.91,0,27492.06,31605.13,70.39,3107.22,18441.25,0,0,0,0
2009-05-30 14:00:00,0,2619.67,0,373.24,12746.47,8345.89,7552.54,0,0,2676.96,18795.81,286.82,0,12513.92,1904.71,4245.52,72275.76,0,15369.81,0,0,87723.38,0,0,0,3198.65,3223.15,0,28733.09,32450.58,73.03,3191.4,19189.6,0,0,0,0
2009-05-30 15:00:00,0,2692.89,0,385.2,13233.65,8561.11,7828.75,0,0,2752.27,19221.14,304.16,0,12584.43,1965.47,4229.91,72251.18,0,15400.6,0,0,90171.56,0,0,0,3311.51,3322.08,0,30006.48,33285.48,75.57,3257.79,19927.13,0,0,0,0
2009-05-30 16:00:00,0,2780.58,0,393.79,13652.64,8636.91,8127.71,0,0,2796.21,19312.6,314.44,0,12661.8,1988.91,4294.45,72302.97,0,15616.22,0,0,92499.62,0,0,0,3394.23,3378.95,0,30792.43,33749.03,77.56,3251.88,20475.7,0,0,0,0
2009-05-30 17:00:00,0,2801.28,0,400.35,13883.95,8498.96,8271.01,0,0,2782.27,19074.78,313.86,0,12484.15,1976.55,4381.2,72363.54,0,15935.38,0,0,94112.02,0,0,0,3445.36,3392.75,0,31152.56,33936.3,77.85,3188.71,20824.17,0,0,0,0
2009-05-30 18:00:00,0,2752.46,0,401.71,13911.21,8193.25,8337.1,0,0,2663.72,18525.97,312.76,0,12307.93,1945.99,4386.81,72636.61,0,16130.08,0,0,94519.28,0,0,0,3427.63,3383.31,0,31269.98,33807.87,77.92,3068.36,20464.26,0,0,0,0
2009-05-30 19:00:00,0,2740.94,0,402.8,14200.94,8168.42,8533.5,0,0,2703.9,17876.8,304.01,0,14383.96,1988.6,4382.64,75479.16,0,17986.44,0,0,97931.82,0,0,0,3418.13,3268.68,0,31803.01,34608.99,77.66,3087.44,21111.68,0,0,0,0
2009-05-30 20:00:00,0,2546.47,0,401.92,13633.46,7816.42,7859.41,0,0,2528.65,16820.87,289.3,0,13517.83,1869.77,4379.65,75680.04,0,17602.66,0,0,96764.61,0,0,0,3321.82,3141.39,0,30560.05,33819.06,76.79,2959.11,20092.03,0,0,0,0
2009-05-30 21:00:00,0,2301.31,0,380.0,12993.49,7419.8,7262.29,0,0,2359.17,15733.19,272.27,0,12627.84,1737.68,4066.17,72937.52,0,16469.64,0,0,90688.79,0,0,0,3189.2,2993.16,0,29159.71,31660.16,71.77,2749.63,19451.89,0,0,0,0
2009-05-30 22:00:00,0,2165.55,0,344.14,11794.86,6709.31,6732.05,0,0,2200.16,14700.09,249.83,0,11754.39,1607.15,3809.11,69643.81,0,15510.12,0,0,85720.12,0,0,0,2938.55,2813.99,0,26927.12,29911.83,67.22,2563.96,18128.12,0,0,0,0
2009-05-30 23:00:00,0,1935.94,0,311.07,10752.36,6014.56,6224.34,0,0,2032.83,13690.5,225.55,0,10935.6,1495.74,3563.85,65336.41,0,14534.0,0,0,81283.27,0,0,0,2715.16,2625.46,0,25169.83,28088.35,63.93,2392.4,16688.8,0,0,0,0
2009-05-31 00:00:00,0,1762.12,0,282.18,9950.98,5341.18,5763.04,0,0,1869.72,12678.66,203.32,0,10135.66,1378.49,3345.72,61732.2,0,13647.13,0,0,76602.69,0,0,0,2536.51,2447.77,0,23555.36,26509.38,61.24,2227.84,15345.25,0,0,0,0
2009-05-31 01:00:00,0,1618.63,0,256.39,9215.33,4810.56,5375.91,0,0,1720.17,11719.04,184.09,0,9720.14,1269.75,3131.43,58563.82,0,12897.48,0,0,72445.74,0,0,0,2397.35,2312.14,0,22413.11,25013.63,58.86,2064.95,14143.77,0,0,0,0
2009-05-31 02:00:00,0,1498.4,0,234.87,8665.46,4427.56,5017.81,0,0,1586.31,10900.79,168.56,0,9626.28,1176.48,2975.82,55771.26,0,12342.76,0,0,69413.57,0,0,0,2307.19,2192.43,0,21477.01,23649.87,56.78,1920.13,13297.99,0,0,0,0
2009-05-31 03:00:00,0,1396.93,0,220.32,8300.35,4190.36,4766.3,0,0,1491.74,10308.8,159.29,0,9549.1,1102.57,2889.85,53927.36,0,12003.48,0,0,66949.4,0,0,0,2230.11,2083.56,0,20848.85,22566.66,54.88,1813.56,12868.29,0,0,0,0
2009-05-31 04:00:00,0,1352.7,0,212.6,8167.97,4044.71,4644.31,0,0,1446.86,10047.94,154.26,0,9535.82,1067.73,2839.8,52927.73,0,11942.71,0,0,66151.9,0,0,0,2180.85,2070.06,0,20416.54,21916.06,53.58,1754.7,12499.66,0,0,0,0
2009-05-31 05:00:00,0,1336.99,0,211.56,8129.7,4037.76,4633.21,0,0,1440.31,10024.73,154.38,0,9414.79,1061.47,2835.02,52977.12,0,12148.08,0,0,66446.08,0,0,0,2168.43,2065.27,0,20162.11,21437.96,52.94,1744.54,12450.93,0,0,0,0
2009-05-31 06:00:00,0,1368.75,0,215.71,8498.82,4213.85,4850.66,0,0,1477.58,10248.41,157.77,0,9614.91,1100.18,2887.59,53899.12,0,12674.72,0,0,67895.27,0,0,0,2178.59,2137.61,0,20124.62,21446.56,52.57,1799.07,12696.19,0,0,0,0
2009-05-31 07:00:00,0,1466.96,0,233.34,9131.94,4710.97,5335.09,0,0,1616.48,11077.57,172.53,0,10186.57,1181.34,3002.02,55484.73,0,13322.98,0,0,69724.3,0,0,0,2334.52,2344.68,0,20376.71,21687.84,52.95,1963.12,13036.82,0,0,0,0
2009-05-31 08:00:00,0,1594.64,0,267.12,9943.92,5352.51,5868.87,0,0,1782.96,12355.68,193.1,0,10771.36,1293.18,3130.44,58232.63,0,14035.07,0,0,72172.39,0,0,0,2537.58,2543.89,0,22239.36,22577.84,55.26,2176.33,14266.53,0,0,0,0
2009-05-31 09:00:00,0,1731.76,0,301.39,10556.54,5932.66,6530.43,0,0,1935.86,13531.8,213.77,0,11206.27,1501.72,3240.0,59834.5,0,14399.34,0,0,75061.89,0,0,0,2808.74,2822.55,0,24351.18,24259.07,58.77,2387.48,15431.77,0,0,0,0
2009-05-31 10:00:00,0,1905.81,0,333.28,11273.24,6566.36,7087.6,0,0,2107.19,14750.77,227.77,0,11697.38,1642.18,3515.03,61975.42,0,14579.24,0,0,77636.71,0,0,0,3027.37,3052.89,0,26364.53,26796.1,62.23,2602.36,16672.1,0,0,0,0
2009-05-31 11:00:00,0,2067.47,0,355.51,11893.89,7008.61,7515.59,0,0,2241.26,15804.26,242.41,0,11936.27,1727.5,3818.12,64212.91,0,14914.01,0,0,81840.53,0,0,0,3179.19,3216.33,0,28097.32,28994.65,65.83,2772.88,18245.81,0,0,0,0
2009-05-31 12:00:00,0,2203.36,0,370.79,12429.01,7356.41,7841.18,0,0,2335.82,16587.58,257.15,0,12122.07,1789.7,4008.98,66386.31,0,15100.39,0,0,85390.37,0,0,0,3311.45,3350.54,0,29520.16,30764.95,68.9,2894.88,19408.64,0,0,0,0
2009-05-31 13:00:00,0,2319.47,0,386.28,12839.81,7697.46,8060.84,0,0,2432.84,17379.33,272.67,0,12308.78,1847.7,4137.3,68303.87,0,15096.46,0,0,87515.69,0,0,0,3421.37,3454.34,0,30739.91,32065.33,71.9,3014.18,20094.95,0,0,0,0
2009-05-31 14:00:00,0,2427.0,0,401.48,13247.1,8105.2,8256.27,0,0,2539.39,18078.61,288.63,0,12462.91,1908.47,4242.79,69280.94,0,14967.96,0,0,88966.75,0,0,0,3523.21,3547.64,0,31873.56,32995.07,75.14,3147.09,20726.66,0,0,0,0
2009-05-31 15:00:00,0,2509.36,0,415.19,13621.03,8441.75,8487.13,0,0,2627.97,18655.02,304.72,0,12511.39,1969.77,4339.9,69369.64,0,14990.75,0,0,90101.86,0,0,0,3609.65,3617.31,0,32700.37,33849.25,78.3,3266.05,21237.96,0,0,0,0
2009-05-31 16:00:00,0,2575.16,0,424.31,13949.89,8647.76,8625.81,0,0,2698.53,19047.64,317.93,0,12511.69,1988.2,4440.83,68843.76,0,15260.52,0,0,90777.53,0,0,0,3672.24,3632.55,0,33319.87,34693.52,80.58,3312.96,21554.67,0,0,0,0
2009-05-31 17:00:00,0,2635.27,0,429.13,14110.61,8594.57,8695.18,0,0,2705.57,19156.14,328.75,0,12410.04,1970.16,4487.81,69223.71,0,15634.73,0,0,90873.54,0,0,0,3676.37,3610.7,0,33591.59,35065.17,80.69,3284.78,21771.02,0,0,0,0
2009-05-31 18:00:00,0,2633.75,0,425.45,14038.3,8274.37,8686.97,0,0,2620.87,18761.6,333.43,0,12297.56,1907.39,4420.13,70450.81,0,15859.01,0,0,89114.44,0,0,0,3620.04,3566.47,0,33457.4,35024.58,79.93,3198.16,21332.53,0,0,0,0
2009-05-31 19:00:00,0,2753.01,0,439.17,16104.43,8626.22,9261.91,0,0,2866.85,18773.74,343.64,0,14213.48,2064.86,4761.05,79541.64,0,18604.27,0,0,98256.08,0,0,0,3809.32,3581.45,0,35068.84,37898.41,89.73,3340.17,23201.05,0,0,0,0
2009-05-31 20:00:00,0,2651.62,0,404.21,15054.69,8206.81,8543.61,0,0,2668.24,17752.07,322.31,0,13420.13,1942.27,4631.49,77921.97,0,18115.28,0,0,95666.2,0,0,0,3662.85,3392.32,0,33463.01,35813.31,88.53,3187.79,21981.86,0,0,0,0
2009-05-31 21:00:00,0,2485.92,0,379.96,14152.33,7694.47,7906.8,0,0,2473.66,16519.79,305.16,0,12710.35,1789.89,4284.65,75334.56,0,17191.32,0,0,89238.25,0,0,0,3441.15,3216.81,0,31793.88,34766.02,82.77,2985.1,21298.3,0,0,0,0
2009-05-31 22:00:00,0,2317.45,0,351.13,12830.51,6925.5,7250.78,0,0,2277.69,15221.82,279.28,0,11870.1,1647.13,4009.51,72265.97,0,16044.08,0,0,83719.19,0,0,0,3157.59,2975.08,0,29231.22,32849.44,77.1,2755.9,19771.35,0,0,0,0
2009-05-31 23:00:00,0,2089.74,0,322.22,11719.86,6208.67,6676.73,0,0,2101.46,13992.71,254.3,0,11059.9,1533.12,3762.11,69164.96,0,14963.47,0,0,79045.83,0,0,0,2912.27,2745.73,0,27002.89,30337.31,72.17,2546.07,18225.86,0,0,0,0
2009-06-01 00:00:00,0,1891.15,0,295.13,10751.41,5595.69,6147.87,0,0,1938.57,12842.17,231.2,0,10303.89,1419.46,3548.6,66232.15,0,14126.06,0,0,74829.9,0,0,0,2682.55,2524.5,0,24943.45,28354.04,68.72,2346.28,16781.63,0,0,0,0
2009-06-01 01:00:00,0,1715.81,0,269.6,9934.54,5043.92,5674.52,0,0,1782.92,11802.18,208.49,0,9791.17,1304.07,3335.85,63346.32,0,13422.88,0,0,71016.16,0,0,0,2524.6,2341.33,0,23265.13,26706.8,65.76,2157.79,15510.09,0,0,0,0
2009-06-01 02:00:00,0,1587.67,0,248.64,9427.55,4700.2,5320.55,0,0,1648.41,10990.79,189.48,0,9643.34,1200.51,3172.11,60560.03,0,13025.15,0,0,68056.74,0,0,0,2405.98,2232.63,0,22277.49,25319.83,63.14,2019.35,14691.67,0,0,0,0
2009-06-01 03:00:00,0,1531.42,0,238.82,9158.12,4514.96,5134.83,0,0,1584.49,10585.75,179.38,0,9657.63,1158.3,3079.39,58785.79,0,12802.21,0,0,66812.93,0,0,0,2352.77,2184.16,0,21768.57,24459.13,60.92,1965.86,14198.61,0,0,0,0
2009-06-01 04:00:00,0,1538.34,0,241.05,9188.39,4571.85,5166.9,0,0,1612.26,10683.01,180.51,0,9875.24,1182.55,3132.32,59024.04,0,12962.45,0,0,67582.13,0,0,0,2357.98,2205.83,0,21821.87,24232.62,60.43,1967.21,14158.53,0,0,0,0
2009-06-01 05:00:00,0,1566.15,0,247.0,9559.06,4715.99,5300.04,0,0,1645.02,10963.15,184.2,0,11383.06,1211.34,3227.78,60234.01,0,14396.26,0,0,71236.46,0,0,0,2411.93,2236.69,0,22034.22,24344.26,61.07,2000.87,14487.07,0,0,0,0
2009-06-01 06:00:00,0,1608.78,0,271.76,10533.93,4978.65,5676.07,0,0,1765.16,11633.92,192.2,0,11929.39,1307.17,3515.86,62929.98,0,15658.11,0,0,78080.76,0,0,0,2511.6,2310.6,0,22893.1,24752.86,62.39,2111.52,15063.75,0,0,0,0
2009-06-01 07:00:00,0,1757.0,0,301.67,10910.18,5385.3,5921.67,0,0,1909.85,12726.62,210.66,0,12399.44,1375.58,3690.72,67220.64,0,16283.05,0,0,80872.72,0,0,0,2654.35,2450.3,0,23620.54,26460.06,65.12,2247.9,15794.74,0,0,0,0
2009-06-01 08:00:00,0,1854.89,0,332.65,11121.07,5936.15,6108.03,0,0,2070.82,14029.25,226.43,0,12774.53,1457.64,3949.71,70437.22,0,16748.4,0,0,83836.07,0,0,0,2865.93,2612.43,0,25506.81,27644.91,68.74,2429.17,16900.0,0,0,0,0
2009-06-01 09:00:00,0,1986.41,0,367.06,11581.41,6556.44,6360.17,0,0,2250.93,15275.49,240.78,0,12880.9,1563.84,4261.09,73294.79,0,17137.68,0,0,87654.06,0,0,0,3109.56,2881.68,0,27403.92,29084.36,72.48,2665.63,18244.48,0,0,0,0
2009-06-01 10:00:00,0,2194.79,0,403.21,12259.12,7314.07,6889.93,0,0,2439.67,16628.66,262.52,0,12765.32,1772.3,4646.26,76354.88,0,17521.88,0,0,90434.18,0,0,0,3395.28,3182.07,0,30335.97,30906.98,77.17,2917.15,19674.47,0,0,0,0
2009-06-01 11:00:00,0,2404.94,0,429.32,13160.81,7968.53,7518.51,0,0,2617.45,17962.11,288.94,0,12817.72,1948.28,5009.03,79583.21,0,17650.59,0,0,93390.15,0,0,0,3608.53,3426.38,0,32427.61,32913.05,81.52,3148.07,21264.69,0,0,0,0
2009-06-01 12:00:00,0,2598.32,0,451.82,14114.99,8413.24,8026.95,0,0,2750.84,18673.48,310.68,0,12910.03,2077.61,5283.87,83119.34,0,17621.01,0,0,97318.07,0,0,0,3751.52,3571.71,0,33780.45,34803.79,85.6,3318.88,22526.95,0,0,0,0
2009-06-01 13:00:00,0,2735.52,0,470.67,14987.48,8819.38,8508.55,0,0,2869.54,19237.4,327.26,0,12974.02,2154.89,5504.71,86053.6,0,17569.12,0,0,100910.17,0,0,0,3844.58,3662.9,0,34818.72,36254.27,88.87,3472.05,23551.02,0,0,0,0
2009-06-01 14:00:00,0,2839.15,0,485.32,15732.61,9210.33,8972.19,0,0,2960.12,19597.59,345.43,0,13052.66,2212.26,5687.82,88400.6,0,17742.66,0,0,104425.74,0,0,0,3927.9,3746.27,0,35815.19,37384.57,91.58,3614.71,24275.19,0,0,0,0
2009-06-01 15:00:00,0,2917.04,0,496.65,16222.23,9535.77,9347.01,0,0,3006.52,19779.47,360.23,0,13146.88,2232.43,5812.48,89732.65,0,18047.34,0,0,106822.49,0,0,0,3971.91,3799.24,0,36692.02,38202.79,93.87,3730.32,24815.26,0,0,0,0
2009-06-01 16:00:00,0,2955.09,0,501.54,16501.48,9677.66,9545.4,0,0,3017.03,19683.36,367.94,0,13237.64,2196.24,5884.18,90965.79,0,18300.25,0,0,108885.07,0,0,0,3945.79,3797.32,0,37232.27,38374.37,95.46,3798.22,25115.03,0,0,0,0
2009-06-01 17:00:00,0,2969.13,0,486.81,16542.76,9549.86,9539.14,0,0,2957.34,19422.41,370.75,0,13405.07,2138.97,5895.23,90525.72,0,18374.54,0,0,110784.8,0,0,0,3754.21,3676.59,0,36973.12,38142.75,94.93,3764.61,25226.74,0,0,0,0
2009-06-01 18:00:00,0,2963.69,0,457.86,16252.12,9101.99,9445.6,0,0,2830.71,18922.63,358.23,0,13567.66,2042.46,5844.7,89193.12,0,18301.98,0,0,110456.83,0,0,0,3575.38,3566.16,0,36293.1,37433.83,93.71,3625.89,25190.87,0,0,0,0
2009-06-01 19:00:00,0,2932.95,0,436.0,16318.66,8766.79,9264.59,0,0,2832.57,18344.71,334.16,0,14409.25,2007.78,5444.02,88049.59,0,18381.36,0,0,108085.16,0,0,0,3521.81,3395.28,0,34871.96,36894.76,87.74,3440.13,24192.72,0,0,0,0
2009-06-01 20:00:00,0,2795.69,0,402.5,15289.65,8348.13,8508.0,0,0,2680.14,17623.04,321.84,0,13505.23,1903.03,5376.67,86158.54,0,17747.4,0,0,104597.95,0,0,0,3432.8,3231.63,0,33139.53,35117.27,86.96,3267.31,22948.24,0,0,0,0
2009-06-01 21:00:00,0,2607.76,0,358.68,14382.43,7766.29,7872.01,0,0,2494.3,16556.96,302.27,0,12465.89,1802.01,4996.73,82178.2,0,16983.41,0,0,96830.42,0,0,0,3261.12,3067.39,0,31608.77,34620.12,82.41,3037.37,22256.46,0,0,0,0
2009-06-01 22:00:00,0,2450.77,0,340.52,13101.66,7040.26,7313.62,0,0,2307.75,15362.99,276.03,0,11651.16,1658.29,4663.46,77521.92,0,16028.27,0,0,90354.79,0,0,0,3031.49,2862.46,0,29151.35,33146.33,77.88,2809.04,20799.89,0,0,0,0
2009-06-01 23:00:00,0,2209.37,0,318.43,12021.48,6339.21,6815.04,0,0,2147.54,14164.97,250.24,0,10941.32,1512.37,4348.74,73065.01,0,15121.93,0,0,86066.32,0,0,0,2812.2,2663.42,0,27177.37,30597.17,73.38,2590.05,19279.66,0,0,0,0
2009-06-02 00:00:00,0,1997.79,0,288.21,11043.24,5705.41,6330.75,0,0,1987.19,13013.41,226.44,0,10250.74,1380.4,4060.37,69074.23,0,14394.36,0,0,82123.58,0,0,0,2610.69,2466.04,0,25209.63,28614.33,69.36,2386.79,17836.81,0,0,0,0
2009-06-02 01:00:00,0,1815.47,0,268.81,10254.82,5137.98,5860.58,0,0,1827.52,11945.45,204.28,0,9943.99,1254.36,3797.16,65487.48,0,13716.98,0,0,78630.29,0,0,0,2465.02,2307.23,0,23571.16,26717.55,65.8,2187.8,16415.24,0,0,0,0
2009-06-02 02:00:00,0,1672.26,0,245.81,9799.66,4804.85,5518.86,0,0,1686.8,11096.5,186.19,0,9897.43,1164.52,3567.52,62250.83,0,13310.98,0,0,75747.88,0,0,0,2385.24,2230.21,0,22578.06,25233.33,63.68,2048.96,15408.43,0,0,0,0
2009-06-02 03:00:00,0,1588.03,0,234.61,9495.78,4642.9,5320.45,0,0,1619.74,10685.72,176.45,0,10040.4,1156.54,3417.24,60032.69,0,13092.4,0,0,74424.54,0,0,0,2344.73,2188.6,0,22105.31,24303.19,61.7,1998.71,14857.96,0,0,0,0
2009-06-02 04:00:00,0,1570.52,0,243.44,9590.54,4696.23,5403.82,0,0,1634.3,10794.18,178.06,0,10279.54,1190.79,3442.51,60026.52,0,13394.71,0,0,75657.84,0,0,0,2364.09,2208.32,0,22156.89,23942.83,60.99,2018.43,14827.85,0,0,0,0
2009-06-02 05:00:00,0,1592.5,0,253.67,9981.2,4848.75,5524.27,0,0,1673.3,11124.2,181.43,0,11412.21,1224.21,3508.9,61180.35,0,14060.9,0,0,77936.19,0,0,0,2421.56,2237.3,0,22372.27,24226.33,61.68,2047.82,15053.52,0,0,0,0
2009-06-02 06:00:00,0,1634.53,0,282.28,10814.43,5045.95,5912.53,0,0,1767.1,11715.0,190.61,0,12326.78,1320.91,3758.97,63619.01,0,15084.44,0,0,85247.66,0,0,0,2491.06,2301.72,0,23216.6,24656.85,63.02,2116.36,15509.79,0,0,0,0
2009-06-02 07:00:00,0,1779.72,0,306.47,11393.41,5497.95,6370.55,0,0,1930.99,12836.8,210.72,0,12730.94,1375.66,3933.69,67610.75,0,16326.18,0,0,88982.17,0,0,0,2637.14,2430.78,0,23985.01,26429.17,65.57,2263.84,16369.49,0,0,0,0
2009-06-02 08:00:00,0,1895.17,0,335.62,12175.3,6060.5,6859.81,0,0,2089.26,14189.14,226.84,0,13068.77,1482.36,4255.15,70469.92,0,16929.91,0,0,93705.83,0,0,0,2805.51,2586.75,0,25407.57,27591.04,69.73,2443.41,17511.66,0,0,0,0
2009-06-02 09:00:00,0,1999.15,0,368.92,13133.38,6702.69,7582.8,0,0,2282.33,15475.27,242.18,0,13446.25,1593.11,4603.46,73101.78,0,17415.62,0,0,98435.5,0,0,0,3005.57,2845.0,0,27199.88,28558.58,73.9,2668.01,18822.91,0,0,0,0
2009-06-02 10:00:00,0,2153.24,0,401.28,14517.49,7394.26,8395.71,0,0,2482.49,16839.13,262.39,0,13820.57,1736.3,5012.8,75710.74,0,18191.87,0,0,102817.84,0,0,0,3272.0,3135.28,0,30061.87,29541.14,78.76,2938.0,20485.51,0,0,0,0
2009-06-02 11:00:00,0,2348.74,0,428.64,15685.34,8066.69,9029.79,0,0,2644.97,17999.64,284.77,0,14282.67,1862.35,5358.99,78458.47,0,19201.13,0,0,107809.25,0,0,0,3471.27,3355.72,0,32774.25,30996.22,84.01,3177.23,22360.4,0,0,0,0
2009-06-02 12:00:00,0,2485.5,0,451.25,16464.51,8517.35,9382.34,0,0,2772.43,18823.8,302.76,0,14758.4,1964.02,5582.05,81290.68,0,20070.48,0,0,113222.18,0,0,0,3622.94,3502.34,0,34343.54,32214.6,87.64,3344.88,23779.06,0,0,0,0
2009-06-02 13:00:00,0,2532.23,0,468.97,17044.56,8881.26,9679.07,0,0,2875.25,19402.98,319.55,0,15146.7,2038.86,5746.48,83234.17,0,20623.94,0,0,117076.96,0,0,0,3749.72,3608.0,0,35395.91,33100.05,90.47,3422.43,24642.57,0,0,0,0
2009-06-02 14:00:00,0,2595.04,0,477.65,17385.67,9192.53,9936.28,0,0,2949.24,19761.81,335.53,0,15506.73,2092.49,5859.88,84489.55,0,21358.4,0,0,118804.37,0,0,0,3847.95,3694.92,0,36114.05,33769.33,93.37,3521.02,25214.16,0,0,0,0
2009-06-02 15:00:00,0,2640.87,0,483.01,17567.33,9447.9,10106.31,0,0,2982.93,20029.14,348.03,0,15764.8,2119.92,5928.87,85255.03,0,21744.44,0,0,119663.97,0,0,0,3900.67,3746.5,0,36417.86,34348.44,95.44,3633.08,25390.04,0,0,0,0
2009-06-02 16:00:00,0,2673.71,0,478.5,17406.74,9486.36,10142.79,0,0,2983.94,20013.54,354.41,0,16048.32,2110.95,5933.1,85577.92,0,21840.07,0,0,120062.54,0,0,0,3884.83,3757.47,0,36357.52,34660.82,96.29,3649.32,25288.97,0,0,0,0
2009-06-02 17:00:00,0,2669.26,0,469.59,17038.64,9318.54,9985.32,0,0,2920.6,19669.95,352.88,0,16156.9,2086.97,5877.89,85247.43,0,21249.75,0,0,119175.25,0,0,0,3822.4,3704.99,0,36027.36,34637.16,96.18,3592.02,25105.83,0,0,0,0
2009-06-02 18:00:00,0,2647.92,0,456.51,16487.22,8910.52,9756.88,0,0,2801.87,19116.57,343.78,0,16022.24,2037.34,5755.9,84840.01,0,20462.24,0,0,118006.35,0,0,0,3745.59,3639.14,0,35392.66,34457.74,96.07,3506.73,24809.02,0,0,0,0
2009-06-02 19:00:00,0,2562.92,0,436.67,16296.63,8721.29,9441.24,0,0,2827.45,18745.43,330.64,0,16407.98,2069.06,5394.11,83345.46,0,20598.6,0,0,114705.55,0,0,0,3643.63,3439.99,0,34585.32,32926.04,91.05,3400.91,23821.4,0,0,0,0
2009-06-02 20:00:00,0,2517.69,0,416.4,15480.51,8283.9,8711.18,0,0,2646.4,17703.19,299.49,0,15116.19,1927.7,5226.52,81702.45,0,19757.57,0,0,109122.75,0,0,0,3495.38,3245.41,0,32858.72,32632.62,89.46,3212.69,22736.18,0,0,0,0
2009-06-02 21:00:00,0,2446.97,0,388.32,14562.04,7656.59,8063.63,0,0,2465.77,16599.14,286.95,0,13836.59,1767.76,4871.57,78876.94,0,18693.11,0,0,102415.99,0,0,0,3276.74,3065.29,0,31221.07,32416.43,84.63,2957.27,22075.01,0,0,0,0
2009-06-02 22:00:00,0,2317.12,0,354.25,13321.77,6901.61,7486.72,0,0,2284.16,15383.6,266.08,0,12764.2,1620.36,4567.64,75278.13,0,17461.56,0,0,96332.62,0,0,0,3035.58,2864.15,0,28768.59,31325.19,79.76,2711.95,20620.98,0,0,0,0
2009-06-02 23:00:00,0,2099.09,0,324.81,12245.2,6162.4,7005.77,0,0,2115.44,14186.93,242.33,0,11742.03,1483.88,4315.59,71287.43,0,16500.08,0,0,91190.3,0,0,0,2817.89,2663.61,0,26719.69,29053.57,75.85,2488.76,19099.61,0,0,0,0
2009-06-03 00:00:00,0,1917.57,0,296.41,11306.61,5538.19,6553.59,0,0,1952.19,13035.86,221.69,0,10704.53,1358.81,4050.79,67850.18,0,15393.01,0,0,86195.78,0,0,0,2615.92,2468.65,0,24781.4,27146.79,71.92,2294.43,17674.27,0,0,0,0
2009-06-03 01:00:00,0,1752.78,0,266.11,10587.37,5049.51,6082.27,0,0,1797.09,11996.2,201.07,0,10103.75,1239.02,3808.07,64458.52,0,14303.97,0,0,81598.69,0,0,0,2462.82,2312.13,0,23324.56,25590.98,68.17,2137.83,16340.05,0,0,0,0
2009-06-03 02:00:00,0,1628.34,0,244.28,10146.63,4779.5,5699.22,0,0,1668.96,11210.32,182.77,0,9904.59,1157.78,3578.18,61389.5,0,13582.03,0,0,77788.4,0,0,0,2375.74,2231.35,0,22353.52,24273.77,64.21,2019.9,15383.51,0,0,0,0
2009-06-03 03:00:00,0,1551.11,0,237.85,9888.58,4631.02,5511.96,0,0,1611.83,10863.25,175.11,0,9930.45,1148.97,3427.21,59654.94,0,13229.77,0,0,75983.51,0,0,0,2340.45,2191.4,0,21743.29,23663.0,60.92,1972.51,14800.54,0,0,0,0
2009-06-03 04:00:00,0,1561.2,0,243.66,9907.9,4702.85,5539.26,0,0,1639.05,11014.75,178.17,0,10130.2,1187.79,3470.19,59799.54,0,13287.91,0,0,76236.02,0,0,0,2364.25,2214.63,0,21948.39,23403.77,60.43,1994.81,14806.33,0,0,0,0
2009-06-03 05:00:00,0,1587.08,0,252.13,10237.13,4820.26,5664.61,0,0,1677.0,11340.26,181.78,0,11203.85,1223.21,3536.82,60900.63,0,14323.64,0,0,77730.79,0,0,0,2424.34,2245.28,0,22246.68,23762.21,61.32,2022.02,15053.15,0,0,0,0
2009-06-03 06:00:00,0,1622.5,0,272.42,11081.84,4997.66,6053.94,0,0,1779.93,12026.42,190.94,0,11931.3,1298.53,3714.18,63162.73,0,15852.64,0,0,83720.45,0,0,0,2500.51,2317.3,0,22871.96,24314.7,63.23,2098.04,15502.58,0,0,0,0
2009-06-03 07:00:00,0,1703.98,0,303.88,11601.66,5416.72,6443.08,0,0,1958.04,13220.65,209.28,0,12485.29,1386.47,3950.63,66916.83,0,16426.7,0,0,85705.12,0,0,0,2646.91,2441.82,0,23837.12,25851.94,65.99,2226.71,16386.0,0,0,0,0
2009-06-03 08:00:00,0,1793.69,0,333.44,12149.94,5870.73,6846.7,0,0,2080.93,14434.31,222.17,0,12992.88,1481.77,4117.36,69643.48,0,16800.15,0,0,87832.3,0,0,0,2798.98,2580.81,0,24797.48,26671.15,69.03,2411.07,17282.12,0,0,0,0
2009-06-03 09:00:00,0,1831.26,0,355.19,12881.24,6383.7,7458.88,0,0,2234.86,15558.73,235.55,0,13316.46,1573.44,4282.75,72112.76,0,17208.93,0,0,90917.02,0,0,0,2968.06,2806.86,0,25907.13,27373.43,72.84,2640.59,18247.59,0,0,0,0
2009-06-03 10:00:00,0,1880.48,0,380.57,13896.0,7089.15,8133.21,0,0,2437.66,16938.39,256.73,0,13522.64,1726.32,4438.95,74204.93,0,17766.13,0,0,93415.11,0,0,0,3223.0,3085.9,0,27651.43,27973.66,76.39,2907.31,19518.63,0,0,0,0
2009-06-03 11:00:00,0,1938.87,0,401.82,14912.78,7840.36,8731.82,0,0,2638.58,18174.07,280.75,0,13706.02,1851.47,4435.0,76382.25,0,18093.57,0,0,95300.26,0,0,0,3426.29,3303.09,0,30295.55,28766.9,80.3,3150.04,20992.2,0,0,0,0
2009-06-03 12:00:00,0,2000.99,0,408.0,15704.05,8372.98,9096.53,0,0,2789.88,19099.79,299.81,0,13801.21,1943.68,4485.58,78115.87,0,18380.55,0,0,97442.96,0,0,0,3570.06,3446.95,0,32146.86,29594.93,84.28,3327.58,22446.54,0,0,0,0
2009-06-03 13:00:00,0,2043.81,0,405.79,16210.18,8741.32,9293.85,0,0,2907.85,19817.23,321.83,0,13878.49,2010.14,4694.9,79430.08,0,18555.81,0,0,100075.15,0,0,0,3693.57,3551.98,0,33379.32,30141.24,87.35,3451.94,23297.33,0,0,0,0
2009-06-03 14:00:00,0,2076.74,0,391.73,16469.15,9075.81,9496.26,0,0,3005.43,20365.81,334.49,0,14002.31,2073.9,4868.33,80557.06,0,18791.22,0,0,101472.4,0,0,0,3805.47,3649.42,0,34227.84,30509.72,89.65,3560.11,23931.17,0,0,0,0
2009-06-03 15:00:00,0,2100.26,0,380.49,16584.9,9331.93,9681.74,0,0,3073.96,20708.55,337.54,0,14091.8,2106.08,4995.3,80806.74,0,19115.72,0,0,100907.2,0,0,0,3884.84,3715.99,0,34634.84,30833.18,90.72,3636.02,24314.91,0,0,0,0
2009-06-03 16:00:00,0,2135.4,0,378.64,16649.32,9356.7,9736.86,0,0,3088.03,20665.75,334.46,0,14351.54,2110.76,4974.27,80446.29,0,19492.2,0,0,99114.38,0,0,0,3891.49,3740.53,0,34413.59,30936.83,90.87,3678.09,24329.87,0,0,0,0
2009-06-03 17:00:00,0,2177.6,0,382.39,16570.55,9131.27,9622.21,0,0,2989.56,19955.89,312.63,0,14441.24,2026.55,4894.17,80086.37,0,19291.89,0,0,97759.44,0,0,0,3847.42,3698.6,0,33937.18,31093.12,89.61,3650.51,24176.75,0,0,0,0
2009-06-03 18:00:00,0,2197.77,0,372.3,16150.61,8656.39,9470.73,0,0,2801.93,19102.03,294.07,0,14376.14,1945.2,4774.47,79794.8,0,18807.67,0,0,96570.88,0,0,0,3746.6,3636.17,0,33115.36,31145.57,87.36,3561.16,23712.3,0,0,0,0
2009-06-03 19:00:00,0,2179.26,0,374.33,16246.88,8531.38,9335.95,0,0,2781.22,18642.26,291.83,0,14724.22,1965.47,4600.78,77994.95,0,18812.55,0,0,95810.11,0,0,0,3659.44,3470.96,0,32847.33,30143.37,82.16,3392.23,22946.69,0,0,0,0
2009-06-03 20:00:00,0,2177.56,0,361.06,15414.69,8075.49,8639.93,0,0,2587.16,17680.56,287.63,0,13798.2,1857.63,4368.99,77416.81,0,17989.63,0,0,93478.76,0,0,0,3516.46,3294.1,0,31434.34,30249.75,79.11,3181.33,21908.91,0,0,0,0
2009-06-03 21:00:00,0,2156.14,0,339.24,14622.66,7455.8,8072.97,0,0,2406.72,16667.01,276.31,0,12953.87,1725.09,4033.82,75221.56,0,17021.64,0,0,88162.38,0,0,0,3324.36,3117.37,0,30094.16,30515.09,75.14,2944.87,21453.13,0,0,0,0
2009-06-03 22:00:00,0,2056.19,0,318.75,13240.8,6752.57,7455.59,0,0,2236.18,15566.08,255.11,0,12004.79,1595.61,3782.74,71997.78,0,15998.78,0,0,83861.96,0,0,0,3064.69,2892.48,0,27897.69,29482.02,71.42,2718.18,20035.41,0,0,0,0
2009-06-03 23:00:00,0,1868.18,0,297.24,11996.29,6134.26,6875.79,0,0,2098.21,14426.56,233.36,0,11101.19,1479.31,3603.49,68609.77,0,15247.32,0,0,80093.44,0,0,0,2826.46,2679.09,0,26053.9,27404.01,68.28,2523.79,18571.97,0,0,0,0
2009-06-04 00:00:00,0,1695.85,0,272.35,10950.24,5579.66,6348.66,0,0,1975.58,13356.18,212.71,0,10264.21,1363.64,3434.79,65244.98,0,14356.06,0,0,76384.16,0,0,0,2623.63,2480.8,0,24294.15,25650.54,65.99,2342.94,17148.07,0,0,0,0
2009-06-04 01:00:00,0,1552.47,0,249.7,10149.04,5072.18,5809.02,0,0,1844.73,12364.4,193.61,0,9843.93,1248.8,3286.62,62073.1,0,13514.23,0,0,72703.51,0,0,0,2479.55,2322.63,0,22773.32,24238.73,63.83,2159.67,15930.65,0,0,0,0
2009-06-04 02:00:00,0,1444.15,0,230.53,9644.05,4797.43,5431.6,0,0,1718.76,11570.05,179.19,0,9747.05,1152.32,3144.22,59032.46,0,12937.54,0,0,69840.11,0,0,0,2399.01,2248.03,0,21947.15,23143.28,61.95,2052.41,15056.48,0,0,0,0
2009-06-04 03:00:00,0,1412.55,0,231.22,9359.21,4669.12,5293.26,0,0,1653.58,11134.46,176.94,0,9831.05,1138.43,3054.85,57515.31,0,12803.76,0,0,69120.6,0,0,0,2365.31,2207.09,0,21419.49,22599.83,60.66,2016.7,14515.1,0,0,0,0
2009-06-04 04:00:00,0,1439.04,0,240.52,9474.73,4710.48,5394.21,0,0,1678.65,11211.97,184.36,0,10033.03,1185.34,3115.44,57862.88,0,13119.22,0,0,70430.19,0,0,0,2399.5,2233.19,0,21620.43,22433.33,60.39,2034.62,14561.04,0,0,0,0
2009-06-04 05:00:00,0,1479.87,0,248.41,9893.69,4837.37,5555.85,0,0,1719.52,11522.92,189.31,0,10990.18,1223.43,3211.52,59296.35,0,14018.73,0,0,72588.87,0,0,0,2457.18,2265.36,0,21970.49,22808.57,60.86,2063.94,14826.86,0,0,0,0
2009-06-04 06:00:00,0,1545.88,0,261.34,10730.79,5040.13,5969.02,0,0,1832.93,12260.38,195.22,0,11954.71,1303.64,3367.62,62796.05,0,15462.6,0,0,79593.3,0,0,0,2529.64,2341.24,0,22655.72,23363.16,61.67,2134.16,15251.59,0,0,0,0
2009-06-04 07:00:00,0,1685.7,0,285.21,11262.67,5478.17,6428.37,0,0,1984.68,13328.49,208.7,0,12339.74,1402.5,3588.76,66282.26,0,16243.14,0,0,81729.7,0,0,0,2686.65,2481.03,0,23589.56,24950.02,63.56,2282.3,15897.91,0,0,0,0
2009-06-04 08:00:00,0,1737.72,0,306.43,11818.12,5948.33,6828.84,0,0,2116.19,14530.4,222.16,0,12822.98,1469.16,3767.55,69184.55,0,16834.81,0,0,83483.07,0,0,0,2853.29,2633.43,0,24336.95,25473.16,66.02,2466.83,16651.69,0,0,0,0
2009-06-04 09:00:00,0,1791.51,0,320.1,12354.03,6430.27,7264.35,0,0,2276.69,15650.87,235.64,0,13201.3,1550.87,3872.82,71387.98,0,17308.48,0,0,85501.33,0,0,0,2992.71,2839.42,0,25095.08,26191.78,67.92,2687.41,17351.4,0,0,0,0
2009-06-04 10:00:00,0,1863.2,0,336.05,13287.55,7109.95,7965.93,0,0,2471.97,17096.22,255.0,0,13429.46,1679.89,3935.62,73455.65,0,17544.6,0,0,87791.0,0,0,0,3198.29,3062.27,0,25746.31,27167.95,69.66,2944.59,18010.69,0,0,0,0
2009-06-04 11:00:00,0,1892.81,0,344.49,14166.35,7791.74,8520.53,0,0,2668.22,18439.34,276.35,0,13690.54,1814.91,3983.43,75155.46,0,17844.85,0,0,89388.3,0,0,0,3300.9,3184.47,0,26388.62,28272.1,71.75,3174.91,18567.71,0,0,0,0
2009-06-04 12:00:00,0,1920.69,0,364.31,14776.31,8378.64,8910.19,0,0,2818.08,19337.01,290.0,0,13747.95,1927.57,4033.94,76265.23,0,17941.56,0,0,90646.0,0,0,0,3365.1,3277.04,0,27436.98,29234.1,74.06,3338.43,19162.7,0,0,0,0
2009-06-04 13:00:00,0,1961.52,0,376.31,14821.01,8703.16,9199.9,0,0,2931.3,19871.2,302.17,0,13819.52,1983.05,4094.97,77402.21,0,18217.82,0,0,91667.93,0,0,0,3477.28,3377.46,0,28581.39,30107.93,76.65,3440.47,19518.06,0,0,0,0
2009-06-04 14:00:00,0,1997.23,0,390.06,14755.56,8897.53,9295.31,0,0,2980.25,19987.41,312.79,0,13929.2,1975.46,4121.29,78442.52,0,18501.14,0,0,92927.69,0,0,0,3536.42,3432.04,0,29372.24,30911.49,79.23,3489.89,19842.72,0,0,0,0
2009-06-04 15:00:00,0,2030.02,0,399.64,14703.37,8957.66,9293.92,0,0,2973.14,19978.83,321.32,0,14094.07,1985.46,4208.4,78787.35,0,18756.18,0,0,93970.13,0,0,0,3509.79,3410.37,0,29895.07,31405.93,81.65,3569.78,20058.98,0,0,0,0
2009-06-04 16:00:00,0,2063.24,0,404.89,14486.47,8936.86,9098.13,0,0,2933.3,19786.72,316.29,0,14419.04,1988.25,4265.06,78443.17,0,19143.49,0,0,94687.4,0,0,0,3451.36,3376.88,0,29804.02,31886.13,82.64,3658.55,20140.71,0,0,0,0
2009-06-04 17:00:00,0,2094.67,0,403.35,14228.01,8866.28,8935.21,0,0,2905.5,19582.68,310.11,0,14729.14,1946.06,4251.78,78050.15,0,19193.71,0,0,94723.45,0,0,0,3357.18,3324.49,0,29844.67,32342.03,83.54,3658.16,19867.34,0,0,0,0
2009-06-04 18:00:00,0,2121.66,0,399.93,13967.51,8587.86,8747.78,0,0,2798.61,19267.94,304.48,0,14804.63,1923.09,4189.19,78387.86,0,18992.86,0,0,94397.39,0,0,0,3311.81,3310.18,0,29750.67,32400.43,82.84,3558.23,19703.22,0,0,0,0
2009-06-04 19:00:00,0,2120.28,0,399.02,14551.9,8499.5,8741.35,0,0,2789.27,18638.35,308.54,0,15408.96,1928.36,4245.24,77044.78,0,19166.19,0,0,94049.44,0,0,0,3286.65,3207.18,0,29987.62,31729.5,78.87,3373.35,19689.73,0,0,0,0
2009-06-04 20:00:00,0,2145.0,0,380.91,13946.52,8069.44,8176.72,0,0,2604.43,17684.75,298.18,0,14357.06,1806.88,4094.93,76642.14,0,18674.1,0,0,93288.76,0,0,0,3213.76,3085.77,0,28936.92,30984.96,76.85,3205.83,19374.84,0,0,0,0
2009-06-04 21:00:00,0,2082.07,0,361.0,13123.9,7451.69,7659.88,0,0,2432.95,16613.97,283.21,0,13257.11,1683.36,3863.35,74122.53,0,17801.81,0,0,88042.2,0,0,0,3120.84,2944.72,0,27865.67,30888.96,72.24,2956.01,19024.44,0,0,0,0
2009-06-04 22:00:00,0,1979.81,0,332.8,11969.7,6752.11,7164.42,0,0,2262.04,15463.02,256.59,0,12256.76,1564.78,3677.54,70851.39,0,16843.13,0,0,83506.95,0,0,0,2944.8,2790.04,0,26085.58,29630.34,67.86,2737.4,17915.69,0,0,0,0
2009-06-04 23:00:00,0,1816.34,0,303.62,11001.2,6089.74,6678.94,0,0,2103.55,14251.56,230.77,0,11291.19,1431.88,3532.67,67385.36,0,15898.53,0,0,79297.53,0,0,0,2781.82,2627.76,0,24515.13,27349.78,64.22,2545.03,16780.93,0,0,0,0
2009-06-05 00:00:00,0,1669.86,0,279.47,10215.43,5515.83,6191.4,0,0,1954.56,13110.13,210.98,0,10425.0,1314.99,3406.46,64179.87,0,14999.99,0,0,75598.56,0,0,0,2624.81,2466.66,0,22957.83,25564.03,61.62,2361.29,15704.77,0,0,0,0
2009-06-05 01:00:00,0,1528.09,0,260.42,9469.48,4998.04,5692.62,0,0,1814.87,12149.67,193.89,0,9935.55,1220.18,3253.28,61109.48,0,14176.16,0,0,72298.87,0,0,0,2492.36,2340.18,0,21750.91,24114.11,59.41,2178.08,14802.76,0,0,0,0
2009-06-05 02:00:00,0,1430.11,0,242.01,9112.54,4710.66,5282.67,0,0,1696.88,11407.1,179.23,0,9759.06,1158.26,3115.93,58306.24,0,13581.68,0,0,69865.86,0,0,0,2413.62,2261.19,0,20986.7,22899.94,57.76,2067.18,14056.99,0,0,0,0
2009-06-05 03:00:00,0,1405.62,0,240.18,9055.34,4578.04,5178.51,0,0,1634.4,11107.69,172.07,0,9800.54,1137.66,3013.88,56948.29,0,13338.24,0,0,69386.63,0,0,0,2383.49,2230.08,0,20749.21,22344.13,56.57,2023.3,13721.68,0,0,0,0
2009-06-05 04:00:00,0,1431.25,0,249.47,9233.11,4608.49,5360.2,0,0,1669.19,11241.3,174.77,0,9998.21,1161.88,3069.13,57357.63,0,13468.36,0,0,70724.58,0,0,0,2411.33,2235.84,0,21142.29,22201.39,57.33,2050.95,13796.32,0,0,0,0
2009-06-05 05:00:00,0,1484.25,0,260.84,9655.11,4761.57,5535.51,0,0,1717.78,11577.15,180.85,0,10878.89,1183.03,3157.28,58895.17,0,14416.08,0,0,72850.91,0,0,0,2474.68,2273.47,0,21530.83,22633.35,58.93,2097.97,14109.54,0,0,0,0
2009-06-05 06:00:00,0,1560.46,0,275.15,10343.97,4978.0,5855.69,0,0,1825.83,12195.45,187.19,0,11873.23,1246.74,3386.55,62372.52,0,15896.28,0,0,79757.36,0,0,0,2559.15,2356.57,0,22064.01,23318.12,60.5,2172.57,14615.01,0,0,0,0
2009-06-05 07:00:00,0,1692.5,0,300.21,10803.44,5394.98,6175.05,0,0,1938.88,13176.25,195.17,0,12321.98,1313.8,3628.96,65913.48,0,16724.75,0,0,82233.59,0,0,0,2644.18,2445.99,0,23001.69,24993.08,61.6,2306.66,15307.78,0,0,0,0
2009-06-05 08:00:00,0,1726.78,0,319.62,11134.39,5809.95,6437.66,0,0,2054.16,14273.1,205.87,0,12822.52,1399.78,3745.12,69160.7,0,17161.68,0,0,84479.08,0,0,0,2757.32,2543.15,0,23491.5,25538.61,62.35,2470.68,15913.56,0,0,0,0
2009-06-05 09:00:00,0,1784.82,0,331.29,11437.13,6199.43,6696.2,0,0,2220.93,15431.81,217.02,0,13337.96,1471.23,3796.97,71492.79,0,17461.02,0,0,87135.36,0,0,0,2855.7,2631.47,0,24077.38,26635.49,65.86,2645.39,16448.12,0,0,0,0
2009-06-05 10:00:00,0,1896.63,0,348.3,11656.35,6704.85,6967.14,0,0,2419.47,16927.87,228.27,0,13717.83,1565.76,3935.61,74145.85,0,17750.56,0,0,89535.56,0,0,0,2964.96,2729.45,0,24791.76,28107.15,68.84,2813.58,17010.91,0,0,0,0
2009-06-05 11:00:00,0,1975.22,0,371.24,11918.72,7242.68,7247.28,0,0,2615.23,18220.71,240.76,0,13990.4,1681.33,4131.83,75497.89,0,18054.1,0,0,91526.28,0,0,0,3033.47,2883.43,0,25794.47,29512.17,71.64,2993.23,17425.37,0,0,0,0
2009-06-05 12:00:00,0,2046.95,0,401.23,12263.91,7735.11,7599.48,0,0,2769.14,19181.93,252.41,0,14164.23,1843.26,4283.3,76993.13,0,18402.58,0,0,92951.52,0,0,0,3157.46,3044.99,0,27147.7,30867.28,74.88,3136.91,17984.9,0,0,0,0
2009-06-05 13:00:00,0,2117.9,0,412.08,12587.86,8123.79,7861.52,0,0,2869.87,19791.67,262.5,0,14226.05,1887.95,4402.05,78285.21,0,18604.85,0,0,93853.39,0,0,0,3288.61,3184.06,0,28492.81,32002.97,77.57,3259.23,18507.67,0,0,0,0
2009-06-05 14:00:00,0,2198.21,0,399.11,12880.42,8333.44,7930.14,0,0,2909.28,20079.47,274.67,0,14201.96,1857.57,4491.06,79255.17,0,18737.68,0,0,94812.3,0,0,0,3418.69,3309.92,0,29645.77,32989.49,80.17,3348.45,19098.8,0,0,0,0
2009-06-05 15:00:00,0,2281.74,0,405.87,13294.13,8436.73,8028.88,0,0,2900.56,20071.08,285.0,0,14220.88,1914.47,4541.13,79563.68,0,18599.76,0,0,95757.66,0,0,0,3521.32,3397.32,0,30456.88,33716.99,82.03,3428.0,19510.35,0,0,0,0
2009-06-05 16:00:00,0,2450.4,0,419.21,13324.76,8490.85,7916.74,0,0,2885.43,19857.77,287.84,0,14211.54,1966.35,4531.17,79113.1,0,18559.96,0,0,96140.49,0,0,0,3514.21,3417.64,0,30935.85,34708.92,82.68,3479.33,19791.35,0,0,0,0
2009-06-05 17:00:00,0,2544.02,0,421.04,13177.81,8466.85,7790.72,0,0,2854.03,19493.76,291.89,0,14204.16,1888.38,4477.06,78941.28,0,18396.32,0,0,96040.18,0,0,0,3457.62,3391.14,0,31205.49,35170.35,82.81,3451.39,19848.51,0,0,0,0
2009-06-05 18:00:00,0,2569.31,0,417.28,12975.12,8312.59,7642.79,0,0,2789.17,19071.09,293.37,0,14160.76,1861.4,4401.48,79170.86,0,18230.84,0,0,96140.31,0,0,0,3386.86,3361.77,0,30842.69,34927.21,82.36,3353.68,19715.64,0,0,0,0
2009-06-05 19:00:00,0,2508.46,0,379.9,12915.83,7879.41,7669.19,0,0,2638.87,17938.22,281.09,0,13524.17,1852.56,3997.15,74548.11,0,16840.09,0,0,90576.83,0,0,0,3265.55,3291.49,0,30107.79,32901.6,69.47,3085.29,19035.07,0,0,0,0
2009-06-05 20:00:00,0,2393.77,0,377.6,12618.72,7511.29,7184.11,0,0,2459.06,16875.63,273.71,0,12842.41,1748.9,3996.65,75200.02,0,16731.27,0,0,91611.02,0,0,0,3185.24,3190.65,0,29371.71,32422.38,70.53,2930.32,18372.24,0,0,0,0
2009-06-05 21:00:00,0,2257.46,0,348.02,12095.71,7075.92,6737.87,0,0,2310.68,15813.73,260.52,0,12126.67,1653.01,3745.13,72828.67,0,16212.43,0,0,87183.42,0,0,0,3108.56,3048.61,0,28061.65,30982.06,66.7,2763.37,17862.42,0,0,0,0
2009-06-05 22:00:00,0,2182.25,0,329.26,11113.67,6524.57,6302.42,0,0,2172.89,14834.69,241.97,0,11433.63,1545.61,3538.05,69794.49,0,15481.75,0,0,83287.48,0,0,0,2893.66,2845.78,0,26106.48,29799.07,62.67,2613.85,16495.07,0,0,0,0
2009-06-05 23:00:00,0,1983.14,0,301.56,10273.05,5983.51,5872.27,0,0,2040.82,13887.13,225.76,0,10730.14,1447.2,3329.07,65704.72,0,14740.62,0,0,79255.99,0,0,0,2688.14,2655.89,0,24550.76,28034.08,59.57,2455.67,15301.94,0,0,0,0
2009-06-06 00:00:00,0,1794.58,0,276.84,9495.1,5467.56,5467.03,0,0,1902.7,12974.62,206.36,0,10080.74,1330.79,3145.21,62277.45,0,13991.62,0,0,75211.51,0,0,0,2510.32,2477.52,0,23073.03,26605.07,56.99,2313.99,14352.34,0,0,0,0
2009-06-06 01:00:00,0,1653.62,0,254.96,8808.59,5009.0,5082.83,0,0,1778.56,12127.32,190.94,0,9723.29,1238.4,2990.79,59220.96,0,13292.05,0,0,71939.45,0,0,0,2362.75,2329.96,0,21957.55,25426.57,54.72,2157.06,13481.61,0,0,0,0
2009-06-06 02:00:00,0,1568.03,0,235.13,8362.52,4708.75,4766.56,0,0,1666.8,11396.07,180.31,0,9705.66,1177.19,2864.84,56643.46,0,12795.18,0,0,69607.61,0,0,0,2284.2,2212.24,0,21194.87,24432.47,52.55,2034.94,12883.67,0,0,0,0
2009-06-06 03:00:00,0,1507.11,0,223.4,8119.0,4566.6,4574.71,0,0,1612.67,11051.26,172.77,0,9719.34,1122.8,2754.12,54778.23,0,12579.16,0,0,67895.09,0,0,0,2231.45,2128.7,0,20620.5,23447.61,51.05,1957.08,12495.32,0,0,0,0
2009-06-06 04:00:00,0,1478.06,0,219.11,7970.71,4488.46,4505.95,0,0,1599.31,10820.54,166.55,0,9802.85,1093.55,2703.56,53988.99,0,12491.92,0,0,67424.78,0,0,0,2208.95,2126.71,0,20233.76,22848.69,50.1,1946.17,12211.29,0,0,0,0
2009-06-06 05:00:00,0,1478.01,0,215.15,7995.09,4531.41,4543.38,0,0,1614.89,10866.84,166.01,0,9929.18,1108.31,2722.8,53966.25,0,12700.05,0,0,67751.09,0,0,0,2219.85,2125.52,0,20154.33,22527.68,49.77,1975.04,12118.46,0,0,0,0
2009-06-06 06:00:00,0,1506.65,0,221.37,8331.93,4696.31,4732.46,0,0,1656.89,11113.56,169.55,0,10275.8,1128.71,2793.68,54769.84,0,13227.29,0,0,69006.68,0,0,0,2245.38,2160.47,0,20121.63,22575.98,50.39,2027.95,12569.14,0,0,0,0
2009-06-06 07:00:00,0,1608.55,0,236.33,8781.66,5038.9,4996.69,0,0,1761.9,12116.97,175.64,0,10413.08,1162.42,2815.71,56854.5,0,13736.35,0,0,70960.96,0,0,0,2276.6,2251.54,0,20484.61,22845.58,51.63,2134.7,13017.92,0,0,0,0
2009-06-06 08:00:00,0,1673.14,0,254.85,9268.04,5383.59,5246.59,0,0,1883.64,13320.51,184.02,0,10628.94,1211.14,2957.09,59588.17,0,14225.04,0,0,74067.9,0,0,0,2361.18,2368.65,0,21783.25,23604.29,53.3,2185.6,13669.15,0,0,0,0
2009-06-06 09:00:00,0,1765.02,0,276.91,9818.28,5746.3,5537.61,0,0,2009.48,14567.27,194.72,0,11027.33,1267.0,3164.52,62246.12,0,14789.11,0,0,77309.67,0,0,0,2458.41,2486.87,0,23194.09,24834.08,56.27,2300.5,14364.17,0,0,0,0
2009-06-06 10:00:00,0,1913.82,0,307.67,10538.46,6123.27,5871.59,0,0,2149.47,16047.66,212.58,0,11483.67,1388.14,3406.92,64011.27,0,15531.85,0,0,80118.1,0,0,0,2569.67,2608.97,0,24515.48,26556.34,60.05,2446.41,15237.15,0,0,0,0
2009-06-06 11:00:00,0,2137.6,0,338.2,11345.52,6493.89,6244.34,0,0,2275.65,17185.43,223.25,0,11848.89,1493.91,3656.36,65841.3,0,16260.28,0,0,85050.64,0,0,0,2696.69,2726.07,0,25880.18,28142.21,63.82,2596.85,16217.36,0,0,0,0
2009-06-06 12:00:00,0,2285.5,0,364.43,12063.63,6804.18,6716.53,0,0,2380.75,17830.34,231.64,0,12160.22,1538.53,3890.66,67938.6,0,16716.2,0,0,90734.39,0,0,0,2872.39,2886.64,0,27476.21,29487.13,66.74,2718.23,17442.41,0,0,0,0
2009-06-06 13:00:00,0,2386.63,0,377.36,12619.12,7022.75,7104.38,0,0,2467.3,18328.97,239.3,0,12433.6,1603.27,4069.67,69963.0,0,16915.91,0,0,94835.61,0,0,0,3008.14,3027.12,0,28830.72,30847.73,69.41,2729.53,18345.84,0,0,0,0
2009-06-06 14:00:00,0,2443.75,0,393.14,13071.78,7202.21,7408.36,0,0,2502.55,18575.22,248.19,0,12800.42,1656.43,4198.53,71567.98,0,17228.26,0,0,98479.79,0,0,0,3076.27,3096.22,0,29876.66,32001.84,71.68,2844.0,18966.04,0,0,0,0
2009-06-06 15:00:00,0,2489.85,0,390.65,13377.99,7397.43,7675.28,0,0,2527.0,18721.58,254.71,0,13209.51,1695.89,4293.85,72785.1,0,17573.72,0,0,101311.34,0,0,0,3132.1,3171.75,0,30760.67,32885.24,73.68,2997.75,19561.13,0,0,0,0
2009-06-06 16:00:00,0,2543.77,0,377.4,13646.63,7544.74,7860.81,0,0,2529.3,18667.89,256.09,0,13670.53,1724.17,4396.0,73376.38,0,17752.12,0,0,102154.4,0,0,0,3146.06,3200.53,0,31618.6,33799.79,75.75,3092.87,20190.14,0,0,0,0
2009-06-06 17:00:00,0,2574.56,0,373.66,13782.69,7594.66,7891.38,0,0,2526.48,18554.08,258.67,0,14025.25,1730.0,4517.83,73559.22,0,18051.47,0,0,102196.82,0,0,0,3139.89,3192.72,0,32155.6,34359.74,75.72,3138.02,20750.69,0,0,0,0
2009-06-06 18:00:00,0,2559.59,0,367.42,13425.56,7557.7,7811.54,0,0,2496.33,18403.01,260.83,0,14061.74,1736.68,4546.27,73290.01,0,17977.36,0,0,101278.93,0,0,0,3120.03,3176.23,0,32071.15,33939.12,74.87,3121.11,20858.32,0,0,0,0
2009-06-06 19:00:00,0,2581.59,0,376.94,13843.29,7646.8,8016.2,0,0,2588.16,17850.63,265.64,0,15551.79,1799.7,4571.26,75193.01,0,19225.33,0,0,102456.12,0,0,0,3092.25,3133.92,0,32081.76,34954.5,73.99,3118.8,21168.08,0,0,0,0
2009-06-06 20:00:00,0,2520.14,0,364.72,13331.58,7324.64,7469.95,0,0,2415.33,16763.95,260.62,0,14513.55,1696.29,4425.77,74054.29,0,18975.16,0,0,99288.05,0,0,0,3014.58,2996.47,0,30544.24,34733.17,75.01,2951.65,20141.81,0,0,0,0
2009-06-06 21:00:00,0,2400.18,0,350.23,12553.59,6879.33,6965.21,0,0,2255.1,15645.02,252.4,0,13559.92,1599.43,4062.55,72378.33,0,18075.9,0,0,93333.33,0,0,0,2923.09,2849.3,0,29170.16,32930.17,71.33,2761.17,19541.22,0,0,0,0
2009-06-06 22:00:00,0,2297.83,0,329.58,11417.85,6273.57,6465.29,0,0,2109.28,14534.69,233.16,0,12664.87,1481.6,3809.24,69889.32,0,17102.07,0,0,88469.71,0,0,0,2697.2,2659.68,0,26982.82,31512.36,67.27,2567.4,18093.71,0,0,0,0
2009-06-06 23:00:00,0,2086.14,0,309.3,10391.29,5685.08,5943.88,0,0,1974.8,13475.02,212.77,0,11844.98,1388.17,3572.84,66971.78,0,16126.76,0,0,84276.32,0,0,0,2514.59,2490.78,0,25233.83,29685.49,63.98,2383.61,16603.9,0,0,0,0
2009-06-07 00:00:00,0,1892.05,0,284.35,9609.15,5120.44,5418.53,0,0,1838.11,12537.08,195.44,0,11067.32,1295.49,3342.55,64167.74,0,15160.2,0,0,80056.47,0,0,0,2373.19,2349.48,0,23684.01,28160.0,61.31,2206.24,15310.56,0,0,0,0
2009-06-07 01:00:00,0,1726.86,0,261.44,8939.93,4663.9,4986.6,0,0,1718.65,11682.04,180.63,0,10507.48,1206.46,3130.39,61403.77,0,14226.53,0,0,76218.32,0,0,0,2284.85,2233.7,0,22582.08,26802.21,58.81,2050.57,14136.66,0,0,0,0
2009-06-07 02:00:00,0,1626.92,0,242.29,8446.09,4435.87,4659.85,0,0,1616.22,10954.92,169.4,0,10344.59,1135.18,2976.55,59002.23,0,13536.36,0,0,73295.31,0,0,0,2216.49,2132.26,0,21705.58,25468.77,56.36,1933.87,13398.79,0,0,0,0
2009-06-07 03:00:00,0,1574.61,0,229.05,8215.38,4269.73,4488.79,0,0,1547.93,10534.67,162.49,0,10150.18,1080.38,2860.52,57175.46,0,12953.28,0,0,71013.24,0,0,0,2164.55,2077.55,0,21241.82,24419.58,54.31,1836.41,13047.9,0,0,0,0
2009-06-07 04:00:00,0,1526.16,0,224.17,8093.98,4165.69,4438.57,0,0,1529.55,10359.01,158.41,0,10001.78,1059.07,2801.74,56180.27,0,12684.58,0,0,70367.16,0,0,0,2145.0,2084.94,0,20865.39,23523.96,52.94,1797.95,12741.06,0,0,0,0
2009-06-07 05:00:00,0,1516.57,0,222.76,8075.92,4213.09,4524.7,0,0,1533.04,10448.73,159.32,0,9993.55,1064.26,2808.45,55944.17,0,12762.52,0,0,70522.69,0,0,0,2166.25,2099.65,0,20741.07,23152.2,52.33,1808.84,12704.15,0,0,0,0
2009-06-07 06:00:00,0,1552.95,0,230.36,8372.84,4363.05,4708.33,0,0,1578.58,10715.28,163.75,0,10241.98,1086.93,2909.32,56845.71,0,13473.3,0,0,72189.42,0,0,0,2210.92,2163.3,0,20610.51,23186.54,52.76,1843.43,12903.75,0,0,0,0
2009-06-07 07:00:00,0,1671.58,0,244.64,8893.35,4728.95,5049.73,0,0,1687.32,11650.25,174.76,0,10660.19,1160.47,3013.88,58329.25,0,14218.12,0,0,76585.9,0,0,0,2298.11,2289.26,0,20921.92,23530.12,53.97,1955.0,13367.82,0,0,0,0
2009-06-07 08:00:00,0,1764.42,0,268.21,9381.9,5147.87,5364.61,0,0,1798.65,12914.05,190.93,0,11184.04,1278.73,3292.45,60532.43,0,15065.72,0,0,81927.88,0,0,0,2410.48,2420.96,0,22447.83,24319.33,56.92,2077.84,14618.54,0,0,0,0
2009-06-07 09:00:00,0,1864.38,0,301.64,9785.3,5561.73,5646.63,0,0,1951.87,14309.58,209.04,0,11715.54,1409.64,3560.15,62834.19,0,15631.01,0,0,86896.77,0,0,0,2522.99,2542.94,0,24290.39,25398.07,60.36,2199.62,15818.4,0,0,0,0
2009-06-07 10:00:00,0,2112.67,0,330.43,10669.25,6124.79,6168.44,0,0,2133.62,15808.57,225.07,0,11977.38,1533.45,3915.82,65123.29,0,16190.8,0,0,91758.57,0,0,0,2631.95,2662.23,0,26126.99,27212.53,64.69,2392.38,17125.46,0,0,0,0
2009-06-07 11:00:00,0,2358.2,0,351.66,11581.96,6654.97,6804.43,0,0,2242.44,16717.11,243.09,0,12063.07,1654.05,4232.79,67818.97,0,16759.36,0,0,97583.43,0,0,0,2771.75,2803.74,0,27955.35,29217.85,68.83,2646.9,18440.44,0,0,0,0
2009-06-07 12:00:00,0,2550.71,0,371.43,12436.35,7041.21,7294.18,0,0,2373.1,17368.86,257.84,0,12219.87,1741.34,4454.39,71140.17,0,17238.99,0,0,102818.9,0,0,0,2903.47,2971.32,0,29393.42,31003.76,72.46,2772.53,19586.75,0,0,0,0
2009-06-07 13:00:00,0,2700.55,0,388.16,13108.67,7167.33,7679.05,0,0,2373.54,17619.69,271.71,0,12451.98,1772.33,4636.67,74474.69,0,17565.54,0,0,106686.15,0,0,0,3024.07,3120.59,0,30544.54,32444.31,75.3,2831.65,20508.86,0,0,0,0
2009-06-07 14:00:00,0,2839.84,0,404.79,13668.28,7332.08,7997.16,0,0,2353.22,17924.33,281.2,0,12968.92,1792.12,4810.34,77512.5,0,17811.37,0,0,110369.14,0,0,0,3141.78,3232.45,0,31657.9,33760.37,77.85,2901.07,21264.83,0,0,0,0
2009-06-07 15:00:00,0,2926.05,0,415.12,14134.7,7573.93,8274.48,0,0,2412.33,18320.31,285.33,0,13566.78,1831.4,4967.14,79534.42,0,17769.44,0,0,112905.49,0,0,0,3243.71,3324.98,0,32695.8,34753.57,79.85,2971.55,21985.29,0,0,0,0
2009-06-07 16:00:00,0,2995.15,0,407.12,14333.37,7653.61,8483.67,0,0,2419.2,18251.25,286.18,0,13963.73,1840.94,5090.24,80981.2,0,17784.33,0,0,114068.42,0,0,0,3317.43,3383.53,0,33468.76,35582.77,81.51,3035.39,22530.83,0,0,0,0
2009-06-07 17:00:00,0,3009.3,0,403.44,14336.75,7673.95,8596.9,0,0,2421.69,18309.23,287.43,0,13984.02,1850.12,5188.08,81666.49,0,17779.57,0,0,115321.88,0,0,0,3358.81,3414.25,0,33978.18,35661.98,83.58,3088.05,22942.71,0,0,0,0
2009-06-07 18:00:00,0,2998.2,0,401.24,13929.06,7636.61,8534.8,0,0,2425.43,18235.17,288.21,0,13801.84,1843.04,5212.85,80624.79,0,17725.54,0,0,113528.0,0,0,0,3325.92,3373.34,0,33818.07,34992.46,83.84,3100.12,22673.48,0,0,0,0
2009-06-07 19:00:00,0,3076.6,0,418.77,15154.04,8191.55,8763.54,0,0,2658.49,18362.55,301.74,0,15422.21,1943.64,5336.05,85428.06,0,20266.72,0,0,116623.53,0,0,0,3345.57,3192.95,0,34049.81,36301.28,90.29,3222.48,23606.37,0,0,0,0
2009-06-07 20:00:00,0,2982.97,0,406.14,14265.56,7843.04,8085.53,0,0,2489.85,17323.33,292.31,0,14424.03,1825.61,5238.51,83072.44,0,19513.07,0,0,112016.75,0,0,0,3234.44,3045.25,0,32546.48,35444.69,89.43,3043.3,22531.72,0,0,0,0
2009-06-07 21:00:00,0,2820.92,0,375.83,13313.8,7268.66,7468.98,0,0,2336.84,16338.94,277.55,0,13451.92,1687.48,4916.76,79870.92,0,18867.64,0,0,104856.76,0,0,0,3069.69,2904.91,0,30923.48,34920.41,85.56,2843.51,21864.93,0,0,0,0
2009-06-07 22:00:00,0,2667.56,0,348.03,12126.93,6626.13,6902.94,0,0,2189.96,15248.17,255.93,0,12610.57,1552.51,4622.2,76467.88,0,17833.85,0,0,98299.56,0,0,0,2847.53,2706.77,0,28506.25,33526.81,80.52,2635.72,20322.61,0,0,0,0
2009-06-07 23:00:00,0,2382.06,0,318.79,11098.33,6003.31,6397.01,0,0,2046.95,14091.49,234.3,0,11660.26,1427.42,4306.02,72771.17,0,16839.1,0,0,92997.84,0,0,0,2648.04,2519.09,0,26579.33,30794.62,75.73,2447.13,18710.23,0,0,0,0
2009-06-08 00:00:00,0,2168.87,0,291.54,10199.01,5411.35,5865.38,0,0,1900.91,12980.73,214.28,0,10801.9,1310.34,4012.08,69431.76,0,15709.73,0,0,88211.41,0,0,0,2470.38,2333.84,0,24564.99,28733.28,72.08,2266.65,17181.66,0,0,0,0
2009-06-08 01:00:00,0,1999.88,0,268.08,9470.63,4913.99,5341.51,0,0,1757.66,11973.95,196.67,0,10273.52,1203.38,3744.71,66307.6,0,14821.53,0,0,84480.43,0,0,0,2334.52,2197.45,0,22894.38,26916.83,69.48,2087.87,15801.66,0,0,0,0
2009-06-08 02:00:00,0,1854.56,0,248.67,9133.1,4610.39,5058.73,0,0,1629.18,11179.36,181.26,0,10073.09,1120.98,3497.33,63378.9,0,14175.14,0,0,81686.02,0,0,0,2252.44,2123.4,0,21997.66,25690.69,67.31,1964.55,14933.82,0,0,0,0
2009-06-08 03:00:00,0,1748.84,0,241.29,8972.11,4458.62,5007.38,0,0,1569.63,10747.19,174.64,0,10060.51,1119.21,3352.49,61469.16,0,13776.89,0,0,80285.81,0,0,0,2211.3,2101.64,0,21592.07,24789.58,65.67,1914.19,14421.79,0,0,0,0
2009-06-08 04:00:00,0,1710.15,0,246.43,9107.54,4572.94,5142.74,0,0,1609.07,10853.78,178.12,0,10240.36,1149.93,3403.73,61498.0,0,13941.41,0,0,80931.84,0,0,0,2255.74,2133.08,0,21765.24,24206.0,65.13,1958.66,14433.13,0,0,0,0
2009-06-08 05:00:00,0,1720.81,0,254.43,9515.61,4740.82,5302.27,0,0,1655.13,11126.12,182.07,0,11104.83,1184.09,3459.5,62495.86,0,14562.11,0,0,82883.02,0,0,0,2320.97,2164.15,0,22040.23,24362.03,65.08,2016.11,14713.5,0,0,0,0
2009-06-08 06:00:00,0,1750.33,0,275.51,10397.69,4952.98,5743.46,0,0,1740.04,11613.14,188.22,0,12096.64,1248.58,3692.08,64443.48,0,16117.56,0,0,89669.44,0,0,0,2406.77,2234.1,0,22690.63,24687.64,66.07,2097.27,15214.5,0,0,0,0
2009-06-08 07:00:00,0,1879.42,0,310.02,10973.38,5324.81,6216.0,0,0,1897.27,12700.42,203.53,0,12483.62,1340.42,3982.41,68310.6,0,16869.29,0,0,94755.62,0,0,0,2543.13,2356.84,0,23465.92,26425.0,67.98,2201.7,16180.71,0,0,0,0
2009-06-08 08:00:00,0,1944.13,0,334.82,11581.18,5768.73,6653.57,0,0,2019.32,13801.27,220.09,0,12832.57,1414.34,4292.01,71194.77,0,17485.01,0,0,100668.15,0,0,0,2699.81,2481.34,0,24801.74,27227.18,70.73,2326.54,17368.23,0,0,0,0
2009-06-08 09:00:00,0,2041.78,0,356.95,12174.78,6302.23,7215.62,0,0,2197.57,15136.0,233.54,0,13289.62,1529.04,4565.41,73587.31,0,18167.23,0,0,106077.98,0,0,0,2888.91,2686.59,0,26321.46,28100.02,74.26,2548.62,18600.12,0,0,0,0
2009-06-08 10:00:00,0,2175.33,0,388.89,13227.16,6951.58,7885.39,0,0,2409.56,16690.6,253.8,0,13522.08,1693.04,4869.87,75985.74,0,18850.81,0,0,110589.78,0,0,0,3157.8,2984.37,0,28904.67,29033.58,78.24,2784.35,19809.85,0,0,0,0
2009-06-08 11:00:00,0,2294.48,0,417.77,14313.87,7609.81,8432.0,0,0,2596.5,18026.1,276.9,0,13763.94,1841.37,5028.4,78300.84,0,19284.52,0,0,115767.15,0,0,0,3381.29,3216.16,0,31290.24,29918.85,82.15,3006.26,21071.24,0,0,0,0
2009-06-08 12:00:00,0,2421.93,0,443.43,15225.7,8120.37,8858.96,0,0,2729.61,18993.86,297.4,0,13924.33,1968.18,5214.81,80560.84,0,19717.2,0,0,121006.47,0,0,0,3535.16,3384.78,0,32982.38,30902.94,85.81,3122.15,22237.15,0,0,0,0
2009-06-08 13:00:00,0,2523.12,0,462.66,15972.98,8395.77,9186.19,0,0,2822.91,19690.64,314.56,0,14046.13,2049.93,5382.29,83513.17,0,20154.62,0,0,125398.03,0,0,0,3659.79,3536.14,0,34361.61,31842.45,89.62,3215.52,23158.56,0,0,0,0
2009-06-08 14:00:00,0,2597.19,0,477.56,16545.12,8585.14,9541.25,0,0,2898.41,20187.31,331.29,0,14249.98,2094.52,5516.75,86206.87,0,20576.31,0,0,127852.25,0,0,0,3773.21,3636.86,0,35480.12,32780.02,92.9,3291.63,23877.73,0,0,0,0
2009-06-08 15:00:00,0,2665.74,0,481.34,16958.17,8615.29,9859.41,0,0,2920.74,20310.25,337.74,0,14645.24,2108.8,5604.3,87998.13,0,20959.63,0,0,128415.22,0,0,0,3875.46,3728.48,0,36536.15,33687.28,95.64,3365.41,24360.38,0,0,0,0
2009-06-08 16:00:00,0,2728.72,0,468.83,17147.51,8548.01,9997.41,0,0,2899.31,20145.73,330.01,0,15130.04,2089.0,5657.05,88931.8,0,21125.42,0,0,129184.44,0,0,0,3942.22,3804.13,0,36966.85,34343.02,97.55,3407.75,24563.79,0,0,0,0
2009-06-08 17:00:00,0,2792.49,0,452.5,17098.02,8377.2,9957.33,0,0,2812.18,19613.91,321.06,0,15436.12,2026.57,5680.15,88673.47,0,21008.74,0,0,128065.31,0,0,0,3941.6,3807.45,0,36661.52,34951.42,97.96,3435.98,24613.37,0,0,0,0
2009-06-08 18:00:00,0,2796.39,0,432.47,16635.63,8204.87,9834.33,0,0,2729.1,19061.93,310.34,0,15467.82,1992.28,5607.5,87232.89,0,20576.89,0,0,126354.36,0,0,0,3862.52,3749.44,0,36031.02,35252.16,96.24,3424.58,24275.08,0,0,0,0
2009-06-08 19:00:00,0,2706.34,0,426.35,16592.87,8332.75,9510.58,0,0,2758.51,18682.1,301.79,0,16018.97,1990.36,5303.62,85185.87,0,20650.72,0,0,122382.92,0,0,0,3720.53,3530.11,0,35166.32,34613.17,89.8,3292.5,23731.87,0,0,0,0
2009-06-08 20:00:00,0,2644.08,0,411.64,15745.16,7986.25,8788.22,0,0,2577.05,17667.33,289.94,0,14791.84,1875.74,5191.93,83719.66,0,19666.9,0,0,118538.49,0,0,0,3556.31,3327.22,0,33601.2,33675.25,88.51,3116.05,22572.03,0,0,0,0
2009-06-08 21:00:00,0,2496.85,0,383.98,14956.85,7407.77,8180.68,0,0,2395.48,16605.62,274.02,0,13591.12,1720.38,4859.14,80732.56,0,18500.8,0,0,112004.16,0,0,0,3341.68,3146.86,0,32100.42,32977.23,84.22,2923.97,21950.58,0,0,0,0
2009-06-08 22:00:00,0,2324.25,0,354.44,13726.6,6763.08,7604.95,0,0,2225.01,15360.73,254.02,0,12524.41,1592.62,4542.83,77243.72,0,17344.23,0,0,105997.81,0,0,0,3079.97,2913.04,0,29522.41,31756.77,80.02,2711.38,20449.9,0,0,0,0
2009-06-08 23:00:00,0,2089.5,0,325.28,12591.22,6107.81,7041.91,0,0,2073.29,14195.83,236.05,0,11501.11,1466.58,4252.21,73438.99,0,16419.45,0,0,100435.94,0,0,0,2853.36,2700.45,0,27404.12,29465.55,75.74,2505.12,18915.62,0,0,0,0
2009-06-09 00:00:00,0,1890.77,0,297.13,11500.53,5542.9,6461.75,0,0,1932.57,13114.21,218.3,0,10509.76,1337.0,3972.64,69860.84,0,15447.94,0,0,95176.45,0,0,0,2637.92,2491.93,0,25465.8,27508.55,71.12,2336.56,17465.87,0,0,0,0
2009-06-09 01:00:00,0,1713.96,0,271.75,10557.14,5059.15,5893.52,0,0,1779.91,12074.81,201.33,0,9974.09,1232.95,3718.15,66668.47,0,14723.18,0,0,90127.26,0,0,0,2478.63,2314.55,0,23827.54,25774.79,67.33,2153.85,16112.61,0,0,0,0
2009-06-09 02:00:00,0,1600.08,0,249.43,10014.33,4778.85,5513.97,0,0,1665.62,11342.75,184.55,0,9791.93,1155.98,3529.07,63567.28,0,13870.2,0,0,86163.53,0,0,0,2376.45,2225.95,0,22836.32,24473.88,64.73,2046.78,15211.75,0,0,0,0
2009-06-09 03:00:00,0,1533.93,0,240.96,9712.25,4659.4,5355.31,0,0,1621.97,10985.62,177.04,0,9839.19,1145.57,3377.02,61705.51,0,13752.05,0,0,84183.05,0,0,0,2329.1,2180.24,0,22229.65,23837.52,63.55,1992.55,14700.91,0,0,0,0
2009-06-09 04:00:00,0,1538.26,0,245.97,9751.06,4766.43,5435.91,0,0,1662.9,11125.42,180.75,0,10044.82,1184.04,3405.15,61709.79,0,14142.09,0,0,84316.97,0,0,0,2355.88,2203.81,0,22331.51,23622.17,63.23,2027.13,14672.94,0,0,0,0
2009-06-09 05:00:00,0,1561.18,0,253.32,10087.97,4925.69,5562.72,0,0,1716.66,11443.62,184.91,0,10699.38,1223.98,3473.26,62791.89,0,14870.13,0,0,86024.52,0,0,0,2413.38,2232.04,0,22582.88,23953.86,63.92,2085.69,14909.85,0,0,0,0
2009-06-09 06:00:00,0,1594.54,0,274.37,11008.64,5157.66,6030.81,0,0,1819.73,12041.54,191.91,0,11575.51,1306.63,3713.87,64683.38,0,16358.56,0,0,91527.46,0,0,0,2493.34,2305.71,0,23404.84,24396.94,64.67,2177.92,15362.19,0,0,0,0
2009-06-09 07:00:00,0,1740.07,0,311.05,11736.21,5631.07,6541.77,0,0,1993.3,13253.78,208.68,0,12229.51,1406.64,4001.14,68161.58,0,17163.99,0,0,95525.46,0,0,0,2681.09,2470.49,0,24392.22,25949.63,66.7,2351.48,16316.87,0,0,0,0
2009-06-09 08:00:00,0,1811.73,0,339.83,12398.75,6155.83,7008.55,0,0,2144.04,14464.13,225.41,0,12554.99,1488.94,4237.55,70774.31,0,18063.09,0,0,99875.76,0,0,0,2884.47,2668.0,0,26131.54,27130.37,70.17,2559.64,17492.45,0,0,0,0
2009-06-09 09:00:00,0,1904.3,0,366.84,13441.22,6781.87,7803.27,0,0,2324.97,15811.99,242.26,0,12881.2,1630.9,4482.04,73246.47,0,19039.83,0,0,104093.21,0,0,0,3141.48,2991.44,0,28019.66,28445.79,74.44,2794.01,18793.59,0,0,0,0
2009-06-09 10:00:00,0,2023.71,0,401.98,14621.35,7420.53,8556.89,0,0,2515.77,17082.57,265.47,0,13216.0,1797.57,4831.85,75928.06,0,19742.7,0,0,108644.24,0,0,0,3413.03,3277.75,0,30861.59,29812.09,78.4,3001.64,20136.46,0,0,0,0
2009-06-09 11:00:00,0,2160.05,0,432.87,15532.92,7971.16,9041.6,0,0,2648.28,17910.31,287.88,0,13496.97,1929.73,5163.49,78688.44,0,20271.06,0,0,115307.44,0,0,0,3616.73,3491.66,0,32948.87,31383.33,82.57,3121.97,21556.25,0,0,0,0
2009-06-09 12:00:00,0,2309.02,0,455.0,16224.96,8389.74,9364.72,0,0,2739.19,18515.04,308.63,0,13739.87,2032.53,5405.84,81812.82,0,20795.73,0,0,119799.72,0,0,0,3759.29,3635.58,0,34581.83,32869.04,86.21,3208.6,22694.52,0,0,0,0
2009-06-09 13:00:00,0,2433.7,0,475.01,16742.0,8644.22,9622.19,0,0,2776.52,18795.66,325.48,0,13849.67,2086.79,5584.28,84263.38,0,21290.38,0,0,122119.97,0,0,0,3890.46,3750.74,0,36011.98,34168.34,88.01,3310.54,23658.41,0,0,0,0
2009-06-09 14:00:00,0,2579.9,0,491.85,17122.23,8849.92,9862.01,0,0,2782.87,18834.52,342.99,0,13907.86,2129.8,5720.36,86088.65,0,21200.07,0,0,124256.15,0,0,0,3999.08,3847.22,0,37292.03,35638.02,90.98,3455.07,24321.72,0,0,0,0
2009-06-09 15:00:00,0,2645.15,0,505.39,17346.86,8940.96,10070.45,0,0,2778.8,19048.39,351.63,0,13982.32,2150.83,5808.09,87391.16,0,21417.69,0,0,125909.11,0,0,0,4057.13,3905.56,0,38150.63,36301.74,95.45,3536.83,24713.34,0,0,0,0
2009-06-09 16:00:00,0,2659.84,0,514.16,17148.26,8915.26,10013.77,0,0,2804.53,19193.7,342.3,0,14030.01,2152.83,5814.36,88310.91,0,21617.93,0,0,126801.81,0,0,0,4059.46,3909.11,0,38078.83,36507.73,95.56,3538.15,24884.76,0,0,0,0
2009-06-09 17:00:00,0,2667.04,0,512.23,16817.54,8872.61,9767.44,0,0,2794.12,19239.06,324.51,0,14069.24,2129.8,5751.55,88256.68,0,21457.78,0,0,125815.3,0,0,0,4024.48,3870.2,0,37246.99,36584.33,96.6,3555.17,24849.13,0,0,0,0
2009-06-09 18:00:00,0,2683.86,0,499.62,16478.26,8725.56,9541.41,0,0,2773.06,19206.45,318.8,0,14125.7,2065.93,5642.91,87370.92,0,20919.44,0,0,123897.13,0,0,0,3889.7,3765.56,0,36549.47,36584.44,96.84,3525.78,24567.84,0,0,0,0
2009-06-09 19:00:00,0,2739.08,0,452.81,16431.28,8658.26,9311.15,0,0,2788.57,18869.55,318.53,0,13716.41,2054.41,5383.06,86341.45,0,20843.19,0,0,118628.56,0,0,0,3648.89,3503.15,0,35364.24,35503.76,94.67,3338.83,23761.86,0,0,0,0
2009-06-09 20:00:00,0,2698.87,0,429.82,15647.74,8253.1,8646.23,0,0,2607.84,17884.9,311.79,0,12939.33,1938.01,5274.92,84980.31,0,20138.7,0,0,115754.23,0,0,0,3478.76,3289.64,0,34049.6,35289.18,90.64,3172.6,22682.92,0,0,0,0
2009-06-09 21:00:00,0,2607.13,0,406.14,14648.88,7658.74,8101.76,0,0,2433.42,16748.32,294.51,0,12156.69,1781.22,4974.82,81706.28,0,19179.65,0,0,108963.03,0,0,0,3312.75,3126.14,0,32809.58,35478.31,85.39,2955.43,22039.52,0,0,0,0
2009-06-09 22:00:00,0,2495.8,0,373.6,13434.47,6984.8,7532.92,0,0,2264.29,15551.02,273.59,0,11396.35,1636.01,4680.53,78257.71,0,18019.85,0,0,102804.11,0,0,0,3099.15,2918.2,0,30411.28,34280.91,81.48,2753.89,20621.43,0,0,0,0
2009-06-09 23:00:00,0,2316.69,0,340.41,12262.75,6340.55,6970.27,0,0,2106.81,14351.18,250.78,0,10650.63,1511.88,4367.54,74211.77,0,16858.36,0,0,97472.72,0,0,0,2891.68,2727.44,0,28242.75,32208.59,77.98,2569.2,19149.97,0,0,0,0
2009-06-10 00:00:00,0,2144.05,0,310.42,11110.3,5720.0,6401.78,0,0,1957.09,13240.49,228.62,0,9923.29,1397.73,4100.6,70450.6,0,15852.27,0,0,92461.02,0,0,0,2690.89,2535.18,0,26389.38,30428.92,73.62,2390.7,17745.14,0,0,0,0
2009-06-10 01:00:00,0,1993.29,0,283.93,10277.73,5224.49,5876.58,0,0,1812.05,12225.0,211.07,0,9555.07,1289.81,3861.36,66879.04,0,15073.51,0,0,87973.53,0,0,0,2544.2,2370.58,0,24706.87,28992.56,70.43,2215.4,16423.99,0,0,0,0
2009-06-10 02:00:00,0,1871.67,0,260.03,9794.77,4911.05,5507.09,0,0,1687.86,11427.76,196.26,0,9548.59,1204.04,3611.19,63999.52,0,14449.24,0,0,84285.72,0,0,0,2460.0,2277.99,0,23630.28,27837.84,68.09,2104.81,15496.28,0,0,0,0
2009-06-10 03:00:00,0,1809.01,0,249.59,9532.95,4763.86,5333.75,0,0,1635.95,11032.99,187.41,0,9680.91,1177.69,3444.1,62493.75,0,14306.4,0,0,82442.85,0,0,0,2408.16,2230.78,0,22929.01,26922.62,66.27,2045.23,14901.12,0,0,0,0
2009-06-10 04:00:00,0,1786.53,0,251.91,9596.77,4838.15,5471.49,0,0,1668.66,11161.96,189.49,0,9951.16,1218.73,3489.09,62677.62,0,14648.08,0,0,82574.16,0,0,0,2434.14,2252.49,0,22915.06,26269.78,65.83,2076.77,14857.25,0,0,0,0
2009-06-10 05:00:00,0,1804.59,0,259.17,10006.12,4975.19,5643.06,0,0,1719.69,11504.41,193.28,0,10450.09,1257.52,3573.81,63780.01,0,15225.85,0,0,83612.81,0,0,0,2480.87,2280.64,0,23176.7,26271.6,66.05,2125.12,15085.71,0,0,0,0
2009-06-10 06:00:00,0,1825.26,0,278.91,10778.91,5195.0,5985.57,0,0,1822.47,12130.74,199.19,0,11146.3,1350.01,3768.63,65916.09,0,16237.17,0,0,88707.91,0,0,0,2554.07,2350.49,0,23955.16,26486.76,67.02,2216.18,15553.33,0,0,0,0
2009-06-10 07:00:00,0,1923.61,0,318.0,11304.52,5775.55,6353.97,0,0,2004.1,13376.8,218.93,0,12011.56,1456.89,4045.78,69642.24,0,17039.96,0,0,92158.46,0,0,0,2705.23,2493.33,0,24998.59,27886.69,68.78,2417.08,16606.79,0,0,0,0
2009-06-10 08:00:00,0,2003.74,0,349.11,11676.23,6398.93,6658.22,0,0,2185.68,14651.12,234.11,0,12298.05,1573.68,4273.82,72320.0,0,17558.08,0,0,96328.41,0,0,0,2837.69,2631.98,0,26747.08,28781.34,72.26,2650.16,17848.12,0,0,0,0
2009-06-10 09:00:00,0,2101.8,0,384.5,12200.47,7150.5,7049.52,0,0,2387.28,16114.64,255.61,0,12570.1,1775.59,4568.82,74612.55,0,17962.22,0,0,100372.14,0,0,0,3069.21,2895.78,0,28898.72,29808.13,75.76,2889.16,19222.29,0,0,0,0
2009-06-10 10:00:00,0,2275.23,0,425.27,13541.67,7933.65,7869.37,0,0,2607.62,17765.25,289.21,0,12907.74,1943.28,4873.61,77503.32,0,18445.47,0,0,104298.5,0,0,0,3381.51,3225.4,0,31851.59,30961.12,79.67,3128.36,20694.53,0,0,0,0
2009-06-10 11:00:00,0,2441.0,0,449.0,14813.0,8592.63,8484.51,0,0,2793.08,19118.61,311.64,0,13205.37,2071.01,5060.63,80261.08,0,18894.41,0,0,108526.71,0,0,0,3606.26,3442.22,0,33764.17,32358.18,84.39,3332.23,22109.6,0,0,0,0
2009-06-10 12:00:00,0,2619.3,0,470.01,15759.97,9111.4,8982.57,0,0,2942.56,20140.39,331.29,0,13447.71,2169.79,5182.01,83300.36,0,19221.97,0,0,112522.36,0,0,0,3743.1,3588.76,0,35232.25,33878.99,86.75,3498.14,23145.99,0,0,0,0
2009-06-10 13:00:00,0,2738.88,0,490.71,16465.56,9445.92,9458.96,0,0,3046.02,20712.64,349.79,0,13655.78,2245.92,5261.03,86486.7,0,19451.67,0,0,115330.02,0,0,0,3869.73,3711.98,0,36537.57,34764.3,89.87,3620.59,23748.51,0,0,0,0
2009-06-10 14:00:00,0,2848.87,0,507.61,16833.24,9755.24,9815.95,0,0,3123.53,21151.67,365.52,0,13847.78,2300.71,5272.07,89301.27,0,19698.61,0,0,117954.81,0,0,0,3990.2,3819.16,0,37666.31,35441.28,93.22,3720.74,24381.34,0,0,0,0
2009-06-10 15:00:00,0,2936.49,0,521.93,16928.56,9966.6,10010.78,0,0,3186.42,21374.64,373.34,0,14012.99,2318.77,5261.55,91443.35,0,19954.39,0,0,120065.61,0,0,0,4074.35,3895.16,0,38452.53,36023.29,94.7,3782.27,25044.22,0,0,0,0
2009-06-10 16:00:00,0,2988.89,0,530.42,16716.99,9919.64,9989.65,0,0,3193.83,21373.9,363.96,0,14081.31,2279.99,5273.12,92253.28,0,20084.59,0,0,120970.72,0,0,0,4074.03,3890.34,0,38722.53,36374.19,96.42,3758.4,25340.91,0,0,0,0
2009-06-10 17:00:00,0,2987.99,0,526.29,16420.63,9653.7,9810.48,0,0,3120.76,21141.06,358.06,0,14109.52,2222.59,5280.31,92351.33,0,20017.06,0,0,119547.54,0,0,0,3973.69,3807.24,0,38552.96,36531.79,98.36,3674.69,25226.71,0,0,0,0
2009-06-10 18:00:00,0,2884.23,0,516.53,16103.76,9248.27,9570.94,0,0,2951.95,20325.56,357.76,0,14126.21,2156.77,5295.38,91239.04,0,19862.46,0,0,117602.42,0,0,0,3854.04,3708.73,0,37765.29,36006.93,96.84,3564.5,25013.1,0,0,0,0
2009-06-10 19:00:00,0,2794.62,0,465.58,16046.67,8861.83,9293.34,0,0,2882.18,19254.06,346.21,0,14150.18,2055.45,5028.11,89181.16,0,19981.15,0,0,115137.26,0,0,0,3703.02,3531.44,0,36253.31,34459.17,95.4,3361.68,24089.52,0,0,0,0
2009-06-10 20:00:00,0,2696.21,0,440.62,15320.81,8505.56,8624.66,0,0,2699.04,18424.23,339.18,0,13296.18,1937.31,5029.46,87178.3,0,19481.58,0,0,111986.95,0,0,0,3570.77,3362.08,0,35218.71,34247.46,91.04,3249.08,23051.58,0,0,0,0
2009-06-10 21:00:00,0,2514.81,0,419.93,14440.04,7892.94,8060.77,0,0,2521.9,17250.08,310.51,0,12447.43,1802.47,4726.27,83667.73,0,18571.68,0,0,106199.43,0,0,0,3371.05,3182.66,0,33651.38,33596.73,86.96,3022.81,22475.0,0,0,0,0
2009-06-10 22:00:00,0,2362.18,0,383.27,13243.4,7218.39,7481.53,0,0,2348.42,16038.68,285.7,0,11638.75,1674.43,4469.98,79753.81,0,17466.16,0,0,100444.77,0,0,0,3131.26,2966.33,0,30923.39,32138.6,80.8,2816.9,21050.47,0,0,0,0
2009-06-10 23:00:00,0,2151.44,0,349.96,12130.71,6561.67,6914.3,0,0,2184.73,14803.16,262.93,0,10851.04,1533.14,4206.75,75681.42,0,16398.79,0,0,95484.84,0,0,0,2921.27,2766.31,0,28526.35,29960.98,77.48,2621.92,19602.62,0,0,0,0
2009-06-11 00:00:00,0,1959.3,0,319.76,11075.84,5920.27,6395.27,0,0,2035.58,13628.99,240.67,0,10056.66,1416.3,3950.65,71812.4,0,15447.01,0,0,91013.18,0,0,0,2727.18,2587.42,0,26412.34,28053.82,74.53,2438.58,18247.85,0,0,0,0
2009-06-11 01:00:00,0,1793.13,0,291.55,10304.96,5422.91,5910.83,0,0,1889.59,12595.51,220.47,0,9640.83,1316.09,3724.99,68505.46,0,14626.14,0,0,86848.79,0,0,0,2590.89,2435.33,0,24771.27,26291.01,70.11,2264.75,17015.19,0,0,0,0
2009-06-11 02:00:00,0,1687.65,0,266.23,9797.98,5083.47,5561.39,0,0,1758.47,11801.42,204.6,0,9605.13,1244.36,3520.49,65102.16,0,13880.58,0,0,83480.35,0,0,0,2501.22,2337.9,0,23607.72,25077.45,66.88,2152.28,16132.4,0,0,0,0
2009-06-11 03:00:00,0,1624.42,0,255.57,9544.27,4903.31,5401.5,0,0,1684.5,11370.11,193.28,0,9711.06,1213.8,3398.07,63282.27,0,13785.47,0,0,81698.51,0,0,0,2453.46,2291.47,0,22869.1,24485.44,64.25,2083.58,15381.78,0,0,0,0
2009-06-11 04:00:00,0,1631.71,0,257.14,9662.5,4925.23,5545.43,0,0,1703.28,11389.45,192.79,0,9980.29,1252.49,3424.55,63238.25,0,14098.64,0,0,82357.47,0,0,0,2483.84,2313.39,0,22865.79,24317.14,64.39,2106.53,15251.2,0,0,0,0
2009-06-11 05:00:00,0,1663.72,0,264.4,10078.28,5050.37,5717.69,0,0,1746.45,11665.01,195.17,0,10560.09,1292.14,3527.86,64214.8,0,14739.33,0,0,84010.36,0,0,0,2542.01,2353.6,0,23066.5,24693.06,64.55,2148.02,15440.67,0,0,0,0
2009-06-11 06:00:00,0,1695.49,0,289.33,10879.5,5307.09,6102.91,0,0,1875.75,12392.88,202.41,0,11378.54,1380.97,3732.82,66467.23,0,15813.38,0,0,89192.12,0,0,0,2636.51,2434.28,0,24126.41,25110.75,65.75,2256.81,15928.49,0,0,0,0
2009-06-11 07:00:00,0,1803.25,0,322.34,11456.19,5881.9,6527.42,0,0,2029.0,13577.08,222.76,0,12130.13,1485.98,4009.29,69897.49,0,16673.27,0,0,91749.25,0,0,0,2797.43,2586.47,0,25181.39,26689.99,67.21,2451.32,16768.39,0,0,0,0
2009-06-11 08:00:00,0,1884.21,0,353.91,11905.46,6475.04,6920.18,0,0,2215.72,14986.99,239.0,0,12558.79,1571.29,4134.72,72702.02,0,17327.8,0,0,94962.38,0,0,0,2933.66,2728.0,0,26769.82,27516.97,69.56,2672.13,17595.92,0,0,0,0
2009-06-11 09:00:00,0,1942.67,0,384.87,12597.46,7211.05,7323.27,0,0,2417.8,16486.98,256.53,0,12958.79,1741.63,4264.19,75192.69,0,17955.2,0,0,99135.09,0,0,0,3111.87,2953.12,0,28876.43,28244.01,73.42,2917.04,18484.84,0,0,0,0
2009-06-11 10:00:00,0,2017.0,0,420.73,14023.03,7999.57,8118.43,0,0,2629.58,18137.44,281.01,0,13313.56,1934.15,4424.11,77955.52,0,18615.92,0,0,102697.49,0,0,0,3416.41,3279.83,0,31465.19,29355.45,77.65,3156.42,19297.08,0,0,0,0
2009-06-11 11:00:00,0,2118.4,0,452.97,15186.35,8708.19,8762.53,0,0,2819.35,19568.94,304.32,0,13640.81,2110.85,4550.81,80553.82,0,19179.95,0,0,105480.83,0,0,0,3636.46,3501.73,0,33587.62,30689.56,82.03,3367.35,20349.93,0,0,0,0
2009-06-11 12:00:00,0,2251.52,0,475.19,15956.83,9230.43,9259.07,0,0,2975.71,20618.14,324.68,0,13898.41,2232.73,4735.7,83482.94,0,19491.76,0,0,108809.22,0,0,0,3769.79,3634.07,0,35215.38,32333.61,85.26,3537.04,21661.53,0,0,0,0
2009-06-11 13:00:00,0,2361.28,0,495.92,16551.2,9631.96,9641.77,0,0,3100.66,21306.45,343.7,0,14127.75,2296.05,4892.93,86051.02,0,19824.8,0,0,112459.49,0,0,0,3843.17,3680.16,0,36456.86,33480.93,89.48,3669.01,22710.11,0,0,0,0
2009-06-11 14:00:00,0,2460.49,0,512.73,16842.67,9984.98,9942.17,0,0,3206.36,21760.59,362.8,0,14282.24,2285.3,5095.65,88197.35,0,20074.78,0,0,114286.77,0,0,0,3858.57,3690.82,0,37181.47,34438.15,93.49,3780.96,23282.92,0,0,0,0
2009-06-11 15:00:00,0,2529.59,0,518.82,17015.1,10146.93,10142.77,0,0,3260.21,22067.67,379.61,0,14349.24,2312.39,5133.39,89273.63,0,20025.21,0,0,115283.64,0,0,0,3898.76,3727.03,0,37642.35,35159.02,96.58,3844.43,23662.62,0,0,0,0
2009-06-11 16:00:00,0,2542.55,0,505.82,16821.4,10123.15,10072.7,0,0,3269.56,21996.72,385.19,0,14324.34,2276.43,5166.76,89756.54,0,19846.26,0,0,114270.46,0,0,0,3961.55,3776.78,0,37856.87,35619.07,98.45,3858.77,23823.67,0,0,0,0
2009-06-11 17:00:00,0,2544.65,0,489.58,16294.72,9880.05,9743.62,0,0,3171.88,21640.19,376.19,0,14257.95,2296.4,5125.92,89214.25,0,19603.03,0,0,113308.5,0,0,0,3952.82,3781.97,0,37762.02,35629.71,98.96,3808.06,23686.18,0,0,0,0
2009-06-11 18:00:00,0,2546.45,0,478.1,15768.61,9493.46,9537.72,0,0,3014.96,20756.44,368.79,0,14214.65,2257.85,5136.46,87770.81,0,19403.01,0,0,112729.4,0,0,0,3865.05,3715.93,0,36990.97,35427.61,97.84,3698.6,23318.37,0,0,0,0
2009-06-11 19:00:00,0,2449.88,0,450.67,15872.83,9109.95,9335.98,0,0,2948.47,19634.66,347.3,0,14139.37,2131.01,4881.21,85134.56,0,19385.05,0,0,109705.93,0,0,0,3726.84,3563.81,0,35628.89,34202.76,90.96,3469.9,23124.78,0,0,0,0
2009-06-11 20:00:00,0,2475.56,0,435.59,15120.12,8681.02,8792.34,0,0,2754.45,18639.53,338.65,0,13313.41,1990.32,4870.27,84456.14,0,18595.98,0,0,107857.48,0,0,0,3588.66,3378.05,0,34357.26,33495.43,90.7,3325.06,22264.0,0,0,0,0
2009-06-11 21:00:00,0,2405.48,0,405.64,14032.6,8076.97,8225.63,0,0,2565.23,17527.45,322.59,0,12449.22,1835.58,4600.56,81346.12,0,17725.7,0,0,102850.03,0,0,0,3397.96,3177.14,0,32605.58,33270.14,86.27,3092.79,21828.01,0,0,0,0
2009-06-11 22:00:00,0,2265.91,0,368.79,12916.49,7371.13,7679.03,0,0,2384.25,16328.55,297.12,0,11644.59,1710.26,4354.12,77563.32,0,16750.71,0,0,97885.69,0,0,0,3140.16,2968.52,0,29958.22,32206.82,81.37,2881.85,20466.76,0,0,0,0
2009-06-11 23:00:00,0,2044.08,0,335.27,11886.08,6689.8,7159.53,0,0,2216.81,15164.74,271.6,0,10854.89,1588.26,4091.54,73410.24,0,15864.63,0,0,93758.29,0,0,0,2904.01,2749.04,0,27867.3,30088.54,76.71,2685.4,19026.16,0,0,0,0
2009-06-12 00:00:00,0,1849.47,0,305.51,10941.65,6010.28,6647.22,0,0,2061.67,14002.35,247.05,0,10084.77,1464.62,3871.07,69642.44,0,14970.31,0,0,89879.61,0,0,0,2689.92,2546.15,0,25848.05,28291.44,72.18,2484.33,17703.21,0,0,0,0
2009-06-12 01:00:00,0,1675.95,0,280.26,10154.86,5493.26,6175.09,0,0,1913.76,12931.88,224.36,0,9711.85,1355.67,3654.5,66134.85,0,14194.35,0,0,85990.47,0,0,0,2554.51,2390.28,0,24134.31,26445.01,67.67,2296.62,16490.34,0,0,0,0
2009-06-12 02:00:00,0,1574.19,0,260.63,9740.48,5150.48,5812.93,0,0,1789.32,12156.87,201.49,0,9681.35,1278.29,3440.44,62874.94,0,13491.95,0,0,83027.71,0,0,0,2477.11,2307.53,0,23069.11,25412.18,65.0,2174.91,15697.86,0,0,0,0
2009-06-12 03:00:00,0,1524.81,0,249.98,9581.68,4969.99,5649.47,0,0,1715.57,11711.46,186.67,0,9797.03,1230.51,3275.52,61085.05,0,13635.62,0,0,81702.89,0,0,0,2442.1,2274.35,0,22484.66,24794.03,62.6,2109.96,15131.05,0,0,0,0
2009-06-12 04:00:00,0,1541.92,0,253.74,9725.72,4968.58,5729.85,0,0,1735.84,11694.95,188.31,0,10071.03,1257.08,3288.91,61089.19,0,14067.37,0,0,82609.84,0,0,0,2478.33,2287.19,0,22525.29,24423.2,60.97,2120.29,15091.7,0,0,0,0
2009-06-12 05:00:00,0,1567.15,0,262.54,10144.91,5119.1,5901.34,0,0,1779.89,11978.03,192.8,0,10586.09,1289.68,3365.74,62379.16,0,14865.04,0,0,84483.86,0,0,0,2538.86,2328.21,0,22758.96,24537.37,61.6,2163.38,15311.53,0,0,0,0
2009-06-12 06:00:00,0,1589.82,0,284.73,11002.73,5400.64,6268.69,0,0,1908.24,12687.43,201.57,0,11257.61,1374.79,3518.95,64972.89,0,16164.28,0,0,89962.85,0,0,0,2647.32,2417.77,0,23649.35,24770.52,63.43,2273.49,15713.15,0,0,0,0
2009-06-12 07:00:00,0,1733.94,0,318.77,11513.67,5974.78,6644.18,0,0,2082.89,13971.14,222.42,0,12058.43,1459.59,3796.54,68581.22,0,17336.02,0,0,93227.65,0,0,0,2819.54,2576.23,0,24892.19,26181.39,65.93,2474.93,16502.86,0,0,0,0
2009-06-12 08:00:00,0,1797.17,0,343.9,12102.58,6511.38,7082.48,0,0,2258.04,15259.87,233.6,0,12465.15,1528.51,3961.56,71567.61,0,18553.13,0,0,96926.27,0,0,0,2975.93,2776.51,0,26633.56,27220.3,69.37,2679.78,17416.45,0,0,0,0
2009-06-12 09:00:00,0,1907.91,0,372.45,12938.25,7171.48,7742.96,0,0,2442.14,16749.89,249.86,0,12852.91,1665.01,4105.15,74734.01,0,19586.67,0,0,100671.57,0,0,0,3203.1,3035.25,0,28360.31,28634.81,73.39,2928.99,18318.44,0,0,0,0
2009-06-12 10:00:00,0,2049.34,0,407.88,14279.5,7961.0,8480.17,0,0,2670.14,18363.93,272.91,0,13324.61,1843.47,4220.08,77730.46,0,20542.18,0,0,104187.85,0,0,0,3533.2,3364.44,0,30524.73,30303.31,78.52,3195.26,19124.87,0,0,0,0
2009-06-12 11:00:00,0,2226.37,0,441.36,15357.27,8715.14,9092.76,0,0,2879.48,19705.64,297.35,0,13824.88,2004.56,4408.45,80839.1,0,21382.5,0,0,108659.22,0,0,0,3753.55,3602.64,0,32790.89,32249.71,84.13,3427.19,20154.97,0,0,0,0
2009-06-12 12:00:00,0,2398.17,0,468.49,16112.26,9320.11,9443.61,0,0,3037.05,20603.19,318.94,0,14572.19,2142.09,4721.48,84355.34,0,22105.52,0,0,112927.4,0,0,0,3900.87,3762.21,0,34625.14,33944.27,88.87,3598.63,21587.25,0,0,0,0
2009-06-12 13:00:00,0,2546.39,0,488.41,16723.5,9689.01,9760.11,0,0,3152.42,21183.03,337.76,0,15342.21,2261.39,4954.43,86833.04,0,22635.41,0,0,116357.32,0,0,0,4023.18,3882.01,0,35740.91,35356.87,92.41,3710.05,22730.89,0,0,0,0
2009-06-12 14:00:00,0,2669.86,0,506.13,17157.09,9995.71,10078.84,0,0,3227.31,21537.18,354.27,0,16089.56,2354.07,5123.08,88627.28,0,23218.18,0,0,119027.25,0,0,0,4145.69,3994.4,0,36419.01,36495.47,95.27,3796.54,23416.99,0,0,0,0
2009-06-12 15:00:00,0,2778.94,0,518.18,17318.49,10172.72,10341.88,0,0,3278.91,21680.91,364.86,0,16739.06,2393.89,5247.83,90090.06,0,23344.92,0,0,121082.34,0,0,0,4246.39,4080.99,0,37006.12,37440.89,97.98,3845.07,23848.04,0,0,0,0
2009-06-12 16:00:00,0,2847.37,0,517.63,17391.24,10145.83,10437.02,0,0,3268.76,21669.65,366.85,0,17260.13,2390.44,5345.88,90895.31,0,23434.36,0,0,122552.92,0,0,0,4264.54,4118.09,0,37291.43,38060.9,99.45,3874.37,24154.83,0,0,0,0
2009-06-12 17:00:00,0,2876.01,0,503.94,17191.11,9938.75,10349.36,0,0,3195.93,21339.17,363.83,0,17643.0,2356.09,5387.46,90475.71,0,23505.42,0,0,122997.78,0,0,0,4155.62,4046.3,0,36978.29,38075.05,100.53,3831.85,24121.63,0,0,0,0
2009-06-12 18:00:00,0,2835.9,0,490.78,16849.27,9560.04,10292.6,0,0,3057.9,20759.53,351.85,0,17753.24,2296.44,5359.57,89076.38,0,23311.43,0,0,121857.41,0,0,0,3983.98,3912.76,0,35981.84,37687.63,100.1,3711.78,24027.28,0,0,0,0
2009-06-12 19:00:00,0,2690.01,0,433.29,15490.48,8687.8,9744.08,0,0,2842.81,19087.6,323.3,0,16670.12,2114.07,4798.36,83018.87,0,20811.97,0,0,107558.32,0,0,0,3793.82,3796.93,0,33903.22,35317.44,85.09,3297.76,22210.93,0,0,0,0
2009-06-12 20:00:00,0,2596.44,0,434.45,15255.57,8312.68,9075.13,0,0,2654.6,18031.52,320.27,0,15636.44,1996.07,4906.65,82056.92,0,20471.86,0,0,107342.2,0,0,0,3728.88,3642.04,0,33431.4,35318.24,85.11,3207.18,21825.48,0,0,0,0
2009-06-12 21:00:00,0,2456.93,0,410.69,14453.23,7797.99,8427.08,0,0,2476.11,16846.07,303.53,0,14628.94,1873.29,4571.2,79190.48,0,19402.73,0,0,101124.26,0,0,0,3582.35,3470.13,0,32223.51,33611.32,79.94,3003.84,21379.23,0,0,0,0
2009-06-12 22:00:00,0,2343.77,0,378.86,13302.38,7147.77,7782.71,0,0,2309.9,15747.66,276.15,0,13664.88,1769.52,4288.24,76260.05,0,18194.82,0,0,95270.94,0,0,0,3330.0,3262.19,0,30095.14,31699.79,75.0,2811.36,20052.0,0,0,0,0
2009-06-12 23:00:00,0,2129.54,0,348.15,12167.55,6525.53,7220.62,0,0,2158.29,14720.24,250.37,0,12797.37,1646.08,3998.2,72457.13,0,17049.12,0,0,89996.34,0,0,0,3089.2,3058.56,0,28107.29,29688.15,71.88,2629.51,18575.8,0,0,0,0
2009-06-13 00:00:00,0,1946.07,0,319.82,11174.68,5938.7,6684.12,0,0,2017.08,13722.67,226.65,0,11892.6,1514.15,3676.36,69070.47,0,16117.13,0,0,85017.65,0,0,0,2882.45,2867.99,0,26307.53,28080.52,68.04,2459.04,17205.4,0,0,0,0
2009-06-13 01:00:00,0,1778.22,0,295.36,10293.0,5473.9,6174.83,0,0,1886.56,12825.73,206.33,0,11165.19,1389.52,3442.41,66003.7,0,15362.73,0,0,80834.42,0,0,0,2699.74,2684.48,0,25051.43,26767.79,65.0,2306.24,15990.03,0,0,0,0
2009-06-13 02:00:00,0,1684.96,0,271.91,9671.22,5094.63,5679.89,0,0,1778.23,12142.15,192.32,0,10915.73,1288.17,3241.25,63357.09,0,14670.13,0,0,77614.7,0,0,0,2563.95,2530.26,0,24024.65,25479.2,60.92,2174.99,15024.65,0,0,0,0
2009-06-13 03:00:00,0,1616.57,0,256.75,9203.94,4897.78,5407.93,0,0,1701.31,11705.39,183.63,0,10727.69,1222.07,3124.84,61208.22,0,14205.8,0,0,75383.04,0,0,0,2480.07,2433.54,0,23311.25,24447.34,58.47,2076.25,14271.79,0,0,0,0
2009-06-13 04:00:00,0,1589.8,0,252.95,9030.22,4748.73,5275.4,0,0,1673.25,11393.03,177.9,0,10566.72,1192.78,3037.93,60003.69,0,13883.76,0,0,74527.12,0,0,0,2447.13,2383.88,0,22745.58,23864.93,56.14,2029.76,13695.68,0,0,0,0
2009-06-13 05:00:00,0,1593.17,0,252.07,8952.64,4736.61,5266.93,0,0,1677.15,11380.57,177.04,0,10552.38,1198.1,3001.11,59543.57,0,13962.96,0,0,74509.67,0,0,0,2420.24,2372.63,0,22606.29,23712.39,55.06,2027.21,13466.51,0,0,0,0
2009-06-13 06:00:00,0,1634.68,0,259.81,9327.23,4922.24,5458.12,0,0,1718.85,11622.57,179.98,0,10787.36,1236.4,3095.68,60036.41,0,14579.69,0,0,75500.22,0,0,0,2462.0,2428.47,0,22528.16,23837.95,56.07,2076.77,13650.18,0,0,0,0
2009-06-13 07:00:00,0,1723.49,0,281.93,9924.2,5435.78,5865.3,0,0,1858.89,12783.59,196.42,0,11186.64,1324.21,3243.97,61489.89,0,15261.61,0,0,78243.97,0,0,0,2581.87,2603.71,0,22755.71,23849.57,56.59,2250.2,14141.72,0,0,0,0
2009-06-13 08:00:00,0,1745.23,0,307.26,10522.26,6171.91,6374.39,0,0,2082.55,14592.91,214.59,0,11802.78,1464.17,3401.43,63541.42,0,15988.18,0,0,81926.85,0,0,0,2793.46,2854.25,0,24114.19,23897.31,58.74,2509.86,15080.9,0,0,0,0
2009-06-13 09:00:00,0,1857.47,0,338.83,11438.83,6941.07,7234.76,0,0,2315.51,16566.77,235.86,0,12358.58,1652.15,3573.11,66428.76,0,16641.92,0,0,85389.41,0,0,0,3092.56,3168.56,0,26459.96,24982.65,62.32,2792.44,16096.16,0,0,0,0
2009-06-13 10:00:00,0,2000.19,0,373.18,12563.77,7749.5,7928.45,0,0,2542.22,18239.18,262.4,0,12630.97,1807.66,3772.0,69306.6,0,17244.44,0,0,88380.18,0,0,0,3348.19,3432.44,0,29327.72,26701.54,67.49,3050.94,17439.28,0,0,0,0
2009-06-13 11:00:00,0,2182.83,0,406.02,13440.73,8441.55,8495.94,0,0,2723.54,19464.56,283.87,0,12791.61,1944.5,4009.87,72897.51,0,17771.49,0,0,92522.85,0,0,0,3538.81,3612.75,0,31509.78,28471.77,72.1,3267.95,18998.66,0,0,0,0
2009-06-13 12:00:00,0,2335.58,0,431.51,14170.09,8982.06,8819.98,0,0,2850.42,20324.12,303.52,0,13087.93,2072.0,4285.11,76210.08,0,17948.18,0,0,96287.5,0,0,0,3678.07,3751.06,0,33110.23,30126.75,76.28,3418.97,20249.75,0,0,0,0
2009-06-13 13:00:00,0,2457.04,0,445.7,14855.29,9322.52,9049.62,0,0,2944.49,20937.28,321.05,0,13399.71,2162.88,4385.91,78638.98,0,18176.1,0,0,99052.09,0,0,0,3784.09,3849.94,0,34306.8,31486.35,79.61,3491.89,21137.85,0,0,0,0
2009-06-13 14:00:00,0,2570.15,0,439.66,15434.13,9493.58,9266.91,0,0,3006.51,21395.46,337.89,0,13739.67,2247.8,4561.97,80885.41,0,18284.2,0,0,101362.57,0,0,0,3871.12,3928.02,0,34936.09,32887.77,82.51,3547.16,21754.99,0,0,0,0
2009-06-13 15:00:00,0,2659.99,0,436.06,15855.09,9556.38,9456.05,0,0,3035.52,21586.77,355.0,0,14018.81,2292.13,4667.78,82787.39,0,18268.61,0,0,103191.36,0,0,0,3937.62,3975.31,0,35292.3,34155.95,84.64,3592.45,22366.76,0,0,0,0
2009-06-13 16:00:00,0,2717.2,0,439.0,16150.26,9512.84,9622.44,0,0,3020.96,21231.57,360.01,0,14227.57,2269.89,4661.52,84262.94,0,18350.46,0,0,103817.34,0,0,0,3966.72,3988.12,0,35142.09,34985.92,86.45,3595.19,22771.48,0,0,0,0
2009-06-13 17:00:00,0,2753.47,0,438.61,16164.26,9391.78,9744.92,0,0,2952.69,20600.72,358.03,0,14273.69,2223.77,4637.95,84982.77,0,18348.32,0,0,103565.96,0,0,0,3962.38,3970.36,0,34866.97,35417.77,87.56,3569.54,22998.33,0,0,0,0
2009-06-13 18:00:00,0,2745.33,0,449.22,15661.09,9131.17,9757.92,0,0,2849.03,20009.6,356.43,0,14219.56,2136.1,4591.83,84749.84,0,18170.7,0,0,102963.58,0,0,0,3885.58,3870.41,0,34348.76,35496.21,86.85,3467.94,22838.99,0,0,0,0
2009-06-13 19:00:00,0,2735.05,0,429.85,15527.07,8638.6,9516.29,0,0,2804.65,19042.87,325.95,0,15232.47,2071.99,4554.76,84193.95,0,19341.89,0,0,103639.12,0,0,0,3746.97,3719.86,0,33310.73,36062.16,86.64,3324.72,22175.12,0,0,0,0
2009-06-13 20:00:00,0,2684.02,0,427.19,15271.52,8290.29,8922.91,0,0,2625.38,17963.61,319.86,0,14306.13,1953.03,4503.74,84387.59,0,19115.04,0,0,103173.24,0,0,0,3703.66,3618.72,0,33345.4,35869.91,85.38,3236.39,21737.02,0,0,0,0
2009-06-13 21:00:00,0,2542.4,0,405.59,14580.39,7787.08,8320.13,0,0,2443.69,16810.15,306.56,0,13397.76,1829.95,4185.85,80603.09,0,18274.72,0,0,98153.79,0,0,0,3575.39,3474.15,0,32205.4,34338.17,80.45,3039.58,21161.04,0,0,0,0
2009-06-13 22:00:00,0,2446.97,0,376.23,13374.66,7134.22,7774.66,0,0,2292.84,15744.45,279.78,0,12505.53,1721.04,3878.09,77277.25,0,17123.33,0,0,92907.54,0,0,0,3321.5,3280.42,0,30037.92,32899.27,75.24,2845.02,19872.61,0,0,0,0
2009-06-13 23:00:00,0,2227.76,0,345.05,12276.7,6518.52,7238.86,0,0,2143.5,14708.26,255.88,0,11621.55,1609.24,3615.26,73040.01,0,16120.17,0,0,88051.43,0,0,0,3099.41,3092.28,0,28024.32,31360.33,70.99,2663.13,18487.4,0,0,0,0
2009-06-14 00:00:00,0,2022.65,0,314.49,11351.85,5930.48,6712.93,0,0,2004.5,13726.24,233.65,0,10816.15,1508.1,3348.99,69256.99,0,15153.84,0,0,83254.22,0,0,0,2908.0,2907.3,0,26258.77,29900.03,66.67,2487.13,17151.41,0,0,0,0
2009-06-14 01:00:00,0,1834.21,0,289.02,10460.36,5429.99,6200.24,0,0,1869.9,12823.75,213.94,0,10446.11,1416.2,3134.17,65620.84,0,14236.56,0,0,79037.93,0,0,0,2746.52,2722.29,0,25026.55,28390.14,63.78,2323.04,16003.71,0,0,0,0
2009-06-14 02:00:00,0,1704.62,0,266.6,9832.46,5061.53,5745.26,0,0,1757.18,12096.43,199.74,0,10295.1,1336.1,2974.9,62693.14,0,13463.83,0,0,75675.66,0,0,0,2616.47,2561.24,0,23996.42,26798.52,61.29,2186.53,15060.24,0,0,0,0
2009-06-14 03:00:00,0,1597.79,0,253.48,9362.12,4879.21,5522.18,0,0,1686.78,11649.92,191.42,0,10206.57,1261.73,2871.48,60603.31,0,13143.44,0,0,73412.52,0,0,0,2515.96,2433.06,0,23293.44,25367.75,59.56,2084.06,14356.67,0,0,0,0
2009-06-14 04:00:00,0,1558.3,0,249.59,9214.76,4731.06,5334.22,0,0,1663.19,11340.52,185.49,0,10195.75,1233.65,2804.63,59141.44,0,13062.04,0,0,72817.74,0,0,0,2460.16,2378.52,0,22794.52,24741.06,58.48,2028.04,13784.89,0,0,0,0
2009-06-14 05:00:00,0,1544.84,0,248.21,9142.8,4723.47,5321.63,0,0,1668.0,11322.8,185.0,0,10229.23,1236.89,2794.6,58459.03,0,13266.72,0,0,72481.82,0,0,0,2433.72,2372.77,0,22551.45,24457.93,57.13,2017.43,13511.44,0,0,0,0
2009-06-14 06:00:00,0,1579.09,0,256.17,9527.33,4927.72,5537.08,0,0,1711.15,11568.7,188.32,0,10441.4,1269.15,2882.33,59197.14,0,13770.83,0,0,73120.34,0,0,0,2463.75,2436.46,0,22386.67,24393.53,56.61,2079.61,13694.56,0,0,0,0
2009-06-14 07:00:00,0,1667.49,0,275.24,10159.95,5452.39,6050.86,0,0,1852.15,12633.37,202.14,0,10733.42,1333.81,3020.31,61162.45,0,14359.57,0,0,76051.55,0,0,0,2597.95,2632.25,0,22830.13,24579.72,57.44,2252.6,14216.47,0,0,0,0
2009-06-14 08:00:00,0,1764.45,0,295.43,10825.79,6164.32,6768.5,0,0,2042.35,14229.97,218.11,0,11058.75,1434.44,3263.87,63788.04,0,14883.83,0,0,81064.97,0,0,0,2819.13,2887.09,0,24476.42,25197.37,58.85,2497.47,15261.54,0,0,0,0
2009-06-14 09:00:00,0,1840.54,0,332.23,11856.95,6905.72,7574.14,0,0,2264.72,16082.66,239.87,0,11306.8,1583.04,3571.88,67659.29,0,15364.74,0,0,85420.71,0,0,0,3121.15,3229.37,0,26768.99,26120.3,61.35,2768.44,16191.36,0,0,0,0
2009-06-14 10:00:00,0,1984.11,0,375.0,12781.57,7668.6,8131.29,0,0,2503.46,17737.88,263.07,0,11586.03,1742.71,3919.19,71497.88,0,15935.93,0,0,89765.7,0,0,0,3348.78,3448.27,0,29156.36,27725.71,64.29,2993.84,17131.7,0,0,0,0
2009-06-14 11:00:00,0,2159.94,0,406.78,13509.7,8236.23,8546.3,0,0,2685.41,18991.97,275.7,0,11824.5,1873.6,4230.7,75872.9,0,16531.82,0,0,95159.33,0,0,0,3508.17,3586.06,0,31239.23,29589.65,68.71,3153.11,18481.76,0,0,0,0
2009-06-14 12:00:00,0,2355.78,0,423.06,14190.7,8738.06,8783.88,0,0,2806.07,19851.37,294.93,0,11951.88,1986.25,4500.84,78802.25,0,17055.69,0,0,99591.21,0,0,0,3639.87,3702.72,0,32856.78,31216.05,72.04,3312.92,19736.74,0,0,0,0
2009-06-14 13:00:00,0,2518.96,0,436.35,14863.43,9124.74,8955.3,0,0,2897.91,20522.58,307.7,0,12101.25,2065.45,4698.94,81371.16,0,17417.92,0,0,102009.54,0,0,0,3740.47,3795.47,0,34067.58,32468.72,76.49,3404.55,20693.45,0,0,0,0
2009-06-14 14:00:00,0,2588.5,0,451.73,15282.98,9358.29,9133.9,0,0,2969.15,21060.13,328.98,0,12261.72,2129.08,4835.95,83410.04,0,17899.16,0,0,104044.4,0,0,0,3817.32,3847.82,0,35133.82,33439.3,81.43,3482.78,21215.57,0,0,0,0
2009-06-14 15:00:00,0,2700.49,0,453.23,15590.8,9504.82,9243.95,0,0,3017.19,21405.24,343.3,0,12340.25,2153.57,4888.87,84881.09,0,18156.06,0,0,106012.58,0,0,0,3881.83,3873.68,0,35874.44,34949.17,84.23,3574.12,21842.78,0,0,0,0
2009-06-14 16:00:00,0,2778.21,0,467.34,15737.25,9476.42,9324.64,0,0,3012.94,21427.58,356.75,0,12448.68,2202.46,4897.31,86022.82,0,18289.54,0,0,107490.84,0,0,0,3934.42,3887.01,0,36356.55,35895.15,85.96,3599.91,22057.39,0,0,0,0
2009-06-14 17:00:00,0,2854.54,0,468.9,15618.87,9268.98,9361.08,0,0,2895.6,20569.21,366.8,0,12538.32,2195.65,4885.24,86406.92,0,18332.91,0,0,107676.22,0,0,0,3919.39,3860.56,0,36233.2,36602.68,87.44,3541.71,22126.28,0,0,0,0
2009-06-14 18:00:00,0,2877.15,0,458.86,15244.61,8953.23,9285.0,0,0,2749.32,19709.14,362.6,0,12571.23,2091.31,4874.59,85561.71,0,18018.17,0,0,107651.22,0,0,0,3864.98,3783.75,0,35445.68,36997.0,87.07,3421.54,21810.56,0,0,0,0
2009-06-14 19:00:00,0,3015.27,0,472.47,16534.08,8954.25,9353.62,0,0,2874.92,19433.21,338.27,0,14280.6,2038.5,5024.76,90932.86,0,20351.14,0,0,112124.72,0,0,0,3853.94,3617.32,0,35443.03,38873.18,97.35,3422.51,22957.42,0,0,0,0
2009-06-14 20:00:00,0,2931.28,0,451.7,15783.68,8575.55,8717.33,0,0,2695.98,18457.74,321.63,0,13474.64,1943.31,4979.48,89833.72,0,19884.45,0,0,110583.11,0,0,0,3712.81,3446.28,0,34393.68,38293.52,94.77,3293.94,22202.33,0,0,0,0
2009-06-14 21:00:00,0,2800.99,0,417.79,14986.5,7977.28,8172.12,0,0,2507.93,17359.76,300.71,0,12592.7,1813.26,4705.16,85493.83,0,18965.04,0,0,103890.25,0,0,0,3511.0,3272.95,0,32919.48,37748.96,90.46,3087.7,21687.38,0,0,0,0
2009-06-14 22:00:00,0,2621.48,0,384.6,13719.87,7298.31,7598.87,0,0,2349.09,16202.54,279.14,0,11694.31,1682.12,4408.13,81253.02,0,17961.95,0,0,97405.23,0,0,0,3248.89,3030.77,0,30728.94,36652.64,85.19,2869.46,20321.65,0,0,0,0
2009-06-14 23:00:00,0,2354.24,0,352.6,12560.52,6652.98,7040.42,0,0,2190.37,15056.8,256.47,0,10841.89,1554.95,4139.99,76889.7,0,16663.75,0,0,91908.9,0,0,0,3003.62,2813.27,0,28341.45,34349.11,80.3,2673.32,18905.98,0,0,0,0
2009-06-15 00:00:00,0,2124.27,0,322.24,11481.35,5999.95,6489.97,0,0,2043.4,13945.9,235.41,0,10023.55,1455.27,3897.37,72929.84,0,15308.78,0,0,87008.77,0,0,0,2786.29,2614.12,0,26391.52,31925.64,75.72,2480.34,17585.68,0,0,0,0
2009-06-15 01:00:00,0,1939.65,0,294.4,10589.14,5528.35,5988.09,0,0,1905.92,12950.17,216.31,0,9619.02,1369.92,3688.13,69103.24,0,14301.46,0,0,82529.19,0,0,0,2636.19,2453.72,0,24959.4,29943.38,72.05,2303.14,16288.71,0,0,0,0
2009-06-15 02:00:00,0,1806.63,0,272.08,10088.23,5232.67,5637.29,0,0,1784.73,12258.12,201.75,0,9571.42,1295.99,3477.96,65557.54,0,13654.36,0,0,79017.26,0,0,0,2543.71,2342.68,0,23934.78,28423.75,68.59,2190.67,15320.23,0,0,0,0
2009-06-15 03:00:00,0,1726.45,0,261.25,9791.86,5066.31,5453.65,0,0,1723.88,11856.54,193.76,0,9679.64,1257.29,3351.63,63586.12,0,13384.38,0,0,77104.92,0,0,0,2498.19,2293.35,0,23180.3,27387.24,64.82,2129.95,14765.02,0,0,0,0
2009-06-15 04:00:00,0,1744.12,0,266.34,9848.97,5073.69,5564.76,0,0,1740.53,11850.08,194.72,0,9927.29,1285.51,3402.83,63239.25,0,13614.49,0,0,77085.97,0,0,0,2514.62,2308.61,0,23264.24,27103.61,64.37,2147.57,14825.69,0,0,0,0
2009-06-15 05:00:00,0,1753.19,0,274.08,10257.29,5221.97,5723.15,0,0,1789.03,12129.73,199.78,0,10745.43,1320.66,3488.21,64067.07,0,14665.62,0,0,79504.26,0,0,0,2556.07,2334.74,0,23545.1,27058.01,65.32,2196.3,15075.51,0,0,0,0
2009-06-15 06:00:00,0,1772.66,0,294.43,11053.24,5441.48,6077.22,0,0,1890.56,12720.35,207.3,0,11761.35,1393.55,3649.11,66606.47,0,16091.82,0,0,85283.78,0,0,0,2623.14,2392.97,0,24185.15,27268.77,66.34,2292.83,15524.26,0,0,0,0
2009-06-15 07:00:00,0,1865.54,0,337.01,11694.19,6028.07,6547.64,0,0,2067.73,14041.59,226.17,0,12250.13,1489.02,3901.24,70870.58,0,16770.86,0,0,89023.21,0,0,0,2786.8,2536.07,0,25353.41,28615.24,68.55,2502.66,16501.21,0,0,0,0
2009-06-15 08:00:00,0,1959.65,0,365.66,12256.58,6576.97,6948.53,0,0,2255.82,15272.39,240.4,0,12589.58,1601.39,4079.67,74276.52,0,17393.12,0,0,93625.01,0,0,0,3009.44,2788.45,0,26595.2,29580.57,71.02,2711.11,17521.63,0,0,0,0
2009-06-15 09:00:00,0,2036.84,0,400.0,12880.73,7249.82,7349.2,0,0,2451.65,16897.55,262.65,0,12936.79,1819.82,4274.58,78080.52,0,18084.81,0,0,98428.38,0,0,0,3273.17,3092.64,0,28387.87,30881.63,73.72,2947.24,18522.1,0,0,0,0
2009-06-15 10:00:00,0,2151.13,0,435.6,13867.31,8011.25,7994.78,0,0,2684.71,18538.5,291.33,0,13226.66,1988.13,4548.5,81159.38,0,18414.43,0,0,102546.06,0,0,0,3517.94,3339.2,0,31326.71,32460.01,77.12,3177.43,19686.35,0,0,0,0
2009-06-15 11:00:00,0,2276.84,0,464.01,14765.57,8753.87,8520.17,0,0,2881.39,19881.14,318.71,0,13371.63,2100.52,4819.88,84581.22,0,18740.72,0,0,107482.06,0,0,0,3709.98,3527.75,0,33741.71,34145.45,81.19,3386.32,20886.13,0,0,0,0
2009-06-15 12:00:00,0,2451.75,0,489.89,15538.29,9336.71,8948.75,0,0,3027.45,20802.44,334.26,0,13619.27,2201.23,5000.89,88104.88,0,19061.6,0,0,111674.06,0,0,0,3838.49,3669.47,0,35667.56,36164.78,87.01,3560.69,21858.52,0,0,0,0
2009-06-15 13:00:00,0,2596.81,0,505.5,16163.52,9716.16,9267.61,0,0,3139.08,21416.55,342.62,0,13881.84,2283.19,5071.88,90827.84,0,19217.12,0,0,114018.09,0,0,0,3943.33,3787.71,0,37140.65,37729.13,91.11,3687.7,22523.16,0,0,0,0
2009-06-15 14:00:00,0,2706.29,0,514.91,16560.98,10029.4,9551.62,0,0,3218.83,21794.61,338.91,0,14099.74,2346.12,5074.34,92971.51,0,19133.2,0,0,116025.08,0,0,0,4025.18,3873.26,0,38104.07,38963.1,94.06,3813.69,23093.2,0,0,0,0
2009-06-15 15:00:00,0,2840.44,0,514.38,16614.74,10153.61,9731.95,0,0,3237.89,21577.6,341.39,0,14237.05,2365.23,5046.59,94493.46,0,19378.41,0,0,116733.97,0,0,0,4089.71,3922.43,0,38269.06,40015.21,97.02,3883.95,23491.38,0,0,0,0
2009-06-15 16:00:00,0,2942.11,0,514.6,16613.43,10103.74,9801.11,0,0,3207.82,21022.84,341.74,0,14314.97,2312.05,5041.58,94989.93,0,19530.28,0,0,116324.46,0,0,0,4135.75,3950.85,0,37680.02,40970.87,97.94,3906.15,24021.17,0,0,0,0
2009-06-15 17:00:00,0,2973.53,0,509.31,16230.41,9743.74,9623.14,0,0,3085.86,20275.12,336.53,0,14318.97,2269.91,4973.96,94474.88,0,19645.75,0,0,114753.51,0,0,0,4116.88,3933.57,0,37527.66,41502.99,99.7,3851.16,24446.37,0,0,0,0
2009-06-15 18:00:00,0,2989.55,0,500.36,15637.15,9324.99,9369.36,0,0,2910.87,19524.52,338.04,0,14263.86,2228.03,4887.75,93053.46,0,19503.25,0,0,112653.46,0,0,0,3999.88,3829.94,0,36954.87,41240.8,99.73,3702.41,24540.55,0,0,0,0
2009-06-15 19:00:00,0,2961.85,0,460.59,15851.06,9079.96,9158.85,0,0,2847.73,19082.08,336.38,0,14735.82,2191.97,4888.17,91517.89,0,19814.87,0,0,109173.84,0,0,0,3888.82,3637.83,0,35806.51,40145.79,95.91,3453.93,23778.94,0,0,0,0
2009-06-15 20:00:00,0,2860.39,0,431.24,15241.81,8707.89,8555.16,0,0,2681.54,18207.36,332.55,0,13825.29,2038.53,4760.27,89192.79,0,19386.28,0,0,106482.11,0,0,0,3749.64,3480.12,0,34656.26,38894.95,93.96,3305.57,23030.74,0,0,0,0
2009-06-15 21:00:00,0,2748.29,0,404.53,14470.06,8026.33,8030.31,0,0,2486.25,17178.36,315.74,0,12831.64,1893.09,4483.79,85254.77,0,18472.75,0,0,99982.92,0,0,0,3542.92,3306.6,0,33223.82,38292.11,89.01,3069.43,22386.97,0,0,0,0
2009-06-15 22:00:00,0,2599.53,0,371.55,13320.86,7357.11,7472.37,0,0,2328.83,16153.87,294.51,0,11933.43,1753.2,4240.28,81147.55,0,17364.75,0,0,94144.31,0,0,0,3267.13,3073.43,0,30740.12,37018.43,83.11,2863.06,20855.96,0,0,0,0
2009-06-15 23:00:00,0,2391.88,0,342.74,12232.98,6706.56,6918.58,0,0,2176.13,15025.75,271.51,0,11063.39,1612.76,3991.62,76721.71,0,16297.03,0,0,89061.36,0,0,0,3030.37,2855.77,0,28381.67,34656.54,78.86,2661.09,19360.62,0,0,0,0
2009-06-16 00:00:00,0,2206.71,0,319.95,11222.74,6055.66,6385.64,0,0,2038.74,13933.67,248.69,0,10187.98,1487.5,3771.23,72821.52,0,15315.12,0,0,84508.15,0,0,0,2811.69,2653.74,0,26356.81,32552.08,74.65,2468.99,17977.09,0,0,0,0
2009-06-16 01:00:00,0,2058.34,0,295.44,10368.36,5600.0,5878.97,0,0,1901.18,12902.61,228.17,0,9630.08,1370.42,3559.07,69192.39,0,14464.26,0,0,80125.18,0,0,0,2651.52,2479.45,0,24921.51,30665.19,71.57,2297.85,16618.0,0,0,0,0
2009-06-16 02:00:00,0,1906.88,0,273.87,9926.14,5309.03,5505.14,0,0,1786.78,12185.64,210.41,0,9528.17,1280.45,3352.99,65791.82,0,13717.92,0,0,76829.08,0,0,0,2556.62,2373.79,0,23901.9,29057.07,69.2,2200.86,15627.39,0,0,0,0
2009-06-16 03:00:00,0,1800.72,0,264.83,9702.77,5138.91,5380.29,0,0,1730.17,11808.26,201.6,0,9699.36,1254.98,3248.42,63760.45,0,13389.72,0,0,75163.63,0,0,0,2511.17,2327.37,0,23178.46,27818.05,67.33,2151.58,15059.79,0,0,0,0
2009-06-16 04:00:00,0,1785.79,0,268.86,9844.59,5131.74,5541.08,0,0,1749.39,11875.63,202.28,0,10013.09,1292.96,3317.53,63409.31,0,13411.79,0,0,75757.91,0,0,0,2531.33,2334.6,0,23130.03,27141.15,66.76,2175.48,15043.05,0,0,0,0
2009-06-16 05:00:00,0,1802.88,0,276.16,10289.35,5289.06,5723.07,0,0,1802.58,12224.94,205.42,0,10987.81,1332.0,3399.68,64347.92,0,14700.19,0,0,78119.33,0,0,0,2589.49,2364.89,0,23395.3,27105.02,65.71,2222.85,15219.61,0,0,0,0
2009-06-16 06:00:00,0,1826.93,0,302.8,11025.97,5583.95,6032.18,0,0,1932.27,12964.47,213.08,0,12060.64,1434.37,3597.52,67060.01,0,16021.88,0,0,84442.1,0,0,0,2689.15,2452.69,0,24288.87,27322.67,67.23,2348.85,15705.65,0,0,0,0
2009-06-16 07:00:00,0,1907.58,0,333.32,11469.99,6137.71,6309.41,0,0,2093.95,14236.18,230.4,0,12407.38,1542.75,3860.54,70636.52,0,16631.24,0,0,87630.99,0,0,0,2883.73,2623.41,0,25449.47,28858.54,68.82,2535.6,16585.93,0,0,0,0
2009-06-16 08:00:00,0,1980.88,0,359.75,11878.59,6779.52,6576.31,0,0,2304.91,15552.15,243.66,0,12763.94,1671.14,4075.58,73779.24,0,17315.86,0,0,92051.27,0,0,0,3050.64,2808.71,0,27042.02,29934.4,72.48,2760.41,17750.27,0,0,0,0
2009-06-16 09:00:00,0,2086.74,0,395.55,12332.61,7476.76,6848.97,0,0,2506.77,17110.87,264.65,0,13122.03,1854.02,4307.25,76948.18,0,17988.43,0,0,96403.61,0,0,0,3262.14,3044.04,0,29381.67,31200.41,75.73,3019.59,18979.77,0,0,0,0
2009-06-16 10:00:00,0,2279.69,0,431.04,12814.63,8205.11,7093.99,0,0,2721.69,18612.53,292.67,0,13259.1,1988.57,4563.54,80400.64,0,18378.4,0,0,99472.19,0,0,0,3497.43,3302.04,0,32535.13,32941.12,79.47,3280.47,20443.09,0,0,0,0
2009-06-16 11:00:00,0,2489.55,0,463.98,13262.26,8774.1,7332.59,0,0,2890.27,19818.37,315.98,0,13507.57,2109.42,4872.65,83638.96,0,18643.83,0,0,102580.45,0,0,0,3670.02,3481.85,0,34979.88,34777.67,83.31,3459.92,21974.38,0,0,0,0
2009-06-16 12:00:00,0,2687.08,0,491.13,14051.58,9113.25,7667.5,0,0,2977.3,20613.13,335.67,0,13590.98,2205.18,5062.74,87331.97,0,18945.29,0,0,105623.88,0,0,0,3796.47,3605.95,0,36589.92,36460.29,87.24,3525.97,23190.45,0,0,0,0
2009-06-16 13:00:00,0,2875.14,0,505.76,14547.17,9367.78,8115.83,0,0,3016.26,21069.56,349.73,0,13656.47,2266.92,5123.07,90473.51,0,19227.81,0,0,108270.78,0,0,0,3896.4,3689.23,0,37835.88,38101.07,91.51,3553.0,23958.0,0,0,0,0
2009-06-16 14:00:00,0,3015.62,0,519.31,14724.46,9540.48,8263.74,0,0,3011.81,21063.37,363.02,0,13727.03,2298.77,5211.87,92818.64,0,19491.52,0,0,109980.95,0,0,0,3934.83,3757.06,0,39044.12,39686.78,94.82,3638.42,24403.32,0,0,0,0
2009-06-16 15:00:00,0,3144.55,0,525.78,14878.44,9658.21,8349.77,0,0,2983.57,20919.89,363.73,0,13744.69,2294.45,5224.22,94505.58,0,19644.31,0,0,110657.59,0,0,0,3906.74,3770.81,0,39759.11,40997.27,97.28,3737.83,24796.18,0,0,0,0
2009-06-16 16:00:00,0,3258.21,0,529.43,14749.61,9685.79,8232.51,0,0,2965.47,20504.3,367.2,0,13842.19,2264.39,5276.99,95090.63,0,19770.56,0,0,110404.06,0,0,0,3893.41,3765.44,0,39705.11,41956.05,99.11,3777.53,24962.77,0,0,0,0
2009-06-16 17:00:00,0,3319.58,0,527.06,14516.53,9657.09,8111.69,0,0,2918.79,20187.8,368.62,0,13939.93,2239.14,5298.22,94773.5,0,19556.89,0,0,108496.27,0,0,0,3877.51,3731.23,0,39623.99,42660.69,100.15,3766.2,24978.01,0,0,0,0
2009-06-16 18:00:00,0,3359.85,0,519.8,14154.03,9523.45,8047.23,0,0,2903.88,20004.54,372.04,0,13978.38,2210.71,5291.23,94074.65,0,19300.36,0,0,106406.46,0,0,0,3827.73,3686.32,0,39333.06,42691.31,100.47,3730.36,25008.82,0,0,0,0
2009-06-16 19:00:00,0,3321.33,0,475.8,14279.98,9166.09,8244.05,0,0,2870.5,19667.16,346.19,0,14974.35,2110.01,5084.54,92004.56,0,19307.91,0,0,105282.87,0,0,0,3735.94,3564.31,0,37663.52,42342.52,94.25,3480.65,24099.05,0,0,0,0
2009-06-16 20:00:00,0,3213.24,0,455.32,13796.74,8743.13,7754.13,0,0,2686.65,18614.67,329.48,0,13973.92,1980.52,5025.76,90847.07,0,19022.23,0,0,101956.84,0,0,0,3621.58,3374.04,0,36187.59,40749.26,94.15,3316.14,23216.23,0,0,0,0
2009-06-16 21:00:00,0,3047.05,0,427.17,13051.94,8111.03,7272.69,0,0,2523.26,17541.16,311.28,0,12891.77,1849.48,4733.41,87694.46,0,18131.5,0,0,96017.51,0,0,0,3434.44,3144.48,0,34650.33,39545.57,90.01,3097.43,22632.63,0,0,0,0
2009-06-16 22:00:00,0,2833.52,0,395.75,12154.76,7415.87,6859.1,0,0,2355.82,16436.29,289.02,0,11908.21,1718.75,4462.07,83670.11,0,17118.57,0,0,91043.7,0,0,0,3196.88,2968.71,0,32026.53,37939.79,85.78,2887.18,21237.42,0,0,0,0
2009-06-16 23:00:00,0,2541.27,0,364.41,11358.59,6738.47,6453.95,0,0,2200.46,15288.71,266.11,0,11016.64,1594.91,4216.03,79459.84,0,16126.99,0,0,86928.5,0,0,0,2990.11,2796.53,0,29547.8,35099.25,81.42,2680.47,19743.83,0,0,0,0
2009-06-17 00:00:00,0,2265.94,0,334.29,10620.62,6094.55,6035.05,0,0,2051.06,14166.67,243.9,0,10214.1,1481.99,3967.68,75585.96,0,15155.42,0,0,83291.83,0,0,0,2800.77,2629.1,0,27389.05,32548.99,77.28,2496.23,18311.74,0,0,0,0
2009-06-17 01:00:00,0,2036.6,0,305.04,9892.36,5604.5,5629.84,0,0,1905.64,13122.31,223.55,0,9801.5,1377.94,3759.29,72061.89,0,14228.83,0,0,79992.78,0,0,0,2661.4,2487.2,0,25771.53,30418.02,73.24,2322.22,17017.4,0,0,0,0
2009-06-17 02:00:00,0,1898.81,0,281.13,9533.41,5326.84,5282.14,0,0,1798.83,12425.5,206.42,0,9698.08,1287.54,3581.35,68562.95,0,13580.09,0,0,77180.66,0,0,0,2576.95,2393.25,0,24664.4,28732.1,69.71,2224.67,16110.88,0,0,0,0
2009-06-17 03:00:00,0,1789.09,0,269.94,9401.57,5157.16,5155.11,0,0,1751.51,12014.38,196.29,0,9804.35,1259.47,3472.3,66856.37,0,13169.1,0,0,75844.27,0,0,0,2519.29,2355.25,0,23887.3,27410.43,67.08,2177.34,15486.28,0,0,0,0
2009-06-17 04:00:00,0,1768.74,0,271.41,9556.51,5163.03,5319.54,0,0,1767.36,11979.65,198.6,0,10001.63,1281.0,3513.81,66964.15,0,13205.0,0,0,76779.66,0,0,0,2550.22,2364.89,0,23829.95,26713.77,65.98,2186.53,15373.41,0,0,0,0
2009-06-17 05:00:00,0,1779.91,0,280.19,9965.14,5312.75,5511.0,0,0,1810.94,12266.92,204.56,0,11130.31,1324.36,3601.16,68067.72,0,14313.86,0,0,78951.8,0,0,0,2596.7,2392.97,0,24056.47,26671.63,66.26,2228.82,15617.89,0,0,0,0
2009-06-17 06:00:00,0,1805.06,0,300.88,10576.9,5521.15,5759.01,0,0,1896.26,12805.15,210.97,0,11629.67,1397.0,3814.11,69585.13,0,15812.29,0,0,85562.88,0,0,0,2671.72,2445.43,0,24553.48,26979.64,67.03,2310.5,16078.54,0,0,0,0
2009-06-17 07:00:00,0,1945.5,0,335.54,11056.76,6068.03,6058.81,0,0,2071.68,14052.88,225.88,0,12417.69,1492.77,4175.26,73340.48,0,16681.67,0,0,88497.05,0,0,0,2773.69,2531.27,0,25771.4,28466.59,69.59,2516.49,17232.29,0,0,0,0
2009-06-17 08:00:00,0,2058.33,0,359.52,11473.03,6723.76,6332.69,0,0,2272.03,15216.8,240.4,0,13053.89,1606.29,4410.91,76781.97,0,17526.18,0,0,90868.25,0,0,0,2888.3,2636.71,0,27073.33,29980.82,73.91,2768.18,18509.3,0,0,0,0
2009-06-17 09:00:00,0,2246.78,0,400.41,11851.12,7425.3,6622.45,0,0,2477.15,16742.67,263.92,0,13250.02,1759.87,4627.28,80005.49,0,18087.91,0,0,93481.83,0,0,0,3002.28,2749.23,0,28629.15,32156.7,78.81,3028.02,19746.77,0,0,0,0
2009-06-17 10:00:00,0,2475.28,0,439.61,12300.34,8222.35,6930.53,0,0,2698.81,18192.61,290.91,0,13371.09,1698.71,4800.81,83664.45,0,18487.73,0,0,95888.26,0,0,0,3150.51,2935.41,0,31274.83,34517.75,85.14,3302.97,21239.29,0,0,0,0
2009-06-17 11:00:00,0,2715.22,0,473.61,12796.18,8830.18,7202.44,0,0,2845.18,19237.13,317.01,0,13465.9,1698.49,5003.58,87303.51,0,18543.96,0,0,97902.16,0,0,0,3398.67,3194.87,0,33992.39,36851.86,91.0,3513.08,22929.75,0,0,0,0
2009-06-17 12:00:00,0,2897.09,0,503.41,13732.92,9078.97,7565.35,0,0,2936.22,20019.67,320.88,0,13582.24,1919.91,5223.69,91551.88,0,18668.55,0,0,100006.26,0,0,0,3595.55,3386.9,0,36205.15,38929.29,95.43,3621.02,24308.63,0,0,0,0
2009-06-17 13:00:00,0,3058.99,0,520.96,14568.19,9261.64,8043.25,0,0,2943.2,20414.09,321.03,0,13693.28,2060.34,5411.39,95294.4,0,18762.26,0,0,101776.11,0,0,0,3746.17,3534.79,0,38172.09,40776.57,98.45,3652.68,25382.81,0,0,0,0
2009-06-17 14:00:00,0,3192.22,0,527.47,15293.14,9641.38,8434.98,0,0,3002.89,20701.83,346.39,0,13741.96,2149.87,5626.5,98001.17,0,18761.14,0,0,104169.63,0,0,0,3881.57,3668.33,0,39672.27,42288.81,101.39,3720.4,26300.95,0,0,0,0
2009-06-17 15:00:00,0,3303.93,0,516.8,15843.69,9878.4,8752.43,0,0,3094.98,20715.84,368.03,0,13769.18,2204.75,5818.91,99677.27,0,18952.71,0,0,106461.4,0,0,0,3996.07,3778.67,0,40648.03,43240.97,103.43,3812.97,26842.29,0,0,0,0
2009-06-17 16:00:00,0,3379.35,0,519.44,16125.51,9885.68,8875.21,0,0,3107.87,20504.48,381.72,0,13895.31,2200.89,5933.37,100285.18,0,19103.0,0,0,107355.44,0,0,0,4070.56,3856.44,0,40978.62,44004.91,104.63,3877.8,27113.49,0,0,0,0
2009-06-17 17:00:00,0,3398.45,0,524.81,16123.71,9661.45,8931.24,0,0,3006.53,20168.87,378.07,0,14076.28,2158.72,5914.96,99732.04,0,18935.31,0,0,107363.34,0,0,0,4057.53,3869.57,0,40569.75,44353.24,104.62,3881.3,27026.62,0,0,0,0
2009-06-17 18:00:00,0,3396.58,0,517.49,15826.16,9430.05,8817.68,0,0,2925.13,19946.0,344.22,0,14186.98,2089.51,5795.66,98439.43,0,18857.32,0,0,106767.8,0,0,0,3976.96,3814.23,0,40003.49,44058.1,104.12,3841.15,26671.51,0,0,0,0
2009-06-17 19:00:00,0,3324.45,0,476.94,15950.42,9147.24,8804.8,0,0,2912.06,19455.45,329.22,0,15116.46,2063.05,5237.56,95760.11,0,18782.77,0,0,104616.52,0,0,0,3853.85,3612.65,0,38004.69,43217.08,97.64,3500.35,25138.32,0,0,0,0
2009-06-17 20:00:00,0,3190.17,0,459.97,15273.48,8689.99,8231.86,0,0,2731.5,18517.51,324.25,0,14255.58,1928.57,5231.38,94456.99,0,18387.98,0,0,103161.05,0,0,0,3709.3,3440.88,0,36956.86,41391.88,96.26,3286.5,24251.96,0,0,0,0
2009-06-17 21:00:00,0,3015.76,0,435.39,14414.34,8071.72,7716.69,0,0,2562.39,17542.35,308.58,0,13202.69,1787.0,4905.21,90517.6,0,17449.48,0,0,97960.41,0,0,0,3491.83,3249.26,0,35333.44,40405.32,91.55,3074.57,23638.65,0,0,0,0
2009-06-17 22:00:00,0,2817.51,0,406.53,13299.72,7399.8,7233.34,0,0,2395.58,16428.72,285.16,0,12184.02,1649.55,4613.73,86003.52,0,16391.69,0,0,93504.72,0,0,0,3228.55,3018.89,0,32700.1,39207.22,86.37,2883.2,22116.26,0,0,0,0
2009-06-17 23:00:00,0,2578.72,0,378.37,12236.01,6746.38,6731.01,0,0,2232.48,15249.95,259.31,0,11192.59,1518.71,4333.36,81255.49,0,15546.48,0,0,89650.8,0,0,0,2994.71,2800.09,0,30228.89,36795.17,81.25,2691.59,20561.36,0,0,0,0
2009-06-18 00:00:00,0,2371.15,0,349.41,11290.78,6123.58,6240.18,0,0,2086.15,14097.52,235.7,0,10263.99,1399.78,4053.59,76950.76,0,14678.67,0,0,85886.57,0,0,0,2786.01,2600.87,0,27954.16,34486.95,76.53,2511.19,19015.19,0,0,0,0
2009-06-18 01:00:00,0,2171.03,0,318.93,10555.94,5658.04,5781.34,0,0,1944.23,13007.42,214.41,0,9805.34,1292.61,3814.38,73115.5,0,13824.53,0,0,82480.69,0,0,0,2637.7,2429.68,0,26322.44,32404.88,71.93,2357.19,17507.72,0,0,0,0
2009-06-18 02:00:00,0,2009.54,0,296.26,10116.74,5384.66,5371.35,0,0,1821.4,12242.58,198.57,0,9690.64,1215.86,3615.13,69480.87,0,13334.25,0,0,79568.88,0,0,0,2557.26,2345.56,0,25134.77,30595.85,68.7,2264.39,16470.25,0,0,0,0
2009-06-18 03:00:00,0,1903.21,0,283.73,9909.05,5209.9,5211.23,0,0,1751.98,11794.75,189.75,0,9810.75,1206.33,3492.91,67554.25,0,13248.08,0,0,78414.86,0,0,0,2493.13,2299.89,0,24287.8,29396.13,66.22,2210.16,15718.07,0,0,0,0
2009-06-18 04:00:00,0,1866.49,0,281.35,9986.36,5201.49,5345.81,0,0,1764.79,11770.54,193.66,0,10045.57,1242.43,3504.89,67307.78,0,13656.2,0,0,79478.23,0,0,0,2514.68,2309.47,0,24104.09,28658.69,65.67,2218.97,15561.44,0,0,0,0
2009-06-18 05:00:00,0,1866.11,0,287.82,10401.97,5334.86,5508.85,0,0,1803.95,12025.75,200.25,0,11038.48,1285.19,3555.93,68000.03,0,14272.02,0,0,81146.42,0,0,0,2565.08,2342.56,0,24279.54,28341.44,65.62,2255.54,15731.91,0,0,0,0
2009-06-18 06:00:00,0,1874.83,0,307.34,11204.5,5542.84,5892.1,0,0,1903.95,12619.3,209.88,0,11950.73,1359.99,3733.08,69915.53,0,15102.56,0,0,86004.49,0,0,0,2635.26,2414.09,0,24853.49,28360.05,66.2,2334.16,16181.07,0,0,0,0
2009-06-18 07:00:00,0,2007.02,0,344.04,11722.76,6081.14,6263.71,0,0,2075.44,13844.74,231.56,0,12500.65,1482.7,3969.33,73518.17,0,15911.24,0,0,90109.58,0,0,0,2760.51,2536.67,0,25998.6,30016.92,68.44,2519.38,17225.22,0,0,0,0
2009-06-18 08:00:00,0,2144.15,0,374.3,12212.51,6790.85,6649.74,0,0,2285.42,15232.62,249.06,0,13015.79,1607.39,4202.51,77947.21,0,16730.11,0,0,93806.15,0,0,0,2926.43,2687.86,0,27518.54,31502.7,71.98,2800.23,18500.6,0,0,0,0
2009-06-18 09:00:00,0,2354.12,0,419.11,12954.52,7567.78,7066.86,0,0,2501.79,16944.3,275.15,0,13495.5,1814.49,4456.1,82556.84,0,17146.83,0,0,98068.85,0,0,0,3082.59,2874.41,0,29964.36,33289.02,76.44,3099.86,20133.64,0,0,0,0
2009-06-18 10:00:00,0,2583.7,0,462.68,13947.38,8429.37,7526.59,0,0,2747.58,18741.99,307.03,0,13798.52,2000.7,4879.42,86594.43,0,17513.05,0,0,101813.67,0,0,0,3313.84,3147.93,0,33288.63,35184.82,81.14,3356.65,21838.76,0,0,0,0
2009-06-18 11:00:00,0,2798.38,0,489.95,15273.73,9156.81,8187.56,0,0,2954.21,20167.87,330.4,0,14041.25,2120.3,5256.42,90939.79,0,17750.86,0,0,104780.18,0,0,0,3535.95,3384.6,0,36017.56,37086.14,85.69,3566.29,23376.04,0,0,0,0
2009-06-18 12:00:00,0,2963.74,0,507.22,16379.74,9593.85,8873.04,0,0,3086.5,20940.51,335.43,0,14259.29,2112.06,5511.57,95236.77,0,18014.55,0,0,107756.96,0,0,0,3744.94,3603.52,0,37949.3,38787.11,89.86,3697.9,24565.38,0,0,0,0
2009-06-18 13:00:00,0,3111.85,0,489.73,17238.36,9808.36,9496.7,0,0,3163.17,21422.31,323.38,0,14404.76,2107.42,5641.02,98456.47,0,18298.82,0,0,112275.34,0,0,0,3911.34,3760.4,0,39508.27,40297.76,93.32,3770.73,25472.75,0,0,0,0
2009-06-18 14:00:00,0,3213.84,0,489.68,17871.59,9931.88,9956.89,0,0,3191.49,21773.89,329.24,0,14456.18,2156.07,5780.37,101393.23,0,18453.37,0,0,117286.16,0,0,0,4077.81,3915.77,0,40715.7,41622.92,96.29,3824.58,26183.67,0,0,0,0
2009-06-18 15:00:00,0,3299.6,0,493.9,18242.36,9952.85,10348.22,0,0,3213.14,21907.84,333.16,0,14501.33,2212.3,5917.93,103363.02,0,18579.31,0,0,121452.48,0,0,0,4227.5,4055.49,0,41422.97,42694.63,98.99,3856.59,26669.01,0,0,0,0
2009-06-18 16:00:00,0,3367.26,0,501.53,18337.26,9523.77,10584.41,0,0,3127.73,21663.07,339.32,0,14511.32,2221.81,6014.84,104641.79,0,18732.29,0,0,124448.46,0,0,0,4328.64,4138.24,0,41579.75,43480.44,100.66,3668.06,26966.65,0,0,0,0
2009-06-18 17:00:00,0,3386.5,0,512.63,18244.74,8896.99,10604.1,0,0,2976.37,21078.36,342.64,0,14531.63,2273.06,6061.49,104403.65,0,18830.32,0,0,124960.87,0,0,0,4336.71,4157.8,0,41315.55,43929.93,101.31,3394.95,26941.86,0,0,0,0
2009-06-18 18:00:00,0,3365.75,0,509.33,17837.13,8524.18,10460.0,0,0,2804.07,20205.31,341.92,0,14499.09,2259.67,6002.27,102796.6,0,18911.07,0,0,124034.0,0,0,0,4220.56,4063.86,0,40353.91,43679.79,100.28,3276.53,26553.1,0,0,0,0
2009-06-18 19:00:00,0,3325.1,0,468.5,17488.92,8542.0,9919.93,0,0,2818.88,19591.51,334.17,0,14759.5,2129.61,5499.01,99573.78,0,18813.95,0,0,118225.09,0,0,0,4082.1,3851.11,0,38426.72,42829.13,94.27,3235.16,25337.67,0,0,0,0
2009-06-18 20:00:00,0,3183.19,0,449.02,16710.21,8212.03,9144.54,0,0,2655.17,18488.57,324.05,0,13952.03,1996.52,5499.97,98409.07,0,18198.89,0,0,115846.2,0,0,0,3913.21,3660.83,0,37053.64,41098.39,93.38,3088.01,24447.95,0,0,0,0
2009-06-18 21:00:00,0,3029.52,0,419.65,15744.83,7704.79,8503.91,0,0,2466.59,17214.32,301.04,0,13078.72,1847.72,5173.27,94522.91,0,17510.25,0,0,109597.86,0,0,0,3700.91,3464.71,0,35406.74,40542.1,88.73,2945.22,23696.22,0,0,0,0
2009-06-18 22:00:00,0,2850.28,0,387.11,14505.05,7048.6,7940.28,0,0,2271.02,15770.54,276.2,0,12235.73,1708.4,4886.74,89893.6,0,16801.11,0,0,104252.57,0,0,0,3403.66,3221.07,0,32653.31,39465.79,83.47,2762.24,22187.55,0,0,0,0
2009-06-18 23:00:00,0,2602.17,0,355.65,13348.36,6411.79,7406.77,0,0,2134.69,14585.75,252.87,0,11434.54,1573.44,4611.78,84980.43,0,15891.47,0,0,99159.29,0,0,0,3145.51,2986.48,0,30096.43,37190.97,78.82,2582.99,20611.43,0,0,0,0
2009-06-19 00:00:00,0,2372.0,0,333.33,12206.61,5793.63,6868.19,0,0,1976.88,13600.56,231.6,0,10659.25,1430.52,4337.82,80315.61,0,15037.99,0,0,94380.54,0,0,0,2913.95,2768.36,0,27907.42,34912.95,74.31,2384.79,19132.71,0,0,0,0
2009-06-19 01:00:00,0,2154.38,0,308.94,11307.95,5323.35,6400.46,0,0,1835.48,12606.59,212.32,0,10123.89,1335.44,4070.11,75832.47,0,14368.35,0,0,89932.85,0,0,0,2741.76,2597.65,0,26190.92,32960.94,71.2,2214.92,17700.42,0,0,0,0
2009-06-19 02:00:00,0,1992.5,0,288.3,10794.86,4978.98,6033.28,0,0,1709.14,11870.41,197.12,0,10041.59,1256.09,3819.38,71860.74,0,14024.5,0,0,86025.55,0,0,0,2634.54,2496.25,0,24958.66,31146.3,68.5,2081.98,16588.29,0,0,0,0
2009-06-19 03:00:00,0,1905.6,0,277.68,10494.94,4831.9,5856.22,0,0,1653.54,11443.6,191.05,0,10166.48,1240.84,3635.95,69582.71,0,14084.14,0,0,83788.03,0,0,0,2568.63,2421.93,0,24132.93,29767.74,66.77,2034.72,15829.25,0,0,0,0
2009-06-19 04:00:00,0,1869.78,0,277.54,10496.05,4914.24,5877.96,0,0,1682.85,11462.6,195.69,0,10429.39,1276.09,3626.82,69281.74,0,14388.18,0,0,83504.07,0,0,0,2580.29,2420.88,0,23992.13,28936.09,66.26,2065.18,15570.43,0,0,0,0
2009-06-19 05:00:00,0,1886.92,0,286.62,10784.13,5031.52,6013.7,0,0,1727.29,11775.67,200.88,0,10917.29,1316.9,3690.23,70336.14,0,15121.49,0,0,85687.81,0,0,0,2633.06,2454.7,0,24226.2,28684.28,66.17,2110.44,15670.25,0,0,0,0
2009-06-19 06:00:00,0,1924.16,0,313.28,11614.94,5317.9,6438.8,0,0,1864.49,12486.04,210.19,0,11576.56,1415.3,3963.64,72064.37,0,16304.58,0,0,91478.55,0,0,0,2762.93,2550.42,0,25330.0,28821.26,66.79,2225.24,16169.29,0,0,0,0
2009-06-19 07:00:00,0,2053.69,0,346.14,12401.91,5853.28,6950.89,0,0,2011.04,13615.42,228.73,0,12444.74,1510.21,4247.72,75826.61,0,17027.87,0,0,96120.21,0,0,0,2917.87,2746.54,0,26469.09,30462.97,69.34,2391.48,17116.62,0,0,0,0
2009-06-19 08:00:00,0,2195.11,0,375.85,13230.14,6423.19,7523.12,0,0,2178.81,14875.64,242.71,0,12997.97,1621.03,4569.43,80237.6,0,17897.52,0,0,101251.59,0,0,0,3079.71,2940.82,0,28606.75,31758.7,73.15,2591.22,18380.15,0,0,0,0
2009-06-19 09:00:00,0,2394.31,0,414.82,14551.14,7188.01,8442.28,0,0,2381.81,16486.1,265.89,0,13371.54,1824.12,4901.05,84463.84,0,18816.36,0,0,105736.36,0,0,0,3383.71,3301.12,0,31395.82,33605.43,77.91,2890.08,19899.24,0,0,0,0
2009-06-19 10:00:00,0,2618.3,0,449.13,15811.54,8049.8,9198.13,0,0,2624.76,18182.89,294.71,0,13679.51,1995.81,5254.75,88496.76,0,19195.95,0,0,109543.45,0,0,0,3700.61,3615.51,0,34365.29,35404.2,83.05,3191.19,21758.64,0,0,0,0
2009-06-19 11:00:00,0,2815.1,0,477.66,16837.81,8851.98,9752.42,0,0,2842.28,19602.79,313.47,0,13961.71,2128.89,5543.02,93100.49,0,19477.62,0,0,114094.74,0,0,0,3961.32,3838.4,0,36708.82,37195.04,87.32,3447.23,23405.43,0,0,0,0
2009-06-19 12:00:00,0,2992.52,0,501.9,17609.44,9480.66,10097.67,0,0,3013.91,20576.66,323.17,0,14228.11,2179.35,5728.15,97911.22,0,19850.64,0,0,119578.32,0,0,0,4131.79,4000.93,0,38396.35,38934.2,91.07,3642.66,24689.79,0,0,0,0
2009-06-19 13:00:00,0,3148.47,0,514.7,18250.61,9889.13,10447.79,0,0,3141.42,21274.93,335.2,0,14433.94,2198.03,5881.93,101689.65,0,20246.89,0,0,125288.38,0,0,0,4273.41,4133.24,0,39725.17,40257.43,93.91,3766.9,25726.63,0,0,0,0
2009-06-19 14:00:00,0,3274.91,0,529.2,18648.0,10204.73,10735.75,0,0,3242.59,21793.12,347.52,0,14677.4,2221.56,6028.24,104195.07,0,20810.03,0,0,130203.95,0,0,0,4404.74,4253.16,0,40918.71,40935.21,97.03,3843.37,26539.98,0,0,0,0
2009-06-19 15:00:00,0,3368.43,0,529.93,18899.88,10334.3,10969.83,0,0,3304.43,22032.92,360.44,0,14969.43,2253.48,6131.12,105821.21,0,21155.4,0,0,132936.13,0,0,0,4489.53,4322.76,0,41704.47,41763.89,99.48,3900.85,27068.91,0,0,0,0
2009-06-19 16:00:00,0,3406.47,0,539.41,19126.89,10261.51,11077.12,0,0,3304.51,22088.33,356.22,0,15125.85,2314.74,6209.85,105856.0,0,21460.59,0,0,134321.79,0,0,0,4538.13,4355.73,0,42008.63,42386.18,100.52,3922.3,27363.96,0,0,0,0
2009-06-19 17:00:00,0,3413.71,0,533.17,19137.16,10100.43,11085.72,0,0,3247.88,21903.4,354.19,0,15101.19,2377.58,6217.36,104909.05,0,21524.13,0,0,135306.29,0,0,0,4527.18,4356.72,0,41875.94,42666.86,101.28,3841.87,27331.65,0,0,0,0
2009-06-19 18:00:00,0,3376.21,0,519.25,18789.4,9776.32,10996.04,0,0,3120.88,21302.29,350.2,0,15009.73,2364.13,6113.47,103286.64,0,21221.32,0,0,134028.74,0,0,0,4447.36,4294.73,0,41223.84,42251.54,101.42,3727.39,27059.21,0,0,0,0
2009-06-19 19:00:00,0,3259.87,0,441.3,16776.85,8918.28,10229.92,0,0,2899.8,19341.01,320.27,0,14443.19,2154.11,5174.05,96036.33,0,19685.45,0,0,119687.42,0,0,0,4174.33,4073.66,0,38154.89,39605.76,86.96,3365.67,24539.81,0,0,0,0
2009-06-19 20:00:00,0,3134.39,0,447.88,16612.43,8538.63,9622.37,0,0,2706.22,18287.98,317.69,0,13851.76,2049.67,5259.49,95263.11,0,19476.28,0,0,118596.97,0,0,0,4146.43,3979.53,0,37419.44,39465.8,87.31,3244.78,23960.32,0,0,0,0
2009-06-19 21:00:00,0,2996.33,0,420.2,15706.05,8061.1,8974.98,0,0,2533.19,17137.78,306.35,0,13064.43,1915.46,4911.97,92422.21,0,18331.57,0,0,112558.99,0,0,0,3997.05,3829.74,0,35898.54,37841.47,83.09,3067.67,23173.34,0,0,0,0
2009-06-19 22:00:00,0,2886.0,0,391.25,14434.01,7443.09,8404.61,0,0,2370.39,16065.79,286.32,0,12290.43,1796.98,4610.99,88825.22,0,17076.39,0,0,106414.47,0,0,0,3722.07,3614.29,0,33445.42,36075.48,78.53,2894.0,21830.02,0,0,0,0
2009-06-19 23:00:00,0,2613.77,0,361.78,13300.92,6830.78,7861.27,0,0,2214.56,15025.85,266.04,0,11480.89,1681.81,4337.58,83967.16,0,15999.19,0,0,100572.47,0,0,0,3461.41,3405.62,0,31151.32,33945.62,74.1,2723.46,20248.04,0,0,0,0
2009-06-20 00:00:00,0,2371.28,0,336.02,12331.73,6237.46,7356.21,0,0,2061.23,14038.76,246.72,0,10693.14,1572.88,4085.99,79554.79,0,15011.5,0,0,96000.12,0,0,0,3226.79,3201.9,0,29027.08,31909.92,70.07,2560.4,18810.67,0,0,0,0
2009-06-20 01:00:00,0,2141.26,0,313.7,11434.93,5737.22,6890.02,0,0,1920.01,13128.3,229.29,0,10190.49,1477.16,3830.65,75164.23,0,14127.94,0,0,91901.8,0,0,0,3035.19,3000.72,0,27489.65,30136.15,66.26,2401.19,17491.36,0,0,0,0
2009-06-20 02:00:00,0,1990.26,0,292.05,10754.6,5352.49,6511.77,0,0,1802.07,12424.28,216.29,0,10094.92,1401.4,3623.05,71398.74,0,13548.35,0,0,88380.48,0,0,0,2876.36,2826.58,0,26269.66,28513.87,63.52,2279.83,16342.1,0,0,0,0
2009-06-20 03:00:00,0,1891.51,0,274.31,10200.55,5155.09,6266.46,0,0,1726.74,12000.79,207.15,0,10069.73,1327.5,3479.09,68810.74,0,13101.32,0,0,85746.1,0,0,0,2752.49,2661.27,0,25337.37,27331.97,61.69,2192.98,15366.21,0,0,0,0
2009-06-20 04:00:00,0,1849.22,0,267.7,9999.57,4992.28,6129.44,0,0,1692.41,11661.84,200.98,0,10093.72,1298.61,3391.67,67017.43,0,12910.05,0,0,84686.4,0,0,0,2671.99,2567.08,0,24551.26,26573.39,60.56,2141.29,14614.29,0,0,0,0
2009-06-20 05:00:00,0,1820.37,0,268.1,9897.82,4947.71,6040.72,0,0,1695.79,11616.39,200.88,0,10196.69,1302.5,3374.89,65552.39,0,12934.4,0,0,84784.2,0,0,0,2627.41,2539.71,0,24027.87,26063.2,59.71,2131.85,14291.64,0,0,0,0
2009-06-20 06:00:00,0,1842.23,0,275.22,10202.99,5160.04,6218.42,0,0,1750.06,11907.89,204.56,0,10648.26,1347.22,3456.64,65498.15,0,13585.62,0,0,86245.83,0,0,0,2671.14,2612.26,0,24023.66,25892.85,59.21,2187.77,14418.97,0,0,0,0
2009-06-20 07:00:00,0,1969.03,0,292.32,10874.87,5682.37,6703.21,0,0,1899.79,13084.36,217.17,0,11008.9,1446.8,3650.91,68096.18,0,14538.55,0,0,89320.67,0,0,0,2760.16,2779.64,0,24460.08,25930.1,60.15,2353.3,15083.62,0,0,0,0
2009-06-20 08:00:00,0,2101.74,0,314.13,11867.94,6534.82,7624.12,0,0,2130.5,14889.38,239.98,0,11469.73,1630.57,3879.8,71701.71,0,15220.01,0,0,94538.63,0,0,0,3058.13,3114.29,0,27283.68,26997.18,62.83,2705.02,16667.0,0,0,0,0
2009-06-20 09:00:00,0,2276.97,0,343.11,13113.31,7440.54,8588.49,0,0,2393.49,16901.99,267.17,0,11913.07,1805.85,4142.98,74919.82,0,15725.67,0,0,99299.86,0,0,0,3425.98,3505.71,0,30842.21,28749.55,66.77,3027.73,18214.86,0,0,0,0
2009-06-20 10:00:00,0,2468.61,0,373.54,13974.37,8263.89,9183.68,0,0,2609.85,18585.66,284.01,0,12471.47,1948.61,4473.53,79503.16,0,16231.35,0,0,103921.0,0,0,0,3727.86,3784.43,0,33511.14,30687.16,71.4,3251.19,19958.93,0,0,0,0
2009-06-20 11:00:00,0,2688.98,0,404.37,14686.44,8936.09,9528.69,0,0,2783.29,19875.2,301.72,0,12956.37,2037.06,4723.95,84302.18,0,16852.27,0,0,109622.77,0,0,0,3915.44,3944.01,0,35268.94,32868.9,76.68,3431.81,21505.87,0,0,0,0
2009-06-20 12:00:00,0,2890.65,0,442.88,15355.13,9464.04,9819.51,0,0,2906.13,20729.39,313.18,0,13385.95,2092.88,4927.82,87970.02,0,17347.35,0,0,114045.65,0,0,0,4042.77,4072.91,0,36726.7,34570.15,80.89,3560.42,22808.36,0,0,0,0
2009-06-20 13:00:00,0,3048.25,0,464.77,15899.07,9835.69,10079.03,0,0,3005.69,21415.64,325.59,0,13759.97,2133.65,5114.42,90732.28,0,17403.89,0,0,117374.95,0,0,0,4167.04,4184.04,0,38053.25,35976.09,83.96,3640.55,23906.43,0,0,0,0
2009-06-20 14:00:00,0,3155.24,0,474.48,16405.84,10108.61,10280.78,0,0,3099.59,22009.18,343.43,0,14109.96,2202.53,5285.86,92820.67,0,17587.85,0,0,119863.27,0,0,0,4291.51,4299.88,0,39201.53,36929.49,85.94,3701.49,24804.13,0,0,0,0
2009-06-20 15:00:00,0,3201.87,0,492.24,16758.29,10268.94,10450.21,0,0,3171.38,22342.77,357.61,0,14339.67,2265.57,5405.75,94309.12,0,17729.15,0,0,121963.49,0,0,0,4396.84,4391.97,0,39994.85,37707.95,87.98,3760.23,25407.5,0,0,0,0
2009-06-20 16:00:00,0,3229.65,0,503.5,17012.84,10311.3,10543.05,0,0,3182.43,22589.53,365.3,0,14430.95,2350.18,5471.45,95352.99,0,17589.66,0,0,124081.16,0,0,0,4475.7,4448.44,0,40436.69,38440.43,90.23,3779.36,25691.02,0,0,0,0
2009-06-20 17:00:00,0,3233.26,0,498.95,17132.36,10199.61,10581.39,0,0,3138.0,22210.5,372.96,0,14357.33,2413.13,5496.06,95692.32,0,17738.57,0,0,125015.86,0,0,0,4485.31,4428.41,0,40441.02,38862.44,91.48,3720.39,25815.11,0,0,0,0
2009-06-20 18:00:00,0,3184.51,0,490.21,16849.55,9859.81,10567.94,0,0,3010.58,21306.67,375.5,0,14228.45,2418.54,5441.38,94946.12,0,17596.61,0,0,124030.71,0,0,0,4402.09,4325.0,0,39831.36,38771.23,91.19,3599.67,25521.15,0,0,0,0
2009-06-20 19:00:00,0,3142.8,0,449.5,16483.31,9158.53,10467.01,0,0,2965.71,19846.04,343.04,0,15034.36,2257.3,5264.14,94723.84,0,18657.76,0,0,115358.42,0,0,0,4396.19,4164.09,0,38176.17,39119.58,91.0,3425.1,24491.1,0,0,0,0
2009-06-20 20:00:00,0,3037.6,0,459.38,16392.73,8756.76,9814.33,0,0,2768.24,18728.77,337.74,0,14206.48,2135.19,5240.3,94954.75,0,18597.15,0,0,117079.16,0,0,0,4273.89,4031.54,0,37584.84,38834.08,90.24,3303.18,24105.73,0,0,0,0
2009-06-20 21:00:00,0,2894.95,0,437.52,15683.39,8250.87,9200.29,0,0,2575.66,17508.32,323.04,0,13370.08,2001.09,4981.42,91500.11,0,17846.27,0,0,110761.44,0,0,0,4091.09,3888.96,0,35998.36,37373.22,84.92,3095.32,23474.82,0,0,0,0
2009-06-20 22:00:00,0,2802.63,0,408.75,14514.77,7621.21,8635.45,0,0,2411.76,16423.69,299.68,0,12555.28,1872.83,4739.83,87764.52,0,16647.6,0,0,104447.89,0,0,0,3807.0,3664.91,0,33445.23,36072.69,79.92,2938.45,22161.71,0,0,0,0
2009-06-20 23:00:00,0,2580.6,0,378.6,13441.8,7023.79,8093.81,0,0,2258.94,15415.77,277.06,0,11752.45,1757.16,4501.68,82962.14,0,15524.24,0,0,98860.85,0,0,0,3545.26,3452.43,0,31145.96,34485.22,75.52,2773.05,20640.04,0,0,0,0
2009-06-21 00:00:00,0,2355.23,0,346.92,12417.89,6425.32,7544.99,0,0,2106.24,14403.43,256.44,0,10992.86,1641.43,4227.59,78307.62,0,14674.59,0,0,94089.1,0,0,0,3324.83,3246.58,0,28988.17,32888.48,71.46,2609.5,19140.34,0,0,0,0
2009-06-21 01:00:00,0,2176.77,0,321.86,11608.35,5922.39,7009.87,0,0,1966.34,13519.93,238.38,0,10423.68,1537.7,3960.36,73739.7,0,13980.68,0,0,89232.89,0,0,0,3141.93,3058.86,0,27565.21,31409.76,67.36,2448.18,17798.87,0,0,0,0
2009-06-21 02:00:00,0,2039.81,0,299.29,11011.97,5547.41,6516.04,0,0,1853.63,12792.34,224.98,0,10299.55,1447.95,3757.2,70185.8,0,13384.11,0,0,85267.09,0,0,0,2976.15,2873.9,0,26408.49,29925.4,63.64,2320.09,16672.67,0,0,0,0
2009-06-21 03:00:00,0,1947.87,0,280.88,10442.35,5372.82,6181.57,0,0,1778.65,12362.85,214.24,0,10275.12,1365.01,3634.04,67746.06,0,13103.25,0,0,82001.87,0,0,0,2838.9,2711.92,0,25536.3,28928.83,60.96,2238.02,15822.12,0,0,0,0
2009-06-21 04:00:00,0,1892.59,0,273.8,10209.82,5238.45,5994.95,0,0,1744.48,12030.98,206.71,0,10341.01,1320.8,3520.91,65618.43,0,13049.13,0,0,80290.91,0,0,0,2739.53,2621.6,0,24885.23,28103.75,59.42,2196.23,15087.99,0,0,0,0
2009-06-21 05:00:00,0,1864.54,0,274.83,10133.16,5216.59,5905.96,0,0,1747.07,11941.02,204.74,0,10445.13,1324.11,3454.93,64372.08,0,13241.57,0,0,79805.37,0,0,0,2697.31,2593.62,0,24472.63,27546.74,58.4,2192.2,14637.69,0,0,0,0
2009-06-21 06:00:00,0,1894.49,0,281.06,10437.65,5407.78,6119.49,0,0,1787.81,12190.39,208.03,0,10707.11,1360.52,3487.92,64680.02,0,14093.64,0,0,81218.25,0,0,0,2712.29,2641.95,0,24414.42,27483.69,58.79,2263.35,14707.44,0,0,0,0
2009-06-21 07:00:00,0,2014.95,0,301.91,11105.94,5973.96,6565.3,0,0,1932.87,13231.05,218.57,0,10972.91,1451.26,3648.16,66784.73,0,15030.66,0,0,83840.45,0,0,0,2862.94,2863.48,0,25186.39,27730.22,60.04,2418.34,15390.49,0,0,0,0
2009-06-21 08:00:00,0,2192.52,0,329.1,11901.67,6705.02,7052.21,0,0,2149.12,14887.33,234.49,0,11256.62,1614.09,3887.5,70486.2,0,15589.9,0,0,87954.09,0,0,0,3142.06,3180.33,0,27493.27,28399.32,62.53,2653.33,16672.86,0,0,0,0
2009-06-21 09:00:00,0,2379.36,0,367.51,12626.67,7484.78,7706.37,0,0,2406.77,16912.17,258.96,0,11528.92,1790.01,4232.14,74504.0,0,16292.61,0,0,91574.0,0,0,0,3486.22,3552.8,0,30448.04,29828.77,66.73,2935.68,18302.98,0,0,0,0
2009-06-21 10:00:00,0,2583.73,0,406.06,13195.64,8300.77,8308.38,0,0,2672.32,18923.36,287.14,0,11760.43,1952.14,4560.17,79353.41,0,16820.3,0,0,94926.26,0,0,0,3710.14,3801.74,0,32996.61,31807.68,71.84,3169.5,20303.24,0,0,0,0
2009-06-21 11:00:00,0,2835.57,0,442.18,13724.97,8965.84,8592.07,0,0,2887.77,20445.8,307.25,0,12024.51,2107.2,4829.5,84479.89,0,17188.2,0,0,99912.14,0,0,0,3857.95,3927.93,0,34934.94,33908.78,76.17,3345.01,21833.01,0,0,0,0
2009-06-21 12:00:00,0,3040.71,0,469.65,14210.9,9473.44,8831.78,0,0,3030.2,21419.2,330.29,0,12264.77,2235.98,5049.85,88255.15,0,17524.72,0,0,103588.36,0,0,0,3964.75,4025.19,0,36586.34,35886.51,79.15,3470.05,23011.86,0,0,0,0
2009-06-21 13:00:00,0,3217.21,0,491.49,14622.64,9840.73,9036.7,0,0,3104.98,21993.25,351.51,0,12518.99,2335.55,5224.47,91176.86,0,17731.58,0,0,106903.05,0,0,0,4068.92,4118.75,0,38013.23,37666.21,82.46,3561.2,24105.54,0,0,0,0
2009-06-21 14:00:00,0,3361.41,0,510.2,15085.44,10157.14,9136.01,0,0,3176.87,22432.84,368.66,0,12748.85,2412.79,5335.82,93039.37,0,18052.46,0,0,109564.92,0,0,0,4151.09,4200.78,0,39110.02,39136.32,85.41,3647.45,24999.98,0,0,0,0
2009-06-21 15:00:00,0,3476.15,0,520.76,15509.71,10330.3,9190.8,0,0,3233.43,22525.49,375.14,0,12941.6,2456.68,5363.87,94297.53,0,18160.94,0,0,111982.9,0,0,0,4214.11,4244.51,0,39786.94,40380.59,87.94,3710.73,25542.16,0,0,0,0
2009-06-21 16:00:00,0,3541.83,0,525.69,15781.07,10234.68,9317.14,0,0,3179.05,21931.1,385.24,0,13123.15,2504.8,5324.65,95243.41,0,18299.27,0,0,113370.72,0,0,0,4254.68,4265.57,0,40242.82,41265.99,90.34,3702.98,25833.92,0,0,0,0
2009-06-21 17:00:00,0,3564.38,0,521.2,15890.4,9999.9,9378.33,0,0,3045.19,21086.99,393.25,0,13297.95,2527.26,5269.77,95695.01,0,18226.34,0,0,113619.32,0,0,0,4260.51,4239.6,0,40214.86,41761.79,92.03,3608.85,25912.98,0,0,0,0
2009-06-21 18:00:00,0,3553.52,0,510.29,15696.38,9705.46,9360.16,0,0,2919.71,20475.64,388.94,0,13450.42,2502.65,5195.04,94808.9,0,18145.86,0,0,112250.03,0,0,0,4197.57,4135.38,0,39599.94,41844.01,92.04,3462.18,25631.71,0,0,0,0
2009-06-21 19:00:00,0,3572.51,0,496.62,16933.53,9285.32,9665.33,0,0,2946.41,19838.06,354.65,0,15191.33,2370.88,5246.67,99459.66,0,20209.35,0,0,115201.46,0,0,0,4209.23,3959.93,0,38895.83,44804.09,98.73,3443.44,25694.85,0,0,0,0
2009-06-21 20:00:00,0,3450.56,0,482.2,16286.24,8894.22,8994.47,0,0,2778.68,18927.03,350.43,0,14370.1,2242.54,5264.98,98107.45,0,19666.22,0,0,114122.32,0,0,0,4064.8,3777.11,0,37846.62,43026.27,97.66,3348.4,24884.43,0,0,0,0
2009-06-21 21:00:00,0,3292.25,0,454.57,15464.78,8336.67,8355.11,0,0,2596.86,17744.77,330.78,0,13513.64,2038.88,4990.73,94852.74,0,19052.91,0,0,108044.71,0,0,0,3845.48,3584.59,0,36347.87,41882.66,92.83,3152.05,24165.82,0,0,0,0
2009-06-21 22:00:00,0,3115.36,0,419.0,14174.63,7650.34,7739.07,0,0,2436.51,16598.98,305.59,0,12734.6,1882.16,4768.89,90800.77,0,18238.78,0,0,101889.69,0,0,0,3565.75,3332.92,0,33752.11,40338.09,87.44,2970.32,22711.82,0,0,0,0
2009-06-21 23:00:00,0,2842.11,0,384.7,12983.79,6996.72,7150.52,0,0,2293.49,15415.72,283.12,0,11980.03,1737.05,4534.6,86157.25,0,17488.99,0,0,96832.04,0,0,0,3293.42,3089.57,0,31186.94,37597.99,82.42,2792.8,21139.3,0,0,0,0
2009-06-22 00:00:00,0,2581.46,0,354.51,11881.23,6369.05,6600.41,0,0,2164.12,14335.47,262.47,0,11179.39,1611.07,4244.86,81686.62,0,16341.72,0,0,92171.95,0,0,0,3035.42,2854.7,0,28893.09,35071.68,77.62,2622.37,19631.2,0,0,0,0
2009-06-22 01:00:00,0,2351.46,0,325.43,10976.38,5895.78,6060.91,0,0,2026.55,13358.25,243.8,0,10513.58,1496.75,3980.92,77103.26,0,15652.08,0,0,87990.17,0,0,0,2832.16,2636.86,0,27092.83,32901.8,73.28,2475.14,18153.13,0,0,0,0
2009-06-22 02:00:00,0,2155.73,0,299.84,10423.11,5604.63,5654.55,0,0,1904.49,12616.86,225.54,0,10256.24,1415.26,3747.68,72740.93,0,14788.43,0,0,84273.77,0,0,0,2698.38,2479.3,0,25781.59,31134.18,70.09,2351.62,17090.85,0,0,0,0
2009-06-22 03:00:00,0,2029.35,0,285.37,10139.09,5427.78,5430.65,0,0,1814.74,12227.92,215.24,0,10308.11,1350.32,3603.03,70215.73,0,14259.23,0,0,82122.14,0,0,0,2611.08,2397.49,0,24890.57,29906.0,67.36,2273.51,16297.03,0,0,0,0
2009-06-22 04:00:00,0,1956.69,0,282.33,10023.19,5370.33,5463.11,0,0,1811.12,12094.31,212.87,0,10586.24,1368.16,3624.63,69776.41,0,14518.08,0,0,82199.79,0,0,0,2605.2,2368.25,0,24604.44,29043.08,65.9,2262.0,16052.19,0,0,0,0
2009-06-22 05:00:00,0,1937.42,0,288.69,10286.8,5457.22,5588.28,0,0,1865.69,12379.8,216.57,0,11072.84,1399.04,3675.38,70434.83,0,15272.9,0,0,84457.01,0,0,0,2640.69,2383.65,0,24910.28,28695.13,65.45,2318.35,16122.56,0,0,0,0
2009-06-22 06:00:00,0,1935.39,0,308.59,11189.17,5710.99,6034.03,0,0,1957.65,13028.57,224.33,0,11691.36,1485.28,3874.45,72562.84,0,16648.07,0,0,90857.08,0,0,0,2726.54,2461.01,0,25734.76,28626.26,66.25,2414.33,16526.95,0,0,0,0
2009-06-22 07:00:00,0,2089.45,0,342.74,11785.59,6137.16,6401.47,0,0,2086.77,14262.6,239.09,0,12418.16,1601.15,4122.39,76574.81,0,17516.32,0,0,95317.65,0,0,0,2912.73,2634.62,0,27183.71,30011.54,68.83,2576.22,17606.9,0,0,0,0
2009-06-22 08:00:00,0,2270.33,0,371.1,12242.19,6683.86,6668.52,0,0,2254.52,15394.18,253.91,0,13017.86,1720.39,4312.8,81321.69,0,18200.54,0,0,100445.77,0,0,0,3063.27,2790.99,0,28938.44,31743.6,73.42,2721.59,19019.72,0,0,0,0
2009-06-22 09:00:00,0,2520.56,0,415.06,12752.36,7348.12,7017.93,0,0,2464.61,17098.38,278.36,0,13392.51,1909.17,4469.65,86003.17,0,18720.73,0,0,104704.03,0,0,0,3230.8,2999.59,0,30946.22,34114.44,78.18,2862.0,20419.04,0,0,0,0
2009-06-22 10:00:00,0,2792.72,0,460.54,13495.52,8167.77,7539.35,0,0,2740.79,19134.81,310.58,0,13663.39,2082.16,4730.94,90678.27,0,19205.92,0,0,109130.48,0,0,0,3439.65,3210.89,0,34266.26,36641.03,84.82,3082.73,22218.0,0,0,0,0
2009-06-22 11:00:00,0,3056.06,0,489.6,14216.05,8958.75,8020.13,0,0,2976.87,21024.54,333.76,0,13870.53,2190.47,5047.06,96099.2,0,19669.73,0,0,114963.78,0,0,0,3615.66,3400.57,0,36738.65,38938.86,90.5,3389.92,23522.55,0,0,0,0
2009-06-22 12:00:00,0,3272.1,0,514.7,14921.74,9526.27,8323.5,0,0,3152.11,22129.15,352.89,0,14067.96,2211.97,5297.47,100663.26,0,20227.32,0,0,120266.76,0,0,0,3736.75,3517.01,0,38280.5,41035.87,95.89,3604.95,24660.67,0,0,0,0
2009-06-22 13:00:00,0,3453.61,0,535.29,15576.82,9989.94,8657.37,0,0,3262.53,22874.53,365.95,0,14193.11,2225.75,5537.91,104217.07,0,20568.51,0,0,124743.26,0,0,0,3838.57,3615.6,0,39465.28,42877.39,100.11,3748.1,25681.39,0,0,0,0
2009-06-22 14:00:00,0,3610.28,0,547.69,16100.32,10322.63,8997.67,0,0,3341.25,23429.22,378.6,0,14307.2,2337.33,5759.74,106955.44,0,20934.73,0,0,127667.14,0,0,0,3942.4,3714.62,0,40701.14,44532.54,103.71,3842.31,26523.59,0,0,0,0
2009-06-22 15:00:00,0,3746.6,0,554.81,16505.97,10406.81,9335.84,0,0,3321.32,23248.0,372.13,0,14387.48,2437.26,5929.22,108775.32,0,21093.13,0,0,129696.66,0,0,0,4025.82,3799.91,0,41375.9,45856.53,106.56,3900.81,27048.02,0,0,0,0
2009-06-22 16:00:00,0,3850.02,0,561.58,16824.35,10296.3,9583.95,0,0,3256.44,22506.9,356.11,0,14484.47,2450.93,6018.49,109669.88,0,20910.98,0,0,130847.3,0,0,0,4080.34,3873.49,0,41593.19,46809.67,108.67,3906.52,27322.58,0,0,0,0
2009-06-22 17:00:00,0,3910.59,0,561.21,16854.35,10048.25,9592.5,0,0,3080.17,21583.21,374.76,0,14610.09,2473.95,6028.83,109570.03,0,20642.4,0,0,130420.67,0,0,0,4081.76,3891.81,0,41379.69,47307.73,110.06,3846.01,27298.95,0,0,0,0
2009-06-22 18:00:00,0,3892.96,0,551.24,16581.63,9786.11,9571.11,0,0,3022.2,20976.61,383.51,0,14730.83,2414.86,5969.77,108335.22,0,20349.91,0,0,127898.33,0,0,0,4011.78,3857.97,0,40740.88,47162.49,109.63,3712.91,27068.94,0,0,0,0
2009-06-22 19:00:00,0,3819.28,0,506.51,16666.28,9296.32,9454.96,0,0,2931.35,20046.32,367.26,0,14787.73,2304.83,5543.21,105029.18,0,19771.86,0,0,118042.22,0,0,0,3884.58,3654.84,0,38371.71,46927.22,103.0,3445.52,25616.09,0,0,0,0
2009-06-22 20:00:00,0,3654.25,0,465.39,15797.36,8893.62,8746.83,0,0,2743.82,18919.12,365.5,0,14016.45,2173.5,5519.03,103667.01,0,19151.88,0,0,116843.76,0,0,0,3750.7,3492.62,0,37325.82,45021.8,101.5,3341.07,24846.34,0,0,0,0
2009-06-22 21:00:00,0,3450.55,0,431.73,14912.57,8324.87,8101.82,0,0,2592.47,17943.47,345.53,0,13221.91,2018.8,5191.28,99085.6,0,18307.61,0,0,109815.73,0,0,0,3552.69,3325.85,0,35788.58,43435.55,96.04,3150.44,24124.88,0,0,0,0
2009-06-22 22:00:00,0,3234.65,0,391.57,13551.23,7651.33,7493.61,0,0,2456.45,16964.17,313.01,0,12431.02,1878.68,4887.7,94644.59,0,17380.59,0,0,103273.2,0,0,0,3284.95,3103.03,0,33173.64,41601.72,90.6,2970.69,22648.85,0,0,0,0
2009-06-22 23:00:00,0,2901.98,0,371.8,12335.88,7017.39,6934.26,0,0,2310.98,15821.57,286.36,0,11690.52,1737.27,4571.61,89320.01,0,16589.93,0,0,98082.31,0,0,0,3044.11,2871.73,0,30735.16,38433.76,85.37,2802.23,21094.79,0,0,0,0
2009-06-23 00:00:00,0,2612.7,0,346.32,11300.07,6379.62,6403.46,0,0,2180.11,14670.69,260.86,0,10939.83,1598.13,4285.28,84223.59,0,16066.26,0,0,93036.36,0,0,0,2815.29,2645.49,0,28538.49,35733.71,80.47,2634.33,19583.5,0,0,0,0
2009-06-23 01:00:00,0,2345.44,0,318.72,10440.99,5936.06,5874.49,0,0,2040.13,13604.98,238.78,0,10300.13,1462.46,4037.87,79109.77,0,15210.81,0,0,88424.97,0,0,0,2639.35,2438.72,0,26903.69,33444.32,75.75,2493.35,18071.81,0,0,0,0
2009-06-23 02:00:00,0,2162.26,0,295.8,9965.6,5649.49,5515.02,0,0,1921.0,12812.71,219.07,0,10113.36,1345.13,3814.88,74557.96,0,14492.06,0,0,84440.59,0,0,0,2513.54,2307.97,0,25632.04,31512.68,71.31,2380.97,16961.07,0,0,0,0
2009-06-23 03:00:00,0,2031.27,0,284.56,9725.19,5472.74,5350.3,0,0,1840.74,12392.27,208.35,0,10123.75,1276.57,3661.72,71730.65,0,14041.16,0,0,82074.15,0,0,0,2426.53,2239.41,0,24676.26,30118.72,68.07,2297.07,16140.93,0,0,0,0
2009-06-23 04:00:00,0,1966.9,0,284.53,9756.72,5407.6,5456.2,0,0,1842.14,12248.08,210.14,0,10406.67,1299.36,3650.97,70778.08,0,14080.11,0,0,82005.09,0,0,0,2399.56,2238.65,0,24379.48,29186.06,66.33,2292.18,15857.82,0,0,0,0
2009-06-23 05:00:00,0,1952.23,0,291.94,10138.73,5499.22,5628.02,0,0,1882.91,12536.22,214.74,0,10959.78,1338.26,3682.8,71036.57,0,14893.66,0,0,83996.3,0,0,0,2436.67,2262.45,0,24493.3,28826.12,65.82,2341.66,15957.14,0,0,0,0
2009-06-23 06:00:00,0,1954.11,0,311.46,11085.91,5727.74,6018.18,0,0,1970.09,13097.49,223.18,0,11720.18,1406.12,3945.31,73775.22,0,16546.38,0,0,90147.98,0,0,0,2545.23,2338.3,0,25378.47,28871.2,66.68,2441.76,16423.42,0,0,0,0
2009-06-23 07:00:00,0,2125.58,0,347.28,11662.91,6159.21,6327.83,0,0,2088.09,14239.74,239.96,0,12592.84,1491.61,4174.57,78295.85,0,17486.35,0,0,94581.63,0,0,0,2725.92,2509.3,0,26604.31,30231.32,69.87,2614.31,17513.03,0,0,0,0
2009-06-23 08:00:00,0,2305.95,0,371.73,12003.64,6582.09,6550.85,0,0,2232.24,15243.49,249.05,0,13161.64,1571.98,4477.99,84073.02,0,18284.76,0,0,99969.39,0,0,0,2935.89,2679.23,0,28141.9,32210.85,75.48,2776.31,18947.93,0,0,0,0
2009-06-23 09:00:00,0,2619.1,0,409.38,12573.45,7196.73,6992.67,0,0,2386.41,16601.59,259.46,0,13581.95,1700.74,4818.53,89948.3,0,19464.6,0,0,104722.14,0,0,0,3132.52,2896.01,0,30372.03,35349.04,81.93,3020.06,20544.95,0,0,0,0
2009-06-23 10:00:00,0,2914.27,0,448.66,13494.25,7921.29,7647.7,0,0,2645.19,18536.67,275.28,0,13907.91,1896.92,5164.83,95639.35,0,20437.15,0,0,109244.32,0,0,0,3364.77,3180.16,0,33357.82,38622.97,89.05,3264.84,22464.47,0,0,0,0
2009-06-23 11:00:00,0,3186.79,0,474.89,14377.41,8590.51,8151.89,0,0,2844.31,19822.95,293.5,0,14183.48,2043.05,5423.93,100287.2,0,20944.61,0,0,114609.26,0,0,0,3572.35,3423.56,0,35327.15,41070.06,93.69,3408.79,23955.54,0,0,0,0
2009-06-23 12:00:00,0,3418.12,0,500.04,15128.51,9240.48,8451.56,0,0,2988.76,20455.9,318.24,0,14406.76,2131.82,5605.2,104024.71,0,21362.42,0,0,119970.89,0,0,0,3737.33,3573.51,0,36793.07,43121.76,97.83,3588.23,25166.9,0,0,0,0
2009-06-23 13:00:00,0,3565.91,0,512.01,15844.32,9788.39,8730.91,0,0,3115.57,20600.38,344.18,0,14565.49,2196.25,5760.99,106923.99,0,21709.29,0,0,124333.57,0,0,0,3871.61,3683.95,0,38140.52,44609.52,101.08,3746.94,26151.14,0,0,0,0
2009-06-23 14:00:00,0,3679.6,0,519.09,16427.23,10192.84,9029.35,0,0,3208.08,20857.49,365.72,0,14681.35,2250.09,5879.55,109370.19,0,22097.91,0,0,128138.18,0,0,0,3976.39,3783.58,0,39268.37,45850.17,103.89,3830.78,26845.99,0,0,0,0
2009-06-23 15:00:00,0,3780.65,0,510.08,16868.45,10402.0,9308.86,0,0,3306.52,21269.05,384.03,0,14803.85,2284.24,5966.0,111298.5,0,22426.03,0,0,131506.5,0,0,0,4056.23,3859.28,0,40074.08,46813.31,105.93,3904.48,27211.12,0,0,0,0
2009-06-23 16:00:00,0,3858.76,0,530.18,17116.65,10430.21,9523.33,0,0,3312.14,21268.29,388.92,0,14919.99,2283.44,6007.86,112276.18,0,22554.27,0,0,133312.16,0,0,0,4114.75,3919.99,0,40480.81,47465.21,107.07,3875.6,27330.03,0,0,0,0
2009-06-23 17:00:00,0,3906.28,0,532.24,17099.63,10152.71,9465.3,0,0,3172.88,20400.35,382.79,0,14934.83,2237.93,5974.54,111762.1,0,22277.53,0,0,133184.29,0,0,0,4100.72,3922.25,0,40115.1,47763.38,107.1,3807.54,27026.98,0,0,0,0
2009-06-23 18:00:00,0,3887.51,0,509.79,16769.84,9677.51,9349.3,0,0,3009.47,19587.63,343.59,0,14918.16,2157.1,5878.03,110049.63,0,22085.78,0,0,131622.25,0,0,0,4010.77,3869.53,0,39386.14,47351.77,105.65,3787.92,26475.27,0,0,0,0
2009-06-23 19:00:00,0,3770.64,0,444.58,16693.77,9084.62,9288.42,0,0,2895.74,18447.55,319.29,0,15107.05,2143.59,5441.38,106767.16,0,21873.88,0,0,122232.87,0,0,0,3876.34,3640.67,0,37943.61,46646.23,100.27,3466.33,25344.03,0,0,0,0
2009-06-23 20:00:00,0,3602.88,0,431.83,15806.72,8581.28,8574.41,0,0,2682.79,17603.68,314.68,0,14271.73,2036.93,5414.54,105084.66,0,20970.2,0,0,120401.5,0,0,0,3736.12,3471.24,0,36338.42,44464.47,98.99,3253.97,24274.9,0,0,0,0
2009-06-23 21:00:00,0,3390.77,0,409.79,14881.52,7976.66,7919.64,0,0,2498.55,16558.82,301.5,0,13410.89,1876.67,5048.0,100449.92,0,19993.62,0,0,112876.88,0,0,0,3515.57,3281.43,0,34872.6,42817.59,94.12,3024.03,23493.73,0,0,0,0
2009-06-23 22:00:00,0,3174.22,0,381.63,13519.06,7258.64,7287.31,0,0,2326.29,15420.59,281.26,0,12575.88,1723.21,4723.59,95913.47,0,18980.4,0,0,106086.44,0,0,0,3229.16,3033.14,0,32278.57,41161.69,88.98,2785.68,21945.78,0,0,0,0
2009-06-23 23:00:00,0,2846.06,0,358.34,12306.77,6592.72,6724.66,0,0,2200.51,14719.12,262.13,0,11759.69,1586.63,4424.83,90667.58,0,17899.11,0,0,100424.6,0,0,0,2982.38,2806.19,0,29808.68,38354.34,84.03,2549.87,20308.73,0,0,0,0
2009-06-24 00:00:00,0,2549.2,0,334.76,11241.51,5954.19,6155.77,0,0,2053.19,13488.86,242.08,0,10948.05,1464.37,4151.16,85620.37,0,16789.66,0,0,95235.07,0,0,0,2753.44,2587.51,0,27735.75,35843.1,79.24,2347.55,18765.53,0,0,0,0
2009-06-24 01:00:00,0,2271.72,0,310.27,10403.34,5434.12,5626.11,0,0,1909.74,12441.88,221.76,0,10405.85,1349.37,3904.63,80730.27,0,15761.09,0,0,90644.46,0,0,0,2596.31,2387.07,0,26002.5,33662.68,74.57,2182.7,17329.98,0,0,0,0
2009-06-24 02:00:00,0,2113.13,0,289.13,9870.71,5026.38,5278.62,0,0,1777.95,11712.05,201.61,0,10289.58,1257.15,3684.66,76226.48,0,14999.27,0,0,86745.01,0,0,0,2522.5,2293.69,0,24646.88,31858.83,70.11,2010.9,16287.99,0,0,0,0
2009-06-24 03:00:00,0,2004.94,0,278.46,9591.99,4877.48,5189.15,0,0,1707.34,11369.99,187.56,0,10331.76,1212.67,3503.15,73363.32,0,14788.2,0,0,84627.14,0,0,0,2453.26,2239.14,0,23754.59,30690.61,67.05,1981.13,15476.33,0,0,0,0
2009-06-24 04:00:00,0,1939.67,0,276.57,9631.66,4894.9,5295.73,0,0,1716.23,11441.4,188.23,0,10545.35,1242.5,3495.71,72148.87,0,14987.69,0,0,84199.13,0,0,0,2450.91,2255.37,0,23590.92,29671.04,65.28,2047.5,15232.68,0,0,0,0
2009-06-24 05:00:00,0,1908.76,0,285.25,9985.83,5072.41,5448.92,0,0,1761.51,11807.48,191.82,0,11063.45,1279.6,3541.73,72257.73,0,15787.44,0,0,85597.25,0,0,0,2482.43,2277.51,0,23797.7,29203.59,64.86,2137.8,15323.0,0,0,0,0
2009-06-24 06:00:00,0,1909.8,0,303.62,10910.99,5363.43,5908.26,0,0,1870.22,12433.23,199.48,0,11721.34,1383.53,3832.32,74879.59,0,17343.72,0,0,91800.28,0,0,0,2568.56,2348.98,0,24786.45,29172.27,65.82,2268.55,15877.46,0,0,0,0
2009-06-24 07:00:00,0,2084.81,0,331.91,11527.07,5862.16,6386.98,0,0,2016.8,13444.53,216.89,0,12565.71,1460.58,4008.87,79254.78,0,18471.09,0,0,96557.41,0,0,0,2727.69,2499.56,0,25791.0,30642.81,69.3,2425.96,16991.79,0,0,0,0
2009-06-24 08:00:00,0,2247.17,0,350.67,12181.5,6354.54,6842.02,0,0,2178.64,14550.97,231.46,0,13051.87,1580.51,4344.61,84970.49,0,19235.85,0,0,102499.06,0,0,0,2933.36,2689.98,0,27523.82,32469.97,75.49,2552.5,18179.37,0,0,0,0
2009-06-24 09:00:00,0,2541.29,0,383.75,12871.01,6981.66,7454.23,0,0,2355.61,15585.04,246.31,0,13353.99,1713.77,4719.44,90096.83,0,20053.61,0,0,108580.78,0,0,0,3140.82,2933.25,0,29610.15,35411.66,81.98,2728.84,19418.9,0,0,0,0
2009-06-24 10:00:00,0,2824.21,0,422.29,13929.51,7768.21,8123.16,0,0,2582.58,17328.48,268.28,0,13674.26,1860.79,5115.88,95667.21,0,20606.01,0,0,115129.37,0,0,0,3389.88,3227.64,0,32764.12,38660.44,88.62,3054.35,20888.48,0,0,0,0
2009-06-24 11:00:00,0,3100.12,0,454.73,14921.18,8532.1,8584.84,0,0,2775.57,18868.12,293.53,0,13982.75,1984.59,5404.16,100931.01,0,21096.9,0,0,119985.75,0,0,0,3594.38,3448.94,0,34950.89,41195.29,93.54,3332.96,22217.12,0,0,0,0
2009-06-24 12:00:00,0,3306.64,0,478.89,15681.14,9140.62,8881.46,0,0,2933.63,19990.02,315.53,0,14239.54,2083.13,5623.26,104796.94,0,21590.84,0,0,124343.43,0,0,0,3743.55,3583.9,0,36466.05,42928.25,97.25,3556.45,23385.01,0,0,0,0
2009-06-24 13:00:00,0,3457.68,0,493.69,16351.05,9582.92,9163.96,0,0,3069.15,20862.63,334.2,0,14416.94,2157.67,5794.67,108011.92,0,21848.87,0,0,127865.91,0,0,0,3879.38,3705.34,0,37832.06,44372.91,100.63,3734.16,24438.45,0,0,0,0
2009-06-24 14:00:00,0,3580.23,0,499.9,16864.28,10002.78,9455.39,0,0,3179.26,21535.95,353.24,0,14595.58,2223.5,5952.14,110217.17,0,22048.43,0,0,131097.33,0,0,0,3995.35,3815.2,0,38998.57,45510.38,103.47,3885.54,25112.9,0,0,0,0
2009-06-24 15:00:00,0,3690.34,0,504.02,17255.66,10348.1,9737.38,0,0,3258.67,21849.44,368.9,0,14712.45,2257.53,6073.82,111462.99,0,21968.3,0,0,133108.12,0,0,0,4089.11,3912.07,0,39964.9,46364.11,105.91,3991.82,25647.44,0,0,0,0
2009-06-24 16:00:00,0,3765.44,0,500.23,17517.7,10459.37,9914.89,0,0,3291.31,21608.96,376.85,0,14794.83,2264.74,6146.07,111789.22,0,21803.84,0,0,134230.57,0,0,0,4148.65,3976.33,0,40399.43,46902.61,107.25,4057.37,26002.07,0,0,0,0
2009-06-24 17:00:00,0,3802.36,0,493.99,17566.35,10368.75,9881.07,0,0,3223.77,20915.94,377.89,0,14860.24,2242.27,6164.12,110964.56,0,21580.47,0,0,133790.93,0,0,0,4143.74,3975.07,0,40112.16,47084.89,107.76,4028.5,25999.26,0,0,0,0
2009-06-24 18:00:00,0,3789.37,0,479.85,17535.88,9928.34,9836.98,0,0,3060.17,19954.22,366.83,0,14913.14,2170.31,6167.88,109382.81,0,21465.2,0,0,132442.98,0,0,0,4051.77,3929.16,0,39561.03,46472.99,106.36,3944.9,25556.79,0,0,0,0
2009-06-24 19:00:00,0,3684.44,0,454.54,17152.51,9295.29,9612.39,0,0,2989.69,18698.04,343.58,0,15142.55,2142.5,5721.4,106258.98,0,21539.18,0,0,125404.62,0,0,0,3906.65,3698.81,0,37695.53,45742.48,100.05,3602.66,24888.03,0,0,0,0
2009-06-24 20:00:00,0,3547.59,0,445.58,16173.88,8941.21,8863.91,0,0,2806.81,18209.28,336.35,0,14356.71,2045.02,5676.31,104984.02,0,20968.81,0,0,123737.78,0,0,0,3780.59,3529.3,0,36128.91,43956.29,98.79,3450.42,23750.48,0,0,0,0
2009-06-24 21:00:00,0,3349.59,0,420.4,15344.55,8393.77,8177.52,0,0,2624.08,17340.84,321.96,0,13519.73,1895.63,5304.26,100937.26,0,20108.32,0,0,116874.09,0,0,0,3558.55,3341.49,0,34569.86,42502.84,94.15,3206.15,23015.49,0,0,0,0
2009-06-24 22:00:00,0,3136.25,0,388.63,13990.68,7668.45,7544.66,0,0,2447.02,16296.05,293.49,0,12620.32,1752.01,4983.07,96944.66,0,18942.41,0,0,110237.3,0,0,0,3265.92,3089.54,0,31749.58,40877.83,89.14,2994.32,21468.91,0,0,0,0
2009-06-24 23:00:00,0,2823.81,0,359.55,12778.82,6945.57,6967.23,0,0,2262.49,15082.21,267.27,0,11791.9,1609.45,4688.45,92344.43,0,17671.64,0,0,104184.45,0,0,0,3023.4,2856.92,0,29376.09,38094.86,84.42,2785.14,19820.34,0,0,0,0
2009-06-25 00:00:00,0,2549.16,0,330.53,11639.75,6239.7,6412.43,0,0,2095.72,13895.87,244.06,0,10998.92,1485.14,4396.82,87709.07,0,16662.69,0,0,98743.97,0,0,0,2801.31,2639.37,0,27304.21,35657.09,79.72,2577.63,18265.24,0,0,0,0
2009-06-25 01:00:00,0,2282.69,0,299.28,10707.17,5692.29,5886.78,0,0,1938.05,12795.46,224.13,0,10667.2,1357.49,4125.04,82606.45,0,15783.18,0,0,93843.63,0,0,0,2629.73,2433.4,0,25605.17,33474.46,75.04,2391.97,16802.33,0,0,0,0
2009-06-25 02:00:00,0,2091.88,0,271.69,10146.0,5320.57,5514.59,0,0,1811.46,12003.11,205.04,0,10653.62,1275.57,3883.06,78144.61,0,15165.64,0,0,89999.74,0,0,0,2517.28,2320.12,0,24378.89,31507.68,70.79,2263.36,15798.04,0,0,0,0
2009-06-25 03:00:00,0,1957.99,0,262.9,9773.57,5106.18,5322.76,0,0,1730.24,11582.29,193.25,0,10731.15,1214.82,3693.88,75449.79,0,14976.46,0,0,87921.53,0,0,0,2449.33,2256.16,0,23565.43,30192.62,66.94,2180.07,15168.01,0,0,0,0
2009-06-25 04:00:00,0,1897.97,0,264.62,9751.9,5028.7,5370.28,0,0,1746.81,11622.64,190.48,0,10894.65,1238.32,3670.65,74104.26,0,15123.81,0,0,87476.3,0,0,0,2444.72,2265.33,0,23425.3,29440.93,64.93,2155.64,15021.49,0,0,0,0
2009-06-25 05:00:00,0,1893.35,0,272.06,10097.42,5118.99,5512.89,0,0,1788.82,11898.51,191.75,0,11446.47,1268.7,3716.45,73930.45,0,16266.94,0,0,89044.82,0,0,0,2494.43,2291.08,0,23526.0,29292.18,64.57,2181.48,15213.83,0,0,0,0
2009-06-25 06:00:00,0,1918.03,0,296.27,11050.46,5373.34,5990.5,0,0,1915.48,12559.65,199.9,0,12399.4,1375.6,3994.7,76469.34,0,18092.27,0,0,94570.47,0,0,0,2584.72,2373.05,0,24553.74,29510.69,65.2,2282.59,15711.02,0,0,0,0
2009-06-25 07:00:00,0,2093.97,0,322.26,11602.29,5929.34,6489.88,0,0,2063.25,13677.87,221.37,0,13070.66,1457.05,4174.89,81063.01,0,19158.79,0,0,100981.85,0,0,0,2781.33,2557.23,0,25658.88,30951.07,68.66,2443.95,16673.08,0,0,0,0
2009-06-25 08:00:00,0,2259.06,0,353.09,12381.3,6465.98,7064.98,0,0,2221.19,14798.27,237.76,0,13667.35,1572.24,4497.46,86789.76,0,20069.39,0,0,108593.0,0,0,0,3018.3,2789.49,0,27708.15,32709.72,75.05,2632.46,18026.3,0,0,0,0
2009-06-25 09:00:00,0,2567.38,0,386.86,13186.85,7112.7,7812.52,0,0,2394.87,15847.61,251.11,0,14325.24,1694.68,4919.51,91427.77,0,21133.8,0,0,117092.71,0,0,0,3265.88,3081.05,0,30107.04,35821.56,82.57,2896.71,19329.87,0,0,0,0
2009-06-25 10:00:00,0,2834.08,0,423.29,14481.72,7912.49,8524.91,0,0,2599.12,17241.22,274.28,0,14879.46,1849.45,5317.89,96174.23,0,21841.83,0,0,125092.72,0,0,0,3524.13,3372.5,0,33306.41,38684.49,88.26,3181.47,21058.32,0,0,0,0
2009-06-25 11:00:00,0,3096.42,0,453.63,15617.4,8703.65,9041.99,0,0,2802.84,18620.8,299.86,0,15433.41,1992.01,5601.02,100757.78,0,22413.53,0,0,130799.71,0,0,0,3744.19,3606.45,0,35715.28,41120.67,92.62,3439.13,22882.27,0,0,0,0
2009-06-25 12:00:00,0,3311.9,0,477.7,16329.14,9301.73,9334.42,0,0,2968.42,19756.47,321.39,0,15949.08,2110.11,5777.5,104900.7,0,23022.8,0,0,135231.82,0,0,0,3916.06,3777.62,0,37298.98,43097.28,97.06,3597.08,24154.73,0,0,0,0
2009-06-25 13:00:00,0,3463.34,0,494.9,16961.49,9621.35,9644.33,0,0,3093.61,20687.15,340.3,0,16448.28,2197.32,5931.87,107843.31,0,23406.51,0,0,137897.29,0,0,0,4036.17,3893.91,0,38652.77,44721.51,100.77,3593.29,25231.75,0,0,0,0
2009-06-25 14:00:00,0,3607.2,0,504.92,17486.58,9860.48,9988.94,0,0,3192.0,21440.08,358.42,0,16916.56,2265.8,6067.84,109724.03,0,23817.87,0,0,140288.46,0,0,0,4136.69,4000.13,0,39826.55,46142.78,104.14,3628.99,26037.12,0,0,0,0
2009-06-25 15:00:00,0,3736.0,0,511.68,17823.91,10069.88,10258.26,0,0,3248.58,21771.01,374.96,0,17450.17,2307.44,6143.14,111023.93,0,24015.17,0,0,141181.74,0,0,0,4239.29,4080.06,0,40615.7,47269.51,106.86,3758.93,26620.04,0,0,0,0
2009-06-25 16:00:00,0,3839.47,0,515.04,18025.69,10081.38,10314.72,0,0,3253.16,21683.66,384.41,0,17939.75,2312.33,6163.19,111602.06,0,24052.52,0,0,142202.75,0,0,0,4298.72,4138.47,0,40850.64,48084.24,108.67,3835.04,26937.69,0,0,0,0
2009-06-25 17:00:00,0,3905.82,0,502.19,18013.6,9864.11,10211.89,0,0,3182.44,21220.02,387.81,0,14860.24,2277.9,6084.95,111131.45,0,23935.88,0,0,141615.82,0,0,0,4281.83,4122.63,0,40463.83,48409.12,109.69,3782.27,26953.19,0,0,0,0
2009-06-25 18:00:00,0,3908.39,0,486.05,17761.83,9504.77,10148.23,0,0,3024.17,20496.29,382.02,0,18019.54,2187.69,5974.04,109817.81,0,23491.94,0,0,140784.43,0,0,0,4172.06,4058.62,0,39374.7,48151.53,109.04,3664.39,26792.53,0,0,0,0
2009-06-25 19:00:00,0,3845.88,0,457.28,17486.7,9059.09,9904.69,0,0,2915.81,19332.06,356.43,0,17802.66,2137.05,5562.74,105937.47,0,22936.52,0,0,132584.74,0,0,0,4042.83,3853.63,0,37349.43,47627.84,101.92,3420.69,25529.9,0,0,0,0
2009-06-25 20:00:00,0,3723.11,0,444.39,16524.56,8642.48,9201.36,0,0,2737.4,18623.21,342.35,0,16706.38,2037.2,5540.57,104763.36,0,22606.68,0,0,130027.92,0,0,0,3928.93,3675.72,0,36084.78,45791.87,101.4,3309.36,24540.65,0,0,0,0
2009-06-25 21:00:00,0,3508.32,0,419.85,15809.61,8073.37,8539.87,0,0,2557.8,17550.76,313.25,0,15582.95,1892.79,5229.71,100610.59,0,21544.3,0,0,122750.09,0,0,0,3735.44,3512.34,0,34692.57,44116.55,96.27,3107.87,23746.77,0,0,0,0
2009-06-25 22:00:00,0,3295.99,0,384.9,14543.14,7389.13,7907.19,0,0,2383.15,16381.25,285.55,0,14544.6,1753.96,4934.86,96205.37,0,20148.11,0,0,116083.45,0,0,0,3446.02,3285.09,0,32172.62,42342.22,90.37,2906.18,22194.01,0,0,0,0
2009-06-25 23:00:00,0,2955.47,0,351.69,13346.35,6712.55,7327.16,0,0,2219.39,15216.34,262.42,0,13502.32,1608.04,4648.38,90887.47,0,18945.49,0,0,110135.89,0,0,0,3204.9,3060.28,0,29807.58,39362.48,84.95,2706.28,20585.16,0,0,0,0
2009-06-26 00:00:00,0,2650.83,0,321.25,12253.63,6060.15,6783.96,0,0,2066.52,14082.43,240.04,0,12475.88,1473.13,4371.37,85733.47,0,17734.97,0,0,104662.84,0,0,0,2996.54,2847.67,0,27769.49,36754.98,79.95,2514.17,19090.29,0,0,0,0
2009-06-26 01:00:00,0,2377.14,0,294.29,11283.81,5561.7,6283.14,0,0,1927.98,13030.45,219.64,0,11837.97,1357.15,4107.75,80605.35,0,16715.88,0,0,99616.96,0,0,0,2825.92,2626.91,0,26118.17,34539.47,75.41,2334.79,17724.0,0,0,0,0
2009-06-26 02:00:00,0,2173.78,0,270.35,10618.92,5238.13,5850.27,0,0,1808.83,12266.42,202.93,0,11578.24,1268.12,3853.28,75751.29,0,16160.63,0,0,95022.36,0,0,0,2719.54,2485.03,0,24813.56,32625.76,71.03,2211.21,16663.43,0,0,0,0
2009-06-26 03:00:00,0,2050.29,0,260.47,10244.16,5045.39,5599.94,0,0,1728.45,11799.46,191.32,0,11443.71,1223.09,3690.38,72452.82,0,15884.77,0,0,92523.82,0,0,0,2662.43,2428.07,0,23980.46,31335.91,67.07,2144.71,15967.88,0,0,0,0
2009-06-26 04:00:00,0,1975.72,0,265.9,10116.02,5001.18,5645.07,0,0,1737.93,11750.12,192.34,0,11418.85,1254.31,3677.2,71071.65,0,15877.16,0,0,91662.55,0,0,0,2667.9,2439.41,0,23822.23,30388.12,64.98,2147.76,15658.25,0,0,0,0
2009-06-26 05:00:00,0,1953.41,0,275.51,10391.56,5134.9,5772.94,0,0,1775.61,12018.27,197.57,0,12472.25,1289.08,3730.87,71293.41,0,17219.37,0,0,93002.94,0,0,0,2712.94,2472.81,0,23947.67,29983.78,64.8,2194.52,15809.15,0,0,0,0
2009-06-26 06:00:00,0,1962.96,0,301.05,11312.37,5375.48,6256.84,0,0,1895.68,12718.14,207.26,0,13452.73,1386.58,4015.87,73466.6,0,18685.25,0,0,98124.94,0,0,0,2786.63,2541.04,0,25022.98,30150.67,65.76,2290.05,16311.98,0,0,0,0
2009-06-26 07:00:00,0,2141.67,0,333.25,11969.02,5877.08,6796.99,0,0,2043.04,13926.29,228.4,0,14533.97,1487.02,4297.88,77408.88,0,20403.74,0,0,103118.28,0,0,0,2941.5,2699.86,0,26108.13,31619.25,68.88,2443.61,17217.98,0,0,0,0
2009-06-26 08:00:00,0,2323.94,0,366.12,12747.27,6378.57,7313.13,0,0,2182.71,15026.54,239.22,0,15637.96,1577.79,4588.41,82519.71,0,21616.31,0,0,107459.8,0,0,0,3099.86,2859.8,0,28226.28,33409.36,75.32,2635.35,18679.27,0,0,0,0
2009-06-26 09:00:00,0,2643.97,0,396.91,13708.58,6955.08,8003.44,0,0,2366.52,16208.13,254.31,0,16562.97,1745.4,4942.17,87467.65,0,22008.9,0,0,112082.27,0,0,0,3266.86,3050.87,0,30701.04,36670.04,82.61,2871.61,20199.26,0,0,0,0
2009-06-26 10:00:00,0,2913.49,0,429.64,14980.91,7637.91,8723.37,0,0,2587.94,17472.97,279.74,0,17249.83,1923.22,5343.95,91960.25,0,22677.94,0,0,117728.16,0,0,0,3540.67,3335.49,0,33753.9,39556.79,89.01,3068.35,22372.2,0,0,0,0
2009-06-26 11:00:00,0,3173.02,0,457.93,16061.06,8356.72,9242.85,0,0,2788.32,18739.23,307.13,0,17772.26,2083.56,5660.49,96388.5,0,23192.47,0,0,124080.96,0,0,0,3768.02,3578.97,0,35783.52,41882.29,94.38,3241.14,24079.68,0,0,0,0
2009-06-26 12:00:00,0,3394.84,0,482.2,16822.94,8925.74,9597.71,0,0,2931.16,19759.91,328.4,0,18215.3,2206.39,5933.48,99639.97,0,23693.81,0,0,128785.96,0,0,0,3909.69,3735.6,0,37285.31,43828.01,98.69,3370.25,25444.2,0,0,0,0
2009-06-26 13:00:00,0,3544.73,0,497.65,17422.91,9380.21,9877.27,0,0,3038.33,20598.36,341.39,0,18555.51,2305.14,6107.23,101968.57,0,23859.44,0,0,132625.99,0,0,0,4021.47,3840.13,0,38526.66,45376.07,102.3,3455.96,26611.31,0,0,0,0
2009-06-26 14:00:00,0,3664.2,0,511.0,17857.09,9643.78,10123.44,0,0,3087.45,21156.34,354.07,0,18951.42,2374.97,6244.86,103703.59,0,23738.31,0,0,135972.18,0,0,0,4128.47,3938.49,0,39637.81,46687.37,105.33,3542.14,27563.5,0,0,0,0
2009-06-26 15:00:00,0,3763.99,0,519.49,18242.74,9723.55,10373.17,0,0,3091.59,21414.03,363.17,0,19180.37,2424.6,6322.57,104846.89,0,23876.02,0,0,138137.83,0,0,0,4212.88,4020.97,0,40488.34,47660.19,107.72,3584.65,28110.41,0,0,0,0
2009-06-26 16:00:00,0,3830.87,0,517.11,18490.09,9665.17,10535.34,0,0,3080.37,21324.66,363.77,0,19273.41,2433.24,6304.12,105241.87,0,23802.48,0,0,138166.61,0,0,0,4247.08,4074.79,0,40964.63,48345.89,109.18,3583.89,28391.49,0,0,0,0
2009-06-26 17:00:00,0,3872.67,0,506.41,18512.56,9346.15,10539.5,0,0,2960.85,20439.53,362.9,0,19228.21,2412.6,6221.95,104496.0,0,23948.93,0,0,137497.21,0,0,0,4250.74,4088.31,0,40797.68,48485.24,109.77,3482.45,28329.3,0,0,0,0
2009-06-26 18:00:00,0,3855.07,0,487.97,18086.44,8953.71,10440.62,0,0,2861.09,19753.23,355.66,0,18945.38,2319.17,6044.68,102075.57,0,23560.08,0,0,134235.53,0,0,0,4191.25,4049.16,0,40028.81,47997.78,108.76,3333.07,28010.75,0,0,0,0
2009-06-26 19:00:00,0,3689.63,0,434.3,16496.21,8366.43,9964.31,0,0,2727.5,18694.88,326.92,0,18134.0,2159.95,5342.28,94286.54,0,21622.02,0,0,118213.66,0,0,0,3982.03,3871.41,0,37768.82,44810.61,95.29,3129.82,25264.57,0,0,0,0
2009-06-26 20:00:00,0,3513.47,0,430.14,16178.84,8088.62,9347.67,0,0,2586.49,17712.56,322.95,0,16995.58,2040.27,5402.77,94012.27,0,21167.08,0,0,117663.35,0,0,0,3891.61,3749.61,0,36682.08,44128.21,94.92,3034.98,24674.38,0,0,0,0
2009-06-26 21:00:00,0,3292.61,0,402.38,15425.86,7711.89,8691.59,0,0,2438.71,16638.76,309.82,0,15910.72,1913.72,5069.1,90075.41,0,20194.35,0,0,110847.02,0,0,0,3732.82,3594.7,0,35277.47,42540.97,89.68,2886.43,24004.02,0,0,0,0
2009-06-26 22:00:00,0,3119.47,0,371.58,14193.94,7140.9,8101.13,0,0,2288.77,15620.81,285.41,0,14863.27,1791.6,4758.83,86395.23,0,18851.02,0,0,104456.2,0,0,0,3477.23,3389.3,0,32820.02,40495.36,84.16,2738.96,22681.46,0,0,0,0
2009-06-26 23:00:00,0,2831.71,0,343.66,13056.09,6563.27,7570.62,0,0,2145.58,14628.3,262.53,0,13876.37,1666.11,4448.48,81476.1,0,17701.47,0,0,98658.27,0,0,0,3239.8,3188.17,0,30526.36,38505.49,79.34,2595.12,21049.47,0,0,0,0
2009-06-27 00:00:00,0,2554.52,0,315.92,12075.53,6012.39,7006.37,0,0,1998.67,13671.55,241.6,0,12903.46,1555.9,4132.48,76829.96,0,16652.09,0,0,93180.44,0,0,0,3018.1,2979.45,0,28481.07,36414.51,74.76,2449.81,19513.56,0,0,0,0
2009-06-27 01:00:00,0,2311.64,0,293.56,11213.4,5521.34,6495.34,0,0,1871.56,12805.82,221.07,0,12122.69,1451.7,3848.78,72337.8,0,15733.02,0,0,88505.1,0,0,0,2840.61,2783.15,0,27082.77,34428.84,70.38,2310.98,18134.31,0,0,0,0
2009-06-27 02:00:00,0,2133.41,0,271.3,10536.64,5241.3,6070.35,0,0,1769.8,12093.16,204.14,0,11728.8,1360.65,3618.25,68804.44,0,14938.98,0,0,84837.02,0,0,0,2694.75,2614.54,0,25890.37,32602.3,66.43,2203.44,16983.26,0,0,0,0
2009-06-27 03:00:00,0,1970.08,0,258.59,9966.3,5059.32,5808.35,0,0,1694.97,11662.19,195.07,0,11605.97,1286.47,3453.81,66263.49,0,14373.38,0,0,81980.35,0,0,0,2585.38,2487.68,0,24920.87,30871.53,63.13,2134.3,16142.34,0,0,0,0
2009-06-27 04:00:00,0,1862.86,0,255.05,9760.14,4920.87,5602.2,0,0,1670.17,11365.51,189.45,0,11451.73,1258.46,3316.74,64212.8,0,14031.76,0,0,80161.1,0,0,0,2529.48,2424.11,0,24146.19,29557.16,61.29,2099.78,15422.07,0,0,0,0
2009-06-27 05:00:00,0,1809.76,0,254.3,9648.44,4913.99,5535.62,0,0,1675.27,11370.78,188.97,0,11497.18,1261.85,3251.58,63203.72,0,14032.61,0,0,79352.98,0,0,0,2505.4,2422.19,0,23705.95,28719.15,60.28,2101.9,14950.85,0,0,0,0
2009-06-27 06:00:00,0,1809.65,0,261.36,9991.07,5096.25,5694.5,0,0,1715.27,11560.64,193.34,0,11967.1,1296.22,3290.42,63604.26,0,14813.43,0,0,80816.74,0,0,0,2554.28,2503.98,0,23749.05,28389.31,59.4,2157.82,14984.48,0,0,0,0
2009-06-27 07:00:00,0,1957.18,0,277.27,10829.81,5598.47,6326.65,0,0,1836.59,12549.89,208.43,0,12505.91,1369.84,3433.49,65520.94,0,15632.47,0,0,84844.45,0,0,0,2748.73,2776.8,0,24502.05,28664.4,60.72,2310.77,15571.23,0,0,0,0
2009-06-27 08:00:00,0,2221.66,0,313.36,11857.01,6247.07,7192.94,0,0,2018.37,14067.97,224.83,0,13163.99,1511.7,3669.24,69847.01,0,16654.35,0,0,90983.22,0,0,0,3065.53,3151.72,0,27036.24,30469.88,64.71,2491.98,16876.78,0,0,0,0
2009-06-27 09:00:00,0,2593.0,0,350.93,13137.34,6862.58,8160.58,0,0,2231.01,15935.21,244.59,0,13723.92,1684.15,4127.01,74299.02,0,17525.52,0,0,96488.22,0,0,0,3427.53,3530.58,0,30148.51,33321.62,71.08,2723.81,18727.17,0,0,0,0
2009-06-27 10:00:00,0,2922.05,0,383.6,14110.72,7449.78,8911.75,0,0,2460.98,17722.97,264.84,0,14073.39,1826.2,4579.49,79451.69,0,18145.82,0,0,102263.79,0,0,0,3733.48,3828.48,0,33082.91,35928.02,76.61,2885.68,20964.86,0,0,0,0
2009-06-27 11:00:00,0,3222.87,0,411.97,14809.07,7897.8,9400.79,0,0,2629.32,18960.23,277.94,0,14379.09,1952.23,4901.76,85049.75,0,18646.14,0,0,106398.43,0,0,0,3933.77,4015.05,0,35347.06,38047.1,81.07,2998.78,22805.59,0,0,0,0
2009-06-27 12:00:00,0,3427.77,0,434.19,15334.4,8136.85,9735.38,0,0,2689.71,19679.27,296.48,0,14659.81,2060.62,5142.17,89212.43,0,19126.3,0,0,109840.28,0,0,0,4063.3,4139.94,0,36929.26,39600.91,84.43,3037.58,24020.21,0,0,0,0
2009-06-27 13:00:00,0,3580.27,0,452.14,15769.05,8395.07,9919.86,0,0,2767.5,20290.44,308.95,0,14971.92,2139.99,5294.14,91837.13,0,19565.32,0,0,113096.62,0,0,0,4157.02,4231.39,0,38131.42,40780.1,87.39,3094.45,25013.55,0,0,0,0
2009-06-27 14:00:00,0,3705.91,0,458.93,16184.94,8662.71,10027.26,0,0,2821.22,20681.04,319.77,0,15358.27,2174.71,5422.84,93794.63,0,19905.13,0,0,115072.14,0,0,0,4245.68,4321.01,0,39187.34,41784.52,90.03,3198.13,25748.38,0,0,0,0
2009-06-27 15:00:00,0,3820.07,0,460.21,16409.79,8939.07,10097.69,0,0,2836.18,20838.43,331.24,0,15916.13,2222.54,5522.41,95532.1,0,20200.25,0,0,117247.4,0,0,0,4336.67,4388.21,0,39941.91,42578.17,92.37,3318.1,26288.43,0,0,0,0
2009-06-27 16:00:00,0,3896.95,0,465.96,16488.2,9049.89,10119.8,0,0,2820.66,20515.06,341.36,0,16078.67,2268.88,5598.99,96505.24,0,20496.46,0,0,118733.17,0,0,0,4391.32,4416.45,0,40342.89,43265.03,94.79,3379.97,26606.67,0,0,0,0
2009-06-27 17:00:00,0,3936.34,0,470.66,16523.51,9159.8,10098.07,0,0,2837.78,20051.54,344.39,0,16087.3,2279.73,5645.59,96989.45,0,20482.29,0,0,118608.81,0,0,0,4392.05,4359.91,0,40192.93,43664.29,96.49,3423.74,26740.06,0,0,0,0
2009-06-27 18:00:00,0,3906.76,0,453.4,16213.09,8946.31,9900.83,0,0,2783.15,19751.51,339.61,0,16084.01,2249.28,5664.23,95884.57,0,20207.46,0,0,117679.05,0,0,0,4268.98,4202.72,0,39318.24,43436.08,96.52,3359.47,26396.69,0,0,0,0
2009-06-27 19:00:00,0,3828.87,0,435.18,16079.55,8569.17,9821.31,0,0,2791.15,19018.47,319.1,0,16798.28,2105.88,5376.54,95743.19,0,20817.66,0,0,114950.13,0,0,0,4147.31,3990.5,0,38338.53,43631.0,96.0,3302.85,25259.84,0,0,0,0
2009-06-27 20:00:00,0,3641.59,0,433.29,15672.93,8285.2,9059.04,0,0,2637.86,18065.75,318.11,0,15688.2,2027.25,5389.98,95168.66,0,20935.23,0,0,114136.16,0,0,0,4030.71,3823.81,0,37273.1,42875.18,95.29,3198.29,24658.07,0,0,0,0
2009-06-27 21:00:00,0,3451.33,0,412.12,14827.3,7910.16,8372.65,0,0,2477.75,16926.01,307.3,0,14606.21,1913.84,5008.08,91813.44,0,19748.11,0,0,107315.21,0,0,0,3875.82,3637.15,0,35974.75,41215.51,89.86,3017.43,23976.75,0,0,0,0
2009-06-27 22:00:00,0,3246.25,0,386.66,13468.8,7312.75,7715.97,0,0,2316.77,15829.85,285.8,0,13597.62,1793.27,4665.81,88731.0,0,18475.87,0,0,101262.02,0,0,0,3579.95,3386.53,0,33597.97,38822.51,84.76,2849.3,22654.87,0,0,0,0
2009-06-27 23:00:00,0,2969.49,0,357.76,12193.37,6708.23,7077.28,0,0,2167.74,14801.41,264.86,0,12634.78,1669.84,4350.59,84410.25,0,17286.3,0,0,95847.6,0,0,0,3329.54,3160.82,0,31237.82,36556.25,80.29,2678.51,21063.03,0,0,0,0
2009-06-28 00:00:00,0,2687.68,0,328.12,11127.71,6133.05,6484.91,0,0,2018.68,13835.39,245.06,0,11730.05,1551.91,4043.09,79817.72,0,16283.81,0,0,90747.85,0,0,0,3110.81,2958.48,0,29038.45,34152.32,75.88,2513.84,19526.53,0,0,0,0
2009-06-28 01:00:00,0,2495.24,0,301.69,10232.75,5631.42,5942.95,0,0,1889.85,12975.75,228.61,0,11106.14,1446.19,3782.32,75084.12,0,15322.61,0,0,86214.53,0,0,0,2889.92,2744.13,0,27512.95,32265.1,71.67,2359.87,18176.55,0,0,0,0
2009-06-28 02:00:00,0,2331.57,0,278.25,9522.42,5286.69,5511.01,0,0,1778.48,12243.22,213.35,0,10910.17,1353.69,3577.63,70923.02,0,14642.86,0,0,82762.02,0,0,0,2700.05,2548.3,0,26282.46,30413.6,68.61,2227.49,17058.15,0,0,0,0
2009-06-28 03:00:00,0,2145.24,0,260.49,9027.63,5097.96,5194.59,0,0,1710.15,11822.35,202.75,0,10815.97,1290.53,3430.61,67465.08,0,14148.12,0,0,80091.92,0,0,0,2565.6,2390.99,0,25339.16,28764.19,65.36,2151.33,16186.58,0,0,0,0
2009-06-28 04:00:00,0,1980.27,0,255.1,8806.83,4958.31,5033.26,0,0,1680.01,11508.16,195.4,0,10831.05,1266.94,3318.27,65262.05,0,13820.11,0,0,78999.72,0,0,0,2465.82,2313.61,0,24577.01,27202.18,62.57,2107.18,15423.61,0,0,0,0
2009-06-28 05:00:00,0,1840.71,0,255.07,8724.63,4931.5,4975.68,0,0,1684.79,11462.0,194.09,0,10851.76,1276.91,3258.57,64050.96,0,13945.71,0,0,78819.98,0,0,0,2423.47,2288.44,0,24169.11,25933.89,60.98,2090.45,14879.21,0,0,0,0
2009-06-28 06:00:00,0,1768.93,0,263.85,9143.97,5123.0,5136.14,0,0,1726.23,11699.93,198.48,0,11088.51,1323.53,3363.8,63577.1,0,14640.64,0,0,80368.68,0,0,0,2405.32,2345.14,0,24124.75,25201.31,59.92,2151.28,14950.86,0,0,0,0
2009-06-28 07:00:00,0,1809.81,0,290.32,9793.67,5679.22,5621.22,0,0,1862.69,12797.94,215.06,0,11462.17,1411.66,3570.66,64592.88,0,15544.7,0,0,84378.98,0,0,0,2578.53,2544.98,0,24826.26,25015.04,60.95,2322.07,15610.53,0,0,0,0
2009-06-28 08:00:00,0,1879.94,0,323.92,10552.5,6388.93,6243.01,0,0,2053.76,14370.14,233.93,0,11839.43,1557.52,3895.0,66926.68,0,16415.53,0,0,88855.36,0,0,0,2843.79,2796.64,0,26949.25,25852.38,63.46,2521.96,17161.99,0,0,0,0
2009-06-28 09:00:00,0,1967.16,0,361.72,11349.79,7042.37,6963.59,0,0,2263.06,16169.76,251.57,0,12185.19,1719.86,4171.45,70112.55,0,17196.14,0,0,92219.78,0,0,0,3147.24,3098.05,0,30007.73,27481.59,66.0,2766.29,19075.47,0,0,0,0
2009-06-28 10:00:00,0,2119.32,0,393.43,12251.29,7709.97,7481.18,0,0,2496.79,17884.27,272.13,0,12615.81,1863.76,4455.65,73451.86,0,17936.2,0,0,96422.42,0,0,0,3363.78,3335.05,0,32921.63,29475.55,70.07,2973.28,21302.75,0,0,0,0
2009-06-28 11:00:00,0,2297.49,0,420.48,13050.87,8266.83,7896.24,0,0,2683.48,19000.26,286.29,0,13085.15,1985.05,4772.81,77303.75,0,18596.01,0,0,100675.29,0,0,0,3545.87,3531.3,0,35207.4,31266.17,73.06,3151.51,22834.02,0,0,0,0
2009-06-28 12:00:00,0,2461.95,0,442.31,13831.62,8746.61,8254.36,0,0,2805.93,19691.14,300.99,0,13508.4,2090.47,4978.61,80146.81,0,19053.72,0,0,104665.74,0,0,0,3696.66,3670.19,0,36877.88,32881.26,75.41,3300.08,24029.92,0,0,0,0
2009-06-28 13:00:00,0,2562.33,0,460.94,14570.29,9137.78,8544.83,0,0,2890.64,20006.68,315.49,0,13823.36,2190.4,5033.03,81695.39,0,19560.02,0,0,107368.3,0,0,0,3823.36,3786.33,0,38302.48,34140.82,77.49,3421.63,24859.68,0,0,0,0
2009-06-28 14:00:00,0,2651.12,0,475.76,15344.38,9463.31,8882.28,0,0,2962.52,20389.62,328.29,0,14263.32,2276.78,4886.99,82408.86,0,19935.92,0,0,109551.32,0,0,0,3939.42,3907.45,0,39435.01,35293.21,79.7,3514.96,25118.2,0,0,0,0
2009-06-28 15:00:00,0,2718.3,0,484.33,15796.46,9614.35,9133.47,0,0,2999.83,20477.46,339.33,0,14524.61,2325.26,4987.64,82153.89,0,20446.45,0,0,110936.79,0,0,0,4051.48,4008.11,0,40238.03,36206.97,81.17,3575.99,25092.18,0,0,0,0
2009-06-28 16:00:00,0,2753.03,0,491.4,16231.98,9702.75,9381.37,0,0,2974.5,20270.01,349.9,0,14677.65,2338.38,5057.29,81023.71,0,20802.59,0,0,110740.49,0,0,0,4151.13,4089.24,0,40607.12,36877.42,81.88,3602.04,25030.78,0,0,0,0
2009-06-28 17:00:00,0,2755.1,0,493.88,16561.85,9649.32,9553.23,0,0,2923.73,19764.28,356.71,0,14673.43,2255.84,5109.0,80512.32,0,20889.59,0,0,110688.37,0,0,0,4195.99,4103.82,0,40616.41,37032.36,81.63,3547.17,24826.92,0,0,0,0
2009-06-28 18:00:00,0,2755.78,0,484.72,16421.23,9375.09,9633.08,0,0,2835.97,19508.16,354.06,0,14590.75,2213.51,5085.16,80769.43,0,20512.91,0,0,109869.49,0,0,0,4174.1,4067.9,0,39951.37,37029.99,81.21,3443.9,24112.98,0,0,0,0
2009-06-28 19:00:00,0,2761.73,0,469.22,17383.89,9065.86,9811.96,0,0,2853.69,18774.65,336.8,0,16070.51,2129.09,5077.03,85473.53,0,22611.14,0,0,110600.41,0,0,0,4214.73,3903.98,0,38919.23,40007.51,86.22,3425.9,24520.11,0,0,0,0
2009-06-28 20:00:00,0,2713.95,0,453.09,16607.97,8731.95,9140.24,0,0,2698.46,18119.67,339.13,0,15189.45,2046.05,5034.17,86528.85,0,22146.1,0,0,111133.09,0,0,0,4080.63,3775.41,0,37258.53,38419.55,86.82,3375.61,23561.17,0,0,0,0
2009-06-28 21:00:00,0,2521.47,0,424.85,15806.49,8223.03,8536.92,0,0,2526.69,17045.0,321.62,0,14269.08,1909.28,4645.37,83444.91,0,21278.86,0,0,105659.97,0,0,0,3874.89,3602.33,0,35754.62,37239.9,82.45,3184.66,22866.28,0,0,0,0
2009-06-28 22:00:00,0,2359.26,0,393.12,14592.98,7562.94,7935.97,0,0,2380.05,16069.75,299.08,0,13468.04,1767.64,4307.48,79660.71,0,19913.59,0,0,100098.94,0,0,0,3607.34,3389.65,0,33335.58,35680.0,77.06,2987.36,21277.16,0,0,0,0
2009-06-28 23:00:00,0,2121.2,0,364.57,13468.81,6922.38,7391.75,0,0,2248.69,15059.11,277.43,0,12580.16,1636.22,4013.8,75393.56,0,18890.59,0,0,95043.17,0,0,0,3337.28,3157.31,0,31074.84,33203.47,72.42,2791.54,19625.27,0,0,0,0
2009-06-29 00:00:00,0,1908.53,0,336.49,12317.82,6327.71,6884.99,0,0,2105.62,14048.73,256.58,0,11724.25,1523.34,3759.43,71688.53,0,17906.29,0,0,89914.64,0,0,0,3114.53,2946.34,0,28889.25,30993.18,67.73,2601.14,18020.23,0,0,0,0
2009-06-29 01:00:00,0,1727.02,0,308.51,11305.34,5789.52,6414.02,0,0,1961.82,13123.73,234.89,0,11305.1,1421.4,3540.37,68130.57,0,16685.1,0,0,85224.51,0,0,0,2930.01,2750.62,0,27100.18,29042.97,64.83,2424.72,16575.13,0,0,0,0
2009-06-29 02:00:00,0,1595.6,0,282.25,10852.83,5419.98,5993.24,0,0,1836.66,12372.73,214.89,0,11186.21,1330.11,3343.41,64856.77,0,15920.21,0,0,81288.11,0,0,0,2803.75,2579.96,0,25788.98,27513.55,62.38,2293.63,15507.74,0,0,0,0
2009-06-29 03:00:00,0,1530.57,0,269.41,10439.24,5204.9,5753.78,0,0,1755.11,11976.97,203.06,0,11237.31,1277.49,3218.37,62624.6,0,15516.38,0,0,79463.22,0,0,0,2723.02,2501.67,0,24893.97,26645.42,60.19,2225.78,14704.87,0,0,0,0
2009-06-29 04:00:00,0,1521.36,0,271.3,10380.38,5167.12,5803.29,0,0,1770.47,11988.02,203.76,0,11360.46,1291.74,3235.8,61700.45,0,15540.87,0,0,79624.27,0,0,0,2692.22,2455.33,0,24602.68,26013.95,59.76,2219.5,14541.27,0,0,0,0
2009-06-29 05:00:00,0,1554.15,0,278.9,10643.51,5297.9,5923.54,0,0,1820.79,12311.21,208.55,0,11809.09,1332.54,3309.3,62511.04,0,16117.75,0,0,81374.35,0,0,0,2712.84,2455.15,0,24764.86,25937.97,60.59,2272.92,14687.13,0,0,0,0
2009-06-29 06:00:00,0,1593.97,0,299.89,11460.55,5549.73,6363.18,0,0,1931.8,12882.79,218.02,0,12818.45,1421.19,3586.48,64951.57,0,18162.53,0,0,88208.76,0,0,0,2791.16,2539.94,0,25439.68,26128.05,61.34,2384.08,15086.46,0,0,0,0
2009-06-29 07:00:00,0,1745.84,0,339.2,12046.74,6096.29,6815.05,0,0,2084.19,14114.71,238.22,0,13586.64,1515.34,3798.96,69003.05,0,19193.33,0,0,92850.6,0,0,0,3014.87,2761.22,0,26823.18,27742.15,63.1,2573.53,15899.03,0,0,0,0
2009-06-29 08:00:00,0,1881.62,0,364.17,12403.9,6617.12,7124.52,0,0,2224.13,15006.88,250.83,0,14292.32,1619.38,4129.73,72570.81,0,20085.69,0,0,98233.57,0,0,0,3209.76,2973.73,0,28156.49,29174.49,66.07,2742.75,16929.82,0,0,0,0
2009-06-29 09:00:00,0,2088.97,0,399.31,12944.92,7219.55,7565.39,0,0,2386.88,15985.3,267.67,0,14777.93,1787.17,4408.39,76131.87,0,20911.58,0,0,102496.07,0,0,0,3413.46,3215.84,0,30104.11,31887.93,72.11,2956.72,18089.12,0,0,0,0
2009-06-29 10:00:00,0,2325.92,0,436.19,13726.33,7835.91,8100.37,0,0,2571.7,17254.99,288.85,0,15202.14,1960.54,4641.31,79633.82,0,21618.68,0,0,105167.13,0,0,0,3700.36,3514.82,0,32200.06,34227.2,76.9,3156.84,18803.78,0,0,0,0
2009-06-29 11:00:00,0,2589.96,0,466.53,14348.71,8326.69,8584.88,0,0,2788.03,18711.88,308.66,0,15680.55,2130.25,4842.99,82688.62,0,22188.46,0,0,108505.3,0,0,0,3932.31,3751.83,0,33783.44,36673.54,81.06,3284.72,19680.92,0,0,0,0
2009-06-29 12:00:00,0,2774.73,0,493.92,14956.31,8711.9,8913.17,0,0,2902.92,19675.43,330.64,0,16148.76,2271.04,4991.34,85273.73,0,22614.68,0,0,110628.17,0,0,0,4065.73,3896.88,0,34866.06,38583.57,85.47,3384.97,20760.75,0,0,0,0
2009-06-29 13:00:00,0,2914.42,0,513.47,15454.71,9070.66,9198.99,0,0,2949.98,20318.33,340.7,0,16546.39,2388.11,5067.63,87183.33,0,22952.2,0,0,112412.53,0,0,0,4129.83,3967.96,0,35705.6,39956.84,89.47,3505.93,21481.24,0,0,0,0
2009-06-29 14:00:00,0,3038.38,0,521.78,15916.15,9447.13,9483.28,0,0,2998.36,20779.27,352.82,0,16942.49,2475.73,5098.45,88398.01,0,23303.39,0,0,114157.18,0,0,0,4220.79,4043.41,0,36341.59,41094.66,91.34,3647.99,22076.53,0,0,0,0
2009-06-29 15:00:00,0,3147.16,0,510.46,16252.62,9644.57,9745.09,0,0,2995.29,20775.16,364.81,0,17353.4,2516.39,5110.65,88581.85,0,23644.0,0,0,115337.84,0,0,0,4317.04,4124.71,0,36844.6,41878.75,93.62,3756.62,22500.59,0,0,0,0
2009-06-29 16:00:00,0,3225.76,0,474.99,16491.29,9651.02,9938.89,0,0,3003.22,20359.24,369.05,0,17708.55,2385.92,5126.76,88353.29,0,23849.18,0,0,116024.03,0,0,0,4337.09,4162.9,0,36990.11,42345.14,95.38,3797.33,22610.32,0,0,0,0
2009-06-29 17:00:00,0,3244.16,0,462.05,16567.32,9573.36,9934.87,0,0,2965.2,19885.56,367.25,0,17875.76,2212.61,5137.61,88003.05,0,23890.03,0,0,116111.21,0,0,0,4346.66,4168.98,0,36972.16,42473.98,95.26,3754.33,22566.1,0,0,0,0
2009-06-29 18:00:00,0,3222.81,0,450.67,16386.32,9284.36,9838.08,0,0,2899.86,19366.08,354.45,0,17747.83,2060.35,5124.49,87240.42,0,23506.01,0,0,116132.89,0,0,0,4258.03,4104.67,0,36226.0,42003.29,94.72,3611.65,22556.18,0,0,0,0
2009-06-29 19:00:00,0,3161.21,0,432.32,16566.18,8877.5,9693.7,0,0,2813.09,18716.48,335.48,0,17834.0,1977.7,4904.74,85291.54,0,23236.82,0,0,110941.26,0,0,0,4134.39,3859.5,0,35237.42,41176.4,90.31,3361.77,23146.2,0,0,0,0
2009-06-29 20:00:00,0,3039.53,0,417.9,15445.68,8525.75,8921.45,0,0,2655.59,17933.34,330.73,0,16806.02,1866.73,4925.24,85431.66,0,22845.55,0,0,110699.44,0,0,0,3945.07,3651.59,0,33793.15,39414.31,91.08,3277.57,22047.2,0,0,0,0
2009-06-29 21:00:00,0,2812.38,0,397.37,14627.82,8004.24,8254.0,0,0,2498.23,16998.56,314.95,0,15613.96,1764.13,4602.26,82748.18,0,21626.22,0,0,104373.4,0,0,0,3673.95,3441.49,0,31978.7,38295.95,86.83,3097.63,21332.07,0,0,0,0
2009-06-29 22:00:00,0,2614.52,0,370.42,13364.75,7357.71,7657.95,0,0,2347.53,15961.76,290.66,0,14493.03,1656.65,4316.31,78920.73,0,20211.9,0,0,98427.45,0,0,0,3366.65,3178.36,0,29567.97,36818.11,81.73,2918.35,19820.36,0,0,0,0
2009-06-29 23:00:00,0,2337.24,0,343.75,12187.75,6721.07,7074.95,0,0,2201.9,14870.21,268.98,0,13381.09,1547.56,4057.9,74660.18,0,18772.01,0,0,93165.26,0,0,0,3072.59,2907.08,0,27585.35,34054.63,76.58,2732.08,18247.23,0,0,0,0
2009-06-30 00:00:00,0,2098.75,0,316.76,11193.53,6116.19,6517.93,0,0,2059.55,13796.91,249.74,0,12328.49,1444.7,3815.06,70715.07,0,17454.07,0,0,88186.48,0,0,0,2809.74,2655.31,0,25457.92,31604.35,71.87,2550.5,16866.3,0,0,0,0
2009-06-30 01:00:00,0,1883.59,0,291.55,10367.8,5629.24,5966.75,0,0,1931.4,12837.28,232.46,0,11716.28,1348.22,3593.06,66950.29,0,16299.89,0,0,83566.82,0,0,0,2603.53,2444.37,0,23649.35,29454.01,67.46,2397.06,15637.53,0,0,0,0
2009-06-30 02:00:00,0,1730.96,0,270.68,9844.23,5312.48,5541.73,0,0,1818.8,12107.25,216.34,0,11436.06,1275.5,3376.94,63681.07,0,15531.21,0,0,79787.58,0,0,0,2459.03,2303.1,0,22586.94,27718.51,64.38,2277.87,14819.0,0,0,0,0
2009-06-30 03:00:00,0,1647.81,0,263.45,9558.26,5156.51,5336.18,0,0,1752.21,11777.77,207.88,0,11340.64,1252.67,3211.51,61481.55,0,15012.08,0,0,77942.26,0,0,0,2364.0,2226.37,0,22036.37,26706.66,61.96,2208.1,14339.17,0,0,0,0
2009-06-30 04:00:00,0,1616.7,0,268.09,9504.67,5148.1,5365.48,0,0,1772.5,11794.83,208.84,0,11355.44,1284.78,3229.98,61151.28,0,14940.17,0,0,77982.97,0,0,0,2333.78,2214.94,0,22038.22,26062.35,61.21,2202.86,14215.34,0,0,0,0
2009-06-30 05:00:00,0,1619.73,0,276.78,9871.63,5273.52,5522.11,0,0,1827.73,12175.61,212.04,0,11944.55,1328.67,3304.95,62364.53,0,16082.56,0,0,79914.69,0,0,0,2370.42,2232.59,0,22211.08,25855.78,61.72,2252.31,14461.56,0,0,0,0
2009-06-30 06:00:00,0,1628.3,0,292.98,10867.8,5474.47,5951.63,0,0,1921.56,12773.56,218.01,0,12981.52,1402.81,3553.52,64312.13,0,17894.28,0,0,87003.13,0,0,0,2488.41,2299.73,0,22837.77,25821.24,62.65,2324.51,15080.77,0,0,0,0
2009-06-30 07:00:00,0,1806.15,0,330.68,11448.91,5840.08,6478.81,0,0,2059.11,14080.39,230.23,0,13613.01,1506.31,3820.85,68596.35,0,19318.26,0,0,91767.3,0,0,0,2638.47,2446.12,0,23883.59,27255.58,65.21,2420.7,15995.54,0,0,0,0
2009-06-30 08:00:00,0,1922.96,0,353.18,12227.91,6186.08,6976.08,0,0,2204.69,15064.2,238.42,0,14237.57,1586.38,4026.46,71288.84,0,20532.49,0,0,97176.07,0,0,0,2852.18,2638.24,0,25929.43,28505.92,69.32,2524.87,17205.95,0,0,0,0
2009-06-30 09:00:00,0,2088.94,0,378.06,13045.23,6472.95,7541.7,0,0,2307.43,15966.47,247.6,0,14979.61,1688.65,4256.46,73785.67,0,21161.6,0,0,101146.39,0,0,0,3136.9,2915.9,0,28003.51,30466.58,74.71,2607.22,18588.56,0,0,0,0
2009-06-30 10:00:00,0,2305.03,0,419.41,13974.19,6789.49,8190.44,0,0,2412.68,16991.14,258.57,0,15625.18,1758.76,4499.67,76478.39,0,21692.24,0,0,103784.59,0,0,0,3379.57,3202.17,0,30629.98,32612.29,79.84,2698.29,19784.29,0,0,0,0
2009-06-30 11:00:00,0,2516.67,0,453.88,14499.26,7125.92,8669.84,0,0,2510.0,17934.05,266.22,0,16020.84,1873.6,4660.52,79195.47,0,22226.31,0,0,106003.53,0,0,0,3561.51,3441.93,0,32436.49,34876.68,85.28,2813.83,20776.52,0,0,0,0
2009-06-30 12:00:00,0,2689.88,0,474.61,14900.38,7438.48,8911.23,0,0,2576.63,18529.55,271.26,0,16276.85,1988.69,4800.32,81801.63,0,22666.09,0,0,107979.91,0,0,0,3728.05,3587.59,0,33706.3,36741.27,90.1,2911.79,21846.65,0,0,0,0
2009-06-30 13:00:00,0,2821.69,0,492.59,15318.65,7721.55,9135.07,0,0,2627.37,18881.43,284.42,0,16528.29,2060.19,4921.98,83829.42,0,23019.15,0,0,109966.9,0,0,0,3863.57,3708.3,0,34790.58,38199.92,93.74,3015.18,22541.16,0,0,0,0
2009-06-30 14:00:00,0,2934.24,0,500.3,15780.43,7824.28,9407.44,0,0,2657.71,19132.6,293.82,0,16856.06,2149.44,5005.42,84952.04,0,23102.5,0,0,111527.3,0,0,0,3995.2,3816.85,0,35790.09,39516.34,96.19,3018.71,23085.7,0,0,0,0
2009-06-30 15:00:00,0,3029.46,0,501.59,16083.08,7946.56,9666.02,0,0,2638.1,19001.16,285.98,0,17189.25,2157.88,5051.7,85794.51,0,23164.37,0,0,112962.39,0,0,0,4093.52,3908.15,0,36693.92,40451.73,98.65,3106.22,23436.62,0,0,0,0
2009-06-30 16:00:00,0,3100.87,0,492.99,16226.71,8046.32,9818.06,0,0,2655.47,18897.42,286.65,0,17470.93,2103.79,5059.95,86185.86,0,23009.03,0,0,113526.54,0,0,0,4156.81,3980.61,0,37265.69,40987.33,100.08,3151.63,23532.39,0,0,0,0
2009-06-30 17:00:00,0,3121.88,0,465.93,16293.21,8069.14,9778.06,0,0,2680.47,18759.72,289.73,0,17544.57,2023.6,5050.66,86086.89,0,22796.35,0,0,113494.67,0,0,0,4182.17,4011.68,0,37473.6,41237.52,99.86,3219.14,23641.44,0,0,0,0
2009-06-30 18:00:00,0,3107.84,0,430.64,16165.14,8088.42,9766.87,0,0,2690.83,18589.81,293.83,0,17347.52,1974.56,4958.05,85478.74,0,22501.02,0,0,113068.8,0,0,0,4106.01,3947.99,0,37327.49,41089.13,98.44,3262.83,23948.79,0,0,0,0
2009-06-30 19:00:00,0,3035.16,0,429.8,16544.49,8304.97,9809.39,0,0,2726.88,18454.48,306.91,0,17163.78,1958.53,4735.18,85239.55,0,22933.8,0,0,113074.57,0,0,0,3990.2,3820.32,0,37109.44,40642.89,93.22,3220.65,24567.84,0,0,0,0
2009-06-30 20:00:00,0,2906.76,0,417.66,15568.71,7973.33,9050.13,0,0,2588.13,17736.87,304.21,0,16228.97,1879.69,4697.46,84430.67,0,22316.11,0,0,110049.47,0,0,0,3872.57,3642.67,0,35395.22,38611.75,91.72,3053.93,23622.96,0,0,0,0
2009-06-30 21:00:00,0,2693.01,0,396.18,14657.68,7442.44,8406.37,0,0,2437.62,16783.12,290.02,0,15040.32,1765.69,4368.31,81637.44,0,21254.42,0,0,104656.78,0,0,0,3620.0,3418.1,0,33570.83,37181.47,85.9,2869.96,22666.47,0,0,0,0
2009-06-30 22:00:00,0,2499.82,0,367.59,13378.1,6853.09,7835.31,0,0,2279.63,15769.91,270.9,0,13915.77,1654.92,4073.42,78285.31,0,20010.72,0,0,99435.53,0,0,0,3311.25,3163.6,0,30795.13,35311.18,80.45,2700.28,20886.56,0,0,0,0
2009-06-30 23:00:00,0,2245.44,0,339.38,12152.73,6304.74,7241.05,0,0,2135.8,14695.94,251.53,0,12973.39,1546.83,3762.44,74475.25,0,18759.98,0,0,94384.79,0,0,0,3009.8,2892.31,0,28339.81,32414.06,74.53,2553.08,19064.14,0,0,0,0
2009-07-01 00:00:00,0,2007.14,0,315.23,11043.1,5760.08,6656.99,0,0,2006.75,13651.63,229.51,0,11978.4,1434.37,3502.56,70833.56,0,17591.22,0,0,89766.99,0,0,0,2761.83,2646.91,0,26204.52,29989.97,69.19,2409.79,17403.38,0,0,0,0
2009-07-01 01:00:00,0,1796.25,0,292.03,10214.5,5309.39,6130.86,0,0,1881.08,12679.66,210.2,0,11346.58,1332.41,3274.5,67322.85,0,16385.05,0,0,85319.99,0,0,0,2567.82,2459.08,0,24549.15,27820.92,64.9,2273.93,16056.71,0,0,0,0
2009-07-01 02:00:00,0,1667.26,0,272.41,9683.66,5078.11,5710.5,0,0,1773.11,12084.94,194.47,0,11272.2,1257.56,3126.29,64332.44,0,15713.79,0,0,82026.8,0,0,0,2464.72,2322.86,0,23521.94,26236.05,61.46,2160.78,15130.97,0,0,0,0
2009-07-01 03:00:00,0,1595.23,0,262.34,9400.61,4974.15,5508.28,0,0,1724.67,11885.27,188.77,0,11359.87,1238.04,3044.65,62740.33,0,15231.05,0,0,80630.46,0,0,0,2393.61,2258.07,0,22810.79,25289.74,59.15,2096.19,14576.65,0,0,0,0
2009-07-01 04:00:00,0,1584.72,0,263.63,9397.42,5010.5,5487.28,0,0,1773.32,11970.56,191.91,0,11542.02,1279.34,3118.64,63115.48,0,15326.16,0,0,80915.58,0,0,0,2374.22,2274.81,0,22670.81,24874.34,58.56,2132.65,14493.75,0,0,0,0
2009-07-01 05:00:00,0,1617.82,0,271.14,9712.81,5184.48,5567.06,0,0,1832.33,12365.96,197.66,0,12163.43,1320.66,3212.18,64281.6,0,16298.05,0,0,82594.92,0,0,0,2413.6,2295.34,0,22844.48,25002.03,59.13,2194.28,14788.23,0,0,0,0
2009-07-01 06:00:00,0,1658.7,0,288.59,10810.12,5414.63,6040.39,0,0,1928.23,12964.07,204.54,0,13387.0,1398.18,3458.21,65890.54,0,18168.25,0,0,90041.64,0,0,0,2553.55,2348.35,0,23690.64,25278.91,59.99,2277.13,15264.04,0,0,0,0
2009-07-01 07:00:00,0,1796.24,0,325.45,11303.59,5798.28,6516.61,0,0,2054.09,13997.16,225.27,0,13914.83,1484.79,3618.91,69929.72,0,19391.8,0,0,94459.95,0,0,0,2707.62,2463.94,0,25273.93,26764.78,62.21,2408.36,16113.34,0,0,0,0
2009-07-01 08:00:00,0,1891.38,0,350.98,12208.16,6180.91,7157.26,0,0,2176.75,15026.3,234.92,0,14447.95,1553.11,3843.54,72943.96,0,20313.83,0,0,97991.09,0,0,0,3022.83,2747.07,0,27653.87,28030.54,66.32,2532.39,17128.12,0,0,0,0
2009-07-01 09:00:00,0,2019.4,0,382.34,13102.84,6555.84,7724.49,0,0,2326.78,15980.95,249.54,0,14930.89,1685.06,4037.36,75374.08,0,21043.49,0,0,100832.65,0,0,0,3403.79,3106.89,0,30243.09,30063.65,71.46,2645.47,18240.65,0,0,0,0
2009-07-01 10:00:00,0,2158.7,0,418.84,14425.8,6996.0,8367.13,0,0,2465.7,17226.85,274.72,0,15486.06,1871.49,4174.17,77751.81,0,21912.95,0,0,103742.92,0,0,0,3691.78,3441.82,0,33296.88,32331.68,75.83,2728.06,19199.71,0,0,0,0
2009-07-01 11:00:00,0,2324.52,0,451.61,15371.11,7391.33,8897.55,0,0,2562.05,18481.29,301.92,0,16092.16,2039.33,4370.32,80350.62,0,22618.28,0,0,107792.43,0,0,0,3846.38,3680.37,0,35762.39,34314.02,80.61,2871.88,20088.55,0,0,0,0
2009-07-01 12:00:00,0,2490.55,0,477.17,15903.57,7787.34,9245.04,0,0,2672.22,19562.55,322.97,0,16510.14,2171.92,4492.81,82762.68,0,22740.61,0,0,112255.95,0,0,0,3946.28,3836.63,0,37459.23,35905.33,85.03,3044.3,21106.59,0,0,0,0
2009-07-01 13:00:00,0,2623.14,0,496.82,16349.14,8088.82,9450.11,0,0,2741.59,20200.28,338.23,0,16926.72,2248.62,4592.18,84828.26,0,22930.8,0,0,115318.04,0,0,0,4065.92,3965.66,0,38691.06,37371.2,88.86,3156.39,21927.82,0,0,0,0
2009-07-01 14:00:00,0,2742.52,0,515.59,16749.39,8406.25,9684.44,0,0,2774.83,20542.62,346.24,0,17271.22,2310.78,4655.65,87078.63,0,23422.89,0,0,117477.31,0,0,0,4159.55,4060.39,0,39600.52,38810.13,92.17,3271.15,22591.1,0,0,0,0
2009-07-01 15:00:00,0,2846.21,0,527.81,17015.73,8454.66,9876.26,0,0,2783.68,20278.91,348.16,0,17565.73,2318.32,4758.0,88713.54,0,23719.37,0,0,118700.91,0,0,0,4215.67,4119.45,0,40029.17,40013.27,95.03,3200.19,23100.76,0,0,0,0
2009-07-01 16:00:00,0,2936.74,0,523.42,17229.67,8396.48,9979.73,0,0,2791.63,19906.16,338.01,0,17616.66,2301.61,4752.91,89364.76,0,23791.86,0,0,118678.31,0,0,0,4195.89,4135.59,0,40042.33,40808.53,97.19,3153.68,23387.94,0,0,0,0
2009-07-01 17:00:00,0,2987.07,0,503.96,17309.91,8381.71,10074.42,0,0,2785.19,19453.5,336.56,0,17466.51,2251.71,4653.43,89165.52,0,23616.61,0,0,118023.88,0,0,0,4167.53,4099.96,0,39846.3,41160.3,97.14,3208.74,23460.12,0,0,0,0
2009-07-01 18:00:00,0,3004.4,0,483.24,16984.65,8305.53,9930.62,0,0,2746.79,19187.82,331.29,0,17125.48,2174.54,4550.42,88632.67,0,22779.57,0,0,116460.48,0,0,0,4105.44,4034.23,0,38966.92,41085.46,95.78,3231.6,23174.29,0,0,0,0
2009-07-01 19:00:00,0,2921.99,0,450.4,17001.21,8344.2,9731.18,0,0,2753.27,18980.06,329.43,0,16883.84,2095.14,4488.89,88020.48,0,22588.92,0,0,115404.96,0,0,0,4102.06,3888.91,0,37162.87,40771.63,88.98,3180.24,23209.81,0,0,0,0
2009-07-01 20:00:00,0,2862.44,0,437.81,15953.04,8002.15,8999.89,0,0,2605.47,18122.74,320.11,0,15730.46,1989.61,4409.23,86695.15,0,22096.86,0,0,111207.83,0,0,0,3983.07,3736.36,0,35924.13,39346.81,88.89,3024.66,22155.81,0,0,0,0
2009-07-01 21:00:00,0,2658.5,0,415.45,14834.43,7467.96,8448.5,0,0,2452.16,17162.15,304.58,0,14578.47,1852.88,4126.97,83461.74,0,21251.64,0,0,105814.09,0,0,0,3759.45,3529.08,0,33935.49,38245.29,83.84,2844.55,21378.85,0,0,0,0
2009-07-01 22:00:00,0,2467.66,0,387.64,13407.33,6847.79,7909.84,0,0,2290.18,16145.11,283.66,0,13499.89,1724.69,3917.31,80000.6,0,19765.51,0,0,100420.07,0,0,0,3470.48,3281.17,0,31117.59,36524.6,78.83,2666.21,19693.43,0,0,0,0
2009-07-01 23:00:00,0,2214.93,0,358.96,12222.95,6256.68,7357.88,0,0,2140.79,15046.12,260.6,0,12439.02,1605.49,3681.44,75824.9,0,18441.53,0,0,95010.9,0,0,0,3224.59,3050.0,0,28797.61,33800.09,74.05,2503.51,18159.75,0,0,0,0
2009-07-02 00:00:00,0,1981.23,0,329.5,11165.54,5687.34,6735.27,0,0,1998.43,13902.47,236.18,0,11558.82,1484.34,3466.7,71702.99,0,17323.73,0,0,90344.02,0,0,0,3003.27,2830.6,0,26502.17,31352.61,69.55,2356.1,16764.24,0,0,0,0
2009-07-02 01:00:00,0,1777.87,0,302.38,10348.79,5250.2,6167.19,0,0,1876.0,12830.89,214.92,0,10959.56,1384.58,3262.85,67543.7,0,16269.09,0,0,86302.83,0,0,0,2814.54,2629.86,0,24591.9,29296.45,65.42,2224.82,15494.21,0,0,0,0
2009-07-02 02:00:00,0,1650.87,0,280.38,9764.67,5023.37,5736.06,0,0,1769.65,12105.09,198.05,0,10863.62,1300.9,3127.14,64333.5,0,15615.24,0,0,83197.88,0,0,0,2681.11,2488.83,0,23486.0,27695.54,62.18,2140.33,14725.06,0,0,0,0
2009-07-02 03:00:00,0,1584.99,0,268.56,9469.73,4959.42,5543.24,0,0,1724.32,11815.74,191.5,0,10991.9,1255.14,3101.42,62517.31,0,15652.3,0,0,81856.66,0,0,0,2602.93,2425.23,0,22741.74,26794.49,59.96,2107.52,14319.89,0,0,0,0
2009-07-02 04:00:00,0,1580.82,0,270.62,9472.78,5004.42,5574.26,0,0,1769.82,11949.98,196.03,0,11244.59,1291.69,3174.24,62616.09,0,16155.47,0,0,82691.3,0,0,0,2575.4,2391.27,0,22596.96,26343.59,59.53,2150.58,14323.14,0,0,0,0
2009-07-02 05:00:00,0,1612.33,0,278.89,9797.13,5205.34,5677.58,0,0,1832.46,12349.67,202.13,0,11798.62,1332.17,3276.18,63704.45,0,16941.94,0,0,84084.69,0,0,0,2576.29,2402.73,0,22746.82,26486.22,60.09,2231.74,14608.14,0,0,0,0
2009-07-02 06:00:00,0,1646.66,0,300.2,10756.29,5457.97,6096.41,0,0,1924.52,12984.57,211.45,0,12695.83,1418.85,3463.52,65839.78,0,18288.6,0,0,90628.57,0,0,0,2653.84,2474.33,0,23549.62,26715.27,60.58,2336.52,15121.15,0,0,0,0
2009-07-02 07:00:00,0,1800.12,0,339.37,11299.13,5910.39,6534.3,0,0,2049.6,14070.25,233.55,0,13392.89,1519.11,3738.88,69886.58,0,19099.72,0,0,93813.95,0,0,0,2816.43,2605.11,0,24818.69,28115.82,62.98,2492.03,15960.95,0,0,0,0
2009-07-02 08:00:00,0,1914.83,0,367.5,11904.19,6372.08,7007.65,0,0,2188.7,15258.99,249.05,0,13789.24,1613.88,3941.01,73211.67,0,19777.71,0,0,96798.53,0,0,0,2996.96,2759.29,0,26848.71,29511.95,66.51,2625.34,17067.76,0,0,0,0
2009-07-02 09:00:00,0,2081.84,0,403.18,12332.81,6863.73,7552.31,0,0,2354.65,16477.71,266.32,0,14110.18,1780.29,4081.46,76536.56,0,20245.42,0,0,99429.76,0,0,0,3250.32,3012.56,0,28754.17,31937.27,71.76,2729.93,18347.39,0,0,0,0
2009-07-02 10:00:00,0,2264.16,0,435.31,13044.54,7177.6,8136.65,0,0,2486.55,17678.48,287.74,0,14418.31,1951.26,4208.84,79964.07,0,20730.07,0,0,101628.44,0,0,0,3523.44,3321.0,0,30987.86,34435.44,77.8,2837.23,19307.28,0,0,0,0
2009-07-02 11:00:00,0,2456.01,0,445.01,13885.69,7515.02,8629.32,0,0,2637.54,19110.3,305.53,0,14736.55,2099.65,4305.37,83372.59,0,21432.49,0,0,104448.86,0,0,0,3713.72,3541.85,0,33303.18,36659.2,83.45,2957.01,20124.66,0,0,0,0
2009-07-02 12:00:00,0,2652.4,0,450.04,14654.62,7772.82,8994.93,0,0,2742.07,20089.88,316.29,0,15071.87,2182.05,4421.65,86387.82,0,22201.4,0,0,107299.68,0,0,0,3848.72,3697.85,0,35237.84,38569.04,88.16,3033.31,21186.76,0,0,0,0
2009-07-02 13:00:00,0,2838.41,0,471.45,15313.5,8016.66,9300.31,0,0,2836.29,20536.24,316.82,0,15376.0,2195.72,4486.59,89289.32,0,22801.31,0,0,109358.51,0,0,0,3969.21,3828.6,0,36839.68,40234.08,92.28,3095.9,22039.67,0,0,0,0
2009-07-02 14:00:00,0,2956.27,0,470.68,15824.96,8215.98,9572.26,0,0,2904.17,20689.27,326.85,0,15624.04,2236.16,4540.59,91891.54,0,23201.66,0,0,111297.95,0,0,0,4078.67,3932.39,0,38186.13,41240.36,95.29,3113.01,22735.05,0,0,0,0
2009-07-02 15:00:00,0,3038.47,0,487.57,16261.56,8395.5,9768.79,0,0,2917.98,20590.51,333.47,0,15827.67,2265.18,4609.87,93421.97,0,23448.88,0,0,112435.69,0,0,0,4165.29,4015.03,0,38966.46,41952.34,97.53,3148.0,23158.88,0,0,0,0
2009-07-02 16:00:00,0,3062.03,0,507.51,16628.02,8531.9,9819.83,0,0,2876.11,20235.2,338.28,0,16072.77,2291.42,4720.29,93882.21,0,23592.03,0,0,112865.56,0,0,0,4194.81,4064.53,0,39241.49,42195.38,99.92,3190.21,23245.48,0,0,0,0
2009-07-02 17:00:00,0,3099.59,0,505.19,16708.65,8598.6,9716.04,0,0,2820.52,19785.28,340.86,0,16286.05,2245.51,4731.28,93189.32,0,23550.56,0,0,112068.76,0,0,0,4172.76,4049.51,0,39350.27,42180.3,100.05,3246.26,22970.93,0,0,0,0
2009-07-02 18:00:00,0,3089.26,0,502.92,16568.21,8624.29,9581.4,0,0,2805.7,19686.19,340.19,0,16335.03,2177.88,4648.89,91926.97,0,23090.44,0,0,110578.71,0,0,0,4104.35,4001.44,0,38785.67,41932.01,98.61,3294.78,22575.5,0,0,0,0
2009-07-02 19:00:00,0,3100.49,0,430.71,14541.97,8083.95,8203.24,0,0,2671.41,18585.93,300.62,0,15141.59,1957.0,3904.98,80138.56,0,20859.16,0,0,99300.44,0,0,0,3676.05,3770.09,0,34392.15,38814.21,82.13,3001.03,20544.99,0,0,0,0
2009-07-02 20:00:00,0,2892.09,0,421.92,13892.51,7742.01,7410.87,0,0,2537.8,17828.69,294.2,0,14379.57,1851.68,3912.59,79887.35,0,20897.25,0,0,97819.68,0,0,0,3522.43,3549.36,0,32511.36,37062.16,77.54,2872.17,19374.26,0,0,0,0
2009-07-02 21:00:00,0,2610.38,0,395.73,13271.42,7359.78,6798.97,0,0,2412.02,17029.73,283.23,0,13613.13,1745.13,3681.89,77052.75,0,20306.74,0,0,92364.78,0,0,0,3373.93,3361.34,0,30887.53,34876.11,73.47,2726.15,18094.19,0,0,0,0
2009-07-02 22:00:00,0,2407.48,0,369.07,12021.64,6804.69,6240.38,0,0,2293.71,16192.63,264.63,0,12804.2,1640.72,3492.46,74275.96,0,19271.95,0,0,87079.64,0,0,0,3123.63,3149.52,0,28759.59,33014.42,70.21,2577.65,16892.68,0,0,0,0
2009-07-02 23:00:00,0,2134.25,0,349.3,10937.43,6293.76,5741.43,0,0,2178.4,15216.07,247.11,0,12043.68,1540.52,3310.04,70535.92,0,18108.56,0,0,82268.24,0,0,0,2898.25,2903.72,0,26626.14,30845.69,67.53,2437.91,15863.12,0,0,0,0
2009-07-03 00:00:00,0,1911.88,0,328.86,10043.68,5816.16,5310.54,0,0,2066.83,14257.55,229.29,0,11299.51,1449.25,3138.74,66550.05,0,16843.04,0,0,77596.16,0,0,0,2687.82,2671.77,0,24541.57,28886.01,65.31,2297.83,14729.26,0,0,0,0
2009-07-03 01:00:00,0,1735.67,0,308.12,9212.25,5438.19,4881.49,0,0,1957.52,13330.39,212.75,0,10843.18,1358.32,2963.22,62768.39,0,15545.79,0,0,74044.73,0,0,0,2512.68,2477.27,0,22999.08,27258.96,63.32,2150.87,13569.57,0,0,0,0
2009-07-03 02:00:00,0,1608.63,0,292.34,8544.27,5152.6,4523.51,0,0,1862.97,12467.81,198.73,0,10616.94,1279.16,2820.5,59533.06,0,14656.03,0,0,71093.0,0,0,0,2344.09,2300.72,0,21852.73,25778.68,61.19,2044.45,12825.22,0,0,0,0
2009-07-03 03:00:00,0,1521.85,0,279.18,8158.7,4967.82,4302.05,0,0,1778.27,11918.31,190.61,0,10621.12,1211.75,2749.45,57340.04,0,14138.07,0,0,69145.88,0,0,0,2266.6,2175.73,0,20832.0,24863.26,59.08,2001.25,12320.05,0,0,0,0
2009-07-03 04:00:00,0,1475.08,0,271.99,8041.57,4924.44,4211.53,0,0,1738.7,11704.57,187.87,0,10652.73,1180.2,2793.57,56564.62,0,13924.24,0,0,68378.49,0,0,0,2221.17,2088.58,0,20253.49,24518.21,58.67,1979.63,12209.89,0,0,0,0
2009-07-03 05:00:00,0,1474.06,0,274.13,8002.95,4949.31,4256.48,0,0,1755.21,11717.44,190.1,0,10917.35,1190.92,2860.72,56888.88,0,14381.76,0,0,69172.07,0,0,0,2196.63,2029.28,0,20194.39,24439.94,57.88,2012.65,12496.95,0,0,0,0
2009-07-03 06:00:00,0,1498.68,0,281.7,8339.59,5090.29,4739.35,0,0,1814.91,11916.73,196.49,0,11737.23,1261.26,2991.13,58921.34,0,15463.66,0,0,71707.14,0,0,0,2315.46,2153.27,0,20679.52,24676.97,57.44,2103.75,13057.25,0,0,0,0
2009-07-03 07:00:00,0,1629.69,0,295.91,8727.75,5642.6,5315.71,0,0,1966.95,12978.77,215.9,0,12399.76,1370.53,3161.93,61873.07,0,16022.86,0,0,73619.66,0,0,0,2529.61,2446.27,0,22011.21,25861.58,57.29,2271.99,13728.22,0,0,0,0
2009-07-03 08:00:00,0,1829.19,0,320.21,9254.66,6308.14,5582.75,0,0,2174.31,14648.65,235.98,0,13058.97,1468.82,3294.67,64570.61,0,16623.51,0,0,77189.09,0,0,0,2700.23,2664.59,0,23368.89,27313.28,59.23,2492.59,14815.39,0,0,0,0
2009-07-03 09:00:00,0,2085.5,0,345.75,9942.13,7041.23,5921.52,0,0,2404.83,16441.81,257.26,0,13770.37,1610.58,3495.32,66880.51,0,17455.73,0,0,81239.42,0,0,0,2918.0,2948.12,0,24915.68,29260.55,62.75,2777.64,15826.96,0,0,0,0
2009-07-03 10:00:00,0,2333.69,0,390.46,10441.26,7741.32,6491.73,0,0,2631.04,17904.03,273.71,0,14384.33,1712.73,3731.45,70557.49,0,18203.82,0,0,85594.79,0,0,0,3167.63,3273.08,0,26749.84,31273.53,67.05,2993.45,16897.16,0,0,0,0
2009-07-03 11:00:00,0,2614.26,0,409.76,11023.71,8357.67,7065.27,0,0,2792.08,19042.96,278.46,0,14778.33,1805.58,3943.0,74934.65,0,18898.04,0,0,90417.75,0,0,0,3369.99,3500.19,0,28453.51,33370.8,73.23,3175.8,18415.56,0,0,0,0
2009-07-03 12:00:00,0,2832.91,0,435.73,11420.73,8749.78,7529.24,0,0,2871.86,19732.48,298.83,0,15052.02,1942.54,4143.48,78947.91,0,19384.03,0,0,94552.92,0,0,0,3519.05,3662.49,0,29997.26,35198.25,76.9,3299.31,19591.22,0,0,0,0
2009-07-03 13:00:00,0,2987.39,0,457.33,11884.87,9140.34,7915.41,0,0,2950.37,20195.15,309.38,0,15239.25,2002.03,4295.41,82240.35,0,19645.51,0,0,97590.06,0,0,0,3611.14,3761.99,0,31392.93,36440.91,79.7,3455.26,20587.36,0,0,0,0
2009-07-03 14:00:00,0,3120.38,0,468.33,12366.97,9415.42,8215.86,0,0,3028.21,20419.8,306.0,0,15455.32,2022.99,4425.91,84694.78,0,19798.81,0,0,100081.23,0,0,0,3695.73,3835.36,0,32736.15,37525.59,82.44,3586.27,21517.98,0,0,0,0
2009-07-03 15:00:00,0,3231.87,0,460.29,12937.24,9569.52,8463.92,0,0,3041.61,20574.22,325.94,0,15798.25,2077.16,4539.65,86222.73,0,19987.58,0,0,102115.73,0,0,0,3759.02,3880.22,0,33852.27,38744.29,83.96,3680.39,22304.29,0,0,0,0
2009-07-03 16:00:00,0,3307.23,0,468.65,13497.99,9561.44,8678.53,0,0,3046.9,20485.87,336.6,0,16282.29,2131.08,4646.36,87278.6,0,20410.43,0,0,104002.71,0,0,0,3809.31,3898.78,0,34691.07,39840.69,84.64,3714.72,22939.92,0,0,0,0
2009-07-03 17:00:00,0,3351.68,0,484.6,13906.14,9495.85,8815.9,0,0,3037.72,20298.85,336.6,0,16513.55,2194.4,4747.78,88248.91,0,20768.58,0,0,105338.02,0,0,0,3793.91,3877.53,0,35170.82,40662.04,84.01,3685.53,23244.57,0,0,0,0
2009-07-03 18:00:00,0,3348.37,0,484.7,14059.12,9159.22,8671.06,0,0,2945.19,20118.06,317.58,0,16684.39,2208.63,4748.29,88627.06,0,20898.09,0,0,105938.71,0,0,0,3739.35,3786.72,0,35008.81,40903.17,81.76,3553.33,22846.0,0,0,0,0
2009-07-03 19:00:00,0,3473.13,0,386.86,13034.26,8541.01,7954.26,0,0,2785.51,19714.37,273.34,0,16996.28,1966.9,3735.44,78943.85,0,20337.46,0,0,105367.53,0,0,0,3375.21,3586.45,0,32828.1,40528.42,76.09,3179.7,19768.06,0,0,0,0
2009-07-03 20:00:00,0,3270.19,0,392.76,12834.66,8206.51,7213.23,0,0,2643.01,18729.63,264.88,0,16025.18,1849.48,3675.5,78923.96,0,19951.05,0,0,104733.68,0,0,0,3231.34,3365.17,0,31219.81,40078.65,74.51,3104.42,19071.89,0,0,0,0
2009-07-03 21:00:00,0,3097.17,0,365.93,12353.65,7898.01,6650.12,0,0,2511.44,17660.65,258.8,0,15104.12,1750.83,3397.27,76353.09,0,19314.27,0,0,99595.43,0,0,0,3100.88,3142.66,0,29421.8,39030.95,71.79,2956.17,17917.91,0,0,0,0
2009-07-03 22:00:00,0,3018.53,0,330.85,11361.89,7397.59,6156.66,0,0,2384.59,16608.76,241.59,0,14246.92,1660.45,3182.16,73706.41,0,18555.85,0,0,94354.02,0,0,0,2896.84,2918.05,0,27163.47,37561.61,68.99,2806.22,16687.92,0,0,0,0
2009-07-03 23:00:00,0,2822.09,0,298.61,10372.2,6873.35,5614.26,0,0,2263.67,15611.13,222.18,0,13395.77,1566.91,2968.4,70542.36,0,17585.69,0,0,89454.05,0,0,0,2670.67,2701.77,0,25101.47,36073.81,65.9,2662.57,15649.03,0,0,0,0
2009-07-04 00:00:00,0,2610.6,0,269.83,9493.94,6361.67,5077.71,0,0,2152.33,14659.56,204.61,0,12648.05,1473.99,2771.44,66957.05,0,16702.96,0,0,85078.8,0,0,0,2461.72,2513.07,0,23465.39,34652.22,63.37,2528.39,14630.71,0,0,0,0
2009-07-04 01:00:00,0,2450.17,0,246.0,8690.96,5825.95,4604.14,0,0,2044.88,13724.74,181.32,0,11987.75,1381.2,2595.53,63706.35,0,15817.07,0,0,81455.03,0,0,0,2271.67,2374.44,0,22252.15,33152.27,61.03,2411.6,13558.96,0,0,0,0
2009-07-04 02:00:00,0,2300.12,0,223.65,8138.13,5423.76,4221.38,0,0,1949.24,12942.47,170.36,0,11508.98,1282.16,2424.52,60968.52,0,15045.37,0,0,78193.95,0,0,0,2133.84,2238.71,0,21288.56,31837.87,59.47,2276.34,12522.79,0,0,0,0
2009-07-04 03:00:00,0,2122.83,0,206.88,7730.84,5216.7,3976.9,0,0,1868.74,12425.66,157.6,0,11153.99,1184.09,2296.99,59346.34,0,14543.67,0,0,75200.14,0,0,0,2033.05,2114.34,0,20564.32,30628.76,57.96,2167.36,11893.61,0,0,0,0
2009-07-04 04:00:00,0,2051.65,0,271.99,7561.76,5039.02,3897.86,0,0,1813.51,12085.66,187.87,0,10920.41,1113.52,2220.56,57769.14,0,14201.54,0,0,72896.17,0,0,0,1971.33,2010.6,0,19947.78,29811.01,57.39,2098.59,11489.23,0,0,0,0
2009-07-04 05:00:00,0,2025.21,0,274.13,7437.95,4901.12,3923.01,0,0,1792.95,11823.69,150.73,0,10804.27,1085.78,2212.48,56797.07,0,14025.44,0,0,71981.19,0,0,0,1962.2,1957.41,0,19600.54,29237.21,56.05,2059.21,11137.46,0,0,0,0
2009-07-04 06:00:00,0,2017.28,0,281.7,7335.62,4894.37,4474.07,0,0,1809.16,11972.19,196.49,0,11148.98,1096.36,2251.87,57201.45,0,14150.15,0,0,70473.73,0,0,0,2007.37,2106.18,0,19723.16,28898.84,53.78,2077.87,11250.78,0,0,0,0
2009-07-04 07:00:00,0,2054.84,0,205.54,7716.97,5348.76,5226.59,0,0,1888.52,13004.57,155.32,0,11776.5,1200.92,2403.48,59759.78,0,14276.75,0,0,73738.69,0,0,0,2178.08,2364.21,0,20959.63,28900.78,53.23,2194.78,12053.85,0,0,0,0
2009-07-04 08:00:00,0,2172.13,0,232.85,8239.94,6069.68,5820.16,0,0,2084.16,14638.4,168.25,0,12137.28,1306.58,2617.8,62424.67,0,14814.63,0,0,78027.58,0,0,0,2400.41,2616.08,0,22913.09,29676.94,54.11,2377.33,13188.73,0,0,0,0
2009-07-04 09:00:00,0,2376.43,0,272.15,8818.32,6883.75,6631.55,0,0,2341.84,16459.74,192.39,0,12422.37,1467.86,2783.58,64251.14,0,15322.57,0,0,82021.57,0,0,0,2665.22,2890.68,0,25080.34,30983.94,56.2,2589.78,14313.42,0,0,0,0
2009-07-04 10:00:00,0,2509.49,0,309.13,9311.25,7659.95,7474.48,0,0,2554.79,17834.65,216.97,0,12681.0,1623.0,2984.55,67697.03,0,16024.17,0,0,86095.47,0,0,0,2887.14,3190.29,0,27268.29,32052.16,59.03,2848.57,16193.55,0,0,0,0
2009-07-04 11:00:00,0,2696.19,0,339.17,9985.27,8345.46,8183.63,0,0,2733.64,18920.09,237.36,0,12824.22,1750.68,3206.38,70758.77,0,16658.51,0,0,90775.29,0,0,0,3064.26,3437.63,0,29029.81,33317.1,61.71,3078.29,17902.23,0,0,0,0
2009-07-04 12:00:00,0,2830.98,0,362.3,10403.99,8915.18,8677.04,0,0,2853.28,19706.26,252.06,0,12980.52,1842.55,3400.89,73674.74,0,17083.97,0,0,94204.05,0,0,0,3197.27,3602.55,0,30543.11,34874.81,64.73,3256.52,19257.67,0,0,0,0
2009-07-04 13:00:00,0,2916.15,0,380.45,10909.4,9292.71,8965.52,0,0,2912.3,20169.61,267.22,0,13068.53,1910.57,3656.93,76014.14,0,17291.11,0,0,97037.45,0,0,0,3298.37,3684.79,0,31896.09,36064.63,66.28,3371.92,20470.13,0,0,0,0
2009-07-04 14:00:00,0,3006.2,0,393.26,11452.45,9491.65,9167.42,0,0,2941.57,20326.31,281.39,0,13115.69,1963.54,3843.03,78078.25,0,17291.63,0,0,99658.28,0,0,0,3385.1,3766.33,0,33217.95,36995.41,67.8,3442.93,21305.66,0,0,0,0
2009-07-04 15:00:00,0,3104.67,0,403.16,12004.03,9553.76,9191.8,0,0,2943.45,20487.8,294.89,0,13164.56,2021.94,3896.21,79901.66,0,17491.96,0,0,101348.58,0,0,0,3479.02,3811.68,0,34343.45,37694.52,70.28,3488.42,21936.15,0,0,0,0
2009-07-04 16:00:00,0,3184.1,0,409.67,12708.3,9582.05,9129.49,0,0,2960.18,20698.67,303.68,0,13352.2,2057.31,3852.59,81271.49,0,17821.83,0,0,102521.91,0,0,0,3557.39,3802.65,0,35232.27,38086.86,73.3,3539.72,22184.41,0,0,0,0
2009-07-04 17:00:00,0,3192.33,0,410.72,13380.63,9499.42,8977.78,0,0,2958.78,20709.58,307.23,0,13465.34,2058.06,3808.67,82517.36,0,18074.53,0,0,103388.0,0,0,0,3592.17,3777.73,0,35794.37,37964.83,74.1,3554.21,22031.82,0,0,0,0
2009-07-04 18:00:00,0,3070.43,0,410.6,13589.88,9260.22,8641.07,0,0,2871.5,20354.52,305.05,0,13666.04,2036.86,3711.99,82924.94,0,18282.59,0,0,103878.47,0,0,0,3600.32,3712.93,0,36024.62,37551.24,73.81,3493.18,21423.59,0,0,0,0
2009-07-04 19:00:00,0,3015.95,0,456.73,15368.94,9065.87,9058.0,0,0,2890.76,19346.43,356.78,0,15943.48,2113.06,4551.77,88856.95,0,20200.49,0,0,107168.72,0,0,0,3717.0,3584.4,0,37970.64,39003.26,89.51,3403.38,23350.78,0,0,0,0
2009-07-04 20:00:00,0,2962.7,0,455.66,14820.06,8643.16,8300.8,0,0,2701.0,18308.65,343.22,0,14950.24,2034.74,4286.62,87582.23,0,20235.64,0,0,104199.8,0,0,0,3558.39,3412.85,0,36238.09,39016.17,87.52,3279.5,22729.51,0,0,0,0
2009-07-04 21:00:00,0,2854.66,0,424.28,14242.62,8096.41,7736.28,0,0,2527.47,17160.48,322.7,0,13873.69,1903.31,4022.98,84460.87,0,18837.29,0,0,98145.31,0,0,0,3382.91,3240.7,0,34995.79,37619.79,83.79,3088.0,22205.05,0,0,0,0
2009-07-04 22:00:00,0,2770.28,0,388.77,13151.66,7451.1,7207.48,0,0,2361.42,16121.14,296.4,0,12909.46,1776.72,3806.52,80755.34,0,17334.09,0,0,92469.68,0,0,0,3092.6,3025.06,0,32668.86,36204.76,79.42,2908.66,21074.75,0,0,0,0
2009-07-04 23:00:00,0,2569.88,0,355.45,12063.25,6832.37,6687.2,0,0,2204.09,15097.51,270.58,0,11994.53,1666.94,3639.19,76276.53,0,16169.93,0,0,87418.53,0,0,0,2865.58,2838.18,0,30500.1,34140.35,74.78,2738.54,19745.29,0,0,0,0
2009-07-05 00:00:00,0,2347.33,0,323.54,11092.51,6240.89,6151.29,0,0,2054.8,14112.55,245.94,0,11128.28,1556.08,3461.82,72349.78,0,15112.33,0,0,82716.88,0,0,0,2699.2,2665.42,0,28784.23,32383.18,69.61,2567.33,18468.01,0,0,0,0
2009-07-05 01:00:00,0,2123.5,0,299.05,10386.17,5783.61,5726.45,0,0,1917.54,13154.85,224.07,0,10514.86,1439.07,3288.23,68722.99,0,13986.03,0,0,78541.11,0,0,0,2573.33,2535.09,0,27274.69,30730.86,65.36,2419.12,17208.74,0,0,0,0
2009-07-05 02:00:00,0,1974.29,0,277.62,9941.3,5428.44,5411.22,0,0,1805.02,12506.24,207.84,0,10344.71,1343.93,3143.7,65945.41,0,13277.69,0,0,75143.23,0,0,0,2486.83,2415.22,0,26034.13,29147.14,63.03,2292.03,16183.93,0,0,0,0
2009-07-05 03:00:00,0,1861.36,0,263.67,9623.83,5176.43,5166.7,0,0,1739.33,12110.94,196.85,0,10203.14,1272.77,3064.45,63919.04,0,12913.21,0,0,72939.65,0,0,0,2433.32,2327.64,0,24994.7,27810.05,60.27,2204.34,15609.58,0,0,0,0
2009-07-05 04:00:00,0,1800.19,0,258.08,9304.89,5027.26,5081.61,0,0,1725.65,11809.96,189.66,0,10078.47,1235.0,3031.76,62544.96,0,12728.41,0,0,72248.26,0,0,0,2412.95,2320.51,0,24432.88,26698.51,58.09,2147.98,15082.5,0,0,0,0
2009-07-05 05:00:00,0,1771.1,0,256.6,9093.06,5000.99,5082.01,0,0,1740.63,11807.38,193.32,0,10061.15,1238.31,3059.27,61718.93,0,12751.55,0,0,72131.75,0,0,0,2416.76,2342.04,0,24129.54,26154.56,56.62,2138.57,14857.27,0,0,0,0
2009-07-05 06:00:00,0,1767.89,0,257.75,9299.64,5155.0,5273.37,0,0,1771.61,11971.7,201.29,0,10350.07,1261.42,3118.68,61921.73,0,13232.96,0,0,73896.65,0,0,0,2463.47,2406.22,0,24017.16,25926.69,56.36,2171.71,14965.2,0,0,0,0
2009-07-05 07:00:00,0,1794.49,0,268.94,9715.7,5636.91,5596.01,0,0,1880.06,12956.41,209.34,0,10709.18,1332.46,3224.46,63400.97,0,13959.59,0,0,76464.99,0,0,0,2599.45,2552.93,0,24325.93,25935.12,57.57,2316.54,15193.62,0,0,0,0
2009-07-05 08:00:00,0,1868.95,0,296.9,10099.84,6481.32,5969.61,0,0,2101.81,14633.74,217.42,0,11203.71,1453.0,3327.88,65712.63,0,14767.54,0,0,79861.98,0,0,0,2757.72,2722.55,0,25107.88,26491.44,59.51,2608.13,15643.37,0,0,0,0
2009-07-05 09:00:00,0,1915.0,0,353.18,10473.49,7343.45,6349.93,0,0,2375.5,16691.32,252.83,0,11815.47,1707.15,3439.83,69294.55,0,15588.52,0,0,82290.07,0,0,0,2916.43,2871.6,0,26701.64,27234.21,60.99,2896.1,16258.38,0,0,0,0
2009-07-05 10:00:00,0,1951.32,0,396.0,10955.12,8158.18,6688.38,0,0,2631.71,18594.25,281.74,0,12352.04,1903.97,3551.84,72925.11,0,16243.4,0,0,84261.64,0,0,0,3076.54,3016.12,0,28632.56,28094.2,63.07,3130.34,16858.92,0,0,0,0
2009-07-05 11:00:00,0,2023.69,0,430.42,11570.83,8678.98,7177.81,0,0,2780.13,19859.02,299.51,0,12606.46,2033.43,3664.22,77374.43,0,16716.41,0,0,87568.84,0,0,0,3239.96,3199.16,0,30357.63,29317.74,65.42,3288.45,17585.48,0,0,0,0
2009-07-05 12:00:00,0,2147.4,0,456.85,12245.27,9130.41,7715.78,0,0,2896.42,20587.49,315.22,0,12731.85,2125.17,3849.76,81431.97,0,17062.54,0,0,91956.28,0,0,0,3311.45,3291.81,0,32369.01,30855.09,68.22,3420.83,18329.46,0,0,0,0
2009-07-05 13:00:00,0,2287.22,0,467.28,12595.37,9529.57,7824.44,0,0,2993.66,20938.26,334.22,0,12897.86,2209.19,4012.04,83986.73,0,17293.15,0,0,95798.48,0,0,0,3418.87,3422.5,0,33197.94,31841.53,71.92,3518.98,19557.01,0,0,0,0
2009-07-05 14:00:00,0,2398.77,0,443.99,13344.51,9836.61,8304.59,0,0,3074.31,21184.45,353.27,0,13270.03,2279.16,4186.21,86105.7,0,17632.61,0,0,99782.78,0,0,0,3624.6,3652.64,0,33922.41,32833.72,74.41,3618.62,20316.18,0,0,0,0
2009-07-05 15:00:00,0,2481.18,0,432.81,13781.91,10013.35,8676.18,0,0,3125.58,21358.57,360.89,0,13642.51,2306.51,4334.03,87798.26,0,18082.36,0,0,103150.95,0,0,0,3677.0,3704.85,0,34353.69,33755.95,77.05,3683.31,20787.94,0,0,0,0
2009-07-05 16:00:00,0,2527.96,0,428.34,13868.75,9971.21,8714.73,0,0,3135.88,21214.84,351.35,0,14075.36,2315.18,4425.98,88916.86,0,18497.32,0,0,105150.44,0,0,0,3732.43,3757.58,0,34856.39,34326.59,78.77,3724.01,20964.48,0,0,0,0
2009-07-05 17:00:00,0,2542.86,0,418.67,13749.26,9753.08,8657.74,0,0,3042.04,20787.39,348.61,0,14594.8,2261.41,4448.95,88771.56,0,18874.28,0,0,105658.35,0,0,0,3727.76,3754.15,0,35184.48,34544.34,79.18,3663.24,21056.81,0,0,0,0
2009-07-05 18:00:00,0,2576.26,0,415.87,13694.33,9463.54,8655.15,0,0,2922.11,20439.09,352.15,0,14755.1,2189.04,4418.54,87760.41,0,18710.3,0,0,106264.51,0,0,0,3671.32,3716.18,0,34695.43,34666.55,78.77,3545.07,21144.58,0,0,0,0
2009-07-05 19:00:00,0,2600.77,0,435.79,15407.56,9219.08,9044.67,0,0,3002.42,20087.56,349.12,0,16843.25,2216.1,4838.72,92596.83,0,21489.3,0,0,113535.62,0,0,0,3646.91,3566.84,0,35164.12,36703.34,87.46,3489.76,22910.75,0,0,0,0
2009-07-05 20:00:00,0,2580.91,0,421.41,14921.32,8799.4,8503.78,0,0,2814.95,19153.24,343.54,0,15733.2,2123.34,4676.92,91426.13,0,20961.6,0,0,111309.79,0,0,0,3537.58,3413.77,0,34417.17,35977.79,86.08,3343.2,22558.66,0,0,0,0
2009-07-05 21:00:00,0,2492.29,0,399.11,14183.3,8186.63,8007.65,0,0,2624.75,17988.64,323.98,0,14687.69,1998.43,4447.87,87822.22,0,20330.82,0,0,104710.83,0,0,0,3393.35,3252.18,0,33057.03,35523.24,81.79,3125.81,22174.74,0,0,0,0
2009-07-05 22:00:00,0,2326.6,0,374.08,13161.58,7496.65,7509.01,0,0,2437.97,16793.98,298.85,0,13710.79,1854.91,4244.01,83819.75,0,19274.52,0,0,98687.19,0,0,0,3176.48,3068.75,0,30768.29,34005.17,76.95,2930.85,20984.66,0,0,0,0
2009-07-05 23:00:00,0,2105.45,0,350.85,12167.4,6829.07,6993.97,0,0,2261.8,15635.93,276.36,0,12718.1,1701.98,4030.02,79364.78,0,18010.86,0,0,93202.56,0,0,0,2989.68,2894.41,0,28633.04,31596.7,73.29,2733.19,19687.47,0,0,0,0
2009-07-06 00:00:00,0,1901.9,0,327.7,11189.72,6194.52,6475.75,0,0,2113.6,14521.45,254.73,0,11729.54,1549.53,3807.96,74881.26,0,16848.25,0,0,88296.04,0,0,0,2814.63,2723.66,0,26879.16,29433.47,69.81,2542.46,18338.6,0,0,0,0
2009-07-06 01:00:00,0,1723.11,0,304.34,10351.1,5653.84,5956.22,0,0,1976.51,13425.81,233.7,0,11133.97,1426.98,3596.27,70459.72,0,15766.2,0,0,83785.14,0,0,0,2673.75,2571.69,0,25549.91,27668.36,65.91,2365.09,17098.78,0,0,0,0
2009-07-06 02:00:00,0,1618.46,0,285.6,9958.39,5390.2,5566.79,0,0,1861.42,12686.24,216.94,0,10866.31,1347.43,3390.88,66693.35,0,14924.86,0,0,80036.43,0,0,0,2580.62,2483.0,0,24759.51,26419.69,63.13,2260.09,16291.65,0,0,0,0
2009-07-06 03:00:00,0,1564.6,0,272.62,9800.95,5265.09,5527.37,0,0,1796.17,12325.26,208.46,0,10766.43,1303.55,3281.42,64632.82,0,14427.2,0,0,78499.57,0,0,0,2530.14,2456.34,0,24281.32,25806.52,60.82,2192.37,15672.81,0,0,0,0
2009-07-06 04:00:00,0,1570.86,0,278.95,9980.82,5238.08,5683.5,0,0,1820.52,12291.67,209.37,0,10853.08,1335.95,3326.05,64080.68,0,14380.63,0,0,79052.36,0,0,0,2579.64,2466.23,0,24549.24,25495.23,60.11,2218.22,15704.71,0,0,0,0
2009-07-06 05:00:00,0,1605.18,0,288.95,10404.55,5386.04,5844.43,0,0,1876.16,12607.7,214.27,0,12011.17,1372.02,3389.2,64892.07,0,15589.17,0,0,81187.61,0,0,0,2643.68,2496.66,0,24958.67,25795.32,60.81,2281.05,15963.82,0,0,0,0
2009-07-06 06:00:00,0,1647.7,0,308.81,11021.61,5632.89,6080.03,0,0,1974.87,13204.71,222.15,0,12690.52,1445.86,3628.24,67755.22,0,16902.89,0,0,87570.15,0,0,0,2722.35,2561.3,0,25540.09,26320.44,61.92,2385.79,16320.25,0,0,0,0
2009-07-06 07:00:00,0,1807.5,0,343.19,11419.04,6058.69,6357.89,0,0,2094.5,14299.74,235.37,0,13500.18,1529.38,3837.31,71948.29,0,17991.82,0,0,93158.9,0,0,0,2832.81,2641.28,0,26538.28,27824.0,64.18,2534.85,16955.45,0,0,0,0
2009-07-06 08:00:00,0,1916.08,0,366.07,11837.1,6518.27,6615.05,0,0,2245.96,15488.59,249.64,0,14246.11,1645.28,4050.37,75571.73,0,19143.57,0,0,98849.73,0,0,0,2972.22,2752.89,0,27329.68,29018.81,67.97,2692.34,17668.97,0,0,0,0
2009-07-06 09:00:00,0,2048.16,0,385.6,12234.52,7053.16,6902.1,0,0,2439.06,17070.58,262.68,0,14820.16,1795.68,4283.99,79446.25,0,20120.39,0,0,104140.91,0,0,0,3113.7,2888.53,0,28270.96,30533.46,72.29,2898.36,18351.38,0,0,0,0
2009-07-06 10:00:00,0,2183.32,0,394.41,12607.04,7568.75,7195.79,0,0,2654.14,18596.94,275.98,0,15038.79,1943.08,4502.41,82638.0,0,20620.81,0,0,108984.59,0,0,0,3241.27,3031.87,0,29386.97,31924.46,75.81,3111.92,19161.73,0,0,0,0
2009-07-06 11:00:00,0,2327.45,0,411.98,13285.49,8108.91,7472.55,0,0,2846.63,19960.77,292.66,0,15300.79,2059.02,4762.79,85409.06,0,21172.27,0,0,114090.05,0,0,0,3425.47,3234.69,0,31002.58,33418.4,79.83,3294.76,20047.33,0,0,0,0
2009-07-06 12:00:00,0,2474.33,0,419.55,14480.8,8553.44,8050.0,0,0,2969.25,20841.04,306.95,0,15474.72,2117.82,5021.37,88552.58,0,21617.54,0,0,118160.45,0,0,0,3617.28,3470.13,0,32956.27,34908.9,84.5,3440.96,21135.01,0,0,0,0
2009-07-06 13:00:00,0,2600.99,0,423.6,15284.77,8961.12,8583.04,0,0,3062.35,21351.62,315.22,0,15725.9,2134.11,5226.88,91307.36,0,21985.85,0,0,121199.2,0,0,0,3747.21,3642.84,0,34347.89,36260.24,88.13,3566.77,22043.36,0,0,0,0
2009-07-06 14:00:00,0,2732.84,0,433.3,15903.02,9252.32,9046.55,0,0,3099.63,21612.07,322.99,0,16027.49,2118.13,5355.59,93039.25,0,22378.25,0,0,124327.38,0,0,0,3819.5,3752.69,0,35529.56,37438.07,91.55,3648.23,22997.93,0,0,0,0
2009-07-06 15:00:00,0,2864.71,0,437.64,16171.28,9356.87,9262.26,0,0,3103.98,21612.35,320.95,0,16292.28,2098.42,5419.51,94189.73,0,22605.98,0,0,126489.07,0,0,0,3896.85,3829.45,0,36201.09,38508.49,94.02,3706.1,23626.85,0,0,0,0
2009-07-06 16:00:00,0,2959.01,0,442.24,16346.07,9366.85,9383.45,0,0,3067.05,21286.11,320.27,0,16451.64,2081.97,5473.49,94614.94,0,22339.75,0,0,126968.08,0,0,0,3962.37,3883.99,0,36165.49,39393.11,95.72,3720.98,23962.43,0,0,0,0
2009-07-06 17:00:00,0,3049.08,0,417.88,16262.54,9191.26,9400.08,0,0,3012.7,20702.8,318.91,0,16592.08,2040.46,5498.15,94737.99,0,21957.99,0,0,126149.85,0,0,0,3964.49,3917.41,0,36319.36,39914.59,94.94,3621.33,24000.55,0,0,0,0
2009-07-06 18:00:00,0,3114.18,0,412.82,15970.12,8962.62,9346.77,0,0,2951.64,20166.67,315.89,0,16594.01,2009.2,5430.89,93855.47,0,21540.85,0,0,124597.66,0,0,0,3880.47,3843.53,0,35714.59,40141.03,93.58,3483.97,23696.14,0,0,0,0
2009-07-06 19:00:00,0,3040.2,0,407.69,16015.93,8774.28,9297.99,0,0,2916.2,19570.91,312.83,0,16952.05,1931.27,5065.4,92467.82,0,21740.59,0,0,116632.99,0,0,0,3707.68,3632.77,0,34524.12,39941.0,87.46,3415.5,23467.67,0,0,0,0
2009-07-06 20:00:00,0,2974.98,0,394.79,15368.85,8436.35,8684.69,0,0,2753.34,18676.35,299.43,0,15819.57,1775.02,5027.75,91411.11,0,21518.39,0,0,115278.78,0,0,0,3573.99,3463.24,0,33659.92,38611.16,87.29,3289.3,22508.33,0,0,0,0
2009-07-06 21:00:00,0,2776.16,0,376.86,14484.92,7948.27,8098.33,0,0,2583.06,17612.55,287.67,0,14586.38,1678.32,4653.72,87140.91,0,20517.95,0,0,107934.57,0,0,0,3404.78,3284.83,0,32067.73,37776.22,82.58,3121.04,21799.37,0,0,0,0
2009-07-06 22:00:00,0,2581.7,0,351.44,13279.19,7329.93,7512.59,0,0,2415.73,16520.19,266.9,0,13449.97,1583.1,4329.81,83067.19,0,19312.08,0,0,101453.56,0,0,0,3171.62,3080.02,0,29878.32,36183.04,77.64,2942.09,20185.74,0,0,0,0
2009-07-06 23:00:00,0,2318.57,0,326.65,12149.47,6716.42,6915.2,0,0,2246.07,15357.52,246.06,0,12432.32,1462.04,4052.81,78501.8,0,18098.84,0,0,95765.33,0,0,0,2957.21,2863.49,0,27869.99,33341.53,72.85,2764.0,18600.11,0,0,0,0
2009-07-07 00:00:00,0,2091.19,0,303.56,11074.45,6098.45,6334.78,0,0,2096.57,14260.89,230.96,0,11474.04,1347.41,3783.74,74056.6,0,16869.27,0,0,90691.94,0,0,0,2757.28,2670.27,0,26125.63,30905.08,68.39,2579.72,17047.52,0,0,0,0
2009-07-07 01:00:00,0,1882.3,0,283.2,10251.53,5571.25,5756.74,0,0,1962.93,13202.44,219.19,0,11059.73,1267.52,3538.28,69730.86,0,15783.21,0,0,86002.78,0,0,0,2609.26,2505.74,0,24755.19,28911.1,64.67,2410.67,15732.95,0,0,0,0
2009-07-07 02:00:00,0,1737.61,0,263.55,9804.86,5262.03,5403.85,0,0,1842.99,12516.85,206.83,0,10923.84,1221.62,3337.01,66146.13,0,14995.51,0,0,81997.64,0,0,0,2520.85,2417.34,0,23875.43,27444.51,61.87,2291.33,14947.76,0,0,0,0
2009-07-07 03:00:00,0,1671.21,0,258.97,9578.1,5141.77,5317.85,0,0,1775.06,12164.97,196.73,0,10931.97,1187.52,3203.8,64033.65,0,14570.96,0,0,80118.35,0,0,0,2480.44,2383.52,0,23315.87,26549.08,59.65,2237.92,14497.65,0,0,0,0
2009-07-07 04:00:00,0,1647.43,0,265.21,9701.35,5122.29,5429.83,0,0,1804.68,12132.84,203.02,0,11053.82,1224.79,3226.75,63841.77,0,14869.91,0,0,80583.16,0,0,0,2529.17,2394.98,0,23660.42,26040.18,59.28,2233.74,14527.51,0,0,0,0
2009-07-07 05:00:00,0,1666.24,0,272.65,10098.0,5259.9,5563.19,0,0,1859.67,12466.41,208.59,0,12084.82,1280.79,3300.14,64712.2,0,15949.89,0,0,82578.58,0,0,0,2587.17,2427.85,0,24081.03,26186.22,60.12,2291.23,14777.5,0,0,0,0
2009-07-07 06:00:00,0,1696.54,0,289.31,10900.15,5476.0,5928.62,0,0,1949.36,13063.37,215.5,0,12841.48,1345.16,3570.97,67191.96,0,17797.08,0,0,89833.41,0,0,0,2676.06,2486.38,0,24781.96,26586.25,60.93,2369.65,15226.78,0,0,0,0
2009-07-07 07:00:00,0,1860.97,0,321.15,11423.3,5823.14,6320.13,0,0,2070.36,14163.09,226.79,0,13375.05,1437.96,3679.33,71161.35,0,18941.38,0,0,94887.28,0,0,0,2782.28,2578.95,0,25940.26,28048.53,62.74,2495.39,16085.09,0,0,0,0
2009-07-07 08:00:00,0,1971.08,0,338.79,11998.89,6145.36,6678.17,0,0,2195.02,15271.9,239.21,0,13873.53,1524.82,3956.29,74506.19,0,19901.85,0,0,100117.29,0,0,0,2909.25,2700.88,0,26850.6,29163.32,66.63,2604.02,17183.85,0,0,0,0
2009-07-07 09:00:00,0,2146.54,0,358.31,12540.72,6482.68,7041.76,0,0,2349.89,16530.5,249.1,0,14307.86,1637.12,4193.89,77897.24,0,20796.28,0,0,104730.55,0,0,0,3035.44,2807.14,0,27765.26,31311.87,72.6,2709.86,18240.86,0,0,0,0
2009-07-07 10:00:00,0,2334.99,0,373.48,13381.01,6912.48,7675.84,0,0,2515.7,17927.37,262.22,0,14604.18,1747.43,4556.82,80949.46,0,21621.32,0,0,108917.99,0,0,0,3164.47,3001.08,0,28849.56,33332.27,78.14,2887.64,19131.47,0,0,0,0
2009-07-07 11:00:00,0,2551.68,0,366.76,14396.98,7383.94,8316.49,0,0,2697.59,19334.54,281.33,0,14820.3,1859.27,4865.06,83941.44,0,22135.75,0,0,112222.92,0,0,0,3363.01,3226.51,0,30648.03,35481.47,82.61,3054.51,20164.22,0,0,0,0
2009-07-07 12:00:00,0,2750.17,0,391.56,15286.0,7894.02,8853.26,0,0,2859.96,20451.14,296.58,0,15111.6,1999.71,5065.0,87289.28,0,22386.64,0,0,115650.61,0,0,0,3542.31,3427.74,0,32795.82,37412.89,86.48,3251.26,21432.96,0,0,0,0
2009-07-07 13:00:00,0,2938.82,0,410.13,16061.05,8369.89,9302.55,0,0,2973.49,21110.3,304.93,0,15384.78,2099.7,5200.47,90172.81,0,22539.73,0,0,117612.64,0,0,0,3670.64,3573.19,0,34337.45,39212.31,90.11,3444.3,22451.23,0,0,0,0
2009-07-07 14:00:00,0,3083.99,0,441.5,16628.19,8757.13,9692.41,0,0,3048.71,21476.98,305.74,0,15535.79,2136.1,5326.19,92608.33,0,22384.38,0,0,118963.19,0,0,0,3761.26,3696.31,0,35431.17,40726.65,93.47,3556.72,23302.31,0,0,0,0
2009-07-07 15:00:00,0,3174.46,0,461.1,17024.26,9018.02,9927.21,0,0,3113.97,21818.13,311.84,0,15569.86,2156.14,5399.85,94294.59,0,21967.26,0,0,120356.43,0,0,0,3803.73,3775.05,0,36157.71,41889.86,96.52,3590.23,23953.3,0,0,0,0
2009-07-07 16:00:00,0,3215.25,0,465.53,17268.45,9166.76,10026.34,0,0,3130.28,21791.2,313.17,0,15510.74,2123.55,5454.62,95226.14,0,21772.85,0,0,120610.97,0,0,0,3827.76,3803.07,0,36647.9,42400.12,98.48,3623.44,24385.39,0,0,0,0
2009-07-07 17:00:00,0,3252.91,0,455.28,17266.3,9057.88,10021.06,0,0,3082.85,21546.68,307.97,0,15443.97,2070.9,5441.95,95008.19,0,21537.24,0,0,120047.99,0,0,0,3801.17,3790.31,0,36638.36,42438.81,97.68,3584.36,24630.34,0,0,0,0
2009-07-07 18:00:00,0,3259.61,0,440.58,17095.51,8870.14,9894.55,0,0,3007.86,21042.23,303.91,0,15307.36,2069.25,5382.94,93704.12,0,21617.09,0,0,119019.8,0,0,0,3727.29,3739.93,0,36219.24,42104.37,96.35,3525.79,24569.5,0,0,0,0
2009-07-07 19:00:00,0,3157.94,0,423.0,16946.55,8691.88,9701.49,0,0,2953.33,19726.34,297.26,0,15307.78,1968.82,5130.59,91576.19,0,21038.8,0,0,110852.12,0,0,0,3609.71,3552.13,0,35199.8,41421.89,92.16,3417.37,23970.33,0,0,0,0
2009-07-07 20:00:00,0,3036.23,0,409.4,16003.34,8407.63,8964.55,0,0,2790.92,19008.91,295.88,0,14637.95,1878.89,5064.76,90110.21,0,21012.09,0,0,109573.57,0,0,0,3506.01,3410.81,0,34215.84,39693.05,89.22,3286.18,22935.06,0,0,0,0
2009-07-07 21:00:00,0,2838.54,0,388.46,15165.12,7883.23,8330.78,0,0,2613.69,17889.6,282.01,0,13686.89,1769.62,4681.4,86045.11,0,20233.01,0,0,101821.29,0,0,0,3329.55,3226.92,0,32831.17,38708.81,84.88,3088.38,22216.24,0,0,0,0
2009-07-07 22:00:00,0,2653.94,0,360.03,13802.46,7223.49,7673.07,0,0,2435.81,16693.86,262.4,0,12832.62,1640.1,4367.9,81971.49,0,19093.22,0,0,95539.49,0,0,0,3085.1,2981.84,0,30391.83,36987.22,80.06,2875.95,20564.05,0,0,0,0
2009-07-07 23:00:00,0,2386.26,0,334.57,12552.76,6575.22,7034.82,0,0,2263.18,15510.23,245.04,0,11953.83,1506.84,4075.66,77647.12,0,18011.65,0,0,89565.99,0,0,0,2859.33,2764.13,0,28129.87,34247.29,74.88,2677.12,18928.05,0,0,0,0
2009-07-08 00:00:00,0,2157.86,0,307.22,11467.79,5908.44,6446.86,0,0,2102.72,14314.36,220.91,0,11165.42,1372.54,3796.83,73618.56,0,16742.21,0,0,84846.78,0,0,0,2652.83,2561.58,0,26141.61,31919.38,70.01,2478.69,17439.71,0,0,0,0
2009-07-08 01:00:00,0,1949.0,0,287.85,10579.73,5343.09,5896.43,0,0,1948.96,13201.94,203.66,0,10718.09,1271.33,3563.29,69639.46,0,15673.8,0,0,80996.25,0,0,0,2517.12,2398.11,0,24663.37,29895.29,66.06,2302.47,16068.15,0,0,0,0
2009-07-08 02:00:00,0,1806.28,0,270.54,10025.0,5075.88,5537.48,0,0,1817.28,12428.31,194.95,0,10618.35,1195.58,3347.16,66367.54,0,14813.19,0,0,77533.64,0,0,0,2444.27,2320.45,0,23827.6,28467.64,63.53,2198.81,15225.2,0,0,0,0
2009-07-08 03:00:00,0,1739.46,0,260.53,9713.0,4971.45,5396.61,0,0,1749.06,12051.36,194.62,0,10746.13,1173.63,3252.27,64326.9,0,14262.51,0,0,75724.52,0,0,0,2406.01,2281.37,0,23337.75,27542.28,61.55,2156.22,14780.07,0,0,0,0
2009-07-08 04:00:00,0,1712.95,0,267.54,9766.88,4989.25,5440.65,0,0,1782.96,12069.64,201.98,0,10924.88,1228.59,3303.97,64168.78,0,14152.32,0,0,75910.54,0,0,0,2456.55,2316.55,0,23616.84,26999.94,61.08,2187.72,14754.27,0,0,0,0
2009-07-08 05:00:00,0,1730.17,0,280.49,10143.98,5173.6,5539.67,0,0,1831.56,12415.96,209.67,0,11728.78,1294.51,3377.89,65063.99,0,14883.36,0,0,78140.0,0,0,0,2524.58,2359.75,0,24010.74,26980.92,61.72,2264.47,15049.92,0,0,0,0
2009-07-08 06:00:00,0,1753.65,0,298.24,10962.47,5438.64,5940.04,0,0,1940.47,13094.69,217.61,0,12842.35,1398.85,3647.56,67379.46,0,16566.66,0,0,85028.11,0,0,0,2607.03,2427.42,0,24571.28,27192.75,62.59,2376.44,15545.74,0,0,0,0
2009-07-08 07:00:00,0,1912.1,0,328.63,11495.68,5961.99,6321.43,0,0,2087.35,14163.71,230.22,0,13172.55,1477.05,3786.8,71229.6,0,17307.18,0,0,88384.23,0,0,0,2708.89,2524.39,0,25593.39,28768.86,64.65,2573.77,16357.37,0,0,0,0
2009-07-08 08:00:00,0,2044.84,0,346.52,12048.58,6467.99,6680.39,0,0,2265.0,15512.16,241.91,0,13455.35,1528.78,4063.0,74486.81,0,17972.0,0,0,91836.73,0,0,0,2848.44,2673.94,0,26465.57,30126.98,68.45,2748.01,17500.37,0,0,0,0
2009-07-08 09:00:00,0,2246.24,0,367.89,12531.17,7020.79,7120.54,0,0,2444.2,16884.79,252.61,0,13751.23,1605.41,4301.3,77436.57,0,18820.79,0,0,94678.24,0,0,0,2980.16,2797.53,0,27256.05,32341.47,74.38,2950.29,18684.69,0,0,0,0
2009-07-08 10:00:00,0,2469.0,0,403.54,13156.39,7662.71,7665.08,0,0,2661.78,18416.02,269.7,0,14207.23,1724.13,4595.64,80324.56,0,19589.07,0,0,96939.36,0,0,0,3105.8,2914.44,0,28269.94,34759.61,80.72,3169.27,19913.3,0,0,0,0
2009-07-08 11:00:00,0,2681.75,0,433.16,14093.04,8332.52,8247.43,0,0,2887.57,19894.45,288.81,0,14668.9,1850.58,4899.73,83295.44,0,20171.5,0,0,100429.69,0,0,0,3188.8,3024.16,0,30092.86,36954.9,86.34,3351.71,21746.77,0,0,0,0
2009-07-08 12:00:00,0,2895.79,0,444.0,14917.13,8907.06,8729.84,0,0,3062.74,21077.83,307.26,0,14907.1,1978.61,5121.64,87022.05,0,20565.83,0,0,104675.83,0,0,0,3265.37,3177.95,0,32231.12,39012.38,90.48,3501.74,23001.78,0,0,0,0
2009-07-08 13:00:00,0,3049.94,0,457.25,15583.06,9401.78,9113.74,0,0,3199.42,21996.04,324.99,0,14991.38,2075.4,5286.92,90573.63,0,20964.48,0,0,108371.51,0,0,0,3355.03,3308.41,0,33734.2,40702.53,94.29,3634.61,23891.79,0,0,0,0
2009-07-08 14:00:00,0,3186.71,0,472.86,15887.33,9809.66,9307.31,0,0,3313.66,22665.34,339.82,0,15035.11,2141.17,5452.95,93248.64,0,21465.18,0,0,111058.2,0,0,0,3471.46,3403.73,0,34522.48,42179.24,97.42,3741.49,24630.97,0,0,0,0
2009-07-08 15:00:00,0,3304.24,0,470.83,16112.49,10036.82,9492.2,0,0,3388.99,23054.43,351.69,0,15056.37,2205.0,5538.71,95210.22,0,21834.98,0,0,113738.65,0,0,0,3539.29,3470.38,0,34519.76,43512.46,99.78,3809.31,25277.61,0,0,0,0
2009-07-08 16:00:00,0,3378.12,0,472.53,16144.74,10183.14,9480.8,0,0,3383.18,23046.65,355.97,0,15060.89,2221.97,5533.17,95936.12,0,21872.5,0,0,115345.84,0,0,0,3544.59,3478.46,0,34216.36,44470.79,102.12,3860.76,25508.29,0,0,0,0
2009-07-08 17:00:00,0,3422.57,0,460.34,15798.89,10067.99,9248.71,0,0,3318.83,22639.46,345.27,0,15092.25,2187.36,5497.85,95281.31,0,21817.63,0,0,115716.23,0,0,0,3494.45,3441.67,0,33682.42,44847.72,102.27,3829.89,25531.76,0,0,0,0
2009-07-08 18:00:00,0,3440.54,0,447.65,15346.15,9749.66,9016.53,0,0,3177.84,21815.68,346.14,0,15024.93,2109.81,5402.42,93373.0,0,21524.55,0,0,114662.84,0,0,0,3458.52,3430.17,0,32987.99,44647.59,101.01,3717.46,25000.37,0,0,0,0
2009-07-08 19:00:00,0,3299.27,0,431.95,15730.12,9299.28,9121.74,0,0,3137.16,20561.11,338.36,0,15172.75,2027.4,4948.91,90857.05,0,21933.0,0,0,111120.07,0,0,0,3311.59,3274.39,0,32841.56,44145.28,94.88,3547.92,24482.18,0,0,0,0
2009-07-08 20:00:00,0,3197.69,0,415.05,15123.93,8917.77,8530.32,0,0,2959.31,19677.27,333.69,0,14313.58,1923.63,4854.43,89057.13,0,21303.34,0,0,108239.56,0,0,0,3229.34,3156.93,0,32374.5,42453.37,93.47,3417.43,23295.49,0,0,0,0
2009-07-08 21:00:00,0,2985.9,0,391.46,14371.76,8289.51,7987.03,0,0,2734.14,18348.42,317.72,0,13296.35,1779.23,4500.38,85493.42,0,20203.78,0,0,101216.96,0,0,0,3105.64,3014.55,0,31260.12,41052.55,88.08,3184.66,22561.35,0,0,0,0
2009-07-08 22:00:00,0,2749.43,0,360.14,13275.48,7514.87,7441.8,0,0,2516.79,17018.2,293.32,0,12405.17,1658.0,4203.72,81344.59,0,18866.28,0,0,94706.31,0,0,0,2906.56,2840.41,0,29055.52,39151.58,82.85,2955.26,20948.54,0,0,0,0
2009-07-08 23:00:00,0,2462.34,0,332.14,12269.31,6775.36,6862.26,0,0,2320.45,15740.22,268.53,0,11469.29,1549.09,3929.95,77268.42,0,17617.73,0,0,88882.35,0,0,0,2727.78,2659.31,0,27100.33,36129.73,77.75,2734.02,19335.57,0,0,0,0
2009-07-09 00:00:00,0,2235.44,0,306.54,11291.99,6069.32,6263.22,0,0,2145.17,14503.24,244.09,0,10600.09,1426.96,3698.82,73185.0,0,16482.07,0,0,83979.85,0,0,0,2559.97,2475.8,0,25278.84,33524.64,73.03,2520.39,17816.51,0,0,0,0
2009-07-09 01:00:00,0,2032.3,0,281.25,10407.2,5454.52,5669.32,0,0,1982.58,13342.65,221.86,0,10071.66,1323.33,3493.53,69284.61,0,15453.11,0,0,79934.57,0,0,0,2425.99,2325.4,0,23696.45,31280.75,68.6,2319.87,16413.72,0,0,0,0
2009-07-09 02:00:00,0,1876.09,0,262.64,9893.28,5128.88,5305.92,0,0,1840.72,12514.66,202.91,0,10038.07,1270.12,3325.21,65800.28,0,14722.43,0,0,76944.03,0,0,0,2358.64,2268.64,0,22800.53,29496.45,65.63,2184.04,15478.09,0,0,0,0
2009-07-09 03:00:00,0,1793.86,0,255.56,9670.19,4953.71,5236.97,0,0,1751.88,12004.01,195.15,0,10169.02,1240.18,3256.24,63841.7,0,14317.01,0,0,75984.12,0,0,0,2353.52,2265.12,0,22389.38,28281.43,63.39,2118.43,15019.98,0,0,0,0
2009-07-09 04:00:00,0,1767.17,0,260.28,9765.43,4915.5,5356.01,0,0,1767.31,11892.5,200.45,0,10432.98,1261.07,3334.81,63731.12,0,14240.66,0,0,76456.77,0,0,0,2420.57,2309.45,0,22670.26,27596.55,62.54,2131.7,15014.44,0,0,0,0
2009-07-09 05:00:00,0,1787.88,0,268.6,10112.17,5050.0,5499.08,0,0,1804.85,12123.84,206.02,0,11307.86,1302.7,3439.29,64801.58,0,14919.83,0,0,78255.48,0,0,0,2501.38,2359.91,0,23002.6,27578.36,62.77,2189.09,15245.21,0,0,0,0
2009-07-09 06:00:00,0,1815.7,0,283.66,10864.11,5277.97,5785.29,0,0,1897.19,12651.67,212.9,0,12465.56,1361.36,3600.16,67121.59,0,16620.83,0,0,85742.98,0,0,0,2593.84,2423.96,0,23548.35,27924.97,63.8,2281.47,15632.59,0,0,0,0
2009-07-09 07:00:00,0,1965.18,0,318.76,11336.19,5792.49,6122.23,0,0,2068.51,13817.07,223.78,0,12815.89,1468.58,3889.31,71164.46,0,17276.15,0,0,89969.52,0,0,0,2696.83,2509.39,0,24904.94,29575.71,66.15,2474.99,16738.37,0,0,0,0
2009-07-09 08:00:00,0,2089.21,0,340.6,11743.91,6227.41,6397.72,0,0,2195.97,15111.18,234.28,0,13210.09,1534.47,4063.45,74766.95,0,18023.42,0,0,94309.79,0,0,0,2796.12,2588.51,0,25643.85,31378.41,70.9,2636.61,18004.88,0,0,0,0
2009-07-09 09:00:00,0,2261.2,0,357.57,12142.28,6754.25,6667.28,0,0,2381.07,16520.37,244.39,0,13586.95,1595.78,4170.78,78681.55,0,18680.31,0,0,98654.46,0,0,0,2923.69,2674.09,0,26966.92,33471.32,76.64,2876.27,19395.97,0,0,0,0
2009-07-09 10:00:00,0,2493.8,0,382.71,12513.97,7420.33,6963.36,0,0,2591.25,18141.64,251.99,0,13882.25,1736.83,4310.27,82304.88,0,19230.36,0,0,102461.67,0,0,0,3021.93,2736.77,0,29135.05,35929.88,82.94,3112.89,20779.52,0,0,0,0
2009-07-09 11:00:00,0,2750.19,0,414.05,13348.92,8044.39,7245.62,0,0,2805.27,19556.89,257.98,0,14238.33,1845.73,4443.6,86354.65,0,19748.59,0,0,107341.39,0,0,0,3095.64,2820.27,0,31471.55,38161.48,87.84,3289.24,22341.81,0,0,0,0
2009-07-09 12:00:00,0,3028.19,0,442.36,14315.94,8549.88,7684.52,0,0,2949.33,20439.38,266.94,0,14500.37,1817.79,4770.68,90945.29,0,20315.64,0,0,112154.42,0,0,0,3185.97,2964.57,0,33297.05,40382.96,92.78,3433.41,23461.04,0,0,0,0
2009-07-09 13:00:00,0,3248.96,0,466.5,15049.47,8894.88,8112.93,0,0,3047.45,21100.88,275.31,0,14705.55,1884.36,5131.75,94802.5,0,20801.13,0,0,115971.8,0,0,0,3328.58,3138.67,0,34608.05,42377.79,96.9,3544.06,24298.69,0,0,0,0
2009-07-09 14:00:00,0,3434.5,0,484.57,15560.92,9027.75,8433.02,0,0,3065.06,21445.88,282.42,0,14800.3,1996.02,5371.75,97910.14,0,21183.07,0,0,118196.06,0,0,0,3462.39,3295.71,0,35612.04,44255.51,100.49,3612.64,25011.98,0,0,0,0
2009-07-09 15:00:00,0,3581.95,0,488.66,15931.28,8921.35,8670.32,0,0,3033.12,21605.11,297.93,0,14766.64,2047.51,5526.41,100148.97,0,21329.35,0,0,119225.16,0,0,0,3537.24,3398.72,0,36391.4,45770.39,103.28,3588.76,25495.91,0,0,0,0
2009-07-09 16:00:00,0,3684.3,0,478.65,16042.29,8766.73,8768.59,0,0,3006.7,21596.51,309.56,0,14806.13,2053.56,5632.57,101508.4,0,21413.95,0,0,119616.33,0,0,0,3554.71,3461.89,0,36806.92,46864.04,105.29,3448.43,25703.96,0,0,0,0
2009-07-09 17:00:00,0,3725.41,0,478.14,15963.77,8667.59,8760.66,0,0,2921.86,21224.65,317.04,0,15034.69,2064.75,5658.83,101090.53,0,21302.11,0,0,118713.87,0,0,0,3520.82,3457.49,0,36690.33,47300.03,105.88,3362.85,25816.1,0,0,0,0
2009-07-09 18:00:00,0,3716.17,0,467.95,15550.05,8628.58,8696.67,0,0,2855.53,20537.24,320.73,0,15112.32,2054.72,5628.82,98988.04,0,21052.96,0,0,116742.71,0,0,0,3471.96,3443.39,0,35882.13,46976.98,104.5,3378.91,25578.02,0,0,0,0
2009-07-09 19:00:00,0,3628.83,0,433.02,15831.45,8635.02,8756.17,0,0,2852.39,19626.93,319.06,0,15654.54,2012.46,5270.02,95704.31,0,21164.18,0,0,110699.99,0,0,0,3391.9,3270.69,0,34722.5,47007.94,96.66,3335.4,24737.18,0,0,0,0
2009-07-09 20:00:00,0,3525.01,0,414.59,14987.64,8285.44,8084.7,0,0,2694.91,18578.94,310.01,0,14638.24,1885.1,5233.12,93895.63,0,20761.68,0,0,109482.55,0,0,0,3291.45,3126.57,0,33953.4,44998.48,96.12,3174.62,23637.46,0,0,0,0
2009-07-09 21:00:00,0,3312.08,0,391.89,14046.04,7751.29,7461.35,0,0,2540.12,17613.78,295.59,0,13521.28,1750.85,4901.87,90264.82,0,19618.31,0,0,103222.93,0,0,0,3105.41,2958.33,0,32401.0,43528.26,90.2,2992.69,22939.73,0,0,0,0
2009-07-09 22:00:00,0,3076.76,0,366.13,12737.17,7127.51,6878.16,0,0,2379.68,16509.72,274.96,0,12510.65,1618.5,4576.75,86213.56,0,18391.57,0,0,97460.07,0,0,0,2868.56,2760.75,0,29957.92,41595.12,84.46,2802.88,21344.25,0,0,0,0
2009-07-09 23:00:00,0,2772.45,0,337.12,11598.18,6525.39,6307.97,0,0,2225.42,15375.12,249.97,0,11568.49,1492.79,4279.49,81636.9,0,17190.87,0,0,91906.35,0,0,0,2685.78,2577.17,0,27928.62,38770.71,79.69,2624.34,19711.51,0,0,0,0
2009-07-10 00:00:00,0,2495.46,0,309.46,10583.61,5918.54,5726.05,0,0,2070.53,14237.68,226.43,0,10738.91,1354.78,4006.4,77237.63,0,16131.34,0,0,87075.56,0,0,0,2507.67,2417.58,0,25961.92,36203.32,75.33,2449.33,18175.24,0,0,0,0
2009-07-10 01:00:00,0,2244.59,0,284.64,9786.88,5408.23,5233.18,0,0,1923.1,13151.69,206.86,0,10318.84,1258.36,3759.97,73100.34,0,15141.38,0,0,82846.1,0,0,0,2380.22,2271.04,0,24299.87,33863.98,71.25,2291.86,16790.96,0,0,0,0
2009-07-10 02:00:00,0,2056.71,0,264.69,9379.16,5153.21,4961.47,0,0,1804.71,12390.14,191.39,0,10197.62,1197.47,3525.31,69377.96,0,14434.6,0,0,79594.17,0,0,0,2323.43,2181.68,0,23312.77,32011.86,68.34,2204.32,15935.15,0,0,0,0
2009-07-10 03:00:00,0,1971.46,0,257.91,9217.8,5034.03,4871.21,0,0,1755.06,12006.9,187.84,0,10280.69,1204.16,3398.09,67577.17,0,14080.07,0,0,78365.59,0,0,0,2295.58,2150.55,0,22844.02,30899.27,66.4,2152.7,15384.55,0,0,0,0
2009-07-10 04:00:00,0,1930.44,0,262.23,9313.08,5082.31,4991.67,0,0,1777.65,11992.61,191.87,0,10443.4,1253.0,3439.15,67331.81,0,14020.02,0,0,79066.46,0,0,0,2308.63,2158.89,0,22903.22,30133.27,65.8,2171.65,15297.93,0,0,0,0
2009-07-10 05:00:00,0,1929.74,0,270.96,9687.38,5243.75,5145.31,0,0,1823.6,12304.0,199.58,0,11430.82,1291.58,3525.16,68075.73,0,14971.22,0,0,80974.5,0,0,0,2357.6,2182.51,0,23147.06,29652.09,65.42,2221.94,15480.96,0,0,0,0
2009-07-10 06:00:00,0,1955.51,0,286.35,10543.02,5458.48,5565.23,0,0,1907.69,12839.33,207.9,0,12181.55,1354.14,3764.74,70106.73,0,16539.33,0,0,87779.42,0,0,0,2483.57,2264.1,0,23686.06,29787.29,65.54,2300.89,15891.26,0,0,0,0
2009-07-10 07:00:00,0,2096.45,0,312.61,11005.69,5867.67,5983.68,0,0,2069.69,13862.03,220.85,0,12937.56,1434.24,4040.25,74275.86,0,17472.83,0,0,92873.06,0,0,0,2582.51,2390.14,0,24544.13,31353.73,68.33,2476.64,17093.85,0,0,0,0
2009-07-10 08:00:00,0,2236.98,0,325.75,11525.35,6292.62,6310.08,0,0,2201.95,15034.3,238.93,0,13609.31,1502.42,4376.36,78911.9,0,18353.85,0,0,97956.84,0,0,0,2691.96,2526.93,0,25360.62,33200.88,72.02,2618.74,18182.65,0,0,0,0
2009-07-10 09:00:00,0,2450.84,0,341.25,11853.97,6783.86,6489.21,0,0,2355.72,16267.8,242.71,0,14070.97,1606.51,4707.14,83656.58,0,19068.41,0,0,102778.95,0,0,0,2820.69,2645.16,0,26771.81,35282.82,77.37,2803.33,19495.1,0,0,0,0
2009-07-10 10:00:00,0,2656.65,0,371.76,12383.09,7344.3,6921.63,0,0,2545.26,17789.57,252.81,0,14417.07,1756.49,5086.07,87990.23,0,19803.3,0,0,108214.48,0,0,0,2979.55,2784.27,0,28799.33,37435.11,82.46,3007.6,20909.33,0,0,0,0
2009-07-10 11:00:00,0,2925.3,0,407.42,13322.74,7809.16,7489.56,0,0,2742.9,19045.84,269.55,0,14602.24,1875.43,5413.58,92134.85,0,20442.85,0,0,115013.54,0,0,0,3172.42,2975.39,0,30671.31,39768.58,86.09,3116.01,22392.25,0,0,0,0
2009-07-10 12:00:00,0,3168.42,0,435.28,14225.44,8200.86,8028.41,0,0,2852.32,19755.75,290.36,0,14714.98,1952.81,5642.98,95970.11,0,20971.16,0,0,119719.76,0,0,0,3354.4,3185.73,0,32484.77,41930.25,90.63,3234.72,23679.63,0,0,0,0
2009-07-10 13:00:00,0,3391.15,0,457.72,14919.8,8506.63,8475.37,0,0,2905.35,20055.05,306.87,0,14813.27,2013.02,5777.96,99127.68,0,21277.26,0,0,121790.65,0,0,0,3508.18,3377.23,0,33984.26,43950.56,96.93,3343.67,24758.36,0,0,0,0
2009-07-10 14:00:00,0,3548.17,0,478.87,15520.1,8684.32,8843.19,0,0,2947.09,20527.09,320.24,0,14887.65,2068.87,5900.96,101850.29,0,21558.91,0,0,123382.53,0,0,0,3631.65,3523.33,0,35301.69,45523.55,99.29,3397.6,25647.29,0,0,0,0
2009-07-10 15:00:00,0,3673.37,0,493.03,15966.7,8808.4,9079.89,0,0,3000.21,20860.64,327.54,0,15030.0,2113.12,6010.71,103847.46,0,21814.33,0,0,125871.47,0,0,0,3729.95,3617.14,0,36314.97,47013.5,102.04,3423.97,26282.6,0,0,0,0
2009-07-10 16:00:00,0,3760.37,0,498.32,16200.88,8882.33,9165.07,0,0,2989.89,20904.35,323.79,0,15143.09,2142.03,6061.3,105176.34,0,21768.49,0,0,127746.79,0,0,0,3767.19,3682.6,0,36748.39,47836.53,103.92,3465.1,26567.78,0,0,0,0
2009-07-10 17:00:00,0,3816.86,0,486.78,16177.1,8906.57,9146.24,0,0,2947.19,20660.54,317.08,0,15407.69,2146.61,6028.31,105047.0,0,21514.89,0,0,127817.21,0,0,0,3770.11,3697.11,0,36816.41,48308.71,106.86,3499.53,26505.58,0,0,0,0
2009-07-10 18:00:00,0,3827.51,0,458.47,15877.86,8824.58,9018.61,0,0,2882.47,20257.09,321.16,0,15660.87,2101.99,5921.67,104041.92,0,21008.64,0,0,126360.69,0,0,0,3714.7,3656.56,0,36434.8,47873.34,105.63,3510.71,26158.03,0,0,0,0
2009-07-10 19:00:00,0,3761.3,0,396.29,14787.1,8205.5,8729.87,0,0,2717.26,18782.68,295.69,0,15091.3,1941.42,5253.61,95236.55,0,19350.43,0,0,110827.96,0,0,0,3392.69,3373.14,0,34293.45,45157.46,91.12,3245.51,23921.96,0,0,0,0
2009-07-10 20:00:00,0,3643.41,0,405.19,14290.94,7875.11,7957.89,0,0,2566.06,17808.38,296.04,0,14271.35,1914.93,5247.77,94959.84,0,19465.4,0,0,110260.34,0,0,0,3327.73,3247.46,0,33392.51,44396.42,89.42,3101.8,23061.68,0,0,0,0
2009-07-10 21:00:00,0,3408.7,0,384.06,13695.09,7377.59,7353.98,0,0,2418.85,16734.55,285.38,0,13240.99,1815.39,4881.34,91427.44,0,18205.95,0,0,103592.6,0,0,0,3185.23,3102.35,0,31945.82,42684.55,84.18,2935.82,22282.67,0,0,0,0
2009-07-10 22:00:00,0,3239.85,0,360.78,12548.82,6772.3,6794.41,0,0,2264.03,15659.85,261.31,0,12326.88,1699.08,4564.14,87636.63,0,17134.31,0,0,97429.22,0,0,0,2937.54,2890.64,0,29545.64,40385.06,79.16,2773.17,20834.96,0,0,0,0
2009-07-10 23:00:00,0,2979.26,0,334.12,11423.33,6180.87,6236.11,0,0,2106.02,14615.1,238.7,0,11466.82,1576.77,4284.76,82763.91,0,15975.63,0,0,91740.63,0,0,0,2712.91,2693.98,0,27369.39,38071.61,73.59,2591.97,19301.87,0,0,0,0
2009-07-11 00:00:00,0,2722.63,0,307.85,10502.86,5625.38,5700.68,0,0,1961.98,13596.98,218.8,0,10674.08,1464.09,4007.46,78481.69,0,15014.97,0,0,86818.97,0,0,0,2535.84,2517.11,0,25645.22,35814.59,68.8,2415.18,17876.44,0,0,0,0
2009-07-11 01:00:00,0,2496.94,0,282.42,9668.21,5109.15,5212.48,0,0,1830.39,12638.6,200.0,0,10298.18,1353.3,3734.71,74124.22,0,14154.37,0,0,82987.8,0,0,0,2409.95,2368.75,0,24471.57,33674.1,64.87,2238.08,16556.42,0,0,0,0
2009-07-11 02:00:00,0,2315.03,0,264.02,9036.61,4781.59,4824.86,0,0,1713.3,11889.95,186.29,0,10179.15,1275.82,3529.45,70242.14,0,13468.7,0,0,79792.73,0,0,0,2327.75,2246.41,0,23515.81,31697.29,61.7,2097.9,15521.02,0,0,0,0
2009-07-11 03:00:00,0,2145.44,0,250.42,8696.71,4598.17,4598.16,0,0,1657.56,11423.88,176.0,0,10085.62,1214.5,3385.93,67578.18,0,13055.52,0,0,77544.91,0,0,0,2252.08,2153.45,0,22899.68,30002.39,59.53,2004.25,14864.61,0,0,0,0
2009-07-11 04:00:00,0,2043.69,0,243.55,8466.34,4460.93,4505.49,0,0,1648.8,11196.41,169.16,0,10025.92,1188.76,3293.48,66004.52,0,12847.48,0,0,77095.38,0,0,0,2210.15,2138.42,0,22442.21,28721.07,57.68,1951.19,14326.33,0,0,0,0
2009-07-11 05:00:00,0,1981.06,0,239.11,8384.01,4486.86,4536.13,0,0,1654.31,11243.31,170.73,0,9995.89,1195.28,3257.28,65122.38,0,12923.82,0,0,77263.96,0,0,0,2208.22,2133.57,0,22227.17,27897.32,56.79,1947.99,14064.57,0,0,0,0
2009-07-11 06:00:00,0,1961.74,0,239.49,8795.92,4634.84,4744.16,0,0,1691.32,11416.72,175.02,0,10374.48,1232.58,3312.46,65121.6,0,13630.65,0,0,79413.52,0,0,0,2239.82,2204.7,0,22218.32,27452.28,57.34,1975.12,14181.03,0,0,0,0
2009-07-11 07:00:00,0,2044.38,0,256.65,9432.42,4919.37,5108.36,0,0,1787.73,12232.33,186.05,0,10894.54,1328.09,3613.48,66766.35,0,14508.83,0,0,83759.44,0,0,0,2377.44,2380.95,0,22854.71,27648.19,59.12,2032.31,14960.99,0,0,0,0
2009-07-11 08:00:00,0,2308.85,0,276.15,9964.42,5305.21,5453.32,0,0,1908.32,13615.46,196.43,0,11294.13,1423.98,3881.49,70397.47,0,15341.78,0,0,88871.01,0,0,0,2530.85,2534.47,0,24164.4,29449.91,62.22,2162.99,16289.32,0,0,0,0
2009-07-11 09:00:00,0,2607.41,0,304.1,10443.88,5871.59,5875.04,0,0,2099.15,15366.09,212.07,0,11888.86,1562.43,4173.5,74171.49,0,16068.77,0,0,93623.98,0,0,0,2687.77,2666.64,0,26390.08,32013.93,66.81,2412.9,17643.26,0,0,0,0
2009-07-11 10:00:00,0,2852.65,0,339.63,11384.52,6703.88,6611.97,0,0,2296.96,16846.48,239.02,0,12558.42,1680.27,4482.02,77685.38,0,16809.96,0,0,99521.81,0,0,0,2902.58,2885.37,0,28734.62,34241.18,71.03,2717.92,19262.52,0,0,0,0
2009-07-11 11:00:00,0,3142.36,0,372.78,12440.55,7583.93,7373.73,0,0,2500.37,18158.63,263.78,0,13022.31,1762.12,4697.7,81854.21,0,17480.14,0,0,105139.64,0,0,0,3126.23,3157.38,0,31051.29,36467.06,75.57,3038.9,21106.04,0,0,0,0
2009-07-11 12:00:00,0,3386.06,0,400.89,13370.04,8141.52,7948.69,0,0,2617.14,18900.96,279.56,0,13301.89,1829.45,4848.38,85282.3,0,18172.61,0,0,109494.34,0,0,0,3296.0,3358.92,0,32938.83,38302.76,80.67,3233.51,22373.75,0,0,0,0
2009-07-11 13:00:00,0,3569.38,0,424.85,14106.79,8517.12,8397.03,0,0,2724.55,19434.66,293.51,0,13463.18,1886.86,5023.28,88097.48,0,18710.75,0,0,112469.07,0,0,0,3412.93,3494.45,0,34354.97,39935.63,85.26,3316.91,23349.63,0,0,0,0
2009-07-11 14:00:00,0,3709.77,0,442.32,14798.68,8849.54,8811.22,0,0,2827.92,19960.9,311.42,0,13662.26,1956.42,5172.81,90309.04,0,19174.01,0,0,114905.55,0,0,0,3520.02,3608.59,0,35604.68,41444.34,88.83,3412.04,24138.51,0,0,0,0
2009-07-11 15:00:00,0,3816.34,0,457.08,15236.34,9131.09,9143.71,0,0,2923.67,20310.84,324.82,0,13884.44,2028.94,5278.96,91755.45,0,19174.1,0,0,116709.15,0,0,0,3636.38,3714.83,0,36606.19,42830.5,92.32,3489.41,24802.13,0,0,0,0
2009-07-11 16:00:00,0,3872.33,0,464.61,15584.54,9221.47,9409.63,0,0,2924.89,20085.47,329.57,0,14089.41,2067.82,5441.39,92444.32,0,19132.43,0,0,117801.54,0,0,0,3716.3,3790.95,0,37271.13,43729.68,93.47,3531.98,25106.18,0,0,0,0
2009-07-11 17:00:00,0,3878.47,0,465.63,15583.38,9086.87,9532.06,0,0,2820.79,19516.2,331.44,0,14105.24,2058.69,5474.79,92108.11,0,19114.53,0,0,117257.1,0,0,0,3728.46,3797.99,0,37235.85,44059.95,94.32,3495.32,25204.08,0,0,0,0
2009-07-11 18:00:00,0,3815.55,0,452.8,15237.45,8840.65,9404.0,0,0,2751.18,19325.12,326.9,0,13845.6,2017.14,5449.72,91136.12,0,18863.99,0,0,115610.86,0,0,0,3678.67,3731.47,0,36542.38,43697.36,93.88,3433.55,24722.18,0,0,0,0
2009-07-11 19:00:00,0,3735.45,0,419.85,15606.83,8409.75,9293.94,0,0,2756.94,18569.7,311.69,0,15203.24,2004.54,5456.27,90440.91,0,20042.38,0,0,112754.97,0,0,0,3544.4,3501.84,0,36084.45,43854.35,92.86,3267.11,24297.82,0,0,0,0
2009-07-11 20:00:00,0,3569.22,0,420.6,15234.93,8009.35,8609.96,0,0,2597.88,17701.69,308.5,0,14453.95,1935.21,5313.3,90503.82,0,19929.39,0,0,112103.74,0,0,0,3453.23,3372.55,0,34992.9,43268.7,91.85,3141.33,23569.07,0,0,0,0
2009-07-11 21:00:00,0,3334.39,0,395.21,14551.2,7515.16,8043.73,0,0,2437.84,16571.06,293.5,0,13633.09,1797.6,5002.98,87104.34,0,19087.2,0,0,106465.78,0,0,0,3310.66,3205.62,0,33627.06,41316.36,85.47,2958.23,22915.98,0,0,0,0
2009-07-11 22:00:00,0,3177.74,0,366.6,13392.36,6912.9,7511.11,0,0,2296.76,15490.25,268.99,0,12825.65,1669.1,4701.14,83125.89,0,17685.33,0,0,101189.01,0,0,0,3047.89,2993.15,0,31249.36,39139.7,79.68,2775.8,21567.92,0,0,0,0
2009-07-11 23:00:00,0,2867.99,0,338.21,12228.48,6313.92,6990.33,0,0,2154.81,14461.81,244.7,0,12021.93,1546.55,4421.43,78098.34,0,16633.49,0,0,96302.03,0,0,0,2817.93,2799.01,0,29066.09,36676.88,74.38,2598.8,20044.19,0,0,0,0
2009-07-12 00:00:00,0,2617.07,0,311.87,11293.22,5757.04,6490.49,0,0,2014.18,13463.92,223.33,0,11354.88,1433.67,4118.41,73571.1,0,15735.0,0,0,91552.96,0,0,0,2640.14,2618.04,0,27086.29,34706.37,69.15,2418.94,18665.35,0,0,0,0
2009-07-12 01:00:00,0,2387.05,0,288.79,10517.93,5257.32,6013.94,0,0,1881.24,12538.47,204.99,0,10729.98,1327.8,3870.65,69539.13,0,14918.23,0,0,87713.83,0,0,0,2505.93,2465.31,0,25814.92,32866.84,64.9,2256.35,17380.12,0,0,0,0
2009-07-12 02:00:00,0,2188.49,0,268.39,9898.73,4916.93,5599.74,0,0,1771.61,11782.07,190.67,0,10669.94,1245.94,3669.14,66301.26,0,14410.96,0,0,84583.91,0,0,0,2404.75,2324.33,0,24676.54,31177.82,61.35,2123.37,16311.7,0,0,0,0
2009-07-12 03:00:00,0,2030.57,0,254.87,9518.34,4710.76,5314.46,0,0,1701.0,11356.98,179.97,0,10788.17,1178.79,3558.49,63968.01,0,14004.06,0,0,81932.15,0,0,0,2335.06,2218.9,0,23815.57,29669.79,58.58,2024.04,15543.98,0,0,0,0
2009-07-12 04:00:00,0,1934.81,0,249.53,9313.79,4581.82,5196.86,0,0,1678.22,11093.43,173.4,0,10929.93,1157.46,3450.2,62257.51,0,13800.61,0,0,81063.64,0,0,0,2271.55,2196.69,0,23378.53,28586.12,56.98,1966.8,14990.37,0,0,0,0
2009-07-12 05:00:00,0,1887.86,0,247.04,9239.41,4582.15,5180.68,0,0,1671.25,11108.41,171.92,0,11080.97,1156.0,3425.99,61323.59,0,13834.98,0,0,80435.17,0,0,0,2271.46,2198.33,0,23193.3,27881.77,56.29,1951.03,14742.2,0,0,0,0
2009-07-12 06:00:00,0,1873.39,0,250.16,9572.15,4744.49,5314.87,0,0,1701.98,11306.84,174.2,0,11367.04,1188.44,3442.77,61568.76,0,14357.48,0,0,81357.0,0,0,0,2287.24,2267.12,0,23228.79,27599.15,55.97,1989.81,14875.45,0,0,0,0
2009-07-12 07:00:00,0,1977.45,0,259.83,10232.03,5141.91,5770.3,0,0,1808.12,12302.99,186.05,0,11760.27,1253.66,3604.7,63142.62,0,14975.59,0,0,84083.46,0,0,0,2428.91,2454.84,0,23658.78,27954.67,57.08,2147.19,15531.08,0,0,0,0
2009-07-12 08:00:00,0,2199.15,0,285.35,10970.93,5859.81,6290.93,0,0,2014.17,14155.49,202.54,0,12085.42,1374.0,3785.98,66134.78,0,15478.75,0,0,86907.16,0,0,0,2645.84,2667.02,0,25405.17,29667.99,61.54,2412.5,16806.88,0,0,0,0
2009-07-12 09:00:00,0,2470.81,0,314.32,11732.4,6601.4,6897.7,0,0,2211.46,15770.17,220.38,0,12546.47,1541.02,3991.4,70124.55,0,15962.84,0,0,88925.69,0,0,0,2879.1,2881.37,0,27960.78,31977.92,66.68,2716.06,18094.66,0,0,0,0
2009-07-12 10:00:00,0,2758.31,0,350.15,12752.12,7415.2,7743.73,0,0,2435.63,17496.43,244.71,0,13089.12,1696.02,4362.98,74217.99,0,16537.67,0,0,92994.25,0,0,0,3168.09,3194.17,0,30890.56,34519.51,73.31,2963.01,20086.79,0,0,0,0
2009-07-12 11:00:00,0,3043.54,0,384.07,13904.33,8026.53,8535.55,0,0,2603.52,18890.93,268.04,0,13521.91,1811.27,4688.14,79059.86,0,17106.38,0,0,99013.65,0,0,0,3415.07,3487.42,0,33200.97,36910.21,79.04,3160.66,21798.98,0,0,0,0
2009-07-12 12:00:00,0,3291.91,0,412.19,14861.68,8455.98,9187.1,0,0,2728.84,19808.74,284.96,0,13792.5,1900.85,4943.37,82303.05,0,17500.76,0,0,103801.9,0,0,0,3610.95,3720.57,0,34988.11,38954.97,84.0,3291.42,23158.01,0,0,0,0
2009-07-12 13:00:00,0,3516.8,0,431.74,15566.99,8759.01,9588.62,0,0,2825.99,20495.72,302.57,0,14008.48,1977.14,5150.12,84796.16,0,17621.45,0,0,107320.92,0,0,0,3754.9,3874.42,0,36450.99,40830.25,87.47,3363.64,24217.39,0,0,0,0
2009-07-12 14:00:00,0,3696.02,0,448.43,16147.27,9029.87,9889.16,0,0,2908.43,21030.76,324.48,0,14330.81,2051.9,5324.11,87110.57,0,17837.5,0,0,110169.92,0,0,0,3874.92,3992.59,0,37686.31,42639.13,90.91,3460.95,24993.32,0,0,0,0
2009-07-12 15:00:00,0,3761.46,0,459.93,16398.91,9240.73,10101.95,0,0,2970.46,21298.49,342.87,0,14713.16,2114.02,5431.1,88895.9,0,18129.62,0,0,112274.43,0,0,0,3976.04,4084.38,0,38450.76,43632.76,93.26,3505.88,25524.81,0,0,0,0
2009-07-12 16:00:00,0,3745.9,0,465.08,16287.68,9336.75,10134.18,0,0,2972.6,21311.53,354.42,0,15020.47,2141.31,5464.1,90038.6,0,18438.43,0,0,113848.96,0,0,0,4027.9,4120.92,0,38769.82,44105.13,95.16,3563.37,25878.05,0,0,0,0
2009-07-12 17:00:00,0,3720.64,0,465.45,16185.96,9271.81,10116.41,0,0,2930.6,20956.45,359.07,0,15309.32,2131.54,5403.55,90365.58,0,18687.26,0,0,114213.13,0,0,0,4011.8,4106.16,0,38413.78,44162.12,95.04,3556.9,25914.82,0,0,0,0
2009-07-12 18:00:00,0,3638.7,0,461.24,15960.95,8947.09,10036.67,0,0,2786.62,20246.55,355.32,0,15466.75,2078.61,5298.34,89442.84,0,18545.49,0,0,113781.84,0,0,0,3929.18,4003.55,0,37451.91,43940.42,94.21,3474.11,25467.05,0,0,0,0
2009-07-12 19:00:00,0,3681.03,0,457.58,17103.36,8978.56,10067.98,0,0,2921.92,19769.48,350.94,0,17625.07,2145.91,5498.34,94861.62,0,21492.02,0,0,119560.38,0,0,0,3954.21,3798.44,0,36807.72,46355.11,103.97,3463.33,25983.79,0,0,0,0
2009-07-12 20:00:00,0,3545.65,0,440.05,16440.7,8581.52,9378.33,0,0,2741.07,18715.99,338.71,0,16237.36,2012.22,5350.46,93039.72,0,20825.58,0,0,115808.77,0,0,0,3835.71,3638.54,0,36020.99,44817.59,101.32,3303.86,25015.57,0,0,0,0
2009-07-12 21:00:00,0,3339.22,0,414.33,15532.23,7986.67,8771.39,0,0,2560.91,17536.2,319.56,0,14877.0,1855.98,5008.99,89166.89,0,19637.51,0,0,108686.33,0,0,0,3619.42,3446.12,0,34489.64,43433.82,95.86,3076.58,24380.34,0,0,0,0
2009-07-12 22:00:00,0,3125.26,0,382.02,14349.91,7298.95,8207.1,0,0,2382.13,16314.13,291.76,0,13633.61,1702.81,4693.45,84742.36,0,18433.01,0,0,102085.03,0,0,0,3340.67,3220.5,0,32042.87,41646.44,89.81,2876.73,22865.53,0,0,0,0
2009-07-12 23:00:00,0,2838.1,0,351.94,13263.56,6653.24,7649.91,0,0,2215.91,15113.91,266.25,0,12481.23,1562.88,4394.32,80109.3,0,17256.89,0,0,96094.06,0,0,0,3119.99,3004.94,0,29805.95,38865.5,84.6,2678.38,21270.57,0,0,0,0
2009-07-13 00:00:00,0,2511.16,0,322.49,12144.3,6011.04,7051.15,0,0,2053.91,13958.0,243.34,0,11490.38,1429.3,4113.51,75724.77,0,16049.54,0,0,90748.95,0,0,0,2919.81,2801.35,0,27787.64,35942.98,79.78,2483.05,19702.26,0,0,0,0
2009-07-13 01:00:00,0,2247.05,0,293.14,11293.63,5443.87,6519.89,0,0,1909.01,12913.33,224.23,0,10888.6,1313.62,3839.2,71459.54,0,15067.04,0,0,85799.12,0,0,0,2768.37,2627.43,0,26258.4,33602.09,75.68,2304.43,18358.07,0,0,0,0
2009-07-13 02:00:00,0,2060.7,0,269.68,10753.88,5172.59,6079.19,0,0,1789.62,12160.07,207.01,0,10602.26,1230.82,3584.52,67730.12,0,14234.52,0,0,81688.31,0,0,0,2670.18,2505.99,0,25303.54,31836.24,71.85,2191.36,17348.6,0,0,0,0
2009-07-13 03:00:00,0,1968.79,0,261.37,10375.45,5019.22,5883.91,0,0,1727.64,11737.55,198.0,0,10568.54,1203.97,3429.48,65656.45,0,13779.22,0,0,79899.18,0,0,0,2622.44,2451.24,0,24586.57,30659.18,68.4,2129.43,16548.9,0,0,0,0
2009-07-13 04:00:00,0,1940.3,0,266.32,10398.53,5043.56,5946.78,0,0,1746.44,11716.07,199.57,0,10638.64,1239.94,3445.13,65133.83,0,14021.07,0,0,80155.2,0,0,0,2628.22,2440.01,0,24607.29,30076.28,67.06,2138.98,16358.53,0,0,0,0
2009-07-13 05:00:00,0,1946.04,0,274.38,10756.16,5164.5,6068.42,0,0,1786.45,11983.91,202.77,0,11565.04,1277.06,3527.36,65550.93,0,14793.94,0,0,81191.55,0,0,0,2692.03,2479.97,0,24921.32,30010.11,66.17,2190.49,16528.84,0,0,0,0
2009-07-13 06:00:00,0,1938.26,0,288.35,11431.98,5348.46,6323.46,0,0,1868.9,12492.29,208.66,0,12464.97,1349.37,3712.93,67636.95,0,16551.66,0,0,87877.56,0,0,0,2765.1,2541.24,0,25450.27,30004.47,67.46,2273.43,16793.68,0,0,0,0
2009-07-13 07:00:00,0,2057.81,0,325.59,11946.21,5824.82,6657.15,0,0,2043.54,13602.1,225.08,0,13056.71,1453.21,4029.47,71939.08,0,17429.39,0,0,92264.34,0,0,0,2895.69,2678.64,0,26752.06,31158.23,69.51,2492.65,17599.15,0,0,0,0
2009-07-13 08:00:00,0,2191.5,0,353.44,12506.38,6431.95,6988.64,0,0,2213.4,14865.98,242.89,0,13763.47,1551.89,4225.12,75394.73,0,18088.54,0,0,96662.21,0,0,0,3063.53,2840.11,0,27820.26,32490.19,72.95,2716.11,18465.6,0,0,0,0
2009-07-13 09:00:00,0,2360.07,0,376.48,12962.15,7043.99,7301.55,0,0,2387.95,16256.36,252.3,0,14163.25,1681.27,4350.14,78810.97,0,18949.34,0,0,99990.1,0,0,0,3230.29,3013.04,0,29376.47,34465.89,76.8,2926.58,19226.31,0,0,0,0
2009-07-13 10:00:00,0,2578.81,0,408.17,13330.9,7728.99,7586.5,0,0,2599.19,17855.6,271.17,0,14390.18,1850.96,4538.59,81355.39,0,19617.08,0,0,103325.19,0,0,0,3410.56,3199.83,0,31456.47,36815.27,82.71,3152.94,19961.04,0,0,0,0
2009-07-13 11:00:00,0,2820.22,0,437.3,13889.74,8445.29,7859.16,0,0,2817.24,19338.85,294.58,0,14468.07,2005.67,4812.15,84449.53,0,20006.47,0,0,107331.9,0,0,0,3609.19,3420.7,0,33347.82,39305.22,89.97,3351.94,20785.87,0,0,0,0
2009-07-13 12:00:00,0,3069.93,0,464.7,14837.61,9047.75,8312.81,0,0,2985.14,20478.69,316.95,0,14489.1,2132.36,5069.76,88088.98,0,20287.25,0,0,110485.64,0,0,0,3720.65,3576.78,0,35000.62,41559.66,95.21,3518.56,22304.07,0,0,0,0
2009-07-13 13:00:00,0,3288.61,0,490.95,15631.27,9500.4,8619.84,0,0,3115.8,21298.06,337.65,0,14644.68,2232.73,5258.61,91302.82,0,20450.96,0,0,112636.05,0,0,0,3811.06,3702.59,0,35980.44,43401.03,100.11,3646.58,23635.09,0,0,0,0
2009-07-13 14:00:00,0,3459.19,0,503.19,16208.52,9878.49,8940.77,0,0,3233.65,22008.0,357.77,0,14730.65,2312.38,5374.66,93786.24,0,20445.27,0,0,114358.11,0,0,0,3876.28,3762.33,0,36975.69,44935.23,103.87,3767.48,24643.46,0,0,0,0
2009-07-13 15:00:00,0,3594.19,0,461.92,16597.16,10125.73,9199.15,0,0,3319.42,22488.35,373.28,0,14861.74,2347.03,5443.0,95815.44,0,20360.41,0,0,115765.35,0,0,0,3921.76,3827.13,0,37786.4,46092.38,106.65,3852.05,25310.4,0,0,0,0
2009-07-13 16:00:00,0,3662.4,0,455.84,16719.73,10214.4,9344.51,0,0,3334.97,22514.78,376.17,0,14996.62,2283.49,5488.95,97255.76,0,20296.06,0,0,116906.73,0,0,0,3916.78,3859.91,0,38170.29,46823.01,108.46,3909.33,25636.96,0,0,0,0
2009-07-13 17:00:00,0,3669.5,0,458.62,16737.08,10010.37,9403.29,0,0,3269.47,22045.68,369.37,0,15373.89,2207.3,5500.78,97443.83,0,20450.86,0,0,117048.77,0,0,0,3902.65,3871.51,0,38279.89,47113.56,109.15,3886.44,25734.37,0,0,0,0
2009-07-13 18:00:00,0,3655.67,0,438.39,16429.22,9499.45,9378.31,0,0,3066.08,20922.15,347.98,0,15673.97,2095.0,5397.66,95646.99,0,20478.58,0,0,114828.34,0,0,0,3861.21,3830.67,0,37734.66,46779.71,106.93,3749.17,25124.28,0,0,0,0
2009-07-13 19:00:00,0,3546.19,0,426.81,16359.48,9090.82,9316.59,0,0,3002.07,19856.62,339.87,0,16219.96,2109.4,5065.87,93845.53,0,20872.73,0,0,110805.45,0,0,0,3730.57,3626.29,0,36651.13,45814.57,100.49,3554.3,24609.72,0,0,0,0
2009-07-13 20:00:00,0,3352.39,0,411.68,15586.26,8705.12,8693.8,0,0,2815.41,18945.55,328.95,0,15107.39,1999.4,5004.81,91720.67,0,20616.24,0,0,109589.04,0,0,0,3630.95,3474.37,0,35909.97,43871.87,97.89,3408.97,23463.51,0,0,0,0
2009-07-13 21:00:00,0,3168.68,0,387.88,14612.24,8129.79,8104.01,0,0,2614.47,17801.78,315.15,0,14088.69,1847.74,4623.69,87197.4,0,19876.51,0,0,102363.2,0,0,0,3456.45,3303.1,0,34297.82,42634.91,92.04,3172.94,22740.03,0,0,0,0
2009-07-13 22:00:00,0,2960.14,0,360.15,13366.2,7455.5,7528.1,0,0,2432.77,16680.81,291.33,0,13172.19,1721.16,4321.72,82710.88,0,18830.61,0,0,95377.73,0,0,0,3213.5,3101.57,0,31716.62,40951.51,86.51,2959.53,21132.62,0,0,0,0
2009-07-13 23:00:00,0,2674.06,0,337.89,12169.11,6785.65,6965.65,0,0,2259.54,15512.62,269.14,0,12255.25,1598.24,4054.2,78377.65,0,17608.72,0,0,88848.7,0,0,0,2979.33,2886.66,0,29230.13,38287.65,81.47,2745.57,19519.55,0,0,0,0
2009-07-14 00:00:00,0,2405.63,0,312.44,11122.39,6119.96,6409.54,0,0,2100.27,14344.28,245.17,0,11334.01,1466.3,3791.37,74160.3,0,16475.03,0,0,83128.12,0,0,0,2781.35,2690.56,0,27169.08,36038.96,76.96,2542.48,17984.89,0,0,0,0
2009-07-14 01:00:00,0,2175.55,0,288.15,10376.34,5555.27,5849.45,0,0,1953.77,13239.74,220.85,0,10741.97,1356.65,3563.89,69893.1,0,15199.43,0,0,78560.76,0,0,0,2641.11,2529.41,0,25586.72,34015.93,72.8,2363.58,16490.07,0,0,0,0
2009-07-14 02:00:00,0,2021.33,0,267.69,10026.59,5209.39,5469.21,0,0,1829.35,12411.64,202.57,0,10566.74,1280.33,3368.14,66402.89,0,14482.41,0,0,75456.36,0,0,0,2565.58,2445.68,0,24648.66,32539.53,68.81,2235.49,15531.65,0,0,0,0
2009-07-14 03:00:00,0,1936.33,0,261.81,9852.51,5043.19,5411.75,0,0,1758.61,11973.16,196.07,0,10537.72,1264.65,3242.78,64099.02,0,14135.95,0,0,73873.45,0,0,0,2524.8,2413.66,0,23963.14,31506.67,66.31,2162.87,14962.35,0,0,0,0
2009-07-14 04:00:00,0,1919.02,0,271.04,9703.97,5061.69,5526.95,0,0,1787.1,11960.83,202.12,0,10627.84,1301.37,3273.98,63526.0,0,13994.62,0,0,73889.53,0,0,0,2561.08,2419.67,0,24012.96,30887.63,66.06,2162.05,14905.86,0,0,0,0
2009-07-14 05:00:00,0,1933.72,0,282.73,9887.54,5205.08,5627.08,0,0,1829.53,12226.0,207.56,0,11608.22,1341.03,3334.5,64461.54,0,14836.46,0,0,75391.2,0,0,0,2607.95,2443.01,0,24308.32,30592.94,66.31,2209.42,15085.14,0,0,0,0
2009-07-14 06:00:00,0,1950.42,0,296.97,10647.3,5470.06,5897.99,0,0,1939.25,12823.2,213.73,0,12355.05,1413.49,3574.03,66956.41,0,16326.78,0,0,82455.22,0,0,0,2676.69,2484.69,0,25010.72,30465.11,66.28,2320.15,15464.97,0,0,0,0
2009-07-14 07:00:00,0,2074.86,0,318.11,11085.17,6005.43,6191.16,0,0,2107.71,13919.6,222.19,0,12975.11,1523.99,3795.44,71224.7,0,17101.33,0,0,86787.08,0,0,0,2765.48,2565.69,0,26411.33,31836.05,68.27,2532.98,16496.06,0,0,0,0
2009-07-14 08:00:00,0,2189.61,0,348.6,11466.41,6566.73,6493.53,0,0,2285.9,15297.17,235.81,0,13643.12,1593.19,4059.95,74716.56,0,17968.35,0,0,91148.23,0,0,0,2864.89,2657.25,0,27618.68,33565.93,72.59,2755.32,17804.02,0,0,0,0
2009-07-14 09:00:00,0,2344.88,0,371.0,12001.41,7157.32,6780.94,0,0,2454.86,16607.58,248.62,0,14020.4,1716.92,4367.27,78308.39,0,18708.36,0,0,94345.52,0,0,0,2978.91,2754.56,0,29341.82,34947.3,77.45,2983.71,19167.32,0,0,0,0
2009-07-14 10:00:00,0,2508.11,0,400.38,12776.72,7837.65,7170.89,0,0,2664.08,18115.02,269.87,0,14357.09,1843.84,4686.47,81379.36,0,19031.87,0,0,96782.04,0,0,0,3104.02,2912.56,0,31687.82,36713.3,81.5,3217.97,20425.75,0,0,0,0
2009-07-14 11:00:00,0,2696.69,0,424.8,13568.22,8488.47,7609.02,0,0,2874.03,19474.09,279.12,0,14438.67,1928.49,4952.45,84817.08,0,19407.6,0,0,100124.1,0,0,0,3316.67,3169.11,0,33990.25,38701.05,85.49,3411.14,22004.7,0,0,0,0
2009-07-14 12:00:00,0,2889.51,0,448.63,14266.97,9003.84,8066.52,0,0,3033.77,20508.0,282.66,0,14518.0,1963.8,5173.31,88577.83,0,19803.0,0,0,103476.85,0,0,0,3556.02,3415.01,0,35827.69,40767.2,89.83,3547.08,23571.52,0,0,0,0
2009-07-14 13:00:00,0,3049.44,0,462.74,14957.54,9375.15,8508.98,0,0,3154.93,21260.82,289.81,0,14643.17,1998.75,5340.62,92378.18,0,20201.13,0,0,106835.23,0,0,0,3756.16,3615.21,0,37352.62,42663.36,92.68,3641.49,24882.22,0,0,0,0
2009-07-14 14:00:00,0,3220.12,0,467.04,15539.22,9603.13,8866.46,0,0,3216.58,21816.73,300.71,0,14838.9,2018.8,5444.11,95367.81,0,20471.39,0,0,109981.0,0,0,0,3903.03,3756.71,0,38673.16,44411.81,96.05,3709.53,25820.88,0,0,0,0
2009-07-14 15:00:00,0,3400.2,0,468.15,16071.01,9675.27,9184.21,0,0,3224.27,22160.78,311.09,0,14978.32,2034.04,5527.47,97572.85,0,20654.06,0,0,112888.22,0,0,0,3991.29,3846.78,0,39644.99,45954.2,99.01,3758.54,26550.88,0,0,0,0
2009-07-14 16:00:00,0,3496.25,0,464.87,16326.82,9572.35,9312.29,0,0,3175.85,22097.07,320.34,0,15200.95,2049.85,5593.87,98496.5,0,20859.14,0,0,115276.34,0,0,0,4011.82,3893.0,0,40081.13,47040.93,102.55,3790.95,26877.63,0,0,0,0
2009-07-14 17:00:00,0,3496.49,0,454.62,16400.17,9356.86,9320.3,0,0,3084.72,21598.47,325.24,0,15272.94,2062.46,5631.06,98140.47,0,21062.94,0,0,116139.77,0,0,0,3971.47,3873.09,0,40004.14,47363.54,104.05,3773.74,26952.01,0,0,0,0
2009-07-14 18:00:00,0,3489.14,0,442.67,15996.95,9124.88,9162.2,0,0,2962.84,20707.02,326.14,0,15342.02,2053.17,5542.43,95935.9,0,20942.51,0,0,114920.24,0,0,0,3874.05,3795.47,0,39085.17,46735.56,102.69,3687.3,26482.66,0,0,0,0
2009-07-14 19:00:00,0,3485.16,0,426.17,16260.34,8953.05,9144.36,0,0,2965.79,20024.49,326.77,0,15955.66,2017.3,5228.87,94191.55,0,21471.56,0,0,112018.1,0,0,0,3743.79,3572.61,0,37760.24,46457.58,95.9,3537.24,25546.33,0,0,0,0
2009-07-14 20:00:00,0,3433.02,0,412.92,15230.23,8581.47,8373.25,0,0,2777.72,18982.39,318.24,0,14875.21,1898.32,5152.96,91662.95,0,20309.77,0,0,107468.31,0,0,0,3626.03,3400.36,0,36539.53,44711.42,94.21,3376.69,24360.61,0,0,0,0
2009-07-14 21:00:00,0,3251.73,0,389.9,14323.06,8012.06,7687.32,0,0,2598.01,17922.5,299.57,0,13787.9,1779.19,4730.24,88050.63,0,19050.8,0,0,100364.14,0,0,0,3414.66,3209.46,0,34933.53,43472.41,90.23,3161.85,23636.43,0,0,0,0
2009-07-14 22:00:00,0,3052.43,0,363.65,13026.76,7345.08,7063.91,0,0,2422.06,16726.25,276.74,0,12764.76,1656.12,4394.89,84074.13,0,18068.85,0,0,93817.42,0,0,0,3141.67,2971.26,0,32375.03,41554.0,85.51,2941.91,22045.56,0,0,0,0
2009-07-14 23:00:00,0,2777.15,0,339.12,11904.27,6696.38,6481.42,0,0,2252.11,15512.53,256.76,0,11772.95,1544.52,4092.35,79925.91,0,16999.66,0,0,88037.36,0,0,0,2901.87,2747.66,0,30135.49,38873.17,81.53,2720.07,20441.07,0,0,0,0
2009-07-15 00:00:00,0,2544.18,0,315.01,10903.84,6050.6,5916.57,0,0,2096.56,14318.7,234.02,0,10859.39,1431.45,3827.77,76351.98,0,15786.01,0,0,83070.46,0,0,0,2684.76,2540.77,0,28065.47,36494.74,77.44,2513.61,18950.84,0,0,0,0
2009-07-15 01:00:00,0,2324.87,0,291.57,10074.09,5485.96,5419.52,0,0,1954.7,13209.2,214.5,0,10361.3,1320.52,3587.81,72377.66,0,14717.54,0,0,78836.7,0,0,0,2513.83,2378.0,0,26293.86,34261.45,73.44,2326.33,17605.31,0,0,0,0
2009-07-15 02:00:00,0,2128.59,0,266.14,9509.27,5219.99,5097.15,0,0,1835.32,12473.76,201.13,0,10221.85,1253.5,3377.54,68840.52,0,14078.75,0,0,75679.16,0,0,0,2427.77,2282.92,0,25105.83,32331.02,69.82,2214.38,16676.7,0,0,0,0
2009-07-15 03:00:00,0,2023.21,0,262.57,9276.7,5096.74,4983.11,0,0,1762.14,12030.67,193.62,0,10267.06,1241.03,3263.32,66706.9,0,13666.87,0,0,74606.76,0,0,0,2386.1,2247.51,0,24288.63,31003.68,67.2,2152.97,16119.24,0,0,0,0
2009-07-15 04:00:00,0,1986.59,0,271.39,9334.01,5137.74,5062.17,0,0,1792.98,11961.59,197.58,0,10407.18,1286.92,3319.52,66254.23,0,13604.22,0,0,75392.77,0,0,0,2409.03,2266.02,0,24179.19,29950.32,66.53,2179.99,15982.96,0,0,0,0
2009-07-15 05:00:00,0,2015.3,0,283.28,9675.74,5305.46,5207.47,0,0,1837.76,12210.32,203.84,0,11382.58,1332.33,3409.8,67074.2,0,14436.47,0,0,77299.62,0,0,0,2469.06,2296.14,0,24310.65,29474.16,66.54,2248.85,16197.21,0,0,0,0
2009-07-15 06:00:00,0,2023.09,0,300.7,10606.25,5553.72,5637.4,0,0,1939.8,12790.43,212.23,0,12274.24,1414.08,3673.76,68927.61,0,16283.33,0,0,85342.88,0,0,0,2554.66,2352.24,0,24952.97,29362.61,67.5,2363.19,16603.96,0,0,0,0
2009-07-15 07:00:00,0,2134.65,0,335.82,11036.42,6109.96,6057.11,0,0,2106.96,13899.48,231.47,0,12992.56,1513.58,4012.27,72898.0,0,17416.71,0,0,90703.49,0,0,0,2687.11,2448.84,0,26522.82,30693.9,69.98,2581.89,17767.52,0,0,0,0
2009-07-15 08:00:00,0,2284.98,0,361.1,11688.15,6796.15,6495.74,0,0,2318.3,15466.41,245.05,0,13754.74,1614.39,4380.58,76313.26,0,18538.17,0,0,96523.02,0,0,0,2851.43,2600.15,0,27631.88,32241.39,73.92,2830.69,19159.65,0,0,0,0
2009-07-15 09:00:00,0,2505.79,0,385.85,12406.38,7481.06,6916.49,0,0,2508.45,17025.8,261.01,0,14252.13,1759.86,4714.35,79761.3,0,19485.79,0,0,101755.46,0,0,0,3037.59,2768.45,0,29213.14,33886.64,78.56,3055.61,20530.37,0,0,0,0
2009-07-15 10:00:00,0,2727.14,0,409.53,13420.81,8231.11,7438.92,0,0,2729.77,18690.01,282.46,0,14658.66,1887.31,5056.87,83376.37,0,20061.87,0,0,107635.03,0,0,0,3263.64,3027.66,0,31633.84,35936.87,82.56,3308.05,21987.97,0,0,0,0
2009-07-15 11:00:00,0,2983.61,0,428.68,14456.53,8917.05,7958.46,0,0,2936.84,20023.63,302.12,0,14866.49,1979.14,5320.61,86844.61,0,20593.47,0,0,114187.12,0,0,0,3477.35,3265.06,0,34062.75,38041.45,86.45,3521.27,23068.11,0,0,0,0
2009-07-15 12:00:00,0,3237.86,0,442.18,15362.82,9476.28,8403.06,0,0,3081.65,21005.07,319.31,0,15097.26,2037.81,5410.92,91080.63,0,21159.06,0,0,120162.13,0,0,0,3655.94,3459.65,0,36102.56,40251.39,91.25,3678.1,23925.3,0,0,0,0
2009-07-15 13:00:00,0,3443.28,0,444.58,16141.02,9863.8,8807.84,0,0,3190.6,21757.39,330.16,0,15398.62,2093.43,5503.24,95061.62,0,21728.07,0,0,125144.22,0,0,0,3799.02,3618.98,0,37679.79,42176.87,95.63,3792.39,24101.48,0,0,0,0
2009-07-15 14:00:00,0,3606.13,0,445.43,16733.73,10181.69,9165.32,0,0,3279.94,22393.02,335.96,0,15837.75,2147.54,5623.21,98540.56,0,22361.41,0,0,128962.49,0,0,0,3911.2,3743.47,0,38878.1,43835.43,100.12,3896.93,24486.54,0,0,0,0
2009-07-15 15:00:00,0,3710.86,0,449.68,17181.91,10447.96,9450.16,0,0,3347.58,22801.1,337.48,0,16299.74,2187.37,5722.65,100818.42,0,22839.85,0,0,131695.05,0,0,0,3991.38,3842.59,0,39498.55,45090.78,103.75,3980.22,24670.73,0,0,0,0
2009-07-15 16:00:00,0,3766.56,0,452.6,17347.69,10525.04,9518.75,0,0,3369.98,22847.27,342.58,0,16681.63,2210.83,5760.76,101621.04,0,22982.88,0,0,132955.44,0,0,0,4032.98,3906.38,0,39452.59,45737.56,105.91,4028.86,24947.91,0,0,0,0
2009-07-15 17:00:00,0,3787.71,0,450.73,17161.93,10421.68,9420.3,0,0,3332.36,22566.45,346.99,0,17064.93,2221.7,5730.47,101378.31,0,22923.38,0,0,133049.2,0,0,0,4022.99,3904.19,0,38636.09,45881.79,107.01,4005.9,25223.64,0,0,0,0
2009-07-15 18:00:00,0,3769.93,0,442.19,16527.2,10101.79,9282.49,0,0,3207.06,21798.88,346.57,0,17145.91,2192.61,5723.49,100109.09,0,22607.13,0,0,131715.53,0,0,0,3947.8,3842.84,0,37659.73,45199.83,106.55,3888.77,25420.41,0,0,0,0
2009-07-15 19:00:00,0,3670.06,0,428.67,16706.93,9476.34,9254.55,0,0,3151.23,20588.0,341.13,0,17609.17,2103.15,5381.1,96585.09,0,23168.27,0,0,122915.87,0,0,0,3814.37,3631.81,0,36572.69,44767.81,100.87,3674.31,24687.77,0,0,0,0
2009-07-15 20:00:00,0,3542.33,0,415.04,15939.8,9020.82,8548.82,0,0,2940.49,19539.9,332.31,0,16315.24,1983.14,5359.43,95644.4,0,22258.45,0,0,119850.49,0,0,0,3702.44,3455.26,0,35637.73,43079.63,99.21,3502.02,24158.64,0,0,0,0
2009-07-15 21:00:00,0,3318.35,0,390.35,15189.58,8389.92,7944.8,0,0,2719.29,18245.56,310.74,0,15124.11,1851.97,5038.38,92169.26,0,21054.34,0,0,112788.74,0,0,0,3500.61,3281.68,0,34210.32,42113.47,93.49,3223.81,23632.04,0,0,0,0
2009-07-15 22:00:00,0,3070.48,0,362.07,13917.24,7651.04,7370.93,0,0,2515.35,16941.56,283.5,0,14086.66,1712.25,4775.58,87823.19,0,19816.84,0,0,106487.53,0,0,0,3243.21,3077.86,0,31897.15,40242.64,87.77,2996.33,22168.83,0,0,0,0
2009-07-15 23:00:00,0,2719.57,0,340.26,12830.13,6955.39,6845.51,0,0,2322.15,15656.81,260.29,0,13133.48,1581.61,4539.02,82848.6,0,18551.02,0,0,101134.27,0,0,0,3015.28,2879.28,0,29806.61,37482.39,82.65,2773.15,20662.19,0,0,0,0
2009-07-16 00:00:00,0,2438.78,0,314.78,12012.75,6262.83,6338.79,0,0,2144.96,14428.33,236.36,0,12201.68,1457.8,4309.4,78110.41,0,17311.79,0,0,96306.59,0,0,0,2805.34,2679.23,0,27767.03,34841.16,78.25,2556.1,19264.11,0,0,0,0
2009-07-16 01:00:00,0,2219.6,0,289.75,11219.47,5618.79,5863.85,0,0,1990.42,13290.52,212.23,0,11619.61,1351.16,4066.78,73534.1,0,16156.46,0,0,91959.21,0,0,0,2657.81,2515.71,0,26302.19,32431.08,73.54,2346.24,17969.54,0,0,0,0
2009-07-16 02:00:00,0,2069.09,0,266.64,10664.58,5276.01,5523.99,0,0,1852.92,12468.48,195.13,0,11280.8,1274.82,3842.85,69746.65,0,15336.44,0,0,88664.13,0,0,0,2575.36,2440.34,0,25437.45,30802.62,70.58,2193.53,17010.5,0,0,0,0
2009-07-16 03:00:00,0,1989.39,0,261.31,10486.39,5086.32,5421.83,0,0,1763.95,11967.64,188.61,0,11140.2,1244.69,3697.51,67350.71,0,15058.04,0,0,86880.84,0,0,0,2541.47,2408.32,0,24882.51,29675.25,66.79,2133.55,16343.69,0,0,0,0
2009-07-16 04:00:00,0,1953.48,0,268.11,10555.51,5030.68,5582.71,0,0,1768.62,11836.22,192.52,0,11146.86,1281.99,3726.54,66713.36,0,15306.73,0,0,87413.24,0,0,0,2574.4,2419.55,0,24900.45,29131.78,66.01,2138.38,16189.89,0,0,0,0
2009-07-16 05:00:00,0,1965.32,0,277.3,10926.12,5163.37,5755.84,0,0,1805.58,12041.51,198.82,0,11880.6,1319.25,3821.54,67250.52,0,15902.75,0,0,88818.13,0,0,0,2637.44,2464.26,0,25176.03,29185.45,65.92,2191.84,16398.05,0,0,0,0
2009-07-16 06:00:00,0,1961.81,0,289.81,11602.17,5358.53,6117.35,0,0,1874.18,12451.62,205.84,0,13361.46,1379.71,3975.42,68803.11,0,17593.06,0,0,94322.6,0,0,0,2743.79,2542.7,0,25687.76,29319.08,66.55,2263.86,16747.16,0,0,0,0
2009-07-16 07:00:00,0,2070.37,0,327.51,12163.09,5888.32,6618.57,0,0,2056.49,13687.89,223.41,0,14132.78,1493.17,4321.19,72901.71,0,18654.34,0,0,99270.36,0,0,0,2910.36,2684.78,0,26842.2,30643.16,69.04,2474.55,17594.62,0,0,0,0
2009-07-16 08:00:00,0,2241.47,0,357.34,12747.57,6607.24,7143.3,0,0,2271.34,15360.94,248.46,0,14858.06,1597.88,4589.8,76523.59,0,19752.55,0,0,103745.38,0,0,0,3079.58,2866.98,0,27774.91,32294.65,73.29,2719.66,18695.77,0,0,0,0
2009-07-16 09:00:00,0,2402.75,0,388.9,13342.41,7375.69,7601.15,0,0,2456.44,16893.92,261.29,0,15497.14,1744.52,4824.38,80113.85,0,20951.49,0,0,109047.45,0,0,0,3231.92,3041.55,0,29115.85,34262.94,77.14,2973.38,19664.31,0,0,0,0
2009-07-16 10:00:00,0,2557.16,0,417.59,14073.41,8157.9,8146.24,0,0,2638.41,18441.54,278.75,0,16031.03,1893.76,5147.34,82777.49,0,21972.42,0,0,114752.9,0,0,0,3408.84,3244.11,0,30970.61,35935.36,81.26,3231.72,20720.81,0,0,0,0
2009-07-16 11:00:00,0,2734.93,0,443.48,15106.14,8883.38,8763.87,0,0,2826.7,19772.74,299.33,0,16586.2,2027.4,5455.67,85609.21,0,22604.94,0,0,122231.68,0,0,0,3594.26,3440.27,0,33370.67,37742.32,85.36,3450.37,21962.21,0,0,0,0
2009-07-16 12:00:00,0,2942.69,0,467.92,16181.89,9428.58,9461.59,0,0,2970.25,20810.58,320.13,0,17168.22,2150.14,5696.78,89269.29,0,23413.17,0,0,129638.53,0,0,0,3697.97,3574.22,0,35167.52,39471.27,92.72,3617.69,23028.18,0,0,0,0
2009-07-16 13:00:00,0,3167.07,0,488.93,17194.57,9805.78,9965.07,0,0,3082.73,21564.44,340.67,0,17785.73,2257.66,5818.11,92104.34,0,24616.15,0,0,134236.03,0,0,0,3700.37,3667.92,0,36483.85,40979.11,97.8,3729.53,23766.98,0,0,0,0
2009-07-16 14:00:00,0,3355.81,0,506.19,17879.87,10131.97,10236.11,0,0,3175.38,22157.98,358.54,0,18304.01,2349.8,5820.22,94121.49,0,25384.73,0,0,137224.97,0,0,0,3801.65,3767.56,0,37475.02,42416.02,102.95,3844.6,24380.42,0,0,0,0
2009-07-16 15:00:00,0,3457.84,0,516.56,18204.49,10402.05,10446.25,0,0,3263.76,22734.95,370.56,0,18858.14,2430.42,5783.57,95287.26,0,25599.73,0,0,139192.96,0,0,0,3900.32,3855.92,0,37714.89,43327.91,105.76,3937.08,24978.39,0,0,0,0
2009-07-16 16:00:00,0,3513.72,0,512.28,18205.9,10572.21,10587.06,0,0,3324.63,22911.04,371.48,0,19287.83,2460.79,5831.44,95154.08,0,25779.95,0,0,139787.69,0,0,0,3967.78,3938.29,0,37451.31,43784.38,107.11,3944.7,25294.87,0,0,0,0
2009-07-16 17:00:00,0,3499.8,0,495.4,18220.41,10519.42,10600.43,0,0,3320.05,22834.83,365.5,0,19396.24,2451.94,5821.65,94740.36,0,25923.18,0,0,139556.14,0,0,0,3993.21,3962.59,0,37199.49,43670.14,108.23,3903.88,25509.58,0,0,0,0
2009-07-16 18:00:00,0,3499.75,0,480.17,17714.41,10058.96,10367.08,0,0,3166.87,21733.47,352.1,0,19088.1,2299.82,5721.07,92763.82,0,25545.5,0,0,137228.52,0,0,0,3931.72,3902.55,0,36375.21,43059.27,106.46,3780.38,25365.8,0,0,0,0
2009-07-16 19:00:00,0,3417.39,0,451.9,17364.95,9413.79,9993.56,0,0,3087.63,20401.28,349.61,0,18902.53,2241.73,5476.95,91384.65,0,24561.16,0,0,127751.6,0,0,0,3794.01,3720.2,0,35694.23,42218.39,99.28,3636.43,24585.2,0,0,0,0
2009-07-16 20:00:00,0,3288.27,0,440.77,16689.6,8864.3,9377.47,0,0,2843.34,19268.35,336.77,0,17836.71,2109.44,5388.6,90608.99,0,23844.57,0,0,124782.38,0,0,0,3687.83,3577.02,0,34855.56,40292.12,97.72,3422.33,23975.79,0,0,0,0
2009-07-16 21:00:00,0,3102.61,0,416.29,15684.59,8282.39,8817.51,0,0,2636.27,17993.91,314.07,0,16739.18,1968.22,5066.46,87743.16,0,22678.6,0,0,117602.12,0,0,0,3529.19,3400.78,0,33550.25,39178.19,92.23,3183.77,23363.69,0,0,0,0
2009-07-16 22:00:00,0,2874.22,0,385.34,14481.43,7539.65,8291.18,0,0,2441.88,16702.78,285.32,0,15690.5,1810.64,4745.21,83749.14,0,21388.96,0,0,110883.84,0,0,0,3311.41,3221.54,0,31467.42,37478.44,86.58,2963.63,21838.69,0,0,0,0
2009-07-16 23:00:00,0,2560.13,0,354.96,13390.63,6827.39,7782.01,0,0,2256.63,15421.38,259.78,0,14549.22,1638.12,4428.3,79177.43,0,20162.25,0,0,104720.62,0,0,0,3104.83,3029.34,0,29427.85,34451.9,80.83,2757.71,20247.5,0,0,0,0
2009-07-17 00:00:00,0,2299.59,0,326.61,12382.89,6123.95,7271.73,0,0,2087.95,14205.35,237.13,0,13392.24,1481.44,4139.03,74909.19,0,18900.73,0,0,99173.31,0,0,0,2914.29,2839.22,0,27622.73,31811.62,76.56,2553.26,18715.6,0,0,0,0
2009-07-17 01:00:00,0,2048.86,0,301.53,11540.36,5503.47,6802.79,0,0,1934.65,13097.37,214.96,0,12691.59,1356.07,3879.48,71019.72,0,17499.6,0,0,94246.34,0,0,0,2761.72,2683.24,0,26314.52,29454.75,71.78,2348.74,17334.12,0,0,0,0
2009-07-17 02:00:00,0,1870.34,0,279.49,11042.64,5145.67,6421.41,0,0,1801.91,12278.59,195.24,0,12466.96,1267.82,3658.38,67363.64,0,16598.65,0,0,90311.5,0,0,0,2680.3,2586.28,0,25485.21,27754.81,67.82,2199.01,16378.82,0,0,0,0
2009-07-17 03:00:00,0,1758.21,0,269.22,10702.95,4935.61,6219.82,0,0,1722.89,11805.66,183.95,0,12391.82,1224.76,3508.05,65230.91,0,16096.87,0,0,88050.05,0,0,0,2649.72,2547.1,0,24892.45,26508.16,64.49,2141.56,15778.13,0,0,0,0
2009-07-17 04:00:00,0,1718.17,0,273.24,10735.27,4879.1,6306.83,0,0,1732.28,11715.41,185.9,0,12461.53,1252.94,3558.97,64855.31,0,16163.87,0,0,87741.11,0,0,0,2681.71,2552.35,0,24856.71,25603.11,62.79,2130.07,15824.4,0,0,0,0
2009-07-17 05:00:00,0,1704.07,0,283.05,11080.11,5011.43,6481.08,0,0,1766.82,11925.61,189.8,0,13053.51,1285.71,3660.35,65541.07,0,16854.86,0,0,89025.51,0,0,0,2748.46,2598.17,0,25136.62,25387.19,63.41,2181.57,16044.74,0,0,0,0
2009-07-17 06:00:00,0,1691.86,0,300.09,11777.03,5244.88,6797.61,0,0,1859.5,12495.23,197.73,0,14055.0,1356.55,3859.62,67169.23,0,18499.65,0,0,94969.64,0,0,0,2851.35,2663.65,0,25617.27,25421.03,63.98,2276.72,16407.8,0,0,0,0
2009-07-17 07:00:00,0,1807.97,0,340.89,12361.05,5792.69,7129.16,0,0,2026.07,13674.75,218.38,0,15110.31,1461.28,4180.25,70558.5,0,20061.17,0,0,99557.82,0,0,0,2987.01,2778.05,0,26707.29,26699.02,66.13,2478.15,17335.5,0,0,0,0
2009-07-17 08:00:00,0,1850.15,0,365.33,12969.88,6528.83,7473.25,0,0,2255.32,15390.74,242.35,0,16256.11,1560.7,4383.72,73028.59,0,21429.69,0,0,104016.81,0,0,0,3133.64,2926.42,0,27527.72,27762.9,69.4,2720.6,18276.07,0,0,0,0
2009-07-17 09:00:00,0,1905.36,0,380.31,13568.81,7215.53,7833.37,0,0,2465.93,16950.34,262.08,0,17279.86,1731.68,4583.46,75505.21,0,22590.42,0,0,107483.59,0,0,0,3251.55,3073.58,0,28832.98,29301.06,72.57,2934.47,19229.27,0,0,0,0
2009-07-17 10:00:00,0,1988.41,0,388.2,14437.06,7868.99,8321.69,0,0,2635.61,18556.79,282.12,0,17869.65,1897.36,4697.22,77502.05,0,23528.69,0,0,110785.8,0,0,0,3409.65,3319.41,0,30831.76,30671.38,76.06,3165.18,20462.95,0,0,0,0
2009-07-17 11:00:00,0,2098.49,0,400.27,15558.94,8548.12,9081.94,0,0,2823.36,19975.1,303.16,0,18253.79,2045.26,4824.56,79100.93,0,24134.95,0,0,114424.87,0,0,0,3631.16,3546.29,0,33262.88,32247.56,79.4,3372.61,21553.16,0,0,0,0
2009-07-17 12:00:00,0,2233.36,0,433.08,16684.27,9150.76,9746.28,0,0,2991.18,21168.2,320.37,0,18594.45,2177.73,5033.74,81234.49,0,24526.67,0,0,117727.04,0,0,0,3782.1,3722.94,0,35233.22,33831.95,82.19,3535.82,22687.23,0,0,0,0
2009-07-17 13:00:00,0,2340.82,0,458.29,17488.91,9602.3,10107.3,0,0,3141.76,22128.72,334.03,0,18994.97,2289.28,5133.83,83341.17,0,25117.9,0,0,118839.71,0,0,0,3923.41,3848.24,0,36621.59,35274.2,84.56,3671.03,23634.96,0,0,0,0
2009-07-17 14:00:00,0,2430.6,0,475.25,17921.59,9958.27,10264.46,0,0,3283.31,22857.43,345.55,0,19528.6,2376.6,5193.51,84396.91,0,24919.2,0,0,119861.05,0,0,0,4032.83,3939.66,0,37567.32,36550.3,86.65,3784.76,24188.03,0,0,0,0
2009-07-17 15:00:00,0,2471.1,0,476.64,18235.93,10215.9,10410.71,0,0,3383.57,23344.79,354.65,0,19712.56,2395.03,5228.69,84892.37,0,24720.96,0,0,120507.0,0,0,0,4073.12,3994.27,0,37851.94,37284.81,88.17,3868.41,24395.74,0,0,0,0
2009-07-17 16:00:00,0,2477.54,0,461.33,18225.61,10327.76,10592.17,0,0,3386.27,23345.26,360.93,0,19695.67,2410.36,5156.59,84888.26,0,24791.56,0,0,120306.49,0,0,0,4034.22,4004.12,0,37591.98,37776.77,88.09,3905.15,24151.64,0,0,0,0
2009-07-17 17:00:00,0,2488.1,0,445.85,18014.03,10291.04,10391.58,0,0,3339.1,23071.3,361.15,0,19721.49,2383.55,4996.92,84949.67,0,24721.24,0,0,120198.72,0,0,0,3993.43,3978.28,0,37149.26,37983.4,87.82,3900.53,23860.36,0,0,0,0
2009-07-17 18:00:00,0,2509.57,0,438.41,17521.68,9902.21,10116.31,0,0,3197.45,22250.87,352.99,0,19679.43,2317.0,4808.59,84477.31,0,24433.56,0,0,117858.18,0,0,0,3879.68,3881.51,0,35823.81,37803.57,86.76,3769.46,23080.3,0,0,0,0
2009-07-17 19:00:00,0,2558.51,0,406.07,16097.78,8995.38,9784.38,0,0,2966.1,20213.05,328.51,0,18808.38,2163.04,4173.15,79571.58,0,22902.01,0,0,108044.2,0,0,0,3724.0,3691.41,0,33837.61,35396.92,71.75,3470.69,21635.5,0,0,0,0
2009-07-17 20:00:00,0,2478.38,0,393.39,15858.31,8612.89,9315.27,0,0,2802.86,19057.6,325.68,0,17647.54,2060.79,4172.1,78811.98,0,21895.8,0,0,106422.19,0,0,0,3663.38,3588.75,0,33010.69,35353.33,73.38,3313.97,20706.2,0,0,0,0
2009-07-17 21:00:00,0,2359.6,0,385.23,14990.31,8081.56,8697.54,0,0,2618.62,17820.86,313.67,0,16534.26,1930.4,3919.65,76628.16,0,20978.9,0,0,101079.55,0,0,0,3571.05,3439.64,0,31645.98,33217.6,70.16,3063.38,19986.52,0,0,0,0
2009-07-17 22:00:00,0,2262.14,0,359.03,13846.16,7347.98,8197.42,0,0,2444.97,16703.15,290.67,0,15524.63,1812.47,3701.48,73716.49,0,19753.78,0,0,96111.48,0,0,0,3352.14,3297.8,0,29666.62,31217.04,66.29,2854.55,18430.95,0,0,0,0
2009-07-17 23:00:00,0,2039.92,0,334.51,12672.17,6688.11,7764.54,0,0,2272.48,15596.61,266.49,0,14524.22,1699.32,3478.46,69944.89,0,18470.73,0,0,90826.9,0,0,0,3127.57,3111.19,0,27820.16,28931.06,62.07,2660.49,16757.37,0,0,0,0
2009-07-18 00:00:00,0,1834.27,0,311.36,11584.72,6071.82,7282.09,0,0,2100.18,14463.38,243.35,0,13602.55,1584.32,3262.88,66234.55,0,17503.11,0,0,85780.79,0,0,0,2915.92,2930.2,0,26365.11,27088.67,58.29,2473.34,15323.1,0,0,0,0
2009-07-18 01:00:00,0,1660.27,0,288.22,10679.58,5510.62,6772.49,0,0,1948.13,13441.23,223.86,0,12886.37,1475.14,3048.05,62837.41,0,16537.3,0,0,81621.79,0,0,0,2765.47,2774.9,0,25198.8,25554.74,55.38,2310.65,14172.5,0,0,0,0
2009-07-18 02:00:00,0,1544.95,0,265.72,10066.51,5085.91,6310.98,0,0,1817.15,12560.02,208.01,0,12710.34,1375.03,2907.39,59983.77,0,15864.67,0,0,78274.09,0,0,0,2656.69,2662.54,0,24149.92,24107.84,52.36,2167.54,13304.83,0,0,0,0
2009-07-18 03:00:00,0,1472.32,0,251.5,9645.86,4864.21,5962.07,0,0,1726.58,11935.02,199.03,0,12722.75,1312.55,2809.58,57981.81,0,15484.56,0,0,75971.23,0,0,0,2594.57,2552.74,0,23394.66,23040.03,49.89,2056.22,12859.72,0,0,0,0
2009-07-18 04:00:00,0,1447.92,0,247.75,9481.72,4702.17,5773.27,0,0,1664.17,11554.85,193.6,0,12829.37,1277.89,2755.14,56507.26,0,15382.49,0,0,75482.93,0,0,0,2566.38,2488.74,0,22750.36,22385.58,48.62,1993.23,12532.0,0,0,0,0
2009-07-18 05:00:00,0,1448.42,0,248.76,9333.76,4671.86,5671.93,0,0,1654.64,11426.11,191.72,0,12897.24,1272.65,2748.54,55865.06,0,15443.4,0,0,75187.85,0,0,0,2554.62,2500.26,0,22370.5,21987.15,48.81,1986.73,12404.61,0,0,0,0
2009-07-18 06:00:00,0,1482.56,0,254.94,9420.48,4809.96,5679.48,0,0,1680.3,11505.14,194.31,0,13266.86,1294.33,2817.53,56338.15,0,15996.29,0,0,76208.7,0,0,0,2581.97,2510.63,0,22190.74,21901.4,49.38,2035.62,12681.31,0,0,0,0
2009-07-18 07:00:00,0,1566.69,0,268.12,9750.23,5402.83,5908.78,0,0,1833.66,12563.09,210.02,0,13794.22,1372.79,2924.88,58190.84,0,16717.61,0,0,78201.9,0,0,0,2654.79,2607.41,0,22069.33,22101.12,50.29,2257.1,13011.95,0,0,0,0
2009-07-18 08:00:00,0,1660.47,0,291.25,9983.64,6283.09,6139.11,0,0,2063.17,14462.97,226.15,0,14162.61,1491.05,3091.16,60509.29,0,17147.96,0,0,80534.59,0,0,0,2751.55,2760.3,0,22837.14,23164.82,51.61,2535.73,13717.28,0,0,0,0
2009-07-18 09:00:00,0,1806.57,0,304.5,10298.24,7029.2,6354.79,0,0,2250.94,16114.05,243.8,0,14604.21,1619.58,3238.97,63518.94,0,17640.14,0,0,82557.02,0,0,0,2926.96,2943.84,0,24079.35,24929.79,53.82,2839.48,14554.86,0,0,0,0
2009-07-18 10:00:00,0,1924.71,0,327.4,10648.15,7786.43,6845.05,0,0,2480.82,17964.52,259.69,0,15030.78,1746.99,3421.26,66471.81,0,18435.09,0,0,84920.4,0,0,0,3134.51,3179.46,0,25413.87,26829.49,57.06,3071.79,15109.35,0,0,0,0
2009-07-18 11:00:00,0,2061.72,0,355.31,11380.13,8411.89,7466.88,0,0,2689.88,19554.27,273.14,0,15404.02,1839.5,3512.32,69691.36,0,19159.93,0,0,87841.94,0,0,0,3318.42,3381.16,0,27013.17,28679.23,60.84,3258.38,15663.76,0,0,0,0
2009-07-18 12:00:00,0,2208.66,0,373.03,12125.56,8917.5,7880.88,0,0,2860.37,20609.12,283.18,0,15784.59,1878.6,3587.64,72305.56,0,19623.52,0,0,91604.18,0,0,0,3483.05,3551.15,0,28429.34,30151.35,64.02,3399.97,16570.4,0,0,0,0
2009-07-18 13:00:00,0,2333.02,0,386.25,12695.23,9342.25,8215.07,0,0,2995.13,21210.54,288.35,0,16126.0,1764.61,3644.81,74336.92,0,19975.34,0,0,94203.67,0,0,0,3618.58,3696.15,0,29660.51,31377.97,67.1,3512.79,17388.55,0,0,0,0
2009-07-18 14:00:00,0,2443.43,0,407.89,13173.03,9610.94,8480.67,0,0,3084.23,21719.4,292.23,0,16449.67,1787.67,3696.67,75940.32,0,20212.7,0,0,96073.63,0,0,0,3730.17,3810.15,0,30919.37,32421.2,69.94,3594.34,18242.88,0,0,0,0
2009-07-18 15:00:00,0,2529.79,0,418.17,13539.58,9661.27,8781.88,0,0,3118.49,21832.91,299.72,0,16779.99,1705.67,3764.59,77145.28,0,20312.86,0,0,97908.76,0,0,0,3810.02,3884.94,0,32119.73,33331.35,72.75,3643.66,18907.16,0,0,0,0
2009-07-18 16:00:00,0,2577.28,0,427.0,13829.41,9615.78,9016.24,0,0,3129.81,21726.74,305.23,0,16988.21,1741.91,3819.42,77937.27,0,20372.44,0,0,99156.94,0,0,0,3847.62,3899.27,0,32857.94,34160.64,74.34,3674.94,19300.25,0,0,0,0
2009-07-18 17:00:00,0,2616.88,0,409.89,14047.5,9392.81,9160.77,0,0,3084.52,21256.56,303.38,0,17131.35,1764.33,3858.58,78409.0,0,20481.2,0,0,99846.73,0,0,0,3822.48,3886.72,0,33279.66,34785.99,75.51,3607.65,19607.95,0,0,0,0
2009-07-18 18:00:00,0,2624.35,0,396.41,14005.14,9061.38,9128.6,0,0,2955.95,20699.34,308.29,0,17234.94,1803.19,3794.08,78509.09,0,20320.0,0,0,99513.8,0,0,0,3753.11,3781.05,0,33281.26,34656.34,75.09,3504.16,19463.73,0,0,0,0
2009-07-18 19:00:00,0,2573.81,0,402.88,14249.1,8572.09,8956.37,0,0,2916.99,19480.61,298.49,0,18188.63,1850.08,3938.81,79238.11,0,21053.3,0,0,100301.18,0,0,0,3652.83,3561.52,0,33049.74,35013.77,72.68,3310.7,19744.85,0,0,0,0
2009-07-18 20:00:00,0,2495.75,0,394.13,13840.18,8187.97,8288.4,0,0,2733.06,18462.41,292.63,0,17242.6,1776.75,3879.77,79379.77,0,21397.43,0,0,99984.61,0,0,0,3565.64,3451.59,0,32023.34,34998.12,73.05,3224.49,19042.55,0,0,0,0
2009-07-18 21:00:00,0,2323.75,0,376.0,13133.82,7680.11,7687.81,0,0,2543.13,17325.7,283.33,0,16092.11,1707.05,3681.64,76802.2,0,20215.93,0,0,94421.15,0,0,0,3403.03,3268.65,0,30488.6,33186.02,69.59,3037.7,18288.08,0,0,0,0
2009-07-18 22:00:00,0,2238.99,0,351.23,11823.59,7034.1,7106.11,0,0,2379.31,16263.31,261.72,0,14971.22,1626.81,3481.44,73703.52,0,18973.06,0,0,89064.88,0,0,0,3096.84,3015.12,0,28256.81,31397.76,65.46,2844.14,16823.79,0,0,0,0
2009-07-18 23:00:00,0,2019.84,0,326.53,10729.3,6453.05,6543.11,0,0,2220.67,15222.31,240.28,0,13862.4,1528.96,3279.47,69623.16,0,17711.9,0,0,84024.94,0,0,0,2825.9,2795.02,0,26186.91,29197.74,61.47,2679.16,15431.05,0,0,0,0
2009-07-19 00:00:00,0,1819.55,0,304.64,9861.44,5920.24,6029.46,0,0,2065.52,14160.83,221.05,0,12795.08,1419.26,3076.75,65914.71,0,16547.94,0,0,79253.21,0,0,0,2623.12,2601.81,0,24328.34,27463.01,57.69,2501.67,14276.74,0,0,0,0
2009-07-19 01:00:00,0,1658.26,0,281.5,9061.52,5423.86,5563.97,0,0,1920.43,13115.89,203.88,0,12048.75,1312.89,2922.67,62586.92,0,15471.37,0,0,74931.73,0,0,0,2481.4,2446.15,0,22954.22,26085.98,54.64,2337.03,13315.26,0,0,0,0
2009-07-19 02:00:00,0,1562.32,0,262.02,8560.72,5055.85,5146.37,0,0,1803.7,12300.21,190.34,0,11754.36,1229.98,2809.05,59654.06,0,14570.18,0,0,71575.18,0,0,0,2385.09,2318.99,0,22036.21,24927.7,51.99,2196.54,12691.13,0,0,0,0
2009-07-19 03:00:00,0,1502.37,0,254.5,8182.18,4847.51,4858.08,0,0,1729.2,11782.64,182.65,0,11425.01,1174.74,2732.67,57674.6,0,13854.04,0,0,69273.45,0,0,0,2301.28,2212.1,0,21254.57,23854.88,50.64,2088.26,12345.75,0,0,0,0
2009-07-19 04:00:00,0,1472.82,0,251.23,7995.89,4705.98,4710.61,0,0,1686.99,11450.31,179.04,0,11177.21,1164.91,2708.07,56315.76,0,13441.61,0,0,68509.94,0,0,0,2242.69,2187.69,0,20732.34,23110.12,50.12,2031.58,12028.63,0,0,0,0
2009-07-19 05:00:00,0,1466.17,0,244.5,8009.31,4687.34,4683.1,0,0,1681.51,11414.13,180.81,0,11090.45,1178.41,2731.99,55946.15,0,13347.22,0,0,68514.52,0,0,0,2218.2,2167.37,0,20378.63,22588.11,50.2,2011.04,11924.62,0,0,0,0
2009-07-19 06:00:00,0,1493.64,0,243.61,8392.88,4838.21,4819.65,0,0,1710.94,11562.78,185.22,0,11478.64,1209.65,2814.98,56656.87,0,13985.92,0,0,70156.9,0,0,0,2206.72,2215.29,0,20208.73,22438.58,50.74,2044.41,12331.49,0,0,0,0
2009-07-19 07:00:00,0,1601.07,0,253.67,8800.38,5253.4,5133.48,0,0,1819.66,12366.9,193.34,0,12103.25,1269.61,2813.38,58236.21,0,14789.4,0,0,72721.51,0,0,0,2310.38,2346.83,0,20309.8,22813.44,51.31,2183.28,12775.7,0,0,0,0
2009-07-19 08:00:00,0,1726.21,0,267.51,9182.35,5802.64,5449.52,0,0,2014.62,14002.14,203.98,0,12484.5,1346.53,2913.18,60919.03,0,15725.47,0,0,76847.81,0,0,0,2440.43,2494.34,0,21798.82,23643.27,52.58,2368.34,13383.11,0,0,0,0
2009-07-19 09:00:00,0,1894.14,0,288.03,9756.76,6337.54,5833.08,0,0,2197.53,15562.37,216.92,0,12951.51,1429.76,3036.95,63544.37,0,16656.86,0,0,80680.79,0,0,0,2617.74,2622.74,0,23149.41,25710.23,56.06,2595.93,13981.29,0,0,0,0
2009-07-19 10:00:00,0,2058.74,0,310.32,10331.22,6974.24,6255.72,0,0,2410.63,17250.72,239.98,0,13254.76,1515.3,3276.67,66538.94,0,17196.93,0,0,84996.01,0,0,0,2867.85,2863.46,0,24509.01,28122.97,60.95,2850.01,14509.06,0,0,0,0
2009-07-19 11:00:00,0,2217.96,0,331.92,11123.29,7723.18,6967.19,0,0,2619.92,18896.2,265.25,0,13396.64,1665.97,3481.63,69978.64,0,17697.02,0,0,90443.79,0,0,0,3057.9,3106.56,0,25943.38,30158.37,66.3,3022.5,15216.04,0,0,0,0
2009-07-19 12:00:00,0,2373.21,0,354.33,11912.07,8261.35,7584.13,0,0,2750.86,20027.76,281.23,0,13524.06,1782.16,3630.92,73142.98,0,18134.92,0,0,94307.93,0,0,0,3185.15,3291.36,0,27144.76,31684.81,70.07,3139.73,16384.53,0,0,0,0
2009-07-19 13:00:00,0,2510.96,0,371.71,12603.65,8544.85,8046.55,0,0,2835.95,20741.27,290.71,0,13812.75,1865.92,3783.98,75865.43,0,18490.58,0,0,97634.31,0,0,0,3311.63,3426.25,0,28272.75,33103.06,73.34,3216.14,17572.58,0,0,0,0
2009-07-19 14:00:00,0,2612.39,0,380.31,13221.28,8713.72,8416.29,0,0,2890.99,20867.26,303.37,0,14280.37,1846.65,3904.89,77869.58,0,18837.03,0,0,100341.7,0,0,0,3419.31,3542.87,0,29369.76,34348.08,76.12,3308.54,18370.11,0,0,0,0
2009-07-19 15:00:00,0,2686.26,0,387.1,13716.98,8763.54,8705.34,0,0,2891.13,20685.97,313.75,0,14669.17,1884.18,4012.98,79406.17,0,19124.34,0,0,103317.52,0,0,0,3492.23,3614.35,0,30350.79,35515.27,78.49,3406.48,19042.4,0,0,0,0
2009-07-19 16:00:00,0,2724.24,0,396.47,14019.9,8733.28,8914.56,0,0,2850.07,20208.63,304.45,0,15166.79,1844.56,4153.38,80826.96,0,19171.71,0,0,105093.3,0,0,0,3534.68,3649.09,0,31207.26,36487.13,79.75,3425.08,19681.62,0,0,0,0
2009-07-19 17:00:00,0,2741.24,0,407.18,14124.97,8569.43,8985.91,0,0,2783.36,19903.22,289.63,0,15555.07,1855.99,4204.64,81212.61,0,19139.65,0,0,104809.59,0,0,0,3510.0,3635.47,0,31582.69,37166.21,79.79,3322.63,19840.98,0,0,0,0
2009-07-19 18:00:00,0,2749.3,0,398.32,13886.29,8400.62,8877.94,0,0,2700.33,19765.08,282.78,0,15588.55,1857.69,4082.63,80969.25,0,19069.35,0,0,104224.03,0,0,0,3475.02,3561.64,0,31431.42,37193.75,79.21,3258.8,19696.07,0,0,0,0
2009-07-19 19:00:00,0,2773.45,0,421.64,15461.54,8682.36,9149.41,0,0,2882.71,19729.39,297.43,0,17750.6,1934.24,4379.24,86919.67,0,22018.03,0,0,110505.11,0,0,0,3587.14,3459.75,0,32275.32,40333.16,85.56,3361.95,21028.24,0,0,0,0
2009-07-19 20:00:00,0,2716.91,0,409.16,14630.37,8280.22,8503.39,0,0,2696.31,18613.04,283.62,0,16714.27,1817.52,4275.88,85137.72,0,21686.1,0,0,108836.42,0,0,0,3484.33,3317.75,0,30781.81,38933.2,84.23,3194.59,19773.28,0,0,0,0
2009-07-19 21:00:00,0,2494.38,0,387.39,13969.74,7711.38,7956.27,0,0,2522.9,17486.18,270.49,0,15619.76,1693.49,3970.53,81186.93,0,20907.27,0,0,102586.5,0,0,0,3323.83,3177.8,0,29253.75,37249.81,78.41,3018.57,18973.95,0,0,0,0
2009-07-19 22:00:00,0,2296.78,0,356.25,12834.37,7065.46,7384.99,0,0,2366.7,16329.77,248.27,0,14611.24,1562.81,3726.01,77206.76,0,19778.01,0,0,96417.88,0,0,0,3097.33,2973.67,0,26952.29,35102.21,72.89,2816.12,17424.31,0,0,0,0
2009-07-19 23:00:00,0,2035.05,0,328.19,11854.4,6395.6,6825.82,0,0,2190.51,15059.0,229.9,0,13608.26,1433.06,3513.5,72891.0,0,18494.24,0,0,90770.94,0,0,0,2897.51,2768.97,0,25045.77,32264.51,68.25,2594.39,16117.49,0,0,0,0
2009-07-20 00:00:00,0,1826.97,0,301.98,11010.31,5717.9,6235.97,0,0,2024.28,13839.86,211.44,0,12620.0,1320.82,3325.14,69090.1,0,17334.37,0,0,85828.27,0,0,0,2714.25,2575.06,0,23379.62,30070.17,65.06,2386.18,14952.33,0,0,0,0
2009-07-20 01:00:00,0,1657.68,0,277.88,10152.19,5165.95,5656.44,0,0,1884.55,12773.01,195.52,0,12000.04,1223.72,3158.01,65441.68,0,16177.01,0,0,81592.15,0,0,0,2570.13,2414.08,0,21982.6,28242.16,62.14,2203.62,13950.73,0,0,0,0
2009-07-20 02:00:00,0,1544.96,0,255.41,9696.15,4879.78,5298.0,0,0,1749.47,11968.25,181.62,0,11679.63,1160.06,3005.93,62231.45,0,15270.57,0,0,78437.18,0,0,0,2478.86,2308.54,0,20977.21,26624.73,59.95,2076.46,13234.52,0,0,0,0
2009-07-20 03:00:00,0,1509.4,0,246.0,9536.43,4703.19,5220.39,0,0,1687.68,11550.83,177.53,0,11560.4,1178.45,2956.82,60546.79,0,14819.4,0,0,77284.13,0,0,0,2429.2,2276.65,0,20244.42,25796.78,58.69,2028.28,12987.44,0,0,0,0
2009-07-20 04:00:00,0,1517.39,0,250.91,9526.6,4748.7,5345.4,0,0,1717.55,11581.73,182.41,0,11575.79,1216.07,3040.11,60747.54,0,14725.82,0,0,77942.6,0,0,0,2423.17,2293.48,0,20253.51,25347.35,58.82,2040.8,13128.32,0,0,0,0
2009-07-20 05:00:00,0,1559.67,0,257.58,9881.21,4875.26,5493.03,0,0,1761.65,11928.31,187.07,0,12250.93,1245.39,3153.74,61996.66,0,15157.22,0,0,79376.62,0,0,0,2482.04,2322.66,0,20443.87,25626.27,59.66,2075.23,13466.91,0,0,0,0
2009-07-20 06:00:00,0,1600.29,0,267.16,10633.71,5052.04,5740.26,0,0,1826.07,12395.42,194.22,0,13440.01,1296.17,3340.49,64321.63,0,17112.46,0,0,86261.75,0,0,0,2565.9,2382.04,0,21011.23,26046.11,60.27,2145.07,14058.5,0,0,0,0
2009-07-20 07:00:00,0,1751.15,0,301.37,11037.15,5423.81,6063.39,0,0,1971.32,13356.14,205.71,0,14257.47,1389.36,3477.92,68724.92,0,18354.17,0,0,90888.53,0,0,0,2674.6,2486.28,0,22191.19,27888.38,62.29,2295.59,15150.8,0,0,0,0
2009-07-20 08:00:00,0,1835.44,0,325.8,11376.3,5805.05,6361.9,0,0,2075.08,14329.92,218.48,0,15065.54,1451.98,3653.5,72473.67,0,19470.4,0,0,95923.07,0,0,0,2832.98,2608.08,0,23509.35,29446.63,65.51,2454.41,15993.04,0,0,0,0
2009-07-20 09:00:00,0,1994.4,0,351.43,11674.17,6206.66,6666.26,0,0,2214.08,15435.22,231.82,0,15814.42,1519.23,3827.83,76291.73,0,20572.91,0,0,100391.47,0,0,0,2994.76,2735.68,0,24830.43,31399.21,70.07,2650.72,16756.71,0,0,0,0
2009-07-20 10:00:00,0,2156.89,0,373.18,12102.41,6937.88,7056.97,0,0,2418.21,16979.44,241.32,0,16262.41,1603.6,4012.98,79602.38,0,21245.02,0,0,103679.77,0,0,0,3142.35,2880.3,0,26581.34,33377.24,75.17,2917.22,17425.91,0,0,0,0
2009-07-20 11:00:00,0,2365.02,0,391.15,12556.12,7673.21,7367.21,0,0,2653.88,18427.96,257.51,0,16463.4,1750.86,4248.4,83125.47,0,21870.5,0,0,106880.78,0,0,0,3304.3,3071.71,0,28061.76,35381.8,80.5,3097.43,18110.95,0,0,0,0
2009-07-20 12:00:00,0,2583.32,0,408.73,13279.52,8148.87,7833.99,0,0,2831.85,19480.8,274.53,0,16739.15,1882.14,4494.53,86978.13,0,22415.63,0,0,110362.08,0,0,0,3464.13,3242.47,0,29383.44,37650.2,85.49,3217.77,19286.26,0,0,0,0
2009-07-20 13:00:00,0,2755.27,0,425.81,13931.65,8479.54,8202.3,0,0,2931.0,20146.97,290.66,0,16903.91,1971.37,4678.19,89614.99,0,22754.03,0,0,113366.4,0,0,0,3583.8,3383.91,0,30521.08,39337.06,89.36,3336.63,20356.54,0,0,0,0
2009-07-20 14:00:00,0,2909.39,0,440.09,14539.16,8757.75,8622.6,0,0,2960.55,20233.0,308.24,0,17105.5,2011.9,4820.93,91527.86,0,23031.37,0,0,115721.85,0,0,0,3700.52,3517.05,0,31685.4,40845.73,92.91,3449.43,21221.82,0,0,0,0
2009-07-20 15:00:00,0,3032.34,0,451.68,14891.49,8976.52,8917.67,0,0,2954.15,20070.89,325.68,0,17339.83,2045.75,4915.49,92719.04,0,23313.8,0,0,117694.23,0,0,0,3753.81,3617.13,0,32785.5,42062.46,95.47,3565.61,21833.32,0,0,0,0
2009-07-20 16:00:00,0,3125.39,0,457.62,15045.29,9064.93,9075.89,0,0,2944.71,20063.21,336.8,0,17366.87,2044.57,4970.9,93295.44,0,23666.61,0,0,118853.59,0,0,0,3770.78,3665.74,0,33547.96,42642.3,96.75,3638.48,22353.2,0,0,0,0
2009-07-20 17:00:00,0,3182.01,0,457.75,15031.02,8992.65,9066.72,0,0,2884.2,20033.61,342.21,0,17294.89,2028.09,4993.24,92954.74,0,23740.83,0,0,118712.53,0,0,0,3705.77,3636.95,0,33710.01,42388.73,96.67,3640.13,22804.09,0,0,0,0
2009-07-20 18:00:00,0,3185.19,0,453.4,14713.52,8895.21,8905.82,0,0,2829.63,19761.02,337.92,0,17280.23,2030.11,4971.88,91124.18,0,23371.66,0,0,117145.15,0,0,0,3610.8,3575.26,0,33511.17,41456.47,94.09,3585.78,22609.76,0,0,0,0
2009-07-20 19:00:00,0,3205.91,0,441.17,15040.03,8788.05,8911.52,0,0,2859.93,19188.33,328.5,0,17493.43,2030.91,4788.99,89827.5,0,23628.58,0,0,112906.94,0,0,0,3515.83,3365.75,0,33298.23,40631.11,91.03,3421.71,22524.44,0,0,0,0
2009-07-20 20:00:00,0,3046.07,0,428.06,14218.04,8296.12,8245.29,0,0,2674.02,18126.84,317.24,0,16412.83,1918.98,4647.65,87659.3,0,22818.81,0,0,110626.16,0,0,0,3381.03,3195.81,0,31604.73,39978.45,88.33,3220.1,21129.66,0,0,0,0
2009-07-20 21:00:00,0,2854.83,0,396.17,13263.01,7681.62,7669.16,0,0,2492.47,16962.35,298.59,0,15345.27,1772.5,4309.89,83861.95,0,21724.29,0,0,104176.15,0,0,0,3191.31,3031.86,0,30049.01,39151.31,83.59,2990.87,20308.95,0,0,0,0
2009-07-20 22:00:00,0,2668.16,0,361.97,12123.95,6990.75,7107.55,0,0,2312.61,15741.63,272.58,0,14317.19,1635.92,4025.84,80083.61,0,20503.07,0,0,98287.82,0,0,0,2943.57,2829.0,0,27687.2,37776.2,78.88,2764.89,18682.61,0,0,0,0
2009-07-20 23:00:00,0,2393.23,0,332.68,11127.56,6304.97,6508.73,0,0,2140.92,14534.62,246.59,0,13316.52,1507.56,3748.44,76003.59,0,19277.52,0,0,93119.36,0,0,0,2741.9,2638.91,0,25608.26,35192.72,74.19,2546.18,17188.71,0,0,0,0
2009-07-21 00:00:00,0,2154.65,0,302.17,10249.02,5624.51,5915.85,0,0,1978.3,13392.46,223.09,0,12399.82,1386.36,3514.51,72193.28,0,17796.17,0,0,88424.31,0,0,0,2556.27,2453.54,0,23844.65,32873.15,69.77,2348.4,15826.6,0,0,0,0
2009-07-21 01:00:00,0,1945.58,0,276.88,9475.44,5077.38,5378.9,0,0,1828.75,12342.84,202.63,0,11847.2,1274.26,3313.58,68527.63,0,16764.71,0,0,84131.99,0,0,0,2426.02,2318.12,0,22730.23,30828.22,67.05,2177.24,14689.9,0,0,0,0
2009-07-21 02:00:00,0,1788.78,0,257.73,9100.98,4814.72,5076.84,0,0,1705.41,11561.49,186.56,0,11641.66,1193.33,3152.4,65221.98,0,15751.03,0,0,80633.41,0,0,0,2363.98,2242.39,0,21897.04,29189.17,64.72,2063.28,13969.18,0,0,0,0
2009-07-21 03:00:00,0,1714.1,0,247.34,9024.51,4677.79,5013.64,0,0,1654.8,11173.34,179.12,0,11489.05,1172.07,3067.71,63405.68,0,15178.81,0,0,79437.27,0,0,0,2333.03,2217.43,0,21368.1,28163.9,62.76,2029.27,13614.41,0,0,0,0
2009-07-21 04:00:00,0,1693.77,0,243.78,9256.62,4737.59,5174.17,0,0,1690.84,11247.29,182.66,0,11458.14,1208.96,3125.4,63387.06,0,15143.76,0,0,80126.52,0,0,0,2365.89,2242.74,0,21507.59,27622.25,62.02,2056.49,13641.22,0,0,0,0
2009-07-21 05:00:00,0,1701.67,0,249.03,9722.67,4892.03,5338.77,0,0,1730.86,11537.16,187.42,0,12011.64,1248.29,3215.47,64579.19,0,15527.43,0,0,81334.2,0,0,0,2430.2,2280.71,0,21905.4,27595.2,62.62,2109.2,13995.16,0,0,0,0
2009-07-21 06:00:00,0,1727.93,0,261.82,10502.9,5097.55,5620.87,0,0,1813.78,12052.98,195.45,0,12908.03,1315.59,3431.57,66924.14,0,16688.35,0,0,87377.98,0,0,0,2508.94,2346.82,0,22557.17,27854.71,63.22,2185.65,14693.74,0,0,0,0
2009-07-21 07:00:00,0,1809.74,0,291.36,10895.22,5497.16,5984.47,0,0,1961.24,13061.46,213.15,0,13504.07,1388.24,3611.13,71204.68,0,17537.17,0,0,91170.01,0,0,0,2604.36,2411.79,0,23613.03,28898.87,65.22,2344.11,15623.41,0,0,0,0
2009-07-21 08:00:00,0,1917.91,0,324.6,11256.94,5996.49,6323.46,0,0,2114.52,14315.43,229.26,0,13935.8,1482.58,3879.95,74827.52,0,18195.0,0,0,95043.0,0,0,0,2748.08,2535.12,0,24647.04,29947.75,67.57,2511.89,16586.29,0,0,0,0
2009-07-21 09:00:00,0,1997.43,0,362.31,11448.94,6590.54,6663.9,0,0,2290.81,15725.65,245.52,0,14269.94,1587.62,4161.78,78316.73,0,18764.62,0,0,98877.26,0,0,0,2890.83,2672.36,0,25792.0,30724.41,70.71,2714.83,17809.08,0,0,0,0
2009-07-21 10:00:00,0,2105.03,0,387.43,11983.76,7249.58,7120.27,0,0,2480.44,17139.18,264.76,0,14585.39,1721.59,4467.4,81527.68,0,19334.12,0,0,101475.78,0,0,0,3119.6,2914.79,0,27648.46,31997.22,74.43,2940.51,18795.05,0,0,0,0
2009-07-21 11:00:00,0,2209.94,0,407.04,13184.13,7969.54,7793.46,0,0,2684.97,18544.25,284.87,0,14887.22,1847.01,4781.62,84562.92,0,19795.06,0,0,103851.99,0,0,0,3342.66,3168.98,0,29961.47,33305.59,78.13,3191.39,19687.12,0,0,0,0
2009-07-21 12:00:00,0,2297.03,0,425.78,14159.65,8517.23,8362.67,0,0,2845.32,19574.88,302.27,0,15085.64,1947.54,5008.68,87635.41,0,20108.0,0,0,107145.38,0,0,0,3523.37,3376.58,0,32096.64,34555.51,80.92,3396.32,20804.34,0,0,0,0
2009-07-21 13:00:00,0,2385.15,0,443.41,14999.53,8994.57,8851.34,0,0,2980.84,20376.25,320.54,0,15218.37,2023.24,5154.86,90803.67,0,20202.96,0,0,110316.15,0,0,0,3667.07,3535.99,0,33422.03,35883.54,83.81,3568.65,21613.9,0,0,0,0
2009-07-21 14:00:00,0,2439.7,0,459.91,15644.59,9374.59,9257.69,0,0,3090.24,20981.8,336.92,0,15332.26,2088.35,5287.35,93261.13,0,20355.39,0,0,114004.62,0,0,0,3792.23,3665.61,0,34736.65,37068.31,86.83,3701.93,22345.96,0,0,0,0
2009-07-21 15:00:00,0,2482.67,0,474.49,16158.12,9701.01,9514.74,0,0,3152.46,21248.53,351.19,0,15394.41,2139.29,5388.42,94714.57,0,20692.91,0,0,116221.29,0,0,0,3886.49,3764.02,0,35957.8,37584.59,91.13,3804.12,22712.42,0,0,0,0
2009-07-21 16:00:00,0,2518.34,0,483.13,16429.18,9896.25,9626.22,0,0,3144.95,21202.01,359.65,0,15448.93,2172.23,5426.03,94855.23,0,21082.01,0,0,117710.02,0,0,0,3942.05,3839.64,0,36569.04,37998.37,91.07,3891.44,22652.15,0,0,0,0
2009-07-21 17:00:00,0,2569.26,0,484.92,16426.46,9876.95,9574.35,0,0,3098.35,20893.01,360.34,0,15472.28,2165.95,5356.1,94459.27,0,21235.15,0,0,117596.04,0,0,0,3928.52,3829.9,0,36629.25,38094.03,90.99,3894.94,22702.48,0,0,0,0
2009-07-21 18:00:00,0,2603.62,0,485.92,16078.2,9610.9,9347.93,0,0,2997.84,20322.34,352.52,0,15456.8,2121.83,5188.99,92859.19,0,21188.89,0,0,116668.65,0,0,0,3854.36,3771.68,0,36104.3,37795.2,90.95,3802.43,22662.19,0,0,0,0
2009-07-21 19:00:00,0,2542.56,0,456.24,16166.4,9109.6,9247.28,0,0,2964.59,19377.11,336.12,0,15545.63,2115.48,5176.59,92162.17,0,20994.64,0,0,114192.9,0,0,0,3693.39,3521.41,0,35171.21,37023.93,85.03,3586.39,22472.98,0,0,0,0
2009-07-21 20:00:00,0,2550.66,0,436.02,15317.41,8670.46,8559.29,0,0,2809.11,18533.29,329.21,0,14729.02,1988.09,4948.43,90144.92,0,20336.86,0,0,110826.38,0,0,0,3584.23,3354.14,0,33508.99,36058.85,84.21,3408.29,21808.73,0,0,0,0
2009-07-21 21:00:00,0,2445.29,0,404.07,14429.58,8114.87,7965.03,0,0,2611.38,17325.06,313.99,0,13905.14,1827.04,4623.03,86722.74,0,19841.85,0,0,105022.96,0,0,0,3368.52,3170.84,0,31808.13,35441.21,81.14,3179.57,21240.28,0,0,0,0
2009-07-21 22:00:00,0,2260.94,0,367.57,13201.65,7348.08,7396.2,0,0,2403.89,16067.96,286.45,0,13052.04,1688.19,4346.14,82821.76,0,18980.38,0,0,99457.16,0,0,0,3103.44,2952.01,0,29310.2,33628.65,76.83,2934.86,19911.26,0,0,0,0
2009-07-21 23:00:00,0,2020.32,0,336.06,12013.7,6646.8,6779.59,0,0,2217.79,14857.9,261.75,0,12257.0,1556.89,4096.92,78681.43,0,17973.85,0,0,94347.15,0,0,0,2866.81,2742.91,0,27266.39,31022.59,70.73,2704.33,18563.88,0,0,0,0
2009-07-22 00:00:00,0,1819.03,0,308.45,10997.6,5984.68,6189.97,0,0,2046.21,13715.88,238.31,0,11531.36,1429.03,3861.94,74674.88,0,17128.82,0,0,90167.66,0,0,0,2656.38,2544.28,0,25342.77,28786.95,66.6,2505.38,17464.76,0,0,0,0
2009-07-22 01:00:00,0,1636.83,0,280.57,10194.6,5404.37,5670.18,0,0,1896.04,12644.57,217.91,0,11124.17,1314.42,3657.83,70839.07,0,16237.04,0,0,86188.85,0,0,0,2501.0,2380.84,0,24024.76,26805.4,63.61,2310.38,16471.14,0,0,0,0
2009-07-22 02:00:00,0,1537.59,0,263.81,9714.03,5045.82,5362.96,0,0,1764.75,11847.12,201.13,0,11178.96,1220.6,3475.7,67473.89,0,15527.24,0,0,83042.09,0,0,0,2430.56,2307.09,0,23394.26,25548.91,60.97,2153.15,15694.57,0,0,0,0
2009-07-22 03:00:00,0,1496.31,0,254.93,9448.74,4858.84,5278.24,0,0,1697.65,11434.67,190.89,0,11331.59,1201.96,3358.03,65829.22,0,15302.2,0,0,81806.98,0,0,0,2409.47,2281.91,0,23205.09,24880.96,58.7,2086.71,15260.45,0,0,0,0
2009-07-22 04:00:00,0,1523.41,0,254.15,9553.71,4859.49,5382.19,0,0,1723.73,11484.6,190.88,0,11566.84,1235.97,3383.8,65922.51,0,15509.53,0,0,82652.77,0,0,0,2448.9,2310.27,0,23289.76,24659.41,58.6,2093.15,15304.62,0,0,0,0
2009-07-22 05:00:00,0,1562.97,0,259.44,9964.57,4977.25,5549.39,0,0,1765.81,11745.85,193.14,0,12039.47,1261.59,3476.45,66836.93,0,15870.71,0,0,83576.72,0,0,0,2519.49,2348.89,0,23429.0,24938.39,59.97,2135.24,15629.7,0,0,0,0
2009-07-22 06:00:00,0,1606.71,0,265.55,10714.67,5159.54,5909.79,0,0,1839.47,12203.23,197.37,0,12802.74,1312.45,3583.15,68363.36,0,17216.95,0,0,89796.62,0,0,0,2609.65,2417.85,0,23733.42,25360.47,61.59,2196.82,15959.86,0,0,0,0
2009-07-22 07:00:00,0,1710.92,0,299.76,11304.37,5718.68,6412.83,0,0,2043.05,13428.79,215.32,0,13562.72,1416.09,3793.31,71994.21,0,18353.37,0,0,94798.14,0,0,0,2763.85,2552.87,0,25045.11,26592.15,63.41,2428.63,16540.8,0,0,0,0
2009-07-22 08:00:00,0,1802.73,0,329.66,12046.83,6316.17,6906.72,0,0,2222.6,14849.5,235.21,0,13939.03,1517.1,3997.88,75460.3,0,19334.57,0,0,100218.69,0,0,0,2942.72,2716.54,0,26233.53,27100.17,65.6,2629.93,17176.25,0,0,0,0
2009-07-22 09:00:00,0,1889.49,0,352.33,12694.59,6963.46,7404.59,0,0,2409.01,16292.1,249.63,0,14534.7,1633.86,4145.01,78892.07,0,20216.64,0,0,105241.99,0,0,0,3100.47,2930.01,0,27489.06,28640.67,69.77,2843.81,17729.89,0,0,0,0
2009-07-22 10:00:00,0,1999.48,0,384.01,13596.42,7760.37,8077.2,0,0,2626.83,17926.64,271.55,0,15225.29,1794.53,4270.96,82576.02,0,21052.78,0,0,110467.24,0,0,0,3355.97,3198.82,0,29045.93,30464.86,74.24,3128.56,18257.29,0,0,0,0
2009-07-22 11:00:00,0,2127.1,0,416.87,14724.64,8553.94,8656.8,0,0,2831.33,19349.02,296.32,0,15935.23,1932.94,4337.47,85914.87,0,22076.55,0,0,115571.62,0,0,0,3571.08,3438.72,0,30606.53,32359.98,78.87,3390.55,18815.95,0,0,0,0
2009-07-22 12:00:00,0,2314.12,0,444.07,15669.03,9107.14,9132.34,0,0,2990.16,20433.91,318.14,0,16562.33,2050.89,4411.49,89670.26,0,22899.03,0,0,119590.34,0,0,0,3752.61,3617.5,0,31482.02,34215.96,83.6,3585.91,19155.26,0,0,0,0
2009-07-22 13:00:00,0,2485.36,0,464.04,16426.33,9570.68,9523.2,0,0,3117.07,21228.78,337.84,0,17043.57,2150.43,4453.63,92621.62,0,23582.22,0,0,122363.73,0,0,0,3867.8,3737.04,0,31616.98,35900.04,87.54,3738.24,19440.16,0,0,0,0
2009-07-22 14:00:00,0,2630.35,0,478.87,16908.4,9949.22,9848.43,0,0,3217.91,21826.18,356.5,0,17553.17,2232.63,4512.62,94940.75,0,24181.1,0,0,124581.56,0,0,0,3938.66,3820.6,0,31899.34,37381.95,91.27,3857.7,19944.31,0,0,0,0
2009-07-22 15:00:00,0,2754.05,0,491.39,17069.85,10225.93,9917.71,0,0,3275.16,22158.1,371.58,0,18044.27,2295.14,4542.31,96396.6,0,24624.05,0,0,125645.74,0,0,0,3964.14,3876.51,0,32635.84,38521.2,93.69,3942.81,20516.95,0,0,0,0
2009-07-22 16:00:00,0,2857.44,0,497.02,16982.68,10345.43,9826.11,0,0,3297.84,22192.85,381.14,0,18410.5,2325.46,4622.84,96754.77,0,24757.37,0,0,126115.33,0,0,0,3947.41,3884.36,0,33379.04,39323.49,95.05,4007.42,20948.64,0,0,0,0
2009-07-22 17:00:00,0,2935.41,0,490.61,16578.96,10152.68,9640.94,0,0,3237.93,21927.96,384.68,0,18479.66,2313.3,4609.75,96178.8,0,24737.9,0,0,125459.17,0,0,0,3858.76,3821.36,0,33787.47,39852.99,94.96,3950.6,21283.94,0,0,0,0
2009-07-22 18:00:00,0,2937.2,0,475.11,16063.99,9769.19,9448.77,0,0,3098.42,21139.76,378.66,0,18376.23,2225.9,4614.15,94772.08,0,24295.96,0,0,124593.54,0,0,0,3784.85,3753.44,0,33801.24,39743.84,93.82,3782.47,21524.78,0,0,0,0
2009-07-22 19:00:00,0,2899.64,0,446.64,16065.28,9263.11,9454.63,0,0,3045.35,20029.79,361.41,0,18498.06,2129.14,4738.11,92383.37,0,24224.64,0,0,120002.62,0,0,0,3648.33,3549.39,0,33682.76,39328.19,87.4,3575.06,21748.71,0,0,0,0
2009-07-22 20:00:00,0,2867.37,0,430.17,15472.87,8852.32,8888.59,0,0,2855.11,19102.8,347.01,0,17291.8,2024.88,4602.8,90684.44,0,23453.5,0,0,116501.76,0,0,0,3515.43,3382.32,0,32583.0,38077.74,86.46,3411.48,21384.84,0,0,0,0
2009-07-22 21:00:00,0,2655.21,0,408.0,14652.13,8257.79,8353.99,0,0,2655.87,17946.74,327.79,0,16061.76,1887.08,4398.91,87366.42,0,22380.69,0,0,110498.63,0,0,0,3344.73,3217.69,0,31591.43,37183.33,81.62,3159.07,20941.92,0,0,0,0
2009-07-22 22:00:00,0,2474.72,0,376.87,13519.71,7491.45,7787.8,0,0,2467.07,16684.72,300.27,0,14909.49,1745.5,4177.25,83448.87,0,21092.18,0,0,104757.24,0,0,0,3121.24,3023.63,0,29493.29,35551.63,77.13,2900.13,19644.99,0,0,0,0
2009-07-22 23:00:00,0,2237.29,0,343.49,12450.31,6775.67,7196.34,0,0,2278.58,15444.49,273.88,0,13832.58,1615.04,3955.77,79283.97,0,19509.77,0,0,99284.97,0,0,0,2917.34,2823.71,0,27513.64,33023.02,72.59,2694.35,18247.42,0,0,0,0
2009-07-23 00:00:00,0,2012.75,0,315.06,11459.84,6056.58,6634.31,0,0,2109.07,14256.02,247.39,0,12865.7,1490.03,3730.24,75197.27,0,18254.48,0,0,94535.18,0,0,0,2730.23,2631.88,0,25741.78,30759.45,68.26,2475.08,16818.34,0,0,0,0
2009-07-23 01:00:00,0,1812.69,0,291.84,10634.1,5454.08,6086.93,0,0,1951.74,13119.79,224.03,0,12219.93,1369.95,3502.76,71192.1,0,17216.84,0,0,90474.27,0,0,0,2596.18,2469.28,0,24316.85,28864.28,64.69,2284.06,15583.17,0,0,0,0
2009-07-23 02:00:00,0,1672.91,0,267.92,10219.53,5145.33,5726.96,0,0,1817.16,12345.74,207.7,0,11997.04,1286.11,3299.81,67527.99,0,16461.4,0,0,87456.18,0,0,0,2521.18,2377.99,0,23331.77,27315.55,62.11,2163.99,14869.13,0,0,0,0
2009-07-23 03:00:00,0,1606.63,0,261.3,9969.15,5004.07,5634.51,0,0,1749.74,11930.65,196.34,0,11898.46,1250.08,3208.81,65739.72,0,16120.88,0,0,86197.89,0,0,0,2483.62,2345.94,0,22792.52,26370.37,60.05,2103.9,14601.78,0,0,0,0
2009-07-23 04:00:00,0,1585.33,0,263.41,10068.88,5020.92,5752.15,0,0,1775.23,11930.57,199.94,0,11890.94,1286.78,3285.02,65504.78,0,16132.39,0,0,86784.35,0,0,0,2522.98,2369.91,0,23041.73,25786.03,59.46,2121.63,14718.84,0,0,0,0
2009-07-23 05:00:00,0,1610.77,0,269.96,10428.52,5157.54,5910.56,0,0,1817.82,12213.71,203.74,0,12443.61,1322.4,3358.65,66200.66,0,16690.54,0,0,87805.24,0,0,0,2577.68,2401.04,0,23328.35,25931.42,60.05,2174.48,15026.88,0,0,0,0
2009-07-23 06:00:00,0,1647.27,0,280.18,11079.57,5363.7,6186.65,0,0,1888.44,12673.19,209.77,0,13667.05,1381.15,3463.0,67556.95,0,18244.08,0,0,93118.69,0,0,0,2653.8,2451.07,0,23693.15,26241.73,60.99,2249.27,15381.51,0,0,0,0
2009-07-23 07:00:00,0,1798.94,0,317.95,11680.08,5902.32,6595.18,0,0,2082.61,13867.21,226.64,0,14549.31,1497.71,3671.1,71554.97,0,19602.01,0,0,97423.06,0,0,0,2797.17,2581.87,0,25007.83,27628.96,62.85,2459.27,16127.18,0,0,0,0
2009-07-23 08:00:00,0,1932.96,0,347.65,12251.57,6458.61,6985.08,0,0,2270.02,15344.02,243.02,0,15299.71,1577.25,3796.06,75307.45,0,20721.29,0,0,102064.45,0,0,0,2975.27,2765.08,0,26006.65,29110.64,66.86,2654.3,16972.79,0,0,0,0
2009-07-23 09:00:00,0,2125.88,0,371.76,12782.45,7096.98,7400.44,0,0,2453.56,16888.59,257.16,0,15824.5,1705.73,3930.76,79240.34,0,21538.76,0,0,105786.24,0,0,0,3154.66,2983.28,0,27247.01,31553.52,72.05,2883.6,17792.86,0,0,0,0
2009-07-23 10:00:00,0,2282.31,0,399.74,13703.19,7898.86,8073.61,0,0,2677.63,18611.42,279.74,0,16320.43,1880.17,4225.08,82730.75,0,22230.45,0,0,109421.44,0,0,0,3447.2,3296.44,0,29526.67,33704.42,77.43,3171.28,18838.54,0,0,0,0
2009-07-23 11:00:00,0,2450.53,0,427.55,14855.51,8720.43,8656.83,0,0,2892.9,20086.42,304.28,0,16698.55,2039.26,4566.36,86371.02,0,22939.81,0,0,113737.36,0,0,0,3708.69,3588.35,0,32344.42,35748.12,82.56,3434.66,19969.05,0,0,0,0
2009-07-23 12:00:00,0,2629.17,0,454.63,15731.65,9341.83,9099.26,0,0,3067.72,21249.89,325.89,0,16997.98,2170.84,4895.72,90394.84,0,23229.49,0,0,118715.61,0,0,0,3922.76,3822.64,0,34299.77,37423.45,86.84,3633.37,21370.14,0,0,0,0
2009-07-23 13:00:00,0,2796.37,0,476.64,16414.01,9779.7,9492.7,0,0,3204.15,22040.71,342.51,0,17207.01,2261.22,5116.83,93312.5,0,23276.16,0,0,122183.51,0,0,0,4079.86,3977.04,0,35670.69,38932.93,90.44,3771.09,22482.02,0,0,0,0
2009-07-23 14:00:00,0,2937.16,0,493.89,16950.6,10184.88,9868.88,0,0,3314.43,22594.45,360.26,0,17248.75,2330.52,5277.22,95194.48,0,23592.17,0,0,124853.67,0,0,0,4179.24,4072.11,0,36587.28,40300.89,93.45,3895.34,23275.11,0,0,0,0
2009-07-23 15:00:00,0,3123.65,0,473.68,17299.34,10380.64,10179.53,0,0,3374.97,22755.11,364.59,0,17189.64,2334.5,5384.15,96840.36,0,23794.36,0,0,126720.92,0,0,0,4231.12,4139.99,0,37209.89,41645.2,96.21,3935.05,23963.36,0,0,0,0
2009-07-23 16:00:00,0,3208.75,0,460.71,17504.84,10303.73,10433.03,0,0,3352.54,22561.19,367.18,0,16982.83,2230.32,5472.59,97828.17,0,23743.07,0,0,127493.73,0,0,0,4242.73,4170.0,0,37379.14,42419.82,98.43,3923.22,24472.18,0,0,0,0
2009-07-23 17:00:00,0,3287.63,0,459.87,17406.85,9848.82,10439.69,0,0,3181.33,21993.16,364.17,0,16538.12,2253.82,5497.2,97418.5,0,23294.19,0,0,126008.16,0,0,0,4133.4,4097.73,0,37095.31,42936.87,98.69,3869.97,24677.1,0,0,0,0
2009-07-23 18:00:00,0,3307.65,0,460.1,16904.71,9358.36,10261.39,0,0,2989.88,21107.64,345.05,0,16164.57,2207.17,5453.75,96109.25,0,22660.24,0,0,123968.11,0,0,0,3967.24,3930.78,0,36359.56,42911.68,97.28,3787.03,24385.36,0,0,0,0
2009-07-23 19:00:00,0,3252.33,0,436.34,16549.01,8960.18,9853.19,0,0,2908.77,20118.19,342.77,0,16041.19,2082.96,5206.48,95208.75,0,22531.0,0,0,119417.3,0,0,0,3780.91,3676.93,0,35805.8,42641.01,91.68,3571.39,24016.13,0,0,0,0
2009-07-23 20:00:00,0,3140.22,0,424.44,15737.28,8559.33,9163.43,0,0,2722.35,18961.98,330.5,0,14923.82,1933.81,5081.35,92967.1,0,21551.92,0,0,116623.03,0,0,0,3659.56,3489.02,0,34516.99,40967.79,89.97,3366.63,22908.73,0,0,0,0
2009-07-23 21:00:00,0,2881.72,0,399.98,14808.95,7999.91,8541.69,0,0,2561.62,17881.72,314.27,0,13956.17,1805.64,4738.06,88661.64,0,20720.69,0,0,109965.29,0,0,0,3455.32,3284.01,0,32973.85,39675.86,84.47,3127.61,22154.44,0,0,0,0
2009-07-23 22:00:00,0,2662.97,0,369.13,13531.68,7325.47,7946.68,0,0,2392.56,16735.75,289.87,0,13048.51,1688.33,4433.47,84245.41,0,19528.77,0,0,103975.81,0,0,0,3208.31,3071.44,0,30264.48,37930.62,78.82,2909.91,20528.12,0,0,0,0
2009-07-23 23:00:00,0,2391.63,0,338.78,12377.73,6679.23,7375.42,0,0,2231.5,15532.77,266.45,0,12167.99,1564.33,4146.58,79809.79,0,18410.61,0,0,98190.42,0,0,0,2992.37,2874.46,0,27937.67,35114.54,73.67,2706.15,18892.07,0,0,0,0
2009-07-24 00:00:00,0,2162.28,0,309.15,11302.51,6033.07,6791.2,0,0,2077.28,14365.69,240.18,0,11282.45,1463.12,3862.85,75328.62,0,17299.12,0,0,93121.91,0,0,0,2802.55,2695.34,0,25828.77,32460.94,69.0,2513.04,17398.27,0,0,0,0
2009-07-24 01:00:00,0,1957.5,0,282.56,10425.04,5463.5,6211.0,0,0,1931.94,13245.44,217.48,0,10635.09,1356.21,3613.48,70941.67,0,15945.42,0,0,88711.54,0,0,0,2670.15,2548.44,0,24162.46,30143.96,65.77,2331.44,15983.38,0,0,0,0
2009-07-24 02:00:00,0,1795.41,0,260.24,9974.19,5186.72,5816.02,0,0,1815.05,12471.3,199.85,0,10529.09,1287.91,3399.84,67250.76,0,15146.44,0,0,85152.37,0,0,0,2590.98,2465.15,0,23140.85,28347.7,63.41,2213.6,15073.78,0,0,0,0
2009-07-24 03:00:00,0,1713.45,0,255.32,9729.62,5045.33,5685.21,0,0,1753.03,12067.39,190.68,0,10654.74,1255.8,3278.53,65407.54,0,14899.0,0,0,83267.07,0,0,0,2549.98,2424.11,0,22598.74,27368.14,61.43,2151.28,14663.97,0,0,0,0
2009-07-24 04:00:00,0,1676.45,0,261.94,9800.34,5040.96,5766.46,0,0,1780.09,12034.26,193.52,0,10939.7,1287.97,3323.69,65158.57,0,15239.51,0,0,83591.69,0,0,0,2566.84,2424.3,0,22659.8,26781.62,60.97,2155.72,14697.24,0,0,0,0
2009-07-24 05:00:00,0,1703.29,0,271.28,10168.08,5188.04,5886.33,0,0,1823.54,12306.36,199.52,0,11439.9,1327.75,3402.82,65977.67,0,15951.5,0,0,84798.63,0,0,0,2612.77,2449.55,0,22936.73,26959.02,61.31,2212.9,14942.11,0,0,0,0
2009-07-24 06:00:00,0,1723.47,0,283.43,10920.04,5405.63,6210.7,0,0,1909.92,12841.24,207.13,0,12434.05,1390.55,3558.98,68017.83,0,17878.19,0,0,90608.8,0,0,0,2691.24,2501.08,0,23452.84,27220.78,62.21,2305.11,15299.35,0,0,0,0
2009-07-24 07:00:00,0,1876.55,0,321.24,11330.46,5939.67,6572.88,0,0,2069.3,13915.08,228.16,0,13409.22,1487.96,3738.9,72298.17,0,18631.44,0,0,94270.3,0,0,0,2791.68,2591.97,0,24564.54,28730.59,64.07,2523.77,16143.18,0,0,0,0
2009-07-24 08:00:00,0,2030.05,0,350.58,11926.73,6584.51,6980.49,0,0,2259.64,15384.59,247.83,0,13836.5,1570.43,4027.43,76221.4,0,19297.17,0,0,99246.64,0,0,0,2923.22,2714.91,0,26364.47,30208.77,67.8,2770.53,17342.48,0,0,0,0
2009-07-24 09:00:00,0,2206.25,0,373.2,12491.15,7223.55,7396.35,0,0,2453.9,16923.82,261.8,0,14165.07,1712.09,4283.45,80704.5,0,19738.55,0,0,103804.31,0,0,0,3064.97,2838.42,0,27855.26,32566.4,73.28,2984.78,18640.15,0,0,0,0
2009-07-24 10:00:00,0,2443.46,0,397.66,13383.67,7965.04,8033.32,0,0,2691.24,18579.57,276.77,0,14517.85,1826.57,4599.73,84370.05,0,20208.86,0,0,107986.37,0,0,0,3212.0,3042.7,0,29567.11,34913.29,78.49,3240.53,19910.6,0,0,0,0
2009-07-24 11:00:00,0,2691.96,0,420.03,14417.08,8690.54,8598.87,0,0,2916.41,19991.65,283.59,0,14918.72,1897.18,4924.83,87994.19,0,20554.4,0,0,113062.34,0,0,0,3420.94,3286.05,0,31916.22,37282.49,83.25,3463.74,21434.11,0,0,0,0
2009-07-24 12:00:00,0,2933.49,0,425.17,15317.37,9288.23,9077.86,0,0,3087.78,21109.55,297.41,0,15401.75,1948.92,5200.42,92404.19,0,20878.71,0,0,117951.05,0,0,0,3627.83,3502.7,0,33891.6,39461.86,88.28,3631.41,22808.41,0,0,0,0
2009-07-24 13:00:00,0,3139.43,0,417.06,16121.46,9677.42,9488.41,0,0,3211.9,21904.06,311.03,0,15829.54,2022.79,5414.71,95875.58,0,21158.18,0,0,122002.0,0,0,0,3831.15,3710.07,0,35507.38,41546.92,92.77,3758.2,23887.74,0,0,0,0
2009-07-24 14:00:00,0,3302.77,0,413.99,16711.62,9955.25,9856.96,0,0,3318.5,22483.59,314.43,0,16140.94,2089.83,5564.02,98328.83,0,21507.46,0,0,125442.74,0,0,0,3997.5,3887.09,0,36937.3,43313.82,96.67,3872.44,24752.14,0,0,0,0
2009-07-24 15:00:00,0,3448.97,0,415.06,17177.34,10189.51,10114.87,0,0,3397.9,22646.57,326.29,0,16329.06,2081.55,5682.1,99792.4,0,21815.06,0,0,128374.67,0,0,0,4092.88,4000.95,0,37843.26,44713.84,99.32,3958.1,25393.51,0,0,0,0
2009-07-24 16:00:00,0,3552.27,0,423.52,17485.8,10296.73,10232.2,0,0,3400.97,22488.75,341.55,0,16509.75,2081.38,5748.55,100505.43,0,22007.07,0,0,130104.55,0,0,0,4127.41,4053.48,0,38336.7,45617.77,101.78,4008.39,25797.48,0,0,0,0
2009-07-24 17:00:00,0,3580.15,0,431.77,17521.9,10109.79,10211.6,0,0,3274.89,21979.72,341.47,0,16585.27,2085.92,5770.08,100081.39,0,22043.64,0,0,129492.6,0,0,0,4099.17,4018.89,0,38236.96,45971.89,101.9,3985.34,25954.81,0,0,0,0
2009-07-24 18:00:00,0,3588.05,0,440.2,17241.21,9714.13,10041.61,0,0,3095.14,21217.62,340.99,0,16545.51,2085.46,5724.78,98880.64,0,22004.0,0,0,128412.5,0,0,0,4041.48,3960.54,0,37769.03,45625.13,100.71,3855.06,25704.39,0,0,0,0
2009-07-24 19:00:00,0,3480.3,0,398.51,15813.63,8817.0,9505.92,0,0,2887.24,19521.56,314.15,0,15826.25,2021.62,5182.81,92179.9,0,20352.98,0,0,115183.81,0,0,0,3806.97,3704.42,0,36060.72,43090.49,84.62,3474.53,23757.56,0,0,0,0
2009-07-24 20:00:00,0,3347.49,0,392.48,15306.73,8381.6,8808.86,0,0,2691.71,18403.19,310.05,0,15002.36,1925.31,5107.18,90362.26,0,19629.2,0,0,111520.62,0,0,0,3710.42,3581.76,0,34707.69,42457.63,83.04,3323.75,22780.62,0,0,0,0
2009-07-24 21:00:00,0,3061.71,0,380.85,14770.9,7886.3,8186.52,0,0,2526.68,17339.47,299.35,0,14161.75,1807.82,4736.78,86868.62,0,18704.63,0,0,104941.3,0,0,0,3557.39,3429.11,0,33333.26,39910.24,77.12,3103.94,22111.49,0,0,0,0
2009-07-24 22:00:00,0,2868.84,0,360.65,13492.85,7263.57,7611.67,0,0,2371.98,16300.22,277.11,0,13275.78,1693.35,4415.22,83232.84,0,17685.22,0,0,99264.82,0,0,0,3290.78,3214.52,0,31434.48,37346.87,71.7,2921.92,20641.24,0,0,0,0
2009-07-24 23:00:00,0,2596.62,0,333.49,12273.83,6652.52,7073.26,0,0,2219.39,15235.25,255.15,0,12437.95,1577.12,4104.87,78674.86,0,16752.98,0,0,94147.52,0,0,0,3045.82,2999.68,0,29394.33,34892.0,67.42,2731.08,19089.86,0,0,0,0
2009-07-25 00:00:00,0,2345.54,0,306.47,11232.99,6072.89,6523.69,0,0,2069.85,14194.09,234.5,0,11644.02,1463.89,3813.84,74342.88,0,15799.2,0,0,89288.29,0,0,0,2834.3,2787.15,0,27326.22,32400.17,64.3,2544.98,17696.85,0,0,0,0
2009-07-25 01:00:00,0,2142.72,0,282.91,10344.58,5562.53,6009.01,0,0,1930.37,13207.94,214.91,0,11157.11,1366.08,3538.11,70358.69,0,14930.14,0,0,85181.07,0,0,0,2656.61,2596.27,0,25939.49,30505.17,61.71,2371.36,16383.01,0,0,0,0
2009-07-25 02:00:00,0,1998.43,0,265.95,9682.02,5176.43,5600.45,0,0,1809.17,12434.19,199.56,0,11072.48,1288.96,3320.77,67111.68,0,14307.96,0,0,81743.43,0,0,0,2539.71,2462.97,0,24838.36,28868.69,58.91,2228.13,15397.64,0,0,0,0
2009-07-25 03:00:00,0,1893.1,0,253.5,9247.26,4953.91,5361.93,0,0,1736.52,11962.27,189.63,0,11025.05,1232.23,3186.44,65185.83,0,13893.08,0,0,79348.29,0,0,0,2438.7,2352.89,0,24007.97,27407.58,56.1,2131.84,14714.96,0,0,0,0
2009-07-25 04:00:00,0,1811.04,0,248.17,9077.58,4805.23,5258.07,0,0,1702.41,11607.57,183.86,0,10980.43,1214.41,3103.73,63645.45,0,13734.13,0,0,78724.32,0,0,0,2391.45,2329.35,0,23436.65,26334.89,54.41,2068.34,14243.85,0,0,0,0
2009-07-25 05:00:00,0,1743.93,0,246.79,9001.04,4792.41,5223.31,0,0,1709.31,11589.87,183.77,0,10944.86,1221.82,3095.28,62726.17,0,13814.79,0,0,78705.1,0,0,0,2377.21,2330.44,0,23193.51,25544.85,54.15,2044.26,14016.03,0,0,0,0
2009-07-25 06:00:00,0,1719.45,0,247.98,9224.53,4891.99,5333.66,0,0,1728.66,11646.05,186.78,0,11337.5,1245.52,3150.19,62466.59,0,14310.97,0,0,80286.29,0,0,0,2385.42,2354.26,0,23242.69,25233.34,54.38,2064.4,14102.75,0,0,0,0
2009-07-25 07:00:00,0,1816.61,0,259.59,9867.64,5366.27,5806.86,0,0,1848.92,12577.48,198.95,0,12112.44,1329.25,3379.85,63387.43,0,15137.4,0,0,85004.02,0,0,0,2500.2,2509.09,0,23816.73,25577.14,55.02,2242.63,14573.62,0,0,0,0
2009-07-25 08:00:00,0,1978.12,0,293.46,10657.2,6001.19,6451.98,0,0,2026.2,14041.18,216.75,0,12834.98,1425.44,3583.41,65708.47,0,15899.91,0,0,90694.02,0,0,0,2723.07,2747.73,0,24989.93,26836.52,56.86,2461.26,15847.86,0,0,0,0
2009-07-25 09:00:00,0,2241.29,0,327.08,11719.58,6665.89,7303.57,0,0,2226.76,15462.12,231.33,0,13674.62,1576.76,3790.9,69147.44,0,17314.47,0,0,97171.94,0,0,0,3016.38,3050.91,0,27786.48,29382.53,60.43,2727.24,17200.33,0,0,0,0
2009-07-25 10:00:00,0,2505.02,0,359.62,12916.61,7434.81,8046.28,0,0,2448.8,16995.57,243.96,0,14437.28,1701.18,4027.52,73043.32,0,18900.43,0,0,103287.23,0,0,0,3315.8,3375.42,0,31025.28,32049.99,65.77,2986.99,18926.62,0,0,0,0
2009-07-25 11:00:00,0,2749.6,0,379.73,13902.4,8140.25,8615.63,0,0,2644.09,18288.78,264.83,0,14958.21,1763.01,4343.01,77030.82,0,20014.95,0,0,107926.14,0,0,0,3536.85,3596.71,0,33293.37,34023.47,71.68,3201.43,20592.78,0,0,0,0
2009-07-25 12:00:00,0,2984.57,0,383.3,14737.63,8625.66,9062.26,0,0,2783.09,19353.3,275.08,0,15301.76,1812.96,4619.29,80977.83,0,20648.06,0,0,112429.1,0,0,0,3697.55,3770.72,0,34732.84,35960.0,76.34,3325.28,21944.27,0,0,0,0
2009-07-25 13:00:00,0,3153.58,0,389.46,15358.32,8971.16,9360.25,0,0,2875.52,19916.34,286.53,0,15567.7,1832.91,4821.85,84006.06,0,21159.35,0,0,115855.62,0,0,0,3827.49,3910.77,0,35809.03,37794.99,80.16,3464.1,23059.84,0,0,0,0
2009-07-25 14:00:00,0,3288.99,0,400.03,15961.35,9206.52,9648.03,0,0,2937.73,20290.7,298.46,0,15967.29,1943.03,4999.29,86170.27,0,21277.16,0,0,118589.19,0,0,0,3920.6,4013.88,0,36681.71,38802.09,82.81,3565.99,23938.11,0,0,0,0
2009-07-25 15:00:00,0,3406.6,0,403.58,16394.76,9318.42,9917.91,0,0,2967.94,20616.2,304.34,0,16387.61,2018.25,5108.8,87545.57,0,21214.09,0,0,120587.0,0,0,0,3981.07,4084.8,0,37083.54,40014.83,83.88,3645.56,24544.79,0,0,0,0
2009-07-25 16:00:00,0,3415.53,0,425.04,16750.14,9396.67,10127.37,0,0,2933.51,20552.09,315.09,0,16697.06,2089.62,5187.92,88156.66,0,21182.78,0,0,121830.26,0,0,0,3969.2,4084.73,0,36573.58,41032.21,86.03,3679.25,24820.49,0,0,0,0
2009-07-25 17:00:00,0,3327.84,0,438.5,16836.83,9305.5,10253.37,0,0,2826.04,20231.36,320.74,0,16957.72,2078.12,5219.16,87833.89,0,21353.51,0,0,122414.41,0,0,0,3923.88,4036.19,0,36027.47,40950.81,87.35,3636.98,25002.99,0,0,0,0
2009-07-25 18:00:00,0,3251.36,0,438.08,16544.46,9036.79,10182.26,0,0,2719.48,19957.46,325.23,0,17097.84,2110.66,5176.4,86709.76,0,21207.05,0,0,121735.74,0,0,0,3882.57,3948.29,0,35657.32,40558.36,87.65,3551.66,24473.89,0,0,0,0
2009-07-25 19:00:00,0,3099.84,0,415.95,16369.92,8576.88,9965.29,0,0,2754.76,19078.39,311.14,0,18141.7,2077.77,5047.65,87429.6,0,22464.49,0,0,116419.44,0,0,0,3827.92,3769.92,0,34964.46,40765.19,85.29,3394.15,24045.48,0,0,0,0
2009-07-25 20:00:00,0,2944.39,0,413.86,15946.26,8129.82,9337.88,0,0,2602.53,18031.17,307.63,0,17106.24,1983.27,4982.18,87154.73,0,22197.74,0,0,116810.3,0,0,0,3727.52,3641.53,0,34026.07,40006.17,81.73,3203.02,23066.77,0,0,0,0
2009-07-25 21:00:00,0,2743.16,0,389.23,15150.61,7675.83,8768.01,0,0,2460.75,16968.31,293.67,0,16104.46,1856.47,4672.82,83915.73,0,21483.89,0,0,111228.47,0,0,0,3599.59,3484.13,0,32613.06,37826.34,76.29,3011.6,22342.9,0,0,0,0
2009-07-25 22:00:00,0,2617.6,0,361.05,13941.14,7101.61,8209.2,0,0,2317.8,15884.23,269.36,0,15099.05,1726.62,4393.99,80287.41,0,20510.76,0,0,106154.84,0,0,0,3366.63,3298.36,0,30469.59,35818.55,71.56,2836.64,20969.1,0,0,0,0
2009-07-25 23:00:00,0,2446.13,0,332.83,12835.58,6515.19,7654.11,0,0,2165.98,14846.37,246.41,0,14180.73,1598.69,4142.74,75866.59,0,19436.19,0,0,101421.5,0,0,0,3161.49,3135.16,0,28492.89,33925.97,66.86,2668.08,19550.04,0,0,0,0
2009-07-26 00:00:00,0,2193.12,0,303.4,11855.67,5956.64,7098.76,0,0,2021.97,13843.82,225.57,0,13301.32,1476.74,3883.59,71917.2,0,18424.71,0,0,96453.61,0,0,0,2967.47,2957.26,0,26604.19,31896.78,62.64,2495.99,18169.17,0,0,0,0
2009-07-26 01:00:00,0,2006.53,0,279.59,11006.37,5474.09,6580.95,0,0,1883.94,12915.27,207.44,0,12621.42,1375.92,3651.83,68209.03,0,17396.55,0,0,92291.36,0,0,0,2813.07,2791.46,0,25424.31,30389.62,59.52,2338.42,16908.91,0,0,0,0
2009-07-26 02:00:00,0,1876.22,0,261.5,10439.56,5139.86,6162.4,0,0,1773.77,12203.66,194.59,0,12410.18,1298.44,3449.61,65033.57,0,16624.62,0,0,88773.41,0,0,0,2688.38,2634.88,0,24440.98,28998.08,56.85,2216.53,15950.73,0,0,0,0
2009-07-26 03:00:00,0,1759.73,0,251.07,9967.61,4924.24,5929.15,0,0,1708.69,11763.99,186.62,0,12430.73,1236.51,3303.25,63104.74,0,16228.19,0,0,85968.85,0,0,0,2602.6,2539.84,0,23809.69,27736.1,54.84,2126.32,15239.02,0,0,0,0
2009-07-26 04:00:00,0,1697.72,0,248.74,9826.01,4794.98,5842.02,0,0,1686.57,11426.1,182.13,0,12423.56,1206.02,3206.31,61596.5,0,16028.59,0,0,84936.51,0,0,0,2555.11,2483.06,0,23390.25,26787.6,53.52,2077.93,14731.74,0,0,0,0
2009-07-26 05:00:00,0,1657.22,0,248.1,9674.25,4786.32,5783.97,0,0,1692.6,11418.53,182.48,0,12459.88,1209.56,3165.47,60566.16,0,16070.65,0,0,84633.77,0,0,0,2529.09,2482.58,0,23235.86,26001.18,53.29,2061.05,14459.63,0,0,0,0
2009-07-26 06:00:00,0,1654.64,0,251.14,9872.67,4900.53,5916.84,0,0,1712.5,11483.62,185.57,0,12995.72,1237.97,3176.83,60511.87,0,16755.78,0,0,86423.16,0,0,0,2553.34,2515.03,0,23194.57,25824.87,53.2,2079.42,14501.03,0,0,0,0
2009-07-26 07:00:00,0,1759.86,0,264.95,10602.12,5368.06,6426.83,0,0,1817.65,12271.09,198.06,0,13599.22,1333.8,3361.4,62318.68,0,17960.94,0,0,89872.27,0,0,0,2663.1,2652.86,0,23620.43,26216.46,53.56,2231.93,15072.01,0,0,0,0
2009-07-26 08:00:00,0,1910.28,0,293.11,11334.05,6142.99,7053.87,0,0,2012.39,13831.79,218.74,0,14296.25,1466.65,3598.44,65051.38,0,19106.33,0,0,94739.09,0,0,0,2825.46,2886.52,0,25028.27,27154.98,56.34,2483.63,16118.15,0,0,0,0
2009-07-26 09:00:00,0,2084.02,0,322.2,12619.99,6948.74,7980.44,0,0,2247.18,15937.81,243.78,0,14921.48,1647.68,3775.98,69342.75,0,20250.59,0,0,100145.67,0,0,0,3112.36,3209.52,0,27494.68,29424.78,59.86,2840.85,17307.56,0,0,0,0
2009-07-26 10:00:00,0,2335.78,0,333.03,13828.48,7839.26,8769.94,0,0,2506.4,17826.69,270.59,0,15500.83,1756.92,3983.76,73614.74,0,21063.37,0,0,105864.16,0,0,0,3395.26,3537.09,0,29770.48,31841.04,65.64,3130.78,18687.87,0,0,0,0
2009-07-26 11:00:00,0,2546.72,0,352.75,14725.96,8480.79,9260.32,0,0,2708.58,19284.44,292.75,0,15875.76,1834.37,4291.55,78042.71,0,21521.94,0,0,109962.86,0,0,0,3499.5,3655.15,0,31992.96,33932.42,71.35,3260.4,20164.3,0,0,0,0
2009-07-26 12:00:00,0,2739.5,0,371.04,15363.08,8912.95,9611.19,0,0,2849.81,20327.1,310.4,0,16291.48,1949.73,4531.56,81701.17,0,21935.6,0,0,112954.36,0,0,0,3551.92,3708.1,0,33751.93,35483.81,76.05,3283.28,21220.89,0,0,0,0
2009-07-26 13:00:00,0,2871.35,0,402.11,15758.47,9119.23,9798.54,0,0,2937.97,20479.42,313.58,0,16744.14,2012.98,4769.18,84272.55,0,22185.52,0,0,116178.19,0,0,0,3649.41,3793.51,0,34858.88,36830.51,79.85,3283.56,22152.1,0,0,0,0
2009-07-26 14:00:00,0,2971.67,0,410.01,16048.85,9188.78,9943.53,0,0,2966.87,20235.32,324.53,0,17242.0,2030.73,4947.73,86301.74,0,22356.29,0,0,118852.91,0,0,0,3769.94,3901.27,0,35411.55,38053.77,81.87,3327.82,22922.54,0,0,0,0
2009-07-26 15:00:00,0,3039.29,0,411.25,16091.06,9041.38,10043.26,0,0,2926.33,19825.05,335.76,0,17604.63,2055.08,5092.58,88186.57,0,22505.82,0,0,121091.39,0,0,0,3832.36,3962.32,0,36066.98,38893.76,83.97,3336.11,23507.81,0,0,0,0
2009-07-26 16:00:00,0,3062.3,0,415.09,16066.21,8974.07,10076.22,0,0,2874.22,19512.54,341.79,0,17834.62,1984.8,5201.71,89318.2,0,22641.16,0,0,122781.37,0,0,0,3863.36,3967.56,0,36344.06,39489.59,85.57,3332.71,23889.07,0,0,0,0
2009-07-26 17:00:00,0,3058.7,0,424.19,15779.16,8904.13,10061.26,0,0,2794.75,19467.56,344.31,0,17919.73,2017.25,5217.38,89749.95,0,22992.6,0,0,123183.02,0,0,0,3864.02,3957.11,0,36102.39,39384.08,85.85,3373.26,23926.42,0,0,0,0
2009-07-26 18:00:00,0,3032.69,0,425.97,15486.77,8714.79,10010.24,0,0,2678.8,19324.49,342.67,0,17823.74,2004.28,5156.67,89316.67,0,22813.17,0,0,122497.08,0,0,0,3837.08,3904.64,0,35559.91,38883.3,84.83,3378.35,23530.1,0,0,0,0
2009-07-26 19:00:00,0,3024.81,0,438.99,16708.66,8876.99,9910.2,0,0,2874.64,19433.53,339.52,0,19800.02,1938.98,5344.46,95029.6,0,25249.14,0,0,127091.64,0,0,0,3818.53,3698.49,0,35705.89,41157.19,93.15,3447.18,24772.39,0,0,0,0
2009-07-26 20:00:00,0,2956.54,0,418.99,16104.82,8477.98,9306.64,0,0,2720.49,18460.46,332.8,0,18594.59,1814.95,5226.74,93634.98,0,24557.98,0,0,125055.85,0,0,0,3701.38,3544.28,0,34663.18,40195.31,91.06,3244.75,23744.37,0,0,0,0
2009-07-26 21:00:00,0,2718.52,0,394.38,15238.67,7872.21,8764.38,0,0,2545.48,17369.04,312.29,0,17551.22,1706.2,4849.71,89990.72,0,23647.51,0,0,118663.93,0,0,0,3521.32,3361.66,0,33207.3,39002.68,86.15,3026.8,23071.8,0,0,0,0
2009-07-26 22:00:00,0,2527.48,0,365.1,14130.74,7188.78,8225.59,0,0,2381.97,16255.78,288.35,0,16528.05,1638.09,4530.46,85900.97,0,22493.09,0,0,112910.55,0,0,0,3293.96,3173.67,0,30860.36,37323.14,80.92,2809.71,21527.27,0,0,0,0
2009-07-26 23:00:00,0,2275.11,0,337.35,13118.98,6539.05,7702.63,0,0,2217.78,15118.24,264.38,0,15506.92,1543.91,4231.77,80945.79,0,21225.46,0,0,107142.7,0,0,0,3093.81,2976.0,0,28650.98,34574.87,75.67,2612.95,19962.51,0,0,0,0
2009-07-27 00:00:00,0,2045.26,0,313.54,12152.06,5903.44,7208.82,0,0,2054.72,13978.92,242.13,0,14625.94,1438.37,3956.47,76613.6,0,20007.17,0,0,101698.92,0,0,0,2903.87,2788.29,0,26840.22,32201.26,70.83,2428.42,18467.33,0,0,0,0
2009-07-27 01:00:00,0,1845.2,0,287.29,11329.03,5347.15,6746.83,0,0,1907.24,12932.18,221.41,0,13935.55,1330.43,3688.68,72493.7,0,18750.12,0,0,96845.14,0,0,0,2750.29,2647.81,0,25454.57,30188.18,66.86,2245.04,17060.14,0,0,0,0
2009-07-27 02:00:00,0,1713.77,0,265.21,10887.13,5080.31,6398.65,0,0,1784.97,12233.68,205.13,0,13752.45,1262.23,3476.36,68817.97,0,18098.9,0,0,93210.47,0,0,0,2660.04,2540.31,0,24576.13,28564.34,63.55,2136.27,16064.38,0,0,0,0
2009-07-27 03:00:00,0,1647.67,0,258.57,10594.45,4918.94,6224.13,0,0,1725.19,11873.19,196.99,0,13726.01,1240.32,3353.16,66928.45,0,17830.1,0,0,91100.23,0,0,0,2614.92,2503.98,0,23875.78,27689.0,60.91,2065.33,15443.22,0,0,0,0
2009-07-27 04:00:00,0,1636.22,0,265.18,10621.73,4961.94,6270.35,0,0,1755.44,11889.71,200.42,0,13893.05,1279.07,3389.15,66627.68,0,17957.31,0,0,90997.86,0,0,0,2634.87,2489.72,0,24001.02,27180.34,60.03,2096.49,15323.95,0,0,0,0
2009-07-27 05:00:00,0,1661.31,0,274.88,10903.92,5128.99,6398.62,0,0,1804.0,12220.76,205.7,0,14334.23,1320.8,3464.22,67317.91,0,18175.46,0,0,91778.92,0,0,0,2687.93,2531.17,0,24238.81,27216.76,60.92,2152.46,15498.24,0,0,0,0
2009-07-27 06:00:00,0,1687.24,0,289.68,11553.96,5338.41,6714.21,0,0,1877.77,12702.42,212.82,0,15355.81,1377.67,3624.87,69131.23,0,19678.73,0,0,97235.62,0,0,0,2777.4,2594.99,0,24652.13,27405.29,61.84,2223.06,15777.89,0,0,0,0
2009-07-27 07:00:00,0,1840.15,0,325.37,12123.36,5772.09,7073.28,0,0,2038.91,13767.65,227.35,0,16115.8,1467.41,3828.71,73345.01,0,21067.91,0,0,101274.74,0,0,0,2918.19,2720.25,0,25878.73,28911.21,63.93,2377.06,16707.08,0,0,0,0
2009-07-27 08:00:00,0,1968.15,0,352.15,12717.7,6214.34,7426.7,0,0,2176.6,15013.03,242.5,0,16776.6,1547.84,4100.44,77568.49,0,22062.11,0,0,106525.71,0,0,0,3054.11,2874.64,0,27166.72,30323.5,67.72,2525.87,17872.37,0,0,0,0
2009-07-27 09:00:00,0,2183.78,0,378.21,13287.73,6681.23,7860.16,0,0,2349.23,16209.35,257.98,0,17485.03,1655.24,4325.59,82294.26,0,22914.99,0,0,112875.16,0,0,0,3189.06,3033.53,0,28971.01,32698.0,73.99,2714.1,19002.41,0,0,0,0
2009-07-27 10:00:00,0,2419.87,0,392.36,14382.5,7318.76,8625.08,0,0,2524.97,17571.23,280.89,0,18081.7,1829.15,4593.14,86251.23,0,23732.72,0,0,119527.55,0,0,0,3367.95,3252.68,0,31549.75,34574.31,80.71,2989.21,20120.84,0,0,0,0
2009-07-27 11:00:00,0,2656.43,0,408.97,15220.52,8058.66,9153.51,0,0,2704.83,18961.95,301.12,0,18573.93,1964.99,4942.72,90079.02,0,24464.34,0,0,124713.62,0,0,0,3527.41,3425.11,0,34092.6,36568.11,86.99,3284.41,21882.82,0,0,0,0
2009-07-27 12:00:00,0,2886.65,0,413.39,15894.9,8748.18,9383.14,0,0,2865.97,19923.84,315.6,0,18967.23,2041.33,5229.3,93737.92,0,24991.9,0,0,128497.94,0,0,0,3670.27,3587.16,0,35837.23,38435.75,92.03,3490.45,23418.03,0,0,0,0
2009-07-27 13:00:00,0,3086.45,0,422.88,16436.24,9210.47,9657.46,0,0,3005.4,20564.02,326.16,0,19472.32,2087.47,5450.85,96812.23,0,25273.48,0,0,131325.3,0,0,0,3744.72,3687.48,0,37469.85,40003.84,94.78,3625.66,24557.83,0,0,0,0
2009-07-27 14:00:00,0,3240.54,0,436.87,16803.9,9599.66,9899.2,0,0,3114.42,20816.67,329.4,0,19936.33,2107.48,5590.76,99081.15,0,25353.17,0,0,133382.04,0,0,0,3827.03,3785.13,0,38666.74,41195.46,97.32,3737.5,25400.62,0,0,0,0
2009-07-27 15:00:00,0,3317.95,0,448.98,17032.41,9947.56,10106.62,0,0,3178.12,20979.95,340.18,0,20263.99,2094.18,5699.54,100582.52,0,25641.82,0,0,134917.39,0,0,0,3899.92,3864.8,0,39372.2,41852.56,99.71,3843.55,26026.15,0,0,0,0
2009-07-27 16:00:00,0,3374.21,0,458.58,17108.81,10087.06,10158.84,0,0,3181.38,21026.11,345.86,0,20403.79,2085.35,5763.67,100900.23,0,25599.2,0,0,135974.58,0,0,0,3922.5,3901.94,0,39698.55,42205.77,101.39,3912.46,26369.54,0,0,0,0
2009-07-27 17:00:00,0,3392.64,0,459.58,17001.1,9891.15,10103.79,0,0,3119.55,20771.94,347.05,0,20116.18,2086.44,5796.89,100660.7,0,25408.18,0,0,135449.26,0,0,0,3892.23,3886.96,0,39432.63,41959.86,101.33,3886.88,26473.33,0,0,0,0
2009-07-27 18:00:00,0,3336.07,0,457.06,16637.68,9621.5,9968.59,0,0,3020.1,20464.78,340.51,0,19796.89,2105.88,5760.3,99849.63,0,24977.04,0,0,134838.94,0,0,0,3852.4,3832.69,0,38403.12,41096.13,99.86,3807.46,26155.16,0,0,0,0
2009-07-27 19:00:00,0,3234.86,0,436.27,16486.84,9184.36,9776.78,0,0,2984.07,19809.18,334.02,0,19889.08,2067.57,5377.18,99073.7,0,24895.13,0,0,128988.36,0,0,0,3727.58,3618.27,0,36283.87,39708.83,95.43,3575.42,25338.32,0,0,0,0
2009-07-27 20:00:00,0,3126.27,0,419.36,15829.57,8696.41,9176.83,0,0,2769.32,18755.45,328.61,0,18881.3,1932.31,5298.87,96789.53,0,24318.27,0,0,125718.43,0,0,0,3614.0,3467.73,0,34888.58,38772.83,91.96,3372.29,24051.5,0,0,0,0
2009-07-27 21:00:00,0,2926.83,0,389.7,14928.38,8072.2,8613.54,0,0,2581.64,17660.55,309.81,0,17865.85,1795.43,4913.64,93130.91,0,23484.72,0,0,119141.66,0,0,0,3412.63,3274.6,0,33111.58,37626.24,87.18,3138.9,23316.37,0,0,0,0
2009-07-27 22:00:00,0,2710.86,0,359.12,13779.94,7385.44,8062.74,0,0,2407.5,16500.62,284.66,0,16857.29,1676.89,4590.07,88706.3,0,22247.77,0,0,112687.61,0,0,0,3174.55,3077.07,0,30615.79,36149.04,82.33,2928.01,21672.05,0,0,0,0
2009-07-27 23:00:00,0,2417.35,0,333.03,12714.58,6723.22,7541.43,0,0,2239.09,15315.49,260.86,0,15875.51,1553.08,4296.07,83706.35,0,20916.53,0,0,106465.74,0,0,0,2963.5,2873.68,0,28515.78,33418.74,77.87,2725.45,20104.53,0,0,0,0
2009-07-28 00:00:00,0,2157.34,0,305.87,11682.58,6081.49,7011.46,0,0,2074.42,14190.41,237.92,0,14890.93,1439.22,4021.09,78801.81,0,19408.59,0,0,100667.8,0,0,0,2777.57,2693.12,0,26690.3,30946.94,73.49,2539.0,18621.07,0,0,0,0
2009-07-28 01:00:00,0,1923.85,0,281.85,10881.87,5531.46,6498.33,0,0,1927.35,13172.78,217.12,0,14267.33,1339.79,3773.82,74220.73,0,18104.32,0,0,95691.52,0,0,0,2652.22,2549.52,0,25231.0,28769.36,69.14,2368.49,17318.02,0,0,0,0
2009-07-28 02:00:00,0,1769.6,0,262.42,10410.74,5249.95,6136.73,0,0,1808.44,12442.52,201.67,0,13934.23,1270.06,3541.5,70329.2,0,17334.63,0,0,91696.33,0,0,0,2562.31,2456.57,0,24295.64,27355.82,64.95,2247.42,16360.77,0,0,0,0
2009-07-28 03:00:00,0,1692.22,0,255.57,10110.71,5115.35,5992.89,0,0,1750.02,12043.8,193.68,0,13794.19,1232.87,3394.4,68306.26,0,16989.72,0,0,89625.39,0,0,0,2517.94,2404.42,0,23532.67,26629.37,62.36,2176.06,15726.01,0,0,0,0
2009-07-28 04:00:00,0,1699.68,0,261.03,10250.09,5088.28,6099.04,0,0,1776.16,12008.88,197.47,0,13579.97,1267.11,3429.12,68114.17,0,16898.06,0,0,89587.15,0,0,0,2539.62,2399.24,0,23673.32,26455.66,61.35,2162.99,15665.2,0,0,0,0
2009-07-28 05:00:00,0,1725.76,0,269.27,10632.02,5212.9,6246.5,0,0,1819.9,12274.55,202.62,0,13817.51,1302.58,3513.22,68909.03,0,17217.29,0,0,90470.93,0,0,0,2597.01,2425.36,0,24082.99,26772.37,62.27,2205.91,15871.91,0,0,0,0
2009-07-28 06:00:00,0,1760.36,0,280.11,11271.71,5410.16,6522.7,0,0,1887.86,12695.17,208.75,0,15071.27,1354.46,3654.63,70025.4,0,18971.31,0,0,96023.54,0,0,0,2689.72,2484.85,0,24599.84,27139.12,63.86,2277.87,16112.94,0,0,0,0
2009-07-28 07:00:00,0,1874.9,0,315.08,11822.28,5919.09,6882.05,0,0,2076.45,13793.83,223.12,0,16108.2,1440.44,3905.46,73538.62,0,20543.46,0,0,101608.76,0,0,0,2829.38,2614.14,0,26006.08,28204.78,66.39,2482.9,17066.64,0,0,0,0
2009-07-28 08:00:00,0,2016.79,0,343.65,12329.64,6552.41,7263.68,0,0,2279.6,15176.95,240.93,0,17035.43,1529.95,4214.95,77098.5,0,21910.99,0,0,107304.65,0,0,0,2985.01,2770.68,0,27317.3,29607.26,70.1,2706.87,18134.51,0,0,0,0
2009-07-28 09:00:00,0,2129.98,0,368.38,12891.7,7217.6,7855.11,0,0,2464.2,16566.86,253.51,0,17858.1,1643.78,4562.13,80730.87,0,23008.69,0,0,114084.89,0,0,0,3205.2,3045.13,0,28551.44,30773.57,74.93,2937.53,19179.76,0,0,0,0
2009-07-28 10:00:00,0,2245.47,0,401.73,14277.86,8033.05,8748.44,0,0,2675.28,18062.88,276.05,0,18290.18,1807.81,4958.4,84465.32,0,23879.33,0,0,120870.59,0,0,0,3526.07,3406.6,0,30549.65,32056.48,80.69,3224.08,20208.85,0,0,0,0
2009-07-28 11:00:00,0,2421.2,0,431.26,15639.36,8757.21,9487.42,0,0,2851.06,19283.77,298.4,0,18566.45,1948.47,5289.18,87752.91,0,24606.85,0,0,126581.9,0,0,0,3778.82,3693.75,0,32840.75,33866.75,85.7,3462.56,20916.87,0,0,0,0
2009-07-28 12:00:00,0,2680.18,0,456.18,16810.17,9282.45,10081.89,0,0,2982.64,19941.06,319.31,0,18818.95,2070.77,5541.41,91557.39,0,25044.63,0,0,131064.41,0,0,0,3977.32,3903.55,0,34566.93,35883.96,89.67,3646.31,21564.53,0,0,0,0
2009-07-28 13:00:00,0,2864.8,0,478.48,17741.99,9698.95,10524.35,0,0,3086.22,20500.66,339.86,0,19107.32,2177.65,5751.09,94636.06,0,25424.69,0,0,134747.95,0,0,0,4128.15,4047.52,0,35299.92,37413.81,93.27,3790.34,21969.88,0,0,0,0
2009-07-28 14:00:00,0,2971.52,0,491.2,18365.1,10055.46,10897.06,0,0,3177.16,21026.0,358.24,0,19493.48,2266.48,5896.74,96588.9,0,25890.81,0,0,138178.67,0,0,0,4230.38,4149.24,0,35463.73,38443.01,97.33,3910.1,22070.35,0,0,0,0
2009-07-28 15:00:00,0,3040.56,0,490.65,18649.08,10329.92,11142.93,0,0,3254.48,21504.52,373.23,0,19953.14,2331.39,5977.45,97729.41,0,26251.88,0,0,140097.89,0,0,0,4277.75,4205.37,0,35004.1,39190.41,100.37,3996.07,22067.44,0,0,0,0
2009-07-28 16:00:00,0,3070.14,0,485.24,18536.86,10406.88,11159.04,0,0,3282.1,21895.96,379.51,0,20347.07,2357.92,5958.91,98256.32,0,26254.33,0,0,141067.95,0,0,0,4253.61,4197.44,0,34836.89,39485.39,101.97,4040.83,22077.26,0,0,0,0
2009-07-28 17:00:00,0,3084.97,0,470.62,18135.05,10221.22,10991.26,0,0,3232.38,21805.93,378.93,0,20453.84,2331.0,5836.65,97800.49,0,26060.33,0,0,140462.04,0,0,0,4162.31,4142.86,0,34831.91,39655.76,102.17,3989.77,22196.48,0,0,0,0
2009-07-28 18:00:00,0,3060.49,0,452.51,17473.35,9855.79,10638.76,0,0,3096.04,21072.66,365.06,0,20253.69,2194.04,5525.51,96592.14,0,25591.63,0,0,138404.88,0,0,0,4015.14,4026.14,0,34483.5,39518.45,100.37,3872.52,22162.62,0,0,0,0
2009-07-28 19:00:00,0,2971.55,0,439.66,16993.83,9397.56,10012.91,0,0,3045.11,20062.5,351.51,0,20335.25,2108.42,5269.15,95215.67,0,25341.05,0,0,131888.59,0,0,0,3804.92,3715.66,0,34290.33,38525.74,94.02,3671.83,22295.97,0,0,0,0
2009-07-28 20:00:00,0,2793.7,0,426.06,16125.38,8941.3,9328.54,0,0,2853.62,19061.21,342.78,0,19032.44,2000.45,5063.64,93538.75,0,24598.84,0,0,127709.34,0,0,0,3653.66,3528.9,0,33371.09,37565.77,91.82,3468.69,21918.2,0,0,0,0
2009-07-28 21:00:00,0,2574.88,0,403.02,15115.25,8280.38,8736.31,0,0,2638.6,17934.43,325.93,0,17847.0,1884.98,4781.3,90696.08,0,23625.89,0,0,121419.86,0,0,0,3467.11,3333.95,0,32026.59,36197.24,86.47,3212.09,21446.55,0,0,0,0
2009-07-28 22:00:00,0,2434.48,0,373.31,13965.05,7561.53,8172.88,0,0,2443.06,16765.29,300.71,0,16706.21,1769.34,4519.44,86972.31,0,22244.28,0,0,115449.59,0,0,0,3250.86,3150.86,0,29848.24,34587.35,80.93,2995.1,20155.03,0,0,0,0
2009-07-28 23:00:00,0,2235.47,0,344.28,12907.79,6897.86,7625.54,0,0,2271.28,15578.33,276.4,0,15588.36,1636.97,4265.27,82439.13,0,21039.36,0,0,109668.74,0,0,0,3061.6,2951.82,0,27861.43,32218.4,76.45,2789.63,18932.45,0,0,0,0
2009-07-29 00:00:00,0,2043.11,0,317.69,11922.98,6205.7,7132.98,0,0,2113.12,14456.14,250.96,0,14497.39,1502.12,4024.79,77743.57,0,19835.41,0,0,104494.11,0,0,0,2870.78,2759.65,0,26164.73,29753.37,72.35,2566.81,17850.06,0,0,0,0
2009-07-29 01:00:00,0,1831.62,0,291.47,11156.3,5611.59,6624.43,0,0,1974.46,13381.8,228.01,0,13791.93,1386.54,3788.59,73516.49,0,18610.34,0,0,99841.99,0,0,0,2727.81,2608.36,0,24747.57,27668.81,68.03,2365.43,16877.61,0,0,0,0
2009-07-29 02:00:00,0,1716.13,0,270.3,10775.41,5294.29,6249.95,0,0,1855.0,12621.86,209.51,0,13503.71,1301.97,3588.82,69764.92,0,17906.22,0,0,95998.58,0,0,0,2631.32,2510.32,0,23794.14,26364.07,64.81,2230.08,16237.5,0,0,0,0
2009-07-29 03:00:00,0,1663.22,0,263.7,10522.54,5110.18,6070.69,0,0,1780.62,12212.59,199.09,0,13436.0,1259.17,3488.05,67949.59,0,17569.7,0,0,94228.22,0,0,0,2596.79,2477.52,0,23463.57,25721.33,62.0,2147.09,15673.14,0,0,0,0
2009-07-29 04:00:00,0,1670.73,0,270.19,10647.83,5092.06,6158.75,0,0,1805.57,12186.98,198.61,0,13441.11,1289.09,3558.1,67735.45,0,17646.19,0,0,94293.76,0,0,0,2616.02,2467.46,0,23710.69,25375.98,60.97,2145.11,15639.88,0,0,0,0
2009-07-29 05:00:00,0,1691.93,0,277.76,11047.16,5236.3,6314.29,0,0,1851.01,12508.58,202.33,0,13900.79,1321.58,3665.45,68376.96,0,18098.36,0,0,95136.32,0,0,0,2673.68,2508.97,0,24271.92,25531.57,61.56,2191.66,15960.56,0,0,0,0
2009-07-29 06:00:00,0,1713.64,0,287.26,11613.44,5447.32,6603.88,0,0,1930.8,13017.07,207.45,0,15133.79,1376.58,3793.18,69382.98,0,19871.37,0,0,100231.18,0,0,0,2771.36,2571.05,0,24857.37,25803.73,62.38,2265.45,16320.74,0,0,0,0
2009-07-29 07:00:00,0,1827.84,0,327.59,12075.46,5994.43,6936.99,0,0,2120.45,14203.53,221.76,0,16095.71,1473.48,4028.95,72908.88,0,21382.6,0,0,104300.46,0,0,0,2914.65,2709.09,0,25922.11,27072.29,64.36,2489.76,16987.43,0,0,0,0
2009-07-29 08:00:00,0,1928.11,0,355.27,12563.12,6608.6,7308.13,0,0,2324.76,15733.5,243.27,0,17135.97,1563.64,4227.95,76363.27,0,23224.81,0,0,109284.54,0,0,0,3056.05,2858.42,0,26761.68,28215.06,69.08,2725.36,17775.09,0,0,0,0
2009-07-29 09:00:00,0,2038.44,0,381.39,13171.93,7328.05,7889.53,0,0,2517.84,17218.22,256.12,0,18324.63,1672.54,4422.9,79978.78,0,24694.36,0,0,114576.78,0,0,0,3178.76,3017.92,0,27739.61,29731.42,74.57,2997.37,18550.36,0,0,0,0
2009-07-29 10:00:00,0,2175.97,0,410.17,13981.41,8106.15,8542.13,0,0,2736.4,18886.29,276.11,0,19014.38,1837.04,4625.0,83119.62,0,25654.53,0,0,118988.82,0,0,0,3369.88,3207.69,0,29296.25,31540.88,80.32,3276.76,19563.55,0,0,0,0
2009-07-29 11:00:00,0,2321.87,0,437.23,14389.56,8877.17,8962.45,0,0,2948.08,20343.01,299.66,0,19401.2,1978.42,4772.2,86114.05,0,26154.69,0,0,122686.77,0,0,0,3508.75,3336.74,0,30932.98,33577.65,86.54,3522.06,20855.9,0,0,0,0
2009-07-29 12:00:00,0,2484.39,0,459.83,14496.09,9476.4,9088.97,0,0,3109.71,21334.61,321.82,0,19737.32,2107.85,5003.26,89564.18,0,26107.27,0,0,125211.17,0,0,0,3639.32,3473.76,0,32866.86,35528.49,91.16,3708.37,22259.84,0,0,0,0
2009-07-29 13:00:00,0,2667.31,0,478.3,14726.58,9873.24,9140.25,0,0,3217.95,21976.2,341.85,0,20231.12,2216.58,5196.32,92297.21,0,26015.2,0,0,128594.21,0,0,0,3631.95,3527.85,0,34477.29,37118.83,95.3,3829.91,23540.75,0,0,0,0
2009-07-29 14:00:00,0,2818.84,0,493.01,15159.46,10130.88,9267.62,0,0,3263.53,22150.6,359.41,0,20551.89,2314.03,5352.39,94418.27,0,26010.34,0,0,130903.08,0,0,0,3685.04,3593.64,0,36203.71,38643.79,98.93,3914.37,24434.02,0,0,0,0
2009-07-29 15:00:00,0,2942.42,0,500.19,15756.12,10201.79,9422.72,0,0,3223.42,21789.28,370.72,0,20568.91,2383.64,5480.13,95862.77,0,26043.1,0,0,132049.87,0,0,0,3705.61,3603.17,0,37316.17,39723.94,101.42,3970.08,24582.54,0,0,0,0
2009-07-29 16:00:00,0,3028.96,0,495.7,16103.85,10085.85,9437.74,0,0,3152.86,21519.21,376.22,0,20265.54,2417.4,5577.6,95859.59,0,25687.28,0,0,131850.76,0,0,0,3641.65,3570.19,0,37867.77,39951.04,102.04,3978.75,24772.02,0,0,0,0
2009-07-29 17:00:00,0,3104.35,0,493.12,16267.45,9917.57,9382.26,0,0,3091.69,21119.28,376.18,0,20157.97,2413.13,5621.73,95235.76,0,25223.82,0,0,131862.6,0,0,0,3672.51,3630.84,0,37717.08,39667.82,102.06,3924.43,24780.71,0,0,0,0
2009-07-29 18:00:00,0,3169.6,0,480.98,16084.52,9483.57,9301.76,0,0,2950.6,20339.13,366.72,0,19955.49,2269.51,5559.91,92950.32,0,24970.53,0,0,130200.21,0,0,0,3611.64,3596.43,0,36421.44,39300.28,100.36,3788.01,24208.3,0,0,0,0
2009-07-29 19:00:00,0,3107.05,0,454.52,16071.07,9192.94,9280.88,0,0,2934.76,19939.94,360.08,0,20179.01,2168.02,5298.86,92366.59,0,25137.27,0,0,125144.32,0,0,0,3585.47,3441.52,0,35175.46,38139.68,96.06,3577.14,23803.59,0,0,0,0
2009-07-29 20:00:00,0,2982.96,0,435.3,15586.54,8674.61,8857.64,0,0,2738.28,18757.33,345.05,0,19132.07,2053.37,5196.27,89574.61,0,24449.76,0,0,122459.1,0,0,0,3529.74,3339.71,0,34475.73,37938.27,93.1,3327.09,23180.0,0,0,0,0
2009-07-29 21:00:00,0,2785.2,0,408.43,14725.8,8066.64,8383.23,0,0,2576.59,17698.74,324.6,0,18147.56,1922.58,4882.68,86123.98,0,23712.07,0,0,116242.92,0,0,0,3393.49,3171.23,0,33276.41,36959.68,87.62,3101.96,22884.6,0,0,0,0
2009-07-29 22:00:00,0,2606.61,0,375.42,13669.44,7385.33,7874.65,0,0,2409.37,16575.82,294.71,0,17215.03,1800.33,4597.14,82341.96,0,22706.44,0,0,110486.65,0,0,0,3199.35,3011.06,0,31155.29,35449.83,82.95,2895.75,21579.46,0,0,0,0
2009-07-29 23:00:00,0,2362.53,0,344.28,12688.94,6715.54,7395.01,0,0,2243.68,15417.85,266.59,0,16280.9,1672.49,4327.6,78340.91,0,21628.02,0,0,105064.11,0,0,0,3012.8,2838.07,0,29099.51,33032.86,78.07,2683.47,20114.6,0,0,0,0
2009-07-30 00:00:00,0,2149.69,0,315.12,11782.82,6072.91,6942.37,0,0,2089.22,14282.31,241.67,0,15328.59,1525.13,4072.85,74487.2,0,20545.34,0,0,99918.81,0,0,0,2846.15,2665.36,0,27390.78,30689.21,74.72,2485.08,18719.6,0,0,0,0
2009-07-30 01:00:00,0,1927.94,0,290.48,11035.35,5518.25,6435.93,0,0,1955.55,13217.29,221.55,0,14612.59,1393.4,3830.03,70609.65,0,19514.78,0,0,95153.22,0,0,0,2714.26,2526.84,0,26077.54,28548.75,70.15,2307.84,17471.72,0,0,0,0
2009-07-30 02:00:00,0,1786.35,0,271.01,10619.68,5244.68,6042.3,0,0,1836.59,12509.09,203.09,0,14385.66,1293.88,3619.3,67203.54,0,18376.01,0,0,91269.33,0,0,0,2642.64,2460.95,0,25234.57,27171.25,66.43,2200.03,16686.75,0,0,0,0
2009-07-30 03:00:00,0,1709.78,0,262.95,10409.02,5117.23,5908.45,0,0,1779.13,12153.56,191.08,0,14415.99,1242.95,3486.19,65621.61,0,18104.92,0,0,89013.79,0,0,0,2617.05,2457.11,0,24679.02,26302.21,63.45,2145.06,16129.38,0,0,0,0
2009-07-30 04:00:00,0,1721.93,0,267.1,10459.1,5125.53,6032.19,0,0,1804.27,12168.41,190.51,0,14397.66,1272.12,3509.38,65696.6,0,17866.35,0,0,88987.08,0,0,0,2650.68,2481.48,0,24748.28,25962.35,62.5,2167.12,16222.96,0,0,0,0
2009-07-30 05:00:00,0,1757.17,0,277.01,10815.99,5253.15,6219.12,0,0,1851.22,12490.22,193.22,0,14787.2,1306.83,3589.42,66725.61,0,18330.08,0,0,90034.35,0,0,0,2713.99,2541.04,0,25100.73,26108.4,63.44,2227.4,16581.41,0,0,0,0
2009-07-30 06:00:00,0,1787.2,0,289.67,11458.36,5428.82,6517.08,0,0,1919.45,12971.98,199.12,0,15877.49,1359.16,3724.95,68505.38,0,19954.77,0,0,95480.97,0,0,0,2799.56,2608.68,0,25576.5,26413.38,64.68,2301.28,16892.48,0,0,0,0
2009-07-30 07:00:00,0,1854.51,0,326.07,12060.13,5895.7,6856.14,0,0,2090.38,14164.56,214.86,0,16558.55,1457.28,4000.38,72433.87,0,21176.85,0,0,99459.67,0,0,0,2936.75,2729.31,0,26755.33,27296.19,66.46,2495.22,17676.32,0,0,0,0
2009-07-30 08:00:00,0,1976.82,0,361.01,12711.57,6566.44,7246.81,0,0,2302.74,15717.8,236.68,0,17094.94,1557.52,4225.38,75864.34,0,21928.65,0,0,103728.27,0,0,0,3093.47,2889.93,0,27608.28,28378.85,69.24,2733.9,18464.0,0,0,0,0
2009-07-30 09:00:00,0,2021.46,0,394.64,13451.27,7339.34,7829.76,0,0,2516.84,17260.43,251.67,0,17716.71,1651.93,4455.67,79117.86,0,22581.93,0,0,108607.55,0,0,0,3242.86,3073.69,0,29144.97,28910.77,72.75,3031.44,19190.17,0,0,0,0
2009-07-30 10:00:00,0,2065.03,0,427.42,14766.48,8253.58,8727.46,0,0,2748.03,18806.18,276.67,0,18403.15,1825.65,4686.72,82296.99,0,23349.8,0,0,115107.47,0,0,0,3494.24,3386.66,0,31055.02,29803.44,76.14,3356.86,20134.22,0,0,0,0
2009-07-30 11:00:00,0,2177.42,0,452.63,15688.54,9115.14,9400.36,0,0,2940.28,20098.45,303.87,0,18867.0,1986.71,4974.89,84930.91,0,24180.79,0,0,121812.09,0,0,0,3711.97,3641.64,0,33489.25,31165.84,81.23,3622.15,21337.54,0,0,0,0
2009-07-30 12:00:00,0,2344.83,0,475.17,16116.61,9651.9,9884.51,0,0,3077.09,20953.88,328.27,0,19196.45,2119.24,5238.02,87480.71,0,24899.68,0,0,127083.21,0,0,0,3852.0,3757.22,0,35864.1,32580.43,86.3,3772.25,22567.61,0,0,0,0
2009-07-30 13:00:00,0,2508.39,0,487.75,16253.51,10025.47,10204.69,0,0,3191.99,21606.39,348.97,0,19624.41,2218.4,5404.74,89723.88,0,25396.02,0,0,130302.22,0,0,0,3969.45,3881.45,0,37787.11,33804.79,90.59,3889.46,23505.5,0,0,0,0
2009-07-30 14:00:00,0,2643.99,0,500.6,16850.2,10321.27,10506.72,0,0,3258.9,22058.79,368.27,0,20121.18,2302.44,5469.94,92052.46,0,25812.36,0,0,133362.04,0,0,0,4112.0,4004.28,0,39071.15,34842.42,93.28,3962.75,24388.02,0,0,0,0
2009-07-30 15:00:00,0,2726.4,0,503.22,17329.02,10522.97,10674.07,0,0,3290.06,22150.76,383.78,0,20614.62,2361.98,5454.98,93740.87,0,26155.57,0,0,135250.22,0,0,0,4196.73,4098.58,0,39770.91,35748.43,95.88,4026.45,24632.01,0,0,0,0
2009-07-30 16:00:00,0,2778.38,0,496.7,17626.27,10538.22,10747.44,0,0,3271.93,21883.75,391.49,0,20993.12,2377.83,5378.49,94358.03,0,26334.11,0,0,135511.32,0,0,0,4221.02,4159.32,0,39818.76,36262.45,97.63,4057.26,24601.28,0,0,0,0
2009-07-30 17:00:00,0,2835.57,0,489.22,17484.99,10329.21,10606.61,0,0,3194.83,21580.26,391.88,0,21035.74,2338.39,5253.39,94466.41,0,26304.77,0,0,134497.48,0,0,0,4195.33,4160.66,0,38842.16,36733.15,97.68,3998.57,24521.47,0,0,0,0
2009-07-30 18:00:00,0,2805.98,0,480.04,17112.65,9927.88,10450.31,0,0,3063.17,20904.8,385.43,0,20754.65,2213.69,5145.6,93756.47,0,25787.0,0,0,132982.73,0,0,0,4108.54,4090.81,0,37530.65,36811.31,95.65,3895.55,24286.89,0,0,0,0
2009-07-30 19:00:00,0,2743.87,0,452.62,17016.84,9357.46,10168.86,0,0,2979.92,19912.11,366.39,0,20489.06,2133.07,5085.31,92790.62,0,25524.68,0,0,128328.44,0,0,0,3939.43,3825.03,0,35249.22,36413.73,89.73,3587.99,23692.81,0,0,0,0
2009-07-30 20:00:00,0,2726.66,0,440.58,16383.57,8862.13,9486.17,0,0,2804.74,18963.26,354.6,0,18905.31,2029.89,4914.18,91095.3,0,24450.14,0,0,124353.96,0,0,0,3800.43,3640.03,0,34744.25,35594.29,87.6,3358.75,23152.7,0,0,0,0
2009-07-30 21:00:00,0,2533.64,0,414.1,15506.87,8249.28,8915.09,0,0,2631.44,17874.22,331.85,0,17377.36,1910.18,4685.71,87801.81,0,23184.6,0,0,117954.7,0,0,0,3611.5,3446.69,0,33270.46,34750.1,82.31,3134.7,22723.51,0,0,0,0
2009-07-30 22:00:00,0,2362.05,0,380.9,14379.1,7559.16,8385.68,0,0,2461.2,16702.74,305.54,0,15953.82,1774.97,4452.14,83894.54,0,21854.6,0,0,111977.36,0,0,0,3377.64,3248.68,0,30904.28,33248.88,77.98,2921.9,21504.5,0,0,0,0
2009-07-30 23:00:00,0,2118.1,0,349.9,13322.96,6876.91,7878.23,0,0,2286.71,15489.54,281.73,0,14611.83,1632.43,4206.16,79550.35,0,20673.54,0,0,106469.4,0,0,0,3169.91,3044.73,0,29025.91,30880.74,73.59,2710.47,20151.48,0,0,0,0
2009-07-31 00:00:00,0,1894.38,0,322.15,12414.9,6199.14,7328.17,0,0,2117.35,14326.74,258.68,0,13496.89,1502.71,4001.01,75352.0,0,19505.31,0,0,101517.0,0,0,0,2976.09,2851.82,0,27257.05,28753.1,69.29,2508.25,18833.7,0,0,0,0
2009-07-31 01:00:00,0,1700.87,0,297.4,11687.86,5620.35,6821.52,0,0,1970.79,13230.88,236.38,0,12759.27,1389.3,3801.51,71176.13,0,18376.05,0,0,97195.89,0,0,0,2816.76,2670.24,0,25978.97,27018.4,65.18,2333.94,17688.79,0,0,0,0
2009-07-31 02:00:00,0,1583.8,0,277.94,11178.36,5313.13,6423.13,0,0,1843.9,12469.14,217.56,0,12469.38,1295.36,3585.51,67306.49,0,17658.59,0,0,93440.82,0,0,0,2690.62,2540.09,0,24997.48,25626.63,62.1,2222.77,16852.89,0,0,0,0
2009-07-31 03:00:00,0,1541.13,0,269.96,10901.6,5183.0,6218.3,0,0,1781.16,12074.18,204.66,0,12370.6,1251.57,3475.38,65227.96,0,17199.8,0,0,91865.03,0,0,0,2647.25,2486.28,0,24605.73,24900.22,59.5,2163.01,16224.39,0,0,0,0
2009-07-31 04:00:00,0,1547.79,0,272.74,10925.75,5173.48,6238.05,0,0,1803.13,12092.35,202.7,0,12386.18,1269.22,3549.21,64847.57,0,17095.2,0,0,92061.52,0,0,0,2656.37,2468.14,0,24685.19,24571.96,58.97,2178.28,16051.42,0,0,0,0
2009-07-31 05:00:00,0,1584.16,0,281.47,11237.13,5325.29,6362.04,0,0,1844.83,12395.65,204.83,0,12893.29,1300.29,3644.55,65431.29,0,17622.22,0,0,92957.36,0,0,0,2694.05,2494.7,0,25044.03,24926.16,59.99,2226.72,16361.55,0,0,0,0
2009-07-31 06:00:00,0,1622.17,0,290.85,11899.73,5499.96,6626.86,0,0,1908.18,12827.97,207.62,0,14054.56,1348.95,3752.12,66838.47,0,19227.5,0,0,97878.02,0,0,0,2778.78,2562.54,0,25475.86,25410.3,60.94,2290.54,16664.21,0,0,0,0
2009-07-31 07:00:00,0,1751.8,0,333.63,12450.15,5949.15,7027.8,0,0,2087.27,13937.43,221.73,0,15183.79,1459.95,3986.44,70862.34,0,20223.27,0,0,101983.96,0,0,0,2908.17,2698.7,0,26566.57,26718.56,62.68,2462.49,17213.82,0,0,0,0
2009-07-31 08:00:00,0,1845.23,0,368.16,13075.44,6545.86,7454.74,0,0,2289.18,15423.63,243.23,0,15914.79,1575.75,4162.24,74570.02,0,21421.3,0,0,106737.58,0,0,0,3073.62,2855.31,0,27520.71,27702.01,66.24,2668.72,17747.05,0,0,0,0
2009-07-31 09:00:00,0,1983.1,0,401.88,13789.16,7235.52,8007.39,0,0,2481.75,16925.1,256.48,0,16448.58,1695.75,4300.54,78220.2,0,22732.53,0,0,111944.31,0,0,0,3258.67,3062.99,0,28642.73,29298.02,70.64,2926.96,18420.06,0,0,0,0
2009-07-31 10:00:00,0,2126.63,0,435.99,14613.59,8051.77,8655.81,0,0,2702.44,18517.52,280.96,0,17054.65,1872.86,4496.31,81781.73,0,23874.07,0,0,117438.43,0,0,0,3497.44,3313.07,0,30027.54,31089.71,75.4,3230.32,19124.58,0,0,0,0
2009-07-31 11:00:00,0,2261.18,0,462.94,15079.08,8875.52,9205.82,0,0,2908.83,19988.89,306.46,0,17725.46,2026.45,4827.65,85089.28,0,24858.64,0,0,123225.12,0,0,0,3727.87,3569.06,0,31462.36,32943.53,79.73,3504.71,20101.63,0,0,0,0
2009-07-31 12:00:00,0,2403.88,0,483.15,15485.28,9486.48,9552.81,0,0,3076.72,21135.63,328.98,0,18420.66,2154.97,5147.11,89064.57,0,25648.2,0,0,126878.4,0,0,0,3928.97,3784.81,0,32902.17,34723.3,83.79,3703.19,21355.97,0,0,0,0
2009-07-31 13:00:00,0,2517.85,0,479.54,15785.36,9871.58,9906.15,0,0,3201.92,21905.07,349.49,0,18956.0,2258.21,5349.16,92054.43,0,25822.87,0,0,129464.52,0,0,0,4063.53,3910.4,0,34765.93,36171.71,87.13,3837.87,22650.58,0,0,0,0
2009-07-31 14:00:00,0,2663.35,0,484.17,16243.51,10214.69,10190.85,0,0,3286.4,22447.74,368.15,0,19206.35,2332.7,5500.9,93939.3,0,25892.49,0,0,131133.54,0,0,0,4161.11,4038.84,0,35633.76,37547.57,90.55,3933.55,23729.31,0,0,0,0
2009-07-31 15:00:00,0,2809.32,0,483.5,16460.17,10411.56,10342.93,0,0,3328.01,22625.79,384.56,0,19326.72,2387.13,5625.78,95263.6,0,25607.58,0,0,131775.91,0,0,0,4219.39,4118.13,0,36625.15,38544.02,92.76,3975.87,24554.73,0,0,0,0
2009-07-31 16:00:00,0,2908.25,0,476.09,16644.76,10401.72,10273.42,0,0,3331.1,22548.91,390.98,0,19268.95,2398.88,5677.33,96277.41,0,25280.61,0,0,131390.53,0,0,0,4188.26,4144.59,0,37053.2,39207.52,94.2,4013.02,25031.22,0,0,0,0
2009-07-31 17:00:00,0,2975.77,0,466.88,16742.26,10169.75,10233.26,0,0,3252.74,22228.71,382.89,0,19135.78,2368.35,5653.42,95997.65,0,25093.28,0,0,130348.24,0,0,0,4072.88,4090.35,0,36913.07,39540.41,94.75,3979.14,25219.36,0,0,0,0
2009-07-31 18:00:00,0,2962.93,0,455.35,16516.69,9751.56,10046.49,0,0,3101.6,21347.82,368.13,0,18897.13,2236.72,5558.46,94268.76,0,24573.1,0,0,127755.68,0,0,0,3940.81,3940.85,0,35983.81,39432.51,93.62,3877.74,24970.5,0,0,0,0
2009-07-31 19:00:00,0,2924.4,0,418.74,15807.66,8905.88,9976.66,0,0,2924.62,19780.46,340.25,0,17755.16,2061.53,4960.15,87449.18,0,22235.11,0,0,115755.75,0,0,0,3709.82,3637.35,0,34637.82,36833.03,80.43,3511.37,23144.81,0,0,0,0
2009-07-31 20:00:00,0,2778.24,0,409.03,15550.29,8526.72,9437.08,0,0,2757.56,18646.06,336.04,0,16707.89,1988.01,4861.56,86280.67,0,21789.43,0,0,113921.24,0,0,0,3640.9,3533.85,0,33999.63,36564.86,78.49,3356.9,22405.97,0,0,0,0
2009-07-31 21:00:00,0,2564.4,0,385.98,14795.8,8016.47,8887.69,0,0,2585.79,17500.29,320.96,0,15672.86,1877.21,4506.29,82565.47,0,20778.13,0,0,107600.06,0,0,0,3555.14,3417.22,0,32881.91,34504.47,72.9,3127.92,21811.49,0,0,0,0
2009-07-31 22:00:00,0,2441.06,0,361.87,13704.73,7370.67,8324.02,0,0,2419.76,16425.27,296.04,0,14603.05,1781.49,4195.79,78972.07,0,19377.59,0,0,102105.41,0,0,0,3352.98,3276.44,0,30970.72,32740.39,68.27,2933.36,20418.49,0,0,0,0
2009-07-31 23:00:00,0,2226.05,0,340.44,12653.92,6735.15,7777.66,0,0,2257.18,15332.48,271.9,0,13578.92,1679.65,3906.1,74677.48,0,18423.15,0,0,96709.72,0,0,0,3157.57,3122.09,0,29078.2,31093.9,64.22,2744.07,18935.13,0,0,0,0
2009-08-01 00:00:00,0,2051.86,0,317.17,11688.9,6157.21,7207.19,0,0,2096.72,14249.33,250.04,0,12729.74,1564.29,3633.17,70723.69,0,17443.94,0,0,91094.37,0,0,0,2976.56,2968.57,0,27325.28,29748.74,60.36,2561.8,17593.96,0,0,0,0
2009-08-01 01:00:00,0,1916.61,0,293.38,10797.32,5645.23,6682.47,0,0,1948.46,13214.87,229.53,0,12045.64,1440.74,3403.41,66934.6,0,16385.54,0,0,86398.04,0,0,0,2821.24,2805.29,0,26091.79,28675.03,57.4,2391.05,16347.78,0,0,0,0
2009-08-01 02:00:00,0,1844.23,0,274.44,10151.12,5274.45,6159.41,0,0,1835.3,12454.71,212.61,0,11859.14,1347.65,3216.23,63924.1,0,15592.54,0,0,82923.41,0,0,0,2707.36,2662.61,0,25259.55,27681.05,54.67,2244.65,15382.02,0,0,0,0
2009-08-01 03:00:00,0,1780.81,0,262.37,9739.82,5044.97,5896.92,0,0,1764.18,12006.26,200.02,0,11814.23,1278.67,3081.56,62059.64,0,14982.07,0,0,80282.75,0,0,0,2614.12,2560.83,0,24696.11,26228.93,52.83,2151.22,14680.97,0,0,0,0
2009-08-01 04:00:00,0,1734.25,0,258.6,9567.83,4875.61,5768.37,0,0,1732.14,11711.98,192.33,0,11778.89,1250.11,3008.8,60673.83,0,14543.08,0,0,78927.34,0,0,0,2558.45,2525.71,0,24343.4,25373.42,52.37,2097.28,14267.23,0,0,0,0
2009-08-01 05:00:00,0,1732.77,0,259.22,9524.21,4871.21,5723.84,0,0,1731.41,11697.83,190.12,0,11644.3,1242.83,2991.84,59947.52,0,14319.52,0,0,78425.91,0,0,0,2546.0,2539.94,0,24359.3,24970.11,52.21,2085.49,14225.85,0,0,0,0
2009-08-01 06:00:00,0,1732.38,0,262.53,9718.58,5010.86,5862.54,0,0,1758.94,11811.96,190.54,0,12083.85,1264.75,3036.12,60292.75,0,14927.05,0,0,79993.61,0,0,0,2563.41,2563.86,0,24520.89,24685.55,51.85,2116.71,14399.77,0,0,0,0
2009-08-01 07:00:00,0,1779.51,0,272.23,10262.4,5501.07,6161.65,0,0,1879.37,12768.05,201.78,0,12730.68,1337.66,3166.9,62211.96,0,15863.77,0,0,83900.89,0,0,0,2654.18,2634.11,0,24713.68,24647.0,52.53,2278.93,14933.36,0,0,0,0
2009-08-01 08:00:00,0,1897.92,0,297.23,10719.92,6157.67,6509.78,0,0,2075.57,14465.2,217.64,0,13375.88,1423.31,3455.44,64747.29,0,16984.29,0,0,90328.56,0,0,0,2762.08,2753.36,0,25256.46,25344.78,54.47,2482.0,15873.31,0,0,0,0
2009-08-01 09:00:00,0,1983.65,0,318.1,11451.6,6856.14,7072.69,0,0,2279.87,16256.45,233.85,0,14105.28,1567.94,3708.99,68103.03,0,18184.65,0,0,95626.77,0,0,0,2888.94,2899.63,0,26287.63,26162.79,57.85,2770.72,17039.7,0,0,0,0
2009-08-01 10:00:00,0,2073.37,0,346.54,12555.25,7770.37,7859.95,0,0,2521.66,18029.22,261.56,0,14723.96,1744.49,4095.48,71612.67,0,19219.3,0,0,101737.98,0,0,0,3153.63,3208.05,0,28046.44,27317.15,62.05,3068.73,18376.54,0,0,0,0
2009-08-01 11:00:00,0,2239.71,0,373.55,13535.54,8558.29,8525.16,0,0,2723.64,19550.44,289.71,0,15082.33,1908.18,4416.98,75434.7,0,20032.12,0,0,106692.55,0,0,0,3386.1,3464.61,0,30075.27,29115.49,66.63,3342.04,20330.82,0,0,0,0
2009-08-01 12:00:00,0,2398.79,0,399.9,14492.85,9120.87,9065.69,0,0,2885.23,20667.2,313.51,0,15359.3,2030.21,4684.39,78744.9,0,20663.1,0,0,110700.35,0,0,0,3604.15,3697.4,0,32013.57,30664.55,69.54,3532.0,21806.47,0,0,0,0
2009-08-01 13:00:00,0,2524.66,0,429.85,15360.16,9520.87,9480.27,0,0,3004.26,21381.02,334.69,0,15686.5,2127.26,4912.8,81600.71,0,21120.66,0,0,113711.4,0,0,0,3745.71,3867.61,0,33614.94,31950.4,72.1,3659.47,22892.59,0,0,0,0
2009-08-01 14:00:00,0,2632.23,0,436.23,16032.15,9841.93,9848.48,0,0,3096.41,21789.95,350.75,0,16097.96,2183.07,5109.47,83307.83,0,21510.81,0,0,116762.36,0,0,0,3847.91,3990.27,0,34856.92,33130.52,75.94,3757.99,23744.76,0,0,0,0
2009-08-01 15:00:00,0,2705.26,0,425.41,16499.94,10006.92,10126.47,0,0,3164.96,22018.59,357.6,0,16337.97,2205.14,5273.01,84472.95,0,21553.82,0,0,119029.15,0,0,0,3952.87,4084.42,0,35525.46,33917.22,79.59,3796.98,24261.2,0,0,0,0
2009-08-01 16:00:00,0,2750.59,0,423.47,16820.23,10005.74,10317.08,0,0,3165.93,21764.22,349.75,0,16648.12,2153.51,5368.11,85091.74,0,21530.06,0,0,120241.33,0,0,0,4023.15,4119.5,0,35631.55,34388.22,81.05,3811.33,24404.45,0,0,0,0
2009-08-01 17:00:00,0,2784.09,0,424.98,16848.2,9950.75,10427.7,0,0,3099.74,21240.89,342.5,0,16917.5,2104.67,5323.73,85229.54,0,21521.04,0,0,119288.03,0,0,0,4042.05,4120.44,0,35466.98,34897.69,81.76,3827.92,23754.62,0,0,0,0
2009-08-01 18:00:00,0,2820.01,0,418.37,16514.03,9612.83,10321.88,0,0,2967.89,20659.67,336.25,0,17181.03,2085.79,5138.5,84275.74,0,21258.92,0,0,118544.57,0,0,0,3980.21,4044.4,0,35055.04,35177.74,82.27,3707.23,22949.66,0,0,0,0
2009-08-01 19:00:00,0,2788.74,0,419.54,16190.09,8864.28,9869.84,0,0,2894.93,19625.79,317.63,0,18186.32,2068.67,5126.3,86266.58,0,22665.48,0,0,117665.05,0,0,0,3853.97,3799.91,0,34652.52,35821.03,82.38,3477.66,23131.54,0,0,0,0
2009-08-01 20:00:00,0,2666.01,0,408.25,15795.78,8431.8,9220.92,0,0,2717.22,18567.29,308.59,0,17072.91,1951.52,4863.53,85422.24,0,22165.29,0,0,115037.29,0,0,0,3769.98,3678.99,0,34124.29,35742.48,80.53,3291.39,22705.17,0,0,0,0
2009-08-01 21:00:00,0,2498.18,0,387.03,14943.03,7868.12,8655.82,0,0,2547.79,17446.64,297.97,0,15990.32,1846.32,4509.8,82572.48,0,21200.07,0,0,108968.05,0,0,0,3639.35,3511.39,0,32939.15,33755.84,76.88,3057.23,22268.9,0,0,0,0
2009-08-01 22:00:00,0,2375.37,0,360.92,13805.76,7225.72,8173.91,0,0,2382.81,16375.23,280.17,0,14948.41,1736.73,4218.86,78903.05,0,19878.34,0,0,103517.67,0,0,0,3412.74,3330.92,0,31165.9,31820.46,72.0,2885.15,21058.55,0,0,0,0
2009-08-01 23:00:00,0,2151.26,0,333.86,12743.35,6620.03,7715.46,0,0,2236.74,15332.25,261.72,0,13952.7,1628.77,3964.11,74988.16,0,18590.45,0,0,98519.15,0,0,0,3186.42,3147.37,0,29505.76,29632.33,67.2,2695.42,19750.08,0,0,0,0
2009-08-02 00:00:00,0,1952.22,0,308.27,11817.32,6037.65,7243.44,0,0,2086.38,14307.87,244.04,0,13009.35,1522.13,3728.66,71362.72,0,17532.66,0,0,93805.1,0,0,0,2984.49,2961.28,0,27845.81,27821.62,61.55,2504.78,18536.96,0,0,0,0
2009-08-02 01:00:00,0,1774.54,0,285.85,11005.04,5549.16,6778.91,0,0,1944.13,13299.81,226.74,0,12418.7,1414.24,3530.09,67741.29,0,16669.68,0,0,89687.0,0,0,0,2812.02,2789.07,0,26617.2,26275.0,56.41,2329.91,17368.4,0,0,0,0
2009-08-02 02:00:00,0,1640.6,0,268.51,10447.33,5213.84,6365.75,0,0,1834.89,12539.33,212.09,0,12224.15,1332.47,3350.66,64647.53,0,16051.52,0,0,86355.9,0,0,0,2691.17,2631.8,0,25763.12,24807.88,52.84,2189.48,16377.33,0,0,0,0
2009-08-02 03:00:00,0,1546.22,0,258.17,10072.81,4985.7,6165.01,0,0,1761.82,12068.88,202.41,0,12028.37,1276.23,3237.35,62754.71,0,15619.2,0,0,84234.46,0,0,0,2605.9,2545.85,0,25107.77,23722.86,50.66,2095.21,15825.75,0,0,0,0
2009-08-02 04:00:00,0,1499.6,0,256.88,9990.02,4829.93,6085.99,0,0,1735.78,11769.42,195.77,0,11911.08,1257.82,3163.85,61289.76,0,15322.32,0,0,83359.88,0,0,0,2576.55,2509.84,0,24734.68,23048.65,49.38,2055.94,15404.62,0,0,0,0
2009-08-02 05:00:00,0,1478.73,0,256.39,9967.28,4850.03,6059.6,0,0,1737.52,11776.53,196.34,0,11783.0,1261.21,3150.82,60561.95,0,15358.8,0,0,83131.47,0,0,0,2577.49,2526.09,0,24645.21,22628.27,49.39,2058.95,15196.3,0,0,0,0
2009-08-02 06:00:00,0,1503.37,0,258.77,10127.57,5007.39,6165.47,0,0,1765.84,11888.57,197.61,0,12343.07,1290.59,3153.03,60595.79,0,15876.44,0,0,83951.87,0,0,0,2613.64,2568.59,0,24737.2,22572.75,49.87,2092.52,15236.48,0,0,0,0
2009-08-02 07:00:00,0,1597.18,0,265.59,10484.91,5524.03,6446.5,0,0,1893.73,12898.12,205.26,0,13127.45,1358.68,3266.27,62004.51,0,17065.37,0,0,87236.2,0,0,0,2743.23,2665.39,0,25116.49,22860.98,50.64,2268.79,15480.55,0,0,0,0
2009-08-02 08:00:00,0,1701.35,0,295.43,10923.31,6327.83,6754.87,0,0,2104.07,14672.64,221.02,0,13691.69,1483.21,3407.75,64152.6,0,18110.67,0,0,92434.22,0,0,0,2871.87,2826.3,0,25777.07,23633.54,53.05,2543.62,15888.42,0,0,0,0
2009-08-02 09:00:00,0,1857.76,0,331.14,11383.73,7181.49,7052.1,0,0,2333.79,16629.23,246.91,0,14159.92,1667.93,3515.09,66489.04,0,18748.55,0,0,96485.22,0,0,0,3044.49,3004.51,0,26814.3,25490.58,56.12,2901.77,16548.86,0,0,0,0
2009-08-02 10:00:00,0,2050.4,0,365.13,11872.4,8123.78,7381.44,0,0,2593.54,18496.67,277.4,0,14588.49,1853.41,3802.83,69877.15,0,19151.32,0,0,99869.4,0,0,0,3208.46,3207.21,0,28353.35,27768.68,61.33,3194.36,17223.89,0,0,0,0
2009-08-02 11:00:00,0,2261.62,0,401.91,12425.78,8816.0,7775.87,0,0,2791.42,19937.31,301.45,0,14948.5,1997.39,4058.57,73449.47,0,19885.14,0,0,103909.38,0,0,0,3341.18,3355.13,0,29792.21,30287.46,66.09,3413.32,18232.8,0,0,0,0
2009-08-02 12:00:00,0,2446.26,0,432.02,12658.17,9358.72,8112.31,0,0,2943.59,20984.93,321.09,0,15244.37,2106.03,4234.03,76828.22,0,20136.97,0,0,107981.56,0,0,0,3461.68,3400.1,0,31661.69,32579.99,70.53,3563.73,19521.86,0,0,0,0
2009-08-02 13:00:00,0,2625.33,0,453.71,12907.51,9738.91,8295.18,0,0,3062.9,21740.09,340.75,0,15560.46,2191.14,4421.46,79375.23,0,20562.72,0,0,111139.95,0,0,0,3543.6,3443.18,0,33261.41,34576.31,74.18,3677.76,20608.23,0,0,0,0
2009-08-02 14:00:00,0,2784.76,0,458.23,13347.72,10069.44,8528.26,0,0,3162.45,22261.75,358.25,0,15878.17,2244.71,4615.8,81723.03,0,20685.4,0,0,113746.68,0,0,0,3643.8,3561.99,0,34006.2,36337.35,77.4,3772.82,21573.85,0,0,0,0
2009-08-02 15:00:00,0,2906.56,0,438.82,13797.33,10224.09,8671.06,0,0,3216.67,22470.13,370.67,0,16154.02,2280.02,4772.11,83852.37,0,20843.06,0,0,116383.75,0,0,0,3649.61,3612.12,0,34520.22,37859.19,80.22,3809.84,22298.38,0,0,0,0
2009-08-02 16:00:00,0,2982.24,0,420.22,14172.29,10121.33,8836.71,0,0,3202.27,22221.85,373.92,0,16255.02,2268.61,4890.28,85410.76,0,20995.82,0,0,117717.87,0,0,0,3642.66,3610.09,0,34600.56,39098.59,82.3,3813.94,22846.69,0,0,0,0
2009-08-02 17:00:00,0,3020.77,0,413.43,14252.27,9878.67,9006.94,0,0,3097.75,21522.29,370.76,0,16328.93,2154.12,4966.53,85822.36,0,21089.81,0,0,118267.19,0,0,0,3648.96,3602.18,0,34530.12,39861.06,82.73,3767.04,23147.61,0,0,0,0
2009-08-02 18:00:00,0,3008.76,0,411.49,14039.73,9441.6,9009.59,0,0,2927.36,20727.98,356.46,0,16421.93,2052.89,4929.72,85556.38,0,21291.64,0,0,118346.85,0,0,0,3635.19,3612.67,0,34293.07,39901.9,81.86,3630.99,22902.45,0,0,0,0
2009-08-02 19:00:00,0,2988.36,0,434.02,15720.0,9196.27,9429.82,0,0,3001.81,20340.95,355.26,0,18252.09,2045.81,5113.98,92910.01,0,24107.27,0,0,123720.37,0,0,0,3628.74,3456.97,0,34855.49,42970.24,88.81,3560.83,23768.92,0,0,0,0
2009-08-02 20:00:00,0,2878.3,0,418.89,15249.53,8796.3,8845.56,0,0,2813.6,19339.9,343.37,0,17456.52,1936.32,4990.36,90074.15,0,23536.51,0,0,120656.34,0,0,0,3543.94,3343.19,0,34051.81,40753.56,86.06,3398.06,22644.97,0,0,0,0
2009-08-02 21:00:00,0,2633.87,0,395.31,14457.28,8184.35,8302.5,0,0,2625.94,18284.39,326.46,0,16731.34,1824.09,4624.73,86444.52,0,22682.45,0,0,113894.98,0,0,0,3399.65,3197.13,0,32629.23,39102.43,80.02,3169.6,21955.46,0,0,0,0
2009-08-02 22:00:00,0,2439.49,0,368.3,13412.19,7522.45,7780.17,0,0,2451.57,17061.44,303.52,0,15948.78,1715.24,4305.45,82269.49,0,21449.58,0,0,107705.07,0,0,0,3201.14,3037.89,0,30455.29,37198.73,74.26,2965.56,20319.14,0,0,0,0
2009-08-02 23:00:00,0,2180.85,0,339.36,12400.16,6890.16,7262.5,0,0,2286.36,15856.94,281.83,0,15139.89,1595.51,4024.18,77878.51,0,20138.78,0,0,101856.58,0,0,0,3006.53,2853.76,0,28375.96,34584.76,69.27,2764.47,18729.96,0,0,0,0
2009-08-03 00:00:00,0,1954.18,0,312.15,11416.74,6240.12,6711.62,0,0,2122.78,14668.56,259.61,0,14383.25,1476.82,3780.54,73801.04,0,18776.18,0,0,96155.98,0,0,0,2816.22,2674.69,0,26410.8,32251.09,65.71,2559.43,17215.45,0,0,0,0
2009-08-03 01:00:00,0,1748.66,0,287.13,10583.91,5692.09,6185.17,0,0,1970.35,13541.74,237.9,0,13845.59,1363.14,3548.87,70046.46,0,17356.43,0,0,91208.91,0,0,0,2674.1,2534.79,0,25108.19,30058.38,63.07,2362.04,15913.34,0,0,0,0
2009-08-03 02:00:00,0,1619.32,0,267.6,10121.64,5365.45,5853.46,0,0,1858.48,12735.11,221.24,0,13736.87,1299.0,3351.12,66421.61,0,16445.62,0,0,86885.59,0,0,0,2592.55,2450.68,0,24243.27,28426.85,60.67,2244.89,14955.78,0,0,0,0
2009-08-03 03:00:00,0,1557.41,0,266.32,9946.15,5234.84,5794.13,0,0,1809.12,12393.22,211.55,0,13596.04,1288.78,3265.61,64612.58,0,15906.39,0,0,85128.28,0,0,0,2560.11,2425.12,0,23712.55,27426.5,58.93,2181.23,14527.19,0,0,0,0
2009-08-03 04:00:00,0,1538.29,0,274.58,10037.29,5252.64,5926.88,0,0,1838.03,12382.41,213.09,0,13461.34,1332.18,3304.81,64519.29,0,15810.16,0,0,85290.92,0,0,0,2603.81,2443.95,0,23951.4,26857.87,58.55,2201.38,14606.56,0,0,0,0
2009-08-03 05:00:00,0,1590.42,0,283.53,10431.69,5411.84,6102.9,0,0,1889.89,12722.02,217.62,0,13418.01,1373.02,3396.35,65799.75,0,15888.68,0,0,86016.97,0,0,0,2666.1,2487.29,0,24428.97,26883.5,59.1,2262.9,14859.25,0,0,0,0
2009-08-03 06:00:00,0,1652.46,0,294.26,11045.89,5581.71,6353.46,0,0,1943.9,13114.6,222.23,0,14517.74,1417.49,3508.44,67323.13,0,17786.8,0,0,92079.42,0,0,0,2736.06,2532.92,0,24930.16,27265.3,60.08,2324.07,15125.82,0,0,0,0
2009-08-03 07:00:00,0,1781.75,0,328.01,11717.07,6117.49,6751.95,0,0,2143.63,14284.66,237.95,0,14874.2,1536.72,3789.48,71463.53,0,18887.62,0,0,97166.26,0,0,0,2864.24,2618.79,0,26004.98,28373.67,61.76,2564.63,15993.11,0,0,0,0
2009-08-03 08:00:00,0,1947.57,0,346.22,12211.26,6699.6,7115.99,0,0,2338.71,15688.36,258.79,0,15412.45,1622.53,4042.25,75483.99,0,19781.4,0,0,102279.36,0,0,0,3003.81,2749.7,0,27083.12,30181.85,65.7,2785.86,17087.5,0,0,0,0
2009-08-03 09:00:00,0,2107.27,0,370.6,12632.7,7282.47,7475.82,0,0,2520.29,17136.86,269.57,0,16125.94,1752.68,4274.31,79408.83,0,20635.72,0,0,105837.1,0,0,0,3113.8,2861.75,0,27985.14,32561.35,71.34,2981.06,18391.62,0,0,0,0
2009-08-03 10:00:00,0,2343.53,0,408.45,13617.38,8087.75,8231.26,0,0,2742.28,18766.27,290.14,0,16758.07,1897.62,4548.69,82891.76,0,21366.35,0,0,110309.14,0,0,0,3210.11,3020.71,0,29943.48,35312.35,77.54,3271.37,19864.35,0,0,0,0
2009-08-03 11:00:00,0,2654.64,0,435.01,14834.34,8894.52,8860.78,0,0,2964.88,20308.36,309.71,0,17103.04,2010.34,4850.49,86890.6,0,22162.18,0,0,117194.21,0,0,0,3426.08,3239.06,0,32776.5,38356.45,84.02,3540.24,21385.43,0,0,0,0
2009-08-03 12:00:00,0,2984.92,0,439.91,15828.7,9502.58,9368.84,0,0,3132.83,21331.15,319.72,0,17434.14,2066.67,5142.37,91523.45,0,22860.23,0,0,123583.29,0,0,0,3624.38,3422.69,0,35143.18,41082.82,89.65,3744.8,22812.05,0,0,0,0
2009-08-03 13:00:00,0,3266.36,0,443.88,16703.97,9892.71,9796.08,0,0,3253.17,21923.78,321.7,0,17785.79,2063.8,5368.8,95674.76,0,23399.7,0,0,129017.29,0,0,0,3755.0,3555.31,0,36913.57,43423.79,94.17,3870.0,23908.54,0,0,0,0
2009-08-03 14:00:00,0,3492.98,0,443.39,17359.65,10186.44,10116.24,0,0,3321.35,22332.77,337.42,0,18170.44,2095.42,5535.59,98641.16,0,23904.95,0,0,133331.3,0,0,0,3899.04,3687.51,0,38360.3,45318.65,97.86,3968.36,24802.27,0,0,0,0
2009-08-03 15:00:00,0,3645.88,0,450.02,17827.22,10304.62,10398.18,0,0,3328.85,22514.68,352.02,0,18449.89,2131.36,5667.86,100469.87,0,24329.5,0,0,136031.8,0,0,0,4002.81,3804.54,0,39393.26,46601.07,101.12,4009.55,25512.68,0,0,0,0
2009-08-03 16:00:00,0,3746.67,0,469.15,18130.49,10271.55,10538.1,0,0,3308.96,22446.42,358.43,0,18618.63,2160.54,5781.97,101424.35,0,24455.3,0,0,138273.25,0,0,0,4076.87,3878.51,0,40059.03,47524.6,103.31,4056.36,26003.75,0,0,0,0
2009-08-03 17:00:00,0,3770.88,0,474.97,18170.78,10011.88,10518.38,0,0,3206.06,22046.77,353.92,0,18691.16,2158.3,5822.83,101315.3,0,24553.33,0,0,138419.7,0,0,0,4084.23,3905.66,0,40120.05,47931.75,104.29,4018.86,26254.06,0,0,0,0
2009-08-03 18:00:00,0,3776.36,0,462.61,18013.92,9757.94,10386.24,0,0,3091.9,21398.4,347.52,0,18718.98,2134.78,5793.82,100364.09,0,24132.55,0,0,137230.94,0,0,0,4003.63,3872.24,0,39607.21,47528.73,103.2,3931.28,26200.34,0,0,0,0
2009-08-03 19:00:00,0,3770.25,0,439.3,17610.57,9339.62,10039.22,0,0,3032.66,20516.6,343.44,0,19007.03,2077.92,5448.33,99040.7,0,24479.26,0,0,129163.62,0,0,0,3809.26,3614.28,0,38149.77,47904.61,96.64,3680.12,25551.74,0,0,0,0
2009-08-03 20:00:00,0,3586.1,0,422.95,16678.12,8825.13,9300.95,0,0,2817.53,19393.91,335.4,0,17589.29,1953.35,5310.46,97277.05,0,23418.25,0,0,125072.12,0,0,0,3674.3,3447.0,0,36496.55,45435.44,94.12,3429.59,24163.54,0,0,0,0
2009-08-03 21:00:00,0,3313.14,0,396.43,15727.12,8187.73,8638.93,0,0,2629.02,18231.81,318.86,0,16295.36,1819.19,4924.8,93530.74,0,22230.25,0,0,117897.3,0,0,0,3478.36,3253.21,0,34872.76,43265.63,88.06,3186.67,23311.06,0,0,0,0
2009-08-03 22:00:00,0,3103.24,0,367.47,14375.03,7486.08,7991.15,0,0,2464.17,17048.76,293.88,0,15125.79,1708.31,4596.38,89141.88,0,20784.36,0,0,111222.57,0,0,0,3238.62,3042.15,0,32179.08,41303.71,82.98,2946.11,21580.01,0,0,0,0
2009-08-03 23:00:00,0,2817.41,0,339.41,13144.32,6823.44,7383.98,0,0,2296.66,15816.48,272.42,0,14051.4,1591.15,4301.68,84165.86,0,19495.51,0,0,105189.77,0,0,0,3013.89,2838.82,0,29700.33,38456.6,78.19,2736.54,19906.34,0,0,0,0
2009-08-04 00:00:00,0,2576.48,0,312.49,11976.81,6184.02,6785.46,0,0,2132.69,14646.88,248.98,0,13096.59,1480.09,4021.31,79323.64,0,18278.61,0,0,99582.2,0,0,0,2818.3,2656.87,0,27496.76,35842.48,73.65,2534.72,18370.27,0,0,0,0
2009-08-04 01:00:00,0,2319.5,0,288.26,11031.76,5655.95,6265.91,0,0,1979.48,13559.65,226.49,0,12539.45,1366.45,3753.22,74927.05,0,17069.56,0,0,94774.29,0,0,0,2675.5,2511.65,0,25887.99,33265.67,69.59,2348.19,16970.87,0,0,0,0
2009-08-04 02:00:00,0,2130.92,0,268.65,10480.45,5348.38,5959.47,0,0,1861.73,12765.01,211.0,0,12295.66,1293.2,3530.19,71148.82,0,16283.86,0,0,91100.0,0,0,0,2593.91,2423.63,0,24852.17,31292.8,65.99,2227.64,15971.25,0,0,0,0
2009-08-04 03:00:00,0,2032.19,0,264.22,10191.95,5236.15,5881.17,0,0,1813.85,12412.7,204.04,0,12220.16,1274.08,3420.53,68971.96,0,15911.26,0,0,89455.93,0,0,0,2566.26,2392.6,0,24141.81,29855.75,63.83,2163.25,15413.74,0,0,0,0
2009-08-04 04:00:00,0,1977.47,0,271.35,10251.2,5257.78,5953.8,0,0,1847.93,12437.61,207.64,0,12258.48,1321.24,3448.86,68648.57,0,16053.42,0,0,89607.4,0,0,0,2584.72,2395.15,0,24223.48,28882.71,63.79,2189.11,15298.97,0,0,0,0
2009-08-04 05:00:00,0,1971.25,0,280.61,10600.0,5428.38,6091.01,0,0,1903.83,12796.78,213.63,0,12454.5,1369.73,3550.46,69469.85,0,16381.12,0,0,90895.73,0,0,0,2637.27,2424.67,0,24530.22,28680.85,64.25,2253.07,15469.23,0,0,0,0
2009-08-04 06:00:00,0,2002.62,0,290.69,11298.44,5598.12,6346.11,0,0,1957.0,13175.51,220.09,0,13898.07,1418.78,3654.51,70615.46,0,18412.59,0,0,97457.5,0,0,0,2710.21,2470.74,0,24867.36,29107.62,64.93,2319.56,15660.61,0,0,0,0
2009-08-04 07:00:00,0,2086.96,0,327.42,11953.86,6096.01,6840.73,0,0,2137.72,14211.56,237.7,0,15090.42,1520.58,3946.28,74090.34,0,20053.37,0,0,103765.57,0,0,0,2837.34,2577.08,0,26374.58,30159.84,66.63,2562.88,16712.76,0,0,0,0
2009-08-04 08:00:00,0,2279.54,0,357.41,12808.59,6772.51,7454.61,0,0,2342.3,15565.98,261.14,0,16049.13,1633.86,4299.38,78111.94,0,21482.65,0,0,110038.92,0,0,0,3020.24,2754.3,0,27976.94,31708.34,70.43,2819.12,18064.65,0,0,0,0
2009-08-04 09:00:00,0,2519.06,0,388.04,13818.58,7489.49,8332.8,0,0,2539.42,17075.51,275.56,0,16986.51,1761.75,4646.31,82338.27,0,22695.03,0,0,117438.1,0,0,0,3257.74,3066.04,0,30027.34,33685.53,74.89,3070.52,19583.85,0,0,0,0
2009-08-04 10:00:00,0,2761.74,0,419.59,15241.4,8324.56,9115.99,0,0,2765.82,18772.77,296.09,0,17865.7,1893.73,4985.27,86509.73,0,23969.53,0,0,124259.79,0,0,0,3643.37,3425.46,0,33119.68,35972.05,80.28,3374.52,21290.01,0,0,0,0
2009-08-04 11:00:00,0,3044.01,0,447.78,16437.82,9101.68,9661.3,0,0,2963.73,20184.71,309.98,0,18343.88,2012.19,5213.43,90713.59,0,24934.53,0,0,130038.02,0,0,0,3914.43,3678.62,0,35934.28,38419.2,85.74,3631.53,22914.72,0,0,0,0
2009-08-04 12:00:00,0,3289.84,0,473.16,17190.2,9671.4,10087.52,0,0,3121.2,21182.28,312.86,0,18784.13,2109.71,5385.37,94764.89,0,25520.88,0,0,134701.44,0,0,0,4076.47,3846.05,0,37830.42,40557.88,90.21,3820.22,24229.09,0,0,0,0
2009-08-04 13:00:00,0,3486.13,0,493.12,17819.83,10035.77,10461.61,0,0,3227.75,21824.75,314.78,0,19231.87,2138.56,5538.58,98026.14,0,25762.33,0,0,138652.02,0,0,0,4205.77,3979.07,0,39262.97,42381.31,95.69,3935.23,25350.75,0,0,0,0
2009-08-04 14:00:00,0,3644.82,0,500.78,18313.3,10301.19,10800.1,0,0,3304.0,22225.14,325.14,0,19678.53,2104.94,5689.19,100773.46,0,25867.01,0,0,141657.3,0,0,0,4322.6,4098.41,0,40486.28,43886.98,100.82,4001.76,26343.89,0,0,0,0
2009-08-04 15:00:00,0,3768.24,0,509.74,18629.47,10454.92,11016.94,0,0,3346.65,22489.33,335.52,0,20044.01,2120.12,5762.69,102750.86,0,25911.4,0,0,143348.02,0,0,0,4383.85,4173.61,0,41313.33,45060.3,103.85,4063.52,27081.54,0,0,0,0
2009-08-04 16:00:00,0,3847.04,0,513.08,18780.27,10424.3,11097.94,0,0,3334.85,22514.59,341.07,0,20274.84,2141.12,5876.66,103539.72,0,25834.46,0,0,143944.86,0,0,0,4407.78,4203.03,0,41701.96,45872.65,106.51,4098.85,27428.86,0,0,0,0
2009-08-04 17:00:00,0,3878.32,0,503.04,18742.02,10127.67,11054.85,0,0,3250.28,22172.95,345.1,0,20328.95,2138.94,5921.85,102472.42,0,25745.01,0,0,142986.15,0,0,0,4362.87,4189.94,0,41531.69,46194.34,107.11,4012.19,27329.02,0,0,0,0
2009-08-04 18:00:00,0,3871.74,0,492.22,18458.74,9718.8,10815.14,0,0,3082.75,21382.73,347.18,0,19994.66,2126.11,5783.65,100197.09,0,25267.86,0,0,140400.45,0,0,0,4241.25,4098.4,0,40673.58,45678.41,105.47,3866.23,26737.41,0,0,0,0
2009-08-04 19:00:00,0,3810.82,0,461.25,18206.29,9330.39,10424.99,0,0,3057.75,20555.82,347.26,0,20134.4,2081.52,5503.24,98374.97,0,25511.89,0,0,134173.45,0,0,0,4105.21,3855.73,0,38923.24,45600.0,101.81,3642.72,25838.54,0,0,0,0
2009-08-04 20:00:00,0,3630.02,0,439.14,17200.64,8860.71,9662.34,0,0,2853.04,19348.15,335.77,0,18927.9,1954.02,5312.14,95699.48,0,24512.36,0,0,128885.49,0,0,0,3926.77,3647.41,0,37023.24,43758.37,97.83,3389.72,24653.08,0,0,0,0
2009-08-04 21:00:00,0,3374.02,0,410.45,16231.13,8171.58,8996.35,0,0,2653.25,18203.94,314.98,0,17791.28,1836.26,4982.75,91660.03,0,23566.43,0,0,121331.89,0,0,0,3692.53,3428.14,0,35030.6,41824.25,92.04,3137.69,23763.75,0,0,0,0
2009-08-04 22:00:00,0,3139.88,0,379.91,14852.07,7456.59,8351.38,0,0,2473.14,17000.78,293.0,0,16711.92,1729.18,4697.23,86475.59,0,22319.69,0,0,115000.4,0,0,0,3425.84,3210.14,0,32239.79,39920.19,86.54,2916.27,22095.07,0,0,0,0
2009-08-04 23:00:00,0,2815.59,0,350.58,13541.63,6770.86,7727.03,0,0,2304.99,15846.57,271.69,0,15658.07,1609.26,4437.69,80799.51,0,20993.84,0,0,108831.48,0,0,0,3176.12,2973.98,0,29831.05,37065.95,81.64,2693.71,20568.64,0,0,0,0
2009-08-05 00:00:00,0,2520.87,0,323.18,12341.67,6128.16,7129.05,0,0,2141.32,14728.34,249.03,0,14669.49,1487.03,4191.35,75988.26,0,19661.18,0,0,102836.54,0,0,0,2945.11,2754.29,0,27639.56,34413.28,77.1,2494.8,19280.34,0,0,0,0
2009-08-05 01:00:00,0,2242.9,0,297.0,11345.78,5605.88,6601.9,0,0,1980.67,13620.43,226.06,0,14040.85,1368.47,3964.91,71525.2,0,18400.97,0,0,97706.87,0,0,0,2763.6,2572.84,0,26101.74,31956.88,71.79,2322.13,18054.4,0,0,0,0
2009-08-05 02:00:00,0,2022.36,0,277.94,10749.72,5310.56,6210.8,0,0,1858.33,12789.46,209.36,0,13809.21,1292.78,3743.72,67734.81,0,17591.88,0,0,93283.73,0,0,0,2660.1,2465.83,0,25112.73,29900.07,66.61,2221.32,16951.8,0,0,0,0
2009-08-05 03:00:00,0,1910.34,0,271.76,10430.34,5200.24,6106.68,0,0,1808.27,12420.72,202.11,0,13802.38,1270.45,3629.83,65595.87,0,17242.62,0,0,91000.4,0,0,0,2619.78,2432.43,0,24320.33,28532.72,63.72,2164.1,16201.58,0,0,0,0
2009-08-05 04:00:00,0,1827.12,0,278.68,10403.3,5237.65,6125.19,0,0,1837.65,12384.1,205.97,0,13911.14,1311.63,3694.58,65207.25,0,17211.18,0,0,91118.77,0,0,0,2634.63,2425.53,0,24326.97,27656.83,62.93,2179.85,16033.45,0,0,0,0
2009-08-05 05:00:00,0,1814.81,0,287.91,10663.84,5397.32,6258.46,0,0,1888.74,12704.79,211.44,0,14242.21,1356.4,3760.19,65958.82,0,17434.69,0,0,92063.47,0,0,0,2685.92,2461.48,0,24726.27,27483.43,62.98,2234.81,16096.38,0,0,0,0
2009-08-05 06:00:00,0,1815.13,0,297.11,11364.77,5567.66,6546.9,0,0,1942.53,13073.28,217.14,0,15824.81,1404.11,3822.92,67178.64,0,19373.81,0,0,97349.88,0,0,0,2757.84,2516.26,0,25025.04,27619.73,63.89,2297.64,16293.52,0,0,0,0
2009-08-05 07:00:00,0,1913.91,0,331.52,11988.79,6071.29,6997.14,0,0,2132.89,14172.89,235.34,0,16670.21,1511.89,4113.85,71284.7,0,20582.07,0,0,102006.39,0,0,0,2921.22,2655.0,0,26444.14,28650.29,65.72,2520.68,16979.8,0,0,0,0
2009-08-05 08:00:00,0,2075.92,0,356.05,12707.82,6634.63,7497.9,0,0,2328.84,15536.4,258.58,0,17558.5,1630.18,4307.35,75410.24,0,21501.26,0,0,105965.22,0,0,0,3095.13,2839.68,0,27780.66,30393.39,68.96,2746.56,17859.15,0,0,0,0
2009-08-05 09:00:00,0,2206.34,0,387.13,13409.89,7310.14,8221.91,0,0,2522.67,16973.59,276.88,0,18427.43,1807.47,4462.18,78892.91,0,22405.82,0,0,109714.51,0,0,0,3328.98,3113.0,0,29163.69,32375.58,73.89,2978.98,18727.14,0,0,0,0
2009-08-05 10:00:00,0,2387.77,0,428.15,14687.67,8092.75,9083.87,0,0,2745.92,18518.39,288.21,0,19025.85,1928.13,4583.78,82334.18,0,23265.72,0,0,113905.16,0,0,0,3660.03,3456.13,0,31605.73,34266.24,79.72,3290.66,19633.66,0,0,0,0
2009-08-05 11:00:00,0,2613.21,0,460.7,15941.44,8849.2,9790.58,0,0,2937.68,19852.49,296.79,0,19420.93,2006.98,4701.61,85612.4,0,23954.75,0,0,120056.71,0,0,0,3924.91,3737.11,0,34049.75,36590.66,86.28,3535.4,20481.24,0,0,0,0
2009-08-05 12:00:00,0,2856.09,0,483.71,16952.24,9404.76,10286.12,0,0,3078.71,20696.98,302.59,0,19757.83,2019.11,4873.69,89825.9,0,24578.56,0,0,126326.99,0,0,0,4108.04,3942.12,0,35937.91,38730.48,92.38,3710.09,21874.49,0,0,0,0
2009-08-05 13:00:00,0,3062.12,0,487.97,17761.43,9756.41,10685.99,0,0,3185.23,21346.52,310.03,0,20162.89,2068.47,5058.31,93281.58,0,25140.78,0,0,130728.32,0,0,0,4243.54,4085.1,0,37176.34,40712.05,97.44,3802.04,23088.88,0,0,0,0
2009-08-05 14:00:00,0,3250.99,0,476.09,18284.45,9969.92,11006.9,0,0,3254.59,21838.88,318.6,0,20418.66,2113.76,5244.27,95782.37,0,25353.08,0,0,133642.3,0,0,0,4347.99,4188.68,0,38076.2,42415.85,101.49,3879.98,23964.93,0,0,0,0
2009-08-05 15:00:00,0,3394.09,0,493.35,18543.34,10106.91,11200.67,0,0,3298.6,22126.35,331.41,0,20462.79,2203.99,5458.85,97671.87,0,25243.06,0,0,135672.12,0,0,0,4401.29,4239.69,0,38721.49,43733.19,104.54,3940.79,24513.24,0,0,0,0
2009-08-05 16:00:00,0,3486.02,0,492.64,18451.2,10151.68,11261.76,0,0,3290.17,22019.06,340.01,0,20325.58,2214.29,5616.7,98673.09,0,25176.84,0,0,135685.33,0,0,0,4385.66,4242.47,0,38880.67,44529.76,106.53,3988.78,24909.58,0,0,0,0
2009-08-05 17:00:00,0,3533.47,0,494.46,17921.16,10021.91,11094.57,0,0,3215.09,21606.41,342.98,0,20134.1,2199.26,5683.95,97910.22,0,24998.89,0,0,134350.8,0,0,0,4237.94,4149.64,0,38432.41,44827.48,107.33,3975.19,25011.3,0,0,0,0
2009-08-05 18:00:00,0,3565.24,0,488.12,16966.67,9735.4,10667.86,0,0,3071.92,20991.78,346.08,0,19892.33,2216.45,5650.99,95726.72,0,24578.97,0,0,131785.45,0,0,0,4073.45,3975.64,0,37712.27,44433.69,105.34,3848.52,24845.76,0,0,0,0
2009-08-05 19:00:00,0,3488.53,0,460.86,16736.07,9316.41,10198.11,0,0,3040.5,20297.26,343.32,0,19826.0,2121.14,5385.46,94647.68,0,24956.61,0,0,126322.28,0,0,0,3897.54,3734.58,0,36616.67,44164.96,98.54,3629.03,24287.3,0,0,0,0
2009-08-05 20:00:00,0,3334.74,0,439.22,16148.49,8814.51,9523.71,0,0,2816.85,19083.12,334.11,0,18184.23,1984.11,5193.8,91274.79,0,23625.12,0,0,121233.08,0,0,0,3780.35,3567.32,0,35623.07,42509.72,95.69,3378.78,23172.76,0,0,0,0
2009-08-05 21:00:00,0,3039.29,0,409.21,15197.98,8110.62,8855.81,0,0,2625.22,17945.19,312.6,0,16695.51,1847.72,4848.8,87305.52,0,22086.84,0,0,113634.66,0,0,0,3591.26,3379.13,0,34115.94,40417.06,89.36,3089.14,22475.0,0,0,0,0
2009-08-05 22:00:00,0,2790.58,0,379.21,14014.77,7421.19,8242.9,0,0,2450.37,16732.61,287.11,0,15266.17,1715.77,4552.82,83204.58,0,20356.14,0,0,106865.78,0,0,0,3359.11,3192.27,0,31683.58,38315.97,84.25,2888.84,20937.03,0,0,0,0
2009-08-05 23:00:00,0,2485.32,0,350.99,12843.64,6713.0,7658.76,0,0,2281.75,15539.42,262.26,0,13968.27,1587.63,4265.56,78736.95,0,18823.2,0,0,100189.48,0,0,0,3147.09,2986.28,0,29335.94,35278.74,79.23,2659.29,19381.59,0,0,0,0
2009-08-06 00:00:00,0,2220.39,0,324.84,11637.37,6047.62,6993.21,0,0,2113.95,14430.58,238.68,0,12772.15,1465.66,4002.56,74327.32,0,17351.81,0,0,94044.66,0,0,0,2952.04,2795.77,0,27134.53,32599.51,74.51,2453.34,17919.67,0,0,0,0
2009-08-06 01:00:00,0,1978.73,0,299.69,10772.59,5525.88,6415.76,0,0,1954.84,13388.35,217.5,0,12028.58,1355.21,3754.21,70096.32,0,16023.88,0,0,88998.29,0,0,0,2808.96,2661.88,0,25588.48,30116.99,69.96,2283.28,16594.7,0,0,0,0
2009-08-06 02:00:00,0,1798.93,0,280.3,10260.48,5225.61,6006.51,0,0,1832.19,12579.31,201.98,0,11703.4,1279.39,3530.34,66431.35,0,15140.35,0,0,84601.36,0,0,0,2710.08,2579.07,0,24594.33,28277.07,65.35,2172.73,15628.67,0,0,0,0
2009-08-06 03:00:00,0,1705.37,0,273.4,10060.01,5114.53,5922.91,0,0,1782.55,12221.48,195.06,0,11592.75,1256.91,3411.01,64318.2,0,14754.7,0,0,82684.41,0,0,0,2666.7,2543.74,0,23932.81,27189.99,61.8,2110.77,15123.27,0,0,0,0
2009-08-06 04:00:00,0,1676.51,0,278.53,10183.64,5131.87,6044.23,0,0,1812.43,12226.31,198.63,0,11668.95,1301.39,3458.71,64045.78,0,14931.06,0,0,83076.5,0,0,0,2707.03,2550.21,0,24086.05,26525.78,60.83,2137.83,15182.46,0,0,0,0
2009-08-06 05:00:00,0,1688.08,0,287.46,10564.29,5289.38,6195.51,0,0,1867.0,12586.83,204.16,0,11901.01,1354.32,3514.74,64995.31,0,15208.37,0,0,84107.07,0,0,0,2769.05,2587.2,0,24464.98,26605.04,61.34,2202.62,15402.39,0,0,0,0
2009-08-06 06:00:00,0,1711.58,0,296.62,11218.63,5460.02,6405.22,0,0,1917.71,12945.97,210.56,0,13330.68,1405.71,3598.62,66303.84,0,17027.79,0,0,89108.43,0,0,0,2824.4,2618.93,0,24763.95,26915.07,61.98,2262.83,15642.72,0,0,0,0
2009-08-06 07:00:00,0,1837.06,0,332.53,11839.55,5941.33,6725.49,0,0,2105.83,13988.69,228.25,0,13966.56,1512.45,3879.69,71008.57,0,17838.62,0,0,93616.22,0,0,0,2886.48,2662.87,0,26035.22,28209.94,63.99,2465.14,16531.85,0,0,0,0
2009-08-06 08:00:00,0,1952.91,0,359.06,12319.89,6403.19,6984.26,0,0,2277.85,15262.14,246.02,0,14473.21,1589.98,4158.53,74836.03,0,18587.43,0,0,97758.87,0,0,0,2964.21,2724.12,0,27132.66,29512.5,68.48,2628.3,17695.16,0,0,0,0
2009-08-06 09:00:00,0,2097.82,0,383.83,12826.84,7019.94,7258.69,0,0,2460.38,16633.83,262.39,0,15172.92,1732.08,4357.62,78665.22,0,19388.38,0,0,100885.9,0,0,0,3032.11,2792.97,0,28557.14,31852.69,74.63,2841.51,18802.12,0,0,0,0
2009-08-06 10:00:00,0,2269.35,0,408.3,13424.24,7806.98,7542.25,0,0,2673.33,18158.76,283.78,0,15694.9,1899.67,4538.5,82256.58,0,20237.81,0,0,104327.79,0,0,0,3130.5,2855.4,0,30946.19,34055.69,82.38,3155.21,19946.38,0,0,0,0
2009-08-06 11:00:00,0,2478.09,0,429.76,14392.76,8663.64,7949.76,0,0,2869.34,19552.13,306.38,0,16094.1,2039.78,4904.2,85625.32,0,20893.69,0,0,109871.51,0,0,0,3245.09,3019.66,0,33230.06,36576.22,89.39,3458.6,21470.34,0,0,0,0
2009-08-06 12:00:00,0,2705.13,0,444.88,15381.41,9345.76,8529.18,0,0,3042.57,20393.8,326.62,0,16449.3,2124.42,5257.6,89691.2,0,21507.18,0,0,115062.11,0,0,0,3429.04,3204.22,0,35117.16,38861.77,94.8,3672.58,23095.14,0,0,0,0
2009-08-06 13:00:00,0,2916.52,0,452.37,16233.17,9742.72,9029.32,0,0,3147.34,21011.29,339.26,0,16764.59,2210.87,5509.29,92941.21,0,21898.52,0,0,118525.68,0,0,0,3602.89,3389.14,0,36729.38,40796.98,99.12,3790.57,24407.8,0,0,0,0
2009-08-06 14:00:00,0,3114.55,0,448.32,16877.13,10042.13,9473.81,0,0,3207.95,21449.89,351.9,0,17029.78,2296.25,5682.23,95426.02,0,22102.28,0,0,120635.26,0,0,0,3766.08,3569.85,0,38112.44,42477.73,102.69,3875.83,25442.08,0,0,0,0
2009-08-06 15:00:00,0,3255.53,0,453.53,17299.66,10263.11,9780.24,0,0,3232.14,21551.63,363.47,0,17093.92,2326.86,5805.4,97216.73,0,22347.33,0,0,122473.45,0,0,0,3859.09,3675.78,0,39120.8,43682.51,105.3,3949.91,26148.83,0,0,0,0
2009-08-06 16:00:00,0,3344.05,0,456.0,17463.93,10261.23,9901.64,0,0,3190.04,21447.38,373.86,0,17208.07,2316.51,5862.1,98082.45,0,22623.96,0,0,123139.88,0,0,0,3927.03,3745.99,0,39601.93,44216.4,106.51,3976.8,26494.48,0,0,0,0
2009-08-06 17:00:00,0,3426.4,0,458.78,17379.17,9964.44,9910.66,0,0,3064.97,21081.6,375.07,0,17265.91,2324.5,5863.16,97461.5,0,22665.54,0,0,122552.67,0,0,0,3922.83,3755.35,0,39594.86,44311.23,106.3,3932.86,26626.66,0,0,0,0
2009-08-06 18:00:00,0,3426.85,0,454.07,16987.93,9544.28,9815.42,0,0,2955.69,20634.01,368.18,0,17260.74,2274.92,5791.64,95686.14,0,22290.83,0,0,120883.87,0,0,0,3891.55,3734.99,0,39036.59,43623.31,103.37,3794.9,26320.32,0,0,0,0
2009-08-06 19:00:00,0,3370.98,0,435.84,16870.01,9199.09,9624.31,0,0,2954.55,20096.0,362.69,0,17858.43,2177.46,5456.67,95619.91,0,22996.66,0,0,117884.69,0,0,0,3781.64,3588.13,0,37832.98,43357.55,96.9,3619.19,25415.07,0,0,0,0
2009-08-06 20:00:00,0,3239.27,0,421.25,16036.45,8725.67,8977.8,0,0,2763.3,18952.12,347.34,0,16602.05,2026.83,5230.11,91523.18,0,21727.49,0,0,112810.19,0,0,0,3685.4,3446.55,0,36372.5,42416.22,93.35,3362.29,24107.78,0,0,0,0
2009-08-06 21:00:00,0,3017.43,0,396.31,15140.42,8099.07,8356.18,0,0,2592.8,17838.28,322.99,0,15415.6,1886.73,4838.81,87519.52,0,20552.49,0,0,106054.69,0,0,0,3526.4,3287.03,0,34788.26,40920.19,87.02,3109.25,23273.02,0,0,0,0
2009-08-06 22:00:00,0,2831.76,0,368.2,13907.55,7412.41,7761.2,0,0,2427.38,16623.02,297.74,0,14325.31,1744.17,4495.03,83270.37,0,19300.51,0,0,99720.51,0,0,0,3309.63,3085.13,0,32151.31,39352.97,81.74,2879.82,21615.58,0,0,0,0
2009-08-06 23:00:00,0,2543.99,0,340.4,12700.01,6741.55,7168.17,0,0,2264.3,15389.46,273.79,0,13224.98,1608.89,4175.73,78733.6,0,17971.33,0,0,93785.63,0,0,0,3092.28,2875.03,0,29594.65,36791.71,77.14,2674.84,19945.08,0,0,0,0
2009-08-07 00:00:00,0,2313.93,0,313.73,11505.64,6069.95,6568.5,0,0,2096.36,14247.0,249.17,0,12147.66,1490.72,3866.23,74370.83,0,16827.23,0,0,88262.5,0,0,0,2880.58,2675.0,0,27373.44,34551.49,72.61,2472.15,18360.22,0,0,0,0
2009-08-07 01:00:00,0,2111.8,0,288.79,10598.32,5534.78,6017.63,0,0,1935.7,13199.59,227.46,0,11467.64,1376.98,3583.39,70233.91,0,15714.78,0,0,83432.43,0,0,0,2735.94,2517.18,0,25692.48,32331.97,68.38,2291.02,16902.18,0,0,0,0
2009-08-07 02:00:00,0,1938.79,0,268.52,10165.67,5219.63,5699.61,0,0,1815.9,12458.01,211.14,0,11216.03,1299.17,3364.32,66675.33,0,15044.52,0,0,79856.87,0,0,0,2635.91,2409.03,0,24650.18,30404.18,65.06,2165.37,15815.16,0,0,0,0
2009-08-07 03:00:00,0,1878.7,0,263.75,9938.35,5083.53,5596.54,0,0,1764.33,12135.05,203.99,0,11165.12,1279.42,3236.11,64801.76,0,14625.25,0,0,78493.48,0,0,0,2573.15,2370.3,0,23905.88,29414.31,62.83,2095.53,15194.78,0,0,0,0
2009-08-07 04:00:00,0,1836.29,0,269.14,9929.76,5097.02,5627.82,0,0,1799.88,12156.82,207.5,0,11186.46,1321.69,3255.05,64724.23,0,14516.61,0,0,78953.18,0,0,0,2595.53,2385.31,0,23921.58,28738.22,62.22,2120.17,15140.12,0,0,0,0
2009-08-07 05:00:00,0,1845.46,0,274.71,10205.96,5252.83,5718.81,0,0,1849.08,12483.78,213.76,0,11408.37,1365.37,3336.33,65905.55,0,14706.03,0,0,80101.8,0,0,0,2642.95,2416.43,0,24204.48,28413.02,62.33,2178.93,15297.62,0,0,0,0
2009-08-07 06:00:00,0,1868.38,0,281.57,10913.37,5410.01,5964.26,0,0,1902.2,12864.4,218.47,0,12765.66,1411.39,3436.11,67371.39,0,16761.2,0,0,86187.72,0,0,0,2701.34,2456.92,0,24555.54,28839.72,62.96,2242.8,15508.47,0,0,0,0
2009-08-07 07:00:00,0,1958.67,0,312.16,11454.19,5863.94,6352.52,0,0,2081.56,13911.27,233.63,0,13431.44,1503.48,3751.73,71473.4,0,17651.81,0,0,90417.3,0,0,0,2806.99,2552.8,0,25886.85,29658.5,64.94,2449.14,16529.58,0,0,0,0
2009-08-07 08:00:00,0,2106.13,0,343.37,12006.19,6428.6,6725.66,0,0,2270.74,15336.04,254.79,0,14103.87,1611.67,4018.21,75675.78,0,18436.85,0,0,94482.08,0,0,0,3008.69,2727.1,0,27399.81,31508.11,69.0,2666.11,17793.55,0,0,0,0
2009-08-07 09:00:00,0,2199.07,0,379.54,12573.76,7039.87,7176.91,0,0,2459.86,16774.31,268.8,0,14659.72,1772.47,4288.2,78910.12,0,19240.05,0,0,97389.03,0,0,0,3177.08,2918.34,0,29195.71,33344.71,74.26,2849.06,19142.73,0,0,0,0
2009-08-07 10:00:00,0,2385.88,0,413.9,13308.95,7810.58,7853.82,0,0,2674.97,18314.0,292.85,0,15238.13,1936.72,4619.26,82577.22,0,19886.53,0,0,100524.71,0,0,0,3415.21,3152.98,0,31940.81,35513.28,80.59,3125.73,20761.21,0,0,0,0
2009-08-07 11:00:00,0,2608.43,0,443.43,14219.96,8678.51,8450.22,0,0,2884.25,19763.2,318.98,0,15715.35,2067.94,5003.82,85992.6,0,20465.54,0,0,105390.62,0,0,0,3619.44,3383.52,0,34425.53,38064.49,86.78,3427.88,22616.45,0,0,0,0
2009-08-07 12:00:00,0,2875.45,0,468.79,15096.21,9344.93,8945.23,0,0,3034.82,20749.32,341.15,0,15869.14,2147.86,5287.79,89475.49,0,20912.28,0,0,110280.86,0,0,0,3803.9,3581.97,0,36426.02,40414.15,91.91,3632.87,24149.08,0,0,0,0
2009-08-07 13:00:00,0,3128.25,0,483.16,15836.27,9706.31,9373.11,0,0,3114.13,21272.44,356.27,0,15988.5,2183.66,5499.57,92942.46,0,21152.65,0,0,113319.89,0,0,0,3958.57,3737.57,0,38014.73,42319.82,96.67,3749.37,25370.55,0,0,0,0
2009-08-07 14:00:00,0,3339.22,0,498.24,16487.22,9936.98,9790.01,0,0,3171.13,21503.45,366.7,0,16088.44,2230.95,5701.72,95791.45,0,21208.62,0,0,116950.61,0,0,0,4077.53,3863.8,0,39318.35,43962.24,100.9,3858.12,26376.14,0,0,0,0
2009-08-07 15:00:00,0,3497.83,0,509.55,17008.8,10034.39,10041.73,0,0,3188.52,21689.59,368.24,0,16088.01,2282.9,5826.94,97431.1,0,21101.27,0,0,119761.43,0,0,0,4169.36,3952.31,0,40343.74,45501.2,104.07,3911.34,27071.4,0,0,0,0
2009-08-07 16:00:00,0,3582.52,0,514.76,17318.46,9946.92,10158.31,0,0,3121.37,21560.17,362.97,0,16107.5,2301.25,5927.82,98098.17,0,21116.78,0,0,121284.21,0,0,0,4207.94,3996.84,0,40982.28,46614.92,105.76,3887.73,27372.41,0,0,0,0
2009-08-07 17:00:00,0,3596.16,0,514.66,17389.63,9730.95,10110.62,0,0,3039.28,21166.0,353.04,0,16237.12,2274.31,5970.06,97599.07,0,21233.65,0,0,121648.73,0,0,0,4175.77,3990.79,0,40929.62,46879.56,105.89,3793.47,27503.55,0,0,0,0
2009-08-07 18:00:00,0,3566.19,0,505.71,17185.99,9452.23,9955.64,0,0,2948.92,20496.16,346.31,0,16247.72,2178.38,5949.67,96151.32,0,21097.69,0,0,120695.84,0,0,0,4039.92,3910.04,0,40146.02,46305.48,103.9,3718.14,27327.12,0,0,0,0
2009-08-07 19:00:00,0,3550.06,0,452.61,15837.46,8648.96,9254.3,0,0,2832.22,19266.64,325.51,0,15781.67,2098.58,5419.58,91647.9,0,21041.41,0,0,111364.95,0,0,0,3788.52,3683.99,0,37737.52,44533.46,87.19,3394.83,25062.44,0,0,0,0
2009-08-07 20:00:00,0,3415.81,0,443.71,15135.93,8295.14,8530.91,0,0,2677.97,18179.89,313.94,0,14621.06,1990.6,5157.92,89620.66,0,19775.52,0,0,105404.89,0,0,0,3651.74,3538.3,0,36520.43,44240.95,86.01,3208.78,23995.66,0,0,0,0
2009-08-07 21:00:00,0,3222.6,0,414.85,14387.46,7820.41,7902.27,0,0,2531.08,17148.56,302.41,0,13646.55,1874.57,4801.11,86893.39,0,18683.17,0,0,99130.87,0,0,0,3508.49,3381.3,0,35095.46,42257.16,80.86,3015.83,23210.41,0,0,0,0
2009-08-07 22:00:00,0,3036.63,0,381.68,13154.57,7223.51,7304.8,0,0,2379.26,16112.35,280.26,0,12767.69,1749.98,4492.18,83497.49,0,17639.2,0,0,93500.46,0,0,0,3268.8,3166.61,0,32633.35,39894.02,75.45,2830.88,21661.25,0,0,0,0
2009-08-07 23:00:00,0,2744.8,0,348.05,11951.17,6649.1,6710.5,0,0,2226.42,15075.65,260.1,0,11853.19,1628.57,4213.59,79340.34,0,16429.87,0,0,88136.64,0,0,0,3047.19,2968.56,0,30468.76,37778.41,70.37,2653.88,20047.64,0,0,0,0
2009-08-08 00:00:00,0,2500.39,0,319.79,10924.63,6116.91,6165.97,0,0,2078.58,14048.29,239.25,0,10982.6,1501.59,3941.91,75310.34,0,15180.66,0,0,83358.65,0,0,0,2852.3,2779.11,0,28417.04,35927.21,65.89,2488.55,18586.76,0,0,0,0
2009-08-08 01:00:00,0,2268.74,0,295.44,10106.88,5646.28,5671.83,0,0,1937.91,13058.31,218.54,0,10352.96,1384.38,3697.09,71545.27,0,14090.17,0,0,79517.99,0,0,0,2686.08,2610.57,0,26824.25,34113.85,62.59,2342.41,17219.07,0,0,0,0
2009-08-08 02:00:00,0,2065.68,0,275.83,9555.86,5291.87,5310.87,0,0,1832.43,12359.68,203.16,0,10180.21,1307.55,3506.49,68260.5,0,13383.68,0,0,76605.02,0,0,0,2598.54,2492.64,0,25653.73,32181.89,60.02,2219.03,16139.87,0,0,0,0
2009-08-08 03:00:00,0,1928.05,0,259.78,9132.51,5066.87,5122.18,0,0,1764.46,11962.98,193.83,0,10037.58,1246.66,3395.63,66589.03,0,12942.03,0,0,74004.65,0,0,0,2522.07,2405.33,0,24950.07,30660.93,57.65,2147.27,15326.14,0,0,0,0
2009-08-08 04:00:00,0,1842.95,0,253.72,8860.17,4901.35,5014.5,0,0,1737.37,11702.58,188.1,0,9936.64,1230.64,3329.9,65425.03,0,12632.4,0,0,73079.24,0,0,0,2484.27,2378.65,0,24464.9,29499.67,55.6,2114.32,14745.45,0,0,0,0
2009-08-08 05:00:00,0,1806.78,0,251.39,8731.09,4901.69,5012.38,0,0,1740.77,11724.06,187.61,0,9847.81,1241.21,3319.72,64874.28,0,12572.13,0,0,73075.65,0,0,0,2467.18,2380.13,0,24292.37,28676.04,54.99,2115.02,14392.0,0,0,0,0
2009-08-08 06:00:00,0,1813.19,0,255.2,9022.76,5029.02,5178.94,0,0,1763.56,11851.7,189.47,0,10021.34,1273.75,3341.18,65024.17,0,12859.7,0,0,75782.34,0,0,0,2477.82,2408.05,0,24328.18,28377.2,54.87,2145.59,14441.14,0,0,0,0
2009-08-08 07:00:00,0,1893.05,0,268.24,9641.58,5449.94,5545.65,0,0,1873.59,12728.8,198.88,0,10525.77,1330.21,3479.33,66077.36,0,13635.67,0,0,78926.43,0,0,0,2577.97,2535.64,0,24747.96,28289.96,55.28,2273.84,15070.35,0,0,0,0
2009-08-08 08:00:00,0,2084.52,0,303.41,10458.25,6293.25,6163.35,0,0,2111.7,14652.34,219.79,0,11064.73,1482.91,3684.49,69390.08,0,14642.94,0,0,83260.67,0,0,0,2788.21,2776.32,0,26147.77,29642.95,57.98,2514.14,16445.55,0,0,0,0
2009-08-08 09:00:00,0,2344.34,0,336.56,11212.06,7063.92,6824.53,0,0,2322.84,16507.44,240.53,0,11485.08,1644.11,3862.86,72988.21,0,15609.64,0,0,87588.24,0,0,0,3049.9,3019.83,0,28411.87,32051.61,62.86,2809.51,17740.82,0,0,0,0
2009-08-08 10:00:00,0,2649.74,0,368.04,12366.54,7969.03,7549.42,0,0,2558.11,18241.75,266.29,0,11615.76,1801.5,4082.8,76347.35,0,16154.31,0,0,91859.42,0,0,0,3288.36,3288.24,0,31244.15,34515.14,68.74,3120.81,19609.82,0,0,0,0
2009-08-08 11:00:00,0,2965.88,0,399.91,13410.41,8683.89,8167.73,0,0,2749.72,19710.04,290.38,0,11859.5,1936.61,4445.5,80997.66,0,16649.13,0,0,98300.9,0,0,0,3496.28,3516.09,0,33564.84,37006.85,74.03,3395.47,21601.43,0,0,0,0
2009-08-08 12:00:00,0,3264.32,0,428.24,14342.44,9229.19,8634.42,0,0,2897.44,20754.0,311.71,0,12058.15,2036.64,4797.5,85798.36,0,17085.47,0,0,104889.3,0,0,0,3664.9,3695.29,0,35527.27,39348.0,78.17,3577.15,23089.62,0,0,0,0
2009-08-08 13:00:00,0,3517.14,0,450.36,15042.9,9620.13,9013.23,0,0,3004.39,21400.17,332.3,0,12238.71,2120.11,5088.81,90088.41,0,17547.16,0,0,109833.86,0,0,0,3798.91,3839.71,0,37150.15,41482.67,81.87,3710.04,24314.9,0,0,0,0
2009-08-08 14:00:00,0,3703.78,0,468.25,15609.76,9985.87,9360.2,0,0,3087.97,21824.4,352.34,0,12614.67,2200.82,5384.07,93784.75,0,18031.05,0,0,115042.29,0,0,0,3918.16,3959.35,0,38431.83,43056.88,85.08,3815.33,25285.05,0,0,0,0
2009-08-08 15:00:00,0,3828.37,0,475.88,16103.93,10269.16,9608.04,0,0,3139.68,21955.95,368.96,0,13077.44,2259.18,5627.39,96254.67,0,18588.54,0,0,118394.39,0,0,0,4011.14,4049.9,0,39370.58,44382.3,87.57,3894.54,25968.52,0,0,0,0
2009-08-08 16:00:00,0,3894.34,0,478.37,16286.38,10342.69,9745.91,0,0,3153.33,21602.4,376.85,0,13539.51,2271.99,5782.21,97795.38,0,18899.24,0,0,119784.98,0,0,0,4048.81,4085.86,0,39846.47,45342.26,89.04,3896.38,26331.16,0,0,0,0
2009-08-08 17:00:00,0,3882.11,0,476.62,16279.86,10162.95,9821.41,0,0,3103.06,20831.57,379.76,0,14059.88,2243.56,5857.71,98145.05,0,18903.4,0,0,120124.64,0,0,0,4039.57,4076.4,0,39587.2,45490.94,89.8,3834.7,26443.16,0,0,0,0
2009-08-08 18:00:00,0,3816.67,0,461.32,15890.85,9713.28,9754.51,0,0,2972.81,20151.24,372.6,0,14372.89,2157.0,5819.35,97394.96,0,18615.56,0,0,120006.78,0,0,0,3958.33,3970.82,0,38745.3,44979.28,88.38,3659.04,25983.57,0,0,0,0
2009-08-08 19:00:00,0,3779.48,0,444.95,16227.83,8992.75,9498.19,0,0,2926.65,19472.38,339.61,0,15635.09,2112.2,5700.96,98225.7,0,21036.69,0,0,119236.62,0,0,0,3887.84,3752.46,0,37524.0,45580.18,87.27,3516.84,25329.89,0,0,0,0
2009-08-08 20:00:00,0,3597.41,0,427.8,15715.31,8591.58,8881.38,0,0,2743.72,18279.02,314.83,0,14634.82,2021.41,5480.34,96633.4,0,20041.04,0,0,116248.02,0,0,0,3734.56,3594.44,0,36404.17,45039.94,85.84,3337.85,24447.74,0,0,0,0
2009-08-08 21:00:00,0,3395.87,0,401.88,15037.77,8104.78,8319.77,0,0,2592.05,17270.13,307.62,0,13755.31,1907.13,5122.09,93470.06,0,19207.12,0,0,110794.49,0,0,0,3588.48,3424.02,0,34960.48,42890.41,80.39,3098.8,23682.92,0,0,0,0
2009-08-08 22:00:00,0,3248.42,0,372.92,13889.82,7464.35,7769.21,0,0,2433.21,16217.04,287.74,0,12872.95,1768.86,4796.33,89794.41,0,18371.59,0,0,106177.42,0,0,0,3336.72,3209.8,0,32654.12,40618.26,74.95,2915.31,22282.09,0,0,0,0
2009-08-08 23:00:00,0,2959.84,0,342.95,12805.1,6830.35,7262.2,0,0,2268.26,15176.02,266.86,0,12068.58,1647.59,4500.32,85434.62,0,17554.81,0,0,101723.81,0,0,0,3102.89,3010.91,0,30467.8,38033.76,70.16,2723.96,20752.41,0,0,0,0
2009-08-09 00:00:00,0,2703.68,0,312.07,11857.91,6244.11,6775.1,0,0,2112.47,14157.85,245.73,0,11337.08,1523.9,4246.97,81230.25,0,16630.41,0,0,97220.62,0,0,0,2894.58,2823.54,0,28432.54,35843.21,65.89,2555.97,19324.51,0,0,0,0
2009-08-09 01:00:00,0,2477.73,0,293.27,11126.14,5711.83,6289.38,0,0,1966.52,13174.23,224.97,0,10853.83,1408.79,4001.25,77089.7,0,15813.2,0,0,93451.05,0,0,0,2724.85,2643.48,0,26977.19,33864.85,62.56,2391.24,17938.35,0,0,0,0
2009-08-09 02:00:00,0,2299.03,0,274.66,10537.03,5300.82,5872.31,0,0,1850.0,12459.36,207.56,0,10760.9,1325.21,3815.4,73505.47,0,15395.74,0,0,90689.49,0,0,0,2613.08,2514.72,0,25914.06,32009.03,59.92,2242.89,16782.03,0,0,0,0
2009-08-09 03:00:00,0,2170.63,0,261.31,10019.79,5042.94,5645.84,0,0,1773.52,12012.97,197.28,0,10683.45,1262.72,3682.68,71267.38,0,15198.15,0,0,88574.92,0,0,0,2526.22,2425.9,0,25126.33,30481.28,57.89,2150.62,15893.36,0,0,0,0
2009-08-09 04:00:00,0,2061.43,0,256.69,9807.17,4879.43,5526.98,0,0,1741.53,11736.03,191.1,0,10621.38,1239.67,3575.71,69686.42,0,15133.19,0,0,88068.98,0,0,0,2484.08,2401.55,0,24578.22,29340.34,56.49,2089.76,15236.73,0,0,0,0
2009-08-09 05:00:00,0,1997.88,0,255.73,9756.58,4850.01,5526.91,0,0,1736.29,11750.12,190.05,0,10593.85,1240.73,3546.49,68716.13,0,15300.27,0,0,88337.65,0,0,0,2463.62,2408.19,0,24359.74,28413.55,56.28,2066.71,14909.44,0,0,0,0
2009-08-09 06:00:00,0,1985.51,0,258.69,9963.76,4950.44,5663.13,0,0,1755.89,11830.91,190.27,0,11005.67,1264.33,3539.59,68630.53,0,15772.89,0,0,89543.34,0,0,0,2461.4,2430.45,0,24245.28,28043.46,56.35,2079.01,14903.17,0,0,0,0
2009-08-09 07:00:00,0,2050.95,0,273.34,10652.84,5433.68,6092.53,0,0,1880.73,12702.75,199.94,0,11604.09,1324.52,3698.5,70340.45,0,16430.1,0,0,92628.86,0,0,0,2554.2,2555.93,0,24481.39,27962.4,56.75,2242.79,15500.02,0,0,0,0
2009-08-09 08:00:00,0,2269.84,0,300.74,11317.95,6249.57,6714.82,0,0,2095.76,14466.92,216.48,0,12279.7,1463.69,3994.53,73929.45,0,17368.4,0,0,97238.09,0,0,0,2787.32,2813.39,0,25824.11,29275.9,59.85,2488.24,16911.89,0,0,0,0
2009-08-09 09:00:00,0,2548.31,0,332.27,12405.88,7052.49,7484.79,0,0,2298.1,16281.57,237.06,0,12783.16,1629.12,4376.57,77833.11,0,18268.07,0,0,103019.89,0,0,0,3080.05,3101.02,0,28240.7,31509.09,64.9,2824.46,18287.19,0,0,0,0
2009-08-09 10:00:00,0,2839.69,0,369.47,13620.57,8018.5,8259.79,0,0,2565.68,18098.82,266.1,0,13162.85,1793.76,4767.31,82884.12,0,19148.81,0,0,111631.82,0,0,0,3329.61,3373.86,0,31071.4,33918.51,70.64,3156.86,20290.44,0,0,0,0
2009-08-09 11:00:00,0,3130.22,0,397.92,14720.07,8802.88,8982.52,0,0,2777.76,19631.53,293.17,0,13456.8,1932.92,5076.47,88373.35,0,19670.5,0,0,119640.62,0,0,0,3553.85,3605.75,0,33511.49,36414.52,75.5,3449.68,22073.61,0,0,0,0
2009-08-09 12:00:00,0,3401.67,0,425.55,15602.74,9395.25,9620.7,0,0,2931.45,20573.23,314.42,0,13730.62,2039.59,5339.07,93252.7,0,19826.63,0,0,126326.56,0,0,0,3735.51,3783.96,0,35422.09,38653.91,79.95,3645.0,23397.82,0,0,0,0
2009-08-09 13:00:00,0,3633.51,0,450.37,16272.75,9803.75,10054.54,0,0,3052.38,21388.3,334.9,0,14022.49,2126.36,5538.16,96763.32,0,20089.25,0,0,131883.32,0,0,0,3868.11,3938.47,0,37021.55,40478.11,83.95,3784.18,24458.38,0,0,0,0
2009-08-09 14:00:00,0,3814.35,0,468.74,16809.31,10169.95,10353.25,0,0,3137.37,21953.81,355.19,0,14264.39,2195.35,5713.83,99204.96,0,20887.72,0,0,135559.65,0,0,0,4002.14,4079.9,0,38500.33,41855.57,87.14,3887.66,25295.58,0,0,0,0
2009-08-09 15:00:00,0,3937.5,0,480.29,17099.7,10430.49,10528.31,0,0,3195.95,22122.72,372.16,0,14567.87,2235.66,5854.15,100640.45,0,21649.91,0,0,138274.98,0,0,0,4108.41,4190.11,0,39499.74,42901.64,89.34,3937.97,25909.49,0,0,0,0
2009-08-09 16:00:00,0,3999.64,0,484.12,17191.54,10426.08,10651.31,0,0,3186.92,21733.19,384.19,0,14890.54,2239.06,5948.51,101239.19,0,22174.18,0,0,139975.93,0,0,0,4163.55,4244.16,0,40077.73,43919.72,90.93,3892.58,26238.85,0,0,0,0
2009-08-09 17:00:00,0,3969.86,0,481.57,17057.02,10171.67,10684.77,0,0,3117.69,21297.57,388.52,0,15028.28,2208.84,5996.64,101302.79,0,22304.56,0,0,139755.06,0,0,0,4158.93,4227.92,0,39957.91,44318.46,91.81,3781.52,26362.35,0,0,0,0
2009-08-09 18:00:00,0,3840.32,0,475.82,16647.91,9779.27,10616.1,0,0,2973.29,20597.38,375.89,0,15022.26,2139.47,5953.97,100505.81,0,22367.62,0,0,138852.25,0,0,0,4086.56,4122.01,0,39199.89,43055.67,90.9,3661.75,25896.62,0,0,0,0
2009-08-09 19:00:00,0,3739.6,0,484.38,17856.38,9405.98,10658.27,0,0,3059.69,20271.29,361.58,0,16833.46,2164.03,6078.78,106843.98,0,24842.6,0,0,141877.82,0,0,0,4156.89,3914.19,0,38623.59,44893.34,99.41,3609.82,26544.14,0,0,0,0
2009-08-09 20:00:00,0,3579.86,0,465.29,17222.46,8954.89,9958.09,0,0,2870.42,19131.95,345.71,0,15979.3,2055.32,5831.21,104120.45,0,23870.65,0,0,137472.38,0,0,0,3988.27,3709.19,0,37077.15,43444.82,96.95,3378.85,25404.65,0,0,0,0
2009-08-09 21:00:00,0,3358.74,0,434.33,16404.05,8361.8,9308.08,0,0,2699.8,18156.4,328.93,0,15177.83,1925.57,5467.6,100639.88,0,22932.17,0,0,130480.41,0,0,0,3750.77,3512.3,0,35523.01,41522.24,91.72,3137.12,24633.15,0,0,0,0
2009-08-09 22:00:00,0,3142.99,0,399.04,15272.58,7622.36,8679.73,0,0,2509.29,16954.06,302.66,0,14278.14,1779.75,5132.73,96116.58,0,21487.46,0,0,123636.79,0,0,0,3460.37,3280.26,0,32990.37,39748.01,86.93,2913.71,23079.74,0,0,0,0
2009-08-09 23:00:00,0,2856.38,0,367.73,14135.02,6915.08,8047.99,0,0,2322.67,15705.09,277.0,0,13440.89,1647.44,4832.55,91156.26,0,20205.82,0,0,117726.25,0,0,0,3209.45,3049.37,0,30657.73,37245.42,81.64,2700.83,21460.53,0,0,0,0
2009-08-10 00:00:00,0,2588.51,0,337.37,12992.77,6276.76,7419.25,0,0,2152.42,14567.95,252.13,0,12553.83,1521.68,4552.17,86428.91,0,18879.01,0,0,111973.85,0,0,0,2980.71,2824.1,0,28408.82,34702.4,77.16,2515.59,19888.43,0,0,0,0
2009-08-10 01:00:00,0,2342.26,0,307.52,12016.41,5723.06,6829.43,0,0,1990.82,13489.9,229.49,0,12108.75,1395.3,4284.2,81853.77,0,17716.48,0,0,106537.76,0,0,0,2803.06,2624.26,0,26812.06,32360.6,72.78,2334.05,18451.11,0,0,0,0
2009-08-10 02:00:00,0,2138.14,0,283.61,11454.67,5373.84,6373.45,0,0,1863.77,12670.79,213.02,0,12203.19,1311.54,4043.84,77732.09,0,17065.14,0,0,102172.27,0,0,0,2698.8,2509.41,0,25820.73,30501.73,68.44,2227.15,17385.57,0,0,0,0
2009-08-10 03:00:00,0,2034.78,0,275.45,11117.56,5233.8,6187.56,0,0,1806.03,12297.91,204.43,0,12392.59,1279.5,3891.27,75247.39,0,16763.2,0,0,100151.07,0,0,0,2640.13,2456.73,0,25016.14,29391.5,66.02,2168.89,16563.42,0,0,0,0
2009-08-10 04:00:00,0,2016.76,0,280.3,11128.7,5232.12,6222.19,0,0,1835.02,12285.36,207.1,0,12638.96,1309.52,3882.45,74572.02,0,16983.7,0,0,100199.74,0,0,0,2634.58,2435.63,0,24897.73,28742.32,65.69,2202.41,16411.41,0,0,0,0
2009-08-10 05:00:00,0,2042.82,0,287.51,11418.22,5390.64,6339.23,0,0,1884.75,12583.53,211.59,0,13024.49,1344.05,3929.45,75291.21,0,17515.42,0,0,100860.28,0,0,0,2681.05,2459.96,0,25227.5,28654.0,65.52,2268.93,16596.57,0,0,0,0
2009-08-10 06:00:00,0,2073.71,0,295.11,12048.45,5576.83,6609.64,0,0,1940.22,12967.7,216.95,0,14735.02,1389.9,4012.98,75852.14,0,19403.77,0,0,105992.85,0,0,0,2740.95,2504.37,0,25678.19,28808.93,65.74,2340.13,16797.65,0,0,0,0
2009-08-10 07:00:00,0,2150.16,0,333.37,12718.93,6087.63,7091.67,0,0,2128.97,14002.09,233.06,0,15777.7,1481.64,4382.57,78700.43,0,21045.72,0,0,112337.3,0,0,0,2878.84,2641.09,0,26939.73,29556.69,68.16,2536.17,17782.38,0,0,0,0
2009-08-10 08:00:00,0,2302.82,0,364.7,13459.34,6660.62,7625.73,0,0,2303.33,15249.61,255.16,0,16876.17,1600.01,4764.67,83358.89,0,22768.0,0,0,119419.55,0,0,0,3105.51,2848.42,0,28433.45,31362.38,72.92,2725.28,19167.35,0,0,0,0
2009-08-10 09:00:00,0,2505.29,0,400.94,14499.0,7306.34,8409.74,0,0,2490.03,16724.86,266.13,0,18250.69,1751.3,5156.82,87828.29,0,24533.23,0,0,127580.22,0,0,0,3334.23,3115.08,0,30497.82,33503.02,78.79,2960.62,20521.01,0,0,0,0
2009-08-10 10:00:00,0,2746.37,0,434.83,16018.0,8179.67,9381.98,0,0,2723.66,18482.01,287.93,0,19411.16,1896.53,5520.97,92304.37,0,26161.97,0,0,135835.81,0,0,0,3657.43,3461.14,0,33794.39,36098.11,84.92,3291.45,22233.71,0,0,0,0
2009-08-10 11:00:00,0,3043.62,0,465.54,17250.11,8994.36,10143.13,0,0,2931.47,19941.33,310.05,0,20188.19,2022.32,5795.37,97833.02,0,27376.28,0,0,143099.35,0,0,0,3938.15,3763.61,0,36534.71,38874.23,90.84,3569.9,24104.02,0,0,0,0
2009-08-10 12:00:00,0,3293.28,0,491.5,18018.29,9575.46,10656.99,0,0,3092.55,21044.36,331.31,0,20833.93,2132.83,6031.3,101964.31,0,28287.87,0,0,149005.61,0,0,0,4152.81,3977.71,0,38630.21,41161.54,96.33,3756.18,25569.27,0,0,0,0
2009-08-10 13:00:00,0,3489.76,0,512.79,18491.93,9988.23,11042.4,0,0,3200.59,21802.66,350.68,0,21433.56,2219.04,6236.46,104967.91,0,29051.24,0,0,153415.61,0,0,0,4323.11,4148.07,0,40173.05,43017.18,100.13,3880.86,26680.15,0,0,0,0
2009-08-10 14:00:00,0,3614.74,0,532.83,18888.14,10308.54,11298.09,0,0,3285.29,22399.39,368.54,0,21957.07,2287.22,6395.17,106790.42,0,29460.74,0,0,156165.09,0,0,0,4458.06,4290.7,0,41272.04,44409.57,104.15,3958.07,27482.92,0,0,0,0
2009-08-10 15:00:00,0,3712.84,0,548.63,19243.55,10516.0,11527.07,0,0,3332.16,22736.65,383.61,0,22377.07,2339.06,6500.68,108194.1,0,29689.26,0,0,158315.44,0,0,0,4556.05,4391.75,0,41974.41,45575.43,105.92,4017.89,27994.48,0,0,0,0
2009-08-10 16:00:00,0,3753.36,0,553.6,19353.61,10559.18,11591.31,0,0,3325.54,22699.5,395.46,0,22547.87,2370.89,6520.78,108594.51,0,29846.47,0,0,159039.0,0,0,0,4593.2,4429.45,0,42080.15,46231.72,108.61,4075.08,28071.73,0,0,0,0
2009-08-10 17:00:00,0,3743.6,0,538.89,19275.63,10421.58,11569.11,0,0,3256.93,22205.72,399.23,0,22364.19,2352.02,6489.52,107567.52,0,29601.46,0,0,158703.68,0,0,0,4553.64,4406.46,0,41270.25,46294.05,109.73,4018.11,27963.57,0,0,0,0
2009-08-10 18:00:00,0,3714.18,0,519.01,18890.29,10056.27,11396.06,0,0,3130.28,21264.05,395.17,0,22212.48,2281.07,6266.96,105908.9,0,29271.07,0,0,156617.04,0,0,0,4423.18,4287.94,0,39931.96,45768.58,107.72,3877.32,27447.39,0,0,0,0
2009-08-10 19:00:00,0,3676.29,0,459.46,18169.87,9429.4,10846.2,0,0,3064.42,20285.41,373.41,0,22235.97,2223.38,5736.88,104060.2,0,28711.82,0,0,145159.38,0,0,0,4203.09,4004.76,0,37874.48,45100.12,101.47,3605.09,26271.42,0,0,0,0
2009-08-10 20:00:00,0,3444.49,0,440.58,17400.1,8919.03,10103.74,0,0,2862.03,19080.06,353.81,0,20950.47,2082.56,5563.08,101125.77,0,27282.85,0,0,140394.06,0,0,0,4031.77,3805.23,0,36931.59,43152.42,96.78,3360.96,25223.78,0,0,0,0
2009-08-10 21:00:00,0,3185.3,0,413.77,16439.37,8324.68,9435.87,0,0,2677.07,17891.2,334.65,0,19731.56,1931.75,5271.64,97460.02,0,26238.97,0,0,133438.72,0,0,0,3819.54,3609.03,0,35402.28,40943.81,90.65,3145.04,24463.53,0,0,0,0
2009-08-10 22:00:00,0,2969.13,0,386.7,15225.72,7557.31,8799.91,0,0,2487.32,16627.09,308.45,0,18562.16,1779.03,5004.89,93104.32,0,24902.35,0,0,126782.9,0,0,0,3540.71,3372.78,0,32954.47,39171.86,85.67,2900.66,22952.94,0,0,0,0
2009-08-10 23:00:00,0,2694.43,0,360.54,14062.02,6832.17,8183.13,0,0,2304.66,15384.37,281.52,0,17378.17,1637.59,4730.58,88104.81,0,23508.6,0,0,120474.7,0,0,0,3296.55,3143.49,0,30743.13,36225.98,81.01,2678.45,21306.86,0,0,0,0
2009-08-11 00:00:00,0,2446.09,0,334.8,12928.39,6142.19,7577.52,0,0,2119.51,14161.1,254.3,0,16248.79,1493.77,4464.02,83142.31,0,22086.33,0,0,114444.85,0,0,0,3069.21,2924.61,0,28684.15,33834.87,77.2,2478.07,19687.03,0,0,0,0
2009-08-11 01:00:00,0,2219.17,0,308.01,11992.78,5563.53,7017.86,0,0,1952.06,13043.87,229.67,0,15405.74,1372.7,4203.86,78300.34,0,20665.74,0,0,109156.13,0,0,0,2887.63,2738.84,0,27153.74,31588.61,72.21,2297.78,18219.56,0,0,0,0
2009-08-11 02:00:00,0,2040.17,0,288.05,11392.66,5247.8,6569.39,0,0,1828.02,12269.08,211.61,0,14876.71,1296.41,3971.25,73995.96,0,19509.66,0,0,104340.13,0,0,0,2784.64,2609.14,0,26123.55,29869.8,68.44,2197.48,17141.02,0,0,0,0
2009-08-11 03:00:00,0,1911.44,0,278.37,11011.22,5133.71,6419.2,0,0,1766.18,11878.94,201.45,0,14616.94,1260.12,3827.43,71453.19,0,18880.34,0,0,101704.41,0,0,0,2720.5,2554.73,0,25324.93,28512.77,64.8,2138.62,16358.57,0,0,0,0
2009-08-11 04:00:00,0,1869.17,0,281.99,11126.41,5150.93,6483.13,0,0,1798.24,11901.28,204.3,0,14472.0,1297.01,3845.57,70483.04,0,18592.66,0,0,101203.66,0,0,0,2732.89,2530.64,0,25202.44,27752.94,63.47,2170.05,16268.75,0,0,0,0
2009-08-11 05:00:00,0,1885.27,0,290.53,11501.0,5312.59,6632.42,0,0,1844.76,12204.77,208.87,0,14501.37,1337.09,3912.77,71081.75,0,18587.22,0,0,101408.89,0,0,0,2770.5,2552.91,0,25523.59,27831.51,63.18,2234.97,16513.67,0,0,0,0
2009-08-11 06:00:00,0,1902.17,0,299.93,12192.87,5490.88,6908.48,0,0,1901.15,12583.82,213.38,0,15754.85,1381.99,4007.79,71999.92,0,20442.52,0,0,105799.08,0,0,0,2841.35,2600.38,0,25923.24,28129.89,63.2,2304.9,16795.51,0,0,0,0
2009-08-11 07:00:00,0,1968.51,0,334.89,12922.84,5999.16,7436.3,0,0,2093.12,13677.7,232.14,0,16670.67,1493.03,4331.77,75107.58,0,21794.03,0,0,110617.78,0,0,0,3000.23,2767.76,0,27310.39,28737.51,65.38,2506.66,17673.46,0,0,0,0
2009-08-11 08:00:00,0,2151.11,0,366.84,13782.78,6617.06,8021.06,0,0,2276.8,15108.27,252.84,0,17382.65,1604.1,4600.01,79654.09,0,23152.56,0,0,116099.83,0,0,0,3201.8,2970.85,0,28804.81,30393.26,70.43,2722.61,19016.41,0,0,0,0
2009-08-11 09:00:00,0,2296.96,0,407.55,15003.7,7263.41,8965.01,0,0,2459.14,16576.67,268.67,0,18052.52,1751.17,4798.89,84623.31,0,24184.01,0,0,122051.86,0,0,0,3466.82,3271.03,0,31099.47,32675.98,76.45,2936.25,20291.84,0,0,0,0
2009-08-11 10:00:00,0,2470.68,0,447.06,16384.76,8081.66,9864.14,0,0,2678.81,18283.37,294.76,0,18620.4,1943.54,5147.71,88318.98,0,25174.64,0,0,129942.52,0,0,0,3836.36,3658.58,0,34565.03,34885.91,82.24,3223.09,21943.57,0,0,0,0
2009-08-11 11:00:00,0,2650.78,0,482.13,17551.66,8955.84,10556.69,0,0,2899.84,19796.78,325.3,0,19014.54,2113.4,5452.82,92407.84,0,26034.15,0,0,136464.03,0,0,0,4131.97,3981.91,0,37288.61,37425.0,87.7,3502.73,23684.49,0,0,0,0
2009-08-11 12:00:00,0,2842.21,0,502.0,18426.14,9656.86,11070.19,0,0,3080.46,21017.29,352.66,0,19393.79,2245.4,5683.62,96654.96,0,26751.95,0,0,141397.86,0,0,0,4352.53,4219.87,0,39179.67,39597.97,93.13,3736.26,25059.69,0,0,0,0
2009-08-11 13:00:00,0,3033.09,0,513.01,19117.6,10134.73,11478.31,0,0,3217.73,21882.19,374.22,0,19786.91,2338.58,5845.35,99721.32,0,27311.02,0,0,145192.31,0,0,0,4522.08,4390.77,0,40363.14,41459.08,97.26,3905.76,26092.15,0,0,0,0
2009-08-11 14:00:00,0,3202.52,0,511.7,19438.72,10547.44,11775.73,0,0,3314.71,22546.84,391.69,0,20187.08,2421.93,5909.85,101936.87,0,27705.36,0,0,146885.98,0,0,0,4616.28,4492.3,0,41105.65,43060.21,101.25,4047.26,26735.33,0,0,0,0
2009-08-11 15:00:00,0,3339.51,0,495.71,19558.43,10855.02,11944.16,0,0,3386.62,23094.81,407.08,0,20562.12,2483.21,5941.11,103383.13,0,27867.89,0,0,147753.61,0,0,0,4652.83,4525.42,0,41334.44,44288.05,103.77,4136.8,27052.05,0,0,0,0
2009-08-11 16:00:00,0,3439.36,0,469.61,19518.88,10981.87,11978.83,0,0,3425.38,23348.28,409.45,0,20657.81,2519.89,5912.22,103810.56,0,27708.23,0,0,147760.03,0,0,0,4637.55,4508.33,0,41089.42,44974.57,104.54,4183.49,27036.84,0,0,0,0
2009-08-11 17:00:00,0,3494.31,0,479.74,19302.19,10852.34,11833.03,0,0,3396.0,23075.67,395.93,0,20391.07,2506.78,5845.33,102895.62,0,27333.17,0,0,146328.99,0,0,0,4577.28,4461.43,0,40440.74,45040.28,104.46,4152.83,26847.11,0,0,0,0
2009-08-11 18:00:00,0,3460.54,0,476.37,18777.6,10427.87,11527.67,0,0,3255.59,22150.68,379.61,0,19959.15,2409.03,5796.61,100941.59,0,26549.07,0,0,144100.59,0,0,0,4430.34,4321.18,0,39392.47,44427.26,102.51,4004.47,26237.91,0,0,0,0
2009-08-11 19:00:00,0,3428.54,0,449.79,17990.14,9593.71,10756.67,0,0,3139.36,20728.31,364.17,0,19987.75,2315.07,5515.32,99007.27,0,26942.77,0,0,135901.24,0,0,0,4172.84,4018.9,0,37611.96,44356.79,95.23,3707.99,25264.02,0,0,0,0
2009-08-11 20:00:00,0,3233.1,0,432.43,17218.9,9123.01,9957.92,0,0,2913.06,19526.11,355.63,0,18826.54,2160.55,5349.47,95802.45,0,25893.91,0,0,130726.55,0,0,0,4006.02,3802.85,0,36487.76,42333.35,92.09,3508.83,24367.46,0,0,0,0
2009-08-11 21:00:00,0,2971.88,0,406.79,16231.08,8533.7,9282.9,0,0,2714.69,18338.41,335.29,0,17795.0,2008.23,5045.64,91747.27,0,24862.84,0,0,123677.2,0,0,0,3798.47,3592.83,0,35078.4,40203.87,85.86,3264.3,23687.77,0,0,0,0
2009-08-11 22:00:00,0,2744.35,0,382.43,15070.25,7796.33,8640.83,0,0,2518.97,17139.12,311.08,0,16687.57,1878.21,4771.58,87026.13,0,23514.25,0,0,117410.58,0,0,0,3566.0,3390.41,0,32875.72,38263.44,80.26,3023.75,22167.85,0,0,0,0
2009-08-11 23:00:00,0,2454.06,0,356.31,13888.73,7102.21,8030.04,0,0,2333.66,15873.29,286.11,0,15504.76,1746.6,4507.43,81743.69,0,22160.54,0,0,111432.24,0,0,0,3352.73,3173.23,0,30748.89,35167.3,75.51,2815.51,20541.2,0,0,0,0
2009-08-12 00:00:00,0,2205.09,0,330.15,12769.14,6437.02,7435.29,0,0,2166.62,14697.36,262.27,0,14515.37,1613.49,4247.63,77066.52,0,20829.72,0,0,105679.38,0,0,0,3144.05,2962.39,0,28563.89,32501.93,70.87,2612.21,19003.94,0,0,0,0
2009-08-12 01:00:00,0,1973.8,0,304.63,11883.66,5855.11,6903.22,0,0,2016.82,13648.7,239.61,0,13893.95,1488.13,3990.31,72563.72,0,19498.72,0,0,100200.89,0,0,0,2969.65,2789.59,0,26808.04,30084.48,66.52,2417.81,17548.64,0,0,0,0
2009-08-12 02:00:00,0,1798.48,0,286.52,11240.64,5485.05,6521.38,0,0,1889.87,12862.56,221.05,0,13672.58,1397.89,3733.23,68595.21,0,18473.22,0,0,95874.51,0,0,0,2834.84,2670.83,0,25884.46,28182.2,62.61,2308.41,16509.13,0,0,0,0
2009-08-12 03:00:00,0,1714.15,0,277.52,10834.15,5331.69,6378.62,0,0,1817.8,12366.35,211.61,0,13609.34,1354.13,3563.74,66437.35,0,18005.42,0,0,93766.16,0,0,0,2760.55,2601.41,0,25221.49,27068.05,59.87,2230.14,15804.13,0,0,0,0
2009-08-12 04:00:00,0,1682.82,0,282.15,10854.55,5309.82,6445.94,0,0,1830.28,12259.34,216.99,0,13588.62,1364.0,3591.38,65972.84,0,17845.26,0,0,93788.95,0,0,0,2769.64,2587.19,0,25177.89,26351.26,59.11,2234.63,15879.37,0,0,0,0
2009-08-12 05:00:00,0,1692.44,0,291.84,11210.68,5457.83,6611.96,0,0,1872.15,12488.76,223.37,0,13697.71,1399.08,3655.33,66705.35,0,17901.32,0,0,94373.51,0,0,0,2820.71,2618.1,0,25436.98,26371.29,59.85,2297.4,16156.52,0,0,0,0
2009-08-12 06:00:00,0,1708.86,0,302.31,11808.92,5613.31,6873.11,0,0,1913.93,12748.08,230.17,0,14769.36,1434.42,3725.57,67811.27,0,19661.07,0,0,98144.65,0,0,0,2878.38,2650.43,0,25818.92,26660.09,60.89,2373.53,16439.03,0,0,0,0
2009-08-12 07:00:00,0,1819.88,0,339.28,12508.99,6186.31,7273.99,0,0,2122.99,13938.39,246.91,0,15480.0,1555.24,4011.6,72303.7,0,20983.79,0,0,103592.96,0,0,0,3037.58,2783.36,0,27030.3,27678.84,62.73,2617.39,17171.79,0,0,0,0
2009-08-12 08:00:00,0,1951.52,0,364.33,13059.76,6771.21,7641.92,0,0,2299.24,15277.39,261.88,0,16033.03,1667.07,4153.36,76273.58,0,21943.96,0,0,108330.14,0,0,0,3181.13,2941.63,0,28050.56,29020.3,66.65,2845.28,18214.02,0,0,0,0
2009-08-12 09:00:00,0,2144.22,0,394.43,13648.12,7507.36,8054.86,0,0,2494.31,16799.32,279.05,0,16477.71,1856.47,4320.77,80990.59,0,22972.83,0,0,112967.63,0,0,0,3288.14,3058.15,0,28964.88,31768.5,72.32,3096.2,19128.79,0,0,0,0
2009-08-12 10:00:00,0,2360.1,0,429.02,14483.86,8355.22,8775.11,0,0,2734.63,18581.32,297.98,0,16973.69,2037.76,4627.04,85224.6,0,23878.02,0,0,118592.99,0,0,0,3376.78,3200.22,0,30323.51,34574.31,78.07,3389.16,20360.86,0,0,0,0
2009-08-12 11:00:00,0,2578.93,0,454.73,15294.4,9168.72,9324.67,0,0,2967.22,20159.84,316.14,0,17395.26,2190.99,5019.18,89472.48,0,24560.91,0,0,124770.61,0,0,0,3446.58,3294.86,0,32669.32,37438.19,83.08,3626.1,21673.45,0,0,0,0
2009-08-12 12:00:00,0,2805.26,0,456.78,15606.6,9805.13,9500.09,0,0,3163.05,21408.76,337.4,0,17742.88,2311.37,5325.38,93918.2,0,25094.5,0,0,129751.78,0,0,0,3513.75,3342.89,0,34325.4,39878.99,87.52,3814.38,23096.11,0,0,0,0
2009-08-12 13:00:00,0,2987.49,0,458.05,15535.24,10260.49,9384.71,0,0,3301.06,22279.9,355.28,0,18004.5,2381.47,5538.53,97201.29,0,25441.47,0,0,133185.53,0,0,0,3631.48,3435.15,0,35563.09,41870.96,91.11,3924.37,24180.49,0,0,0,0
2009-08-12 14:00:00,0,3144.49,0,451.37,15695.15,10485.04,9416.12,0,0,3386.46,22859.23,366.39,0,18145.63,2377.29,5686.63,99685.12,0,25657.55,0,0,135053.53,0,0,0,3686.9,3494.61,0,36625.09,43354.17,93.91,3998.5,24943.19,0,0,0,0
2009-08-12 15:00:00,0,3250.94,0,459.01,15930.53,10525.32,9461.27,0,0,3422.04,23148.66,371.3,0,18266.31,2357.33,5795.33,101485.52,0,25743.99,0,0,136721.46,0,0,0,3725.06,3528.18,0,36993.2,44295.38,96.0,4018.35,25396.65,0,0,0,0
2009-08-12 16:00:00,0,3321.18,0,464.96,15793.38,10389.52,9388.79,0,0,3368.59,22987.38,377.81,0,18269.25,2294.32,5829.97,102668.64,0,25616.75,0,0,136279.98,0,0,0,3765.6,3573.84,0,37012.41,44991.98,97.29,4010.54,25665.23,0,0,0,0
2009-08-12 17:00:00,0,3367.18,0,466.06,15238.03,10134.53,9302.14,0,0,3276.61,22424.71,381.34,0,17949.91,2231.49,5785.23,102180.57,0,24840.09,0,0,134831.99,0,0,0,3792.24,3596.79,0,36984.67,45298.95,96.89,3938.95,25663.04,0,0,0,0
2009-08-12 18:00:00,0,3347.95,0,465.42,14724.11,9682.84,9280.27,0,0,3059.09,21244.3,373.96,0,17650.81,2156.29,5581.75,99530.29,0,24125.63,0,0,132111.33,0,0,0,3756.85,3581.71,0,36522.43,44847.71,94.92,3765.7,24819.06,0,0,0,0
2009-08-12 19:00:00,0,3419.38,0,444.08,15293.46,9249.27,9284.16,0,0,3007.71,20370.39,369.91,0,17846.21,2075.6,5365.78,98725.55,0,24201.13,0,0,128585.13,0,0,0,3649.88,3436.75,0,36052.27,44884.2,91.04,3626.27,24241.27,0,0,0,0
2009-08-12 20:00:00,0,3186.84,0,425.22,14820.49,8798.71,8677.29,0,0,2798.83,19175.06,358.18,0,16695.37,1923.28,5089.14,94358.99,0,23235.34,0,0,123222.91,0,0,0,3548.22,3316.87,0,34992.94,42769.06,87.86,3401.59,23058.37,0,0,0,0
2009-08-12 21:00:00,0,2909.54,0,398.83,14095.18,8196.63,8121.74,0,0,2605.72,17993.99,336.87,0,15574.29,1792.6,4684.3,90003.64,0,22426.19,0,0,116112.64,0,0,0,3401.19,3180.0,0,33541.4,40263.73,82.35,3171.91,22263.7,0,0,0,0
2009-08-12 22:00:00,0,2657.33,0,370.9,13022.67,7488.52,7572.6,0,0,2427.32,16740.16,307.83,0,14466.22,1667.34,4351.59,85329.79,0,20968.61,0,0,109653.39,0,0,0,3181.74,2982.14,0,31039.74,38087.34,76.84,2954.73,20625.08,0,0,0,0
2009-08-12 23:00:00,0,2387.35,0,345.53,11993.96,6792.55,7015.02,0,0,2260.34,15525.79,279.0,0,13432.4,1582.06,4063.99,80326.45,0,19457.7,0,0,103586.09,0,0,0,2970.78,2772.99,0,28684.65,35022.58,71.85,2744.51,18935.3,0,0,0,0
2009-08-13 00:00:00,0,2149.94,0,320.71,10997.84,6111.37,6445.65,0,0,2097.34,14348.8,253.0,0,12517.28,1469.16,3798.73,75803.14,0,17956.78,0,0,97899.28,0,0,0,2783.49,2606.64,0,26560.07,32406.86,67.66,2517.34,17328.05,0,0,0,0
2009-08-13 01:00:00,0,1940.03,0,297.71,10150.02,5570.91,5919.47,0,0,1947.55,13263.88,231.62,0,11894.0,1369.27,3565.5,71539.0,0,16674.46,0,0,93129.29,0,0,0,2634.25,2452.9,0,25168.58,30112.26,64.12,2328.49,15879.82,0,0,0,0
2009-08-13 02:00:00,0,1784.27,0,278.62,9736.41,5261.98,5638.13,0,0,1830.72,12493.07,213.2,0,11779.66,1301.71,3362.91,67785.03,0,15818.79,0,0,89302.3,0,0,0,2538.6,2355.37,0,24251.26,28394.33,61.58,2207.19,15010.91,0,0,0,0
2009-08-13 03:00:00,0,1705.97,0,272.46,9644.43,5137.96,5587.52,0,0,1763.2,12093.56,203.33,0,11801.49,1283.11,3258.36,65740.21,0,15720.5,0,0,87929.95,0,0,0,2495.93,2346.78,0,23591.35,27298.19,59.54,2138.47,14498.35,0,0,0,0
2009-08-13 04:00:00,0,1660.04,0,277.05,9780.03,5136.27,5729.3,0,0,1792.56,12068.97,204.49,0,11958.42,1330.37,3287.49,65321.14,0,16050.75,0,0,88378.38,0,0,0,2556.69,2384.66,0,23787.83,26441.93,59.06,2175.44,14461.29,0,0,0,0
2009-08-13 05:00:00,0,1674.45,0,287.99,10223.93,5307.72,5909.05,0,0,1840.96,12352.01,209.6,0,12287.55,1372.49,3370.9,66197.62,0,16416.17,0,0,89201.64,0,0,0,2621.65,2428.33,0,24156.91,26384.43,59.6,2248.11,14638.48,0,0,0,0
2009-08-13 06:00:00,0,1699.18,0,298.1,10894.09,5483.34,6162.1,0,0,1897.72,12707.31,215.22,0,12972.29,1402.84,3473.26,67461.58,0,17384.04,0,0,92990.64,0,0,0,2692.89,2470.7,0,24566.17,26751.9,60.34,2322.52,14867.16,0,0,0,0
2009-08-13 07:00:00,0,1786.21,0,328.21,11499.47,5964.08,6494.26,0,0,2082.57,13803.37,231.04,0,13781.0,1481.99,3748.17,71862.87,0,18430.9,0,0,98149.87,0,0,0,2775.4,2538.33,0,25771.86,27801.11,61.87,2506.01,15801.2,0,0,0,0
2009-08-13 08:00:00,0,1956.09,0,357.33,12028.68,6460.39,6788.39,0,0,2262.21,15223.5,247.95,0,14299.26,1543.47,4010.18,76413.23,0,19066.48,0,0,103293.97,0,0,0,2884.54,2622.64,0,26774.26,29731.21,65.18,2696.06,17001.94,0,0,0,0
2009-08-13 09:00:00,0,2167.15,0,384.03,12508.9,7078.23,7110.77,0,0,2438.26,16648.04,262.03,0,14620.38,1674.8,4268.8,81518.79,0,19628.6,0,0,107533.78,0,0,0,2995.31,2711.92,0,27824.29,32403.28,70.68,2914.21,18169.42,0,0,0,0
2009-08-13 10:00:00,0,2380.94,0,408.39,13071.71,7844.59,7463.98,0,0,2656.91,18291.95,282.06,0,14945.34,1841.41,4581.5,85950.87,0,20176.52,0,0,111366.25,0,0,0,3080.73,2797.52,0,29844.61,34849.96,75.33,3219.53,19497.03,0,0,0,0
2009-08-13 11:00:00,0,2564.45,0,411.77,13989.22,8682.41,8085.76,0,0,2880.86,19767.95,305.73,0,15279.01,1973.53,4962.58,90258.16,0,20716.36,0,0,116818.16,0,0,0,3223.14,2967.41,0,32419.31,37281.75,81.09,3507.64,21000.48,0,0,0,0
2009-08-13 12:00:00,0,2768.35,0,417.78,14867.76,9403.62,8641.22,0,0,3070.86,20948.58,329.68,0,15553.87,2075.1,5252.96,94913.74,0,21323.29,0,0,122375.12,0,0,0,3365.84,3127.53,0,34621.87,39452.79,86.06,3739.05,22592.91,0,0,0,0
2009-08-13 13:00:00,0,2944.88,0,415.84,15513.6,9875.99,9125.63,0,0,3220.35,21792.07,350.31,0,15802.83,2132.66,5450.74,98470.26,0,21996.98,0,0,126553.45,0,0,0,3473.24,3258.18,0,36341.97,41253.83,90.04,3892.47,23715.53,0,0,0,0
2009-08-13 14:00:00,0,3103.97,0,369.98,16020.87,10169.86,9510.5,0,0,3325.62,22428.56,351.43,0,16118.27,2187.3,5604.03,101220.77,0,22746.74,0,0,130823.12,0,0,0,3598.47,3387.86,0,37666.11,42812.41,93.41,4002.62,24540.54,0,0,0,0
2009-08-13 15:00:00,0,3232.02,0,334.59,16459.65,10329.82,9840.16,0,0,3382.27,22811.11,345.96,0,16330.56,2178.24,5743.01,103180.1,0,23319.02,0,0,133987.35,0,0,0,3702.51,3511.26,0,38599.44,43820.42,96.17,4065.26,25170.54,0,0,0,0
2009-08-13 16:00:00,0,3314.29,0,346.02,16753.33,10319.55,9976.51,0,0,3381.58,22728.5,330.52,0,16480.59,2103.26,5840.83,104259.52,0,23610.79,0,0,135204.37,0,0,0,3760.75,3569.2,0,39106.64,44471.76,98.21,4076.53,25557.38,0,0,0,0
2009-08-13 17:00:00,0,3360.16,0,351.34,16736.3,10037.08,9926.6,0,0,3323.24,22261.34,317.37,0,16448.11,2055.26,5861.09,103510.83,0,23673.9,0,0,134105.47,0,0,0,3744.23,3589.08,0,38871.14,44716.4,97.86,3962.06,25759.34,0,0,0,0
2009-08-13 18:00:00,0,3340.42,0,365.75,16396.7,9563.29,9734.51,0,0,3133.7,21425.73,316.14,0,16292.35,2025.84,5844.85,101331.56,0,23467.58,0,0,131895.04,0,0,0,3659.25,3558.59,0,38138.84,44192.78,96.15,3809.18,25331.85,0,0,0,0
2009-08-13 19:00:00,0,3317.23,0,388.83,16369.42,9095.87,9537.83,0,0,3023.46,20362.06,320.43,0,16427.74,2034.17,5587.75,99169.0,0,23670.23,0,0,125755.59,0,0,0,3528.11,3369.12,0,36907.95,44431.97,90.44,3614.55,24661.58,0,0,0,0
2009-08-13 20:00:00,0,3117.99,0,377.35,15520.87,8560.95,8851.89,0,0,2824.15,19149.7,313.7,0,15415.19,1926.16,5319.25,95348.26,0,22406.51,0,0,120579.57,0,0,0,3428.59,3218.41,0,35433.13,42196.02,87.77,3350.48,23305.55,0,0,0,0
2009-08-13 21:00:00,0,2854.21,0,356.78,14602.35,7999.33,8221.43,0,0,2643.46,17982.79,298.96,0,14468.16,1805.97,4941.64,91300.36,0,21347.02,0,0,113297.5,0,0,0,3263.58,3052.14,0,33860.96,39892.88,81.39,3119.02,22463.22,0,0,0,0
2009-08-13 22:00:00,0,2625.37,0,331.46,13341.51,7326.67,7604.23,0,0,2463.73,16696.7,277.45,0,13514.14,1683.6,4593.57,86859.87,0,20022.77,0,0,106902.45,0,0,0,3043.29,2867.71,0,31184.9,37851.26,75.7,2906.93,20771.01,0,0,0,0
2009-08-13 23:00:00,0,2363.19,0,309.49,12169.15,6637.05,6982.54,0,0,2289.36,15431.29,256.79,0,12550.24,1560.94,4277.51,81654.61,0,18672.73,0,0,101002.24,0,0,0,2842.18,2683.75,0,28752.29,35002.0,70.71,2688.93,19075.32,0,0,0,0
2009-08-14 00:00:00,0,2133.52,0,286.45,11094.43,5968.92,6407.66,0,0,2116.21,14214.28,234.48,0,11589.07,1438.74,3996.13,77141.94,0,17362.92,0,0,95567.77,0,0,0,2662.93,2507.58,0,26772.6,32527.86,66.86,2487.12,17502.32,0,0,0,0
2009-08-14 01:00:00,0,1921.73,0,265.34,10271.6,5411.77,5916.55,0,0,1954.77,13087.93,214.32,0,10972.15,1328.67,3731.56,72838.86,0,16154.37,0,0,90932.42,0,0,0,2536.43,2366.23,0,25260.75,30129.3,63.67,2312.85,16063.45,0,0,0,0
2009-08-14 02:00:00,0,1764.21,0,247.51,9855.22,5098.27,5634.8,0,0,1826.47,12297.44,198.79,0,10898.24,1253.28,3506.99,69067.78,0,15407.61,0,0,87529.02,0,0,0,2470.87,2306.52,0,24353.28,28246.21,61.11,2190.72,15255.76,0,0,0,0
2009-08-14 03:00:00,0,1693.87,0,243.16,9705.3,4964.57,5552.18,0,0,1759.13,11877.11,192.29,0,11014.71,1247.31,3395.87,67042.8,0,15143.74,0,0,86226.18,0,0,0,2452.52,2298.9,0,23747.25,27171.45,59.38,2132.63,14829.12,0,0,0,0
2009-08-14 04:00:00,0,1660.13,0,253.91,9775.48,4991.4,5643.41,0,0,1788.86,11893.02,196.34,0,11192.93,1290.11,3429.48,66736.79,0,15257.08,0,0,86761.68,0,0,0,2515.98,2340.8,0,23861.52,26537.04,59.07,2148.09,14837.68,0,0,0,0
2009-08-14 05:00:00,0,1683.69,0,265.86,10145.21,5138.65,5778.99,0,0,1833.41,12187.33,202.19,0,11478.27,1332.45,3511.34,67520.63,0,15565.57,0,0,87794.4,0,0,0,2590.19,2393.11,0,24114.01,26578.93,59.63,2208.31,15064.05,0,0,0,0
2009-08-14 06:00:00,0,1711.77,0,275.77,10727.29,5298.33,5989.05,0,0,1879.23,12514.96,209.05,0,12788.01,1372.79,3613.26,68702.18,0,17087.42,0,0,92256.11,0,0,0,2667.07,2449.88,0,24428.71,26941.37,60.41,2273.23,15295.04,0,0,0,0
2009-08-14 07:00:00,0,1789.57,0,311.53,11432.9,5818.4,6451.5,0,0,2079.51,13650.59,218.32,0,13467.87,1455.31,3912.33,72817.44,0,18764.49,0,0,98789.12,0,0,0,2773.59,2533.64,0,25589.42,27671.87,61.95,2467.66,16268.39,0,0,0,0
2009-08-14 08:00:00,0,1958.03,0,342.95,12094.64,6310.02,6887.09,0,0,2237.05,14969.84,232.13,0,14537.44,1531.82,4209.02,77488.01,0,20127.01,0,0,105529.08,0,0,0,2905.9,2648.71,0,26761.66,29631.49,65.39,2640.73,17669.85,0,0,0,0
2009-08-14 09:00:00,0,2135.27,0,370.06,12749.51,6840.68,7283.57,0,0,2420.82,16415.71,243.93,0,15585.24,1604.64,4504.77,82938.24,0,21169.77,0,0,111440.45,0,0,0,3035.7,2768.52,0,27739.68,31800.55,70.62,2816.61,19117.8,0,0,0,0
2009-08-14 10:00:00,0,2298.29,0,403.36,13490.78,7648.8,7606.92,0,0,2647.01,18208.51,262.89,0,16652.17,1740.55,4933.82,87743.98,0,22276.64,0,0,119144.57,0,0,0,3178.33,2917.21,0,29817.47,33895.04,75.28,3114.41,20719.34,0,0,0,0
2009-08-14 11:00:00,0,2465.89,0,433.52,14553.2,8582.26,8086.98,0,0,2882.52,19821.44,289.41,0,17343.96,1905.67,5261.45,92502.28,0,23387.97,0,0,126402.73,0,0,0,3385.22,3138.3,0,32479.15,36239.4,81.39,3449.43,22521.79,0,0,0,0
2009-08-14 12:00:00,0,2659.91,0,456.09,15438.73,9329.01,8626.88,0,0,3072.83,21058.08,315.13,0,17901.79,2040.72,5491.25,97099.99,0,24192.96,0,0,132566.39,0,0,0,3560.12,3327.12,0,34697.65,38447.46,86.8,3702.6,24139.38,0,0,0,0
2009-08-14 13:00:00,0,2851.32,0,466.91,16167.97,9784.14,9101.08,0,0,3221.9,21836.97,339.4,0,18411.52,2141.0,5693.58,100759.73,0,24776.79,0,0,137004.0,0,0,0,3709.69,3493.44,0,36443.1,40506.94,91.01,3852.2,25312.76,0,0,0,0
2009-08-14 14:00:00,0,3022.2,0,476.7,16663.58,9996.89,9484.62,0,0,3286.96,22160.76,360.68,0,18890.45,2204.66,5880.44,103639.33,0,25180.78,0,0,140364.5,0,0,0,3824.99,3610.97,0,37847.57,42214.46,94.47,3876.35,26218.21,0,0,0,0
2009-08-14 15:00:00,0,3161.48,0,484.93,16972.17,10057.6,9748.12,0,0,3247.55,22153.38,376.96,0,19387.37,2241.96,6024.94,105452.47,0,25468.27,0,0,142450.43,0,0,0,3907.91,3695.72,0,38840.64,43435.12,97.24,3903.88,26861.14,0,0,0,0
2009-08-14 16:00:00,0,3245.99,0,484.83,17077.42,9934.79,9855.84,0,0,3178.51,22015.01,385.86,0,19656.96,2228.45,6117.75,106228.45,0,25446.92,0,0,143223.28,0,0,0,3934.44,3738.24,0,39325.82,44054.54,98.88,3854.94,27174.06,0,0,0,0
2009-08-14 17:00:00,0,3285.77,0,483.34,16910.81,9786.05,9784.17,0,0,3134.91,21532.82,380.09,0,19809.47,2195.81,6117.81,105349.07,0,25422.78,0,0,141833.52,0,0,0,3907.12,3741.36,0,39116.13,44174.29,98.53,3815.41,27273.75,0,0,0,0
2009-08-14 18:00:00,0,3249.02,0,473.3,16385.75,9509.11,9584.59,0,0,3012.45,20483.17,350.93,0,19461.26,2101.49,6045.39,102406.56,0,24690.15,0,0,137707.18,0,0,0,3802.09,3675.35,0,38182.5,43370.43,96.27,3775.88,26730.33,0,0,0,0
2009-08-14 19:00:00,0,3240.53,0,425.34,15569.05,8683.1,9103.6,0,0,2840.31,19136.06,326.53,0,18458.32,2034.64,5616.31,96084.72,0,23796.44,0,0,123967.51,0,0,0,3615.33,3556.27,0,36375.14,41316.38,82.82,3439.27,24593.12,0,0,0,0
2009-08-14 20:00:00,0,2981.96,0,414.08,14954.7,8254.37,8503.14,0,0,2656.37,18001.64,315.59,0,17231.74,1952.03,5277.5,92970.61,0,22548.99,0,0,117924.9,0,0,0,3517.36,3436.4,0,35003.09,40275.34,79.57,3191.85,23437.25,0,0,0,0
2009-08-14 21:00:00,0,2732.19,0,393.83,14164.44,7816.52,7938.6,0,0,2520.22,17062.52,306.76,0,16225.36,1851.75,4909.46,89172.14,0,21463.9,0,0,110975.62,0,0,0,3397.52,3286.43,0,33548.61,37866.94,73.91,3007.35,22576.04,0,0,0,0
2009-08-14 22:00:00,0,2563.12,0,365.51,13006.49,7195.81,7385.39,0,0,2375.83,16069.51,281.87,0,15228.46,1738.58,4581.31,85372.08,0,20132.21,0,0,104736.74,0,0,0,3168.64,3097.8,0,31141.12,35900.42,69.37,2827.59,21112.28,0,0,0,0
2009-08-14 23:00:00,0,2316.05,0,336.7,11937.87,6612.33,6869.78,0,0,2226.38,15088.41,256.9,0,14247.31,1619.22,4263.96,80528.77,0,18813.2,0,0,98969.26,0,0,0,2960.33,2920.43,0,28934.36,33833.52,65.25,2649.57,19522.81,0,0,0,0
2009-08-15 00:00:00,0,2138.51,0,309.79,11006.48,6050.35,6330.03,0,0,2073.15,14126.02,234.52,0,13284.96,1500.35,3973.55,75953.52,0,17666.56,0,0,93528.92,0,0,0,2775.59,2743.28,0,26891.52,32275.43,61.52,2478.45,18115.69,0,0,0,0
2009-08-15 01:00:00,0,1971.08,0,287.05,10191.63,5574.91,5793.41,0,0,1938.8,13228.86,214.14,0,12626.01,1392.36,3715.27,71655.46,0,16575.42,0,0,88975.62,0,0,0,2608.39,2579.79,0,25484.64,30725.08,58.17,2332.78,16794.26,0,0,0,0
2009-08-15 02:00:00,0,1832.49,0,266.8,9642.91,5233.34,5447.57,0,0,1832.13,12597.35,199.63,0,12413.91,1312.1,3489.06,68285.28,0,15912.31,0,0,85618.66,0,0,0,2502.26,2465.29,0,24491.61,29246.13,55.33,2209.38,15753.57,0,0,0,0
2009-08-15 03:00:00,0,1753.99,0,252.32,9318.91,5004.84,5297.13,0,0,1769.54,12232.11,191.48,0,12211.8,1249.51,3328.57,66121.6,0,15461.91,0,0,83453.04,0,0,0,2428.73,2405.24,0,23923.5,27974.37,52.99,2131.12,14965.85,0,0,0,0
2009-08-15 04:00:00,0,1694.26,0,248.85,9185.72,4852.89,5219.15,0,0,1745.42,11999.89,186.76,0,12051.39,1229.91,3223.75,64671.58,0,15253.25,0,0,82509.45,0,0,0,2417.76,2408.78,0,23672.57,26949.75,51.65,2092.29,14421.96,0,0,0,0
2009-08-15 05:00:00,0,1675.64,0,247.18,9221.69,4861.17,5271.9,0,0,1759.08,12008.03,186.83,0,11929.99,1237.35,3169.36,63905.92,0,15162.69,0,0,82020.85,0,0,0,2421.47,2428.58,0,23618.42,26360.79,51.46,2083.66,14086.92,0,0,0,0
2009-08-15 06:00:00,0,1675.36,0,251.73,9423.45,4978.87,5457.96,0,0,1780.62,12091.65,188.48,0,12333.33,1258.31,3171.37,64013.47,0,15448.13,0,0,82208.54,0,0,0,2454.58,2459.45,0,23738.8,26073.14,51.4,2110.57,14128.16,0,0,0,0
2009-08-15 07:00:00,0,1742.98,0,266.94,9945.19,5409.44,5770.09,0,0,1900.54,12907.83,200.77,0,13364.37,1318.95,3330.68,65315.27,0,16526.27,0,0,86310.04,0,0,0,2541.53,2531.56,0,24043.18,26038.82,52.2,2225.07,14679.48,0,0,0,0
2009-08-15 08:00:00,0,1926.6,0,293.26,10523.19,6111.06,6166.44,0,0,2085.51,14341.3,214.29,0,14246.01,1452.32,3656.21,69437.75,0,17942.19,0,0,94248.78,0,0,0,2672.32,2660.43,0,24935.43,27191.52,55.27,2420.27,16143.22,0,0,0,0
2009-08-15 09:00:00,0,2158.04,0,324.99,10985.96,6953.94,6573.88,0,0,2280.42,15871.53,235.04,0,14966.38,1623.75,3972.15,74425.78,0,19268.49,0,0,101104.23,0,0,0,2804.21,2818.16,0,26654.02,29574.17,60.25,2771.31,17476.39,0,0,0,0
2009-08-15 10:00:00,0,2466.58,0,358.45,11780.27,7930.27,7290.26,0,0,2540.96,17179.17,260.55,0,15534.87,1775.31,4434.18,79363.91,0,20346.56,0,0,109639.98,0,0,0,3044.87,3065.29,0,28993.8,31929.15,66.15,3109.82,19411.67,0,0,0,0
2009-08-15 11:00:00,0,2771.78,0,386.4,12636.81,8715.25,7955.31,0,0,2761.31,18263.96,285.67,0,15888.85,1869.57,4774.28,84794.38,0,21198.64,0,0,116164.07,0,0,0,3283.66,3304.9,0,31199.47,34397.48,72.04,3399.35,21155.97,0,0,0,0
2009-08-15 12:00:00,0,3033.57,0,411.02,13539.63,9298.66,8493.48,0,0,2889.89,18776.33,308.37,0,16222.37,1924.08,5034.61,88859.95,0,21895.68,0,0,121201.44,0,0,0,3465.83,3496.92,0,33229.87,36494.04,76.84,3610.03,22438.32,0,0,0,0
2009-08-15 13:00:00,0,3241.92,0,422.02,14289.61,9619.99,8912.45,0,0,2941.21,19005.57,326.17,0,16613.19,1970.72,5256.0,91638.49,0,22488.64,0,0,125320.4,0,0,0,3590.78,3628.87,0,34858.9,38189.06,80.6,3670.52,23488.52,0,0,0,0
2009-08-15 14:00:00,0,3432.63,0,431.0,14861.45,9707.74,9283.09,0,0,2945.51,19157.55,330.21,0,16981.26,2032.62,5451.0,93795.64,0,23004.1,0,0,128129.91,0,0,0,3692.6,3733.64,0,36234.19,39939.73,83.9,3640.08,24361.66,0,0,0,0
2009-08-15 15:00:00,0,3568.31,0,436.47,15310.09,9657.73,9539.4,0,0,2885.27,19030.54,329.21,0,17345.07,2063.24,5604.68,95312.28,0,23375.07,0,0,129914.07,0,0,0,3750.87,3799.75,0,37139.84,41500.58,85.94,3585.65,25038.62,0,0,0,0
2009-08-15 16:00:00,0,3618.0,0,439.34,15570.53,9453.84,9695.48,0,0,2855.43,18977.34,337.13,0,17737.38,2077.44,5731.7,96051.23,0,23478.03,0,0,130702.65,0,0,0,3751.99,3791.3,0,37539.49,42499.77,88.0,3447.55,25427.3,0,0,0,0
2009-08-15 17:00:00,0,3641.38,0,446.63,15594.14,9151.42,9769.29,0,0,2815.49,18990.46,338.47,0,18212.9,2089.75,5800.16,95734.87,0,23426.98,0,0,130057.87,0,0,0,3739.01,3759.26,0,37305.83,42673.05,88.89,3337.02,25666.86,0,0,0,0
2009-08-15 18:00:00,0,3612.55,0,437.92,15363.04,8901.91,9692.36,0,0,2760.05,18944.41,340.63,0,18379.49,2078.13,5749.19,94798.79,0,23040.99,0,0,128421.16,0,0,0,3716.36,3735.42,0,36337.08,42248.41,87.36,3304.65,25098.02,0,0,0,0
2009-08-15 19:00:00,0,3682.26,0,428.56,15684.57,8424.34,9328.73,0,0,2790.95,18712.38,322.4,0,19140.77,2071.99,5671.21,96707.0,0,24547.49,0,0,126268.38,0,0,0,3646.33,3603.07,0,35581.43,43158.29,88.33,3204.77,24547.95,0,0,0,0
2009-08-15 20:00:00,0,3477.26,0,416.38,15128.38,8102.45,8754.99,0,0,2642.38,17718.46,309.83,0,18003.47,1976.46,5406.96,93813.69,0,23351.6,0,0,120317.96,0,0,0,3570.57,3500.25,0,34638.16,42451.22,86.54,3015.55,23522.92,0,0,0,0
2009-08-15 21:00:00,0,3299.3,0,390.04,14390.27,7718.3,8176.32,0,0,2506.07,16770.88,299.75,0,16976.44,1891.14,5035.19,90509.25,0,22258.33,0,0,113339.48,0,0,0,3460.56,3359.49,0,33324.26,40564.21,82.09,2853.61,22738.67,0,0,0,0
2009-08-15 22:00:00,0,3155.06,0,361.96,13255.05,7130.88,7602.39,0,0,2357.59,15797.22,281.07,0,15940.26,1772.58,4717.31,87021.92,0,21098.37,0,0,107360.84,0,0,0,3232.93,3173.76,0,31060.95,38678.59,76.66,2685.72,21291.35,0,0,0,0
2009-08-15 23:00:00,0,2915.86,0,334.64,12200.27,6571.38,7082.95,0,0,2212.61,14849.98,261.6,0,14936.86,1638.15,4425.65,82682.14,0,19882.4,0,0,101792.06,0,0,0,3023.9,2991.96,0,29034.3,36915.73,71.96,2536.93,19740.38,0,0,0,0
2009-08-16 00:00:00,0,2700.76,0,310.54,11294.79,6056.3,6556.54,0,0,2069.65,13932.0,241.49,0,13946.1,1518.34,4129.43,78556.97,0,18663.62,0,0,96376.03,0,0,0,2836.58,2811.12,0,27132.02,35355.74,68.23,2392.1,18284.68,0,0,0,0
2009-08-16 01:00:00,0,2487.35,0,294.05,10479.13,5616.72,6059.11,0,0,1942.08,13076.58,222.42,0,13240.6,1414.22,3865.66,74304.0,0,17581.23,0,0,91610.19,0,0,0,2662.13,2629.89,0,25882.39,33717.45,64.34,2274.08,17029.07,0,0,0,0
2009-08-16 02:00:00,0,2343.97,0,277.99,9834.49,5268.59,5661.71,0,0,1835.27,12422.11,205.45,0,12968.78,1340.48,3636.15,70632.29,0,16768.07,0,0,88324.93,0,0,0,2558.85,2489.17,0,24945.79,32330.12,60.96,2149.09,15960.13,0,0,0,0
2009-08-16 03:00:00,0,2236.17,0,270.24,9426.19,5048.08,5473.66,0,0,1770.8,12051.48,194.77,0,12789.96,1279.94,3468.67,68244.17,0,16398.13,0,0,86048.97,0,0,0,2475.69,2419.77,0,24343.21,31086.83,58.54,2086.74,15169.18,0,0,0,0
2009-08-16 04:00:00,0,2174.82,0,266.42,9235.81,4935.71,5327.7,0,0,1746.4,11850.9,188.36,0,12654.08,1262.84,3341.94,66790.11,0,15993.53,0,0,85124.01,0,0,0,2445.57,2420.59,0,24046.95,29958.02,56.65,2061.01,14650.05,0,0,0,0
2009-08-16 05:00:00,0,2087.75,0,264.86,9186.79,4935.04,5335.1,0,0,1765.1,11888.39,187.04,0,12560.35,1269.09,3289.4,65930.85,0,15840.67,0,0,84918.35,0,0,0,2436.33,2430.86,0,23942.6,29121.17,56.76,2060.73,14403.87,0,0,0,0
2009-08-16 06:00:00,0,2039.38,0,266.5,9351.43,5044.47,5488.51,0,0,1791.22,12012.66,188.67,0,13127.23,1295.26,3278.95,65949.6,0,16353.23,0,0,85509.22,0,0,0,2462.71,2458.62,0,24092.2,28599.46,57.13,2100.05,14532.12,0,0,0,0
2009-08-16 07:00:00,0,2039.83,0,274.95,9865.09,5507.61,5793.03,0,0,1925.26,12876.12,201.43,0,14163.37,1384.99,3489.34,67374.6,0,17601.19,0,0,90128.49,0,0,0,2540.98,2536.84,0,24535.47,28094.87,57.52,2217.55,15174.84,0,0,0,0
2009-08-16 08:00:00,0,2232.01,0,292.03,10534.28,6188.5,6236.55,0,0,2123.05,14570.02,219.49,0,15041.93,1517.9,3857.93,71555.64,0,19018.95,0,0,98114.3,0,0,0,2688.0,2685.69,0,25394.07,28928.99,59.98,2368.91,16507.36,0,0,0,0
2009-08-16 09:00:00,0,2398.09,0,317.93,11308.19,6914.7,6939.6,0,0,2319.75,16304.08,238.0,0,15900.28,1662.44,4179.74,75581.64,0,20238.83,0,0,106233.88,0,0,0,2845.09,2859.67,0,26869.4,30584.14,64.6,2554.05,17766.28,0,0,0,0
2009-08-16 10:00:00,0,2563.41,0,345.53,12321.6,7696.09,7638.89,0,0,2553.17,18110.07,261.46,0,16608.48,1788.84,4662.99,79908.74,0,21293.68,0,0,114829.03,0,0,0,3088.98,3139.4,0,28949.47,32325.85,68.41,2881.96,19272.68,0,0,0,0
2009-08-16 11:00:00,0,2748.37,0,359.4,13219.8,8433.98,8221.54,0,0,2750.05,19716.62,288.54,0,17027.8,1910.17,5022.18,84763.35,0,22107.6,0,0,121230.69,0,0,0,3301.47,3365.87,0,31222.81,34526.1,72.98,3168.53,20994.22,0,0,0,0
2009-08-16 12:00:00,0,2927.58,0,365.99,13986.72,9037.87,8641.19,0,0,2899.01,20726.21,310.68,0,17307.56,1999.52,5263.84,88738.71,0,22764.85,0,0,125305.66,0,0,0,3476.71,3526.15,0,33216.06,36473.04,77.0,3423.55,22332.84,0,0,0,0
2009-08-16 13:00:00,0,3082.6,0,374.58,14413.65,9487.96,8932.2,0,0,3009.17,21394.61,330.12,0,17630.89,2061.16,5434.13,91741.42,0,23302.9,0,0,128556.86,0,0,0,3610.74,3640.41,0,34813.92,38008.17,80.63,3578.9,23421.08,0,0,0,0
2009-08-16 14:00:00,0,3203.14,0,387.49,14640.12,9804.98,9163.59,0,0,3086.84,21622.32,343.1,0,18027.57,2097.0,5595.31,94362.98,0,23692.83,0,0,131187.68,0,0,0,3727.49,3738.21,0,36035.08,39078.95,84.31,3689.18,24292.95,0,0,0,0
2009-08-16 15:00:00,0,3330.06,0,393.16,14820.0,9913.67,9340.69,0,0,3125.8,21610.1,345.14,0,18413.3,2108.92,5726.14,95755.99,0,23872.57,0,0,132225.24,0,0,0,3813.74,3806.08,0,36831.38,40343.17,86.2,3732.07,24897.69,0,0,0,0
2009-08-16 16:00:00,0,3411.23,0,377.38,14914.31,9753.68,9459.79,0,0,3104.94,21312.91,348.91,0,18794.42,2073.03,5805.14,96349.52,0,23890.99,0,0,132245.93,0,0,0,3858.78,3820.69,0,37081.8,41298.24,88.67,3673.56,25197.53,0,0,0,0
2009-08-16 17:00:00,0,3442.43,0,380.32,14875.95,9363.61,9492.48,0,0,3021.93,20676.81,333.89,0,19093.18,2050.67,5806.88,96462.43,0,23868.27,0,0,131285.7,0,0,0,3840.19,3799.36,0,36641.78,41736.51,89.7,3531.99,25074.21,0,0,0,0
2009-08-16 18:00:00,0,3390.99,0,379.47,14589.2,9015.04,9399.2,0,0,2872.28,20056.02,320.55,0,19236.9,2038.48,5676.66,95378.64,0,23501.04,0,0,129514.92,0,0,0,3770.7,3754.68,0,35688.1,41132.13,88.51,3466.45,24354.85,0,0,0,0
2009-08-16 19:00:00,0,3443.79,0,409.46,16134.58,9057.15,9653.06,0,0,3017.88,20070.61,337.68,0,21062.37,2136.61,5980.99,101982.3,0,26479.69,0,0,136045.88,0,0,0,3772.57,3551.35,0,36033.51,43436.99,98.19,3545.65,25211.34,0,0,0,0
2009-08-16 20:00:00,0,3312.31,0,396.55,15504.93,8563.84,9016.66,0,0,2829.17,18913.33,325.66,0,19683.58,2016.38,5665.41,99346.04,0,25158.47,0,0,129468.96,0,0,0,3633.16,3399.08,0,34823.87,42135.75,94.91,3248.32,24080.84,0,0,0,0
2009-08-16 21:00:00,0,3110.63,0,373.56,14611.83,7937.82,8386.09,0,0,2653.36,17827.07,311.0,0,18476.26,1885.39,5328.57,96215.94,0,23939.7,0,0,122573.97,0,0,0,3442.03,3224.77,0,33448.16,40081.18,89.33,2978.38,23331.37,0,0,0,0
2009-08-16 22:00:00,0,2910.73,0,350.27,13386.12,7237.71,7776.98,0,0,2478.9,16754.1,289.39,0,17344.09,1761.26,5023.54,92135.48,0,22427.02,0,0,116144.42,0,0,0,3207.97,3009.43,0,31047.94,38053.18,84.26,2756.26,21773.63,0,0,0,0
2009-08-16 23:00:00,0,2608.51,0,325.2,12245.32,6587.82,7182.2,0,0,2306.77,15590.06,267.34,0,16255.41,1640.69,4730.15,87228.67,0,20932.45,0,0,110267.66,0,0,0,2993.44,2805.79,0,28966.17,35271.66,80.32,2576.69,20207.8,0,0,0,0
2009-08-17 00:00:00,0,2374.48,0,300.18,11158.34,5962.4,6588.64,0,0,2135.11,14428.99,244.0,0,15156.77,1508.1,4469.14,82545.61,0,19448.35,0,0,104430.56,0,0,0,2793.23,2610.7,0,26815.97,32858.16,76.47,2399.1,18717.57,0,0,0,0
2009-08-17 01:00:00,0,2166.3,0,278.12,10303.66,5421.99,6067.16,0,0,1978.14,13317.43,222.01,0,14481.6,1392.45,4216.27,78140.32,0,18126.01,0,0,99360.16,0,0,0,2646.69,2456.33,0,25139.87,30640.45,72.66,2241.75,17385.63,0,0,0,0
2009-08-17 02:00:00,0,1999.22,0,260.65,9868.63,5141.33,5757.35,0,0,1858.86,12564.78,204.72,0,14115.49,1319.43,3997.45,74084.4,0,17293.4,0,0,95585.14,0,0,0,2565.59,2360.61,0,24158.15,28957.02,68.31,2144.46,16533.14,0,0,0,0
2009-08-17 03:00:00,0,1915.18,0,254.48,9732.99,5046.8,5665.02,0,0,1804.46,12224.38,195.53,0,13939.34,1292.41,3836.73,71711.91,0,16864.72,0,0,93738.45,0,0,0,2533.05,2333.49,0,23683.59,27960.05,65.59,2111.19,15835.92,0,0,0,0
2009-08-17 04:00:00,0,1894.22,0,264.08,9828.94,5071.39,5743.05,0,0,1842.47,12293.4,200.91,0,13885.07,1333.39,3851.92,71451.92,0,16881.04,0,0,94077.78,0,0,0,2558.38,2358.97,0,23781.62,27361.08,64.29,2145.34,15668.83,0,0,0,0
2009-08-17 05:00:00,0,1910.73,0,274.65,10211.32,5266.51,5891.94,0,0,1905.11,12712.29,207.05,0,13989.37,1381.0,3927.22,72279.73,0,17188.56,0,0,95089.35,0,0,0,2615.95,2396.57,0,24194.24,27454.13,64.07,2214.48,15832.06,0,0,0,0
2009-08-17 06:00:00,0,1941.13,0,284.25,10886.44,5467.25,6161.56,0,0,1974.52,13181.02,213.99,0,15483.7,1440.32,4009.68,73321.34,0,19261.45,0,0,100634.71,0,0,0,2673.91,2437.69,0,24655.85,27812.27,65.25,2279.65,16039.58,0,0,0,0
2009-08-17 07:00:00,0,2013.71,0,312.18,11458.77,5981.92,6597.03,0,0,2169.98,14381.94,230.73,0,16703.27,1561.63,4406.74,76190.89,0,21001.06,0,0,106144.58,0,0,0,2754.99,2503.83,0,25930.54,28516.85,66.97,2458.23,17134.35,0,0,0,0
2009-08-17 08:00:00,0,2177.24,0,332.16,12273.26,6543.67,7171.68,0,0,2380.99,15930.62,247.23,0,17740.94,1647.74,4724.89,80965.76,0,22606.38,0,0,112861.77,0,0,0,2905.91,2639.88,0,27059.76,30535.61,71.08,2665.19,18326.96,0,0,0,0
2009-08-17 09:00:00,0,2335.31,0,349.23,13062.75,7182.46,7804.78,0,0,2559.29,17501.99,264.17,0,18790.01,1734.78,4951.44,85635.54,0,24038.13,0,0,120435.67,0,0,0,3062.09,2848.37,0,28293.84,32607.79,76.24,2905.32,19675.78,0,0,0,0
2009-08-17 10:00:00,0,2540.53,0,375.96,14267.87,7937.13,8587.08,0,0,2756.88,18970.94,283.67,0,19499.17,1831.2,5300.44,89659.2,0,25342.63,0,0,130013.25,0,0,0,3353.17,3131.98,0,30653.59,34624.96,82.45,3207.37,21174.16,0,0,0,0
2009-08-17 11:00:00,0,2720.29,0,413.19,15424.08,8729.75,9120.45,0,0,2939.03,20237.48,302.4,0,19828.14,1911.78,5610.25,93508.92,0,26352.38,0,0,136888.66,0,0,0,3585.02,3377.92,0,32721.45,36488.98,88.18,3505.31,22494.74,0,0,0,0
2009-08-17 12:00:00,0,2899.17,0,446.36,16337.85,9410.91,9592.07,0,0,3088.78,21265.91,319.23,0,20095.15,1994.3,5857.69,97140.26,0,27035.69,0,0,141789.51,0,0,0,3779.06,3577.15,0,34390.06,38423.76,94.39,3757.29,23720.63,0,0,0,0
2009-08-17 13:00:00,0,3014.17,0,468.17,17114.08,9875.8,10024.64,0,0,3178.92,21931.47,331.53,0,20435.66,2074.69,6055.38,99883.7,0,27455.9,0,0,144896.22,0,0,0,3944.51,3736.51,0,35649.71,39863.59,98.52,3911.52,24715.78,0,0,0,0
2009-08-17 14:00:00,0,3105.29,0,484.74,17625.34,9995.38,10418.76,0,0,3220.44,22278.76,334.74,0,20837.2,2157.72,6201.88,102215.28,0,27840.32,0,0,147054.35,0,0,0,4069.01,3860.38,0,36590.21,40917.99,101.45,3907.61,25489.62,0,0,0,0
2009-08-17 15:00:00,0,3210.73,0,495.26,17924.31,9943.88,10690.99,0,0,3265.79,22412.13,336.1,0,21212.65,2227.38,6296.9,103002.48,0,28061.51,0,0,147969.9,0,0,0,4140.8,3945.37,0,37067.11,42117.65,102.43,3797.8,25913.38,0,0,0,0
2009-08-17 16:00:00,0,3304.82,0,491.97,18051.1,9715.58,10798.17,0,0,3227.35,21997.65,347.18,0,21395.17,2266.97,6273.3,102705.93,0,28126.24,0,0,147947.39,0,0,0,4172.15,3988.71,0,37239.95,42984.47,102.49,3683.24,25936.28,0,0,0,0
2009-08-17 17:00:00,0,3360.28,0,488.38,17864.0,9458.13,10689.73,0,0,3157.58,21341.8,346.75,0,21467.44,2266.04,6190.85,102116.76,0,28015.5,0,0,146323.65,0,0,0,4112.38,3970.69,0,36902.52,43091.21,104.31,3609.08,25415.28,0,0,0,0
2009-08-17 18:00:00,0,3362.88,0,477.32,17330.18,9066.32,10377.34,0,0,3029.77,20493.95,342.78,0,21067.69,2202.16,5997.64,100789.64,0,27367.4,0,0,143416.02,0,0,0,3986.11,3864.9,0,36166.25,41948.42,102.25,3455.93,24637.58,0,0,0,0
2009-08-17 19:00:00,0,3293.25,0,450.75,17185.95,8826.18,10060.23,0,0,2990.91,19813.84,344.23,0,21135.15,2145.74,5847.95,100930.75,0,27773.98,0,0,137936.68,0,0,0,3907.37,3691.28,0,35656.74,40569.4,98.7,3298.33,24129.3,0,0,0,0
2009-08-17 20:00:00,0,3007.42,0,428.8,16388.23,8441.4,9330.98,0,0,2824.5,18896.89,333.29,0,19828.01,2021.07,5547.35,98126.92,0,26540.18,0,0,131077.3,0,0,0,3748.11,3489.75,0,34643.2,38992.29,95.05,3089.53,23367.3,0,0,0,0
2009-08-17 21:00:00,0,2771.96,0,399.01,15509.54,7880.3,8660.68,0,0,2645.06,17892.85,316.14,0,18622.41,1883.88,5206.18,95295.89,0,25315.6,0,0,123885.1,0,0,0,3542.2,3307.0,0,33355.98,37214.02,89.65,2912.19,22729.74,0,0,0,0
2009-08-17 22:00:00,0,2596.69,0,370.71,14229.91,7239.97,8004.81,0,0,2467.5,16787.65,291.71,0,17508.94,1750.95,4907.38,91081.76,0,23715.91,0,0,117692.26,0,0,0,3280.2,3075.76,0,30977.81,35623.86,84.81,2736.93,21348.55,0,0,0,0
2009-08-17 23:00:00,0,2383.86,0,342.81,13043.23,6605.06,7384.65,0,0,2287.84,15586.91,267.66,0,16425.6,1631.21,4635.47,86283.71,0,22123.68,0,0,111886.64,0,0,0,3036.45,2859.09,0,28810.61,33231.56,80.49,2563.06,19841.34,0,0,0,0
2009-08-18 00:00:00,0,2176.85,0,317.59,11957.07,5997.27,6767.13,0,0,2123.97,14444.67,245.86,0,15354.98,1517.69,4380.06,81572.02,0,20620.13,0,0,106165.9,0,0,0,2818.9,2645.12,0,26743.49,31021.17,76.2,2394.5,18397.43,0,0,0,0
2009-08-18 01:00:00,0,1985.55,0,291.89,11030.06,5477.5,6209.06,0,0,1980.38,13386.19,222.22,0,14706.04,1405.62,4151.34,76978.44,0,19221.88,0,0,101042.58,0,0,0,2651.89,2455.45,0,25299.11,28851.16,71.8,2242.41,17107.63,0,0,0,0
2009-08-18 02:00:00,0,1885.57,0,275.08,10458.57,5201.31,5863.77,0,0,1867.52,12695.98,204.96,0,14380.74,1332.78,3934.24,72688.93,0,18270.85,0,0,97062.61,0,0,0,2566.36,2367.41,0,24480.08,27560.52,67.48,2149.16,16253.26,0,0,0,0
2009-08-18 03:00:00,0,1820.63,0,270.42,10188.82,5111.16,5740.21,0,0,1816.91,12412.43,198.06,0,14273.94,1310.4,3754.92,70612.67,0,17744.44,0,0,95047.59,0,0,0,2527.98,2330.39,0,23939.24,26867.25,63.7,2108.9,15688.96,0,0,0,0
2009-08-18 04:00:00,0,1822.01,0,275.49,10196.65,5146.85,5818.69,0,0,1852.5,12427.18,202.8,0,14279.88,1358.12,3774.45,70253.08,0,17609.55,0,0,95173.18,0,0,0,2541.95,2342.17,0,24209.54,26449.19,62.09,2145.58,15750.13,0,0,0,0
2009-08-18 05:00:00,0,1834.91,0,283.65,10541.5,5348.26,5964.26,0,0,1908.64,12813.19,208.89,0,14410.48,1409.08,3854.19,70962.98,0,17783.72,0,0,96012.71,0,0,0,2594.3,2376.19,0,24636.06,26544.08,62.41,2209.75,16083.71,0,0,0,0
2009-08-18 06:00:00,0,1844.02,0,292.84,11091.84,5546.24,6180.21,0,0,1968.95,13224.25,215.23,0,15872.37,1459.36,3938.41,71804.85,0,19730.03,0,0,100972.23,0,0,0,2656.37,2419.15,0,25058.62,26815.98,63.11,2280.84,16512.68,0,0,0,0
2009-08-18 07:00:00,0,1907.46,0,325.25,11842.88,5983.56,6632.86,0,0,2159.61,14376.82,232.97,0,17024.95,1588.69,4279.83,74509.35,0,21312.48,0,0,106897.51,0,0,0,2763.6,2502.55,0,26319.09,27411.87,65.08,2407.07,17311.94,0,0,0,0
2009-08-18 08:00:00,0,2089.26,0,349.81,12617.99,6488.92,7164.87,0,0,2361.82,15791.81,252.65,0,18163.79,1683.2,4578.35,78440.01,0,22784.21,0,0,112247.28,0,0,0,2979.81,2687.52,0,27553.0,29315.01,70.34,2520.88,18310.73,0,0,0,0
2009-08-18 09:00:00,0,2219.18,0,375.0,13394.65,7158.24,7730.39,0,0,2537.23,17220.98,269.95,0,19226.07,1793.45,4830.07,82481.94,0,23981.08,0,0,117728.36,0,0,0,3172.84,2912.34,0,28861.67,30893.17,77.09,2765.29,19169.32,0,0,0,0
2009-08-18 10:00:00,0,2389.13,0,407.01,14598.93,7893.18,8544.79,0,0,2730.33,18655.22,290.51,0,20038.84,1914.8,4993.67,86051.81,0,25082.55,0,0,124649.87,0,0,0,3439.25,3182.53,0,30905.88,33124.42,83.21,3135.14,19948.26,0,0,0,0
2009-08-18 11:00:00,0,2614.98,0,439.53,15644.43,8634.72,9176.77,0,0,2886.89,19950.32,310.66,0,20527.36,2024.43,5163.17,89307.95,0,26075.82,0,0,131833.17,0,0,0,3665.11,3423.08,0,33304.09,35376.35,89.55,3454.78,21006.51,0,0,0,0
2009-08-18 12:00:00,0,2795.33,0,467.95,16549.6,9149.52,9733.31,0,0,2991.24,21008.64,327.57,0,20806.59,2108.3,5374.56,93139.28,0,26927.05,0,0,136394.59,0,0,0,3852.82,3624.1,0,35261.99,37065.82,95.05,3638.5,22274.05,0,0,0,0
2009-08-18 13:00:00,0,2933.74,0,490.34,17307.05,9558.65,10191.8,0,0,3106.09,21753.37,341.16,0,21098.3,2174.99,5517.8,95967.08,0,27392.8,0,0,139624.41,0,0,0,4018.47,3799.57,0,36825.12,38249.23,99.74,3711.17,23451.05,0,0,0,0
2009-08-18 14:00:00,0,3067.73,0,509.4,17794.89,9775.32,10535.42,0,0,3193.22,22126.79,352.93,0,21508.22,2244.01,5634.02,97718.43,0,27635.05,0,0,141729.29,0,0,0,4166.27,3953.41,0,37999.96,39228.51,103.16,3687.5,24255.07,0,0,0,0
2009-08-18 15:00:00,0,3128.39,0,520.74,18026.62,9864.91,10706.37,0,0,3247.94,22385.85,356.94,0,21864.75,2293.85,5654.76,98943.04,0,27672.95,0,0,142545.7,0,0,0,4264.09,4054.09,0,38627.51,39992.49,105.25,3636.41,24672.45,0,0,0,0
2009-08-18 16:00:00,0,3104.01,0,524.34,18067.81,9894.13,10762.24,0,0,3258.42,22291.87,355.66,0,21982.1,2314.72,5676.71,98797.64,0,27505.8,0,0,142283.34,0,0,0,4309.34,4109.67,0,38426.38,40404.85,104.35,3687.02,24882.95,0,0,0,0
2009-08-18 17:00:00,0,3097.12,0,508.05,17985.21,9805.04,10671.84,0,0,3217.84,21759.31,356.02,0,21858.67,2302.74,5618.21,98331.12,0,27302.12,0,0,141187.4,0,0,0,4261.31,4098.04,0,37786.18,40489.06,102.28,3702.68,24792.94,0,0,0,0
2009-08-18 18:00:00,0,3074.44,0,491.34,17544.25,9563.35,10425.17,0,0,3102.39,20929.99,353.06,0,21264.51,2234.49,5545.58,97111.75,0,26816.24,0,0,139136.51,0,0,0,4134.39,3998.09,0,36887.12,40173.51,102.28,3677.21,24565.43,0,0,0,0
2009-08-18 19:00:00,0,3056.89,0,456.66,17426.27,9140.37,10150.72,0,0,3038.95,20133.34,343.93,0,21241.55,2155.29,5425.31,97306.44,0,27288.46,0,0,134735.52,0,0,0,4017.84,3792.56,0,36137.36,39282.94,98.26,3473.6,24312.94,0,0,0,0
2009-08-18 20:00:00,0,2884.7,0,439.22,16632.5,8685.29,9442.44,0,0,2822.43,18989.6,330.14,0,19968.89,2027.81,5181.36,93378.31,0,26347.16,0,0,129392.36,0,0,0,3849.08,3587.29,0,34881.72,38109.95,93.97,3255.66,23642.55,0,0,0,0
2009-08-18 21:00:00,0,2706.1,0,412.97,15717.75,8023.98,8782.11,0,0,2635.81,17948.57,310.33,0,18781.29,1899.05,4922.68,89549.18,0,25388.18,0,0,123442.0,0,0,0,3647.25,3400.99,0,33525.15,36444.61,88.52,3048.04,23110.3,0,0,0,0
2009-08-18 22:00:00,0,2578.39,0,382.4,14439.89,7345.27,8127.73,0,0,2462.27,16836.38,285.31,0,17607.21,1765.89,4670.22,85131.79,0,24010.96,0,0,117890.28,0,0,0,3391.25,3188.97,0,31234.82,35422.67,83.62,2845.43,21750.28,0,0,0,0
2009-08-18 23:00:00,0,2385.23,0,351.9,13317.27,6702.12,7522.61,0,0,2296.26,15659.65,265.0,0,16491.84,1640.35,4402.59,80567.97,0,22579.28,0,0,112242.84,0,0,0,3149.43,2972.87,0,29159.71,33441.17,78.93,2654.61,20310.21,0,0,0,0
2009-08-19 00:00:00,0,2192.98,0,323.26,12322.77,6062.22,6942.19,0,0,2126.07,14532.21,242.98,0,15511.49,1522.0,4164.26,76312.69,0,21363.93,0,0,106877.37,0,0,0,2926.98,2747.56,0,27125.51,31644.83,74.42,2464.78,18851.16,0,0,0,0
2009-08-19 01:00:00,0,2007.84,0,296.92,11400.7,5577.62,6382.24,0,0,1981.83,13531.12,221.91,0,14913.14,1396.79,3946.64,72251.66,0,20166.4,0,0,102050.3,0,0,0,2765.84,2560.69,0,25727.86,29857.55,70.4,2289.41,17547.51,0,0,0,0
2009-08-19 02:00:00,0,1868.3,0,276.55,10849.28,5303.48,6022.91,0,0,1874.11,12789.2,206.4,0,14785.44,1319.95,3747.78,68684.67,0,19115.16,0,0,97946.06,0,0,0,2666.43,2448.88,0,24849.1,28245.93,66.79,2187.19,16609.92,0,0,0,0
2009-08-19 03:00:00,0,1787.19,0,268.96,10535.03,5189.24,5911.95,0,0,1825.43,12467.93,200.32,0,14792.01,1299.44,3631.82,67066.64,0,18753.17,0,0,95951.96,0,0,0,2613.99,2405.62,0,24160.71,27311.15,63.06,2142.58,16007.02,0,0,0,0
2009-08-19 04:00:00,0,1801.28,0,275.42,10557.71,5187.66,5997.65,0,0,1856.24,12451.51,204.31,0,14923.8,1342.2,3664.77,67227.98,0,18746.26,0,0,96209.38,0,0,0,2622.51,2416.28,0,24219.02,27023.09,62.22,2182.93,16064.93,0,0,0,0
2009-08-19 05:00:00,0,1839.43,0,287.62,10906.56,5367.12,6164.9,0,0,1905.38,12780.16,209.6,0,15005.65,1388.07,3757.03,68173.9,0,19038.22,0,0,97368.05,0,0,0,2670.22,2444.41,0,24657.06,27370.28,62.82,2249.98,16364.86,0,0,0,0
2009-08-19 06:00:00,0,1886.24,0,296.61,11509.03,5543.8,6427.52,0,0,1963.15,13175.43,215.37,0,16304.24,1433.22,3858.32,69450.54,0,20340.77,0,0,100560.97,0,0,0,2725.23,2480.69,0,25113.24,27822.67,64.18,2321.92,16629.24,0,0,0,0
2009-08-19 07:00:00,0,1966.65,0,322.51,12327.73,5921.77,6974.38,0,0,2132.22,14139.81,229.39,0,17184.01,1533.23,4167.2,73294.65,0,21334.58,0,0,105875.71,0,0,0,2840.06,2585.6,0,26372.64,28474.6,66.37,2452.86,17474.45,0,0,0,0
2009-08-19 08:00:00,0,2108.2,0,347.44,13061.46,6495.16,7537.26,0,0,2329.13,15387.16,245.52,0,18070.74,1651.48,4448.01,77402.16,0,22332.12,0,0,111652.41,0,0,0,3059.31,2786.16,0,27679.23,30332.64,71.31,2604.37,18713.19,0,0,0,0
2009-08-19 09:00:00,0,2200.3,0,376.12,13818.3,7222.58,8195.2,0,0,2519.24,16528.5,260.26,0,19071.74,1796.28,4662.3,82070.9,0,23833.63,0,0,117434.24,0,0,0,3234.13,3011.53,0,28959.98,31676.32,76.74,2865.66,19811.11,0,0,0,0
2009-08-19 10:00:00,0,2321.83,0,416.89,14993.99,8007.36,9008.3,0,0,2706.63,17695.67,285.36,0,19708.02,1957.26,4949.49,85874.87,0,24857.03,0,0,124468.11,0,0,0,3521.42,3316.63,0,31098.97,33173.6,82.79,3191.04,21140.2,0,0,0,0
2009-08-19 11:00:00,0,2480.25,0,447.72,16023.62,8789.12,9643.03,0,0,2869.76,18781.7,313.31,0,20126.03,2085.54,5220.39,89212.27,0,25681.94,0,0,129999.77,0,0,0,3757.01,3568.88,0,33625.7,35076.52,88.17,3474.55,22160.59,0,0,0,0
2009-08-19 12:00:00,0,2668.91,0,467.39,16847.84,9389.75,10133.88,0,0,2985.14,19632.56,336.84,0,20548.57,2176.52,5429.05,92930.21,0,26244.7,0,0,133315.01,0,0,0,3931.1,3761.22,0,35541.42,37011.33,91.88,3712.35,23144.64,0,0,0,0
2009-08-19 13:00:00,0,2801.85,0,481.89,17536.22,9824.46,10555.01,0,0,3065.25,20299.93,355.95,0,20985.87,2246.55,5625.31,96143.31,0,26275.25,0,0,136826.88,0,0,0,4057.3,3895.9,0,36915.7,38486.3,96.03,3852.24,23940.95,0,0,0,0
2009-08-19 14:00:00,0,2943.35,0,492.56,18019.58,10066.78,10891.82,0,0,3114.3,20907.36,371.28,0,21250.46,2298.13,5732.65,98414.06,0,26670.18,0,0,140588.39,0,0,0,4172.8,4004.2,0,37621.08,39801.29,99.49,3882.77,24404.28,0,0,0,0
2009-08-19 15:00:00,0,3040.51,0,501.25,18249.14,10150.12,11109.78,0,0,3152.82,21264.28,379.13,0,21523.81,2344.58,5849.8,99542.13,0,27114.38,0,0,143109.22,0,0,0,4268.88,4084.86,0,37934.29,40989.52,101.58,3880.07,24672.49,0,0,0,0
2009-08-19 16:00:00,0,3116.46,0,501.14,18113.36,10082.86,11108.09,0,0,3150.81,21401.94,382.83,0,21698.95,2372.88,5830.41,99446.35,0,27225.36,0,0,144358.79,0,0,0,4280.34,4083.54,0,37845.02,41966.77,103.01,3849.8,24726.58,0,0,0,0
2009-08-19 17:00:00,0,3198.67,0,492.64,17664.17,9845.03,10883.67,0,0,3114.23,21104.06,372.34,0,21772.06,2351.74,5844.24,98812.03,0,27436.07,0,0,143629.47,0,0,0,4213.41,4028.01,0,37510.27,42200.39,103.92,3768.07,24673.45,0,0,0,0
2009-08-19 18:00:00,0,3229.26,0,482.28,17013.24,9417.79,10540.81,0,0,3021.66,20600.23,362.08,0,21644.93,2281.9,5751.11,97676.5,0,27001.84,0,0,142767.77,0,0,0,4114.75,3946.79,0,36855.67,41436.96,101.84,3609.13,24416.87,0,0,0,0
2009-08-19 19:00:00,0,3170.12,0,460.95,17024.98,9005.38,10264.97,0,0,2989.96,20029.21,350.06,0,21858.86,2151.75,5526.31,97714.71,0,27323.47,0,0,136942.96,0,0,0,3984.48,3765.3,0,36080.12,40347.35,98.36,3386.37,24201.07,0,0,0,0
2009-08-19 20:00:00,0,2950.1,0,439.59,16428.11,8544.68,9587.54,0,0,2806.64,19011.23,328.65,0,20489.81,2026.77,5308.43,94867.76,0,26156.75,0,0,131683.43,0,0,0,3835.37,3579.06,0,35099.78,38969.82,93.77,3144.08,23578.93,0,0,0,0
2009-08-19 21:00:00,0,2761.84,0,409.24,15616.24,7940.18,8957.42,0,0,2624.55,17943.72,305.28,0,19136.62,1907.45,5055.56,92115.26,0,24870.31,0,0,125740.93,0,0,0,3634.25,3386.96,0,33854.55,37224.46,88.16,2964.3,23112.1,0,0,0,0
2009-08-19 22:00:00,0,2563.56,0,378.99,14459.96,7314.73,8362.76,0,0,2438.61,16679.2,285.51,0,17865.84,1784.17,4812.99,88080.44,0,23300.2,0,0,120427.17,0,0,0,3401.47,3191.38,0,31654.11,35239.28,82.68,2818.26,21824.86,0,0,0,0
2009-08-19 23:00:00,0,2357.73,0,348.2,13339.81,6679.81,7778.65,0,0,2267.98,15372.01,267.43,0,16588.41,1653.69,4594.89,83797.03,0,21754.84,0,0,115291.42,0,0,0,3176.52,2987.81,0,29522.65,32591.06,77.53,2650.69,20428.35,0,0,0,0
2009-08-20 00:00:00,0,2168.69,0,317.59,12291.01,6046.42,7199.36,0,0,2096.83,14192.85,247.18,0,15266.6,1528.34,4394.93,80123.36,0,20408.9,0,0,110383.78,0,0,0,2967.58,2793.53,0,27482.51,30424.48,74.45,2462.08,18995.63,0,0,0,0
2009-08-20 01:00:00,0,1992.19,0,290.83,11428.38,5531.67,6674.65,0,0,1936.76,13110.82,224.39,0,14368.23,1407.6,4197.37,76704.83,0,18971.88,0,0,105631.37,0,0,0,2809.75,2641.02,0,26077.66,28535.39,71.2,2293.91,17665.36,0,0,0,0
2009-08-20 02:00:00,0,1850.53,0,270.3,10898.52,5238.78,6307.79,0,0,1820.26,12398.85,206.45,0,13908.78,1323.08,4000.86,73395.0,0,18188.54,0,0,101261.92,0,0,0,2707.72,2529.65,0,25295.14,27047.77,67.4,2194.35,16785.47,0,0,0,0
2009-08-20 03:00:00,0,1782.74,0,265.76,10628.31,5105.66,6234.82,0,0,1775.44,12092.94,198.87,0,13684.08,1289.39,3854.41,71424.41,0,17843.78,0,0,99039.48,0,0,0,2666.44,2490.86,0,24666.4,26191.81,65.8,2122.92,16178.42,0,0,0,0
2009-08-20 04:00:00,0,1803.12,0,271.71,10719.0,5121.57,6303.98,0,0,1816.16,12165.58,202.81,0,13545.1,1331.04,3865.99,71468.73,0,17750.86,0,0,98991.99,0,0,0,2678.88,2477.54,0,24680.12,25999.89,65.26,2147.86,16184.47,0,0,0,0
2009-08-20 05:00:00,0,1836.02,0,279.96,11099.4,5286.39,6472.27,0,0,1871.81,12566.65,208.39,0,13556.48,1378.83,3944.0,72478.86,0,17948.83,0,0,100077.23,0,0,0,2727.56,2510.24,0,25104.95,26064.23,64.87,2212.06,16445.16,0,0,0,0
2009-08-20 06:00:00,0,1882.65,0,288.64,11667.12,5459.57,6720.88,0,0,1927.2,12985.14,213.75,0,14747.32,1425.73,4035.07,73570.55,0,19251.75,0,0,104015.4,0,0,0,2784.63,2542.51,0,25602.59,26457.58,66.12,2278.71,16735.16,0,0,0,0
2009-08-20 07:00:00,0,1949.2,0,318.4,12371.45,5914.77,7187.64,0,0,2107.42,14054.44,227.2,0,15774.66,1532.48,4374.84,75899.11,0,20772.25,0,0,109521.44,0,0,0,2923.16,2655.61,0,26710.29,27194.66,67.53,2444.03,17645.31,0,0,0,0
2009-08-20 08:00:00,0,2046.08,0,344.02,13006.46,6408.4,7723.94,0,0,2314.51,15595.53,239.85,0,16642.91,1607.08,4619.14,79545.31,0,22316.37,0,0,114814.33,0,0,0,3146.94,2905.48,0,27816.23,28747.03,70.63,2620.9,18708.44,0,0,0,0
2009-08-20 09:00:00,0,2087.3,0,366.25,13824.28,7053.2,8429.02,0,0,2517.82,17209.65,252.86,0,17574.98,1741.6,4848.84,83117.64,0,23691.47,0,0,120776.02,0,0,0,3355.17,3167.22,0,29172.92,30057.43,74.67,2840.97,19744.31,0,0,0,0
2009-08-20 10:00:00,0,2179.42,0,397.86,14978.69,7865.88,9213.84,0,0,2748.83,18891.77,276.05,0,18352.6,1909.3,5005.3,86029.09,0,24999.88,0,0,127981.09,0,0,0,3635.12,3460.98,0,31868.37,31569.26,78.45,3145.59,20909.7,0,0,0,0
2009-08-20 11:00:00,0,2314.82,0,429.33,16137.92,8750.88,9828.11,0,0,2969.34,20452.92,301.76,0,18955.52,2057.64,5143.62,88765.39,0,26085.66,0,0,134128.57,0,0,0,3862.17,3712.66,0,34427.93,33226.52,83.06,3445.25,21824.33,0,0,0,0
2009-08-20 12:00:00,0,2436.85,0,452.53,17070.63,9430.4,10297.78,0,0,3137.58,21563.65,323.1,0,19543.24,2177.31,5250.16,91675.73,0,26830.18,0,0,138710.47,0,0,0,4051.9,3913.6,0,36319.07,34615.66,86.34,3667.78,22428.99,0,0,0,0
2009-08-20 13:00:00,0,2573.2,0,468.81,17836.11,9884.64,10705.7,0,0,3255.02,22255.34,332.34,0,20101.76,2262.48,5332.56,93892.61,0,27283.49,0,0,141890.74,0,0,0,4206.04,4060.43,0,37604.07,35706.1,89.44,3813.93,23090.45,0,0,0,0
2009-08-20 14:00:00,0,2674.27,0,488.4,18328.11,10207.62,11014.24,0,0,3337.81,22678.4,341.92,0,20613.91,2326.11,5413.11,95634.88,0,27738.0,0,0,143512.17,0,0,0,4322.65,4175.61,0,38166.43,36689.44,91.69,3916.51,23690.06,0,0,0,0
2009-08-20 15:00:00,0,2742.76,0,510.03,18541.39,10427.44,11193.46,0,0,3367.99,22917.1,356.74,0,20966.45,2361.3,5463.85,96219.29,0,27869.25,0,0,144090.79,0,0,0,4393.62,4244.45,0,37721.17,37379.25,93.87,3986.03,23809.05,0,0,0,0
2009-08-20 16:00:00,0,2785.07,0,513.63,18529.37,10471.05,11180.13,0,0,3368.14,22866.6,366.46,0,21043.0,2341.67,5472.19,95750.45,0,28005.27,0,0,144642.2,0,0,0,4400.44,4263.78,0,37160.96,37640.29,95.23,4020.81,23675.62,0,0,0,0
2009-08-20 17:00:00,0,2815.28,0,499.65,18366.09,10262.03,11027.62,0,0,3288.07,22316.74,359.7,0,20968.49,2293.04,5490.46,94890.98,0,27870.93,0,0,143111.24,0,0,0,4316.18,4204.29,0,36772.44,37686.44,95.62,3964.04,23643.52,0,0,0,0
2009-08-20 18:00:00,0,2792.84,0,476.76,17801.72,9836.82,10780.44,0,0,3131.17,21366.26,356.54,0,20829.32,2243.02,5360.62,93415.56,0,27411.93,0,0,141309.31,0,0,0,4186.59,4056.28,0,35989.97,37067.59,92.91,3818.29,23564.37,0,0,0,0
2009-08-20 19:00:00,0,2839.74,0,454.78,17473.4,9364.01,10417.87,0,0,3059.7,20785.03,356.65,0,21079.22,2152.8,5275.15,93545.65,0,27840.91,0,0,135536.71,0,0,0,4063.75,3845.12,0,35853.95,36770.59,89.0,3653.44,23688.32,0,0,0,0
2009-08-20 20:00:00,0,2672.57,0,434.89,16801.41,8897.27,9731.98,0,0,2847.2,19509.0,344.85,0,20000.77,2023.77,5124.26,91434.07,0,26881.13,0,0,131401.48,0,0,0,3907.06,3646.05,0,34981.21,35784.62,86.79,3409.42,23139.5,0,0,0,0
2009-08-20 21:00:00,0,2548.16,0,406.88,15900.98,8268.1,9060.14,0,0,2662.85,18368.27,324.88,0,19003.66,1893.73,4884.19,88625.25,0,26058.64,0,0,125560.53,0,0,0,3691.7,3442.2,0,33787.08,34163.28,81.58,3189.36,22626.62,0,0,0,0
2009-08-20 22:00:00,0,2394.1,0,376.91,14777.66,7607.47,8440.23,0,0,2487.98,17219.11,300.38,0,18115.25,1763.66,4672.7,84445.56,0,24759.53,0,0,120203.54,0,0,0,3433.71,3240.39,0,31630.25,32812.54,76.59,2984.13,21433.65,0,0,0,0
2009-08-20 23:00:00,0,2154.12,0,349.39,13689.87,6961.05,7828.35,0,0,2312.92,16054.31,277.02,0,17138.59,1639.1,4471.91,79801.79,0,23560.88,0,0,115229.17,0,0,0,3200.77,3022.16,0,29537.94,30625.35,71.86,2778.34,20143.38,0,0,0,0
2009-08-21 00:00:00,0,1931.09,0,321.97,12655.02,6318.3,7249.67,0,0,2134.35,14822.56,254.46,0,16167.43,1521.41,4267.45,75797.46,0,22388.42,0,0,110245.84,0,0,0,2986.46,2808.13,0,27462.15,28602.47,67.1,2590.88,18984.9,0,0,0,0
2009-08-21 01:00:00,0,1728.46,0,296.33,11790.79,5773.6,6705.19,0,0,1978.51,13657.55,231.52,0,15518.65,1406.04,4065.1,72020.8,0,21320.02,0,0,105796.64,0,0,0,2808.9,2624.32,0,25979.52,26761.46,63.36,2398.54,17985.19,0,0,0,0
2009-08-21 02:00:00,0,1602.07,0,275.99,11254.41,5465.77,6298.49,0,0,1861.88,12856.03,212.58,0,15271.19,1327.26,3879.79,68558.69,0,20434.29,0,0,101949.54,0,0,0,2694.38,2510.09,0,25044.64,25340.3,60.56,2280.24,17185.2,0,0,0,0
2009-08-21 03:00:00,0,1547.16,0,270.32,10942.62,5308.59,6155.71,0,0,1821.62,12488.36,203.89,0,15190.06,1300.15,3748.04,66384.72,0,20171.06,0,0,99931.98,0,0,0,2640.43,2466.11,0,24417.34,24596.87,58.48,2211.86,16621.88,0,0,0,0
2009-08-21 04:00:00,0,1533.23,0,276.3,10927.67,5325.02,6180.74,0,0,1852.64,12479.02,207.03,0,15246.79,1339.08,3767.96,66158.39,0,20091.25,0,0,99764.15,0,0,0,2651.08,2451.9,0,24581.99,24284.16,58.25,2216.93,16564.06,0,0,0,0
2009-08-21 05:00:00,0,1569.91,0,284.41,11213.92,5476.03,6323.19,0,0,1905.66,12811.54,212.6,0,15500.87,1377.87,3852.55,66986.01,0,20348.19,0,0,100799.91,0,0,0,2697.85,2483.96,0,25144.34,24695.1,58.69,2271.16,16771.71,0,0,0,0
2009-08-21 06:00:00,0,1606.32,0,293.55,11694.96,5630.64,6540.63,0,0,1959.53,13178.87,218.0,0,16519.84,1420.09,3934.16,68153.21,0,21692.65,0,0,104417.96,0,0,0,2754.18,2527.02,0,25709.84,25233.32,59.27,2332.96,16912.68,0,0,0,0
2009-08-21 07:00:00,0,1684.83,0,328.11,12508.96,6054.54,7037.68,0,0,2129.11,14177.52,232.29,0,17427.43,1524.64,4186.55,71218.36,0,23266.62,0,0,109431.84,0,0,0,2912.96,2657.43,0,26866.24,25903.07,60.49,2529.02,17387.57,0,0,0,0
2009-08-21 08:00:00,0,1826.63,0,357.81,13141.44,6704.97,7557.52,0,0,2340.94,15592.84,253.57,0,18213.49,1626.25,4411.44,74570.02,0,24630.79,0,0,113632.67,0,0,0,3115.67,2870.82,0,27966.0,27361.74,63.47,2757.77,18183.06,0,0,0,0
2009-08-21 09:00:00,0,1884.86,0,391.05,13805.3,7455.76,8193.42,0,0,2567.4,17193.39,271.63,0,19601.91,1759.03,4539.23,77758.63,0,25919.87,0,0,119039.94,0,0,0,3300.76,3100.9,0,28845.32,28687.06,67.91,3009.96,18894.29,0,0,0,0
2009-08-21 10:00:00,0,1990.58,0,417.62,14821.7,8295.06,8957.11,0,0,2813.69,18936.48,294.83,0,20531.98,1923.29,4637.64,80062.22,0,27019.06,0,0,124010.79,0,0,0,3569.66,3381.86,0,30373.31,29892.14,71.4,3324.65,19626.8,0,0,0,0
2009-08-21 11:00:00,0,2113.86,0,436.91,15830.08,9080.52,9622.91,0,0,3002.63,20423.09,316.25,0,21118.14,2058.93,4826.27,82192.65,0,27701.48,0,0,128582.79,0,0,0,3796.25,3621.91,0,31691.02,31343.41,74.94,3594.92,20378.36,0,0,0,0
2009-08-21 12:00:00,0,2252.57,0,448.65,16628.44,9583.31,10112.26,0,0,3129.89,21341.95,337.29,0,21638.95,2172.77,5027.85,84977.59,0,28177.62,0,0,131943.13,0,0,0,3981.66,3814.94,0,33238.53,32762.59,78.56,3751.98,21120.67,0,0,0,0
2009-08-21 13:00:00,0,2384.54,0,450.44,17284.76,9877.64,10526.64,0,0,3208.77,21977.66,356.77,0,22075.31,2263.35,5195.52,87064.59,0,28313.94,0,0,134330.99,0,0,0,4109.09,3961.31,0,34352.61,34223.12,81.79,3845.24,22055.67,0,0,0,0
2009-08-21 14:00:00,0,2457.55,0,449.16,17778.8,10022.42,10867.97,0,0,3260.89,22401.68,370.05,0,22433.96,2338.47,5314.99,88081.05,0,28323.51,0,0,136119.77,0,0,0,4179.03,4045.83,0,35483.17,35306.41,84.07,3876.03,22856.23,0,0,0,0
2009-08-21 15:00:00,0,2469.79,0,442.39,17876.59,10012.35,11039.15,0,0,3269.22,22522.25,370.44,0,22639.85,2393.59,5371.63,88592.6,0,28194.72,0,0,137123.91,0,0,0,4219.69,4081.99,0,36351.68,36038.17,85.99,3879.53,23453.75,0,0,0,0
2009-08-21 16:00:00,0,2453.81,0,447.97,17756.81,9964.31,11045.77,0,0,3254.88,22347.27,372.33,0,22711.28,2395.97,5346.86,88647.03,0,27866.26,0,0,137658.73,0,0,0,4216.15,4083.88,0,36561.58,36498.79,87.25,3865.15,23827.87,0,0,0,0
2009-08-21 17:00:00,0,2491.22,0,449.17,17442.71,9848.56,10951.19,0,0,3203.79,21867.72,365.85,0,22553.47,2332.89,5333.54,88800.65,0,27512.67,0,0,137038.12,0,0,0,4156.08,4051.16,0,36256.1,36877.6,87.27,3854.74,23919.07,0,0,0,0
2009-08-21 18:00:00,0,2510.25,0,443.47,16876.17,9509.71,10659.79,0,0,3064.37,20961.44,358.53,0,21956.77,2175.55,5240.93,87613.28,0,26776.42,0,0,134174.17,0,0,0,4073.03,3949.69,0,35565.74,36758.3,85.36,3752.71,23530.52,0,0,0,0
2009-08-21 19:00:00,0,2683.5,0,404.7,16203.8,8643.92,10013.21,0,0,2885.22,19554.67,335.29,0,20974.96,2035.39,4845.24,84136.75,0,25337.58,0,0,122813.56,0,0,0,3863.29,3805.77,0,34474.35,35171.6,74.81,3484.26,22143.49,0,0,0,0
2009-08-21 20:00:00,0,2472.4,0,392.43,15718.02,8265.33,9340.21,0,0,2680.33,18242.57,320.69,0,19902.94,1929.28,4589.24,82454.33,0,24437.87,0,0,118212.47,0,0,0,3753.74,3676.16,0,33804.6,34453.96,73.83,3283.16,21161.08,0,0,0,0
2009-08-21 21:00:00,0,2320.1,0,370.56,14947.16,7760.25,8734.08,0,0,2499.54,17063.66,303.6,0,18934.41,1820.41,4275.7,79842.59,0,23641.34,0,0,112646.48,0,0,0,3628.26,3537.73,0,32710.41,32146.56,68.82,3076.69,20506.98,0,0,0,0
2009-08-21 22:00:00,0,2217.7,0,346.03,13806.26,7154.85,8172.93,0,0,2348.17,15991.8,278.31,0,17986.27,1716.09,4009.21,76469.35,0,22591.4,0,0,107686.15,0,0,0,3408.45,3369.01,0,30832.06,30202.04,63.92,2896.35,19079.0,0,0,0,0
2009-08-21 23:00:00,0,2006.97,0,322.29,12778.14,6565.29,7641.21,0,0,2209.53,14974.54,256.87,0,17051.04,1607.86,3776.69,72352.11,0,21474.16,0,0,102828.94,0,0,0,3197.72,3195.08,0,28994.02,28191.6,59.54,2720.82,17582.51,0,0,0,0
2009-08-22 00:00:00,0,1817.51,0,299.1,11886.42,6004.09,7122.51,0,0,2052.81,13923.44,235.25,0,16114.96,1497.74,3507.67,68400.08,0,20330.66,0,0,97611.73,0,0,0,3005.21,3018.32,0,27182.37,26546.3,56.5,2540.06,16225.35,0,0,0,0
2009-08-22 01:00:00,0,1663.55,0,277.63,11069.81,5515.37,6623.38,0,0,1912.89,12926.41,215.72,0,15323.72,1392.75,3252.95,64534.21,0,19201.25,0,0,92770.33,0,0,0,2839.81,2842.52,0,25835.18,25107.2,53.68,2359.32,15003.68,0,0,0,0
2009-08-22 02:00:00,0,1557.67,0,251.06,10372.33,5156.29,6212.31,0,0,1812.4,12268.04,201.78,0,14873.48,1325.71,3075.91,61673.89,0,18261.31,0,0,89123.77,0,0,0,2711.38,2681.23,0,24917.9,23882.92,51.14,2219.34,14077.91,0,0,0,0
2009-08-22 03:00:00,0,1478.19,0,241.92,9864.31,4911.69,5994.43,0,0,1739.98,11899.33,192.27,0,14734.77,1270.36,2963.79,59544.89,0,17930.14,0,0,86860.88,0,0,0,2628.23,2575.21,0,24233.6,22799.47,49.51,2105.34,13482.73,0,0,0,0
2009-08-22 04:00:00,0,1452.41,0,239.94,9695.4,4744.57,5861.8,0,0,1717.43,11630.16,186.68,0,14722.04,1245.01,2884.31,57759.7,0,17830.7,0,0,85874.31,0,0,0,2589.9,2538.51,0,23742.97,22134.68,48.79,2050.09,12981.23,0,0,0,0
2009-08-22 05:00:00,0,1460.15,0,243.6,9678.77,4762.91,5800.66,0,0,1723.89,11643.24,185.97,0,14632.53,1244.49,2857.41,56890.45,0,17769.97,0,0,85465.72,0,0,0,2588.2,2540.11,0,23527.86,21781.0,48.56,2042.96,12795.11,0,0,0,0
2009-08-22 06:00:00,0,1512.16,0,251.25,9815.97,4885.69,5921.36,0,0,1734.26,11699.79,187.21,0,14727.98,1257.03,2874.47,56926.97,0,17769.36,0,0,85501.73,0,0,0,2603.35,2555.25,0,23467.98,21851.19,48.82,2067.96,12871.98,0,0,0,0
2009-08-22 07:00:00,0,1594.93,0,269.0,10299.85,5250.89,6219.88,0,0,1823.0,12335.54,198.1,0,15161.46,1305.87,3010.63,58042.77,0,18627.63,0,0,88024.17,0,0,0,2718.0,2667.26,0,23543.66,21987.56,49.62,2199.22,13013.05,0,0,0,0
2009-08-22 08:00:00,0,1672.86,0,286.21,10905.83,5979.5,6650.84,0,0,2027.47,14138.88,214.24,0,15641.34,1393.66,3118.49,60401.39,0,19712.05,0,0,92085.36,0,0,0,2860.09,2870.93,0,23932.57,22383.09,50.92,2464.28,13623.05,0,0,0,0
2009-08-22 09:00:00,0,1794.33,0,307.79,11470.23,6805.07,7069.9,0,0,2262.79,16149.88,236.41,0,16195.26,1537.47,3213.28,63107.15,0,20814.26,0,0,95786.53,0,0,0,3064.98,3103.0,0,25480.52,24105.93,52.99,2779.27,14739.73,0,0,0,0
2009-08-22 10:00:00,0,1919.46,0,332.67,12318.81,7758.83,7799.19,0,0,2526.92,18005.17,262.08,0,16789.06,1711.78,3374.13,66080.83,0,21562.56,0,0,99908.9,0,0,0,3272.61,3338.65,0,27351.14,25713.61,55.8,3054.48,15527.31,0,0,0,0
2009-08-22 11:00:00,0,2034.02,0,370.58,13403.75,8462.45,8551.07,0,0,2735.05,19574.49,283.44,0,17236.71,1865.6,3598.52,68809.22,0,22096.2,0,0,104562.84,0,0,0,3478.59,3563.42,0,28887.31,27626.53,59.55,3270.46,16200.79,0,0,0,0
2009-08-22 12:00:00,0,2169.56,0,396.3,14301.09,8944.22,9126.9,0,0,2876.76,20606.98,290.6,0,17584.73,1975.78,3808.28,71625.03,0,22481.74,0,0,107813.24,0,0,0,3664.32,3758.97,0,30261.89,29323.7,63.09,3406.78,17030.57,0,0,0,0
2009-08-22 13:00:00,0,2294.75,0,421.39,15017.74,9286.23,9501.74,0,0,2990.68,21360.12,302.03,0,17874.73,2081.01,3954.77,73946.62,0,22778.16,0,0,108791.18,0,0,0,3789.35,3897.32,0,31198.5,30666.65,66.13,3504.81,17852.97,0,0,0,0
2009-08-22 14:00:00,0,2391.92,0,430.23,15538.21,9541.72,9725.09,0,0,3079.39,21731.14,313.71,0,18128.77,2078.5,4039.72,75405.3,0,22990.94,0,0,109584.64,0,0,0,3872.84,3984.6,0,31843.56,31872.65,69.19,3554.42,18583.34,0,0,0,0
2009-08-22 15:00:00,0,2444.64,0,444.46,15794.57,9642.64,9831.57,0,0,3140.38,21719.99,315.84,0,18462.04,2104.09,4039.28,76209.17,0,23104.0,0,0,110246.23,0,0,0,3918.37,4016.6,0,32326.56,32984.61,71.54,3565.29,19175.25,0,0,0,0
2009-08-22 16:00:00,0,2479.08,0,451.54,15900.06,9574.14,9918.78,0,0,3128.19,21125.1,324.41,0,18715.06,2124.6,3973.61,77006.58,0,23291.29,0,0,110079.5,0,0,0,3938.67,4014.46,0,32634.46,33898.1,72.65,3513.34,19425.92,0,0,0,0
2009-08-22 17:00:00,0,2523.61,0,446.19,15796.65,9350.42,9874.17,0,0,3028.92,20464.74,324.84,0,18954.88,2084.73,3949.31,77702.45,0,23305.84,0,0,108786.72,0,0,0,3885.96,3950.21,0,32778.18,34469.05,72.65,3408.4,19417.11,0,0,0,0
2009-08-22 18:00:00,0,2536.01,0,437.32,15293.24,9050.26,9700.2,0,0,2860.62,19683.66,321.49,0,19101.32,2052.42,3907.25,77747.36,0,22935.44,0,0,107387.78,0,0,0,3817.88,3851.91,0,32669.68,34639.02,71.11,3327.78,18957.43,0,0,0,0
2009-08-22 19:00:00,0,2568.25,0,435.53,15627.65,8606.17,9536.34,0,0,2826.71,19122.72,318.98,0,19754.47,2054.9,4209.1,80923.62,0,24240.08,0,0,110605.23,0,0,0,3756.48,3711.69,0,32442.82,35306.47,72.89,3333.5,19477.42,0,0,0,0
2009-08-22 20:00:00,0,2360.84,0,421.61,14990.08,8265.77,8951.14,0,0,2663.13,17989.29,307.29,0,18692.89,1942.52,3993.61,78491.45,0,23286.78,0,0,106258.04,0,0,0,3639.77,3571.59,0,30947.51,34128.23,70.98,3190.93,18568.87,0,0,0,0
2009-08-22 21:00:00,0,2267.98,0,398.64,14344.96,7775.68,8409.82,0,0,2495.74,16949.03,294.44,0,17723.98,1823.67,3778.67,76078.29,0,22318.83,0,0,100768.61,0,0,0,3488.86,3390.81,0,29595.63,31836.58,66.51,3033.77,17899.27,0,0,0,0
2009-08-22 22:00:00,0,2174.88,0,372.19,13186.76,7176.04,7841.72,0,0,2350.02,15997.41,272.34,0,16726.52,1719.14,3587.83,73071.8,0,21256.56,0,0,95652.25,0,0,0,3228.75,3174.21,0,27435.38,29999.62,62.42,2868.92,16543.52,0,0,0,0
2009-08-22 23:00:00,0,1969.92,0,343.04,12097.45,6557.31,7285.81,0,0,2202.03,15023.17,251.51,0,15691.91,1602.77,3393.15,69268.63,0,20094.26,0,0,90559.66,0,0,0,2990.75,2962.31,0,25557.93,28034.79,58.64,2682.6,15242.57,0,0,0,0
2009-08-23 00:00:00,0,1783.42,0,315.28,11064.23,5996.72,6735.69,0,0,2046.91,14023.52,230.95,0,14603.91,1482.8,3174.29,65560.55,0,18874.85,0,0,85613.79,0,0,0,2766.19,2757.49,0,23791.5,26408.44,55.36,2514.75,14188.62,0,0,0,0
2009-08-23 01:00:00,0,1633.9,0,290.94,10210.23,5512.09,6227.57,0,0,1910.42,13049.22,211.38,0,13668.67,1372.22,2954.51,62219.31,0,17690.32,0,0,81548.05,0,0,0,2600.58,2576.71,0,22663.38,24990.44,52.79,2359.57,13243.98,0,0,0,0
2009-08-23 02:00:00,0,1526.15,0,266.33,9642.27,5169.7,5774.32,0,0,1808.12,12355.24,198.03,0,13241.31,1298.02,2812.1,59418.35,0,16939.29,0,0,78509.9,0,0,0,2495.64,2440.92,0,21820.49,23698.35,50.67,2226.46,12617.47,0,0,0,0
2009-08-23 03:00:00,0,1460.69,0,245.34,9222.3,4932.23,5575.27,0,0,1738.89,11926.71,190.73,0,13045.41,1236.64,2717.39,57475.05,0,16295.57,0,0,76431.47,0,0,0,2409.53,2342.99,0,21112.74,22695.35,49.42,2131.61,12284.15,0,0,0,0
2009-08-23 04:00:00,0,1438.88,0,228.68,9022.39,4796.27,5428.99,0,0,1707.86,11627.13,187.36,0,12912.84,1212.62,2673.19,56296.7,0,15962.32,0,0,75722.71,0,0,0,2357.61,2312.28,0,20520.04,22160.7,48.91,2090.24,11956.35,0,0,0,0
2009-08-23 05:00:00,0,1444.9,0,219.98,8921.1,4794.31,5421.36,0,0,1712.84,11607.13,188.57,0,12874.78,1220.61,2690.43,55928.21,0,15873.29,0,0,75503.74,0,0,0,2327.31,2298.85,0,20101.59,21877.59,48.74,2080.53,11907.67,0,0,0,0
2009-08-23 06:00:00,0,1491.09,0,217.0,9017.27,4898.1,5507.51,0,0,1721.04,11666.09,192.32,0,13234.63,1250.24,2752.35,56412.63,0,16023.02,0,0,76383.04,0,0,0,2307.68,2291.41,0,19928.37,21949.84,48.85,2107.59,12108.76,0,0,0,0
2009-08-23 07:00:00,0,1561.39,0,225.65,9530.6,5322.64,5765.82,0,0,1830.9,12337.09,200.19,0,13907.34,1285.32,2851.75,57603.81,0,16765.68,0,0,78478.36,0,0,0,2366.27,2395.46,0,19918.46,22081.58,49.54,2244.6,12633.84,0,0,0,0
2009-08-23 08:00:00,0,1662.84,0,256.08,10010.64,5953.57,6024.41,0,0,2016.61,13902.3,210.77,0,14534.63,1337.36,2925.9,59921.86,0,17616.3,0,0,82623.67,0,0,0,2477.04,2528.09,0,20847.11,22609.43,50.85,2439.11,13256.94,0,0,0,0
2009-08-23 09:00:00,0,1803.8,0,283.74,10479.78,6563.8,6352.92,0,0,2210.09,15522.63,218.67,0,15069.49,1392.01,3040.7,62882.82,0,18405.47,0,0,87032.55,0,0,0,2630.43,2644.56,0,22035.71,24517.58,52.53,2601.34,14057.72,0,0,0,0
2009-08-23 10:00:00,0,1974.71,0,308.17,11034.11,7190.19,6720.48,0,0,2415.68,17078.18,225.81,0,15580.64,1547.38,3163.26,65725.45,0,19203.28,0,0,91315.91,0,0,0,2879.49,2879.96,0,23800.45,26517.16,55.9,2759.3,14799.41,0,0,0,0
2009-08-23 11:00:00,0,2100.78,0,331.34,11584.39,7597.38,7260.47,0,0,2532.7,17987.38,245.18,0,15973.91,1730.81,3359.74,68489.31,0,19978.91,0,0,97502.23,0,0,0,3111.71,3140.16,0,25407.8,28669.93,60.12,2936.5,15345.97,0,0,0,0
2009-08-23 12:00:00,0,2229.69,0,350.38,12165.52,8016.49,7744.65,0,0,2661.48,18818.54,265.34,0,16434.45,1858.81,3544.73,71548.1,0,20863.13,0,0,102599.0,0,0,0,3285.53,3347.89,0,26706.91,30528.48,64.24,3089.43,16017.14,0,0,0,0
2009-08-23 13:00:00,0,2379.68,0,368.11,12697.71,8407.55,8143.92,0,0,2780.97,19790.98,281.74,0,16881.33,1950.0,3749.27,74646.11,0,21756.28,0,0,106574.66,0,0,0,3409.43,3512.13,0,27963.51,32543.75,68.52,3142.46,17002.11,0,0,0,0
2009-08-23 14:00:00,0,2501.23,0,383.6,13213.13,8646.97,8481.65,0,0,2841.48,20528.8,295.26,0,17368.35,2026.58,3874.1,76807.49,0,22391.98,0,0,109955.3,0,0,0,3529.27,3635.67,0,29064.72,34162.78,71.48,3205.67,17855.99,0,0,0,0
2009-08-23 15:00:00,0,2596.31,0,397.29,13683.87,8788.92,8775.13,0,0,2864.3,20748.86,308.01,0,17791.11,2070.48,3934.4,78435.62,0,22594.18,0,0,112274.66,0,0,0,3623.59,3722.86,0,30187.24,35607.4,74.06,3359.6,18585.95,0,0,0,0
2009-08-23 16:00:00,0,2658.19,0,407.24,13979.81,8921.49,8979.49,0,0,2897.24,20860.62,315.5,0,18042.95,2071.29,3954.77,79604.71,0,22608.24,0,0,113014.15,0,0,0,3670.66,3757.83,0,31069.63,36670.49,74.99,3462.03,18999.62,0,0,0,0
2009-08-23 17:00:00,0,2699.66,0,409.78,14079.61,8937.19,9082.37,0,0,2912.6,20595.69,318.61,0,18185.34,2059.31,3940.33,79972.13,0,22458.2,0,0,112365.59,0,0,0,3660.99,3749.53,0,31661.52,37288.58,75.14,3441.48,19010.19,0,0,0,0
2009-08-23 18:00:00,0,2712.48,0,404.64,13817.67,8817.85,8960.23,0,0,2814.9,20149.48,314.28,0,17958.59,2003.5,3836.08,79535.81,0,22069.81,0,0,110452.5,0,0,0,3614.36,3642.64,0,31653.38,36954.95,73.34,3334.03,18636.47,0,0,0,0
2009-08-23 19:00:00,0,2759.31,0,435.01,15391.56,8967.35,9270.84,0,0,3007.69,20258.41,349.54,0,19867.72,2168.0,4393.91,87873.07,0,25022.57,0,0,120397.12,0,0,0,3744.64,3514.77,0,32495.51,39508.74,84.37,3486.4,20288.3,0,0,0,0
2009-08-23 20:00:00,0,2527.67,0,415.51,14717.02,8491.81,8612.6,0,0,2806.28,19026.22,332.51,0,18623.74,1996.97,4100.48,83585.42,0,24164.64,0,0,114190.53,0,0,0,3571.77,3319.21,0,31057.37,37644.95,80.55,3229.57,19430.05,0,0,0,0
2009-08-23 21:00:00,0,2379.82,0,387.43,13847.29,7911.5,8016.5,0,0,2611.89,17919.01,315.0,0,17698.63,1839.88,3853.41,80552.78,0,23324.49,0,0,107577.74,0,0,0,3349.24,3138.54,0,29843.32,35416.92,74.84,3014.63,18823.37,0,0,0,0
2009-08-23 22:00:00,0,2201.35,0,357.88,12686.51,7230.61,7425.04,0,0,2430.75,16731.87,287.43,0,16740.3,1691.19,3650.66,76746.98,0,21984.5,0,0,101454.16,0,0,0,3080.57,2913.3,0,27555.2,33481.05,69.92,2809.16,17287.48,0,0,0,0
2009-08-23 23:00:00,0,1970.11,0,331.59,11624.26,6556.53,6853.69,0,0,2261.95,15490.49,260.06,0,15808.82,1542.77,3458.3,72470.99,0,20508.39,0,0,95712.99,0,0,0,2847.47,2700.25,0,25401.49,31025.82,65.92,2598.99,15959.85,0,0,0,0
2009-08-24 00:00:00,0,1780.51,0,300.47,10625.3,5913.6,6291.52,0,0,2095.73,14302.81,234.01,0,14845.29,1411.94,3278.07,68425.71,0,19100.14,0,0,90257.99,0,0,0,2638.22,2501.34,0,23613.8,28926.86,62.97,2399.0,14774.53,0,0,0,0
2009-08-24 01:00:00,0,1621.74,0,271.29,9891.68,5327.2,5775.02,0,0,1934.26,13172.44,210.89,0,14247.0,1290.98,3105.32,64847.49,0,17828.65,0,0,85555.55,0,0,0,2482.23,2348.87,0,22270.0,27039.41,60.17,2215.99,13783.73,0,0,0,0
2009-08-24 02:00:00,0,1527.01,0,249.44,9566.03,4970.64,5498.17,0,0,1809.24,12332.47,190.6,0,14037.77,1213.46,2986.99,61847.72,0,16931.0,0,0,81925.55,0,0,0,2405.04,2262.83,0,21354.4,25533.91,58.07,2075.8,13120.04,0,0,0,0
2009-08-24 03:00:00,0,1492.31,0,241.6,9465.5,4783.7,5452.32,0,0,1747.14,11895.84,179.61,0,13965.55,1173.73,2936.47,60376.09,0,16390.08,0,0,80728.63,0,0,0,2362.42,2229.37,0,20823.67,24696.34,56.7,2006.46,12865.87,0,0,0,0
2009-08-24 04:00:00,0,1498.17,0,244.98,9646.32,4821.07,5604.86,0,0,1778.82,11890.88,182.12,0,13881.17,1197.0,3029.55,60597.67,0,16270.77,0,0,81436.44,0,0,0,2373.1,2258.82,0,20911.6,24267.21,56.34,1989.93,13027.61,0,0,0,0
2009-08-24 05:00:00,0,1547.87,0,251.71,10087.66,4965.15,5760.38,0,0,1820.6,12176.42,187.71,0,13908.16,1230.54,3139.84,61913.42,0,16421.38,0,0,82641.21,0,0,0,2441.96,2295.94,0,21173.88,24490.2,57.25,2033.92,13372.57,0,0,0,0
2009-08-24 06:00:00,0,1594.56,0,257.86,10614.77,5121.22,5992.49,0,0,1863.3,12482.82,190.91,0,15057.56,1268.1,3245.17,63248.93,0,17790.13,0,0,86562.72,0,0,0,2512.21,2334.04,0,21499.61,25034.19,58.35,2083.34,13725.29,0,0,0,0
2009-08-24 07:00:00,0,1669.47,0,285.6,11327.83,5508.84,6400.78,0,0,2034.5,13413.58,201.93,0,15810.24,1363.93,3523.43,66925.99,0,18533.73,0,0,91375.45,0,0,0,2594.7,2394.65,0,22719.11,25741.53,59.58,2255.11,14792.43,0,0,0,0
2009-08-24 08:00:00,0,1818.38,0,311.07,11936.61,5955.79,6748.1,0,0,2166.52,14530.93,223.83,0,16432.04,1460.84,3667.32,70919.13,0,19401.47,0,0,95777.03,0,0,0,2744.47,2518.31,0,23872.71,27681.32,62.61,2434.35,15554.69,0,0,0,0
2009-08-24 09:00:00,0,1863.05,0,337.51,12365.87,6340.11,7092.05,0,0,2302.54,15609.09,230.92,0,17143.1,1539.13,3854.67,74633.34,0,20345.57,0,0,100121.57,0,0,0,2858.99,2615.18,0,25040.48,29233.59,66.52,2562.42,16285.82,0,0,0,0
2009-08-24 10:00:00,0,1974.12,0,359.03,12768.33,6908.44,7644.04,0,0,2472.01,17078.93,241.91,0,17814.88,1604.04,4080.21,77994.16,0,21463.41,0,0,105550.72,0,0,0,3047.26,2777.87,0,26698.1,31262.16,70.43,2751.61,17174.2,0,0,0,0
2009-08-24 11:00:00,0,2132.75,0,385.16,13651.47,7594.96,8385.79,0,0,2672.29,18385.12,259.94,0,18343.35,1700.84,4268.26,81194.7,0,22719.47,0,0,112607.24,0,0,0,3286.57,3034.46,0,28712.13,33523.98,74.22,2998.67,18203.92,0,0,0,0
2009-08-24 12:00:00,0,2327.78,0,406.71,14671.59,8141.45,8930.57,0,0,2844.92,19341.85,280.25,0,18719.77,1839.68,4497.94,84556.25,0,23588.7,0,0,118855.81,0,0,0,3488.05,3254.1,0,30658.48,36041.28,78.64,3214.57,19263.12,0,0,0,0
2009-08-24 13:00:00,0,2533.32,0,426.88,15535.37,8624.84,9417.67,0,0,2980.82,20011.81,299.32,0,19077.97,1962.94,4723.26,87740.44,0,24188.3,0,0,123681.4,0,0,0,3626.17,3430.21,0,32237.56,38278.83,83.25,3396.77,20468.42,0,0,0,0
2009-08-24 14:00:00,0,2705.14,0,451.26,16170.57,9035.82,9818.54,0,0,3084.17,20517.16,317.78,0,19481.94,2056.82,4894.89,90285.93,0,24637.27,0,0,127204.58,0,0,0,3755.09,3568.2,0,33693.41,40255.83,87.09,3546.46,21454.88,0,0,0,0
2009-08-24 15:00:00,0,2830.04,0,465.38,16595.08,9384.13,10083.61,0,0,3132.02,20750.5,333.39,0,19688.17,2134.14,5022.01,91839.57,0,24947.34,0,0,129221.19,0,0,0,3844.76,3680.81,0,34916.06,41637.82,90.08,3680.59,22140.19,0,0,0,0
2009-08-24 16:00:00,0,2919.94,0,468.19,16786.47,9585.49,10146.14,0,0,3123.03,20697.67,345.41,0,19712.8,2173.28,5097.55,92639.89,0,25041.58,0,0,129995.97,0,0,0,3878.97,3743.36,0,35692.2,42559.01,91.25,3774.14,22638.35,0,0,0,0
2009-08-24 17:00:00,0,2945.48,0,465.89,16675.35,9603.97,10087.79,0,0,3028.35,20326.53,350.39,0,19485.45,2139.89,5132.74,92398.03,0,24973.26,0,0,128912.93,0,0,0,3843.78,3735.51,0,35940.39,42592.44,90.75,3775.07,22820.72,0,0,0,0
2009-08-24 18:00:00,0,2907.41,0,456.75,16317.5,9250.86,9846.81,0,0,2916.16,19870.27,353.97,0,18999.62,2076.27,5031.42,90471.2,0,24217.6,0,0,125978.59,0,0,0,3780.98,3681.34,0,35508.81,41807.23,88.77,3678.61,22343.22,0,0,0,0
2009-08-24 19:00:00,0,2938.73,0,437.04,16248.01,8928.74,9640.32,0,0,2949.85,19572.92,354.17,0,19230.68,2082.41,4948.15,90702.83,0,24719.91,0,0,123153.77,0,0,0,3691.95,3504.46,0,35136.66,41795.51,86.06,3572.51,22126.56,0,0,0,0
2009-08-24 20:00:00,0,2682.72,0,418.98,15414.94,8470.04,8963.24,0,0,2771.91,18466.97,334.12,0,18045.78,1951.34,4576.81,86447.57,0,23351.84,0,0,115966.64,0,0,0,3531.74,3323.54,0,33464.91,40075.46,82.44,3329.91,20964.25,0,0,0,0
2009-08-24 21:00:00,0,2520.26,0,391.69,14472.43,7908.45,8312.38,0,0,2594.02,17340.81,312.66,0,16920.01,1805.23,4284.41,83003.67,0,22116.29,0,0,108812.63,0,0,0,3326.09,3152.02,0,31757.2,38157.79,77.05,3100.85,20179.88,0,0,0,0
2009-08-24 22:00:00,0,2345.29,0,360.07,13175.95,7209.57,7674.74,0,0,2413.14,16204.42,282.83,0,15791.92,1665.35,4016.68,79345.51,0,20545.47,0,0,101811.04,0,0,0,3076.65,2940.03,0,29095.47,36163.3,72.45,2878.76,18604.86,0,0,0,0
2009-08-24 23:00:00,0,2097.44,0,329.67,12027.72,6515.85,7073.83,0,0,2242.02,15057.68,255.96,0,14695.82,1529.55,3762.44,75236.4,0,19020.17,0,0,95694.13,0,0,0,2858.78,2734.37,0,26957.51,33415.15,68.42,2657.68,17068.54,0,0,0,0
2009-08-25 00:00:00,0,1876.55,0,300.7,10978.88,5877.16,6470.67,0,0,2068.26,13921.96,232.39,0,13646.2,1398.0,3527.68,71272.7,0,17734.33,0,0,90152.37,0,0,0,2672.22,2548.52,0,24879.24,31030.26,65.07,2454.41,15670.13,0,0,0,0
2009-08-25 01:00:00,0,1690.33,0,276.17,10208.32,5317.26,5953.07,0,0,1909.76,12851.64,212.26,0,12970.01,1281.52,3328.36,67467.64,0,16611.12,0,0,85519.71,0,0,0,2536.22,2378.96,0,23384.62,28898.42,62.42,2257.24,14514.71,0,0,0,0
2009-08-25 02:00:00,0,1561.55,0,254.36,9859.68,4993.36,5655.36,0,0,1785.55,12060.29,196.48,0,12593.96,1213.53,3164.09,64019.54,0,15891.8,0,0,81812.83,0,0,0,2467.05,2297.16,0,22538.26,27299.31,60.07,2116.64,13862.13,0,0,0,0
2009-08-25 03:00:00,0,1516.62,0,253.44,9726.2,4812.15,5572.87,0,0,1728.78,11674.42,186.94,0,12441.27,1185.21,3089.18,62163.32,0,15442.36,0,0,80224.4,0,0,0,2447.48,2282.03,0,22225.26,26424.96,58.36,2045.24,13654.5,0,0,0,0
2009-08-25 04:00:00,0,1517.21,0,260.36,9785.38,4869.3,5656.18,0,0,1765.76,11789.69,190.35,0,12411.22,1213.58,3148.26,62193.94,0,15349.15,0,0,80635.73,0,0,0,2484.22,2322.94,0,22356.69,25923.41,57.93,2070.16,13844.61,0,0,0,0
2009-08-25 05:00:00,0,1558.88,0,264.07,10180.46,5024.93,5808.76,0,0,1815.53,12169.39,194.46,0,12453.02,1248.57,3255.02,63459.36,0,15551.86,0,0,81857.13,0,0,0,2560.4,2374.56,0,22553.66,26006.44,58.24,2129.13,14233.79,0,0,0,0
2009-08-25 06:00:00,0,1604.96,0,269.56,10659.4,5187.38,5993.36,0,0,1866.99,12565.27,198.69,0,13740.21,1287.28,3365.84,64758.38,0,17029.17,0,0,85428.23,0,0,0,2630.15,2428.2,0,22830.87,26333.29,59.02,2192.55,14586.84,0,0,0,0
2009-08-25 07:00:00,0,1690.29,0,299.29,11504.17,5599.08,6460.05,0,0,2041.33,13551.04,211.35,0,14549.56,1405.97,3650.36,68424.89,0,18374.55,0,0,92308.13,0,0,0,2733.89,2512.24,0,24019.27,26804.2,60.31,2349.38,15324.0,0,0,0,0
2009-08-25 08:00:00,0,1836.0,0,330.6,12030.73,6097.85,6882.08,0,0,2192.79,14754.57,231.78,0,15331.21,1494.66,3834.76,72706.73,0,19521.33,0,0,99045.62,0,0,0,2867.46,2637.15,0,25400.32,28599.22,63.75,2519.73,16384.79,0,0,0,0
2009-08-25 09:00:00,0,1915.9,0,359.39,12599.76,6496.03,7342.02,0,0,2340.47,15799.25,244.25,0,16087.15,1555.03,4054.23,76453.47,0,20654.68,0,0,104826.86,0,0,0,3026.65,2767.86,0,26752.4,30163.64,67.75,2681.32,17673.58,0,0,0,0
2009-08-25 10:00:00,0,2047.81,0,386.35,13322.6,6983.81,8012.66,0,0,2500.42,16976.6,255.54,0,16686.48,1659.9,4359.59,79934.12,0,21612.46,0,0,111108.6,0,0,0,3151.68,2888.61,0,28250.27,32251.59,72.0,2808.2,19047.64,0,0,0,0
2009-08-25 11:00:00,0,2276.95,0,406.5,14292.3,7501.52,8629.87,0,0,2646.79,18167.62,266.82,0,17037.85,1781.21,4795.61,83161.58,0,22421.87,0,0,118272.55,0,0,0,3337.91,3100.38,0,30343.71,34916.15,77.5,2945.04,20742.05,0,0,0,0
2009-08-25 12:00:00,0,2550.53,0,413.87,15054.66,7966.65,9085.84,0,0,2788.16,19012.38,286.16,0,17441.45,1860.79,5115.22,87342.42,0,23068.82,0,0,124544.6,0,0,0,3510.04,3264.77,0,32277.84,37733.15,83.41,3075.17,22375.33,0,0,0,0
2009-08-25 13:00:00,0,2825.67,0,426.08,15532.26,8320.19,9457.61,0,0,2872.58,19487.56,298.11,0,17896.54,1912.7,5342.31,91601.5,0,23585.78,0,0,129504.87,0,0,0,3629.77,3398.16,0,33675.16,40279.99,88.56,3197.13,23520.17,0,0,0,0
2009-08-25 14:00:00,0,3077.92,0,448.57,15934.99,8751.44,9786.08,0,0,2941.44,20039.88,314.14,0,18348.73,1995.01,5551.73,94738.86,0,24032.39,0,0,133240.72,0,0,0,3752.19,3550.93,0,34884.18,42348.92,92.78,3354.07,24320.31,0,0,0,0
2009-08-25 15:00:00,0,3269.4,0,465.79,16317.57,9057.58,10006.01,0,0,3025.38,20570.4,323.51,0,18666.39,2100.35,5718.76,96916.48,0,24443.41,0,0,136088.63,0,0,0,3870.89,3677.72,0,35832.91,43787.22,96.09,3465.18,24811.34,0,0,0,0
2009-08-25 16:00:00,0,3379.56,0,478.62,16470.47,9071.63,10063.13,0,0,3035.71,20584.13,331.67,0,18880.59,2155.74,5827.82,98004.17,0,24673.96,0,0,137282.33,0,0,0,3917.9,3740.42,0,36258.72,44682.78,98.39,3534.08,25034.6,0,0,0,0
2009-08-25 17:00:00,0,3437.17,0,482.89,16327.17,8976.93,9942.89,0,0,2954.83,20112.06,320.01,0,18977.29,2023.73,5844.85,97427.38,0,24703.41,0,0,136151.77,0,0,0,3893.4,3741.46,0,36067.6,44743.3,98.43,3605.54,25015.74,0,0,0,0
2009-08-25 18:00:00,0,3372.92,0,473.9,15883.56,8709.25,9771.37,0,0,2851.08,19660.56,313.62,0,18629.33,2004.16,5836.2,95501.63,0,24031.9,0,0,133442.95,0,0,0,3798.66,3678.87,0,35323.61,43828.42,96.27,3566.63,24494.87,0,0,0,0
2009-08-25 19:00:00,0,3342.46,0,454.54,16176.55,8502.62,9615.63,0,0,2814.53,19251.89,315.54,0,19003.35,2003.04,5642.18,95281.28,0,24717.91,0,0,129227.82,0,0,0,3664.47,3483.1,0,34738.5,43099.83,92.37,3377.17,23570.71,0,0,0,0
2009-08-25 20:00:00,0,3005.72,0,432.29,15618.47,8100.56,8952.4,0,0,2644.38,18099.88,292.89,0,17796.47,1861.8,5269.63,90770.57,0,23462.33,0,0,121454.82,0,0,0,3534.07,3313.5,0,32922.86,40877.55,87.09,3127.05,22515.59,0,0,0,0
2009-08-25 21:00:00,0,2740.12,0,407.09,14874.93,7612.6,8340.99,0,0,2495.26,17057.57,288.61,0,16680.84,1740.48,4904.59,87101.58,0,22360.59,0,0,114041.56,0,0,0,3363.26,3131.26,0,31407.36,38481.7,80.85,2948.37,21790.56,0,0,0,0
2009-08-25 22:00:00,0,2536.27,0,370.73,13719.95,6993.93,7746.94,0,0,2352.29,16068.91,268.13,0,15628.31,1655.9,4583.85,82989.35,0,21049.47,0,0,107549.45,0,0,0,3142.7,2951.53,0,29162.3,36563.73,75.88,2751.22,20239.94,0,0,0,0
2009-08-25 23:00:00,0,2292.43,0,336.67,12615.63,6384.47,7176.11,0,0,2199.6,14972.98,246.64,0,14631.55,1547.87,4285.97,78601.14,0,19710.06,0,0,101570.45,0,0,0,2930.9,2763.01,0,27277.66,34117.28,71.65,2555.95,18765.86,0,0,0,0
2009-08-26 00:00:00,0,2066.53,0,304.1,11518.09,5801.1,6600.16,0,0,2053.81,13938.75,224.82,0,13653.74,1430.66,4018.72,74447.73,0,18342.63,0,0,96067.05,0,0,0,2737.05,2582.64,0,25272.82,31742.91,67.91,2386.24,17395.73,0,0,0,0
2009-08-26 01:00:00,0,1872.22,0,275.07,10606.11,5324.53,6110.78,0,0,1917.27,12963.93,204.79,0,13058.2,1317.07,3766.12,70326.36,0,17006.63,0,0,91536.67,0,0,0,2599.74,2441.0,0,23779.84,29427.95,65.35,2230.37,16099.12,0,0,0,0
2009-08-26 02:00:00,0,1747.14,0,254.59,10100.69,5055.68,5827.22,0,0,1804.32,12257.28,191.11,0,12744.37,1250.5,3532.59,66728.61,0,16191.34,0,0,87682.66,0,0,0,2523.78,2374.1,0,22897.16,27884.61,62.75,2132.87,15211.55,0,0,0,0
2009-08-26 03:00:00,0,1688.14,0,249.57,9915.03,4940.6,5762.28,0,0,1761.76,11970.01,186.97,0,12698.89,1244.96,3414.16,64823.62,0,15797.66,0,0,86056.41,0,0,0,2491.8,2368.01,0,22502.43,27219.7,60.32,2075.66,14904.69,0,0,0,0
2009-08-26 04:00:00,0,1658.95,0,257.55,10008.36,5040.57,5887.1,0,0,1801.54,12044.35,191.23,0,12789.69,1274.84,3453.36,64686.49,0,15759.37,0,0,86425.83,0,0,0,2547.7,2397.64,0,22895.45,26800.36,59.38,2117.45,15029.83,0,0,0,0
2009-08-26 05:00:00,0,1684.27,0,267.46,10402.29,5233.17,6036.35,0,0,1855.96,12423.5,198.53,0,12974.07,1306.8,3528.27,65710.34,0,15965.09,0,0,87723.24,0,0,0,2617.96,2448.39,0,23350.78,26863.99,60.03,2190.99,15374.6,0,0,0,0
2009-08-26 06:00:00,0,1721.14,0,276.31,10882.05,5405.35,6223.28,0,0,1905.28,12775.02,206.26,0,14332.14,1345.45,3618.69,66779.86,0,17636.35,0,0,91782.08,0,0,0,2686.91,2491.73,0,23862.66,27196.68,60.67,2266.62,15750.8,0,0,0,0
2009-08-26 07:00:00,0,1780.47,0,307.77,11674.01,5696.81,6680.03,0,0,2054.27,13697.75,217.78,0,15095.7,1436.42,3890.32,69670.41,0,18995.84,0,0,98503.7,0,0,0,2782.08,2560.46,0,25036.28,27660.93,61.89,2374.25,16389.83,0,0,0,0
2009-08-26 08:00:00,0,1964.47,0,339.71,12454.99,6135.52,7223.8,0,0,2208.48,14971.42,234.48,0,15947.99,1520.08,4170.33,74274.38,0,20367.42,0,0,105763.42,0,0,0,2910.74,2657.2,0,26347.73,29417.21,65.42,2480.38,17476.47,0,0,0,0
2009-08-26 09:00:00,0,2109.18,0,362.45,13078.02,6575.9,7633.56,0,0,2398.07,16359.41,249.26,0,16925.17,1611.7,4418.14,77992.1,0,21637.35,0,0,111655.55,0,0,0,3049.9,2781.9,0,27614.97,31047.6,71.07,2627.74,18774.04,0,0,0,0
2009-08-26 10:00:00,0,2264.53,0,385.7,14060.13,7229.75,8317.01,0,0,2602.36,17883.12,263.01,0,17654.07,1739.34,4626.0,81779.44,0,22788.77,0,0,116949.37,0,0,0,3258.09,2999.07,0,29258.57,33040.34,76.86,2877.22,19925.42,0,0,0,0
2009-08-26 11:00:00,0,2505.25,0,411.56,15171.37,7889.5,8949.22,0,0,2789.2,19190.8,276.23,0,18121.24,1863.82,4965.06,84582.41,0,23818.99,0,0,121878.75,0,0,0,3498.73,3236.96,0,32320.46,35583.25,82.99,3187.02,21582.05,0,0,0,0
2009-08-26 12:00:00,0,2758.44,0,435.32,16109.67,8440.35,9448.6,0,0,2908.54,20110.23,293.5,0,18503.36,1945.27,5302.18,87309.06,0,24377.05,0,0,126158.83,0,0,0,3696.85,3443.31,0,34646.34,38063.64,88.8,3444.47,23164.43,0,0,0,0
2009-08-26 13:00:00,0,3007.65,0,456.38,16796.68,8762.36,9830.79,0,0,3007.18,20804.28,310.02,0,18805.66,2010.03,5497.13,90469.97,0,24581.05,0,0,129515.95,0,0,0,3852.63,3610.94,0,36322.18,40156.7,93.35,3519.18,24238.77,0,0,0,0
2009-08-26 14:00:00,0,3211.87,0,450.62,17344.46,9044.98,10189.48,0,0,3093.93,21381.55,317.54,0,19070.39,2051.3,5640.07,92841.56,0,24816.08,0,0,132140.44,0,0,0,3987.71,3754.71,0,37660.9,41846.57,96.45,3518.93,25109.68,0,0,0,0
2009-08-26 15:00:00,0,3336.08,0,480.48,17727.5,9178.15,10393.93,0,0,3122.46,21615.54,323.57,0,19283.43,2079.6,5692.05,94005.23,0,24927.02,0,0,133210.23,0,0,0,4067.79,3847.03,0,38705.01,42763.5,98.67,3477.49,25736.3,0,0,0,0
2009-08-26 16:00:00,0,3431.11,0,489.34,17832.77,9025.87,10481.5,0,0,3040.29,21160.22,325.53,0,19326.65,2081.2,5733.22,94039.7,0,24908.23,0,0,132296.44,0,0,0,4095.99,3892.41,0,39276.73,43279.64,99.6,3460.42,26081.28,0,0,0,0
2009-08-26 17:00:00,0,3445.15,0,481.57,17625.05,8974.39,10418.93,0,0,2963.52,20580.94,333.59,0,19187.02,2086.47,5674.01,92784.17,0,24848.23,0,0,130770.46,0,0,0,4051.85,3867.33,0,39214.62,43117.39,98.41,3492.97,26136.21,0,0,0,0
2009-08-26 18:00:00,0,3359.25,0,462.01,17120.82,8859.26,10278.13,0,0,2895.93,19918.97,329.7,0,18559.92,2077.72,5601.48,90628.94,0,24256.5,0,0,128428.57,0,0,0,3919.53,3767.41,0,38432.98,42153.71,96.0,3472.03,25643.57,0,0,0,0
2009-08-26 19:00:00,0,3387.6,0,443.69,16924.59,8768.06,9928.46,0,0,2918.64,19443.5,329.81,0,18417.13,2044.73,5588.64,91061.45,0,24783.32,0,0,125724.19,0,0,0,3781.49,3580.58,0,36973.3,41469.99,93.04,3397.4,24570.85,0,0,0,0
2009-08-26 20:00:00,0,3145.71,0,426.97,16255.03,8403.55,9252.62,0,0,2754.57,18468.82,317.07,0,16883.64,1923.6,5300.27,86884.16,0,23589.95,0,0,118420.63,0,0,0,3669.36,3427.19,0,35377.78,40388.09,88.42,3212.72,23505.43,0,0,0,0
2009-08-26 21:00:00,0,2992.16,0,400.61,15415.01,7849.49,8655.78,0,0,2594.65,17525.62,298.21,0,15408.18,1807.03,4984.8,83809.55,0,22355.4,0,0,111618.74,0,0,0,3487.89,3255.48,0,33792.71,38815.95,82.57,3010.63,22705.61,0,0,0,0
2009-08-26 22:00:00,0,2832.09,0,371.28,14267.78,7207.99,8089.74,0,0,2436.48,16468.49,276.98,0,14129.51,1687.31,4706.96,80170.77,0,20606.33,0,0,105344.0,0,0,0,3259.57,3060.58,0,31225.13,37476.33,77.58,2811.1,21163.93,0,0,0,0
2009-08-26 23:00:00,0,2575.11,0,343.69,13139.36,6583.59,7516.28,0,0,2281.58,15381.6,256.23,0,12887.53,1562.26,4438.96,76159.77,0,18971.34,0,0,99786.85,0,0,0,3049.63,2865.81,0,28766.57,35019.64,73.2,2613.59,19561.99,0,0,0,0
2009-08-27 00:00:00,0,2352.71,0,314.73,12125.12,5968.17,6971.59,0,0,2127.27,14336.38,233.97,0,11859.49,1459.33,4180.64,72213.43,0,17367.05,0,0,94483.47,0,0,0,2849.57,2680.4,0,26643.57,32963.16,69.38,2428.18,18110.83,0,0,0,0
2009-08-27 01:00:00,0,2151.63,0,287.63,11278.48,5444.21,6473.72,0,0,1976.31,13295.57,212.96,0,11193.72,1356.06,3942.76,68433.28,0,15931.25,0,0,90099.47,0,0,0,2703.64,2527.82,0,25114.75,31136.35,65.97,2256.34,16754.3,0,0,0,0
2009-08-27 02:00:00,0,1988.72,0,266.92,10759.48,5163.15,6129.6,0,0,1853.75,12584.78,198.56,0,10770.34,1290.94,3697.94,65073.28,0,15080.43,0,0,86139.85,0,0,0,2611.17,2423.35,0,23942.43,29522.96,63.72,2151.37,15699.8,0,0,0,0
2009-08-27 03:00:00,0,1894.44,0,260.35,10435.27,5070.77,6047.68,0,0,1802.84,12282.36,193.51,0,10569.47,1277.77,3542.08,63151.42,0,14637.89,0,0,84759.52,0,0,0,2558.4,2383.83,0,23322.13,28580.21,61.81,2117.0,15210.68,0,0,0,0
2009-08-27 04:00:00,0,1825.88,0,266.07,10530.39,5086.44,6141.27,0,0,1842.48,12325.93,198.72,0,10580.53,1320.28,3556.83,63360.02,0,14784.44,0,0,85268.48,0,0,0,2589.8,2406.81,0,23472.44,27922.16,61.65,2152.44,15185.87,0,0,0,0
2009-08-27 05:00:00,0,1820.66,0,274.96,10903.3,5259.59,6304.16,0,0,1898.86,12684.71,204.16,0,10695.44,1365.21,3610.55,64464.34,0,14944.69,0,0,86671.82,0,0,0,2648.49,2446.76,0,23733.45,27810.22,61.99,2217.61,15402.48,0,0,0,0
2009-08-27 06:00:00,0,1826.24,0,285.51,11361.47,5428.55,6484.07,0,0,1947.7,13057.96,209.51,0,11958.8,1411.92,3683.82,65747.97,0,16184.46,0,0,90186.81,0,0,0,2710.36,2489.4,0,24088.27,27991.65,63.0,2281.01,15637.42,0,0,0,0
2009-08-27 07:00:00,0,1873.31,0,305.92,12182.65,5790.86,6988.12,0,0,2110.84,14103.62,222.42,0,12365.05,1523.65,3987.05,68643.34,0,17033.46,0,0,96318.89,0,0,0,2817.09,2574.83,0,25388.35,28250.79,64.33,2405.03,16363.04,0,0,0,0
2009-08-27 08:00:00,0,2042.98,0,327.4,12836.22,6280.51,7505.96,0,0,2296.35,15457.87,240.67,0,12891.37,1623.95,4250.95,72999.39,0,17384.08,0,0,100408.27,0,0,0,2982.97,2731.93,0,26642.82,29901.05,67.52,2565.21,17585.16,0,0,0,0
2009-08-27 09:00:00,0,2174.91,0,346.05,13452.11,6759.27,8073.05,0,0,2471.77,16672.33,253.36,0,13351.81,1691.1,4563.48,76468.26,0,17866.07,0,0,103760.67,0,0,0,3115.71,2880.45,0,27779.3,31254.05,72.32,2718.34,19084.98,0,0,0,0
2009-08-27 10:00:00,0,2300.08,0,357.77,14562.75,7349.7,8865.89,0,0,2642.82,18023.23,268.01,0,13789.84,1775.29,4960.62,79793.65,0,18504.08,0,0,106471.66,0,0,0,3358.05,3150.86,0,29392.45,32489.37,77.91,2948.16,20569.4,0,0,0,0
2009-08-27 11:00:00,0,2457.73,0,370.94,15668.35,8007.82,9360.45,0,0,2838.44,19398.73,287.9,0,14134.29,1873.42,5300.07,82914.26,0,19019.07,0,0,110445.73,0,0,0,3584.74,3364.43,0,31360.65,33961.0,82.7,3200.48,22425.58,0,0,0,0
2009-08-27 12:00:00,0,2620.77,0,388.36,16490.18,8705.28,9774.72,0,0,3000.08,20514.17,307.35,0,14303.98,1975.15,5526.19,85902.97,0,19480.19,0,0,114851.39,0,0,0,3756.66,3538.59,0,33040.17,35708.21,87.59,3455.21,23720.44,0,0,0,0
2009-08-27 13:00:00,0,2833.72,0,398.48,17075.57,9227.53,10122.89,0,0,3125.4,21324.19,319.85,0,14485.4,2043.38,5698.54,89209.2,0,20004.47,0,0,118337.19,0,0,0,3881.1,3665.99,0,33952.62,37489.82,92.96,3643.15,24576.12,0,0,0,0
2009-08-27 14:00:00,0,3005.63,0,419.03,17403.03,9573.91,10398.55,0,0,3218.97,21822.6,329.26,0,14647.19,2125.67,5844.72,91976.3,0,20494.96,0,0,121100.54,0,0,0,3961.36,3778.73,0,34572.7,38945.5,97.0,3817.36,25377.67,0,0,0,0
2009-08-27 15:00:00,0,3115.75,0,409.95,17397.83,9684.1,10440.85,0,0,3250.93,21872.82,337.66,0,14736.54,2120.58,5978.39,93694.95,0,20934.25,0,0,122904.24,0,0,0,3945.44,3794.46,0,34780.35,39884.99,99.87,3867.68,25801.96,0,0,0,0
2009-08-27 16:00:00,0,3166.61,0,402.91,17047.65,9468.67,10390.97,0,0,3193.1,21694.66,333.99,0,14934.53,2163.07,6033.35,94076.03,0,21256.97,0,0,123258.71,0,0,0,3901.12,3757.2,0,34931.27,40090.08,101.6,3790.57,25896.51,0,0,0,0
2009-08-27 17:00:00,0,3164.09,0,392.41,16636.39,9112.53,10248.51,0,0,3074.43,21102.51,328.12,0,15361.49,2156.63,6001.22,93145.31,0,21307.51,0,0,121669.6,0,0,0,3873.7,3719.18,0,34759.36,39818.4,100.86,3639.68,25754.25,0,0,0,0
2009-08-27 18:00:00,0,3096.06,0,389.57,16246.27,8866.21,10139.33,0,0,2957.26,20314.91,323.78,0,15354.85,2076.7,5903.21,91313.53,0,20825.64,0,0,119783.26,0,0,0,3858.66,3715.59,0,34327.69,39078.77,97.78,3549.78,25202.39,0,0,0,0
2009-08-27 19:00:00,0,3066.62,0,397.05,16438.0,8767.73,9932.76,0,0,2970.31,19827.58,322.87,0,15764.41,2063.28,5698.8,91466.74,0,21507.17,0,0,118209.23,0,0,0,3774.7,3627.43,0,34151.59,37984.2,94.46,3395.66,24149.57,0,0,0,0
2009-08-27 20:00:00,0,2878.7,0,385.96,16015.28,8404.78,9335.5,0,0,2812.75,18797.32,317.26,0,14557.46,1939.34,5337.62,87390.34,0,20146.73,0,0,111669.82,0,0,0,3692.15,3510.46,0,33169.44,37367.37,89.57,3188.69,23040.11,0,0,0,0
2009-08-27 21:00:00,0,2754.63,0,349.14,15232.84,7831.18,8769.62,0,0,2649.63,17766.56,299.6,0,13445.1,1840.01,5005.86,84214.91,0,19374.85,0,0,105860.05,0,0,0,3539.7,3351.71,0,31832.01,36051.37,84.3,2983.95,22245.25,0,0,0,0
2009-08-27 22:00:00,0,2602.43,0,340.72,14153.25,7185.23,8214.33,0,0,2474.97,16597.26,278.86,0,12394.77,1718.52,4705.18,80635.96,0,18100.04,0,0,100796.47,0,0,0,3319.33,3155.86,0,29613.21,34681.01,80.39,2786.94,20742.05,0,0,0,0
2009-08-27 23:00:00,0,2333.25,0,311.59,13090.86,6577.54,7663.83,0,0,2300.16,15406.34,256.07,0,11472.17,1603.84,4417.17,76585.54,0,17083.17,0,0,96270.21,0,0,0,3096.92,2936.12,0,27500.6,32021.69,76.03,2614.28,19189.54,0,0,0,0
2009-08-28 00:00:00,0,2114.77,0,277.18,12083.44,5980.15,7120.15,0,0,2129.69,14272.63,234.97,0,10618.35,1497.97,4151.35,72717.7,0,16067.28,0,0,91711.43,0,0,0,2889.86,2739.38,0,25714.61,29843.08,71.38,2431.15,17755.67,0,0,0,0
2009-08-28 01:00:00,0,1923.39,0,260.56,11223.05,5497.82,6603.7,0,0,1973.2,13141.72,213.39,0,10216.28,1373.73,3901.62,68952.03,0,15219.44,0,0,87662.76,0,0,0,2733.39,2588.65,0,24480.47,27960.65,66.64,2267.91,16425.44,0,0,0,0
2009-08-28 02:00:00,0,1766.37,0,243.79,10707.77,5168.34,6248.53,0,0,1845.38,12345.1,196.16,0,10185.01,1290.31,3658.4,65843.73,0,14549.93,0,0,84448.94,0,0,0,2637.16,2482.55,0,23724.59,26491.83,63.42,2167.76,15573.35,0,0,0,0
2009-08-28 03:00:00,0,1689.19,0,253.29,10430.37,4979.96,6154.57,0,0,1762.82,11857.87,190.89,0,10283.25,1252.65,3519.24,63942.62,0,14306.98,0,0,83713.24,0,0,0,2592.1,2448.3,0,23257.07,25743.28,61.22,2108.73,15113.58,0,0,0,0
2009-08-28 04:00:00,0,1671.19,0,256.41,10563.5,4981.1,6254.77,0,0,1783.38,11824.07,196.01,0,10476.98,1273.18,3561.58,64155.4,0,14543.61,0,0,85050.3,0,0,0,2628.75,2457.52,0,23522.57,25328.67,60.73,2128.27,15213.28,0,0,0,0
2009-08-28 05:00:00,0,1688.12,0,261.71,10981.48,5134.7,6404.55,0,0,1829.71,12111.51,202.22,0,10803.42,1319.41,3636.39,65311.38,0,14892.61,0,0,86871.71,0,0,0,2687.76,2491.09,0,23845.07,25519.43,60.76,2185.4,15460.87,0,0,0,0
2009-08-28 06:00:00,0,1710.59,0,273.83,11517.28,5313.59,6613.94,0,0,1875.58,12404.31,207.62,0,12074.12,1364.61,3724.46,66617.76,0,15514.68,0,0,89760.17,0,0,0,2746.28,2525.62,0,24265.26,25874.21,61.14,2246.96,15768.43,0,0,0,0
2009-08-28 07:00:00,0,1755.59,0,309.17,12074.62,5720.21,7014.22,0,0,2053.38,13387.05,217.14,0,12528.82,1467.16,4042.75,69306.83,0,16783.42,0,0,95794.54,0,0,0,2859.37,2612.61,0,25272.81,26374.86,62.77,2396.89,16374.01,0,0,0,0
2009-08-28 08:00:00,0,1905.01,0,331.8,12617.5,6229.72,7436.28,0,0,2216.59,14743.39,235.98,0,12994.44,1563.2,4335.92,73181.16,0,17334.73,0,0,99368.2,0,0,0,3034.73,2787.33,0,26127.05,27769.65,66.08,2564.42,17446.07,0,0,0,0
2009-08-28 09:00:00,0,1994.25,0,354.47,13107.76,6687.77,7765.88,0,0,2377.67,16039.63,247.69,0,13366.0,1688.87,4602.13,76376.23,0,17768.87,0,0,102971.62,0,0,0,3167.35,2932.75,0,26832.31,29022.17,70.31,2711.86,18395.99,0,0,0,0
2009-08-28 10:00:00,0,2065.59,0,378.52,13482.51,7447.76,8418.43,0,0,2585.36,17780.95,266.93,0,13665.96,1843.78,4850.6,78945.04,0,18056.62,0,0,106296.14,0,0,0,3336.08,3125.55,0,27959.61,30176.8,74.44,2984.8,19192.87,0,0,0,0
2009-08-28 11:00:00,0,2114.64,0,408.71,13834.5,8341.54,9060.64,0,0,2810.61,19375.42,294.35,0,13882.69,1974.36,5119.09,81602.51,0,18380.13,0,0,109853.81,0,0,0,3539.12,3338.32,0,29395.89,31293.17,78.19,3294.76,19993.48,0,0,0,0
2009-08-28 12:00:00,0,2190.87,0,438.06,14407.33,9030.38,9585.39,0,0,3009.68,20730.82,318.97,0,14059.6,2064.06,5344.56,83968.25,0,18833.16,0,0,113431.72,0,0,0,3703.39,3506.41,0,31220.17,32710.35,82.15,3544.52,21201.35,0,0,0,0
2009-08-28 13:00:00,0,2293.57,0,458.53,14958.43,9492.46,9933.69,0,0,3164.98,21704.08,332.7,0,14255.42,2132.44,5526.25,86528.97,0,18994.32,0,0,116922.86,0,0,0,3821.56,3637.49,0,33020.0,34133.34,86.55,3686.73,22546.6,0,0,0,0
2009-08-28 14:00:00,0,2413.92,0,478.11,15581.61,9861.8,10158.6,0,0,3281.35,22407.98,346.78,0,14461.87,2195.47,5640.12,89150.42,0,19255.32,0,0,119337.76,0,0,0,3907.38,3737.47,0,34476.02,35291.01,89.23,3776.4,23669.16,0,0,0,0
2009-08-28 15:00:00,0,2514.49,0,486.62,15877.02,10027.08,10283.29,0,0,3323.96,22750.14,364.97,0,14652.55,2257.82,5752.18,90983.36,0,19515.33,0,0,120209.87,0,0,0,3910.65,3747.98,0,35484.3,36090.5,91.76,3802.39,24372.92,0,0,0,0
2009-08-28 16:00:00,0,2611.03,0,490.62,15900.96,9864.89,10135.11,0,0,3237.56,22164.44,374.96,0,14754.44,2297.48,5808.51,91610.25,0,19787.78,0,0,118997.96,0,0,0,3855.91,3705.07,0,35941.13,36769.9,92.69,3806.7,24776.56,0,0,0,0
2009-08-28 17:00:00,0,2675.49,0,485.96,15635.23,9627.81,9942.44,0,0,3096.33,21209.71,370.09,0,14844.22,2272.3,5755.11,90916.6,0,19841.45,0,0,118123.13,0,0,0,3804.71,3670.29,0,35695.98,37097.44,90.83,3775.97,24811.04,0,0,0,0
2009-08-28 18:00:00,0,2713.88,0,474.03,15237.73,9360.76,9797.28,0,0,2941.89,20252.38,361.06,0,14822.59,2177.1,5602.37,89391.66,0,19939.44,0,0,117877.57,0,0,0,3742.04,3623.18,0,34984.24,36905.97,88.47,3699.62,24355.57,0,0,0,0
2009-08-28 19:00:00,0,2620.43,0,426.57,14862.58,8520.21,9215.68,0,0,2797.2,19172.42,322.94,0,14348.16,2104.53,5217.6,84540.52,0,19392.15,0,0,112606.58,0,0,0,3561.5,3534.55,0,33576.47,34879.39,79.19,3427.07,22436.2,0,0,0,0
2009-08-28 20:00:00,0,2428.27,0,412.63,14452.91,8179.78,8644.41,0,0,2639.69,18052.04,311.08,0,13633.37,1965.55,4902.4,81360.83,0,18874.04,0,0,108085.69,0,0,0,3455.94,3417.08,0,32371.11,33474.69,75.71,3235.23,21642.16,0,0,0,0
2009-08-28 21:00:00,0,2358.51,0,389.34,13785.51,7696.17,8078.68,0,0,2484.04,17000.09,299.92,0,12920.16,1844.66,4607.76,78764.35,0,18377.94,0,0,103802.24,0,0,0,3327.4,3260.36,0,30962.81,31653.79,71.33,3048.39,20946.6,0,0,0,0
2009-08-28 22:00:00,0,2259.36,0,358.61,12751.12,7076.21,7530.68,0,0,2332.22,16014.81,278.97,0,12230.62,1719.53,4343.51,75611.04,0,17544.49,0,0,99800.54,0,0,0,3085.87,3059.54,0,28822.2,29953.67,67.3,2867.57,19604.82,0,0,0,0
2009-08-28 23:00:00,0,2056.91,0,322.68,11757.36,6476.87,7027.91,0,0,2182.56,15001.41,256.44,0,11507.95,1593.8,4089.67,71736.08,0,16954.41,0,0,96027.5,0,0,0,2878.18,2883.24,0,26891.98,28012.71,62.96,2690.59,18190.06,0,0,0,0
2009-08-29 00:00:00,0,1867.93,0,290.27,10857.14,5919.55,6532.33,0,0,2027.68,13972.07,235.46,0,10820.69,1472.25,3822.22,67915.86,0,16208.54,0,0,91979.83,0,0,0,2697.77,2721.32,0,25050.82,26485.47,58.57,2515.55,16864.17,0,0,0,0
2009-08-29 01:00:00,0,1700.68,0,270.65,10063.58,5442.34,6050.18,0,0,1888.3,12987.11,215.12,0,10340.23,1359.57,3584.36,64322.11,0,15592.7,0,0,88376.95,0,0,0,2541.64,2564.67,0,23940.35,25148.01,55.49,2344.66,15719.07,0,0,0,0
2009-08-29 02:00:00,0,1589.32,0,253.85,9584.35,5120.22,5656.51,0,0,1781.68,12297.18,201.23,0,10248.46,1280.31,3395.98,61452.22,0,14812.38,0,0,85603.65,0,0,0,2442.54,2438.49,0,23060.12,23863.29,53.3,2213.76,14771.9,0,0,0,0
2009-08-29 03:00:00,0,1515.34,0,247.61,9217.5,4891.54,5425.35,0,0,1716.65,11907.65,191.95,0,10249.8,1217.73,3246.49,59440.51,0,14494.42,0,0,83947.4,0,0,0,2357.51,2366.03,0,22530.46,22851.03,51.73,2125.19,14074.22,0,0,0,0
2009-08-29 04:00:00,0,1479.93,0,244.33,9058.73,4749.2,5312.74,0,0,1698.64,11666.62,185.86,0,10326.35,1197.45,3152.33,58076.59,0,14448.29,0,0,83116.1,0,0,0,2341.59,2382.68,0,22270.65,22176.5,50.24,2089.75,13642.3,0,0,0,0
2009-08-29 05:00:00,0,1473.94,0,242.38,9074.24,4790.04,5351.53,0,0,1709.67,11707.39,185.57,0,10474.9,1199.65,3132.47,57434.96,0,14718.68,0,0,82826.21,0,0,0,2351.48,2400.06,0,22182.22,21761.7,50.1,2102.64,13481.48,0,0,0,0
2009-08-29 06:00:00,0,1511.72,0,243.45,9245.35,4926.14,5490.27,0,0,1734.71,11779.67,187.18,0,10771.19,1222.51,3140.01,57550.62,0,14944.18,0,0,82948.77,0,0,0,2391.51,2417.06,0,22219.99,21791.84,49.51,2131.57,13614.8,0,0,0,0
2009-08-29 07:00:00,0,1561.23,0,250.98,9679.27,5321.49,5771.55,0,0,1836.44,12447.04,195.85,0,11111.64,1267.19,3257.05,58272.43,0,15525.5,0,0,84144.37,0,0,0,2478.25,2480.9,0,22421.3,21971.24,50.01,2255.15,13939.51,0,0,0,0
2009-08-29 08:00:00,0,1673.96,0,276.97,10294.28,6016.33,6058.72,0,0,2023.76,14099.2,210.55,0,11375.72,1375.64,3419.5,60650.6,0,16140.29,0,0,86849.37,0,0,0,2605.09,2587.07,0,23135.49,22391.3,51.22,2500.36,14979.57,0,0,0,0
2009-08-29 09:00:00,0,1808.91,0,307.16,10787.95,6772.53,6414.62,0,0,2234.89,16033.54,227.75,0,11572.6,1536.47,3557.37,63359.55,0,16653.97,0,0,89413.76,0,0,0,2761.38,2727.09,0,25153.14,23847.41,53.78,2803.23,16163.53,0,0,0,0
2009-08-29 10:00:00,0,1927.56,0,349.38,11658.31,7599.7,6862.99,0,0,2473.62,17914.08,254.69,0,11848.43,1722.41,3654.82,66397.07,0,17206.85,0,0,92033.62,0,0,0,2952.18,2892.76,0,27763.31,25259.01,57.02,3055.17,17072.59,0,0,0,0
2009-08-29 11:00:00,0,2056.48,0,383.28,12692.54,8410.68,7674.3,0,0,2714.82,19551.75,280.34,0,12187.21,1887.97,3801.36,69303.75,0,17669.59,0,0,95690.94,0,0,0,3208.91,3209.2,0,30434.0,26891.25,61.57,3262.97,18475.38,0,0,0,0
2009-08-29 12:00:00,0,2195.66,0,408.5,13591.05,9006.25,8441.21,0,0,2867.94,20545.27,303.56,0,12566.19,2020.33,3982.37,71949.64,0,18044.89,0,0,100476.84,0,0,0,3425.31,3455.56,0,32533.11,28440.24,66.58,3411.45,19938.15,0,0,0,0
2009-08-29 13:00:00,0,2338.38,0,430.31,14367.73,9460.02,9015.51,0,0,2944.52,20741.96,325.79,0,12940.3,2133.63,4221.21,74113.99,0,18437.33,0,0,104159.6,0,0,0,3602.98,3657.42,0,34255.58,29693.74,71.25,3509.58,21072.69,0,0,0,0
2009-08-29 14:00:00,0,2442.2,0,449.46,14870.49,9765.2,9450.53,0,0,2959.92,20730.66,345.41,0,13183.36,2227.94,4422.29,75206.33,0,18800.66,0,0,107419.33,0,0,0,3750.54,3809.39,0,35594.67,30616.93,75.17,3604.96,21691.72,0,0,0,0
2009-08-29 15:00:00,0,2498.74,0,463.19,15231.56,9878.32,9744.12,0,0,2929.24,20787.96,359.46,0,13471.56,2288.45,4588.22,75449.12,0,19158.63,0,0,110093.59,0,0,0,3854.33,3909.62,0,36575.32,31436.31,78.13,3657.52,22195.65,0,0,0,0
2009-08-29 16:00:00,0,2532.38,0,466.32,15459.52,9747.01,9912.97,0,0,2847.57,20612.07,362.55,0,13666.34,2298.75,4731.18,75139.1,0,19432.73,0,0,111746.53,0,0,0,3903.75,3950.11,0,37006.75,32161.07,80.17,3671.12,22334.62,0,0,0,0
2009-08-29 17:00:00,0,2554.35,0,456.51,15443.85,9429.52,9910.73,0,0,2751.31,20067.45,361.32,0,13739.54,2256.9,4779.67,74457.76,0,19621.86,0,0,111663.08,0,0,0,3889.68,3916.06,0,36495.28,32676.48,79.71,3620.69,22152.87,0,0,0,0
2009-08-29 18:00:00,0,2521.14,0,444.3,15043.38,9049.72,9690.05,0,0,2702.8,19609.11,350.87,0,13649.85,2160.34,4666.9,73295.34,0,19504.43,0,0,110011.84,0,0,0,3816.64,3812.95,0,35275.42,32638.6,77.73,3519.44,21822.86,0,0,0,0
2009-08-29 19:00:00,0,2504.28,0,443.61,15565.76,8543.79,9525.76,0,0,2743.99,19023.03,342.53,0,14522.23,2150.85,4863.58,76390.87,0,21021.9,0,0,112234.63,0,0,0,3753.86,3677.41,0,34608.21,33439.56,78.63,3443.74,21893.36,0,0,0,0
2009-08-29 20:00:00,0,2301.89,0,422.28,15037.37,8152.9,8948.57,0,0,2597.58,17966.56,325.36,0,13532.04,2020.44,4535.24,74403.8,0,20303.9,0,0,107037.58,0,0,0,3652.68,3555.92,0,33574.31,32182.91,74.84,3221.95,21205.96,0,0,0,0
2009-08-29 21:00:00,0,2200.02,0,402.87,14386.8,7709.37,8375.55,0,0,2463.41,16993.79,309.4,0,12592.49,1859.47,4235.61,72520.05,0,19569.57,0,0,101675.38,0,0,0,3559.35,3428.27,0,32363.43,30456.22,69.53,3033.44,20706.22,0,0,0,0
2009-08-29 22:00:00,0,2096.55,0,371.8,13259.21,7119.92,7802.1,0,0,2326.87,16034.55,283.71,0,11786.72,1752.13,3966.85,69848.94,0,18619.36,0,0,96155.36,0,0,0,3322.65,3221.35,0,30162.15,28885.84,64.26,2848.94,19423.25,0,0,0,0
2009-08-29 23:00:00,0,1914.86,0,338.98,12153.71,6535.39,7236.99,0,0,2178.83,15077.05,259.42,0,10977.46,1645.7,3723.05,66645.86,0,17694.93,0,0,90794.37,0,0,0,3097.43,3019.35,0,28034.23,27119.0,60.0,2668.53,18073.38,0,0,0,0
2009-08-30 00:00:00,0,1756.05,0,308.17,11213.11,5998.06,6691.22,0,0,2035.53,14106.74,238.31,0,10237.68,1521.55,3463.52,63520.84,0,16794.96,0,0,85475.45,0,0,0,2897.37,2825.49,0,26095.72,25652.35,57.16,2501.46,16845.57,0,0,0,0
2009-08-30 01:00:00,0,1609.83,0,285.91,10308.08,5554.57,6171.91,0,0,1905.69,13165.87,217.45,0,9920.89,1398.68,3201.82,60552.58,0,15814.25,0,0,80833.02,0,0,0,2716.84,2641.6,0,24864.62,24340.86,54.66,2352.03,15679.26,0,0,0,0
2009-08-30 02:00:00,0,1521.37,0,267.03,9743.64,5234.22,5753.19,0,0,1803.57,12485.66,201.94,0,9913.49,1317.6,2989.68,57913.0,0,15273.76,0,0,77471.38,0,0,0,2603.66,2507.49,0,23929.04,23244.74,52.24,2229.18,14861.12,0,0,0,0
2009-08-30 03:00:00,0,1474.18,0,253.09,9324.43,5016.43,5566.99,0,0,1742.29,12076.6,191.21,0,9974.09,1249.23,2837.19,56311.62,0,14981.85,0,0,75053.14,0,0,0,2514.33,2423.55,0,23343.07,22325.02,49.11,2149.23,14325.69,0,0,0,0
2009-08-30 04:00:00,0,1472.11,0,248.82,9169.24,4852.86,5462.54,0,0,1722.03,11803.16,185.2,0,10098.43,1226.16,2733.59,55543.25,0,14780.68,0,0,74128.99,0,0,0,2461.16,2397.39,0,22904.1,21868.17,48.11,2113.71,13871.93,0,0,0,0
2009-08-30 05:00:00,0,1505.94,0,247.62,9079.95,4880.04,5435.15,0,0,1736.27,11802.02,185.85,0,10214.27,1225.37,2704.07,55288.51,0,14710.61,0,0,73565.76,0,0,0,2434.64,2395.4,0,22741.94,21727.72,47.94,2120.07,13587.34,0,0,0,0
2009-08-30 06:00:00,0,1573.78,0,249.12,9181.85,5009.35,5509.34,0,0,1756.78,11857.3,188.08,0,10472.21,1243.92,2762.02,55784.43,0,14762.36,0,0,73652.53,0,0,0,2431.36,2398.71,0,22747.29,21908.23,48.26,2154.31,13622.78,0,0,0,0
2009-08-30 07:00:00,0,1644.22,0,258.88,9851.61,5436.88,5892.56,0,0,1859.13,12492.76,199.16,0,10835.48,1318.74,2854.87,56911.46,0,15464.56,0,0,76108.74,0,0,0,2507.07,2496.89,0,23256.76,22105.62,49.27,2295.55,13789.31,0,0,0,0
2009-08-30 08:00:00,0,1734.85,0,286.16,10602.7,6189.05,6377.68,0,0,2047.78,14132.04,221.47,0,11283.99,1436.32,2952.2,59435.3,0,16001.2,0,0,79255.52,0,0,0,2708.66,2703.57,0,24043.61,22443.3,51.47,2539.99,14273.1,0,0,0,0
2009-08-30 09:00:00,0,1775.71,0,314.89,11259.33,6986.21,7007.35,0,0,2288.12,16137.16,236.9,0,11762.22,1607.09,3060.53,62628.24,0,16369.94,0,0,81327.7,0,0,0,2944.66,2949.45,0,25922.17,23281.57,53.4,2840.54,14999.91,0,0,0,0
2009-08-30 10:00:00,0,1842.29,0,347.33,12290.78,7832.52,7740.53,0,0,2535.86,17809.9,262.46,0,12217.45,1782.22,3194.11,64667.42,0,17026.42,0,0,83243.94,0,0,0,3219.75,3248.35,0,28399.12,24207.54,55.35,3079.47,15752.79,0,0,0,0
2009-08-30 11:00:00,0,1911.35,0,376.67,13079.99,8525.71,8318.38,0,0,2727.95,19253.29,289.17,0,12691.54,1930.9,3336.46,66488.02,0,17663.72,0,0,87016.26,0,0,0,3442.64,3491.14,0,30473.09,25288.2,57.55,3249.42,16298.4,0,0,0,0
2009-08-30 12:00:00,0,1995.18,0,406.46,13828.83,9068.74,8714.27,0,0,2874.83,20359.63,313.01,0,13345.86,2054.5,3538.83,68659.21,0,18321.32,0,0,91869.14,0,0,0,3630.43,3687.76,0,31843.62,26266.38,59.67,3379.6,16840.99,0,0,0,0
2009-08-30 13:00:00,0,2039.46,0,426.75,14304.31,9425.1,9036.25,0,0,2974.73,21103.64,335.27,0,13885.36,2155.99,3702.43,70312.52,0,18935.9,0,0,95277.93,0,0,0,3783.12,3837.18,0,32350.45,27146.56,61.83,3481.28,17763.64,0,0,0,0
2009-08-30 14:00:00,0,2059.66,0,436.1,14518.99,9628.55,9279.02,0,0,3042.13,21659.24,355.45,0,14453.52,2234.31,3806.45,71342.08,0,19356.57,0,0,96932.26,0,0,0,3881.62,3928.55,0,32418.82,27774.43,63.93,3550.28,18515.05,0,0,0,0
2009-08-30 15:00:00,0,2061.53,0,430.04,14589.01,9638.97,9403.15,0,0,3057.83,21845.34,345.83,0,14962.03,2291.57,3870.15,71642.75,0,19635.82,0,0,98443.29,0,0,0,3916.57,3966.13,0,32435.77,28194.42,65.08,3614.97,19114.05,0,0,0,0
2009-08-30 16:00:00,0,2091.77,0,418.78,14459.94,9473.52,9492.33,0,0,2969.18,21319.9,344.47,0,15420.2,2289.24,3902.67,71702.77,0,19713.74,0,0,98995.42,0,0,0,3904.89,3947.13,0,32392.74,28579.93,65.55,3655.03,19215.04,0,0,0,0
2009-08-30 17:00:00,0,2107.26,0,418.1,14083.17,9260.16,9389.94,0,0,2868.11,20299.28,349.02,0,15680.51,2139.16,3923.1,72547.41,0,19542.28,0,0,98143.67,0,0,0,3824.45,3837.85,0,32175.48,29050.26,64.88,3619.07,18996.55,0,0,0,0
2009-08-30 18:00:00,0,2106.24,0,403.45,13620.22,8926.01,9300.13,0,0,2746.16,19702.06,345.35,0,15505.48,2091.3,3860.29,72822.07,0,19034.79,0,0,96796.03,0,0,0,3770.09,3756.92,0,31679.43,29275.47,63.84,3539.84,18769.48,0,0,0,0
2009-08-30 19:00:00,0,2185.3,0,428.49,15260.01,8902.46,9622.1,0,0,2913.96,19954.95,352.91,0,17469.06,2132.55,4400.64,80337.81,0,22449.52,0,0,106570.23,0,0,0,3773.46,3573.26,0,32988.33,32090.57,76.58,3553.3,20358.84,0,0,0,0
2009-08-30 20:00:00,0,2087.78,0,407.2,14715.2,8501.91,9012.31,0,0,2725.28,18886.03,334.95,0,16339.56,1985.57,4100.95,77118.26,0,21060.2,0,0,99586.21,0,0,0,3647.3,3415.17,0,31998.78,31052.6,72.63,3313.47,19746.64,0,0,0,0
2009-08-30 21:00:00,0,2062.42,0,387.48,13937.0,7944.2,8437.79,0,0,2574.31,17879.25,316.35,0,15271.43,1836.31,3855.99,74748.83,0,19807.38,0,0,93154.77,0,0,0,3459.87,3241.28,0,30753.47,29897.92,67.53,3104.77,19134.86,0,0,0,0
2009-08-30 22:00:00,0,1957.11,0,359.69,12816.48,7297.94,7855.0,0,0,2414.56,16794.82,293.16,0,14192.37,1688.14,3645.25,71435.17,0,18129.95,0,0,87240.89,0,0,0,3213.13,3028.7,0,28517.35,28640.88,64.46,2896.98,17695.67,0,0,0,0
2009-08-30 23:00:00,0,1805.44,0,329.41,11713.94,6636.25,7267.96,0,0,2250.6,15622.51,266.65,0,13015.94,1581.79,3451.15,67904.94,0,16516.38,0,0,82190.27,0,0,0,2976.54,2819.27,0,26461.89,26809.13,61.98,2689.74,16438.15,0,0,0,0
2009-08-31 00:00:00,0,1661.37,0,301.44,10734.93,5994.53,6695.66,0,0,2089.89,14477.72,241.81,0,11862.68,1467.94,3282.08,64512.17,0,15294.37,0,0,77672.37,0,0,0,2761.19,2621.4,0,24616.67,25190.06,59.6,2479.9,15191.52,0,0,0,0
2009-08-31 01:00:00,0,1542.46,0,277.47,9919.77,5484.13,6091.87,0,0,1940.33,13404.63,219.38,0,11014.41,1352.06,3126.36,61515.61,0,14367.94,0,0,73956.49,0,0,0,2601.48,2451.09,0,23309.71,23754.9,57.55,2306.36,14104.38,0,0,0,0
2009-08-31 02:00:00,0,1489.36,0,258.5,9573.32,5188.87,5679.22,0,0,1828.61,12640.62,204.14,0,10708.69,1283.75,3009.85,58983.96,0,14024.48,0,0,71387.03,0,0,0,2509.75,2370.5,0,22429.85,22518.99,56.17,2200.1,13501.83,0,0,0,0
2009-08-31 03:00:00,0,1484.98,0,255.99,9490.99,5077.6,5485.99,0,0,1780.71,12296.38,198.84,0,10554.32,1259.54,2930.58,57868.34,0,13780.99,0,0,70468.83,0,0,0,2482.72,2336.34,0,22105.83,22141.25,55.76,2134.27,13260.9,0,0,0,0
2009-08-31 04:00:00,0,1537.52,0,260.77,9499.7,5118.81,5458.07,0,0,1820.67,12289.06,203.18,0,10575.37,1304.07,3003.55,58479.22,0,13714.02,0,0,71068.7,0,0,0,2530.19,2368.0,0,22483.11,22158.6,56.65,2168.11,13311.16,0,0,0,0
2009-08-31 05:00:00,0,1628.05,0,268.06,9885.01,5298.75,5529.26,0,0,1880.29,12603.73,208.87,0,10754.85,1353.7,3115.66,59945.98,0,14030.89,0,0,72357.44,0,0,0,2598.11,2416.58,0,22886.42,22871.6,58.21,2238.07,13611.68,0,0,0,0
2009-08-31 06:00:00,0,1716.69,0,280.42,10249.23,5480.66,5678.01,0,0,1935.16,12956.84,215.2,0,11963.38,1402.96,3226.5,61502.21,0,15174.39,0,0,75105.17,0,0,0,2665.07,2461.65,0,23354.87,23781.88,59.84,2319.65,13987.37,0,0,0,0
2009-08-31 07:00:00,0,1805.51,0,305.8,10847.61,5900.64,5891.2,0,0,2098.48,13881.59,228.9,0,12480.85,1506.87,3507.25,64860.85,0,16291.3,0,0,81236.49,0,0,0,2760.69,2532.6,0,24394.16,24678.72,61.45,2491.4,14914.86,0,0,0,0
2009-08-31 08:00:00,0,1865.91,0,331.53,11110.17,6450.21,6059.4,0,0,2272.89,15193.76,245.89,0,13045.86,1578.89,3636.79,68758.04,0,16873.82,0,0,83932.81,0,0,0,2860.36,2618.07,0,25385.73,25611.7,62.62,2690.79,15704.91,0,0,0,0
2009-08-31 09:00:00,0,1830.82,0,350.77,11304.6,7024.74,6256.92,0,0,2461.63,16571.59,263.07,0,13478.37,1661.5,3748.0,71272.63,0,17450.14,0,0,86355.99,0,0,0,2959.46,2697.5,0,26395.29,26430.11,63.47,2890.0,16387.08,0,0,0,0
2009-08-31 10:00:00,0,1850.5,0,370.21,11481.25,7737.03,6499.12,0,0,2675.94,18253.04,282.81,0,13900.04,1825.48,3934.61,73665.72,0,17954.76,0,0,88078.02,0,0,0,3035.31,2755.6,0,27307.23,27407.02,65.32,3145.18,16839.76,0,0,0,0
2009-08-31 11:00:00,0,1879.73,0,392.98,11646.73,8431.26,6687.81,0,0,2891.88,19742.94,295.92,0,14197.39,1957.61,4103.93,75495.03,0,18288.73,0,0,90267.81,0,0,0,3090.21,2807.73,0,28738.99,28391.65,68.31,3393.42,17343.73,0,0,0,0
2009-08-31 12:00:00,0,1920.67,0,423.35,11760.95,8795.13,6880.89,0,0,3033.52,20679.12,302.05,0,14283.88,1994.92,4254.53,76930.91,0,18485.91,0,0,92195.68,0,0,0,3132.02,2857.57,0,30641.1,29463.06,71.23,3472.72,18095.86,0,0,0,0
2009-08-31 13:00:00,0,1967.35,0,455.84,11988.17,8934.03,7016.97,0,0,3077.07,21248.21,311.92,0,14335.12,2065.25,4409.97,78417.08,0,18736.43,0,0,94353.84,0,0,0,3170.01,2912.59,0,32270.89,30353.26,73.7,3524.46,19067.33,0,0,0,0
2009-08-31 14:00:00,0,2005.36,0,476.38,12234.99,9018.38,7097.5,0,0,3061.89,21536.99,320.32,0,14346.17,2060.02,4527.69,79760.92,0,18960.06,0,0,96434.51,0,0,0,3206.7,2965.0,0,33480.92,30948.13,75.18,3572.9,19871.26,0,0,0,0
2009-08-31 15:00:00,0,2032.36,0,484.77,12441.32,9146.33,7153.91,0,0,3056.96,21588.11,326.82,0,14382.78,2034.98,4597.53,80165.02,0,19105.4,0,0,97758.58,0,0,0,3232.31,3009.98,0,34096.1,31582.28,76.02,3674.17,20390.9,0,0,0,0
2009-08-31 16:00:00,0,2102.1,0,463.71,12566.74,9179.43,7184.95,0,0,3037.69,21265.12,335.58,0,14629.61,2057.24,4571.66,80521.66,0,19099.65,0,0,98617.65,0,0,0,3240.63,3037.8,0,34200.74,32185.54,76.68,3690.35,20723.43,0,0,0,0
2009-08-31 17:00:00,0,2152.08,0,464.81,12576.16,9173.31,7186.48,0,0,2994.16,20813.63,333.68,0,14832.69,2132.9,4535.93,81273.85,0,19253.32,0,0,98755.96,0,0,0,3233.2,3059.84,0,33831.47,32530.63,76.67,3654.59,20585.77,0,0,0,0
2009-08-31 18:00:00,0,2160.95,0,450.86,12500.53,9018.66,7157.26,0,0,2915.12,20080.72,333.76,0,14598.0,2105.7,4423.05,81080.86,0,18964.3,0,0,97984.32,0,0,0,3212.13,3072.27,0,32917.74,32361.61,76.14,3607.62,20072.15,0,0,0,0
2009-08-31 19:00:00,0,2244.65,0,435.29,13058.9,8911.66,7544.35,0,0,2940.62,20147.98,342.82,0,15291.52,2096.83,4383.42,80809.63,0,20003.69,0,0,98442.61,0,0,0,2964.58,2824.77,0,32600.03,32809.47,76.68,3478.51,19938.21,0,0,0,0
2009-08-31 20:00:00,0,2090.7,0,414.65,12667.51,8519.66,7084.09,0,0,2749.75,18912.82,331.07,0,14171.88,1943.24,4080.56,77047.81,0,18782.56,0,0,92202.99,0,0,0,2866.83,2706.98,0,31413.79,31484.93,72.35,3265.43,19077.25,0,0,0,0
2009-08-31 21:00:00,0,2059.99,0,388.93,12006.13,7888.93,6639.25,0,0,2576.24,17749.65,312.42,0,13120.21,1800.96,3839.9,74423.2,0,17723.23,0,0,86383.13,0,0,0,2774.67,2566.2,0,29972.82,30230.18,67.71,3051.97,18379.6,0,0,0,0
2009-08-31 22:00:00,0,1949.29,0,358.31,11040.51,7223.87,6183.9,0,0,2402.28,16553.23,288.9,0,12214.1,1675.71,3623.27,70954.83,0,16614.25,0,0,81448.05,0,0,0,2621.49,2449.26,0,27777.61,28865.88,64.31,2848.22,17026.93,0,0,0,0
2009-08-31 23:00:00,0,1801.89,0,331.16,10195.81,6575.49,5730.96,0,0,2234.43,15397.56,268.53,0,11323.64,1559.12,3434.94,67182.97,0,15452.19,0,0,76926.86,0,0,0,2478.49,2330.75,0,25906.01,27026.23,61.72,2652.33,15744.06,0,0,0,0
2009-09-01 00:00:00,0,1668.77,0,304.91,9410.77,5957.58,5329.51,0,0,2073.26,14314.56,244.08,0,10507.15,1437.26,3257.13,63762.49,0,14424.53,0,0,72870.79,0,0,0,2340.76,2210.58,0,24148.08,25387.78,59.27,2451.73,14573.09,0,0,0,0
2009-09-01 01:00:00,0,1559.6,0,278.42,8846.07,5470.39,4963.86,0,0,1921.62,13274.18,222.17,0,10074.25,1324.85,3102.81,60803.56,0,13564.18,0,0,69597.44,0,0,0,2237.3,2098.38,0,22944.87,23851.36,57.1,2256.65,13676.02,0,0,0,0
2009-09-01 02:00:00,0,1488.12,0,260.53,8594.6,5207.0,4701.14,0,0,1802.51,12517.7,207.64,0,9968.41,1238.83,2977.21,58342.75,0,13095.18,0,0,67251.44,0,0,0,2186.39,2051.77,0,22179.33,22560.81,55.74,2160.74,13161.21,0,0,0,0
2009-09-01 03:00:00,0,1482.5,0,259.66,8529.62,5039.34,4691.73,0,0,1762.49,12070.75,200.53,0,10006.31,1217.19,2905.93,57292.67,0,12837.2,0,0,66738.33,0,0,0,2174.79,2028.16,0,21698.18,22136.17,55.57,2118.25,12951.33,0,0,0,0
2009-09-01 04:00:00,0,1540.46,0,263.0,8650.98,5123.32,4838.96,0,0,1799.56,12106.7,205.61,0,10193.89,1245.32,3000.08,58105.13,0,12913.86,0,0,67805.7,0,0,0,2220.06,2059.24,0,21945.16,22089.36,56.82,2168.31,13105.62,0,0,0,0
2009-09-01 05:00:00,0,1630.04,0,272.01,9096.99,5315.54,5028.78,0,0,1852.28,12475.6,211.53,0,10504.91,1290.51,3113.48,59781.45,0,13293.37,0,0,69339.93,0,0,0,2270.97,2094.1,0,22239.5,22663.48,58.44,2247.4,13486.1,0,0,0,0
2009-09-01 06:00:00,0,1715.25,0,280.23,9578.9,5510.15,5220.57,0,0,1908.79,12827.99,217.49,0,11758.27,1333.83,3230.59,61398.15,0,14626.69,0,0,72475.47,0,0,0,2337.63,2140.7,0,22559.34,23508.85,59.98,2320.02,13845.84,0,0,0,0
2009-09-01 07:00:00,0,1811.68,0,303.31,10212.91,5838.11,5558.58,0,0,2052.26,13598.27,223.97,0,12206.14,1400.27,3519.88,64981.87,0,15805.02,0,0,79153.98,0,0,0,2448.32,2242.47,0,23293.51,24433.55,61.44,2489.13,14791.76,0,0,0,0
2009-09-01 08:00:00,0,1866.83,0,325.74,10395.39,6253.49,5794.21,0,0,2188.37,14504.18,231.45,0,12753.13,1464.63,3635.79,68691.07,0,16504.69,0,0,82778.4,0,0,0,2509.66,2322.16,0,23926.93,25936.39,62.37,2676.23,15532.03,0,0,0,0
2009-09-01 09:00:00,0,1823.73,0,346.52,10627.26,6735.81,6012.39,0,0,2351.9,15643.16,239.82,0,13252.44,1531.97,3729.23,71068.85,0,17138.03,0,0,85870.96,0,0,0,2587.44,2400.38,0,24468.52,26945.31,63.74,2892.39,16207.32,0,0,0,0
2009-09-01 10:00:00,0,1841.51,0,367.1,10992.82,7364.31,6181.19,0,0,2557.19,17299.62,250.77,0,13598.01,1593.3,3883.89,73714.15,0,17748.68,0,0,88506.51,0,0,0,2668.5,2486.24,0,25076.13,28256.99,65.87,3064.06,16822.51,0,0,0,0
2009-09-01 11:00:00,0,1892.32,0,394.35,11438.05,7868.98,6340.24,0,0,2776.81,18944.74,266.36,0,13747.22,1707.89,4061.23,75643.75,0,18019.22,0,0,90177.37,0,0,0,2727.47,2576.82,0,26184.34,29479.77,69.06,3143.93,17526.0,0,0,0,0
2009-09-01 12:00:00,0,1939.39,0,419.73,11938.32,8195.61,6574.03,0,0,2880.39,19910.7,293.3,0,13873.08,1841.16,4188.55,76926.51,0,18244.42,0,0,93267.33,0,0,0,2791.43,2650.27,0,27523.66,30635.0,72.11,3202.79,18211.32,0,0,0,0
2009-09-01 13:00:00,0,1999.86,0,428.43,12353.63,8288.35,6877.41,0,0,2902.58,20266.32,307.71,0,13961.05,1899.11,4342.02,78469.31,0,18524.26,0,0,96564.04,0,0,0,2863.52,2726.47,0,28651.17,31592.3,74.93,3251.79,19150.38,0,0,0,0
2009-09-01 14:00:00,0,2063.08,0,433.63,12641.48,8434.69,7240.21,0,0,2924.12,20443.82,314.42,0,14003.34,1931.7,4465.34,79613.77,0,18849.05,0,0,98897.18,0,0,0,2943.15,2829.19,0,29601.81,32461.6,77.68,3319.14,19992.42,0,0,0,0
2009-09-01 15:00:00,0,2129.49,0,445.09,12767.52,8561.04,7458.52,0,0,2925.8,20357.5,319.77,0,14177.77,1972.81,4547.12,80227.89,0,19158.98,0,0,100053.63,0,0,0,3016.84,2919.24,0,30289.5,33277.42,79.36,3390.78,20694.65,0,0,0,0
2009-09-01 16:00:00,0,2193.0,0,446.0,12703.55,8593.6,7514.08,0,0,2908.67,20161.83,324.81,0,14504.33,1997.89,4581.62,80789.74,0,19564.21,0,0,100889.26,0,0,0,3098.67,2993.86,0,30670.75,33996.96,80.5,3434.63,21134.4,0,0,0,0
2009-09-01 17:00:00,0,2251.11,0,442.37,12702.21,8582.58,7502.4,0,0,2873.94,19727.48,318.1,0,15126.04,1987.42,4584.7,81556.66,0,19810.44,0,0,101272.53,0,0,0,3167.77,3040.0,0,30783.63,34165.63,81.3,3450.87,21192.34,0,0,0,0
2009-09-01 18:00:00,0,2272.51,0,440.88,12701.75,8581.6,7410.13,0,0,2821.54,19422.36,314.5,0,14825.47,1958.99,4536.24,82146.66,0,19282.41,0,0,100239.52,0,0,0,3181.37,3039.76,0,30650.76,33928.63,80.41,3475.52,20921.66,0,0,0,0
2009-09-01 19:00:00,0,2417.23,0,425.32,12996.28,8529.49,7763.65,0,0,2829.6,19181.12,321.68,0,15353.14,1952.11,4582.24,81730.98,0,20082.07,0,0,101738.07,0,0,0,3124.9,2980.65,0,30538.15,34551.06,81.39,3344.51,20653.11,0,0,0,0
2009-09-01 20:00:00,0,2238.01,0,402.54,12410.05,8150.43,7165.16,0,0,2640.44,18105.1,310.08,0,14121.29,1842.8,4248.29,77918.4,0,18882.12,0,0,94483.42,0,0,0,3041.31,2874.11,0,29365.58,33330.61,75.6,3138.46,19892.09,0,0,0,0
2009-09-01 21:00:00,0,2148.57,0,373.43,11677.56,7540.12,6627.39,0,0,2466.95,16989.92,292.3,0,13083.94,1732.87,3973.07,75196.49,0,17823.85,0,0,88412.9,0,0,0,2904.86,2713.5,0,28011.18,31975.63,70.43,2933.35,19167.85,0,0,0,0
2009-09-01 22:00:00,0,2015.79,0,329.17,10748.54,6869.15,6084.04,0,0,2307.2,15938.48,267.17,0,12199.88,1616.77,3740.31,71507.7,0,16702.06,0,0,83254.96,0,0,0,2717.84,2553.96,0,26175.19,30370.32,66.06,2727.2,17743.06,0,0,0,0
2009-09-01 23:00:00,0,1846.31,0,287.93,9879.82,6223.5,5588.48,0,0,2150.64,14860.93,244.79,0,11383.14,1498.98,3539.28,67661.45,0,15585.43,0,0,78613.32,0,0,0,2547.89,2401.27,0,24482.88,28322.44,62.81,2528.68,16290.6,0,0,0,0
2009-09-02 00:00:00,0,1692.26,0,267.71,9154.95,5665.1,5203.86,0,0,1992.99,13799.78,224.07,0,10643.85,1369.76,3351.04,64158.24,0,14557.72,0,0,74495.63,0,0,0,2398.74,2258.18,0,23210.52,26625.23,60.06,2345.91,15044.83,0,0,0,0
2009-09-02 01:00:00,0,1557.51,0,256.02,8619.14,5189.19,4850.77,0,0,1838.7,12743.47,202.88,0,10302.72,1270.8,3171.35,61134.56,0,13660.51,0,0,70919.45,0,0,0,2263.54,2122.22,0,22280.28,25081.1,57.78,2174.73,14120.15,0,0,0,0
2009-09-02 02:00:00,0,1465.04,0,238.58,8342.53,4876.09,4591.44,0,0,1725.13,11894.08,186.15,0,10213.91,1199.7,3020.63,58642.35,0,13108.84,0,0,68562.66,0,0,0,2179.12,2036.97,0,21672.76,23689.1,56.09,2096.52,13592.68,0,0,0,0
2009-09-02 03:00:00,0,1432.95,0,237.43,8259.38,4820.83,4549.75,0,0,1704.01,11508.73,179.41,0,10264.29,1171.41,2940.69,57478.04,0,12811.53,0,0,67962.59,0,0,0,2141.15,2009.31,0,21052.78,23157.36,55.43,2070.5,13448.08,0,0,0,0
2009-09-02 04:00:00,0,1459.22,0,244.09,8409.76,4958.82,4700.48,0,0,1742.12,11624.52,183.59,0,10393.16,1186.63,3031.58,58224.93,0,12949.4,0,0,69026.32,0,0,0,2144.37,2020.96,0,21065.4,22953.94,55.76,2109.88,13614.1,0,0,0,0
2009-09-02 05:00:00,0,1528.83,0,250.9,8867.3,5126.44,4923.19,0,0,1790.98,11939.19,189.18,0,10645.59,1220.0,3148.99,59909.96,0,13387.03,0,0,70731.45,0,0,0,2201.95,2063.97,0,21262.63,23380.4,57.05,2169.61,13964.57,0,0,0,0
2009-09-02 06:00:00,0,1602.02,0,259.09,9378.8,5324.14,5186.28,0,0,1844.06,12301.64,194.19,0,11870.14,1281.23,3256.38,61501.31,0,14675.14,0,0,73967.74,0,0,0,2263.0,2108.94,0,21530.79,24114.77,58.37,2235.53,14282.79,0,0,0,0
2009-09-02 07:00:00,0,1702.76,0,292.6,10107.45,5537.11,5552.51,0,0,1948.21,12990.63,200.77,0,12367.26,1371.37,3536.69,65020.65,0,15838.93,0,0,80621.16,0,0,0,2426.17,2240.99,0,22423.28,24861.74,59.97,2328.73,15055.77,0,0,0,0
2009-09-02 08:00:00,0,1794.04,0,307.87,10231.66,5851.58,5809.32,0,0,2072.57,13748.56,210.97,0,13096.68,1429.7,3654.25,68942.8,0,16680.27,0,0,85186.83,0,0,0,2513.77,2330.12,0,23204.61,26576.95,62.61,2441.05,15736.73,0,0,0,0
2009-09-02 09:00:00,0,1830.63,0,321.66,10500.8,6229.06,6054.58,0,0,2213.94,14733.57,224.08,0,13819.09,1495.78,3740.06,71741.11,0,17700.62,0,0,89085.01,0,0,0,2615.74,2437.18,0,24100.03,28014.95,65.67,2601.37,16436.99,0,0,0,0
2009-09-02 10:00:00,0,1898.51,0,337.97,10860.54,6795.43,6305.35,0,0,2397.76,16199.43,238.91,0,14283.41,1545.98,3927.02,74842.39,0,18503.18,0,0,92403.86,0,0,0,2686.35,2526.3,0,25018.13,29311.22,68.71,2842.68,17164.1,0,0,0,0
2009-09-02 11:00:00,0,1958.85,0,359.72,11276.31,7559.85,6513.58,0,0,2633.27,17881.29,254.72,0,14711.23,1689.51,4256.24,77574.53,0,19095.92,0,0,95746.33,0,0,0,2767.99,2620.91,0,26662.79,30808.78,72.46,3118.69,17882.46,0,0,0,0
2009-09-02 12:00:00,0,2024.48,0,383.72,11802.47,8276.95,6716.23,0,0,2835.54,19278.99,277.94,0,15039.38,1835.37,4573.62,79438.09,0,19444.03,0,0,100024.27,0,0,0,2865.8,2704.59,0,28202.7,32150.93,75.71,3350.94,19061.97,0,0,0,0
2009-09-02 13:00:00,0,2101.71,0,408.46,12286.78,8745.06,6943.2,0,0,2966.68,20241.17,303.55,0,15166.93,1880.49,4758.18,81496.75,0,19778.68,0,0,103505.26,0,0,0,2977.01,2797.33,0,29329.46,33508.55,79.53,3509.82,20293.28,0,0,0,0
2009-09-02 14:00:00,0,2170.78,0,423.13,12606.97,8958.06,7167.36,0,0,3010.26,20747.87,316.21,0,15319.11,1900.98,4918.54,83299.87,0,20043.61,0,0,105760.21,0,0,0,3065.35,2864.21,0,30175.92,34545.64,83.56,3583.58,21213.87,0,0,0,0
2009-09-02 15:00:00,0,2265.19,0,432.08,12817.35,9029.37,7359.92,0,0,3021.67,20941.58,320.52,0,15511.55,1935.88,5017.15,84469.3,0,20257.82,0,0,107317.08,0,0,0,3101.29,2893.73,0,30765.06,35637.51,85.9,3622.18,21800.45,0,0,0,0
2009-09-02 16:00:00,0,2367.35,0,441.21,13065.93,9014.12,7486.41,0,0,2982.37,20894.81,316.64,0,15746.76,1922.14,5097.1,85091.7,0,20573.8,0,0,107768.36,0,0,0,3075.17,2916.93,0,31042.22,36505.54,86.43,3614.23,22057.59,0,0,0,0
2009-09-02 17:00:00,0,2420.56,0,432.93,13140.24,8884.01,7512.66,0,0,2923.56,20528.8,321.18,0,15938.67,1888.47,5104.99,85184.7,0,20556.9,0,0,106855.99,0,0,0,3052.71,2917.3,0,31005.36,36719.05,86.12,3593.44,21985.3,0,0,0,0
2009-09-02 18:00:00,0,2440.74,0,415.04,13038.86,8754.43,7449.66,0,0,2864.17,19873.39,322.87,0,15573.03,1835.33,4977.14,85537.16,0,19877.48,0,0,104835.4,0,0,0,3038.07,2930.6,0,30757.72,36460.2,84.33,3572.03,21495.25,0,0,0,0
2009-09-02 19:00:00,0,2550.99,0,418.7,13435.38,8678.43,7942.21,0,0,2878.3,19373.91,326.04,0,15989.25,1788.54,4926.0,85680.63,0,20837.55,0,0,105610.43,0,0,0,2940.14,2856.83,0,30886.02,36404.64,83.42,3443.75,21130.39,0,0,0,0
2009-09-02 20:00:00,0,2380.37,0,398.69,12792.86,8289.7,7375.18,0,0,2710.0,18414.05,310.3,0,14683.17,1729.76,4519.08,81057.33,0,19464.8,0,0,98090.14,0,0,0,2907.74,2786.03,0,30124.53,34629.74,78.42,3227.22,20473.46,0,0,0,0
2009-09-02 21:00:00,0,2270.96,0,378.21,12029.49,7688.35,6885.44,0,0,2542.6,17381.27,283.51,0,13670.12,1660.5,4202.63,77933.31,0,18407.08,0,0,91392.63,0,0,0,2864.4,2684.49,0,29129.3,33056.76,73.03,3025.49,19816.2,0,0,0,0
2009-09-02 22:00:00,0,2114.51,0,344.44,10998.53,6997.97,6364.82,0,0,2370.34,16245.72,259.67,0,12700.66,1574.27,3914.62,74077.95,0,17233.63,0,0,85867.47,0,0,0,2718.81,2561.09,0,27143.81,31460.08,68.95,2808.25,18395.09,0,0,0,0
2009-09-02 23:00:00,0,1924.12,0,317.63,10137.95,6330.43,5833.88,0,0,2208.27,15075.16,240.56,0,11795.75,1480.06,3678.09,69942.97,0,16015.61,0,0,81122.86,0,0,0,2579.4,2438.57,0,25195.23,29330.98,65.31,2597.75,16836.89,0,0,0,0
2009-09-03 00:00:00,0,1760.62,0,291.25,9375.01,5715.79,5427.77,0,0,2046.78,13956.85,222.73,0,10940.94,1373.7,3461.96,66278.4,0,14974.07,0,0,76974.02,0,0,0,2438.39,2317.19,0,23574.32,27500.59,62.48,2383.66,15418.43,0,0,0,0
2009-09-03 01:00:00,0,1613.79,0,264.38,8836.98,5232.8,5040.36,0,0,1890.68,12899.31,203.95,0,10508.69,1279.37,3258.89,62965.0,0,13953.0,0,0,73410.73,0,0,0,2332.87,2198.3,0,22357.79,25791.11,59.85,2180.2,14277.07,0,0,0,0
2009-09-03 02:00:00,0,1513.36,0,245.68,8596.0,4880.44,4758.78,0,0,1761.72,12047.95,188.94,0,10419.59,1213.53,3104.22,60379.42,0,13394.73,0,0,71059.09,0,0,0,2272.29,2123.97,0,21612.04,24436.37,57.75,2065.48,13773.82,0,0,0,0
2009-09-03 03:00:00,0,1482.59,0,240.49,8551.25,4783.77,4729.68,0,0,1709.0,11568.56,182.2,0,10459.27,1202.42,3039.78,59170.77,0,13128.9,0,0,70473.89,0,0,0,2240.3,2078.16,0,21185.34,23817.88,55.86,2030.8,13673.44,0,0,0,0
2009-09-03 04:00:00,0,1505.9,0,247.09,8713.6,4937.01,4879.95,0,0,1750.76,11673.36,187.11,0,10587.75,1226.3,3117.3,59761.79,0,13266.4,0,0,71496.74,0,0,0,2257.68,2090.61,0,21495.74,23555.54,55.66,2076.62,13852.22,0,0,0,0
2009-09-03 05:00:00,0,1556.43,0,250.06,9171.74,5127.25,5054.73,0,0,1806.63,12006.85,195.33,0,10826.43,1249.95,3211.99,61124.0,0,13572.35,0,0,73204.15,0,0,0,2317.88,2123.05,0,21899.04,23965.69,56.8,2156.55,14236.51,0,0,0,0
2009-09-03 06:00:00,0,1611.48,0,257.14,9663.88,5321.27,5242.29,0,0,1865.07,12334.55,202.65,0,11942.39,1273.13,3309.46,62643.12,0,14655.37,0,0,75849.77,0,0,0,2373.83,2159.22,0,22311.27,24598.26,58.02,2234.5,14554.37,0,0,0,0
2009-09-03 07:00:00,0,1692.2,0,277.76,10311.08,5587.91,5571.02,0,0,1992.28,13131.27,209.83,0,12672.2,1356.3,3578.25,66637.42,0,16097.55,0,0,82921.72,0,0,0,2487.99,2276.0,0,23217.66,25438.98,59.62,2375.58,15178.02,0,0,0,0
2009-09-03 08:00:00,0,1801.12,0,306.95,10494.07,5853.84,5836.09,0,0,2094.41,13950.33,217.7,0,13621.07,1390.37,3692.1,70323.91,0,17134.92,0,0,87617.25,0,0,0,2566.85,2372.49,0,23920.26,27085.81,62.92,2490.3,15992.74,0,0,0,0
2009-09-03 09:00:00,0,1856.75,0,321.91,10784.94,6196.03,6115.54,0,0,2222.38,15085.35,227.89,0,14436.62,1467.56,3868.4,73988.32,0,18147.45,0,0,91693.29,0,0,0,2650.82,2466.42,0,24719.26,28614.75,66.42,2623.13,16832.28,0,0,0,0
2009-09-03 10:00:00,0,1953.64,0,340.86,11115.08,6599.03,6379.7,0,0,2389.01,16643.2,238.38,0,15245.04,1642.98,4126.16,77203.84,0,18927.04,0,0,93941.39,0,0,0,2736.82,2562.21,0,25455.36,30068.83,69.75,2779.38,17499.45,0,0,0,0
2009-09-03 11:00:00,0,2079.4,0,366.28,11585.34,7228.67,6674.89,0,0,2582.33,18263.14,269.75,0,15879.12,1801.01,4396.59,80586.11,0,19475.81,0,0,97297.74,0,0,0,2855.51,2663.26,0,26212.08,31808.46,74.79,2972.29,18171.0,0,0,0,0
2009-09-03 12:00:00,0,2217.91,0,398.29,12272.92,7987.27,7085.87,0,0,2799.36,19567.54,298.44,0,16346.17,1909.54,4668.13,83253.69,0,20002.77,0,0,101611.28,0,0,0,3036.46,2818.82,0,27140.29,33831.23,81.88,3185.54,19167.62,0,0,0,0
2009-09-03 13:00:00,0,2367.3,0,418.38,12935.47,8623.85,7511.01,0,0,2972.36,20526.52,318.25,0,16600.4,1985.81,4877.36,86207.98,0,20509.25,0,0,105334.09,0,0,0,3230.86,3002.49,0,28116.21,35657.27,87.19,3401.22,20304.6,0,0,0,0
2009-09-03 14:00:00,0,2513.53,0,426.44,13480.4,9074.45,7839.41,0,0,3086.47,21148.14,336.72,0,16724.04,2041.84,4986.58,88468.36,0,20817.59,0,0,108162.28,0,0,0,3380.14,3151.93,0,29027.48,37194.3,90.38,3536.72,21197.82,0,0,0,0
2009-09-03 15:00:00,0,2646.42,0,441.46,13854.01,9335.56,8067.74,0,0,3113.4,21215.59,351.55,0,16744.97,2076.64,5034.39,90055.09,0,20973.63,0,0,109960.95,0,0,0,3485.14,3255.49,0,29948.38,37976.37,93.11,3651.32,21838.5,0,0,0,0
2009-09-03 16:00:00,0,2710.75,0,448.56,14086.82,9366.15,8191.71,0,0,3045.71,20698.22,356.46,0,16772.74,2095.82,5079.51,90915.71,0,21045.58,0,0,109747.97,0,0,0,3534.7,3305.16,0,30593.0,38089.54,94.05,3672.77,22193.94,0,0,0,0
2009-09-03 17:00:00,0,2745.1,0,451.51,14086.37,9177.6,8200.13,0,0,2947.76,20060.98,345.06,0,16778.56,2074.92,5082.23,90268.56,0,20972.21,0,0,108910.59,0,0,0,3530.16,3312.5,0,30981.96,37883.8,93.24,3663.1,22224.04,0,0,0,0
2009-09-03 18:00:00,0,2743.91,0,437.08,13979.82,8957.4,8043.28,0,0,2868.66,19475.52,328.0,0,16202.73,2011.6,4991.26,88989.4,0,19982.34,0,0,106793.27,0,0,0,3473.94,3263.33,0,31044.82,37394.6,90.48,3633.04,21826.1,0,0,0,0
2009-09-03 19:00:00,0,2782.19,0,426.57,14092.65,8781.89,8286.79,0,0,2893.16,19170.86,320.83,0,16602.85,2021.91,4962.4,88479.81,0,20914.19,0,0,108075.44,0,0,0,3390.78,3132.38,0,31044.44,36741.23,89.09,3507.59,21227.91,0,0,0,0
2009-09-03 20:00:00,0,2562.36,0,403.74,13492.2,8363.01,7656.31,0,0,2705.9,18161.33,311.71,0,15214.07,1912.54,4574.18,83383.58,0,19557.63,0,0,101015.41,0,0,0,3253.5,2978.95,0,30172.27,35166.44,82.95,3267.74,20345.53,0,0,0,0
2009-09-03 21:00:00,0,2451.71,0,378.71,12725.91,7784.88,7046.37,0,0,2552.35,17251.81,299.22,0,14033.72,1805.98,4262.9,80428.8,0,18672.2,0,0,95003.7,0,0,0,3050.68,2813.3,0,28933.64,33711.63,77.25,3040.79,19700.1,0,0,0,0
2009-09-03 22:00:00,0,2289.85,0,344.35,11602.77,7091.09,6426.49,0,0,2382.86,16111.38,276.9,0,12964.77,1683.67,3986.05,76499.3,0,17492.76,0,0,89546.35,0,0,0,2817.72,2614.2,0,26836.08,32300.94,72.36,2820.8,18237.72,0,0,0,0
2009-09-03 23:00:00,0,2057.49,0,316.71,10562.23,6396.26,5848.81,0,0,2206.49,14943.14,253.34,0,12052.59,1563.88,3725.14,72091.52,0,16497.09,0,0,84506.44,0,0,0,2622.23,2431.97,0,24975.46,30012.23,68.26,2604.63,16824.32,0,0,0,0
2009-09-04 00:00:00,0,1863.31,0,296.38,9642.73,5777.67,5396.35,0,0,2042.09,13795.26,230.43,0,11200.15,1441.8,3492.85,67983.5,0,15333.21,0,0,79757.02,0,0,0,2439.76,2271.19,0,23313.45,27995.67,64.48,2397.41,15496.62,0,0,0,0
2009-09-04 01:00:00,0,1696.38,0,272.97,9059.61,5244.51,5027.04,0,0,1875.74,12703.28,210.31,0,10736.21,1325.28,3293.73,64485.98,0,14363.51,0,0,76138.99,0,0,0,2315.33,2124.23,0,22186.96,26229.03,61.47,2200.14,14399.37,0,0,0,0
2009-09-04 02:00:00,0,1585.28,0,256.83,8784.74,4892.01,4748.55,0,0,1742.22,11882.19,195.02,0,10632.43,1242.45,3137.69,61829.86,0,13772.46,0,0,73818.12,0,0,0,2247.01,2062.5,0,21612.79,24862.39,59.39,2067.98,13835.37,0,0,0,0
2009-09-04 03:00:00,0,1533.1,0,253.87,8670.5,4755.06,4702.56,0,0,1695.72,11489.62,188.23,0,10636.11,1230.22,3063.1,60554.83,0,13491.05,0,0,73154.78,0,0,0,2225.7,2051.84,0,21538.21,24303.23,57.44,2013.7,13669.84,0,0,0,0
2009-09-04 04:00:00,0,1539.35,0,261.93,8857.49,4877.15,4840.07,0,0,1737.08,11624.61,192.89,0,10752.54,1265.83,3134.54,60932.71,0,13502.87,0,0,74021.31,0,0,0,2274.01,2084.1,0,22019.12,23926.04,57.79,2045.86,13882.73,0,0,0,0
2009-09-04 05:00:00,0,1589.41,0,271.72,9315.25,5077.32,5018.69,0,0,1787.42,11983.1,198.75,0,10961.49,1308.16,3230.65,62277.03,0,13954.68,0,0,75677.78,0,0,0,2341.62,2118.82,0,22397.15,24368.62,59.14,2127.19,14203.56,0,0,0,0
2009-09-04 06:00:00,0,1639.4,0,280.42,9790.05,5282.95,5230.8,0,0,1842.98,12355.83,204.31,0,12222.67,1354.13,3326.3,63715.45,0,15442.43,0,0,79069.69,0,0,0,2413.81,2161.63,0,22725.11,25012.66,60.26,2210.92,14562.01,0,0,0,0
2009-09-04 07:00:00,0,1703.26,0,308.34,10612.39,5574.57,5593.2,0,0,1964.56,13127.14,214.51,0,12911.7,1452.12,3595.98,67256.39,0,16735.67,0,0,85411.7,0,0,0,2518.51,2255.78,0,23754.66,25900.19,62.49,2326.03,15245.49,0,0,0,0
2009-09-04 08:00:00,0,1838.56,0,327.33,11015.97,5930.95,6007.96,0,0,2081.97,14013.04,229.2,0,13857.66,1509.16,3722.89,71306.27,0,17727.65,0,0,90203.41,0,0,0,2615.56,2363.41,0,24838.85,27750.81,64.85,2451.58,16178.74,0,0,0,0
2009-09-04 09:00:00,0,1950.7,0,343.09,11475.5,6332.68,6339.61,0,0,2219.2,15171.31,242.3,0,14766.02,1585.02,3923.35,74929.34,0,18887.13,0,0,95109.43,0,0,0,2717.94,2453.66,0,25983.86,29024.88,67.31,2629.41,17274.58,0,0,0,0
2009-09-04 10:00:00,0,2031.3,0,374.78,11886.59,6923.93,6595.14,0,0,2438.24,16763.39,263.06,0,15731.41,1751.03,4154.69,78409.28,0,20049.68,0,0,99561.67,0,0,0,2825.46,2532.81,0,27457.09,30171.19,69.81,2815.18,18372.52,0,0,0,0
2009-09-04 11:00:00,0,2118.48,0,400.41,12492.06,7702.02,7099.73,0,0,2685.16,18313.06,288.36,0,16436.02,1864.05,4448.35,81704.51,0,21071.66,0,0,105568.94,0,0,0,2917.06,2605.73,0,29270.57,31628.17,73.71,3033.43,19540.25,0,0,0,0
2009-09-04 12:00:00,0,2206.72,0,419.35,13378.63,8425.22,7652.24,0,0,2871.08,19460.22,309.53,0,16872.73,1950.51,4716.47,84760.33,0,21917.01,0,0,110862.95,0,0,0,2994.43,2687.62,0,31075.59,33108.89,78.36,3254.51,21027.5,0,0,0,0
2009-09-04 13:00:00,0,2316.43,0,434.55,14038.34,8861.31,8087.31,0,0,2991.28,20002.74,327.23,0,17034.2,2012.81,4898.62,87505.96,0,22502.47,0,0,114381.51,0,0,0,3080.01,2821.7,0,32534.09,34649.97,81.5,3409.32,22064.05,0,0,0,0
2009-09-04 14:00:00,0,2424.71,0,451.99,14610.24,9146.73,8410.74,0,0,3046.39,20366.71,339.96,0,17092.11,2072.47,5014.53,89448.31,0,22821.85,0,0,116822.69,0,0,0,3212.73,2975.66,0,33744.16,35933.45,85.76,3558.84,22878.77,0,0,0,0
2009-09-04 15:00:00,0,2546.84,0,465.75,15028.44,9319.22,8608.67,0,0,3062.56,20568.13,335.25,0,17181.07,2114.61,5114.2,90892.28,0,23146.81,0,0,118389.75,0,0,0,3338.41,3112.77,0,34556.8,36873.32,89.1,3687.61,23409.23,0,0,0,0
2009-09-04 16:00:00,0,2643.27,0,470.73,15266.33,9298.54,8766.31,0,0,2991.95,20437.7,329.28,0,17325.57,2123.12,5177.52,91089.08,0,23386.25,0,0,118334.02,0,0,0,3409.34,3200.3,0,34984.24,37513.85,90.31,3710.31,23732.43,0,0,0,0
2009-09-04 17:00:00,0,2672.75,0,469.63,15361.37,9142.21,8858.68,0,0,2918.21,20192.36,326.3,0,17523.9,2093.52,5149.57,90004.12,0,23431.27,0,0,117403.26,0,0,0,3444.47,3252.25,0,34865.09,37480.74,89.73,3677.89,23716.61,0,0,0,0
2009-09-04 18:00:00,0,2691.97,0,452.67,15048.68,8957.09,8646.44,0,0,2867.84,19846.32,325.4,0,16766.97,2043.18,5037.91,88515.24,0,21891.44,0,0,113968.0,0,0,0,3410.33,3231.58,0,34219.34,37126.04,87.07,3629.46,23231.65,0,0,0,0
2009-09-04 19:00:00,0,2610.89,0,396.98,14040.0,8173.15,8178.04,0,0,2754.27,18884.21,300.82,0,16202.25,1982.09,4800.5,83541.52,0,21452.87,0,0,107439.77,0,0,0,3201.79,3109.96,0,32387.1,35234.16,75.83,3283.51,21449.35,0,0,0,0
2009-09-04 20:00:00,0,2385.26,0,378.85,13486.38,7847.34,7559.33,0,0,2596.17,17784.23,294.39,0,15053.84,1889.75,4398.66,79564.6,0,20140.79,0,0,100873.6,0,0,0,3089.34,2983.78,0,31143.28,33139.28,71.77,3091.14,20586.89,0,0,0,0
2009-09-04 21:00:00,0,2337.0,0,363.26,12858.71,7365.59,7000.05,0,0,2444.75,16720.45,285.2,0,14017.4,1796.8,4072.49,76728.62,0,19147.09,0,0,95097.2,0,0,0,2971.52,2848.32,0,29890.2,31644.79,67.99,2910.04,19899.32,0,0,0,0
2009-09-04 22:00:00,0,2266.64,0,343.59,11764.87,6813.55,6468.73,0,0,2298.24,15700.98,267.86,0,13080.87,1692.5,3818.59,73567.86,0,18003.37,0,0,89606.61,0,0,0,2747.92,2672.44,0,27821.58,30040.05,64.71,2737.93,18571.2,0,0,0,0
2009-09-04 23:00:00,0,2097.77,0,321.24,10684.63,6288.12,5956.41,0,0,2153.73,14710.43,250.2,0,12219.98,1582.21,3596.14,69716.06,0,16854.08,0,0,84218.84,0,0,0,2551.55,2504.24,0,25905.67,28275.54,61.16,2570.62,17143.85,0,0,0,0
2009-09-05 00:00:00,0,1932.89,0,300.54,9796.28,5789.57,5476.95,0,0,2000.95,13735.82,232.07,0,11422.79,1470.4,3353.64,66216.76,0,15911.58,0,0,79059.97,0,0,0,2407.9,2368.61,0,24201.61,26821.06,57.89,2404.88,15834.34,0,0,0,0
2009-09-05 01:00:00,0,1776.09,0,283.22,9115.94,5329.46,5098.88,0,0,1868.62,12789.61,213.1,0,10844.0,1373.74,3150.52,63123.91,0,15082.96,0,0,74933.51,0,0,0,2292.3,2234.07,0,23021.05,25530.36,55.57,2248.14,14707.01,0,0,0,0
2009-09-05 02:00:00,0,1669.36,0,266.69,8667.07,5030.81,4811.46,0,0,1758.76,12057.38,200.15,0,10648.69,1286.99,2991.72,60431.59,0,14571.85,0,0,71615.82,0,0,0,2218.09,2122.57,0,22216.83,24431.01,52.81,2121.41,13989.39,0,0,0,0
2009-09-05 03:00:00,0,1592.25,0,253.36,8421.86,4815.35,4672.0,0,0,1701.01,11684.49,192.07,0,10510.57,1229.9,2881.35,58660.19,0,14160.42,0,0,69083.45,0,0,0,2146.53,2065.12,0,21749.3,23550.2,50.91,2036.04,13527.38,0,0,0,0
2009-09-05 04:00:00,0,1570.72,0,250.93,8316.17,4649.3,4637.1,0,0,1685.57,11486.29,186.18,0,10479.56,1209.63,2829.79,57719.42,0,13783.08,0,0,68120.14,0,0,0,2112.58,2066.74,0,21485.97,23087.82,49.53,2009.03,13177.91,0,0,0,0
2009-09-05 05:00:00,0,1569.77,0,250.93,8306.39,4696.31,4669.73,0,0,1683.34,11524.18,184.9,0,10446.87,1212.55,2840.08,57519.36,0,13590.77,0,0,67775.79,0,0,0,2108.47,2078.81,0,21468.01,22974.4,48.72,2025.93,13048.47,0,0,0,0
2009-09-05 06:00:00,0,1606.05,0,254.84,8433.53,4841.84,4739.86,0,0,1706.85,11563.42,186.41,0,10626.16,1234.61,2887.35,57982.43,0,13780.92,0,0,68530.13,0,0,0,2126.28,2096.9,0,21526.78,23107.82,49.39,2060.79,13228.65,0,0,0,0
2009-09-05 07:00:00,0,1652.36,0,267.24,8950.3,5100.03,5084.15,0,0,1774.63,12109.25,193.98,0,11087.28,1286.6,2992.48,59055.81,0,14429.41,0,0,72292.8,0,0,0,2216.87,2218.48,0,21867.21,23250.08,50.31,2087.69,13529.67,0,0,0,0
2009-09-05 08:00:00,0,1797.39,0,287.28,9704.61,5419.83,5586.8,0,0,1882.7,13256.07,207.74,0,11517.45,1397.43,3185.42,61792.13,0,15204.55,0,0,77863.43,0,0,0,2390.46,2421.59,0,22928.93,23990.38,51.73,2145.82,14504.29,0,0,0,0
2009-09-05 09:00:00,0,1924.52,0,308.47,10335.98,5861.9,6054.52,0,0,2044.2,14595.54,220.65,0,12156.27,1538.97,3415.64,64923.16,0,16219.4,0,0,83217.58,0,0,0,2540.22,2557.84,0,25140.61,25331.68,54.93,2268.6,15858.86,0,0,0,0
2009-09-05 10:00:00,0,2039.34,0,322.47,11219.17,6588.81,6754.14,0,0,2285.29,16284.8,247.47,0,12895.68,1684.46,3621.93,68649.61,0,17159.58,0,0,88477.36,0,0,0,2789.76,2773.85,0,27366.7,26860.78,58.72,2458.99,16957.68,0,0,0,0
2009-09-05 11:00:00,0,2157.74,0,342.47,12108.74,7487.82,7376.59,0,0,2502.5,17529.54,274.01,0,13535.49,1765.63,3857.14,72883.97,0,18141.59,0,0,94233.65,0,0,0,3038.76,3038.12,0,29621.85,28470.55,63.66,2766.62,18672.71,0,0,0,0
2009-09-05 12:00:00,0,2313.89,0,360.56,12956.87,8236.94,7906.52,0,0,2654.6,18391.79,296.4,0,13984.81,1816.3,4153.4,76940.51,0,18829.87,0,0,98727.18,0,0,0,3238.19,3259.54,0,31431.06,30416.02,67.71,3093.11,19850.51,0,0,0,0
2009-09-05 13:00:00,0,2467.88,0,365.13,13619.0,8717.88,8344.6,0,0,2760.45,18862.39,305.41,0,14290.05,1846.36,4365.31,79743.91,0,19280.45,0,0,101586.35,0,0,0,3385.29,3420.41,0,32735.1,32113.43,71.45,3358.02,20794.22,0,0,0,0
2009-09-05 14:00:00,0,2584.63,0,378.82,14149.83,9047.76,8691.54,0,0,2815.05,19101.78,303.32,0,14495.77,1902.73,4522.12,81842.92,0,19583.44,0,0,104245.11,0,0,0,3499.61,3546.8,0,33761.66,33517.49,74.86,3546.2,21465.63,0,0,0,0
2009-09-05 15:00:00,0,2674.52,0,392.19,14554.2,9165.77,8946.52,0,0,2802.4,19054.28,303.26,0,14731.58,1946.86,4628.94,83182.95,0,19872.27,0,0,106238.88,0,0,0,3585.79,3631.9,0,34496.45,34703.69,78.2,3638.08,22119.12,0,0,0,0
2009-09-05 16:00:00,0,2741.97,0,401.41,14793.37,8991.54,9103.52,0,0,2715.35,18769.27,306.28,0,15064.1,1949.96,4701.25,83987.92,0,20255.47,0,0,106831.56,0,0,0,3608.94,3654.93,0,34710.32,35537.84,80.14,3592.56,22379.82,0,0,0,0
2009-09-05 17:00:00,0,2793.05,0,400.12,14735.65,8724.79,9087.89,0,0,2670.3,18629.82,308.28,0,15444.24,1934.48,4684.42,83786.56,0,20412.31,0,0,106856.93,0,0,0,3569.49,3604.36,0,34250.96,35919.61,80.39,3453.92,22235.8,0,0,0,0
2009-09-05 18:00:00,0,2775.73,0,390.44,14212.7,8503.02,8764.89,0,0,2629.91,18605.93,309.17,0,15018.89,1923.01,4522.43,82684.63,0,19156.48,0,0,104013.81,0,0,0,3477.64,3463.07,0,33515.61,35837.23,78.78,3378.95,21899.36,0,0,0,0
2009-09-05 19:00:00,0,2741.28,0,393.45,14994.67,8113.17,8754.36,0,0,2693.33,18423.94,306.2,0,15991.24,1933.64,4815.97,85734.92,0,21204.91,0,0,107586.39,0,0,0,3462.39,3350.34,0,33282.26,36781.62,80.46,3269.91,21885.83,0,0,0,0
2009-09-05 20:00:00,0,2469.06,0,379.36,14524.73,7763.14,8147.44,0,0,2561.35,17481.14,297.67,0,14887.82,1850.6,4491.12,81721.7,0,19819.51,0,0,100754.68,0,0,0,3315.37,3192.38,0,32253.08,34488.81,75.63,3043.8,21405.52,0,0,0,0
2009-09-05 21:00:00,0,2383.61,0,360.25,13859.04,7293.48,7567.59,0,0,2422.14,16465.36,287.45,0,13881.45,1760.48,4173.9,78869.95,0,18762.44,0,0,94640.78,0,0,0,3183.61,3047.82,0,31323.95,32443.55,70.98,2877.77,20931.46,0,0,0,0
2009-09-05 22:00:00,0,2287.71,0,341.81,12734.64,6717.37,7014.02,0,0,2279.4,15389.0,264.7,0,12918.76,1657.23,3909.74,75479.5,0,17756.26,0,0,89227.48,0,0,0,2940.69,2845.31,0,29316.43,30644.15,67.01,2721.28,19825.12,0,0,0,0
2009-09-05 23:00:00,0,2107.47,0,321.38,11631.34,6167.65,6468.02,0,0,2131.53,14332.35,244.16,0,12040.03,1555.69,3704.33,71513.3,0,16611.93,0,0,83938.78,0,0,0,2721.91,2659.16,0,27385.01,28863.93,62.9,2559.61,18564.39,0,0,0,0
2009-09-06 00:00:00,0,1925.02,0,296.96,10686.9,5659.41,5945.91,0,0,1970.1,13293.48,225.29,0,11196.24,1447.08,3511.48,67724.36,0,15699.45,0,0,79066.27,0,0,0,2540.23,2490.14,0,25556.96,27247.44,58.7,2394.49,17346.34,0,0,0,0
2009-09-06 01:00:00,0,1756.01,0,276.71,9809.86,5199.05,5475.1,0,0,1832.43,12293.14,207.32,0,10496.95,1341.09,3309.08,64233.55,0,14740.16,0,0,75058.1,0,0,0,2402.18,2347.66,0,24177.96,25874.35,55.24,2238.56,16160.76,0,0,0,0
2009-09-06 02:00:00,0,1640.62,0,256.32,9278.98,4938.57,5138.33,0,0,1721.73,11533.61,195.16,0,10235.48,1257.62,3123.35,61428.99,0,13926.94,0,0,72030.07,0,0,0,2319.39,2229.65,0,23052.73,24647.78,52.45,2109.87,15141.27,0,0,0,0
2009-09-06 03:00:00,0,1557.11,0,247.44,8997.1,4740.81,4958.41,0,0,1661.45,11131.87,186.02,0,10063.02,1202.13,3023.65,59798.26,0,13354.01,0,0,69732.93,0,0,0,2260.81,2161.75,0,22373.69,23609.63,50.28,2032.58,14460.67,0,0,0,0
2009-09-06 04:00:00,0,1537.24,0,245.94,8816.01,4606.22,4889.17,0,0,1647.4,10997.82,180.1,0,9955.02,1185.59,2984.41,58773.19,0,12972.39,0,0,68837.15,0,0,0,2245.11,2157.36,0,22089.09,22989.43,48.7,2010.96,14107.81,0,0,0,0
2009-09-06 05:00:00,0,1532.66,0,242.91,8767.14,4664.04,4907.28,0,0,1652.78,11060.46,180.19,0,9921.29,1180.73,2970.59,58497.6,0,12835.8,0,0,69138.74,0,0,0,2254.99,2160.59,0,22069.08,22610.63,48.4,2022.83,13950.41,0,0,0,0
2009-09-06 06:00:00,0,1566.82,0,246.66,8892.0,4813.31,4995.47,0,0,1687.56,11183.5,182.34,0,10171.65,1196.26,3009.18,58930.83,0,13038.41,0,0,70299.66,0,0,0,2266.21,2174.17,0,22163.39,22661.0,48.91,2060.82,14014.67,0,0,0,0
2009-09-06 07:00:00,0,1607.21,0,259.77,9443.09,5095.74,5315.61,0,0,1741.95,11719.44,190.08,0,10507.6,1251.76,3124.88,60043.24,0,13693.83,0,0,73733.13,0,0,0,2345.18,2306.83,0,22605.47,22766.15,49.76,2107.98,14315.65,0,0,0,0
2009-09-06 08:00:00,0,1755.0,0,276.25,10091.96,5465.73,5707.79,0,0,1845.16,12754.29,202.53,0,10924.13,1366.62,3282.7,62644.33,0,14241.54,0,0,77933.8,0,0,0,2499.57,2501.04,0,23495.23,23350.29,51.34,2209.15,14996.14,0,0,0,0
2009-09-06 09:00:00,0,1890.04,0,292.94,10575.55,6030.03,6080.44,0,0,2049.61,14433.53,214.57,0,11407.73,1505.15,3432.41,65724.77,0,14953.79,0,0,81747.58,0,0,0,2626.1,2654.34,0,25114.14,25060.67,55.02,2371.91,15864.47,0,0,0,0
2009-09-06 10:00:00,0,2029.44,0,311.55,10992.11,6841.62,6497.5,0,0,2301.04,16480.26,242.56,0,11718.42,1629.46,3529.31,69354.41,0,15636.22,0,0,84574.65,0,0,0,2841.76,2846.38,0,27189.66,27204.88,60.85,2656.02,16600.36,0,0,0,0
2009-09-06 11:00:00,0,2199.1,0,348.56,11791.39,7746.89,7031.74,0,0,2520.82,18055.17,270.06,0,11861.77,1736.14,3616.27,73690.73,0,16182.95,0,0,88659.77,0,0,0,3076.29,3108.04,0,29479.0,29238.19,66.38,3001.11,17597.74,0,0,0,0
2009-09-06 12:00:00,0,2396.9,0,381.87,12447.22,8383.41,7494.42,0,0,2676.92,19010.19,291.79,0,11952.66,1819.0,3697.03,77787.5,0,16601.28,0,0,93816.56,0,0,0,3246.94,3315.28,0,31219.47,31356.99,71.26,3277.37,18698.05,0,0,0,0
2009-09-06 13:00:00,0,2571.27,0,406.76,12911.42,8819.72,7832.04,0,0,2770.78,19521.04,309.71,0,11958.32,1867.46,3839.43,80856.63,0,16956.52,0,0,97935.13,0,0,0,3369.1,3465.39,0,32566.68,33229.11,75.32,3458.55,19655.98,0,0,0,0
2009-09-06 14:00:00,0,2730.34,0,419.41,13266.51,9121.74,8087.91,0,0,2832.11,19786.12,322.23,0,12036.88,1923.11,4034.39,83199.06,0,17287.87,0,0,101123.24,0,0,0,3462.94,3555.47,0,33595.84,34721.69,78.91,3582.81,20455.17,0,0,0,0
2009-09-06 15:00:00,0,2849.15,0,417.84,13493.46,9226.59,8251.4,0,0,2843.15,19880.47,322.11,0,12191.99,1968.43,4227.33,84674.35,0,17406.77,0,0,102794.49,0,0,0,3513.45,3584.96,0,34354.52,35902.73,81.16,3643.0,20993.48,0,0,0,0
2009-09-06 16:00:00,0,2917.71,0,415.58,13615.05,9206.82,8251.05,0,0,2816.13,19683.59,317.58,0,12498.77,1951.55,4351.26,85522.32,0,17495.11,0,0,103259.43,0,0,0,3495.98,3557.26,0,34663.92,36744.58,82.84,3614.81,21131.75,0,0,0,0
2009-09-06 17:00:00,0,2945.83,0,401.86,13503.1,8963.4,8125.25,0,0,2760.37,19397.79,316.77,0,12891.74,1953.47,4450.24,85318.71,0,17452.52,0,0,102836.08,0,0,0,3428.23,3481.09,0,34329.69,36952.14,82.62,3540.2,21166.17,0,0,0,0
2009-09-06 18:00:00,0,2907.63,0,399.54,12975.28,8699.16,7822.84,0,0,2686.07,19086.14,313.07,0,13074.03,1950.46,4427.31,84167.25,0,17137.24,0,0,100748.95,0,0,0,3326.98,3335.8,0,33588.78,36585.81,80.49,3452.68,20972.4,0,0,0,0
2009-09-06 19:00:00,0,2969.3,0,388.7,13493.62,8061.9,7425.78,0,0,2705.07,18755.32,286.41,0,13792.07,1846.67,4469.83,82976.21,0,18201.14,0,0,103045.47,0,0,0,3398.51,3266.71,0,31411.35,36567.55,80.97,3149.72,21019.48,0,0,0,0
2009-09-06 20:00:00,0,2655.87,0,381.13,12895.92,7672.63,6871.02,0,0,2535.2,17884.44,279.3,0,12961.7,1750.17,4230.91,79550.37,0,17287.95,0,0,96762.58,0,0,0,3292.31,3124.07,0,30352.06,33781.24,76.8,2947.99,20453.01,0,0,0,0
2009-09-06 21:00:00,0,2469.66,0,361.36,12226.61,7170.91,6397.48,0,0,2378.44,17009.9,270.08,0,12197.69,1648.95,4045.99,77377.11,0,16614.03,0,0,91747.16,0,0,0,3185.08,2983.83,0,29597.75,32208.74,73.05,2760.3,19333.51,0,0,0,0
2009-09-06 22:00:00,0,2306.77,0,337.78,11089.65,6557.04,5907.92,0,0,2229.35,15980.3,251.82,0,11519.64,1549.9,3836.53,74705.67,0,15893.22,0,0,87450.13,0,0,0,2942.21,2789.65,0,27596.89,30622.05,69.3,2590.34,18278.06,0,0,0,0
2009-09-06 23:00:00,0,2088.34,0,314.56,10123.08,6005.35,5427.75,0,0,2086.63,14946.26,233.94,0,10835.5,1450.6,3648.27,71014.72,0,15063.21,0,0,83755.24,0,0,0,2721.4,2557.6,0,25528.35,28511.65,66.21,2423.27,17241.99,0,0,0,0
2009-09-07 00:00:00,0,1897.79,0,289.85,9264.95,5469.89,4974.32,0,0,1952.81,13879.09,214.93,0,10163.38,1348.77,3456.95,67388.46,0,14325.77,0,0,80662.73,0,0,0,2514.47,2354.62,0,23880.04,26684.45,63.43,2269.87,16172.92,0,0,0,0
2009-09-07 01:00:00,0,1725.38,0,269.0,8513.73,5029.48,4573.99,0,0,1808.79,12846.36,197.02,0,9776.82,1242.17,3278.96,63759.22,0,13652.53,0,0,78346.84,0,0,0,2349.24,2170.25,0,22961.54,25053.5,60.76,2121.94,15015.29,0,0,0,0
2009-09-07 02:00:00,0,1600.1,0,259.4,8046.74,4783.41,4251.76,0,0,1712.21,11913.3,185.7,0,9551.44,1155.46,3150.15,60879.4,0,13157.27,0,0,76074.37,0,0,0,2218.67,2006.3,0,22178.83,23648.03,58.45,2002.51,14181.76,0,0,0,0
2009-09-07 03:00:00,0,1522.22,0,249.65,7774.59,4613.28,4022.2,0,0,1641.26,11301.29,180.54,0,9605.52,1095.36,3103.0,59368.13,0,12894.82,0,0,74605.94,0,0,0,2159.31,1913.03,0,21531.03,22676.59,56.68,1933.76,13724.79,0,0,0,0
2009-09-07 04:00:00,0,1493.94,0,248.8,7831.81,4546.81,4020.87,0,0,1619.33,11128.76,178.6,0,9760.95,1084.34,3149.31,58965.82,0,12899.84,0,0,74688.86,0,0,0,2115.79,1869.57,0,21226.75,22354.21,55.71,1915.2,13613.93,0,0,0,0
2009-09-07 05:00:00,0,1513.59,0,253.35,7919.77,4630.14,4126.97,0,0,1653.92,11149.42,182.73,0,9977.83,1104.87,3195.03,59544.34,0,13108.98,0,0,75600.45,0,0,0,2103.34,1832.69,0,21330.8,22310.73,54.85,1951.26,13719.01,0,0,0,0
2009-09-07 06:00:00,0,1538.86,0,257.06,8177.38,4718.38,4275.68,0,0,1692.04,11339.57,186.89,0,10765.28,1131.03,3228.59,60979.89,0,13706.54,0,0,76855.05,0,0,0,2117.57,1810.53,0,21576.72,22524.69,54.47,2007.69,13908.78,0,0,0,0
2009-09-07 07:00:00,0,1576.21,0,273.62,8750.75,5062.39,4901.88,0,0,1825.34,12016.52,196.33,0,11225.26,1243.63,3393.71,63249.0,0,14620.22,0,0,80422.18,0,0,0,2275.34,1994.88,0,22381.61,22849.59,54.29,2080.42,14435.47,0,0,0,0
2009-09-07 08:00:00,0,1701.12,0,288.3,9423.87,5500.63,5500.34,0,0,1935.97,13056.94,208.15,0,11519.09,1326.48,3588.72,66839.78,0,15339.18,0,0,82706.28,0,0,0,2418.86,2167.52,0,23145.16,24121.65,56.93,2163.65,15069.32,0,0,0,0
2009-09-07 09:00:00,0,1948.8,0,301.73,10240.29,6082.9,5922.9,0,0,2136.01,15115.32,228.97,0,11996.86,1396.43,3728.77,69767.55,0,15920.66,0,0,86307.25,0,0,0,2573.39,2329.55,0,23946.7,26156.83,62.4,2343.73,15883.45,0,0,0,0
2009-09-07 10:00:00,0,2156.15,0,315.27,10955.18,6970.55,6333.96,0,0,2392.62,17000.17,243.44,0,12341.48,1510.37,3990.75,72589.32,0,16408.74,0,0,90471.52,0,0,0,2698.59,2480.1,0,24966.25,27969.47,67.81,2703.84,16872.01,0,0,0,0
2009-09-07 11:00:00,0,2367.94,0,337.0,11480.78,7735.59,6663.37,0,0,2608.81,18501.39,263.95,0,12655.94,1629.9,4233.99,76462.14,0,17034.33,0,0,94022.44,0,0,0,2908.66,2689.8,0,26587.62,29901.1,72.52,3007.74,18667.83,0,0,0,0
2009-09-07 12:00:00,0,2620.88,0,358.19,12152.71,8373.18,7026.21,0,0,2779.28,19711.36,284.74,0,12913.85,1732.42,4483.84,80055.04,0,17560.66,0,0,97079.6,0,0,0,3097.62,2871.33,0,28197.01,31997.88,76.86,3240.13,20236.23,0,0,0,0
2009-09-07 13:00:00,0,2828.19,0,362.03,12684.24,8737.64,7288.22,0,0,2894.38,20387.53,289.54,0,13083.7,1806.62,4728.95,83076.14,0,17928.79,0,0,99521.28,0,0,0,3242.23,3020.11,0,29583.59,33861.58,80.22,3418.55,21336.39,0,0,0,0
2009-09-07 14:00:00,0,2981.22,0,370.29,13130.44,8964.5,7560.91,0,0,2949.42,20669.6,282.34,0,13223.74,1854.03,4901.2,85446.09,0,18568.87,0,0,101592.81,0,0,0,3362.76,3132.76,0,30701.6,35427.99,82.73,3539.5,22221.28,0,0,0,0
2009-09-07 15:00:00,0,3057.17,0,384.25,13441.89,9046.87,7610.01,0,0,2943.22,20610.64,288.74,0,13470.46,1869.29,5046.27,87211.11,0,18969.11,0,0,103444.23,0,0,0,3447.16,3188.54,0,31466.23,36705.86,84.03,3608.3,22810.91,0,0,0,0
2009-09-07 16:00:00,0,3044.97,0,390.54,13598.71,8875.82,7554.11,0,0,2907.62,20031.58,292.07,0,13899.2,1868.22,5146.75,88155.1,0,19199.2,0,0,104762.72,0,0,0,3508.61,3217.08,0,31703.68,37514.78,83.43,3601.22,23147.74,0,0,0,0
2009-09-07 17:00:00,0,3038.29,0,392.38,13574.74,8643.02,7534.21,0,0,2846.51,19696.39,294.29,0,14190.18,1877.93,5137.87,88433.6,0,19134.51,0,0,105841.28,0,0,0,3517.68,3223.09,0,31618.34,38153.56,81.77,3517.48,23161.2,0,0,0,0
2009-09-07 18:00:00,0,2923.58,0,383.67,13286.25,8329.57,7459.44,0,0,2761.13,19300.51,294.26,0,14132.63,1881.9,4993.94,88357.12,0,18814.01,0,0,106043.08,0,0,0,3423.62,3183.95,0,30812.05,37930.79,78.52,3362.68,22811.79,0,0,0,0
2009-09-07 19:00:00,0,3092.35,0,411.33,14604.16,8701.96,8287.54,0,0,2899.64,19610.8,335.82,0,15679.55,2032.14,5171.14,92543.6,0,20956.68,0,0,109657.96,0,0,0,3411.1,3146.09,0,33368.33,39875.34,91.89,3458.84,22813.33,0,0,0,0
2009-09-07 20:00:00,0,2785.93,0,395.63,14008.41,8316.63,7819.05,0,0,2722.44,18475.72,322.1,0,14471.73,1911.0,4846.92,88184.54,0,19853.3,0,0,103411.35,0,0,0,3281.3,3001.57,0,32224.59,38194.54,85.9,3240.65,21982.36,0,0,0,0
2009-09-07 21:00:00,0,2635.77,0,370.49,13225.77,7738.07,7312.69,0,0,2556.72,17413.41,302.81,0,13464.89,1788.61,4555.13,84952.53,0,18942.33,0,0,98016.61,0,0,0,3083.55,2829.99,0,30747.28,36509.59,79.89,3020.42,21425.59,0,0,0,0
2009-09-07 22:00:00,0,2462.04,0,341.44,12152.98,7072.61,6803.36,0,0,2393.15,16254.73,277.33,0,12475.52,1664.85,4279.77,80875.68,0,17756.84,0,0,93044.16,0,0,0,2840.21,2634.51,0,28490.0,34601.99,75.02,2813.33,19936.55,0,0,0,0
2009-09-07 23:00:00,0,2240.03,0,315.06,11132.91,6425.37,6311.54,0,0,2229.84,15058.22,251.31,0,11607.35,1526.16,4027.11,76636.57,0,16646.13,0,0,88527.46,0,0,0,2634.29,2450.02,0,26419.84,32178.05,70.1,2616.58,18478.78,0,0,0,0
2009-09-08 00:00:00,0,2043.43,0,288.19,10269.9,5805.75,5847.53,0,0,2061.31,13905.34,227.58,0,10823.69,1392.83,3776.86,72536.6,0,15596.36,0,0,84307.13,0,0,0,2460.38,2299.72,0,24656.14,30083.61,66.19,2421.55,17103.15,0,0,0,0
2009-09-08 01:00:00,0,1836.26,0,266.52,9579.49,5299.65,5477.59,0,0,1903.61,12820.89,207.03,0,10476.03,1278.76,3533.81,68702.43,0,14740.67,0,0,80712.33,0,0,0,2335.06,2161.47,0,23236.35,28144.93,63.16,2238.22,15831.4,0,0,0,0
2009-09-08 02:00:00,0,1698.5,0,245.72,9340.41,4992.89,5188.94,0,0,1773.72,11973.63,190.79,0,10433.66,1199.48,3314.81,65271.18,0,14167.2,0,0,78198.19,0,0,0,2262.57,2092.61,0,22342.46,26594.31,60.85,2132.46,14875.95,0,0,0,0
2009-09-08 03:00:00,0,1646.79,0,241.76,9254.55,4838.49,5144.0,0,0,1710.69,11563.58,182.84,0,10526.67,1160.44,3230.23,63569.45,0,13896.26,0,0,77831.12,0,0,0,2243.77,2071.24,0,22049.94,25910.16,59.18,2088.67,14540.32,0,0,0,0
2009-09-08 04:00:00,0,1627.55,0,248.18,9356.88,4892.35,5281.18,0,0,1740.18,11600.63,186.44,0,10658.13,1185.92,3311.44,63928.25,0,14059.74,0,0,79312.29,0,0,0,2285.15,2094.81,0,22376.67,25518.2,58.69,2131.33,14679.47,0,0,0,0
2009-09-08 05:00:00,0,1661.21,0,254.9,9805.52,5059.65,5450.43,0,0,1781.96,11900.7,190.66,0,10903.94,1219.34,3393.36,65187.75,0,14506.42,0,0,81005.1,0,0,0,2355.1,2135.13,0,22811.65,25689.5,59.5,2190.09,14960.1,0,0,0,0
2009-09-08 06:00:00,0,1701.66,0,261.53,10277.81,5232.23,5633.43,0,0,1833.08,12247.38,194.92,0,12083.09,1266.56,3481.95,66531.22,0,15512.86,0,0,83333.36,0,0,0,2422.66,2182.62,0,23159.93,26121.34,60.58,2247.68,15222.88,0,0,0,0
2009-09-08 07:00:00,0,1754.0,0,288.0,10900.41,5553.49,5925.86,0,0,2000.09,13198.56,205.17,0,12747.5,1365.93,3702.14,69141.81,0,16842.74,0,0,89759.89,0,0,0,2534.83,2292.51,0,24016.51,26651.42,61.73,2366.9,15830.95,0,0,0,0
2009-09-08 08:00:00,0,1911.13,0,311.53,11183.94,6016.67,6213.33,0,0,2162.55,14420.09,222.04,0,13520.47,1462.11,3847.6,73547.26,0,17809.25,0,0,92730.66,0,0,0,2633.18,2410.07,0,24976.74,28617.69,64.49,2510.83,16671.33,0,0,0,0
2009-09-08 09:00:00,0,2070.61,0,338.04,11531.0,6440.39,6441.56,0,0,2304.33,15611.12,239.16,0,14183.62,1548.48,4017.56,77374.07,0,18553.95,0,0,95491.2,0,0,0,2744.12,2495.02,0,26284.51,30608.01,69.36,2637.01,17784.45,0,0,0,0
2009-09-08 10:00:00,0,2208.66,0,362.19,11976.78,6917.86,6759.51,0,0,2467.11,17026.89,255.63,0,14743.21,1675.04,4246.15,81512.8,0,19077.89,0,0,98097.48,0,0,0,2870.11,2617.43,0,28195.73,32739.31,75.14,2789.89,18973.95,0,0,0,0
2009-09-08 11:00:00,0,2384.18,0,386.24,12763.83,7597.59,7110.02,0,0,2656.7,18418.94,277.57,0,15331.6,1797.52,4683.57,85192.23,0,19631.33,0,0,100496.05,0,0,0,3077.06,2809.89,0,30582.71,34888.06,81.62,2980.43,20434.59,0,0,0,0
2009-09-08 12:00:00,0,2569.4,0,412.54,13619.59,8396.2,7518.06,0,0,2838.89,19462.46,299.11,0,15827.78,1901.84,5004.62,88983.5,0,20133.27,0,0,102944.06,0,0,0,3320.15,3041.28,0,32730.38,37138.77,86.77,3242.95,22028.54,0,0,0,0
2009-09-08 13:00:00,0,2725.75,0,437.98,14286.4,8992.69,7872.07,0,0,2971.51,20185.43,317.47,0,16094.12,1985.37,5204.75,92142.73,0,20527.99,0,0,105191.47,0,0,0,3513.92,3238.18,0,34262.69,38838.01,90.97,3509.41,23206.37,0,0,0,0
2009-09-08 14:00:00,0,2867.13,0,456.18,14858.77,9346.85,8186.04,0,0,3042.91,20547.74,334.51,0,16256.31,2050.55,5342.5,94458.3,0,21010.29,0,0,107409.06,0,0,0,3649.91,3384.3,0,35484.71,40227.62,94.15,3662.75,23982.17,0,0,0,0
2009-09-08 15:00:00,0,2967.62,0,471.35,15193.42,9557.91,8343.53,0,0,3072.89,20644.72,347.32,0,16434.53,2094.89,5444.21,95747.85,0,21289.66,0,0,108739.73,0,0,0,3750.19,3491.18,0,36366.34,41154.95,96.5,3757.37,24353.94,0,0,0,0
2009-09-08 16:00:00,0,3047.61,0,479.8,15216.69,9590.58,8328.62,0,0,3043.54,20543.15,354.67,0,16546.15,2105.99,5483.75,95621.81,0,21095.53,0,0,109504.06,0,0,0,3784.38,3541.54,0,36842.9,41500.21,97.05,3784.21,24512.93,0,0,0,0
2009-09-08 17:00:00,0,3079.62,0,480.49,15006.52,9446.88,8186.7,0,0,2982.62,20198.7,355.31,0,16603.23,2074.04,5439.14,94385.07,0,20740.42,0,0,109522.98,0,0,0,3778.23,3529.72,0,36696.99,40997.08,95.42,3702.14,24329.58,0,0,0,0
2009-09-08 18:00:00,0,3041.88,0,471.57,14513.67,8969.77,7886.47,0,0,2890.34,19632.21,344.08,0,16059.7,2028.31,5303.59,92103.25,0,20214.81,0,0,108454.14,0,0,0,3694.01,3435.34,0,35658.62,40119.59,92.36,3575.86,23763.15,0,0,0,0
2009-09-08 19:00:00,0,3031.88,0,457.63,14724.12,8799.68,8178.86,0,0,2868.93,19381.39,340.95,0,16497.96,2050.71,5230.26,92529.34,0,21359.1,0,0,109767.78,0,0,0,3664.83,3318.5,0,35246.43,39344.1,91.86,3438.39,23019.36,0,0,0,0
2009-09-08 20:00:00,0,2796.41,0,434.33,13961.74,8322.91,7548.71,0,0,2686.81,18223.79,319.05,0,15276.4,1916.96,4893.56,88361.75,0,20247.43,0,0,104056.95,0,0,0,3520.84,3144.56,0,34032.81,37849.06,86.75,3203.49,22219.26,0,0,0,0
2009-09-08 21:00:00,0,2663.52,0,402.14,12982.67,7722.98,6993.94,0,0,2508.97,17132.95,300.32,0,14200.86,1787.19,4576.26,85114.96,0,19283.49,0,0,98789.75,0,0,0,3298.78,2966.91,0,32555.28,36465.83,81.1,2989.38,21530.45,0,0,0,0
2009-09-08 22:00:00,0,2504.37,0,372.68,11882.89,7024.42,6455.48,0,0,2345.1,15985.94,273.17,0,13209.44,1657.44,4293.36,81068.05,0,18079.84,0,0,93585.34,0,0,0,3022.16,2739.79,0,30042.09,34950.31,75.41,2783.33,20030.62,0,0,0,0
2009-09-08 23:00:00,0,2288.14,0,343.12,10935.5,6353.2,5926.22,0,0,2182.39,14851.4,248.03,0,12305.29,1535.38,4017.63,76906.12,0,16925.35,0,0,88625.77,0,0,0,2777.68,2529.15,0,27721.03,32582.33,70.59,2591.78,18504.46,0,0,0,0
2009-09-09 00:00:00,0,2083.95,0,314.08,10019.25,5748.46,5501.44,0,0,2014.52,13751.03,225.73,0,11510.41,1411.65,3777.74,72959.4,0,15773.01,0,0,83992.62,0,0,0,2569.72,2362.75,0,25746.45,30506.24,67.12,2402.57,17122.56,0,0,0,0
2009-09-09 01:00:00,0,1866.47,0,289.54,9335.12,5207.92,5118.35,0,0,1852.08,12703.94,205.45,0,11063.51,1309.68,3545.67,69003.75,0,14932.23,0,0,80112.05,0,0,0,2398.56,2193.48,0,24231.56,28479.14,63.89,2218.66,15878.59,0,0,0,0
2009-09-09 02:00:00,0,1713.81,0,268.82,9023.31,4879.07,4814.34,0,0,1731.1,11939.85,190.15,0,10990.06,1243.78,3349.94,65428.72,0,14381.71,0,0,77729.34,0,0,0,2302.3,2097.89,0,23127.34,26949.34,61.48,2099.34,14970.58,0,0,0,0
2009-09-09 03:00:00,0,1632.24,0,259.58,8898.69,4738.8,4789.55,0,0,1675.1,11564.66,181.99,0,11056.59,1216.52,3265.34,63648.19,0,14151.64,0,0,77432.23,0,0,0,2249.39,2055.08,0,22711.53,26057.95,59.79,2056.67,14562.58,0,0,0,0
2009-09-09 04:00:00,0,1617.51,0,263.46,9063.01,4804.2,4971.41,0,0,1716.68,11643.3,186.19,0,11196.21,1253.26,3319.85,63888.15,0,14395.8,0,0,78828.79,0,0,0,2264.1,2076.41,0,22918.07,25687.78,59.19,2084.83,14652.44,0,0,0,0
2009-09-09 05:00:00,0,1652.8,0,269.03,9503.76,4976.46,5127.43,0,0,1769.69,11993.8,190.41,0,11424.56,1294.87,3387.53,65153.43,0,14806.68,0,0,80696.82,0,0,0,2320.94,2109.05,0,23196.52,25954.25,59.96,2139.87,14879.58,0,0,0,0
2009-09-09 06:00:00,0,1693.24,0,275.67,9971.72,5158.79,5307.0,0,0,1830.81,12374.09,196.34,0,12364.75,1334.13,3461.35,66515.34,0,15687.17,0,0,83138.92,0,0,0,2377.31,2146.2,0,23453.09,26313.03,61.03,2192.27,15119.58,0,0,0,0
2009-09-09 07:00:00,0,1746.03,0,304.68,10662.19,5489.1,5646.87,0,0,2004.39,13379.84,207.63,0,13121.06,1434.86,3697.29,69437.85,0,17062.15,0,0,89396.42,0,0,0,2490.36,2252.32,0,24383.07,26864.69,62.01,2282.87,15783.44,0,0,0,0
2009-09-09 08:00:00,0,1903.21,0,333.76,10887.96,6075.97,5939.24,0,0,2201.61,14796.51,228.03,0,13431.83,1548.11,3825.8,73864.18,0,17851.14,0,0,92786.52,0,0,0,2578.75,2343.38,0,25132.86,28739.89,65.24,2438.36,16725.9,0,0,0,0
2009-09-09 09:00:00,0,2024.79,0,363.82,11229.49,6642.34,6195.25,0,0,2402.64,16225.17,247.41,0,13850.33,1634.76,4049.05,77603.88,0,18500.75,0,0,96359.95,0,0,0,2679.93,2414.87,0,25952.43,30352.14,69.95,2623.09,17795.71,0,0,0,0
2009-09-09 10:00:00,0,2122.52,0,394.25,11770.65,7304.25,6533.93,0,0,2588.73,17674.11,263.01,0,14215.87,1751.14,4377.17,81880.17,0,19416.82,0,0,99614.98,0,0,0,2823.36,2550.85,0,27731.94,31667.79,74.86,2918.23,18921.1,0,0,0,0
2009-09-09 11:00:00,0,2220.5,0,419.36,12591.54,8036.81,7018.56,0,0,2758.55,18763.87,281.96,0,14577.52,1844.31,4732.15,85830.92,0,20105.3,0,0,102980.32,0,0,0,3094.33,2774.25,0,30316.93,33297.79,81.02,3222.3,20138.12,0,0,0,0
2009-09-09 12:00:00,0,2366.12,0,440.84,13549.1,8641.75,7579.06,0,0,2861.02,19430.19,299.79,0,14756.6,1924.36,4981.54,90110.35,0,20649.19,0,0,107305.84,0,0,0,3357.19,3024.85,0,32650.57,34955.43,86.57,3468.54,21473.5,0,0,0,0
2009-09-09 13:00:00,0,2517.41,0,458.15,14261.48,9088.7,8023.82,0,0,2933.49,19905.5,313.73,0,14783.75,1987.71,5150.92,93449.41,0,20946.28,0,0,110884.54,0,0,0,3557.71,3230.6,0,34242.67,36406.01,88.99,3651.82,22507.06,0,0,0,0
2009-09-09 14:00:00,0,2669.79,0,472.63,14761.89,9391.09,8342.67,0,0,3000.2,20268.2,324.76,0,14751.39,2046.9,5278.92,95760.12,0,21197.41,0,0,113068.57,0,0,0,3694.6,3370.65,0,35128.37,37525.01,90.31,3766.35,23256.92,0,0,0,0
2009-09-09 15:00:00,0,2777.51,0,481.84,15035.81,9505.28,8520.75,0,0,3023.97,20444.82,332.42,0,14676.97,2091.43,5388.31,96947.95,0,21448.74,0,0,113298.01,0,0,0,3782.85,3466.38,0,35505.4,38294.14,93.57,3797.41,23869.77,0,0,0,0
2009-09-09 16:00:00,0,2839.88,0,489.33,14990.39,9514.92,8493.68,0,0,2988.56,20528.47,334.26,0,14808.15,2103.97,5443.87,96674.71,0,21243.76,0,0,112534.03,0,0,0,3811.29,3521.48,0,35306.95,38559.26,95.67,3792.0,24185.86,0,0,0,0
2009-09-09 17:00:00,0,2888.02,0,491.73,14852.59,9328.92,8380.89,0,0,2936.06,20278.32,331.95,0,14908.44,2081.63,5438.89,95296.59,0,20778.65,0,0,111293.68,0,0,0,3762.4,3492.54,0,35009.27,38295.76,95.04,3672.55,24060.03,0,0,0,0
2009-09-09 18:00:00,0,2871.83,0,484.38,14512.43,8899.0,8186.02,0,0,2874.55,19777.97,323.46,0,14626.94,2052.6,5272.31,92951.24,0,19938.27,0,0,109073.26,0,0,0,3643.0,3379.97,0,34608.38,37654.26,92.56,3468.37,23489.66,0,0,0,0
2009-09-09 19:00:00,0,2884.24,0,462.78,14628.28,8729.94,8386.79,0,0,2841.66,19201.45,334.49,0,15489.82,2050.88,5155.52,93214.6,0,20738.92,0,0,109898.82,0,0,0,3532.55,3226.7,0,34389.98,36924.37,90.71,3377.55,22676.78,0,0,0,0
2009-09-09 20:00:00,0,2694.82,0,440.34,14013.83,8289.45,7732.0,0,0,2673.43,18139.19,318.65,0,14360.1,1924.55,4811.19,88952.08,0,19536.01,0,0,103638.21,0,0,0,3363.52,3040.07,0,33266.87,35725.51,86.06,3166.98,21861.65,0,0,0,0
2009-09-09 21:00:00,0,2601.62,0,409.54,13171.06,7807.14,7103.91,0,0,2518.14,17127.78,301.85,0,13392.92,1802.42,4503.7,85699.03,0,18487.47,0,0,98046.12,0,0,0,3137.41,2852.25,0,31730.21,34585.67,81.62,2966.57,21158.29,0,0,0,0
2009-09-09 22:00:00,0,2449.61,0,377.91,12031.56,7161.03,6498.12,0,0,2364.29,16050.88,276.01,0,12454.0,1678.33,4206.3,81473.53,0,17183.57,0,0,92463.76,0,0,0,2876.95,2647.24,0,29325.5,33128.98,76.94,2785.25,19613.78,0,0,0,0
2009-09-09 23:00:00,0,2225.35,0,346.41,10978.14,6484.98,5918.11,0,0,2204.38,14907.59,248.39,0,11527.49,1554.65,3919.57,77281.12,0,16084.33,0,0,87469.21,0,0,0,2664.83,2448.0,0,27218.66,30973.16,72.14,2594.67,18055.79,0,0,0,0
2009-09-10 00:00:00,0,2021.88,0,314.0,10059.1,5845.7,5449.91,0,0,2045.84,13873.92,224.28,0,10643.46,1431.95,3676.88,73318.01,0,15117.42,0,0,82974.03,0,0,0,2480.33,2278.75,0,25440.36,29036.01,67.93,2399.46,16622.44,0,0,0,0
2009-09-10 01:00:00,0,1831.89,0,286.78,9397.94,5302.95,5069.92,0,0,1900.12,12905.83,204.21,0,10180.64,1332.73,3473.91,69253.0,0,14338.07,0,0,79451.22,0,0,0,2362.43,2154.55,0,24071.02,27174.73,64.23,2222.77,15339.32,0,0,0,0
2009-09-10 02:00:00,0,1689.88,0,263.76,9178.33,4972.61,4804.52,0,0,1785.16,12173.99,188.17,0,10060.16,1263.17,3305.04,65721.28,0,13755.65,0,0,76548.26,0,0,0,2302.4,2103.78,0,23091.63,25804.95,61.08,2107.66,14677.34,0,0,0,0
2009-09-10 03:00:00,0,1618.73,0,254.07,9095.0,4853.31,4775.79,0,0,1725.29,11834.31,178.91,0,10118.23,1234.09,3194.17,64068.61,0,13499.37,0,0,75851.46,0,0,0,2283.22,2091.05,0,22757.35,25162.04,58.51,2075.49,14357.59,0,0,0,0
2009-09-10 04:00:00,0,1616.55,0,258.2,9225.13,4858.48,4923.68,0,0,1757.94,11924.24,183.02,0,10292.85,1267.24,3226.48,64333.54,0,13546.28,0,0,76727.06,0,0,0,2326.78,2125.96,0,23066.76,24903.59,58.05,2115.54,14480.86,0,0,0,0
2009-09-10 05:00:00,0,1648.92,0,264.61,9611.03,5036.18,5101.98,0,0,1813.0,12300.66,189.43,0,10577.93,1309.48,3289.61,65444.18,0,13922.83,0,0,78131.65,0,0,0,2386.48,2162.32,0,23445.26,25272.26,58.93,2174.45,14749.97,0,0,0,0
2009-09-10 06:00:00,0,1688.58,0,276.16,10007.7,5216.39,5281.19,0,0,1868.31,12685.85,197.39,0,11613.37,1349.13,3378.72,66711.31,0,14871.65,0,0,80145.5,0,0,0,2448.73,2201.63,0,23903.14,25829.81,60.31,2237.2,15028.28,0,0,0,0
2009-09-10 07:00:00,0,1734.4,0,298.2,10616.69,5587.37,5591.14,0,0,2044.02,13676.22,210.53,0,12347.6,1451.27,3607.23,69303.35,0,16410.83,0,0,86679.23,0,0,0,2544.8,2298.02,0,24879.42,26419.87,61.78,2355.74,15572.78,0,0,0,0
2009-09-10 08:00:00,0,1896.84,0,321.07,10799.24,6155.52,5865.5,0,0,2234.88,15030.52,230.09,0,12953.81,1557.99,3838.81,73783.43,0,17145.37,0,0,88810.99,0,0,0,2630.98,2406.18,0,25779.98,28110.66,64.93,2519.68,16496.18,0,0,0,0
2009-09-10 09:00:00,0,2006.25,0,342.15,11006.7,6598.8,6132.38,0,0,2394.38,16338.96,243.97,0,13448.24,1612.51,4017.59,77385.87,0,17885.82,0,0,91133.15,0,0,0,2725.55,2495.72,0,26510.66,29638.21,69.02,2706.06,17540.32,0,0,0,0
2009-09-10 10:00:00,0,2094.13,0,367.29,11271.6,7108.73,6425.78,0,0,2530.62,17581.56,259.62,0,13845.85,1728.98,4288.52,81357.43,0,18519.6,0,0,92970.1,0,0,0,2827.88,2584.85,0,27367.84,31025.53,73.43,2930.22,18643.74,0,0,0,0
2009-09-10 11:00:00,0,2165.42,0,396.89,11635.26,7772.46,6741.33,0,0,2673.43,18590.93,277.06,0,13939.42,1839.44,4640.68,85512.42,0,18852.21,0,0,95119.59,0,0,0,2962.49,2709.9,0,28718.27,32334.94,78.8,3202.4,19549.4,0,0,0,0
2009-09-10 12:00:00,0,2244.46,0,423.04,12049.04,8388.69,7022.24,0,0,2784.03,19167.78,295.94,0,13990.15,1937.2,4908.44,89506.51,0,19098.04,0,0,97665.52,0,0,0,3147.44,2865.28,0,30095.03,33433.6,83.42,3443.92,20893.41,0,0,0,0
2009-09-10 13:00:00,0,2347.72,0,444.79,12449.99,8890.16,7235.04,0,0,2866.45,19669.79,310.51,0,13965.86,2008.41,5093.31,92644.38,0,19093.22,0,0,99551.49,0,0,0,3299.03,3028.01,0,31266.96,34649.34,87.34,3642.74,22061.52,0,0,0,0
2009-09-10 14:00:00,0,2457.67,0,460.43,12791.98,9207.54,7370.05,0,0,2937.68,20135.6,324.26,0,13872.32,2066.22,5226.84,95009.69,0,19044.06,0,0,100901.62,0,0,0,3410.59,3163.69,0,32142.18,35647.47,90.92,3775.47,22895.07,0,0,0,0
2009-09-10 15:00:00,0,2567.03,0,470.73,12976.24,9407.5,7380.71,0,0,2986.12,20436.27,333.04,0,13757.72,2100.96,5337.17,96060.72,0,19143.82,0,0,101607.74,0,0,0,3477.7,3250.28,0,32725.58,36495.04,93.32,3829.1,23311.2,0,0,0,0
2009-09-10 16:00:00,0,2682.05,0,477.53,12908.33,9468.72,7355.46,0,0,2978.93,20495.72,337.06,0,13820.39,2115.16,5399.76,96059.37,0,19171.44,0,0,101389.79,0,0,0,3490.23,3290.53,0,32758.93,37206.0,94.51,3817.34,23445.67,0,0,0,0
2009-09-10 17:00:00,0,2745.94,0,479.54,12682.62,9293.25,7275.98,0,0,2930.05,20239.93,336.23,0,13985.32,2102.46,5378.28,94842.81,0,19033.67,0,0,100696.95,0,0,0,3463.61,3274.07,0,32348.49,37230.41,93.31,3719.46,23187.38,0,0,0,0
2009-09-10 18:00:00,0,2754.38,0,457.43,12309.78,8908.36,7138.65,0,0,2870.09,19752.33,325.1,0,14077.65,2061.24,5206.78,92964.45,0,18737.1,0,0,99819.32,0,0,0,3390.44,3212.31,0,31764.74,36874.38,89.8,3542.06,22389.3,0,0,0,0
2009-09-10 19:00:00,0,2735.15,0,448.06,12822.13,8794.4,7555.74,0,0,2871.38,19251.42,335.0,0,14722.62,2047.03,5116.92,93473.12,0,19638.7,0,0,100437.65,0,0,0,3335.39,3103.0,0,31733.08,35895.81,87.6,3507.75,21774.17,0,0,0,0
2009-09-10 20:00:00,0,2562.57,0,427.07,12339.36,8347.23,7037.98,0,0,2695.52,18143.86,318.7,0,13688.52,1914.39,4761.35,89454.91,0,18670.83,0,0,94717.94,0,0,0,3183.07,2935.25,0,30581.65,34432.41,82.3,3286.52,21033.5,0,0,0,0
2009-09-10 21:00:00,0,2476.21,0,402.24,11726.16,7877.91,6573.12,0,0,2529.6,17123.73,304.07,0,12706.72,1799.05,4444.31,86195.28,0,17762.13,0,0,89559.29,0,0,0,2973.71,2748.06,0,29184.12,33146.72,77.12,3073.67,20361.06,0,0,0,0
2009-09-10 22:00:00,0,2321.0,0,370.2,10931.56,7188.27,6115.04,0,0,2358.99,15989.41,275.39,0,11894.1,1676.29,4142.26,82058.14,0,16564.87,0,0,85113.29,0,0,0,2774.3,2581.39,0,27190.08,31757.43,72.65,2865.83,18890.99,0,0,0,0
2009-09-10 23:00:00,0,2102.73,0,340.66,10084.58,6495.82,5560.07,0,0,2190.69,14869.77,248.27,0,11108.43,1554.27,3862.1,77804.74,0,15354.61,0,0,81016.87,0,0,0,2590.43,2417.59,0,25305.33,29583.7,68.62,2661.52,17302.49,0,0,0,0
2009-09-11 00:00:00,0,1902.37,0,310.3,9334.15,5839.31,5157.53,0,0,2023.68,13807.0,225.33,0,10392.02,1442.74,3649.81,73693.33,0,14293.3,0,0,77193.01,0,0,0,2421.22,2242.4,0,23530.7,27797.52,64.88,2457.8,15917.74,0,0,0,0
2009-09-11 01:00:00,0,1722.27,0,281.73,8799.34,5289.46,4811.05,0,0,1868.87,12795.96,206.84,0,9942.88,1342.17,3436.79,69659.52,0,13557.17,0,0,74042.07,0,0,0,2265.98,2077.16,0,22497.51,26165.45,61.6,2269.04,14803.97,0,0,0,0
2009-09-11 02:00:00,0,1615.63,0,259.92,8590.37,4903.99,4560.16,0,0,1745.5,12010.55,192.25,0,9870.83,1271.44,3255.89,66134.2,0,13003.87,0,0,71469.49,0,0,0,2179.05,1996.52,0,21936.85,25040.0,59.2,2136.3,14258.99,0,0,0,0
2009-09-11 03:00:00,0,1553.79,0,248.99,8540.25,4760.17,4569.06,0,0,1693.83,11631.27,184.16,0,9966.23,1240.46,3146.46,64356.38,0,12835.75,0,0,70512.32,0,0,0,2141.28,1977.9,0,21656.51,24483.0,57.34,2070.12,14020.3,0,0,0,0
2009-09-11 04:00:00,0,1568.59,0,250.95,8748.09,4826.23,4751.84,0,0,1737.17,11740.03,187.6,0,10242.24,1259.41,3190.21,64594.21,0,13235.7,0,0,71554.37,0,0,0,2173.26,2018.4,0,21768.8,24334.55,57.4,2080.22,14182.04,0,0,0,0
2009-09-11 05:00:00,0,1616.75,0,258.63,9217.29,4998.69,4941.72,0,0,1787.53,12107.27,192.99,0,10629.32,1301.27,3275.06,65823.49,0,13815.84,0,0,73526.03,0,0,0,2236.51,2064.99,0,22066.0,24802.83,58.44,2120.81,14472.99,0,0,0,0
2009-09-11 06:00:00,0,1668.72,0,264.74,9693.19,5194.45,5151.25,0,0,1844.45,12504.04,198.6,0,11477.61,1344.7,3370.9,67079.61,0,14438.6,0,0,75406.72,0,0,0,2302.03,2109.97,0,22394.2,25503.4,59.56,2187.63,14775.09,0,0,0,0
2009-09-11 07:00:00,0,1720.11,0,292.7,10582.77,5551.26,5517.33,0,0,1996.75,13361.47,209.94,0,12642.44,1457.08,3593.59,69514.56,0,15832.65,0,0,82377.35,0,0,0,2441.4,2210.16,0,23159.68,26198.21,61.11,2282.87,15338.7,0,0,0,0
2009-09-11 08:00:00,0,1872.05,0,312.53,10793.55,6017.33,5724.5,0,0,2142.16,14462.02,227.05,0,13028.88,1551.17,3778.76,73896.67,0,16887.74,0,0,85298.78,0,0,0,2523.92,2305.13,0,23863.94,27759.47,64.41,2398.12,16267.45,0,0,0,0
2009-09-11 09:00:00,0,1992.84,0,331.99,10879.6,6460.89,5863.73,0,0,2311.08,15801.07,245.29,0,13495.95,1614.56,3909.9,77453.9,0,17397.14,0,0,87552.3,0,0,0,2607.89,2362.38,0,24597.52,29094.9,69.14,2510.21,17130.43,0,0,0,0
2009-09-11 10:00:00,0,2107.66,0,351.36,11128.05,6960.84,6065.61,0,0,2512.79,17239.45,263.84,0,13846.47,1746.24,4079.86,80810.45,0,17884.16,0,0,89975.4,0,0,0,2694.81,2428.84,0,25586.65,30407.36,74.49,2666.01,17979.49,0,0,0,0
2009-09-11 11:00:00,0,2215.81,0,382.1,11510.82,7588.01,6471.93,0,0,2705.56,18210.49,287.08,0,14162.3,1859.01,4419.49,84048.71,0,18403.7,0,0,92288.57,0,0,0,2825.47,2561.07,0,27362.97,31762.04,79.49,2887.35,18814.29,0,0,0,0
2009-09-11 12:00:00,0,2339.51,0,411.7,12201.09,8194.88,7003.24,0,0,2825.34,18761.54,306.74,0,14447.64,1953.54,4751.76,86666.62,0,18815.16,0,0,94877.95,0,0,0,3042.33,2755.7,0,28979.36,33089.45,84.54,3150.1,19619.16,0,0,0,0
2009-09-11 13:00:00,0,2464.89,0,440.56,12962.11,8757.33,7495.95,0,0,2899.88,19287.15,323.37,0,14614.49,2020.76,4994.19,89379.2,0,18929.17,0,0,97023.89,0,0,0,3224.05,2935.69,0,30873.78,34524.67,89.16,3477.19,20827.51,0,0,0,0
2009-09-11 14:00:00,0,2616.02,0,459.94,13556.94,9142.78,7879.01,0,0,2971.71,19895.4,336.39,0,14778.9,2081.57,5140.55,91498.87,0,19256.21,0,0,98761.44,0,0,0,3362.59,3095.23,0,32430.72,35795.71,92.45,3670.22,21789.28,0,0,0,0
2009-09-11 15:00:00,0,2749.32,0,473.39,14060.8,9335.08,8160.19,0,0,2988.96,20230.31,346.76,0,14932.4,2123.86,5251.74,92689.95,0,19371.04,0,0,100082.93,0,0,0,3459.65,3196.11,0,33422.63,36630.48,95.26,3739.71,22504.54,0,0,0,0
2009-09-11 16:00:00,0,2854.56,0,482.1,14458.71,9357.3,8331.58,0,0,2970.28,20257.71,349.33,0,14974.97,2129.09,5327.43,93488.27,0,19339.79,0,0,101174.6,0,0,0,3522.11,3280.95,0,33927.73,37062.41,96.76,3738.31,23029.51,0,0,0,0
2009-09-11 17:00:00,0,2924.47,0,485.87,14616.58,9155.17,8382.77,0,0,2917.77,19901.79,343.62,0,14903.3,2102.56,5320.27,92529.26,0,19293.01,0,0,101323.41,0,0,0,3513.49,3301.75,0,33876.48,37103.06,95.66,3564.61,23039.01,0,0,0,0
2009-09-11 18:00:00,0,2911.32,0,475.64,14363.93,8852.73,8263.28,0,0,2862.49,19548.93,336.18,0,14814.58,2048.44,5199.81,91404.83,0,19190.28,0,0,100639.38,0,0,0,3445.66,3243.76,0,33279.57,36683.36,92.76,3478.71,22669.56,0,0,0,0
2009-09-11 19:00:00,0,2815.45,0,435.52,13398.96,8239.93,7833.9,0,0,2724.21,18568.7,325.31,0,14224.54,1937.43,4848.4,86544.59,0,18616.31,0,0,97447.94,0,0,0,3198.9,3108.95,0,31346.5,34527.04,81.49,3241.32,20957.64,0,0,0,0
2009-09-11 20:00:00,0,2562.5,0,416.94,12771.1,7916.17,7212.08,0,0,2570.96,17493.62,312.79,0,13470.38,1835.65,4478.15,82717.39,0,18019.49,0,0,92638.0,0,0,0,3073.12,2958.91,0,30410.08,32905.44,75.81,3061.82,20298.45,0,0,0,0
2009-09-11 21:00:00,0,2461.78,0,392.47,12082.4,7442.92,6684.14,0,0,2419.4,16463.4,301.46,0,12740.26,1756.08,4165.52,79837.12,0,17436.41,0,0,88124.66,0,0,0,2942.11,2811.85,0,29192.42,31770.53,70.86,2859.66,19771.91,0,0,0,0
2009-09-11 22:00:00,0,2382.93,0,363.42,11012.07,6826.62,6202.83,0,0,2270.76,15485.46,278.08,0,12051.66,1690.05,3907.5,76529.37,0,16574.79,0,0,83819.43,0,0,0,2713.15,2628.27,0,27167.22,30492.24,66.64,2671.41,18592.29,0,0,0,0
2009-09-11 23:00:00,0,2213.22,0,340.23,10060.75,6255.05,5753.49,0,0,2125.44,14521.66,252.19,0,11365.25,1576.74,3650.88,72626.91,0,15697.75,0,0,79604.17,0,0,0,2510.28,2454.62,0,25296.18,29063.03,63.11,2511.23,17254.73,0,0,0,0
2009-09-12 00:00:00,0,2040.11,0,321.3,9422.61,5760.33,5325.66,0,0,1987.51,13614.81,228.43,0,10699.4,1469.21,3381.64,68761.57,0,14848.67,0,0,75586.94,0,0,0,2358.76,2309.74,0,23688.23,27771.72,59.28,2354.08,16041.61,0,0,0,0
2009-09-12 01:00:00,0,1868.69,0,299.04,8864.04,5315.41,4941.36,0,0,1864.13,12737.8,208.73,0,10131.21,1373.19,3151.61,64922.22,0,14018.26,0,0,72515.59,0,0,0,2243.62,2173.65,0,22554.53,26608.25,56.22,2194.97,14926.53,0,0,0,0
2009-09-12 02:00:00,0,1742.46,0,274.63,8517.6,5025.76,4624.07,0,0,1764.56,12043.99,196.09,0,10042.47,1287.17,2996.2,62078.58,0,13462.98,0,0,70539.78,0,0,0,2169.77,2069.74,0,21846.76,25550.24,53.55,2075.88,14083.15,0,0,0,0
2009-09-12 03:00:00,0,1651.77,0,256.22,8258.8,4840.92,4465.09,0,0,1713.08,11728.2,187.95,0,10009.88,1242.65,2892.49,60265.36,0,13197.73,0,0,69248.78,0,0,0,2104.41,2027.72,0,21313.89,24714.86,51.71,2023.63,13564.33,0,0,0,0
2009-09-12 04:00:00,0,1604.6,0,248.76,8125.03,4792.49,4415.91,0,0,1714.08,11572.76,183.77,0,10043.36,1229.17,2815.35,58985.95,0,13167.93,0,0,69296.84,0,0,0,2072.59,2032.41,0,21045.27,24084.22,50.14,2021.74,13177.87,0,0,0,0
2009-09-12 05:00:00,0,1584.44,0,250.3,8114.15,4876.31,4464.7,0,0,1729.27,11632.14,189.07,0,10144.84,1236.21,2795.85,58526.21,0,13257.17,0,0,69759.87,0,0,0,2077.12,2046.41,0,21021.96,23728.25,49.66,2065.26,13024.49,0,0,0,0
2009-09-12 06:00:00,0,1612.34,0,255.25,8249.2,5033.34,4589.05,0,0,1754.44,11708.97,194.71,0,10405.87,1260.51,2817.91,58903.48,0,13550.78,0,0,70441.7,0,0,0,2102.49,2065.48,0,21100.98,23738.72,50.22,2118.11,13164.84,0,0,0,0
2009-09-12 07:00:00,0,1648.69,0,268.92,8663.78,5331.2,4893.18,0,0,1813.58,12150.87,199.76,0,10759.98,1297.05,2905.6,59907.71,0,14012.47,0,0,72713.32,0,0,0,2194.35,2184.18,0,21434.21,23820.95,51.33,2187.91,13408.36,0,0,0,0
2009-09-12 08:00:00,0,1807.13,0,283.27,9039.18,5699.71,5264.75,0,0,1900.89,12973.21,208.13,0,11051.61,1347.03,3038.19,62473.96,0,14481.95,0,0,75630.83,0,0,0,2357.1,2382.09,0,22088.93,24476.46,53.06,2293.93,14150.75,0,0,0,0
2009-09-12 09:00:00,0,1958.47,0,306.97,9652.53,5996.32,5663.58,0,0,1990.06,13786.09,221.93,0,11410.18,1418.93,3189.0,65401.59,0,14918.82,0,0,78511.82,0,0,0,2484.82,2498.52,0,23691.82,25591.39,55.99,2388.84,15326.47,0,0,0,0
2009-09-12 10:00:00,0,2095.55,0,334.48,10454.6,6322.96,6385.68,0,0,2077.93,14800.85,224.15,0,11768.91,1551.39,3431.84,68232.74,0,15374.23,0,0,80310.27,0,0,0,2721.43,2671.48,0,25297.7,26739.99,59.0,2467.72,16400.3,0,0,0,0
2009-09-12 11:00:00,0,2202.21,0,359.57,11501.96,6642.71,7081.33,0,0,2171.78,15757.94,229.68,0,12093.7,1613.44,3688.33,71678.74,0,15860.23,0,0,81862.66,0,0,0,2965.0,2931.6,0,27223.93,27898.86,62.67,2565.35,17941.48,0,0,0,0
2009-09-12 12:00:00,0,2319.37,0,372.07,12318.45,6939.46,7567.07,0,0,2265.91,16762.15,238.93,0,12371.45,1699.91,3932.91,75317.64,0,16293.34,0,0,83601.42,0,0,0,3153.52,3137.71,0,29244.05,29034.61,66.46,2703.76,19375.95,0,0,0,0
2009-09-12 13:00:00,0,2416.6,0,387.64,13020.56,7223.77,7959.19,0,0,2354.58,17230.42,247.34,0,12634.85,1710.61,4108.76,78106.94,0,16667.99,0,0,86158.8,0,0,0,3282.36,3288.51,0,30937.26,30083.26,69.31,2807.98,20494.65,0,0,0,0
2009-09-12 14:00:00,0,2492.93,0,406.63,13545.13,7494.77,8254.19,0,0,2445.64,17733.66,249.43,0,12839.72,1763.55,4235.51,80130.6,0,17039.25,0,0,88766.78,0,0,0,3393.46,3415.61,0,32224.07,30904.85,71.57,2895.94,21352.45,0,0,0,0
2009-09-12 15:00:00,0,2556.95,0,386.74,13960.48,7729.47,8455.99,0,0,2505.55,17960.86,257.63,0,12965.76,1768.23,4297.74,81360.73,0,17452.37,0,0,90909.74,0,0,0,3487.13,3511.07,0,33194.29,31572.73,73.05,2959.26,22057.81,0,0,0,0
2009-09-12 16:00:00,0,2589.88,0,396.94,14225.39,7870.87,8609.41,0,0,2550.11,18141.89,268.73,0,13069.28,1800.66,4306.16,82179.51,0,17711.47,0,0,92481.44,0,0,0,3536.03,3578.64,0,33723.84,32129.34,74.4,3018.31,22462.88,0,0,0,0
2009-09-12 17:00:00,0,2601.64,0,383.15,14262.43,7946.96,8659.09,0,0,2571.98,18311.44,278.5,0,13202.6,1789.47,4233.3,82037.63,0,17761.93,0,0,93525.09,0,0,0,3514.21,3553.99,0,33530.15,32398.05,74.79,3050.8,22310.73,0,0,0,0
2009-09-12 18:00:00,0,2576.21,0,376.12,13647.04,7970.18,8285.2,0,0,2568.6,18452.72,286.8,0,13323.94,1792.53,4087.49,81408.0,0,17582.43,0,0,93345.21,0,0,0,3402.52,3378.65,0,32802.08,32151.3,74.07,3086.59,21454.52,0,0,0,0
2009-09-12 19:00:00,0,2476.14,0,377.44,14062.84,7670.83,8300.79,0,0,2623.51,18218.71,283.98,0,14441.73,1781.12,4327.2,84001.61,0,19441.95,0,0,99815.36,0,0,0,3374.45,3240.9,0,32317.56,32399.05,78.25,3063.87,21232.39,0,0,0,0
2009-09-12 20:00:00,0,2360.14,0,368.08,13490.65,7434.25,7631.7,0,0,2480.24,17208.29,281.93,0,13774.79,1682.05,4001.5,80540.53,0,18693.41,0,0,94160.37,0,0,0,3236.03,3095.45,0,31424.64,31263.77,74.48,2936.99,20519.6,0,0,0,0
2009-09-12 21:00:00,0,2326.01,0,349.49,12757.54,7030.93,7045.43,0,0,2347.24,16211.27,272.3,0,13115.4,1597.64,3757.93,77979.56,0,17921.96,0,0,89385.92,0,0,0,3103.27,2951.1,0,30343.79,30446.53,70.79,2808.77,19869.26,0,0,0,0
2009-09-12 22:00:00,0,2254.84,0,330.32,11643.49,6529.95,6538.9,0,0,2207.88,15308.62,260.31,0,12384.81,1525.36,3533.1,74774.31,0,17011.5,0,0,85012.81,0,0,0,2859.68,2750.57,0,28354.27,29454.21,66.83,2668.11,18625.62,0,0,0,0
2009-09-12 23:00:00,0,2084.76,0,303.32,10623.55,6048.63,6021.76,0,0,2074.65,14420.43,242.54,0,11635.6,1436.3,3327.74,70954.74,0,16028.85,0,0,80517.14,0,0,0,2646.8,2567.46,0,26434.45,28152.17,63.02,2533.72,17177.21,0,0,0,0
2009-09-13 00:00:00,0,1918.74,0,281.41,9669.52,5628.34,5553.64,0,0,1940.27,13544.17,226.52,0,10880.1,1330.49,3114.76,67235.04,0,15005.58,0,0,75989.73,0,0,0,2468.24,2420.63,0,24659.02,27042.29,59.51,2408.57,15801.25,0,0,0,0
2009-09-13 01:00:00,0,1758.81,0,263.5,9019.3,5258.36,5119.54,0,0,1824.48,12721.57,215.22,0,10442.83,1212.92,2932.93,63716.08,0,14051.42,0,0,72423.39,0,0,0,2338.99,2282.99,0,23467.04,25958.75,56.52,2283.96,14637.87,0,0,0,0
2009-09-13 02:00:00,0,1648.2,0,243.4,8549.43,5057.21,4768.27,0,0,1727.17,12056.0,207.64,0,10429.29,1158.55,2805.09,61095.83,0,13359.34,0,0,70039.39,0,0,0,2277.49,2170.72,0,22612.52,24802.01,54.3,2201.11,13673.07,0,0,0,0
2009-09-13 03:00:00,0,1572.98,0,237.67,8152.63,4907.67,4567.65,0,0,1671.62,11725.28,202.09,0,10436.54,1137.15,2721.0,59447.15,0,13068.31,0,0,68199.04,0,0,0,2212.95,2092.16,0,21995.57,23904.52,52.07,2150.13,13164.53,0,0,0,0
2009-09-13 04:00:00,0,1547.71,0,237.52,7958.41,4799.01,4471.6,0,0,1673.76,11593.49,197.48,0,10458.15,1137.73,2695.1,58263.03,0,13067.71,0,0,67730.39,0,0,0,2178.29,2087.03,0,21694.31,23392.26,50.36,2133.94,12822.86,0,0,0,0
2009-09-13 05:00:00,0,1552.67,0,239.18,7975.51,4865.38,4498.72,0,0,1699.78,11715.76,196.45,0,10505.77,1179.58,2715.96,57941.64,0,13242.07,0,0,67923.24,0,0,0,2161.79,2082.37,0,21757.75,23247.14,49.77,2155.38,12645.38,0,0,0,0
2009-09-13 06:00:00,0,1586.67,0,242.74,8158.55,5034.19,4622.12,0,0,1738.34,11844.68,199.0,0,10728.09,1211.43,2772.73,58345.61,0,13561.46,0,0,68534.67,0,0,0,2143.64,2078.31,0,21898.68,23331.05,50.02,2199.88,12842.43,0,0,0,0
2009-09-13 07:00:00,0,1630.86,0,253.43,8586.17,5356.36,4922.1,0,0,1811.93,12380.42,203.24,0,11047.71,1266.31,2863.67,59417.64,0,14248.65,0,0,70925.82,0,0,0,2196.12,2188.97,0,22308.17,23452.64,50.84,2275.94,13064.05,0,0,0,0
2009-09-13 08:00:00,0,1750.98,0,275.0,8971.94,5813.41,5255.58,0,0,1948.51,13710.67,210.68,0,11437.08,1305.77,2958.45,62005.06,0,14980.34,0,0,74807.23,0,0,0,2339.26,2362.88,0,22839.92,24006.39,51.68,2437.87,13751.12,0,0,0,0
2009-09-13 09:00:00,0,1828.04,0,297.67,9469.69,6372.58,5579.82,0,0,2141.97,15246.54,222.04,0,11887.85,1376.92,3142.21,65096.62,0,15668.93,0,0,79091.71,0,0,0,2485.88,2541.62,0,23630.44,25017.26,53.63,2648.87,14591.49,0,0,0,0
2009-09-13 10:00:00,0,1941.84,0,329.87,10077.93,7050.67,6067.65,0,0,2360.97,16942.78,231.67,0,12466.57,1524.07,3289.6,68474.46,0,16349.7,0,0,82674.77,0,0,0,2693.36,2718.13,0,24988.39,26204.69,56.77,2873.31,15616.95,0,0,0,0
2009-09-13 11:00:00,0,2030.36,0,359.68,10922.25,7678.43,6676.9,0,0,2542.18,18243.18,261.51,0,13044.05,1648.99,3534.86,72252.4,0,17070.97,0,0,87185.22,0,0,0,2978.77,2985.44,0,26792.67,27218.39,60.3,3057.5,16510.07,0,0,0,0
2009-09-13 12:00:00,0,2153.85,0,390.98,11713.76,8248.43,7184.65,0,0,2670.34,18957.19,290.74,0,13556.12,1780.19,3822.92,75906.67,0,17813.93,0,0,92512.72,0,0,0,3179.61,3214.22,0,28999.35,28306.79,64.58,3223.2,17920.1,0,0,0,0
2009-09-13 13:00:00,0,2258.79,0,419.89,12380.85,8769.16,7621.09,0,0,2746.72,19267.14,315.69,0,13998.29,1888.17,4056.13,78719.63,0,18405.87,0,0,96214.17,0,0,0,3336.13,3380.54,0,30711.09,29344.02,68.27,3375.73,19135.55,0,0,0,0
2009-09-13 14:00:00,0,2346.1,0,442.92,12900.89,9276.6,7968.91,0,0,2857.25,19982.2,335.14,0,14413.02,2009.63,4237.16,81091.31,0,18906.54,0,0,99426.39,0,0,0,3454.92,3492.55,0,32002.85,30299.31,71.27,3520.72,20142.76,0,0,0,0
2009-09-13 15:00:00,0,2412.43,0,453.68,13345.57,9600.87,8223.65,0,0,2951.14,20493.34,350.13,0,14826.33,2028.12,4359.06,82771.67,0,19247.46,0,0,102222.5,0,0,0,3533.26,3569.35,0,33001.45,31155.38,73.63,3619.84,20983.4,0,0,0,0
2009-09-13 16:00:00,0,2480.41,0,441.51,13623.17,9688.72,8368.5,0,0,2961.43,20366.84,349.01,0,15222.4,2007.27,4410.33,83733.1,0,19543.4,0,0,103408.35,0,0,0,3537.81,3563.55,0,33235.14,31947.21,74.09,3638.16,21343.72,0,0,0,0
2009-09-13 17:00:00,0,2503.67,0,425.75,13754.26,9464.72,8436.72,0,0,2912.42,20071.43,338.27,0,15585.32,1983.43,4360.68,83579.94,0,19514.29,0,0,104006.38,0,0,0,3487.02,3500.35,0,33002.89,32365.5,73.41,3562.54,20981.71,0,0,0,0
2009-09-13 18:00:00,0,2498.4,0,418.74,13393.89,9124.85,8171.81,0,0,2815.11,19641.9,331.71,0,14869.49,1944.54,4236.72,83227.97,0,18463.06,0,0,101699.86,0,0,0,3395.96,3371.18,0,32431.09,32423.4,72.3,3472.33,20644.63,0,0,0,0
2009-09-13 19:00:00,0,2565.75,0,446.68,14725.67,8985.9,8646.95,0,0,2955.53,19756.83,339.67,0,16893.67,2023.95,4709.64,90715.99,0,21692.86,0,0,111217.04,0,0,0,3530.34,3251.12,0,33321.83,34211.31,85.94,3535.27,21778.83,0,0,0,0
2009-09-13 20:00:00,0,2458.71,0,428.22,14040.89,8521.11,7940.74,0,0,2746.16,18559.58,324.19,0,15593.32,1925.57,4361.38,86325.1,0,20478.32,0,0,103354.61,0,0,0,3379.94,3071.2,0,32348.03,33385.0,81.79,3314.67,21193.38,0,0,0,0
2009-09-13 21:00:00,0,2401.8,0,401.15,13281.61,7928.16,7280.72,0,0,2565.0,17493.35,307.77,0,14431.45,1806.76,4061.79,83298.06,0,19397.68,0,0,97004.89,0,0,0,3173.12,2897.32,0,31324.15,32646.11,77.29,3104.6,20523.94,0,0,0,0
2009-09-13 22:00:00,0,2262.62,0,372.81,12102.61,7245.31,6656.16,0,0,2380.15,16351.57,286.8,0,13347.27,1689.69,3805.96,79341.33,0,18112.6,0,0,91496.02,0,0,0,2930.69,2695.46,0,29238.06,31469.57,73.36,2897.4,19106.21,0,0,0,0
2009-09-13 23:00:00,0,2060.73,0,340.05,10996.49,6595.37,6073.98,0,0,2214.3,15220.16,263.36,0,12324.46,1568.23,3570.64,75150.55,0,16900.52,0,0,86275.01,0,0,0,2709.4,2497.16,0,27268.21,29529.62,70.1,2693.11,17678.56,0,0,0,0
2009-09-14 00:00:00,0,1882.45,0,312.96,10043.74,6006.82,5590.52,0,0,2067.37,14178.26,239.95,0,11365.85,1448.42,3382.13,71188.22,0,15789.58,0,0,81297.4,0,0,0,2515.25,2332.3,0,25519.74,27855.52,66.34,2504.02,16277.58,0,0,0,0
2009-09-14 01:00:00,0,1724.91,0,285.35,9311.74,5496.62,5192.95,0,0,1909.88,13134.24,217.77,0,10723.85,1335.02,3198.97,67672.96,0,14557.0,0,0,77184.97,0,0,0,2377.19,2181.08,0,24130.96,26300.95,64.39,2324.68,15163.76,0,0,0,0
2009-09-14 02:00:00,0,1607.46,0,266.68,8968.92,5217.34,4880.09,0,0,1802.68,12417.5,201.77,0,10402.66,1270.45,3038.52,64436.75,0,13822.04,0,0,74231.05,0,0,0,2313.85,2116.58,0,23161.91,25022.99,62.89,2217.17,14527.22,0,0,0,0
2009-09-14 03:00:00,0,1565.92,0,262.71,8811.19,5068.24,4801.79,0,0,1754.14,12076.6,194.22,0,10329.74,1251.8,2953.36,62884.63,0,13434.56,0,0,73133.56,0,0,0,2294.09,2106.66,0,22784.51,24587.66,61.88,2168.3,14248.33,0,0,0,0
2009-09-14 04:00:00,0,1573.29,0,270.59,8931.18,5096.47,4911.48,0,0,1792.14,12112.17,198.35,0,10425.84,1295.15,3027.58,63374.07,0,13462.37,0,0,73854.04,0,0,0,2332.92,2141.55,0,23202.85,24357.2,61.53,2191.7,14325.04,0,0,0,0
2009-09-14 05:00:00,0,1616.85,0,279.4,9363.44,5260.82,5068.61,0,0,1842.42,12477.61,202.55,0,10640.43,1339.6,3139.78,64686.87,0,13758.31,0,0,75349.63,0,0,0,2399.41,2175.61,0,23692.6,24806.74,61.6,2250.45,14675.28,0,0,0,0
2009-09-14 06:00:00,0,1665.46,0,288.5,9821.99,5440.02,5230.72,0,0,1895.71,12869.15,207.42,0,11473.91,1392.68,3247.94,66027.64,0,14449.18,0,0,77221.57,0,0,0,2459.76,2212.15,0,24213.29,25433.17,62.26,2313.43,14927.86,0,0,0,0
2009-09-14 07:00:00,0,1723.17,0,317.19,10677.32,5801.78,5666.89,0,0,2031.88,13798.45,218.58,0,12283.72,1490.73,3528.6,68904.05,0,16192.52,0,0,84586.49,0,0,0,2555.01,2285.33,0,25226.69,26089.1,63.45,2459.5,15483.17,0,0,0,0
2009-09-14 08:00:00,0,1860.76,0,333.3,11152.99,6239.58,6098.3,0,0,2178.27,14958.39,234.68,0,12826.7,1567.53,3658.99,72878.22,0,17011.76,0,0,89670.72,0,0,0,2711.58,2422.57,0,26356.69,27676.76,65.73,2627.32,16446.63,0,0,0,0
2009-09-14 09:00:00,0,1905.91,0,354.93,11735.55,6836.88,6463.5,0,0,2383.11,16397.54,252.4,0,13331.94,1645.24,3851.04,76716.03,0,17948.57,0,0,95114.55,0,0,0,2871.39,2570.44,0,27413.66,28788.59,68.57,2792.76,17526.63,0,0,0,0
2009-09-14 10:00:00,0,1988.28,0,383.61,12396.76,7566.53,6935.57,0,0,2600.63,17916.22,275.32,0,13694.89,1754.76,4078.06,80318.13,0,18513.37,0,0,99423.53,0,0,0,3027.78,2699.21,0,28742.4,30002.79,72.14,3074.09,18708.07,0,0,0,0
2009-09-14 11:00:00,0,2067.08,0,408.82,13354.39,8241.07,7530.11,0,0,2809.73,19341.8,298.71,0,13988.99,1861.58,4312.03,83798.56,0,19056.62,0,0,105046.51,0,0,0,3195.12,2892.14,0,30399.64,31035.47,75.17,3337.38,19736.1,0,0,0,0
2009-09-14 12:00:00,0,2151.17,0,425.63,14258.06,8705.94,8035.75,0,0,2940.92,20384.86,310.2,0,14180.88,1964.23,4618.42,87242.82,0,19613.0,0,0,111041.08,0,0,0,3362.4,3077.02,0,31639.65,32096.95,79.22,3542.9,20962.78,0,0,0,0
2009-09-14 13:00:00,0,2249.34,0,443.07,14893.87,9053.53,8427.19,0,0,3026.13,21079.58,318.31,0,14400.24,2037.28,4831.96,90797.99,0,20131.02,0,0,115732.9,0,0,0,3475.54,3217.03,0,32550.93,33468.1,82.74,3679.47,21994.81,0,0,0,0
2009-09-14 14:00:00,0,2342.53,0,451.93,15409.99,9252.67,8764.24,0,0,3087.54,21540.68,326.93,0,14756.39,2076.12,4984.62,93517.55,0,20608.7,0,0,119777.52,0,0,0,3559.58,3324.53,0,33174.74,34632.14,85.75,3734.76,22803.84,0,0,0,0
2009-09-14 15:00:00,0,2436.65,0,456.31,15758.7,9286.07,8987.91,0,0,3112.84,21750.91,341.48,0,15137.47,2080.22,5094.21,94905.41,0,21066.05,0,0,122569.66,0,0,0,3613.84,3404.92,0,33409.99,35586.21,88.24,3714.81,23433.25,0,0,0,0
2009-09-14 16:00:00,0,2562.41,0,464.13,15937.6,9249.14,9042.73,0,0,3079.15,21588.97,347.77,0,15636.25,2071.47,5151.32,95373.64,0,21431.72,0,0,123544.08,0,0,0,3615.52,3440.39,0,33254.14,36161.46,88.79,3641.82,23483.29,0,0,0,0
2009-09-14 17:00:00,0,2606.68,0,455.78,15839.19,9123.24,8934.26,0,0,3002.84,20940.58,342.62,0,15880.35,2042.55,5067.1,94344.43,0,21307.75,0,0,122826.65,0,0,0,3586.74,3411.89,0,33106.21,36364.27,87.94,3613.93,23226.12,0,0,0,0
2009-09-14 18:00:00,0,2581.49,0,438.22,15151.14,8868.21,8580.81,0,0,2920.33,20029.24,334.26,0,15407.23,1993.89,4926.87,92439.58,0,20268.76,0,0,117807.42,0,0,0,3475.53,3298.82,0,32606.34,35909.45,86.81,3556.82,22709.29,0,0,0,0
2009-09-14 19:00:00,0,2608.73,0,426.66,15278.25,8781.58,8746.03,0,0,2911.56,19551.25,332.26,0,16045.26,2027.98,4858.0,92387.31,0,21233.36,0,0,117541.37,0,0,0,3448.93,3213.61,0,32769.7,35449.68,85.96,3406.18,22345.69,0,0,0,0
2009-09-14 20:00:00,0,2504.79,0,411.31,14567.7,8387.75,8035.65,0,0,2748.13,18472.86,318.13,0,14877.66,1905.8,4504.27,88222.9,0,20202.09,0,0,109787.86,0,0,0,3321.08,3061.72,0,32023.03,34219.54,81.54,3197.05,21793.93,0,0,0,0
2009-09-14 21:00:00,0,2455.26,0,389.67,13780.02,7796.41,7374.56,0,0,2572.4,17438.92,303.1,0,13905.03,1802.33,4214.81,84965.68,0,19321.67,0,0,102796.79,0,0,0,3132.22,2904.65,0,30964.66,33204.36,78.09,3000.36,21176.71,0,0,0,0
2009-09-14 22:00:00,0,2326.84,0,360.23,12589.85,7128.0,6746.8,0,0,2397.1,16324.05,278.83,0,12991.68,1683.25,3957.8,80848.78,0,18150.42,0,0,96730.63,0,0,0,2893.72,2706.36,0,28863.84,31987.67,73.78,2809.28,19958.68,0,0,0,0
2009-09-14 23:00:00,0,2123.51,0,329.22,11495.15,6454.12,6172.94,0,0,2224.68,15157.86,252.09,0,12108.17,1567.54,3718.64,76599.47,0,16982.54,0,0,91213.34,0,0,0,2691.19,2515.47,0,26914.19,29846.31,69.74,2606.52,18633.79,0,0,0,0
2009-09-15 00:00:00,0,1932.86,0,300.64,10436.94,5851.33,5692.57,0,0,2057.08,14075.1,232.27,0,11275.34,1453.16,3499.17,72668.16,0,15937.23,0,0,85983.29,0,0,0,2494.99,2349.46,0,25100.72,27963.02,66.48,2424.35,17286.87,0,0,0,0
2009-09-15 01:00:00,0,1779.45,0,276.29,9620.45,5354.21,5289.48,0,0,1901.23,13073.68,212.57,0,10810.48,1353.38,3306.5,68943.51,0,14898.97,0,0,81391.95,0,0,0,2357.73,2191.82,0,23752.02,26369.82,64.17,2258.75,16119.63,0,0,0,0
2009-09-15 02:00:00,0,1666.9,0,259.69,9251.7,5056.53,4993.7,0,0,1788.38,12354.68,196.58,0,10640.49,1285.05,3152.08,65814.89,0,14187.57,0,0,78056.11,0,0,0,2294.14,2113.48,0,22916.54,25164.15,62.5,2153.66,15555.79,0,0,0,0
2009-09-15 03:00:00,0,1614.58,0,257.32,9117.93,4907.83,4918.99,0,0,1734.08,12016.78,186.83,0,10579.92,1260.51,3080.14,64030.4,0,13720.39,0,0,76762.47,0,0,0,2264.5,2102.22,0,22685.58,24803.92,61.1,2109.52,15277.9,0,0,0,0
2009-09-15 04:00:00,0,1605.01,0,265.57,9246.23,4950.15,5047.33,0,0,1767.57,12070.37,191.08,0,10657.11,1283.38,3152.39,64327.35,0,13714.35,0,0,77437.28,0,0,0,2297.45,2135.93,0,23181.29,24630.71,60.68,2135.58,15344.53,0,0,0,0
2009-09-15 05:00:00,0,1651.31,0,272.07,9691.57,5107.5,5221.7,0,0,1815.29,12406.33,196.54,0,10856.62,1317.02,3257.5,65588.97,0,14048.94,0,0,78827.73,0,0,0,2373.48,2176.91,0,23654.15,25146.23,61.02,2190.77,15625.61,0,0,0,0
2009-09-15 06:00:00,0,1697.02,0,276.39,10174.35,5283.65,5398.87,0,0,1864.75,12741.52,203.28,0,11645.18,1353.4,3361.43,66813.58,0,14765.91,0,0,80608.49,0,0,0,2441.35,2218.44,0,24098.02,25638.77,62.13,2258.93,15929.95,0,0,0,0
2009-09-15 07:00:00,0,1752.01,0,298.54,11029.84,5664.82,5903.06,0,0,2041.78,13641.73,212.52,0,12621.84,1425.58,3629.75,69381.79,0,16600.74,0,0,87665.8,0,0,0,2538.53,2293.02,0,25019.28,26174.62,63.68,2403.95,16426.6,0,0,0,0
2009-09-15 08:00:00,0,1892.41,0,319.36,11638.1,6184.61,6429.3,0,0,2218.29,14873.59,223.84,0,13356.8,1497.85,3767.22,73737.44,0,17211.78,0,0,92931.26,0,0,0,2745.28,2455.62,0,25977.64,27726.85,66.48,2582.53,17233.58,0,0,0,0
2009-09-15 09:00:00,0,1959.17,0,332.08,12420.64,6605.11,6915.01,0,0,2372.3,16055.22,237.86,0,14144.94,1570.2,4011.28,77446.67,0,17926.88,0,0,98384.15,0,0,0,2944.29,2642.23,0,26695.05,28861.77,69.41,2728.22,17937.63,0,0,0,0
2009-09-15 10:00:00,0,2037.23,0,352.38,13346.05,7153.48,7647.75,0,0,2537.18,17411.25,247.29,0,14755.37,1627.66,4309.44,81105.95,0,18785.74,0,0,103707.68,0,0,0,3118.54,2793.59,0,27288.06,30063.32,72.59,2977.22,18712.75,0,0,0,0
2009-09-15 11:00:00,0,2128.39,0,363.71,14542.79,7857.25,8345.58,0,0,2723.77,18745.46,266.23,0,15313.9,1666.44,4546.48,84598.35,0,19616.44,0,0,109827.85,0,0,0,3303.87,3022.57,0,28396.96,31526.89,76.73,3257.14,19418.05,0,0,0,0
2009-09-15 12:00:00,0,2233.38,0,367.77,15183.85,8516.12,8770.09,0,0,2882.29,19814.37,290.92,0,15611.56,1777.31,4747.12,88126.55,0,20268.15,0,0,115798.97,0,0,0,3475.84,3210.51,0,30088.87,33011.97,81.24,3489.03,20125.94,0,0,0,0
2009-09-15 13:00:00,0,2351.53,0,390.76,15598.12,9006.68,9155.54,0,0,3011.9,20603.26,314.34,0,15716.5,1837.67,4941.31,91480.39,0,20769.78,0,0,119800.72,0,0,0,3610.85,3348.92,0,31847.5,34429.34,84.62,3667.34,21136.21,0,0,0,0
2009-09-15 14:00:00,0,2463.09,0,408.69,15803.43,9359.06,9429.47,0,0,3093.74,21139.16,325.8,0,15698.78,1860.79,5101.47,93953.96,0,21101.16,0,0,122175.9,0,0,0,3701.15,3460.01,0,33306.21,35583.45,87.57,3783.75,21905.84,0,0,0,0
2009-09-15 15:00:00,0,2613.85,0,416.8,15791.92,9561.64,9552.26,0,0,3130.18,21323.48,332.8,0,15691.64,1925.79,5221.22,95208.41,0,21385.06,0,0,123467.15,0,0,0,3743.69,3523.88,0,34083.66,36712.44,89.99,3859.12,22218.14,0,0,0,0
2009-09-15 16:00:00,0,2692.86,0,425.72,15597.81,9569.53,9487.74,0,0,3106.66,21215.59,338.06,0,15785.36,1982.79,5264.44,95052.36,0,21543.84,0,0,123018.05,0,0,0,3734.87,3536.55,0,34182.12,36954.74,91.71,3866.64,22351.91,0,0,0,0
2009-09-15 17:00:00,0,2703.22,0,425.05,15200.32,9285.12,9221.86,0,0,3011.54,20743.31,336.28,0,15729.44,2027.68,5188.27,93133.31,0,21067.4,0,0,121923.65,0,0,0,3681.78,3490.03,0,33594.21,36993.59,89.89,3758.75,22255.34,0,0,0,0
2009-09-15 18:00:00,0,2669.07,0,408.64,14562.25,8850.49,8671.21,0,0,2889.39,19732.84,324.11,0,15149.4,1974.47,5001.51,90390.91,0,20099.55,0,0,116228.96,0,0,0,3549.05,3365.75,0,32657.62,36517.35,86.77,3638.02,21759.75,0,0,0,0
2009-09-15 19:00:00,0,2661.45,0,416.36,15159.08,8791.0,8953.59,0,0,2906.73,19598.09,324.43,0,15620.85,2002.5,4967.35,89890.34,0,21059.95,0,0,117490.3,0,0,0,3480.74,3274.02,0,32427.98,35855.34,85.93,3550.52,21610.94,0,0,0,0
2009-09-15 20:00:00,0,2536.03,0,399.65,14669.7,8377.5,8328.4,0,0,2724.25,18423.15,309.55,0,14362.93,1852.06,4620.22,85612.31,0,19832.05,0,0,109868.07,0,0,0,3331.44,3096.15,0,31367.15,34396.75,82.77,3322.35,21203.45,0,0,0,0
2009-09-15 21:00:00,0,2460.09,0,374.09,13919.23,7832.98,7736.98,0,0,2560.0,17344.28,293.93,0,13293.5,1716.59,4311.32,82411.66,0,18764.57,0,0,103017.5,0,0,0,3127.18,2914.85,0,30001.33,33078.77,78.48,3102.55,20699.51,0,0,0,0
2009-09-15 22:00:00,0,2326.1,0,351.44,12890.62,7152.5,7149.38,0,0,2390.06,16187.19,271.02,0,12310.14,1594.26,4052.85,78386.55,0,17523.98,0,0,96843.27,0,0,0,2904.11,2716.02,0,27965.98,31733.46,74.63,2888.66,19559.1,0,0,0,0
2009-09-15 23:00:00,0,2138.33,0,320.92,11903.97,6475.99,6573.32,0,0,2221.11,15003.54,248.32,0,11409.53,1493.19,3813.39,74291.61,0,16207.04,0,0,91207.65,0,0,0,2711.12,2524.36,0,26210.94,29790.08,70.43,2667.02,18289.43,0,0,0,0
2009-09-16 00:00:00,0,1959.64,0,294.03,10959.38,5869.5,6031.06,0,0,2052.97,13845.55,226.24,0,10621.2,1383.06,3584.51,70453.28,0,15086.01,0,0,85683.05,0,0,0,2536.33,2353.02,0,24533.63,28162.79,67.31,2458.15,17092.21,0,0,0,0
2009-09-16 01:00:00,0,1798.57,0,271.74,10128.87,5334.35,5611.38,0,0,1890.42,12768.67,207.24,0,10130.59,1290.25,3372.61,66669.57,0,14225.08,0,0,81184.36,0,0,0,2406.87,2211.62,0,23274.72,26609.59,64.88,2274.35,16200.29,0,0,0,0
2009-09-16 02:00:00,0,1666.99,0,254.26,9788.9,4946.02,5297.06,0,0,1752.77,11903.72,193.39,0,10005.34,1226.43,3213.24,63401.58,0,13662.99,0,0,77861.13,0,0,0,2334.39,2144.29,0,22703.59,25339.19,62.79,2157.58,15608.24,0,0,0,0
2009-09-16 03:00:00,0,1603.32,0,255.17,9655.08,4789.86,5210.57,0,0,1688.84,11426.99,185.48,0,10084.87,1207.71,3157.51,61879.92,0,13390.85,0,0,76505.9,0,0,0,2301.76,2128.41,0,22390.18,24667.16,62.28,2098.31,15198.33,0,0,0,0
2009-09-16 04:00:00,0,1572.23,0,261.19,9733.37,4866.78,5333.85,0,0,1717.23,11458.85,191.32,0,10327.75,1235.85,3232.88,62218.64,0,13591.61,0,0,76956.39,0,0,0,2337.2,2162.7,0,22834.42,24278.35,62.41,2115.76,15236.94,0,0,0,0
2009-09-16 05:00:00,0,1612.38,0,266.54,10136.49,5029.41,5491.42,0,0,1755.46,11770.97,197.21,0,10686.52,1270.13,3316.94,63422.29,0,14025.58,0,0,77993.64,0,0,0,2407.67,2198.79,0,23363.76,24649.31,62.88,2173.66,15507.98,0,0,0,0
2009-09-16 06:00:00,0,1656.95,0,275.89,10621.91,5196.85,5668.62,0,0,1805.13,12111.08,202.4,0,11620.05,1304.64,3430.32,64589.17,0,14691.7,0,0,79372.19,0,0,0,2475.99,2241.71,0,23798.3,25228.34,63.96,2229.88,15748.61,0,0,0,0
2009-09-16 07:00:00,0,1710.95,0,277.32,11391.51,5536.62,6132.34,0,0,1979.0,13093.0,211.91,0,12514.12,1411.56,3708.15,66829.05,0,16352.79,0,0,85514.21,0,0,0,2567.64,2316.13,0,24732.19,25839.83,65.0,2364.01,16172.14,0,0,0,0
2009-09-16 08:00:00,0,1837.62,0,299.99,11901.41,6068.13,6555.55,0,0,2157.07,14415.54,232.16,0,12940.48,1501.35,3913.78,70769.13,0,16842.62,0,0,87188.38,0,0,0,2768.26,2463.26,0,25799.72,27415.2,67.16,2556.21,16932.84,0,0,0,0
2009-09-16 09:00:00,0,1898.38,0,307.45,12379.45,6519.89,6868.11,0,0,2302.43,15601.03,246.51,0,13257.45,1587.18,4185.03,73433.65,0,17245.68,0,0,88826.85,0,0,0,2925.59,2601.85,0,26873.45,28560.15,69.63,2699.96,17636.09,0,0,0,0
2009-09-16 10:00:00,0,1979.84,0,333.29,12809.46,7052.29,7150.31,0,0,2474.66,16957.07,258.33,0,13518.44,1704.57,4482.07,76007.96,0,17631.82,0,0,90629.24,0,0,0,3128.11,2792.68,0,27889.56,29848.71,73.36,2905.98,18281.19,0,0,0,0
2009-09-16 11:00:00,0,2064.06,0,365.24,13290.08,7743.97,7364.29,0,0,2661.97,18340.14,271.92,0,13712.12,1831.35,4716.43,78948.78,0,18041.96,0,0,92677.25,0,0,0,3350.21,3036.75,0,29200.49,31156.15,76.97,3156.05,18949.41,0,0,0,0
2009-09-16 12:00:00,0,2140.66,0,403.7,13715.25,8401.34,7604.02,0,0,2832.51,19493.21,289.81,0,13808.09,1940.65,4916.89,81699.31,0,18294.68,0,0,94727.34,0,0,0,3544.79,3222.85,0,30589.43,32250.09,79.51,3411.6,19433.39,0,0,0,0
2009-09-16 13:00:00,0,2222.15,0,421.96,13994.88,8967.34,7828.75,0,0,2975.24,20453.68,307.53,0,13843.23,2034.25,5087.89,84202.64,0,18401.37,0,0,96773.13,0,0,0,3693.23,3363.84,0,32029.96,33226.23,81.7,3616.62,19893.02,0,0,0,0
2009-09-16 14:00:00,0,2321.52,0,432.76,14225.62,9390.77,8008.44,0,0,3089.17,21192.93,319.12,0,13883.18,2083.05,5193.61,85490.23,0,18488.38,0,0,98202.63,0,0,0,3803.71,3469.3,0,33491.07,34172.72,84.61,3766.8,20399.83,0,0,0,0
2009-09-16 15:00:00,0,2418.1,0,435.38,14381.2,9650.47,8089.82,0,0,3153.69,21636.12,329.06,0,13931.41,2136.74,5224.14,86006.37,0,18517.8,0,0,98750.42,0,0,0,3842.18,3532.81,0,34450.43,34917.91,86.17,3856.85,20961.32,0,0,0,0
2009-09-16 16:00:00,0,2463.33,0,436.15,14434.49,9743.24,8126.37,0,0,3158.43,21598.46,334.97,0,14201.27,2111.82,5136.59,86000.94,0,18521.26,0,0,98535.21,0,0,0,3828.81,3550.77,0,34774.57,35141.48,87.99,3879.68,21363.4,0,0,0,0
2009-09-16 17:00:00,0,2472.51,0,432.03,14301.44,9583.42,8073.96,0,0,3094.57,21071.39,335.88,0,14328.59,2059.31,5002.55,85376.56,0,18464.57,0,0,97733.14,0,0,0,3766.67,3505.77,0,34459.29,35287.15,86.98,3774.54,21176.24,0,0,0,0
2009-09-16 18:00:00,0,2464.24,0,417.05,13922.6,9082.09,7957.92,0,0,2949.28,20062.42,331.95,0,14306.96,2024.05,4809.12,84642.46,0,18317.01,0,0,96567.73,0,0,0,3622.75,3371.69,0,33789.08,34922.96,86.41,3659.04,20765.57,0,0,0,0
2009-09-16 19:00:00,0,2521.09,0,416.26,14495.27,8889.66,8302.52,0,0,2933.99,19677.31,339.01,0,14508.2,2066.98,4780.25,83939.3,0,18889.06,0,0,97685.6,0,0,0,3514.71,3240.52,0,33439.99,34464.31,86.2,3540.72,20705.16,0,0,0,0
2009-09-16 20:00:00,0,2425.87,0,402.28,14040.06,8469.67,7759.47,0,0,2752.6,18523.0,322.73,0,13555.48,1949.94,4492.07,80669.94,0,17965.47,0,0,92540.08,0,0,0,3385.27,3095.35,0,32566.12,33473.48,81.79,3313.23,20440.35,0,0,0,0
2009-09-16 21:00:00,0,2340.6,0,383.36,13367.7,7902.53,7264.44,0,0,2568.1,17455.6,306.16,0,12554.56,1826.6,4246.02,78001.1,0,17079.76,0,0,87943.49,0,0,0,3230.71,2953.75,0,31292.23,32855.0,76.73,3088.77,19985.72,0,0,0,0
2009-09-16 22:00:00,0,2198.93,0,357.41,12399.28,7197.29,6760.59,0,0,2392.41,16319.04,280.2,0,11739.94,1702.17,4009.76,74514.57,0,15916.05,0,0,83817.94,0,0,0,2994.74,2765.08,0,29165.87,31572.93,72.52,2870.24,18880.61,0,0,0,0
2009-09-16 23:00:00,0,2007.6,0,329.48,11481.82,6535.15,6258.86,0,0,2221.09,15143.03,255.24,0,11012.29,1582.1,3778.66,70809.4,0,14803.3,0,0,79960.44,0,0,0,2790.06,2585.4,0,27203.56,29736.31,68.97,2666.43,17585.66,0,0,0,0
2009-09-17 00:00:00,0,1829.54,0,302.03,10567.49,5925.51,5794.09,0,0,2047.3,13981.39,235.72,0,10319.37,1469.18,3566.47,67131.34,0,13884.53,0,0,76467.56,0,0,0,2598.89,2400.24,0,25594.68,28003.93,66.05,2471.18,16560.68,0,0,0,0
2009-09-17 01:00:00,0,1665.92,0,279.42,9793.86,5415.18,5411.2,0,0,1889.13,12889.54,218.76,0,9885.48,1368.97,3382.02,63708.97,0,13150.9,0,0,73578.59,0,0,0,2436.77,2236.04,0,24334.31,26335.81,63.83,2297.9,15723.32,0,0,0,0
2009-09-17 02:00:00,0,1546.04,0,261.11,9490.42,5036.13,5104.73,0,0,1764.0,12064.1,203.23,0,9850.71,1302.28,3216.38,60821.75,0,12720.41,0,0,71238.43,0,0,0,2360.98,2173.74,0,23496.26,24870.41,62.0,2198.94,15203.13,0,0,0,0
2009-09-17 03:00:00,0,1486.8,0,253.9,9389.42,4885.62,5061.47,0,0,1696.99,11592.58,193.27,0,9998.85,1281.53,3094.2,59407.48,0,12636.88,0,0,70650.16,0,0,0,2328.46,2155.81,0,23173.51,24177.36,60.51,2145.46,14916.5,0,0,0,0
2009-09-17 04:00:00,0,1474.13,0,255.42,9560.5,4943.71,5224.3,0,0,1725.4,11601.94,195.7,0,10302.68,1303.12,3146.57,59981.28,0,13097.15,0,0,72041.4,0,0,0,2369.8,2191.29,0,23574.81,23802.61,60.02,2152.91,15021.67,0,0,0,0
2009-09-17 05:00:00,0,1536.91,0,262.21,10001.61,5097.54,5399.38,0,0,1769.48,11904.05,200.57,0,10678.08,1336.44,3241.06,61340.76,0,13630.53,0,0,74095.22,0,0,0,2446.84,2230.17,0,23996.17,24151.67,59.9,2212.19,15364.86,0,0,0,0
2009-09-17 06:00:00,0,1608.84,0,271.94,10493.15,5264.02,5578.27,0,0,1819.74,12243.2,205.73,0,11435.3,1376.69,3333.08,62749.06,0,14259.58,0,0,76280.09,0,0,0,2518.71,2272.88,0,24452.96,24685.28,60.79,2261.63,15690.88,0,0,0,0
2009-09-17 07:00:00,0,1684.88,0,286.19,11118.21,5630.99,5920.15,0,0,2009.3,13248.95,214.34,0,12455.27,1473.95,3592.74,65508.56,0,15864.17,0,0,82386.16,0,0,0,2609.95,2355.76,0,25065.61,25321.5,61.81,2402.59,16117.63,0,0,0,0
2009-09-17 08:00:00,0,1829.81,0,310.0,11481.8,6187.21,6188.93,0,0,2194.05,14553.23,224.98,0,12735.53,1549.79,3746.7,69678.16,0,16424.38,0,0,84320.17,0,0,0,2724.92,2471.87,0,25959.33,26815.04,64.17,2592.58,16895.8,0,0,0,0
2009-09-17 09:00:00,0,1869.25,0,331.67,11731.58,6658.62,6435.83,0,0,2367.82,15786.21,239.4,0,13014.74,1633.4,3877.43,72501.98,0,16818.95,0,0,86089.3,0,0,0,2838.67,2575.55,0,26531.13,27760.34,66.99,2736.33,17581.71,0,0,0,0
2009-09-17 10:00:00,0,1923.14,0,349.02,11869.25,7237.16,6684.36,0,0,2547.24,17249.25,251.36,0,13297.62,1705.17,4021.63,75046.81,0,17180.86,0,0,87865.72,0,0,0,2944.41,2677.67,0,26957.07,28860.49,70.18,2963.79,18314.23,0,0,0,0
2009-09-17 11:00:00,0,1981.06,0,367.82,12150.21,7920.9,6900.1,0,0,2748.85,18657.77,257.33,0,13515.42,1766.46,4219.33,77720.93,0,17487.5,0,0,89808.7,0,0,0,3049.28,2782.86,0,27453.39,30065.21,73.83,3205.0,18993.12,0,0,0,0
2009-09-17 12:00:00,0,2063.73,0,381.47,12564.96,8485.5,7218.47,0,0,2912.2,19712.0,263.63,0,13593.48,1822.19,4450.21,80415.38,0,17695.14,0,0,91921.66,0,0,0,3131.26,2870.9,0,28351.23,31293.75,77.6,3409.8,19547.86,0,0,0,0
2009-09-17 13:00:00,0,2157.58,0,389.63,12783.0,8904.26,7473.87,0,0,3019.32,20553.23,278.03,0,13630.01,1884.07,4685.47,82915.2,0,18035.1,0,0,93834.98,0,0,0,3173.22,2919.2,0,29256.6,32364.89,80.6,3613.06,20200.6,0,0,0,0
2009-09-17 14:00:00,0,2242.68,0,394.79,12944.83,9310.28,7749.34,0,0,3118.7,21176.27,289.53,0,13686.5,1955.01,4882.97,84856.94,0,18269.11,0,0,95715.66,0,0,0,3206.08,2967.51,0,29903.95,33233.51,83.2,3782.98,20924.83,0,0,0,0
2009-09-17 15:00:00,0,2301.56,0,413.83,13164.97,9606.77,7991.68,0,0,3176.49,21457.95,300.18,0,13853.4,2003.72,5071.71,86293.14,0,18456.01,0,0,97398.15,0,0,0,3234.19,3011.37,0,30335.1,33853.93,85.23,3898.1,21401.68,0,0,0,0
2009-09-17 16:00:00,0,2342.2,0,409.97,13406.12,9682.46,8099.49,0,0,3147.68,21393.1,304.18,0,14046.17,2029.3,5175.56,86611.66,0,18621.43,0,0,98998.6,0,0,0,3256.75,3053.21,0,30510.69,34278.5,86.04,3911.87,21507.65,0,0,0,0
2009-09-17 17:00:00,0,2388.72,0,406.51,13429.12,9392.83,8062.51,0,0,3051.1,20857.7,303.34,0,14039.71,2003.99,5148.35,86610.17,0,18633.28,0,0,99787.27,0,0,0,3251.72,3070.26,0,30486.71,34564.74,84.31,3775.45,21324.65,0,0,0,0
2009-09-17 18:00:00,0,2388.66,0,399.65,13187.07,8876.04,7874.53,0,0,2915.98,19900.89,299.8,0,14014.31,1967.53,4955.87,86064.59,0,17813.83,0,0,97986.11,0,0,0,3248.44,3092.88,0,30289.65,34402.11,82.31,3603.63,20945.52,0,0,0,0
2009-09-17 19:00:00,0,2486.5,0,402.97,13929.42,8743.93,8271.85,0,0,2903.36,19560.14,306.06,0,14506.75,1966.0,4920.51,84974.56,0,18701.89,0,0,99796.77,0,0,0,3139.94,3010.94,0,30369.13,34030.67,83.23,3486.15,20924.28,0,0,0,0
2009-09-17 20:00:00,0,2369.35,0,393.72,13503.93,8288.92,7672.99,0,0,2736.8,18371.02,296.15,0,13450.22,1840.63,4561.4,81703.3,0,17730.06,0,0,93534.87,0,0,0,3071.56,2899.27,0,29782.78,32892.81,80.21,3236.42,20610.54,0,0,0,0
2009-09-17 21:00:00,0,2298.58,0,372.57,12778.3,7738.27,7101.32,0,0,2571.68,17295.34,280.8,0,12463.05,1719.45,4256.91,79019.27,0,16844.78,0,0,88407.03,0,0,0,2950.59,2770.76,0,28718.07,32032.94,76.58,3020.48,20225.65,0,0,0,0
2009-09-17 22:00:00,0,2160.11,0,346.16,11757.21,7095.15,6528.1,0,0,2409.21,16194.31,260.31,0,11713.48,1599.44,3998.69,75088.6,0,15770.43,0,0,83789.87,0,0,0,2749.49,2588.57,0,26915.85,30757.74,72.89,2826.89,19122.54,0,0,0,0
2009-09-17 23:00:00,0,1945.37,0,318.58,10815.33,6440.69,5974.39,0,0,2242.15,15034.37,239.58,0,10963.07,1476.71,3758.3,70992.68,0,14759.96,0,0,79439.8,0,0,0,2583.04,2416.78,0,25306.48,28711.64,68.97,2623.91,17887.14,0,0,0,0
2009-09-18 00:00:00,0,1772.69,0,291.17,9967.45,5821.89,5495.01,0,0,2050.5,13792.39,217.67,0,10261.17,1357.47,3528.09,67401.25,0,13772.46,0,0,75471.43,0,0,0,2421.58,2266.6,0,23707.74,26965.7,65.64,2427.2,16652.43,0,0,0,0
2009-09-18 01:00:00,0,1623.04,0,267.88,9275.84,5288.36,5111.64,0,0,1880.81,12750.04,199.16,0,9895.79,1279.25,3322.25,64032.14,0,12978.57,0,0,71982.82,0,0,0,2295.41,2138.31,0,22709.84,25359.47,63.2,2250.89,15707.05,0,0,0,0
2009-09-18 02:00:00,0,1516.77,0,250.99,9043.85,4940.45,4868.97,0,0,1753.32,11950.65,185.66,0,9855.86,1227.1,3163.07,61434.07,0,12539.43,0,0,70014.15,0,0,0,2249.9,2090.97,0,22153.6,23960.8,61.05,2143.54,15169.73,0,0,0,0
2009-09-18 03:00:00,0,1470.04,0,250.44,9001.98,4812.28,4871.39,0,0,1695.74,11556.06,180.76,0,9949.65,1226.75,3118.9,60305.88,0,12369.75,0,0,69901.12,0,0,0,2252.03,2093.47,0,21868.96,23410.41,60.0,2102.21,14922.73,0,0,0,0
2009-09-18 04:00:00,0,1477.78,0,260.23,9240.54,4884.87,5062.09,0,0,1730.22,11623.91,186.99,0,10166.64,1280.04,3195.04,60913.92,0,12724.06,0,0,71845.7,0,0,0,2330.39,2141.83,0,22312.5,23177.56,59.92,2131.47,15036.02,0,0,0,0
2009-09-18 05:00:00,0,1536.1,0,266.23,9700.9,5064.34,5256.68,0,0,1777.04,11963.32,194.08,0,10513.65,1344.56,3298.91,62254.6,0,13274.68,0,0,74038.88,0,0,0,2416.73,2192.36,0,22832.69,23651.66,60.18,2192.42,15300.07,0,0,0,0
2009-09-18 06:00:00,0,1598.34,0,281.41,10184.75,5240.46,5422.06,0,0,1824.06,12327.26,201.12,0,11435.71,1393.78,3431.93,63680.67,0,14058.75,0,0,76522.91,0,0,0,2497.71,2242.01,0,23381.5,24343.29,61.35,2251.96,15610.04,0,0,0,0
2009-09-18 07:00:00,0,1678.09,0,295.06,10961.41,5617.52,5825.44,0,0,2002.2,13300.93,212.53,0,12129.56,1492.54,3669.85,66199.56,0,15463.28,0,0,82636.74,0,0,0,2569.49,2306.9,0,24104.78,25042.55,63.26,2399.16,16087.47,0,0,0,0
2009-09-18 08:00:00,0,1790.96,0,314.42,11298.65,6140.3,6156.88,0,0,2186.31,14604.33,233.63,0,12784.83,1574.1,3877.15,70578.73,0,16250.34,0,0,85902.17,0,0,0,2658.47,2396.47,0,25007.4,26597.17,65.54,2580.43,16894.04,0,0,0,0
2009-09-18 09:00:00,0,1829.6,0,334.34,11559.81,6625.77,6469.71,0,0,2369.94,16050.42,255.41,0,13408.36,1684.64,4102.26,73867.46,0,17078.54,0,0,89428.73,0,0,0,2757.1,2502.2,0,25760.27,27615.16,68.35,2717.84,17650.24,0,0,0,0
2009-09-18 10:00:00,0,1889.88,0,337.1,12036.13,7311.04,6874.29,0,0,2584.88,17691.0,271.96,0,13965.8,1783.25,4308.85,76796.72,0,17967.38,0,0,92518.33,0,0,0,2861.27,2589.71,0,26539.26,28937.22,70.94,2973.98,18484.91,0,0,0,0
2009-09-18 11:00:00,0,1961.33,0,330.14,12633.49,8120.65,7454.54,0,0,2810.54,19235.12,295.31,0,14421.35,1850.41,4494.44,79864.42,0,18579.41,0,0,95806.02,0,0,0,2983.32,2690.12,0,27768.22,30072.09,73.51,3271.63,19261.35,0,0,0,0
2009-09-18 12:00:00,0,2037.68,0,364.85,13484.27,8815.6,8040.93,0,0,2990.29,20386.44,320.15,0,14614.23,1919.49,4817.45,82783.77,0,18980.54,0,0,102145.21,0,0,0,3114.25,2840.5,0,29581.91,31384.51,77.27,3511.55,20144.92,0,0,0,0
2009-09-18 13:00:00,0,2115.42,0,389.24,14184.66,9329.69,8487.18,0,0,3127.63,21264.73,331.48,0,14749.31,1986.65,5053.12,86017.11,0,19127.13,0,0,108421.21,0,0,0,3232.67,3009.24,0,30863.38,32518.36,80.52,3699.96,21342.75,0,0,0,0
2009-09-18 14:00:00,0,2191.54,0,405.53,14627.73,9657.24,8811.3,0,0,3224.95,21862.36,336.29,0,14832.4,2045.46,5245.08,88307.71,0,19148.46,0,0,112354.23,0,0,0,3359.11,3146.07,0,32069.49,33366.6,84.09,3803.26,22151.72,0,0,0,0
2009-09-18 15:00:00,0,2280.09,0,420.49,14887.72,9848.49,8991.03,0,0,3276.77,22065.69,336.55,0,14873.75,2103.02,5378.21,89589.9,0,19362.86,0,0,114296.34,0,0,0,3473.53,3262.03,0,32702.83,34107.21,87.34,3847.32,22598.71,0,0,0,0
2009-09-18 16:00:00,0,2349.73,0,429.63,14929.05,9826.55,9010.13,0,0,3259.21,21802.13,343.58,0,14956.01,2142.09,5421.34,89437.56,0,19590.85,0,0,114299.97,0,0,0,3539.41,3334.36,0,33042.7,34575.16,88.71,3805.21,22747.52,0,0,0,0
2009-09-18 17:00:00,0,2355.57,0,429.08,14809.33,9524.71,8920.02,0,0,3137.45,21124.82,344.55,0,14900.26,2126.71,5366.54,87611.45,0,19670.54,0,0,112800.36,0,0,0,3542.24,3345.91,0,33006.15,34601.33,87.02,3663.87,22466.0,0,0,0,0
2009-09-18 18:00:00,0,2359.37,0,415.68,14177.1,9053.7,8459.35,0,0,2944.6,20057.18,338.53,0,14622.84,2069.76,5140.35,86030.91,0,18901.65,0,0,105874.67,0,0,0,3432.07,3241.37,0,32271.27,33963.85,84.11,3549.24,21870.97,0,0,0,0
2009-09-18 19:00:00,0,2400.42,0,388.17,13717.02,8436.35,8193.27,0,0,2823.35,19230.02,315.84,0,14366.1,1957.8,4928.59,81089.19,0,18785.09,0,0,103081.62,0,0,0,3216.93,3185.91,0,31285.75,32148.65,76.5,3351.4,20849.36,0,0,0,0
2009-09-18 20:00:00,0,2313.93,0,376.06,13212.48,8114.44,7598.14,0,0,2669.62,18139.74,306.81,0,13467.26,1838.96,4616.95,77773.8,0,17824.88,0,0,96367.05,0,0,0,3118.93,3054.13,0,30860.52,31070.88,72.15,3170.98,20558.7,0,0,0,0
2009-09-18 21:00:00,0,2268.23,0,352.68,12533.18,7668.2,7038.97,0,0,2521.91,17120.39,296.73,0,12519.97,1754.03,4337.5,75217.47,0,17114.39,0,0,90865.72,0,0,0,3011.74,2907.14,0,29890.34,29994.61,67.96,2997.67,20197.82,0,0,0,0
2009-09-18 22:00:00,0,2163.37,0,327.4,11483.99,7075.43,6497.39,0,0,2373.53,16089.28,278.58,0,11732.32,1676.67,4048.12,71798.21,0,16137.87,0,0,85721.38,0,0,0,2790.72,2718.21,0,28144.36,28354.75,64.12,2828.73,19205.66,0,0,0,0
2009-09-18 23:00:00,0,1986.61,0,304.73,10496.45,6498.75,5983.42,0,0,2231.55,15085.43,257.83,0,10916.17,1585.47,3793.96,67795.92,0,14996.54,0,0,80633.38,0,0,0,2597.03,2543.21,0,26451.83,26748.71,60.63,2655.93,18016.2,0,0,0,0
2009-09-19 00:00:00,0,1831.17,0,281.79,9652.44,5962.42,5501.96,0,0,2076.79,14069.94,237.12,0,10133.91,1484.03,3554.65,64098.63,0,13879.36,0,0,75583.3,0,0,0,2449.14,2396.8,0,24744.47,25483.52,57.41,2486.53,16817.78,0,0,0,0
2009-09-19 01:00:00,0,1705.7,0,261.78,9024.91,5481.48,5109.41,0,0,1929.03,13058.41,218.87,0,9509.02,1385.63,3332.37,60927.29,0,12935.33,0,0,71596.96,0,0,0,2335.99,2268.38,0,23567.1,24425.82,55.75,2321.08,15709.05,0,0,0,0
2009-09-19 02:00:00,0,1643.42,0,245.8,8641.87,5183.62,4813.66,0,0,1809.83,12249.65,205.83,0,9344.69,1309.24,3162.01,58298.86,0,12239.09,0,0,68699.7,0,0,0,2265.4,2158.45,0,22807.35,23480.43,53.85,2192.88,14864.84,0,0,0,0
2009-09-19 03:00:00,0,1595.85,0,235.43,8435.47,4973.51,4679.39,0,0,1736.35,11849.99,196.79,0,9296.52,1259.27,3058.14,56727.75,0,11848.86,0,0,66096.77,0,0,0,2205.95,2099.07,0,22391.51,22677.57,52.35,2105.52,14445.96,0,0,0,0
2009-09-19 04:00:00,0,1575.66,0,233.02,8344.47,4791.15,4641.86,0,0,1713.05,11621.9,190.94,0,9275.96,1244.42,3005.91,55905.73,0,11611.37,0,0,64864.97,0,0,0,2185.85,2105.25,0,22154.64,22281.21,51.19,2071.2,14127.55,0,0,0,0
2009-09-19 05:00:00,0,1589.32,0,234.5,8352.4,4811.85,4698.49,0,0,1719.28,11666.28,189.92,0,9362.54,1251.17,2993.01,55829.93,0,11619.31,0,0,64774.78,0,0,0,2193.55,2118.3,0,22170.51,22201.66,50.94,2072.07,13985.46,0,0,0,0
2009-09-19 06:00:00,0,1633.49,0,239.69,8511.29,4932.51,4857.67,0,0,1739.86,11751.19,191.42,0,9634.33,1272.01,3015.03,56455.48,0,11761.91,0,0,64862.21,0,0,0,2215.88,2142.41,0,22274.7,22488.54,51.31,2098.38,14073.94,0,0,0,0
2009-09-19 07:00:00,0,1682.69,0,251.58,8977.86,5311.47,5160.37,0,0,1839.89,12346.35,198.48,0,10078.46,1338.11,3093.06,57425.61,0,12471.98,0,0,67052.89,0,0,0,2312.07,2249.83,0,22557.04,22742.74,52.11,2194.28,14289.04,0,0,0,0
2009-09-19 08:00:00,0,1837.4,0,279.52,9622.47,6016.27,5579.57,0,0,2028.42,13937.92,217.25,0,10555.18,1455.57,3262.78,59937.21,0,12972.77,0,0,70205.34,0,0,0,2478.75,2476.01,0,23085.9,23346.47,53.58,2403.23,14913.68,0,0,0,0
2009-09-19 09:00:00,0,1922.43,0,311.73,10120.04,6833.81,5967.58,0,0,2241.62,15645.89,238.59,0,10776.05,1610.66,3434.64,62782.04,0,13335.28,0,0,72429.14,0,0,0,2662.88,2652.43,0,24185.11,24531.28,55.39,2671.2,15719.3,0,0,0,0
2009-09-19 10:00:00,0,2009.3,0,351.13,10889.6,7680.15,6538.74,0,0,2457.5,17297.02,261.58,0,10945.35,1739.08,3627.34,65705.97,0,13644.14,0,0,74822.46,0,0,0,2933.59,2900.47,0,25561.63,25971.16,57.25,2966.42,16435.68,0,0,0,0
2009-09-19 11:00:00,0,2114.97,0,377.91,11913.8,8415.81,7213.44,0,0,2666.27,18698.82,288.7,0,11057.8,1823.38,3801.07,68423.98,0,13967.26,0,0,76341.03,0,0,0,3182.99,3176.33,0,27275.0,27206.22,59.64,3236.93,17183.81,0,0,0,0
2009-09-19 12:00:00,0,2220.74,0,398.72,12778.23,8859.5,7735.76,0,0,2779.16,19395.81,309.23,0,11097.96,1892.86,4076.41,71624.23,0,14203.93,0,0,78556.94,0,0,0,3363.73,3382.38,0,29389.18,28568.65,62.11,3459.98,18231.24,0,0,0,0
2009-09-19 13:00:00,0,2352.48,0,414.25,13481.09,9123.71,8156.47,0,0,2833.71,19663.17,320.56,0,11070.02,1933.03,4308.43,74493.85,0,14322.67,0,0,81911.04,0,0,0,3490.24,3526.51,0,30810.72,29797.54,65.16,3591.48,19259.66,0,0,0,0
2009-09-19 14:00:00,0,2449.75,0,427.96,13972.24,9275.31,8475.29,0,0,2867.35,19808.39,329.23,0,11070.11,1983.05,4473.61,76468.14,0,14599.6,0,0,84399.47,0,0,0,3573.1,3633.5,0,31674.99,30762.76,68.57,3619.98,19975.6,0,0,0,0
2009-09-19 15:00:00,0,2514.28,0,438.85,14328.34,9250.72,8682.15,0,0,2814.16,19654.1,332.37,0,11304.05,2006.68,4571.93,77881.01,0,15046.22,0,0,86304.91,0,0,0,3626.1,3674.39,0,32372.47,31543.68,71.04,3552.31,20440.04,0,0,0,0
2009-09-19 16:00:00,0,2518.03,0,444.15,14390.32,9110.32,8739.72,0,0,2753.86,19588.93,333.03,0,11505.52,2052.11,4584.0,78517.61,0,15555.73,0,0,87623.62,0,0,0,3622.91,3655.01,0,32672.53,31619.02,72.5,3501.67,20567.97,0,0,0,0
2009-09-19 17:00:00,0,2475.42,0,425.33,14158.3,8911.29,8561.01,0,0,2716.44,19361.79,331.36,0,11916.78,2013.11,4490.31,78410.07,0,15873.77,0,0,88365.36,0,0,0,3566.11,3576.94,0,32452.07,31444.16,72.88,3445.91,20396.57,0,0,0,0
2009-09-19 18:00:00,0,2414.64,0,403.08,13500.22,8693.24,8090.61,0,0,2677.02,19047.42,325.38,0,12539.31,1969.05,4319.17,77862.55,0,15864.24,0,0,83975.81,0,0,0,3456.96,3417.26,0,31453.01,31218.74,71.77,3382.69,19956.34,0,0,0,0
2009-09-19 19:00:00,0,2299.94,0,402.22,14578.85,8266.15,8524.55,0,0,2713.73,18810.82,319.88,0,13680.85,1953.62,4614.91,80790.35,0,17560.17,0,0,92278.15,0,0,0,3510.16,3392.92,0,31900.13,31304.14,75.14,3292.15,20602.48,0,0,0,0
2009-09-19 20:00:00,0,2225.21,0,388.57,14061.71,7911.6,7887.2,0,0,2559.55,17681.83,309.22,0,12769.37,1890.68,4343.87,77669.08,0,16777.83,0,0,86580.39,0,0,0,3424.89,3277.54,0,31419.35,30220.42,71.17,3074.77,20379.88,0,0,0,0
2009-09-19 21:00:00,0,2215.32,0,365.78,13292.75,7459.67,7267.44,0,0,2429.06,16652.34,298.34,0,12020.72,1793.22,4101.36,75262.46,0,16058.09,0,0,81584.56,0,0,0,3332.14,3125.85,0,30481.15,29296.28,67.43,2896.13,20023.98,0,0,0,0
2009-09-19 22:00:00,0,2154.12,0,339.45,12154.09,6908.06,6730.69,0,0,2297.57,15674.38,277.01,0,11284.38,1686.6,3889.16,72091.08,0,15230.35,0,0,77025.04,0,0,0,3087.96,2931.5,0,28649.14,27970.96,64.24,2748.0,19150.31,0,0,0,0
2009-09-19 23:00:00,0,2003.5,0,314.61,11074.75,6367.64,6214.1,0,0,2167.59,14754.89,253.46,0,10565.44,1578.7,3688.51,68417.51,0,14289.32,0,0,73019.83,0,0,0,2856.15,2734.83,0,26898.14,26596.35,61.19,2600.59,18064.35,0,0,0,0
2009-09-20 00:00:00,0,1863.78,0,298.38,10207.02,5862.7,5743.97,0,0,2023.28,13774.58,231.44,0,9868.26,1471.71,3481.65,64774.29,0,13394.11,0,0,69220.8,0,0,0,2670.78,2569.18,0,25234.9,25516.91,57.9,2441.09,16990.52,0,0,0,0
2009-09-20 01:00:00,0,1731.95,0,281.16,9519.45,5424.64,5365.31,0,0,1897.45,12855.76,211.38,0,9517.7,1373.08,3287.83,61636.24,0,12586.02,0,0,66278.63,0,0,0,2538.78,2428.69,0,24051.81,24484.85,55.1,2293.4,15944.94,0,0,0,0
2009-09-20 02:00:00,0,1632.54,0,262.6,8996.74,5194.84,5025.02,0,0,1798.75,12129.68,199.83,0,9467.67,1288.85,3130.0,59175.43,0,12034.89,0,0,64166.86,0,0,0,2449.78,2307.93,0,23329.25,23490.42,52.44,2173.81,15136.67,0,0,0,0
2009-09-20 03:00:00,0,1554.01,0,252.51,8657.7,4965.13,4836.02,0,0,1730.84,11735.89,191.5,0,9437.08,1245.25,3044.43,57573.29,0,11773.23,0,0,62713.63,0,0,0,2393.61,2233.21,0,22914.47,22606.15,50.84,2075.09,14840.61,0,0,0,0
2009-09-20 04:00:00,0,1530.78,0,249.67,8484.2,4775.44,4772.43,0,0,1711.43,11521.39,186.4,0,9449.34,1243.48,3000.63,56760.08,0,11714.34,0,0,62747.95,0,0,0,2357.62,2207.81,0,22708.28,22196.07,49.7,2024.22,14601.97,0,0,0,0
2009-09-20 05:00:00,0,1545.39,0,250.12,8444.68,4821.97,4789.32,0,0,1719.8,11578.74,186.4,0,9462.09,1251.06,3011.56,56574.28,0,11800.83,0,0,63621.23,0,0,0,2348.52,2213.19,0,22771.93,22146.98,50.06,2035.65,14521.61,0,0,0,0
2009-09-20 06:00:00,0,1585.32,0,255.83,8610.93,4972.56,4874.92,0,0,1743.28,11657.35,188.5,0,9638.52,1274.42,3070.03,57187.95,0,12041.05,0,0,64734.3,0,0,0,2347.26,2224.42,0,22976.75,22254.63,50.57,2084.62,14720.03,0,0,0,0
2009-09-20 07:00:00,0,1626.65,0,266.96,9023.65,5284.26,5116.62,0,0,1820.23,12264.86,197.33,0,9816.19,1338.42,3170.02,58251.98,0,12487.24,0,0,66862.41,0,0,0,2397.33,2283.94,0,23413.08,22402.15,51.01,2135.81,14948.95,0,0,0,0
2009-09-20 08:00:00,0,1741.68,0,285.37,9386.19,5740.53,5426.77,0,0,1976.49,13803.87,215.83,0,10201.98,1457.58,3297.96,60540.64,0,12815.2,0,0,70648.65,0,0,0,2470.08,2405.24,0,23930.33,23101.16,52.4,2218.01,15353.09,0,0,0,0
2009-09-20 09:00:00,0,1881.45,0,313.26,9713.15,6309.91,5748.37,0,0,2173.38,15656.73,234.8,0,10604.16,1605.26,3423.59,63479.64,0,13373.07,0,0,74432.4,0,0,0,2598.3,2569.22,0,24991.73,24299.98,55.52,2357.44,15945.79,0,0,0,0
2009-09-20 10:00:00,0,1988.64,0,344.09,10046.68,6987.77,6124.84,0,0,2395.8,17314.11,255.91,0,10962.29,1717.81,3544.87,66239.2,0,14197.17,0,0,78439.01,0,0,0,2739.56,2737.16,0,26375.04,25873.39,59.81,2637.49,16568.13,0,0,0,0
2009-09-20 11:00:00,0,2083.02,0,364.38,10710.45,7727.56,6641.25,0,0,2516.33,18360.51,278.06,0,11153.11,1788.93,3651.15,69464.03,0,14833.99,0,0,82214.68,0,0,0,2899.48,2906.23,0,27847.49,27315.75,64.89,3002.34,17182.29,0,0,0,0
2009-09-20 12:00:00,0,2183.43,0,392.46,11563.47,8393.58,7140.78,0,0,2588.78,19081.78,306.28,0,11285.96,1840.99,3745.54,72995.16,0,15247.62,0,0,86350.58,0,0,0,3104.47,3113.41,0,29542.33,28973.23,69.53,3277.49,17827.3,0,0,0,0
2009-09-20 13:00:00,0,2311.72,0,421.46,12234.36,8960.69,7553.04,0,0,2689.6,19561.89,320.5,0,11428.27,1888.65,3831.95,76346.31,0,15555.0,0,0,90233.43,0,0,0,3273.5,3268.45,0,30974.96,30522.06,73.18,3492.28,18536.08,0,0,0,0
2009-09-20 14:00:00,0,2431.3,0,441.66,12791.15,9247.97,7904.51,0,0,2747.18,19807.7,328.06,0,11803.74,1939.99,3938.5,78779.89,0,15847.39,0,0,92847.45,0,0,0,3389.85,3391.22,0,31770.49,31804.97,76.45,3619.79,19205.78,0,0,0,0
2009-09-20 15:00:00,0,2556.72,0,454.41,13184.56,9305.3,8142.86,0,0,2743.52,19653.89,335.78,0,12208.92,1938.28,4104.16,80417.89,0,16344.14,0,0,94465.79,0,0,0,3465.68,3469.25,0,31890.26,32910.03,78.74,3628.78,19705.94,0,0,0,0
2009-09-20 16:00:00,0,2644.99,0,455.85,13303.27,9131.9,8210.27,0,0,2718.2,19467.53,335.33,0,12813.96,1959.78,4160.03,81406.18,0,16789.3,0,0,94828.87,0,0,0,3470.61,3449.32,0,31759.47,33697.08,79.97,3552.18,19983.3,0,0,0,0
2009-09-20 17:00:00,0,2694.81,0,447.66,13149.19,8916.05,8039.43,0,0,2709.19,19311.69,330.21,0,13228.52,1980.78,4220.48,81399.3,0,16979.88,0,0,94557.2,0,0,0,3409.76,3388.73,0,31344.3,33790.14,79.76,3456.1,19977.59,0,0,0,0
2009-09-20 18:00:00,0,2677.49,0,420.9,12577.0,8670.68,7592.07,0,0,2660.17,19017.23,323.21,0,13018.05,1963.98,4230.75,80858.75,0,16266.16,0,0,90349.86,0,0,0,3347.49,3309.94,0,30988.92,33684.01,78.77,3386.45,19809.68,0,0,0,0
2009-09-20 19:00:00,0,2632.48,0,432.16,14637.03,8804.36,8415.2,0,0,2884.55,19564.53,340.23,0,15097.69,2066.64,4895.12,88536.38,0,19612.46,0,0,102234.03,0,0,0,3469.1,3258.9,0,32981.06,35413.39,89.57,3417.22,21566.66,0,0,0,0
2009-09-20 20:00:00,0,2496.02,0,410.32,14078.52,8409.42,7781.37,0,0,2720.64,18448.48,325.28,0,13931.42,1944.33,4686.33,85740.39,0,18513.32,0,0,96552.57,0,0,0,3372.62,3117.07,0,32288.52,33633.36,84.56,3203.17,21333.16,0,0,0,0
2009-09-20 21:00:00,0,2417.08,0,383.36,13345.68,7837.64,7183.52,0,0,2555.04,17419.75,304.78,0,12895.48,1820.62,4482.16,83420.73,0,17573.06,0,0,91401.98,0,0,0,3219.44,2952.03,0,31014.43,32525.08,79.52,3017.82,20905.89,0,0,0,0
2009-09-20 22:00:00,0,2267.12,0,360.12,12310.26,7191.08,6585.22,0,0,2389.2,16298.01,280.0,0,12033.36,1704.61,4275.66,80258.09,0,16426.11,0,0,86976.58,0,0,0,2999.01,2779.29,0,28936.47,31084.86,74.51,2828.07,19851.86,0,0,0,0
2009-09-20 23:00:00,0,2068.68,0,334.83,11350.91,6552.66,6009.34,0,0,2221.67,15126.85,256.17,0,11205.88,1604.24,4085.45,76833.93,0,15303.33,0,0,82999.34,0,0,0,2808.71,2593.05,0,27119.41,29123.32,69.75,2641.42,18635.2,0,0,0,0
2009-09-21 00:00:00,0,1889.32,0,310.88,10499.9,5942.31,5556.17,0,0,2058.61,14013.36,233.42,0,10441.8,1482.86,3895.7,73602.53,0,14284.14,0,0,79394.94,0,0,0,2637.98,2442.43,0,25468.82,27341.19,65.68,2451.33,17562.99,0,0,0,0
2009-09-21 01:00:00,0,1721.24,0,285.9,9712.27,5435.71,5118.4,0,0,1895.13,12934.48,214.5,0,10096.2,1367.59,3713.17,70358.59,0,13446.78,0,0,76448.9,0,0,0,2493.47,2304.33,0,24320.87,25787.91,62.64,2266.36,16649.03,0,0,0,0
2009-09-21 02:00:00,0,1612.05,0,268.18,9371.35,5132.08,4768.84,0,0,1782.1,12167.35,200.4,0,10035.34,1307.32,3571.1,67390.53,0,12938.22,0,0,74528.07,0,0,0,2411.89,2222.12,0,23651.56,24609.55,60.28,2164.98,16036.86,0,0,0,0
2009-09-21 03:00:00,0,1565.04,0,262.78,9213.51,4988.93,4701.44,0,0,1738.65,11783.23,193.1,0,10121.88,1299.93,3470.45,66039.51,0,12758.74,0,0,74669.32,0,0,0,2372.17,2186.12,0,23345.12,24099.8,58.55,2117.18,15615.46,0,0,0,0
2009-09-21 04:00:00,0,1590.39,0,270.16,9344.02,5064.19,4855.89,0,0,1782.55,11890.49,197.05,0,10293.63,1321.9,3562.57,66637.46,0,13036.51,0,0,76415.07,0,0,0,2378.65,2185.94,0,23706.89,24066.21,58.41,2155.21,15756.25,0,0,0,0
2009-09-21 05:00:00,0,1643.77,0,277.4,9711.93,5237.48,5025.61,0,0,1839.22,12290.92,202.41,0,10565.95,1372.3,3669.67,68217.34,0,13482.54,0,0,78267.23,0,0,0,2447.04,2218.65,0,24193.22,24573.2,59.32,2217.14,16084.91,0,0,0,0
2009-09-21 06:00:00,0,1701.09,0,286.43,10088.58,5425.94,5207.97,0,0,1898.44,12717.11,209.45,0,11332.2,1439.62,3784.58,69854.04,0,14122.8,0,0,80530.95,0,0,0,2507.99,2252.78,0,24704.46,25255.06,60.57,2285.56,16423.5,0,0,0,0
2009-09-21 07:00:00,0,1753.34,0,313.12,10800.89,5812.29,5592.88,0,0,2060.2,13657.59,220.51,0,12064.27,1568.75,3939.58,71526.07,0,15489.52,0,0,87117.88,0,0,0,2583.36,2342.83,0,25321.43,25987.53,62.18,2424.35,16786.54,0,0,0,0
2009-09-21 08:00:00,0,1891.66,0,329.49,11204.07,6329.87,5956.32,0,0,2252.87,14869.71,241.65,0,12636.08,1655.82,4198.67,75307.67,0,16325.22,0,0,91763.65,0,0,0,2679.77,2454.1,0,26257.86,27698.25,65.15,2573.42,17389.3,0,0,0,0
2009-09-21 09:00:00,0,1959.25,0,347.72,11487.33,6863.23,6310.0,0,0,2441.29,16192.3,257.35,0,13299.18,1729.07,4373.91,78306.96,0,17404.37,0,0,96084.26,0,0,0,2807.8,2568.68,0,26876.87,28756.62,69.26,2760.34,18044.87,0,0,0,0
2009-09-21 10:00:00,0,2071.33,0,381.38,11638.22,7523.25,6573.03,0,0,2609.48,17570.12,281.12,0,13923.42,1845.52,4515.76,81318.32,0,18495.5,0,0,99744.3,0,0,0,2914.37,2668.96,0,27706.94,29888.78,73.89,2987.1,18766.12,0,0,0,0
2009-09-21 11:00:00,0,2215.85,0,418.86,11877.18,8208.95,6946.03,0,0,2758.42,18573.59,309.39,0,14447.88,1939.93,4683.21,84338.83,0,19319.71,0,0,102929.25,0,0,0,3020.46,2759.24,0,28613.7,31329.18,79.32,3248.74,19371.0,0,0,0,0
2009-09-21 12:00:00,0,2415.46,0,448.05,12178.17,8849.77,7481.18,0,0,2877.1,19271.66,325.89,0,14865.19,2027.99,4795.37,87158.28,0,20015.32,0,0,106735.5,0,0,0,3147.35,2893.33,0,29817.17,32803.45,85.28,3506.62,19891.71,0,0,0,0
2009-09-21 13:00:00,0,2585.48,0,476.01,12582.6,9268.47,7973.58,0,0,2923.65,19844.07,335.63,0,15165.36,2092.41,4986.0,90564.65,0,20410.67,0,0,111227.72,0,0,0,3267.43,3043.01,0,30716.48,33861.12,89.81,3670.4,20345.76,0,0,0,0
2009-09-21 14:00:00,0,2693.66,0,498.63,12948.59,9369.92,8336.32,0,0,2916.8,19931.27,346.8,0,15389.87,2141.8,5143.61,93313.48,0,20529.43,0,0,114712.03,0,0,0,3410.44,3189.98,0,31217.86,34224.24,93.06,3695.8,20870.75,0,0,0,0
2009-09-21 15:00:00,0,2746.81,0,507.19,13213.28,9300.19,8584.24,0,0,2924.26,19876.77,354.64,0,15635.89,2177.85,5110.01,94921.86,0,20741.26,0,0,116993.37,0,0,0,3529.23,3307.59,0,31395.64,34288.64,95.87,3635.76,21473.06,0,0,0,0
2009-09-21 16:00:00,0,2776.39,0,496.25,13370.62,9250.28,8685.75,0,0,2953.36,19985.34,355.97,0,15833.39,2194.67,5157.0,95672.41,0,20804.35,0,0,117918.69,0,0,0,3552.23,3338.5,0,31368.76,34138.07,97.03,3581.68,21760.72,0,0,0,0
2009-09-21 17:00:00,0,2754.37,0,478.41,13334.57,9107.8,8618.08,0,0,2927.34,19832.26,356.49,0,15707.32,2182.34,5155.27,94799.62,0,20615.88,0,0,117258.28,0,0,0,3534.2,3318.97,0,31073.73,33613.57,96.46,3565.09,21642.59,0,0,0,0
2009-09-21 18:00:00,0,2697.93,0,455.28,12966.04,8883.63,8252.0,0,0,2867.57,19537.81,344.95,0,15045.78,2095.19,5078.11,93418.01,0,19952.0,0,0,113862.92,0,0,0,3419.64,3223.28,0,30742.52,32952.46,93.36,3514.26,21259.43,0,0,0,0
2009-09-21 19:00:00,0,2601.98,0,426.69,13703.87,8791.02,8604.3,0,0,2871.72,19213.91,349.27,0,15633.99,2123.73,5001.6,93798.66,0,21006.12,0,0,114558.18,0,0,0,3352.55,3145.04,0,30994.52,31744.77,90.05,3402.19,21184.52,0,0,0,0
2009-09-21 20:00:00,0,2519.09,0,408.73,13390.3,8397.53,8002.7,0,0,2706.17,18189.34,333.66,0,14495.63,2002.9,4720.01,90559.84,0,19977.52,0,0,108043.04,0,0,0,3245.23,3000.27,0,30560.35,31403.08,84.66,3197.69,20837.99,0,0,0,0
2009-09-21 21:00:00,0,2482.37,0,382.2,12787.25,7808.79,7426.92,0,0,2544.35,17207.82,312.74,0,13538.78,1858.22,4477.34,87805.88,0,18989.14,0,0,102190.74,0,0,0,3070.68,2832.8,0,29455.94,30865.08,80.77,3001.26,20353.04,0,0,0,0
2009-09-21 22:00:00,0,2317.71,0,355.36,11833.67,7161.2,6835.41,0,0,2381.37,16115.38,287.6,0,12566.88,1726.26,4250.41,83805.3,0,17778.8,0,0,96894.08,0,0,0,2852.58,2654.05,0,27476.44,29680.02,75.3,2813.93,19198.87,0,0,0,0
2009-09-21 23:00:00,0,2094.32,0,327.97,10913.34,6499.09,6292.98,0,0,2218.59,14976.08,263.15,0,11616.78,1605.32,4024.95,79699.69,0,16532.7,0,0,91981.65,0,0,0,2666.34,2475.96,0,25691.62,27802.91,70.86,2623.44,17885.58,0,0,0,0
2009-09-22 00:00:00,0,1891.98,0,302.94,10073.87,5867.35,5810.17,0,0,2050.3,13899.92,238.35,0,10699.6,1473.37,3819.8,76058.69,0,15336.65,0,0,87031.38,0,0,0,2501.65,2338.22,0,23987.28,26149.4,66.99,2429.2,16772.77,0,0,0,0
2009-09-22 01:00:00,0,1719.73,0,281.77,9436.97,5350.66,5390.98,0,0,1885.73,12864.76,216.46,0,10234.0,1355.2,3628.55,72575.46,0,14248.7,0,0,82799.82,0,0,0,2375.62,2215.59,0,22821.66,24661.84,64.47,2254.49,15922.27,0,0,0,0
2009-09-22 02:00:00,0,1611.86,0,267.75,9216.8,5056.73,5099.95,0,0,1764.43,12094.47,200.71,0,10153.43,1272.37,3473.08,69319.07,0,13625.42,0,0,80278.97,0,0,0,2315.48,2150.25,0,22230.24,23382.5,62.72,2150.49,15382.71,0,0,0,0
2009-09-22 03:00:00,0,1564.67,0,263.65,9159.84,4914.01,5049.21,0,0,1712.32,11740.38,192.16,0,10244.42,1246.7,3379.21,67828.41,0,13504.24,0,0,79895.96,0,0,0,2299.36,2135.94,0,21991.46,22888.72,61.77,2108.44,15073.08,0,0,0,0
2009-09-22 04:00:00,0,1594.36,0,270.38,9349.79,4953.57,5210.21,0,0,1756.63,11849.55,195.52,0,10436.92,1285.65,3430.28,68257.12,0,13864.1,0,0,81305.92,0,0,0,2352.9,2176.94,0,22391.17,22805.53,61.3,2143.8,15192.03,0,0,0,0
2009-09-22 05:00:00,0,1641.55,0,279.54,9832.05,5121.98,5413.86,0,0,1813.14,12263.6,198.58,0,10762.76,1323.86,3522.99,69478.23,0,14335.26,0,0,83127.37,0,0,0,2430.8,2220.69,0,22928.07,23449.72,61.58,2207.8,15585.86,0,0,0,0
2009-09-22 06:00:00,0,1690.04,0,288.01,10362.9,5298.26,5626.04,0,0,1867.22,12672.68,202.99,0,11411.37,1363.43,3631.84,70823.63,0,14955.76,0,0,85052.33,0,0,0,2506.17,2266.62,0,23421.76,24232.33,62.55,2268.39,15921.99,0,0,0,0
2009-09-22 07:00:00,0,1735.87,0,312.3,11045.77,5668.28,6054.54,0,0,2037.4,13681.71,214.6,0,12285.93,1463.43,3857.79,72513.36,0,16413.94,0,0,91159.12,0,0,0,2609.78,2371.13,0,24207.67,24986.97,63.37,2388.2,16351.07,0,0,0,0
2009-09-22 08:00:00,0,1854.08,0,332.85,11505.4,6227.62,6486.47,0,0,2233.48,15009.88,235.9,0,13102.27,1549.12,4154.4,76031.61,0,17227.26,0,0,95982.97,0,0,0,2785.41,2529.63,0,25207.9,26501.5,65.06,2557.33,17038.81,0,0,0,0
2009-09-22 09:00:00,0,1887.48,0,354.42,11954.24,6746.79,6945.05,0,0,2420.52,16336.51,250.2,0,14253.62,1650.53,4410.58,78709.66,0,18062.02,0,0,101025.43,0,0,0,2963.75,2690.78,0,26014.94,27106.5,68.01,2732.62,17778.9,0,0,0,0
2009-09-22 10:00:00,0,1898.1,0,379.72,12465.24,7465.76,7418.0,0,0,2610.12,17640.0,269.45,0,15151.02,1802.71,4555.75,81297.27,0,19212.3,0,0,105280.52,0,0,0,3150.19,2858.46,0,27128.12,27596.37,71.13,3004.38,18507.99,0,0,0,0
2009-09-22 11:00:00,0,1929.33,0,417.06,13108.95,8276.5,7808.09,0,0,2804.06,18892.98,297.11,0,15601.43,1938.03,4677.81,83850.37,0,20166.28,0,0,109683.41,0,0,0,3353.17,3042.83,0,29232.2,28073.86,73.83,3311.6,19204.38,0,0,0,0
2009-09-22 12:00:00,0,1971.54,0,447.79,13704.22,8990.99,8075.59,0,0,2949.51,19693.82,322.52,0,15899.89,2045.09,4887.1,86338.85,0,20544.79,0,0,115071.02,0,0,0,3541.11,3209.79,0,30947.71,28606.47,77.15,3557.51,19946.65,0,0,0,0
2009-09-22 13:00:00,0,2026.57,0,473.38,13979.56,9501.21,8409.77,0,0,3044.43,20245.5,343.99,0,16044.03,2128.21,5065.52,88912.85,0,20732.26,0,0,119264.5,0,0,0,3647.01,3314.7,0,32277.05,29119.7,80.93,3736.71,20818.2,0,0,0,0
2009-09-22 14:00:00,0,2103.42,0,487.98,14193.06,9792.67,8768.6,0,0,3104.44,20698.22,354.45,0,16219.77,2174.55,5264.63,91368.31,0,20905.04,0,0,122204.16,0,0,0,3744.54,3416.85,0,33703.34,29552.19,84.71,3838.27,21926.61,0,0,0,0
2009-09-22 15:00:00,0,2178.44,0,498.54,14519.35,9836.03,8908.25,0,0,3122.24,20921.93,362.26,0,16352.97,2211.78,5415.97,92742.04,0,21115.41,0,0,123672.48,0,0,0,3800.45,3477.11,0,34921.93,29881.66,87.32,3840.67,22570.85,0,0,0,0
2009-09-22 16:00:00,0,2243.98,0,507.8,14602.61,9678.89,8893.08,0,0,3093.68,20816.73,362.63,0,16358.74,2225.78,5479.43,92862.2,0,21195.94,0,0,124333.85,0,0,0,3805.89,3493.24,0,35414.02,29983.73,88.26,3739.3,22769.36,0,0,0,0
2009-09-22 17:00:00,0,2297.81,0,507.31,14506.31,9340.67,8811.06,0,0,3022.6,20317.47,358.56,0,16070.84,2216.14,5499.82,92378.94,0,20897.76,0,0,123980.11,0,0,0,3748.28,3453.32,0,35198.56,30179.45,86.94,3568.44,22787.23,0,0,0,0
2009-09-22 18:00:00,0,2331.83,0,481.34,14034.75,8940.66,8614.41,0,0,2901.71,19649.79,345.66,0,15580.4,2119.64,5311.78,91941.81,0,20372.23,0,0,120542.9,0,0,0,3592.1,3373.27,0,34331.99,30152.96,84.04,3432.67,22233.62,0,0,0,0
2009-09-22 19:00:00,0,2305.27,0,452.09,14740.03,8838.89,8917.65,0,0,2923.65,19355.96,349.06,0,16115.28,2123.47,5243.17,92090.7,0,21391.75,0,0,120599.12,0,0,0,3470.56,3232.93,0,33992.65,29684.37,84.22,3352.55,22003.7,0,0,0,0
2009-09-22 20:00:00,0,2212.2,0,429.68,14249.38,8432.12,8359.11,0,0,2745.5,18292.05,336.4,0,15067.72,1984.32,4941.12,89073.09,0,20424.7,0,0,114165.91,0,0,0,3376.96,3081.51,0,32907.4,29502.24,79.51,3167.64,21539.15,0,0,0,0
2009-09-22 21:00:00,0,2184.17,0,397.56,13447.96,7845.93,7834.81,0,0,2569.16,17290.35,316.49,0,14144.12,1848.53,4665.45,86169.53,0,19514.3,0,0,108319.26,0,0,0,3219.03,2924.16,0,31602.62,29338.38,74.94,2989.08,21220.0,0,0,0,0
2009-09-22 22:00:00,0,2071.36,0,365.24,12389.91,7190.48,7306.2,0,0,2398.15,16179.87,294.4,0,13256.62,1716.59,4402.5,82385.93,0,18316.14,0,0,103183.44,0,0,0,3009.98,2779.71,0,29438.02,28499.64,70.51,2807.32,20138.58,0,0,0,0
2009-09-22 23:00:00,0,1933.57,0,337.26,11431.22,6545.02,6764.02,0,0,2232.13,15060.72,269.87,0,12349.02,1583.46,4153.8,78402.55,0,17239.69,0,0,98487.68,0,0,0,2830.66,2610.82,0,27437.65,27007.5,68.11,2618.65,18902.21,0,0,0,0
2009-09-23 00:00:00,0,1791.41,0,310.28,10606.53,5933.94,6219.86,0,0,2069.74,14014.77,245.58,0,11475.94,1456.9,3924.4,74629.58,0,16144.61,0,0,94214.25,0,0,0,2686.98,2471.11,0,25631.73,25513.81,64.84,2425.78,17667.8,0,0,0,0
2009-09-23 01:00:00,0,1643.79,0,286.12,9927.18,5437.78,5794.17,0,0,1920.38,13038.88,224.38,0,10941.41,1343.58,3709.38,70830.79,0,15182.41,0,0,89989.6,0,0,0,2573.42,2363.97,0,24249.83,23990.43,61.65,2250.94,16504.74,0,0,0,0
2009-09-23 02:00:00,0,1543.5,0,267.84,9686.54,5170.08,5538.62,0,0,1814.12,12345.55,209.82,0,10879.78,1268.77,3533.2,67578.26,0,14603.64,0,0,86931.17,0,0,0,2506.24,2315.73,0,23406.83,22738.22,59.44,2150.48,15648.9,0,0,0,0
2009-09-23 03:00:00,0,1503.94,0,265.77,9660.63,5023.32,5540.02,0,0,1765.04,12006.17,201.8,0,10970.93,1254.09,3461.18,66120.6,0,14461.24,0,0,86283.05,0,0,0,2490.21,2303.61,0,22970.59,22406.74,57.58,2116.17,15258.46,0,0,0,0
2009-09-23 04:00:00,0,1511.5,0,273.06,9860.27,5057.12,5714.26,0,0,1803.75,12068.48,204.77,0,11222.18,1286.39,3520.69,66587.11,0,14862.95,0,0,87572.57,0,0,0,2548.11,2314.11,0,23225.46,22398.51,58.06,2157.38,15368.09,0,0,0,0
2009-09-23 05:00:00,0,1557.34,0,282.77,10322.32,5222.43,5897.94,0,0,1852.21,12439.43,208.6,0,11652.39,1324.94,3609.22,67894.1,0,15364.45,0,0,89248.39,0,0,0,2622.01,2358.61,0,23613.04,23021.38,58.7,2222.0,15573.22,0,0,0,0
2009-09-23 06:00:00,0,1609.47,0,290.79,10844.54,5400.91,6086.24,0,0,1904.51,12815.25,212.63,0,12333.71,1375.92,3704.73,69371.53,0,16009.82,0,0,91328.94,0,0,0,2691.32,2408.57,0,24110.96,23756.85,59.35,2285.86,15798.96,0,0,0,0
2009-09-23 07:00:00,0,1677.98,0,316.26,11502.53,5734.65,6429.6,0,0,2057.09,13734.69,221.65,0,13483.41,1474.65,3904.03,71166.4,0,17545.78,0,0,96749.86,0,0,0,2796.27,2478.38,0,25028.7,24554.7,60.45,2404.99,16254.14,0,0,0,0
2009-09-23 08:00:00,0,1816.53,0,337.7,11993.47,6211.57,6765.91,0,0,2235.73,15003.32,237.88,0,14177.25,1554.59,4156.14,74733.26,0,18561.37,0,0,101161.35,0,0,0,2925.12,2570.51,0,26305.23,25911.91,62.64,2559.68,17208.69,0,0,0,0
2009-09-23 09:00:00,0,1837.79,0,359.0,12406.58,6691.48,7132.47,0,0,2403.36,16093.93,249.75,0,14994.69,1618.16,4353.89,77522.89,0,19469.2,0,0,106023.99,0,0,0,3047.37,2698.35,0,27289.26,26424.14,65.77,2724.31,18188.27,0,0,0,0
2009-09-23 10:00:00,0,1855.13,0,391.95,12918.87,7334.99,7529.57,0,0,2560.58,17142.75,261.61,0,15988.11,1702.89,4477.36,79887.19,0,20346.49,0,0,110308.82,0,0,0,3188.59,2844.09,0,28605.12,27068.93,68.26,2972.85,19115.26,0,0,0,0
2009-09-23 11:00:00,0,1904.4,0,424.31,13289.45,8029.1,7960.37,0,0,2721.27,18207.55,278.63,0,16772.77,1815.98,4603.92,82785.58,0,21144.96,0,0,115394.99,0,0,0,3341.74,3023.97,0,30663.33,27808.54,70.87,3265.14,20170.44,0,0,0,0
2009-09-23 12:00:00,0,1965.95,0,447.08,13780.02,8656.84,8546.4,0,0,2858.63,19240.11,300.15,0,17071.35,1933.66,4728.94,86081.65,0,22067.85,0,0,122130.86,0,0,0,3528.1,3221.39,0,32849.38,28605.96,74.6,3510.18,21412.06,0,0,0,0
2009-09-23 13:00:00,0,2020.29,0,465.55,14399.97,9128.4,8990.41,0,0,2962.96,19988.31,321.44,0,17369.98,2025.36,4870.82,89426.13,0,22851.01,0,0,126610.37,0,0,0,3665.76,3370.69,0,34612.24,29288.23,78.47,3683.3,22590.56,0,0,0,0
2009-09-23 14:00:00,0,2088.61,0,480.79,14918.44,9412.11,9375.61,0,0,3013.36,20553.79,342.97,0,17699.17,2096.02,5035.62,91835.64,0,23268.28,0,0,130394.57,0,0,0,3775.01,3475.53,0,35807.22,29746.21,81.26,3782.04,23334.96,0,0,0,0
2009-09-23 15:00:00,0,2201.16,0,492.34,15405.3,9549.71,9733.52,0,0,3036.0,20947.1,356.71,0,17822.81,2144.98,5104.2,92732.16,0,23199.71,0,0,132277.15,0,0,0,3821.72,3526.0,0,36387.97,30208.18,83.88,3787.47,23853.95,0,0,0,0
2009-09-23 16:00:00,0,2324.09,0,494.52,15749.7,9478.8,9886.56,0,0,3026.16,20850.81,354.27,0,17522.82,2178.16,5136.13,93014.06,0,23072.6,0,0,132699.77,0,0,0,3811.98,3523.46,0,36306.79,30723.8,84.54,3720.11,23988.15,0,0,0,0
2009-09-23 17:00:00,0,2406.95,0,480.79,15765.53,9207.05,9751.8,0,0,2972.35,20299.51,343.19,0,17381.3,2175.99,5119.99,92116.49,0,22658.02,0,0,131032.78,0,0,0,3743.9,3460.47,0,35656.18,31002.39,83.6,3582.01,23706.88,0,0,0,0
2009-09-23 18:00:00,0,2428.96,0,460.15,15004.8,8907.64,9242.11,0,0,2883.4,19681.18,333.41,0,17298.19,2090.15,5025.95,91244.58,0,21994.74,0,0,125876.94,0,0,0,3639.22,3382.47,0,34674.74,30813.25,82.32,3505.81,23138.44,0,0,0,0
2009-09-23 19:00:00,0,2399.06,0,446.4,15365.12,8844.83,9288.02,0,0,2895.54,19350.98,338.16,0,17577.42,2087.21,5032.57,91287.89,0,22625.85,0,0,124965.66,0,0,0,3555.74,3287.85,0,34729.67,30965.25,82.95,3433.8,22915.46,0,0,0,0
2009-09-23 20:00:00,0,2306.81,0,427.76,14828.25,8439.92,8658.58,0,0,2720.83,18325.13,326.3,0,16602.77,1953.41,4754.27,88169.58,0,21702.86,0,0,118471.39,0,0,0,3475.91,3155.25,0,33791.75,30343.71,78.7,3239.15,22466.52,0,0,0,0
2009-09-23 21:00:00,0,2257.15,0,403.38,14054.68,7855.14,8044.44,0,0,2557.05,17348.93,307.3,0,15579.03,1830.24,4516.9,85441.43,0,20752.03,0,0,112573.17,0,0,0,3312.7,2978.5,0,32378.03,29951.21,74.42,3032.06,21900.43,0,0,0,0
2009-09-23 22:00:00,0,2138.8,0,377.6,13032.19,7184.25,7468.73,0,0,2392.06,16305.93,283.01,0,14631.45,1708.43,4284.07,81871.26,0,19502.91,0,0,107323.84,0,0,0,3093.09,2792.49,0,30007.78,28852.13,70.18,2825.87,20576.34,0,0,0,0
2009-09-23 23:00:00,0,1959.29,0,350.61,12005.97,6520.31,6892.29,0,0,2228.49,15203.38,258.25,0,13716.65,1589.99,4064.63,77808.85,0,18397.46,0,0,102188.41,0,0,0,2869.77,2602.23,0,27775.27,27144.29,66.96,2626.83,19224.99,0,0,0,0
2009-09-24 00:00:00,0,1797.96,0,317.39,10995.68,5895.59,6329.83,0,0,2064.4,14129.69,234.66,0,12947.17,1471.07,3848.68,74055.73,0,17220.35,0,0,97167.71,0,0,0,2683.28,2424.07,0,25890.43,25578.07,63.63,2427.48,17809.2,0,0,0,0
2009-09-24 01:00:00,0,1653.81,0,288.29,10172.06,5385.33,5894.17,0,0,1911.44,13142.88,214.11,0,12390.69,1361.3,3630.02,70159.6,0,16195.3,0,0,92774.91,0,0,0,2549.22,2286.33,0,24474.68,24137.36,60.97,2251.59,16538.72,0,0,0,0
2009-09-24 02:00:00,0,1548.43,0,269.46,9793.18,5095.86,5619.07,0,0,1800.45,12405.34,198.16,0,12376.6,1291.16,3447.29,66741.18,0,15475.75,0,0,89404.55,0,0,0,2474.31,2232.32,0,23510.99,22877.16,58.64,2149.98,15727.04,0,0,0,0
2009-09-24 03:00:00,0,1496.59,0,265.07,9757.4,4966.2,5561.66,0,0,1750.29,12063.39,190.5,0,12424.64,1269.11,3371.17,64920.96,0,15353.24,0,0,88342.26,0,0,0,2451.77,2212.51,0,23193.78,22492.33,56.52,2107.45,15260.11,0,0,0,0
2009-09-24 04:00:00,0,1511.06,0,272.34,9974.11,5010.21,5684.27,0,0,1795.74,12111.52,194.52,0,12550.84,1304.26,3449.32,65183.24,0,15659.82,0,0,89256.41,0,0,0,2501.59,2252.89,0,23613.09,22417.76,57.1,2141.16,15437.44,0,0,0,0
2009-09-24 05:00:00,0,1560.54,0,282.04,10466.97,5177.42,5857.89,0,0,1849.14,12467.13,199.73,0,12810.33,1343.35,3539.74,66194.61,0,16136.75,0,0,90496.28,0,0,0,2559.52,2291.83,0,24142.5,22970.12,58.05,2199.55,15760.62,0,0,0,0
2009-09-24 06:00:00,0,1608.54,0,291.41,10975.54,5354.31,6036.78,0,0,1904.61,12856.9,205.24,0,13385.73,1387.32,3644.53,67428.35,0,16703.52,0,0,92291.41,0,0,0,2616.94,2334.29,0,24671.38,23727.98,58.95,2265.12,16087.35,0,0,0,0
2009-09-24 07:00:00,0,1673.87,0,314.68,11694.65,5736.42,6500.7,0,0,2072.4,13830.23,216.32,0,14520.21,1493.24,3816.79,69205.89,0,18199.12,0,0,98032.54,0,0,0,2698.89,2407.94,0,25577.3,24511.79,59.86,2384.98,16559.28,0,0,0,0
2009-09-24 08:00:00,0,1794.8,0,332.55,12323.86,6241.56,6983.96,0,0,2248.76,15108.15,232.47,0,15159.75,1588.37,4043.78,72605.97,0,19062.06,0,0,101727.75,0,0,0,2851.03,2533.0,0,26740.31,25853.4,61.99,2530.34,17345.69,0,0,0,0
2009-09-24 09:00:00,0,1859.22,0,355.43,12971.84,6734.07,7415.82,0,0,2419.2,16443.92,245.3,0,15616.81,1684.23,4246.61,75415.38,0,19874.87,0,0,105478.59,0,0,0,2994.99,2661.93,0,27788.42,26545.76,65.11,2684.15,18359.42,0,0,0,0
2009-09-24 10:00:00,0,1886.82,0,386.53,13902.47,7428.33,8318.44,0,0,2622.52,17990.58,267.54,0,16159.43,1836.41,4402.07,77845.98,0,20480.83,0,0,108856.98,0,0,0,3220.51,2909.73,0,29138.24,27411.92,68.57,2957.55,19249.87,0,0,0,0
2009-09-24 11:00:00,0,1948.4,0,418.97,15049.75,8175.29,8996.01,0,0,2811.22,19297.24,294.64,0,16587.05,1957.2,4522.92,79897.34,0,21162.78,0,0,113364.24,0,0,0,3484.73,3169.99,0,31173.31,28303.91,72.2,3268.9,20309.6,0,0,0,0
2009-09-24 12:00:00,0,2011.41,0,447.92,15933.57,8850.49,9499.51,0,0,2954.96,20293.73,316.8,0,16843.54,2049.23,4635.94,82385.52,0,21716.16,0,0,117353.23,0,0,0,3684.26,3386.47,0,33312.07,29178.33,75.45,3526.15,21797.05,0,0,0,0
2009-09-24 13:00:00,0,2070.28,0,472.58,16565.56,9393.64,9883.15,0,0,3067.55,21064.65,332.18,0,16826.92,2122.23,4762.49,84702.4,0,21967.28,0,0,120317.37,0,0,0,3841.19,3549.87,0,35053.53,29949.96,78.18,3733.2,23007.01,0,0,0,0
2009-09-24 14:00:00,0,2143.57,0,490.73,17001.42,9693.23,10166.16,0,0,3136.53,21540.12,342.83,0,16668.25,2182.81,4882.6,86741.13,0,22148.39,0,0,123331.49,0,0,0,3967.35,3673.0,0,36289.11,30557.01,81.12,3863.67,23809.01,0,0,0,0
2009-09-24 15:00:00,0,2249.62,0,500.65,17211.6,9842.87,10316.25,0,0,3173.04,21810.82,351.84,0,16467.18,2232.96,4960.29,88347.46,0,22302.97,0,0,124061.93,0,0,0,4051.67,3745.81,0,36971.81,31163.15,82.97,3901.73,24210.67,0,0,0,0
2009-09-24 16:00:00,0,2315.52,0,506.21,17083.94,9771.55,10262.23,0,0,3128.84,21739.41,353.68,0,16345.59,2241.2,4961.9,89072.76,0,22269.56,0,0,123195.86,0,0,0,4053.72,3756.82,0,37117.0,31403.88,84.08,3834.39,24203.25,0,0,0,0
2009-09-24 17:00:00,0,2380.74,0,493.41,16720.79,9458.53,10115.5,0,0,3045.04,21135.57,352.4,0,16029.33,2222.08,4908.94,88783.59,0,21645.17,0,0,121760.31,0,0,0,3984.23,3698.6,0,36740.78,31415.17,82.95,3679.9,23865.09,0,0,0,0
2009-09-24 18:00:00,0,2379.01,0,461.47,15792.04,9047.53,9612.89,0,0,2918.59,20048.17,342.99,0,15349.09,2121.32,4811.34,87549.83,0,20717.77,0,0,117046.96,0,0,0,3795.83,3538.12,0,35420.38,30976.53,81.49,3580.99,23157.77,0,0,0,0
2009-09-24 19:00:00,0,2377.53,0,447.86,16373.04,8979.81,9671.02,0,0,2950.07,19882.88,344.64,0,15873.06,2154.74,4842.88,86471.17,0,21497.44,0,0,118030.54,0,0,0,3698.7,3417.65,0,35128.22,31350.38,82.94,3462.42,22953.54,0,0,0,0
2009-09-24 20:00:00,0,2307.32,0,435.32,15904.77,8577.75,9056.16,0,0,2775.32,18770.65,330.59,0,14625.92,2003.88,4593.81,83657.18,0,20229.02,0,0,111272.2,0,0,0,3582.98,3255.02,0,33958.46,30549.31,78.6,3258.49,22487.15,0,0,0,0
2009-09-24 21:00:00,0,2266.92,0,406.74,15106.76,7964.72,8457.84,0,0,2601.29,17721.84,311.42,0,13458.04,1872.16,4347.85,81014.55,0,18932.42,0,0,104737.45,0,0,0,3406.79,3073.99,0,32571.51,30226.34,74.29,3054.46,21987.81,0,0,0,0
2009-09-24 22:00:00,0,2139.41,0,376.41,14034.55,7282.43,7874.97,0,0,2440.74,16635.5,286.1,0,12347.34,1741.24,4105.91,77467.22,0,17148.29,0,0,97953.75,0,0,0,3187.76,2876.64,0,30318.72,29263.48,70.31,2850.47,20650.15,0,0,0,0
2009-09-24 23:00:00,0,1972.18,0,346.32,12950.78,6612.14,7296.06,0,0,2276.57,15473.59,261.19,0,11358.33,1611.56,3871.31,73627.26,0,15818.63,0,0,91557.89,0,0,0,2979.11,2690.96,0,28141.18,27559.71,66.3,2645.08,19245.86,0,0,0,0
2009-09-25 00:00:00,0,1800.91,0,316.06,11938.13,5990.82,6748.03,0,0,2109.23,14331.48,237.59,0,10530.03,1485.22,3665.64,69887.12,0,14801.08,0,0,85418.07,0,0,0,2775.89,2507.92,0,26092.47,25866.38,62.62,2450.56,17800.67,0,0,0,0
2009-09-25 01:00:00,0,1659.56,0,289.37,11060.16,5500.1,6248.87,0,0,1943.68,13269.4,216.55,0,10051.53,1368.55,3472.38,66544.2,0,13880.86,0,0,80668.14,0,0,0,2624.05,2356.39,0,24700.66,24445.36,60.4,2273.33,16561.56,0,0,0,0
2009-09-25 02:00:00,0,1558.55,0,270.93,10528.93,5229.52,5979.17,0,0,1820.87,12457.47,201.27,0,9934.59,1286.79,3316.88,63570.97,0,13357.76,0,0,77180.4,0,0,0,2546.66,2289.54,0,23761.88,23200.88,58.27,2176.76,15770.53,0,0,0,0
2009-09-25 03:00:00,0,1506.36,0,266.34,10356.63,5066.62,5930.63,0,0,1761.8,11996.18,193.56,0,9965.83,1267.87,3237.35,62161.76,0,13040.27,0,0,75821.41,0,0,0,2517.65,2270.6,0,23276.6,22610.33,56.37,2137.73,15369.18,0,0,0,0
2009-09-25 04:00:00,0,1511.0,0,272.4,10550.97,5105.64,6047.75,0,0,1797.23,12011.66,198.15,0,10168.98,1300.53,3328.48,62754.19,0,12995.16,0,0,76325.77,0,0,0,2547.52,2294.03,0,23631.24,22412.14,56.14,2173.37,15508.72,0,0,0,0
2009-09-25 05:00:00,0,1552.93,0,280.12,10974.58,5257.67,6200.62,0,0,1845.08,12327.1,202.47,0,10505.98,1338.48,3430.7,64100.55,0,13405.63,0,0,77717.9,0,0,0,2607.18,2333.43,0,24061.23,22970.68,56.73,2229.32,15738.6,0,0,0,0
2009-09-25 06:00:00,0,1604.88,0,286.64,11472.07,5424.01,6379.35,0,0,1894.7,12668.61,207.18,0,11043.5,1376.17,3548.29,65459.44,0,13894.93,0,0,79149.28,0,0,0,2663.63,2373.7,0,24515.45,23717.72,57.86,2294.03,16005.57,0,0,0,0
2009-09-25 07:00:00,0,1676.25,0,309.97,12125.3,5748.43,6722.34,0,0,2051.69,13570.82,217.33,0,12236.87,1467.25,3712.01,67165.12,0,15570.47,0,0,84763.22,0,0,0,2750.11,2453.08,0,25365.67,24491.11,58.7,2419.98,16388.03,0,0,0,0
2009-09-25 08:00:00,0,1804.85,0,332.33,12610.45,6210.15,7058.25,0,0,2232.07,14895.73,232.89,0,12635.83,1554.72,3930.11,71115.45,0,16173.79,0,0,86476.5,0,0,0,2924.27,2594.37,0,26368.84,25891.42,61.12,2572.37,17267.18,0,0,0,0
2009-09-25 09:00:00,0,1829.94,0,350.98,13082.33,6690.34,7366.84,0,0,2409.83,16354.14,246.71,0,12919.37,1655.32,4083.08,73852.13,0,16766.09,0,0,87764.64,0,0,0,3102.16,2784.37,0,28125.66,26512.01,63.79,2727.92,18169.38,0,0,0,0
2009-09-25 10:00:00,0,1850.44,0,382.96,13594.09,7423.61,7640.56,0,0,2624.43,17991.22,267.57,0,12965.49,1824.35,4230.7,75966.36,0,17210.0,0,0,89103.69,0,0,0,3362.81,3063.14,0,30408.09,27268.91,66.4,2984.62,19083.72,0,0,0,0
2009-09-25 11:00:00,0,1899.84,0,421.32,14068.69,8273.8,7908.76,0,0,2840.18,19497.55,297.4,0,13003.2,1969.17,4440.26,78133.57,0,17462.68,0,0,90594.06,0,0,0,3612.82,3312.69,0,32926.14,28106.83,70.16,3283.94,20207.29,0,0,0,0
2009-09-25 12:00:00,0,1969.41,0,450.41,14590.14,8960.48,8292.77,0,0,2997.53,20555.84,322.57,0,13023.24,2078.4,4747.14,80427.0,0,17674.76,0,0,92030.58,0,0,0,3813.04,3509.79,0,34887.97,29249.56,74.27,3523.67,21379.27,0,0,0,0
2009-09-25 13:00:00,0,2025.84,0,474.49,14801.24,9351.6,8539.74,0,0,3105.21,21346.58,343.34,0,13005.38,2154.73,5080.32,82594.18,0,17846.84,0,0,93298.37,0,0,0,3969.49,3653.15,0,36524.88,30231.71,77.77,3690.45,22356.22,0,0,0,0
2009-09-25 14:00:00,0,2075.22,0,494.34,14877.01,9647.14,8621.58,0,0,3176.88,21872.36,358.99,0,12952.39,2210.19,5315.8,84213.18,0,17812.35,0,0,94668.33,0,0,0,4078.3,3729.19,0,37676.21,30967.87,80.37,3790.04,22966.71,0,0,0,0
2009-09-25 15:00:00,0,2132.77,0,510.35,14650.87,9760.59,8415.93,0,0,3189.48,22110.55,357.61,0,12902.79,2247.63,5433.53,85676.97,0,17840.34,0,0,95804.23,0,0,0,4141.52,3761.01,0,38383.64,31485.93,82.37,3824.92,23455.25,0,0,0,0
2009-09-25 16:00:00,0,2196.74,0,513.98,14260.11,9712.47,8101.59,0,0,3140.5,22018.86,351.14,0,12976.18,2257.04,5449.87,86873.89,0,17885.26,0,0,96435.51,0,0,0,4121.95,3739.22,0,38532.68,31853.03,82.56,3788.26,23654.85,0,0,0,0
2009-09-25 17:00:00,0,2251.76,0,506.38,13736.88,9434.62,7787.75,0,0,3058.65,21337.67,347.12,0,13235.86,2240.19,5341.67,87025.06,0,17919.45,0,0,96439.65,0,0,0,4006.08,3644.01,0,37960.0,32176.91,81.66,3654.27,23397.39,0,0,0,0
2009-09-25 18:00:00,0,2267.02,0,473.79,13203.16,9102.78,7618.27,0,0,2944.85,20175.6,341.49,0,13757.98,2143.79,5131.0,86567.16,0,17744.92,0,0,94617.51,0,0,0,3852.93,3545.87,0,36341.31,31720.78,80.13,3587.76,22906.93,0,0,0,0
2009-09-25 19:00:00,0,2229.59,0,407.13,13309.27,8413.47,7752.24,0,0,2832.64,19262.19,321.5,0,13693.94,2085.5,4932.48,81506.01,0,17853.96,0,0,93505.22,0,0,0,3651.6,3544.18,0,34585.04,30182.72,73.42,3351.75,21837.86,0,0,0,0
2009-09-25 20:00:00,0,2148.83,0,390.13,12806.31,8101.62,7230.48,0,0,2653.84,18045.92,311.95,0,12802.62,1957.71,4638.27,79174.75,0,17002.78,0,0,88397.71,0,0,0,3558.75,3410.78,0,33636.2,29634.48,68.62,3180.48,21554.64,0,0,0,0
2009-09-25 21:00:00,0,2126.24,0,368.03,11903.03,7604.61,6724.87,0,0,2493.15,16917.45,300.04,0,12052.75,1847.6,4389.25,77219.82,0,16295.16,0,0,83791.74,0,0,0,3451.59,3205.8,0,32320.62,28899.98,64.21,3006.96,21117.51,0,0,0,0
2009-09-25 22:00:00,0,2080.57,0,350.5,10883.2,7032.08,6206.91,0,0,2344.31,15868.36,279.43,0,11331.05,1736.26,4142.85,74241.29,0,15464.5,0,0,79899.14,0,0,0,3201.3,2978.7,0,30251.33,27626.54,60.08,2838.06,20074.72,0,0,0,0
2009-09-25 23:00:00,0,1920.63,0,323.82,10007.61,6466.99,5736.42,0,0,2196.7,14858.19,257.6,0,10612.67,1623.17,3923.22,70601.76,0,14562.1,0,0,76268.92,0,0,0,2931.44,2723.95,0,28318.82,26061.44,56.58,2665.57,18776.38,0,0,0,0
2009-09-26 00:00:00,0,1767.97,0,293.8,9248.79,5931.19,5386.27,0,0,2048.06,13875.2,237.56,0,9928.9,1510.12,3692.46,67123.74,0,13695.2,0,0,72750.47,0,0,0,2636.61,2499.07,0,26565.69,24826.04,53.86,2495.53,17437.29,0,0,0,0
2009-09-26 01:00:00,0,1646.2,0,277.62,8708.03,5492.41,5090.05,0,0,1913.7,12934.77,217.9,0,9440.51,1408.12,3476.94,63784.75,0,12896.33,0,0,69937.78,0,0,0,2456.29,2333.26,0,25221.33,23816.88,51.4,2334.15,16182.21,0,0,0,0
2009-09-26 02:00:00,0,1558.39,0,262.75,8315.59,5221.76,4832.26,0,0,1800.55,12195.22,204.92,0,9378.17,1329.25,3298.81,61308.99,0,12253.19,0,0,67824.71,0,0,0,2327.31,2180.21,0,24248.71,22803.19,49.11,2208.51,15307.51,0,0,0,0
2009-09-26 03:00:00,0,1506.65,0,252.13,8097.08,5019.4,4642.22,0,0,1732.24,11820.22,196.22,0,9337.43,1279.7,3193.97,59619.5,0,11865.07,0,0,66282.96,0,0,0,2224.58,2082.42,0,23621.4,21935.21,47.77,2125.42,14745.07,0,0,0,0
2009-09-26 04:00:00,0,1473.63,0,249.05,7986.42,4844.5,4637.47,0,0,1718.33,11622.67,190.8,0,9343.87,1264.44,3135.64,58744.09,0,11656.79,0,0,66467.84,0,0,0,2170.77,2050.46,0,23302.12,21545.92,47.2,2092.31,14360.51,0,0,0,0
2009-09-26 05:00:00,0,1491.16,0,250.82,8006.3,4873.28,4686.11,0,0,1726.63,11699.57,190.41,0,9398.24,1272.97,3126.26,58749.39,0,11672.32,0,0,67127.41,0,0,0,2157.03,2074.15,0,23167.43,21572.51,47.78,2109.48,14193.2,0,0,0,0
2009-09-26 06:00:00,0,1553.92,0,255.69,8283.87,5016.93,4821.43,0,0,1747.74,11765.15,192.03,0,9619.89,1295.48,3149.2,59252.63,0,11783.46,0,0,68091.3,0,0,0,2155.48,2097.81,0,22984.61,21818.2,48.15,2142.09,14222.02,0,0,0,0
2009-09-26 07:00:00,0,1604.02,0,268.53,8615.41,5296.77,5001.84,0,0,1824.84,12315.17,198.85,0,9843.52,1344.09,3200.12,59957.99,0,12523.52,0,0,70529.91,0,0,0,2201.89,2136.77,0,23085.74,21969.86,48.91,2169.97,14394.48,0,0,0,0
2009-09-26 08:00:00,0,1737.9,0,294.27,8963.97,5800.7,5208.28,0,0,1991.24,13906.65,213.87,0,10225.12,1467.54,3285.12,61675.6,0,12935.75,0,0,72740.21,0,0,0,2254.77,2205.85,0,23240.98,22336.71,50.31,2280.74,14798.85,0,0,0,0
2009-09-26 09:00:00,0,1802.63,0,329.73,9295.03,6521.6,5433.94,0,0,2202.72,15848.75,234.54,0,10592.3,1658.86,3401.32,64038.72,0,13479.48,0,0,75178.99,0,0,0,2352.09,2304.66,0,23767.66,22862.28,51.5,2495.74,15356.73,0,0,0,0
2009-09-26 10:00:00,0,1872.04,0,362.87,9586.1,7409.98,5671.69,0,0,2445.72,17534.24,261.33,0,10804.63,1788.2,3532.47,65646.81,0,14001.21,0,0,76997.67,0,0,0,2456.2,2419.11,0,24793.92,23755.59,54.95,2866.25,15847.9,0,0,0,0
2009-09-26 11:00:00,0,1955.61,0,392.38,9767.18,8176.64,5903.58,0,0,2637.16,18897.37,286.74,0,10917.43,1918.92,3608.5,67492.52,0,14345.95,0,0,78696.03,0,0,0,2564.45,2539.83,0,25897.94,24873.51,57.99,3159.28,16368.75,0,0,0,0
2009-09-26 12:00:00,0,2051.86,0,416.31,9878.44,8761.71,6119.05,0,0,2783.59,19874.75,308.42,0,10952.01,1993.87,3683.72,70734.89,0,14600.5,0,0,80142.06,0,0,0,2694.83,2646.65,0,26959.14,26320.37,61.07,3367.52,16861.29,0,0,0,0
2009-09-26 13:00:00,0,2112.93,0,435.68,9971.7,9206.82,6276.37,0,0,2897.51,20604.56,328.47,0,10960.56,2035.47,3724.91,73721.31,0,14799.05,0,0,81632.3,0,0,0,2839.2,2750.56,0,27620.49,27463.87,63.8,3515.91,17165.08,0,0,0,0
2009-09-26 14:00:00,0,2155.8,0,440.38,10079.72,9435.41,6427.66,0,0,2962.27,20964.64,342.83,0,11058.32,2107.08,3809.58,75937.62,0,15228.54,0,0,82553.83,0,0,0,2950.92,2856.65,0,27955.4,28376.82,66.66,3588.74,17559.09,0,0,0,0
2009-09-26 15:00:00,0,2182.43,0,438.16,10138.55,9506.03,6543.27,0,0,2974.57,20890.18,350.39,0,11385.56,2143.53,3838.28,77433.11,0,15798.74,0,0,83452.19,0,0,0,3034.28,2927.37,0,28039.25,29068.3,68.1,3589.6,18093.96,0,0,0,0
2009-09-26 16:00:00,0,2202.56,0,436.85,10166.2,9385.71,6619.24,0,0,2937.57,20616.03,356.4,0,11719.03,2160.68,3860.72,78512.17,0,15799.85,0,0,84377.68,0,0,0,3097.12,3003.7,0,28208.18,29459.59,67.64,3527.61,18543.31,0,0,0,0
2009-09-26 17:00:00,0,2210.39,0,416.12,10239.92,9057.48,6687.41,0,0,2843.16,20035.79,353.73,0,12145.64,2124.66,3889.46,78961.71,0,15958.92,0,0,84873.47,0,0,0,3114.63,3023.09,0,28035.95,29751.27,66.73,3449.99,18628.65,0,0,0,0
2009-09-26 18:00:00,0,2198.63,0,397.86,10362.48,8717.54,6778.51,0,0,2705.4,19283.58,331.19,0,12621.49,2038.2,3824.48,78636.88,0,16064.34,0,0,84586.68,0,0,0,3124.34,3052.01,0,27989.96,29832.37,66.11,3397.24,18420.69,0,0,0,0
2009-09-26 19:00:00,0,2161.0,0,405.77,11866.41,8306.97,7567.76,0,0,2773.35,19047.04,313.12,0,13630.34,2070.47,4183.17,80986.49,0,17822.17,0,0,92853.48,0,0,0,3102.09,3020.91,0,28999.12,30128.09,72.73,3333.4,18831.34,0,0,0,0
2009-09-26 20:00:00,0,2107.84,0,395.61,11763.76,8020.17,7186.64,0,0,2599.9,17850.96,296.93,0,12732.19,1946.53,3940.51,78335.27,0,17190.57,0,0,88698.44,0,0,0,3046.43,2945.44,0,28863.29,29413.58,68.4,3168.69,18514.25,0,0,0,0
2009-09-26 21:00:00,0,2072.58,0,378.53,11282.01,7550.09,6750.31,0,0,2444.3,16739.48,286.31,0,11965.02,1811.26,3728.37,76012.88,0,16670.93,0,0,84772.28,0,0,0,2990.01,2834.8,0,28121.41,28401.45,63.91,3004.52,18111.87,0,0,0,0
2009-09-26 22:00:00,0,1997.04,0,355.75,10527.74,6987.01,6329.99,0,0,2281.26,15704.08,271.06,0,11318.79,1683.06,3540.12,72756.25,0,16031.06,0,0,80848.69,0,0,0,2815.52,2698.59,0,26473.18,27096.78,59.97,2852.47,16915.11,0,0,0,0
2009-09-26 23:00:00,0,1834.03,0,332.23,9744.1,6439.95,5906.2,0,0,2140.42,14747.9,253.46,0,10651.43,1554.86,3349.85,68881.44,0,15217.23,0,0,77045.13,0,0,0,2658.33,2570.57,0,24853.3,25706.44,56.41,2683.9,15670.2,0,0,0,0
2009-09-27 00:00:00,0,1680.64,0,310.88,9148.73,5944.64,5500.58,0,0,1992.43,13784.93,234.57,0,9999.59,1449.83,3143.96,65177.4,0,14469.78,0,0,73451.0,0,0,0,2528.25,2447.15,0,23259.22,24412.86,53.88,2521.51,14603.36,0,0,0,0
2009-09-27 01:00:00,0,1555.31,0,286.33,8651.8,5492.75,5241.51,0,0,1858.51,12857.88,215.62,0,9630.93,1360.41,2966.81,61840.51,0,13837.57,0,0,70801.72,0,0,0,2420.81,2349.42,0,22227.23,23298.5,51.34,2356.7,13720.84,0,0,0,0
2009-09-27 02:00:00,0,1480.52,0,263.95,8295.99,5240.33,4982.09,0,0,1756.16,12110.88,202.91,0,9602.8,1285.43,2849.88,59212.55,0,13218.79,0,0,69051.39,0,0,0,2345.43,2247.8,0,21477.33,22322.07,49.21,2235.76,13219.73,0,0,0,0
2009-09-27 03:00:00,0,1462.61,0,250.96,8149.14,5062.61,4900.07,0,0,1691.38,11668.96,194.18,0,9603.69,1225.91,2771.77,57617.29,0,12856.15,0,0,68077.57,0,0,0,2307.97,2206.23,0,21048.66,21602.62,48.04,2155.98,12857.69,0,0,0,0
2009-09-27 04:00:00,0,1485.11,0,249.07,8044.79,4881.88,4929.75,0,0,1677.43,11426.01,188.83,0,9650.78,1216.32,2741.55,56637.4,0,12819.64,0,0,68526.97,0,0,0,2302.27,2218.42,0,20942.84,21370.36,47.43,2129.27,12648.64,0,0,0,0
2009-09-27 05:00:00,0,1520.43,0,247.51,8095.46,4911.28,5019.63,0,0,1688.11,11467.21,190.68,0,9806.14,1231.04,2758.87,56394.97,0,12998.92,0,0,69549.58,0,0,0,2321.48,2240.01,0,21019.44,21358.54,47.29,2148.87,12640.82,0,0,0,0
2009-09-27 06:00:00,0,1582.69,0,249.75,8325.08,5057.63,5180.74,0,0,1717.53,11571.3,193.88,0,10077.62,1262.9,2816.93,56812.65,0,13281.85,0,0,70630.4,0,0,0,2323.99,2254.55,0,21225.98,21647.0,47.7,2194.09,12742.27,0,0,0,0
2009-09-27 07:00:00,0,1642.16,0,258.6,8684.33,5379.33,5405.91,0,0,1779.99,12016.02,200.75,0,10407.82,1312.41,2868.91,57501.54,0,13744.75,0,0,72170.76,0,0,0,2364.39,2281.11,0,21508.95,21903.23,48.35,2280.18,12903.22,0,0,0,0
2009-09-27 08:00:00,0,1770.95,0,280.44,9165.38,5988.8,5633.9,0,0,1908.55,13230.31,215.8,0,10692.29,1398.12,2953.25,59868.95,0,14173.76,0,0,74465.25,0,0,0,2406.52,2332.55,0,21710.83,22358.4,49.31,2486.84,13326.48,0,0,0,0
2009-09-27 09:00:00,0,1742.43,0,311.21,9482.12,6820.43,5869.89,0,0,2128.16,14909.78,233.81,0,10988.0,1503.84,3077.66,62620.47,0,14661.42,0,0,77112.39,0,0,0,2470.82,2422.15,0,22489.44,23126.99,50.96,2788.63,13799.24,0,0,0,0
2009-09-27 10:00:00,0,1812.27,0,341.9,9799.53,7697.62,6113.19,0,0,2409.83,17055.37,261.28,0,11342.5,1653.29,3168.03,65791.77,0,15046.74,0,0,79502.03,0,0,0,2585.16,2588.92,0,23865.37,24626.98,53.24,3092.07,14479.63,0,0,0,0
2009-09-27 11:00:00,0,1929.6,0,370.59,10617.84,8446.41,6495.97,0,0,2662.05,18876.34,286.83,0,11656.09,1772.72,3275.03,68963.71,0,15350.61,0,0,81910.35,0,0,0,2773.19,2737.95,0,25491.65,26560.08,57.12,3310.35,15107.01,0,0,0,0
2009-09-27 12:00:00,0,2115.95,0,392.16,11356.26,8963.83,7042.68,0,0,2848.54,20159.07,295.3,0,11939.53,1922.59,3412.89,71754.92,0,15619.42,0,0,84454.73,0,0,0,2950.35,2946.08,0,27152.68,28648.29,61.05,3468.0,15842.03,0,0,0,0
2009-09-27 13:00:00,0,2340.12,0,402.89,11849.92,9391.98,7430.61,0,0,2988.71,21047.55,299.38,0,12163.6,2030.35,3544.33,73427.86,0,15885.92,0,0,87316.97,0,0,0,3054.74,3095.43,0,28239.4,30608.2,64.46,3586.15,16426.04,0,0,0,0
2009-09-27 14:00:00,0,2517.25,0,402.86,12151.88,9697.6,7689.65,0,0,3079.5,21443.45,307.5,0,12386.39,2004.37,3651.55,74432.88,0,16220.48,0,0,90410.15,0,0,0,3113.63,3182.33,0,29192.94,32223.56,67.54,3663.2,17014.19,0,0,0,0
2009-09-27 15:00:00,0,2660.78,0,410.14,12221.28,9794.05,7850.62,0,0,3105.97,21482.33,308.69,0,12542.16,1994.74,3699.02,74617.96,0,16569.92,0,0,92990.65,0,0,0,3151.66,3238.19,0,29988.45,32879.54,69.99,3660.29,17517.48,0,0,0,0
2009-09-27 16:00:00,0,2749.0,0,421.69,12088.91,9764.87,7815.05,0,0,3049.14,20912.21,315.59,0,12767.76,2025.94,3747.96,74487.77,0,16953.42,0,0,93910.77,0,0,0,3136.13,3237.01,0,30687.08,33096.86,70.49,3632.28,17804.83,0,0,0,0
2009-09-27 17:00:00,0,2765.61,0,425.51,11979.84,9461.36,7823.63,0,0,2925.65,20192.14,317.91,0,13010.53,2021.41,3755.72,74342.68,0,17041.7,0,0,93621.47,0,0,0,3120.58,3197.6,0,30812.72,32821.78,69.3,3528.68,17640.87,0,0,0,0
2009-09-27 18:00:00,0,2639.38,0,410.03,11308.68,9006.31,7407.3,0,0,2755.22,19441.83,313.93,0,13257.93,1985.04,3690.49,74155.74,0,17004.66,0,0,91257.18,0,0,0,3032.92,3049.99,0,29670.46,31884.5,67.86,3400.71,17021.01,0,0,0,0
2009-09-27 19:00:00,0,2580.21,0,444.39,13234.26,9114.57,8291.43,0,0,2968.85,20024.11,335.78,0,15105.07,2112.27,4317.15,81287.51,0,19402.64,0,0,103164.11,0,0,0,3285.47,3065.55,0,31168.07,33820.48,83.4,3577.15,19127.14,0,0,0,0
2009-09-27 20:00:00,0,2388.07,0,426.02,12682.73,8701.69,7628.77,0,0,2784.5,18979.69,324.11,0,14200.74,1981.66,4068.29,79220.75,0,18336.91,0,0,97140.96,0,0,0,3143.36,2918.4,0,29911.44,32347.43,78.45,3351.81,18635.13,0,0,0,0
2009-09-27 21:00:00,0,2329.99,0,398.9,11958.79,8104.82,6989.63,0,0,2610.14,17906.95,306.67,0,13421.84,1842.8,3863.36,77126.58,0,17356.11,0,0,92100.56,0,0,0,2941.9,2756.75,0,28499.84,31214.14,74.29,3142.67,18218.26,0,0,0,0
2009-09-27 22:00:00,0,2146.24,0,366.88,10916.6,7406.48,6378.51,0,0,2428.99,16700.75,285.26,0,12652.04,1704.76,3685.95,73986.88,0,16603.57,0,0,87467.07,0,0,0,2723.58,2562.2,0,26379.8,29756.51,69.84,2934.49,16945.92,0,0,0,0
2009-09-27 23:00:00,0,1910.76,0,335.19,10031.65,6732.92,5812.64,0,0,2256.0,15494.09,261.04,0,11858.0,1564.52,3518.51,70846.78,0,15635.99,0,0,82943.48,0,0,0,2544.25,2393.39,0,24386.05,27736.2,66.78,2741.01,15826.29,0,0,0,0
2009-09-28 00:00:00,0,1684.78,0,304.94,9205.94,6098.79,5350.51,0,0,2091.37,14334.07,240.25,0,11115.14,1422.71,3359.01,67616.09,0,14635.09,0,0,79178.83,0,0,0,2385.3,2241.69,0,22672.31,26001.36,64.35,2555.29,14759.23,0,0,0,0
2009-09-28 01:00:00,0,1534.55,0,279.51,8686.36,5601.74,4964.08,0,0,1935.17,13268.03,219.77,0,10582.16,1311.66,3209.69,64807.33,0,13677.16,0,0,75980.06,0,0,0,2273.59,2106.77,0,21274.62,24422.24,61.82,2361.6,13867.31,0,0,0,0
2009-09-28 02:00:00,0,1410.38,0,260.93,8429.91,5289.88,4711.02,0,0,1814.14,12470.88,207.65,0,10494.78,1234.97,3125.97,62284.6,0,13137.42,0,0,73163.37,0,0,0,2215.74,2045.2,0,20352.0,23113.15,60.28,2238.1,13294.41,0,0,0,0
2009-09-28 03:00:00,0,1341.01,0,254.54,8358.03,5107.5,4651.66,0,0,1760.33,12085.27,200.51,0,10601.23,1200.01,3090.95,60377.07,0,12890.52,0,0,72139.61,0,0,0,2194.23,2040.64,0,19957.23,22169.09,59.29,2178.67,12931.46,0,0,0,0
2009-09-28 04:00:00,0,1322.95,0,257.8,8583.79,5160.06,4789.95,0,0,1799.08,12081.25,201.9,0,10743.13,1228.39,3087.67,59563.23,0,13116.02,0,0,72553.01,0,0,0,2223.54,2083.4,0,20139.71,21859.97,58.14,2204.99,12891.97,0,0,0,0
2009-09-28 05:00:00,0,1374.99,0,258.1,9040.47,5328.16,4992.54,0,0,1856.72,12406.98,205.61,0,11019.26,1264.96,3202.78,60622.59,0,13607.45,0,0,73495.36,0,0,0,2290.2,2119.17,0,20572.93,22170.15,56.72,2273.13,13152.76,0,0,0,0
2009-09-28 06:00:00,0,1446.22,0,258.36,9530.18,5517.66,5180.87,0,0,1912.61,12759.03,210.12,0,11560.79,1303.8,3322.14,61701.64,0,14177.45,0,0,74874.67,0,0,0,2359.06,2152.82,0,21020.2,22943.43,57.68,2352.18,13539.97,0,0,0,0
2009-09-28 07:00:00,0,1538.3,0,275.52,10384.09,5831.11,5563.39,0,0,2048.72,13531.89,218.26,0,12542.56,1387.92,3493.61,63315.88,0,15836.03,0,0,82066.52,0,0,0,2488.63,2239.88,0,21994.53,23778.52,59.46,2483.56,14324.81,0,0,0,0
2009-09-28 08:00:00,0,1775.23,0,289.36,10623.5,6273.91,5905.37,0,0,2189.99,14614.75,237.2,0,13005.0,1471.95,3705.48,66806.95,0,16404.98,0,0,85190.3,0,0,0,2602.5,2379.56,0,22988.85,25362.32,61.48,2617.47,15540.21,0,0,0,0
2009-09-28 09:00:00,0,1820.77,0,314.67,11006.08,6684.9,6315.09,0,0,2326.26,15695.03,250.14,0,13544.78,1579.21,3743.9,69516.42,0,17089.45,0,0,87837.49,0,0,0,2734.38,2493.92,0,24628.38,26098.62,63.83,2758.45,16102.93,0,0,0,0
2009-09-28 10:00:00,0,1843.56,0,335.5,11599.83,7223.35,6716.27,0,0,2486.81,17015.01,258.18,0,14150.48,1645.7,3802.24,71476.4,0,17930.16,0,0,89840.82,0,0,0,2854.73,2659.05,0,26418.32,26854.61,66.01,2923.77,16518.52,0,0,0,0
2009-09-28 11:00:00,0,1857.88,0,359.02,12359.86,7850.99,7212.27,0,0,2653.37,18398.92,267.14,0,14668.8,1771.2,3860.06,73219.01,0,18604.28,0,0,91578.46,0,0,0,2987.75,2800.48,0,28513.03,27427.23,67.86,3131.73,16829.34,0,0,0,0
2009-09-28 12:00:00,0,1861.9,0,380.47,13123.98,8499.65,7535.97,0,0,2841.84,19625.56,279.53,0,15060.79,1891.72,3895.5,74547.99,0,19041.47,0,0,93067.97,0,0,0,3140.04,2949.66,0,30096.02,27721.56,68.73,3396.53,17010.53,0,0,0,0
2009-09-28 13:00:00,0,1856.01,0,399.88,13731.42,9014.1,7850.66,0,0,2986.12,20639.9,292.8,0,15319.47,1990.9,3904.71,75147.19,0,19407.91,0,0,94147.6,0,0,0,3288.96,3106.69,0,31464.32,27897.81,69.24,3546.49,17137.02,0,0,0,0
2009-09-28 14:00:00,0,1842.33,0,414.98,14030.42,9376.7,8057.95,0,0,3083.62,21224.18,304.69,0,15575.05,2064.84,3882.17,75585.54,0,19540.18,0,0,94327.4,0,0,0,3398.94,3224.1,0,32296.73,27982.17,68.96,3625.01,17047.95,0,0,0,0
2009-09-28 15:00:00,0,1836.92,0,422.97,14116.35,9543.78,8197.22,0,0,3134.16,21404.39,311.31,0,15766.92,2092.52,3828.43,75598.7,0,19594.37,0,0,94202.83,0,0,0,3479.15,3297.88,0,32437.18,27934.37,68.65,3683.55,16874.05,0,0,0,0
2009-09-28 16:00:00,0,1823.42,0,428.19,13876.59,9584.63,8243.93,0,0,3106.48,21187.98,314.92,0,15828.53,2094.16,3760.39,75134.82,0,19758.78,0,0,93953.29,0,0,0,3516.68,3335.43,0,32156.01,27819.62,68.31,3622.95,16855.23,0,0,0,0
2009-09-28 17:00:00,0,1818.88,0,434.37,13378.91,9448.74,8209.05,0,0,3047.2,20596.01,315.71,0,15547.88,2098.86,3703.12,74146.23,0,19745.83,0,0,92642.48,0,0,0,3509.48,3340.05,0,31579.83,27458.43,67.04,3564.71,16973.95,0,0,0,0
2009-09-28 18:00:00,0,1832.35,0,412.37,12474.65,8934.29,7805.22,0,0,2902.68,19612.59,302.82,0,15350.78,1967.09,3648.63,73648.63,0,19601.94,0,0,91417.45,0,0,0,3394.91,3218.35,0,30269.94,27312.19,66.2,3461.15,16644.48,0,0,0,0
2009-09-28 19:00:00,0,1960.45,0,420.67,12464.92,8772.85,8181.24,0,0,2956.73,19759.22,323.14,0,15981.86,2030.36,3908.94,74256.3,0,20021.3,0,0,94991.61,0,0,0,3484.47,3226.82,0,29922.6,27788.67,70.85,3416.44,16757.26,0,0,0,0
2009-09-28 20:00:00,0,1979.86,0,400.34,11678.26,8186.95,7453.48,0,0,2732.49,18472.61,291.28,0,14987.96,1846.27,3741.9,73175.44,0,19003.06,0,0,89953.37,0,0,0,3334.07,3050.54,0,28535.58,27554.59,67.69,3175.73,16631.12,0,0,0,0
2009-09-28 21:00:00,0,2006.84,0,375.64,11011.03,7543.55,6794.03,0,0,2504.6,17233.73,269.11,0,14110.09,1681.66,3589.74,71439.5,0,18204.74,0,0,85114.64,0,0,0,3105.93,2842.14,0,26994.3,27451.16,65.65,2945.21,16566.44,0,0,0,0
2009-09-28 22:00:00,0,1933.8,0,345.83,10115.19,6776.75,6088.84,0,0,2280.23,15872.0,245.06,0,13117.2,1542.67,3433.38,69139.34,0,17183.45,0,0,80553.5,0,0,0,2828.41,2651.07,0,24692.29,26718.64,63.82,2741.21,15502.37,0,0,0,0
2009-09-28 23:00:00,0,1824.91,0,319.43,9401.16,6057.49,5522.69,0,0,2072.98,14610.76,224.04,0,12325.42,1403.82,3285.22,66725.38,0,15993.93,0,0,76438.38,0,0,0,2587.69,2440.69,0,22830.43,25356.94,61.99,2546.98,14577.4,0,0,0,0
2009-09-29 00:00:00,0,1735.61,0,296.74,8756.49,5412.96,5034.26,0,0,1881.07,13407.24,204.26,0,11389.65,1291.06,3140.24,64373.03,0,14876.25,0,0,72673.28,0,0,0,2382.71,2222.82,0,21158.8,24026.75,60.37,2349.34,13717.36,0,0,0,0
2009-09-29 01:00:00,0,1653.7,0,276.94,8297.69,4825.96,4623.46,0,0,1712.71,12280.24,183.81,0,10773.84,1209.19,3013.41,62021.05,0,13761.86,0,0,69825.94,0,0,0,2186.2,2022.5,0,19854.36,23041.04,58.98,2153.17,12909.34,0,0,0,0
2009-09-29 02:00:00,0,1626.51,0,261.27,8093.77,4362.73,4344.62,0,0,1577.74,11457.65,164.87,0,10658.32,1145.92,2926.83,59547.71,0,13169.37,0,0,67681.36,0,0,0,2074.56,1920.68,0,18811.35,22261.05,58.1,1995.6,12355.52,0,0,0,0
2009-09-29 03:00:00,0,1652.37,0,254.15,8126.26,4171.07,4249.17,0,0,1497.8,10965.14,155.23,0,10643.81,1124.67,2881.14,57897.22,0,12851.91,0,0,66777.98,0,0,0,2014.91,1890.39,0,18256.87,22246.99,58.25,1924.39,12205.09,0,0,0,0
2009-09-29 04:00:00,0,1732.54,0,252.02,8515.56,4145.18,4450.27,0,0,1504.79,10964.65,161.53,0,10683.09,1139.5,2977.22,58101.6,0,12939.8,0,0,67513.35,0,0,0,2022.5,1937.24,0,18340.89,22574.24,59.78,1912.3,12425.76,0,0,0,0
2009-09-29 05:00:00,0,1844.81,0,257.56,9095.33,4307.88,4735.02,0,0,1535.16,11220.41,171.9,0,10761.17,1184.66,3117.12,59909.58,0,13364.2,0,0,69172.49,0,0,0,2092.4,2001.42,0,18823.54,23412.53,61.58,1973.65,12955.25,0,0,0,0
2009-09-29 06:00:00,0,1951.02,0,267.66,9646.9,4508.5,5030.38,0,0,1568.83,11495.92,182.77,0,11044.3,1232.02,3272.06,61735.52,0,13813.09,0,0,71384.42,0,0,0,2190.27,2068.37,0,19371.3,24436.03,63.79,2044.72,13566.82,0,0,0,0
2009-09-29 07:00:00,0,2048.98,0,278.03,10594.28,4930.0,5419.25,0,0,1716.16,12316.3,197.79,0,12169.86,1328.59,3471.92,63736.08,0,15602.49,0,0,78282.44,0,0,0,2370.01,2127.69,0,20621.66,25420.07,65.56,2225.23,14427.69,0,0,0,0
2009-09-29 08:00:00,0,2163.28,0,297.48,10383.08,5524.43,5465.33,0,0,1912.0,13533.03,215.86,0,12576.61,1384.76,3651.75,67434.84,0,16157.89,0,0,80744.3,0,0,0,2436.66,2172.49,0,21493.13,26654.38,66.96,2440.09,15482.19,0,0,0,0
2009-09-29 09:00:00,0,2052.28,0,310.62,10311.26,6178.56,5487.62,0,0,2091.04,14652.96,216.32,0,13062.83,1403.71,3720.79,69359.4,0,16656.54,0,0,82170.25,0,0,0,2489.75,2235.05,0,22068.21,26615.04,66.68,2732.13,15689.53,0,0,0,0
2009-09-29 10:00:00,0,1991.03,0,308.81,10412.95,6880.41,5593.48,0,0,2303.96,15857.7,220.73,0,13490.9,1424.61,3800.74,71133.15,0,17098.23,0,0,83344.46,0,0,0,2504.22,2290.69,0,22853.87,26596.79,66.57,2976.44,16007.91,0,0,0,0
2009-09-29 11:00:00,0,1953.18,0,314.97,10402.6,7560.83,5712.33,0,0,2499.72,17157.94,225.8,0,13786.32,1465.7,3845.56,72615.83,0,17435.25,0,0,83992.81,0,0,0,2536.75,2300.59,0,23439.86,26875.03,67.11,3205.72,16145.88,0,0,0,0
2009-09-29 12:00:00,0,1930.18,0,323.53,10444.39,8203.04,5729.82,0,0,2691.79,18297.78,238.11,0,13764.85,1531.3,3873.33,73617.24,0,17603.1,0,0,84767.34,0,0,0,2592.33,2339.37,0,23886.01,27191.35,68.54,3390.46,16232.88,0,0,0,0
2009-09-29 13:00:00,0,1904.73,0,331.78,10538.06,8703.95,5839.63,0,0,2837.07,19152.98,253.42,0,13703.64,1591.2,3882.06,74390.43,0,17936.94,0,0,85362.52,0,0,0,2645.36,2402.35,0,24286.43,27522.15,69.22,3533.61,16202.47,0,0,0,0
2009-09-29 14:00:00,0,1887.13,0,335.99,10576.27,9081.05,5960.01,0,0,2953.63,19845.02,266.42,0,13720.91,1650.65,3863.3,74720.92,0,18129.22,0,0,86014.3,0,0,0,2690.71,2475.04,0,24533.92,27805.2,69.19,3645.2,16029.05,0,0,0,0
2009-09-29 15:00:00,0,1882.03,0,337.5,10604.12,9307.8,6166.27,0,0,3022.12,20391.99,275.35,0,13860.34,1692.32,3835.24,74769.42,0,18100.36,0,0,86514.36,0,0,0,2722.02,2552.45,0,24878.72,28084.58,68.75,3713.9,16033.85,0,0,0,0
2009-09-29 16:00:00,0,1888.7,0,340.3,10679.51,9339.16,6328.92,0,0,3032.3,20660.74,281.68,0,14234.51,1743.26,3829.18,74656.31,0,18176.62,0,0,86662.66,0,0,0,2719.57,2609.81,0,24852.98,28324.93,68.39,3705.92,16206.92,0,0,0,0
2009-09-29 17:00:00,0,1889.6,0,338.65,10815.57,9038.35,6283.4,0,0,2959.02,20084.19,281.89,0,14362.29,1751.77,3798.1,73877.95,0,17965.46,0,0,86552.94,0,0,0,2706.14,2621.46,0,24566.09,28220.11,68.49,3515.4,16392.85,0,0,0,0
2009-09-29 18:00:00,0,1940.66,0,325.08,11041.78,8566.57,6226.13,0,0,2802.97,19041.25,268.87,0,14394.37,1662.9,3745.71,73680.31,0,17766.88,0,0,86799.57,0,0,0,2687.9,2588.51,0,24052.11,28001.75,67.88,3364.22,16174.17,0,0,0,0
2009-09-29 19:00:00,0,1997.75,0,354.18,11402.06,8564.55,6741.55,0,0,2852.93,19172.25,287.91,0,14599.99,1737.8,3860.21,73747.75,0,18740.46,0,0,88165.12,0,0,0,2775.75,2627.8,0,25290.61,28206.59,73.16,3431.25,16521.2,0,0,0,0
2009-09-29 20:00:00,0,2029.81,0,332.11,11311.41,8003.81,6276.55,0,0,2612.77,17753.87,264.54,0,13618.34,1560.88,3693.35,72563.96,0,17865.86,0,0,84144.29,0,0,0,2722.26,2546.56,0,24837.28,27889.23,69.39,3198.06,16600.85,0,0,0,0
2009-09-29 21:00:00,0,2069.8,0,308.04,10890.81,7393.14,5829.28,0,0,2407.78,16476.41,247.78,0,12639.09,1408.32,3547.05,71064.46,0,17037.0,0,0,80310.35,0,0,0,2582.25,2455.36,0,24081.31,27718.6,66.03,2960.27,16585.42,0,0,0,0
2009-09-29 22:00:00,0,1975.27,0,280.19,10158.23,6704.39,5442.24,0,0,2227.33,15205.2,222.54,0,11841.84,1276.55,3389.41,68799.22,0,15937.17,0,0,76770.47,0,0,0,2430.12,2328.3,0,22525.51,26911.32,63.69,2755.0,15697.75,0,0,0,0
2009-09-29 23:00:00,0,1840.48,0,256.11,9494.28,5999.69,5101.7,0,0,2044.98,13918.3,199.82,0,11085.01,1169.65,3231.04,66270.68,0,14822.13,0,0,73632.91,0,0,0,2289.69,2184.34,0,21102.93,25519.44,61.64,2552.53,14862.87,0,0,0,0
2009-09-30 00:00:00,0,1735.41,0,231.92,8948.08,5327.68,4809.1,0,0,1860.63,12675.69,179.9,0,10414.03,1077.06,3089.54,63660.16,0,13778.07,0,0,70944.61,0,0,0,2153.27,2059.3,0,19933.14,24178.35,59.76,2370.54,14085.03,0,0,0,0
2009-09-30 01:00:00,0,1643.13,0,210.53,8517.5,4725.19,4532.06,0,0,1699.85,11659.52,161.19,0,9941.74,997.44,2982.4,61129.03,0,12980.69,0,0,68559.36,0,0,0,2040.85,1960.68,0,18907.83,22966.09,58.07,2196.44,13326.93,0,0,0,0
2009-09-30 02:00:00,0,1597.04,0,261.27,8353.36,4228.51,4360.9,0,0,1558.2,10825.78,144.19,0,9861.55,922.12,2908.5,58744.76,0,12487.14,0,0,66533.82,0,0,0,1976.29,1913.9,0,18293.82,21988.18,56.91,2051.5,12926.55,0,0,0,0
2009-09-30 03:00:00,0,1606.24,0,254.15,8369.9,3906.84,4402.04,0,0,1463.9,10297.4,135.49,0,9956.28,1124.67,2919.86,57739.37,0,12288.34,0,0,66190.82,0,0,0,1966.22,1970.09,0,18323.41,21860.31,56.81,1945.93,12875.32,0,0,0,0
2009-09-30 04:00:00,0,1676.59,0,252.02,8758.03,3871.84,4697.48,0,0,1459.34,10313.93,140.82,0,10190.86,926.22,3047.99,59080.99,0,12657.07,0,0,67640.18,0,0,0,2039.49,2033.4,0,18892.47,22090.44,58.15,1887.59,13154.26,0,0,0,0
2009-09-30 05:00:00,0,1771.27,0,203.23,9306.84,3959.29,4981.44,0,0,1478.03,10564.33,148.16,0,10541.0,964.07,3189.53,60907.05,0,13153.32,0,0,69587.48,0,0,0,2136.77,2098.46,0,19649.77,22838.16,59.65,1841.32,13608.95,0,0,0,0
2009-09-30 06:00:00,0,1857.14,0,216.9,9900.03,4082.32,5267.97,0,0,1496.59,10771.64,153.94,0,11094.89,1000.23,3330.27,62674.05,0,13754.63,0,0,71512.28,0,0,0,2235.37,2164.92,0,20498.65,23763.12,61.12,1806.06,14094.74,0,0,0,0
2009-09-30 07:00:00,0,1939.01,0,245.56,10833.01,4438.18,5665.41,0,0,1637.07,11547.1,164.68,0,12120.41,1126.43,3556.36,64710.67,0,15719.88,0,0,78458.6,0,0,0,2428.34,2225.0,0,22121.26,24630.5,62.83,1901.11,14934.98,0,0,0,0
2009-09-30 08:00:00,0,2044.68,0,258.3,10686.25,4775.81,5588.26,0,0,1763.6,12563.31,175.68,0,12533.57,1197.34,3666.43,68843.16,0,16233.74,0,0,79957.85,0,0,0,2440.34,2216.19,0,22322.16,26088.23,64.1,2004.63,15677.06,0,0,0,0
2009-09-30 09:00:00,0,1936.06,0,270.83,10614.49,5084.18,5571.9,0,0,1892.87,13491.0,182.17,0,12893.7,1264.74,3683.29,70234.75,0,16653.58,0,0,81414.27,0,0,0,2461.82,2264.12,0,22397.5,26216.27,64.31,2121.17,15815.79,0,0,0,0
2009-09-30 10:00:00,0,1874.12,0,283.75,10724.31,5454.44,5658.84,0,0,2060.62,14584.84,188.51,0,13148.43,1326.15,3724.19,71469.72,0,16999.33,0,0,82219.28,0,0,0,2485.41,2308.76,0,22836.34,26994.38,65.28,2263.61,16004.29,0,0,0,0
2009-09-30 11:00:00,0,1885.84,0,298.0,10711.71,5851.74,5810.21,0,0,2224.34,15745.24,195.73,0,13355.18,1355.2,3782.15,72162.42,0,17314.39,0,0,82653.53,0,0,0,2527.66,2320.54,0,23727.46,28001.24,66.95,2425.75,16190.38,0,0,0,0
2009-09-30 12:00:00,0,1916.45,0,308.12,10733.88,6154.94,5990.84,0,0,2359.18,16810.6,201.07,0,13473.29,1396.24,3798.34,72660.07,0,17445.37,0,0,82794.26,0,0,0,2582.54,2359.12,0,24289.49,28949.22,68.78,2585.63,16304.91,0,0,0,0
2009-09-30 13:00:00,0,1944.51,0,317.18,10819.28,6468.63,6113.47,0,0,2477.98,17682.42,202.96,0,13644.12,1440.28,3793.85,72997.69,0,17468.55,0,0,83235.5,0,0,0,2650.42,2417.61,0,24707.12,29964.47,70.86,2712.07,16325.38,0,0,0,0
2009-09-30 14:00:00,0,1981.26,0,326.1,10956.24,6793.85,6239.14,0,0,2558.89,18337.42,209.62,0,13793.36,1489.36,3784.81,73132.29,0,17530.93,0,0,83567.9,0,0,0,2688.69,2476.42,0,24841.8,30746.3,72.54,2811.21,16471.08,0,0,0,0
2009-09-30 15:00:00,0,2015.69,0,330.89,11082.26,7057.97,6401.18,0,0,2609.79,18782.19,219.28,0,13757.49,1537.68,3806.57,72988.21,0,17350.15,0,0,83639.82,0,0,0,2702.88,2550.79,0,24855.84,31041.29,73.96,2852.49,16595.91,0,0,0,0
2009-09-30 16:00:00,0,2037.34,0,330.75,11388.81,7222.32,6562.64,0,0,2617.56,18904.22,227.89,0,13632.15,1575.53,3849.3,73092.43,0,17341.67,0,0,83781.0,0,0,0,2717.78,2613.55,0,25086.59,31026.74,75.18,2877.0,17025.33,0,0,0,0
2009-09-30 17:00:00,0,2029.96,0,334.65,11684.35,7249.16,6652.57,0,0,2618.32,18411.81,235.84,0,13810.13,1619.91,3860.39,73061.77,0,17502.34,0,0,84050.45,0,0,0,2751.25,2648.42,0,25658.66,31043.55,75.22,2878.39,17360.94,0,0,0,0
2009-09-30 18:00:00,0,2055.26,0,330.24,11320.63,6937.26,6497.06,0,0,2530.36,17715.85,235.58,0,14067.78,1584.96,3839.09,72908.64,0,17746.24,0,0,83964.08,0,0,0,2731.13,2596.51,0,25224.65,30807.12,73.34,2763.57,16921.13,0,0,0,0
2009-09-30 19:00:00,0,2103.86,0,352.19,11666.05,7214.67,6887.44,0,0,2532.79,17877.13,258.36,0,14612.4,1641.14,3936.18,73217.31,0,18956.32,0,0,87787.97,0,0,0,2753.47,2617.5,0,26096.45,31902.6,75.71,2893.04,17395.78,0,0,0,0
2009-09-30 20:00:00,0,2095.76,0,335.08,11430.36,6718.11,6320.49,0,0,2329.13,16681.91,244.46,0,13670.38,1511.57,3733.93,72305.67,0,18196.51,0,0,83319.09,0,0,0,2686.92,2514.48,0,25498.16,31219.43,71.45,2681.46,17097.57,0,0,0,0
2009-09-30 21:00:00,0,2116.76,0,313.56,10969.23,6218.96,5824.66,0,0,2139.27,15573.31,232.33,0,12799.03,1395.58,3569.3,71012.41,0,17463.98,0,0,79210.54,0,0,0,2548.26,2421.41,0,24531.8,30616.17,67.36,2483.32,16834.19,0,0,0,0
2009-09-30 22:00:00,0,2008.26,0,289.09,10179.31,5576.61,5441.24,0,0,1963.82,14433.19,211.7,0,12006.94,1288.63,3431.06,68707.09,0,16383.82,0,0,75609.09,0,0,0,2404.27,2294.27,0,22860.96,29600.63,64.88,2291.45,15680.8,0,0,0,0
2009-09-30 23:00:00,0,1866.01,0,267.12,9537.42,5003.21,5105.21,0,0,1807.12,13205.23,192.42,0,11229.96,1193.97,3295.79,65973.98,0,15255.65,0,0,72315.06,0,0,0,2269.67,2169.92,0,21595.11,28097.42,62.5,2101.3,14764.34,0,0,0,0
2009-10-01 00:00:00,0,1735.55,0,245.96,8990.41,4454.25,4797.61,0,0,1647.5,12001.68,174.33,0,10561.04,1103.56,3159.48,63342.31,0,14119.34,0,0,69493.07,0,0,0,2144.11,2045.9,0,20352.0,26730.28,60.46,1901.35,13956.64,0,0,0,0
2009-10-01 01:00:00,0,1616.93,0,225.22,8605.84,3944.57,4539.28,0,0,1487.78,10896.53,157.98,0,10140.06,1016.34,3057.52,60786.09,0,13142.69,0,0,66861.08,0,0,0,2040.3,1956.53,0,19222.8,25525.76,58.75,1721.76,13194.67,0,0,0,0
2009-10-01 02:00:00,0,1528.25,0,207.0,8480.31,3543.55,4437.72,0,0,1355.79,10047.48,143.92,0,10130.71,953.07,2966.07,58330.61,0,12679.61,0,0,65392.72,0,0,0,1988.43,1930.06,0,18505.27,24336.34,57.24,1593.95,12778.88,0,0,0,0
2009-10-01 03:00:00,0,1499.74,0,201.65,8526.45,3443.58,4559.79,0,0,1313.98,9610.2,137.16,0,10252.21,933.67,2951.3,57274.68,0,12512.98,0,0,65757.81,0,0,0,1971.92,1984.69,0,18452.59,23789.75,56.72,1553.42,12631.19,0,0,0,0
2009-10-01 04:00:00,0,1515.93,0,207.46,8962.77,3602.72,4834.56,0,0,1354.39,9812.27,141.91,0,10588.5,972.63,3063.66,58615.67,0,12890.31,0,0,67827.23,0,0,0,2027.94,2037.81,0,18926.85,23615.72,57.58,1595.64,12830.69,0,0,0,0
2009-10-01 05:00:00,0,1580.47,0,214.23,9549.03,3811.64,5141.98,0,0,1397.07,10118.82,146.67,0,10970.02,1016.75,3200.24,60437.2,0,13452.41,0,0,70210.6,0,0,0,2105.69,2082.64,0,19565.8,23793.14,58.23,1659.88,13247.73,0,0,0,0
2009-10-01 06:00:00,0,1649.89,0,220.72,10131.47,4013.29,5471.33,0,0,1437.44,10411.85,152.23,0,11392.16,1053.47,3338.81,62103.21,0,14020.96,0,0,72634.71,0,0,0,2195.62,2128.33,0,20221.51,24478.27,59.48,1730.4,13713.55,0,0,0,0
2009-10-01 07:00:00,0,1721.82,0,242.48,11052.31,4406.49,5814.94,0,0,1583.89,11258.39,162.53,0,12622.99,1161.98,3544.16,64067.41,0,15795.33,0,0,78682.81,0,0,0,2389.99,2182.09,0,21526.23,25231.4,60.77,1832.02,14401.47,0,0,0,0
2009-10-01 08:00:00,0,1857.84,0,261.37,11076.26,4715.73,5782.04,0,0,1722.48,12382.61,176.71,0,12848.14,1239.17,3676.04,68343.44,0,16065.6,0,0,79155.41,0,0,0,2427.88,2203.19,0,21989.78,26664.73,62.51,1927.4,15351.3,0,0,0,0
2009-10-01 09:00:00,0,1955.35,0,278.22,11053.89,4946.82,5780.13,0,0,1846.56,13373.43,184.19,0,13079.34,1305.15,3678.56,70253.91,0,16452.72,0,0,81199.79,0,0,0,2438.87,2244.82,0,22337.56,27995.93,65.24,2053.91,15580.2,0,0,0,0
2009-10-01 10:00:00,0,1995.03,0,296.34,11093.74,5271.8,5795.35,0,0,1976.06,14545.85,191.46,0,13193.95,1346.82,3745.34,71851.14,0,16849.76,0,0,81702.58,0,0,0,2480.24,2291.84,0,23199.14,28649.62,68.96,2190.51,15881.54,0,0,0,0
2009-10-01 11:00:00,0,2042.82,0,305.97,11109.29,5597.64,5933.4,0,0,2154.45,15715.17,200.74,0,13368.23,1414.72,3788.57,73644.69,0,17201.02,0,0,81893.12,0,0,0,2541.56,2323.41,0,24106.2,29439.47,71.9,2385.76,16155.61,0,0,0,0
2009-10-01 12:00:00,0,2087.78,0,319.3,10840.18,5967.1,6113.22,0,0,2315.33,16724.47,211.05,0,13483.34,1510.94,3810.13,74986.41,0,17340.22,0,0,82185.86,0,0,0,2613.62,2361.5,0,25072.12,30165.94,74.61,2505.44,16397.76,0,0,0,0
2009-10-01 13:00:00,0,2158.61,0,329.68,10743.24,6337.89,6241.6,0,0,2424.04,17544.09,221.41,0,13528.12,1592.42,3859.32,75841.13,0,17382.66,0,0,82754.55,0,0,0,2681.16,2446.02,0,25707.78,30872.55,78.22,2596.41,16769.88,0,0,0,0
2009-10-01 14:00:00,0,2197.51,0,336.47,10830.61,6659.43,6332.78,0,0,2509.3,18263.26,230.02,0,13801.84,1646.4,3889.42,76582.16,0,17363.3,0,0,83154.83,0,0,0,2723.84,2511.88,0,26032.51,30927.16,80.68,2681.16,17171.31,0,0,0,0
2009-10-01 15:00:00,0,2221.63,0,339.97,11015.35,6943.94,6382.15,0,0,2570.86,18777.26,238.34,0,14181.59,1669.15,3948.19,77165.26,0,17442.95,0,0,83577.49,0,0,0,2751.35,2578.32,0,26079.85,30540.87,82.04,2716.72,17619.64,0,0,0,0
2009-10-01 16:00:00,0,2192.35,0,344.48,11288.97,7108.23,6477.36,0,0,2579.67,18994.03,250.04,0,14285.27,1702.82,4009.37,77457.37,0,17555.46,0,0,84581.38,0,0,0,2801.15,2622.09,0,26689.86,30021.09,81.34,2722.08,17857.45,0,0,0,0
2009-10-01 17:00:00,0,2154.26,0,347.83,11552.77,7192.51,6552.58,0,0,2577.53,18786.39,262.33,0,14381.48,1730.1,4043.0,77422.12,0,17727.11,0,0,86179.55,0,0,0,2815.05,2648.71,0,27250.31,29736.31,79.07,2735.28,18026.44,0,0,0,0
2009-10-01 18:00:00,0,2128.43,0,338.63,11311.08,6851.27,6356.02,0,0,2470.22,17769.51,267.73,0,14600.78,1697.46,3975.88,76950.82,0,17806.21,0,0,85233.53,0,0,0,2739.73,2602.09,0,26785.97,29276.7,74.7,2635.31,17684.15,0,0,0,0
2009-10-01 19:00:00,0,2154.14,0,367.19,11911.71,7210.0,6859.4,0,0,2527.16,17934.1,291.87,0,14696.86,1769.56,4085.34,77450.41,0,18619.03,0,0,87663.41,0,0,0,2851.46,2688.48,0,27592.43,29400.7,76.19,2813.09,18052.41,0,0,0,0
2009-10-01 20:00:00,0,2105.44,0,348.67,11621.95,6674.37,6313.12,0,0,2323.54,16683.5,274.82,0,13773.28,1626.95,3857.9,76504.11,0,17816.13,0,0,83201.65,0,0,0,2764.59,2578.52,0,26751.07,29032.15,71.59,2590.26,17649.1,0,0,0,0
2009-10-01 21:00:00,0,2090.02,0,325.8,11064.16,6177.76,5845.21,0,0,2142.28,15575.48,260.44,0,12899.96,1491.19,3674.99,74711.59,0,17285.06,0,0,79668.96,0,0,0,2608.09,2469.91,0,25730.43,28508.73,68.35,2396.25,17266.48,0,0,0,0
2009-10-01 22:00:00,0,1967.12,0,298.84,10274.83,5558.38,5462.92,0,0,1966.85,14331.03,233.12,0,12106.64,1361.02,3510.19,72277.22,0,16299.67,0,0,76678.22,0,0,0,2438.33,2338.35,0,23892.35,27625.34,65.85,2210.61,16268.21,0,0,0,0
2009-10-01 23:00:00,0,1805.07,0,274.23,9532.74,5009.46,5111.52,0,0,1808.86,13083.1,208.28,0,11322.5,1262.82,3355.9,69512.4,0,15235.84,0,0,73748.05,0,0,0,2294.83,2206.64,0,22410.13,26152.15,63.74,2038.71,15173.06,0,0,0,0
2009-10-02 00:00:00,0,1650.71,0,251.35,8925.26,4501.18,4802.5,0,0,1653.37,11895.19,185.71,0,10572.24,1167.15,3210.81,66771.75,0,14067.35,0,0,70844.96,0,0,0,2163.28,2075.31,0,21089.07,24819.83,61.12,1878.7,14219.03,0,0,0,0
2009-10-02 01:00:00,0,1533.85,0,230.87,8486.39,4037.53,4512.91,0,0,1503.7,10826.32,167.07,0,10208.27,1076.61,3082.01,64116.07,0,13161.1,0,0,68509.29,0,0,0,2052.13,1967.82,0,19879.23,23617.45,58.5,1730.68,13513.94,0,0,0,0
2009-10-02 02:00:00,0,1490.14,0,213.73,8284.82,3658.62,4337.87,0,0,1374.85,9969.22,150.89,0,10184.98,1002.17,2954.48,61530.12,0,12700.72,0,0,66960.01,0,0,0,1991.75,1919.18,0,19077.56,22595.73,56.4,1615.15,13124.75,0,0,0,0
2009-10-02 03:00:00,0,1502.68,0,208.89,8239.43,3580.7,4366.93,0,0,1331.23,9529.71,141.69,0,10302.29,987.11,2899.59,59849.15,0,12535.49,0,0,67456.11,0,0,0,1977.77,1955.01,0,18856.83,22136.49,55.6,1595.77,12974.16,0,0,0,0
2009-10-02 04:00:00,0,1561.86,0,215.12,8505.56,3760.98,4572.16,0,0,1369.56,9746.0,144.45,0,10615.26,1022.38,3013.21,60611.59,0,12858.09,0,0,69405.37,0,0,0,2026.43,2012.21,0,19348.22,22222.52,55.7,1670.73,13032.51,0,0,0,0
2009-10-02 05:00:00,0,1666.4,0,225.32,9023.03,3978.8,4801.43,0,0,1416.69,10093.75,149.93,0,10981.01,1059.57,3141.44,62147.94,0,13402.5,0,0,71686.66,0,0,0,2101.52,2061.23,0,19932.27,22725.21,57.78,1749.19,13432.39,0,0,0,0
2009-10-02 06:00:00,0,1783.85,0,233.03,9576.36,4213.7,5047.88,0,0,1473.77,10426.7,156.02,0,11386.83,1084.08,3267.95,63561.76,0,13949.79,0,0,73889.14,0,0,0,2183.6,2108.02,0,20498.63,23606.51,59.91,1840.29,13729.38,0,0,0,0
2009-10-02 07:00:00,0,1884.03,0,250.13,10460.19,4631.06,5431.26,0,0,1639.16,11336.3,168.24,0,12549.75,1194.17,3388.89,64788.16,0,15587.57,0,0,79367.26,0,0,0,2347.81,2165.27,0,21228.92,24458.0,61.81,2000.56,14088.81,0,0,0,0
2009-10-02 08:00:00,0,2055.96,0,269.57,10497.41,5168.39,5553.06,0,0,1851.21,12677.43,184.12,0,12690.18,1289.08,3603.17,67642.31,0,15990.85,0,0,82151.9,0,0,0,2399.79,2216.53,0,22030.46,25999.12,64.2,2229.98,14927.04,0,0,0,0
2009-10-02 09:00:00,0,2031.23,0,300.58,10568.71,5749.12,5779.11,0,0,2062.03,14174.39,198.83,0,13010.82,1382.14,3754.33,70070.94,0,16744.06,0,0,83289.9,0,0,0,2527.35,2312.41,0,22819.24,26531.01,65.05,2463.73,15605.55,0,0,0,0
2009-10-02 10:00:00,0,1958.54,0,324.09,10702.14,6383.85,6020.46,0,0,2271.98,15640.72,210.4,0,13223.6,1433.16,3819.98,71395.74,0,17136.1,0,0,84268.54,0,0,0,2654.9,2401.28,0,23799.88,26847.07,65.72,2692.99,15955.33,0,0,0,0
2009-10-02 11:00:00,0,1963.92,0,336.38,11133.32,6995.95,6118.15,0,0,2470.4,17038.04,215.3,0,13273.84,1527.31,3897.22,72913.56,0,17414.81,0,0,85465.03,0,0,0,2804.6,2528.13,0,24737.76,27476.01,66.96,2929.17,16309.59,0,0,0,0
2009-10-02 12:00:00,0,1950.15,0,347.9,11576.73,7523.39,6283.32,0,0,2639.75,18133.0,224.26,0,13346.74,1617.86,3936.6,73876.58,0,17650.53,0,0,87087.99,0,0,0,2922.01,2652.8,0,25940.46,27609.6,67.88,3117.19,16595.89,0,0,0,0
2009-10-02 13:00:00,0,1942.58,0,363.75,11946.18,7943.73,6607.11,0,0,2766.67,18999.18,235.01,0,13458.1,1707.8,3970.38,74441.78,0,17797.69,0,0,88132.62,0,0,0,3038.63,2778.31,0,26918.13,27592.71,68.36,3262.2,16791.64,0,0,0,0
2009-10-02 14:00:00,0,1936.48,0,368.28,12106.81,8275.98,6882.11,0,0,2853.11,19640.92,247.1,0,13358.72,1781.35,3953.0,74667.09,0,17808.4,0,0,88972.53,0,0,0,3118.13,2868.49,0,27992.88,27475.49,68.05,3361.47,16907.08,0,0,0,0
2009-10-02 15:00:00,0,1918.86,0,373.44,12177.49,8483.64,7098.48,0,0,2893.32,19899.94,258.64,0,13551.91,1820.72,3896.41,74702.96,0,18120.98,0,0,89468.87,0,0,0,3159.0,2922.34,0,28651.06,27404.3,67.65,3406.55,16958.74,0,0,0,0
2009-10-02 16:00:00,0,1912.11,0,379.24,12327.43,8520.2,7258.17,0,0,2871.07,19683.16,267.44,0,13861.92,1841.19,3805.32,74398.33,0,18155.75,0,0,89585.7,0,0,0,3172.55,2936.06,0,29129.24,27428.51,66.79,3353.6,16965.38,0,0,0,0
2009-10-02 17:00:00,0,1918.08,0,387.84,12479.43,8370.46,7249.2,0,0,2816.94,19134.95,273.13,0,14213.31,1838.72,3717.77,74214.55,0,18270.4,0,0,89433.9,0,0,0,3148.17,2924.4,0,29262.6,27326.57,65.61,3277.25,16981.85,0,0,0,0
2009-10-02 18:00:00,0,1904.21,0,373.17,12141.81,7923.06,7045.59,0,0,2704.64,18398.49,268.57,0,14526.4,1764.32,3669.48,74224.75,0,18472.01,0,0,89394.2,0,0,0,3054.91,2859.37,0,28715.02,27109.19,63.94,3127.78,16661.8,0,0,0,0
2009-10-02 19:00:00,0,2045.63,0,360.94,12157.25,7490.99,7427.29,0,0,2575.22,18099.49,276.56,0,13812.79,1748.87,3633.6,72147.23,0,17941.08,0,0,88225.92,0,0,0,2987.17,2868.79,0,28079.81,27164.97,63.48,2959.22,15576.71,0,0,0,0
2009-10-02 20:00:00,0,2113.25,0,346.64,11860.2,7118.08,6958.96,0,0,2405.03,16939.55,257.99,0,12932.97,1644.49,3461.94,71243.55,0,17416.74,0,0,84025.69,0,0,0,2860.96,2743.62,0,27163.89,27550.95,61.46,2753.42,15414.16,0,0,0,0
2009-10-02 21:00:00,0,2171.26,0,321.25,11384.31,6666.45,6504.73,0,0,2236.12,15776.35,241.39,0,12128.59,1507.28,3338.98,69963.45,0,17018.81,0,0,80489.26,0,0,0,2726.58,2609.27,0,25932.71,26946.38,59.36,2575.28,15321.07,0,0,0,0
2009-10-02 22:00:00,0,2124.88,0,294.27,10617.8,6074.69,5994.7,0,0,2083.06,14718.36,218.73,0,11467.6,1396.61,3226.34,67774.64,0,16318.04,0,0,77159.65,0,0,0,2516.67,2451.01,0,24114.42,26023.41,57.72,2409.4,14515.86,0,0,0,0
2009-10-02 23:00:00,0,2008.99,0,271.31,9879.66,5589.0,5567.14,0,0,1940.58,13661.78,197.84,0,10774.42,1278.08,3129.79,65163.74,0,15472.82,0,0,74125.47,0,0,0,2353.74,2317.19,0,22452.55,25081.54,56.11,2253.64,13690.51,0,0,0,0
2009-10-03 00:00:00,0,1913.08,0,252.05,9160.17,5108.0,5218.97,0,0,1810.99,12677.21,180.42,0,10113.5,1186.36,3022.52,62591.26,0,14628.44,0,0,71246.7,0,0,0,2234.53,2174.38,0,21045.36,24246.38,54.57,2115.95,12952.36,0,0,0,0
2009-10-03 01:00:00,0,1824.04,0,234.72,8619.04,4627.47,4933.36,0,0,1681.28,11698.62,166.56,0,9617.89,1093.33,2893.36,60180.25,0,13857.88,0,0,68333.07,0,0,0,2127.24,2039.23,0,20159.73,23460.38,53.04,1965.51,12284.25,0,0,0,0
2009-10-03 02:00:00,0,1770.8,0,219.38,8311.21,4284.01,4642.68,0,0,1561.04,10979.56,155.91,0,9567.04,1018.5,2779.81,58314.94,0,13295.89,0,0,66432.21,0,0,0,2063.48,1941.83,0,19565.43,22768.54,51.41,1847.19,11887.1,0,0,0,0
2009-10-03 03:00:00,0,1756.75,0,210.0,8012.25,4015.86,4462.06,0,0,1476.33,10567.93,146.39,0,9542.79,959.93,2709.1,57013.79,0,12967.27,0,0,65272.3,0,0,0,2014.22,1904.53,0,19133.98,22220.43,50.64,1753.77,11675.87,0,0,0,0
2009-10-03 04:00:00,0,1785.13,0,204.28,7928.87,3861.41,4423.12,0,0,1434.22,10319.19,142.36,0,9601.65,940.86,2670.05,56713.44,0,12972.02,0,0,65625.63,0,0,0,1988.51,1924.37,0,19029.73,22042.96,50.4,1688.6,11480.66,0,0,0,0
2009-10-03 05:00:00,0,1834.43,0,201.6,7982.86,3860.77,4456.4,0,0,1431.71,10319.84,142.26,0,9748.12,941.75,2676.98,56895.33,0,13159.1,0,0,66485.42,0,0,0,1998.07,1947.99,0,19038.15,22222.06,50.73,1673.2,11549.01,0,0,0,0
2009-10-03 06:00:00,0,1919.72,0,198.49,8165.68,3929.29,4551.74,0,0,1443.25,10327.68,145.34,0,10064.2,966.93,2749.3,57755.21,0,13430.59,0,0,67423.68,0,0,0,2015.23,1968.13,0,19111.49,22695.67,51.58,1706.03,11925.3,0,0,0,0
2009-10-03 07:00:00,0,1995.31,0,206.75,8580.24,4206.26,4841.04,0,0,1520.43,10961.15,153.1,0,10587.97,1025.07,2854.02,58744.94,0,14110.3,0,0,69583.34,0,0,0,2101.59,2062.92,0,19241.05,23179.93,52.52,1799.44,12569.59,0,0,0,0
2009-10-03 08:00:00,0,2175.51,0,227.8,8614.41,4724.66,5160.59,0,0,1680.3,12199.23,162.81,0,11054.54,1126.88,2960.02,60878.83,0,14879.65,0,0,71672.61,0,0,0,2237.44,2219.44,0,19437.49,23930.18,53.69,1968.6,13300.96,0,0,0,0
2009-10-03 09:00:00,0,2178.59,0,272.16,8854.29,5380.25,5372.68,0,0,1845.7,13754.64,180.72,0,11459.0,1226.21,3047.82,63138.71,0,15275.96,0,0,74060.93,0,0,0,2373.49,2370.24,0,20421.03,24318.75,53.6,2221.41,13581.09,0,0,0,0
2009-10-03 10:00:00,0,2188.92,0,297.19,9232.77,5881.56,5653.09,0,0,2028.09,15513.38,194.72,0,11787.88,1360.22,3121.83,64655.03,0,15374.82,0,0,75722.02,0,0,0,2482.84,2494.77,0,21412.94,24480.67,53.41,2462.45,13757.18,0,0,0,0
2009-10-03 11:00:00,0,2204.04,0,322.71,9627.55,6422.09,6188.26,0,0,2201.07,16798.11,214.84,0,12073.18,1532.21,3182.07,65894.3,0,15634.49,0,0,77225.88,0,0,0,2587.36,2644.52,0,22158.49,24728.7,54.78,2682.14,13824.25,0,0,0,0
2009-10-03 12:00:00,0,2188.07,0,348.71,9968.17,6869.38,6512.55,0,0,2334.66,17678.89,235.49,0,12333.01,1654.91,3226.84,66908.49,0,15940.03,0,0,78270.01,0,0,0,2677.69,2769.26,0,22854.33,24965.26,56.59,2855.89,13890.73,0,0,0,0
2009-10-03 13:00:00,0,2156.66,0,370.87,10232.63,7301.71,6701.52,0,0,2454.93,18509.39,254.86,0,12472.43,1742.65,3254.89,67521.32,0,16156.54,0,0,79058.97,0,0,0,2749.86,2869.11,0,23543.75,25056.95,57.5,2997.04,13893.6,0,0,0,0
2009-10-03 14:00:00,0,2113.37,0,389.64,10333.21,7735.47,6863.67,0,0,2563.28,19078.57,271.06,0,12603.41,1808.56,3256.4,67975.36,0,16396.79,0,0,79726.75,0,0,0,2805.54,2932.93,0,23958.24,25101.43,57.45,3130.89,14007.44,0,0,0,0
2009-10-03 15:00:00,0,2060.56,0,399.66,10353.03,8069.08,7012.07,0,0,2626.53,19337.76,284.54,0,12704.1,1862.45,3226.18,68587.11,0,16650.73,0,0,80303.99,0,0,0,2829.27,2957.33,0,24545.78,25134.92,57.07,3195.44,14185.18,0,0,0,0
2009-10-03 16:00:00,0,2010.44,0,405.96,10381.11,8243.39,7147.35,0,0,2636.58,19346.34,294.81,0,12845.39,1887.4,3215.77,68418.55,0,16841.41,0,0,81006.42,0,0,0,2864.82,2948.46,0,25174.53,25356.03,56.56,3192.37,14468.57,0,0,0,0
2009-10-03 17:00:00,0,1974.68,0,405.99,10313.67,8177.28,7083.95,0,0,2581.99,19042.26,299.12,0,12981.04,1865.69,3211.02,68272.73,0,16923.29,0,0,81665.44,0,0,0,2874.9,2896.11,0,25673.81,25596.23,55.95,3136.89,14937.6,0,0,0,0
2009-10-03 18:00:00,0,1952.91,0,389.52,9679.49,7545.5,6552.67,0,0,2436.99,18095.1,289.91,0,13148.76,1760.81,3266.81,68606.29,0,16890.43,0,0,80455.83,0,0,0,2758.08,2774.67,0,24689.53,25644.16,57.48,2928.86,14666.74,0,0,0,0
2009-10-03 19:00:00,0,1991.14,0,390.4,10779.19,7540.11,7079.55,0,0,2571.54,18456.96,311.44,0,14170.48,1827.31,3598.25,72489.28,0,18695.81,0,0,89216.89,0,0,0,2879.11,2787.42,0,25932.02,26823.74,67.11,3002.2,15454.85,0,0,0,0
2009-10-03 20:00:00,0,2039.32,0,360.65,10519.41,7134.61,6472.71,0,0,2372.57,17140.25,293.62,0,13345.5,1689.52,3450.1,71182.03,0,18002.89,0,0,84615.62,0,0,0,2745.87,2672.62,0,25200.76,27148.73,63.91,2798.14,15384.67,0,0,0,0
2009-10-03 21:00:00,0,2120.2,0,335.66,10173.22,6688.96,5958.39,0,0,2189.49,15861.84,274.01,0,12659.93,1557.53,3335.34,69604.23,0,17338.15,0,0,80217.97,0,0,0,2598.33,2560.38,0,24228.84,27030.11,60.34,2626.42,15459.25,0,0,0,0
2009-10-03 22:00:00,0,2096.73,0,310.66,9383.98,6107.86,5474.03,0,0,2029.56,14669.31,246.7,0,11990.87,1438.95,3226.32,67400.17,0,16388.69,0,0,76147.8,0,0,0,2409.41,2415.04,0,22929.69,26160.08,57.8,2463.21,14687.25,0,0,0,0
2009-10-03 23:00:00,0,2004.29,0,289.5,8751.56,5576.02,5061.47,0,0,1888.77,13540.86,219.92,0,11270.43,1333.39,3109.07,64725.42,0,15300.13,0,0,72542.64,0,0,0,2261.83,2278.2,0,21718.49,25246.33,55.6,2285.74,13851.43,0,0,0,0
2009-10-04 00:00:00,0,1894.74,0,270.16,8365.23,5075.72,4692.43,0,0,1762.66,12495.52,200.9,0,10594.87,1227.63,2965.78,62273.27,0,14366.41,0,0,69038.76,0,0,0,2136.35,2142.44,0,20539.41,24313.88,53.42,2122.48,13104.45,0,0,0,0
2009-10-04 01:00:00,0,1796.09,0,246.79,8018.15,4604.4,4397.54,0,0,1645.66,11514.3,184.26,0,10165.39,1136.32,2853.27,59879.08,0,13543.38,0,0,66114.41,0,0,0,2022.48,2024.51,0,19594.27,23438.59,51.82,1972.53,12416.48,0,0,0,0
2009-10-04 02:00:00,0,1736.89,0,234.82,7757.01,4267.88,4176.07,0,0,1532.91,10819.56,172.94,0,10020.88,1065.95,2777.01,57914.24,0,12895.2,0,0,63886.01,0,0,0,1957.76,1952.83,0,18938.5,22658.14,50.5,1849.78,12163.71,0,0,0,0
2009-10-04 03:00:00,0,1713.72,0,226.56,7620.08,4030.87,4093.87,0,0,1453.97,10425.69,164.15,0,9896.09,1015.89,2739.0,56665.07,0,12575.88,0,0,62452.93,0,0,0,1912.17,1946.02,0,18510.7,22134.51,49.07,1771.42,12013.97,0,0,0,0
2009-10-04 04:00:00,0,1717.87,0,223.91,7631.73,3918.53,4181.97,0,0,1414.7,10207.07,159.32,0,9885.31,1007.56,2748.74,56102.34,0,12468.64,0,0,62548.88,0,0,0,1903.36,1989.65,0,18348.09,21876.6,48.5,1746.53,11834.49,0,0,0,0
2009-10-04 05:00:00,0,1755.1,0,222.74,7808.55,3980.93,4341.65,0,0,1420.22,10236.12,160.11,0,9939.05,1010.48,2796.23,56205.46,0,12523.92,0,0,63112.0,0,0,0,1921.62,2057.29,0,18531.49,22046.52,48.69,1762.61,11946.95,0,0,0,0
2009-10-04 06:00:00,0,1816.01,0,226.08,8158.29,4085.43,4552.72,0,0,1437.57,10352.66,161.85,0,10153.1,1032.2,2882.83,56929.21,0,12688.27,0,0,63965.18,0,0,0,1962.65,2131.21,0,18694.99,22426.41,49.49,1789.48,12380.48,0,0,0,0
2009-10-04 07:00:00,0,1890.41,0,234.78,8740.75,4382.11,4867.28,0,0,1533.42,11074.03,169.1,0,10488.72,1087.99,2969.21,58175.3,0,13154.8,0,0,65871.3,0,0,0,2073.46,2198.25,0,19265.54,22808.03,50.24,1874.77,12940.56,0,0,0,0
2009-10-04 08:00:00,0,2016.78,0,257.5,9083.08,4983.16,5012.56,0,0,1727.81,12331.93,184.02,0,10665.22,1186.32,3034.92,60391.91,0,13489.73,0,0,68223.93,0,0,0,2184.71,2241.13,0,19726.82,23331.68,50.05,2058.6,13678.3,0,0,0,0
2009-10-04 09:00:00,0,1988.19,0,283.87,9030.6,5737.04,5026.71,0,0,1951.21,14235.6,202.26,0,10906.7,1295.63,3080.12,62599.95,0,13893.12,0,0,70687.39,0,0,0,2192.34,2310.18,0,20621.15,23879.0,51.02,2339.46,13882.86,0,0,0,0
2009-10-04 10:00:00,0,2005.25,0,305.54,9363.32,6508.87,5205.63,0,0,2147.63,16164.32,222.05,0,11118.48,1487.95,3150.92,64698.3,0,14323.74,0,0,72594.57,0,0,0,2238.18,2396.57,0,21768.71,24454.62,52.92,2627.16,14146.7,0,0,0,0
2009-10-04 11:00:00,0,2039.91,0,336.38,9623.33,7218.12,5401.29,0,0,2346.2,17673.51,242.81,0,11431.46,1658.3,3167.26,65958.71,0,14869.86,0,0,74137.22,0,0,0,2359.72,2489.42,0,22473.75,24948.44,54.97,2907.12,14295.16,0,0,0,0
2009-10-04 12:00:00,0,2068.92,0,359.58,9923.89,7765.76,5657.83,0,0,2502.45,18753.68,265.14,0,11828.77,1778.4,3183.82,66885.87,0,15393.98,0,0,74595.86,0,0,0,2491.42,2604.18,0,23211.42,25339.56,57.36,3118.75,14486.46,0,0,0,0
2009-10-04 13:00:00,0,2078.98,0,376.47,10163.09,8203.17,5884.36,0,0,2627.67,19572.19,284.6,0,12172.8,1853.51,3191.12,67590.37,0,15881.81,0,0,75209.19,0,0,0,2580.91,2715.41,0,24086.38,25684.12,59.01,3272.35,14677.0,0,0,0,0
2009-10-04 14:00:00,0,2080.37,0,379.74,10269.33,8539.49,6097.33,0,0,2721.22,20096.22,301.58,0,12411.53,1896.68,3225.09,68152.93,0,16186.26,0,0,75929.96,0,0,0,2670.2,2781.11,0,24731.58,25887.28,60.12,3357.39,15132.45,0,0,0,0
2009-10-04 15:00:00,0,2065.46,0,368.32,10336.29,8734.3,6332.2,0,0,2758.18,20265.78,315.68,0,12730.01,1904.12,3266.72,68565.54,0,16365.4,0,0,76377.8,0,0,0,2701.67,2817.77,0,25228.06,25976.63,60.47,3443.0,15474.37,0,0,0,0
2009-10-04 16:00:00,0,2062.58,0,362.12,10467.99,8793.73,6489.05,0,0,2738.52,20002.23,321.49,0,13024.47,1868.06,3260.25,68210.57,0,16425.24,0,0,77311.68,0,0,0,2780.28,2827.87,0,25809.03,26125.55,60.37,3465.82,15738.1,0,0,0,0
2009-10-04 17:00:00,0,2066.91,0,362.08,10332.29,8626.3,6421.55,0,0,2656.24,19450.84,319.7,0,13073.28,1809.8,3366.58,68396.39,0,16277.93,0,0,78013.61,0,0,0,2805.58,2804.04,0,25994.48,26412.19,60.35,3379.36,15609.26,0,0,0,0
2009-10-04 18:00:00,0,2064.21,0,361.75,9765.28,8178.83,6108.63,0,0,2529.99,18597.4,317.05,0,13062.75,1786.28,3396.9,68792.12,0,16141.03,0,0,77455.03,0,0,0,2681.44,2704.87,0,25502.99,26346.37,58.53,3192.01,15475.46,0,0,0,0
2009-10-04 19:00:00,0,2091.2,0,402.27,12001.22,8426.93,7221.81,0,0,2753.61,19099.87,339.7,0,15078.27,1964.97,3920.95,75883.77,0,19424.23,0,0,91422.19,0,0,0,2923.53,2784.57,0,26815.69,28462.66,73.54,3400.61,17258.68,0,0,0,0
2009-10-04 20:00:00,0,2139.79,0,390.59,11673.27,8000.74,6623.21,0,0,2577.56,17960.57,322.5,0,13953.11,1850.81,3715.12,74166.19,0,18396.29,0,0,86511.99,0,0,0,2848.1,2691.85,0,26165.08,28636.45,69.54,3156.27,17217.22,0,0,0,0
2009-10-04 21:00:00,0,2187.58,0,374.99,11266.45,7460.97,6109.53,0,0,2409.42,16862.74,301.69,0,12939.92,1737.99,3539.75,72184.64,0,17513.14,0,0,81767.94,0,0,0,2726.06,2599.91,0,24938.16,28576.07,66.07,2925.76,16810.3,0,0,0,0
2009-10-04 22:00:00,0,2089.59,0,348.17,10470.71,6708.91,5692.2,0,0,2228.23,15616.4,275.71,0,12015.59,1610.19,3402.09,69139.05,0,16399.81,0,0,77517.89,0,0,0,2559.91,2455.18,0,23363.42,27842.76,62.93,2699.6,15972.74,0,0,0,0
2009-10-04 23:00:00,0,1969.9,0,324.01,9708.99,6071.17,5331.51,0,0,2055.61,14429.1,252.48,0,11156.68,1476.38,3269.98,66065.33,0,15194.5,0,0,73841.52,0,0,0,2415.95,2327.1,0,21971.86,26476.61,60.6,2485.15,15058.66,0,0,0,0
2009-10-05 00:00:00,0,1863.65,0,300.52,9100.0,5486.68,4991.81,0,0,1894.23,13283.3,227.84,0,10415.18,1366.44,3137.17,63078.22,0,14186.6,0,0,70488.2,0,0,0,2284.16,2188.91,0,20737.9,25225.43,58.48,2291.66,14279.79,0,0,0,0
2009-10-05 01:00:00,0,1765.91,0,278.33,8598.6,4970.54,4719.99,0,0,1748.34,12253.47,204.67,0,9959.92,1271.96,3034.36,60494.45,0,13249.52,0,0,67389.94,0,0,0,2158.8,2059.54,0,19791.61,24080.29,56.97,2114.7,13616.5,0,0,0,0
2009-10-05 02:00:00,0,1703.26,0,259.12,8317.89,4583.37,4478.25,0,0,1614.32,11373.74,183.66,0,9848.14,1197.43,2941.54,57986.51,0,12644.73,0,0,65332.42,0,0,0,2069.38,1978.63,0,19163.07,23160.87,55.65,1993.23,13043.89,0,0,0,0
2009-10-05 03:00:00,0,1696.42,0,248.9,8308.08,4423.53,4435.18,0,0,1564.28,10913.83,178.58,0,9905.49,1179.47,2938.15,57128.08,0,12384.14,0,0,65261.05,0,0,0,2044.73,2004.73,0,19040.18,22865.27,55.56,1953.01,12955.58,0,0,0,0
2009-10-05 04:00:00,0,1765.77,0,259.11,8610.56,4546.66,4648.81,0,0,1608.82,11000.72,182.84,0,10129.5,1200.9,3050.89,58546.92,0,12529.15,0,0,66981.19,0,0,0,2088.39,2043.87,0,19287.68,22866.57,57.0,2003.23,13149.23,0,0,0,0
2009-10-05 05:00:00,0,1855.98,0,267.4,9104.98,4723.76,4906.28,0,0,1652.21,11320.84,186.57,0,10476.35,1238.89,3194.21,60327.07,0,12996.54,0,0,69108.25,0,0,0,2149.81,2080.73,0,19776.74,23488.82,58.63,2075.36,13539.41,0,0,0,0
2009-10-05 06:00:00,0,1942.41,0,277.01,9624.35,4897.11,5131.17,0,0,1695.55,11659.62,192.12,0,10963.66,1277.08,3339.36,62060.6,0,13530.16,0,0,71283.41,0,0,0,2226.52,2117.49,0,20240.85,24306.1,60.22,2138.75,14030.7,0,0,0,0
2009-10-05 07:00:00,0,2022.06,0,285.62,10262.54,5188.39,5376.41,0,0,1826.59,12534.8,201.24,0,12137.3,1332.0,3501.71,63753.28,0,15353.96,0,0,77532.53,0,0,0,2303.9,2161.92,0,20639.2,25149.88,61.82,2218.62,14423.52,0,0,0,0
2009-10-05 08:00:00,0,2137.6,0,316.5,10715.76,5720.71,5642.5,0,0,2012.65,13954.04,212.22,0,12485.85,1407.59,3678.76,67977.31,0,15851.88,0,0,79091.19,0,0,0,2391.11,2228.63,0,21295.04,26512.57,63.29,2399.27,15207.91,0,0,0,0
2009-10-05 09:00:00,0,2070.29,0,334.34,11048.71,6089.97,5847.94,0,0,2161.12,15400.5,225.37,0,12829.04,1489.35,3685.57,70288.66,0,16324.86,0,0,81524.39,0,0,0,2447.83,2279.77,0,22014.59,27293.54,64.14,2524.44,15743.74,0,0,0,0
2009-10-05 10:00:00,0,2035.54,0,341.3,11205.3,6565.18,5944.07,0,0,2321.53,16816.04,238.82,0,13132.21,1562.89,3738.1,72051.43,0,16745.83,0,0,83374.89,0,0,0,2519.8,2327.03,0,22652.98,27800.82,65.41,2732.08,16128.38,0,0,0,0
2009-10-05 11:00:00,0,2027.84,0,351.37,11299.04,7157.21,6024.73,0,0,2507.18,18112.7,255.29,0,13258.3,1638.54,3784.52,73792.84,0,17050.71,0,0,83595.7,0,0,0,2582.94,2347.95,0,23074.34,28210.74,67.55,3000.1,16453.56,0,0,0,0
2009-10-05 12:00:00,0,2011.1,0,359.21,11362.22,7762.37,6130.91,0,0,2684.94,19252.69,267.66,0,13342.38,1701.84,3796.12,75274.51,0,17214.65,0,0,84123.42,0,0,0,2629.92,2378.38,0,23463.3,28675.36,69.94,3212.35,16748.22,0,0,0,0
2009-10-05 13:00:00,0,2009.77,0,346.85,11378.77,8234.67,6216.72,0,0,2822.98,20175.39,279.19,0,13333.06,1793.76,3818.24,76259.97,0,17256.7,0,0,84710.46,0,0,0,2668.23,2395.56,0,23870.9,29051.05,70.87,3374.0,17033.75,0,0,0,0
2009-10-05 14:00:00,0,2004.06,0,372.76,11371.08,8605.33,6288.77,0,0,2926.35,20885.81,286.98,0,13276.69,1867.16,3829.0,77007.36,0,17310.55,0,0,85237.89,0,0,0,2695.0,2421.55,0,24346.82,29190.47,73.22,3502.49,17285.86,0,0,0,0
2009-10-05 15:00:00,0,2009.9,0,388.58,11408.66,8871.62,6314.8,0,0,2991.47,21209.34,287.48,0,13283.04,1852.76,3876.43,77622.73,0,17428.06,0,0,85801.01,0,0,0,2722.65,2457.22,0,24784.9,29532.72,74.93,3551.9,17529.64,0,0,0,0
2009-10-05 16:00:00,0,2023.86,0,400.66,11419.61,8943.99,6331.92,0,0,2988.99,21078.06,291.84,0,13510.98,1799.25,3921.54,78006.14,0,17702.54,0,0,87050.57,0,0,0,2741.59,2486.76,0,25207.9,29980.42,75.69,3529.34,17674.99,0,0,0,0
2009-10-05 17:00:00,0,2039.37,0,394.67,11404.58,8879.24,6389.55,0,0,2965.98,20406.92,296.72,0,13744.17,1799.07,3933.38,78020.9,0,17731.34,0,0,88447.81,0,0,0,2754.18,2509.12,0,25553.0,30240.46,76.02,3458.68,17677.57,0,0,0,0
2009-10-05 18:00:00,0,2129.99,0,388.43,11395.38,8656.91,6453.82,0,0,2856.83,19529.84,290.0,0,13972.37,1794.14,3851.15,77087.51,0,17541.78,0,0,86337.28,0,0,0,2766.03,2536.87,0,25717.69,30200.15,76.03,3451.85,17427.01,0,0,0,0
2009-10-05 19:00:00,0,2143.46,0,401.08,12016.66,8596.34,6963.22,0,0,2875.38,19530.33,296.76,0,14610.95,1814.4,3997.78,77094.9,0,18767.73,0,0,90268.45,0,0,0,2686.03,2559.22,0,25775.83,29846.43,77.03,3463.64,17937.78,0,0,0,0
2009-10-05 20:00:00,0,2147.66,0,390.42,11806.74,8191.5,6504.93,0,0,2686.11,18409.44,285.66,0,13532.55,1702.34,3777.48,75185.63,0,17881.85,0,0,85143.45,0,0,0,2670.22,2486.65,0,25446.11,29866.84,71.77,3228.38,17706.54,0,0,0,0
2009-10-05 21:00:00,0,2167.1,0,374.93,11293.52,7687.6,6047.71,0,0,2513.07,17347.79,270.82,0,12580.93,1590.6,3598.63,73107.64,0,17040.83,0,0,80464.46,0,0,0,2612.99,2392.23,0,24476.55,29837.88,67.81,3024.76,17272.67,0,0,0,0
2009-10-05 22:00:00,0,2090.52,0,348.85,10463.25,7068.12,5656.07,0,0,2354.21,16287.64,256.47,0,11709.79,1488.68,3445.69,70374.64,0,15953.6,0,0,76539.28,0,0,0,2462.8,2275.1,0,22961.08,29224.85,65.04,2827.78,16209.44,0,0,0,0
2009-10-05 23:00:00,0,1963.89,0,321.16,9715.25,6492.48,5313.55,0,0,2205.17,15189.79,236.19,0,11023.3,1377.67,3294.25,67348.55,0,14852.63,0,0,73167.98,0,0,0,2318.6,2158.53,0,21780.09,27886.42,63.49,2637.23,15216.52,0,0,0,0
2009-10-06 00:00:00,0,1838.86,0,295.33,9064.51,5927.73,4974.12,0,0,2037.76,14095.05,219.68,0,10364.09,1295.05,3154.87,64548.5,0,13955.52,0,0,70116.92,0,0,0,2195.2,2047.31,0,20643.28,26577.13,61.74,2439.21,14375.2,0,0,0,0
2009-10-06 01:00:00,0,1729.17,0,275.09,8539.12,5438.24,4676.96,0,0,1890.11,13081.43,204.03,0,9931.24,1216.44,3035.18,61961.65,0,13084.13,0,0,67224.39,0,0,0,2101.41,1964.21,0,19748.2,25310.07,59.76,2280.09,13718.43,0,0,0,0
2009-10-06 02:00:00,0,1623.9,0,259.25,8258.88,5074.01,4473.61,0,0,1765.93,12293.23,191.16,0,9830.35,1134.89,2929.65,59668.07,0,12567.28,0,0,65205.81,0,0,0,2055.96,1927.34,0,19228.43,24268.29,58.02,2179.68,13341.55,0,0,0,0
2009-10-06 03:00:00,0,1584.58,0,254.92,8289.88,4890.54,4526.27,0,0,1700.47,11793.3,188.33,0,9877.2,1139.81,2899.25,59047.82,0,12342.5,0,0,65324.51,0,0,0,2071.25,1950.02,0,19328.58,23665.02,57.25,2138.43,13322.73,0,0,0,0
2009-10-06 04:00:00,0,1620.24,0,260.17,8582.26,5006.41,4698.66,0,0,1738.55,11861.53,194.45,0,10114.86,1187.59,3004.64,60443.86,0,12551.86,0,0,67407.73,0,0,0,2143.55,1982.85,0,19918.05,23587.48,57.81,2156.07,13608.83,0,0,0,0
2009-10-06 05:00:00,0,1690.26,0,265.06,9094.75,5185.99,4903.46,0,0,1791.39,12199.2,200.3,0,10473.61,1236.71,3130.03,62303.08,0,13071.61,0,0,69678.35,0,0,0,2225.64,2027.51,0,20440.89,24070.96,59.38,2220.56,14057.68,0,0,0,0
2009-10-06 06:00:00,0,1756.19,0,273.83,9629.95,5370.63,5115.28,0,0,1851.67,12571.51,206.41,0,10885.5,1291.04,3254.01,63969.26,0,13657.86,0,0,71898.02,0,0,0,2306.09,2071.42,0,20969.31,24752.34,61.09,2283.58,14505.7,0,0,0,0
2009-10-06 07:00:00,0,1816.45,0,292.64,10280.36,5636.97,5368.18,0,0,1998.91,13385.79,217.7,0,12237.92,1382.53,3437.2,65617.62,0,15385.24,0,0,78369.99,0,0,0,2394.95,2121.45,0,21610.32,25487.02,62.7,2413.54,14937.34,0,0,0,0
2009-10-06 08:00:00,0,1871.02,0,311.91,10740.75,5995.2,5653.01,0,0,2147.77,14482.08,236.98,0,12545.3,1449.8,3606.11,69439.37,0,15768.96,0,0,79847.36,0,0,0,2459.29,2171.79,0,22343.25,26628.87,64.48,2552.8,15527.33,0,0,0,0
2009-10-06 09:00:00,0,1940.69,0,327.98,11101.52,6432.36,5872.84,0,0,2283.82,15772.54,250.22,0,12820.99,1519.15,3694.18,72009.26,0,16262.84,0,0,82203.06,0,0,0,2527.9,2220.99,0,22911.86,27633.62,66.58,2707.68,15933.98,0,0,0,0
2009-10-06 10:00:00,0,2009.54,0,348.13,11278.24,6883.5,6072.65,0,0,2449.29,17157.69,264.64,0,13059.5,1645.22,3797.22,73998.35,0,16681.65,0,0,84385.48,0,0,0,2584.01,2273.28,0,23622.4,28160.13,68.63,2865.33,16299.34,0,0,0,0
2009-10-06 11:00:00,0,2011.36,0,368.7,11394.32,7562.52,6259.59,0,0,2645.94,18632.67,281.66,0,13135.8,1784.44,3887.45,75768.28,0,16943.99,0,0,85750.67,0,0,0,2637.2,2309.94,0,24582.19,28200.31,70.43,3062.76,16719.98,0,0,0,0
2009-10-06 12:00:00,0,2043.88,0,389.62,11461.87,8114.03,6410.83,0,0,2820.88,19798.21,298.68,0,13158.42,1884.14,3960.2,77314.44,0,17185.08,0,0,86954.29,0,0,0,2679.08,2347.82,0,25835.09,28356.34,72.3,3245.37,17158.62,0,0,0,0
2009-10-06 13:00:00,0,2068.99,0,414.48,11512.9,8565.66,6540.41,0,0,2976.65,20768.49,310.86,0,13148.19,1993.71,4011.86,78596.12,0,17310.84,0,0,88119.27,0,0,0,2721.72,2391.28,0,27365.64,28694.92,74.13,3373.7,17634.51,0,0,0,0
2009-10-06 14:00:00,0,2046.68,0,418.86,11562.93,8905.2,6644.97,0,0,3082.07,21581.37,332.9,0,13119.37,2119.81,4048.12,79339.19,0,17423.68,0,0,89371.71,0,0,0,2754.61,2436.94,0,28929.51,28732.33,76.8,3449.49,18177.24,0,0,0,0
2009-10-06 15:00:00,0,2039.03,0,438.79,11610.08,9024.54,6677.5,0,0,3091.06,21896.48,349.88,0,13198.2,2223.55,4033.45,79559.27,0,17635.5,0,0,90666.3,0,0,0,2787.69,2475.78,0,30255.32,28743.25,78.51,3479.82,18508.24,0,0,0,0
2009-10-06 16:00:00,0,1998.09,0,457.65,11601.16,9035.88,6721.47,0,0,3035.93,21684.53,360.69,0,13566.62,2271.01,4058.93,79811.42,0,17812.78,0,0,91609.56,0,0,0,2815.15,2506.62,0,31006.2,28703.8,78.27,3495.0,18855.07,0,0,0,0
2009-10-06 17:00:00,0,1963.65,0,457.4,11592.75,8935.62,6771.58,0,0,2972.81,21103.72,364.47,0,13818.37,2261.16,4051.26,79620.57,0,17755.98,0,0,91482.14,0,0,0,2838.74,2542.47,0,31363.34,28575.53,76.99,3480.34,19291.33,0,0,0,0
2009-10-06 18:00:00,0,1977.4,0,431.15,11575.13,8590.34,6801.08,0,0,2865.19,20068.59,350.88,0,14007.28,2119.45,4046.73,79034.19,0,17606.01,0,0,91326.62,0,0,0,2848.2,2588.23,0,30735.48,28328.81,74.85,3395.14,19462.5,0,0,0,0
2009-10-06 19:00:00,0,2044.32,0,425.76,12369.12,8477.06,7256.22,0,0,2857.17,20020.6,352.43,0,14556.85,2122.37,3992.9,79514.7,0,18746.01,0,0,92384.33,0,0,0,2759.6,2570.19,0,31108.74,28251.83,75.35,3297.25,19836.32,0,0,0,0
2009-10-06 20:00:00,0,2058.55,0,411.29,12092.0,8077.03,6784.27,0,0,2685.76,18913.06,332.71,0,13521.37,1962.47,3841.72,78240.8,0,17901.1,0,0,88182.56,0,0,0,2721.57,2489.47,0,30391.54,28261.72,71.41,3094.74,19643.29,0,0,0,0
2009-10-06 21:00:00,0,2091.04,0,385.63,11393.62,7483.16,6294.01,0,0,2516.23,17793.39,310.46,0,12590.32,1814.02,3695.09,75835.11,0,17076.88,0,0,84806.21,0,0,0,2630.63,2358.78,0,29141.48,28018.21,67.62,2898.68,19081.35,0,0,0,0
2009-10-06 22:00:00,0,1990.78,0,358.27,10605.05,6871.29,5843.36,0,0,2356.79,16655.92,284.09,0,11666.44,1674.06,3538.7,72720.61,0,16042.77,0,0,81711.26,0,0,0,2469.53,2230.35,0,27211.19,27160.01,63.93,2715.21,18200.49,0,0,0,0
2009-10-06 23:00:00,0,1870.23,0,331.95,9927.46,6312.17,5456.52,0,0,2191.94,15498.87,258.68,0,10911.55,1558.79,3424.13,69533.48,0,15027.59,0,0,78977.98,0,0,0,2317.11,2112.04,0,25486.31,25692.11,61.14,2548.98,17237.07,0,0,0,0
2009-10-07 00:00:00,0,1772.47,0,306.04,9385.79,5789.12,5105.33,0,0,2029.38,14390.62,236.45,0,10251.85,1455.43,3339.29,66436.4,0,14135.01,0,0,76521.32,0,0,0,2195.32,2015.59,0,24081.59,24437.84,58.33,2374.47,16191.16,0,0,0,0
2009-10-07 01:00:00,0,1705.4,0,281.79,8902.08,5333.53,4805.33,0,0,1889.26,13337.52,217.2,0,9928.32,1351.38,3242.72,63792.73,0,13462.05,0,0,74378.73,0,0,0,2110.59,1940.95,0,23121.9,23419.22,56.58,2211.89,15256.54,0,0,0,0
2009-10-07 02:00:00,0,1692.7,0,262.35,8674.44,5060.86,4591.46,0,0,1770.09,12552.06,202.05,0,9881.3,1268.9,3086.62,61213.05,0,13018.63,0,0,72203.07,0,0,0,2085.32,1924.92,0,22727.76,22571.03,55.64,2126.52,14600.57,0,0,0,0
2009-10-07 03:00:00,0,1748.51,0,259.1,8683.95,4898.84,4653.49,0,0,1725.87,12045.81,193.85,0,10043.3,1229.41,2952.41,59262.59,0,13027.28,0,0,71747.03,0,0,0,2097.57,1940.94,0,22749.27,22392.02,55.82,2101.33,14085.95,0,0,0,0
2009-10-07 04:00:00,0,1857.89,0,266.82,8898.91,5012.16,4887.35,0,0,1771.15,12039.26,198.37,0,10353.46,1247.61,2969.0,59588.07,0,13551.52,0,0,71670.08,0,0,0,2175.27,1993.43,0,23367.89,22714.5,57.19,2151.64,13860.11,0,0,0,0
2009-10-07 05:00:00,0,1978.94,0,276.06,9403.02,5193.17,5128.06,0,0,1822.8,12332.64,204.07,0,10707.21,1276.68,3071.24,61013.78,0,14184.67,0,0,72941.97,0,0,0,2267.2,2047.5,0,24085.97,23501.04,59.02,2223.21,13811.35,0,0,0,0
2009-10-07 06:00:00,0,2095.21,0,285.11,10033.38,5383.12,5346.27,0,0,1882.74,12681.01,209.35,0,11083.22,1314.39,3243.45,62531.48,0,14713.91,0,0,74686.9,0,0,0,2374.63,2106.61,0,24789.95,24455.9,61.02,2292.08,13868.48,0,0,0,0
2009-10-07 07:00:00,0,2202.06,0,304.56,10735.66,5721.41,5629.75,0,0,2036.47,13532.34,218.49,0,11705.21,1403.22,3458.39,64146.9,0,15851.95,0,0,78907.36,0,0,0,2477.57,2210.52,0,25171.26,25367.91,63.39,2452.02,14213.67,0,0,0,0
2009-10-07 08:00:00,0,2333.39,0,338.93,11074.69,6322.64,5923.04,0,0,2241.64,14978.96,242.4,0,12417.84,1509.07,3667.76,67943.75,0,16898.7,0,0,83471.07,0,0,0,2613.33,2329.93,0,26181.92,26966.1,65.32,2694.83,15161.12,0,0,0,0
2009-10-07 09:00:00,0,2189.6,0,359.64,11350.95,7023.28,6220.35,0,0,2459.46,16608.68,258.44,0,12958.84,1609.46,3749.42,70159.58,0,17666.83,0,0,85126.03,0,0,0,2772.03,2420.51,0,26804.86,27235.16,66.53,2924.17,15704.62,0,0,0,0
2009-10-07 10:00:00,0,2082.71,0,390.76,11364.09,7703.71,6542.85,0,0,2663.88,18185.44,269.27,0,13467.2,1738.86,3850.65,71920.76,0,17983.73,0,0,85634.12,0,0,0,2923.61,2545.03,0,27325.24,27168.25,67.11,3140.21,16024.06,0,0,0,0
2009-10-07 11:00:00,0,2047.31,0,426.78,11513.95,8381.88,6872.87,0,0,2886.13,19852.32,295.98,0,13851.97,1917.75,3881.84,73678.54,0,18284.59,0,0,85610.88,0,0,0,3054.61,2667.55,0,28382.42,27333.26,68.19,3354.9,16246.24,0,0,0,0
2009-10-07 12:00:00,0,2009.53,0,453.67,11918.76,8987.97,6960.07,0,0,3052.25,21072.34,322.05,0,14156.08,2081.35,3848.02,74857.08,0,18124.7,0,0,85069.76,0,0,0,3211.64,2835.64,0,29506.68,27660.5,69.39,3512.94,16425.03,0,0,0,0
2009-10-07 13:00:00,0,1951.27,0,472.25,12200.19,9539.51,7161.17,0,0,3181.05,21969.17,337.75,0,14225.26,2208.33,3813.54,75361.7,0,17935.89,0,0,84799.96,0,0,0,3389.71,3033.58,0,30383.36,27908.04,69.53,3651.51,16534.77,0,0,0,0
2009-10-07 14:00:00,0,1916.12,0,487.05,12274.9,9940.68,7272.95,0,0,3276.74,22563.77,351.32,0,13895.03,2307.36,3774.46,75587.87,0,17933.66,0,0,84799.82,0,0,0,3499.42,3175.8,0,30918.89,28102.86,69.26,3762.09,16564.95,0,0,0,0
2009-10-07 15:00:00,0,1893.66,0,495.88,12121.1,10178.64,7359.2,0,0,3326.6,22787.84,361.95,0,13516.56,2382.87,3729.19,75701.39,0,18032.21,0,0,84568.83,0,0,0,3590.72,3264.17,0,31509.07,28502.87,69.09,3825.67,16650.1,0,0,0,0
2009-10-07 16:00:00,0,1895.2,0,498.86,11964.79,10172.36,7410.72,0,0,3295.38,22473.37,365.98,0,13682.05,2421.0,3704.54,75803.77,0,18147.49,0,0,84044.5,0,0,0,3639.83,3316.38,0,31621.06,28816.04,69.34,3802.57,16788.35,0,0,0,0
2009-10-07 17:00:00,0,1939.86,0,492.47,11919.24,9816.88,7246.74,0,0,3186.79,21675.76,357.15,0,13850.7,2385.69,3762.82,75863.37,0,18394.44,0,0,83869.3,0,0,0,3642.7,3276.53,0,31224.29,29118.61,69.45,3696.96,16997.64,0,0,0,0
2009-10-07 18:00:00,0,2063.48,0,457.62,11316.19,9196.7,6817.61,0,0,3029.23,20580.13,343.93,0,14168.89,2237.17,3765.45,75183.17,0,18276.03,0,0,84271.79,0,0,0,3511.79,3135.95,0,30298.14,29123.97,68.53,3517.11,16507.3,0,0,0,0
2009-10-07 19:00:00,0,2119.23,0,443.21,11668.0,8992.1,7311.63,0,0,2999.94,20435.7,347.13,0,14692.95,2193.54,3880.17,75668.78,0,19256.97,0,0,89539.49,0,0,0,3481.5,3054.57,0,30634.27,29537.55,74.81,3486.85,17220.08,0,0,0,0
2009-10-07 20:00:00,0,2160.52,0,426.75,11394.73,8520.43,6656.25,0,0,2796.83,19220.28,331.95,0,13713.22,2016.96,3716.68,74302.35,0,18527.71,0,0,85307.04,0,0,0,3337.05,2895.01,0,29533.23,29482.37,71.31,3256.59,17060.79,0,0,0,0
2009-10-07 21:00:00,0,2205.88,0,401.99,10930.11,7917.16,6046.07,0,0,2613.56,18126.13,314.01,0,12889.2,1878.55,3573.15,72529.15,0,17743.16,0,0,81097.72,0,0,0,3087.49,2692.4,0,27998.13,29410.01,68.14,3019.55,16848.87,0,0,0,0
2009-10-07 22:00:00,0,2133.19,0,371.23,10115.51,7201.13,5498.85,0,0,2436.98,16979.13,290.44,0,12031.55,1741.2,3433.26,69594.52,0,16621.87,0,0,77279.19,0,0,0,2808.29,2475.58,0,25808.71,28613.83,64.74,2797.63,15703.2,0,0,0,0
2009-10-07 23:00:00,0,2012.89,0,343.99,9391.73,6549.77,5103.46,0,0,2266.02,15793.43,266.15,0,11296.22,1601.16,3298.08,66645.25,0,15409.79,0,0,73736.7,0,0,0,2571.07,2300.39,0,23939.54,27161.18,62.45,2594.17,14784.15,0,0,0,0
2009-10-08 00:00:00,0,1878.15,0,318.1,8821.71,5973.8,4743.7,0,0,2095.99,14608.94,242.91,0,10625.14,1473.47,3172.67,63796.5,0,14272.7,0,0,70592.29,0,0,0,2380.85,2148.74,0,22244.93,25818.28,60.13,2399.97,13962.4,0,0,0,0
2009-10-08 01:00:00,0,1762.71,0,293.96,8446.9,5479.03,4460.35,0,0,1945.88,13516.3,222.89,0,10147.33,1361.76,3066.79,61181.28,0,13298.07,0,0,67715.13,0,0,0,2229.23,2005.86,0,20992.36,24664.48,58.12,2229.94,13199.01,0,0,0,0
2009-10-08 02:00:00,0,1642.58,0,275.82,8274.07,5191.45,4303.25,0,0,1817.96,12680.12,206.3,0,9968.31,1286.24,2948.41,58674.42,0,12624.64,0,0,65697.37,0,0,0,2118.43,1951.55,0,20286.55,23722.32,56.52,2123.65,12766.68,0,0,0,0
2009-10-08 03:00:00,0,1577.57,0,271.1,8298.78,4986.07,4331.5,0,0,1750.83,12150.28,197.72,0,10108.22,1248.9,2938.29,57582.99,0,12343.96,0,0,65612.44,0,0,0,2045.12,1944.58,0,19983.64,23382.79,56.51,2077.38,12688.03,0,0,0,0
2009-10-08 04:00:00,0,1582.01,0,277.28,8698.25,5022.88,4626.95,0,0,1781.76,12125.44,202.88,0,10385.84,1279.8,3030.85,58971.06,0,12462.54,0,0,67211.7,0,0,0,2054.96,1981.34,0,20186.1,23211.97,57.18,2114.96,12889.59,0,0,0,0
2009-10-08 05:00:00,0,1649.64,0,285.87,9323.32,5203.22,4955.72,0,0,1833.62,12433.24,207.65,0,10642.53,1315.21,3177.22,60894.59,0,12976.8,0,0,69390.86,0,0,0,2108.2,2022.54,0,20465.06,23677.37,58.29,2179.56,13254.19,0,0,0,0
2009-10-08 06:00:00,0,1717.13,0,294.83,9948.57,5393.44,5313.29,0,0,1887.42,12785.71,212.84,0,10974.28,1353.89,3316.97,62776.73,0,13531.92,0,0,71841.59,0,0,0,2171.51,2076.32,0,20808.46,24459.6,59.81,2252.61,13641.42,0,0,0,0
2009-10-08 07:00:00,0,1791.81,0,319.6,10937.68,5774.29,5747.52,0,0,2050.85,13762.01,224.96,0,12510.39,1448.62,3468.99,64786.49,0,15531.79,0,0,79062.95,0,0,0,2353.51,2139.9,0,21657.88,25262.23,61.77,2416.09,14374.74,0,0,0,0
2009-10-08 08:00:00,0,1866.45,0,343.36,11165.22,6364.24,5854.56,0,0,2269.99,15197.1,246.12,0,12826.68,1532.13,3638.98,68680.45,0,15921.06,0,0,79827.82,0,0,0,2407.24,2202.9,0,22360.77,26490.43,63.61,2656.02,15468.79,0,0,0,0
2009-10-08 09:00:00,0,1949.16,0,375.23,10955.84,7116.9,5773.94,0,0,2487.92,16814.01,268.27,0,13076.12,1642.81,3687.04,71005.98,0,16310.93,0,0,81573.66,0,0,0,2440.81,2253.94,0,23646.48,27487.11,65.72,2886.12,15934.51,0,0,0,0
2009-10-08 10:00:00,0,1996.13,0,411.5,10873.58,7904.56,5724.68,0,0,2707.48,18483.06,296.23,0,13043.05,1782.81,3740.51,72989.36,0,16643.41,0,0,83032.53,0,0,0,2475.39,2302.32,0,24906.61,27918.94,68.3,3149.63,16293.71,0,0,0,0
2009-10-08 11:00:00,0,2018.1,0,442.1,10827.35,8717.21,5819.01,0,0,2924.58,19973.61,321.54,0,13034.04,1898.74,3809.64,74450.21,0,16828.18,0,0,83862.13,0,0,0,2530.2,2348.15,0,26651.27,28225.56,70.77,3419.31,16829.75,0,0,0,0
2009-10-08 12:00:00,0,2057.99,0,466.65,10819.02,9388.28,5997.69,0,0,3094.44,21055.38,342.21,0,13015.85,1990.45,3828.54,75775.57,0,16951.11,0,0,84362.39,0,0,0,2579.1,2393.88,0,28622.51,28586.26,73.19,3616.88,17637.01,0,0,0,0
2009-10-08 13:00:00,0,2115.65,0,490.33,10881.86,9876.65,6124.28,0,0,3212.89,21846.01,361.81,0,12995.3,2067.78,3853.83,77010.18,0,17024.78,0,0,84858.79,0,0,0,2664.55,2472.88,0,30651.21,28918.16,76.0,3767.2,18822.73,0,0,0,0
2009-10-08 14:00:00,0,2160.01,0,507.81,11020.22,10246.09,6305.44,0,0,3294.24,22366.89,378.03,0,12966.91,2117.87,3882.08,77927.34,0,17213.22,0,0,85394.77,0,0,0,2750.88,2563.3,0,32274.31,29331.26,78.82,3891.45,19965.15,0,0,0,0
2009-10-08 15:00:00,0,2188.79,0,510.7,11249.47,10464.72,6456.08,0,0,3329.45,22584.67,388.68,0,13080.78,2136.19,3891.04,78384.64,0,17386.38,0,0,85959.0,0,0,0,2811.88,2644.21,0,33278.58,29551.19,82.14,3978.67,20782.06,0,0,0,0
2009-10-08 16:00:00,0,2250.65,0,500.36,11496.34,10458.53,6603.57,0,0,3278.19,22371.4,389.66,0,13283.64,2119.32,3894.9,78296.78,0,17660.0,0,0,87196.04,0,0,0,2865.96,2683.2,0,33718.17,29643.11,83.98,3991.8,21152.09,0,0,0,0
2009-10-08 17:00:00,0,2297.74,0,475.57,11776.78,10042.49,6638.04,0,0,3155.6,21365.36,376.06,0,13763.51,2073.54,3898.74,78048.96,0,17591.5,0,0,87822.68,0,0,0,2906.71,2720.4,0,33508.44,29667.39,83.56,3885.79,21203.14,0,0,0,0
2009-10-08 18:00:00,0,2328.96,0,438.02,11362.92,9246.54,6402.15,0,0,2984.95,20223.5,349.95,0,14112.07,1993.47,3914.63,77551.41,0,17517.9,0,0,87254.5,0,0,0,2841.79,2683.12,0,32103.12,29536.09,82.57,3650.85,20540.13,0,0,0,0
2009-10-08 19:00:00,0,2164.45,0,448.28,12004.22,9041.61,7019.75,0,0,2956.72,19982.18,349.98,0,14492.26,2051.94,3937.37,77882.28,0,18441.06,0,0,87865.72,0,0,0,2962.52,2753.16,0,32477.15,28632.12,81.24,3578.12,20823.45,0,0,0,0
2009-10-08 20:00:00,0,2218.19,0,430.11,11744.65,8577.02,6456.15,0,0,2778.4,18983.17,336.61,0,13464.63,1922.48,3791.34,76608.11,0,17654.16,0,0,83763.74,0,0,0,2881.44,2638.99,0,31336.12,28836.13,78.2,3318.95,20389.95,0,0,0,0
2009-10-08 21:00:00,0,2241.75,0,401.78,11169.14,8022.07,5949.16,0,0,2611.58,17994.71,317.5,0,12531.63,1795.7,3648.76,74669.78,0,16901.78,0,0,80180.35,0,0,0,2727.51,2493.7,0,29949.1,28667.33,74.65,3100.4,19703.68,0,0,0,0
2009-10-08 22:00:00,0,2164.13,0,372.89,10370.29,7364.42,5549.21,0,0,2449.91,16941.22,293.85,0,11657.14,1673.99,3510.04,71985.58,0,15877.56,0,0,77151.28,0,0,0,2553.07,2355.84,0,27938.84,27841.81,70.76,2892.78,18799.05,0,0,0,0
2009-10-08 23:00:00,0,2069.41,0,344.57,9608.29,6711.89,5200.58,0,0,2286.1,15840.21,268.32,0,10873.96,1557.8,3474.37,68939.24,0,14773.95,0,0,74391.56,0,0,0,2393.9,2215.92,0,26213.99,26490.38,67.18,2680.56,17770.84,0,0,0,0
2009-10-09 00:00:00,0,1947.75,0,314.74,9027.81,6144.98,4866.63,0,0,2127.9,14787.05,244.93,0,10214.27,1450.62,3385.94,66134.52,0,13852.2,0,0,71629.42,0,0,0,2256.16,2076.33,0,24645.78,25279.3,63.83,2494.79,16851.52,0,0,0,0
2009-10-09 01:00:00,0,1854.3,0,288.44,8537.59,5667.17,4566.26,0,0,1981.09,13784.95,224.92,0,9944.23,1351.45,3244.79,63414.72,0,13228.67,0,0,69100.3,0,0,0,2146.95,1955.19,0,23578.84,24214.62,60.9,2326.53,16085.83,0,0,0,0
2009-10-09 02:00:00,0,1750.64,0,271.3,8279.04,5408.02,4359.82,0,0,1862.05,13050.61,210.25,0,9964.32,1277.46,3131.45,60800.85,0,12764.75,0,0,67279.07,0,0,0,2090.51,1913.01,0,22944.4,23456.58,58.87,2236.29,15500.49,0,0,0,0
2009-10-09 03:00:00,0,1693.3,0,264.7,8271.21,5252.68,4428.58,0,0,1804.99,12566.96,201.79,0,10233.55,1263.52,3025.02,59625.3,0,12740.45,0,0,67667.43,0,0,0,2089.56,1936.07,0,22603.91,23011.2,57.04,2196.68,15195.94,0,0,0,0
2009-10-09 04:00:00,0,1734.53,0,270.81,8552.12,5247.68,4645.6,0,0,1849.44,12560.77,206.0,0,10640.54,1306.8,3121.61,60906.39,0,13285.02,0,0,69947.36,0,0,0,2178.04,1985.49,0,22819.92,22922.56,57.28,2235.27,15200.65,0,0,0,0
2009-10-09 05:00:00,0,1819.32,0,279.59,9036.53,5434.71,4860.45,0,0,1909.85,12917.69,211.19,0,10987.53,1362.04,3257.82,62415.07,0,13864.57,0,0,72397.19,0,0,0,2268.96,2033.82,0,23233.32,23626.26,58.3,2304.33,15422.27,0,0,0,0
2009-10-09 06:00:00,0,1908.35,0,289.56,9550.25,5625.11,5076.94,0,0,1969.46,13314.05,216.89,0,11344.01,1417.02,3407.74,63873.6,0,14100.63,0,0,74640.97,0,0,0,2357.51,2086.49,0,23659.75,24550.69,59.5,2376.31,15740.14,0,0,0,0
2009-10-09 07:00:00,0,1999.02,0,307.57,10361.19,5922.95,5490.54,0,0,2109.6,14186.96,225.58,0,12032.65,1523.34,3557.48,65352.74,0,15317.85,0,0,79379.71,0,0,0,2459.7,2163.91,0,24362.68,25490.32,60.89,2489.42,16077.55,0,0,0,0
2009-10-09 08:00:00,0,2102.69,0,340.99,10825.24,6535.98,5903.72,0,0,2327.88,15694.62,247.28,0,12781.64,1636.09,3796.46,68388.58,0,16080.49,0,0,83252.8,0,0,0,2611.38,2296.32,0,25918.67,26709.64,62.36,2683.18,16892.43,0,0,0,0
2009-10-09 09:00:00,0,2206.68,0,368.1,11062.14,7232.22,6334.38,0,0,2541.66,17203.29,266.87,0,13048.57,1771.19,3987.17,70959.63,0,16358.27,0,0,84745.78,0,0,0,2822.1,2461.87,0,27041.75,27819.58,64.05,2873.94,17820.82,0,0,0,0
2009-10-09 10:00:00,0,2297.18,0,399.0,11399.71,7949.54,6711.42,0,0,2751.11,18666.87,291.46,0,13294.53,1936.26,4124.2,72658.94,0,16806.12,0,0,86414.24,0,0,0,3028.81,2627.63,0,28558.34,28177.19,65.77,3132.97,18655.56,0,0,0,0
2009-10-09 11:00:00,0,2369.63,0,423.76,12065.03,8730.14,7163.73,0,0,2960.22,20118.62,319.86,0,13578.74,2069.3,4231.76,74189.73,0,17347.8,0,0,88110.15,0,0,0,3331.42,2925.52,0,30499.83,28424.01,67.49,3424.19,19699.21,0,0,0,0
2009-10-09 12:00:00,0,2414.03,0,443.14,13056.54,9373.49,7796.44,0,0,3106.54,21132.61,339.52,0,13862.0,2178.16,4361.8,75218.4,0,17949.01,0,0,90236.75,0,0,0,3616.0,3213.85,0,32453.19,28536.29,69.28,3640.03,20564.12,0,0,0,0
2009-10-09 13:00:00,0,2420.17,0,454.93,13919.97,9856.96,8392.79,0,0,3216.35,21891.41,357.26,0,14160.86,2262.81,4433.94,75934.12,0,18197.21,0,0,92762.06,0,0,0,3805.17,3443.24,0,34430.58,28495.21,71.46,3785.86,20530.17,0,0,0,0
2009-10-09 14:00:00,0,2400.34,0,460.12,14529.78,10153.4,8813.3,0,0,3286.15,22315.54,369.74,0,14264.76,2333.9,4526.37,76029.45,0,18441.38,0,0,94929.23,0,0,0,3891.88,3556.92,0,35764.09,28313.53,73.15,3899.19,20535.07,0,0,0,0
2009-10-09 15:00:00,0,2369.21,0,465.98,11249.47,10337.12,6456.08,0,0,3317.11,22579.58,376.78,0,14416.72,2385.88,4391.25,75654.21,0,18458.75,0,0,96866.43,0,0,0,3946.28,3618.31,0,36318.05,28066.06,72.54,3946.07,20466.6,0,0,0,0
2009-10-09 16:00:00,0,2333.47,0,466.84,11496.34,10243.26,6603.57,0,0,3240.7,22434.97,378.9,0,14382.21,2404.67,4330.36,75359.31,0,18540.92,0,0,98585.95,0,0,0,3943.0,3609.45,0,36379.69,27876.42,72.47,3916.32,20219.36,0,0,0,0
2009-10-09 17:00:00,0,2294.08,0,447.18,11776.78,9720.61,8845.31,0,0,3100.02,21300.49,369.58,0,14420.05,2345.69,4230.06,74848.82,0,18450.96,0,0,98268.5,0,0,0,3815.81,3460.52,0,35671.26,27726.36,71.85,3759.47,19759.21,0,0,0,0
2009-10-09 18:00:00,0,2304.87,0,420.52,14769.22,9210.53,8638.03,0,0,2993.19,20314.42,356.53,0,14530.02,2185.83,4123.53,74427.26,0,18422.15,0,0,96719.2,0,0,0,3627.19,3315.51,0,34375.42,27649.75,71.03,3625.03,19061.87,0,0,0,0
2009-10-09 19:00:00,0,2205.25,0,429.5,14608.24,8559.74,8833.95,0,0,2821.8,19629.28,340.45,0,13772.25,2094.67,3864.4,71845.3,0,17850.08,0,0,95227.75,0,0,0,3526.22,3349.14,0,33503.99,26417.92,61.09,3347.32,18671.49,0,0,0,0
2009-10-09 20:00:00,0,2276.92,0,409.95,14256.57,8133.79,8210.75,0,0,2625.45,18398.37,325.19,0,12896.16,1969.54,3637.35,70963.47,0,17232.85,0,0,90690.53,0,0,0,3451.57,3234.43,0,32607.38,26921.41,59.2,3129.89,18219.09,0,0,0,0
2009-10-09 21:00:00,0,2358.5,0,383.08,13529.81,7585.01,7626.07,0,0,2470.7,17304.86,309.23,0,12134.05,1851.88,3457.97,69462.97,0,16709.77,0,0,86683.18,0,0,0,3365.93,3104.1,0,31210.88,26680.47,57.58,2939.75,17322.54,0,0,0,0
2009-10-09 22:00:00,0,2288.46,0,354.53,12621.51,7006.31,7158.92,0,0,2322.7,16244.5,284.04,0,11411.02,1742.19,3330.57,67453.34,0,15880.99,0,0,83156.24,0,0,0,3168.37,2977.52,0,29036.85,26131.71,56.23,2776.94,16278.48,0,0,0,0
2009-10-09 23:00:00,0,2177.78,0,326.16,11729.88,6469.35,6692.98,0,0,2171.1,15191.22,261.91,0,10764.45,1612.36,3203.07,64996.69,0,15042.58,0,0,79570.13,0,0,0,2977.33,2821.08,0,27030.18,25511.84,54.8,2614.67,15080.32,0,0,0,0
2009-10-10 00:00:00,0,2086.53,0,301.4,10905.73,5990.73,6289.42,0,0,2028.04,14224.95,241.59,0,10149.61,1486.33,3089.43,62468.73,0,14305.03,0,0,75987.64,0,0,0,2792.84,2668.52,0,25014.56,24831.52,53.21,2456.44,14036.87,0,0,0,0
2009-10-10 01:00:00,0,2000.4,0,281.35,10375.44,5592.02,6005.61,0,0,1906.39,13288.66,223.46,0,9840.57,1377.01,2963.97,59952.11,0,13498.95,0,0,72326.51,0,0,0,2659.33,2540.71,0,23726.44,24234.42,51.47,2310.72,13163.9,0,0,0,0
2009-10-10 02:00:00,0,1960.67,0,261.36,9977.99,5323.63,5784.93,0,0,1796.66,12542.12,211.75,0,9838.99,1296.87,2871.51,57989.26,0,12882.87,0,0,69840.88,0,0,0,2579.62,2431.55,0,22822.36,23635.25,50.44,2197.55,12754.19,0,0,0,0
2009-10-10 03:00:00,0,1979.08,0,248.25,9666.72,5134.99,5628.78,0,0,1723.27,12198.82,204.07,0,9920.18,1231.72,2843.41,56598.37,0,12605.67,0,0,68371.01,0,0,0,2534.27,2372.05,0,22350.99,23206.77,49.35,2129.55,12522.01,0,0,0,0
2009-10-10 04:00:00,0,2008.72,0,243.04,9495.34,4948.78,5631.6,0,0,1702.95,11971.82,198.86,0,10004.59,1208.37,2853.38,55720.07,0,12573.11,0,0,68104.92,0,0,0,2509.25,2334.04,0,22004.96,23113.42,49.15,2103.95,12397.77,0,0,0,0
2009-10-10 05:00:00,0,2058.66,0,242.1,9453.73,4908.04,5694.61,0,0,1708.33,11974.87,197.39,0,10098.01,1214.59,2893.98,55937.76,0,12653.44,0,0,68441.0,0,0,0,2489.02,2325.21,0,21854.52,23437.2,49.71,2118.02,12440.09,0,0,0,0
2009-10-10 06:00:00,0,2133.91,0,244.6,9512.9,5032.93,5768.03,0,0,1729.05,12066.12,198.32,0,10297.64,1236.74,2958.02,56955.72,0,12868.68,0,0,68725.51,0,0,0,2491.81,2334.02,0,21893.91,23936.57,50.42,2164.12,12752.54,0,0,0,0
2009-10-10 07:00:00,0,2211.7,0,253.19,9784.29,5368.67,5976.71,0,0,1814.41,12576.19,205.08,0,10589.15,1274.65,2991.0,58425.05,0,13393.5,0,0,70040.36,0,0,0,2552.23,2384.19,0,22075.35,24438.68,51.3,2251.91,13151.97,0,0,0,0
2009-10-10 08:00:00,0,2392.5,0,273.3,10132.01,6033.13,6335.8,0,0,2021.5,14326.84,224.88,0,10943.1,1394.05,3113.43,60611.53,0,14078.65,0,0,71651.79,0,0,0,2666.31,2544.68,0,22442.87,25058.76,52.35,2478.59,13685.82,0,0,0,0
2009-10-10 09:00:00,0,2372.42,0,312.89,10404.22,6925.84,6687.87,0,0,2247.94,16399.73,246.82,0,11376.57,1583.69,3218.52,62408.22,0,14617.18,0,0,73091.27,0,0,0,2825.63,2749.06,0,23079.96,25522.85,52.9,2789.62,14172.14,0,0,0,0
2009-10-10 10:00:00,0,2394.61,0,336.96,10746.3,7761.5,7038.49,0,0,2506.32,18201.96,273.96,0,11653.73,1780.48,3279.87,64094.47,0,14904.69,0,0,74157.51,0,0,0,3048.45,2972.35,0,24008.63,26105.11,53.87,3074.83,14567.48,0,0,0,0
2009-10-10 11:00:00,0,2383.69,0,373.61,11387.51,8533.57,7568.76,0,0,2724.87,19590.15,298.08,0,11990.47,1937.13,3308.81,65257.85,0,15177.05,0,0,74797.81,0,0,0,3244.64,3229.92,0,24845.68,26423.93,55.75,3288.86,14770.18,0,0,0,0
2009-10-10 12:00:00,0,2353.71,0,404.06,11894.95,9143.77,7943.23,0,0,2895.88,20682.87,317.99,0,12227.09,2057.19,3305.99,65940.43,0,15303.01,0,0,75302.13,0,0,0,3408.6,3423.97,0,25799.57,26349.74,56.76,3455.0,14933.81,0,0,0,0
2009-10-10 13:00:00,0,2311.98,0,426.44,12185.29,9588.35,8127.9,0,0,3012.21,21389.31,335.79,0,12051.46,2150.53,3287.29,66266.99,0,15164.96,0,0,75478.92,0,0,0,3534.35,3555.58,0,26662.0,26156.37,57.13,3550.17,15073.28,0,0,0,0
2009-10-10 14:00:00,0,2255.43,0,442.17,12327.5,9829.75,8226.26,0,0,3064.98,21760.31,348.59,0,11826.92,2206.99,3264.31,66156.17,0,15081.26,0,0,75063.79,0,0,0,3627.28,3634.7,0,27146.15,25881.42,57.17,3612.98,15096.85,0,0,0,0
2009-10-10 15:00:00,0,2204.53,0,439.87,12286.67,9976.43,8185.0,0,0,3089.71,21904.31,356.44,0,11782.94,2232.84,3264.58,66016.0,0,15074.75,0,0,74723.23,0,0,0,3693.57,3678.07,0,27356.99,25764.21,56.8,3678.62,15177.3,0,0,0,0
2009-10-10 16:00:00,0,2178.74,0,436.97,11825.19,9922.54,7929.29,0,0,3032.96,21544.94,356.83,0,11866.79,2219.99,3271.77,65926.5,0,15261.21,0,0,74567.88,0,0,0,3682.72,3629.69,0,27200.67,25558.5,55.53,3669.54,15214.28,0,0,0,0
2009-10-10 17:00:00,0,2149.2,0,429.38,11158.53,9536.86,7433.94,0,0,2902.4,20571.06,351.21,0,12275.52,2123.71,3293.7,65641.84,0,15351.85,0,0,74496.04,0,0,0,3568.68,3471.07,0,26892.34,25418.93,54.09,3558.78,15219.87,0,0,0,0
2009-10-10 18:00:00,0,2148.45,0,396.34,10692.48,8893.62,7004.3,0,0,2759.49,19455.26,335.59,0,12730.04,1983.22,3309.84,65904.69,0,15724.3,0,0,74845.97,0,0,0,3409.76,3284.01,0,26463.51,25284.69,53.07,3378.2,15108.25,0,0,0,0
2009-10-10 19:00:00,0,2212.7,0,399.23,12155.87,8336.87,7602.18,0,0,2783.23,19301.62,334.9,0,13716.7,1984.48,3559.18,69398.51,0,17484.27,0,0,82985.56,0,0,0,3429.03,3240.72,0,27394.0,26825.74,61.89,3294.07,15846.28,0,0,0,0
2009-10-10 20:00:00,0,2323.9,0,389.72,11802.57,7962.85,6957.28,0,0,2601.31,18144.45,319.85,0,12874.35,1866.62,3431.87,68980.7,0,16718.5,0,0,79129.83,0,0,0,3294.85,3090.84,0,27053.88,27541.13,60.36,3081.84,16188.49,0,0,0,0
2009-10-10 21:00:00,0,2430.07,0,370.21,11287.02,7439.43,6431.3,0,0,2438.73,17044.46,304.45,0,12044.55,1753.11,3319.48,68388.58,0,16049.07,0,0,75808.32,0,0,0,3149.63,2911.63,0,26096.1,27331.33,59.09,2889.51,15975.7,0,0,0,0
2009-10-10 22:00:00,0,2382.43,0,345.37,10426.91,6822.52,5939.17,0,0,2282.36,15938.06,279.66,0,11259.69,1637.86,3210.27,66485.13,0,15259.1,0,0,72869.31,0,0,0,2897.44,2715.36,0,24237.27,26776.97,57.73,2702.77,15263.79,0,0,0,0
2009-10-10 23:00:00,0,2304.62,0,316.84,9733.85,6281.14,5552.17,0,0,2137.36,14898.06,255.4,0,10516.41,1520.03,3090.55,64334.34,0,14367.09,0,0,70002.1,0,0,0,2671.36,2525.72,0,22705.63,26098.05,56.22,2523.4,14384.2,0,0,0,0
2009-10-11 00:00:00,0,2228.1,0,289.68,9050.84,5770.13,5191.43,0,0,1996.35,13855.33,234.33,0,9851.53,1413.01,2954.22,62145.7,0,13485.38,0,0,66814.88,0,0,0,2499.25,2375.27,0,21357.9,25372.89,54.76,2348.85,13566.55,0,0,0,0
2009-10-11 01:00:00,0,2158.72,0,270.64,8555.5,5341.92,4865.04,0,0,1876.32,12888.87,216.67,0,9471.92,1321.29,2856.3,60049.09,0,12688.54,0,0,64388.15,0,0,0,2361.91,2236.42,0,20422.38,24693.25,53.44,2190.97,12877.24,0,0,0,0
2009-10-11 02:00:00,0,2116.1,0,254.51,8151.8,5088.17,4588.98,0,0,1756.8,12117.12,204.06,0,9475.34,1253.28,2795.25,58293.44,0,12158.45,0,0,62802.52,0,0,0,2276.63,2116.93,0,19895.21,24064.55,52.58,2096.81,12566.38,0,0,0,0
2009-10-11 03:00:00,0,2126.74,0,242.08,7958.5,4884.3,4405.53,0,0,1679.89,11758.52,194.59,0,9495.17,1195.27,2746.85,57360.61,0,11901.06,0,0,62131.93,0,0,0,2200.7,2042.79,0,19499.63,23554.45,51.99,2015.28,12287.74,0,0,0,0
2009-10-11 04:00:00,0,2153.75,0,242.21,7890.02,4708.31,4385.93,0,0,1653.03,11537.26,188.67,0,9563.92,1182.48,2763.52,56759.78,0,11908.98,0,0,62804.21,0,0,0,2157.8,2043.69,0,19297.28,23442.01,52.01,1989.49,11993.99,0,0,0,0
2009-10-11 05:00:00,0,2207.25,0,242.42,7938.76,4678.62,4414.9,0,0,1653.86,11582.0,187.31,0,9653.7,1183.6,2830.32,57319.12,0,12058.35,0,0,64079.67,0,0,0,2145.12,2044.82,0,19338.74,23772.89,53.16,2000.8,12148.57,0,0,0,0
2009-10-11 06:00:00,0,2273.81,0,245.45,8232.88,4793.76,4529.93,0,0,1669.25,11648.59,186.49,0,9898.92,1194.08,2932.36,58388.51,0,12282.31,0,0,65571.46,0,0,0,2123.06,2039.92,0,19478.55,24231.18,54.33,2035.33,12536.08,0,0,0,0
2009-10-11 07:00:00,0,2339.06,0,250.71,8632.62,5074.37,4705.13,0,0,1749.86,12190.66,192.11,0,10048.65,1230.28,3038.15,59714.26,0,12815.56,0,0,67659.84,0,0,0,2114.33,2053.7,0,19655.78,24656.45,55.46,2098.5,12988.02,0,0,0,0
2009-10-11 08:00:00,0,2488.21,0,264.06,9077.58,5643.77,4944.05,0,0,1951.6,13858.53,209.02,0,10279.05,1330.98,3127.75,61621.16,0,13226.11,0,0,68325.25,0,0,0,2177.51,2136.49,0,19825.41,25281.51,56.7,2327.29,13596.0,0,0,0,0
2009-10-11 09:00:00,0,2525.57,0,280.74,9276.47,6465.05,5212.22,0,0,2196.44,15865.75,227.02,0,10742.51,1470.86,3193.62,63554.6,0,13703.87,0,0,68665.53,0,0,0,2279.0,2243.3,0,20732.87,25846.67,57.72,2650.06,13893.09,0,0,0,0
2009-10-11 10:00:00,0,2538.11,0,298.69,9425.79,7385.8,5397.97,0,0,2457.81,17717.67,249.65,0,11055.5,1638.77,3263.8,65267.53,0,13949.52,0,0,69879.93,0,0,0,2395.76,2343.57,0,21761.47,26288.79,57.79,2978.15,14177.06,0,0,0,0
2009-10-11 11:00:00,0,2520.19,0,324.1,9460.64,8254.4,5547.92,0,0,2691.93,19233.71,275.87,0,11228.85,1780.73,3301.38,66075.83,0,14143.84,0,0,70515.35,0,0,0,2502.62,2439.48,0,22910.65,26538.0,58.2,3245.62,14292.3,0,0,0,0
2009-10-11 12:00:00,0,2494.2,0,358.56,9503.55,8930.94,5613.68,0,0,2865.49,20336.13,298.14,0,11284.01,1881.17,3289.71,66516.88,0,14328.89,0,0,70803.92,0,0,0,2655.92,2550.76,0,23959.49,26687.58,58.64,3447.23,14310.25,0,0,0,0
2009-10-11 13:00:00,0,2453.9,0,384.41,9542.82,9396.44,5695.18,0,0,2970.74,21061.04,317.79,0,11257.68,1966.35,3267.93,66703.58,0,14440.91,0,0,70676.73,0,0,0,2787.64,2699.32,0,25083.06,26637.39,58.73,3587.36,14257.36,0,0,0,0
2009-10-11 14:00:00,0,2411.99,0,402.78,9621.17,9681.13,5803.23,0,0,3021.44,21414.39,335.24,0,11334.81,2012.91,3220.87,66440.88,0,14553.32,0,0,70432.0,0,0,0,2901.03,2806.7,0,26096.71,26500.73,58.25,3683.58,14454.98,0,0,0,0
2009-10-11 15:00:00,0,2360.78,0,409.11,9822.02,9862.66,5958.41,0,0,3037.97,21409.06,347.16,0,11510.15,2024.24,3197.15,66164.2,0,14831.42,0,0,70360.52,0,0,0,2985.47,2889.16,0,26965.14,26342.35,57.36,3728.01,14836.73,0,0,0,0
2009-10-11 16:00:00,0,2309.25,0,395.4,9905.01,9802.68,6000.28,0,0,2991.46,20809.82,352.86,0,11727.85,1992.73,3212.82,66072.39,0,15169.98,0,0,71112.8,0,0,0,3023.53,2898.2,0,27303.88,26111.95,55.74,3678.3,15008.45,0,0,0,0
2009-10-11 17:00:00,0,2245.37,0,402.33,9901.23,9555.87,5966.39,0,0,2920.82,20145.36,353.33,0,12381.91,1944.93,3233.46,66063.65,0,15533.22,0,0,72561.24,0,0,0,2980.13,2841.54,0,27367.29,25904.03,54.87,3594.35,15179.03,0,0,0,0
2009-10-11 18:00:00,0,2239.77,0,391.55,9880.62,8888.87,5944.65,0,0,2767.32,19121.53,328.68,0,12905.77,1869.22,3271.14,66508.37,0,15911.08,0,0,74972.87,0,0,0,2906.61,2781.9,0,26596.61,25669.9,54.34,3347.42,15040.92,0,0,0,0
2009-10-11 19:00:00,0,2266.97,0,383.66,11088.78,8243.04,6127.7,0,0,2791.94,18849.28,303.07,0,14436.52,1822.58,3482.22,71323.01,0,17808.64,0,0,87679.69,0,0,0,3012.0,2852.05,0,25540.06,26468.79,68.9,3188.35,15652.68,0,0,0,0
2009-10-11 20:00:00,0,2354.55,0,368.66,10844.24,7772.41,5758.95,0,0,2614.08,17974.21,290.01,0,13805.55,1738.08,3409.36,70515.14,0,17274.32,0,0,84149.92,0,0,0,2909.69,2742.18,0,24776.5,26922.87,68.15,2961.0,15617.16,0,0,0,0
2009-10-11 21:00:00,0,2425.35,0,349.76,10434.67,7237.55,5400.53,0,0,2447.52,17169.37,276.09,0,13165.51,1634.99,3314.19,69704.48,0,16822.22,0,0,80781.65,0,0,0,2835.5,2604.89,0,24152.59,26860.75,66.01,2766.33,14822.21,0,0,0,0
2009-10-11 22:00:00,0,2332.3,0,325.25,9607.2,6643.94,5045.18,0,0,2285.04,16260.2,256.14,0,12542.65,1543.79,3207.14,67402.14,0,16243.2,0,0,77903.59,0,0,0,2628.32,2442.34,0,22452.89,26351.21,64.31,2597.09,14201.08,0,0,0,0
2009-10-11 23:00:00,0,2208.36,0,303.53,8906.3,6082.12,4680.02,0,0,2145.37,15299.73,237.76,0,11913.92,1447.24,3106.05,64713.85,0,15460.28,0,0,75326.86,0,0,0,2456.47,2306.26,0,21178.23,25241.34,63.25,2413.48,13623.71,0,0,0,0
2009-10-12 00:00:00,0,2098.08,0,277.59,8306.94,5571.74,4345.6,0,0,2009.15,14305.62,220.17,0,11261.31,1353.01,3016.83,61948.69,0,14659.51,0,0,73071.07,0,0,0,2303.59,2176.85,0,19948.58,24210.99,61.79,2252.53,12873.39,0,0,0,0
2009-10-12 01:00:00,0,1986.53,0,254.16,7826.95,5216.95,4078.2,0,0,1888.14,13391.68,202.75,0,10788.91,1260.66,2939.13,59111.73,0,13889.41,0,0,71390.47,0,0,0,2188.81,2047.52,0,19112.9,23223.8,60.29,2124.0,12073.08,0,0,0,0
2009-10-12 02:00:00,0,1901.21,0,239.61,7528.11,4943.38,3871.74,0,0,1800.79,12570.29,190.4,0,10479.04,1186.54,2894.29,56842.63,0,13295.55,0,0,70087.39,0,0,0,2120.35,1943.88,0,18568.49,22397.77,59.66,2032.86,11610.75,0,0,0,0
2009-10-12 03:00:00,0,1839.62,0,230.78,7318.87,4769.63,3796.06,0,0,1741.32,12038.01,185.15,0,10332.89,1147.07,2895.4,55487.46,0,12943.68,0,0,69595.39,0,0,0,2095.51,1905.66,0,18306.26,21920.7,59.38,1990.19,11601.77,0,0,0,0
2009-10-12 04:00:00,0,1818.9,0,231.74,7278.2,4740.96,3875.69,0,0,1733.37,11920.87,184.44,0,10409.0,1144.16,2987.0,55503.28,0,12927.83,0,0,70190.1,0,0,0,2088.47,1894.02,0,18507.34,21852.27,58.96,1991.48,11794.1,0,0,0,0
2009-10-12 05:00:00,0,1852.86,0,237.27,7448.07,4831.5,4033.39,0,0,1762.75,12059.58,187.69,0,10562.91,1171.75,3094.53,56608.79,0,13119.61,0,0,71604.77,0,0,0,2113.5,1895.49,0,18895.99,21999.61,58.95,2045.36,12158.47,0,0,0,0
2009-10-12 06:00:00,0,1897.73,0,244.62,7842.1,4959.15,4231.41,0,0,1805.15,12293.69,191.65,0,10724.14,1211.27,3201.5,58177.98,0,13426.99,0,0,73082.59,0,0,0,2175.57,1943.85,0,19201.8,22535.28,59.04,2121.04,12524.54,0,0,0,0
2009-10-12 07:00:00,0,1939.64,0,259.68,8407.1,5250.58,4580.56,0,0,1918.82,13008.41,199.15,0,11805.53,1309.21,3323.66,59737.94,0,14554.38,0,0,76782.88,0,0,0,2264.5,1994.54,0,19682.95,23186.31,59.95,2240.15,13000.36,0,0,0,0
2009-10-12 08:00:00,0,1984.66,0,284.61,8864.73,5864.97,5019.9,0,0,2102.65,14540.82,208.98,0,12098.99,1402.46,3552.18,62902.78,0,15406.66,0,0,78314.62,0,0,0,2380.47,2064.36,0,20871.89,23810.29,61.8,2393.43,13644.52,0,0,0,0
2009-10-12 09:00:00,0,2038.25,0,321.01,9311.29,6687.97,5287.82,0,0,2340.42,16178.13,225.26,0,12344.01,1488.88,3626.5,65426.42,0,15937.03,0,0,79361.44,0,0,0,2456.83,2166.12,0,21723.14,24440.94,63.26,2638.13,13958.19,0,0,0,0
2009-10-12 10:00:00,0,2062.85,0,358.12,9621.19,7492.85,5475.95,0,0,2562.58,17692.09,247.84,0,12591.64,1613.02,3641.09,66853.0,0,16232.19,0,0,79665.6,0,0,0,2539.32,2266.41,0,22399.13,24903.13,64.37,2961.7,14367.48,0,0,0,0
2009-10-12 11:00:00,0,2082.83,0,388.0,9754.08,8311.21,5601.78,0,0,2752.17,19074.86,268.75,0,12849.01,1739.06,3673.71,68131.74,0,16429.42,0,0,80159.84,0,0,0,2605.15,2310.12,0,23025.31,25305.81,65.83,3247.34,14764.37,0,0,0,0
2009-10-12 12:00:00,0,2078.65,0,406.95,9858.77,8946.92,5703.1,0,0,2894.84,20117.88,289.52,0,12982.72,1845.11,3715.41,69545.96,0,16516.77,0,0,80457.67,0,0,0,2633.46,2319.7,0,23684.46,25556.81,66.73,3468.37,15127.61,0,0,0,0
2009-10-12 13:00:00,0,2053.31,0,417.78,9896.96,9375.76,5768.03,0,0,2991.59,20846.69,309.62,0,13016.98,1917.92,3828.69,70513.62,0,16609.23,0,0,80317.55,0,0,0,2660.67,2310.56,0,24337.17,25843.13,66.31,3607.69,15488.67,0,0,0,0
2009-10-12 14:00:00,0,2070.35,0,427.55,9914.09,9591.48,5822.79,0,0,3037.22,21224.46,324.58,0,12970.91,1975.07,3948.2,71521.34,0,16833.98,0,0,80086.13,0,0,0,2678.1,2336.56,0,24927.11,25996.47,66.15,3689.29,16061.14,0,0,0,0
2009-10-12 15:00:00,0,2072.84,0,432.53,9985.88,9595.8,5856.87,0,0,3036.67,21178.24,333.74,0,12989.74,2035.35,4021.85,72481.48,0,16929.38,0,0,80502.15,0,0,0,2683.28,2337.33,0,25362.79,26028.14,65.44,3704.92,16528.9,0,0,0,0
2009-10-12 16:00:00,0,2081.74,0,432.78,10110.45,9396.94,5883.99,0,0,2994.31,20636.41,333.86,0,12937.93,2052.16,4004.61,73704.79,0,17037.81,0,0,82215.12,0,0,0,2683.34,2337.89,0,25426.66,26076.75,64.04,3618.33,16858.14,0,0,0,0
2009-10-12 17:00:00,0,2087.52,0,426.32,10327.74,8986.47,5916.86,0,0,2881.79,19921.0,328.07,0,13346.58,2015.22,3966.65,74165.83,0,17105.66,0,0,83314.65,0,0,0,2677.35,2323.12,0,25426.92,26062.58,63.19,3472.59,17182.56,0,0,0,0
2009-10-12 18:00:00,0,2110.5,0,403.39,10429.36,8417.55,6003.92,0,0,2698.82,19004.89,307.23,0,13629.27,1931.72,3749.84,73781.12,0,17132.63,0,0,82753.17,0,0,0,2664.07,2329.73,0,25381.85,25939.58,62.44,3312.04,17058.63,0,0,0,0
2009-10-12 19:00:00,0,2154.61,0,437.08,11878.66,8690.93,6876.79,0,0,2835.61,19558.72,339.02,0,14857.47,2039.73,4025.62,74887.63,0,18641.94,0,0,86296.79,0,0,0,2647.08,2583.51,0,26669.58,28192.55,76.1,3384.55,18032.23,0,0,0,0
2009-10-12 20:00:00,0,2190.7,0,420.25,11711.84,8298.88,6433.43,0,0,2660.27,18372.68,319.76,0,13933.92,1907.68,3817.07,73496.09,0,17921.38,0,0,82452.58,0,0,0,2658.95,2531.39,0,26219.36,28526.77,71.91,3182.8,18008.28,0,0,0,0
2009-10-12 21:00:00,0,2227.58,0,391.44,11155.07,7709.32,5997.94,0,0,2498.57,17238.13,301.85,0,13088.55,1786.85,3620.97,71327.89,0,17259.11,0,0,78659.94,0,0,0,2607.97,2426.58,0,25161.35,28621.66,68.97,2980.57,17584.8,0,0,0,0
2009-10-12 22:00:00,0,2130.11,0,363.02,10382.19,7064.94,5647.63,0,0,2344.85,16096.68,279.39,0,12269.92,1665.67,3428.72,68973.27,0,16262.74,0,0,75641.13,0,0,0,2460.13,2306.28,0,23565.86,27960.63,65.77,2779.1,16599.49,0,0,0,0
2009-10-12 23:00:00,0,2004.86,0,335.6,9724.86,6453.79,5332.18,0,0,2193.1,15001.53,258.22,0,11463.3,1556.4,3266.97,66320.98,0,15238.98,0,0,72779.24,0,0,0,2316.81,2175.5,0,22264.56,26655.9,62.62,2586.11,15481.05,0,0,0,0
2009-10-13 00:00:00,0,1886.81,0,308.06,9178.74,5914.02,5024.79,0,0,2039.47,13907.98,239.1,0,10699.31,1445.32,3112.86,63672.18,0,14185.78,0,0,70039.17,0,0,0,2191.7,2059.12,0,21095.32,25366.49,59.99,2401.46,14644.76,0,0,0,0
2009-10-13 01:00:00,0,1785.92,0,281.34,8620.45,5442.71,4742.08,0,0,1890.97,12853.61,221.56,0,10474.84,1337.62,2973.69,61215.28,0,13363.4,0,0,67816.62,0,0,0,2099.71,1983.9,0,20167.69,24196.86,58.01,2232.79,13980.31,0,0,0,0
2009-10-13 02:00:00,0,1699.2,0,259.33,8327.62,5184.55,4566.21,0,0,1762.21,12068.67,207.36,0,10412.61,1256.7,2872.87,59055.1,0,12857.27,0,0,66482.51,0,0,0,2051.41,1965.2,0,19618.27,23400.6,56.47,2140.97,13629.86,0,0,0,0
2009-10-13 03:00:00,0,1666.06,0,254.68,8313.4,5015.19,4595.87,0,0,1698.75,11599.79,198.75,0,10631.04,1234.21,2883.52,58454.82,0,13119.39,0,0,67521.87,0,0,0,2056.0,1989.64,0,19581.23,23082.3,56.29,2114.02,13579.99,0,0,0,0
2009-10-13 04:00:00,0,1719.21,0,261.48,8617.89,5042.54,4769.83,0,0,1735.37,11596.54,201.9,0,10969.11,1262.54,2986.36,59803.0,0,13611.09,0,0,69571.81,0,0,0,2117.04,2023.58,0,20103.94,23073.74,57.21,2161.19,13841.11,0,0,0,0
2009-10-13 05:00:00,0,1810.04,0,269.88,9120.41,5228.77,4971.92,0,0,1779.23,11900.65,204.06,0,11302.77,1295.39,3101.01,61579.42,0,14081.27,0,0,71270.55,0,0,0,2191.76,2066.68,0,20568.96,23733.18,58.78,2231.44,14210.15,0,0,0,0
2009-10-13 06:00:00,0,1909.01,0,278.4,9646.65,5418.11,5149.24,0,0,1832.54,12236.89,207.2,0,11644.13,1329.59,3224.0,63234.82,0,14556.17,0,0,73036.67,0,0,0,2264.18,2108.85,0,21052.08,24589.88,60.47,2303.08,14568.08,0,0,0,0
2009-10-13 07:00:00,0,2008.29,0,291.51,10490.17,5689.99,5403.37,0,0,1970.35,13057.59,214.66,0,12206.6,1400.28,3362.48,64781.87,0,15488.51,0,0,77078.32,0,0,0,2366.27,2159.89,0,21562.8,25450.45,61.99,2421.26,14873.06,0,0,0,0
2009-10-13 08:00:00,0,2113.16,0,321.19,10839.51,6202.51,5641.21,0,0,2157.52,14435.79,234.21,0,13097.77,1472.59,3623.32,68345.48,0,16151.98,0,0,80213.28,0,0,0,2449.69,2240.47,0,22359.41,26430.83,63.48,2628.0,15411.37,0,0,0,0
2009-10-13 09:00:00,0,2230.29,0,341.54,10855.32,6718.55,5728.96,0,0,2334.35,15746.81,252.52,0,13261.01,1548.27,3736.53,70701.68,0,16855.42,0,0,81748.55,0,0,0,2505.5,2292.44,0,22985.46,27607.58,65.17,2794.82,15895.76,0,0,0,0
2009-10-13 10:00:00,0,2317.31,0,362.22,10814.92,7312.69,5802.67,0,0,2515.49,16989.98,267.94,0,13493.41,1600.78,3796.1,71908.1,0,17119.74,0,0,83214.95,0,0,0,2556.27,2281.98,0,23480.6,28109.12,66.9,3015.55,16236.24,0,0,0,0
2009-10-13 11:00:00,0,2363.49,0,388.33,11003.63,7974.4,5984.78,0,0,2702.39,18279.96,290.7,0,13656.15,1661.68,3842.25,73049.85,0,17118.16,0,0,83701.33,0,0,0,2612.42,2306.67,0,24049.89,28458.31,68.52,3273.59,16533.49,0,0,0,0
2009-10-13 12:00:00,0,2399.07,0,408.46,11351.25,8645.49,6298.53,0,0,2867.86,19394.89,307.36,0,13811.23,1740.6,3857.7,74247.37,0,17293.67,0,0,83802.79,0,0,0,2705.69,2426.59,0,24835.53,28728.25,70.17,3475.46,16798.08,0,0,0,0
2009-10-13 13:00:00,0,2425.66,0,425.72,11746.29,9184.41,6650.82,0,0,3002.95,20300.65,323.42,0,13771.72,1795.55,3852.45,74734.85,0,17416.69,0,0,83827.52,0,0,0,2825.09,2572.61,0,25856.29,28867.63,71.46,3637.15,17027.23,0,0,0,0
2009-10-13 14:00:00,0,2450.26,0,435.14,12021.42,9544.12,6971.1,0,0,3081.36,20875.54,337.08,0,13801.02,1813.27,3838.37,74999.9,0,17411.27,0,0,83675.83,0,0,0,2926.19,2701.66,0,26814.24,28953.71,72.18,3750.96,17252.08,0,0,0,0
2009-10-13 15:00:00,0,2482.56,0,435.18,12245.23,9794.51,7223.41,0,0,3130.27,21243.7,348.0,0,13792.23,1818.46,3835.81,75000.47,0,17229.51,0,0,83553.8,0,0,0,3011.11,2792.47,0,27647.03,29064.43,72.52,3849.33,17456.7,0,0,0,0
2009-10-13 16:00:00,0,2513.75,0,427.5,12334.94,9797.69,7342.15,0,0,3091.51,21122.7,353.45,0,13966.54,1796.2,3824.32,74482.11,0,17234.87,0,0,83494.42,0,0,0,3060.78,2837.74,0,28180.3,29189.41,72.94,3832.01,17490.83,0,0,0,0
2009-10-13 17:00:00,0,2545.05,0,405.65,12375.39,9406.38,7265.27,0,0,2996.34,20407.23,347.25,0,14222.94,1742.31,3813.25,74047.66,0,17467.69,0,0,83863.22,0,0,0,3068.1,2843.02,0,28480.93,29248.33,73.2,3725.4,17388.44,0,0,0,0
2009-10-13 18:00:00,0,2578.71,0,371.98,11804.93,8758.0,6892.14,0,0,2832.83,19381.11,324.81,0,14340.7,1755.11,3771.1,73926.67,0,17765.4,0,0,83892.21,0,0,0,2979.04,2767.43,0,27654.35,29260.53,73.24,3518.05,17237.16,0,0,0,0
2009-10-13 19:00:00,0,2454.27,0,394.5,12163.31,8635.87,7390.36,0,0,2833.3,19200.51,307.34,0,14822.04,1796.52,3902.61,74069.58,0,18748.71,0,0,87834.78,0,0,0,3025.3,2785.63,0,28341.55,28432.3,70.35,3466.43,17447.36,0,0,0,0
2009-10-13 20:00:00,0,2472.2,0,377.04,11802.56,8173.05,6747.88,0,0,2649.0,18027.09,296.52,0,14008.48,1710.11,3744.63,73052.41,0,18018.31,0,0,83903.38,0,0,0,2924.11,2662.99,0,27665.57,28795.67,68.12,3235.36,17337.44,0,0,0,0
2009-10-13 21:00:00,0,2502.74,0,357.89,11186.34,7634.51,6170.26,0,0,2481.95,16921.8,281.6,0,13230.18,1618.77,3606.04,71614.81,0,17269.03,0,0,80465.57,0,0,0,2739.42,2496.04,0,26570.72,28811.71,65.89,3022.73,16997.89,0,0,0,0
2009-10-13 22:00:00,0,2365.5,0,332.68,10336.27,6999.64,5662.52,0,0,2327.47,15831.43,260.56,0,12428.25,1518.9,3468.72,69404.84,0,16258.83,0,0,77384.69,0,0,0,2551.22,2342.93,0,24716.85,28102.37,63.8,2827.52,16163.26,0,0,0,0
2009-10-13 23:00:00,0,2232.37,0,307.2,9592.42,6391.07,5280.9,0,0,2167.64,14732.04,241.69,0,11616.7,1422.8,3337.56,66620.92,0,15216.05,0,0,74507.45,0,0,0,2387.25,2197.38,0,23157.45,26816.98,61.81,2633.71,15258.2,0,0,0,0
2009-10-14 00:00:00,0,2110.69,0,282.56,9042.4,5817.94,4917.83,0,0,1996.24,13609.87,225.44,0,10880.36,1334.18,3227.77,64006.22,0,14189.44,0,0,71880.97,0,0,0,2238.03,2053.66,0,21816.66,25546.28,59.9,2438.3,14529.3,0,0,0,0
2009-10-14 01:00:00,0,1986.16,0,259.87,8571.43,5314.33,4592.84,0,0,1842.95,12575.62,211.57,0,10368.63,1254.24,3134.57,61427.51,0,13261.18,0,0,69520.1,0,0,0,2116.45,1960.61,0,20842.1,24385.9,58.29,2270.09,13858.41,0,0,0,0
2009-10-14 02:00:00,0,1885.22,0,237.88,8310.57,5019.21,4352.77,0,0,1714.2,11756.59,198.55,0,10309.04,1211.45,3096.65,59009.16,0,12780.58,0,0,67875.05,0,0,0,2054.11,1954.74,0,20201.45,23675.05,57.19,2163.07,13378.63,0,0,0,0
2009-10-14 03:00:00,0,1846.34,0,235.77,8248.24,4837.06,4363.09,0,0,1657.1,11303.2,194.33,0,10390.34,1206.78,3039.23,58506.18,0,12608.44,0,0,68136.12,0,0,0,2036.34,1988.8,0,20137.92,23373.02,56.52,2116.22,13335.21,0,0,0,0
2009-10-14 04:00:00,0,1912.39,0,243.97,8433.5,4946.51,4544.79,0,0,1699.33,11402.08,199.34,0,10720.91,1229.99,3168.78,60010.51,0,13010.2,0,0,70012.16,0,0,0,2073.0,2051.01,0,20677.74,23312.98,57.33,2143.38,13622.24,0,0,0,0
2009-10-14 05:00:00,0,1994.87,0,252.14,8976.68,5142.19,4801.9,0,0,1755.74,11758.05,204.68,0,11089.9,1270.89,3305.4,61818.47,0,13580.67,0,0,72256.48,0,0,0,2128.67,2085.5,0,21079.93,24019.56,58.94,2197.93,14032.22,0,0,0,0
2009-10-14 06:00:00,0,2078.18,0,262.69,9596.02,5354.61,5086.29,0,0,1827.51,12127.16,209.98,0,11469.43,1312.48,3435.57,63515.19,0,14189.9,0,0,74470.45,0,0,0,2168.52,2101.49,0,21497.05,24868.58,60.67,2258.46,14492.64,0,0,0,0
2009-10-14 07:00:00,0,2159.0,0,279.53,10515.43,5645.96,5488.91,0,0,1980.41,12959.47,216.21,0,12882.43,1351.48,3564.1,65183.33,0,16069.69,0,0,80888.79,0,0,0,2271.21,2180.72,0,21960.47,25739.12,62.48,2377.23,14821.6,0,0,0,0
2009-10-14 08:00:00,0,2234.26,0,309.79,11174.07,6080.93,5816.77,0,0,2158.59,14212.51,227.73,0,13096.1,1416.78,3728.63,68487.84,0,16376.8,0,0,83702.44,0,0,0,2381.02,2265.8,0,22485.26,26729.7,64.41,2523.6,15223.22,0,0,0,0
2009-10-14 09:00:00,0,2325.64,0,329.85,11412.83,6481.65,5977.74,0,0,2312.83,15325.09,241.35,0,13112.33,1485.06,3858.19,70925.61,0,16657.5,0,0,84683.58,0,0,0,2439.89,2328.07,0,22987.1,27777.3,66.17,2675.2,15644.66,0,0,0,0
2009-10-14 10:00:00,0,2379.14,0,348.87,11540.61,7060.17,6073.53,0,0,2495.09,16660.03,253.97,0,13148.67,1557.02,3987.62,72579.65,0,16843.79,0,0,85296.99,0,0,0,2485.66,2383.33,0,23361.67,28362.22,67.86,2897.28,16027.6,0,0,0,0
2009-10-14 11:00:00,0,2408.24,0,363.07,11599.27,7691.79,6141.63,0,0,2678.5,17969.27,267.34,0,13175.11,1628.93,4014.39,74070.82,0,16991.45,0,0,85708.83,0,0,0,2521.38,2379.05,0,23625.92,28712.35,69.42,3153.45,16285.27,0,0,0,0
2009-10-14 12:00:00,0,2426.1,0,386.52,11635.4,8206.36,6208.47,0,0,2804.91,19025.49,292.03,0,13130.58,1674.32,4038.0,75213.88,0,16968.13,0,0,85665.12,0,0,0,2545.52,2383.36,0,23735.02,28977.51,70.74,3367.54,16520.91,0,0,0,0
2009-10-14 13:00:00,0,2436.09,0,397.93,11626.08,8627.45,6276.52,0,0,2928.22,19863.09,310.26,0,13016.87,1712.49,4063.77,75894.5,0,17005.63,0,0,85245.94,0,0,0,2565.34,2409.68,0,23836.03,29057.03,71.78,3521.67,16742.49,0,0,0,0
2009-10-14 14:00:00,0,2450.24,0,403.36,11602.77,8913.15,6298.04,0,0,3009.9,20500.33,314.47,0,12921.31,1761.18,4090.33,76131.86,0,16980.75,0,0,85441.07,0,0,0,2592.59,2427.94,0,24158.49,29103.49,72.55,3623.16,16956.63,0,0,0,0
2009-10-14 15:00:00,0,2464.92,0,410.68,11546.91,9172.93,6322.47,0,0,3089.66,20948.28,321.56,0,13080.19,1903.02,4051.1,75908.33,0,17114.47,0,0,85746.54,0,0,0,2630.85,2453.08,0,24540.87,29152.01,72.71,3683.0,17082.34,0,0,0,0
2009-10-14 16:00:00,0,2478.06,0,410.41,11585.68,9028.41,6333.79,0,0,3028.98,20715.32,323.57,0,13416.55,1949.23,4021.8,75752.47,0,17371.0,0,0,86309.01,0,0,0,2659.25,2472.7,0,24910.66,29133.14,72.72,3645.32,17138.88,0,0,0,0
2009-10-14 17:00:00,0,2493.89,0,422.21,11678.55,8757.96,6389.34,0,0,2919.59,19941.97,313.43,0,14331.76,1887.9,4008.99,75689.34,0,17837.22,0,0,87315.19,0,0,0,2694.41,2486.77,0,25162.14,29039.42,72.71,3538.98,17134.97,0,0,0,0
2009-10-14 18:00:00,0,2518.77,0,401.29,11810.83,8434.05,6488.16,0,0,2794.1,19151.43,309.56,0,14706.49,1851.7,4003.48,75399.6,0,18328.02,0,0,88488.65,0,0,0,2721.53,2504.58,0,25282.51,28964.4,72.71,3432.47,17104.69,0,0,0,0
2009-10-14 19:00:00,0,2383.61,0,413.35,12307.45,8430.47,6873.74,0,0,2818.16,19252.34,316.07,0,15017.59,1841.3,4012.54,74974.92,0,18696.41,0,0,88368.79,0,0,0,2666.39,2615.31,0,25450.67,28356.23,71.97,3407.5,17089.59,0,0,0,0
2009-10-14 20:00:00,0,2412.58,0,398.18,12237.55,8011.53,6495.56,0,0,2636.08,18106.26,306.81,0,14154.29,1753.44,3845.61,73816.16,0,17962.09,0,0,84942.61,0,0,0,2656.98,2558.72,0,25102.31,28686.39,68.91,3154.75,17132.61,0,0,0,0
2009-10-14 21:00:00,0,2445.42,0,375.48,11702.92,7413.87,6182.05,0,0,2469.17,16987.01,290.41,0,13345.84,1642.62,3681.3,72196.63,0,17289.9,0,0,81984.32,0,0,0,2600.71,2478.88,0,24127.9,28755.95,66.01,2946.21,16712.66,0,0,0,0
2009-10-14 22:00:00,0,2323.61,0,349.41,11117.75,6794.99,5838.5,0,0,2298.94,15880.97,267.63,0,12520.19,1524.64,3516.19,70206.11,0,16324.06,0,0,79239.87,0,0,0,2453.08,2391.48,0,22657.05,28079.94,63.75,2751.58,15861.83,0,0,0,0
2009-10-14 23:00:00,0,2185.91,0,322.59,10543.61,6220.58,5526.52,0,0,2130.71,14738.03,245.55,0,11700.84,1420.25,3343.04,67443.23,0,15532.57,0,0,76573.88,0,0,0,2327.43,2279.33,0,21476.25,26768.25,61.54,2550.49,15008.59,0,0,0,0
2009-10-15 00:00:00,0,2064.34,0,295.56,9974.08,5670.26,5219.98,0,0,1961.89,13615.36,227.74,0,10917.62,1321.66,3195.41,64789.78,0,14631.58,0,0,73913.79,0,0,0,2202.76,2172.19,0,20351.08,25496.87,59.5,2342.73,14183.91,0,0,0,0
2009-10-15 01:00:00,0,1947.48,0,273.88,9398.07,5217.66,4939.99,0,0,1814.5,12547.33,210.67,0,10564.85,1236.87,3056.04,62196.99,0,13434.72,0,0,70996.62,0,0,0,2095.28,2105.11,0,19470.53,24324.23,57.71,2173.7,13534.96,0,0,0,0
2009-10-15 02:00:00,0,1846.59,0,250.86,9128.55,4962.63,4801.55,0,0,1684.51,11744.96,197.84,0,10558.39,1174.68,2977.83,59824.85,0,13110.55,0,0,69802.05,0,0,0,2020.4,2074.34,0,18935.48,23546.5,56.54,2091.85,13182.04,0,0,0,0
2009-10-15 03:00:00,0,1799.31,0,245.21,9114.18,4770.37,4861.85,0,0,1629.84,11247.35,191.23,0,10715.61,1147.09,3006.26,59159.59,0,13224.71,0,0,70430.04,0,0,0,2030.25,2100.62,0,18934.1,23223.69,56.4,2065.02,13261.04,0,0,0,0
2009-10-15 04:00:00,0,1861.23,0,244.97,9372.47,4863.29,5041.91,0,0,1671.58,11302.46,195.88,0,11106.87,1181.16,3118.25,60304.64,0,13739.89,0,0,72381.06,0,0,0,2098.38,2136.64,0,19497.83,23159.22,57.8,2111.21,13684.21,0,0,0,0
2009-10-15 05:00:00,0,1937.82,0,247.59,9817.02,5050.95,5258.56,0,0,1723.0,11661.74,202.11,0,11497.43,1234.52,3238.63,62008.83,0,14272.96,0,0,74339.25,0,0,0,2177.48,2177.39,0,20124.89,23819.38,59.49,2188.21,14151.18,0,0,0,0
2009-10-15 06:00:00,0,2013.6,0,253.78,10268.93,5248.75,5459.91,0,0,1773.55,11999.81,207.36,0,11919.6,1284.27,3366.9,63583.51,0,14795.24,0,0,76307.4,0,0,0,2267.57,2217.63,0,20712.83,24639.36,61.05,2278.14,14536.83,0,0,0,0
2009-10-15 07:00:00,0,2082.72,0,262.87,10793.96,5518.82,5672.68,0,0,1895.89,12724.83,214.58,0,13138.49,1316.5,3480.47,65103.03,0,15849.01,0,0,78841.55,0,0,0,2365.18,2266.66,0,21237.64,25473.44,62.75,2402.85,14848.47,0,0,0,0
2009-10-15 08:00:00,0,2167.94,0,290.74,11491.23,6092.52,5947.65,0,0,2106.77,14002.04,230.73,0,13598.8,1372.5,3657.57,68775.38,0,17071.4,0,0,84055.21,0,0,0,2480.25,2321.9,0,22147.01,26705.4,64.5,2644.3,15341.01,0,0,0,0
2009-10-15 09:00:00,0,2261.03,0,304.05,11638.96,6660.9,6144.73,0,0,2291.82,15168.02,247.04,0,13792.3,1404.75,3731.39,70924.76,0,17476.58,0,0,86035.83,0,0,0,2525.44,2369.1,0,22429.42,27636.3,66.19,2854.84,15716.72,0,0,0,0
2009-10-15 10:00:00,0,2291.61,0,315.85,11653.93,7220.96,6237.21,0,0,2478.87,16519.82,259.66,0,13954.55,1448.32,3793.74,72721.93,0,17810.42,0,0,86791.52,0,0,0,2565.87,2394.49,0,22723.71,27866.26,67.69,3049.84,16044.95,0,0,0,0
2009-10-15 11:00:00,0,2310.19,0,341.06,11632.75,7830.22,6321.47,0,0,2679.51,17937.96,273.24,0,14072.97,1488.15,3850.07,74238.6,0,18121.34,0,0,87263.71,0,0,0,2589.15,2421.74,0,23111.76,27996.68,68.9,3257.13,16219.78,0,0,0,0
2009-10-15 12:00:00,0,2320.87,0,381.13,11654.64,8416.27,6364.2,0,0,2830.55,19206.66,290.1,0,14087.56,1557.66,3898.88,75410.17,0,18219.44,0,0,87626.96,0,0,0,2608.82,2432.61,0,23612.6,28291.13,70.39,3410.17,16510.07,0,0,0,0
2009-10-15 13:00:00,0,2308.64,0,413.97,11573.26,8876.7,6375.93,0,0,2955.39,20211.9,308.37,0,14038.46,1698.78,3924.21,76244.94,0,18345.86,0,0,87970.74,0,0,0,2628.62,2440.58,0,24198.32,28410.16,71.65,3499.93,16749.55,0,0,0,0
2009-10-15 14:00:00,0,2278.56,0,442.67,11584.06,9151.63,6418.1,0,0,3036.27,20971.39,325.49,0,14056.43,1855.52,3930.68,76400.82,0,18351.77,0,0,88344.58,0,0,0,2641.11,2433.1,0,25075.37,28342.44,71.67,3562.98,16898.79,0,0,0,0
2009-10-15 15:00:00,0,2255.17,0,457.79,11471.65,9155.69,6415.08,0,0,3046.21,21284.39,333.1,0,14255.6,1986.34,3948.18,76315.82,0,18472.26,0,0,88805.95,0,0,0,2639.06,2437.04,0,26004.94,28188.77,71.65,3573.41,16977.44,0,0,0,0
2009-10-15 16:00:00,0,2231.01,0,466.68,11442.91,9044.49,6371.98,0,0,3030.24,21134.13,339.28,0,14502.87,2050.59,3956.78,75984.51,0,18616.07,0,0,89530.25,0,0,0,2663.58,2469.58,0,26755.58,28083.47,71.64,3501.44,17023.66,0,0,0,0
2009-10-15 17:00:00,0,2224.3,0,460.24,11389.48,8848.61,6393.11,0,0,2975.86,20510.76,337.55,0,14938.47,2047.35,3936.39,75573.52,0,18863.2,0,0,90347.5,0,0,0,2716.62,2491.04,0,27276.32,28121.75,71.01,3419.23,17107.74,0,0,0,0
2009-10-15 18:00:00,0,2255.65,0,413.74,11461.21,8539.98,6488.31,0,0,2859.75,19594.37,325.88,0,15208.38,1958.0,3937.5,75054.11,0,19204.54,0,0,91321.08,0,0,0,2734.14,2503.41,0,27297.37,27990.8,69.87,3372.57,17072.91,0,0,0,0
2009-10-15 19:00:00,0,2239.53,0,424.73,12026.55,8531.79,6869.59,0,0,2860.24,19584.07,331.23,0,15319.14,1970.64,3949.09,75160.12,0,19776.33,0,0,90436.78,0,0,0,2689.71,2542.27,0,27898.54,27720.17,70.77,3399.78,17023.58,0,0,0,0
2009-10-15 20:00:00,0,2301.53,0,405.6,11845.25,8126.76,6449.4,0,0,2677.32,18422.93,320.35,0,14491.9,1824.9,3803.84,74251.99,0,19110.87,0,0,87540.47,0,0,0,2673.32,2476.45,0,27482.06,28072.26,67.67,3205.14,17261.81,0,0,0,0
2009-10-15 21:00:00,0,2359.98,0,375.15,11287.92,7559.17,6095.01,0,0,2498.34,17342.46,302.06,0,13663.64,1704.74,3655.39,72476.8,0,18309.4,0,0,84731.35,0,0,0,2615.34,2371.48,0,26261.46,28042.58,65.54,2976.73,16821.97,0,0,0,0
2009-10-15 22:00:00,0,2255.09,0,349.13,10468.26,6929.3,5759.62,0,0,2312.28,16199.0,278.08,0,12852.65,1593.01,3517.84,70242.56,0,17298.91,0,0,82009.02,0,0,0,2467.53,2231.85,0,24382.29,27355.18,63.52,2783.78,16118.26,0,0,0,0
2009-10-15 23:00:00,0,2142.57,0,331.13,9758.41,6325.38,5438.48,0,0,2131.33,15028.65,257.53,0,12096.02,1483.91,3374.6,67582.84,0,16388.66,0,0,79618.98,0,0,0,2309.22,2111.87,0,22712.96,26138.83,61.63,2581.49,15369.28,0,0,0,0
2009-10-16 00:00:00,0,2035.35,0,301.25,9155.88,5797.81,5114.77,0,0,1966.08,13939.8,236.24,0,11329.79,1375.92,3240.58,64982.46,0,15438.27,0,0,77504.7,0,0,0,2167.64,2003.79,0,21355.44,24998.2,59.79,2403.69,14756.85,0,0,0,0
2009-10-16 01:00:00,0,1934.94,0,284.69,8650.32,5343.01,4840.72,0,0,1820.12,12925.8,217.99,0,10778.63,1284.01,3109.32,62388.9,0,14551.86,0,0,75481.42,0,0,0,2085.37,1919.3,0,20351.88,23952.36,58.03,2271.75,14113.47,0,0,0,0
2009-10-16 02:00:00,0,1859.56,0,265.63,8384.08,5060.81,4723.75,0,0,1693.53,12157.56,204.58,0,10598.66,1231.41,3041.53,59976.0,0,13790.77,0,0,73346.05,0,0,0,2030.89,1904.92,0,19686.79,23156.7,57.19,2202.53,13560.85,0,0,0,0
2009-10-16 03:00:00,0,1844.4,0,252.85,8447.49,4894.54,4805.57,0,0,1643.93,11743.37,198.1,0,10882.5,1196.86,3086.59,59246.9,0,13701.84,0,0,72497.01,0,0,0,2056.1,1934.88,0,19437.35,22889.45,57.47,2163.45,13553.63,0,0,0,0
2009-10-16 04:00:00,0,1908.44,0,256.73,8747.17,4979.74,5022.0,0,0,1683.2,11810.19,202.64,0,11252.82,1234.18,3201.2,60517.19,0,14044.4,0,0,74185.6,0,0,0,2129.26,1974.37,0,19627.54,23164.28,58.81,2206.87,13785.1,0,0,0,0
2009-10-16 05:00:00,0,1984.12,0,278.98,9230.41,5198.13,5260.49,0,0,1741.4,12196.2,208.22,0,11602.4,1285.08,3329.78,62285.79,0,14530.21,0,0,76220.53,0,0,0,2214.81,2023.02,0,19801.72,23905.61,60.56,2287.75,14230.72,0,0,0,0
2009-10-16 06:00:00,0,2068.79,0,290.06,9769.54,5386.13,5451.32,0,0,1806.42,12605.18,214.75,0,11994.76,1345.82,3453.24,63954.61,0,15056.84,0,0,78140.21,0,0,0,2293.47,2073.29,0,20172.1,24769.44,62.32,2336.19,14695.25,0,0,0,0
2009-10-16 07:00:00,0,2162.73,0,294.32,10645.42,5612.93,5718.76,0,0,1931.99,13454.47,221.66,0,13162.34,1425.12,3587.66,65631.36,0,16285.84,0,0,81056.12,0,0,0,2379.76,2129.54,0,20784.03,25622.28,64.17,2398.18,15119.46,0,0,0,0
2009-10-16 08:00:00,0,2293.82,0,311.73,11090.92,5961.03,6019.32,0,0,2078.44,14746.54,239.07,0,14114.36,1495.33,3787.91,69483.81,0,17497.85,0,0,86783.86,0,0,0,2445.8,2186.55,0,21936.29,27084.78,65.65,2503.11,16007.6,0,0,0,0
2009-10-16 09:00:00,0,2391.93,0,341.45,11196.03,6358.63,6144.63,0,0,2240.23,16075.86,252.0,0,14321.72,1559.87,3908.07,71647.16,0,17990.84,0,0,88259.31,0,0,0,2496.2,2242.66,0,22695.74,27957.15,67.4,2609.96,16721.49,0,0,0,0
2009-10-16 10:00:00,0,2417.26,0,352.69,11291.75,6593.46,6223.01,0,0,2345.92,17340.82,266.73,0,14264.71,1671.96,3992.51,72953.79,0,18107.25,0,0,88702.48,0,0,0,2545.29,2302.03,0,23524.1,28043.78,69.12,2689.54,17052.47,0,0,0,0
2009-10-16 11:00:00,0,2417.05,0,365.85,11318.37,6982.26,6264.35,0,0,2518.6,18507.22,279.69,0,14154.11,1795.49,4050.43,73749.25,0,18150.62,0,0,88909.54,0,0,0,2573.76,2350.34,0,24169.5,28181.11,70.65,2787.91,17222.25,0,0,0,0
2009-10-16 12:00:00,0,2399.3,0,341.91,11291.92,7413.85,6261.87,0,0,2689.66,19629.9,290.63,0,14132.21,1866.48,4075.43,74130.52,0,18175.33,0,0,88919.92,0,0,0,2584.36,2387.43,0,24533.23,28198.6,71.92,2875.69,17352.63,0,0,0,0
2009-10-16 13:00:00,0,2379.21,0,335.64,11255.28,7701.92,6223.96,0,0,2774.4,20280.56,305.18,0,14083.22,1956.69,4081.52,74067.54,0,18203.36,0,0,89017.71,0,0,0,2601.87,2420.68,0,24854.64,28148.46,72.3,3012.96,17459.94,0,0,0,0
2009-10-16 14:00:00,0,2363.42,0,339.64,11178.62,7877.72,6213.88,0,0,2809.05,20410.77,309.23,0,14094.37,1959.69,4039.79,73825.96,0,18224.89,0,0,89058.52,0,0,0,2610.78,2442.07,0,24769.63,28044.1,72.13,3096.19,17519.53,0,0,0,0
2009-10-16 15:00:00,0,2346.27,0,334.51,11190.05,8033.52,6227.63,0,0,2826.12,20431.64,310.81,0,14038.85,1944.9,4028.42,73671.03,0,18363.34,0,0,89150.38,0,0,0,2621.4,2457.49,0,24440.67,27905.81,72.05,3135.56,17590.39,0,0,0,0
2009-10-16 16:00:00,0,2302.28,0,333.91,11257.29,8123.15,6222.77,0,0,2782.13,19824.66,311.06,0,14114.61,1859.32,4020.64,73210.75,0,18435.11,0,0,89345.49,0,0,0,2638.19,2467.33,0,24090.52,27791.31,71.57,3218.29,17572.38,0,0,0,0
2009-10-16 17:00:00,0,2292.21,0,322.38,11273.52,8071.18,6305.21,0,0,2764.23,19281.46,301.62,0,14656.2,1724.49,4015.33,73150.59,0,18624.85,0,0,89854.3,0,0,0,2662.11,2480.11,0,24033.83,27732.4,70.73,3222.57,17569.84,0,0,0,0
2009-10-16 18:00:00,0,2328.79,0,296.04,11474.2,8006.4,6519.36,0,0,2739.06,18897.48,281.41,0,14938.47,1670.23,4009.86,73101.43,0,18933.74,0,0,90642.49,0,0,0,2688.58,2497.29,0,23811.76,27568.03,70.35,3252.85,17626.57,0,0,0,0
2009-10-16 19:00:00,0,2209.73,0,298.74,10996.38,7671.02,6474.22,0,0,2570.28,18134.35,249.91,0,14670.02,1505.34,3907.28,70066.7,0,18121.04,0,0,87202.02,0,0,0,2525.18,2537.78,0,23522.38,26116.35,62.37,3143.96,16798.17,0,0,0,0
2009-10-16 20:00:00,0,2275.69,0,284.62,11111.41,7274.19,6175.54,0,0,2398.32,16992.63,233.45,0,13879.41,1412.49,3790.89,69630.85,0,17577.59,0,0,84385.74,0,0,0,2505.61,2522.32,0,23928.4,26762.73,60.56,2969.27,17208.72,0,0,0,0
2009-10-16 21:00:00,0,2330.79,0,273.83,10959.09,6760.23,6010.4,0,0,2248.53,15954.6,225.74,0,13054.92,1342.92,3626.38,68683.49,0,17012.05,0,0,81564.62,0,0,0,2511.4,2445.49,0,23418.89,26575.52,58.85,2768.59,16809.75,0,0,0,0
2009-10-16 22:00:00,0,2265.43,0,256.59,10474.73,6108.65,5843.83,0,0,2106.95,14962.78,207.8,0,12203.04,1270.18,3464.43,66791.96,0,16087.48,0,0,78826.58,0,0,0,2386.98,2341.55,0,22314.74,25701.79,57.3,2538.94,16032.89,0,0,0,0
2009-10-16 23:00:00,0,2177.74,0,240.44,9982.36,5498.5,5614.37,0,0,1958.65,13926.09,193.57,0,11419.79,1172.49,3316.04,64559.8,0,14983.66,0,0,76045.57,0,0,0,2266.55,2248.79,0,21219.27,24864.82,55.65,2314.66,15140.76,0,0,0,0
2009-10-17 00:00:00,0,2083.54,0,225.45,9466.56,4853.79,5376.64,0,0,1781.19,12867.36,173.44,0,10729.1,1063.46,3191.51,62264.17,0,14114.51,0,0,73199.32,0,0,0,2168.72,2140.87,0,20192.39,24091.27,54.04,2081.33,14280.88,0,0,0,0
2009-10-17 01:00:00,0,1986.97,0,209.47,9074.81,4338.38,5160.95,0,0,1630.27,11856.37,154.85,0,10199.68,986.09,3103.51,60091.63,0,13269.36,0,0,71060.98,0,0,0,2076.28,2061.64,0,19503.63,23339.86,52.49,1949.43,13627.35,0,0,0,0
2009-10-17 02:00:00,0,1937.7,0,195.3,8759.7,3910.81,4937.04,0,0,1500.28,11072.8,204.58,0,10139.69,936.39,3060.56,58518.52,0,12668.17,0,0,69798.54,0,0,0,2008.56,2024.04,0,18945.25,22639.79,51.74,1792.78,13506.29,0,0,0,0
2009-10-17 03:00:00,0,1920.57,0,185.74,8643.17,4894.54,4834.39,0,0,1407.19,10642.25,198.1,0,10107.55,1196.86,3031.59,57625.76,0,12365.53,0,0,68945.71,0,0,0,1971.14,2062.3,0,18653.26,22177.32,50.91,1652.36,13391.18,0,0,0,0
2009-10-17 04:00:00,0,1928.41,0,186.13,8567.76,4979.74,4915.8,0,0,1353.75,10244.23,202.64,0,10174.85,1234.18,3036.41,57114.6,0,12339.35,0,0,69454.27,0,0,0,1974.5,2121.26,0,18550.83,22106.69,50.89,1602.57,13398.47,0,0,0,0
2009-10-17 05:00:00,0,1968.21,0,191.35,8753.91,5198.13,5151.22,0,0,1354.08,10209.96,208.22,0,10378.24,918.57,3106.24,57602.8,0,12492.37,0,0,70114.06,0,0,0,2015.71,2179.85,0,18780.64,22386.88,51.04,1599.56,13718.24,0,0,0,0
2009-10-17 06:00:00,0,2036.09,0,199.01,9056.96,5386.13,5401.59,0,0,1365.04,10188.55,214.75,0,10651.57,960.98,3207.62,58657.74,0,12878.73,0,0,71120.6,0,0,0,2083.13,2245.73,0,19186.67,22819.26,51.7,1604.8,14175.71,0,0,0,0
2009-10-17 07:00:00,0,2120.19,0,207.84,9501.48,3751.44,5679.5,0,0,1400.09,10566.75,221.66,0,11146.68,1047.83,3314.8,59973.8,0,13692.81,0,0,72459.76,0,0,0,2171.17,2317.53,0,19924.77,23317.78,52.23,1640.16,14718.72,0,0,0,0
2009-10-17 08:00:00,0,2280.35,0,236.31,10052.52,4302.51,5849.37,0,0,1485.97,11529.61,153.76,0,11586.49,1183.35,3431.02,61882.49,0,14166.41,0,0,74584.11,0,0,0,2245.14,2406.72,0,21733.88,23907.18,53.31,1739.62,15795.14,0,0,0,0
2009-10-17 09:00:00,0,2292.88,0,253.34,10250.53,4846.45,5949.4,0,0,1566.36,12463.51,162.24,0,11777.45,1279.93,3500.67,63568.85,0,14285.05,0,0,75459.49,0,0,0,2296.92,2466.89,0,22692.29,24457.44,54.87,1917.77,15979.53,0,0,0,0
2009-10-17 10:00:00,0,2316.02,0,267.57,10247.41,5240.38,6026.14,0,0,1639.89,13238.34,175.4,0,11778.13,1313.93,3559.18,65020.38,0,14617.96,0,0,76432.25,0,0,0,2341.65,2504.62,0,23216.36,24820.27,54.96,2044.14,16091.36,0,0,0,0
2009-10-17 11:00:00,0,2358.3,0,276.75,10251.94,5393.75,5958.57,0,0,1710.65,13856.93,181.53,0,11906.27,1325.05,3590.66,65961.98,0,14912.66,0,0,77355.72,0,0,0,2375.21,2525.95,0,23349.48,25055.1,56.49,2143.35,16148.47,0,0,0,0
2009-10-17 12:00:00,0,2366.55,0,279.05,10223.56,5437.13,5864.89,0,0,1781.64,14431.05,183.59,0,11994.3,1320.92,3608.01,66548.6,0,15147.44,0,0,78086.83,0,0,0,2383.81,2523.68,0,23375.14,25160.46,57.88,2198.53,16118.26,0,0,0,0
2009-10-17 13:00:00,0,2324.3,0,277.57,10163.86,5341.95,5798.75,0,0,1836.43,15056.56,185.74,0,12286.73,1309.57,3617.59,66615.71,0,15237.3,0,0,78495.21,0,0,0,2383.33,2507.45,0,23268.62,25144.02,58.43,2227.46,16024.3,0,0,0,0
2009-10-17 14:00:00,0,2293.31,0,274.62,10110.45,5234.35,5830.46,0,0,1868.22,15202.68,188.92,0,12630.57,1297.2,3617.76,66275.27,0,15130.82,0,0,78530.1,0,0,0,2385.47,2463.25,0,23256.68,25083.22,58.14,2224.74,15972.53,0,0,0,0
2009-10-17 15:00:00,0,2257.77,0,271.88,10046.25,5224.56,5795.15,0,0,1874.17,15023.75,189.9,0,12790.83,1284.69,3596.26,65917.6,0,15386.24,0,0,79010.65,0,0,0,2401.59,2432.56,0,23021.52,24989.88,57.51,2240.91,15840.02,0,0,0,0
2009-10-17 16:00:00,0,2200.4,0,270.85,10085.11,5267.73,5778.03,0,0,1891.76,14991.9,189.96,0,12908.73,1278.86,3573.74,65669.12,0,15617.32,0,0,79455.42,0,0,0,2435.35,2430.63,0,22929.44,24774.31,56.57,2248.85,15775.31,0,0,0,0
2009-10-17 17:00:00,0,2128.59,0,268.21,10299.0,5267.38,5800.02,0,0,1888.06,14787.46,190.79,0,13438.43,1270.71,3519.66,65433.15,0,15908.55,0,0,80218.66,0,0,0,2475.93,2447.66,0,22759.56,24568.59,54.81,2230.52,15676.9,0,0,0,0
2009-10-17 18:00:00,0,2077.69,0,262.95,10540.46,5182.15,6020.59,0,0,1845.12,14357.93,192.68,0,13789.98,1250.65,3582.86,65793.33,0,16474.52,0,0,81592.91,0,0,0,2519.52,2490.27,0,22551.98,24197.05,53.8,2180.86,15650.86,0,0,0,0
2009-10-17 19:00:00,0,2163.97,0,289.74,11428.39,5761.49,6441.84,0,0,1991.71,14614.68,213.09,0,14429.62,1438.02,3872.27,69849.96,0,17759.91,0,0,85391.97,0,0,0,2549.96,2692.08,0,24172.7,25761.98,63.4,2427.91,16289.66,0,0,0,0
2009-10-17 20:00:00,0,2254.05,0,287.44,11675.23,5503.55,6238.92,0,0,1840.33,13489.75,207.71,0,13582.52,1387.83,3775.08,69867.93,0,17123.25,0,0,82601.93,0,0,0,2548.58,2681.99,0,24544.09,26422.94,61.82,2287.49,16819.2,0,0,0,0
2009-10-17 21:00:00,0,2343.16,0,279.61,11503.39,5269.76,6125.74,0,0,1711.7,12463.59,198.79,0,12754.36,1318.85,3686.92,69587.39,0,16515.36,0,0,79948.29,0,0,0,2569.03,2596.12,0,23980.97,26313.37,60.39,2148.46,16908.99,0,0,0,0
2009-10-17 22:00:00,0,2283.41,0,262.19,10981.83,4945.2,5973.75,0,0,1594.62,11547.92,187.62,0,12040.1,1252.12,3607.28,67924.66,0,15669.01,0,0,77363.75,0,0,0,2451.76,2473.17,0,23046.65,25809.87,58.87,1994.21,16316.23,0,0,0,0
2009-10-17 23:00:00,0,2206.62,0,249.49,10395.79,4566.88,5762.58,0,0,1500.06,10634.13,175.71,0,11336.1,1187.41,3492.96,65837.0,0,14856.4,0,0,74645.94,0,0,0,2328.58,2346.01,0,21960.59,25213.76,57.26,1848.23,15725.21,0,0,0,0
2009-10-18 00:00:00,0,2137.01,0,238.47,10021.01,4193.19,5561.85,0,0,1417.18,9764.58,163.52,0,10712.84,1123.69,3375.55,63661.73,0,14024.24,0,0,71850.65,0,0,0,2223.33,2236.12,0,20999.64,24507.61,55.64,1712.94,15150.45,0,0,0,0
2009-10-18 01:00:00,0,2074.59,0,226.24,9660.06,3808.98,5340.74,0,0,1349.05,9212.39,150.19,0,10309.39,1063.87,3302.24,61627.67,0,13242.37,0,0,69395.01,0,0,0,2127.69,2138.12,0,20362.78,23903.92,54.01,1591.83,14675.15,0,0,0,0
2009-10-18 02:00:00,0,2053.35,0,215.78,9421.16,3563.76,5194.33,0,0,1275.52,11072.8,142.85,0,10171.71,1020.01,3256.8,60061.42,0,12375.03,0,0,68149.47,0,0,0,2083.15,2106.62,0,19819.69,23292.03,53.03,1493.48,14704.19,0,0,0,0
2009-10-18 03:00:00,0,2075.81,0,210.83,9246.17,3438.23,5117.39,0,0,1239.31,10642.25,138.23,0,10138.34,982.42,3232.79,59000.51,0,12191.37,0,0,67850.88,0,0,0,2076.1,2132.25,0,19692.38,22804.96,52.13,1431.57,14815.3,0,0,0,0
2009-10-18 04:00:00,0,2113.66,0,214.53,9321.82,3474.57,5207.01,0,0,1214.52,8247.36,139.05,0,10340.95,998.13,3229.05,58318.02,0,12271.29,0,0,68705.1,0,0,0,2115.39,2215.89,0,19853.12,22716.19,52.43,1406.96,15090.61,0,0,0,0
2009-10-18 05:00:00,0,2168.58,0,219.77,9544.71,3605.85,5427.62,0,0,1237.8,8465.32,144.54,0,10734.94,1041.56,3298.13,58792.56,0,12719.16,0,0,69979.92,0,0,0,2189.25,2305.44,0,20227.82,22974.05,52.98,1444.22,15448.4,0,0,0,0
2009-10-18 06:00:00,0,2238.59,0,224.52,9881.29,3795.64,5702.36,0,0,1278.41,8797.17,152.18,0,11018.34,1108.99,3404.61,59745.23,0,13053.42,0,0,71263.05,0,0,0,2290.33,2389.93,0,20736.25,23443.16,53.79,1508.85,15966.56,0,0,0,0
2009-10-18 07:00:00,0,2307.26,0,236.85,10390.49,4194.0,5966.3,0,0,1385.63,9465.82,161.42,0,11431.41,1222.78,3511.96,60880.03,0,13682.83,0,0,72827.13,0,0,0,2408.24,2493.75,0,21779.38,23950.54,54.91,1637.78,16542.18,0,0,0,0
2009-10-18 08:00:00,0,2427.53,0,256.28,10383.71,4659.02,6026.83,0,0,1514.48,10204.08,168.09,0,11888.67,1283.8,3536.25,62356.88,0,14246.34,0,0,74554.95,0,0,0,2400.73,2496.13,0,23141.14,24462.89,55.91,1817.53,17265.4,0,0,0,0
2009-10-18 09:00:00,0,2414.39,0,269.22,10404.05,5163.24,6122.9,0,0,1587.8,10928.14,178.72,0,12277.6,1305.55,3489.46,63430.33,0,14763.96,0,0,74408.59,0,0,0,2400.04,2524.28,0,23062.74,24864.28,55.12,1941.35,16898.9,0,0,0,0
2009-10-18 10:00:00,0,2363.99,0,282.85,10542.21,5520.31,6238.24,0,0,1641.65,11735.29,188.75,0,12632.85,1342.71,3430.53,64174.31,0,15109.16,0,0,75075.68,0,0,0,2414.86,2517.13,0,22825.0,25174.19,55.48,2013.87,16469.72,0,0,0,0
2009-10-18 11:00:00,0,2326.42,0,289.36,10511.25,5641.85,6271.78,0,0,1680.66,12309.34,190.94,0,12830.02,1367.82,3365.09,64902.0,0,15366.88,0,0,75827.83,0,0,0,2407.36,2507.97,0,22803.26,25331.05,56.07,2052.23,16109.14,0,0,0,0
2009-10-18 12:00:00,0,2270.5,0,289.58,10416.06,5653.12,6286.7,0,0,1713.89,12649.48,189.73,0,12935.8,1372.68,3355.13,65484.41,0,15534.66,0,0,76130.35,0,0,0,2382.92,2490.73,0,22863.23,25347.83,56.91,2094.09,15803.21,0,0,0,0
2009-10-18 13:00:00,0,2215.79,0,285.04,10280.64,5563.8,6275.19,0,0,1720.95,12834.34,188.93,0,13070.32,1372.53,3325.03,65638.62,0,15612.89,0,0,75874.92,0,0,0,2322.71,2453.64,0,22723.3,25324.57,57.27,2114.9,15517.82,0,0,0,0
2009-10-18 14:00:00,0,2178.48,0,275.49,10134.57,5348.09,6254.35,0,0,1710.5,12785.29,187.43,0,13136.31,1347.91,3281.27,65355.81,0,15781.91,0,0,75806.17,0,0,0,2261.1,2433.36,0,22209.5,25280.05,57.16,2096.12,15086.23,0,0,0,0
2009-10-18 15:00:00,0,2157.47,0,267.57,10037.78,5148.32,6198.03,0,0,1706.34,12655.98,188.78,0,13193.4,1328.7,3254.95,64756.45,0,15918.3,0,0,75452.81,0,0,0,2235.71,2410.98,0,21457.79,25342.44,56.48,2061.01,14783.74,0,0,0,0
2009-10-18 16:00:00,0,2116.69,0,265.96,10032.42,4929.55,6203.26,0,0,1696.44,12643.72,187.6,0,13357.58,1287.84,3241.8,64581.86,0,16014.02,0,0,75678.63,0,0,0,2248.5,2362.6,0,21658.53,25514.47,54.96,2029.31,14753.03,0,0,0,0
2009-10-18 17:00:00,0,2055.39,0,265.76,10280.57,4843.43,6238.29,0,0,1669.83,12413.79,187.51,0,13756.24,1268.54,3249.5,64535.28,0,16345.07,0,0,76586.41,0,0,0,2299.62,2391.1,0,21651.69,25583.46,53.64,2005.58,14690.43,0,0,0,0
2009-10-18 18:00:00,0,2049.37,0,263.6,10497.99,4773.65,6418.04,0,0,1636.13,12379.19,188.37,0,14016.3,1282.89,3386.17,65261.34,0,16677.7,0,0,78213.23,0,0,0,2399.58,2501.15,0,21725.83,25480.59,53.14,1973.36,15219.98,0,0,0,0
2009-10-18 19:00:00,0,2147.31,0,310.78,12233.16,6037.54,6938.96,0,0,1989.27,13770.11,224.22,0,15245.69,1482.98,4011.87,73642.41,0,19122.45,0,0,88799.65,0,0,0,2709.49,2687.44,0,25288.16,27924.79,70.49,2373.05,17400.81,0,0,0,0
2009-10-18 20:00:00,0,2222.59,0,308.37,12273.38,5769.09,6533.09,0,0,1866.1,12940.05,220.36,0,14434.43,1407.03,3917.74,73322.08,0,18564.37,0,0,85386.85,0,0,0,2748.66,2626.65,0,25785.25,28294.52,68.63,2219.85,18068.22,0,0,0,0
2009-10-18 21:00:00,0,2280.08,0,301.17,11918.55,5509.66,6281.36,0,0,1743.95,12073.24,214.82,0,13609.14,1333.86,3818.89,72166.28,0,17824.12,0,0,82217.15,0,0,0,2656.61,2543.38,0,25339.54,28135.36,66.81,2075.61,18317.03,0,0,0,0
2009-10-18 22:00:00,0,2163.59,0,286.48,11456.75,5083.62,6060.95,0,0,1624.88,11214.37,200.83,0,12796.55,1257.05,3706.58,70095.45,0,16742.59,0,0,79270.78,0,0,0,2528.95,2448.22,0,24682.89,27373.69,64.75,1947.05,17717.23,0,0,0,0
2009-10-18 23:00:00,0,2053.51,0,264.32,11016.74,4639.22,5880.8,0,0,1510.01,10372.17,190.63,0,11974.67,1184.94,3582.91,67806.89,0,15582.18,0,0,76544.75,0,0,0,2409.35,2332.88,0,24237.77,26089.15,62.79,1831.08,17092.97,0,0,0,0
2009-10-19 00:00:00,0,1941.39,0,242.95,10630.65,4213.79,5724.85,0,0,1414.0,9550.29,178.78,0,11156.83,1111.9,3471.73,65479.88,0,14488.28,0,0,73912.92,0,0,0,2312.66,2262.55,0,23664.24,24879.35,61.23,1741.15,16412.47,0,0,0,0
2009-10-19 01:00:00,0,1841.6,0,227.58,10418.85,3862.23,5595.37,0,0,1328.89,8752.88,167.35,0,10590.2,1036.75,3392.65,63154.71,0,13525.43,0,0,71749.07,0,0,0,2247.06,2217.27,0,22996.31,23788.1,59.87,1644.08,15806.72,0,0,0,0
2009-10-19 02:00:00,0,1764.23,0,223.24,10377.37,3626.23,5550.41,0,0,1250.8,8119.28,160.57,0,10411.83,964.89,3327.98,60823.53,0,12919.64,0,0,70319.19,0,0,0,2218.24,2268.26,0,22493.82,22773.75,59.11,1548.94,15677.87,0,0,0,0
2009-10-19 03:00:00,0,1742.46,0,234.28,10464.76,3590.87,5827.38,0,0,1226.15,7993.78,159.33,0,10580.33,939.54,3328.56,59595.8,0,12740.03,0,0,70476.13,0,0,0,2298.9,2361.68,0,22892.07,22358.16,58.98,1542.46,15853.4,0,0,0,0
2009-10-19 04:00:00,0,1791.58,0,253.54,10993.79,3814.69,6234.91,0,0,1271.43,8330.51,161.62,0,11039.08,982.23,3477.69,60974.75,0,13082.68,0,0,72354.07,0,0,0,2443.59,2463.69,0,23781.02,22315.94,59.61,1603.85,16316.64,0,0,0,0
2009-10-19 05:00:00,0,1864.9,0,267.82,11535.27,4025.14,6601.58,0,0,1328.27,8690.56,166.34,0,11459.48,1031.57,3646.49,62669.36,0,13645.83,0,0,74718.13,0,0,0,2577.47,2551.52,0,24671.51,22943.34,60.97,1650.07,16780.09,0,0,0,0
2009-10-19 06:00:00,0,1935.28,0,283.84,12053.94,4253.8,6942.88,0,0,1386.29,9073.22,173.44,0,11827.75,1086.93,3814.58,64332.4,0,14238.21,0,0,77137.3,0,0,0,2712.11,2643.46,0,25565.49,23762.12,62.42,1716.2,17209.4,0,0,0,0
2009-10-19 07:00:00,0,2003.36,0,302.77,13088.87,4674.95,7272.41,0,0,1531.18,10167.44,180.97,0,13171.45,1210.13,3979.36,65961.83,0,16207.27,0,0,83254.24,0,0,0,2862.7,2720.97,0,26551.19,24594.84,63.91,1824.16,17734.88,0,0,0,0
2009-10-19 08:00:00,0,2141.03,0,311.91,12840.24,5061.32,6983.71,0,0,1640.28,11164.2,182.95,0,13295.64,1301.78,4156.55,70071.75,0,16522.57,0,0,84603.49,0,0,0,2833.33,2648.77,0,28519.03,26097.19,65.84,1970.09,19024.65,0,0,0,0
2009-10-19 09:00:00,0,2174.17,0,301.46,12237.46,5118.48,6586.98,0,0,1681.25,11704.47,180.92,0,13254.94,1295.52,4041.98,70719.65,0,16591.65,0,0,83353.33,0,0,0,2672.79,2514.88,0,27046.66,26980.51,66.89,1984.08,18277.65,0,0,0,0
2009-10-19 10:00:00,0,2132.89,0,296.53,11800.65,5259.88,6237.84,0,0,1709.15,12290.79,182.9,0,13157.31,1302.24,3955.05,71305.48,0,16658.58,0,0,82092.49,0,0,0,2610.64,2417.29,0,26266.48,27283.08,67.4,2029.34,17828.9,0,0,0,0
2009-10-19 11:00:00,0,2082.17,0,298.96,11572.04,5312.1,5986.84,0,0,1741.18,12846.4,186.42,0,13050.03,1306.98,3884.82,71479.79,0,16731.6,0,0,81210.25,0,0,0,2611.94,2400.98,0,25760.1,27644.43,68.58,2089.71,17494.14,0,0,0,0
2009-10-19 12:00:00,0,2048.97,0,302.13,11272.73,5338.23,5920.26,0,0,1795.29,13361.32,187.91,0,12936.81,1310.08,3821.25,71879.41,0,16751.58,0,0,80276.23,0,0,0,2611.86,2401.19,0,25538.51,27965.82,69.8,2129.49,17047.73,0,0,0,0
2009-10-19 13:00:00,0,2034.71,0,296.44,11003.87,5324.24,5840.32,0,0,1844.63,13687.35,189.61,0,12827.85,1319.25,3774.51,72320.16,0,16734.23,0,0,79833.97,0,0,0,2572.89,2378.12,0,25141.75,28249.66,71.19,2164.75,16695.9,0,0,0,0
2009-10-19 14:00:00,0,2014.19,0,289.65,10729.33,5287.65,5777.26,0,0,1880.88,13779.72,189.43,0,12826.86,1335.6,3721.37,72572.98,0,16696.2,0,0,79801.55,0,0,0,2538.17,2345.82,0,24524.8,28487.17,71.93,2186.51,16455.66,0,0,0,0
2009-10-19 15:00:00,0,2006.21,0,282.38,10623.57,5272.93,5752.38,0,0,1910.58,13709.5,190.75,0,12910.28,1355.82,3661.55,72686.53,0,16737.79,0,0,79931.43,0,0,0,2527.5,2316.76,0,23756.76,28579.7,71.95,2170.9,16239.7,0,0,0,0
2009-10-19 16:00:00,0,1995.94,0,282.28,10678.44,5404.36,5799.04,0,0,1923.76,13742.37,191.95,0,13183.39,1356.11,3633.95,72548.39,0,16967.87,0,0,80400.73,0,0,0,2526.27,2278.51,0,22963.04,28722.42,71.7,2235.92,16131.03,0,0,0,0
2009-10-19 17:00:00,0,1976.92,0,285.75,10898.83,5563.28,6212.01,0,0,1925.0,13950.53,197.41,0,14144.05,1355.77,3677.27,71898.9,0,17554.4,0,0,81698.61,0,0,0,2547.04,2295.98,0,22853.44,28961.79,70.71,2285.99,16113.89,0,0,0,0
2009-10-19 18:00:00,0,2040.97,0,290.96,11143.41,5488.05,6423.93,0,0,1906.57,13893.91,202.9,0,14499.82,1320.71,3683.76,71984.79,0,18054.0,0,0,82431.02,0,0,0,2585.69,2361.3,0,23279.54,28708.37,68.79,2277.73,16292.75,0,0,0,0
2009-10-19 19:00:00,0,2067.76,0,312.38,11699.61,6103.46,6831.24,0,0,2139.49,14603.08,224.7,0,14747.46,1469.52,3929.0,73641.63,0,18547.46,0,0,87310.92,0,0,0,2719.79,2620.92,0,24874.93,28486.41,70.5,2484.24,16713.32,0,0,0,0
2009-10-19 20:00:00,0,2092.09,0,307.55,11754.33,5774.13,6527.64,0,0,1978.0,13685.86,219.37,0,13848.33,1377.98,3804.79,72778.75,0,17835.62,0,0,83345.91,0,0,0,2740.63,2591.78,0,25375.38,28531.49,67.95,2301.65,16977.77,0,0,0,0
2009-10-19 21:00:00,0,2117.95,0,293.4,11502.21,5480.9,6278.52,0,0,1825.86,12773.18,213.12,0,12988.68,1303.55,3668.98,71377.04,0,17140.35,0,0,79903.39,0,0,0,2649.6,2517.91,0,24826.21,28385.97,65.56,2138.16,17136.45,0,0,0,0
2009-10-19 22:00:00,0,2000.28,0,274.54,10991.47,5043.09,6057.05,0,0,1681.12,11780.95,197.93,0,12189.35,1229.71,3537.23,69092.95,0,16150.53,0,0,76953.5,0,0,0,2532.28,2417.01,0,23930.11,27609.05,63.22,1985.43,16422.55,0,0,0,0
2009-10-19 23:00:00,0,1872.12,0,257.48,10504.29,4573.1,5817.01,0,0,1543.41,10883.3,182.8,0,11392.93,1154.69,3401.05,66457.76,0,15225.31,0,0,74217.36,0,0,0,2416.62,2315.32,0,22965.73,26245.29,61.11,1838.42,15739.51,0,0,0,0
2009-10-20 00:00:00,0,1757.8,0,240.55,10065.28,4135.69,5592.72,0,0,1412.15,10013.68,167.47,0,10686.34,1082.81,3273.77,63968.5,0,14210.18,0,0,71597.73,0,0,0,2303.79,2239.01,0,22022.65,24951.33,59.36,1692.36,15063.17,0,0,0,0
2009-10-20 01:00:00,0,1647.89,0,223.37,9688.14,3743.81,5401.05,0,0,1303.62,9183.45,152.92,0,10399.09,1017.23,3185.5,61487.67,0,13351.95,0,0,69125.46,0,0,0,2204.4,2182.75,0,21208.1,23708.86,57.68,1556.21,14425.45,0,0,0,0
2009-10-20 02:00:00,0,1568.06,0,210.73,9555.67,3450.84,5353.69,0,0,1209.98,8458.5,140.57,0,10398.98,953.06,3118.61,58922.71,0,12855.23,0,0,67487.25,0,0,0,2137.44,2218.64,0,20678.1,22658.41,56.81,1439.26,14161.51,0,0,0,0
2009-10-20 03:00:00,0,1546.53,0,214.45,9644.5,3365.45,5534.17,0,0,1181.17,8240.62,135.43,0,10500.9,928.32,3095.71,57712.47,0,12690.29,0,0,67777.65,0,0,0,2158.74,2289.41,0,21069.07,22247.62,56.23,1380.04,14270.41,0,0,0,0
2009-10-20 04:00:00,0,1581.13,0,223.57,10125.58,3540.44,5837.57,0,0,1226.79,8572.69,140.2,0,10829.48,955.74,3229.72,59142.79,0,13132.99,0,0,69509.41,0,0,0,2248.51,2353.56,0,21790.43,22153.13,56.54,1423.42,14664.83,0,0,0,0
2009-10-20 05:00:00,0,1647.37,0,235.1,10672.96,3763.81,6154.44,0,0,1289.78,8940.7,147.82,0,11208.49,997.19,3389.87,60959.77,0,13643.75,0,0,71680.06,0,0,0,2349.04,2413.05,0,22610.41,22757.52,57.38,1488.96,15133.66,0,0,0,0
2009-10-20 06:00:00,0,1715.03,0,249.1,11235.01,3953.81,6472.73,0,0,1356.34,9331.21,153.3,0,11603.06,1033.42,3546.51,62661.51,0,14226.12,0,0,73909.8,0,0,0,2460.65,2481.5,0,23350.62,23607.29,58.74,1555.02,15702.42,0,0,0,0
2009-10-20 07:00:00,0,1789.54,0,270.26,12250.39,4352.25,6835.26,0,0,1504.9,10361.4,160.02,0,13032.18,1138.37,3712.51,64406.7,0,15992.64,0,0,80096.89,0,0,0,2662.15,2542.82,0,24341.62,24445.9,60.16,1679.24,16316.62,0,0,0,0
2009-10-20 08:00:00,0,1935.27,0,283.59,12467.29,4689.92,6973.32,0,0,1607.68,11341.24,168.49,0,13212.93,1244.21,3915.23,68812.2,0,16443.54,0,0,81139.26,0,0,0,2740.09,2563.82,0,26230.76,26018.03,61.45,1848.65,17582.57,0,0,0,0
2009-10-20 09:00:00,0,1989.96,0,276.43,11928.32,4881.34,6368.62,0,0,1720.23,12200.48,172.01,0,13304.4,1269.13,3849.44,70467.66,0,16552.85,0,0,81605.45,0,0,0,2631.55,2424.08,0,24592.94,26851.95,62.65,1939.19,16870.84,0,0,0,0
2009-10-20 10:00:00,0,2004.33,0,275.11,11348.3,5085.93,6146.09,0,0,1830.78,12975.79,179.19,0,13199.96,1292.59,3819.34,71606.16,0,16702.89,0,0,82393.06,0,0,0,2587.65,2373.06,0,24098.75,27276.13,64.16,2047.63,16505.93,0,0,0,0
2009-10-20 11:00:00,0,2021.75,0,282.48,10922.9,5411.59,5894.43,0,0,1973.87,13943.6,186.94,0,13097.83,1308.33,3823.55,73132.63,0,16902.99,0,0,82698.12,0,0,0,2579.68,2352.4,0,24118.43,27714.12,66.29,2207.98,16345.73,0,0,0,0
2009-10-20 12:00:00,0,2036.73,0,290.02,10647.41,5712.73,5742.34,0,0,2083.75,14644.6,193.96,0,13097.47,1333.48,3816.95,74187.58,0,17011.08,0,0,83178.02,0,0,0,2569.74,2342.94,0,24151.52,28258.0,68.95,2365.85,16260.48,0,0,0,0
2009-10-20 13:00:00,0,2050.73,0,297.8,10449.1,5918.78,5687.74,0,0,2152.52,15109.38,200.1,0,13133.45,1356.84,3789.65,74927.75,0,17119.8,0,0,84123.87,0,0,0,2556.0,2321.03,0,23913.53,28806.0,71.28,2526.08,16274.96,0,0,0,0
2009-10-20 14:00:00,0,2063.58,0,299.48,10344.1,6092.21,5739.32,0,0,2198.14,15367.77,204.74,0,13133.72,1374.74,3771.08,75413.65,0,17221.07,0,0,85108.01,0,0,0,2537.09,2292.78,0,23566.8,29141.14,72.64,2663.1,16265.71,0,0,0,0
2009-10-20 15:00:00,0,2072.5,0,302.64,10307.85,6215.19,5815.73,0,0,2212.81,15587.19,209.89,0,13258.14,1414.88,3744.24,75907.29,0,17416.7,0,0,86320.15,0,0,0,2514.0,2287.64,0,23209.25,29335.6,73.14,2734.05,16056.29,0,0,0,0
2009-10-20 16:00:00,0,2067.19,0,305.69,10434.43,6311.92,5926.38,0,0,2249.12,15972.24,215.7,0,13546.52,1448.18,3757.93,76206.67,0,17551.43,0,0,87883.81,0,0,0,2501.14,2281.61,0,23163.19,29492.7,73.03,2746.55,16153.58,0,0,0,0
2009-10-20 17:00:00,0,2054.27,0,308.09,10839.23,6293.16,6148.21,0,0,2260.49,16102.41,220.47,0,13899.89,1464.71,3791.1,75859.31,0,17268.47,0,0,86862.93,0,0,0,2530.94,2317.76,0,23319.5,29761.16,71.87,2677.91,16305.85,0,0,0,0
2009-10-20 18:00:00,0,2092.18,0,301.71,10865.92,6163.89,6116.93,0,0,2208.15,15718.51,224.81,0,14183.83,1433.13,3748.35,74926.64,0,17377.07,0,0,85622.76,0,0,0,2537.65,2341.61,0,22778.11,29873.03,69.42,2570.8,16023.84,0,0,0,0
2009-10-20 19:00:00,0,2096.21,0,321.44,11492.26,6626.62,6559.16,0,0,2318.5,15875.47,234.64,0,14473.1,1561.74,3892.23,75568.29,0,18305.68,0,0,87658.17,0,0,0,2643.66,2563.58,0,24579.85,29212.22,70.92,2745.99,16627.04,0,0,0,0
2009-10-20 20:00:00,0,2102.59,0,305.36,11396.39,6183.99,6161.69,0,0,2161.08,14897.08,232.17,0,13482.8,1464.14,3720.41,74447.66,0,17488.8,0,0,83406.67,0,0,0,2638.59,2536.01,0,24555.33,29270.0,67.6,2527.45,16689.37,0,0,0,0
2009-10-20 21:00:00,0,2114.09,0,290.18,11009.73,5823.98,5813.49,0,0,2002.58,13872.82,221.09,0,12545.62,1366.6,3578.01,72611.81,0,16804.25,0,0,79534.97,0,0,0,2547.7,2460.43,0,23925.04,29069.3,64.99,2335.01,16626.84,0,0,0,0
2009-10-20 22:00:00,0,1978.07,0,269.45,10310.74,5352.88,5536.26,0,0,1852.47,12910.23,202.77,0,11735.09,1281.03,3436.88,70250.45,0,15813.94,0,0,76430.0,0,0,0,2434.55,2346.93,0,22710.99,28313.35,62.68,2177.56,15708.95,0,0,0,0
2009-10-20 23:00:00,0,1831.35,0,250.21,9730.65,4847.63,5268.52,0,0,1712.58,11877.9,185.69,0,11008.84,1196.78,3301.59,67337.84,0,14759.48,0,0,73471.4,0,0,0,2316.0,2231.62,0,21562.13,26947.74,60.4,2020.43,14911.06,0,0,0,0
2009-10-21 00:00:00,0,1700.3,0,232.21,9240.01,4372.08,5004.35,0,0,1572.33,10967.41,168.91,0,10334.54,1112.16,3168.86,64563.8,0,13711.28,0,0,70544.22,0,0,0,2202.36,2126.6,0,20516.94,25663.86,58.39,1866.3,14133.59,0,0,0,0
2009-10-21 01:00:00,0,1589.32,0,216.6,8882.46,3920.15,4787.47,0,0,1452.02,10179.55,153.8,0,9911.46,1032.28,3070.81,61990.85,0,12951.67,0,0,67792.36,0,0,0,2119.24,2070.99,0,19639.82,24415.6,56.65,1721.04,13360.92,0,0,0,0
2009-10-21 02:00:00,0,1502.98,0,202.3,8744.55,3605.26,4699.18,0,0,1347.59,9416.77,141.5,0,9901.05,971.82,2984.19,59802.04,0,12487.07,0,0,66094.58,0,0,0,2069.83,2104.09,0,18987.69,23362.63,55.14,1591.58,12963.07,0,0,0,0
2009-10-21 03:00:00,0,1481.59,0,204.09,8845.09,3519.58,4852.55,0,0,1318.17,9078.44,136.46,0,10076.21,943.62,2951.16,58747.57,0,12448.85,0,0,66434.46,0,0,0,2077.33,2181.57,0,19130.88,22856.35,54.31,1536.26,12981.11,0,0,0,0
2009-10-21 04:00:00,0,1523.84,0,215.77,9292.88,3708.48,5149.82,0,0,1358.18,9388.78,140.64,0,10443.89,957.17,3066.9,59434.58,0,12904.09,0,0,68279.86,0,0,0,2144.3,2237.5,0,19798.79,22890.91,54.83,1594.66,13287.23,0,0,0,0
2009-10-21 05:00:00,0,1591.29,0,226.64,9877.69,3915.85,5459.96,0,0,1406.58,9770.4,147.26,0,10810.89,1003.28,3213.22,61123.25,0,13505.28,0,0,70452.65,0,0,0,2221.2,2292.8,0,20576.23,23409.05,56.78,1670.26,13760.2,0,0,0,0
2009-10-21 06:00:00,0,1671.69,0,236.24,10452.62,4120.37,5772.44,0,0,1455.1,10146.74,152.65,0,11238.56,1051.44,3362.5,62874.64,0,14081.83,0,0,72605.68,0,0,0,2310.49,2356.09,0,21365.73,24260.46,58.84,1745.52,14313.6,0,0,0,0
2009-10-21 07:00:00,0,1732.06,0,251.75,11482.91,4429.04,6167.25,0,0,1593.15,10919.57,160.6,0,12494.43,1154.14,3524.13,64372.52,0,15362.46,0,0,77936.37,0,0,0,2499.02,2397.6,0,22502.65,24991.47,60.74,1829.5,14892.83,0,0,0,0
2009-10-21 08:00:00,0,1861.56,0,261.58,11820.63,4831.36,6299.63,0,0,1725.1,12062.49,172.31,0,12576.27,1226.2,3759.79,67532.37,0,15972.73,0,0,79563.5,0,0,0,2602.14,2415.01,0,23889.04,26133.89,63.16,1966.97,16105.28,0,0,0,0
2009-10-21 09:00:00,0,1954.6,0,273.84,11382.45,5107.43,5963.86,0,0,1886.71,13155.13,181.59,0,12870.52,1276.49,3749.64,70306.42,0,16274.12,0,0,81696.86,0,0,0,2521.66,2320.23,0,23097.2,27423.86,64.64,2130.76,15988.88,0,0,0,0
2009-10-21 10:00:00,0,1969.08,0,289.84,11124.37,5510.85,5854.77,0,0,2029.78,14303.4,190.44,0,13115.26,1339.55,3771.4,71920.38,0,16565.16,0,0,84112.14,0,0,0,2512.42,2318.18,0,22993.32,28117.44,65.11,2307.68,15928.44,0,0,0,0
2009-10-21 11:00:00,0,2003.2,0,308.85,10870.87,5925.95,5952.14,0,0,2160.81,15219.98,200.52,0,13323.45,1402.95,3790.99,73507.05,0,16857.81,0,0,86030.94,0,0,0,2559.97,2319.81,0,23415.8,28616.3,67.0,2511.89,16053.95,0,0,0,0
2009-10-21 12:00:00,0,2036.94,0,323.25,10788.96,6407.07,6032.6,0,0,2269.05,16002.49,217.27,0,13428.47,1466.94,3773.89,74804.37,0,17182.57,0,0,87252.98,0,0,0,2587.43,2312.98,0,23883.77,29046.45,70.14,2701.82,16161.7,0,0,0,0
2009-10-21 13:00:00,0,2067.75,0,338.26,10737.03,6811.25,6148.49,0,0,2353.19,16626.22,233.39,0,13467.74,1505.36,3769.23,75793.41,0,17646.9,0,0,88862.44,0,0,0,2601.97,2319.79,0,24098.77,29384.77,72.55,2899.76,16297.15,0,0,0,0
2009-10-21 14:00:00,0,2077.4,0,349.61,10713.48,7099.47,6268.36,0,0,2406.38,17113.09,243.65,0,13549.31,1537.31,3767.15,76632.81,0,18044.55,0,0,90337.09,0,0,0,2588.77,2360.72,0,24130.26,29497.21,74.75,3053.05,16508.27,0,0,0,0
2009-10-21 15:00:00,0,2100.49,0,355.14,10821.61,7344.96,6363.69,0,0,2440.63,17412.58,248.96,0,13659.5,1548.12,3792.61,76906.38,0,18355.94,0,0,91809.63,0,0,0,2585.16,2412.94,0,24029.53,29525.07,75.36,3144.84,16736.31,0,0,0,0
2009-10-21 16:00:00,0,2137.67,0,356.64,11156.04,7452.3,6516.07,0,0,2440.87,17455.87,251.81,0,13810.42,1562.23,3846.54,77008.7,0,18487.64,0,0,93114.47,0,0,0,2609.52,2469.56,0,24296.97,29560.6,74.79,3171.55,17011.83,0,0,0,0
2009-10-21 17:00:00,0,2198.27,0,358.53,11237.41,7316.61,6428.02,0,0,2434.2,17239.57,247.68,0,13975.35,1580.88,3853.67,76752.33,0,17838.97,0,0,91251.35,0,0,0,2637.41,2485.61,0,24710.71,29570.77,74.58,3116.26,17074.79,0,0,0,0
2009-10-21 18:00:00,0,2260.13,0,344.05,10963.26,7009.06,6233.21,0,0,2396.26,16915.63,244.13,0,14316.84,1552.69,3779.13,76050.58,0,17694.94,0,0,88281.77,0,0,0,2610.97,2458.76,0,23663.1,29457.85,73.45,2958.05,16477.66,0,0,0,0
2009-10-21 19:00:00,0,2172.37,0,368.57,11582.57,7394.12,6754.26,0,0,2459.69,16909.68,258.81,0,14219.24,1642.43,3948.26,77004.21,0,18273.33,0,0,92160.56,0,0,0,2685.93,2580.21,0,25327.65,28747.93,74.21,3004.67,17317.8,0,0,0,0
2009-10-21 20:00:00,0,2198.8,0,347.32,11370.39,6888.9,6208.91,0,0,2288.6,15938.22,247.71,0,13258.53,1560.12,3753.01,75915.85,0,17405.37,0,0,86940.44,0,0,0,2653.86,2518.65,0,24959.65,28964.19,70.79,2775.12,17105.03,0,0,0,0
2009-10-21 21:00:00,0,2222.54,0,328.29,10953.18,6395.87,5779.28,0,0,2120.63,15019.26,236.78,0,12331.06,1466.5,3581.33,73974.98,0,16588.44,0,0,82338.24,0,0,0,2549.8,2444.03,0,24261.5,28801.32,67.64,2569.86,16865.02,0,0,0,0
2009-10-21 22:00:00,0,2114.77,0,294.09,10177.57,5821.29,5432.11,0,0,1962.07,14028.69,217.19,0,11522.17,1361.21,3437.32,71523.83,0,15543.84,0,0,78090.9,0,0,0,2404.61,2319.94,0,22906.7,28106.4,65.02,2370.3,15803.17,0,0,0,0
2009-10-21 23:00:00,0,1976.87,0,270.91,9542.54,5244.32,5112.05,0,0,1817.63,12979.64,197.97,0,10767.94,1280.28,3297.48,68505.87,0,14578.25,0,0,74812.11,0,0,0,2273.43,2191.87,0,21714.79,26784.1,62.89,2186.32,14841.38,0,0,0,0
2009-10-22 00:00:00,0,1842.94,0,250.37,9003.34,4706.74,4812.21,0,0,1678.57,11946.79,180.97,0,10125.33,1201.66,3158.32,65668.53,0,13727.82,0,0,71641.89,0,0,0,2141.27,2060.06,0,20537.45,25618.33,60.81,2010.28,13968.86,0,0,0,0
2009-10-22 01:00:00,0,1720.98,0,232.46,8609.38,4230.31,4542.49,0,0,1545.07,10994.32,166.01,0,9879.12,1122.66,3038.11,62915.98,0,12947.31,0,0,68572.04,0,0,0,2034.7,1954.75,0,19548.93,24480.47,58.89,1848.56,13164.76,0,0,0,0
2009-10-22 02:00:00,0,1606.53,0,220.81,8416.86,3846.5,4390.35,0,0,1417.59,10180.41,152.39,0,9888.42,1046.81,2943.81,60342.65,0,12498.12,0,0,66466.74,0,0,0,1979.41,1942.08,0,18847.91,23639.87,56.99,1706.01,12588.02,0,0,0,0
2009-10-22 03:00:00,0,1551.44,0,223.15,8460.61,3750.25,4494.81,0,0,1370.64,9729.5,148.39,0,10031.58,1025.06,2909.59,58983.73,0,12380.04,0,0,66212.2,0,0,0,1968.74,2003.87,0,18633.35,23095.51,55.33,1656.31,12512.41,0,0,0,0
2009-10-22 04:00:00,0,1579.08,0,231.06,8862.5,3908.19,4770.95,0,0,1399.0,9837.64,154.25,0,10320.43,1063.89,3020.73,60001.53,0,12784.12,0,0,67677.09,0,0,0,2038.89,2052.14,0,19209.45,23036.12,55.83,1698.17,12684.04,0,0,0,0
2009-10-22 05:00:00,0,1637.08,0,240.02,9409.65,4081.19,5021.5,0,0,1439.2,10135.84,160.75,0,10768.37,1095.47,3162.89,61751.87,0,13366.36,0,0,69935.2,0,0,0,2111.35,2095.51,0,19955.02,23647.23,57.23,1742.31,13071.62,0,0,0,0
2009-10-22 06:00:00,0,1697.25,0,246.34,9959.28,4256.62,5250.64,0,0,1487.0,10485.04,168.2,0,11158.91,1132.59,3295.72,63469.22,0,13934.02,0,0,72014.33,0,0,0,2201.42,2144.51,0,20596.73,24397.16,58.85,1794.61,13438.62,0,0,0,0
2009-10-22 07:00:00,0,1758.84,0,244.23,10726.64,4529.96,5555.14,0,0,1598.04,11172.23,175.89,0,12067.6,1189.72,3437.3,65135.41,0,15050.49,0,0,75754.53,0,0,0,2336.31,2190.23,0,21223.21,25165.93,60.23,1892.06,13804.13,0,0,0,0
2009-10-22 08:00:00,0,1826.44,0,276.48,11186.72,5016.36,5815.28,0,0,1791.03,12415.88,189.82,0,12551.03,1293.98,3669.24,67751.36,0,15799.43,0,0,79404.26,0,0,0,2418.11,2227.87,0,22276.77,25971.46,61.53,2070.49,15065.68,0,0,0,0
2009-10-22 09:00:00,0,1919.55,0,293.28,10875.49,5405.45,5744.62,0,0,1984.68,13877.92,201.82,0,12795.46,1385.7,3662.47,70462.97,0,16273.15,0,0,81831.97,0,0,0,2456.96,2250.57,0,22621.26,27193.68,63.75,2221.86,15547.38,0,0,0,0
2009-10-22 10:00:00,0,1992.46,0,312.03,10798.57,5778.03,5833.77,0,0,2127.23,15088.55,209.56,0,13123.41,1452.87,3706.69,72117.16,0,16851.23,0,0,84551.38,0,0,0,2549.85,2298.02,0,23457.77,27729.46,66.38,2372.84,15879.44,0,0,0,0
2009-10-22 11:00:00,0,2046.38,0,331.8,10846.62,6281.78,5996.62,0,0,2267.86,16197.43,220.9,0,13325.57,1547.61,3788.66,73467.21,0,17330.12,0,0,86636.95,0,0,0,2658.67,2390.22,0,24264.61,28091.34,68.31,2584.96,16267.33,0,0,0,0
2009-10-22 12:00:00,0,2095.3,0,338.6,11100.38,6836.45,6199.79,0,0,2397.48,17186.61,238.03,0,13463.82,1660.88,3865.08,74452.64,0,17712.23,0,0,88212.99,0,0,0,2791.53,2515.26,0,24947.87,28411.13,70.35,2815.45,16694.69,0,0,0,0
2009-10-22 13:00:00,0,2148.88,0,353.27,11301.64,7331.82,6475.57,0,0,2513.47,17981.79,256.89,0,13603.28,1714.22,3956.51,75197.48,0,18008.62,0,0,89408.71,0,0,0,2911.49,2631.49,0,25575.76,28695.75,72.1,3035.08,17129.96,0,0,0,0
2009-10-22 14:00:00,0,2205.64,0,361.85,11478.6,7728.94,6756.62,0,0,2579.58,18484.31,277.91,0,13685.71,1734.69,4016.28,75789.05,0,18295.47,0,0,90160.07,0,0,0,3005.24,2725.51,0,26060.15,28831.68,73.64,3210.01,17501.28,0,0,0,0
2009-10-22 15:00:00,0,2256.05,0,368.32,11741.85,8024.68,6976.05,0,0,2593.98,18785.16,289.86,0,13878.64,1745.95,4065.85,76071.49,0,18580.69,0,0,91310.9,0,0,0,3047.48,2793.07,0,26363.16,28960.03,74.26,3330.28,17864.69,0,0,0,0
2009-10-22 16:00:00,0,2306.81,0,362.1,11996.53,8125.15,7104.89,0,0,2582.56,18789.12,293.94,0,13961.82,1768.62,4119.29,75908.51,0,18659.72,0,0,92618.74,0,0,0,3058.46,2829.74,0,26479.31,29102.28,74.32,3357.09,18024.35,0,0,0,0
2009-10-22 17:00:00,0,2353.91,0,360.11,11971.12,7979.21,6894.92,0,0,2565.52,18532.44,287.29,0,13873.69,1764.73,4068.19,75618.16,0,18031.26,0,0,90588.16,0,0,0,3017.41,2806.23,0,26475.56,29182.39,74.31,3287.93,17945.08,0,0,0,0
2009-10-22 18:00:00,0,2394.39,0,344.52,11591.61,7453.04,6646.09,0,0,2486.21,17914.92,272.85,0,14029.49,1714.49,3906.16,75301.74,0,17802.63,0,0,88131.55,0,0,0,2927.11,2766.92,0,26371.9,29254.17,73.94,3081.33,17580.11,0,0,0,0
2009-10-22 19:00:00,0,2285.93,0,369.58,12232.41,7739.02,7206.98,0,0,2560.59,17966.01,290.88,0,14777.15,1836.94,4048.02,76520.63,0,18793.09,0,0,91168.58,0,0,0,2921.05,2773.06,0,26616.41,28780.89,74.09,3147.46,17813.69,0,0,0,0
2009-10-22 20:00:00,0,2322.3,0,357.38,11971.8,7248.88,6669.2,0,0,2380.53,16827.02,272.13,0,13783.98,1698.13,3843.74,75460.79,0,17862.12,0,0,86237.93,0,0,0,2863.34,2681.58,0,26271.67,29184.39,70.46,2906.69,17796.75,0,0,0,0
2009-10-22 21:00:00,0,2358.08,0,334.41,11450.63,6700.11,6177.48,0,0,2208.17,15779.31,256.47,0,12776.59,1556.03,3684.06,73662.59,0,16999.48,0,0,81764.74,0,0,0,2771.43,2568.24,0,25516.47,29008.09,66.82,2667.74,17201.42,0,0,0,0
2009-10-22 22:00:00,0,2238.58,0,308.32,10570.7,6052.73,5730.1,0,0,2055.16,14677.29,232.77,0,11817.76,1422.54,3536.56,71508.52,0,15857.43,0,0,77946.04,0,0,0,2618.62,2433.78,0,24130.42,28255.17,63.91,2458.36,16436.14,0,0,0,0
2009-10-22 23:00:00,0,2118.35,0,285.76,9781.5,5485.35,5376.82,0,0,1913.07,13496.06,211.48,0,11098.67,1308.1,3383.03,69040.83,0,14727.84,0,0,75015.03,0,0,0,2466.17,2308.6,0,22847.41,27098.35,61.79,2260.31,15634.57,0,0,0,0
2009-10-23 00:00:00,0,2004.91,0,264.18,9189.0,4945.55,5015.64,0,0,1780.05,12379.17,191.59,0,10449.09,1215.2,3252.4,66439.09,0,13777.08,0,0,72461.7,0,0,0,2315.32,2171.24,0,21791.21,26017.31,59.75,2085.05,14881.43,0,0,0,0
2009-10-23 01:00:00,0,1893.7,0,241.64,8666.66,4451.81,4678.16,0,0,1648.43,11357.04,173.39,0,10016.6,1129.0,3152.19,63819.2,0,12950.33,0,0,70266.06,0,0,0,2205.7,2049.39,0,20842.29,24982.27,57.89,1928.29,14267.36,0,0,0,0
2009-10-23 02:00:00,0,1798.45,0,221.81,8376.04,4016.57,4413.85,0,0,1517.19,10524.63,157.58,0,9957.19,1061.52,3051.69,61534.95,0,12524.21,0,0,68557.82,0,0,0,2160.05,2003.27,0,20239.25,24245.06,56.7,1799.94,13727.78,0,0,0,0
2009-10-23 03:00:00,0,1754.65,0,215.92,8345.77,3895.43,4439.68,0,0,1445.0,10080.58,150.48,0,10178.64,1037.62,2982.43,59867.36,0,12344.26,0,0,68320.53,0,0,0,2148.89,2000.33,0,19919.57,23907.28,56.14,1749.28,13261.36,0,0,0,0
2009-10-23 04:00:00,0,1821.3,0,224.5,8604.07,4028.88,4649.57,0,0,1460.71,10152.08,154.98,0,10686.32,1066.32,3039.97,60542.27,0,12805.5,0,0,69684.08,0,0,0,2202.73,2041.21,0,20206.79,23890.6,56.32,1786.64,13097.72,0,0,0,0
2009-10-23 05:00:00,0,1908.66,0,234.68,9130.72,4207.0,4862.94,0,0,1497.84,10458.04,160.97,0,11192.28,1108.02,3148.5,61927.93,0,13454.84,0,0,72046.69,0,0,0,2270.55,2084.97,0,20719.53,24470.39,57.96,1835.77,13248.4,0,0,0,0
2009-10-23 06:00:00,0,1991.08,0,241.06,9663.18,4395.85,5079.47,0,0,1540.35,10775.14,166.75,0,11641.0,1151.13,3277.13,63398.89,0,14136.68,0,0,74239.1,0,0,0,2341.79,2128.46,0,21169.42,25309.42,59.42,1887.27,13598.51,0,0,0,0
2009-10-23 07:00:00,0,2074.07,0,253.95,10263.8,4669.79,5344.69,0,0,1643.24,11457.57,174.25,0,12797.04,1219.83,3408.82,64858.79,0,15604.68,0,0,77807.53,0,0,0,2427.19,2177.23,0,21588.88,26109.22,61.22,1989.59,14042.68,0,0,0,0
2009-10-23 08:00:00,0,2162.12,0,290.75,10816.56,5168.38,5774.06,0,0,1860.7,12909.39,192.31,0,13613.4,1323.88,3603.44,67473.36,0,17023.56,0,0,83296.78,0,0,0,2527.9,2286.53,0,22765.61,27080.17,63.04,2172.86,14854.98,0,0,0,0
2009-10-23 09:00:00,0,2266.55,0,312.56,11220.87,5673.51,6117.96,0,0,2046.73,14411.62,205.56,0,13756.22,1420.0,3790.14,69689.14,0,17560.89,0,0,84338.03,0,0,0,2671.66,2399.89,0,23597.97,28231.44,64.78,2351.68,15421.39,0,0,0,0
2009-10-23 10:00:00,0,2376.38,0,327.63,11408.55,6132.13,6454.8,0,0,2208.66,15621.28,215.57,0,13919.24,1487.5,3881.84,71301.26,0,17967.57,0,0,85357.96,0,0,0,2815.69,2519.08,0,24459.94,28843.21,66.61,2519.62,15950.59,0,0,0,0
2009-10-23 11:00:00,0,2444.89,0,341.87,11590.87,6689.17,6721.78,0,0,2352.09,16775.77,229.23,0,13951.06,1599.58,3948.89,72514.0,0,18084.01,0,0,86199.09,0,0,0,2928.83,2666.82,0,25390.71,29039.62,68.63,2756.42,16323.03,0,0,0,0
2009-10-23 12:00:00,0,2498.4,0,358.97,11814.52,7304.25,6974.21,0,0,2508.97,17777.79,246.41,0,13900.55,1707.76,4024.58,73520.73,0,17992.14,0,0,86768.25,0,0,0,3051.12,2791.21,0,26507.75,29177.79,70.53,2993.97,16601.6,0,0,0,0
2009-10-23 13:00:00,0,2510.4,0,370.02,12178.44,7803.31,7227.97,0,0,2642.89,18572.27,266.35,0,13757.48,1783.35,4075.29,74300.0,0,17967.89,0,0,87359.99,0,0,0,3137.71,2893.42,0,27026.75,29178.68,71.75,3169.27,16774.81,0,0,0,0
2009-10-23 14:00:00,0,2507.94,0,383.8,12451.01,8186.41,7382.0,0,0,2743.51,19175.82,284.11,0,13645.95,1833.26,4148.12,74666.83,0,17757.43,0,0,87929.02,0,0,0,3199.45,2966.29,0,27747.78,29000.7,72.17,3295.21,16971.87,0,0,0,0
2009-10-23 15:00:00,0,2512.65,0,379.25,12645.31,8426.97,7457.09,0,0,2792.04,19572.47,297.29,0,13756.08,1844.64,4183.34,74825.6,0,17679.09,0,0,89126.92,0,0,0,3242.64,3013.22,0,28050.73,28823.02,72.47,3361.65,17100.26,0,0,0,0
2009-10-23 16:00:00,0,2520.3,0,373.73,12740.33,8436.77,7466.01,0,0,2772.68,19504.92,306.09,0,14075.22,1856.36,4166.2,74772.62,0,17711.37,0,0,90150.4,0,0,0,3216.94,2998.41,0,28321.3,28543.45,72.66,3364.53,17088.28,0,0,0,0
2009-10-23 17:00:00,0,2534.11,0,371.66,12603.25,8213.48,7312.65,0,0,2722.25,18975.95,306.92,0,14536.95,1818.92,4135.53,74810.72,0,18135.8,0,0,91000.27,0,0,0,3159.78,2941.79,0,28058.06,28312.37,72.92,3292.68,17030.52,0,0,0,0
2009-10-23 18:00:00,0,2541.2,0,352.86,12342.89,7711.65,7186.77,0,0,2600.67,18144.54,291.08,0,14796.35,1755.07,4052.0,74405.46,0,18494.72,0,0,92013.12,0,0,0,3019.37,2858.8,0,27551.67,28269.61,73.05,3135.17,16966.26,0,0,0,0
2009-10-23 19:00:00,0,2465.25,0,374.0,12665.81,7332.97,7630.3,0,0,2500.6,17867.25,291.59,0,14365.09,1708.69,3843.39,72571.53,0,17932.78,0,0,87915.99,0,0,0,2988.86,2877.16,0,26750.73,27060.02,62.82,2946.03,16217.41,0,0,0,0
2009-10-23 20:00:00,0,2523.42,0,357.32,12394.18,6940.57,7209.79,0,0,2318.1,16616.9,274.4,0,13621.41,1600.31,3658.14,71921.03,0,17466.93,0,0,84490.59,0,0,0,2878.21,2762.13,0,26228.72,27525.44,61.14,2726.91,16529.03,0,0,0,0
2009-10-23 21:00:00,0,2580.07,0,345.56,11879.6,6512.54,6762.0,0,0,2163.1,15525.45,260.63,0,12940.89,1512.27,3499.5,70575.75,0,16978.25,0,0,81304.17,0,0,0,2775.4,2636.68,0,25384.57,27001.52,59.48,2547.83,16140.85,0,0,0,0
2009-10-23 22:00:00,0,2474.98,0,322.06,11153.1,5933.03,6317.88,0,0,2015.0,14395.11,236.19,0,12107.19,1415.53,3382.77,68842.69,0,16065.54,0,0,78406.78,0,0,0,2581.29,2521.14,0,23837.54,26244.88,58.07,2379.37,15682.18,0,0,0,0
2009-10-23 23:00:00,0,2369.26,0,292.15,10354.48,5447.73,5905.01,0,0,1879.81,13340.05,214.55,0,11380.12,1321.26,3272.49,66397.31,0,15222.88,0,0,75772.28,0,0,0,2421.78,2389.03,0,22482.6,25579.8,56.53,2227.78,14917.98,0,0,0,0
2009-10-24 00:00:00,0,2274.13,0,280.06,9650.0,4963.28,5552.01,0,0,1750.26,12291.99,195.37,0,10773.11,1223.94,3157.23,63861.43,0,14349.96,0,0,73262.98,0,0,0,2300.31,2262.33,0,21032.37,24890.22,54.96,2080.86,14174.2,0,0,0,0
2009-10-24 01:00:00,0,2172.42,0,270.24,9082.72,4510.38,5222.34,0,0,1627.42,11360.35,179.91,0,10290.38,1130.01,3033.44,61395.39,0,13468.45,0,0,71021.54,0,0,0,2204.72,2140.48,0,20113.0,24278.85,53.59,1940.69,13452.36,0,0,0,0
2009-10-24 02:00:00,0,2107.19,0,265.54,8664.43,4191.87,4892.13,0,0,1508.28,10649.67,168.8,0,10100.82,1050.47,2932.94,59205.27,0,12800.79,0,0,68889.49,0,0,0,2144.02,2047.17,0,19565.8,23642.56,52.44,1820.57,13087.03,0,0,0,0
2009-10-24 03:00:00,0,2105.52,0,246.79,8453.26,3972.39,4702.84,0,0,1430.78,10217.7,159.33,0,10086.23,996.82,2886.22,57945.56,0,12451.31,0,0,67857.73,0,0,0,2115.98,1997.18,0,19040.18,23154.42,51.58,1744.89,12926.0,0,0,0,0
2009-10-24 04:00:00,0,2130.16,0,242.22,8316.32,3849.17,4688.73,0,0,1398.89,9969.74,154.31,0,10241.45,977.27,2896.89,57375.9,0,12429.03,0,0,67707.09,0,0,0,2103.88,2025.24,0,18800.82,23031.84,51.31,1702.43,12806.06,0,0,0,0
2009-10-24 05:00:00,0,2177.93,0,234.82,8372.7,3899.89,4748.34,0,0,1402.02,10037.94,153.32,0,10408.36,982.92,2946.99,57595.99,0,12677.11,0,0,68690.23,0,0,0,2134.93,2056.88,0,18880.71,23297.26,51.7,1712.96,13011.36,0,0,0,0
2009-10-24 06:00:00,0,2244.93,0,229.23,8650.73,3990.17,4893.27,0,0,1418.31,10220.03,155.99,0,10575.34,1010.09,3026.88,58669.63,0,13063.35,0,0,69886.26,0,0,0,2171.73,2096.86,0,19136.91,23749.83,52.18,1750.1,13345.56,0,0,0,0
2009-10-24 07:00:00,0,2314.17,0,228.82,9009.1,4279.77,5150.59,0,0,1503.82,10873.75,161.52,0,10762.66,1048.27,3114.62,59954.51,0,13545.41,0,0,71169.49,0,0,0,2235.9,2159.79,0,19543.03,24218.23,52.47,1836.9,13755.1,0,0,0,0
2009-10-24 08:00:00,0,2401.36,0,233.94,9474.88,4783.91,5510.28,0,0,1683.16,12149.22,174.76,0,10967.23,1128.3,3226.39,61568.46,0,14088.78,0,0,73337.91,0,0,0,2320.79,2279.72,0,20136.05,24641.35,52.82,2037.65,14480.67,0,0,0,0
2009-10-24 09:00:00,0,2416.16,0,240.87,9854.99,5471.31,5811.76,0,0,1897.52,13875.6,189.06,0,11230.93,1225.72,3322.45,63255.34,0,14545.87,0,0,74662.16,0,0,0,2366.93,2374.5,0,20963.46,24872.27,53.42,2291.31,14975.81,0,0,0,0
2009-10-24 10:00:00,0,2325.44,0,249.6,10221.33,6135.85,6091.27,0,0,2109.11,15479.7,208.88,0,11503.12,1320.8,3412.95,64794.19,0,14944.45,0,0,76071.64,0,0,0,2417.22,2435.24,0,21942.61,24749.64,54.06,2595.63,15284.99,0,0,0,0
2009-10-24 11:00:00,0,2249.99,0,260.48,10390.84,6854.39,6278.24,0,0,2321.83,16924.92,242.26,0,11669.47,1460.16,3475.11,65768.04,0,15357.94,0,0,77373.56,0,0,0,2485.9,2509.22,0,22763.13,24607.98,54.73,2868.13,15496.07,0,0,0,0
2009-10-24 12:00:00,0,2192.95,0,267.48,10500.02,7367.4,6421.64,0,0,2484.57,18012.65,251.48,0,11899.57,1654.99,3517.22,66439.17,0,15728.32,0,0,78226.27,0,0,0,2563.75,2576.17,0,23091.06,24768.79,55.42,3052.05,15516.49,0,0,0,0
2009-10-24 13:00:00,0,2146.51,0,270.39,10495.72,7739.42,6503.44,0,0,2617.32,18717.72,239.07,0,12130.26,1744.62,3565.34,66477.76,0,15975.08,0,0,78967.8,0,0,0,2620.88,2642.13,0,23090.98,25002.04,56.31,3148.08,15406.56,0,0,0,0
2009-10-24 14:00:00,0,2112.46,0,268.75,10437.68,7982.17,6560.99,0,0,2700.15,18977.33,237.9,0,12383.68,1754.95,3481.78,66312.4,0,16331.56,0,0,78915.52,0,0,0,2663.76,2693.54,0,23172.79,24971.19,56.31,3176.9,15296.19,0,0,0,0
2009-10-24 15:00:00,0,2079.65,0,270.25,10370.15,8052.08,6617.12,0,0,2725.45,18906.34,239.28,0,12611.35,1665.39,3439.11,66237.75,0,16543.28,0,0,79175.69,0,0,0,2688.16,2693.89,0,22875.9,25076.3,55.54,3156.03,15207.48,0,0,0,0
2009-10-24 16:00:00,0,2032.08,0,270.09,10227.87,7961.16,6685.84,0,0,2676.38,18612.33,241.08,0,12842.38,1565.37,3370.36,66021.61,0,16637.02,0,0,79307.82,0,0,0,2688.96,2678.7,0,22415.92,25326.14,54.2,3058.69,15058.14,0,0,0,0
2009-10-24 17:00:00,0,1998.29,0,267.72,10001.25,7595.8,6678.4,0,0,2574.36,18048.08,241.92,0,13069.27,1541.08,3320.49,65800.37,0,16806.06,0,0,79194.06,0,0,0,2613.38,2598.45,0,21937.53,25532.45,53.58,2874.76,14663.56,0,0,0,0
2009-10-24 18:00:00,0,2040.22,0,266.23,9838.5,7037.01,6667.29,0,0,2459.2,17520.13,235.93,0,13280.13,1506.98,3352.96,66097.8,0,17081.45,0,0,79366.08,0,0,0,2526.1,2530.07,0,21693.98,25494.91,53.54,2741.59,14705.25,0,0,0,0
2009-10-24 19:00:00,0,2081.47,0,289.83,11005.46,7018.27,7417.93,0,0,2518.28,17437.52,252.21,0,14398.71,1586.99,3669.42,69692.01,0,18230.6,0,0,85909.63,0,0,0,2603.59,2550.18,0,23406.29,26573.75,61.51,2754.46,15499.2,0,0,0,0
2009-10-24 20:00:00,0,2169.74,0,283.03,10856.5,6589.77,6829.46,0,0,2342.28,16262.8,232.28,0,13677.87,1472.6,3547.95,69096.56,0,17685.76,0,0,81662.7,0,0,0,2538.71,2445.12,0,23935.87,27328.71,59.56,2585.26,15887.01,0,0,0,0
2009-10-24 21:00:00,0,2242.63,0,269.32,10363.97,6146.19,6220.6,0,0,2167.62,15134.17,216.88,0,13084.5,1355.62,3428.02,68110.2,0,17046.12,0,0,77771.76,0,0,0,2507.89,2333.15,0,23496.55,26972.0,57.65,2405.58,16131.74,0,0,0,0
2009-10-24 22:00:00,0,2191.35,0,253.61,9736.53,5547.83,5583.7,0,0,2000.18,14072.92,197.4,0,12465.63,1245.88,3328.05,66010.28,0,16228.02,0,0,74534.58,0,0,0,2376.3,2241.91,0,22559.81,26083.97,55.86,2235.54,15337.64,0,0,0,0
2009-10-24 23:00:00,0,2077.57,0,238.3,9148.5,4994.82,5157.17,0,0,1846.99,13063.47,179.48,0,11766.84,1136.86,3227.59,63720.66,0,15442.42,0,0,71894.58,0,0,0,2249.77,2150.14,0,21560.19,25073.28,54.19,2077.05,14610.33,0,0,0,0
2009-10-25 00:00:00,0,1976.08,0,223.0,8723.7,4486.42,4749.63,0,0,1706.17,12010.73,163.05,0,11030.0,1056.05,3109.49,61439.16,0,14493.24,0,0,68664.13,0,0,0,2149.23,2055.44,0,20588.31,24199.1,52.38,1921.34,13991.99,0,0,0,0
2009-10-25 01:00:00,0,1877.53,0,209.54,8398.36,3992.18,4476.87,0,0,1565.33,11027.54,149.34,0,10244.81,990.56,3013.57,59241.27,0,13440.74,0,0,65307.68,0,0,0,2062.45,2019.58,0,20008.79,23373.62,50.48,1777.38,13538.22,0,0,0,0
2009-10-25 02:00:00,0,1793.05,0,199.67,8214.07,3649.79,4257.7,0,0,1437.47,10254.34,139.83,0,9976.7,945.15,2952.3,57711.15,0,12590.3,0,0,63300.46,0,0,0,2030.6,2028.97,0,19694.96,22546.6,48.8,1644.95,13372.97,0,0,0,0
2009-10-25 03:00:00,0,1755.39,0,194.22,8092.07,3379.38,4123.61,0,0,1356.73,9843.54,132.7,0,9828.16,907.34,2923.86,56509.12,0,12056.36,0,0,61911.91,0,0,0,2023.56,2072.02,0,19745.78,21908.12,47.97,1558.64,13297.24,0,0,0,0
2009-10-25 04:00:00,0,1761.92,0,199.32,8219.95,3334.52,4177.04,0,0,1328.29,9647.81,129.89,0,9623.07,905.63,2928.19,56182.19,0,11770.08,0,0,62392.62,0,0,0,2038.73,2115.89,0,20005.81,21797.94,47.84,1505.35,13479.49,0,0,0,0
2009-10-25 05:00:00,0,1802.14,0,202.94,8519.05,3368.27,4318.57,0,0,1338.06,9638.0,133.09,0,9542.21,939.78,2973.31,56754.99,0,11828.93,0,0,63330.61,0,0,0,2063.48,2152.0,0,20334.01,21949.51,48.31,1495.9,13723.87,0,0,0,0
2009-10-25 06:00:00,0,1868.45,0,210.27,8946.88,3463.5,4552.28,0,0,1364.89,9696.64,139.75,0,9709.43,998.61,3059.94,57729.32,0,12022.96,0,0,64314.06,0,0,0,2129.13,2202.56,0,20862.68,22346.47,49.01,1521.78,14179.61,0,0,0,0
2009-10-25 07:00:00,0,1929.16,0,217.66,9498.51,3676.41,4888.45,0,0,1413.78,10160.41,147.54,0,10056.79,1064.65,3148.25,58933.07,0,12618.44,0,0,66008.34,0,0,0,2186.81,2232.65,0,21580.42,22747.57,49.72,1580.1,14546.28,0,0,0,0
2009-10-25 08:00:00,0,2027.03,0,229.34,9773.9,4199.01,5153.02,0,0,1547.64,11245.07,154.12,0,10462.02,1124.19,3220.42,60601.58,0,13238.0,0,0,67925.01,0,0,0,2176.18,2245.12,0,23003.4,23248.38,50.59,1703.65,15404.46,0,0,0,0
2009-10-25 09:00:00,0,2128.92,0,238.02,9764.82,4680.99,5265.45,0,0,1689.12,12462.74,160.38,0,10888.32,1209.28,3226.09,62063.81,0,13692.15,0,0,68065.33,0,0,0,2211.18,2292.98,0,22005.92,23984.12,51.18,1863.08,15242.29,0,0,0,0
2009-10-25 10:00:00,0,2126.92,0,247.46,9792.31,5042.51,5407.58,0,0,1850.78,13852.47,170.78,0,11083.12,1263.15,3239.9,63677.02,0,13911.03,0,0,69538.77,0,0,0,2259.38,2336.05,0,21913.22,24427.28,51.46,1994.57,15081.13,0,0,0,0
2009-10-25 11:00:00,0,2127.63,0,259.8,9656.78,5432.95,5478.62,0,0,2048.93,15383.28,178.64,0,11168.23,1287.06,3186.16,64861.04,0,14051.79,0,0,70512.7,0,0,0,2287.72,2362.5,0,22133.44,24740.09,53.45,2230.29,15104.51,0,0,0,0
2009-10-25 12:00:00,0,2124.36,0,267.91,9496.06,5877.67,5476.22,0,0,2233.12,16499.03,185.15,0,11162.36,1301.42,3144.94,65770.01,0,14117.19,0,0,70924.99,0,0,0,2314.46,2381.54,0,22228.62,24981.41,55.31,2471.36,14934.35,0,0,0,0
2009-10-25 13:00:00,0,2118.44,0,270.72,9395.52,6244.26,5460.06,0,0,2380.23,17253.54,187.3,0,11098.9,1329.84,3133.69,66334.99,0,14228.1,0,0,70914.45,0,0,0,2343.64,2390.94,0,22256.64,25482.26,57.04,2655.15,14602.7,0,0,0,0
2009-10-25 14:00:00,0,2111.61,0,267.14,9409.54,6543.44,5500.28,0,0,2491.05,17848.71,190.63,0,11264.78,1332.85,3129.52,66685.51,0,14430.89,0,0,71225.51,0,0,0,2366.32,2386.6,0,22064.41,25760.36,58.5,2782.91,14413.29,0,0,0,0
2009-10-25 15:00:00,0,2090.57,0,265.85,9405.62,6738.47,5511.24,0,0,2543.39,18120.33,194.46,0,11433.34,1337.28,3157.74,67139.29,0,14780.07,0,0,72338.63,0,0,0,2372.89,2373.35,0,21765.24,25875.2,58.8,2813.01,14340.25,0,0,0,0
2009-10-25 16:00:00,0,2091.96,0,265.2,9426.26,6761.44,5534.74,0,0,2522.46,17807.41,198.51,0,11812.7,1359.52,3169.03,67104.74,0,15136.75,0,0,73953.38,0,0,0,2371.1,2354.37,0,22076.92,25976.48,58.73,2771.72,14251.62,0,0,0,0
2009-10-25 17:00:00,0,2107.15,0,263.39,9445.74,6649.63,5572.39,0,0,2460.38,17330.07,203.76,0,12553.75,1388.29,3260.15,66988.7,0,15496.52,0,0,74462.97,0,0,0,2386.97,2369.25,0,22224.19,26082.93,58.57,2671.98,14319.24,0,0,0,0
2009-10-25 18:00:00,0,2096.68,0,263.45,9674.03,6310.82,5752.22,0,0,2375.1,16994.93,205.02,0,12954.19,1345.72,3247.42,67069.63,0,15821.71,0,0,75242.39,0,0,0,2396.96,2359.39,0,21379.04,26016.28,57.68,2503.11,14052.77,0,0,0,0
2009-10-25 19:00:00,0,2085.11,0,322.68,11482.55,6982.76,6605.4,0,0,2582.77,17280.57,242.74,0,14572.62,1587.55,3888.42,73960.08,0,18357.25,0,0,87170.84,0,0,0,2670.39,2581.22,0,24855.56,28126.45,73.07,2796.62,16557.51,0,0,0,0
2009-10-25 20:00:00,0,2125.31,0,312.83,11458.73,6508.83,6175.48,0,0,2383.17,16149.13,232.08,0,13629.98,1462.25,3759.43,72964.39,0,17622.49,0,0,82963.23,0,0,0,2653.37,2530.27,0,24870.16,28461.03,69.37,2592.67,16693.75,0,0,0,0
2009-10-25 21:00:00,0,2164.11,0,298.66,11058.62,6079.15,5823.3,0,0,2183.18,15058.92,222.58,0,12730.93,1348.7,3619.69,71378.71,0,16931.6,0,0,78833.24,0,0,0,2546.72,2451.52,0,24277.28,28439.43,66.26,2405.15,16798.22,0,0,0,0
2009-10-25 22:00:00,0,2078.93,0,276.54,10429.79,5544.19,5523.61,0,0,1986.66,13915.79,204.44,0,11900.21,1262.07,3481.49,69146.3,0,15984.73,0,0,75506.24,0,0,0,2412.1,2360.36,0,23052.29,27583.93,63.16,2236.86,15953.63,0,0,0,0
2009-10-25 23:00:00,0,1952.41,0,254.27,9917.17,5036.35,5233.29,0,0,1814.8,12738.15,186.67,0,11124.08,1183.55,3350.0,66394.62,0,14968.03,0,0,72627.05,0,0,0,2286.65,2261.86,0,21891.83,26283.49,60.88,2065.59,15189.39,0,0,0,0
2009-10-26 00:00:00,0,1847.74,0,240.53,9432.12,4540.57,4988.66,0,0,1674.6,11656.23,169.2,0,10510.45,1105.36,3232.34,63821.08,0,13927.88,0,0,69837.08,0,0,0,2173.92,2169.93,0,20684.4,25103.65,58.81,1898.15,14485.1,0,0,0,0
2009-10-26 01:00:00,0,1769.0,0,225.17,9070.3,4078.68,4753.58,0,0,1546.6,10718.06,153.05,0,10150.2,1038.14,3138.35,61333.54,0,13118.16,0,0,67264.37,0,0,0,2076.23,2111.78,0,19774.97,24124.13,56.93,1745.84,13778.88,0,0,0,0
2009-10-26 02:00:00,0,1688.31,0,212.59,8928.01,3752.83,4598.71,0,0,1420.91,9949.59,142.04,0,10174.28,994.32,3057.4,59080.73,0,12669.4,0,0,65659.97,0,0,0,2013.67,2084.95,0,19169.29,23341.08,55.8,1617.16,13491.2,0,0,0,0
2009-10-26 03:00:00,0,1648.6,0,207.47,8961.45,3732.69,4751.13,0,0,1403.39,9607.75,144.21,0,10302.98,991.55,3048.69,58532.15,0,12525.53,0,0,66001.71,0,0,0,2002.84,2113.67,0,19146.48,22961.5,55.75,1587.13,13534.08,0,0,0,0
2009-10-26 04:00:00,0,1687.47,0,218.96,9342.41,3914.08,4997.82,0,0,1450.21,9792.58,151.38,0,10622.28,1010.84,3185.48,59649.47,0,12881.86,0,0,68053.33,0,0,0,2045.78,2149.03,0,19658.15,22990.07,57.29,1626.71,13852.46,0,0,0,0
2009-10-26 05:00:00,0,1765.97,0,226.11,9831.88,4116.8,5244.71,0,0,1493.62,10083.21,154.88,0,11001.39,1054.17,3342.24,61357.59,0,13430.43,0,0,70298.5,0,0,0,2123.79,2198.59,0,20237.75,23669.92,59.4,1701.49,14309.04,0,0,0,0
2009-10-26 06:00:00,0,1849.2,0,234.32,10352.41,4308.48,5484.7,0,0,1534.39,10400.26,162.97,0,11368.89,1099.05,3500.78,63151.24,0,13979.92,0,0,72509.64,0,0,0,2207.58,2248.1,0,20793.38,24550.5,61.32,1769.55,14778.11,0,0,0,0
2009-10-26 07:00:00,0,1939.72,0,241.49,11172.12,4589.12,5750.49,0,0,1662.91,11162.78,169.8,0,12658.28,1155.67,3657.06,64841.92,0,15469.52,0,0,77186.04,0,0,0,2313.26,2307.5,0,21414.48,25402.85,62.99,1887.45,15270.04,0,0,0,0
2009-10-26 08:00:00,0,2034.14,0,260.26,11327.51,5045.55,5822.03,0,0,1853.86,12401.54,179.52,0,12876.92,1242.47,3899.11,68006.18,0,15879.94,0,0,79781.45,0,0,0,2452.69,2397.51,0,22736.95,26395.82,64.51,2068.01,16498.04,0,0,0,0
2009-10-26 09:00:00,0,2168.6,0,267.32,11056.76,5523.36,5840.13,0,0,2057.97,13882.86,188.59,0,13022.8,1317.48,3836.81,70398.9,0,16208.18,0,0,80823.14,0,0,0,2494.93,2444.69,0,22845.77,27729.73,66.0,2246.6,16239.44,0,0,0,0
2009-10-26 10:00:00,0,2209.68,0,276.7,10943.38,6010.34,5921.0,0,0,2286.13,15442.42,198.33,0,13097.5,1390.87,3824.55,71809.51,0,16549.95,0,0,82127.2,0,0,0,2519.34,2480.16,0,23414.94,28017.58,67.16,2433.29,16097.67,0,0,0,0
2009-10-26 11:00:00,0,2241.91,0,290.25,10965.78,6681.0,6012.54,0,0,2493.58,16964.29,207.25,0,13170.74,1451.43,3816.28,73226.48,0,16748.25,0,0,83029.2,0,0,0,2533.22,2493.75,0,23838.09,28142.82,68.11,2703.79,16123.23,0,0,0,0
2009-10-26 12:00:00,0,2258.37,0,303.18,10902.98,7340.04,6090.08,0,0,2681.95,18158.32,217.68,0,13203.01,1497.53,3801.13,74348.7,0,16868.47,0,0,83212.64,0,0,0,2549.21,2507.33,0,24072.5,28133.5,69.66,2997.88,16202.88,0,0,0,0
2009-10-26 13:00:00,0,2254.02,0,311.47,10876.57,7899.63,6156.14,0,0,2821.94,19025.81,228.25,0,13148.24,1540.61,3770.99,74660.5,0,16975.0,0,0,83619.32,0,0,0,2564.59,2512.9,0,24341.86,28106.82,70.68,3203.77,16268.85,0,0,0,0
2009-10-26 14:00:00,0,2249.31,0,320.72,10950.06,8390.55,6196.53,0,0,2925.49,19643.26,244.77,0,13073.03,1584.95,3747.06,74824.85,0,17035.81,0,0,84176.84,0,0,0,2578.57,2516.28,0,24566.56,28075.42,71.0,3350.35,16317.93,0,0,0,0
2009-10-26 15:00:00,0,2252.12,0,328.84,11050.26,8673.58,6209.48,0,0,2962.98,19912.54,269.33,0,13118.03,1632.98,3765.19,74632.4,0,17130.18,0,0,84976.05,0,0,0,2590.2,2516.9,0,24691.55,28035.26,70.93,3429.72,16368.07,0,0,0,0
2009-10-26 16:00:00,0,2262.9,0,337.8,11134.26,8608.5,6226.94,0,0,2912.64,19659.63,280.4,0,13406.45,1664.17,3805.76,74653.9,0,17154.68,0,0,86055.38,0,0,0,2613.6,2515.21,0,24911.39,28017.27,70.49,3387.21,16616.26,0,0,0,0
2009-10-26 17:00:00,0,2297.94,0,336.0,11286.16,8292.47,6248.11,0,0,2811.98,19036.91,277.15,0,14073.86,1658.55,3835.13,74521.4,0,17181.42,0,0,85331.8,0,0,0,2640.09,2518.25,0,24883.59,28023.23,69.71,3281.25,16614.08,0,0,0,0
2009-10-26 18:00:00,0,2359.59,0,320.72,11401.71,7847.36,6316.52,0,0,2713.45,18448.58,265.53,0,14419.04,1651.4,3788.7,74008.27,0,17502.13,0,0,85211.55,0,0,0,2667.65,2530.84,0,24681.34,27911.04,70.1,3118.91,16310.6,0,0,0,0
2009-10-26 19:00:00,0,2273.69,0,352.46,11870.44,7918.24,6916.67,0,0,2729.08,18335.37,281.74,0,14560.13,1696.91,3902.46,73937.23,0,18288.91,0,0,87300.82,0,0,0,2674.01,2669.49,0,25358.96,27912.45,72.46,3090.22,17122.68,0,0,0,0
2009-10-26 20:00:00,0,2315.73,0,331.46,11766.95,7472.93,6548.57,0,0,2556.04,17240.46,267.22,0,13602.17,1604.37,3714.6,72980.07,0,17506.7,0,0,83035.37,0,0,0,2658.14,2610.42,0,25183.7,28289.17,69.43,2869.49,17062.72,0,0,0,0
2009-10-26 21:00:00,0,2364.49,0,312.22,11350.27,6934.15,6199.84,0,0,2391.63,16215.93,247.72,0,12657.59,1507.18,3565.57,71407.57,0,16812.09,0,0,79108.44,0,0,0,2610.37,2517.78,0,24656.56,28423.96,66.63,2688.64,16827.98,0,0,0,0
2009-10-26 22:00:00,0,2257.28,0,290.31,10607.66,6317.84,5827.25,0,0,2223.44,15172.06,224.51,0,11844.96,1402.21,3424.51,69174.66,0,15846.41,0,0,75953.23,0,0,0,2450.84,2385.33,0,23387.58,27810.97,63.91,2488.96,15833.58,0,0,0,0
2009-10-26 23:00:00,0,2132.97,0,274.58,9994.56,5775.78,5464.55,0,0,2059.1,14123.28,207.1,0,11085.76,1315.15,3283.3,66473.69,0,14821.42,0,0,73112.44,0,0,0,2304.61,2249.26,0,22111.41,26609.98,61.76,2307.56,14987.39,0,0,0,0
2009-10-27 00:00:00,0,2023.23,0,252.9,9379.38,5250.02,5102.0,0,0,1904.05,13171.82,192.45,0,10441.75,1242.69,3147.68,63890.17,0,13824.62,0,0,70335.45,0,0,0,2180.2,2122.95,0,20889.38,25466.32,59.56,2134.97,14132.5,0,0,0,0
2009-10-27 01:00:00,0,1934.16,0,234.05,8799.78,4765.86,4768.05,0,0,1760.42,12265.86,180.79,0,10122.72,1165.66,3031.06,61441.29,0,13037.21,0,0,67789.97,0,0,0,2076.83,2024.28,0,19937.76,24361.23,57.52,1974.17,13365.22,0,0,0,0
2009-10-27 02:00:00,0,1871.91,0,222.16,8473.5,4448.43,4573.71,0,0,1652.82,11570.07,172.31,0,10123.23,1105.96,2925.91,59215.82,0,12574.58,0,0,66126.14,0,0,0,2021.43,2005.32,0,19321.11,23480.25,55.96,1875.15,13034.28,0,0,0,0
2009-10-27 03:00:00,0,1876.86,0,224.22,8399.94,4352.36,4616.33,0,0,1622.32,11308.02,172.06,0,10302.36,1102.77,2915.53,58547.66,0,12438.78,0,0,66780.68,0,0,0,2040.16,2027.97,0,19063.91,23192.49,55.67,1853.86,13052.6,0,0,0,0
2009-10-27 04:00:00,0,1952.57,0,233.56,8622.18,4517.33,4811.41,0,0,1674.4,11508.63,178.85,0,10667.16,1141.81,3022.54,59744.71,0,12866.35,0,0,69087.28,0,0,0,2098.46,2060.12,0,19568.25,23555.03,57.18,1928.76,13415.98,0,0,0,0
2009-10-27 05:00:00,0,2026.68,0,242.83,9106.35,4725.9,5030.7,0,0,1732.75,11940.85,185.49,0,11044.92,1193.18,3153.24,61401.42,0,13493.6,0,0,71231.61,0,0,0,2183.72,2095.37,0,20110.19,24341.26,58.71,2005.21,13908.35,0,0,0,0
2009-10-27 06:00:00,0,2107.07,0,252.17,9594.43,4949.5,5242.12,0,0,1805.6,12419.49,192.39,0,11435.27,1256.87,3290.13,63054.42,0,14194.21,0,0,73350.14,0,0,0,2266.18,2128.38,0,20638.23,25249.84,60.39,2084.85,14290.33,0,0,0,0
2009-10-27 07:00:00,0,2180.52,0,259.5,10136.25,5217.02,5465.2,0,0,1927.32,13205.97,199.81,0,12366.74,1333.72,3425.82,64636.89,0,15097.26,0,0,75753.55,0,0,0,2352.77,2168.7,0,21253.56,26133.13,62.02,2194.06,14721.87,0,0,0,0
2009-10-27 08:00:00,0,2285.18,0,282.03,10795.85,5656.89,5742.29,0,0,2097.57,14546.95,210.01,0,12960.42,1443.44,3608.26,67088.62,0,16270.68,0,0,80727.42,0,0,0,2438.24,2224.33,0,22240.37,27093.59,63.79,2354.0,15214.53,0,0,0,0
2009-10-27 09:00:00,0,2337.45,0,297.72,11132.78,6159.58,5989.4,0,0,2263.59,15631.1,224.33,0,13123.15,1539.85,3645.98,70208.68,0,16652.44,0,0,81344.48,0,0,0,2491.49,2291.21,0,22732.48,28212.49,65.63,2548.33,15685.55,0,0,0,0
2009-10-27 10:00:00,0,2276.5,0,308.54,11280.11,6718.22,6100.11,0,0,2425.25,16944.02,242.68,0,13343.96,1631.64,3695.08,71760.33,0,16954.72,0,0,82501.47,0,0,0,2541.52,2328.91,0,22978.91,28176.54,66.65,2790.82,15980.18,0,0,0,0
2009-10-27 11:00:00,0,2250.34,0,324.03,11308.37,7271.27,6158.77,0,0,2589.78,18170.75,264.92,0,13571.41,1739.16,3742.31,73221.78,0,17114.48,0,0,83578.56,0,0,0,2576.82,2361.1,0,22993.69,28025.61,67.91,2992.72,16195.34,0,0,0,0
2009-10-27 12:00:00,0,2246.84,0,329.61,11301.31,7744.02,6217.75,0,0,2746.44,19100.5,280.8,0,13797.31,1830.81,3780.62,74240.57,0,17265.07,0,0,84392.61,0,0,0,2608.15,2401.12,0,23175.3,27933.78,69.34,3090.09,16302.3,0,0,0,0
2009-10-27 13:00:00,0,2240.32,0,335.07,11329.19,8014.92,6278.99,0,0,2849.98,19701.76,304.65,0,13980.97,1885.98,3806.79,74716.09,0,17406.47,0,0,85080.47,0,0,0,2639.39,2432.14,0,23389.17,27846.38,70.65,3098.45,16425.13,0,0,0,0
2009-10-27 14:00:00,0,2245.29,0,335.66,11333.43,8183.3,6320.26,0,0,2868.23,20066.16,301.96,0,14183.55,1946.44,3802.88,74896.26,0,17543.49,0,0,85774.4,0,0,0,2681.23,2473.1,0,23650.95,27798.21,71.15,3169.35,16587.62,0,0,0,0
2009-10-27 15:00:00,0,2271.24,0,346.17,11324.99,8378.48,6348.13,0,0,2865.43,20283.99,302.46,0,14312.83,1982.73,3852.81,74792.16,0,17500.31,0,0,86669.77,0,0,0,2726.81,2517.91,0,23798.4,27701.89,71.12,3260.78,16677.64,0,0,0,0
2009-10-27 16:00:00,0,2291.34,0,344.78,11324.25,8377.44,6351.35,0,0,2832.97,20010.1,305.3,0,14448.38,1931.57,3857.58,74417.24,0,17523.82,0,0,87367.03,0,0,0,2755.69,2547.08,0,24107.01,27706.5,71.3,3291.9,16799.03,0,0,0,0
2009-10-27 17:00:00,0,2303.72,0,365.28,11328.62,8277.43,6410.53,0,0,2799.31,19449.11,306.58,0,14645.09,1936.03,3845.84,74099.99,0,17633.36,0,0,87642.75,0,0,0,2788.38,2569.08,0,24449.98,27623.76,71.04,3255.86,16868.57,0,0,0,0
2009-10-27 18:00:00,0,2343.94,0,364.81,11429.88,8113.22,6483.15,0,0,2760.14,19037.5,306.39,0,14913.69,1906.72,3863.14,73609.06,0,17886.53,0,0,88016.17,0,0,0,2834.56,2603.63,0,24712.33,27719.39,71.11,3185.57,16974.2,0,0,0,0
2009-10-27 19:00:00,0,2261.63,0,378.23,11949.43,8206.52,7000.7,0,0,2745.04,18624.66,317.98,0,14436.22,1910.18,3882.41,73942.47,0,18179.9,0,0,87092.35,0,0,0,2738.64,2580.69,0,24805.95,27866.05,71.97,3211.48,16921.79,0,0,0,0
2009-10-27 20:00:00,0,2298.63,0,366.84,11798.41,7768.28,6581.39,0,0,2576.91,17587.13,309.47,0,13541.52,1786.85,3721.58,72839.85,0,17487.75,0,0,83390.39,0,0,0,2730.09,2482.53,0,24746.42,28202.09,68.32,2983.4,17031.89,0,0,0,0
2009-10-27 21:00:00,0,2340.3,0,352.67,11302.81,7236.65,6182.09,0,0,2412.99,16612.84,291.58,0,12755.8,1687.27,3568.11,71288.27,0,16799.54,0,0,79996.83,0,0,0,2674.19,2380.59,0,23995.48,28183.76,65.52,2758.96,16675.22,0,0,0,0
2009-10-27 22:00:00,0,2208.46,0,336.66,10494.77,6597.02,5832.59,0,0,2247.44,15546.91,267.72,0,12034.75,1565.97,3398.84,68988.65,0,15742.0,0,0,77147.43,0,0,0,2544.32,2306.21,0,22562.56,27521.04,63.02,2552.15,15868.34,0,0,0,0
2009-10-27 23:00:00,0,2082.02,0,316.47,9812.1,6029.94,5519.83,0,0,2079.44,14491.97,245.32,0,11273.97,1456.66,3219.47,66226.29,0,14732.83,0,0,74563.71,0,0,0,2468.16,2258.32,0,21418.72,26338.52,60.63,2369.64,14940.98,0,0,0,0
2009-10-28 00:00:00,0,1967.01,0,296.83,9218.5,5509.08,5262.06,0,0,1918.96,13454.94,225.67,0,10540.0,1339.74,3076.57,63574.83,0,13763.24,0,0,72082.98,0,0,0,2390.58,2184.74,0,20286.59,25207.12,58.44,2212.9,14191.17,0,0,0,0
2009-10-28 01:00:00,0,1855.68,0,277.63,8669.88,5037.68,5034.23,0,0,1779.86,12479.94,211.09,0,10183.1,1240.35,2967.73,61107.29,0,13034.77,0,0,69831.94,0,0,0,2319.21,2121.16,0,19420.9,24085.28,56.61,2076.72,13575.94,0,0,0,0
2009-10-28 02:00:00,0,1773.94,0,260.79,8371.17,4725.66,4858.79,0,0,1658.32,11715.77,195.12,0,10127.76,1183.67,2853.09,58767.31,0,12527.3,0,0,68091.67,0,0,0,2278.46,2095.64,0,18919.27,23193.81,55.23,1997.46,13167.19,0,0,0,0
2009-10-28 03:00:00,0,1749.41,0,253.71,8287.18,4632.48,4958.87,0,0,1617.76,11394.99,188.29,0,10432.56,1154.69,2878.18,58247.38,0,12676.98,0,0,68211.6,0,0,0,2263.76,2081.26,0,19073.91,22841.21,54.87,1981.42,13169.85,0,0,0,0
2009-10-28 04:00:00,0,1811.51,0,265.44,8559.17,4755.47,5195.39,0,0,1667.11,11542.41,194.91,0,10791.79,1178.22,3011.01,59562.67,0,13272.14,0,0,70546.38,0,0,0,2316.12,2082.36,0,19579.08,23093.84,56.13,2030.24,13499.7,0,0,0,0
2009-10-28 05:00:00,0,1881.59,0,269.12,9051.33,4935.21,5425.68,0,0,1716.72,11943.24,203.04,0,11143.17,1204.33,3126.31,61352.36,0,13901.49,0,0,72903.2,0,0,0,2371.8,2121.85,0,20074.48,23782.15,57.68,2100.04,13997.47,0,0,0,0
2009-10-28 06:00:00,0,1949.53,0,276.95,9589.55,5116.22,5609.8,0,0,1775.73,12353.9,209.89,0,11495.77,1245.81,3237.16,63088.11,0,14437.25,0,0,75026.83,0,0,0,2420.99,2174.51,0,20561.96,24610.37,59.47,2159.8,14452.76,0,0,0,0
2009-10-28 07:00:00,0,2010.81,0,290.22,10313.97,5358.09,5787.9,0,0,1897.33,13175.56,216.52,0,12160.92,1304.06,3352.77,64739.41,0,15019.41,0,0,77451.38,0,0,0,2503.27,2237.59,0,21095.91,25402.17,61.21,2242.29,14874.08,0,0,0,0
2009-10-28 08:00:00,0,2111.59,0,320.4,10796.1,5779.67,6051.79,0,0,2071.24,14476.99,226.48,0,12944.08,1394.61,3542.76,67651.24,0,15691.94,0,0,81376.53,0,0,0,2593.79,2302.35,0,21986.46,26566.68,62.99,2397.83,15439.43,0,0,0,0
2009-10-28 09:00:00,0,2181.91,0,336.12,10775.11,6289.47,6278.97,0,0,2244.29,15667.35,238.82,0,13658.4,1494.89,3646.77,70442.08,0,16341.73,0,0,83515.82,0,0,0,2660.53,2375.7,0,22363.32,27656.29,64.12,2614.64,15851.0,0,0,0,0
2009-10-28 10:00:00,0,2166.08,0,347.92,10754.91,6842.45,6483.12,0,0,2440.76,17004.47,251.96,0,13928.29,1570.96,3721.11,72144.39,0,16908.56,0,0,84383.48,0,0,0,2732.55,2439.55,0,22712.94,27702.29,65.1,2820.76,15997.68,0,0,0,0
2009-10-28 11:00:00,0,2145.14,0,368.07,10972.79,7515.83,6641.26,0,0,2646.6,18232.6,272.24,0,14066.8,1667.66,3755.83,73647.94,0,17315.33,0,0,85140.81,0,0,0,2795.41,2479.21,0,23277.6,27838.04,66.81,3032.01,16175.55,0,0,0,0
2009-10-28 12:00:00,0,2122.0,0,391.0,11168.33,8210.25,6764.82,0,0,2842.37,19482.33,298.12,0,14164.5,1854.86,3761.72,74955.67,0,17567.27,0,0,85847.0,0,0,0,2837.06,2509.94,0,23789.24,28127.39,68.19,3256.98,16303.11,0,0,0,0
2009-10-28 13:00:00,0,2099.83,0,413.56,11396.59,8789.6,6956.92,0,0,2983.93,20431.56,318.1,0,14216.59,2022.15,3785.97,75984.42,0,17556.78,0,0,86370.7,0,0,0,2875.95,2576.13,0,24220.22,28306.95,70.19,3412.79,16397.95,0,0,0,0
2009-10-28 14:00:00,0,2070.36,0,431.84,11645.37,9193.53,7145.37,0,0,3077.6,21074.71,332.93,0,14321.76,2142.18,3810.32,76450.29,0,17532.92,0,0,86898.58,0,0,0,2926.77,2645.44,0,24580.93,28333.42,71.28,3532.83,16393.54,0,0,0,0
2009-10-28 15:00:00,0,2031.82,0,445.17,11846.57,9486.96,7283.39,0,0,3123.83,21398.16,344.3,0,14460.37,2212.6,3818.23,76867.05,0,17889.81,0,0,87280.42,0,0,0,2966.37,2718.77,0,25002.77,28255.26,72.02,3622.24,16493.46,0,0,0,0
2009-10-28 16:00:00,0,2023.23,0,449.17,12056.82,9547.05,7337.5,0,0,3088.4,21165.22,350.63,0,14633.13,2221.52,3814.91,77123.71,0,18256.21,0,0,87913.66,0,0,0,3000.66,2768.11,0,25580.17,28379.74,72.06,3625.02,16781.64,0,0,0,0
2009-10-28 17:00:00,0,2062.94,0,421.17,12045.41,9200.14,7041.36,0,0,2992.01,20245.18,345.73,0,14758.76,2133.65,3821.31,76936.53,0,18387.63,0,0,88035.77,0,0,0,2979.13,2738.55,0,25861.76,28577.87,70.78,3521.97,16824.21,0,0,0,0
2009-10-28 18:00:00,0,2138.75,0,387.33,11562.6,8593.41,6795.33,0,0,2837.32,19329.24,330.59,0,14988.63,1992.11,3803.53,76250.43,0,18523.04,0,0,88011.84,0,0,0,2896.65,2680.04,0,24627.93,28738.1,69.02,3365.91,16321.83,0,0,0,0
2009-10-28 19:00:00,0,2139.05,0,407.09,12037.99,8444.59,7238.28,0,0,2846.21,19091.34,335.02,0,15107.06,1975.0,3855.83,76452.68,0,18878.52,0,0,87442.78,0,0,0,2929.5,2706.79,0,26194.02,28724.61,70.02,3264.0,16942.74,0,0,0,0
2009-10-28 20:00:00,0,2175.81,0,388.61,11698.91,7961.95,6604.76,0,0,2656.33,17971.86,317.86,0,14228.28,1824.12,3705.96,75337.32,0,18272.58,0,0,83553.46,0,0,0,2843.64,2575.47,0,25683.64,29040.7,67.74,3030.93,16793.0,0,0,0,0
2009-10-28 21:00:00,0,2208.38,0,359.39,11088.64,7351.21,6038.85,0,0,2484.95,16971.0,296.62,0,13395.57,1702.21,3543.17,73661.27,0,17493.63,0,0,80018.22,0,0,0,2669.78,2408.33,0,24610.68,28846.03,65.64,2822.27,16666.68,0,0,0,0
2009-10-28 22:00:00,0,2091.35,0,328.9,10273.96,6706.23,5545.53,0,0,2320.49,15950.68,272.59,0,12574.27,1578.77,3396.66,71295.0,0,16451.36,0,0,76934.32,0,0,0,2484.55,2271.17,0,22943.63,28256.04,63.45,2625.16,15651.05,0,0,0,0
2009-10-28 23:00:00,0,1985.23,0,303.79,9538.37,6140.07,5158.97,0,0,2159.07,14831.54,247.66,0,11738.65,1464.5,3260.53,68440.53,0,15363.86,0,0,74098.63,0,0,0,2324.41,2131.7,0,21725.81,27076.0,61.35,2445.39,14794.93,0,0,0,0
2009-10-29 00:00:00,0,1878.97,0,282.07,8930.9,5600.04,4822.07,0,0,1993.47,13739.15,225.51,0,10955.21,1355.14,3132.2,65733.64,0,14445.69,0,0,71394.31,0,0,0,2182.6,2004.46,0,20571.82,26016.01,60.1,2269.18,13981.97,0,0,0,0
2009-10-29 01:00:00,0,1769.62,0,259.04,8492.15,5113.86,4512.89,0,0,1847.78,12714.06,206.5,0,10461.38,1254.57,3017.95,63239.2,0,13681.44,0,0,68842.07,0,0,0,2069.5,1916.67,0,19508.03,24970.67,59.01,2107.87,13145.27,0,0,0,0
2009-10-29 02:00:00,0,1663.32,0,236.7,8305.05,4850.06,4312.26,0,0,1713.6,11913.1,190.91,0,10362.19,1178.8,2936.98,60628.9,0,13038.94,0,0,66828.96,0,0,0,2013.54,1895.7,0,18809.39,24126.36,58.42,2018.27,12650.65,0,0,0,0
2009-10-29 03:00:00,0,1613.67,0,234.73,8254.03,4662.83,4320.57,0,0,1660.76,11420.54,182.43,0,10709.19,1165.35,2918.06,59587.04,0,13119.95,0,0,66992.92,0,0,0,1996.1,1934.22,0,18841.05,23709.0,57.98,1990.95,12469.65,0,0,0,0
2009-10-29 04:00:00,0,1639.17,0,241.25,8546.76,4761.94,4541.03,0,0,1696.22,11447.67,184.21,0,11091.3,1197.29,3020.43,60778.14,0,13616.1,0,0,69110.36,0,0,0,2051.38,1986.33,0,19425.56,23559.98,58.05,2041.2,12823.27,0,0,0,0
2009-10-29 05:00:00,0,1698.31,0,249.9,9054.2,4938.98,4772.73,0,0,1742.32,11775.19,187.96,0,11480.14,1234.11,3161.09,62474.63,0,14124.13,0,0,71310.84,0,0,0,2121.81,2038.74,0,20008.55,23969.26,58.53,2102.41,13342.1,0,0,0,0
2009-10-29 06:00:00,0,1756.54,0,260.58,9596.93,5124.76,5032.17,0,0,1794.67,12120.74,192.48,0,11851.51,1276.86,3298.0,64035.33,0,14659.95,0,0,73313.59,0,0,0,2200.05,2094.36,0,20604.75,24674.53,59.59,2164.27,13856.98,0,0,0,0
2009-10-29 07:00:00,0,1812.89,0,275.92,10502.95,5376.78,5410.56,0,0,1896.79,12726.98,198.33,0,12891.07,1341.93,3440.62,65563.59,0,15420.19,0,0,76855.92,0,0,0,2357.21,2143.5,0,21154.75,25410.05,61.53,2267.89,14314.92,0,0,0,0
2009-10-29 08:00:00,0,1893.61,0,302.97,10643.25,5868.98,5504.69,0,0,2043.74,13897.95,208.82,0,13589.51,1409.83,3692.51,68412.01,0,16601.73,0,0,81218.25,0,0,0,2429.46,2198.23,0,21909.93,26339.13,63.42,2471.21,15312.23,0,0,0,0
2009-10-29 09:00:00,0,1989.94,0,323.07,10554.67,6561.21,5527.27,0,0,2293.68,15603.45,240.03,0,13528.99,1469.11,3697.15,71071.36,0,17035.13,0,0,81939.49,0,0,0,2477.13,2249.36,0,22664.68,27393.78,65.42,2728.68,15654.93,0,0,0,0
2009-10-29 10:00:00,0,2037.81,0,354.02,10610.64,7309.61,5631.14,0,0,2482.65,17023.81,267.39,0,13520.05,1604.42,3726.4,73077.02,0,17257.8,0,0,83014.86,0,0,0,2530.27,2306.59,0,23655.7,28073.35,67.49,2984.67,16035.75,0,0,0,0
2009-10-29 11:00:00,0,2071.55,0,390.17,10785.38,7962.04,5728.48,0,0,2656.47,18264.49,288.27,0,13404.69,1752.75,3765.08,74565.1,0,17473.6,0,0,83923.55,0,0,0,2582.58,2353.84,0,24740.26,28569.0,69.07,3195.1,16378.97,0,0,0,0
2009-10-29 12:00:00,0,2100.69,0,422.82,10945.93,8618.42,5842.27,0,0,2804.06,19249.68,307.37,0,13309.71,1854.41,3814.24,75866.18,0,17491.18,0,0,84560.44,0,0,0,2646.94,2406.76,0,26205.81,28963.01,70.75,3380.04,16677.27,0,0,0,0
2009-10-29 13:00:00,0,2139.54,0,443.03,11055.58,9051.22,5988.89,0,0,2912.01,19975.44,324.15,0,13225.33,1929.73,3900.74,76810.9,0,17245.26,0,0,85000.46,0,0,0,2695.9,2470.34,0,27487.47,29236.57,72.65,3520.95,17041.76,0,0,0,0
2009-10-29 14:00:00,0,2174.34,0,452.23,11211.84,9337.17,6194.67,0,0,2978.0,20467.35,337.03,0,13222.98,1959.16,3985.08,77478.3,0,17254.54,0,0,85430.74,0,0,0,2740.42,2541.12,0,28432.04,29464.71,74.55,3613.12,17583.98,0,0,0,0
2009-10-29 15:00:00,0,2213.87,0,454.74,11356.91,9470.98,6393.42,0,0,2992.87,20632.61,347.59,0,13341.83,1929.88,4037.02,77846.5,0,17373.52,0,0,86066.85,0,0,0,2766.98,2605.86,0,29026.77,29585.07,76.03,3654.87,18110.44,0,0,0,0
2009-10-29 16:00:00,0,2263.63,0,453.52,11571.7,9403.34,6481.2,0,0,2931.69,20377.76,353.61,0,13608.7,1864.33,4065.85,77982.83,0,17367.36,0,0,86992.46,0,0,0,2787.02,2628.17,0,29125.79,29689.13,76.52,3639.25,18341.45,0,0,0,0
2009-10-29 17:00:00,0,2322.53,0,441.83,11730.49,9021.07,6363.16,0,0,2831.24,19606.56,350.25,0,14278.23,1815.11,4013.76,77918.9,0,17484.11,0,0,87281.04,0,0,0,2796.39,2623.49,0,28765.81,29774.8,76.75,3539.46,18153.67,0,0,0,0
2009-10-29 18:00:00,0,2350.25,0,406.87,11424.99,8311.62,6270.43,0,0,2699.71,18840.17,319.74,0,14579.4,1769.63,3949.6,77750.56,0,17828.56,0,0,87043.45,0,0,0,2750.19,2564.49,0,27805.01,29643.58,75.93,3289.75,17586.24,0,0,0,0
2009-10-29 19:00:00,0,2232.13,0,424.16,11919.53,8326.09,6766.22,0,0,2737.97,18641.88,314.87,0,14678.88,1847.92,4034.0,79583.96,0,18282.02,0,0,87591.76,0,0,0,2806.71,2604.31,0,28423.23,28645.68,74.16,3263.82,18000.99,0,0,0,0
2009-10-29 20:00:00,0,2267.47,0,404.24,11655.4,7848.72,6304.46,0,0,2568.08,17558.32,300.52,0,13749.56,1746.73,3856.17,78678.46,0,17493.5,0,0,83760.43,0,0,0,2757.64,2500.48,0,27646.16,28901.32,71.94,3023.3,17888.73,0,0,0,0
2009-10-29 21:00:00,0,2245.17,0,372.19,11110.9,7306.73,5861.69,0,0,2404.51,16530.56,284.29,0,12894.6,1635.85,3673.46,76704.69,0,16799.87,0,0,80378.99,0,0,0,2624.69,2399.32,0,26556.08,28572.05,69.9,2829.21,17481.06,0,0,0,0
2009-10-29 22:00:00,0,2093.32,0,348.41,10321.92,6621.03,5515.04,0,0,2237.56,15436.26,262.86,0,12080.82,1520.66,3511.72,74408.55,0,15833.74,0,0,77334.1,0,0,0,2461.83,2297.13,0,24792.55,27620.93,67.27,2599.1,16643.87,0,0,0,0
2009-10-29 23:00:00,0,1950.78,0,308.28,9635.88,6040.07,5230.69,0,0,2070.51,14307.43,238.65,0,11287.85,1409.01,3363.51,71498.11,0,14814.96,0,0,74659.84,0,0,0,2315.75,2170.42,0,23241.98,26347.0,66.29,2414.39,15685.52,0,0,0,0
2009-10-30 00:00:00,0,1806.63,0,274.81,9084.81,5497.49,4957.54,0,0,1922.67,13220.67,217.32,0,10585.13,1313.09,3233.87,68582.83,0,13757.16,0,0,72124.45,0,0,0,2183.93,2043.54,0,21942.43,25065.97,64.09,2234.78,14841.93,0,0,0,0
2009-10-30 01:00:00,0,1667.6,0,252.7,8604.61,4996.52,4682.27,0,0,1786.77,12249.98,197.6,0,10321.97,1223.79,3128.54,66039.09,0,13002.17,0,0,69878.23,0,0,0,2068.16,1945.06,0,20746.38,23856.22,62.46,2061.77,14116.32,0,0,0,0
2009-10-30 02:00:00,0,1564.14,0,238.45,8361.99,4718.11,4473.44,0,0,1658.75,11455.49,181.88,0,10330.84,1142.66,3044.51,63642.87,0,12549.82,0,0,68086.12,0,0,0,2007.92,1904.13,0,19947.36,23108.42,61.28,1963.54,13479.48,0,0,0,0
2009-10-30 03:00:00,0,1551.46,0,232.03,8331.93,4531.23,4552.85,0,0,1606.66,11055.8,174.25,0,10464.21,1116.4,2977.45,61732.39,0,12561.46,0,0,68091.19,0,0,0,2000.72,1923.27,0,19613.15,22701.03,59.68,1923.61,13049.53,0,0,0,0
2009-10-30 04:00:00,0,1585.64,0,238.33,8639.8,4634.32,4772.86,0,0,1642.6,11136.94,178.43,0,10770.6,1153.71,3058.35,62163.04,0,13046.68,0,0,70072.16,0,0,0,2053.35,1984.5,0,19817.33,22763.78,59.16,1978.55,12835.86,0,0,0,0
2009-10-30 05:00:00,0,1664.26,0,248.05,9102.9,4815.77,4996.02,0,0,1691.97,11464.89,183.15,0,11137.85,1194.8,3168.66,63545.82,0,13487.82,0,0,72100.45,0,0,0,2123.63,2037.78,0,20192.94,23545.63,60.55,2039.29,12967.46,0,0,0,0
2009-10-30 06:00:00,0,1750.98,0,255.65,9613.61,5010.94,5204.0,0,0,1740.66,11815.78,188.72,0,11500.92,1234.08,3262.31,64985.66,0,14123.53,0,0,74186.03,0,0,0,2196.96,2094.75,0,20487.27,24493.52,60.49,2107.49,13310.51,0,0,0,0
2009-10-30 07:00:00,0,1849.01,0,266.44,10284.94,5247.82,5436.73,0,0,1856.74,12571.46,196.58,0,12758.66,1309.54,3359.33,66380.49,0,15355.74,0,0,77657.96,0,0,0,2337.02,2169.04,0,20826.79,25440.28,60.73,2195.23,13694.68,0,0,0,0
2009-10-30 08:00:00,0,1967.1,0,298.25,10854.15,5713.85,5732.73,0,0,2022.24,13910.31,214.54,0,12958.13,1404.24,3653.98,68425.65,0,16125.57,0,0,81817.39,0,0,0,2433.9,2228.03,0,22013.72,26464.74,62.67,2371.59,14844.25,0,0,0,0
2009-10-30 09:00:00,0,2161.22,0,324.66,11094.46,6269.04,5891.53,0,0,2253.79,15525.88,236.36,0,13139.68,1530.54,3817.44,70817.8,0,16497.81,0,0,83756.23,0,0,0,2479.44,2284.17,0,22830.95,27919.29,64.44,2557.15,15753.21,0,0,0,0
2009-10-30 10:00:00,0,2258.16,0,339.62,11116.24,6811.08,5954.8,0,0,2414.97,16994.17,249.96,0,13216.76,1629.73,3944.24,72881.44,0,16980.0,0,0,85749.3,0,0,0,2523.55,2313.4,0,23656.65,28559.12,66.21,2768.14,16292.44,0,0,0,0
2009-10-30 11:00:00,0,2314.19,0,358.07,11094.61,7479.97,5995.86,0,0,2580.14,18193.22,266.82,0,13258.8,1729.5,4073.54,74250.41,0,17244.36,0,0,87790.54,0,0,0,2574.74,2350.49,0,24626.92,28795.16,67.69,3041.24,16795.98,0,0,0,0
2009-10-30 12:00:00,0,2333.04,0,387.9,11076.44,8202.17,6067.23,0,0,2739.4,19164.59,288.84,0,13199.93,1816.41,4214.49,74967.19,0,17293.33,0,0,89414.57,0,0,0,2635.31,2384.43,0,25526.82,28962.82,69.78,3302.07,17178.91,0,0,0,0
2009-10-30 13:00:00,0,2326.21,0,409.17,11089.06,8742.53,6167.22,0,0,2857.31,19837.19,310.54,0,13123.76,1859.05,4322.84,75413.92,0,17226.35,0,0,90519.77,0,0,0,2684.85,2447.66,0,26230.67,29058.18,71.15,3493.08,17294.68,0,0,0,0
2009-10-30 14:00:00,0,2317.79,0,418.13,11141.38,9028.57,6308.46,0,0,2923.87,20250.91,327.03,0,13137.38,1879.72,4349.34,75802.69,0,17068.59,0,0,91386.95,0,0,0,2727.98,2523.36,0,26820.99,29017.62,71.25,3597.53,17425.52,0,0,0,0
2009-10-30 15:00:00,0,2305.96,0,419.9,11262.44,9168.3,6441.27,0,0,2925.43,20423.99,337.18,0,13295.18,1893.02,4342.35,75901.16,0,17136.79,0,0,91775.01,0,0,0,2776.04,2590.28,0,27170.92,28834.48,70.99,3644.38,17502.47,0,0,0,0
2009-10-30 16:00:00,0,2280.37,0,417.56,11400.05,9064.93,6490.18,0,0,2864.8,20162.12,342.63,0,13600.97,1879.54,4319.31,75314.54,0,17318.16,0,0,91546.47,0,0,0,2817.61,2638.36,0,27381.97,28526.07,70.42,3603.48,17494.57,0,0,0,0
2009-10-30 17:00:00,0,2277.2,0,402.81,11456.0,8718.83,6435.8,0,0,2803.48,19567.07,339.31,0,14173.24,1799.76,4241.43,74878.62,0,17319.21,0,0,90449.57,0,0,0,2828.68,2642.83,0,27463.11,28290.34,70.07,3498.3,17232.35,0,0,0,0
2009-10-30 18:00:00,0,2271.27,0,370.24,11404.17,8166.19,6432.88,0,0,2696.52,18916.44,328.74,0,14478.05,1775.34,4139.62,74258.36,0,17481.21,0,0,90141.79,0,0,0,2792.06,2588.06,0,27090.07,28107.95,70.4,3301.18,17041.37,0,0,0,0
2009-10-30 19:00:00,0,2329.19,0,371.0,11115.46,7701.23,6455.39,0,0,2569.8,18156.27,309.2,0,13740.04,1719.41,3997.4,73381.43,0,17383.9,0,0,88361.48,0,0,0,2705.23,2606.27,0,26379.35,27676.29,62.15,3075.28,16319.38,0,0,0,0
2009-10-30 20:00:00,0,2398.01,0,349.85,10977.48,7311.07,6055.37,0,0,2399.58,17074.95,289.01,0,12899.76,1643.59,3811.85,72537.57,0,16728.04,0,0,84164.02,0,0,0,2633.98,2505.64,0,26095.5,28175.12,60.37,2846.07,16488.11,0,0,0,0
2009-10-30 21:00:00,0,2484.12,0,326.21,10569.82,6922.85,5674.32,0,0,2252.11,16082.75,278.77,0,12112.91,1593.22,3630.02,70978.85,0,16200.66,0,0,80432.3,0,0,0,2548.02,2400.14,0,25478.08,27748.17,58.87,2668.94,16115.48,0,0,0,0
2009-10-30 22:00:00,0,2393.1,0,299.97,9902.37,6353.2,5341.48,0,0,2111.83,15124.83,258.14,0,11430.07,1501.93,3462.46,69045.98,0,15561.08,0,0,77407.64,0,0,0,2404.08,2275.96,0,24209.54,27096.32,57.51,2479.8,15597.49,0,0,0,0
2009-10-30 23:00:00,0,2293.95,0,281.09,9323.29,5839.01,5091.04,0,0,1967.5,14071.74,235.33,0,10754.72,1393.56,3326.95,66434.3,0,14951.12,0,0,74784.25,0,0,0,2273.58,2154.64,0,23001.03,26432.06,56.0,2314.34,14742.44,0,0,0,0
2009-10-31 00:00:00,0,2202.58,0,261.98,8779.59,5335.9,4812.97,0,0,1839.38,13094.36,213.67,0,10119.03,1295.81,3168.29,64092.81,0,14227.16,0,0,72341.99,0,0,0,2175.36,2037.72,0,21753.42,25716.73,54.41,2158.54,13935.36,0,0,0,0
2009-10-31 01:00:00,0,2115.2,0,245.17,8376.98,4866.52,4537.73,0,0,1726.49,12136.89,194.03,0,9631.74,1193.74,3046.7,61569.78,0,13498.26,0,0,70129.16,0,0,0,2078.69,1927.73,0,20736.82,25025.6,53.01,2029.55,13120.07,0,0,0,0
2009-10-31 02:00:00,0,2065.49,0,235.27,8058.31,4554.18,4285.65,0,0,1614.27,11385.74,179.79,0,9598.29,1111.61,2912.87,59036.98,0,12918.39,0,0,68209.8,0,0,0,2027.63,1849.86,0,20124.12,24363.85,52.0,1922.82,12606.15,0,0,0,0
2009-10-31 03:00:00,0,2060.74,0,230.28,7926.45,4348.99,4168.71,0,0,1547.42,11012.05,169.02,0,9711.63,1050.21,2818.83,57223.59,0,12652.43,0,0,67382.41,0,0,0,1993.24,1846.32,0,19558.86,23757.77,51.3,1848.15,12479.42,0,0,0,0
2009-10-31 04:00:00,0,2078.33,0,226.21,7799.31,4180.44,4197.62,0,0,1519.98,10728.66,163.2,0,9896.58,1032.96,2851.57,56722.5,0,12625.35,0,0,67004.26,0,0,0,1983.37,1871.31,0,19232.08,23537.37,51.12,1820.94,12410.07,0,0,0,0
2009-10-31 05:00:00,0,2124.11,0,228.31,7826.41,4212.58,4329.48,0,0,1523.02,10735.68,162.21,0,10144.97,1027.42,2917.73,57009.95,0,12878.43,0,0,67525.76,0,0,0,1995.45,1902.01,0,19161.64,23744.55,51.7,1842.82,12367.01,0,0,0,0
2009-10-31 06:00:00,0,2188.8,0,233.28,8103.87,4313.73,4510.82,0,0,1533.77,10799.49,163.37,0,10407.24,1047.48,2979.34,58234.6,0,13254.09,0,0,68232.46,0,0,0,2034.76,1933.77,0,19357.03,24182.81,52.32,1887.76,12725.6,0,0,0,0
2009-10-31 07:00:00,0,2257.05,0,238.83,8474.12,4559.56,4709.47,0,0,1596.53,11369.79,168.99,0,10752.95,1089.99,3065.16,59564.65,0,13792.51,0,0,69250.8,0,0,0,2095.66,1984.08,0,19637.5,24656.23,53.18,1947.11,13249.71,0,0,0,0
2009-10-31 08:00:00,0,2331.44,0,259.34,8883.35,5116.29,4995.24,0,0,1752.66,12628.88,185.52,0,11140.95,1175.89,3159.48,61151.11,0,14512.85,0,0,71201.93,0,0,0,2209.63,2126.75,0,20106.12,25089.36,53.98,2129.58,13956.49,0,0,0,0
2009-10-31 09:00:00,0,2434.7,0,285.35,9220.59,5719.76,5337.25,0,0,1927.0,14226.59,203.12,0,11620.17,1287.79,3270.5,63190.38,0,15030.78,0,0,72558.3,0,0,0,2360.94,2298.97,0,20513.46,25498.97,54.88,2328.9,14439.54,0,0,0,0
2009-10-31 10:00:00,0,2369.71,0,313.07,9529.5,6423.0,5728.94,0,0,2105.61,15589.72,220.55,0,11925.82,1411.42,3340.41,64925.39,0,15303.06,0,0,74744.4,0,0,0,2494.59,2454.06,0,21101.36,25427.83,55.27,2615.32,14852.79,0,0,0,0
2009-10-31 11:00:00,0,2305.76,0,338.93,9877.65,7217.79,6180.46,0,0,2308.55,16925.98,243.54,0,12219.3,1570.32,3373.11,65907.0,0,15879.75,0,0,76447.68,0,0,0,2660.08,2611.0,0,21672.22,25342.77,55.41,2880.63,15105.92,0,0,0,0
2009-10-31 12:00:00,0,2257.6,0,358.17,10186.06,7792.33,6552.63,0,0,2475.11,18035.17,268.2,0,12518.2,1698.95,3431.99,66331.41,0,16463.38,0,0,77500.08,0,0,0,2875.07,2817.03,0,22284.62,25174.04,56.19,3071.35,15384.16,0,0,0,0
2009-10-31 13:00:00,0,2216.55,0,374.69,10574.67,8131.27,6949.46,0,0,2603.96,18850.41,289.78,0,12844.09,1798.01,3455.59,66526.18,0,16693.95,0,0,78050.72,0,0,0,3035.34,3000.34,0,22581.03,25096.32,56.74,3171.06,15524.03,0,0,0,0
2009-10-31 14:00:00,0,2185.64,0,386.12,10998.62,8377.34,7195.57,0,0,2681.46,19354.88,304.34,0,13036.8,1862.07,3446.45,66163.14,0,16872.65,0,0,78130.13,0,0,0,3146.13,3117.43,0,22854.68,25027.34,56.55,3249.58,15545.43,0,0,0,0
2009-10-31 15:00:00,0,2162.55,0,393.6,11276.01,8531.95,7384.94,0,0,2710.4,19535.46,310.83,0,13110.23,1885.64,3406.57,65235.06,0,16819.49,0,0,77910.26,0,0,0,3172.64,3165.82,0,22998.35,24806.55,55.73,3287.15,15450.7,0,0,0,0
2009-10-31 16:00:00,0,2104.77,0,395.42,11468.02,8482.21,7554.97,0,0,2681.75,19353.92,309.35,0,13138.85,1865.75,3387.63,64534.27,0,16712.96,0,0,77634.01,0,0,0,3157.97,3135.58,0,23153.73,24645.01,54.72,3235.64,15309.93,0,0,0,0
2009-10-31 17:00:00,0,2004.78,0,381.88,11205.65,8090.56,7239.45,0,0,2577.65,18675.65,294.67,0,13216.52,1791.19,3371.91,64641.07,0,16691.3,0,0,77373.09,0,0,0,3066.86,3008.08,0,23234.15,24423.94,54.51,3116.14,15011.25,0,0,0,0
2009-10-31 18:00:00,0,1985.63,0,351.72,10757.92,7362.84,7023.84,0,0,2436.27,17907.65,268.56,0,13419.58,1727.61,3388.11,65624.72,0,16932.37,0,0,77662.44,0,0,0,2968.13,2931.45,0,23053.27,23939.28,53.28,2874.2,15082.63,0,0,0,0
2009-10-31 19:00:00,0,2095.88,0,348.2,12026.75,7221.44,7392.72,0,0,2498.72,18047.4,275.88,0,14704.0,1737.7,3742.14,71218.02,0,18531.48,0,0,85814.25,0,0,0,3045.57,2873.1,0,24020.41,26239.51,63.12,2882.45,16182.47,0,0,0,0
2009-10-31 20:00:00,0,2176.89,0,327.46,11825.81,6770.76,6876.7,0,0,2309.17,16765.67,257.13,0,13816.19,1611.89,3609.17,71166.57,0,17847.14,0,0,81676.91,0,0,0,2946.46,2750.9,0,24503.42,27003.93,59.92,2681.04,16490.64,0,0,0,0
2009-10-31 21:00:00,0,2265.11,0,309.33,11247.39,6322.38,6388.43,0,0,2151.91,15569.02,242.11,0,12971.24,1493.39,3497.5,70423.13,0,17276.66,0,0,78526.02,0,0,0,2828.2,2608.12,0,24158.23,26841.67,57.8,2482.54,16514.29,0,0,0,0
2009-10-31 22:00:00,0,2208.9,0,277.6,10348.82,5787.52,5897.39,0,0,2011.8,14479.2,219.55,0,12123.4,1391.73,3396.5,68529.11,0,16479.68,0,0,75621.44,0,0,0,2626.75,2456.81,0,23218.46,26221.7,56.44,2318.8,15750.62,0,0,0,0
2009-10-31 23:00:00,0,2121.59,0,250.24,9579.3,5263.99,5530.29,0,0,1871.86,13462.52,201.87,0,11490.91,1294.2,3298.8,66430.4,0,15567.43,0,0,73029.98,0,0,0,2455.84,2309.98,0,22171.35,25545.51,55.07,2153.27,15000.94,0,0,0,0
2009-11-01 00:00:00,0,2034.75,0,238.25,9036.97,4780.82,5179.02,0,0,1740.93,12388.78,186.14,0,10837.65,1200.23,3194.46,64245.66,0,14616.29,0,0,70077.47,0,0,0,2324.55,2178.29,0,21003.07,24802.25,53.57,2010.19,14274.86,0,0,0,0
2009-11-01 01:00:00,0,1951.09,0,225.3,8624.58,4375.49,4829.56,0,0,1620.42,11352.85,170.49,0,10375.13,1115.09,3127.91,62068.71,0,13657.02,0,0,67843.41,0,0,0,2226.9,2061.02,0,20063.51,24075.86,51.94,1886.52,13724.38,0,0,0,0
2009-11-01 02:00:00,0,1898.58,0,216.02,8280.41,4098.01,4486.32,0,0,1499.87,10696.85,158.94,0,10221.49,1046.57,3073.6,60408.39,0,12988.63,0,0,66562.55,0,0,0,2155.94,1977.02,0,19301.87,23406.22,50.65,1780.69,13618.3,0,0,0,0
2009-11-01 03:00:00,0,1887.64,0,212.02,8086.5,3876.77,4331.52,0,0,1407.02,10341.59,148.78,0,10194.68,982.05,3047.14,59209.74,0,12627.39,0,0,65912.82,0,0,0,2089.75,1939.52,0,18937.45,22759.32,49.7,1705.34,13600.2,0,0,0,0
2009-11-01 04:00:00,0,1914.32,0,213.02,8108.49,3769.19,4339.42,0,0,1366.16,10041.58,145.84,0,10326.69,959.79,3069.56,58566.99,0,12633.36,0,0,66438.19,0,0,0,2049.6,1949.69,0,18889.8,22580.18,49.5,1668.43,13739.14,0,0,0,0
2009-11-01 05:00:00,0,1969.37,0,213.36,8376.23,3733.11,4417.75,0,0,1359.64,9983.24,145.27,0,10548.28,950.29,3153.27,58987.19,0,12827.87,0,0,67475.87,0,0,0,2036.73,1952.92,0,19217.68,22788.48,50.14,1659.97,13994.24,0,0,0,0
2009-11-01 06:00:00,0,2049.16,0,205.12,8706.62,3819.76,4501.41,0,0,1374.95,10004.42,146.68,0,10812.09,961.37,3266.78,59736.39,0,13157.03,0,0,68740.11,0,0,0,2049.41,1965.7,0,19625.34,23255.93,50.79,1699.67,14439.75,0,0,0,0
2009-11-01 07:00:00,0,2126.26,0,203.44,9122.33,4037.99,4639.86,0,0,1440.65,10556.08,149.47,0,11143.09,995.62,3376.51,60859.35,0,13607.66,0,0,70196.59,0,0,0,2076.08,1986.99,0,20216.47,23722.57,51.68,1783.59,14887.11,0,0,0,0
2009-11-01 08:00:00,0,2250.97,0,225.79,9619.09,4529.91,4853.17,0,0,1602.94,11692.24,156.5,0,11583.3,1087.41,3483.26,62359.56,0,14169.02,0,0,72661.4,0,0,0,2137.47,2045.38,0,21761.76,24295.66,52.53,1957.38,15855.81,0,0,0,0
2009-11-01 09:00:00,0,2326.73,0,241.73,9983.97,4978.28,5050.65,0,0,1783.2,13287.88,164.17,0,12049.16,1169.74,3444.23,64073.5,0,14533.05,0,0,73735.52,0,0,0,2185.26,2113.06,0,22418.52,24999.85,52.73,2159.89,15735.95,0,0,0,0
2009-11-01 10:00:00,0,2269.56,0,251.28,10137.37,5337.59,5219.8,0,0,1955.27,14606.9,171.07,0,12226.1,1225.93,3429.64,64426.47,0,14839.68,0,0,74339.42,0,0,0,2229.91,2155.53,0,22783.59,25004.72,52.27,2343.05,15635.74,0,0,0,0
2009-11-01 11:00:00,0,2210.42,0,262.57,10165.57,5791.33,5431.44,0,0,2153.69,16003.36,179.77,0,12081.73,1264.22,3400.44,65118.49,0,15113.86,0,0,75166.93,0,0,0,2278.38,2197.1,0,23108.11,25012.26,52.97,2544.53,15744.13,0,0,0,0
2009-11-01 12:00:00,0,2175.52,0,267.5,10215.85,6217.28,5562.38,0,0,2299.82,17114.8,185.12,0,11927.52,1293.08,3370.23,65744.98,0,15166.24,0,0,75208.2,0,0,0,2303.98,2219.48,0,23144.32,25080.05,54.56,2702.96,15723.04,0,0,0,0
2009-11-01 13:00:00,0,2142.35,0,268.46,10299.2,6561.23,5669.5,0,0,2407.61,17957.07,187.5,0,11871.4,1314.71,3345.4,66068.41,0,15007.28,0,0,74777.24,0,0,0,2302.51,2232.46,0,22902.44,25189.22,56.41,2824.06,15529.78,0,0,0,0
2009-11-01 14:00:00,0,2099.55,0,267.74,10411.32,6840.57,5740.55,0,0,2481.31,18446.74,186.78,0,12023.29,1311.87,3322.6,65780.1,0,15175.66,0,0,74217.3,0,0,0,2288.35,2232.57,0,22592.97,25212.7,56.9,2897.36,15109.43,0,0,0,0
2009-11-01 15:00:00,0,2044.65,0,264.32,10511.47,6985.24,5842.66,0,0,2505.15,18570.61,186.77,0,12152.44,1293.9,3301.82,65226.8,0,15339.6,0,0,74275.11,0,0,0,2287.52,2224.0,0,22432.99,25138.1,56.35,2916.43,14766.1,0,0,0,0
2009-11-01 16:00:00,0,1977.57,0,260.8,10611.75,6967.58,5947.39,0,0,2463.08,18336.48,190.73,0,12375.46,1279.89,3290.63,65302.15,0,15521.1,0,0,74994.4,0,0,0,2291.03,2220.25,0,22138.84,25192.41,55.9,2880.42,14722.06,0,0,0,0
2009-11-01 17:00:00,0,1924.64,0,258.36,10707.01,6780.08,6067.64,0,0,2377.25,17542.57,193.81,0,12936.87,1280.93,3302.63,65130.14,0,15956.9,0,0,77263.72,0,0,0,2345.72,2232.22,0,21902.78,25048.5,54.87,2770.08,14569.65,0,0,0,0
2009-11-01 18:00:00,0,1937.39,0,260.27,10822.24,6226.5,6219.31,0,0,2227.28,16795.7,195.86,0,13323.25,1240.67,3399.61,65681.61,0,16366.86,0,0,79167.68,0,0,0,2428.01,2287.91,0,21860.81,24751.14,53.11,2591.44,14729.18,0,0,0,0
2009-11-01 19:00:00,0,2110.34,0,314.72,12690.03,7041.37,7112.72,0,0,2532.25,17623.98,228.03,0,14997.92,1550.71,4041.66,74307.51,0,19003.99,0,0,89676.59,0,0,0,2718.87,2636.21,0,25587.43,27914.26,70.32,2881.99,17116.41,0,0,0,0
2009-11-01 20:00:00,0,2177.31,0,308.55,12572.47,6534.34,6792.03,0,0,2336.87,16451.45,218.55,0,14153.62,1434.75,3931.93,74063.6,0,18346.31,0,0,86837.17,0,0,0,2732.58,2576.2,0,25827.15,28222.91,67.13,2660.51,17481.91,0,0,0,0
2009-11-01 21:00:00,0,2227.8,0,294.99,12093.42,6109.84,6483.65,0,0,2154.71,15312.89,212.35,0,13389.64,1343.14,3826.77,72721.28,0,17643.43,0,0,84118.04,0,0,0,2686.98,2521.2,0,25156.11,28045.97,65.03,2460.32,17612.19,0,0,0,0
2009-11-01 22:00:00,0,2112.16,0,275.21,11488.24,5568.48,6186.22,0,0,1989.9,14056.75,196.06,0,12624.86,1272.32,3706.89,70491.61,0,16589.01,0,0,81373.46,0,0,0,2556.93,2470.33,0,24011.96,27294.19,63.01,2276.01,16895.41,0,0,0,0
2009-11-01 23:00:00,0,1991.0,0,255.83,10873.18,5030.14,5856.83,0,0,1836.75,12830.19,179.67,0,11849.91,1198.06,3580.39,68113.39,0,15545.76,0,0,78612.29,0,0,0,2427.41,2382.58,0,22808.93,26049.55,61.2,2097.89,16191.35,0,0,0,0
2009-11-02 00:00:00,0,1877.6,0,236.24,10257.6,4506.85,5521.51,0,0,1681.62,11759.37,164.96,0,11068.57,1120.95,3478.94,65766.93,0,14451.54,0,0,75736.32,0,0,0,2299.88,2308.66,0,21637.72,24851.03,59.66,1915.01,15525.11,0,0,0,0
2009-11-02 01:00:00,0,1776.8,0,214.96,9667.4,4040.57,5219.23,0,0,1532.41,10735.88,151.12,0,10569.25,1040.76,3401.63,63367.88,0,13444.14,0,0,73056.72,0,0,0,2180.33,2245.27,0,20605.48,23741.45,58.14,1747.12,14886.53,0,0,0,0
2009-11-02 02:00:00,0,1708.59,0,201.46,9327.05,3665.72,5071.13,0,0,1397.23,9900.41,140.08,0,10507.92,971.64,3341.94,61007.46,0,12879.96,0,0,70766.28,0,0,0,2107.52,2227.87,0,19903.25,22838.34,56.67,1602.83,14667.65,0,0,0,0
2009-11-02 03:00:00,0,1722.99,0,203.89,9232.03,3574.0,5052.56,0,0,1353.7,9475.09,139.29,0,10587.98,960.81,3359.24,60020.6,0,12759.6,0,0,70638.34,0,0,0,2102.1,2241.49,0,20049.37,22529.27,56.22,1533.1,14773.49,0,0,0,0
2009-11-02 04:00:00,0,1807.99,0,212.85,9449.01,3722.89,5187.19,0,0,1394.27,9701.69,146.44,0,10926.37,1012.6,3489.47,61271.51,0,13289.91,0,0,72508.99,0,0,0,2159.31,2281.48,0,20618.94,22760.21,57.09,1564.48,15118.8,0,0,0,0
2009-11-02 05:00:00,0,1911.44,0,217.92,9905.52,3906.18,5396.22,0,0,1437.61,10009.73,153.35,0,11305.21,1063.2,3624.51,62875.7,0,13990.91,0,0,74644.79,0,0,0,2241.83,2331.02,0,21215.14,23548.37,58.63,1617.62,15551.63,0,0,0,0
2009-11-02 06:00:00,0,2008.27,0,220.65,10380.31,4104.53,5605.93,0,0,1479.73,10377.15,158.06,0,11683.17,1104.71,3768.75,64541.33,0,14670.81,0,0,76681.44,0,0,0,2320.01,2375.31,0,21842.77,24496.07,60.14,1678.38,16096.19,0,0,0,0
2009-11-02 07:00:00,0,2103.42,0,232.77,10884.58,4345.29,5839.6,0,0,1545.01,10864.0,164.03,0,12723.23,1155.85,3907.93,66259.44,0,15445.1,0,0,79030.97,0,0,0,2395.33,2420.27,0,22502.08,25404.81,61.83,1768.26,16639.97,0,0,0,0
2009-11-02 08:00:00,0,2217.47,0,262.35,11656.0,4713.64,6104.62,0,0,1693.56,12012.5,175.25,0,13473.88,1261.33,4139.78,69615.85,0,16955.85,0,0,85188.66,0,0,0,2522.18,2480.39,0,24175.55,26418.33,63.57,1907.13,17766.09,0,0,0,0
2009-11-02 09:00:00,0,2255.83,0,274.03,11798.83,5008.11,6268.49,0,0,1842.8,13169.06,181.71,0,13690.56,1307.12,4131.13,71905.49,0,17243.25,0,0,85637.28,0,0,0,2563.84,2510.57,0,24063.54,27878.93,64.81,1999.8,17572.22,0,0,0,0
2009-11-02 10:00:00,0,2184.16,0,286.92,11762.62,5284.41,6305.05,0,0,2016.34,14203.22,187.37,0,13784.52,1336.03,4082.16,72614.85,0,17428.41,0,0,85709.15,0,0,0,2570.41,2540.09,0,24589.49,27964.75,65.23,2154.6,17091.08,0,0,0,0
2009-11-02 11:00:00,0,2125.8,0,292.1,11658.25,5696.38,6316.21,0,0,2212.68,15410.92,192.33,0,13790.24,1352.03,3995.6,72606.44,0,17541.52,0,0,85422.72,0,0,0,2565.01,2543.61,0,24777.18,27865.11,65.72,2410.66,16830.5,0,0,0,0
2009-11-02 12:00:00,0,2090.04,0,294.49,11533.57,6161.23,6323.98,0,0,2405.28,16591.64,198.62,0,13871.95,1364.81,3946.91,72771.11,0,17639.17,0,0,84868.77,0,0,0,2555.87,2535.71,0,25015.6,27740.98,66.5,2700.35,16688.62,0,0,0,0
2009-11-02 13:00:00,0,2061.82,0,294.71,11396.26,6595.1,6311.21,0,0,2553.42,17530.26,203.78,0,13949.23,1371.72,3896.99,72549.09,0,17713.33,0,0,84075.3,0,0,0,2539.1,2509.64,0,24794.61,27622.03,67.51,2918.39,16585.68,0,0,0,0
2009-11-02 14:00:00,0,2031.34,0,285.59,11257.59,6926.73,6290.86,0,0,2640.34,18091.45,207.49,0,13969.48,1366.92,3843.82,72131.09,0,17730.69,0,0,83433.24,0,0,0,2531.13,2496.07,0,24150.24,27576.63,67.89,3048.97,16500.86,0,0,0,0
2009-11-02 15:00:00,0,2007.85,0,282.7,11191.71,7062.32,6281.99,0,0,2662.34,18402.5,208.8,0,13936.08,1371.46,3801.48,71915.97,0,17886.26,0,0,83306.24,0,0,0,2531.92,2483.44,0,23217.61,27425.81,68.23,3095.2,16481.89,0,0,0,0
2009-11-02 16:00:00,0,2001.98,0,282.16,11206.08,6909.71,6311.26,0,0,2617.46,18293.53,212.93,0,14191.46,1393.89,3787.15,71657.28,0,17932.9,0,0,83599.57,0,0,0,2550.37,2471.23,0,23119.01,27403.91,68.5,3065.71,16368.79,0,0,0,0
2009-11-02 17:00:00,0,2016.56,0,285.66,11208.67,6687.53,6404.3,0,0,2545.42,17900.55,215.91,0,14726.39,1391.45,3800.75,71621.63,0,18142.91,0,0,84548.95,0,0,0,2584.24,2462.37,0,23371.33,27283.12,67.35,2972.23,16310.68,0,0,0,0
2009-11-02 18:00:00,0,2111.83,0,286.74,11393.08,6439.11,6566.1,0,0,2422.33,17294.34,215.4,0,15043.66,1352.59,3774.66,71678.42,0,18422.95,0,0,84759.22,0,0,0,2639.59,2473.76,0,23188.64,27094.54,65.9,2791.15,16230.77,0,0,0,0
2009-11-02 19:00:00,0,2199.58,0,314.98,12019.66,6884.15,6953.07,0,0,2451.28,17263.77,235.49,0,15357.68,1506.93,3929.87,74596.71,0,19132.4,0,0,88315.34,0,0,0,2749.07,2719.79,0,25344.32,27766.51,70.2,2889.04,16863.23,0,0,0,0
2009-11-02 20:00:00,0,2294.28,0,306.7,11956.96,6445.81,6572.57,0,0,2270.9,16146.04,223.75,0,14499.53,1423.9,3792.15,74307.26,0,18425.58,0,0,85059.1,0,0,0,2741.45,2660.08,0,25380.3,28172.24,67.18,2679.0,17005.01,0,0,0,0
2009-11-02 21:00:00,0,2347.49,0,290.49,11502.35,6081.11,6198.45,0,0,2101.95,15078.99,212.42,0,13688.0,1355.19,3662.31,72948.0,0,17768.96,0,0,82239.39,0,0,0,2664.39,2572.29,0,24615.68,28134.18,64.84,2472.12,16954.37,0,0,0,0
2009-11-02 22:00:00,0,2247.93,0,273.01,10920.26,5559.87,5829.37,0,0,1937.85,13943.29,194.16,0,12895.58,1282.99,3526.05,70660.8,0,16723.07,0,0,79447.62,0,0,0,2529.66,2456.61,0,23457.45,27587.94,63.01,2265.24,16130.79,0,0,0,0
2009-11-02 23:00:00,0,2169.4,0,256.04,10392.88,5020.85,5492.38,0,0,1773.33,12752.88,178.36,0,12166.37,1208.23,3383.02,68222.79,0,15682.84,0,0,76811.06,0,0,0,2402.73,2324.11,0,22246.47,26501.85,61.41,2069.62,15341.41,0,0,0,0
2009-11-03 00:00:00,0,2082.65,0,237.47,9920.47,4517.27,5195.4,0,0,1620.0,11706.85,164.75,0,11414.31,1132.68,3271.96,65856.53,0,14650.95,0,0,74244.21,0,0,0,2277.37,2224.27,0,21212.59,25461.01,60.41,1884.58,14530.12,0,0,0,0
2009-11-03 01:00:00,0,2013.77,0,220.54,9512.05,4064.24,4976.71,0,0,1484.5,10711.19,151.41,0,10849.6,1059.02,3168.94,63369.4,0,13629.4,0,0,71578.65,0,0,0,2160.17,2129.32,0,20264.61,24466.37,59.75,1735.81,13749.68,0,0,0,0
2009-11-03 02:00:00,0,1977.44,0,210.12,9351.67,3742.62,4883.17,0,0,1376.24,9925.11,142.02,0,10764.95,1002.27,3076.33,61089.9,0,13004.45,0,0,69619.13,0,0,0,2083.2,2125.19,0,19693.62,23611.27,59.05,1611.79,13281.32,0,0,0,0
2009-11-03 03:00:00,0,2012.44,0,215.97,9454.17,3683.6,5102.26,0,0,1365.56,9612.08,141.56,0,10936.56,999.32,3021.95,59907.99,0,12941.98,0,0,69707.01,0,0,0,2103.8,2155.46,0,19903.73,23344.99,58.83,1561.93,13175.36,0,0,0,0
2009-11-03 04:00:00,0,2098.79,0,227.75,9947.11,3802.76,5411.82,0,0,1393.5,9881.93,146.36,0,11288.87,1031.68,3144.1,61312.15,0,13478.83,0,0,71583.14,0,0,0,2216.71,2217.31,0,20527.33,23610.34,59.92,1582.68,13575.25,0,0,0,0
2009-11-03 05:00:00,0,2198.23,0,238.14,10474.38,3970.78,5719.24,0,0,1436.87,10221.05,151.44,0,11624.66,1058.47,3316.11,63226.45,0,14060.93,0,0,73901.11,0,0,0,2329.49,2278.94,0,21311.02,24343.41,61.74,1635.02,14110.17,0,0,0,0
2009-11-03 06:00:00,0,2300.47,0,246.03,11007.87,4151.82,6019.68,0,0,1488.14,10578.6,158.0,0,11915.98,1089.24,3503.68,65154.66,0,14621.3,0,0,76205.62,0,0,0,2442.57,2344.19,0,22012.07,25254.23,64.17,1706.12,14574.02,0,0,0,0
2009-11-03 07:00:00,0,2405.69,0,253.11,11580.84,4342.56,6333.85,0,0,1549.24,11084.64,163.38,0,12702.39,1134.51,3718.15,67040.39,0,15590.96,0,0,79444.62,0,0,0,2566.28,2413.8,0,22889.03,26187.69,66.65,1782.91,15007.54,0,0,0,0
2009-11-03 08:00:00,0,2530.43,0,283.12,12246.59,4594.67,6567.23,0,0,1661.1,12000.59,171.84,0,13300.74,1257.24,3984.73,70299.07,0,16666.33,0,0,83939.07,0,0,0,2675.07,2425.53,0,24408.56,27214.7,69.0,1883.42,16260.25,0,0,0,0
2009-11-03 09:00:00,0,2576.45,0,273.3,11809.13,4866.0,6202.45,0,0,1754.9,12952.66,174.16,0,13378.95,1288.36,4012.75,73117.6,0,16702.9,0,0,83894.01,0,0,0,2592.34,2342.58,0,23950.06,28538.97,70.91,1958.0,16484.0,0,0,0,0
2009-11-03 10:00:00,0,2440.91,0,275.43,11422.41,5110.31,6079.01,0,0,1863.83,13811.84,178.53,0,13500.85,1312.76,4051.07,73700.8,0,16893.75,0,0,83920.71,0,0,0,2554.02,2317.69,0,23732.51,28610.95,71.09,2035.17,16662.9,0,0,0,0
2009-11-03 11:00:00,0,2318.09,0,279.87,11109.01,5293.9,5964.95,0,0,1956.24,14570.69,185.74,0,13454.71,1330.39,4002.84,73854.6,0,17026.09,0,0,83149.91,0,0,0,2524.8,2286.28,0,23693.5,28310.58,71.31,2118.46,16815.56,0,0,0,0
2009-11-03 12:00:00,0,2244.57,0,281.69,10843.21,5425.24,5859.15,0,0,2035.18,15383.9,192.22,0,13383.12,1344.55,3944.48,73837.55,0,17163.07,0,0,82450.21,0,0,0,2478.47,2272.85,0,23786.59,28099.93,71.77,2210.27,16809.84,0,0,0,0
2009-11-03 13:00:00,0,2178.43,0,285.9,10686.86,5572.07,5829.91,0,0,2112.35,16110.32,197.53,0,13303.18,1360.33,3888.98,73474.64,0,17166.16,0,0,82048.4,0,0,0,2465.86,2276.44,0,23836.53,27936.85,70.97,2289.93,16644.54,0,0,0,0
2009-11-03 14:00:00,0,2128.15,0,289.34,10653.97,5696.07,5855.69,0,0,2170.82,16602.95,201.22,0,13368.72,1366.63,3837.04,72842.56,0,17191.93,0,0,81973.78,0,0,0,2462.44,2281.76,0,23690.43,27756.53,69.91,2350.34,16436.28,0,0,0,0
2009-11-03 15:00:00,0,2086.4,0,291.16,10655.96,5782.7,5919.67,0,0,2213.95,16798.9,205.26,0,13597.41,1371.33,3777.29,72231.6,0,17307.12,0,0,82038.78,0,0,0,2475.66,2311.97,0,23803.87,27569.92,68.71,2394.33,16160.22,0,0,0,0
2009-11-03 16:00:00,0,2047.67,0,291.91,10723.91,5846.53,5992.44,0,0,2246.91,16787.31,210.01,0,14032.0,1377.67,3725.86,71683.92,0,17650.65,0,0,82060.86,0,0,0,2487.76,2353.71,0,23904.52,27380.79,67.41,2429.73,16130.59,0,0,0,0
2009-11-03 17:00:00,0,2065.29,0,294.55,10743.97,5893.85,5982.4,0,0,2255.54,16675.05,212.64,0,14553.37,1367.81,3763.62,72122.47,0,17661.58,0,0,82558.06,0,0,0,2505.59,2360.66,0,23801.73,27213.46,66.29,2450.73,16132.67,0,0,0,0
2009-11-03 18:00:00,0,2185.37,0,290.98,10882.07,5901.56,6078.08,0,0,2250.51,16452.18,209.89,0,14841.88,1337.12,3847.28,72404.37,0,17999.85,0,0,83476.77,0,0,0,2527.78,2337.71,0,23393.71,27126.77,66.38,2469.06,16236.55,0,0,0,0
2009-11-03 19:00:00,0,2266.22,0,326.36,11551.07,6444.24,6555.54,0,0,2257.46,16365.65,232.74,0,14926.74,1523.78,4134.16,75029.09,0,19035.84,0,0,90858.72,0,0,0,2655.74,2538.86,0,25619.66,28026.87,71.55,2609.94,16956.23,0,0,0,0
2009-11-03 20:00:00,0,2382.55,0,313.66,11463.19,6144.11,6149.8,0,0,2119.12,15359.25,223.64,0,14223.85,1423.82,4049.39,74835.75,0,18648.05,0,0,88025.23,0,0,0,2641.42,2503.1,0,25464.98,28501.97,69.74,2454.61,17403.2,0,0,0,0
2009-11-03 21:00:00,0,2450.35,0,295.98,11037.86,5880.03,5848.55,0,0,2002.21,14517.62,215.34,0,13514.89,1344.55,3957.01,73362.01,0,18002.8,0,0,85158.79,0,0,0,2530.6,2424.83,0,24700.42,28442.83,68.14,2315.39,17617.97,0,0,0,0
2009-11-03 22:00:00,0,2347.76,0,273.76,10526.36,5439.2,5561.13,0,0,1870.56,13569.81,198.34,0,12846.06,1264.15,3845.81,71056.97,0,16942.88,0,0,82421.91,0,0,0,2408.45,2322.01,0,23363.17,27769.2,66.34,2179.74,16939.69,0,0,0,0
2009-11-03 23:00:00,0,2246.38,0,252.27,10107.11,4945.9,5298.61,0,0,1746.75,12548.51,181.65,0,12133.5,1184.67,3723.14,68457.16,0,15835.94,0,0,79587.08,0,0,0,2280.69,2206.93,0,22145.4,26637.25,64.53,2022.55,16272.66,0,0,0,0
2009-11-04 00:00:00,0,2140.66,0,231.21,9740.46,4476.53,5130.13,0,0,1616.57,11598.4,165.8,0,11386.82,1107.03,3634.08,65922.84,0,14763.57,0,0,76665.49,0,0,0,2156.5,2100.82,0,20952.31,25549.13,63.0,1851.9,15575.38,0,0,0,0
2009-11-04 01:00:00,0,2045.35,0,212.21,9558.05,4034.56,4996.96,0,0,1490.05,10716.02,152.07,0,10801.77,1027.93,3545.36,63398.17,0,13718.84,0,0,73786.93,0,0,0,2053.05,2013.48,0,20031.5,24483.92,61.46,1684.22,14922.07,0,0,0,0
2009-11-04 02:00:00,0,1973.5,0,197.0,9561.09,3660.33,4962.84,0,0,1381.95,10008.0,140.15,0,10683.69,958.1,3485.15,61076.36,0,13070.84,0,0,72087.92,0,0,0,1996.84,1998.88,0,19481.21,23566.35,60.02,1549.2,14767.98,0,0,0,0
2009-11-04 03:00:00,0,1969.93,0,196.55,9683.08,3580.46,5224.46,0,0,1371.76,9727.44,136.13,0,10753.31,936.02,3474.59,60473.64,0,12880.49,0,0,72326.41,0,0,0,1987.4,2057.63,0,19634.26,23218.12,59.62,1526.36,14932.25,0,0,0,0
2009-11-04 04:00:00,0,2035.97,0,206.02,10269.52,3772.1,5667.06,0,0,1417.28,10048.59,141.64,0,11109.08,979.37,3600.82,61605.53,0,13245.29,0,0,74171.39,0,0,0,2059.04,2099.15,0,20305.05,23391.75,61.19,1579.1,15271.64,0,0,0,0
2009-11-04 05:00:00,0,2118.34,0,214.34,10964.77,3975.15,6125.69,0,0,1469.66,10400.69,147.76,0,11485.95,1020.94,3717.2,63257.93,0,13839.34,0,0,76569.72,0,0,0,2159.61,2141.37,0,21062.08,24079.78,63.04,1656.47,15700.96,0,0,0,0
2009-11-04 06:00:00,0,2202.78,0,221.32,11637.67,4175.66,6524.78,0,0,1521.33,10757.48,154.04,0,11861.13,1063.0,3830.09,64904.53,0,14404.76,0,0,79034.92,0,0,0,2277.01,2193.44,0,21813.08,24924.54,64.85,1732.84,16212.21,0,0,0,0
2009-11-04 07:00:00,0,2289.45,0,229.79,12281.2,4404.2,6895.58,0,0,1588.06,11258.87,158.77,0,12810.06,1115.05,3936.25,66581.49,0,15447.1,0,0,82075.54,0,0,0,2399.82,2276.31,0,22535.8,25791.47,66.34,1804.33,16707.65,0,0,0,0
2009-11-04 08:00:00,0,2397.37,0,257.21,12879.71,4783.29,6886.44,0,0,1729.58,12542.27,168.25,0,13602.66,1217.1,4110.51,69168.28,0,16663.81,0,0,86570.72,0,0,0,2496.88,2326.31,0,24165.84,26741.54,67.71,1940.88,17846.23,0,0,0,0
2009-11-04 09:00:00,0,2436.41,0,261.91,12497.94,5127.59,6598.71,0,0,1875.65,13675.08,173.87,0,13682.09,1256.8,4117.35,71974.66,0,16810.69,0,0,85909.9,0,0,0,2489.31,2350.13,0,23751.62,28040.92,67.88,2115.64,17685.51,0,0,0,0
2009-11-04 10:00:00,0,2315.28,0,271.46,12048.04,5398.39,6343.27,0,0,1990.48,14605.41,182.99,0,13615.13,1298.21,4067.12,73030.03,0,16908.76,0,0,85416.05,0,0,0,2510.38,2365.33,0,23933.26,28042.35,66.96,2294.48,16950.98,0,0,0,0
2009-11-04 11:00:00,0,2223.38,0,280.35,11684.49,5744.31,6046.22,0,0,2120.95,15610.23,192.29,0,13605.04,1342.94,4042.12,73341.87,0,17005.6,0,0,84867.4,0,0,0,2490.49,2336.29,0,24186.24,27900.29,67.09,2495.87,16686.12,0,0,0,0
2009-11-04 12:00:00,0,2160.33,0,290.15,11356.5,6126.39,5930.51,0,0,2229.18,16380.76,201.46,0,13611.98,1387.52,4005.73,73471.57,0,17118.03,0,0,84560.78,0,0,0,2494.55,2318.43,0,24171.22,27751.81,67.32,2690.69,16554.59,0,0,0,0
2009-11-04 13:00:00,0,2120.33,0,297.04,11073.08,6476.56,5859.15,0,0,2315.83,16912.59,214.11,0,13551.76,1430.63,3941.01,73386.74,0,17224.5,0,0,84074.4,0,0,0,2495.9,2310.59,0,23872.28,27608.38,67.67,2822.47,16440.2,0,0,0,0
2009-11-04 14:00:00,0,2075.75,0,300.57,10871.29,6775.72,5871.83,0,0,2372.75,17287.61,224.62,0,13490.78,1457.32,3899.25,73206.91,0,17244.45,0,0,83689.47,0,0,0,2502.3,2285.55,0,23518.72,27515.03,67.33,2924.46,16255.98,0,0,0,0
2009-11-04 15:00:00,0,2022.2,0,300.64,10755.2,6986.35,5857.67,0,0,2397.59,17411.0,230.04,0,13594.9,1477.24,3843.09,73160.71,0,17544.55,0,0,83327.66,0,0,0,2490.71,2269.18,0,23153.19,27333.16,66.91,3004.53,16139.9,0,0,0,0
2009-11-04 16:00:00,0,1974.83,0,300.83,10755.99,7050.12,5902.76,0,0,2420.39,17391.04,236.03,0,14133.85,1514.07,3775.72,72939.75,0,17965.35,0,0,83974.1,0,0,0,2502.28,2302.39,0,23209.29,27191.95,66.89,3047.21,16209.02,0,0,0,0
2009-11-04 17:00:00,0,1986.49,0,298.54,11000.53,7012.15,6176.51,0,0,2400.64,17285.06,239.29,0,14984.98,1518.34,3782.24,72644.25,0,18530.51,0,0,85794.91,0,0,0,2519.83,2329.27,0,23454.58,27074.41,66.45,3002.39,16156.26,0,0,0,0
2009-11-04 18:00:00,0,2094.57,0,291.87,11151.43,6613.65,6332.7,0,0,2338.88,17015.91,229.88,0,15383.15,1474.24,3807.76,72567.52,0,18998.92,0,0,87497.99,0,0,0,2535.25,2325.26,0,22912.69,26998.82,65.32,2816.56,16152.31,0,0,0,0
2009-11-04 19:00:00,0,2219.79,0,332.35,12005.77,7081.35,6724.81,0,0,2449.45,17122.9,256.91,0,15691.0,1638.24,3994.82,74505.52,0,19520.74,0,0,90254.66,0,0,0,2646.93,2559.42,0,25135.13,27728.96,70.1,2912.66,16919.48,0,0,0,0
2009-11-04 20:00:00,0,2322.88,0,318.69,11987.94,6608.54,6419.34,0,0,2279.24,16034.29,243.66,0,14893.57,1517.94,3873.62,74125.7,0,18801.63,0,0,87099.61,0,0,0,2646.77,2533.14,0,25031.75,28152.89,67.84,2700.02,17011.26,0,0,0,0
2009-11-04 21:00:00,0,2390.42,0,301.71,11652.5,6214.17,6123.92,0,0,2105.64,14988.82,230.78,0,14052.78,1402.26,3755.18,72465.32,0,18041.14,0,0,83835.07,0,0,0,2555.63,2454.47,0,24374.15,28222.01,66.34,2493.28,16925.57,0,0,0,0
2009-11-04 22:00:00,0,2293.55,0,280.01,11110.93,5662.22,5832.7,0,0,1947.21,13883.15,210.08,0,13188.96,1310.54,3623.74,70136.67,0,17011.11,0,0,80729.34,0,0,0,2432.97,2341.68,0,23144.81,27630.33,64.92,2293.62,16082.32,0,0,0,0
2009-11-04 23:00:00,0,2205.04,0,258.93,10559.36,5120.56,5558.97,0,0,1799.41,12709.01,191.56,0,12342.56,1219.96,3485.86,67695.71,0,15883.45,0,0,77910.96,0,0,0,2295.15,2219.23,0,21918.43,26574.5,63.6,2123.92,15282.96,0,0,0,0
2009-11-05 00:00:00,0,2110.5,0,237.63,10067.09,4607.68,5307.33,0,0,1650.67,11676.82,174.32,0,11523.17,1128.24,3368.08,65361.71,0,14779.87,0,0,75097.35,0,0,0,2169.83,2109.84,0,20678.24,25491.97,62.39,1956.24,14510.02,0,0,0,0
2009-11-05 01:00:00,0,2025.99,0,218.28,9647.6,4142.13,5065.49,0,0,1509.91,10757.88,157.9,0,11025.99,1041.84,3284.73,63016.93,0,13816.22,0,0,72447.72,0,0,0,2065.29,2017.7,0,19619.67,24404.01,60.99,1793.19,13872.55,0,0,0,0
2009-11-05 02:00:00,0,1975.13,0,199.81,9485.39,3782.69,4980.56,0,0,1392.09,9958.73,144.44,0,10916.0,965.08,3193.12,60720.69,0,13225.97,0,0,70299.14,0,0,0,2003.66,2010.88,0,18847.14,23474.82,59.53,1667.5,13570.04,0,0,0,0
2009-11-05 03:00:00,0,1994.81,0,194.06,9556.46,3639.92,5209.22,0,0,1358.65,9601.07,138.06,0,11033.72,932.16,3150.17,59871.63,0,13065.86,0,0,70480.93,0,0,0,1997.21,2059.01,0,18727.18,23186.14,59.08,1611.92,13704.48,0,0,0,0
2009-11-05 04:00:00,0,2073.92,0,200.67,9980.19,3795.87,5548.67,0,0,1396.07,9870.67,142.31,0,11382.77,963.9,3305.25,61370.51,0,13652.93,0,0,72493.41,0,0,0,2075.91,2105.92,0,19237.68,23418.84,60.51,1648.48,14183.2,0,0,0,0
2009-11-05 05:00:00,0,2163.84,0,209.24,10490.45,4013.39,5800.05,0,0,1442.63,10188.52,146.55,0,11832.13,1016.56,3491.21,63129.96,0,14125.47,0,0,74813.42,0,0,0,2171.31,2161.38,0,20062.9,24120.18,62.42,1711.76,14736.46,0,0,0,0
2009-11-05 06:00:00,0,2249.99,0,220.65,11005.39,4227.14,6116.81,0,0,1492.9,10500.32,153.23,0,12180.55,1060.03,3682.01,64835.68,0,14666.64,0,0,77116.33,0,0,0,2267.24,2202.8,0,20980.44,25006.25,64.25,1781.92,15416.45,0,0,0,0
2009-11-05 07:00:00,0,2333.14,0,227.44,11590.18,4446.67,6445.06,0,0,1562.34,10850.21,161.32,0,12813.42,1108.07,3870.87,66562.71,0,15398.02,0,0,80036.86,0,0,0,2372.96,2220.19,0,21890.37,25878.04,66.19,1852.44,16122.44,0,0,0,0
2009-11-05 08:00:00,0,2441.9,0,253.46,12104.85,4728.92,6654.19,0,0,1681.08,11808.35,176.45,0,13574.28,1214.18,4138.99,69640.01,0,16610.54,0,0,84799.7,0,0,0,2442.83,2194.02,0,23588.33,26854.05,68.0,1941.72,17374.92,0,0,0,0
2009-11-05 09:00:00,0,2507.13,0,259.4,11552.58,4926.49,6221.98,0,0,1768.63,12562.09,179.08,0,13894.29,1243.73,4117.09,72208.31,0,17002.45,0,0,84669.56,0,0,0,2419.2,2194.25,0,23334.14,28210.67,68.77,2035.72,17325.91,0,0,0,0
2009-11-05 10:00:00,0,2327.42,0,268.58,11175.57,5088.63,6001.84,0,0,1836.23,13340.94,180.66,0,14109.16,1274.45,4049.67,72789.33,0,16981.88,0,0,84116.73,0,0,0,2425.7,2208.33,0,23511.48,28050.86,66.88,2118.34,17027.54,0,0,0,0
2009-11-05 11:00:00,0,2196.12,0,276.11,10765.87,5272.32,5832.9,0,0,1900.13,14158.26,183.95,0,14282.93,1300.59,4014.06,72972.68,0,17140.3,0,0,83465.14,0,0,0,2417.43,2178.26,0,23489.48,27749.32,66.4,2179.96,17070.39,0,0,0,0
2009-11-05 12:00:00,0,2126.23,0,278.21,10450.3,5431.53,5682.54,0,0,1953.27,14806.28,188.15,0,14427.85,1298.36,3966.84,72948.93,0,17280.36,0,0,82664.4,0,0,0,2387.22,2164.33,0,23425.66,27591.6,67.18,2181.9,17028.55,0,0,0,0
2009-11-05 13:00:00,0,2066.14,0,280.49,10264.81,5442.32,5588.14,0,0,1977.5,15033.05,192.09,0,14577.62,1299.76,3909.78,72618.57,0,17415.87,0,0,81952.5,0,0,0,2366.62,2160.64,0,23206.59,27623.5,67.73,2196.34,16801.3,0,0,0,0
2009-11-05 14:00:00,0,2009.93,0,281.45,10169.82,5454.81,5542.32,0,0,1982.52,15140.28,193.38,0,14621.73,1304.47,3859.1,72230.63,0,17575.4,0,0,81832.14,0,0,0,2357.04,2179.78,0,22753.84,27628.04,67.37,2238.38,16517.88,0,0,0,0
2009-11-05 15:00:00,0,1963.19,0,282.58,10117.42,5515.36,5562.16,0,0,1983.3,15195.69,193.24,0,14679.83,1310.23,3810.83,71707.25,0,17575.63,0,0,81815.21,0,0,0,2348.68,2206.34,0,22274.73,27613.4,66.74,2327.91,16285.22,0,0,0,0
2009-11-05 16:00:00,0,1933.14,0,281.08,10232.44,5659.91,5545.39,0,0,1985.56,15202.46,195.82,0,14781.7,1317.34,3777.82,71490.03,0,17705.28,0,0,82220.11,0,0,0,2357.41,2222.82,0,22395.8,27564.77,67.0,2392.34,16128.01,0,0,0,0
2009-11-05 17:00:00,0,1947.53,0,281.99,10664.54,5726.59,5726.83,0,0,1966.63,15101.42,196.25,0,15109.29,1303.9,3819.12,71578.51,0,18222.89,0,0,83457.48,0,0,0,2397.8,2212.9,0,22500.9,27561.48,66.71,2421.0,16193.96,0,0,0,0
2009-11-05 18:00:00,0,2053.68,0,281.3,11036.82,5560.55,5947.68,0,0,1906.54,14545.54,194.91,0,15366.15,1249.81,3871.27,71890.09,0,18655.35,0,0,84808.8,0,0,0,2472.45,2253.09,0,22461.62,27377.96,65.52,2352.39,16426.52,0,0,0,0
2009-11-05 19:00:00,0,2143.71,0,312.16,11938.59,6262.87,6626.83,0,0,2171.03,15095.83,223.64,0,15389.96,1513.62,4088.37,74679.67,0,19543.97,0,0,91297.18,0,0,0,2686.68,2551.23,0,25056.45,27946.04,69.87,2572.9,17053.43,0,0,0,0
2009-11-05 20:00:00,0,2222.76,0,302.07,12015.93,5939.47,6320.03,0,0,2006.67,14041.6,218.03,0,14600.88,1437.3,3974.26,74428.49,0,18871.32,0,0,88397.97,0,0,0,2722.24,2482.48,0,25398.35,28252.0,66.92,2362.49,17484.48,0,0,0,0
2009-11-05 21:00:00,0,2284.21,0,290.61,11699.14,5703.89,6061.26,0,0,1865.41,13144.5,215.11,0,13798.34,1368.65,3865.67,73088.96,0,18256.52,0,0,85473.41,0,0,0,2631.2,2404.26,0,24813.09,28076.14,64.81,2193.79,17648.39,0,0,0,0
2009-11-05 22:00:00,0,2173.49,0,273.03,11187.99,5306.04,5801.08,0,0,1717.68,12187.32,200.74,0,13045.59,1296.45,3748.29,70741.33,0,17298.56,0,0,82684.87,0,0,0,2522.5,2322.05,0,24190.59,27351.09,62.88,2016.26,17001.75,0,0,0,0
2009-11-05 23:00:00,0,2054.7,0,255.18,10722.84,4869.72,5595.23,0,0,1572.96,11275.85,188.48,0,12307.88,1221.02,3616.02,68239.24,0,16152.2,0,0,79715.43,0,0,0,2412.6,2217.61,0,23480.6,26171.28,61.06,1859.59,16315.9,0,0,0,0
2009-11-06 00:00:00,0,1938.56,0,240.11,10316.84,4438.66,5438.47,0,0,1438.24,10389.85,173.12,0,11590.25,1154.38,3514.76,65743.5,0,15062.57,0,0,76942.13,0,0,0,2320.43,2149.03,0,22691.39,25005.47,59.59,1754.54,15602.58,0,0,0,0
2009-11-06 01:00:00,0,1826.97,0,226.34,10027.24,4007.82,5285.17,0,0,1328.96,9509.38,158.23,0,11092.65,1095.31,3434.45,63303.18,0,14112.08,0,0,74341.29,0,0,0,2259.71,2121.05,0,21837.78,23883.09,58.02,1644.72,14923.48,0,0,0,0
2009-11-06 02:00:00,0,1750.24,0,217.29,9923.38,3719.39,5222.59,0,0,1245.14,8723.04,147.97,0,11029.38,1053.89,3368.74,60868.82,0,13392.49,0,0,72163.98,0,0,0,2242.67,2183.38,0,21255.28,22858.43,56.61,1552.17,14790.07,0,0,0,0
2009-11-06 03:00:00,0,1748.55,0,219.22,10022.52,3606.61,5487.39,0,0,1222.47,8326.25,144.58,0,11300.11,1056.68,3372.75,59943.54,0,13090.05,0,0,72286.71,0,0,0,2295.36,2256.93,0,21569.19,22506.73,55.97,1551.79,14921.92,0,0,0,0
2009-11-06 04:00:00,0,1807.77,0,230.53,10674.48,3771.9,5981.78,0,0,1264.91,8625.71,151.87,0,11682.13,1113.67,3505.12,61331.85,0,13531.02,0,0,73942.9,0,0,0,2401.72,2329.0,0,22461.72,22506.77,56.62,1612.62,15318.93,0,0,0,0
2009-11-06 05:00:00,0,1880.42,0,237.78,11309.81,4007.44,6423.63,0,0,1330.05,8998.16,166.12,0,12034.7,1133.68,3645.38,63031.42,0,14050.63,0,0,76259.25,0,0,0,2523.34,2418.26,0,23359.82,23071.96,58.03,1667.29,15750.49,0,0,0,0
2009-11-06 06:00:00,0,1954.31,0,250.98,11937.54,4240.98,6805.73,0,0,1389.54,9374.91,178.86,0,12341.59,1156.59,3772.55,64708.99,0,14553.65,0,0,78496.46,0,0,0,2647.42,2509.85,0,24176.2,23892.49,59.46,1735.09,16227.94,0,0,0,0
2009-11-06 07:00:00,0,2021.76,0,270.35,12600.37,4508.11,7157.29,0,0,1484.64,10102.76,191.65,0,13126.77,1227.87,3913.27,66357.99,0,15586.68,0,0,81980.0,0,0,0,2793.74,2614.14,0,25045.86,24713.64,60.9,1842.82,16733.36,0,0,0,0
2009-11-06 08:00:00,0,2110.87,0,309.42,13165.1,4836.42,7067.16,0,0,1604.41,11152.99,199.64,0,14305.81,1312.63,4157.65,69787.97,0,17332.55,0,0,87582.12,0,0,0,2850.01,2574.46,0,27347.27,25682.14,62.25,1938.85,18031.11,0,0,0,0
2009-11-06 09:00:00,0,2218.09,0,287.19,12383.13,4914.21,6532.06,0,0,1696.7,11901.55,183.04,0,14355.37,1257.64,4157.49,71828.93,0,17535.61,0,0,87145.35,0,0,0,2602.08,2376.13,0,26070.67,27377.96,63.59,1948.81,17936.66,0,0,0,0
2009-11-06 10:00:00,0,2174.08,0,281.62,11757.09,5078.94,6172.39,0,0,1773.55,12692.55,181.1,0,14288.38,1273.43,4078.72,72223.47,0,17585.24,0,0,86302.46,0,0,0,2536.13,2247.8,0,25004.26,27545.05,64.16,2022.24,17193.09,0,0,0,0
2009-11-06 11:00:00,0,2125.03,0,280.33,11270.74,5319.35,5871.06,0,0,1817.94,13272.04,183.24,0,14298.34,1289.27,3985.81,72245.77,0,17608.34,0,0,85638.37,0,0,0,2490.54,2188.88,0,24554.03,27765.58,64.94,2130.07,16867.42,0,0,0,0
2009-11-06 12:00:00,0,2079.35,0,280.36,11004.94,5544.0,5713.07,0,0,1880.6,13818.75,184.26,0,14245.25,1287.4,3917.72,72266.98,0,17567.79,0,0,84702.77,0,0,0,2454.77,2173.23,0,24248.14,28099.72,66.44,2243.85,16682.14,0,0,0,0
2009-11-06 13:00:00,0,2039.15,0,283.77,10811.27,5600.64,5627.35,0,0,1930.19,14120.23,188.8,0,14135.44,1298.57,3854.21,72197.58,0,17530.21,0,0,83786.54,0,0,0,2430.76,2175.0,0,23881.9,28305.3,68.52,2343.28,16568.31,0,0,0,0
2009-11-06 14:00:00,0,2009.39,0,286.91,10680.53,5592.56,5604.27,0,0,1948.81,14198.59,191.7,0,13822.34,1323.99,3789.33,72198.93,0,17529.49,0,0,82248.53,0,0,0,2429.85,2187.39,0,23321.26,28399.41,69.63,2414.47,16483.4,0,0,0,0
2009-11-06 15:00:00,0,1973.95,0,286.03,10615.46,5664.79,5597.09,0,0,1956.22,14202.02,193.9,0,13831.18,1341.92,3724.88,72293.63,0,17627.2,0,0,81452.22,0,0,0,2434.94,2205.5,0,22746.78,28332.05,69.93,2452.71,16307.62,0,0,0,0
2009-11-06 16:00:00,0,1947.0,0,285.24,10608.43,5762.18,5684.43,0,0,1961.65,14307.39,197.43,0,14139.64,1349.97,3716.24,71967.53,0,17921.61,0,0,81432.83,0,0,0,2425.01,2203.87,0,22317.3,28249.25,69.83,2474.86,16162.76,0,0,0,0
2009-11-06 17:00:00,0,1954.52,0,283.89,10887.98,5834.73,6111.11,0,0,1954.91,14396.65,202.66,0,14902.43,1349.19,3738.34,71696.84,0,18585.83,0,0,83764.11,0,0,0,2462.16,2243.87,0,22531.15,28366.87,68.76,2449.85,16119.36,0,0,0,0
2009-11-06 18:00:00,0,1979.72,0,282.75,11100.72,5743.98,6287.38,0,0,1935.91,14319.08,203.49,0,15299.85,1307.34,3756.51,71786.42,0,18991.43,0,0,85655.71,0,0,0,2509.98,2299.02,0,22565.74,28053.68,66.68,2403.2,16203.93,0,0,0,0
2009-11-06 19:00:00,0,2070.91,0,290.61,11112.54,6017.71,6654.78,0,0,2069.51,14983.21,216.71,0,15350.1,1465.55,3715.51,71216.59,0,18609.5,0,0,86843.97,0,0,0,2554.27,2627.64,0,23543.76,27028.58,61.51,2518.75,15604.4,0,0,0,0
2009-11-06 20:00:00,0,2130.98,0,285.16,11277.22,5763.28,6542.38,0,0,1937.2,13990.74,211.42,0,14576.4,1393.52,3609.08,70594.67,0,18046.02,0,0,84239.88,0,0,0,2580.94,2620.64,0,24132.64,27561.92,59.15,2360.3,15901.89,0,0,0,0
2009-11-06 21:00:00,0,2183.9,0,274.59,11162.73,5551.32,6438.31,0,0,1826.45,13068.58,206.92,0,13828.83,1320.18,3502.16,69355.88,0,17551.33,0,0,81842.76,0,0,0,2545.69,2572.94,0,23824.65,26916.49,56.81,2212.06,15925.65,0,0,0,0
2009-11-06 22:00:00,0,2106.91,0,257.43,10743.45,5227.57,6374.35,0,0,1714.04,12215.94,193.82,0,13053.74,1244.67,3394.93,67230.34,0,16800.56,0,0,79218.12,0,0,0,2434.77,2497.59,0,23033.98,25988.51,54.41,2076.92,15146.34,0,0,0,0
2009-11-06 23:00:00,0,1995.81,0,243.39,10373.1,4824.65,6260.1,0,0,1614.78,11452.3,179.49,0,12223.81,1171.47,3285.05,64882.65,0,15863.62,0,0,76384.99,0,0,0,2333.73,2413.07,0,22145.6,25117.31,52.47,1952.76,14398.37,0,0,0,0
2009-11-07 00:00:00,0,1892.4,0,231.32,10003.68,4424.76,6127.86,0,0,1518.51,10755.71,167.09,0,11363.51,1098.87,3168.16,62498.48,0,14962.16,0,0,73334.83,0,0,0,2251.17,2345.88,0,21315.64,24271.94,50.88,1825.14,13684.8,0,0,0,0
2009-11-07 01:00:00,0,1791.54,0,221.2,9679.32,4036.91,5984.33,0,0,1420.53,10171.96,155.11,0,10846.73,1026.02,3044.55,60064.49,0,14110.09,0,0,70688.05,0,0,0,2172.8,2305.52,0,20820.02,23449.04,49.29,1703.78,13011.85,0,0,0,0
2009-11-07 02:00:00,0,1715.78,0,212.52,9574.32,3748.18,5971.35,0,0,1340.36,9591.33,145.4,0,10752.84,975.64,2965.87,57778.27,0,13447.21,0,0,68911.58,0,0,0,2148.99,2340.53,0,20479.55,22671.82,47.67,1597.1,12643.17,0,0,0,0
2009-11-07 03:00:00,0,1673.41,0,207.21,9640.55,3535.46,6050.23,0,0,1283.91,9177.15,137.16,0,10746.47,932.84,2885.53,56385.3,0,13098.77,0,0,67961.06,0,0,0,2150.08,2374.41,0,20418.64,21922.51,46.24,1541.58,12475.32,0,0,0,0
2009-11-07 04:00:00,0,1668.42,0,207.05,9887.98,3466.8,6210.2,0,0,1243.15,8981.37,133.86,0,10798.98,920.66,2850.84,55633.17,0,13026.63,0,0,68231.19,0,0,0,2173.4,2417.65,0,20650.12,21504.11,45.56,1517.58,12411.18,0,0,0,0
2009-11-07 05:00:00,0,1690.27,0,208.16,10302.05,3536.51,6474.77,0,0,1250.78,8983.01,136.41,0,10936.13,921.47,2871.49,55525.38,0,13120.96,0,0,69083.75,0,0,0,2221.07,2459.42,0,20967.02,21552.63,46.18,1526.04,12611.93,0,0,0,0
2009-11-07 06:00:00,0,1746.61,0,212.0,10804.54,3627.44,6755.43,0,0,1282.54,9244.56,141.69,0,11113.73,948.16,2931.84,56604.29,0,13310.14,0,0,70088.71,0,0,0,2294.45,2502.22,0,21348.97,21990.38,46.92,1556.12,12989.98,0,0,0,0
2009-11-07 07:00:00,0,1806.21,0,214.64,11226.8,3768.35,7014.43,0,0,1333.89,9619.53,147.7,0,11282.82,982.36,3012.4,57839.47,0,13819.7,0,0,71280.27,0,0,0,2380.44,2547.87,0,21821.86,22430.96,47.65,1606.31,13400.54,0,0,0,0
2009-11-07 08:00:00,0,1876.47,0,220.27,11829.13,4235.85,7025.21,0,0,1453.04,10647.02,153.21,0,11591.7,1058.0,3096.8,59364.8,0,14484.5,0,0,72873.98,0,0,0,2453.0,2599.79,0,23309.24,22910.25,48.5,1752.34,14395.67,0,0,0,0
2009-11-07 09:00:00,0,2065.75,0,225.7,11140.51,4766.78,6348.69,0,0,1583.41,11619.97,164.14,0,11794.18,1125.9,3114.25,61600.08,0,14838.62,0,0,72852.28,0,0,0,2360.22,2462.82,0,22354.85,23676.12,48.9,1955.9,14285.5,0,0,0,0
2009-11-07 10:00:00,0,2091.87,0,242.33,10451.96,5224.08,5980.3,0,0,1666.01,12606.12,175.29,0,11917.44,1199.92,3129.41,63295.29,0,14960.11,0,0,73508.67,0,0,0,2338.55,2440.9,0,22046.71,24080.49,49.76,2107.92,14273.2,0,0,0,0
2009-11-07 11:00:00,0,2079.09,0,257.6,9865.23,5531.12,5656.25,0,0,1751.18,13490.17,182.32,0,11959.77,1252.14,3143.92,64849.71,0,15012.11,0,0,73273.14,0,0,0,2326.64,2425.14,0,22100.47,24292.75,51.64,2212.02,14127.13,0,0,0,0
2009-11-07 12:00:00,0,2066.45,0,266.95,9438.21,5741.39,5468.68,0,0,1835.36,14205.37,188.43,0,11958.27,1292.11,3162.1,65939.87,0,15049.51,0,0,72888.71,0,0,0,2306.16,2400.08,0,22314.24,24476.19,53.83,2309.38,13946.53,0,0,0,0
2009-11-07 13:00:00,0,2049.09,0,271.74,9260.66,5871.59,5380.84,0,0,1893.56,14604.6,195.34,0,11879.91,1318.93,3182.1,66693.61,0,15085.23,0,0,72901.59,0,0,0,2306.15,2381.67,0,22358.12,24727.43,55.68,2428.59,13799.49,0,0,0,0
2009-11-07 14:00:00,0,2018.3,0,273.85,9238.86,5945.13,5394.73,0,0,1924.47,14702.85,198.26,0,11864.55,1318.51,3193.98,67006.4,0,15180.81,0,0,72983.54,0,0,0,2305.47,2366.49,0,22203.8,25071.0,57.66,2521.25,13909.46,0,0,0,0
2009-11-07 15:00:00,0,1981.01,0,277.46,9319.11,5920.52,5470.73,0,0,1918.26,14618.27,199.3,0,12057.07,1307.77,3214.1,67136.02,0,15389.84,0,0,73669.9,0,0,0,2295.16,2331.06,0,22037.08,25294.89,58.4,2527.39,14138.14,0,0,0,0
2009-11-07 16:00:00,0,1965.89,0,281.17,9390.59,5870.84,5516.08,0,0,1942.49,14613.6,202.72,0,12754.15,1298.35,3240.28,66970.2,0,15745.78,0,0,74396.02,0,0,0,2294.52,2337.41,0,22374.39,25472.99,57.97,2478.04,14505.59,0,0,0,0
2009-11-07 17:00:00,0,1952.74,0,279.32,9447.53,5776.66,5593.25,0,0,1927.21,14710.17,204.85,0,13490.38,1310.2,3268.8,66988.6,0,16373.01,0,0,75026.5,0,0,0,2310.86,2359.49,0,22312.21,25410.02,56.14,2395.98,14531.8,0,0,0,0
2009-11-07 18:00:00,0,1947.54,0,271.04,9668.17,5574.45,5703.77,0,0,1880.89,14577.06,203.56,0,13922.59,1269.13,3291.42,66695.56,0,16840.88,0,0,76357.35,0,0,0,2333.9,2374.32,0,21189.47,25057.11,53.94,2307.12,14179.23,0,0,0,0
2009-11-07 19:00:00,0,1999.13,0,300.27,10788.51,6053.79,6301.54,0,0,2098.12,15340.0,223.03,0,14794.98,1484.9,3629.29,71192.74,0,18098.09,0,0,84118.46,0,0,0,2523.2,2543.88,0,23863.06,26281.86,62.88,2540.27,15273.76,0,0,0,0
2009-11-07 20:00:00,0,2045.95,0,291.57,10811.98,5783.48,6026.76,0,0,1957.2,14360.57,214.84,0,13973.18,1396.18,3493.0,69972.76,0,17523.31,0,0,80864.5,0,0,0,2535.01,2507.88,0,23978.25,26713.2,59.45,2380.23,15569.95,0,0,0,0
2009-11-07 21:00:00,0,2105.43,0,278.84,10497.01,5546.55,5818.17,0,0,1837.89,13401.33,209.37,0,13126.3,1312.13,3375.99,68535.06,0,16936.61,0,0,77699.86,0,0,0,2500.52,2436.67,0,23473.57,26260.81,56.92,2224.07,15651.26,0,0,0,0
2009-11-07 22:00:00,0,2038.07,0,261.63,9926.69,5196.73,5620.81,0,0,1728.23,12589.31,196.13,0,12283.2,1231.71,3265.7,65995.51,0,16113.78,0,0,74615.96,0,0,0,2380.94,2336.57,0,22487.15,25496.39,54.45,2079.33,14850.96,0,0,0,0
2009-11-07 23:00:00,0,1925.82,0,242.98,9453.31,4771.96,5395.55,0,0,1624.1,11836.35,181.92,0,11414.27,1158.1,3156.38,63386.29,0,15155.13,0,0,71808.9,0,0,0,2269.87,2245.38,0,21524.1,24724.07,52.32,1933.87,14028.36,0,0,0,0
2009-11-08 00:00:00,0,1822.25,0,228.01,9077.62,4347.2,5136.84,0,0,1530.83,11129.5,167.24,0,10691.68,1086.36,3030.18,60862.36,0,14323.48,0,0,69032.57,0,0,0,2194.98,2170.55,0,20551.34,23913.37,50.5,1799.22,13288.87,0,0,0,0
2009-11-08 01:00:00,0,1722.31,0,212.98,8701.57,3972.34,4869.96,0,0,1442.35,10526.82,154.33,0,10103.59,1014.65,2898.57,58533.05,0,13595.26,0,0,66859.59,0,0,0,2115.02,2121.66,0,19835.28,23125.43,48.8,1680.61,12614.39,0,0,0,0
2009-11-08 02:00:00,0,1668.03,0,199.83,8459.36,3694.0,4684.6,0,0,1362.22,9921.26,145.18,0,9999.92,961.39,2826.08,56775.64,0,12965.78,0,0,65474.66,0,0,0,2079.46,2122.41,0,19333.2,22364.57,47.12,1572.32,12353.54,0,0,0,0
2009-11-08 03:00:00,0,1640.98,0,190.29,8347.94,3495.91,4640.88,0,0,1303.27,9454.0,137.04,0,9945.75,921.73,2766.46,55760.04,0,12725.68,0,0,64819.88,0,0,0,2068.03,2152.92,0,19114.03,21675.62,45.98,1521.85,12203.84,0,0,0,0
2009-11-08 04:00:00,0,1649.14,0,187.81,8423.91,3449.57,4790.66,0,0,1255.5,9229.47,133.42,0,9970.96,916.34,2742.26,55409.64,0,12747.04,0,0,65384.03,0,0,0,2086.42,2195.37,0,19248.91,21445.08,45.57,1498.46,12216.86,0,0,0,0
2009-11-08 05:00:00,0,1688.89,0,190.91,8674.82,3517.7,5027.17,0,0,1263.93,9313.73,135.36,0,10167.84,925.42,2766.84,55793.47,0,12984.92,0,0,66221.04,0,0,0,2113.45,2240.3,0,19553.96,21583.22,46.08,1514.96,12359.88,0,0,0,0
2009-11-08 06:00:00,0,1759.87,0,198.07,9080.33,3650.77,5295.68,0,0,1294.76,9625.72,139.79,0,10457.93,952.75,2830.19,56502.33,0,13351.65,0,0,67643.66,0,0,0,2169.2,2288.66,0,19875.68,22022.91,47.0,1554.22,12662.03,0,0,0,0
2009-11-08 07:00:00,0,1831.03,0,202.8,9504.59,3816.16,5590.73,0,0,1358.07,10028.66,145.46,0,10864.48,991.27,2904.81,57732.36,0,13857.87,0,0,69369.73,0,0,0,2240.32,2330.12,0,20270.11,22506.79,47.99,1613.51,13082.71,0,0,0,0
2009-11-08 08:00:00,0,1935.79,0,215.37,10311.92,4336.59,5950.72,0,0,1504.07,11123.88,155.8,0,11128.3,1061.53,3002.6,59426.68,0,14191.49,0,0,71333.11,0,0,0,2387.37,2386.23,0,21017.94,23111.3,48.73,1753.7,13984.09,0,0,0,0
2009-11-08 09:00:00,0,2101.57,0,232.02,10149.95,4906.02,5744.89,0,0,1670.72,12303.31,166.16,0,11338.44,1152.35,3055.23,61601.15,0,14329.26,0,0,71244.54,0,0,0,2392.2,2326.52,0,21317.51,23984.3,49.01,1980.42,14241.81,0,0,0,0
2009-11-08 10:00:00,0,2081.75,0,252.29,9863.34,5430.26,5561.94,0,0,1797.67,13278.26,179.32,0,11520.65,1227.61,3093.12,63360.27,0,14457.09,0,0,71868.94,0,0,0,2377.94,2313.73,0,21325.17,24335.11,48.97,2199.12,14070.53,0,0,0,0
2009-11-08 11:00:00,0,2043.62,0,264.53,9759.72,5780.75,5487.57,0,0,1898.37,14085.54,187.89,0,11435.66,1284.1,3110.36,64418.62,0,14484.69,0,0,73023.69,0,0,0,2390.59,2352.82,0,21770.19,24548.86,50.25,2375.39,14000.89,0,0,0,0
2009-11-08 12:00:00,0,2040.95,0,278.21,9632.33,6153.86,5600.18,0,0,1991.5,14796.25,201.27,0,11369.38,1346.51,3165.81,65764.87,0,14516.09,0,0,74576.02,0,0,0,2449.2,2386.6,0,22247.06,24753.1,52.36,2562.9,14045.34,0,0,0,0
2009-11-08 13:00:00,0,2029.43,0,290.67,9675.42,6418.9,5782.82,0,0,2059.09,15169.37,209.07,0,11370.61,1385.35,3203.1,66619.42,0,14690.79,0,0,76280.48,0,0,0,2491.42,2438.51,0,22416.64,25126.67,54.49,2708.52,14201.38,0,0,0,0
2009-11-08 14:00:00,0,2011.23,0,301.92,9744.79,6562.87,5965.04,0,0,2083.94,15349.51,214.18,0,11484.18,1387.27,3226.34,67231.25,0,14926.04,0,0,78606.66,0,0,0,2497.77,2471.82,0,22559.05,25493.96,56.25,2772.02,14571.22,0,0,0,0
2009-11-08 15:00:00,0,1990.03,0,308.92,9857.85,6556.84,6097.9,0,0,2111.52,15540.31,213.87,0,11727.57,1379.88,3254.44,67772.51,0,15251.54,0,0,80791.25,0,0,0,2504.69,2496.35,0,23081.87,25852.6,57.04,2759.21,14951.78,0,0,0,0
2009-11-08 16:00:00,0,1962.66,0,311.26,9880.6,6405.51,6129.19,0,0,2116.53,15563.11,214.82,0,12135.91,1398.63,3340.86,67965.56,0,15338.71,0,0,81228.15,0,0,0,2517.63,2510.19,0,23690.7,26037.04,56.71,2642.13,15097.06,0,0,0,0
2009-11-08 17:00:00,0,1932.75,0,307.47,9327.02,6312.6,5699.47,0,0,2076.53,15340.03,219.75,0,12738.19,1418.15,3396.25,68010.48,0,15566.88,0,0,78022.28,0,0,0,2430.58,2438.8,0,23495.71,26185.54,55.87,2533.61,15110.28,0,0,0,0
2009-11-08 18:00:00,0,1953.65,0,290.39,9343.34,6122.17,5695.74,0,0,2064.28,15569.79,215.52,0,13127.82,1392.97,3333.56,68253.39,0,15909.16,0,0,77496.33,0,0,0,2386.23,2405.26,0,22314.57,25856.0,54.8,2486.23,14731.82,0,0,0,0
2009-11-08 19:00:00,0,2072.52,0,341.7,11740.41,7077.61,6615.23,0,0,2386.74,16494.24,259.38,0,14784.99,1686.57,3960.43,76238.87,0,18503.74,0,0,90992.33,0,0,0,2681.39,2532.67,0,25711.64,28564.57,71.2,2859.82,17256.1,0,0,0,0
2009-11-08 20:00:00,0,2116.73,0,323.56,11545.25,6592.84,6104.28,0,0,2231.92,15625.73,242.76,0,13847.63,1575.42,3783.62,75088.79,0,17933.01,0,0,86494.83,0,0,0,2661.82,2461.66,0,25517.87,28675.37,67.09,2662.73,17166.82,0,0,0,0
2009-11-08 21:00:00,0,2160.06,0,303.4,11065.97,6174.37,5745.28,0,0,2080.53,14731.21,231.23,0,13044.12,1467.56,3637.46,73033.0,0,17367.56,0,0,82357.55,0,0,0,2535.3,2371.07,0,24803.1,28479.45,64.29,2477.16,16961.8,0,0,0,0
2009-11-08 22:00:00,0,2032.03,0,278.79,10272.55,5730.48,5435.71,0,0,1951.49,13873.81,212.85,0,12271.65,1381.15,3499.1,70476.97,0,16343.02,0,0,78709.0,0,0,0,2400.72,2271.42,0,23417.23,27636.51,62.05,2280.05,15862.79,0,0,0,0
2009-11-08 23:00:00,0,1898.6,0,261.72,9698.75,5234.17,5128.44,0,0,1826.72,12975.91,197.06,0,11521.88,1293.28,3364.81,67558.38,0,15286.96,0,0,75345.98,0,0,0,2267.03,2157.26,0,22195.42,26259.56,59.85,2112.34,14965.19,0,0,0,0
2009-11-09 00:00:00,0,1767.97,0,241.7,9180.6,4796.57,4843.37,0,0,1697.03,12240.47,180.28,0,10781.82,1214.43,3237.31,64739.12,0,14222.17,0,0,72130.95,0,0,0,2137.69,2053.17,0,20960.39,24964.55,57.69,1978.8,14151.03,0,0,0,0
2009-11-09 01:00:00,0,1642.34,0,219.45,8755.17,4363.45,4604.09,0,0,1580.1,11558.76,164.59,0,10476.73,1136.05,3127.54,61935.08,0,13314.51,0,0,69217.02,0,0,0,2031.69,1970.74,0,19797.84,23693.25,55.84,1837.7,13406.42,0,0,0,0
2009-11-09 02:00:00,0,1551.73,0,203.01,8509.43,3973.06,4448.8,0,0,1478.37,10809.84,149.29,0,10490.84,1067.21,3025.84,59359.64,0,12766.01,0,0,67064.55,0,0,0,1969.43,1951.37,0,19075.19,22633.07,54.2,1740.16,12936.04,0,0,0,0
2009-11-09 03:00:00,0,1513.94,0,204.95,8576.87,3791.14,4529.62,0,0,1424.37,10448.41,144.64,0,10627.73,1055.62,2979.03,57928.15,0,12667.66,0,0,66926.05,0,0,0,1952.6,2004.84,0,18842.84,22243.9,53.7,1707.06,12891.35,0,0,0,0
2009-11-09 04:00:00,0,1556.0,0,210.33,9025.0,3942.35,4786.54,0,0,1433.45,10389.92,149.88,0,10916.33,1070.78,3073.33,59031.04,0,13112.71,0,0,68454.5,0,0,0,2017.96,2057.65,0,19316.68,22228.03,54.3,1710.63,13135.05,0,0,0,0
2009-11-09 05:00:00,0,1635.78,0,220.66,9587.92,4149.05,5036.9,0,0,1459.62,10628.89,155.78,0,11302.69,1098.51,3190.6,60610.81,0,13640.52,0,0,70632.05,0,0,0,2099.87,2108.6,0,19882.29,22923.73,55.57,1773.5,13521.1,0,0,0,0
2009-11-09 06:00:00,0,1729.65,0,228.69,10161.98,4345.59,5311.16,0,0,1522.98,11084.75,161.72,0,11671.91,1159.24,3321.35,62105.34,0,14172.89,0,0,72790.14,0,0,0,2187.5,2160.83,0,20367.22,23752.8,57.05,1838.11,13854.79,0,0,0,0
2009-11-09 07:00:00,0,1809.02,0,229.53,10831.92,4564.88,5614.7,0,0,1616.19,11595.34,169.06,0,12598.84,1215.55,3448.46,63666.22,0,15173.37,0,0,75880.28,0,0,0,2280.61,2201.84,0,20832.37,24615.96,58.66,1926.84,14212.62,0,0,0,0
2009-11-09 08:00:00,0,1888.5,0,264.66,11519.6,4925.61,6020.88,0,0,1753.39,12497.91,184.01,0,13042.29,1311.57,3679.39,66556.69,0,16242.18,0,0,80076.13,0,0,0,2408.68,2243.32,0,21959.39,25573.3,60.1,2080.83,15090.2,0,0,0,0
2009-11-09 09:00:00,0,1964.7,0,275.23,11446.03,5347.89,5881.68,0,0,1888.56,13434.66,198.17,0,13006.87,1391.29,3695.34,69333.75,0,16288.29,0,0,80955.18,0,0,0,2434.12,2239.4,0,22347.0,26963.34,61.84,2239.55,15524.8,0,0,0,0
2009-11-09 10:00:00,0,1910.04,0,296.16,11270.44,5698.07,5770.24,0,0,1963.66,14106.5,213.38,0,13155.62,1425.54,3706.95,71054.66,0,16600.07,0,0,83179.61,0,0,0,2470.8,2276.35,0,23060.57,27330.54,63.59,2438.48,15892.03,0,0,0,0
2009-11-09 11:00:00,0,1895.22,0,313.09,11091.48,5984.72,5785.96,0,0,2042.4,14619.59,226.83,0,13267.6,1458.55,3750.36,72515.75,0,16839.93,0,0,85683.01,0,0,0,2527.5,2351.12,0,23726.98,27706.77,65.48,2566.51,16165.51,0,0,0,0
2009-11-09 12:00:00,0,1910.0,0,326.52,11010.94,6248.74,5908.73,0,0,2131.43,15195.52,230.85,0,13271.68,1509.2,3824.5,73918.45,0,17062.84,0,0,87744.79,0,0,0,2581.63,2422.26,0,24372.23,28093.34,67.49,2643.52,16411.29,0,0,0,0
2009-11-09 13:00:00,0,1937.94,0,338.13,10934.04,6517.38,6044.79,0,0,2197.9,15761.01,237.86,0,13282.37,1532.26,3926.21,74986.82,0,17231.8,0,0,89186.69,0,0,0,2619.86,2484.55,0,24813.51,28532.48,70.61,2724.55,16635.34,0,0,0,0
2009-11-09 14:00:00,0,1974.75,0,354.35,10853.51,6749.42,6167.43,0,0,2252.53,16289.35,251.3,0,13418.46,1571.81,4005.9,75604.84,0,17495.26,0,0,90436.31,0,0,0,2638.38,2541.49,0,24921.84,28766.2,73.4,2788.2,16921.77,0,0,0,0
2009-11-09 15:00:00,0,2032.76,0,353.12,10940.09,6818.61,6296.92,0,0,2270.99,16535.31,253.71,0,13640.51,1576.14,4085.29,76318.16,0,17734.11,0,0,91428.79,0,0,0,2649.84,2572.96,0,24822.99,28927.0,75.51,2813.51,17181.93,0,0,0,0
2009-11-09 16:00:00,0,2109.81,0,346.42,10986.34,6829.38,6293.98,0,0,2296.33,16643.79,260.63,0,13746.93,1596.93,4122.73,76560.56,0,17650.65,0,0,91560.18,0,0,0,2666.1,2584.31,0,24804.87,29129.7,75.18,2845.19,17360.81,0,0,0,0
2009-11-09 17:00:00,0,2148.43,0,345.75,10806.08,6771.88,6068.41,0,0,2304.46,16547.02,260.14,0,14069.21,1574.75,3994.08,76071.12,0,17501.09,0,0,89166.39,0,0,0,2652.24,2560.3,0,24658.03,29058.04,73.67,2828.03,17026.94,0,0,0,0
2009-11-09 18:00:00,0,2118.1,0,340.86,10913.48,6722.18,6071.33,0,0,2313.09,16667.03,260.01,0,14476.53,1562.63,3919.45,75274.68,0,17566.67,0,0,88021.65,0,0,0,2638.37,2551.22,0,24471.45,28551.23,71.49,2824.93,16741.14,0,0,0,0
2009-11-09 19:00:00,0,2066.95,0,352.93,11777.07,7322.96,6805.02,0,0,2449.61,16999.71,281.84,0,14604.5,1729.69,4051.13,75819.77,0,18488.15,0,0,90162.64,0,0,0,2733.57,2673.21,0,25510.21,28594.8,73.63,2931.04,17705.6,0,0,0,0
2009-11-09 20:00:00,0,2074.4,0,327.52,11598.76,6916.08,6300.79,0,0,2311.46,16203.74,272.53,0,13645.3,1631.17,3826.88,74174.07,0,17630.41,0,0,85177.28,0,0,0,2709.18,2620.15,0,25446.29,28690.61,69.37,2730.81,17582.41,0,0,0,0
2009-11-09 21:00:00,0,2096.47,0,314.97,11141.48,6562.24,5878.92,0,0,2167.6,15433.79,261.63,0,12728.5,1550.59,3642.73,72003.83,0,16872.93,0,0,81217.64,0,0,0,2612.18,2523.11,0,24834.3,28609.6,66.05,2557.64,17159.49,0,0,0,0
2009-11-09 22:00:00,0,1980.36,0,301.4,10366.0,6258.0,5515.81,0,0,2059.42,14705.94,245.23,0,11917.35,1452.05,3485.62,69413.74,0,15902.84,0,0,78087.05,0,0,0,2457.7,2438.42,0,23296.82,27865.86,62.79,2406.34,16161.98,0,0,0,0
2009-11-09 23:00:00,0,1842.83,0,285.95,9723.1,5767.89,5167.46,0,0,1958.63,13791.85,225.73,0,11124.59,1361.44,3344.58,66447.16,0,14927.61,0,0,74999.78,0,0,0,2326.8,2347.7,0,21947.98,26334.5,60.08,2244.71,15197.9,0,0,0,0
2009-11-10 00:00:00,0,1722.56,0,258.85,9108.42,5258.61,4814.9,0,0,1845.56,13010.85,208.37,0,10434.87,1287.83,3211.57,63608.51,0,13998.57,0,0,72219.09,0,0,0,2197.61,2241.18,0,20741.67,24892.38,57.93,2074.5,14242.58,0,0,0,0
2009-11-10 01:00:00,0,1616.75,0,233.16,8597.13,4768.96,4521.65,0,0,1715.62,12230.11,193.63,0,9969.77,1201.11,3085.78,61066.76,0,13191.82,0,0,69435.39,0,0,0,2078.68,2152.46,0,19621.89,23706.35,56.2,1960.15,13465.69,0,0,0,0
2009-11-10 02:00:00,0,1518.49,0,214.14,8264.19,4360.17,4333.8,0,0,1603.11,11496.43,171.77,0,9923.26,1145.31,2961.57,58644.67,0,12620.6,0,0,67315.69,0,0,0,2007.82,2122.3,0,18882.33,22698.28,54.62,1858.68,12972.28,0,0,0,0
2009-11-10 03:00:00,0,1496.64,0,212.12,8262.92,4157.28,4342.44,0,0,1537.83,10958.58,159.74,0,10040.87,1127.93,2942.69,57606.23,0,12563.52,0,0,67334.41,0,0,0,1976.34,2104.94,0,18528.02,22293.11,53.52,1817.13,12875.02,0,0,0,0
2009-11-10 04:00:00,0,1553.1,0,220.16,8549.39,4202.91,4494.49,0,0,1530.91,10861.81,161.53,0,10337.39,1138.55,3028.18,59011.96,0,13078.04,0,0,69161.48,0,0,0,1987.63,2125.67,0,18728.67,22287.6,53.93,1799.79,13043.32,0,0,0,0
2009-11-10 05:00:00,0,1630.2,0,227.87,9091.61,4369.5,4715.77,0,0,1577.04,11103.94,166.97,0,10714.06,1161.16,3142.87,60654.27,0,13652.09,0,0,71336.68,0,0,0,2057.49,2144.75,0,19205.64,22972.37,55.66,1842.0,13412.09,0,0,0,0
2009-11-10 06:00:00,0,1715.46,0,227.38,9620.27,4538.29,4932.73,0,0,1628.58,11484.12,171.57,0,11120.38,1202.45,3275.49,62169.1,0,14228.71,0,0,73442.7,0,0,0,2128.42,2166.11,0,19622.45,23766.67,56.97,1895.38,13818.3,0,0,0,0
2009-11-10 07:00:00,0,1803.5,0,231.54,10167.6,4739.78,5153.58,0,0,1702.42,11944.18,176.39,0,11817.86,1256.56,3407.55,63816.45,0,14958.21,0,0,76051.43,0,0,0,2206.4,2193.97,0,20024.12,24599.81,58.37,1985.33,14231.06,0,0,0,0
2009-11-10 08:00:00,0,1903.35,0,240.12,10800.26,5093.93,5484.84,0,0,1866.44,13058.36,186.26,0,12682.5,1334.51,3624.0,66355.62,0,16025.12,0,0,80832.32,0,0,0,2311.59,2238.22,0,20760.04,25498.13,59.76,2126.13,14909.6,0,0,0,0
2009-11-10 09:00:00,0,2025.42,0,277.96,11044.11,5388.27,5701.39,0,0,1966.29,13850.04,195.92,0,12923.44,1350.16,3686.86,69607.42,0,16332.72,0,0,81710.02,0,0,0,2387.56,2260.62,0,21301.5,27149.5,61.58,2231.08,15457.1,0,0,0,0
2009-11-10 10:00:00,0,2012.61,0,282.88,11111.15,5652.18,5909.78,0,0,2033.33,14434.66,207.43,0,13190.49,1426.52,3735.1,70887.47,0,16621.37,0,0,83263.65,0,0,0,2434.55,2296.73,0,21815.28,27419.55,63.11,2358.45,15775.16,0,0,0,0
2009-11-10 11:00:00,0,2009.83,0,288.12,11138.91,6026.91,6058.91,0,0,2121.92,15121.1,220.33,0,13386.35,1467.26,3768.46,71962.1,0,16898.36,0,0,84641.51,0,0,0,2473.0,2329.7,0,22288.58,27754.05,64.24,2539.45,16052.88,0,0,0,0
2009-11-10 12:00:00,0,2015.98,0,305.63,11150.04,6379.56,6207.93,0,0,2236.87,15852.06,224.91,0,13505.72,1533.35,3817.07,72776.86,0,17120.61,0,0,85599.92,0,0,0,2508.13,2359.3,0,22566.22,28042.4,66.8,2671.88,16181.05,0,0,0,0
2009-11-10 13:00:00,0,2017.34,0,284.92,11143.85,6693.57,6259.23,0,0,2340.45,16527.83,225.26,0,13587.32,1576.68,3869.3,73259.26,0,17277.39,0,0,86049.94,0,0,0,2530.71,2374.31,0,22828.69,28306.85,70.24,2786.01,16255.28,0,0,0,0
2009-11-10 14:00:00,0,2004.9,0,284.71,11122.02,6898.6,6259.1,0,0,2411.82,17093.28,230.93,0,13659.01,1591.13,3913.63,73368.83,0,17495.06,0,0,86410.0,0,0,0,2557.42,2391.97,0,23075.17,28353.0,72.58,2849.84,16326.94,0,0,0,0
2009-11-10 15:00:00,0,1990.4,0,297.68,11108.55,6938.75,6233.47,0,0,2442.44,17405.52,232.56,0,13851.27,1621.1,3920.56,72997.69,0,17576.82,0,0,87058.95,0,0,0,2587.81,2417.57,0,23298.05,28398.81,73.33,2880.83,16432.68,0,0,0,0
2009-11-10 16:00:00,0,2028.87,0,301.42,11154.66,6902.86,6223.65,0,0,2455.98,17401.27,236.03,0,14057.85,1613.95,3901.11,72479.11,0,17388.52,0,0,87411.44,0,0,0,2605.19,2427.95,0,23592.08,28514.83,72.43,2904.52,16574.26,0,0,0,0
2009-11-10 17:00:00,0,2079.01,0,305.99,11208.13,6824.2,6249.87,0,0,2451.32,17283.3,239.22,0,14398.99,1606.07,3858.17,72229.41,0,17468.68,0,0,87138.44,0,0,0,2620.39,2439.02,0,23838.97,28579.19,70.87,2862.76,16561.98,0,0,0,0
2009-11-10 18:00:00,0,2159.32,0,315.53,11351.44,6793.63,6313.3,0,0,2449.25,17251.12,243.4,0,14655.05,1590.63,3813.87,71604.52,0,17745.04,0,0,87243.73,0,0,0,2652.65,2462.46,0,24169.79,28176.21,68.33,2874.48,16547.63,0,0,0,0
2009-11-10 19:00:00,0,1942.15,0,314.9,10563.17,6834.01,6089.58,0,0,2439.54,16220.39,230.35,0,14438.94,1471.82,3274.21,71106.45,0,18041.62,0,0,86942.64,0,0,0,2602.0,2309.13,0,22264.96,25509.97,66.23,2697.08,15283.48,0,0,0,0
2009-11-10 20:00:00,0,2003.35,0,309.18,10381.53,6555.72,5733.9,0,0,2298.3,15318.56,227.24,0,13740.96,1377.27,3152.86,70557.38,0,17444.44,0,0,82990.14,0,0,0,2598.13,2256.69,0,22327.39,25717.3,64.05,2528.46,15117.11,0,0,0,0
2009-11-10 21:00:00,0,2073.43,0,297.94,9882.82,6256.64,5370.47,0,0,2177.51,14562.49,220.66,0,13046.51,1298.31,3058.98,69937.35,0,16961.81,0,0,79542.05,0,0,0,2596.19,2201.36,0,22206.95,25635.03,61.82,2374.95,14428.87,0,0,0,0
2009-11-10 22:00:00,0,1988.87,0,273.11,9231.38,5805.71,4981.87,0,0,2059.33,13847.75,205.26,0,12443.31,1207.04,2997.24,67835.39,0,16216.9,0,0,76426.49,0,0,0,2442.58,2112.28,0,21048.08,25168.99,59.66,2241.77,13870.11,0,0,0,0
2009-11-10 23:00:00,0,1901.1,0,251.85,8609.7,5360.25,4628.8,0,0,1936.77,12952.44,190.81,0,11884.9,1146.14,2937.26,65664.28,0,15283.13,0,0,73532.93,0,0,0,2279.02,2004.56,0,20075.59,24117.05,58.1,2109.48,13376.77,0,0,0,0
2009-11-11 00:00:00,0,1817.63,0,230.54,8151.36,4937.83,4340.36,0,0,1821.52,12103.85,178.73,0,11326.61,1082.02,2883.4,63414.95,0,14555.41,0,0,70993.35,0,0,0,2150.84,1901.24,0,19137.92,23111.3,57.34,1989.19,12876.41,0,0,0,0
2009-11-11 01:00:00,0,1728.77,0,216.66,7784.71,4552.01,4045.35,0,0,1710.65,11252.31,165.68,0,10854.19,1027.9,2834.19,61180.81,0,13722.93,0,0,69047.17,0,0,0,2060.88,1795.34,0,18273.42,22214.86,56.7,1888.5,12138.67,0,0,0,0
2009-11-11 02:00:00,0,1671.12,0,200.13,7437.85,4287.7,3753.61,0,0,1615.71,10662.21,154.07,0,10458.69,965.24,2800.08,59280.52,0,13084.56,0,0,67529.59,0,0,0,1980.6,1704.57,0,17756.09,21479.14,55.96,1793.71,11630.95,0,0,0,0
2009-11-11 03:00:00,0,1656.95,0,193.2,7243.32,4103.65,3495.44,0,0,1561.97,10265.68,150.7,0,10372.52,925.34,2789.02,58034.85,0,12730.0,0,0,66634.74,0,0,0,1918.62,1635.16,0,17371.84,20984.12,55.09,1735.14,11547.04,0,0,0,0
2009-11-11 04:00:00,0,1692.91,0,202.51,7245.66,4045.95,3516.52,0,0,1547.53,10118.08,152.67,0,10496.16,929.04,2819.61,57890.35,0,12823.6,0,0,67155.53,0,0,0,1897.75,1590.65,0,17405.37,20954.54,54.78,1716.44,11748.6,0,0,0,0
2009-11-11 05:00:00,0,1772.82,0,209.63,7694.04,4145.5,3659.07,0,0,1584.35,10270.08,158.3,0,10662.48,955.51,2945.16,58866.69,0,13227.69,0,0,68729.39,0,0,0,1890.29,2144.75,0,17834.8,21106.38,54.7,1762.65,12261.67,0,0,0,0
2009-11-11 06:00:00,0,1855.07,0,216.79,8213.66,4336.36,3852.71,0,0,1634.78,10613.24,164.73,0,10915.88,992.9,3061.26,60247.49,0,13712.02,0,0,70039.32,0,0,0,1959.27,2166.11,0,18256.56,21641.25,55.06,1827.23,12746.18,0,0,0,0
2009-11-11 07:00:00,0,1939.82,0,222.71,8727.78,4544.49,4033.77,0,0,1690.98,11077.43,169.75,0,11454.35,1047.0,3172.89,61623.16,0,14251.11,0,0,71705.08,0,0,0,2033.07,1586.74,0,18693.62,22277.81,56.17,1900.3,13242.59,0,0,0,0
2009-11-11 08:00:00,0,2035.14,0,229.41,9329.53,4862.13,4255.13,0,0,1808.85,11841.27,175.57,0,12620.78,1108.53,3445.61,63898.52,0,15379.82,0,0,76047.51,0,0,0,2095.19,1606.25,0,19469.46,22951.18,58.28,1981.92,14202.18,0,0,0,0
2009-11-11 09:00:00,0,2140.36,0,235.65,9828.44,5135.82,4503.81,0,0,1918.72,12571.9,183.03,0,13051.17,1169.15,3627.65,67511.16,0,16368.56,0,0,77910.05,0,0,0,2183.08,1638.7,0,20558.76,23936.57,61.8,2080.85,15528.59,0,0,0,0
2009-11-11 10:00:00,0,2185.74,0,245.68,10185.92,5433.67,4787.62,0,0,2000.94,13067.73,192.85,0,13351.3,1223.02,3708.79,68463.37,0,16691.75,0,0,78509.08,0,0,0,2283.15,1722.05,0,21677.82,24572.35,63.68,2163.55,15831.09,0,0,0,0
2009-11-11 11:00:00,0,2176.89,0,256.35,10412.15,5716.53,5045.44,0,0,2072.28,13742.68,204.49,0,13504.39,1276.44,3690.09,69087.61,0,16889.6,0,0,79032.93,0,0,0,2338.41,1777.09,0,22370.38,24957.59,64.5,2277.81,15870.2,0,0,0,0
2009-11-11 12:00:00,0,2134.11,0,254.86,10622.26,5906.46,5209.11,0,0,2133.07,14720.25,205.84,0,13521.26,1348.52,3633.26,69548.06,0,17000.03,0,0,79327.36,0,0,0,2363.23,1826.49,0,23083.57,25325.77,64.4,2434.77,15887.71,0,0,0,0
2009-11-11 13:00:00,0,2072.39,0,257.07,10810.64,6101.76,5324.73,0,0,2186.91,15539.8,207.23,0,13500.43,1391.62,3559.42,69838.92,0,17093.57,0,0,79354.73,0,0,0,2384.73,1873.34,0,23436.05,25563.46,63.82,2577.11,15718.61,0,0,0,0
2009-11-11 14:00:00,0,2005.33,0,255.57,10985.18,6194.91,5488.71,0,0,2241.55,16049.58,209.86,0,13382.5,1410.22,3493.95,69830.99,0,17145.45,0,0,78944.19,0,0,0,2397.87,1922.77,0,23514.55,25585.16,62.9,2618.44,15557.72,0,0,0,0
2009-11-11 15:00:00,0,1932.66,0,253.93,11164.97,6202.18,5609.15,0,0,2279.51,16193.73,213.75,0,13173.83,1420.13,3457.55,69684.68,0,17245.05,0,0,78352.21,0,0,0,2397.18,1938.11,0,23450.75,25391.25,61.73,2545.18,15350.11,0,0,0,0
2009-11-11 16:00:00,0,1868.02,0,250.93,11361.43,6166.13,5710.16,0,0,2292.99,16031.92,217.02,0,13415.25,1423.95,3428.17,69417.85,0,17393.07,0,0,77951.93,0,0,0,2411.51,1934.68,0,23371.7,25193.32,59.88,2483.61,15387.47,0,0,0,0
2009-11-11 17:00:00,0,1791.89,0,251.23,11582.32,6086.91,5906.68,0,0,2292.01,15883.86,217.39,0,13647.29,1422.85,3345.29,68709.79,0,17462.21,0,0,79099.8,0,0,0,2430.92,1949.9,0,23101.66,24629.11,56.01,2433.99,15050.82,0,0,0,0
2009-11-11 18:00:00,0,1811.25,0,254.41,11823.05,6006.28,6092.18,0,0,2244.52,15816.97,216.57,0,13885.49,1412.48,3290.97,67692.96,0,17831.65,0,0,80168.86,0,0,0,2458.07,1981.57,0,23138.75,23899.8,53.34,2396.83,14955.37,0,0,0,0
2009-11-11 19:00:00,0,2189.97,0,291.89,12807.74,6586.93,6457.4,0,0,2360.21,16254.58,227.27,0,15518.11,1508.81,4014.48,74523.51,0,19798.9,0,0,92753.69,0,0,0,2611.97,2441.73,0,25714.81,27802.51,69.53,2704.88,17090.67,0,0,0,0
2009-11-11 20:00:00,0,2278.63,0,284.45,12944.3,6213.95,6127.75,0,0,2167.86,15143.9,213.56,0,14684.1,1382.05,3901.93,74223.0,0,19132.67,0,0,89884.52,0,0,0,2641.57,2349.45,0,25906.77,28102.91,67.73,2505.0,17376.21,0,0,0,0
2009-11-11 21:00:00,0,2350.97,0,279.96,12387.47,5873.39,5765.31,0,0,1988.03,14133.72,202.09,0,13849.61,1316.66,3798.93,72940.3,0,18405.98,0,0,86924.18,0,0,0,2622.84,2257.79,0,25225.74,28010.59,66.32,2302.52,17192.2,0,0,0,0
2009-11-11 22:00:00,0,2254.53,0,260.39,11838.92,5409.82,5425.94,0,0,1831.02,13092.35,184.91,0,12990.67,1252.31,3678.35,70632.29,0,17276.3,0,0,83984.83,0,0,0,2509.57,2178.02,0,23986.79,27354.91,64.8,2113.25,16392.6,0,0,0,0
2009-11-11 23:00:00,0,2176.43,0,239.77,11330.92,4883.53,5168.24,0,0,1688.03,11958.77,168.56,0,12164.64,1184.85,3561.95,68224.78,0,16124.02,0,0,81059.04,0,0,0,2393.64,2107.27,0,22766.06,26201.11,63.4,1943.37,15633.58,0,0,0,0
2009-11-12 00:00:00,0,2104.31,0,226.4,10868.71,4321.85,4989.37,0,0,1527.14,10902.02,154.75,0,11346.57,1118.52,3462.46,65835.97,0,14990.71,0,0,78248.53,0,0,0,2286.79,2018.64,0,21513.56,25127.51,62.15,1773.51,15033.94,0,0,0,0
2009-11-12 01:00:00,0,2035.6,0,201.5,10497.28,3907.33,4865.19,0,0,1386.76,10032.26,145.15,0,10730.07,1053.7,3374.28,63439.21,0,13934.04,0,0,75711.23,0,0,0,2193.5,1939.71,0,20518.12,24062.31,60.8,1627.59,14506.76,0,0,0,0
2009-11-12 02:00:00,0,1992.04,0,188.21,10143.61,3659.54,4784.64,0,0,1283.92,9334.7,138.03,0,10670.53,1008.46,3314.97,61044.28,0,13260.56,0,0,73466.27,0,0,0,2116.41,1887.72,0,19695.01,23185.97,59.41,1499.56,14146.67,0,0,0,0
2009-11-12 03:00:00,0,2030.69,0,186.31,9895.13,3598.48,4765.2,0,0,1283.3,9180.74,137.71,0,10816.73,1016.65,3314.14,60194.57,0,12991.12,0,0,73038.18,0,0,0,2087.3,1861.64,0,19554.76,22881.85,59.07,1463.75,14235.8,0,0,0,0
2009-11-12 04:00:00,0,2125.26,0,194.84,9996.16,3755.3,4953.63,0,0,1313.2,9408.38,145.01,0,11240.9,1061.6,3487.52,61741.37,0,13507.34,0,0,74414.7,0,0,0,2120.0,1878.18,0,20162.7,23098.8,60.27,1495.47,14710.93,0,0,0,0
2009-11-12 05:00:00,0,2222.13,0,206.49,10299.77,3966.07,5100.26,0,0,1345.96,9706.07,152.33,0,11641.68,1112.84,3676.81,63475.97,0,14059.35,0,0,76564.29,0,0,0,2170.97,1902.36,0,20884.79,23879.7,62.49,1564.26,15288.82,0,0,0,0
2009-11-12 06:00:00,0,2301.41,0,209.4,10771.1,4200.56,5343.6,0,0,1380.95,9997.2,158.57,0,11992.17,1175.56,3850.42,65234.39,0,14565.75,0,0,78669.56,0,0,0,2239.47,1949.09,0,21642.21,24730.36,64.82,1634.78,15880.32,0,0,0,0
2009-11-12 07:00:00,0,2376.21,0,219.26,11120.28,4447.28,5555.85,0,0,1426.61,10327.92,163.24,0,12546.33,1227.82,4024.67,67003.61,0,15196.54,0,0,80957.4,0,0,0,2307.86,1997.16,0,22430.86,25598.43,67.1,1710.36,16486.24,0,0,0,0
2009-11-12 08:00:00,0,2457.79,0,256.72,11502.5,4714.79,5694.63,0,0,1525.32,10764.54,170.77,0,13707.45,1307.33,4253.83,69605.28,0,16846.39,0,0,86520.11,0,0,0,2387.83,2052.63,0,24164.28,26457.21,69.19,1826.77,17617.62,0,0,0,0
2009-11-12 09:00:00,0,2538.36,0,266.66,11811.1,4975.45,5842.57,0,0,1608.19,11286.8,179.72,0,13962.96,1380.76,4214.62,72959.39,0,17374.91,0,0,88334.0,0,0,0,2463.92,2110.57,0,24416.21,27929.26,70.42,1925.6,17952.71,0,0,0,0
2009-11-12 10:00:00,0,2416.71,0,274.58,11828.64,5249.95,5992.28,0,0,1689.4,11949.64,184.99,0,14012.83,1442.96,4108.86,73350.78,0,17606.52,0,0,87957.8,0,0,0,2510.06,2144.88,0,24645.81,28082.3,69.62,2012.62,17548.92,0,0,0,0
2009-11-12 11:00:00,0,2295.26,0,277.36,11811.58,5446.6,6076.81,0,0,1751.5,12571.71,193.17,0,13967.57,1455.58,3995.14,73201.77,0,17804.15,0,0,86959.1,0,0,0,2538.34,2175.06,0,24416.46,27970.56,68.98,2095.62,17242.12,0,0,0,0
2009-11-12 12:00:00,0,2199.55,0,277.95,11777.9,5654.18,6145.52,0,0,1811.48,13094.56,192.39,0,13961.99,1402.63,3907.77,72865.17,0,17828.47,0,0,86229.7,0,0,0,2561.5,2215.63,0,24246.84,28021.16,68.89,2194.05,17039.48,0,0,0,0
2009-11-12 13:00:00,0,2125.29,0,278.27,11752.47,5647.27,6231.2,0,0,1852.08,13403.99,192.31,0,13910.29,1378.36,3839.06,72405.46,0,17904.98,0,0,85693.56,0,0,0,2603.07,2286.44,0,23977.09,28108.06,68.14,2218.87,16834.66,0,0,0,0
2009-11-12 14:00:00,0,2062.91,0,279.55,11753.08,5506.04,6308.65,0,0,1863.81,13523.75,191.03,0,13813.56,1384.7,3781.03,71862.87,0,17829.6,0,0,85450.68,0,0,0,2618.15,2328.27,0,23477.4,28159.08,67.47,2212.01,16517.83,0,0,0,0
2009-11-12 15:00:00,0,2002.59,0,280.86,11727.61,5475.78,6367.99,0,0,1860.7,13523.28,193.44,0,13948.4,1411.87,3725.27,71251.89,0,17983.11,0,0,85820.92,0,0,0,2612.96,2351.01,0,23153.21,28082.21,66.91,2183.02,16215.71,0,0,0,0
2009-11-12 16:00:00,0,1968.02,0,280.95,11738.87,5461.51,6448.66,0,0,1839.81,13398.77,195.58,0,14240.23,1389.64,3688.22,71014.91,0,18117.6,0,0,86638.05,0,0,0,2611.26,2354.71,0,23195.82,28042.84,66.6,2186.59,16169.44,0,0,0,0
2009-11-12 17:00:00,0,2020.07,0,285.62,11931.76,5426.76,6523.47,0,0,1835.5,13407.04,198.47,0,14588.94,1323.79,3746.84,71502.54,0,18671.74,0,0,87744.73,0,0,0,2627.36,2364.1,0,23139.21,27869.03,66.59,2208.32,16184.17,0,0,0,0
2009-11-12 18:00:00,0,2122.66,0,286.51,12092.66,5373.62,6590.4,0,0,1865.52,13610.79,203.25,0,14763.26,1329.26,3845.6,71933.44,0,18797.31,0,0,88544.33,0,0,0,2658.13,2400.18,0,23424.64,27740.35,66.22,2224.69,16451.45,0,0,0,0
2009-11-12 19:00:00,0,2216.12,0,314.14,12517.49,6226.69,6349.16,0,0,2009.67,14167.02,226.23,0,15421.14,1520.39,4106.75,75245.23,0,19761.38,0,0,93790.86,0,0,0,2692.25,2498.79,0,25599.43,28584.88,70.28,2431.93,17199.81,0,0,0,0
2009-11-12 20:00:00,0,2295.94,0,308.1,12563.26,5965.3,5971.36,0,0,1891.48,13299.67,221.62,0,14610.63,1445.41,4014.58,74960.18,0,19061.99,0,0,90795.14,0,0,0,2687.91,2385.84,0,25774.64,28888.09,68.15,2283.35,17695.88,0,0,0,0
2009-11-12 21:00:00,0,2367.52,0,293.32,12040.07,5713.87,5701.15,0,0,1781.2,12499.39,214.35,0,13817.09,1374.64,3923.75,73448.24,0,18451.39,0,0,87868.51,0,0,0,2624.83,2282.7,0,25051.59,28623.84,66.77,2138.01,17870.98,0,0,0,0
2009-11-12 22:00:00,0,2258.73,0,274.81,11466.18,5253.03,5482.84,0,0,1673.8,11594.52,197.8,0,13034.58,1288.02,3814.34,71256.79,0,17491.83,0,0,85098.57,0,0,0,2494.22,2202.08,0,23875.56,27899.3,65.3,2003.3,17241.29,0,0,0,0
2009-11-12 23:00:00,0,2141.08,0,255.45,10927.53,4810.47,5326.7,0,0,1557.79,10763.0,181.56,0,12267.72,1209.04,3701.66,68759.17,0,16482.61,0,0,82426.29,0,0,0,2372.34,2127.92,0,22750.04,26705.98,63.7,1862.12,16590.38,0,0,0,0
2009-11-13 00:00:00,0,2019.49,0,237.0,10416.03,4380.94,5187.94,0,0,1450.25,9957.66,168.01,0,11464.58,1129.75,3603.01,66251.38,0,15510.79,0,0,79680.99,0,0,0,2251.17,2042.89,0,21674.72,25543.62,62.17,1716.2,15921.59,0,0,0,0
2009-11-13 01:00:00,0,1910.6,0,218.94,10005.87,3978.98,5059.24,0,0,1365.73,9153.41,154.55,0,10842.86,1051.73,3500.98,63785.4,0,14376.63,0,0,77393.37,0,0,0,2156.85,1977.39,0,20852.95,24441.27,60.65,1580.57,15267.82,0,0,0,0
2009-11-13 02:00:00,0,1846.08,0,209.28,9541.75,3711.88,5019.91,0,0,1303.33,8524.73,143.34,0,10702.81,985.06,3423.21,61317.2,0,13536.76,0,0,74814.17,0,0,0,2064.39,1923.91,0,20332.59,23457.48,59.24,1497.44,15049.73,0,0,0,0
2009-11-13 03:00:00,0,1843.66,0,213.45,9259.1,3699.91,5029.93,0,0,1317.12,8490.2,141.42,0,10840.16,964.11,3425.7,60030.19,0,13388.81,0,0,74051.81,0,0,0,2013.9,1879.84,0,20577.44,22999.74,58.74,1515.5,15206.35,0,0,0,0
2009-11-13 04:00:00,0,1902.47,0,225.58,9377.18,3946.83,5183.09,0,0,1379.18,8830.26,146.75,0,11198.45,1015.71,3569.89,61400.22,0,13637.98,0,0,74649.08,0,0,0,2087.0,1930.59,0,21350.05,22893.49,59.67,1605.98,15623.83,0,0,0,0
2009-11-13 05:00:00,0,1979.49,0,237.85,9589.14,4188.78,5318.79,0,0,1440.29,9188.72,153.92,0,11582.66,1067.29,3725.44,63073.29,0,14249.19,0,0,76559.36,0,0,0,2167.37,1993.1,0,22205.34,23432.91,61.09,1693.68,16052.63,0,0,0,0
2009-11-13 06:00:00,0,2054.76,0,248.38,10069.74,4427.47,5523.38,0,0,1502.32,9548.95,161.58,0,12009.9,1103.95,3854.2,64704.2,0,14841.68,0,0,78542.76,0,0,0,2212.7,2036.99,0,23030.53,24229.82,62.61,1795.56,16514.29,0,0,0,0
2009-11-13 07:00:00,0,2128.46,0,257.63,10612.04,4672.06,5739.83,0,0,1578.05,10030.94,169.47,0,12557.65,1140.87,3977.76,66361.06,0,15292.62,0,0,80288.98,0,0,0,2259.97,2081.84,0,23815.85,25080.56,64.31,1887.85,16955.02,0,0,0,0
2009-11-13 08:00:00,0,2204.06,0,289.7,11200.74,4999.88,5934.84,0,0,1696.43,11326.07,177.62,0,13889.96,1249.82,4195.36,68878.79,0,17012.64,0,0,85161.14,0,0,0,2427.19,2172.29,0,25615.29,25921.34,66.0,1996.72,17952.83,0,0,0,0
2009-11-13 09:00:00,0,2360.2,0,281.59,11129.86,5009.89,6095.29,0,0,1700.4,11800.57,176.42,0,14178.01,1303.78,4162.98,71905.81,0,17770.08,0,0,86730.31,0,0,0,2439.14,2255.06,0,25040.48,27423.43,67.53,2001.79,17944.28,0,0,0,0
2009-11-13 10:00:00,0,2296.79,0,283.52,11072.13,5117.81,6200.48,0,0,1716.63,12175.13,178.48,0,14179.12,1334.46,4067.09,72271.65,0,17907.66,0,0,86353.84,0,0,0,2438.54,2285.45,0,24411.57,27942.84,67.52,2025.59,17156.89,0,0,0,0
2009-11-13 11:00:00,0,2215.79,0,284.56,10976.59,5280.66,6239.34,0,0,1738.25,12587.48,182.14,0,14125.61,1344.08,3980.7,72216.88,0,17955.53,0,0,86161.85,0,0,0,2445.96,2319.21,0,24241.83,28133.09,67.65,2071.03,16819.61,0,0,0,0
2009-11-13 12:00:00,0,2142.74,0,283.87,10925.05,5400.43,6229.29,0,0,1763.75,12915.06,186.93,0,14117.63,1348.66,3917.69,72191.23,0,18006.0,0,0,85978.26,0,0,0,2457.25,2342.35,0,24112.3,28311.87,67.87,2118.16,16572.62,0,0,0,0
2009-11-13 13:00:00,0,2091.54,0,287.78,10830.77,5487.29,6269.53,0,0,1793.6,13135.27,191.27,0,14220.79,1356.38,3862.74,72036.19,0,18017.6,0,0,86099.07,0,0,0,2467.82,2363.79,0,23831.23,28368.67,68.6,2159.14,16430.87,0,0,0,0
2009-11-13 14:00:00,0,2048.94,0,292.01,10767.55,5499.13,6325.31,0,0,1822.75,13238.9,195.9,0,14422.05,1360.48,3820.34,71924.59,0,17963.86,0,0,86150.3,0,0,0,2479.85,2347.66,0,23372.13,28379.28,68.53,2181.8,16396.05,0,0,0,0
2009-11-13 15:00:00,0,2002.29,0,293.33,10702.6,5476.68,6369.71,0,0,1837.88,13214.12,200.21,0,14631.38,1366.6,3823.13,72011.69,0,18098.17,0,0,86311.15,0,0,0,2492.92,2354.45,0,23041.16,28440.11,68.43,2212.66,16310.01,0,0,0,0
2009-11-13 16:00:00,0,1986.92,0,294.65,10798.72,5605.64,6427.62,0,0,1871.33,13296.82,205.92,0,14695.91,1384.59,3814.92,71975.89,0,18334.57,0,0,86582.98,0,0,0,2510.77,2376.24,0,23286.86,28534.71,68.29,2242.31,16294.75,0,0,0,0
2009-11-13 17:00:00,0,2032.21,0,291.93,11015.94,5666.26,6504.07,0,0,1880.25,13634.92,209.71,0,14935.31,1381.92,3796.36,72084.32,0,18585.84,0,0,87562.32,0,0,0,2542.38,2409.01,0,23317.72,28409.1,67.24,2287.51,16187.9,0,0,0,0
2009-11-13 18:00:00,0,2102.03,0,289.59,11253.46,5606.05,6578.17,0,0,1866.63,13618.54,208.29,0,15187.34,1353.92,3782.28,72202.91,0,18878.43,0,0,88404.76,0,0,0,2589.79,2445.48,0,23082.99,28102.89,65.85,2310.22,16190.28,0,0,0,0
2009-11-13 19:00:00,0,2150.75,0,290.69,11037.29,5868.3,6447.75,0,0,1963.92,14205.24,216.62,0,14867.53,1457.0,3602.29,70109.85,0,18111.63,0,0,86315.38,0,0,0,2554.21,2480.58,0,23865.52,27016.88,60.66,2419.62,15516.35,0,0,0,0
2009-11-13 20:00:00,0,2218.11,0,283.6,11037.37,5593.77,6194.61,0,0,1843.22,13282.54,210.31,0,14091.13,1380.2,3478.97,69637.08,0,17632.07,0,0,83366.33,0,0,0,2564.69,2427.25,0,23939.26,27719.35,58.73,2274.87,15833.69,0,0,0,0
2009-11-13 21:00:00,0,2284.3,0,270.7,10717.51,5370.15,5968.59,0,0,1730.34,12411.87,205.34,0,13331.35,1306.94,3378.07,68653.58,0,17151.93,0,0,80596.22,0,0,0,2538.65,2365.61,0,23436.43,27345.18,56.89,2139.88,15978.43,0,0,0,0
2009-11-13 22:00:00,0,2215.64,0,253.91,10118.03,4963.77,5780.38,0,0,1630.79,11559.31,191.88,0,12564.27,1239.53,3279.38,66865.17,0,16349.32,0,0,77823.25,0,0,0,2407.76,2289.78,0,22503.75,26538.6,54.99,2005.86,15165.96,0,0,0,0
2009-11-13 23:00:00,0,2096.42,0,237.69,9450.44,4552.47,5512.35,0,0,1549.29,10792.4,177.48,0,11806.03,1178.44,3174.56,64514.25,0,15589.74,0,0,75156.59,0,0,0,2278.52,2179.28,0,21486.7,25589.6,53.17,1880.0,14379.95,0,0,0,0
2009-11-14 00:00:00,0,1989.14,0,224.59,8829.34,4185.69,5229.79,0,0,1462.8,10077.5,164.5,0,11138.51,1108.83,3047.96,62107.02,0,14736.76,0,0,72435.1,0,0,0,2167.16,2076.92,0,20558.25,24650.96,51.54,1757.42,13603.58,0,0,0,0
2009-11-14 01:00:00,0,1878.66,0,212.96,8402.73,3872.2,4921.88,0,0,1373.64,9482.92,152.59,0,10511.2,1050.88,2935.3,59704.38,0,13862.15,0,0,69842.66,0,0,0,2068.26,2004.56,0,19880.35,23767.11,49.77,1649.88,12990.89,0,0,0,0
2009-11-14 02:00:00,0,1785.16,0,201.25,7997.37,3667.36,4623.71,0,0,1301.09,8987.42,143.6,0,10202.76,1006.66,2859.57,57977.37,0,13121.36,0,0,67951.67,0,0,0,1995.26,1922.36,0,19366.64,22954.82,48.15,1565.93,12826.88,0,0,0,0
2009-11-14 03:00:00,0,1747.86,0,192.84,7797.59,3510.15,4406.26,0,0,1248.37,8718.45,135.73,0,10201.21,973.85,2808.72,56749.68,0,12686.43,0,0,67050.93,0,0,0,1955.18,1902.84,0,19228.54,22282.19,46.91,1520.21,12624.22,0,0,0,0
2009-11-14 04:00:00,0,1751.65,0,192.92,7707.59,3549.32,4313.52,0,0,1251.86,8681.28,132.38,0,10425.47,973.25,2789.23,56302.17,0,12748.19,0,0,67307.11,0,0,0,1949.57,1947.99,0,19451.17,22064.02,46.52,1516.84,12700.82,0,0,0,0
2009-11-14 05:00:00,0,1779.08,0,196.65,7825.13,3609.67,4368.26,0,0,1280.45,8770.6,134.29,0,10696.53,994.7,2827.98,56489.55,0,13060.85,0,0,68476.43,0,0,0,1974.44,1997.38,0,19841.31,22261.71,46.95,1556.23,12917.68,0,0,0,0
2009-11-14 06:00:00,0,1817.73,0,204.91,8147.31,3754.13,4550.02,0,0,1316.26,9026.49,139.47,0,10958.41,1029.78,2902.59,57342.22,0,13456.67,0,0,69633.39,0,0,0,2026.04,2038.39,0,20303.6,22601.01,47.51,1608.44,13257.79,0,0,0,0
2009-11-14 07:00:00,0,1867.99,0,210.7,8502.1,3927.58,4725.07,0,0,1354.26,9415.65,145.44,0,11201.39,1067.97,2987.26,58477.98,0,13819.63,0,0,70799.83,0,0,0,2073.15,2087.27,0,20768.42,22969.66,48.14,1667.18,13648.92,0,0,0,0
2009-11-14 08:00:00,0,1915.65,0,223.82,9044.5,4289.48,4961.42,0,0,1461.27,10448.76,152.64,0,11504.82,1132.75,3082.33,60007.86,0,14329.64,0,0,72573.63,0,0,0,2164.33,2148.57,0,21742.4,23369.71,48.88,1745.45,14397.45,0,0,0,0
2009-11-14 09:00:00,0,2028.87,0,234.41,9209.52,4564.25,5186.84,0,0,1536.34,11346.96,162.21,0,11796.36,1157.69,3118.78,62051.22,0,14814.66,0,0,74044.3,0,0,0,2219.45,2190.1,0,22385.25,24141.17,49.13,1846.08,14712.7,0,0,0,0
2009-11-14 10:00:00,0,2058.15,0,243.59,9390.65,4955.51,5365.52,0,0,1601.94,12150.79,172.93,0,12095.86,1207.21,3105.38,63572.64,0,15207.51,0,0,74807.25,0,0,0,2270.11,2257.63,0,22077.45,24681.42,50.28,1987.09,14414.76,0,0,0,0
2009-11-14 11:00:00,0,2089.72,0,251.39,9529.25,5182.72,5525.6,0,0,1657.29,12803.8,180.72,0,12373.82,1243.17,3125.37,64827.58,0,15512.21,0,0,75788.59,0,0,0,2333.41,2305.13,0,22311.0,25104.48,51.98,2110.68,14338.16,0,0,0,0
2009-11-14 12:00:00,0,2117.46,0,260.85,9567.95,5327.41,5612.49,0,0,1749.1,13551.33,185.86,0,12618.89,1270.0,3146.78,65606.62,0,15782.71,0,0,76531.73,0,0,0,2381.62,2354.52,0,22225.81,25369.22,53.67,2200.23,14290.47,0,0,0,0
2009-11-14 13:00:00,0,2133.27,0,268.56,9579.35,5513.1,5661.78,0,0,1822.02,14036.42,190.94,0,12783.46,1301.27,3198.73,66343.66,0,16033.0,0,0,77186.42,0,0,0,2418.87,2408.54,0,22217.69,25544.37,55.92,2270.63,14217.09,0,0,0,0
2009-11-14 14:00:00,0,2133.5,0,271.95,9647.93,5628.19,5692.86,0,0,1865.41,14162.57,194.95,0,12961.27,1311.34,3235.28,66885.74,0,16224.99,0,0,77897.0,0,0,0,2455.76,2442.3,0,21908.21,25660.94,57.69,2322.49,14256.88,0,0,0,0
2009-11-14 15:00:00,0,2120.12,0,274.7,9764.57,5670.41,5750.05,0,0,1909.61,14299.98,198.83,0,13161.79,1323.53,3263.9,67234.65,0,16392.87,0,0,78661.25,0,0,0,2492.65,2465.91,0,21838.05,25537.2,58.24,2350.11,14495.47,0,0,0,0
2009-11-14 16:00:00,0,2112.15,0,274.66,9922.47,5700.91,5762.63,0,0,1944.22,14355.19,204.47,0,13376.81,1352.07,3341.97,67076.01,0,16563.82,0,0,79047.3,0,0,0,2520.05,2486.41,0,22317.87,25406.59,58.06,2349.97,14636.19,0,0,0,0
2009-11-14 17:00:00,0,2094.91,0,271.1,9652.13,5683.98,5713.69,0,0,1945.55,14299.94,207.36,0,13679.02,1363.95,3365.47,67299.9,0,16775.98,0,0,79794.03,0,0,0,2498.75,2435.6,0,22207.31,25372.16,57.59,2312.33,14643.48,0,0,0,0
2009-11-14 18:00:00,0,2089.18,0,264.1,9523.72,5373.15,5805.76,0,0,1830.51,13665.6,205.41,0,13974.48,1307.01,3330.31,67390.16,0,17029.2,0,0,80575.9,0,0,0,2463.24,2408.59,0,21110.83,25094.23,56.27,2186.74,14314.36,0,0,0,0
2009-11-14 19:00:00,0,2129.33,0,295.83,11066.9,5927.78,6219.59,0,0,2025.4,14694.19,226.16,0,14331.84,1518.85,3613.16,70996.39,0,17968.42,0,0,84785.72,0,0,0,2637.83,2561.71,0,23906.96,26503.98,63.51,2439.02,15509.0,0,0,0,0
2009-11-14 20:00:00,0,2201.36,0,286.41,10844.95,5636.75,5828.56,0,0,1876.29,13559.84,215.37,0,13459.64,1415.42,3458.58,69937.54,0,17413.78,0,0,81351.33,0,0,0,2574.97,2484.4,0,23874.21,27299.31,60.07,2273.68,15693.01,0,0,0,0
2009-11-14 21:00:00,0,2273.0,0,272.13,10359.37,5350.82,5530.04,0,0,1749.79,12638.05,207.95,0,12666.91,1321.87,3341.25,68527.6,0,16907.32,0,0,78307.5,0,0,0,2494.02,2379.08,0,23312.07,27089.11,57.77,2121.75,15847.42,0,0,0,0
2009-11-14 22:00:00,0,2238.53,0,253.16,9636.09,4924.6,5260.2,0,0,1638.81,11775.37,193.95,0,11901.45,1223.35,3236.19,66553.27,0,16128.44,0,0,75527.24,0,0,0,2361.71,2249.93,0,22382.38,26413.03,55.98,1999.32,15054.64,0,0,0,0
2009-11-14 23:00:00,0,2127.87,0,239.5,9086.61,4536.02,5018.21,0,0,1546.57,10927.14,178.75,0,11187.01,1156.94,3125.73,64138.03,0,15314.12,0,0,72466.81,0,0,0,2252.18,2128.46,0,21328.39,25619.9,54.16,1882.26,14265.37,0,0,0,0
2009-11-15 00:00:00,0,2023.8,0,226.63,8639.15,4175.89,4787.25,0,0,1460.53,10187.18,164.97,0,10511.73,1094.23,3001.11,61872.09,0,14486.89,0,0,69673.87,0,0,0,2156.57,2013.63,0,20426.5,24787.41,52.55,1767.34,13514.95,0,0,0,0
2009-11-15 01:00:00,0,1926.16,0,213.83,8215.9,3873.25,4563.55,0,0,1367.75,9591.42,151.97,0,10069.46,1039.43,2904.46,59627.5,0,13669.38,0,0,67359.28,0,0,0,2071.96,1949.66,0,19788.11,23921.95,50.62,1661.06,12786.16,0,0,0,0
2009-11-15 02:00:00,0,1844.73,0,201.97,7973.9,3661.97,4414.26,0,0,1290.69,9069.62,142.78,0,9950.43,998.75,2827.93,58079.48,0,13086.1,0,0,65667.79,0,0,0,2034.63,1926.5,0,19310.12,23107.35,48.93,1576.98,12578.65,0,0,0,0
2009-11-15 03:00:00,0,1799.36,0,194.29,7917.35,3503.31,4406.84,0,0,1240.14,8776.42,134.79,0,9945.78,965.18,2777.87,56841.15,0,12749.8,0,0,65108.84,0,0,0,2006.47,1944.62,0,19257.93,22447.3,48.26,1533.6,12429.44,0,0,0,0
2009-11-15 04:00:00,0,1795.6,0,195.26,7940.82,3508.8,4544.19,0,0,1234.05,8700.38,132.22,0,10001.84,969.26,2769.52,56380.12,0,12720.78,0,0,65967.56,0,0,0,2009.66,1981.48,0,19565.09,22234.1,47.94,1521.69,12457.16,0,0,0,0
2009-11-15 05:00:00,0,1854.39,0,200.44,8113.69,3575.63,4756.62,0,0,1259.85,8779.14,135.01,0,10179.56,997.42,2806.53,56532.9,0,12886.73,0,0,67102.48,0,0,0,2026.88,2016.92,0,19981.27,22405.44,48.51,1547.61,12622.03,0,0,0,0
2009-11-15 06:00:00,0,1927.27,0,210.44,8467.66,3698.37,4993.56,0,0,1297.73,9012.45,141.0,0,10420.23,1044.99,2893.43,57221.5,0,13233.04,0,0,68322.89,0,0,0,2069.22,2059.09,0,20424.74,22807.83,49.36,1585.74,12920.49,0,0,0,0
2009-11-15 07:00:00,0,1988.83,0,219.87,8819.82,3874.48,5216.32,0,0,1340.25,9437.72,146.85,0,10675.8,1099.08,2976.56,58361.05,0,13574.56,0,0,69244.43,0,0,0,2118.54,2117.66,0,20956.63,23239.75,50.29,1638.41,13352.72,0,0,0,0
2009-11-15 08:00:00,0,2075.08,0,235.46,9465.72,4343.96,5497.72,0,0,1456.32,10524.27,155.35,0,10985.6,1168.68,3051.42,59854.07,0,14052.07,0,0,71069.01,0,0,0,2269.28,2210.52,0,22211.09,23776.34,51.5,1749.76,14109.25,0,0,0,0
2009-11-15 09:00:00,0,2215.83,0,245.66,9701.03,4638.55,5539.71,0,0,1529.6,11460.92,166.02,0,11226.41,1193.94,3125.78,61970.76,0,14517.16,0,0,71817.55,0,0,0,2348.49,2222.04,0,23066.64,24646.73,52.79,1870.46,14449.51,0,0,0,0
2009-11-15 10:00:00,0,2273.01,0,247.32,9690.87,4966.03,5474.76,0,0,1588.08,12359.91,176.69,0,11466.49,1219.26,3135.11,63646.54,0,14952.88,0,0,73256.65,0,0,0,2359.53,2244.51,0,22619.23,25140.75,53.84,2001.87,14186.78,0,0,0,0
2009-11-15 11:00:00,0,2293.96,0,251.13,9688.92,5090.26,5443.8,0,0,1648.61,13004.07,183.31,0,11715.75,1256.8,3136.87,64886.63,0,15244.06,0,0,74233.9,0,0,0,2414.72,2308.08,0,22697.04,25497.91,55.01,2109.51,13968.98,0,0,0,0
2009-11-15 12:00:00,0,2333.01,0,258.96,9543.48,5244.65,5538.06,0,0,1732.99,13795.38,189.3,0,11972.04,1295.37,3180.3,65730.38,0,15251.23,0,0,75154.84,0,0,0,2479.02,2372.47,0,22705.78,25808.05,56.08,2207.81,14018.79,0,0,0,0
2009-11-15 13:00:00,0,2348.73,0,264.17,9599.76,5383.9,5711.06,0,0,1812.95,14314.85,193.66,0,12196.26,1323.99,3223.0,66233.73,0,15427.35,0,0,75957.82,0,0,0,2519.21,2442.3,0,22414.35,25998.42,57.68,2260.89,14121.58,0,0,0,0
2009-11-15 14:00:00,0,2362.96,0,267.96,9768.49,5529.52,5863.17,0,0,1852.57,14540.53,196.91,0,12404.35,1327.34,3266.51,66610.01,0,15790.98,0,0,76632.68,0,0,0,2534.39,2503.76,0,22007.95,26137.33,59.09,2317.45,14304.96,0,0,0,0
2009-11-15 15:00:00,0,2388.59,0,267.03,9939.06,5543.78,6077.96,0,0,1866.52,14533.75,198.02,0,12596.86,1310.2,3329.05,66775.06,0,16017.4,0,0,77575.09,0,0,0,2567.41,2526.92,0,21803.11,26157.6,58.86,2351.85,14669.88,0,0,0,0
2009-11-15 16:00:00,0,2398.88,0,268.78,9991.71,5609.41,6184.22,0,0,1902.7,14356.59,201.8,0,12775.0,1325.12,3396.39,66785.5,0,15995.85,0,0,78053.4,0,0,0,2605.36,2538.12,0,22153.7,26123.63,58.67,2359.22,14956.81,0,0,0,0
2009-11-15 17:00:00,0,2443.59,0,272.12,9590.5,5585.13,5807.25,0,0,1899.8,14138.38,206.55,0,13042.74,1328.63,3439.13,66947.33,0,16001.98,0,0,77389.83,0,0,0,2544.07,2488.43,0,22146.59,26081.97,58.24,2324.81,15018.45,0,0,0,0
2009-11-15 18:00:00,0,2504.39,0,263.33,9445.86,5279.85,5819.46,0,0,1779.64,13445.84,205.98,0,13337.69,1281.13,3372.42,67293.76,0,16079.21,0,0,77540.57,0,0,0,2455.81,2434.3,0,20815.78,26019.9,57.82,2168.15,14544.61,0,0,0,0
2009-11-15 19:00:00,0,2504.02,0,332.73,11929.37,6280.2,6603.63,0,0,2141.59,14903.05,248.71,0,14389.6,1570.51,3956.5,74699.77,0,18511.97,0,0,89686.83,0,0,0,2736.87,2551.48,0,25108.89,29008.55,71.39,2541.98,17166.05,0,0,0,0
2009-11-15 20:00:00,0,2562.13,0,317.56,11726.04,5923.97,6119.93,0,0,1969.2,13856.79,233.57,0,13474.49,1446.55,3772.41,74219.29,0,17669.09,0,0,85166.8,0,0,0,2680.5,2456.61,0,24975.25,29580.54,68.15,2366.17,17009.49,0,0,0,0
2009-11-15 21:00:00,0,2608.88,0,295.1,11181.82,5611.05,5726.36,0,0,1818.21,12914.01,221.96,0,12605.08,1353.12,3617.65,72535.48,0,16964.7,0,0,81532.23,0,0,0,2537.34,2350.98,0,24189.71,29501.21,65.21,2203.33,16842.68,0,0,0,0
2009-11-15 22:00:00,0,2491.84,0,271.98,10360.83,5144.27,5424.29,0,0,1680.3,11911.89,203.75,0,11820.47,1267.83,3482.9,70214.71,0,15927.25,0,0,78556.38,0,0,0,2404.26,2234.0,0,23024.08,28800.32,63.08,2063.16,15818.84,0,0,0,0
2009-11-15 23:00:00,0,2377.67,0,250.89,9695.07,4689.08,5123.95,0,0,1557.66,10970.84,186.63,0,11028.68,1185.44,3345.46,67611.85,0,14939.65,0,0,75663.99,0,0,0,2277.66,2118.38,0,21835.27,27633.54,60.79,1932.02,14927.0,0,0,0,0
2009-11-16 00:00:00,0,2271.84,0,230.77,9167.01,4272.05,4835.33,0,0,1435.33,10118.85,169.82,0,10351.3,1104.48,3220.56,65066.04,0,14021.5,0,0,72907.64,0,0,0,2164.34,2014.76,0,20689.91,26493.03,58.98,1798.85,14132.88,0,0,0,0
2009-11-16 01:00:00,0,2167.69,0,212.22,8731.37,3877.93,4609.81,0,0,1324.01,9322.97,153.4,0,9962.47,1019.8,3118.63,62463.66,0,13175.23,0,0,70507.39,0,0,0,2077.13,1946.16,0,19783.92,25411.64,57.53,1661.38,13398.02,0,0,0,0
2009-11-16 02:00:00,0,2078.38,0,195.76,8503.4,3576.26,4473.52,0,0,1236.91,8619.44,140.88,0,9937.99,954.79,3026.86,59943.89,0,12616.15,0,0,68512.39,0,0,0,2031.47,1942.31,0,19223.77,24631.61,56.59,1565.86,13038.18,0,0,0,0
2009-11-16 03:00:00,0,2036.52,0,194.78,8558.77,3567.95,4561.57,0,0,1244.99,8480.39,137.34,0,10013.0,962.43,2976.31,59039.62,0,12492.46,0,0,68531.16,0,0,0,2038.38,1998.47,0,19490.57,24225.33,56.21,1581.3,12952.92,0,0,0,0
2009-11-16 04:00:00,0,2096.58,0,203.82,8935.92,3816.4,4808.23,0,0,1305.19,8840.91,144.27,0,10269.4,1003.35,3072.72,60398.0,0,12866.16,0,0,69842.77,0,0,0,2099.67,2049.67,0,20093.85,24167.27,57.4,1662.87,13182.59,0,0,0,0
2009-11-16 05:00:00,0,2172.7,0,213.43,9481.44,4047.51,5053.62,0,0,1362.48,9216.87,152.13,0,10642.44,1048.11,3192.37,61982.04,0,13386.59,0,0,72137.31,0,0,0,2190.64,2091.95,0,20852.66,24839.64,58.97,1747.42,13640.67,0,0,0,0
2009-11-16 06:00:00,0,2255.76,0,222.71,10038.35,4285.81,5313.68,0,0,1416.48,9597.38,158.78,0,11055.44,1104.98,3320.02,63530.0,0,13958.22,0,0,74339.95,0,0,0,2278.53,2133.04,0,21654.0,25718.42,60.44,1838.75,14105.58,0,0,0,0
2009-11-16 07:00:00,0,2335.11,0,231.69,10604.51,4518.25,5579.5,0,0,1479.32,10064.24,165.1,0,11662.9,1161.28,3451.09,65053.87,0,14627.97,0,0,76695.28,0,0,0,2369.03,2175.89,0,22456.69,26605.81,62.06,1917.04,14607.56,0,0,0,0
2009-11-16 08:00:00,0,2412.42,0,259.79,11390.63,5015.04,5951.44,0,0,1619.03,11136.8,180.03,0,13097.81,1295.9,3692.65,67066.02,0,16591.09,0,0,83475.38,0,0,0,2564.54,2220.36,0,24198.79,27491.03,63.9,1993.11,15653.54,0,0,0,0
2009-11-16 09:00:00,0,2505.81,0,272.47,11589.95,4941.94,5951.88,0,0,1693.16,11943.0,185.01,0,13504.7,1319.59,3772.44,70467.05,0,16984.49,0,0,84615.87,0,0,0,2563.57,2156.18,0,24708.96,28795.35,65.67,2002.95,16158.77,0,0,0,0
2009-11-16 10:00:00,0,2608.95,0,275.39,11256.28,5102.52,5790.9,0,0,1808.2,12857.57,190.46,0,13614.77,1323.44,3775.02,72062.86,0,17104.13,0,0,85059.28,0,0,0,2536.22,2148.38,0,23813.9,29653.68,67.47,2070.36,15997.63,0,0,0,0
2009-11-16 11:00:00,0,2655.38,0,281.3,11104.81,5250.07,5820.07,0,0,1885.81,13717.82,194.42,0,13576.81,1326.7,3776.88,72942.17,0,17099.8,0,0,85166.62,0,0,0,2531.81,2175.94,0,23719.39,29901.12,68.99,2153.24,16106.53,0,0,0,0
2009-11-16 12:00:00,0,2684.59,0,289.93,10969.75,5412.32,5846.14,0,0,1987.76,14553.6,198.81,0,13481.33,1351.54,3799.14,73555.22,0,17092.01,0,0,85037.91,0,0,0,2528.06,2218.82,0,23727.4,29979.58,70.18,2224.01,16270.65,0,0,0,0
2009-11-16 13:00:00,0,2705.28,0,294.71,10903.71,5586.88,5989.26,0,0,2049.72,15017.55,200.58,0,13367.46,1362.69,3829.88,73709.42,0,17063.54,0,0,84747.75,0,0,0,2524.29,2253.51,0,23651.12,29972.18,70.79,2293.9,16400.45,0,0,0,0
2009-11-16 14:00:00,0,2719.96,0,296.54,10848.12,5703.93,6168.16,0,0,2099.58,15291.68,202.57,0,13358.5,1378.78,3866.85,73677.51,0,17033.21,0,0,84678.14,0,0,0,2524.35,2297.63,0,23440.96,29862.64,70.99,2375.41,16510.81,0,0,0,0
2009-11-16 15:00:00,0,2742.89,0,296.39,10900.14,5871.01,6277.32,0,0,2152.93,15589.09,206.44,0,13489.07,1399.27,3886.05,73574.44,0,17090.8,0,0,85065.38,0,0,0,2546.65,2369.1,0,23465.31,29737.79,71.28,2424.65,16813.67,0,0,0,0
2009-11-16 16:00:00,0,2758.67,0,295.25,11173.31,6133.35,6320.92,0,0,2202.91,15797.96,215.59,0,13999.99,1433.95,3901.78,73579.82,0,17530.35,0,0,85397.24,0,0,0,2557.72,2406.89,0,23777.72,29625.0,71.3,2487.27,16927.49,0,0,0,0
2009-11-16 17:00:00,0,2791.75,0,292.38,10962.2,6128.65,6112.07,0,0,2159.76,15641.39,218.82,0,14536.98,1430.26,3859.62,73611.27,0,18061.28,0,0,86161.34,0,0,0,2529.28,2397.24,0,23668.04,29548.03,71.6,2494.55,16678.87,0,0,0,0
2009-11-16 18:00:00,0,2816.43,0,288.95,11002.51,5815.55,6107.25,0,0,2016.13,14795.36,211.14,0,14888.39,1385.08,3815.52,73607.73,0,18435.25,0,0,86637.46,0,0,0,2519.85,2366.59,0,23322.54,29604.92,71.57,2415.6,16558.35,0,0,0,0
2009-11-16 19:00:00,0,2801.92,0,321.96,11875.73,6366.27,6602.47,0,0,2210.21,15497.85,242.64,0,15561.19,1560.15,3949.11,76378.56,0,19458.64,0,0,91511.17,0,0,0,2669.8,2514.4,0,25367.57,30864.92,70.55,2610.96,17278.66,0,0,0,0
2009-11-16 20:00:00,0,2835.74,0,311.05,11673.19,6001.33,6103.57,0,0,2036.35,14471.47,229.23,0,14801.04,1447.94,3810.11,75726.12,0,18707.77,0,0,88900.26,0,0,0,2653.89,2465.59,0,25270.14,31200.2,68.26,2410.49,17232.69,0,0,0,0
2009-11-16 21:00:00,0,2827.89,0,292.97,11130.03,5661.02,5732.1,0,0,1881.92,13487.54,219.94,0,14012.48,1358.86,3668.71,74311.55,0,17961.59,0,0,86064.33,0,0,0,2532.4,2379.5,0,24537.11,31056.45,66.51,2242.68,16890.14,0,0,0,0
2009-11-16 22:00:00,0,2705.06,0,272.06,10366.78,5154.79,5421.52,0,0,1741.11,12443.1,202.65,0,13194.94,1276.25,3523.3,72391.75,0,16954.39,0,0,83092.47,0,0,0,2399.34,2274.32,0,23354.28,30303.85,65.05,2091.5,16080.88,0,0,0,0
2009-11-16 23:00:00,0,2601.24,0,251.45,9765.63,4663.5,5120.11,0,0,1606.2,11422.84,185.82,0,12356.46,1193.43,3366.74,69992.36,0,15925.87,0,0,80327.38,0,0,0,2276.4,2159.21,0,22152.71,29263.07,63.69,1938.54,15272.01,0,0,0,0
2009-11-17 00:00:00,0,2496.75,0,231.39,9216.57,4219.36,4822.63,0,0,1472.72,10486.73,168.82,0,11516.03,1107.09,3237.89,67443.96,0,14900.01,0,0,77526.64,0,0,0,2162.88,2061.57,0,20938.95,28172.98,62.72,1792.04,14428.17,0,0,0,0
2009-11-17 01:00:00,0,2387.93,0,213.37,8801.94,3815.72,4583.55,0,0,1343.94,9630.67,153.48,0,10901.2,1020.07,3137.63,64877.21,0,13870.25,0,0,74841.21,0,0,0,2076.79,1992.87,0,19824.09,27043.48,62.05,1656.08,13697.36,0,0,0,0
2009-11-17 02:00:00,0,2308.01,0,197.83,8576.43,3493.61,4435.79,0,0,1243.16,8848.87,140.56,0,10845.44,950.08,3038.82,62441.35,0,13207.75,0,0,72430.2,0,0,0,2030.51,2002.79,0,19181.92,26183.55,62.14,1545.95,13377.99,0,0,0,0
2009-11-17 03:00:00,0,2261.23,0,203.06,8650.73,3459.09,4561.84,0,0,1236.85,8686.46,136.65,0,10942.95,953.66,3021.33,60981.3,0,13005.53,0,0,72205.33,0,0,0,2022.5,2066.29,0,19293.85,25723.12,62.23,1549.08,13377.25,0,0,0,0
2009-11-17 04:00:00,0,2324.0,0,209.15,9103.49,3677.4,4815.91,0,0,1290.96,9037.62,143.52,0,11297.65,998.11,3138.52,62340.73,0,13370.2,0,0,73631.87,0,0,0,2097.39,2123.35,0,19958.91,25672.3,63.03,1600.0,13615.18,0,0,0,0
2009-11-17 05:00:00,0,2386.89,0,215.5,9683.22,3917.13,5096.74,0,0,1351.21,9383.94,150.19,0,11655.6,1047.72,3264.71,64113.12,0,13893.44,0,0,75516.46,0,0,0,2182.85,2176.9,0,20672.6,26283.06,64.57,1665.1,13929.02,0,0,0,0
2009-11-17 06:00:00,0,2445.63,0,225.19,10289.67,4145.92,5427.3,0,0,1409.4,9739.07,157.07,0,11999.17,1096.68,3420.4,65870.2,0,14440.24,0,0,77536.13,0,0,0,2265.62,2224.09,0,21386.14,27083.08,66.35,1737.71,14407.95,0,0,0,0
2009-11-17 07:00:00,0,2504.08,0,235.15,10876.96,4346.64,5735.39,0,0,1472.88,10187.86,163.34,0,12465.11,1152.31,3604.38,67638.18,0,15041.04,0,0,79467.0,0,0,0,2350.69,2272.77,0,22069.95,27850.95,68.15,1810.68,14904.87,0,0,0,0
2009-11-17 08:00:00,0,2568.6,0,260.04,11743.41,4705.33,6099.06,0,0,1611.09,11287.86,176.83,0,13655.43,1262.11,3788.04,69756.37,0,16866.19,0,0,85615.74,0,0,0,2524.47,2306.12,0,23367.23,28625.51,70.22,1916.32,15726.67,0,0,0,0
2009-11-17 09:00:00,0,2676.72,0,262.11,11740.97,4938.75,6088.42,0,0,1730.87,12227.55,180.84,0,13793.65,1258.47,3925.96,73636.79,0,17015.48,0,0,86318.81,0,0,0,2522.83,2268.21,0,23556.55,29991.62,72.27,1984.76,16544.96,0,0,0,0
2009-11-17 10:00:00,0,2774.45,0,277.62,11639.32,5159.29,6035.25,0,0,1819.75,13104.11,187.55,0,13715.48,1281.06,3927.84,74407.26,0,17014.72,0,0,86129.68,0,0,0,2479.2,2264.13,0,23752.22,30553.25,74.31,2073.49,16790.68,0,0,0,0
2009-11-17 11:00:00,0,2804.31,0,294.21,11473.03,5371.11,5984.04,0,0,1925.82,13978.62,193.66,0,13631.76,1309.42,3889.11,74694.59,0,17059.82,0,0,85203.29,0,0,0,2466.92,2292.98,0,23873.77,30363.92,75.81,2168.18,16960.62,0,0,0,0
2009-11-17 12:00:00,0,2801.21,0,305.83,11288.82,5563.84,5964.25,0,0,2040.36,14814.65,198.79,0,13544.31,1333.71,3885.17,74492.12,0,17064.36,0,0,84393.68,0,0,0,2474.53,2328.39,0,24030.31,30174.84,76.44,2305.98,17115.98,0,0,0,0
2009-11-17 13:00:00,0,2797.94,0,309.35,11125.33,5785.0,5977.81,0,0,2133.23,15359.11,202.2,0,13453.41,1350.6,3895.88,74016.5,0,17038.16,0,0,84214.07,0,0,0,2491.34,2352.5,0,24022.9,29926.7,76.33,2427.67,17145.89,0,0,0,0
2009-11-17 14:00:00,0,2794.78,0,314.59,10940.77,5996.87,5993.95,0,0,2213.43,15831.55,203.48,0,13440.44,1368.09,3893.18,73547.73,0,17019.35,0,0,83997.02,0,0,0,2524.85,2404.48,0,23969.97,29605.76,76.57,2517.64,17064.43,0,0,0,0
2009-11-17 15:00:00,0,2800.98,0,322.19,10805.68,6193.82,6035.06,0,0,2264.82,16252.46,206.22,0,13583.59,1407.77,3892.97,73173.09,0,17103.46,0,0,84223.02,0,0,0,2540.24,2438.54,0,23963.32,29300.61,77.05,2576.31,17061.28,0,0,0,0
2009-11-17 16:00:00,0,2830.84,0,314.0,10851.28,6351.28,6025.41,0,0,2292.9,16427.37,214.55,0,14264.87,1439.93,3858.73,73383.74,0,17617.69,0,0,84885.46,0,0,0,2548.8,2440.08,0,24008.65,29074.08,76.32,2624.55,17066.01,0,0,0,0
2009-11-17 17:00:00,0,2861.3,0,311.05,11018.33,6290.88,5965.92,0,0,2246.09,16079.38,219.3,0,14839.57,1414.82,3853.72,73932.02,0,18238.35,0,0,85943.22,0,0,0,2556.81,2423.48,0,24080.05,29044.05,76.21,2613.12,17055.11,0,0,0,0
2009-11-17 18:00:00,0,2882.87,0,313.26,11240.11,6045.39,6095.18,0,0,2160.03,15414.79,217.26,0,15150.99,1380.17,3874.54,74427.03,0,18642.54,0,0,86299.46,0,0,0,2569.98,2428.03,0,24189.0,29122.01,75.86,2484.52,17310.06,0,0,0,0
2009-11-17 19:00:00,0,2850.16,0,333.53,12071.84,6519.01,6804.11,0,0,2282.27,15875.33,244.42,0,15603.22,1556.08,3930.49,77297.33,0,19387.06,0,0,91258.15,0,0,0,2681.03,2585.61,0,25455.71,30242.29,75.55,2690.88,17760.8,0,0,0,0
2009-11-17 20:00:00,0,2878.87,0,323.14,12074.46,6165.64,6432.65,0,0,2109.15,14903.08,231.05,0,14755.7,1443.63,3791.36,76581.12,0,18698.51,0,0,88417.1,0,0,0,2675.6,2552.98,0,25747.33,30672.62,73.1,2482.76,18070.31,0,0,0,0
2009-11-17 21:00:00,0,2882.02,0,307.02,11560.57,5797.16,6107.82,0,0,1951.2,13942.7,220.71,0,13919.77,1351.75,3653.97,75067.28,0,17988.39,0,0,85340.19,0,0,0,2594.0,2492.49,0,25136.44,30519.21,70.99,2305.86,17872.12,0,0,0,0
2009-11-17 22:00:00,0,2759.66,0,287.85,10999.13,5266.85,5797.29,0,0,1796.11,12857.32,203.34,0,13068.53,1264.92,3515.56,72976.01,0,16934.38,0,0,82099.49,0,0,0,2453.76,2422.48,0,23913.82,29787.1,69.05,2125.13,17068.86,0,0,0,0
2009-11-17 23:00:00,0,2642.17,0,266.59,10453.68,4787.14,5498.79,0,0,1658.25,11788.14,186.57,0,12196.49,1179.87,3364.21,70328.58,0,15846.54,0,0,78907.76,0,0,0,2322.05,2324.2,0,22744.85,28707.24,67.07,1974.68,16321.84,0,0,0,0
2009-11-18 00:00:00,0,2524.47,0,237.57,9925.69,4316.22,5210.42,0,0,1521.37,10782.32,169.39,0,11323.9,1096.17,3227.06,67714.33,0,14757.87,0,0,75776.05,0,0,0,2190.25,2210.36,0,21568.48,27619.63,65.35,1824.24,15656.51,0,0,0,0
2009-11-18 01:00:00,0,2401.32,0,217.26,9449.96,3897.67,4948.61,0,0,1387.98,9875.12,152.07,0,10811.1,1016.31,3112.45,65070.98,0,13716.88,0,0,72913.11,0,0,0,2068.12,2120.16,0,20472.81,26536.96,63.79,1691.81,15024.86,0,0,0,0
2009-11-18 02:00:00,0,2304.75,0,201.93,9160.69,3569.49,4787.35,0,0,1281.08,9118.42,142.28,0,10751.16,953.34,3011.52,62389.47,0,13094.56,0,0,70514.94,0,0,0,1988.79,2077.61,0,19721.77,25686.15,62.6,1573.18,14754.39,0,0,0,0
2009-11-18 03:00:00,0,2265.58,0,202.18,9132.67,3561.86,4809.51,0,0,1272.43,8865.64,139.79,0,10823.94,948.97,3022.0,61425.02,0,12885.2,0,0,70041.22,0,0,0,1963.53,2064.74,0,19855.91,25274.29,62.93,1562.76,14773.0,0,0,0,0
2009-11-18 04:00:00,0,2334.27,0,211.5,9413.2,3747.11,4991.73,0,0,1321.11,9191.34,144.18,0,11146.42,993.32,3152.58,62677.47,0,13300.8,0,0,71526.1,0,0,0,2004.93,2102.49,0,20403.09,25418.81,64.5,1611.75,15188.5,0,0,0,0
2009-11-18 05:00:00,0,2406.37,0,220.92,9917.12,3944.37,5212.38,0,0,1370.88,9515.64,149.55,0,11501.97,1041.01,3299.63,64202.24,0,13891.28,0,0,73890.21,0,0,0,2081.79,2136.66,0,20989.9,26087.35,66.09,1670.61,15642.1,0,0,0,0
2009-11-18 06:00:00,0,2477.74,0,230.43,10456.39,4146.18,5401.18,0,0,1421.26,9837.92,155.72,0,11853.18,1088.12,3417.51,65763.06,0,14517.19,0,0,75978.25,0,0,0,2158.54,2174.61,0,21597.75,26950.33,67.62,1732.78,16077.17,0,0,0,0
2009-11-18 07:00:00,0,2551.99,0,240.41,10979.12,4363.66,5595.76,0,0,1485.76,10255.15,161.86,0,12437.45,1128.7,3546.72,67342.18,0,15211.17,0,0,78163.08,0,0,0,2241.18,2209.05,0,22222.91,27813.3,69.02,1805.07,16534.4,0,0,0,0
2009-11-18 08:00:00,0,2619.59,0,258.96,11531.5,4750.07,5832.3,0,0,1624.93,11465.05,172.49,0,13393.33,1208.1,3723.19,69541.09,0,16774.09,0,0,84963.87,0,0,0,2395.71,2294.78,0,23652.72,28656.16,70.69,1926.69,17490.84,0,0,0,0
2009-11-18 09:00:00,0,2751.71,0,264.44,11836.2,5047.21,6003.7,0,0,1747.6,12491.53,182.63,0,13504.58,1253.35,3851.13,72941.61,0,16773.09,0,0,85400.91,0,0,0,2446.62,2323.77,0,23891.44,30055.34,72.44,2036.24,17966.08,0,0,0,0
2009-11-18 10:00:00,0,2727.26,0,274.29,11865.88,5256.96,6070.63,0,0,1839.95,13308.46,189.43,0,13432.53,1292.53,3896.78,73671.79,0,16820.0,0,0,85789.68,0,0,0,2478.89,2342.64,0,24001.95,30187.19,73.92,2145.21,17884.1,0,0,0,0
2009-11-18 11:00:00,0,2700.3,0,279.9,11813.16,5468.62,6090.54,0,0,1941.11,14112.88,195.87,0,13380.75,1322.66,3939.56,73957.17,0,16847.22,0,0,85882.6,0,0,0,2506.69,2353.72,0,24393.82,29950.05,74.82,2286.01,17920.14,0,0,0,0
2009-11-18 12:00:00,0,2679.79,0,287.5,11702.22,5693.55,6085.7,0,0,2056.55,14910.76,202.65,0,13312.63,1356.68,3972.62,74040.29,0,16886.87,0,0,85908.41,0,0,0,2535.91,2361.08,0,24595.35,29583.14,75.56,2417.63,17876.82,0,0,0,0
2009-11-18 13:00:00,0,2662.66,0,292.82,11586.15,5955.87,6095.2,0,0,2153.47,15515.95,209.5,0,13225.22,1396.96,3994.05,74028.03,0,16906.92,0,0,85779.73,0,0,0,2561.48,2384.17,0,24515.96,29234.23,75.38,2523.11,17724.23,0,0,0,0
2009-11-18 14:00:00,0,2637.75,0,294.58,11490.08,6197.64,6129.35,0,0,2243.51,16176.06,216.46,0,13251.86,1440.41,3989.42,74152.59,0,16931.3,0,0,85862.75,0,0,0,2580.59,2410.0,0,24121.67,28956.84,74.79,2603.45,17539.3,0,0,0,0
2009-11-18 15:00:00,0,2618.21,0,295.64,11423.36,6387.83,6144.99,0,0,2298.07,16645.13,227.31,0,13425.97,1478.52,3957.85,74288.06,0,17033.26,0,0,86209.43,0,0,0,2604.02,2432.82,0,23668.05,28711.11,74.24,2655.7,17343.1,0,0,0,0
2009-11-18 16:00:00,0,2605.26,0,294.86,11408.59,6483.69,6169.87,0,0,2329.46,16826.18,236.13,0,14045.41,1522.83,3917.91,73956.83,0,17401.65,0,0,86954.64,0,0,0,2630.16,2438.77,0,23436.59,28462.68,73.61,2679.57,17304.25,0,0,0,0
2009-11-18 17:00:00,0,2602.43,0,289.21,11531.63,6460.22,6185.34,0,0,2299.1,16440.11,237.85,0,14705.47,1523.4,3887.41,74017.89,0,17936.82,0,0,87580.36,0,0,0,2653.01,2426.07,0,23692.13,28176.52,73.27,2676.18,17299.79,0,0,0,0
2009-11-18 18:00:00,0,2624.36,0,285.18,11632.53,6140.41,6263.35,0,0,2156.74,15567.18,234.63,0,15028.71,1491.53,3908.56,74203.01,0,18567.9,0,0,88417.64,0,0,0,2660.8,2430.25,0,23943.72,28054.96,73.28,2567.87,17666.83,0,0,0,0
2009-11-18 19:00:00,0,2604.35,0,321.25,12333.71,6604.84,6872.48,0,0,2296.52,16069.33,260.59,0,15376.57,1623.21,3960.32,75429.81,0,19370.27,0,0,88811.61,0,0,0,2700.31,2506.05,0,25708.74,29075.93,73.7,2747.55,18035.23,0,0,0,0
2009-11-18 20:00:00,0,2678.65,0,312.03,12157.86,6193.43,6477.53,0,0,2100.26,15006.47,245.68,0,14526.99,1504.05,3822.06,74843.39,0,18671.51,0,0,85540.04,0,0,0,2675.79,2439.52,0,25917.89,29756.37,71.49,2530.07,18245.31,0,0,0,0
2009-11-18 21:00:00,0,2715.33,0,291.11,11583.78,5780.66,6131.29,0,0,1927.14,14003.58,232.39,0,13708.22,1385.83,3689.34,73061.37,0,17944.49,0,0,82489.51,0,0,0,2591.96,2355.56,0,25130.03,29809.57,69.54,2330.32,18010.11,0,0,0,0
2009-11-18 22:00:00,0,2594.77,0,272.92,10853.64,5265.85,5766.33,0,0,1787.05,12974.25,211.81,0,12880.76,1284.86,3553.83,70836.57,0,16876.69,0,0,79533.71,0,0,0,2434.89,2242.95,0,23973.06,29169.87,67.64,2158.68,17152.58,0,0,0,0
2009-11-18 23:00:00,0,2483.93,0,255.92,10206.38,4778.21,5403.97,0,0,1649.97,11867.79,192.86,0,12035.83,1205.94,3405.32,68085.9,0,15645.2,0,0,76706.44,0,0,0,2289.1,2126.77,0,22817.68,28020.11,65.75,1998.48,16386.58,0,0,0,0
2009-11-19 00:00:00,0,2376.99,0,239.45,9565.74,4307.52,5043.35,0,0,1511.39,10797.36,175.17,0,11214.56,1117.65,3269.67,65373.29,0,14523.63,0,0,73813.12,0,0,0,2163.59,2017.69,0,21688.49,26949.86,63.89,1841.48,15654.41,0,0,0,0
2009-11-19 01:00:00,0,2277.32,0,224.59,8938.66,3896.2,4701.27,0,0,1376.19,9861.82,157.75,0,10737.24,1023.92,3127.98,62732.82,0,13394.01,0,0,71091.7,0,0,0,2055.32,1942.26,0,20684.01,25896.37,62.39,1698.74,15000.99,0,0,0,0
2009-11-19 02:00:00,0,2207.87,0,213.32,8631.51,3542.05,4462.65,0,0,1274.69,9088.16,143.47,0,10716.45,948.75,3035.67,60470.55,0,12758.67,0,0,68585.27,0,0,0,1995.08,1920.88,0,20011.64,24995.22,61.24,1572.57,14786.21,0,0,0,0
2009-11-19 03:00:00,0,2200.94,0,217.71,8598.37,3530.27,4511.27,0,0,1273.53,8883.28,139.77,0,10831.26,948.6,3068.32,59993.06,0,12601.4,0,0,68660.33,0,0,0,2004.45,1950.6,0,20248.5,24554.54,61.48,1569.71,14847.43,0,0,0,0
2009-11-19 04:00:00,0,2280.59,0,231.66,8868.67,3734.85,4711.12,0,0,1320.17,9200.0,144.72,0,11166.6,993.59,3184.67,61080.42,0,13030.11,0,0,70621.62,0,0,0,2065.69,1990.34,0,20865.46,24744.62,63.13,1615.62,15172.78,0,0,0,0
2009-11-19 05:00:00,0,2360.92,0,248.37,9326.15,3935.35,4896.87,0,0,1368.5,9519.82,151.55,0,11515.31,1042.33,3323.91,62707.23,0,13560.58,0,0,72703.98,0,0,0,2136.02,2033.79,0,21505.4,25418.96,65.13,1670.43,15630.86,0,0,0,0
2009-11-19 06:00:00,0,2431.24,0,263.7,9812.77,4154.79,5092.21,0,0,1418.24,9839.09,158.42,0,11839.74,1093.95,3471.62,64206.46,0,14120.84,0,0,74822.81,0,0,0,2221.77,2076.55,0,22187.23,26239.21,67.17,1729.82,16142.95,0,0,0,0
2009-11-19 07:00:00,0,2495.47,0,278.58,10274.55,4382.92,5303.69,0,0,1487.91,10254.31,165.24,0,12370.64,1144.25,3610.55,65737.64,0,14785.62,0,0,76969.56,0,0,0,2302.14,2115.25,0,22933.56,27039.32,69.04,1792.11,16670.9,0,0,0,0
2009-11-19 08:00:00,0,2555.76,0,314.7,10840.62,4754.72,5581.57,0,0,1639.25,11384.87,177.77,0,13216.3,1240.93,3816.53,67709.3,0,16392.32,0,0,82562.55,0,0,0,2396.08,2170.1,0,24703.3,27862.02,70.78,1916.21,17551.41,0,0,0,0
2009-11-19 09:00:00,0,2655.64,0,297.57,11095.39,4991.37,5826.97,0,0,1747.91,12266.8,180.49,0,13198.73,1260.61,3914.5,70949.66,0,16663.94,0,0,84188.23,0,0,0,2467.51,2213.46,0,24870.71,29259.74,72.31,2013.45,17942.54,0,0,0,0
2009-11-19 10:00:00,0,2577.39,0,291.94,11178.91,5180.46,5985.17,0,0,1826.47,13111.0,185.64,0,13265.91,1291.99,3966.65,72487.18,0,16819.39,0,0,84898.21,0,0,0,2512.83,2247.57,0,25185.67,29322.62,71.64,2107.97,17543.35,0,0,0,0
2009-11-19 11:00:00,0,2466.68,0,287.9,11239.5,5416.92,6121.09,0,0,1926.64,13960.97,190.09,0,13303.6,1320.31,3980.17,73608.61,0,16957.38,0,0,85421.37,0,0,0,2547.1,2280.49,0,25323.05,28897.09,70.18,2212.6,17326.5,0,0,0,0
2009-11-19 12:00:00,0,2380.61,0,284.36,11288.82,5587.7,6225.51,0,0,2039.44,14860.09,193.5,0,13318.02,1350.28,3968.87,74317.31,0,17279.55,0,0,85859.78,0,0,0,2565.08,2322.67,0,25249.53,28499.23,69.42,2337.98,17196.34,0,0,0,0
2009-11-19 13:00:00,0,2309.35,0,281.53,11321.35,5698.03,6322.44,0,0,2118.01,15515.45,196.76,0,13322.9,1380.19,3941.86,74641.52,0,17248.17,0,0,86262.49,0,0,0,2587.47,2360.18,0,24811.86,28231.0,68.98,2430.97,17093.64,0,0,0,0
2009-11-19 14:00:00,0,2240.44,0,279.59,11359.72,5820.04,6377.78,0,0,2192.23,16034.58,197.12,0,13394.27,1416.73,3926.57,74780.96,0,17439.83,0,0,86718.86,0,0,0,2608.91,2394.89,0,24088.9,28008.94,68.22,2472.76,16963.01,0,0,0,0
2009-11-19 15:00:00,0,2187.16,0,277.53,11398.96,5898.86,6414.77,0,0,2246.56,16521.06,197.21,0,13542.23,1458.26,3893.17,74582.34,0,17526.43,0,0,87179.05,0,0,0,2622.56,2422.18,0,23128.82,27823.54,67.46,2479.44,16683.26,0,0,0,0
2009-11-19 16:00:00,0,2140.8,0,280.87,11348.07,6058.77,6412.15,0,0,2291.3,16807.64,200.36,0,14036.08,1507.24,3866.07,74170.03,0,17750.82,0,0,87997.62,0,0,0,2638.51,2445.13,0,22973.39,27732.35,67.22,2498.98,16471.07,0,0,0,0
2009-11-19 17:00:00,0,2137.88,0,281.07,11192.19,6076.44,6392.65,0,0,2253.61,16397.7,199.56,0,14471.83,1477.51,3831.69,73967.1,0,17991.64,0,0,88487.03,0,0,0,2638.2,2422.11,0,23019.68,27559.75,66.42,2485.75,16288.96,0,0,0,0
2009-11-19 18:00:00,0,2248.74,0,284.6,11273.36,5828.33,6409.19,0,0,2132.3,15729.57,200.7,0,14835.78,1440.74,3888.33,74070.22,0,18226.43,0,0,88931.89,0,0,0,2634.73,2401.39,0,23352.5,27578.78,66.42,2407.07,16562.27,0,0,0,0
2009-11-19 19:00:00,0,2296.38,0,314.82,12116.16,6343.98,6856.7,0,0,2270.96,16108.37,229.45,0,14797.76,1593.34,3970.73,74938.96,0,18686.01,0,0,87601.36,0,0,0,2676.63,2466.75,0,25687.6,28165.65,70.07,2574.25,17012.11,0,0,0,0
2009-11-19 20:00:00,0,2355.93,0,308.18,11901.22,5973.52,6367.63,0,0,2080.79,15096.79,221.87,0,13870.8,1473.3,3830.75,74360.98,0,17885.27,0,0,84242.08,0,0,0,2662.89,2391.14,0,25907.57,28838.26,67.37,2375.99,17306.26,0,0,0,0
2009-11-19 21:00:00,0,2402.1,0,292.73,11278.77,5624.05,5918.36,0,0,1919.2,14131.39,216.13,0,13071.99,1365.78,3725.69,72551.44,0,17084.56,0,0,81205.3,0,0,0,2540.99,2313.85,0,25098.68,28967.63,64.9,2205.99,17403.46,0,0,0,0
2009-11-19 22:00:00,0,2286.15,0,274.8,10550.82,5112.39,5540.71,0,0,1777.98,13046.33,198.36,0,12232.8,1270.78,3603.27,70282.15,0,16020.52,0,0,78285.65,0,0,0,2415.06,2230.68,0,24078.67,28352.82,62.96,2059.88,16692.32,0,0,0,0
2009-11-19 23:00:00,0,2170.67,0,258.17,9983.34,4637.49,5192.18,0,0,1641.28,11933.49,183.27,0,11397.4,1177.49,3465.94,67682.25,0,15011.34,0,0,75427.16,0,0,0,2291.61,2133.7,0,23020.63,27159.04,61.18,1916.86,15981.32,0,0,0,0
2009-11-20 00:00:00,0,2079.38,0,242.47,9434.19,4197.24,4853.07,0,0,1502.34,10892.27,168.39,0,10579.52,1090.4,3360.34,65153.36,0,14010.93,0,0,72722.83,0,0,0,2171.86,2060.01,0,22019.85,26093.98,59.36,1773.28,15309.5,0,0,0,0
2009-11-20 01:00:00,0,1987.73,0,226.68,8985.59,3830.84,4538.13,0,0,1364.1,9965.2,153.73,0,10192.42,1015.78,3288.84,62660.05,0,13198.51,0,0,70207.65,0,0,0,2070.45,2011.28,0,21194.3,25001.77,57.7,1661.89,14661.98,0,0,0,0
2009-11-20 02:00:00,0,1904.84,0,216.5,8754.31,3596.0,4340.14,0,0,1257.08,9159.34,142.63,0,10170.81,954.08,3223.23,60318.88,0,12697.94,0,0,67880.17,0,0,0,2021.13,2040.03,0,20723.9,24093.17,56.46,1575.49,14513.01,0,0,0,0
2009-11-20 03:00:00,0,1850.44,0,220.57,8830.65,3622.89,4457.64,0,0,1256.87,9006.82,140.56,0,10415.66,962.6,3246.57,59703.5,0,12819.48,0,0,67860.21,0,0,0,2066.2,2106.04,0,20965.88,23709.98,55.95,1566.27,14698.87,0,0,0,0
2009-11-20 04:00:00,0,1890.8,0,227.44,9200.39,3845.63,4636.85,0,0,1296.15,9293.43,147.25,0,10775.37,1016.25,3374.25,60989.89,0,13361.53,0,0,69541.76,0,0,0,2159.74,2184.17,0,21573.16,23722.33,56.98,1613.35,15094.85,0,0,0,0
2009-11-20 05:00:00,0,1962.02,0,238.86,9717.35,4085.25,4821.27,0,0,1343.17,9569.2,154.49,0,11143.65,1071.07,3517.71,62610.34,0,13880.05,0,0,71466.1,0,0,0,2274.04,2261.34,0,22318.58,24365.73,58.34,1691.07,15591.65,0,0,0,0
2009-11-20 06:00:00,0,2037.75,0,249.53,10278.67,4295.13,5022.5,0,0,1395.8,9852.22,161.95,0,11457.24,1129.87,3669.12,64228.64,0,14484.2,0,0,73477.33,0,0,0,2393.55,2321.85,0,23200.15,25226.55,59.75,1788.69,16211.66,0,0,0,0
2009-11-20 07:00:00,0,2114.76,0,259.3,10877.89,4504.73,5255.01,0,0,1467.59,10236.69,167.99,0,11868.27,1188.23,3823.18,65883.22,0,15004.7,0,0,75282.56,0,0,0,2517.68,2388.58,0,24111.79,26074.49,61.25,1859.22,16716.84,0,0,0,0
2009-11-20 08:00:00,0,2192.33,0,290.48,11738.01,4840.24,5596.91,0,0,1618.8,11334.49,181.7,0,12595.38,1299.45,4060.54,68042.52,0,15872.19,0,0,81227.71,0,0,0,2708.98,2426.95,0,26187.9,26924.01,62.8,1941.52,17718.6,0,0,0,0
2009-11-20 09:00:00,0,2310.22,0,279.18,11491.02,5009.21,5707.23,0,0,1734.09,12268.47,183.99,0,13113.99,1312.75,4119.97,71236.02,0,16940.86,0,0,82229.05,0,0,0,2573.19,2283.14,0,25574.42,28288.79,64.58,1986.94,17964.07,0,0,0,0
2009-11-20 10:00:00,0,2363.31,0,278.83,11313.87,5133.06,5712.77,0,0,1840.27,13325.43,185.62,0,13370.12,1303.81,4068.41,72548.23,0,17063.41,0,0,83189.29,0,0,0,2517.09,2230.31,0,24613.92,28881.51,66.15,2053.87,17240.11,0,0,0,0
2009-11-20 11:00:00,0,2364.5,0,280.86,11093.4,5312.03,5704.29,0,0,1971.06,14429.45,191.12,0,13597.34,1313.88,4005.52,73413.22,0,17149.18,0,0,83075.24,0,0,0,2490.1,2254.77,0,24125.35,29023.54,67.28,2141.26,16891.52,0,0,0,0
2009-11-20 12:00:00,0,2341.0,0,282.86,10872.12,5527.0,5728.91,0,0,2110.61,15339.59,200.22,0,13757.77,1337.53,3951.81,73848.29,0,17228.07,0,0,82734.65,0,0,0,2483.86,2290.11,0,23845.59,28934.02,67.72,2292.68,16728.87,0,0,0,0
2009-11-20 13:00:00,0,2317.97,0,282.97,10720.91,5780.14,5761.03,0,0,2224.69,16004.64,204.82,0,13888.8,1353.87,3917.04,74106.05,0,17220.23,0,0,82648.41,0,0,0,2488.33,2302.19,0,23528.21,28824.08,69.32,2439.99,16644.86,0,0,0,0
2009-11-20 14:00:00,0,2303.99,0,283.12,10636.41,6068.98,5828.03,0,0,2317.09,16633.03,206.27,0,14042.26,1365.4,3882.1,74152.29,0,17266.06,0,0,82704.83,0,0,0,2502.34,2329.78,0,22981.24,28722.07,69.83,2543.95,16557.69,0,0,0,0
2009-11-20 15:00:00,0,2292.53,0,280.83,10636.37,6326.03,5912.4,0,0,2363.96,17038.03,207.09,0,14132.7,1390.99,3852.36,73906.38,0,17301.26,0,0,82847.71,0,0,0,2505.51,2358.34,0,22586.72,28604.06,69.89,2604.16,16362.3,0,0,0,0
2009-11-20 16:00:00,0,2276.31,0,280.44,10798.31,6498.35,5937.45,0,0,2388.71,17088.05,211.21,0,14064.31,1418.35,3822.49,73422.91,0,17441.0,0,0,83207.55,0,0,0,2502.31,2353.16,0,22675.6,28358.57,69.34,2640.1,16290.64,0,0,0,0
2009-11-20 17:00:00,0,2282.41,0,280.23,10954.03,6460.89,6012.36,0,0,2366.1,16799.36,215.37,0,14339.61,1422.44,3802.53,73503.14,0,17781.15,0,0,83834.89,0,0,0,2521.26,2343.72,0,22817.37,28124.97,68.72,2643.58,16189.37,0,0,0,0
2009-11-20 18:00:00,0,2341.32,0,283.56,11126.81,6049.31,6223.88,0,0,2210.3,16052.47,212.18,0,14598.31,1370.82,3829.67,73319.45,0,18146.9,0,0,84475.77,0,0,0,2556.09,2325.06,0,22933.49,27961.08,68.62,2491.87,16372.05,0,0,0,0
2009-11-20 19:00:00,0,2163.44,0,289.82,10899.18,6032.46,6263.5,0,0,2157.26,15662.67,222.97,0,14144.96,1456.41,3702.68,70102.6,0,17842.57,0,0,83802.97,0,0,0,2549.12,2510.89,0,23619.04,26842.55,63.62,2523.07,15788.34,0,0,0,0
2009-11-20 20:00:00,0,2214.64,0,288.46,10906.59,5690.37,5971.14,0,0,2001.95,14511.37,214.56,0,13395.72,1377.13,3591.74,69519.05,0,17343.88,0,0,80891.99,0,0,0,2555.2,2475.51,0,24266.19,27470.41,60.15,2348.84,16209.6,0,0,0,0
2009-11-20 21:00:00,0,2263.37,0,278.47,10633.97,5446.71,5752.63,0,0,1865.5,13559.28,208.66,0,12643.03,1306.66,3485.63,68620.76,0,16802.44,0,0,78022.45,0,0,0,2520.95,2413.69,0,23846.36,27094.87,56.86,2196.08,16344.15,0,0,0,0
2009-11-20 22:00:00,0,2194.97,0,262.71,10111.86,5014.32,5550.08,0,0,1743.99,12667.17,193.73,0,11897.33,1245.18,3381.98,66862.27,0,16017.71,0,0,75376.23,0,0,0,2401.72,2323.29,0,23014.62,26296.47,55.19,2063.75,15630.46,0,0,0,0
2009-11-20 23:00:00,0,2086.21,0,248.32,9699.95,4607.34,5343.69,0,0,1633.52,11807.05,178.81,0,11216.51,1186.3,3281.83,64488.2,0,15111.96,0,0,72672.0,0,0,0,2287.46,2233.83,0,22177.76,25525.54,53.31,1940.37,14907.23,0,0,0,0
2009-11-21 00:00:00,0,1993.84,0,236.24,9342.65,4205.67,5133.47,0,0,1532.67,10904.89,166.0,0,10560.5,1130.47,3165.96,62111.8,0,14209.08,0,0,70033.61,0,0,0,2195.7,2151.73,0,21370.71,24749.54,51.75,1815.66,14208.13,0,0,0,0
2009-11-21 01:00:00,0,1898.85,0,225.17,9002.31,3849.94,4913.4,0,0,1431.04,10142.44,154.58,0,9928.76,1073.34,3086.82,59845.63,0,13454.89,0,0,67952.72,0,0,0,2105.89,2088.54,0,20780.26,24025.54,50.15,1693.93,13621.76,0,0,0,0
2009-11-21 02:00:00,0,1840.29,0,214.23,8825.04,3616.51,4750.98,0,0,1333.44,9517.66,144.65,0,9806.32,1031.18,3039.6,58563.12,0,12831.34,0,0,66484.77,0,0,0,2048.01,2058.98,0,20388.47,23310.87,49.14,1591.8,13454.17,0,0,0,0
2009-11-21 03:00:00,0,1812.42,0,206.23,8778.41,3418.54,4703.81,0,0,1270.01,9167.68,137.54,0,9802.32,1011.98,2998.6,57340.41,0,12547.64,0,0,66029.68,0,0,0,2018.75,2081.86,0,20205.52,22748.64,48.6,1526.37,13343.27,0,0,0,0
2009-11-21 04:00:00,0,1805.77,0,207.2,8900.46,3435.99,4842.75,0,0,1258.32,9017.97,134.79,0,9890.16,1026.89,3006.31,57088.09,0,12500.08,0,0,66915.5,0,0,0,2042.03,2136.68,0,20379.05,22594.01,48.28,1497.79,13353.21,0,0,0,0
2009-11-21 05:00:00,0,1838.2,0,214.42,9218.06,3509.82,5070.16,0,0,1268.6,9045.98,137.93,0,10108.54,1064.26,3066.54,57511.73,0,12649.07,0,0,67820.98,0,0,0,2099.02,2198.23,0,20743.01,22819.31,48.33,1529.58,13549.25,0,0,0,0
2009-11-21 06:00:00,0,1897.28,0,225.19,9647.81,3657.73,5325.43,0,0,1296.72,9230.03,143.33,0,10385.77,1113.88,3160.64,58398.49,0,12953.44,0,0,68880.63,0,0,0,2167.36,2249.56,0,21137.85,23212.43,48.96,1566.8,13914.54,0,0,0,0
2009-11-21 07:00:00,0,1950.2,0,233.87,10075.46,3829.18,5603.05,0,0,1333.65,9618.5,149.36,0,10723.42,1175.11,3253.19,59455.48,0,13392.18,0,0,70228.55,0,0,0,2243.14,2295.89,0,21693.57,23614.45,49.75,1603.93,14355.84,0,0,0,0
2009-11-21 08:00:00,0,2009.13,0,242.07,10684.23,4170.67,5853.78,0,0,1446.35,10769.38,156.44,0,10973.31,1249.27,3351.74,60689.9,0,14021.2,0,0,72417.6,0,0,0,2303.0,2354.48,0,22670.2,24017.15,50.7,1708.54,15059.2,0,0,0,0
2009-11-21 09:00:00,0,2104.59,0,240.87,10501.72,4579.94,5829.82,0,0,1588.65,12101.85,162.39,0,11183.93,1220.83,3401.55,62615.5,0,14301.69,0,0,72760.6,0,0,0,2282.86,2360.51,0,22564.95,24685.85,51.15,1883.2,15342.48,0,0,0,0
2009-11-21 10:00:00,0,2132.75,0,252.19,10275.92,4956.36,5801.92,0,0,1721.19,13282.9,170.6,0,11488.01,1229.63,3371.6,63744.09,0,14508.24,0,0,72236.02,0,0,0,2292.06,2377.56,0,22204.43,25185.01,51.7,2033.79,15181.84,0,0,0,0
2009-11-21 11:00:00,0,2123.31,0,253.59,10094.2,5274.06,5785.79,0,0,1855.0,14500.41,177.24,0,11704.19,1258.63,3359.98,64515.52,0,14838.35,0,0,72493.55,0,0,0,2308.05,2397.61,0,22142.06,25429.3,52.89,2249.12,15080.29,0,0,0,0
2009-11-21 12:00:00,0,2120.83,0,257.23,9880.65,5572.34,5799.99,0,0,2005.3,15518.92,180.56,0,11838.77,1255.3,3327.04,65029.11,0,15127.99,0,0,72548.86,0,0,0,2312.68,2410.45,0,22142.94,25533.68,54.31,2493.96,15038.08,0,0,0,0
2009-11-21 13:00:00,0,2118.7,0,262.24,9683.37,5880.27,5821.33,0,0,2118.59,16298.07,182.0,0,11953.74,1248.22,3306.98,65504.22,0,15286.83,0,0,72423.01,0,0,0,2297.96,2396.6,0,22093.37,25698.92,55.69,2650.9,14923.02,0,0,0,0
2009-11-21 14:00:00,0,2112.47,0,264.76,9623.89,6132.12,5822.23,0,0,2169.95,16761.67,182.33,0,12132.45,1242.21,3276.28,65782.07,0,15494.49,0,0,72837.55,0,0,0,2290.05,2375.45,0,22105.18,25739.05,55.92,2778.44,14766.47,0,0,0,0
2009-11-21 15:00:00,0,2111.83,0,265.5,9632.37,6280.55,5769.63,0,0,2180.15,16729.39,185.04,0,12343.28,1246.22,3264.69,66066.76,0,15639.91,0,0,73408.9,0,0,0,2282.75,2347.35,0,22078.9,25631.06,55.7,2832.37,14617.88,0,0,0,0
2009-11-21 16:00:00,0,2094.45,0,266.79,9666.11,6258.9,5711.15,0,0,2148.63,16228.7,189.99,0,12782.09,1240.42,3263.53,66268.63,0,15863.56,0,0,74404.09,0,0,0,2284.74,2328.55,0,22032.8,25532.59,54.86,2802.01,14540.83,0,0,0,0
2009-11-21 17:00:00,0,2070.46,0,262.85,9603.46,6024.39,5820.59,0,0,2083.51,15754.97,194.15,0,13174.68,1237.68,3287.87,66469.63,0,16187.54,0,0,76246.85,0,0,0,2324.75,2337.88,0,21857.86,25407.66,53.41,2681.85,14500.6,0,0,0,0
2009-11-21 18:00:00,0,2067.44,0,268.76,9924.42,5628.98,6002.2,0,0,1984.3,15329.31,197.01,0,13483.91,1260.78,3355.61,66932.43,0,16515.93,0,0,77726.68,0,0,0,2410.22,2425.13,0,22056.19,25194.21,52.15,2507.97,14778.72,0,0,0,0
2009-11-21 19:00:00,0,2119.62,0,286.87,11045.16,5917.69,6449.45,0,0,2112.3,15585.37,214.39,0,14139.46,1453.24,3686.06,70308.43,0,17803.23,0,0,83561.67,0,0,0,2591.88,2595.1,0,23818.64,26986.74,61.45,2619.28,16100.04,0,0,0,0
2009-11-21 20:00:00,0,2190.5,0,279.48,11107.09,5573.3,6199.6,0,0,1953.54,14528.78,209.1,0,13347.2,1373.97,3576.04,69793.58,0,17253.93,0,0,80347.01,0,0,0,2609.24,2580.23,0,24487.05,27740.97,58.83,2421.82,16390.67,0,0,0,0
2009-11-21 21:00:00,0,2282.78,0,274.79,10865.78,5314.04,5993.95,0,0,1827.27,13643.53,205.71,0,12564.48,1298.19,3465.31,68864.65,0,16665.12,0,0,77399.95,0,0,0,2579.86,2532.61,0,24124.47,27321.8,56.9,2249.11,16204.72,0,0,0,0
2009-11-21 22:00:00,0,2234.25,0,256.56,10386.39,4957.52,5806.32,0,0,1714.81,12805.35,192.51,0,11839.81,1224.98,3366.49,67043.48,0,15847.39,0,0,74614.41,0,0,0,2456.49,2453.19,0,23308.95,26585.71,55.22,2107.95,15475.38,0,0,0,0
2009-11-21 23:00:00,0,2147.48,0,244.43,9977.3,4528.39,5617.64,0,0,1607.35,11994.86,176.28,0,11114.22,1155.28,3274.14,64646.72,0,14954.95,0,0,71964.63,0,0,0,2338.38,2356.31,0,22308.34,25835.9,53.71,1981.13,14708.25,0,0,0,0
2009-11-22 00:00:00,0,2044.35,0,233.86,9585.18,4115.8,5385.1,0,0,1515.43,11186.64,158.73,0,10477.42,1082.62,3173.35,62275.02,0,14125.57,0,0,69229.01,0,0,0,2246.99,2269.11,0,21248.85,25050.56,52.32,1836.32,13999.28,0,0,0,0
2009-11-22 01:00:00,0,1943.0,0,220.48,9230.94,3781.81,5155.51,0,0,1424.13,10336.86,150.33,0,9986.25,1019.07,3090.87,59959.52,0,13365.63,0,0,67203.2,0,0,0,2157.12,2200.2,0,20371.48,24322.39,50.77,1676.44,13237.41,0,0,0,0
2009-11-22 02:00:00,0,1885.32,0,207.59,9014.91,3516.01,5007.42,0,0,1341.72,9808.46,140.51,0,9943.12,962.8,3044.02,58224.12,0,12786.6,0,0,65707.69,0,0,0,2112.63,2135.66,0,19856.27,23595.09,49.41,1523.21,12950.9,0,0,0,0
2009-11-22 03:00:00,0,1872.09,0,203.08,8963.04,3449.43,4982.42,0,0,1287.15,9546.98,133.81,0,9969.2,926.82,3000.13,57133.2,0,12527.66,0,0,65281.63,0,0,0,2087.11,2155.67,0,19463.53,22808.67,48.63,1453.09,12751.85,0,0,0,0
2009-11-22 04:00:00,0,1899.71,0,203.84,9083.82,3474.6,5113.64,0,0,1307.49,9561.3,135.29,0,10093.89,931.01,3002.74,56796.44,0,12646.35,0,0,66105.29,0,0,0,2088.2,2181.6,0,19417.78,22555.84,48.31,1437.98,12665.34,0,0,0,0
2009-11-22 05:00:00,0,1953.93,0,207.96,9410.28,3562.12,5387.25,0,0,1347.08,9759.98,138.26,0,10413.63,944.34,3062.4,57224.49,0,12893.11,0,0,67278.57,0,0,0,2116.47,2196.94,0,19614.31,22722.19,49.01,1461.91,13047.61,0,0,0,0
2009-11-22 06:00:00,0,2031.93,0,212.76,9813.87,3716.88,5640.38,0,0,1387.15,10102.08,145.17,0,10803.68,979.35,3169.91,58160.25,0,13266.71,0,0,68775.37,0,0,0,2161.48,2244.2,0,19969.34,23142.88,49.81,1520.19,13462.03,0,0,0,0
2009-11-22 07:00:00,0,2109.97,0,217.2,10199.72,3940.38,5889.85,0,0,1427.89,10542.41,151.02,0,11112.88,996.25,3277.84,59336.56,0,13667.95,0,0,70286.83,0,0,0,2249.28,2335.27,0,20390.87,23617.05,50.75,1578.28,13838.95,0,0,0,0
2009-11-22 08:00:00,0,2183.71,0,224.79,10707.69,4257.7,6018.9,0,0,1505.31,11225.79,158.95,0,11604.96,1023.7,3382.61,60593.78,0,14350.61,0,0,72884.86,0,0,0,2359.93,2442.92,0,21285.01,24114.27,51.78,1674.72,14514.37,0,0,0,0
2009-11-22 09:00:00,0,2345.23,0,235.19,10641.84,4653.65,5939.35,0,0,1612.29,12019.81,167.12,0,11957.47,1052.56,3360.21,62593.53,0,14238.51,0,0,72057.01,0,0,0,2393.11,2453.15,0,22261.44,24923.88,52.82,1860.85,15034.79,0,0,0,0
2009-11-22 10:00:00,0,2325.6,0,238.07,10499.55,5065.06,5947.25,0,0,1742.2,12876.43,173.01,0,11980.73,1095.73,3308.62,63552.86,0,14468.19,0,0,71453.42,0,0,0,2401.63,2412.36,0,22719.24,25242.63,52.38,2107.63,15210.67,0,0,0,0
2009-11-22 11:00:00,0,2280.23,0,236.78,10361.77,5476.27,5914.93,0,0,1864.89,13752.05,178.74,0,12009.82,1155.48,3303.07,64368.85,0,14648.13,0,0,71308.16,0,0,0,2400.77,2408.61,0,23039.32,25396.65,52.39,2317.48,15347.52,0,0,0,0
2009-11-22 12:00:00,0,2246.8,0,243.8,10314.49,5809.53,5922.05,0,0,1969.3,14627.69,184.19,0,12022.39,1173.75,3300.89,64992.79,0,14782.82,0,0,71271.57,0,0,0,2417.44,2443.83,0,23339.97,25543.6,53.4,2527.29,15493.25,0,0,0,0
2009-11-22 13:00:00,0,2212.33,0,253.47,10238.34,6073.21,5945.13,0,0,2103.21,15479.61,190.71,0,12035.07,1206.2,3297.92,65413.9,0,14832.83,0,0,71276.56,0,0,0,2421.98,2454.59,0,23584.58,25566.86,54.8,2670.77,15645.34,0,0,0,0
2009-11-22 14:00:00,0,2158.34,0,260.5,10216.05,6314.72,5894.59,0,0,2201.01,16185.21,204.54,0,12127.19,1229.95,3287.43,65864.94,0,15038.81,0,0,71707.25,0,0,0,2460.01,2436.89,0,23763.18,25422.45,55.49,2673.54,15753.79,0,0,0,0
2009-11-22 15:00:00,0,2103.98,0,262.93,10270.68,6488.02,5854.64,0,0,2264.15,16722.17,219.48,0,12313.82,1280.59,3298.4,66075.27,0,15240.69,0,0,72437.81,0,0,0,2496.06,2406.96,0,23886.24,25282.02,55.8,2704.26,15770.7,0,0,0,0
2009-11-22 16:00:00,0,2056.52,0,270.7,10374.19,6566.77,5832.57,0,0,2285.88,16739.66,229.58,0,13040.31,1340.33,3315.68,65992.51,0,15643.7,0,0,73398.74,0,0,0,2526.17,2381.43,0,24078.68,25132.71,55.44,2695.91,15827.32,0,0,0,0
2009-11-22 17:00:00,0,2021.61,0,275.54,10479.33,6398.11,5954.88,0,0,2219.99,16383.32,227.42,0,13673.4,1353.53,3334.15,66202.96,0,16287.01,0,0,75250.13,0,0,0,2570.94,2390.13,0,24317.91,25004.6,55.13,2637.03,15878.75,0,0,0,0
2009-11-22 18:00:00,0,2038.11,0,283.49,10698.67,6231.52,6079.05,0,0,2155.79,16063.88,229.93,0,14072.58,1353.03,3399.42,66604.46,0,16831.85,0,0,76724.54,0,0,0,2616.19,2445.03,0,24658.51,24726.25,54.58,2596.58,16099.16,0,0,0,0
2009-11-22 19:00:00,0,2217.13,0,312.72,12643.98,7006.7,7000.39,0,0,2445.32,16798.02,266.0,0,15602.6,1613.89,3991.81,74223.29,0,19238.33,0,0,89254.57,0,0,0,2766.18,2677.29,0,26934.31,28136.91,70.45,2892.63,18050.45,0,0,0,0
2009-11-22 20:00:00,0,2284.21,0,303.8,12568.3,6603.11,6676.61,0,0,2272.61,15752.64,255.35,0,14785.89,1490.26,3860.33,73747.86,0,18587.6,0,0,86258.25,0,0,0,2759.37,2581.64,0,27086.6,28452.75,67.34,2708.87,18247.88,0,0,0,0
2009-11-22 21:00:00,0,2336.4,0,291.47,12092.52,6201.21,6335.68,0,0,2097.55,14722.89,240.78,0,13955.62,1380.19,3725.3,72077.39,0,17854.78,0,0,83298.94,0,0,0,2715.12,2531.08,0,26291.5,28390.43,64.68,2538.94,17807.36,0,0,0,0
2009-11-22 22:00:00,0,2217.77,0,268.33,11476.29,5687.47,5967.93,0,0,1933.35,13641.29,221.79,0,13106.72,1285.04,3580.36,69770.82,0,16832.12,0,0,80467.86,0,0,0,2573.11,2460.24,0,25059.29,27773.51,62.62,2371.97,17023.88,0,0,0,0
2009-11-22 23:00:00,0,2103.99,0,246.98,10886.48,5192.23,5656.18,0,0,1783.15,12527.58,205.1,0,12256.36,1188.96,3444.94,67165.33,0,15766.34,0,0,77667.22,0,0,0,2429.48,2341.75,0,23813.05,26571.45,60.75,2181.4,16142.93,0,0,0,0
2009-11-23 00:00:00,0,2009.85,0,228.86,10315.38,4689.67,5322.56,0,0,1644.23,11491.53,187.16,0,11418.14,1107.61,3320.32,64637.43,0,14753.49,0,0,75075.7,0,0,0,2288.82,2244.75,0,22658.48,25482.25,58.85,2003.86,15315.43,0,0,0,0
2009-11-23 01:00:00,0,1896.63,0,210.82,9814.31,4241.05,5067.96,0,0,1511.94,10481.51,168.56,0,10765.79,1024.77,3181.15,62093.46,0,13849.7,0,0,72520.67,0,0,0,2160.61,2156.27,0,21529.85,24404.99,56.9,1857.64,14612.84,0,0,0,0
2009-11-23 02:00:00,0,1803.47,0,200.41,9458.69,3881.51,4903.02,0,0,1379.54,9610.12,152.94,0,10753.0,954.29,3063.07,59669.62,0,13128.75,0,0,70512.95,0,0,0,2077.0,2125.37,0,20737.3,23492.88,55.33,1699.62,14294.31,0,0,0,0
2009-11-23 03:00:00,0,1771.62,0,204.42,9400.85,3869.98,4925.17,0,0,1357.1,9306.06,149.64,0,10940.8,955.7,3080.47,59057.09,0,13084.36,0,0,70586.25,0,0,0,2081.23,2163.76,0,20543.42,23034.33,54.71,1725.83,14244.3,0,0,0,0
2009-11-23 04:00:00,0,1829.24,0,210.36,9650.08,4031.91,5073.89,0,0,1394.13,9507.36,154.42,0,11406.64,996.3,3180.1,60404.52,0,13698.0,0,0,72512.66,0,0,0,2140.75,2208.66,0,20970.17,23017.22,55.79,1775.46,14567.01,0,0,0,0
2009-11-23 05:00:00,0,1900.95,0,215.66,10111.51,4231.7,5271.52,0,0,1438.35,9823.21,161.6,0,11870.44,1037.71,3291.47,62135.02,0,14326.02,0,0,74631.71,0,0,0,2207.93,2232.2,0,21518.23,23684.29,57.28,1849.86,14934.39,0,0,0,0
2009-11-23 06:00:00,0,1971.87,0,226.2,10605.83,4440.26,5459.91,0,0,1487.57,10186.97,167.1,0,12306.53,1080.07,3408.57,63780.93,0,14845.41,0,0,77011.07,0,0,0,2280.81,2263.85,0,22043.56,24537.53,59.18,1931.18,15288.79,0,0,0,0
2009-11-23 07:00:00,0,2049.61,0,232.85,11085.81,4670.65,5654.23,0,0,1546.34,10604.63,172.21,0,12776.79,1124.35,3526.54,65357.71,0,15470.0,0,0,79459.78,0,0,0,2354.79,2297.27,0,22582.79,25371.43,60.74,2015.93,15641.59,0,0,0,0
2009-11-23 08:00:00,0,2125.95,0,252.51,11562.62,4991.26,5883.06,0,0,1666.43,11343.97,179.1,0,13862.36,1197.06,3645.41,67028.22,0,17020.84,0,0,83317.48,0,0,0,2463.32,2349.8,0,23316.9,26184.3,62.15,2142.05,16029.11,0,0,0,0
2009-11-23 09:00:00,0,2249.73,0,260.35,11904.03,5363.69,6118.02,0,0,1827.87,12500.71,189.66,0,13839.85,1250.46,3763.0,70544.13,0,17665.08,0,0,87094.82,0,0,0,2528.5,2370.69,0,24052.89,27574.36,64.15,2274.66,16421.71,0,0,0,0
2009-11-23 10:00:00,0,2246.25,0,269.34,11961.39,5709.28,6215.54,0,0,1957.4,13480.81,197.38,0,13759.66,1301.7,3813.61,72079.01,0,17769.17,0,0,87176.3,0,0,0,2545.54,2384.19,0,24422.63,28289.42,65.56,2408.96,16700.62,0,0,0,0
2009-11-23 11:00:00,0,2205.35,0,281.3,11960.16,5988.79,6256.67,0,0,2058.33,14253.21,202.21,0,13639.67,1343.14,3833.23,72885.26,0,17573.49,0,0,86909.68,0,0,0,2547.83,2370.0,0,24648.49,28301.61,66.82,2500.77,16889.35,0,0,0,0
2009-11-23 12:00:00,0,2169.89,0,288.29,11946.8,6198.14,6278.82,0,0,2159.63,14970.32,206.52,0,13567.65,1373.37,3846.38,73318.82,0,17332.73,0,0,86623.56,0,0,0,2556.8,2361.24,0,24874.71,28186.98,67.54,2573.56,17041.51,0,0,0,0
2009-11-23 13:00:00,0,2128.55,0,290.53,11941.72,6350.65,6285.26,0,0,2250.82,15624.16,211.78,0,13673.6,1400.03,3847.16,73650.1,0,17363.08,0,0,86436.04,0,0,0,2563.04,2354.41,0,25052.63,28018.96,68.57,2628.06,17147.95,0,0,0,0
2009-11-23 14:00:00,0,2104.99,0,296.98,11974.7,6483.01,6291.1,0,0,2327.53,16265.6,216.14,0,13990.19,1418.5,3856.8,73754.71,0,17767.11,0,0,86614.74,0,0,0,2567.73,2356.28,0,25195.65,27938.58,70.22,2682.06,17244.95,0,0,0,0
2009-11-23 15:00:00,0,2091.54,0,294.83,12043.01,6608.77,6310.09,0,0,2384.09,16641.73,220.27,0,14209.87,1461.53,3872.11,73673.11,0,17961.56,0,0,87221.94,0,0,0,2562.75,2360.31,0,25248.13,28038.4,70.91,2733.0,17289.6,0,0,0,0
2009-11-23 16:00:00,0,2088.36,0,287.15,12112.95,6667.62,6366.15,0,0,2418.07,16766.05,225.33,0,14466.07,1517.36,3890.24,73217.74,0,18098.18,0,0,87646.23,0,0,0,2586.7,2370.31,0,25263.38,28126.97,70.31,2768.79,17327.69,0,0,0,0
2009-11-23 17:00:00,0,2140.57,0,284.42,12192.02,6669.23,6485.98,0,0,2408.91,16552.13,226.64,0,14870.08,1518.14,3893.72,73257.71,0,18416.29,0,0,88498.44,0,0,0,2627.21,2382.37,0,25368.19,27886.86,69.39,2797.86,17426.61,0,0,0,0
2009-11-23 18:00:00,0,2216.65,0,287.5,12289.41,6525.41,6641.24,0,0,2352.87,16312.93,223.2,0,15275.53,1497.26,3916.6,73086.56,0,18743.33,0,0,89443.79,0,0,0,2670.82,2430.54,0,25530.5,27824.25,68.93,2788.65,17637.76,0,0,0,0
2009-11-23 19:00:00,0,2217.37,0,320.17,12757.36,6930.29,7023.4,0,0,2406.37,16617.99,246.31,0,15510.55,1622.53,3897.42,74392.55,0,19451.3,0,0,89301.51,0,0,0,2740.87,2673.44,0,25579.37,28346.6,70.78,2855.71,17961.13,0,0,0,0
2009-11-23 20:00:00,0,2277.0,0,310.31,12661.02,6516.07,6669.07,0,0,2230.95,15560.11,235.72,0,14688.24,1487.25,3742.78,73887.48,0,18810.83,0,0,86125.65,0,0,0,2728.98,2627.03,0,25641.49,28716.54,67.74,2687.63,17997.92,0,0,0,0
2009-11-23 21:00:00,0,2319.43,0,293.05,12159.93,6083.38,6326.69,0,0,2066.56,14560.88,224.57,0,13873.11,1359.08,3602.17,72061.11,0,18050.56,0,0,83054.28,0,0,0,2661.35,2546.31,0,25127.17,28525.65,64.75,2492.55,17561.66,0,0,0,0
2009-11-23 22:00:00,0,2190.28,0,273.66,11520.84,5546.6,6007.96,0,0,1905.1,13478.37,206.7,0,13063.74,1263.15,3451.07,69689.59,0,16956.09,0,0,79925.79,0,0,0,2521.1,2451.19,0,24033.49,27814.51,62.63,2301.67,16640.57,0,0,0,0
2009-11-23 23:00:00,0,2077.33,0,254.82,10874.69,5026.63,5691.17,0,0,1755.92,12372.79,186.14,0,12240.28,1174.56,3291.96,66920.6,0,15909.51,0,0,76853.17,0,0,0,2382.97,2349.92,0,22892.98,26721.63,60.82,2115.21,15744.69,0,0,0,0
2009-11-24 00:00:00,0,1984.59,0,235.76,10256.51,4524.38,5366.45,0,0,1617.0,11382.14,167.12,0,11411.36,1096.94,3149.69,64275.26,0,14886.34,0,0,74040.7,0,0,0,2255.65,2264.82,0,21673.99,25706.33,59.01,1939.29,14917.3,0,0,0,0
2009-11-24 01:00:00,0,1892.33,0,219.29,9654.79,4089.07,5085.81,0,0,1478.33,10434.96,149.21,0,10794.9,1019.64,3031.32,61662.02,0,13985.15,0,0,71516.71,0,0,0,2136.07,2206.19,0,20553.24,24718.17,57.48,1793.14,14149.9,0,0,0,0
2009-11-24 02:00:00,0,1824.17,0,206.84,9340.25,3729.53,4968.43,0,0,1372.18,9658.43,139.26,0,10659.33,957.75,2939.23,59484.56,0,13297.75,0,0,69402.14,0,0,0,2077.04,2223.47,0,19853.92,23984.47,56.21,1661.49,13921.29,0,0,0,0
2009-11-24 03:00:00,0,1801.42,0,212.75,9337.5,3701.43,5052.71,0,0,1364.86,9447.69,139.67,0,10978.96,962.61,2960.65,59088.47,0,13336.03,0,0,69948.71,0,0,0,2090.03,2260.44,0,19978.65,23558.27,55.77,1622.15,13916.9,0,0,0,0
2009-11-24 04:00:00,0,1857.46,0,224.28,9605.33,3869.99,5271.25,0,0,1401.85,9738.96,146.15,0,11325.7,1020.91,3064.32,60304.88,0,13810.9,0,0,71867.87,0,0,0,2155.23,2307.19,0,20555.39,23493.38,56.1,1671.84,14241.55,0,0,0,0
2009-11-24 05:00:00,0,1938.18,0,232.21,10060.07,4056.15,5513.48,0,0,1447.7,10083.57,152.56,0,11698.69,1081.81,3185.62,62075.47,0,14344.24,0,0,73919.6,0,0,0,2239.0,2353.43,0,21163.12,24148.62,58.21,1731.19,14642.53,0,0,0,0
2009-11-24 06:00:00,0,2021.77,0,240.24,10521.5,4238.43,5757.36,0,0,1497.15,10447.2,158.7,0,12072.0,1135.67,3308.88,63858.78,0,14837.95,0,0,76051.53,0,0,0,2322.97,2393.6,0,21783.38,25023.37,60.16,1796.05,15038.28,0,0,0,0
2009-11-24 07:00:00,0,2105.93,0,246.12,10931.16,4434.91,5978.57,0,0,1550.62,10865.82,164.91,0,12474.0,1190.41,3434.31,65518.75,0,15283.57,0,0,78154.59,0,0,0,2401.25,2430.59,0,22395.46,25925.35,62.12,1856.4,15426.1,0,0,0,0
2009-11-24 08:00:00,0,2188.23,0,271.22,11563.35,4708.34,6213.42,0,0,1677.3,11704.03,174.53,0,13388.5,1263.05,3575.22,67279.8,0,16737.76,0,0,81188.77,0,0,0,2511.38,2466.03,0,23484.59,26808.88,64.7,1963.57,15948.82,0,0,0,0
2009-11-24 09:00:00,0,2319.87,0,268.0,11734.16,4996.17,6401.13,0,0,1780.16,12688.31,180.9,0,14211.91,1288.71,3691.36,70073.47,0,17385.06,0,0,84735.92,0,0,0,2579.75,2491.71,0,23881.33,28241.23,66.21,2066.23,16423.26,0,0,0,0
2009-11-24 10:00:00,0,2410.51,0,268.07,11806.74,5287.66,6470.3,0,0,1900.88,13569.42,186.08,0,14517.69,1315.61,3753.18,71828.35,0,17652.66,0,0,85158.21,0,0,0,2613.08,2507.99,0,24080.69,29103.93,67.49,2183.93,16540.86,0,0,0,0
2009-11-24 11:00:00,0,2447.7,0,272.18,11861.3,5547.08,6503.73,0,0,2027.0,14311.06,190.94,0,14578.82,1329.76,3810.02,73060.16,0,17747.44,0,0,85597.75,0,0,0,2622.03,2510.38,0,24512.07,29359.26,68.81,2312.31,16691.79,0,0,0,0
2009-11-24 12:00:00,0,2465.71,0,276.32,11758.6,5709.76,6486.19,0,0,2118.36,14944.72,194.01,0,14608.65,1329.82,3847.16,74143.03,0,17514.24,0,0,85951.84,0,0,0,2619.1,2500.89,0,24617.03,29405.84,70.06,2420.5,16760.43,0,0,0,0
2009-11-24 13:00:00,0,2467.24,0,281.27,11586.7,5804.59,6422.85,0,0,2184.16,15543.73,198.55,0,14642.27,1340.85,3868.99,74802.51,0,17429.49,0,0,86181.32,0,0,0,2617.13,2478.31,0,24498.94,29312.55,70.73,2479.11,16724.57,0,0,0,0
2009-11-24 14:00:00,0,2457.06,0,284.22,11474.84,5869.14,6356.89,0,0,2231.19,16049.61,204.19,0,14628.12,1352.57,3885.94,74943.44,0,17468.33,0,0,86471.65,0,0,0,2615.53,2456.13,0,24170.58,29106.7,70.41,2524.15,16573.83,0,0,0,0
2009-11-24 15:00:00,0,2447.13,0,284.3,11390.08,5926.08,6318.56,0,0,2274.2,16374.81,209.2,0,14708.96,1358.45,3891.05,74825.32,0,17488.51,0,0,86879.39,0,0,0,2622.09,2436.04,0,23747.64,28848.53,70.06,2555.49,16516.44,0,0,0,0
2009-11-24 16:00:00,0,2444.45,0,290.43,11366.69,5998.6,6351.98,0,0,2310.29,16623.35,212.64,0,14925.83,1375.22,3878.9,74525.91,0,17479.54,0,0,87240.41,0,0,0,2653.01,2422.43,0,23638.6,28526.22,70.2,2597.57,16611.73,0,0,0,0
2009-11-24 17:00:00,0,2449.64,0,288.87,11407.6,6050.02,6484.63,0,0,2309.56,16551.32,213.88,0,15187.1,1374.62,3861.1,74213.09,0,17763.65,0,0,87839.15,0,0,0,2682.81,2427.44,0,23795.65,28315.99,67.92,2605.13,16612.57,0,0,0,0
2009-11-24 18:00:00,0,2453.5,0,292.22,11533.95,6044.27,6612.08,0,0,2278.88,16356.21,214.33,0,15461.7,1357.47,3859.01,74275.76,0,18146.95,0,0,88514.18,0,0,0,2718.42,2451.98,0,24067.06,28193.25,67.28,2581.89,16737.73,0,0,0,0
2009-11-24 19:00:00,0,2575.2,0,313.42,12366.53,6504.4,6907.21,0,0,2312.92,16379.92,233.49,0,15327.06,1505.64,3964.61,75450.28,0,19039.36,0,0,87603.32,0,0,0,2746.18,2654.12,0,25506.29,29864.16,71.52,2662.62,17346.59,0,0,0,0
2009-11-24 20:00:00,0,2642.24,0,304.07,12180.48,6185.18,6545.05,0,0,2162.71,15388.41,224.44,0,14498.95,1412.86,3833.91,74710.02,0,18436.03,0,0,84296.04,0,0,0,2726.64,2617.88,0,25757.53,30252.51,70.18,2479.31,17589.78,0,0,0,0
2009-11-24 21:00:00,0,2663.47,0,290.52,11626.54,5869.74,6217.92,0,0,2017.66,14510.51,215.21,0,13666.38,1334.2,3696.21,72996.52,0,17695.32,0,0,81548.74,0,0,0,2645.18,2530.64,0,25098.89,30133.06,68.66,2257.29,17284.06,0,0,0,0
2009-11-24 22:00:00,0,2540.11,0,273.35,10916.59,5366.52,5885.74,0,0,1864.6,13530.49,198.36,0,12842.78,1239.82,3554.99,70818.93,0,16612.87,0,0,78994.6,0,0,0,2499.14,2405.97,0,23968.38,29371.04,66.96,2085.64,16513.45,0,0,0,0
2009-11-24 23:00:00,0,2422.65,0,254.8,10268.23,4884.61,5549.5,0,0,1725.7,12543.81,182.06,0,12000.03,1158.56,3394.38,68269.23,0,15548.52,0,0,76439.37,0,0,0,2360.55,2285.06,0,22899.92,28227.62,65.31,1931.38,15644.66,0,0,0,0
2009-11-25 00:00:00,0,2334.87,0,232.8,9620.55,4420.12,5227.22,0,0,1595.73,11612.62,165.43,0,11162.33,1078.91,3263.82,65729.58,0,14487.83,0,0,73844.68,0,0,0,2239.54,2179.63,0,21704.96,27245.28,63.73,1798.52,14940.33,0,0,0,0
2009-11-25 01:00:00,0,2226.47,0,215.1,9102.65,3983.63,4951.12,0,0,1475.39,10735.5,151.52,0,10635.09,1005.92,3141.06,63148.04,0,13588.57,0,0,71252.33,0,0,0,2137.41,2118.67,0,20602.12,26235.93,62.33,1675.99,14229.01,0,0,0,0
2009-11-25 02:00:00,0,2139.54,0,199.8,8831.43,3769.95,4816.33,0,0,1376.88,9963.53,144.52,0,10551.79,954.17,3035.39,60627.38,0,12985.36,0,0,69159.3,0,0,0,2060.0,2141.49,0,19940.45,25350.28,61.23,1578.71,13862.86,0,0,0,0
2009-11-25 03:00:00,0,2145.05,0,207.39,8920.47,3724.04,4943.04,0,0,1376.24,9822.54,144.82,0,10873.34,965.89,2961.98,59646.31,0,13088.63,0,0,69555.47,0,0,0,2080.51,2177.64,0,20080.65,24957.85,61.31,1566.95,13789.29,0,0,0,0
2009-11-25 04:00:00,0,2223.73,0,217.3,9223.62,3857.34,5107.62,0,0,1420.0,10152.77,149.71,0,11225.21,1005.96,3063.53,60720.97,0,13595.17,0,0,71518.9,0,0,0,2149.5,2228.3,0,20710.67,25279.29,62.86,1622.0,14042.5,0,0,0,0
2009-11-25 05:00:00,0,2311.53,0,224.12,9705.44,4044.27,5294.93,0,0,1473.58,10564.75,155.19,0,11582.37,1050.12,3174.84,62269.55,0,14133.89,0,0,73426.77,0,0,0,2214.63,2275.66,0,21335.01,26008.5,65.12,1682.47,14427.82,0,0,0,0
2009-11-25 06:00:00,0,2400.71,0,233.51,10183.57,4234.48,5479.65,0,0,1531.29,10974.52,162.16,0,11941.78,1095.84,3303.89,63902.38,0,14686.67,0,0,75441.14,0,0,0,2316.22,2329.25,0,22032.76,26943.76,67.44,1755.87,14840.72,0,0,0,0
2009-11-25 07:00:00,0,2498.25,0,241.79,10644.0,4429.54,5668.89,0,0,1586.88,11416.81,168.18,0,12327.13,1141.49,3437.21,65568.02,0,15234.39,0,0,77383.09,0,0,0,2395.4,2362.76,0,22595.09,27891.35,70.05,1826.25,15219.22,0,0,0,0
2009-11-25 08:00:00,0,2585.03,0,252.21,11307.08,4672.78,5917.05,0,0,1687.23,12117.63,174.67,0,13032.04,1203.14,3644.59,67661.6,0,16010.26,0,0,80812.74,0,0,0,2516.5,2369.04,0,23705.05,28794.66,72.41,1905.32,16138.11,0,0,0,0
2009-11-25 09:00:00,0,2745.78,0,265.95,11569.96,4909.05,6095.24,0,0,1794.79,12838.0,181.69,0,13692.15,1242.13,3803.68,71400.49,0,16704.31,0,0,84828.22,0,0,0,2533.81,2357.79,0,24071.94,30323.09,74.61,1984.48,16836.44,0,0,0,0
2009-11-25 10:00:00,0,2672.6,0,269.4,11597.07,5099.27,6148.21,0,0,1887.65,13630.44,186.04,0,14007.58,1293.72,3879.21,72403.38,0,17135.49,0,0,85737.89,0,0,0,2519.93,2386.85,0,23954.32,30073.13,73.69,2024.58,16709.14,0,0,0,0
2009-11-25 11:00:00,0,2565.39,0,273.3,11540.04,5299.81,6122.75,0,0,1958.35,14234.49,192.56,0,14208.89,1329.24,3942.84,73204.7,0,17348.17,0,0,86471.84,0,0,0,2532.17,2410.55,0,24359.18,29696.55,72.98,2070.55,16878.54,0,0,0,0
2009-11-25 12:00:00,0,2469.89,0,281.15,11454.93,5435.32,6108.45,0,0,1982.38,14681.79,195.73,0,14335.88,1350.92,3969.06,73489.53,0,17504.45,0,0,87091.31,0,0,0,2538.73,2422.34,0,24450.05,29341.93,72.07,2120.85,16930.58,0,0,0,0
2009-11-25 13:00:00,0,2385.72,0,283.82,11339.96,5480.9,6120.09,0,0,1997.75,14935.17,197.45,0,14462.96,1354.6,3966.04,73695.42,0,17636.7,0,0,87584.96,0,0,0,2537.71,2406.18,0,24208.8,29042.33,71.41,2180.38,16826.46,0,0,0,0
2009-11-25 14:00:00,0,2369.3,0,286.19,11253.15,5529.73,6123.03,0,0,2047.58,15266.79,201.92,0,14573.58,1361.34,3952.94,73780.37,0,17760.3,0,0,87912.17,0,0,0,2554.27,2377.07,0,23549.63,28810.21,70.94,2240.91,16629.86,0,0,0,0
2009-11-25 15:00:00,0,2366.9,0,289.34,11179.61,5589.7,6126.16,0,0,2080.49,15544.21,209.12,0,14681.24,1385.99,3914.97,73847.94,0,17874.69,0,0,87845.02,0,0,0,2569.53,2334.91,0,23072.69,28528.43,69.46,2290.29,16417.72,0,0,0,0
2009-11-25 16:00:00,0,2365.04,0,290.81,11122.3,5658.84,6115.41,0,0,2123.4,15745.48,213.43,0,14807.55,1391.89,3865.51,73990.7,0,17992.57,0,0,87945.61,0,0,0,2572.16,2315.66,0,23077.29,28098.77,68.45,2345.47,16353.55,0,0,0,0
2009-11-25 17:00:00,0,2387.14,0,286.39,11195.96,5712.56,6249.86,0,0,2159.06,15854.62,217.15,0,15017.36,1379.87,3871.82,74322.67,0,18184.94,0,0,87806.41,0,0,0,2587.59,2319.64,0,23308.98,27865.81,67.5,2390.92,16314.19,0,0,0,0
2009-11-25 18:00:00,0,2432.16,0,288.21,11351.68,5756.61,6477.59,0,0,2192.57,15961.86,217.88,0,15290.95,1399.6,3905.28,74253.6,0,18384.79,0,0,87911.32,0,0,0,2632.29,2344.7,0,23449.49,28029.85,67.8,2412.78,16641.05,0,0,0,0
2009-11-25 19:00:00,0,2501.32,0,287.23,11349.45,5891.65,6004.07,0,0,2090.08,15111.42,216.89,0,14176.01,1461.24,3514.98,73263.17,0,18369.39,0,0,86533.94,0,0,0,2762.8,2503.99,0,24132.27,28192.13,67.47,2268.01,16411.16,0,0,0,0
2009-11-25 20:00:00,0,2630.49,0,279.9,11157.69,5691.95,5692.12,0,0,1978.68,14332.79,211.62,0,13454.58,1393.04,3443.89,73078.47,0,17751.92,0,0,83486.02,0,0,0,2758.44,2473.09,0,24458.25,28442.45,66.02,2153.99,16885.71,0,0,0,0
2009-11-25 21:00:00,0,2698.53,0,267.47,10761.88,5472.88,5430.67,0,0,1862.59,13636.51,206.2,0,12766.32,1318.75,3363.84,72726.37,0,17229.63,0,0,80252.72,0,0,0,2714.24,2403.42,0,24173.39,28792.29,65.52,2041.15,16460.28,0,0,0,0
2009-11-25 22:00:00,0,2624.7,0,252.07,10132.29,5044.59,5163.4,0,0,1747.25,12849.74,189.71,0,12121.72,1236.73,3288.78,70632.16,0,16223.16,0,0,77343.27,0,0,0,2565.1,2309.68,0,23178.59,28369.62,64.52,1921.26,16093.61,0,0,0,0
2009-11-25 23:00:00,0,2533.8,0,236.98,9595.59,4620.11,4963.28,0,0,1637.61,11883.38,175.39,0,11519.42,1166.84,3203.69,68501.74,0,15324.45,0,0,74666.57,0,0,0,2441.05,2214.81,0,22229.24,27597.6,63.98,1792.11,15773.03,0,0,0,0
2009-11-26 00:00:00,0,2434.69,0,223.44,9116.87,4239.28,4779.67,0,0,1535.71,10955.63,161.05,0,10915.07,1106.92,3155.69,66336.74,0,14499.87,0,0,72111.41,0,0,0,2326.59,2117.67,0,21416.81,26796.94,64.02,1658.18,15053.13,0,0,0,0
2009-11-26 01:00:00,0,2338.32,0,210.06,8781.39,3986.09,4605.11,0,0,1436.43,10016.98,147.78,0,10536.23,1047.27,3094.55,64208.54,0,13842.8,0,0,69999.21,0,0,0,2247.28,2027.09,0,21074.01,26016.05,64.08,1546.14,14587.49,0,0,0,0
2009-11-26 02:00:00,0,2308.26,0,202.53,8341.87,3791.8,4488.79,0,0,1356.34,9470.0,138.88,0,10525.34,1007.22,3040.03,62250.35,0,13293.03,0,0,68440.31,0,0,0,2224.56,2008.28,0,20811.75,25285.25,64.19,1436.69,14306.34,0,0,0,0
2009-11-26 03:00:00,0,2313.03,0,199.93,8144.46,3742.33,4556.82,0,0,1323.02,9009.48,136.07,0,10598.39,976.74,3040.07,61001.22,0,13073.79,0,0,67492.5,0,0,0,2236.45,2042.16,0,20863.76,24914.44,64.34,1368.93,14437.48,0,0,0,0
2009-11-26 04:00:00,0,2379.26,0,202.95,8168.99,3686.17,4714.31,0,0,1332.14,8979.9,137.88,0,10763.68,964.75,3165.46,60986.85,0,13273.66,0,0,68277.16,0,0,0,2298.89,2160.7,0,21377.27,25024.6,64.8,1347.39,14730.6,0,0,0,0
2009-11-26 05:00:00,0,2460.6,0,208.81,8478.26,3766.19,5029.53,0,0,1365.01,9167.95,142.88,0,10980.5,990.06,3315.94,62266.64,0,13638.03,0,0,69727.17,0,0,0,2412.35,2304.0,0,22087.11,25310.08,65.43,1404.42,15142.98,0,0,0,0
2009-11-26 06:00:00,0,2536.71,0,209.94,8890.95,3908.86,5401.42,0,0,1400.52,9424.97,148.62,0,11256.96,1034.24,3481.52,63836.77,0,13999.73,0,0,71465.09,0,0,0,2531.35,2436.02,0,22630.07,25829.96,65.99,1464.28,15563.44,0,0,0,0
2009-11-26 07:00:00,0,2607.42,0,217.23,9363.72,4005.37,5770.18,0,0,1442.98,9708.71,153.72,0,11493.05,1082.17,3616.29,65375.11,0,14379.58,0,0,73230.55,0,0,0,2623.85,2530.19,0,23019.38,26353.75,67.33,1516.03,16033.5,0,0,0,0
2009-11-26 08:00:00,0,2686.51,0,237.0,9969.32,4395.73,6262.44,0,0,1527.37,10338.77,161.09,0,12199.87,1217.99,3866.79,67334.83,0,15048.53,0,0,77157.74,0,0,0,2825.13,2669.93,0,24291.76,26952.63,68.88,1606.83,17016.61,0,0,0,0
2009-11-26 09:00:00,0,2854.21,0,241.79,10390.85,4819.27,6236.64,0,0,1626.26,11004.91,161.98,0,12566.62,1196.3,4110.08,70750.58,0,15651.41,0,0,78390.18,0,0,0,2722.55,2560.2,0,24138.66,27817.66,70.56,1695.86,17762.98,0,0,0,0
2009-11-26 10:00:00,0,2893.73,0,248.49,10511.04,5153.17,6200.31,0,0,1681.28,11927.79,167.67,0,12738.46,1219.25,4256.69,72213.65,0,16057.59,0,0,79431.76,0,0,0,2662.59,2447.87,0,23507.95,27997.91,71.94,1776.32,18128.35,0,0,0,0
2009-11-26 11:00:00,0,2826.85,0,252.35,10380.94,5384.16,5944.66,0,0,1731.52,12991.12,175.0,0,12869.2,1256.23,4285.3,72669.81,0,16292.65,0,0,79833.58,0,0,0,2585.68,2292.44,0,23059.78,28168.38,72.89,1886.17,17862.97,0,0,0,0
2009-11-26 12:00:00,0,2753.14,0,256.8,10223.27,5513.44,5591.25,0,0,1790.41,13732.51,178.01,0,12987.72,1291.58,4286.12,72969.47,0,16562.61,0,0,79994.59,0,0,0,2497.48,2210.34,0,22860.43,28108.61,73.72,1965.63,17497.17,0,0,0,0
2009-11-26 13:00:00,0,2680.08,0,256.98,9924.21,5521.63,5446.54,0,0,1835.74,14118.9,180.66,0,13094.19,1287.61,4267.16,73250.77,0,16783.16,0,0,79981.41,0,0,0,2412.36,2149.18,0,22982.58,27797.08,73.67,2050.75,17281.7,0,0,0,0
2009-11-26 14:00:00,0,2606.07,0,253.38,9622.98,5427.6,5337.08,0,0,1846.3,14251.48,180.2,0,13200.15,1259.46,4215.65,73146.79,0,16936.07,0,0,79742.1,0,0,0,2378.25,2099.26,0,22929.93,27330.65,72.22,2084.63,17011.64,0,0,0,0
2009-11-26 15:00:00,0,2526.03,0,249.44,9443.51,5407.19,5316.37,0,0,1842.81,14124.75,180.42,0,13412.2,1212.58,4175.83,72923.77,0,17078.28,0,0,79414.96,0,0,0,2353.36,2035.51,0,22642.0,26680.98,70.17,2074.12,16803.18,0,0,0,0
2009-11-26 16:00:00,0,2460.64,0,242.05,9277.79,5281.8,5349.07,0,0,1838.69,13825.41,180.53,0,13679.22,1176.16,4142.07,72294.34,0,17240.87,0,0,79671.18,0,0,0,2318.7,2018.65,0,22092.24,25828.01,66.65,2056.18,16619.13,0,0,0,0
2009-11-26 17:00:00,0,2398.12,0,237.2,9520.76,5163.99,5338.74,0,0,1822.72,13603.4,176.89,0,13926.05,1134.03,4103.69,71367.86,0,17510.97,0,0,80549.75,0,0,0,2351.95,2030.24,0,21320.32,24684.46,62.97,2046.98,16421.3,0,0,0,0
2009-11-26 18:00:00,0,2476.44,0,240.84,9895.75,5052.87,5369.65,0,0,1789.02,13439.75,173.36,0,14162.19,1098.98,4118.81,70304.63,0,17763.19,0,0,81439.9,0,0,0,2372.2,2040.8,0,21546.43,24390.42,60.59,2024.62,16752.71,0,0,0,0
2009-11-26 19:00:00,0,2772.39,0,311.36,12337.92,6241.27,6708.99,0,0,2126.61,14892.93,225.01,0,14653.27,1510.98,4543.49,80010.77,0,18593.06,0,0,91740.64,0,0,0,2712.33,2515.24,0,26860.1,29776.47,76.95,2462.96,19338.52,0,0,0,0
2009-11-26 20:00:00,0,2890.05,0,291.33,12563.04,5981.95,6384.2,0,0,1958.93,13896.58,222.71,0,13771.14,1443.86,4434.61,79187.37,0,17995.78,0,0,89219.16,0,0,0,2734.15,2404.76,0,27485.83,30578.47,75.74,2293.95,19918.21,0,0,0,0
2009-11-26 21:00:00,0,2918.58,0,284.42,12309.74,5740.72,6139.33,0,0,1796.23,12899.16,218.21,0,13039.11,1376.08,4332.7,77842.66,0,17278.46,0,0,86595.36,0,0,0,2614.77,2295.29,0,26938.68,30677.7,74.27,2137.91,19998.99,0,0,0,0
2009-11-26 22:00:00,0,2828.52,0,278.03,11966.86,5325.19,5995.18,0,0,1661.25,11823.22,200.16,0,12305.13,1300.06,4214.87,75893.46,0,16302.94,0,0,84105.22,0,0,0,2487.05,2227.75,0,26257.68,30042.32,72.97,1993.01,19438.56,0,0,0,0
2009-11-26 23:00:00,0,2728.46,0,268.15,11609.6,4883.43,5925.45,0,0,1545.01,10906.98,181.92,0,11526.9,1213.54,4108.5,73513.72,0,15266.47,0,0,81859.22,0,0,0,2370.27,2237.02,0,25571.26,29029.27,71.54,1842.93,18868.62,0,0,0,0
2009-11-27 00:00:00,0,2622.07,0,250.93,11150.19,4458.97,5818.71,0,0,1443.02,10050.51,169.48,0,10727.04,1137.28,3977.82,70931.95,0,14219.58,0,0,80130.07,0,0,0,2284.12,2190.98,0,24876.34,27994.16,70.32,1700.37,18207.87,0,0,0,0
2009-11-27 01:00:00,0,2527.48,0,231.2,10780.97,4052.35,5697.26,0,0,1368.23,9191.15,164.21,0,10309.37,1119.2,3853.08,68322.62,0,13286.18,0,0,78137.23,0,0,0,2229.88,2160.05,0,24249.48,26936.93,69.21,1575.88,17568.15,0,0,0,0
2009-11-27 02:00:00,0,2460.17,0,226.91,10639.86,3737.74,5582.07,0,0,1307.29,8551.1,156.92,0,10252.59,1124.69,3745.24,65765.24,0,12786.33,0,0,76251.12,0,0,0,2202.5,2164.53,0,23866.09,25958.61,68.09,1492.44,17467.17,0,0,0,0
2009-11-27 03:00:00,0,2464.35,0,243.13,10668.22,3735.07,5733.57,0,0,1305.76,8336.32,158.75,0,10553.62,1154.63,3699.85,64738.92,0,12918.06,0,0,75881.56,0,0,0,2270.97,2260.91,0,24710.95,25472.0,68.29,1502.37,17760.54,0,0,0,0
2009-11-27 04:00:00,0,2518.18,0,275.23,11185.1,3960.36,6076.35,0,0,1371.45,8648.82,171.28,0,10919.41,1232.25,3810.12,66143.9,0,13473.65,0,0,77574.02,0,0,0,2413.25,2371.72,0,26239.58,25628.62,69.96,1585.04,18139.77,0,0,0,0
2009-11-27 05:00:00,0,2583.0,0,308.7,11762.47,4294.55,6441.12,0,0,1461.03,9121.66,187.94,0,11286.98,1339.12,3918.04,67794.3,0,14029.35,0,0,79310.91,0,0,0,2570.96,2490.29,0,27100.91,26245.03,71.73,1684.06,18523.99,0,0,0,0
2009-11-27 06:00:00,0,2646.87,0,332.08,12261.01,4706.1,6802.18,0,0,1567.83,9620.45,206.78,0,11668.59,1443.92,4035.35,69460.37,0,14548.62,0,0,80902.6,0,0,0,2710.42,2598.23,0,27906.45,27081.63,73.51,1774.08,18985.13,0,0,0,0
2009-11-27 07:00:00,0,2716.29,0,342.8,12683.49,5300.06,7092.01,0,0,1679.13,10160.12,218.64,0,12059.94,1524.74,4203.63,71084.61,0,15106.78,0,0,82719.79,0,0,0,2799.74,2661.41,0,28464.07,27970.64,75.09,1896.18,19373.64,0,0,0,0
2009-11-27 08:00:00,0,2784.75,0,374.04,13434.25,5946.41,7284.23,0,0,1860.96,11720.49,226.42,0,12593.07,1622.98,4389.67,72776.06,0,15967.09,0,0,86724.19,0,0,0,2984.66,2756.04,0,29977.88,28852.56,76.65,2141.53,20128.8,0,0,0,0
2009-11-27 09:00:00,0,2893.64,0,365.6,13004.19,6003.82,7137.9,0,0,1912.85,12155.91,215.57,0,13249.32,1620.38,4605.72,77055.85,0,17155.91,0,0,90369.75,0,0,0,2898.03,2683.26,0,29667.53,30037.31,78.46,2229.25,20718.08,0,0,0,0
2009-11-27 10:00:00,0,2706.34,0,341.5,12455.61,6008.22,6886.15,0,0,1956.23,12610.88,211.29,0,13831.55,1582.65,4621.06,77486.64,0,17676.36,0,0,90922.29,0,0,0,2813.32,2581.6,0,28410.96,29705.81,77.49,2235.23,20050.3,0,0,0,0
2009-11-27 11:00:00,0,2530.66,0,311.92,11993.12,5977.42,6615.65,0,0,1968.89,12850.96,211.91,0,14341.51,1543.91,4529.96,77210.61,0,17982.97,0,0,91287.63,0,0,0,2716.77,2475.58,0,27296.17,28933.02,75.57,2254.13,19360.35,0,0,0,0
2009-11-27 12:00:00,0,2378.64,0,314.63,11688.71,5964.93,6321.42,0,0,1964.2,12884.47,204.05,0,14539.41,1489.75,4391.9,76741.73,0,18231.41,0,0,90543.47,0,0,0,2608.38,2360.87,0,26449.41,28243.44,73.63,2278.91,18852.43,0,0,0,0
2009-11-27 13:00:00,0,2247.02,0,309.95,11411.14,5820.58,6199.64,0,0,1932.07,12766.1,200.96,0,14794.6,1444.67,4286.96,76064.87,0,18469.06,0,0,89625.83,0,0,0,2519.29,2253.98,0,25675.16,27708.98,71.88,2266.76,18340.19,0,0,0,0
2009-11-27 14:00:00,0,2151.97,0,299.97,11197.91,5622.26,6160.6,0,0,1887.03,12521.6,196.1,0,14987.27,1394.53,4190.13,75311.06,0,18637.02,0,0,88560.62,0,0,0,2440.89,2226.2,0,24768.7,27337.16,70.3,2234.85,17846.54,0,0,0,0
2009-11-27 15:00:00,0,2056.48,0,289.16,11012.12,5453.28,6055.95,0,0,1842.54,12279.18,197.46,0,15023.59,1357.71,4104.66,74331.0,0,18455.01,0,0,87141.69,0,0,0,2392.54,2228.18,0,24120.71,27008.59,68.87,2187.96,17557.8,0,0,0,0
2009-11-27 16:00:00,0,1991.06,0,285.24,11190.1,5380.95,6170.5,0,0,1794.58,12162.21,197.75,0,15019.15,1351.24,4028.87,73954.86,0,18553.09,0,0,87174.55,0,0,0,2436.85,2237.31,0,23867.02,26826.82,67.13,2164.31,17412.71,0,0,0,0
2009-11-27 17:00:00,0,2053.04,0,291.11,11735.43,5443.02,6453.53,0,0,1829.43,12464.94,204.58,0,15216.43,1331.26,4080.51,74476.47,0,18857.37,0,0,88536.25,0,0,0,2538.57,2286.57,0,24388.24,26963.67,66.72,2197.36,17739.4,0,0,0,0
2009-11-27 18:00:00,0,2197.39,0,299.98,12144.08,5651.8,6701.58,0,0,1911.06,12609.23,216.12,0,15345.44,1421.7,4208.48,74879.12,0,19065.57,0,0,89705.31,0,0,0,2657.85,2375.45,0,25411.89,27094.32,67.62,2296.46,18579.69,0,0,0,0
2009-11-27 19:00:00,0,2289.97,0,321.51,12003.5,6080.0,7207.28,0,0,2055.84,14384.19,223.05,0,15197.63,1634.6,4200.12,74157.65,0,18491.24,0,0,89226.0,0,0,0,2770.98,2827.33,0,25871.12,26998.0,64.26,2435.45,18052.33,0,0,0,0
2009-11-27 20:00:00,0,2412.32,0,323.09,12309.61,5995.52,7170.65,0,0,1969.0,13561.34,224.73,0,14424.92,1612.54,4114.49,74124.89,0,17976.09,0,0,86422.44,0,0,0,2790.04,2798.62,0,26654.34,27964.12,62.94,2327.14,18617.18,0,0,0,0
2009-11-27 21:00:00,0,2502.79,0,315.78,12110.47,5887.93,7084.41,0,0,1893.14,12743.6,228.31,0,13743.05,1580.53,4019.14,72930.87,0,17508.74,0,0,83635.74,0,0,0,2748.38,2793.79,0,26202.16,27669.61,61.33,2210.04,18789.27,0,0,0,0
2009-11-27 22:00:00,0,2412.91,0,304.27,11729.46,5609.34,7041.76,0,0,1827.37,12001.66,218.26,0,13049.76,1540.85,3908.59,71002.45,0,16765.36,0,0,80904.48,0,0,0,2676.93,2783.83,0,25628.62,27073.14,59.32,2107.55,18110.22,0,0,0,0
2009-11-27 23:00:00,0,2318.86,0,293.57,11444.59,5321.53,6980.82,0,0,1761.38,11278.51,207.39,0,12233.04,1503.73,3792.68,68644.7,0,15935.29,0,0,78157.97,0,0,0,2623.62,2757.31,0,25076.43,26410.13,57.55,2006.35,17420.53,0,0,0,0
2009-11-28 00:00:00,0,2218.68,0,284.74,11092.62,5021.92,6858.17,0,0,1689.42,10711.98,197.04,0,11507.5,1469.0,3643.03,66139.26,0,15071.56,0,0,75217.39,0,0,0,2583.24,2743.95,0,24522.77,25713.2,55.81,1909.99,16684.2,0,0,0,0
2009-11-28 01:00:00,0,2118.44,0,278.5,10707.77,4828.39,6735.72,0,0,1623.93,10160.8,191.09,0,10893.11,1449.49,3554.03,63786.04,0,14235.54,0,0,72294.0,0,0,0,2550.5,2749.77,0,24030.27,25006.82,54.02,1824.48,16166.36,0,0,0,0
2009-11-28 02:00:00,0,2055.22,0,275.73,10423.07,4701.89,6657.95,0,0,1567.6,9804.47,185.49,0,10414.1,1427.71,3481.52,62128.59,0,13322.85,0,0,69808.5,0,0,0,2555.72,2809.87,0,23464.51,24308.91,52.32,1763.08,15964.22,0,0,0,0
2009-11-28 03:00:00,0,2053.11,0,280.53,10318.67,4587.79,6671.36,0,0,1508.45,9616.39,181.81,0,10449.07,1433.15,3428.12,60862.48,0,12767.28,0,0,68265.92,0,0,0,2589.18,2885.6,0,23444.36,23654.55,51.26,1708.65,15852.23,0,0,0,0
2009-11-28 04:00:00,0,2065.34,0,285.06,10378.62,4683.5,6861.68,0,0,1515.08,9691.97,184.28,0,10629.27,1466.01,3425.25,60224.88,0,12657.23,0,0,68334.88,0,0,0,2631.27,2966.07,0,23822.81,23434.49,50.76,1688.37,15851.33,0,0,0,0
2009-11-28 05:00:00,0,2115.5,0,287.46,10639.56,4806.62,7151.33,0,0,1558.79,9937.97,190.46,0,10945.12,1503.84,3476.76,60695.63,0,12938.5,0,0,69549.08,0,0,0,2719.65,3040.08,0,24433.72,23654.62,51.1,1706.43,16071.07,0,0,0,0
2009-11-28 06:00:00,0,2188.74,0,294.99,11069.57,5023.12,7469.28,0,0,1612.73,10343.91,196.29,0,11224.51,1552.23,3554.4,61522.17,0,13335.29,0,0,70807.99,0,0,0,2815.98,3112.8,0,24995.36,24145.45,51.79,1781.58,16403.4,0,0,0,0
2009-11-28 07:00:00,0,2259.06,0,302.71,11455.35,5277.81,7751.12,0,0,1671.41,10773.05,203.82,0,11555.82,1593.47,3646.47,62658.79,0,13723.17,0,0,71963.2,0,0,0,2898.49,3163.14,0,25427.57,24624.27,52.69,1867.55,16752.66,0,0,0,0
2009-11-28 08:00:00,0,2323.19,0,315.31,12202.84,5685.32,7992.71,0,0,1772.0,11408.3,218.72,0,12084.33,1673.55,3737.75,63676.38,0,14569.92,0,0,74768.75,0,0,0,2991.82,3219.01,0,26620.89,25084.69,53.85,2033.25,17515.04,0,0,0,0
2009-11-28 09:00:00,0,2501.15,0,300.7,12180.67,5617.14,7537.87,0,0,1721.05,11491.54,209.41,0,12568.5,1555.25,3719.26,65295.61,0,15169.59,0,0,75552.03,0,0,0,2865.96,3058.57,0,26650.22,25814.28,54.81,2039.02,17809.21,0,0,0,0
2009-11-28 10:00:00,0,2425.96,0,277.76,11487.3,5513.39,6889.7,0,0,1705.03,11699.84,196.86,0,12846.93,1465.77,3629.43,66023.98,0,15530.08,0,0,75721.1,0,0,0,2657.3,2875.1,0,25595.66,26016.71,54.82,2048.25,17024.55,0,0,0,0
2009-11-28 11:00:00,0,2348.94,0,278.01,10872.23,5481.02,6490.13,0,0,1706.63,11974.74,190.01,0,12812.83,1430.14,3548.64,65888.22,0,15763.13,0,0,75149.79,0,0,0,2544.13,2748.79,0,24891.75,25956.66,55.05,2052.94,16474.25,0,0,0,0
2009-11-28 12:00:00,0,2270.1,0,274.9,10367.72,5442.28,6266.01,0,0,1704.61,12182.31,192.32,0,12704.89,1408.33,3454.71,65746.02,0,15886.03,0,0,74320.4,0,0,0,2504.99,2657.03,0,24167.28,25797.72,55.17,2047.39,15889.7,0,0,0,0
2009-11-28 13:00:00,0,2209.2,0,269.77,9859.97,5321.42,6057.45,0,0,1681.03,12270.25,192.06,0,12499.39,1376.72,3365.64,65603.94,0,15714.77,0,0,73630.93,0,0,0,2473.11,2585.96,0,23268.42,25556.09,55.54,2045.25,15293.69,0,0,0,0
2009-11-28 14:00:00,0,2153.65,0,263.97,9491.06,5184.46,5828.62,0,0,1678.78,12210.31,184.88,0,12291.33,1340.13,3291.22,65299.18,0,15772.15,0,0,72976.07,0,0,0,2381.53,2482.44,0,22475.24,25367.07,55.09,2046.11,14697.33,0,0,0,0
2009-11-28 15:00:00,0,2098.03,0,261.65,9319.36,5018.25,5679.56,0,0,1676.85,12170.67,180.4,0,12262.06,1306.38,3257.1,65424.5,0,15951.85,0,0,72655.53,0,0,0,2298.49,2448.46,0,21877.61,25180.68,54.54,2009.02,14484.85,0,0,0,0
2009-11-28 16:00:00,0,2034.89,0,264.06,9420.01,4874.24,5664.32,0,0,1653.21,12066.94,180.82,0,12920.76,1263.6,3251.33,65405.37,0,16331.27,0,0,73232.61,0,0,0,2253.58,2411.58,0,21562.5,25073.62,53.62,1966.05,14443.77,0,0,0,0
2009-11-28 17:00:00,0,2019.5,0,258.91,9694.74,4933.94,5883.05,0,0,1646.9,12025.63,183.12,0,13434.45,1274.94,3320.37,66038.93,0,16783.98,0,0,76230.76,0,0,0,2305.68,2417.45,0,21585.87,24962.01,52.44,1953.85,14370.99,0,0,0,0
2009-11-28 18:00:00,0,2045.23,0,260.3,10033.99,4995.45,6085.58,0,0,1670.02,12391.36,189.2,0,13834.06,1384.06,3443.59,66875.71,0,17194.6,0,0,78585.1,0,0,0,2375.19,2493.31,0,22116.88,24887.52,52.06,2017.73,14744.12,0,0,0,0
2009-11-28 19:00:00,0,2164.48,0,285.18,11334.01,5862.23,6859.49,0,0,2013.25,14354.64,209.48,0,15173.03,1583.3,3758.37,70841.06,0,18416.64,0,0,86617.46,0,0,0,2607.64,2718.32,0,24558.38,26922.08,60.82,2370.97,15855.93,0,0,0,0
2009-11-28 20:00:00,0,2254.7,0,282.68,11458.44,5726.89,6699.74,0,0,1897.98,13405.49,207.29,0,14324.95,1541.86,3637.18,70711.53,0,17822.69,0,0,84170.86,0,0,0,2651.01,2728.92,0,25350.73,27802.42,58.56,2255.49,16251.34,0,0,0,0
2009-11-28 21:00:00,0,2325.48,0,280.89,11273.58,5601.31,6485.86,0,0,1785.81,12519.34,213.6,0,13509.71,1492.59,3504.82,69697.21,0,17220.9,0,0,81579.68,0,0,0,2631.9,2682.1,0,25002.83,27455.9,56.38,2175.87,16291.72,0,0,0,0
2009-11-28 22:00:00,0,2242.97,0,264.53,10792.51,5246.41,6303.66,0,0,1681.0,11614.3,203.49,0,12660.07,1462.92,3373.3,67850.27,0,16417.85,0,0,78873.31,0,0,0,2513.0,2600.41,0,23906.96,26790.86,54.51,2059.6,15607.99,0,0,0,0
2009-11-28 23:00:00,0,2149.45,0,259.42,10337.62,4942.63,6103.37,0,0,1591.48,10782.87,193.13,0,11866.89,1408.28,3250.67,65510.46,0,15498.81,0,0,76057.75,0,0,0,2396.86,2507.25,0,22941.1,26060.2,52.8,1954.62,14872.36,0,0,0,0
2009-11-29 00:00:00,0,2061.11,0,251.02,9928.53,4594.28,5921.03,0,0,1495.66,10055.05,181.5,0,11116.35,1332.34,3134.43,63174.57,0,14613.75,0,0,73128.84,0,0,0,2302.84,2431.03,0,22445.31,25347.82,51.29,1843.15,14180.86,0,0,0,0
2009-11-29 01:00:00,0,1968.42,0,240.0,9551.02,4346.82,5777.43,0,0,1416.83,9483.32,170.87,0,10486.67,1283.08,3010.6,60798.04,0,13712.12,0,0,70762.26,0,0,0,2236.44,2376.69,0,21927.25,24625.63,49.76,1732.85,13556.57,0,0,0,0
2009-11-29 02:00:00,0,1880.02,0,232.12,9291.02,4114.6,5684.32,0,0,1331.12,8911.8,163.42,0,10323.55,1262.48,2926.88,59060.96,0,13011.1,0,0,68964.92,0,0,0,2222.88,2396.42,0,21795.33,23914.79,48.5,1667.63,13354.95,0,0,0,0
2009-11-29 03:00:00,0,1852.63,0,226.08,9219.63,4040.64,5694.66,0,0,1277.23,8628.01,158.39,0,10302.46,1239.13,2866.94,57785.88,0,12658.29,0,0,68327.69,0,0,0,2232.73,2441.46,0,21853.79,23291.36,47.86,1637.64,13283.86,0,0,0,0
2009-11-29 04:00:00,0,1865.72,0,235.2,9298.52,4051.6,5833.58,0,0,1284.71,8619.25,157.99,0,10379.93,1245.62,2848.28,57244.58,0,12686.8,0,0,68813.08,0,0,0,2273.7,2503.05,0,22036.79,23045.84,47.4,1616.66,13364.15,0,0,0,0
2009-11-29 05:00:00,0,1948.75,0,238.6,9564.61,4147.04,6031.59,0,0,1320.05,8831.21,163.05,0,10609.39,1270.29,2901.96,57706.21,0,12887.79,0,0,69764.84,0,0,0,2345.52,2556.77,0,22436.03,23448.46,47.57,1623.89,13681.9,0,0,0,0
2009-11-29 06:00:00,0,2061.05,0,243.13,9990.5,4266.24,6304.64,0,0,1338.75,9140.99,170.22,0,10883.04,1283.67,2995.2,58655.6,0,13233.53,0,0,70882.42,0,0,0,2433.07,2615.43,0,22833.93,24097.59,48.98,1690.37,14076.56,0,0,0,0
2009-11-29 07:00:00,0,2137.65,0,249.14,10425.03,4436.4,6565.64,0,0,1372.35,9515.09,171.61,0,11185.07,1306.02,3116.21,59903.56,0,13649.22,0,0,71939.31,0,0,0,2513.55,2670.58,0,23274.56,24630.44,50.84,1793.58,14585.78,0,0,0,0
2009-11-29 08:00:00,0,2228.11,0,268.29,11072.13,4687.88,6740.93,0,0,1461.93,10252.37,172.38,0,11507.37,1334.29,3227.84,61240.47,0,14253.18,0,0,74348.02,0,0,0,2600.32,2704.74,0,24282.44,25187.32,52.61,1871.17,15282.02,0,0,0,0
2009-11-29 09:00:00,0,2359.61,0,276.49,11508.55,4974.35,6611.02,0,0,1515.92,11065.44,174.56,0,11784.62,1312.3,3242.64,63180.41,0,14358.41,0,0,74281.26,0,0,0,2542.36,2655.26,0,24667.93,25982.94,53.37,1930.56,15508.76,0,0,0,0
2009-11-29 10:00:00,0,2503.62,0,268.92,10998.56,5040.18,6294.1,0,0,1567.04,11767.1,169.38,0,11846.41,1274.25,3233.75,64814.07,0,14548.75,0,0,73627.71,0,0,0,2396.47,2535.89,0,23532.2,26907.31,53.89,1962.27,15436.9,0,0,0,0
2009-11-29 11:00:00,0,2548.1,0,268.33,10293.26,5112.38,6011.87,0,0,1634.52,12500.51,173.41,0,11872.29,1260.22,3248.01,66121.09,0,14683.39,0,0,73224.1,0,0,0,2327.72,2453.9,0,23026.75,27458.98,55.22,1984.47,15421.54,0,0,0,0
2009-11-29 12:00:00,0,2570.1,0,270.7,9768.82,5124.03,5698.85,0,0,1709.34,13068.01,175.8,0,11869.85,1270.85,3265.81,67128.1,0,14795.03,0,0,73195.2,0,0,0,2264.24,2387.54,0,22841.05,27726.09,58.14,2020.38,15278.73,0,0,0,0
2009-11-29 13:00:00,0,2583.65,0,270.99,9376.0,5145.25,5467.67,0,0,1761.72,13583.41,178.15,0,11839.77,1287.57,3361.5,67944.22,0,14861.23,0,0,73476.37,0,0,0,2232.88,2336.82,0,22539.93,27727.96,58.86,2041.0,15321.1,0,0,0,0
2009-11-29 14:00:00,0,2581.33,0,262.2,9265.73,5095.38,5464.07,0,0,1798.54,13823.15,178.2,0,11901.67,1282.58,3402.92,68512.98,0,15051.05,0,0,74434.81,0,0,0,2223.56,2327.18,0,22206.17,27617.56,58.21,2019.2,15291.03,0,0,0,0
2009-11-29 15:00:00,0,2577.81,0,256.54,9317.06,5086.35,5511.32,0,0,1811.59,13805.6,178.28,0,12096.91,1261.43,3480.91,68915.22,0,15176.16,0,0,75158.31,0,0,0,2220.15,2298.88,0,21626.96,27421.89,57.29,2000.92,15343.93,0,0,0,0
2009-11-29 16:00:00,0,2578.42,0,254.68,9411.13,5166.33,5531.33,0,0,1852.73,13733.64,180.58,0,12764.21,1262.58,3542.17,69240.05,0,15456.41,0,0,76111.01,0,0,0,2238.47,2306.25,0,21624.25,27142.95,56.9,2008.22,15252.03,0,0,0,0
2009-11-29 17:00:00,0,2570.4,0,253.57,9453.46,5149.32,5545.61,0,0,1854.84,13504.73,186.52,0,13399.71,1266.39,3615.1,69326.69,0,16052.83,0,0,78361.42,0,0,0,2280.32,2324.2,0,21365.51,26858.1,56.8,2011.44,15158.23,0,0,0,0
2009-11-29 18:00:00,0,2572.92,0,257.94,9764.51,5072.31,5742.06,0,0,1785.25,13275.84,189.04,0,13792.59,1270.59,3671.48,69427.32,0,16547.57,0,0,79653.21,0,0,0,2339.98,2352.34,0,21585.95,26728.78,57.53,1985.18,15397.01,0,0,0,0
2009-11-29 19:00:00,0,2706.52,0,314.55,11837.86,6209.08,6622.35,0,0,2146.05,14871.36,224.65,0,15198.6,1538.03,4020.05,76263.22,0,18997.31,0,0,89885.88,0,0,0,2685.35,2568.69,0,25512.87,30118.72,71.59,2496.5,17770.63,0,0,0,0
2009-11-29 20:00:00,0,2802.35,0,311.27,11829.54,5914.27,6271.58,0,0,1975.81,13844.63,219.32,0,14318.85,1433.16,3885.45,75445.23,0,18383.3,0,0,87310.51,0,0,0,2699.76,2506.13,0,25730.77,30629.55,69.09,2376.09,17941.48,0,0,0,0
2009-11-29 21:00:00,0,2848.78,0,297.55,11350.44,5610.99,5942.5,0,0,1825.99,12907.38,217.53,0,13484.35,1345.58,3753.67,73862.0,0,17717.91,0,0,84593.85,0,0,0,2598.43,2409.68,0,25078.89,30524.84,66.84,2252.67,17598.3,0,0,0,0
2009-11-29 22:00:00,0,2745.72,0,278.14,10754.07,5180.34,5629.19,0,0,1684.28,11892.55,203.03,0,12612.52,1264.0,3606.24,71844.81,0,16641.86,0,0,81709.38,0,0,0,2467.13,2301.56,0,24035.38,29841.15,66.01,2150.86,16789.55,0,0,0,0
2009-11-29 23:00:00,0,2646.69,0,261.36,10160.13,4762.01,5285.32,0,0,1562.51,10925.1,188.8,0,11788.72,1196.1,3451.09,69440.87,0,15549.17,0,0,78756.7,0,0,0,2335.74,2176.42,0,22908.89,28879.03,65.58,2034.46,15889.22,0,0,0,0
2009-11-30 00:00:00,0,2553.93,0,241.97,9613.25,4374.07,4971.04,0,0,1458.39,10058.96,173.71,0,10997.16,1132.37,3316.89,66957.44,0,14542.79,0,0,75482.99,0,0,0,2208.61,2072.39,0,21760.89,27919.53,64.61,1909.72,14993.59,0,0,0,0
2009-11-30 01:00:00,0,2481.2,0,225.12,9194.09,4035.12,4691.73,0,0,1359.97,9273.66,164.45,0,10578.74,1076.23,3184.78,64443.7,0,13539.8,0,0,72441.26,0,0,0,2100.48,1983.46,0,20724.68,26919.18,63.24,1788.55,14281.93,0,0,0,0
2009-11-30 02:00:00,0,2442.04,0,213.86,9018.48,3856.67,4519.2,0,0,1279.84,8585.59,156.46,0,10579.0,1039.05,3071.72,61984.16,0,12960.49,0,0,70135.42,0,0,0,2040.58,1979.98,0,20026.28,26146.6,61.86,1685.85,13835.4,0,0,0,0
2009-11-30 03:00:00,0,2497.15,0,221.71,9071.06,3904.87,4629.79,0,0,1285.75,8409.04,160.17,0,10819.32,1072.08,3022.57,60971.76,0,12982.95,0,0,70062.96,0,0,0,2050.25,2032.36,0,20210.66,25777.33,62.39,1674.62,13849.65,0,0,0,0
2009-11-30 04:00:00,0,2598.61,0,229.69,9501.57,4193.03,4912.02,0,0,1339.09,8758.58,168.92,0,11154.97,1134.65,3152.62,62345.86,0,13544.15,0,0,72114.7,0,0,0,2124.58,2081.25,0,20804.28,26055.06,64.61,1764.9,14173.91,0,0,0,0
2009-11-30 05:00:00,0,2694.58,0,234.86,10059.71,4462.63,5209.86,0,0,1398.85,9113.6,175.15,0,11531.98,1203.27,3318.77,64163.35,0,14121.33,0,0,74541.98,0,0,0,2220.07,2132.56,0,21404.88,26800.39,67.07,1832.68,14573.75,0,0,0,0
2009-11-30 06:00:00,0,2783.86,0,243.61,10621.32,4651.13,5492.74,0,0,1449.95,9486.06,183.7,0,11864.14,1261.07,3479.01,66035.8,0,14645.78,0,0,76675.09,0,0,0,2321.63,2197.21,0,21978.59,27728.77,69.3,1894.14,15011.4,0,0,0,0
2009-11-30 07:00:00,0,2869.77,0,251.25,11183.2,4888.42,5779.62,0,0,1512.49,9907.31,183.78,0,12218.86,1317.82,3643.46,67918.48,0,14929.3,0,0,78635.09,0,0,0,2428.5,2259.5,0,22509.59,28655.93,71.48,1982.47,15434.6,0,0,0,0
2009-11-30 08:00:00,0,2947.23,0,274.44,11963.9,5311.37,6030.79,0,0,1674.17,11170.94,199.66,0,13335.46,1437.37,3814.41,69824.76,0,16523.53,0,0,84429.83,0,0,0,2580.95,2309.96,0,23917.6,29552.97,73.88,2106.58,16020.79,0,0,0,0
2009-11-30 09:00:00,0,3109.54,0,283.14,11649.47,5578.15,5887.99,0,0,1704.07,11913.57,208.28,0,13644.8,1425.45,4058.05,73980.8,0,17149.54,0,0,86507.22,0,0,0,2487.68,2270.19,0,23736.91,31031.44,76.89,2140.46,16846.17,0,0,0,0
2009-11-30 10:00:00,0,2999.99,0,268.45,11371.73,5149.41,5806.43,0,0,1706.3,12617.32,191.08,0,13707.14,1294.13,4159.91,75118.97,0,17435.36,0,0,86786.17,0,0,0,2442.62,2276.11,0,23511.78,30973.87,78.81,2073.28,17276.01,0,0,0,0
2009-11-30 11:00:00,0,2839.98,0,278.91,11166.02,5140.1,5803.45,0,0,1753.33,13159.12,188.6,0,13886.99,1276.12,4237.39,75541.92,0,17626.07,0,0,86677.69,0,0,0,2440.25,2291.79,0,23610.57,30318.5,79.63,2089.12,17634.5,0,0,0,0
2009-11-30 12:00:00,0,2673.9,0,287.98,11009.33,5180.12,5845.06,0,0,1783.32,13527.87,187.62,0,14071.75,1287.37,4293.53,75813.53,0,17759.14,0,0,86832.16,0,0,0,2443.44,2315.48,0,23821.33,29652.61,79.15,2104.6,17926.06,0,0,0,0
2009-11-30 13:00:00,0,2539.62,0,296.46,10872.58,5216.17,5910.99,0,0,1819.28,13842.41,185.66,0,14294.09,1290.94,4301.31,75593.85,0,17869.28,0,0,87054.24,0,0,0,2462.53,2356.1,0,23865.48,29203.21,78.4,2123.02,18304.88,0,0,0,0
2009-11-30 14:00:00,0,2436.18,0,302.06,10851.12,5242.46,5969.33,0,0,1869.28,13964.37,186.4,0,14539.61,1298.43,4283.96,74949.31,0,17993.18,0,0,87342.14,0,0,0,2480.64,2378.94,0,23700.4,28683.0,76.71,2138.9,18684.21,0,0,0,0
2009-11-30 15:00:00,0,2372.82,0,306.69,10935.68,5276.91,6009.15,0,0,1922.78,14150.13,187.75,0,14749.86,1306.5,4222.15,74588.05,0,18214.94,0,0,87579.43,0,0,0,2485.01,2392.16,0,23754.61,28147.65,74.77,2159.14,18905.63,0,0,0,0
2009-11-30 16:00:00,0,2330.68,0,313.24,11052.06,5417.71,6006.09,0,0,1967.38,14670.37,189.93,0,14981.16,1325.62,4181.86,74641.76,0,18411.54,0,0,88011.15,0,0,0,2490.26,2394.35,0,23906.41,27656.01,72.66,2236.46,18964.0,0,0,0,0
2009-11-30 17:00:00,0,2369.74,0,317.33,11349.77,5512.19,5982.29,0,0,1953.49,14658.11,191.93,0,15269.89,1299.27,4168.21,75296.49,0,18561.77,0,0,88706.9,0,0,0,2523.96,2408.54,0,24428.77,27649.91,70.8,2287.63,18965.23,0,0,0,0
2009-11-30 18:00:00,0,2496.25,0,315.28,11630.4,5474.17,6158.84,0,0,1901.97,14142.78,196.67,0,15489.04,1288.05,4216.73,75680.17,0,18783.74,0,0,88869.06,0,0,0,2560.81,2429.49,0,25138.07,28074.54,70.34,2285.86,19371.65,0,0,0,0
2009-11-30 19:00:00,0,2687.8,0,326.48,12808.91,6394.27,6964.14,0,0,2156.68,15252.07,225.92,0,16317.04,1554.59,4396.73,80364.56,0,20148.54,0,0,96785.23,0,0,0,2683.69,2586.57,0,27082.11,30190.87,76.62,2574.23,20235.45,0,0,0,0
2009-11-30 20:00:00,0,2804.05,0,311.26,12891.41,6091.54,6656.71,0,0,1992.29,14203.61,222.47,0,15608.84,1489.21,4331.27,79559.64,0,19665.96,0,0,94178.46,0,0,0,2684.68,2542.43,0,27424.14,30787.69,75.32,2420.97,20538.58,0,0,0,0
2009-11-30 21:00:00,0,2841.3,0,294.36,12229.01,5803.84,6346.11,0,0,1859.29,13212.87,218.3,0,14897.51,1426.82,4254.18,78148.2,0,18874.51,0,0,91513.7,0,0,0,2630.8,2461.44,0,26836.24,30854.48,73.67,2271.57,20325.65,0,0,0,0
2009-11-30 22:00:00,0,2761.94,0,276.4,11622.33,5360.88,6027.46,0,0,1739.45,12193.31,201.76,0,14163.51,1354.26,4148.23,75791.25,0,17795.49,0,0,88600.5,0,0,0,2516.72,2381.27,0,25960.89,30283.19,72.27,2134.68,19608.7,0,0,0,0
2009-11-30 23:00:00,0,2661.55,0,260.13,11158.15,4900.7,5746.29,0,0,1619.1,11233.56,184.74,0,13458.52,1281.93,4050.02,73116.88,0,16687.81,0,0,85692.84,0,0,0,2366.55,2230.48,0,25102.45,29280.12,71.17,2000.04,18972.46,0,0,0,0
2009-12-01 00:00:00,0,2563.1,0,240.18,10878.99,4459.38,5546.13,0,0,1498.24,10312.22,168.07,0,12713.92,1209.41,3955.93,70428.31,0,15620.16,0,0,82790.11,0,0,0,2250.1,2115.8,0,24325.26,28263.54,70.09,1852.29,18362.18,0,0,0,0
2009-12-01 01:00:00,0,2467.78,0,220.47,10855.87,4044.76,5425.04,0,0,1383.92,9488.38,152.77,0,11950.56,1129.9,3845.93,67714.82,0,14515.42,0,0,79542.34,0,0,0,2150.37,1999.3,0,23735.28,27207.68,69.31,1723.4,17793.37,0,0,0,0
2009-12-01 02:00:00,0,2387.95,0,203.62,10913.29,3761.04,5407.53,0,0,1290.01,8855.01,145.28,0,11744.91,1050.52,3771.4,65083.85,0,13752.2,0,0,76718.82,0,0,0,2119.7,1945.33,0,23364.11,26273.7,68.6,1602.16,17901.66,0,0,0,0
2009-12-01 03:00:00,0,2395.7,0,206.76,11239.38,3769.17,5674.34,0,0,1283.0,8682.54,139.03,0,11780.01,1017.97,3746.43,63577.92,0,13463.8,0,0,75921.2,0,0,0,2166.78,1968.43,0,24064.78,25739.45,69.01,1596.56,18136.89,0,0,0,0
2009-12-01 04:00:00,0,2479.5,0,211.69,11941.28,3955.82,6229.62,0,0,1319.87,8998.48,143.39,0,12078.53,1044.48,3844.32,64869.3,0,13783.65,0,0,77253.03,0,0,0,2296.47,2062.04,0,25214.33,25867.65,69.93,1634.7,18475.92,0,0,0,0
2009-12-01 05:00:00,0,2565.05,0,218.82,12563.68,4184.49,6785.38,0,0,1364.91,9370.65,150.63,0,12394.52,1079.99,3981.98,66512.82,0,14334.01,0,0,79305.49,0,0,0,2472.55,2223.87,0,26383.75,26446.86,71.42,1660.65,18836.95,0,0,0,0
2009-12-01 06:00:00,0,2633.7,0,231.39,13109.84,4373.2,7306.0,0,0,1414.29,9746.13,155.44,0,12764.0,1125.6,4128.24,68098.8,0,14893.43,0,0,81751.33,0,0,0,2657.96,2408.93,0,27430.26,27278.01,73.18,1727.55,19236.62,0,0,0,0
2009-12-01 07:00:00,0,2704.15,0,245.79,13643.58,4572.97,7744.53,0,0,1467.38,10165.09,160.95,0,13187.83,1171.11,4275.16,69669.62,0,15514.9,0,0,83949.82,0,0,0,2833.45,2567.44,0,28385.9,28149.13,75.1,1800.91,19669.47,0,0,0,0
2009-12-01 08:00:00,0,2775.35,0,291.59,14464.45,4812.45,8149.76,0,0,1593.94,11029.22,171.16,0,14636.31,1237.78,4495.86,71456.96,0,17355.37,0,0,90577.7,0,0,0,3068.85,2687.38,0,30753.36,29037.84,76.62,1901.92,20578.29,0,0,0,0
2009-12-01 09:00:00,0,2938.45,0,303.55,14170.34,5027.83,7891.82,0,0,1666.56,11954.58,177.77,0,14732.98,1306.6,4514.48,75778.56,0,17626.44,0,0,90374.66,0,0,0,2924.84,2571.28,0,31430.23,30616.81,78.83,2010.04,21189.71,0,0,0,0
2009-12-01 10:00:00,0,2796.9,0,302.68,13400.92,5205.23,7415.13,0,0,1733.49,12598.15,183.47,0,14697.17,1342.89,4389.57,76577.96,0,17772.06,0,0,88845.29,0,0,0,2786.79,2496.36,0,30208.69,30718.93,77.91,2108.3,20174.35,0,0,0,0
2009-12-01 11:00:00,0,2641.9,0,299.85,12839.22,5344.34,7080.62,0,0,1795.47,13240.43,185.78,0,14734.1,1360.55,4281.27,76802.97,0,17931.84,0,0,87842.55,0,0,0,2722.25,2482.41,0,28770.73,30343.5,76.65,2201.2,19479.98,0,0,0,0
2009-12-01 12:00:00,0,2525.42,0,295.69,12331.7,5484.42,6812.43,0,0,1849.57,13779.13,191.46,0,15024.99,1372.87,4183.13,76695.52,0,18409.96,0,0,86934.64,0,0,0,2659.66,2422.69,0,27644.41,29965.62,75.58,2276.75,18905.37,0,0,0,0
2009-12-01 13:00:00,0,2423.76,0,293.27,11865.81,5602.35,6579.7,0,0,1908.32,14243.35,196.82,0,15196.99,1373.73,4094.49,76098.56,0,18680.65,0,0,86274.52,0,0,0,2583.44,2409.44,0,26661.9,29607.17,74.4,2353.82,18401.66,0,0,0,0
2009-12-01 14:00:00,0,2342.79,0,289.27,11457.02,5695.79,6393.76,0,0,1954.65,14608.77,203.88,0,14965.5,1394.82,4016.92,75177.76,0,18761.6,0,0,84928.35,0,0,0,2519.6,2354.26,0,25743.83,29225.5,73.5,2430.05,17860.39,0,0,0,0
2009-12-01 15:00:00,0,2290.54,0,292.14,11241.88,5840.9,6165.77,0,0,2008.24,14900.4,208.36,0,14906.03,1377.75,3962.47,74615.06,0,18610.5,0,0,84100.26,0,0,0,2452.3,2275.04,0,25093.78,28888.97,72.22,2528.17,17520.21,0,0,0,0
2009-12-01 16:00:00,0,2267.38,0,296.83,11225.15,5965.42,6221.25,0,0,2050.5,14996.07,212.0,0,15383.15,1365.88,3932.58,74606.16,0,18388.16,0,0,84244.95,0,0,0,2459.68,2243.3,0,25130.37,28589.6,71.03,2613.22,17237.72,0,0,0,0
2009-12-01 17:00:00,0,2322.91,0,294.4,11648.92,6026.93,6458.95,0,0,2042.53,14940.16,215.29,0,15678.29,1359.8,3957.07,75213.1,0,18963.9,0,0,86536.82,0,0,0,2575.67,2319.52,0,25599.91,28599.38,70.16,2627.37,17463.28,0,0,0,0
2009-12-01 18:00:00,0,2457.16,0,296.7,11893.35,5877.71,6626.36,0,0,1994.3,14677.92,218.41,0,15936.01,1369.02,4051.97,75853.86,0,19333.9,0,0,88060.9,0,0,0,2670.66,2393.3,0,26230.19,28887.05,70.85,2530.44,18140.09,0,0,0,0
2009-12-01 19:00:00,0,2627.68,0,316.53,13042.86,6581.28,7458.94,0,0,2243.55,15757.13,231.12,0,16592.71,1568.33,4254.1,79741.27,0,20188.8,0,0,96320.47,0,0,0,2927.59,2776.91,0,27420.99,30634.71,75.26,2776.78,18852.75,0,0,0,0
2009-12-01 20:00:00,0,2740.69,0,304.31,13151.23,6249.51,7220.59,0,0,2095.37,14854.22,226.85,0,15705.21,1478.1,4166.95,78937.9,0,19442.53,0,0,93480.07,0,0,0,2942.58,2734.54,0,27615.13,31125.64,73.85,2571.06,19420.1,0,0,0,0
2009-12-01 21:00:00,0,2791.23,0,294.25,12860.63,5971.51,6981.87,0,0,1958.59,14002.53,221.2,0,14833.2,1387.97,4064.83,77419.13,0,18693.41,0,0,90470.22,0,0,0,2830.74,2686.25,0,26935.29,31158.47,72.26,2372.97,19269.15,0,0,0,0
2009-12-01 22:00:00,0,2723.09,0,271.35,12295.98,5495.56,6729.78,0,0,1826.39,13092.68,205.87,0,13959.59,1301.38,3955.21,75061.46,0,17611.39,0,0,87310.47,0,0,0,2681.47,2595.4,0,25755.14,30588.32,70.67,2199.82,18535.28,0,0,0,0
2009-12-01 23:00:00,0,2647.28,0,245.6,11711.84,5031.86,6439.88,0,0,1702.36,12182.13,189.54,0,13064.93,1218.02,3853.53,72345.56,0,16525.81,0,0,84177.6,0,0,0,2541.64,2502.84,0,24647.09,29574.99,69.14,2028.06,17850.07,0,0,0,0
2009-12-02 00:00:00,0,2557.32,0,225.95,11139.14,4596.44,6167.32,0,0,1578.46,11287.58,170.18,0,12172.34,1132.11,3744.63,69601.34,0,15447.78,0,0,80961.17,0,0,0,2387.77,2400.45,0,23644.89,28560.37,67.91,1886.68,17145.95,0,0,0,0
2009-12-02 01:00:00,0,2478.75,0,198.29,10678.21,4195.74,5899.86,0,0,1454.59,10407.94,155.17,0,11516.41,1048.09,3624.52,66863.75,0,14358.03,0,0,77817.67,0,0,0,2268.84,2283.14,0,22693.28,27515.83,66.5,1759.43,16426.11,0,0,0,0
2009-12-02 02:00:00,0,2407.33,0,183.83,10405.35,3831.26,5808.22,0,0,1343.95,9612.76,142.12,0,11319.72,984.12,3524.42,64191.48,0,13543.75,0,0,75400.82,0,0,0,2173.18,2268.11,0,21945.28,26705.96,66.0,1655.22,16047.91,0,0,0,0
2009-12-02 03:00:00,0,2392.23,0,187.65,10487.9,3681.7,5971.83,0,0,1306.2,9173.04,137.66,0,11435.63,965.65,3521.02,62840.69,0,13368.35,0,0,75388.96,0,0,0,2132.53,2246.76,0,21519.81,26237.08,66.25,1620.02,16002.96,0,0,0,0
2009-12-02 04:00:00,0,2462.49,0,194.17,10827.34,3858.6,6146.2,0,0,1347.45,9413.91,142.45,0,11783.53,1006.87,3653.48,64230.19,0,13811.12,0,0,77407.41,0,0,0,2165.34,2240.27,0,21802.71,26144.34,67.71,1676.0,16166.68,0,0,0,0
2009-12-02 05:00:00,0,2538.65,0,198.34,11330.53,4067.85,6292.83,0,0,1401.05,9740.99,148.86,0,12128.77,1054.43,3791.15,65844.32,0,14376.24,0,0,79841.24,0,0,0,2236.82,2225.34,0,21990.74,26798.11,69.23,1746.3,16405.85,0,0,0,0
2009-12-02 06:00:00,0,2616.47,0,194.45,11750.73,4279.71,6399.37,0,0,1452.99,10102.09,154.49,0,12468.86,1096.09,3917.2,67487.85,0,14961.3,0,0,82193.41,0,0,0,2317.21,2241.0,0,22194.49,27686.53,70.53,1816.35,16691.72,0,0,0,0
2009-12-02 07:00:00,0,2693.2,0,201.5,12161.78,4490.73,6510.44,0,0,1502.91,10491.27,158.93,0,12803.28,1135.59,4041.03,69061.02,0,15555.41,0,0,84509.48,0,0,0,2384.71,2266.27,0,22398.87,28586.02,71.84,1881.09,16885.67,0,0,0,0
2009-12-02 08:00:00,0,2764.82,0,230.86,12800.75,4781.65,6628.79,0,0,1659.14,11752.69,169.87,0,14008.7,1211.49,4168.16,70689.63,0,17213.65,0,0,89445.73,0,0,0,2450.02,2292.25,0,22902.16,29442.61,73.04,1976.04,17067.31,0,0,0,0
2009-12-02 09:00:00,0,2905.31,0,245.47,12949.88,5114.46,6608.04,0,0,1792.65,12896.97,179.01,0,14104.9,1275.85,4276.09,74620.32,0,17336.91,0,0,90302.05,0,0,0,2512.39,2318.95,0,23528.77,30749.74,74.39,2101.44,17263.46,0,0,0,0
2009-12-02 10:00:00,0,2975.55,0,262.62,12880.13,5417.16,6482.81,0,0,1905.2,13827.76,189.63,0,14168.93,1317.52,4306.14,76160.99,0,17336.44,0,0,89690.04,0,0,0,2498.17,2336.6,0,23764.26,31777.67,75.53,2250.41,17496.55,0,0,0,0
2009-12-02 11:00:00,0,2972.94,0,274.21,12803.91,5769.59,6386.43,0,0,2025.67,14825.99,197.92,0,14123.48,1359.3,4288.19,76567.53,0,17494.7,0,0,89284.58,0,0,0,2484.55,2326.12,0,24057.09,32206.39,76.25,2407.66,17701.93,0,0,0,0
2009-12-02 12:00:00,0,2968.75,0,279.8,12671.3,6103.06,6308.44,0,0,2144.61,15716.31,212.66,0,14172.62,1402.6,4250.46,76771.63,0,17622.98,0,0,89032.58,0,0,0,2497.21,2307.06,0,24115.21,32424.58,77.3,2550.0,17649.95,0,0,0,0
2009-12-02 13:00:00,0,2957.31,0,284.3,12509.27,6385.37,6230.03,0,0,2259.26,16410.03,230.92,0,14236.6,1468.08,4209.98,76792.3,0,17718.21,0,0,89072.62,0,0,0,2511.16,2298.74,0,24321.21,32413.06,77.49,2646.36,17478.26,0,0,0,0
2009-12-02 14:00:00,0,2936.62,0,274.21,12350.87,6591.84,6155.34,0,0,2349.74,16985.83,241.19,0,14261.31,1539.94,4170.11,76511.69,0,17832.93,0,0,89004.05,0,0,0,2529.16,2311.37,0,24305.93,32216.96,77.39,2705.74,17291.5,0,0,0,0
2009-12-02 15:00:00,0,2928.27,0,297.34,12292.82,6721.69,6128.39,0,0,2398.2,17301.2,248.92,0,14499.92,1576.53,4132.82,76498.01,0,18011.03,0,0,89788.15,0,0,0,2546.55,2332.56,0,24333.63,31937.84,77.43,2715.71,17311.88,0,0,0,0
2009-12-02 16:00:00,0,2912.58,0,289.43,12231.47,6760.67,6140.72,0,0,2416.37,17282.28,255.57,0,14930.88,1580.49,4124.31,77037.57,0,18276.55,0,0,91024.54,0,0,0,2559.44,2360.42,0,24386.13,31551.12,77.15,2692.76,17389.11,0,0,0,0
2009-12-02 17:00:00,0,2882.69,0,288.06,12161.32,6705.07,6161.83,0,0,2403.12,17166.12,248.72,0,15276.14,1560.96,4114.15,77551.04,0,18624.25,0,0,92091.1,0,0,0,2564.94,2380.8,0,24667.74,31117.38,76.85,2683.15,17458.12,0,0,0,0
2009-12-02 18:00:00,0,2889.56,0,290.96,12147.43,6633.48,6252.61,0,0,2374.99,17160.17,248.5,0,15598.59,1543.43,4111.75,77874.71,0,18906.63,0,0,92908.9,0,0,0,2581.79,2412.99,0,25055.17,31089.54,76.54,2675.98,17799.55,0,0,0,0
2009-12-02 19:00:00,0,3133.44,0,319.62,12746.64,7197.45,6862.9,0,0,2492.48,17010.37,266.72,0,15824.96,1644.0,4133.24,81551.25,0,19729.07,0,0,94808.33,0,0,0,2661.27,2481.35,0,26360.48,33781.69,79.04,2828.1,18620.91,0,0,0,0
2009-12-02 20:00:00,0,3198.56,0,310.51,12602.87,6800.59,6438.09,0,0,2311.99,15936.68,257.91,0,14963.71,1508.42,3967.31,80350.14,0,18957.91,0,0,91423.25,0,0,0,2667.05,2410.13,0,26496.77,33852.18,77.18,2664.78,18844.26,0,0,0,0
2009-12-02 21:00:00,0,3171.54,0,299.12,11943.12,6471.63,6049.82,0,0,2158.93,14984.99,248.67,0,14140.33,1390.44,3832.25,78920.09,0,18192.0,0,0,88126.34,0,0,0,2567.18,2308.36,0,25545.19,33822.0,74.74,2494.54,18508.57,0,0,0,0
2009-12-02 22:00:00,0,3059.05,0,276.33,11198.86,6001.93,5605.06,0,0,2009.65,13975.99,219.69,0,13358.54,1299.72,3693.74,76823.64,0,17115.09,0,0,84993.48,0,0,0,2400.75,2195.54,0,24264.88,32882.31,73.25,2311.16,17999.56,0,0,0,0
2009-12-02 23:00:00,0,2969.26,0,253.03,10567.79,5498.82,5145.79,0,0,1878.77,12891.23,193.9,0,12487.77,1213.22,3605.79,74118.6,0,16047.98,0,0,82084.96,0,0,0,2273.91,2086.76,0,23293.36,31816.41,71.62,2184.91,17385.64,0,0,0,0
2009-12-03 00:00:00,0,2869.35,0,237.84,10016.85,5001.41,4835.32,0,0,1756.49,12009.05,174.71,0,11590.8,1143.44,3537.88,71425.41,0,15055.98,0,0,79517.74,0,0,0,2156.32,1965.15,0,22335.2,30731.86,70.14,2026.69,16753.77,0,0,0,0
2009-12-03 01:00:00,0,2778.65,0,213.11,9548.46,4581.98,4506.05,0,0,1631.75,11098.76,158.07,0,10879.18,1048.53,3468.33,68855.11,0,14179.54,0,0,76776.72,0,0,0,2048.04,1889.75,0,21413.7,29709.71,69.28,1921.7,16277.07,0,0,0,0
2009-12-03 02:00:00,0,2712.7,0,199.73,9156.81,4177.99,4283.76,0,0,1497.18,10511.23,144.5,0,10650.98,998.57,3389.28,66370.63,0,13499.65,0,0,74084.97,0,0,0,1962.85,1860.2,0,20847.31,28887.26,68.57,1801.21,15780.98,0,0,0,0
2009-12-03 03:00:00,0,2722.83,0,190.05,9091.61,4006.39,4165.29,0,0,1480.66,10385.43,141.71,0,10887.28,966.78,3376.43,65015.18,0,13434.72,0,0,73377.14,0,0,0,1926.9,1833.2,0,21020.59,28373.24,69.04,1746.85,15679.48,0,0,0,0
2009-12-03 04:00:00,0,2805.52,0,200.11,9278.33,4096.89,4369.05,0,0,1508.79,10478.35,146.59,0,11163.46,1000.66,3506.17,66105.34,0,13848.64,0,0,73907.52,0,0,0,1958.47,1868.3,0,21716.05,28425.28,71.02,1766.2,16098.59,0,0,0,0
2009-12-03 05:00:00,0,2875.21,0,225.12,9740.32,4234.95,4703.44,0,0,1543.69,10859.65,152.92,0,11450.5,1045.83,3645.55,67856.61,0,14309.55,0,0,75720.39,0,0,0,2041.96,1940.96,0,22397.75,29032.62,73.36,1816.71,16703.96,0,0,0,0
2009-12-03 06:00:00,0,2939.5,0,242.82,10291.35,4393.52,5024.48,0,0,1579.84,11230.31,155.98,0,11730.38,1092.41,3791.47,69625.24,0,14836.19,0,0,77579.19,0,0,0,2140.17,2011.97,0,23124.32,29900.44,75.61,1885.14,17326.48,0,0,0,0
2009-12-03 07:00:00,0,3002.6,0,253.42,10861.32,4559.37,5294.17,0,0,1623.02,11501.35,158.05,0,12006.84,1140.94,3947.59,71421.41,0,15378.59,0,0,79236.57,0,0,0,2234.4,2076.26,0,23894.26,30809.73,77.81,1960.14,17893.65,0,0,0,0
2009-12-03 08:00:00,0,3069.51,0,283.46,11712.09,4800.29,5650.4,0,0,1724.44,12516.32,168.88,0,12397.44,1228.11,4109.63,73218.72,0,16247.22,0,0,84172.53,0,0,0,2409.02,2146.36,0,25298.54,31757.98,79.97,2045.64,18532.08,0,0,0,0
2009-12-03 09:00:00,0,3233.97,0,297.81,11788.93,5101.35,5930.15,0,0,1812.88,13344.51,175.97,0,12978.64,1308.01,4311.51,77678.19,0,17616.58,0,0,87876.78,0,0,0,2474.54,2193.73,0,26709.26,33470.45,83.03,2138.64,19501.43,0,0,0,0
2009-12-03 10:00:00,0,3207.52,0,309.01,11833.07,5287.31,6068.92,0,0,1897.93,13979.57,183.0,0,13547.31,1353.27,4421.23,79625.95,0,17520.64,0,0,87908.82,0,0,0,2532.08,2241.23,0,27676.04,33839.36,85.75,2197.56,20231.98,0,0,0,0
2009-12-03 11:00:00,0,3127.62,0,308.31,11819.22,5467.37,6012.93,0,0,1964.15,14597.89,189.32,0,13946.52,1395.97,4475.97,80441.14,0,17686.43,0,0,88377.31,0,0,0,2556.46,2286.59,0,28179.65,33847.74,86.77,2255.82,20527.28,0,0,0,0
2009-12-03 12:00:00,0,3073.36,0,308.15,11625.97,5545.12,5949.22,0,0,2037.74,15159.9,193.95,0,13966.78,1403.42,4506.16,80875.34,0,17797.38,0,0,88925.19,0,0,0,2552.15,2290.64,0,28316.6,33746.77,86.89,2304.58,20654.42,0,0,0,0
2009-12-03 13:00:00,0,3016.82,0,303.64,11453.52,5597.54,5931.31,0,0,2102.53,15675.16,198.43,0,14137.5,1402.11,4519.97,80741.66,0,18090.73,0,0,89424.06,0,0,0,2525.72,2271.6,0,28081.02,33551.23,86.09,2339.84,20740.32,0,0,0,0
2009-12-03 14:00:00,0,2955.99,0,297.65,11362.36,5653.72,5935.68,0,0,2134.3,16013.38,201.29,0,14104.69,1402.81,4526.36,80202.13,0,18230.15,0,0,89878.04,0,0,0,2487.4,2264.82,0,27662.19,33299.89,84.75,2378.04,20765.06,0,0,0,0
2009-12-03 15:00:00,0,2899.63,0,290.07,11263.76,5744.86,5940.73,0,0,2161.72,16149.2,203.52,0,14266.42,1390.01,4514.82,79418.46,0,18490.8,0,0,90113.95,0,0,0,2459.29,2269.16,0,27264.82,32953.31,82.81,2406.18,20678.84,0,0,0,0
2009-12-03 16:00:00,0,2873.98,0,284.47,11447.72,5775.44,6011.69,0,0,2193.68,16232.77,204.36,0,14445.27,1363.07,4514.07,78697.22,0,18647.55,0,0,90511.08,0,0,0,2470.94,2251.53,0,27016.62,32568.21,80.33,2426.61,20532.81,0,0,0,0
2009-12-03 17:00:00,0,2914.63,0,284.07,11715.99,5772.38,6238.48,0,0,2200.8,16116.22,204.21,0,14718.87,1315.67,4503.75,78790.61,0,18982.58,0,0,91809.32,0,0,0,2522.69,2249.5,0,26918.15,32382.37,78.01,2436.43,20353.89,0,0,0,0
2009-12-03 18:00:00,0,2998.06,0,290.9,11958.25,5712.47,6463.16,0,0,2151.37,15857.56,210.36,0,15078.99,1355.0,4567.14,78891.83,0,19293.47,0,0,92271.38,0,0,0,2612.46,2294.25,0,27364.02,32832.91,78.28,2415.97,20730.15,0,0,0,0
2009-12-03 19:00:00,0,3318.76,0,328.7,12788.34,6412.54,6909.91,0,0,2346.86,16724.41,233.93,0,15351.15,1569.57,4547.65,84396.91,0,20132.49,0,0,97221.9,0,0,0,2857.29,2600.98,0,29170.32,35193.62,86.6,2599.31,20782.09,0,0,0,0
2009-12-03 20:00:00,0,3431.27,0,327.04,12971.27,6121.77,6652.07,0,0,2147.89,15569.78,229.22,0,14573.68,1509.01,4440.04,83662.73,0,19285.45,0,0,94125.57,0,0,0,2901.34,2522.11,0,29678.28,35507.81,85.4,2414.55,21170.26,0,0,0,0
2009-12-03 21:00:00,0,3417.65,0,320.04,12589.63,5848.97,6443.67,0,0,1971.43,14522.99,223.46,0,13794.03,1445.23,4328.14,82286.14,0,18456.49,0,0,90596.96,0,0,0,2804.05,2438.33,0,28995.39,35575.69,83.66,2263.11,20870.24,0,0,0,0
2009-12-03 22:00:00,0,3328.58,0,310.38,12115.51,5365.06,6261.17,0,0,1816.67,13405.3,209.43,0,13042.29,1394.89,4243.67,79796.15,0,17330.81,0,0,87685.54,0,0,0,2693.9,2348.14,0,28030.34,34715.97,82.06,2115.01,20128.66,0,0,0,0
2009-12-03 23:00:00,0,3238.18,0,297.97,11648.17,4887.9,6080.66,0,0,1666.97,12225.92,194.12,0,12303.63,1359.71,4126.72,77394.9,0,16206.34,0,0,84935.4,0,0,0,2607.55,2279.46,0,27051.75,33691.35,80.72,1963.6,19381.29,0,0,0,0
2009-12-04 00:00:00,0,3140.88,0,278.04,11164.41,4445.9,5911.62,0,0,1528.17,11113.18,175.41,0,11581.63,1282.66,4036.87,74923.0,0,15082.5,0,0,82000.03,0,0,0,2547.61,2244.81,0,26144.39,32629.18,79.48,1819.8,18646.17,0,0,0,0
2009-12-04 01:00:00,0,3055.86,0,267.34,10860.13,4091.95,5754.33,0,0,1394.05,10078.0,157.05,0,10958.21,1199.73,3951.9,72439.52,0,13958.35,0,0,78861.9,0,0,0,2501.77,2227.75,0,25544.96,31570.29,78.44,1696.12,17943.74,0,0,0,0
2009-12-04 02:00:00,0,3016.09,0,273.19,10736.05,3820.57,5727.74,0,0,1283.34,9249.79,152.11,0,10875.45,1150.1,3872.34,70209.85,0,13218.92,0,0,76164.84,0,0,0,2492.74,2311.23,0,25216.33,30766.64,77.49,1589.6,17866.22,0,0,0,0
2009-12-04 03:00:00,0,3052.79,0,277.02,10773.5,3796.41,5963.61,0,0,1278.49,8984.52,158.33,0,10952.55,1189.05,3894.78,69280.93,0,12946.63,0,0,76007.04,0,0,0,2557.82,2382.81,0,25628.5,30440.27,78.18,1584.84,18126.34,0,0,0,0
2009-12-04 04:00:00,0,3126.36,0,282.95,11265.18,4037.04,6284.16,0,0,1320.2,9264.54,162.71,0,11318.26,1268.34,4020.44,70647.32,0,13311.74,0,0,77992.4,0,0,0,2649.35,2438.29,0,26275.7,30605.47,79.69,1624.64,18538.33,0,0,0,0
2009-12-04 05:00:00,0,3208.38,0,286.63,11817.68,4295.42,6617.95,0,0,1370.38,9565.05,170.73,0,11710.08,1372.09,4183.66,72321.06,0,13936.21,0,0,80383.22,0,0,0,2773.23,2520.76,0,27048.54,31141.96,81.55,1672.27,18930.76,0,0,0,0
2009-12-04 06:00:00,0,3284.13,0,306.55,12402.89,4503.75,6965.14,0,0,1419.16,9888.41,179.25,0,12110.22,1437.77,4350.79,73977.33,0,14519.53,0,0,82653.41,0,0,0,2889.07,2596.32,0,27786.85,31966.52,83.32,1733.51,19334.02,0,0,0,0
2009-12-04 07:00:00,0,3356.89,0,305.23,12998.43,4705.5,7301.24,0,0,1470.66,10217.95,195.11,0,12496.47,1472.56,4509.17,75525.3,0,15153.43,0,0,85117.6,0,0,0,2992.13,2677.96,0,28696.79,32768.94,85.27,1804.55,19846.52,0,0,0,0
2009-12-04 08:00:00,0,3435.82,0,318.34,13764.42,4991.13,7563.8,0,0,1574.43,10892.63,197.71,0,13740.08,1542.71,4695.45,77218.5,0,16900.23,0,0,91627.2,0,0,0,3145.27,2721.14,0,30369.34,33539.29,87.13,1898.32,20587.32,0,0,0,0
2009-12-04 09:00:00,0,3586.95,0,331.8,13594.14,5242.96,7244.02,0,0,1651.9,11603.92,217.79,0,14035.2,1630.97,4798.96,81827.25,0,17135.41,0,0,91339.42,0,0,0,2973.78,2584.43,0,30914.07,34939.26,90.28,1994.57,21572.43,0,0,0,0
2009-12-04 10:00:00,0,3475.45,0,328.64,13273.09,5374.79,6982.23,0,0,1713.83,12341.47,213.36,0,14101.52,1691.58,4683.75,83280.25,0,17279.28,0,0,90145.7,0,0,0,2832.77,2495.3,0,30309.59,35244.53,91.58,2086.56,21471.8,0,0,0,0
2009-12-04 11:00:00,0,3306.1,0,322.37,12787.03,5351.19,6731.18,0,0,1758.06,12916.04,232.9,0,14039.73,1631.22,4632.4,83646.32,0,17441.43,0,0,89387.37,0,0,0,2714.01,2472.1,0,29845.52,34973.46,90.89,2119.68,21293.95,0,0,0,0
2009-12-04 12:00:00,0,3203.55,0,324.45,12360.93,5466.12,6479.04,0,0,1802.74,13503.14,228.42,0,13996.29,1610.33,4583.06,83605.31,0,17536.28,0,0,88750.98,0,0,0,2629.53,2444.08,0,29382.2,34611.75,90.54,2185.83,21001.7,0,0,0,0
2009-12-04 13:00:00,0,3137.76,0,336.95,11967.43,5440.83,6307.15,0,0,1845.73,13981.61,204.36,0,13929.43,1538.47,4528.18,83310.17,0,17582.17,0,0,87933.87,0,0,0,2565.59,2432.62,0,28776.33,34245.01,89.84,2203.01,20578.88,0,0,0,0
2009-12-04 14:00:00,0,3091.63,0,332.34,11953.53,5478.18,6263.73,0,0,1897.33,14525.53,203.86,0,13874.83,1466.75,4479.14,82767.91,0,17643.17,0,0,87325.01,0,0,0,2526.17,2453.16,0,28089.42,33923.05,88.67,2242.88,20088.57,0,0,0,0
2009-12-04 15:00:00,0,3045.56,0,325.99,12064.13,5528.67,6359.41,0,0,1935.99,14773.64,210.97,0,13969.51,1481.27,4423.14,82343.79,0,17775.31,0,0,87044.74,0,0,0,2521.81,2435.53,0,27423.05,33611.34,87.24,2279.9,19749.07,0,0,0,0
2009-12-04 16:00:00,0,2997.65,0,324.36,11938.74,5555.26,6398.06,0,0,1951.74,14760.1,208.92,0,14713.11,1461.1,4368.57,81689.09,0,18291.88,0,0,87803.54,0,0,0,2540.38,2413.15,0,26708.38,33198.37,85.08,2303.97,19604.06,0,0,0,0
2009-12-04 17:00:00,0,3003.76,0,325.19,12181.32,5602.76,6624.16,0,0,1961.26,14667.18,213.42,0,15246.32,1466.68,4415.36,81541.23,0,18871.09,0,0,91294.22,0,0,0,2605.59,2441.95,0,26857.33,32910.31,82.15,2320.65,19738.34,0,0,0,0
2009-12-04 18:00:00,0,3159.3,0,331.44,12444.02,5680.15,6812.71,0,0,1993.89,14705.73,224.18,0,15592.76,1512.02,4565.0,81515.59,0,19302.53,0,0,93462.45,0,0,0,2665.54,2480.56,0,27589.79,33113.53,81.32,2363.61,20524.24,0,0,0,0
2009-12-04 19:00:00,0,3298.11,0,323.59,12176.31,5688.64,6789.45,0,0,1886.13,14331.4,224.03,0,15615.95,1573.14,4715.5,83820.8,0,19091.41,0,0,95496.56,0,0,0,2681.09,2772.35,0,28084.1,33984.59,81.75,2331.66,20199.1,0,0,0,0
2009-12-04 20:00:00,0,3412.93,0,322.44,12296.78,5515.75,6590.44,0,0,1791.92,13385.42,222.85,0,14870.0,1515.3,4640.85,83218.61,0,18542.3,0,0,92977.74,0,0,0,2685.5,2739.52,0,28895.13,34545.14,80.43,2197.74,20841.99,0,0,0,0
2009-12-04 21:00:00,0,3447.29,0,306.72,12030.15,5355.27,6392.87,0,0,1690.93,12560.22,219.44,0,14111.83,1469.53,4551.21,82043.23,0,18023.18,0,0,90390.22,0,0,0,2686.42,2694.5,0,28346.98,34087.06,79.18,2073.57,20743.16,0,0,0,0
2009-12-04 22:00:00,0,3368.0,0,304.76,11472.66,5021.49,6162.71,0,0,1596.46,11771.92,201.74,0,13355.26,1410.05,4431.47,79870.09,0,17297.74,0,0,87751.6,0,0,0,2564.37,2597.92,0,27392.34,33595.68,77.68,1959.87,20110.07,0,0,0,0
2009-12-04 23:00:00,0,3273.78,0,281.81,10944.6,4644.89,5949.01,0,0,1515.36,10976.7,192.28,0,12544.07,1351.97,4319.9,77574.02,0,16405.72,0,0,84876.3,0,0,0,2452.94,2499.74,0,26308.11,33088.38,75.94,1850.81,19455.66,0,0,0,0
2009-12-05 00:00:00,0,3179.08,0,282.93,10533.15,4349.51,5741.94,0,0,1424.79,10174.56,180.78,0,11751.42,1272.85,4181.68,75228.24,0,15504.24,0,0,81927.6,0,0,0,2351.15,2411.98,0,25209.17,32374.49,74.05,1740.41,18776.18,0,0,0,0
2009-12-05 01:00:00,0,3088.79,0,261.44,10089.08,4083.75,5499.17,0,0,1339.3,9512.94,173.98,0,11237.14,1226.17,4073.21,73158.49,0,14636.27,0,0,79237.58,0,0,0,2252.1,2328.02,0,24405.79,31616.76,72.42,1634.68,18256.02,0,0,0,0
2009-12-05 02:00:00,0,3057.14,0,254.1,9763.48,3888.71,5257.15,0,0,1262.74,8920.91,168.97,0,11114.16,1220.6,3962.0,71659.76,0,13991.88,0,0,77155.2,0,0,0,2177.87,2301.16,0,23858.52,30951.16,71.39,1544.35,18166.77,0,0,0,0
2009-12-05 03:00:00,0,3060.91,0,259.83,9659.98,3803.74,5162.86,0,0,1235.37,8712.63,164.79,0,11147.01,1193.66,3887.17,70849.76,0,13670.5,0,0,76296.74,0,0,0,2149.07,2306.05,0,23582.41,30390.23,70.6,1493.71,18033.36,0,0,0,0
2009-12-05 04:00:00,0,3083.17,0,256.79,9551.63,3829.2,5206.06,0,0,1244.27,8832.85,163.72,0,11336.78,1211.74,3891.24,70529.04,0,13546.7,0,0,76833.46,0,0,0,2176.43,2326.91,0,23750.42,30038.07,70.79,1480.48,18221.84,0,0,0,0
2009-12-05 05:00:00,0,3131.41,0,255.75,9784.86,3927.84,5317.57,0,0,1272.78,8981.15,167.93,0,11559.08,1230.03,3957.84,71381.23,0,13654.35,0,0,77918.49,0,0,0,2218.76,2349.95,0,24135.61,30147.95,71.31,1502.84,18578.07,0,0,0,0
2009-12-05 06:00:00,0,3188.46,0,255.53,10080.94,4066.37,5487.83,0,0,1311.79,9317.73,169.5,0,11789.59,1242.13,4055.37,72270.24,0,14116.79,0,0,79479.95,0,0,0,2260.96,2370.64,0,24743.31,30420.14,72.1,1549.32,18872.63,0,0,0,0
2009-12-05 07:00:00,0,3239.85,0,262.03,10425.26,4209.94,5673.85,0,0,1351.54,9711.52,172.73,0,12054.56,1274.96,4155.69,73062.95,0,14493.19,0,0,80694.12,0,0,0,2322.06,2397.02,0,25340.47,30718.67,72.9,1594.72,19269.52,0,0,0,0
2009-12-05 08:00:00,0,3276.9,0,273.52,10892.97,4400.16,5904.23,0,0,1408.89,10519.07,173.56,0,12515.96,1323.12,4263.91,74014.25,0,15363.34,0,0,83378.9,0,0,0,2393.6,2428.68,0,26330.12,31107.14,73.93,1669.49,19920.65,0,0,0,0
2009-12-05 09:00:00,0,3406.47,0,281.8,11414.37,4689.29,6158.6,0,0,1483.48,11353.58,184.16,0,13071.65,1373.86,4390.88,75541.41,0,15949.63,0,0,85612.38,0,0,0,2472.15,2485.81,0,27672.28,31818.25,75.0,1767.5,21229.0,0,0,0,0
2009-12-05 10:00:00,0,3276.66,0,290.36,11583.12,4899.35,6368.94,0,0,1567.81,12124.43,189.31,0,13395.3,1407.98,4405.48,75172.27,0,16323.33,0,0,86641.88,0,0,0,2544.48,2523.36,0,28419.83,32109.01,73.27,1839.45,21252.14,0,0,0,0
2009-12-05 11:00:00,0,3085.55,0,316.35,11643.14,5008.33,6483.94,0,0,1618.33,12674.93,196.29,0,13661.16,1442.78,4346.92,74580.44,0,16764.16,0,0,87457.1,0,0,0,2624.03,2579.29,0,28623.84,31800.56,71.75,1873.15,21038.67,0,0,0,0
2009-12-05 12:00:00,0,2957.14,0,324.48,11821.52,5201.24,6686.05,0,0,1651.02,12844.38,201.77,0,13765.02,1470.51,4280.82,74391.1,0,17001.0,0,0,87666.88,0,0,0,2579.96,2569.49,0,27743.17,31435.12,70.75,1953.36,20861.35,0,0,0,0
2009-12-05 13:00:00,0,2871.33,0,316.91,12020.86,5392.68,6852.23,0,0,1693.63,12947.52,199.88,0,13901.98,1497.04,4210.34,74261.72,0,17303.89,0,0,87685.46,0,0,0,2522.99,2530.48,0,26950.02,31038.37,69.7,2056.62,20493.72,0,0,0,0
2009-12-05 14:00:00,0,2803.41,0,303.43,12162.09,5484.11,7061.13,0,0,1755.16,13565.14,204.0,0,14122.77,1496.73,4161.49,74002.65,0,17570.37,0,0,87659.86,0,0,0,2493.92,2462.86,0,26092.29,30566.73,68.47,2067.68,19969.75,0,0,0,0
2009-12-05 15:00:00,0,2749.93,0,292.8,12163.51,5393.43,7288.25,0,0,1779.54,13738.73,194.65,0,14312.31,1397.13,4136.72,73412.02,0,17852.93,0,0,87179.01,0,0,0,2459.33,2408.61,0,25349.75,30014.81,67.33,2041.65,19618.68,0,0,0,0
2009-12-05 16:00:00,0,2718.64,0,288.92,12210.63,5289.74,7554.38,0,0,1780.66,13792.12,193.42,0,14800.45,1342.1,4127.26,72792.13,0,18195.65,0,0,87488.21,0,0,0,2483.9,2414.6,0,24900.96,29490.16,66.72,2041.9,19398.62,0,0,0,0
2009-12-05 17:00:00,0,2742.99,0,285.88,12329.69,5100.97,7814.29,0,0,1761.13,13613.73,198.88,0,15172.61,1324.24,4239.37,72913.09,0,18605.88,0,0,89568.68,0,0,0,2540.39,2494.09,0,24790.16,28982.22,66.87,2055.86,19233.58,0,0,0,0
2009-12-05 18:00:00,0,2788.94,0,293.5,12337.78,5103.16,8027.03,0,0,1756.86,13648.44,208.75,0,15499.46,1408.68,4393.22,73427.97,0,18984.24,0,0,91134.59,0,0,0,2646.17,2631.21,0,25916.46,29391.43,68.5,2091.98,20080.12,0,0,0,0
2009-12-05 19:00:00,0,3095.11,0,365.46,13054.56,6142.73,7924.95,0,0,1987.56,13874.04,236.0,0,16390.92,1654.39,4945.16,83336.28,0,19843.14,0,0,98688.43,0,0,0,2853.68,2849.2,0,30358.95,33002.58,78.49,2392.56,21491.83,0,0,0,0
2009-12-05 20:00:00,0,3215.33,0,373.07,13306.49,6043.57,7749.54,0,0,1896.4,12948.52,237.48,0,15633.51,1622.58,4869.49,83079.23,0,19170.53,0,0,96146.56,0,0,0,2888.57,2828.8,0,31447.19,33556.02,77.25,2299.02,22268.46,0,0,0,0
2009-12-05 21:00:00,0,3253.79,0,364.08,13047.71,5942.18,7545.11,0,0,1810.34,12045.9,238.01,0,14817.15,1581.66,4779.33,81831.15,0,18607.0,0,0,93361.19,0,0,0,2894.96,2824.94,0,31332.84,33068.41,75.34,2197.45,22410.7,0,0,0,0
2009-12-05 22:00:00,0,3180.51,0,353.9,12722.54,5665.1,7392.96,0,0,1749.25,11265.67,228.0,0,14029.76,1558.53,4676.66,79522.93,0,17750.58,0,0,90370.47,0,0,0,2834.78,2804.73,0,31220.09,32562.28,73.25,2091.21,21797.96,0,0,0,0
2009-12-05 23:00:00,0,3095.35,0,342.7,12464.31,5401.65,7265.03,0,0,1678.12,10559.02,220.65,0,13266.82,1553.82,4562.55,77094.99,0,16955.45,0,0,87113.59,0,0,0,2831.01,2823.56,0,30729.13,32052.11,71.24,2017.01,21187.9,0,0,0,0
2009-12-06 00:00:00,0,2990.06,0,329.15,12137.31,5141.39,7239.77,0,0,1598.55,9896.04,214.42,0,12554.47,1557.19,4449.15,74644.03,0,16009.64,0,0,83600.42,0,0,0,2842.11,2854.87,0,30134.96,31312.71,69.42,1952.64,20606.23,0,0,0,0
2009-12-06 01:00:00,0,2894.46,0,332.91,11862.03,4925.33,7186.63,0,0,1527.18,9279.39,212.66,0,11814.49,1566.69,4359.87,72314.98,0,15090.51,0,0,80695.89,0,0,0,2823.87,2868.58,0,29753.45,30567.5,67.79,1893.08,20372.35,0,0,0,0
2009-12-06 02:00:00,0,2826.87,0,334.44,11776.97,4800.72,7248.9,0,0,1468.08,8740.87,212.55,0,11439.42,1567.96,4293.81,70483.56,0,14254.51,0,0,78715.28,0,0,0,2836.74,2918.57,0,29394.42,29809.09,66.85,1856.19,20294.04,0,0,0,0
2009-12-06 03:00:00,0,2813.84,0,337.03,11948.46,4734.41,7386.74,0,0,1418.38,8510.87,211.87,0,11432.0,1571.07,4256.25,69452.41,0,13857.22,0,0,77878.37,0,0,0,2844.91,2976.89,0,29254.15,29151.09,66.24,1857.21,20244.97,0,0,0,0
2009-12-06 04:00:00,0,2826.74,0,349.54,12230.84,4927.93,7573.23,0,0,1436.64,8615.44,215.6,0,11496.06,1606.59,4249.65,68650.1,0,13727.62,0,0,78733.09,0,0,0,2845.38,3024.05,0,29433.07,28713.02,66.21,1901.07,20227.17,0,0,0,0
2009-12-06 05:00:00,0,2863.14,0,356.59,12530.49,5120.42,7857.42,0,0,1470.38,8977.68,222.14,0,11581.36,1640.56,4303.69,69322.24,0,13821.29,0,0,80424.22,0,0,0,2887.0,3049.94,0,29615.61,28844.45,66.44,1956.32,20471.4,0,0,0,0
2009-12-06 06:00:00,0,2903.25,0,350.33,12935.15,5333.69,8112.66,0,0,1504.91,9397.14,227.2,0,11878.04,1679.72,4371.66,70161.49,0,14169.01,0,0,81972.0,0,0,0,2972.34,3097.55,0,29771.35,29160.0,67.13,2017.82,20714.19,0,0,0,0
2009-12-06 07:00:00,0,2948.81,0,352.54,13321.09,5527.64,8357.33,0,0,1540.44,9794.43,228.42,0,12242.93,1698.35,4449.58,71018.34,0,14602.07,0,0,83633.87,0,0,0,3056.48,3152.23,0,30095.04,29540.5,68.38,2052.15,20964.01,0,0,0,0
2009-12-06 08:00:00,0,2999.77,0,355.09,13965.82,5802.51,8571.89,0,0,1624.29,10377.76,231.79,0,12736.27,1751.24,4534.39,71904.2,0,15493.36,0,0,86216.36,0,0,0,3136.19,3217.06,0,30638.51,29895.47,69.42,2184.38,21381.83,0,0,0,0
2009-12-06 09:00:00,0,3086.63,0,344.82,13715.27,5967.03,8491.75,0,0,1662.05,11000.82,230.86,0,12933.81,1743.81,4488.15,73165.24,0,15874.04,0,0,86677.16,0,0,0,3016.78,3155.92,0,30701.65,30452.36,70.37,2259.02,21942.81,0,0,0,0
2009-12-06 10:00:00,0,3152.13,0,355.49,13275.77,5821.01,8046.59,0,0,1674.49,11545.09,220.34,0,13068.23,1635.67,4335.87,73759.84,0,16115.52,0,0,85822.72,0,0,0,2939.73,3080.31,0,30217.62,31265.74,70.68,2182.46,21448.79,0,0,0,0
2009-12-06 11:00:00,0,3104.99,0,350.8,12889.97,5666.44,7644.42,0,0,1661.45,11999.97,211.25,0,13145.61,1532.28,4256.3,73955.06,0,16347.32,0,0,85476.29,0,0,0,2877.56,3056.68,0,29171.95,31488.51,69.78,2116.27,20903.86,0,0,0,0
2009-12-06 12:00:00,0,3062.27,0,335.81,12478.94,5456.56,7392.63,0,0,1661.65,12374.27,199.63,0,13193.53,1432.32,4176.33,73888.62,0,16508.93,0,0,85461.85,0,0,0,2820.36,3029.26,0,28277.12,31498.13,67.94,2045.98,20464.93,0,0,0,0
2009-12-06 13:00:00,0,3004.19,0,317.25,12120.23,5274.8,7236.18,0,0,1681.55,12725.08,194.99,0,13178.43,1360.51,4114.71,73606.19,0,16622.44,0,0,84958.02,0,0,0,2775.63,2960.03,0,27800.85,31225.74,66.74,1984.84,19907.16,0,0,0,0
2009-12-06 14:00:00,0,2944.44,0,306.08,11829.55,5187.18,7225.41,0,0,1706.36,13017.13,187.63,0,13132.15,1315.11,4089.47,73220.51,0,16713.49,0,0,84360.88,0,0,0,2652.54,2878.05,0,27027.1,30795.45,65.65,1971.19,19474.71,0,0,0,0
2009-12-06 15:00:00,0,2894.87,0,293.61,11592.41,5149.14,7186.91,0,0,1724.63,13186.09,186.5,0,13293.77,1280.51,4055.23,72759.75,0,16899.79,0,0,84320.16,0,0,0,2539.76,2740.17,0,25998.77,30288.58,65.06,1992.05,19093.8,0,0,0,0
2009-12-06 16:00:00,0,2848.43,0,284.79,11450.59,5152.14,7143.94,0,0,1760.43,13347.29,189.36,0,14228.37,1246.82,4035.14,72559.23,0,17436.12,0,0,85613.62,0,0,0,2494.01,2658.96,0,25068.19,29848.92,64.73,2014.14,18762.71,0,0,0,0
2009-12-06 17:00:00,0,2867.12,0,279.06,11910.25,5173.93,7512.62,0,0,1790.01,13539.47,192.29,0,15073.37,1238.9,4161.08,72538.76,0,18188.87,0,0,90242.3,0,0,0,2595.74,2723.39,0,24911.33,29493.63,65.51,2025.29,18911.59,0,0,0,0
2009-12-06 18:00:00,0,2921.72,0,283.16,12149.94,5242.14,7725.33,0,0,1840.54,13910.07,197.86,0,15688.92,1272.51,4277.36,72954.49,0,18685.57,0,0,92730.42,0,0,0,2707.86,2847.62,0,26037.56,29534.72,67.12,2052.07,19559.49,0,0,0,0
2009-12-06 19:00:00,0,3213.6,0,352.02,14291.57,6280.01,8814.46,0,0,2116.76,14684.57,230.14,0,17443.09,1558.9,4843.69,83937.44,0,21257.78,0,0,104982.06,0,0,0,3145.62,3056.69,0,30757.53,33375.88,80.6,2481.46,21265.76,0,0,0,0
2009-12-06 20:00:00,0,3295.4,0,342.1,14525.85,6036.6,8650.22,0,0,1999.24,13911.39,223.86,0,16616.47,1486.77,4746.77,82641.18,0,20619.76,0,0,102312.68,0,0,0,3185.74,3039.92,0,31366.25,33743.75,77.98,2330.57,21910.26,0,0,0,0
2009-12-06 21:00:00,0,3288.73,0,323.71,14106.33,5787.15,8395.72,0,0,1885.71,13144.27,217.67,0,15784.02,1413.26,4636.41,80782.28,0,19929.09,0,0,99519.88,0,0,0,3095.88,2995.18,0,30407.87,33685.21,75.21,2185.21,21673.5,0,0,0,0
2009-12-06 22:00:00,0,3149.73,0,302.28,13539.71,5346.11,8114.44,0,0,1778.19,12316.42,201.66,0,14921.81,1330.99,4530.96,78268.81,0,18958.68,0,0,96601.8,0,0,0,2986.77,2932.94,0,29173.59,32851.28,72.83,2051.26,20912.49,0,0,0,0
2009-12-06 23:00:00,0,3007.25,0,280.29,13004.52,4883.01,7889.88,0,0,1666.9,11413.13,185.09,0,14050.51,1263.37,4429.84,75418.66,0,17919.16,0,0,93402.07,0,0,0,2853.71,2847.14,0,28150.67,31755.58,70.7,1928.1,20102.57,0,0,0,0
2009-12-07 00:00:00,0,2889.15,0,259.7,12446.69,4425.36,7606.8,0,0,1546.78,10488.6,169.42,0,13182.51,1194.77,4313.41,72549.54,0,16869.06,0,0,90335.94,0,0,0,2759.83,2778.13,0,26990.35,30692.55,69.14,1803.08,19301.25,0,0,0,0
2009-12-07 01:00:00,0,2765.97,0,242.72,12029.29,4054.47,7381.43,0,0,1416.24,9616.12,155.61,0,12462.66,1145.02,4217.28,69722.61,0,15830.25,0,0,87022.67,0,0,0,2650.96,2786.42,0,25793.83,29645.26,68.13,1692.0,18491.59,0,0,0,0
2009-12-07 02:00:00,0,2653.86,0,232.68,11892.72,3810.11,7374.41,0,0,1311.62,8968.73,148.68,0,12250.92,1115.59,4077.4,67396.78,0,15041.4,0,0,84681.08,0,0,0,2558.99,2783.86,0,24880.01,28895.85,67.5,1585.92,18084.83,0,0,0,0
2009-12-07 03:00:00,0,2605.26,0,234.21,12149.03,3806.94,7566.31,0,0,1305.68,8906.93,147.3,0,12378.13,1140.86,4074.14,66806.58,0,14809.22,0,0,84824.28,0,0,0,2603.98,2849.46,0,24954.8,28439.59,67.95,1553.63,18089.72,0,0,0,0
2009-12-07 04:00:00,0,2689.63,0,238.61,12780.43,3959.36,7944.86,0,0,1347.11,9195.63,153.1,0,12733.44,1187.18,4112.91,67811.17,0,15123.07,0,0,86586.28,0,0,0,2675.71,2924.91,0,25575.19,28479.32,69.6,1595.49,18354.84,0,0,0,0
2009-12-07 05:00:00,0,2785.12,0,243.45,13274.16,4156.4,8211.99,0,0,1389.54,9523.4,159.44,0,13127.35,1224.9,4185.85,69192.42,0,15591.77,0,0,88677.56,0,0,0,2738.58,2969.63,0,26097.7,29128.0,71.17,1652.9,18825.52,0,0,0,0
2009-12-07 06:00:00,0,2885.88,0,249.88,13659.86,4360.07,8417.07,0,0,1438.75,9856.86,163.67,0,13496.78,1260.83,4291.86,70672.69,0,16126.9,0,0,90879.53,0,0,0,2813.15,3015.89,0,26582.7,30137.84,73.11,1717.65,19239.7,0,0,0,0
2009-12-07 07:00:00,0,2971.43,0,254.92,13886.32,4558.95,8561.59,0,0,1485.02,10198.29,168.31,0,13821.02,1292.77,4393.44,72145.72,0,16734.07,0,0,93224.41,0,0,0,2871.87,3082.47,0,26930.92,31147.96,76.25,1782.81,19556.83,0,0,0,0
2009-12-07 08:00:00,0,3049.08,0,266.31,14554.28,4811.1,8806.61,0,0,1618.77,11120.8,176.29,0,15075.72,1372.74,4495.2,73544.56,0,18442.82,0,0,98549.46,0,0,0,2973.79,3113.29,0,27741.43,32142.17,78.78,1877.95,20060.82,0,0,0,0
2009-12-07 09:00:00,0,3210.58,0,280.71,14363.51,5060.85,8520.05,0,0,1717.62,12110.16,185.88,0,15216.23,1392.13,4608.46,77081.41,0,18625.14,0,0,98940.41,0,0,0,3010.89,3079.95,0,28845.13,33837.4,81.51,2008.07,20543.72,0,0,0,0
2009-12-07 10:00:00,0,3268.79,0,283.3,14172.78,5274.76,8129.58,0,0,1810.98,12944.97,186.19,0,15257.83,1367.31,4651.56,79343.97,0,18475.57,0,0,96962.83,0,0,0,2945.94,3009.39,0,28748.44,34694.5,83.52,2084.54,20714.42,0,0,0,0
2009-12-07 11:00:00,0,3243.97,0,285.99,13914.78,5405.55,7869.73,0,0,1901.87,13724.46,187.25,0,15137.49,1349.68,4652.33,79778.34,0,18483.87,0,0,94760.0,0,0,0,2880.54,2939.74,0,28486.74,34643.53,84.71,2158.25,20614.56,0,0,0,0
2009-12-07 12:00:00,0,3196.11,0,289.53,13735.22,5545.93,7734.16,0,0,2016.92,14489.58,191.78,0,15012.8,1343.44,4637.1,80028.27,0,18375.29,0,0,94333.94,0,0,0,2815.91,2868.66,0,28258.35,34468.97,84.66,2230.83,20567.02,0,0,0,0
2009-12-07 13:00:00,0,3113.64,0,289.51,13555.79,5670.77,7485.7,0,0,2134.0,15240.03,197.44,0,15005.28,1346.85,4612.04,79918.79,0,18467.32,0,0,95498.68,0,0,0,2737.54,2785.81,0,28011.59,34202.3,83.06,2318.5,20446.57,0,0,0,0
2009-12-07 14:00:00,0,3028.46,0,282.62,13378.96,5842.7,7234.57,0,0,2224.2,15788.14,202.81,0,15098.66,1353.19,4584.31,79512.05,0,18762.81,0,0,96010.02,0,0,0,2681.04,2717.16,0,27765.44,33826.5,81.13,2387.69,20391.88,0,0,0,0
2009-12-07 15:00:00,0,2996.44,0,288.83,13032.46,6005.15,7025.33,0,0,2284.18,16087.31,206.16,0,15267.77,1367.47,4538.28,78928.6,0,19185.43,0,0,95790.16,0,0,0,2628.29,2626.95,0,27463.55,33391.16,79.27,2458.06,20217.66,0,0,0,0
2009-12-07 16:00:00,0,3008.6,0,290.41,12725.8,6059.09,7056.98,0,0,2307.39,16173.87,211.53,0,15894.68,1374.98,4493.13,78493.74,0,19439.75,0,0,95329.49,0,0,0,2596.91,2535.77,0,27380.47,32945.29,77.56,2517.6,20030.37,0,0,0,0
2009-12-07 17:00:00,0,3045.88,0,289.04,12860.16,6018.07,7324.03,0,0,2291.2,16020.19,214.02,0,16290.56,1353.56,4521.72,78150.64,0,19936.08,0,0,96603.37,0,0,0,2684.95,2594.84,0,27569.66,32710.2,76.37,2530.55,20133.87,0,0,0,0
2009-12-07 18:00:00,0,3109.03,0,291.94,13041.73,5946.86,7458.98,0,0,2263.44,15883.5,215.38,0,16696.23,1366.51,4567.27,78776.09,0,20269.81,0,0,97990.1,0,0,0,2757.1,2654.64,0,27983.3,32702.0,76.7,2525.44,20460.3,0,0,0,0
2009-12-07 19:00:00,0,3213.5,0,316.5,13552.66,6581.64,7793.16,0,0,2336.35,16351.97,228.89,0,17096.74,1548.86,4489.39,82484.2,0,20661.42,0,0,101256.44,0,0,0,2906.11,2931.81,0,28405.86,33978.82,80.19,2669.19,20262.81,0,0,0,0
2009-12-07 20:00:00,0,3290.52,0,308.65,13644.28,6275.41,7463.0,0,0,2182.62,15374.94,223.59,0,16307.68,1461.28,4359.55,81356.14,0,20179.41,0,0,98174.56,0,0,0,2948.55,2855.58,0,28833.41,34414.21,79.23,2493.87,20502.86,0,0,0,0
2009-12-07 21:00:00,0,3300.38,0,296.42,13289.73,6001.48,7158.66,0,0,2025.5,14419.14,217.04,0,15436.17,1382.84,4227.89,79474.09,0,19419.01,0,0,95028.42,0,0,0,2879.11,2785.28,0,28112.61,34397.59,77.92,2337.03,20126.75,0,0,0,0
2009-12-07 22:00:00,0,3192.75,0,276.27,12717.75,5538.94,6884.86,0,0,1890.93,13433.14,200.44,0,14584.53,1303.98,4114.89,77064.03,0,18276.94,0,0,91870.16,0,0,0,2768.46,2703.29,0,26805.01,33574.61,76.12,2185.63,19382.8,0,0,0,0
2009-12-07 23:00:00,0,3078.53,0,257.49,12159.24,5055.09,6657.45,0,0,1761.18,12378.98,182.79,0,13740.28,1227.58,4012.6,74294.87,0,17160.98,0,0,88367.83,0,0,0,2663.57,2597.4,0,25472.66,32435.62,74.12,2026.91,18652.07,0,0,0,0
2009-12-08 00:00:00,0,2960.8,0,241.94,11667.55,4562.0,6413.48,0,0,1622.36,11357.84,166.4,0,12932.42,1150.6,3953.82,71620.58,0,15952.85,0,0,85115.39,0,0,0,2574.34,2503.99,0,24206.5,31289.75,72.18,1883.94,17877.64,0,0,0,0
2009-12-08 01:00:00,0,2841.58,0,224.91,11222.6,4148.62,6195.44,0,0,1485.41,10355.58,150.65,0,12298.02,1074.22,3847.1,69036.09,0,14900.03,0,0,81798.69,0,0,0,2482.36,2461.37,0,23005.46,30223.25,70.8,1758.44,17073.94,0,0,0,0
2009-12-08 02:00:00,0,2735.5,0,205.26,10913.01,3830.0,6130.52,0,0,1369.53,9522.41,141.28,0,12125.74,1017.93,3764.9,66817.49,0,14161.49,0,0,79199.73,0,0,0,2420.31,2498.47,0,22317.42,29423.87,69.9,1666.66,16704.22,0,0,0,0
2009-12-08 03:00:00,0,2696.02,0,207.47,10973.84,3730.01,6311.76,0,0,1353.17,9265.94,138.19,0,12149.79,1008.06,3802.21,66404.74,0,13830.75,0,0,79187.18,0,0,0,2456.88,2523.24,0,22332.5,28942.5,69.68,1635.9,16633.77,0,0,0,0
2009-12-08 04:00:00,0,2764.7,0,216.89,11329.65,3904.26,6520.14,0,0,1387.3,9497.64,143.69,0,12444.08,1035.79,3913.84,67643.27,0,14221.55,0,0,81673.53,0,0,0,2541.03,2583.75,0,22725.96,28867.66,70.71,1675.52,16957.13,0,0,0,0
2009-12-08 05:00:00,0,2823.89,0,226.07,11785.69,4099.9,6749.61,0,0,1436.06,9842.32,150.87,0,12790.33,1074.43,4050.0,69027.34,0,14660.08,0,0,84096.42,0,0,0,2603.55,2592.26,0,23202.03,29095.58,71.63,1719.06,17332.34,0,0,0,0
2009-12-08 06:00:00,0,2882.33,0,232.74,12262.85,4291.02,6963.48,0,0,1484.69,10232.88,157.72,0,13125.66,1116.88,4186.7,70436.76,0,15181.07,0,0,86650.06,0,0,0,2655.61,2598.61,0,23661.76,29728.34,72.54,1774.47,17566.73,0,0,0,0
2009-12-08 07:00:00,0,2933.86,0,239.08,12686.74,4510.8,7159.67,0,0,1541.06,10666.05,163.69,0,13471.03,1153.98,4319.65,71756.69,0,15804.56,0,0,89283.87,0,0,0,2694.84,2613.69,0,24027.88,30396.46,73.67,1840.75,17789.76,0,0,0,0
2009-12-08 08:00:00,0,2993.96,0,260.6,13458.88,4774.77,7426.35,0,0,1678.32,11532.44,170.58,0,14874.38,1203.67,4460.91,73086.9,0,17542.69,0,0,94876.67,0,0,0,2790.43,2650.96,0,24733.74,31120.8,74.98,1938.07,18010.63,0,0,0,0
2009-12-08 09:00:00,0,3079.54,0,276.93,13370.33,5074.15,7348.54,0,0,1806.4,12659.97,178.53,0,14942.15,1261.14,4583.77,76027.95,0,17903.97,0,0,95998.08,0,0,0,2821.44,2654.59,0,25306.32,32026.46,76.45,2043.5,18539.08,0,0,0,0
2009-12-08 10:00:00,0,3143.06,0,273.16,13327.98,5376.71,7240.81,0,0,1939.42,13899.11,183.88,0,14816.07,1303.5,4532.2,77940.89,0,18048.01,0,0,94632.61,0,0,0,2778.6,2621.82,0,25478.25,32817.84,77.43,2140.43,18426.2,0,0,0,0
2009-12-08 11:00:00,0,3155.93,0,273.9,13193.74,5680.53,7204.03,0,0,2055.8,14853.34,192.95,0,14749.98,1348.92,4493.12,78355.25,0,18151.22,0,0,93419.46,0,0,0,2736.66,2603.54,0,25452.64,33223.17,78.11,2235.94,18309.74,0,0,0,0
2009-12-08 12:00:00,0,3167.24,0,279.22,13047.83,5933.78,7152.95,0,0,2169.05,15572.77,201.31,0,14706.84,1391.36,4447.7,78043.02,0,18141.15,0,0,92800.05,0,0,0,2679.08,2563.49,0,25367.29,33292.1,78.42,2357.82,18121.59,0,0,0,0
2009-12-08 13:00:00,0,3179.57,0,285.87,12893.2,6177.69,7114.78,0,0,2269.23,16220.6,212.04,0,14664.94,1427.85,4400.19,77969.38,0,18150.32,0,0,92351.93,0,0,0,2639.63,2526.27,0,25418.62,33156.57,78.28,2460.87,17900.21,0,0,0,0
2009-12-08 14:00:00,0,3186.4,0,295.02,12872.71,6366.74,7079.78,0,0,2323.21,16816.21,223.19,0,14619.97,1466.18,4381.44,77929.65,0,18249.09,0,0,91980.69,0,0,0,2628.42,2514.08,0,25235.51,32967.35,78.27,2546.82,17840.63,0,0,0,0
2009-12-08 15:00:00,0,3197.66,0,314.88,12937.89,6481.52,7073.08,0,0,2359.75,17098.08,230.38,0,14738.52,1498.25,4385.42,77834.61,0,18404.38,0,0,92103.84,0,0,0,2641.23,2519.03,0,25181.55,32778.85,78.16,2617.13,17803.18,0,0,0,0
2009-12-08 16:00:00,0,3200.68,0,309.74,13169.55,6548.54,7218.78,0,0,2382.37,17108.43,233.54,0,15713.26,1510.55,4374.03,77760.29,0,19069.85,0,0,94085.47,0,0,0,2677.49,2542.21,0,25158.91,32625.91,77.68,2671.9,17805.36,0,0,0,0
2009-12-08 17:00:00,0,3196.22,0,306.23,13437.97,6571.65,7469.59,0,0,2387.38,17011.22,238.11,0,16259.37,1502.4,4364.78,77602.12,0,19664.85,0,0,96669.45,0,0,0,2721.9,2572.03,0,25220.03,32505.53,77.03,2703.41,17794.81,0,0,0,0
2009-12-08 18:00:00,0,3201.9,0,305.07,13639.57,6527.44,7676.27,0,0,2376.43,16904.42,242.16,0,16652.86,1507.04,4357.44,78046.48,0,20088.4,0,0,98278.15,0,0,0,2767.49,2587.62,0,25387.85,32438.89,76.9,2676.18,17827.29,0,0,0,0
2009-12-08 19:00:00,0,3195.09,0,332.12,13980.46,7088.55,7732.34,0,0,2453.77,17229.3,263.19,0,17148.84,1638.04,4372.47,81308.97,0,20680.03,0,0,102764.07,0,0,0,2850.52,2753.49,0,26801.24,33309.21,74.42,2827.76,18650.59,0,0,0,0
2009-12-08 20:00:00,0,3217.7,0,322.7,14140.49,6794.27,7479.25,0,0,2310.24,16289.97,253.51,0,16379.22,1527.04,4209.96,79651.27,0,20067.6,0,0,99834.63,0,0,0,2865.23,2695.53,0,26874.18,33427.45,71.8,2658.88,18574.95,0,0,0,0
2009-12-08 21:00:00,0,3168.12,0,302.66,13591.77,6414.04,7150.58,0,0,2147.2,15230.38,236.24,0,15613.44,1426.15,4028.37,78067.6,0,19428.26,0,0,96995.52,0,0,0,2819.35,2634.33,0,25975.72,33289.47,69.57,2474.67,17940.39,0,0,0,0
2009-12-08 22:00:00,0,3048.22,0,279.55,12952.7,5910.6,6746.29,0,0,1988.87,14201.72,218.59,0,14837.28,1341.73,3844.32,75828.13,0,18499.94,0,0,93561.78,0,0,0,2656.45,2564.66,0,24614.27,32633.83,67.45,2296.5,17324.55,0,0,0,0
2009-12-08 23:00:00,0,2960.85,0,258.29,12300.15,5440.06,6308.04,0,0,1860.61,13148.54,203.06,0,14086.24,1244.04,3661.24,73073.03,0,17352.89,0,0,90258.22,0,0,0,2488.85,2427.02,0,23217.74,31747.71,65.64,2127.64,16425.48,0,0,0,0
2009-12-09 00:00:00,0,2845.54,0,238.19,11681.74,4966.6,5875.69,0,0,1735.02,12175.86,186.61,0,13276.8,1145.81,3475.9,70275.41,0,16177.16,0,0,86939.27,0,0,0,2309.18,2286.4,0,21806.37,30714.8,65.23,1999.48,15525.96,0,0,0,0
2009-12-09 01:00:00,0,2733.97,0,219.76,11137.92,4561.19,5489.52,0,0,1620.33,11308.74,170.19,0,12677.98,1062.66,3276.64,67564.92,0,15094.53,0,0,83613.59,0,0,0,2141.24,2148.73,0,20453.71,29836.08,65.55,1868.64,14783.33,0,0,0,0
2009-12-09 02:00:00,0,2707.13,0,207.47,10895.64,4233.32,5294.38,0,0,1513.28,10620.69,155.86,0,12540.87,994.54,3122.25,65162.71,0,14390.08,0,0,80746.91,0,0,0,2056.71,2095.38,0,19450.59,29234.04,65.39,1764.6,14107.21,0,0,0,0
2009-12-09 03:00:00,0,2711.4,0,208.05,10990.88,4066.49,5251.14,0,0,1464.41,10270.5,150.3,0,12739.29,963.91,3007.27,63161.95,0,14564.97,0,0,79397.33,0,0,0,2053.88,2083.58,0,18955.51,28862.12,66.14,1721.42,13475.33,0,0,0,0
2009-12-09 04:00:00,0,2806.7,0,217.27,11364.28,4182.27,5406.88,0,0,1491.7,10436.41,155.37,0,13034.49,979.47,3040.97,63508.17,0,15059.02,0,0,79167.24,0,0,0,2103.67,2096.14,0,18978.41,28812.99,67.65,1774.01,13384.41,0,0,0,0
2009-12-09 05:00:00,0,2927.68,0,220.63,11813.59,4349.84,5612.18,0,0,1532.14,10778.36,162.78,0,13347.98,1024.75,3158.88,64852.48,0,15433.98,0,0,79920.91,0,0,0,2139.98,2090.39,0,19501.32,29356.1,69.3,1818.86,13476.74,0,0,0,0
2009-12-09 06:00:00,0,3070.57,0,226.1,12181.35,4584.46,5721.11,0,0,1584.94,11144.16,171.41,0,13621.93,1064.73,3286.6,66565.87,0,15689.82,0,0,80882.69,0,0,0,2144.12,2048.14,0,19978.6,30406.08,72.59,1946.48,13798.46,0,0,0,0
2009-12-09 07:00:00,0,3207.56,0,238.88,12550.21,4766.67,5770.15,0,0,1639.49,11569.77,180.82,0,13825.08,1107.22,3398.98,68575.7,0,16057.32,0,0,82058.8,0,0,0,2141.13,1978.76,0,20461.02,31581.88,77.2,2001.71,14166.71,0,0,0,0
2009-12-09 08:00:00,0,3355.32,0,267.16,13114.39,5004.86,5921.33,0,0,1764.36,12772.89,189.2,0,14623.67,1149.3,3560.76,70568.21,0,16707.49,0,0,84452.08,0,0,0,2241.45,1993.2,0,21242.29,32714.02,82.08,2083.83,14715.66,0,0,0,0
2009-12-09 09:00:00,0,3550.97,0,289.86,13345.45,5310.26,6069.54,0,0,1884.51,13754.97,199.6,0,15230.29,1198.54,3771.71,73637.8,0,17306.92,0,0,87661.88,0,0,0,2303.01,2061.6,0,22119.78,34610.31,86.78,2178.96,15902.94,0,0,0,0
2009-12-09 10:00:00,0,3762.09,0,301.69,13257.78,5612.61,6124.59,0,0,1973.59,14395.28,204.11,0,15521.88,1315.88,3994.01,76844.15,0,17939.03,0,0,91079.78,0,0,0,2353.37,2105.76,0,22834.52,36409.49,91.81,2286.27,16729.92,0,0,0,0
2009-12-09 11:00:00,0,3792.94,0,297.79,12750.6,5986.65,6055.48,0,0,2106.26,15394.04,212.1,0,15601.71,1369.43,4166.07,79109.4,0,18393.61,0,0,91533.69,0,0,0,2403.62,2140.93,0,23515.24,36665.94,95.71,2441.77,17513.53,0,0,0,0
2009-12-09 12:00:00,0,3759.41,0,294.67,12198.07,6334.79,5851.72,0,0,2253.72,16298.01,219.59,0,15643.83,1403.52,4335.67,80514.93,0,18974.33,0,0,91832.92,0,0,0,2454.82,2179.81,0,23955.86,36720.58,96.05,2604.33,18105.88,0,0,0,0
2009-12-09 13:00:00,0,3723.56,0,299.44,11679.8,6631.83,5773.74,0,0,2382.02,16979.79,225.87,0,15674.88,1434.79,4502.7,81565.46,0,18671.44,0,0,92405.29,0,0,0,2519.68,2238.56,0,24108.37,36601.86,95.64,2711.59,18558.67,0,0,0,0
2009-12-09 14:00:00,0,3669.67,0,313.84,11261.51,6824.6,5725.04,0,0,2464.98,17562.46,231.18,0,15719.02,1503.18,4592.08,81801.05,0,18686.09,0,0,92652.15,0,0,0,2568.28,2289.43,0,23839.36,36288.26,94.64,2773.75,18644.8,0,0,0,0
2009-12-09 15:00:00,0,3645.37,0,318.65,10869.78,6921.42,5628.76,0,0,2491.33,17985.2,239.91,0,15826.15,1510.24,4663.58,81745.27,0,18801.63,0,0,93248.38,0,0,0,2610.61,2325.92,0,23369.55,35979.31,93.33,2767.92,18642.76,0,0,0,0
2009-12-09 16:00:00,0,3646.8,0,320.94,10589.48,6888.38,5719.66,0,0,2483.96,17954.15,244.56,0,16044.37,1548.5,4711.37,81518.47,0,18872.11,0,0,94406.45,0,0,0,2602.7,2330.99,0,23071.56,35653.01,91.3,2792.09,18653.1,0,0,0,0
2009-12-09 17:00:00,0,3607.29,0,323.69,10614.75,6885.86,5867.96,0,0,2448.32,17635.88,244.12,0,16264.77,1506.11,4765.29,81631.34,0,19098.11,0,0,94905.16,0,0,0,2592.72,2333.09,0,23040.58,35420.09,88.85,2797.05,18609.06,0,0,0,0
2009-12-09 18:00:00,0,3634.13,0,313.08,10862.31,6759.54,5948.48,0,0,2381.32,17263.74,243.12,0,16486.92,1501.42,4855.45,82363.17,0,19383.92,0,0,95825.05,0,0,0,2607.79,2381.08,0,23411.61,35798.48,88.06,2784.39,19194.02,0,0,0,0
2009-12-09 19:00:00,0,4035.41,0,339.78,11921.01,7400.12,6683.05,0,0,2569.21,17773.2,265.03,0,16242.95,1595.87,5086.84,87358.67,0,20046.9,0,0,100036.95,0,0,0,2709.43,2398.84,0,26220.22,38745.85,94.13,2948.14,20816.74,0,0,0,0
2009-12-09 20:00:00,0,4135.98,0,338.42,12055.36,7007.61,6231.4,0,0,2375.81,16617.1,259.27,0,15447.79,1485.85,5046.24,86406.36,0,19450.54,0,0,97139.54,0,0,0,2685.57,2305.98,0,26839.91,39079.01,93.53,2764.93,21577.94,0,0,0,0
2009-12-09 21:00:00,0,4063.96,0,326.85,11727.1,6613.78,5898.2,0,0,2196.38,15556.0,245.6,0,14733.65,1400.72,4980.79,85524.24,0,18810.46,0,0,94405.6,0,0,0,2570.24,2224.12,0,26445.7,39094.14,92.85,2583.9,21579.15,0,0,0,0
2009-12-09 22:00:00,0,3979.67,0,304.61,11511.13,6055.67,5613.7,0,0,2040.54,14498.87,228.55,0,13992.11,1332.18,4933.61,83887.18,0,17858.38,0,0,91776.92,0,0,0,2442.89,2137.86,0,26063.79,38363.6,91.8,2386.14,21145.18,0,0,0,0
2009-12-09 23:00:00,0,3936.58,0,268.73,11218.21,5498.4,5337.96,0,0,1882.8,13373.13,213.71,0,13235.99,1246.08,4857.87,82265.38,0,16798.89,0,0,89475.21,0,0,0,2325.53,2076.42,0,25655.91,37546.97,90.85,2193.77,20664.28,0,0,0,0
2009-12-10 00:00:00,0,3914.99,0,245.42,10922.28,4955.42,5087.34,0,0,1731.61,12355.34,196.32,0,12472.55,1165.34,4762.89,80319.22,0,15662.09,0,0,87699.18,0,0,0,2206.17,2008.41,0,25110.15,36584.54,89.83,2009.99,20080.59,0,0,0,0
2009-12-10 01:00:00,0,3895.25,0,229.11,10850.96,4463.11,5005.76,0,0,1581.01,11395.34,180.12,0,11757.99,1121.68,4668.54,78479.26,0,14748.36,0,0,86766.35,0,0,0,2087.73,1945.48,0,24663.4,35734.6,89.03,1837.73,19523.15,0,0,0,0
2009-12-10 02:00:00,0,3896.7,0,219.05,10975.01,4031.45,5047.96,0,0,1448.25,10571.12,164.12,0,11423.51,1040.81,4590.32,76584.32,0,14148.29,0,0,85698.63,0,0,0,2010.55,1932.5,0,24290.14,35216.25,88.22,1705.69,19279.73,0,0,0,0
2009-12-10 03:00:00,0,3960.39,0,220.95,11101.95,3869.17,5384.15,0,0,1399.41,10172.68,158.06,0,11712.97,1001.3,4547.46,75879.73,0,14011.23,0,0,85290.31,0,0,0,2054.78,1996.55,0,24674.91,34907.38,89.04,1689.57,19430.83,0,0,0,0
2009-12-10 04:00:00,0,4030.75,0,229.63,11665.2,4033.04,5913.3,0,0,1429.39,10316.23,162.81,0,12019.05,1006.11,4631.04,76788.13,0,14182.61,0,0,86484.31,0,0,0,2196.89,2120.7,0,25562.47,34922.53,90.54,1764.14,19882.05,0,0,0,0
2009-12-10 05:00:00,0,4091.34,0,241.78,12262.97,4220.53,6428.75,0,0,1477.38,10599.96,168.64,0,12304.37,1048.31,4758.38,78480.04,0,14686.22,0,0,89184.5,0,0,0,2372.34,2328.71,0,26444.86,35198.79,92.51,1847.42,20347.32,0,0,0,0
2009-12-10 06:00:00,0,4163.89,0,254.84,12889.72,4410.59,6906.77,0,0,1528.21,10849.83,171.99,0,12711.71,1077.07,4869.44,80056.66,0,15107.24,0,0,91589.01,0,0,0,2491.26,2469.71,0,27356.48,35772.71,94.63,1937.68,20819.21,0,0,0,0
2009-12-10 07:00:00,0,4193.2,0,268.1,13535.01,4622.54,7349.34,0,0,1584.67,11088.18,169.08,0,13159.82,1162.66,4962.84,81719.54,0,15661.42,0,0,93941.39,0,0,0,2602.47,2598.03,0,28274.59,36268.71,96.65,2044.61,21310.14,0,0,0,0
2009-12-10 08:00:00,0,4203.4,0,280.32,14516.55,4869.8,7850.37,0,0,1705.91,12037.36,167.14,0,14782.1,1258.63,5117.29,83522.95,0,17578.57,0,0,100970.24,0,0,0,2743.52,2726.11,0,30127.03,36826.7,98.28,2182.4,22202.13,0,0,0,0
2009-12-10 09:00:00,0,4279.77,0,295.24,14322.69,5146.24,7963.14,0,0,1831.66,13074.92,171.46,0,15014.85,1346.68,5418.55,88504.96,0,18440.86,0,0,104743.22,0,0,0,2888.11,2842.94,0,31862.44,38284.02,100.03,2300.6,23932.89,0,0,0,0
2009-12-10 10:00:00,0,4109.73,0,311.95,13817.29,5413.49,7841.83,0,0,1938.55,13859.24,184.37,0,15033.22,1434.17,5449.3,90235.74,0,18703.08,0,0,104760.22,0,0,0,2903.41,2904.68,0,31759.78,38569.65,100.98,2403.31,24131.17,0,0,0,0
2009-12-10 11:00:00,0,3903.16,0,321.75,13300.96,5660.91,7421.64,0,0,2051.14,14484.3,191.51,0,15030.79,1487.28,5396.07,90203.37,0,18821.3,0,0,104200.93,0,0,0,2857.78,2882.24,0,31273.78,37829.17,99.85,2521.8,23855.67,0,0,0,0
2009-12-10 12:00:00,0,3723.71,0,329.21,12794.69,5737.37,7016.54,0,0,2152.91,14991.46,199.76,0,15040.04,1537.31,5359.0,89801.58,0,18933.34,0,0,103710.31,0,0,0,2792.91,2808.15,0,30643.7,37053.33,98.24,2522.34,23434.44,0,0,0,0
2009-12-10 13:00:00,0,3560.85,0,333.86,12371.74,5615.23,6743.7,0,0,2112.28,15001.4,205.16,0,15015.03,1582.23,5318.1,89022.83,0,19033.18,0,0,103428.62,0,0,0,2725.19,2718.38,0,29839.5,36282.4,96.25,2517.39,22900.75,0,0,0,0
2009-12-10 14:00:00,0,3422.19,0,333.37,12094.81,5518.81,6590.4,0,0,2036.4,14964.68,206.18,0,14973.23,1597.75,5272.92,88174.44,0,19170.28,0,0,103162.9,0,0,0,2627.1,2582.45,0,29005.21,35496.02,93.99,2499.92,22396.39,0,0,0,0
2009-12-10 15:00:00,0,3308.57,0,325.88,12007.08,5460.98,6529.85,0,0,2026.83,15160.01,212.14,0,15070.88,1600.19,5208.79,87041.62,0,19383.89,0,0,102548.38,0,0,0,2536.67,2404.67,0,28330.67,34808.4,91.42,2434.79,22098.82,0,0,0,0
2009-12-10 16:00:00,0,3221.7,0,323.92,12235.3,5444.0,6616.05,0,0,2011.13,15259.51,214.27,0,15753.16,1615.66,5128.2,85971.36,0,19717.7,0,0,102915.52,0,0,0,2532.44,2375.07,0,28043.37,34270.32,88.73,2304.45,21935.87,0,0,0,0
2009-12-10 17:00:00,0,3221.27,0,323.62,12927.97,5435.43,7152.17,0,0,1996.34,15124.48,219.98,0,16240.99,1611.1,5087.32,85349.32,0,20121.79,0,0,104618.64,0,0,0,2643.95,2462.79,0,28164.66,34083.36,85.48,2254.12,21711.2,0,0,0,0
2009-12-10 18:00:00,0,3321.91,0,328.21,13334.57,5480.45,7444.35,0,0,1985.47,14802.4,227.31,0,16586.21,1644.22,5129.59,85268.48,0,20503.36,0,0,106024.82,0,0,0,2756.46,2631.73,0,29200.68,34469.63,84.83,2273.49,22514.49,0,0,0,0
2009-12-10 19:00:00,0,3658.57,0,355.62,14861.97,6308.79,8464.6,0,0,2115.08,15511.95,239.19,0,17892.13,1782.78,5542.22,92723.47,0,22144.46,0,0,111406.13,0,0,0,3075.63,3050.4,0,32575.15,36902.01,93.41,2407.63,23653.51,0,0,0,0
2009-12-10 20:00:00,0,3781.53,0,359.53,15180.02,6067.87,8331.55,0,0,1958.79,14505.02,232.48,0,17086.21,1705.81,5445.28,91368.59,0,21498.31,0,0,108706.39,0,0,0,3144.31,3019.46,0,33455.49,37387.82,91.87,2260.42,24256.16,0,0,0,0
2009-12-10 21:00:00,0,3750.74,0,342.21,14797.92,5828.66,8224.82,0,0,1808.97,13480.1,227.67,0,16271.9,1625.98,5332.57,89654.44,0,20794.85,0,0,105935.14,0,0,0,3096.7,3015.78,0,32848.92,37512.46,90.14,2126.82,24153.95,0,0,0,0
2009-12-10 22:00:00,0,3663.57,0,323.13,14390.51,5545.81,8137.78,0,0,1665.52,12424.12,211.93,0,15474.9,1548.92,5211.19,87334.54,0,19769.78,0,0,103227.8,0,0,0,3041.47,3031.26,0,32123.98,36699.95,88.54,1994.95,23417.56,0,0,0,0
2009-12-10 23:00:00,0,3569.6,0,306.37,13970.95,5100.08,8041.97,0,0,1530.47,11336.25,194.82,0,14713.93,1473.22,5088.64,84898.95,0,18840.09,0,0,100738.2,0,0,0,2993.36,3027.68,0,31524.77,35641.18,86.87,1865.78,22655.1,0,0,0,0
2009-12-11 00:00:00,0,3477.68,0,294.17,13546.11,4746.02,7923.7,0,0,1403.18,10336.49,179.55,0,14018.13,1404.02,4937.61,82366.99,0,17947.69,0,0,98363.96,0,0,0,2935.64,3001.04,0,30825.66,34539.05,85.45,1746.39,21894.34,0,0,0,0
2009-12-11 01:00:00,0,3389.02,0,280.41,13315.12,4514.14,7811.8,0,0,1304.14,9515.22,167.66,0,13391.04,1391.88,4813.21,80004.78,0,17038.65,0,0,95881.5,0,0,0,2863.11,2990.48,0,30016.29,33441.85,83.96,1633.18,21372.24,0,0,0,0
2009-12-11 02:00:00,0,3331.04,0,282.49,13232.17,4406.08,7837.8,0,0,1243.51,8945.79,160.94,0,12983.62,1346.58,4699.3,77913.98,0,16228.32,0,0,93489.03,0,0,0,2835.2,3047.57,0,29383.75,32677.99,82.55,1535.23,21420.05,0,0,0,0
2009-12-11 03:00:00,0,3365.2,0,291.02,13317.02,4395.11,7969.67,0,0,1237.34,8852.37,162.14,0,12999.73,1364.27,4671.56,77248.69,0,15919.68,0,0,92374.88,0,0,0,2889.29,3107.87,0,29398.53,32359.41,83.05,1502.48,21597.68,0,0,0,0
2009-12-11 04:00:00,0,3424.76,0,301.51,13760.29,4379.68,8250.65,0,0,1269.95,9081.79,166.13,0,13324.05,1434.86,4769.98,78197.75,0,16072.71,0,0,94029.26,0,0,0,2978.01,3181.42,0,29653.72,32418.97,84.17,1507.82,21937.19,0,0,0,0
2009-12-11 05:00:00,0,3510.6,0,314.54,14270.49,4525.41,8544.84,0,0,1318.29,9397.09,180.15,0,13739.76,1542.49,4893.14,79690.75,0,16387.83,0,0,96172.54,0,0,0,3080.4,3265.87,0,29955.97,33000.15,85.46,1561.26,22285.81,0,0,0,0
2009-12-11 06:00:00,0,3587.54,0,312.09,14771.47,4665.97,8839.22,0,0,1368.6,9725.38,188.73,0,14128.77,1616.4,5034.46,81118.22,0,16714.43,0,0,98391.99,0,0,0,3177.65,3344.81,0,30255.85,33794.19,87.02,1624.69,22656.29,0,0,0,0
2009-12-11 07:00:00,0,3649.28,0,313.02,15191.8,4863.1,9147.4,0,0,1430.13,10068.69,193.77,0,14499.7,1590.1,5174.02,82394.34,0,17222.27,0,0,100463.99,0,0,0,3261.76,3425.57,0,30742.63,34522.38,88.74,1692.6,23033.64,0,0,0,0
2009-12-11 08:00:00,0,3709.44,0,318.73,16055.1,5100.75,9531.72,0,0,1540.74,10613.38,205.05,0,15818.21,1678.44,5317.79,83555.95,0,18773.25,0,0,105546.54,0,0,0,3400.01,3535.61,0,31826.35,35221.98,90.65,1793.49,23501.87,0,0,0,0
2009-12-11 09:00:00,0,3791.22,0,330.51,15903.49,5288.02,9547.49,0,0,1647.52,11274.09,209.18,0,16020.95,1705.67,5349.44,87454.96,0,19749.08,0,0,107201.59,0,0,0,3461.98,3549.6,0,33211.1,36399.76,92.51,1914.32,24532.0,0,0,0,0
2009-12-11 10:00:00,0,3627.84,0,348.78,15257.98,5410.1,9164.56,0,0,1697.74,11936.58,218.95,0,16018.59,1758.76,5135.66,88750.52,0,19884.82,0,0,105358.62,0,0,0,3422.74,3520.14,0,32630.25,36703.42,91.65,2010.66,23840.28,0,0,0,0
2009-12-11 11:00:00,0,3382.7,0,365.87,14665.6,5487.73,8794.15,0,0,1741.74,12427.74,222.78,0,15981.27,1743.38,4958.35,88356.25,0,19936.54,0,0,103730.3,0,0,0,3355.98,3476.18,0,32266.72,35853.93,89.96,2083.06,23006.11,0,0,0,0
2009-12-11 12:00:00,0,3185.16,0,361.23,14207.64,5490.27,8491.22,0,0,1776.36,12809.51,218.42,0,15891.13,1670.95,4846.1,87374.86,0,19976.56,0,0,102073.41,0,0,0,3242.04,3395.97,0,31925.76,34810.51,88.11,2142.4,22430.73,0,0,0,0
2009-12-11 13:00:00,0,3033.62,0,359.91,13819.21,5510.46,8271.32,0,0,1806.1,13201.28,223.69,0,15835.37,1640.68,4762.86,86272.81,0,19984.67,0,0,100505.5,0,0,0,3118.67,3311.32,0,31530.74,33907.84,86.39,2174.99,21935.41,0,0,0,0
2009-12-11 14:00:00,0,2925.99,0,358.99,13456.37,5498.78,8071.93,0,0,1845.25,13544.7,224.13,0,15850.71,1616.7,4695.64,85204.11,0,20039.86,0,0,99263.63,0,0,0,3007.96,3246.41,0,31108.86,33232.09,84.79,2197.63,21561.92,0,0,0,0
2009-12-11 15:00:00,0,2840.38,0,363.02,13193.93,5488.57,7881.65,0,0,1882.37,13813.72,225.07,0,15948.2,1608.73,4636.96,84171.3,0,20102.56,0,0,98024.24,0,0,0,2916.34,3183.52,0,30493.48,32663.61,83.0,2216.39,21180.67,0,0,0,0
2009-12-11 16:00:00,0,2802.77,0,362.79,12973.05,5507.17,7895.29,0,0,1922.26,14054.22,229.01,0,16551.48,1610.2,4585.77,83292.41,0,20281.41,0,0,98136.21,0,0,0,2874.75,3136.07,0,29723.82,32146.08,80.7,2228.08,20783.18,0,0,0,0
2009-12-11 17:00:00,0,2900.51,0,367.89,13466.52,5541.71,8399.53,0,0,1956.36,14274.16,232.92,0,17076.6,1602.47,4655.18,83411.8,0,20513.79,0,0,100966.29,0,0,0,2965.07,3239.19,0,29953.65,32061.78,79.34,2239.67,21047.43,0,0,0,0
2009-12-11 18:00:00,0,3061.45,0,374.26,13652.47,5603.82,8600.38,0,0,1995.22,14567.73,237.41,0,17486.97,1594.43,4754.04,83953.01,0,20917.92,0,0,103241.22,0,0,0,3070.27,3342.72,0,30579.35,32707.27,79.65,2269.27,21595.05,0,0,0,0
2009-12-11 19:00:00,0,3242.7,0,357.1,14578.81,5705.91,9629.28,0,0,1896.38,14140.45,243.3,0,17699.04,1623.46,5005.97,87106.87,0,21947.98,0,0,107392.47,0,0,0,3369.12,3787.24,0,31019.13,33752.04,79.68,2285.13,21749.51,0,0,0,0
2009-12-11 20:00:00,0,3370.42,0,351.75,14816.51,5521.58,9446.8,0,0,1795.75,13370.27,235.76,0,16852.36,1540.63,4916.0,86325.08,0,21309.0,0,0,105099.28,0,0,0,3431.24,3754.63,0,31845.9,34431.13,78.39,2167.1,22455.06,0,0,0,0
2009-12-11 21:00:00,0,3426.79,0,344.05,14619.92,5353.49,9238.42,0,0,1699.93,12587.75,229.37,0,16030.57,1459.04,4809.72,85010.09,0,20774.37,0,0,102627.78,0,0,0,3434.28,3709.66,0,30989.55,34046.91,76.77,2054.53,22459.15,0,0,0,0
2009-12-11 22:00:00,0,3357.27,0,326.86,14244.47,5096.2,9054.49,0,0,1611.04,11860.95,212.53,0,15224.49,1376.68,4703.53,82552.96,0,19920.38,0,0,100045.19,0,0,0,3346.46,3640.12,0,29902.38,33615.25,74.74,1949.19,21823.16,0,0,0,0
2009-12-11 23:00:00,0,3273.65,0,311.08,13943.26,4731.0,8871.33,0,0,1534.17,11177.89,194.82,0,14458.78,1292.51,4593.13,79976.63,0,18988.61,0,0,97192.54,0,0,0,3254.19,3592.51,0,28760.48,33073.16,72.44,1844.14,21194.97,0,0,0,0
2009-12-12 00:00:00,0,3181.35,0,294.55,13598.1,4418.15,8718.29,0,0,1455.38,10545.31,179.04,0,13750.11,1212.95,4484.83,77349.81,0,18050.82,0,0,94244.02,0,0,0,3173.09,3551.16,0,27718.76,32358.18,70.09,1739.19,20553.83,0,0,0,0
2009-12-12 01:00:00,0,3089.13,0,280.38,13184.15,4122.68,8621.35,0,0,1385.73,9980.55,165.25,0,13110.8,1128.18,4382.33,74754.35,0,17127.59,0,0,91225.18,0,0,0,3091.72,3556.79,0,26808.56,31591.54,68.27,1632.77,20168.94,0,0,0,0
2009-12-12 02:00:00,0,3021.81,0,270.16,12963.3,3870.26,8510.99,0,0,1321.57,9458.72,150.83,0,12621.39,1076.86,4304.74,72773.37,0,16264.48,0,0,89029.05,0,0,0,3029.29,3569.58,0,26082.28,30760.65,67.3,1536.07,19926.17,0,0,0,0
2009-12-12 03:00:00,0,2991.85,0,263.24,12982.68,3752.48,8508.5,0,0,1272.79,9091.99,145.76,0,12655.28,1059.12,4272.45,71551.59,0,15732.23,0,0,87759.95,0,0,0,2991.56,3570.27,0,25653.17,30008.7,66.42,1486.6,19785.92,0,0,0,0
2009-12-12 04:00:00,0,2975.98,0,262.01,13173.35,3744.46,8701.56,0,0,1287.85,9080.28,146.32,0,12839.65,1070.28,4277.97,70970.24,0,15539.23,0,0,87820.26,0,0,0,3005.9,3574.11,0,25426.74,29446.42,66.31,1499.56,19681.74,0,0,0,0
2009-12-12 05:00:00,0,2995.2,0,260.26,13433.81,3769.98,8902.21,0,0,1318.4,9285.76,149.5,0,13069.39,1104.73,4345.0,71456.06,0,15695.11,0,0,88757.4,0,0,0,3058.2,3579.44,0,25668.7,29388.33,66.99,1559.39,19811.44,0,0,0,0
2009-12-12 06:00:00,0,3033.34,0,267.01,13790.29,3879.41,9098.67,0,0,1360.74,9630.26,155.37,0,13333.03,1133.1,4430.05,72177.97,0,16007.21,0,0,89835.31,0,0,0,3101.14,3590.56,0,25971.63,29531.15,67.79,1613.86,19969.69,0,0,0,0
2009-12-12 07:00:00,0,3076.62,0,270.36,14099.85,4019.79,9289.12,0,0,1403.09,10045.39,161.86,0,13694.87,1129.97,4525.34,72762.47,0,16323.43,0,0,91010.69,0,0,0,3135.34,3611.12,0,26365.04,29770.44,68.53,1654.52,20148.8,0,0,0,0
2009-12-12 08:00:00,0,3112.63,0,276.19,14571.81,4278.0,9444.31,0,0,1462.78,10782.92,168.23,0,14070.23,1154.44,4625.32,73375.55,0,17098.32,0,0,93287.02,0,0,0,3161.81,3591.33,0,27001.85,30022.23,68.7,1711.38,20476.88,0,0,0,0
2009-12-12 09:00:00,0,3190.49,0,283.12,14702.54,4654.69,9281.2,0,0,1560.26,11699.5,171.6,0,14355.38,1176.82,4606.08,74797.97,0,17285.16,0,0,92730.33,0,0,0,3055.22,3523.57,0,27967.44,30516.11,69.22,1833.16,21223.25,0,0,0,0
2009-12-12 10:00:00,0,3224.13,0,289.62,14274.57,4969.0,8907.53,0,0,1669.96,12556.56,169.85,0,14504.36,1198.24,4338.75,75248.76,0,17301.8,0,0,89655.74,0,0,0,2919.01,3441.82,0,28508.01,31266.61,68.97,1991.09,20747.39,0,0,0,0
2009-12-12 11:00:00,0,3166.2,0,298.34,13892.44,5214.02,8602.58,0,0,1743.4,13264.13,172.87,0,14556.98,1197.52,4144.97,75062.05,0,17309.93,0,0,87283.57,0,0,0,2843.29,3358.7,0,28737.53,31269.43,68.5,2111.1,20203.1,0,0,0,0
2009-12-12 12:00:00,0,3122.12,0,305.48,13636.94,5250.73,8332.82,0,0,1803.64,13901.42,181.19,0,14504.37,1189.42,3992.76,74621.53,0,17207.23,0,0,85802.72,0,0,0,2789.11,3285.83,0,28737.09,31060.72,68.49,2151.38,19861.47,0,0,0,0
2009-12-12 13:00:00,0,3096.77,0,310.4,13375.42,5324.24,8108.57,0,0,1856.34,14449.88,182.99,0,14383.32,1206.53,3915.16,74062.43,0,17151.7,0,0,84729.69,0,0,0,2746.31,3166.61,0,28769.17,30694.9,68.02,2196.19,19607.95,0,0,0,0
2009-12-12 14:00:00,0,3089.27,0,314.11,13210.58,5407.53,7917.87,0,0,1908.84,14965.72,186.35,0,14220.74,1227.62,3876.31,73386.78,0,17183.02,0,0,84409.77,0,0,0,2717.41,3044.46,0,28825.57,30326.24,67.65,2240.89,19492.43,0,0,0,0
2009-12-12 15:00:00,0,3090.75,0,312.92,13176.61,5483.68,7874.1,0,0,1951.19,15142.91,189.22,0,14338.98,1245.98,3882.59,72946.32,0,17297.49,0,0,83987.76,0,0,0,2711.81,2991.07,0,28834.92,29987.25,66.89,2296.7,19585.27,0,0,0,0
2009-12-12 16:00:00,0,3091.76,0,306.89,13295.9,5561.16,7995.21,0,0,1978.92,15068.58,192.15,0,15367.72,1265.73,3942.41,72607.25,0,17761.57,0,0,85408.55,0,0,0,2730.79,2978.83,0,28909.97,29594.27,66.02,2370.25,19774.42,0,0,0,0
2009-12-12 17:00:00,0,3085.6,0,305.55,13539.81,5597.08,8273.05,0,0,1994.26,15035.99,195.36,0,16183.91,1283.1,4060.98,72672.97,0,18475.59,0,0,89716.45,0,0,0,2769.08,3027.62,0,29079.28,29304.28,65.77,2386.4,20085.63,0,0,0,0
2009-12-12 18:00:00,0,3092.82,0,310.1,13740.32,5630.74,8436.26,0,0,2005.77,15314.64,199.99,0,16719.41,1301.18,4155.14,73368.17,0,18957.08,0,0,92308.63,0,0,0,2839.7,3108.46,0,29360.9,29177.99,65.56,2381.98,20573.81,0,0,0,0
2009-12-12 19:00:00,0,3129.11,0,310.15,14208.82,5866.8,8870.15,0,0,2147.57,15628.81,206.66,0,17706.15,1496.6,4535.61,79992.94,0,20766.03,0,0,102393.27,0,0,0,3103.41,3379.91,0,31210.1,31498.06,69.43,2554.15,21438.84,0,0,0,0
2009-12-12 20:00:00,0,3168.73,0,304.81,14397.07,5706.18,8699.15,0,0,2039.31,14862.15,203.38,0,16941.21,1417.51,4463.05,78919.62,0,20278.13,0,0,100122.45,0,0,0,3140.67,3357.28,0,31366.42,32186.55,67.69,2432.42,21459.25,0,0,0,0
2009-12-12 21:00:00,0,3192.46,0,297.59,14124.16,5531.31,8485.66,0,0,1938.83,14092.81,201.19,0,16159.85,1351.93,4371.7,77499.59,0,19793.14,0,0,97520.48,0,0,0,3172.66,3334.54,0,30192.29,31511.55,65.89,2304.4,20808.44,0,0,0,0
2009-12-12 22:00:00,0,3051.46,0,280.06,13596.06,5185.01,8223.55,0,0,1837.1,13352.03,187.35,0,15347.46,1284.97,4260.44,75520.29,0,18945.47,0,0,94484.92,0,0,0,3085.47,3250.45,0,28889.21,30848.86,64.27,2175.97,20003.24,0,0,0,0
2009-12-12 23:00:00,0,2926.51,0,262.66,13056.16,4805.7,7934.85,0,0,1750.5,12609.58,173.57,0,14548.07,1209.36,4117.98,73036.96,0,18057.29,0,0,91527.29,0,0,0,2972.71,3132.33,0,27514.18,30136.07,62.31,2055.83,18860.78,0,0,0,0
2009-12-13 00:00:00,0,2799.22,0,247.43,12564.03,4405.1,7654.55,0,0,1646.46,11814.11,161.35,0,13698.77,1131.33,3930.69,70379.2,0,17147.58,0,0,88277.52,0,0,0,2867.95,3031.54,0,26317.61,29400.94,60.2,1933.19,17777.2,0,0,0,0
2009-12-13 01:00:00,0,2661.51,0,228.99,12143.8,4097.71,7425.39,0,0,1542.05,11073.49,150.96,0,12948.19,1049.68,3729.55,67512.63,0,16190.14,0,0,85062.45,0,0,0,2784.47,2988.3,0,25211.74,28626.76,58.32,1818.62,16849.78,0,0,0,0
2009-12-13 02:00:00,0,2522.47,0,214.87,11793.56,3850.44,7196.76,0,0,1450.21,10530.79,141.81,0,12563.12,984.74,3571.59,65109.69,0,15342.4,0,0,82256.73,0,0,0,2697.8,2934.49,0,24354.84,27828.85,56.91,1680.4,16235.75,0,0,0,0
2009-12-13 03:00:00,0,2425.09,0,209.9,11631.43,3655.89,7187.62,0,0,1380.28,10218.67,136.26,0,12500.18,942.92,3426.09,63742.95,0,14940.75,0,0,81481.5,0,0,0,2659.38,2901.38,0,23691.47,27036.07,55.64,1593.61,15846.83,0,0,0,0
2009-12-13 04:00:00,0,2386.8,0,206.56,11560.6,3673.66,7177.23,0,0,1364.08,10109.34,136.87,0,12629.91,939.17,3355.63,63082.07,0,14814.22,0,0,82508.78,0,0,0,2670.39,2883.89,0,23421.37,26729.07,54.99,1582.89,15594.57,0,0,0,0
2009-12-13 05:00:00,0,2400.67,0,204.94,11732.28,3692.12,7172.58,0,0,1369.25,10166.59,140.58,0,12778.35,957.9,3397.54,63294.45,0,14952.56,0,0,83787.7,0,0,0,2656.19,2813.38,0,23485.04,26879.39,55.4,1626.84,15608.07,0,0,0,0
2009-12-13 06:00:00,0,2437.89,0,209.37,11987.05,3845.73,7166.05,0,0,1402.2,10293.5,147.51,0,12930.97,990.47,3425.72,64097.99,0,15282.89,0,0,84764.81,0,0,0,2642.0,2746.81,0,23581.85,27236.91,56.07,1663.51,15756.69,0,0,0,0
2009-12-13 07:00:00,0,2469.99,0,215.73,12222.79,4046.59,7108.56,0,0,1438.05,10603.3,152.04,0,13081.09,1020.79,3472.03,65088.66,0,15645.63,0,0,86744.31,0,0,0,2622.06,2659.44,0,23724.95,27620.42,56.56,1700.32,15900.8,0,0,0,0
2009-12-13 08:00:00,0,2505.78,0,221.54,12648.97,4413.3,7173.07,0,0,1548.16,11650.58,160.93,0,13399.17,1077.03,3502.49,66206.66,0,16310.65,0,0,87558.24,0,0,0,2635.01,2655.62,0,24051.02,28033.41,57.21,1774.81,16131.32,0,0,0,0
2009-12-13 09:00:00,0,2589.74,0,226.85,12793.65,4881.36,7160.82,0,0,1715.08,13058.5,173.93,0,13462.96,1112.22,3540.68,67929.08,0,16821.75,0,0,89083.0,0,0,0,2639.03,2638.18,0,24323.96,28677.36,57.79,1958.85,16613.17,0,0,0,0
2009-12-13 10:00:00,0,2704.55,0,232.16,12857.33,5339.63,7061.88,0,0,1851.09,14349.02,187.5,0,13319.78,1202.65,3587.94,69645.28,0,17376.14,0,0,89565.7,0,0,0,2662.41,2634.56,0,24292.46,29524.98,58.67,2189.37,16855.57,0,0,0,0
2009-12-13 11:00:00,0,2738.78,0,239.55,12908.33,5761.47,7039.77,0,0,2010.92,15683.65,196.26,0,13402.04,1305.79,3628.3,70970.47,0,17467.6,0,0,89526.66,0,0,0,2682.61,2606.99,0,24225.64,29802.51,59.24,2436.85,16949.34,0,0,0,0
2009-12-13 12:00:00,0,2730.0,0,254.36,12877.68,6276.69,7025.79,0,0,2177.46,16845.71,200.76,0,13583.66,1401.97,3674.72,71950.02,0,17521.56,0,0,89774.69,0,0,0,2663.17,2577.75,0,24298.48,29895.11,59.11,2656.54,17040.82,0,0,0,0
2009-12-13 13:00:00,0,2716.31,0,276.15,12853.04,6775.68,6967.25,0,0,2307.72,17687.15,211.21,0,13800.51,1470.89,3717.53,72309.62,0,17575.95,0,0,89767.93,0,0,0,2608.27,2518.13,0,24311.52,29678.47,58.87,2815.95,17089.95,0,0,0,0
2009-12-13 14:00:00,0,2685.32,0,304.14,12746.47,7084.69,6916.24,0,0,2394.95,18138.97,222.5,0,14175.75,1495.63,3755.12,72142.3,0,17653.62,0,0,89730.75,0,0,0,2612.83,2480.0,0,24385.14,29310.74,58.2,2899.25,17111.75,0,0,0,0
2009-12-13 15:00:00,0,2620.94,0,308.21,12621.65,7215.21,6857.41,0,0,2421.95,18257.33,226.7,0,14525.89,1496.38,3794.62,71721.16,0,17790.67,0,0,89944.9,0,0,0,2637.7,2473.84,0,24198.62,28897.88,57.32,2931.85,17057.19,0,0,0,0
2009-12-13 16:00:00,0,2556.34,0,300.59,12345.48,7178.42,6896.08,0,0,2392.9,17984.63,227.57,0,14880.29,1492.74,3823.93,71338.32,0,17952.8,0,0,90125.67,0,0,0,2685.0,2511.88,0,24080.57,28496.7,55.92,2873.28,17174.47,0,0,0,0
2009-12-13 17:00:00,0,2518.75,0,287.52,12303.72,6935.46,7027.39,0,0,2321.5,17420.03,226.59,0,15131.93,1464.2,3866.27,71266.18,0,18092.13,0,0,90566.77,0,0,0,2756.49,2613.79,0,24131.49,28051.97,54.37,2766.0,17287.25,0,0,0,0
2009-12-13 18:00:00,0,2554.28,0,288.23,12514.92,6645.56,7264.12,0,0,2234.75,16970.13,227.71,0,15332.69,1413.39,3935.25,71585.45,0,18325.01,0,0,91131.96,0,0,0,2839.66,2723.23,0,24542.78,28044.22,54.99,2708.02,17524.66,0,0,0,0
2009-12-13 19:00:00,0,2812.0,0,341.63,13865.47,7471.84,7923.53,0,0,2567.97,17799.77,268.55,0,16465.57,1706.85,4310.72,80978.36,0,20111.15,0,0,96552.16,0,0,0,2978.68,2959.92,0,26946.13,31764.98,72.25,2978.52,19061.48,0,0,0,0
2009-12-13 20:00:00,0,2884.59,0,329.8,13889.99,7064.15,7579.85,0,0,2383.96,16671.43,257.51,0,15492.58,1589.97,4165.69,79733.44,0,19447.5,0,0,93767.61,0,0,0,2974.34,2901.83,0,27026.23,32164.62,70.38,2763.77,19263.62,0,0,0,0
2009-12-13 21:00:00,0,2891.21,0,307.4,13388.64,6583.55,7263.04,0,0,2216.39,15594.88,242.5,0,14460.97,1470.17,4020.41,77864.66,0,18600.12,0,0,91006.34,0,0,0,2939.15,2822.54,0,26283.01,32129.5,68.2,2555.93,18835.87,0,0,0,0
2009-12-13 22:00:00,0,2751.24,0,283.32,12788.66,6019.42,6953.79,0,0,2062.62,14459.9,222.54,0,13563.17,1371.32,3881.2,75602.07,0,17616.13,0,0,88225.2,0,0,0,2834.87,2721.21,0,25137.21,31305.97,65.86,2341.53,18160.54,0,0,0,0
2009-12-13 23:00:00,0,2616.59,0,262.23,12180.59,5448.65,6656.71,0,0,1906.35,13254.96,203.34,0,12778.33,1279.57,3745.4,72799.01,0,16687.12,0,0,85406.46,0,0,0,2717.03,2618.65,0,23971.5,30152.92,63.53,2128.64,17403.03,0,0,0,0
2009-12-14 00:00:00,0,2479.54,0,240.65,11618.02,4915.98,6368.34,0,0,1754.48,12132.52,185.47,0,12164.81,1174.24,3592.86,69968.92,0,15683.22,0,0,82361.46,0,0,0,2594.75,2515.5,0,22710.47,28977.06,61.83,1959.04,16666.7,0,0,0,0
2009-12-14 01:00:00,0,2347.16,0,221.76,11190.54,4474.63,6094.77,0,0,1605.03,11089.92,168.89,0,11627.94,1079.71,3446.63,67169.27,0,14629.21,0,0,79050.16,0,0,0,2477.38,2466.64,0,21553.51,27895.13,60.43,1805.71,15971.93,0,0,0,0
2009-12-14 02:00:00,0,2232.64,0,207.0,11019.39,4134.4,6091.74,0,0,1468.75,10157.26,157.25,0,11355.84,1004.51,3342.41,64874.81,0,13681.89,0,0,76010.19,0,0,0,2405.11,2488.01,0,20910.96,27111.62,59.28,1715.59,15770.67,0,0,0,0
2009-12-14 03:00:00,0,2156.54,0,208.46,11240.03,4045.45,6349.22,0,0,1447.56,9754.56,155.71,0,11480.05,995.45,3369.5,64124.33,0,13468.61,0,0,76329.34,0,0,0,2440.8,2527.52,0,20904.68,26697.92,58.63,1716.06,15755.88,0,0,0,0
2009-12-14 04:00:00,0,2188.01,0,212.91,11770.81,4167.26,6645.47,0,0,1476.6,9989.39,160.05,0,11751.75,1024.81,3461.11,64867.0,0,13850.79,0,0,78693.62,0,0,0,2512.57,2557.32,0,21337.95,26650.4,58.98,1766.44,16004.52,0,0,0,0
2009-12-14 05:00:00,0,2237.02,0,220.19,12313.51,4358.08,6945.96,0,0,1507.13,10318.53,164.28,0,12103.68,1070.8,3582.85,66186.2,0,14291.67,0,0,80845.32,0,0,0,2600.85,2595.13,0,21833.95,27397.07,59.68,1829.36,16308.44,0,0,0,0
2009-12-14 06:00:00,0,2303.08,0,229.82,12799.17,4562.25,7250.18,0,0,1549.64,10680.83,169.56,0,12462.51,1116.1,3708.06,67549.76,0,14852.55,0,0,82899.33,0,0,0,2691.36,2634.26,0,22267.04,28498.08,60.98,1898.92,16592.54,0,0,0,0
2009-12-14 07:00:00,0,2431.59,0,238.93,13288.87,4767.67,7564.34,0,0,1595.27,11062.95,174.6,0,12879.34,1157.13,3834.57,69019.92,0,15527.97,0,0,85033.93,0,0,0,2765.28,2664.7,0,22673.5,29850.69,62.54,1968.42,16882.33,0,0,0,0
2009-12-14 08:00:00,0,2627.98,0,253.3,13998.15,4988.36,7821.8,0,0,1689.56,11753.36,180.19,0,14227.66,1209.81,3968.24,70501.61,0,17112.65,0,0,88950.16,0,0,0,2870.69,2703.31,0,23174.66,31155.69,64.33,2058.12,17179.0,0,0,0,0
2009-12-14 09:00:00,0,2850.7,0,274.08,14228.53,5224.15,7938.7,0,0,1798.55,12860.96,186.9,0,14618.76,1264.95,4192.36,72735.15,0,17612.97,0,0,91560.44,0,0,0,2899.26,2733.06,0,23763.44,32545.13,66.34,2148.52,17735.66,0,0,0,0
2009-12-14 10:00:00,0,3057.89,0,287.12,14014.04,5513.51,7603.3,0,0,1897.02,13837.39,195.11,0,14762.34,1312.85,4250.05,74979.42,0,17738.05,0,0,91285.33,0,0,0,2847.76,2702.87,0,23789.43,34177.23,70.34,2237.5,17790.3,0,0,0,0
2009-12-14 11:00:00,0,3180.0,0,297.3,13552.88,5723.64,7281.15,0,0,2020.85,14785.65,201.53,0,14779.12,1362.39,4181.04,76076.36,0,17889.23,0,0,91030.12,0,0,0,2792.59,2664.99,0,23779.41,34652.21,74.05,2332.96,17514.56,0,0,0,0
2009-12-14 12:00:00,0,3261.39,0,308.17,13016.47,6041.71,6971.1,0,0,2174.47,15778.71,209.35,0,14787.01,1403.24,4035.97,76891.87,0,17971.77,0,0,90580.62,0,0,0,2755.09,2633.37,0,23708.88,34813.54,75.7,2491.07,17280.34,0,0,0,0
2009-12-14 13:00:00,0,3302.97,0,322.87,12593.06,6503.21,6711.68,0,0,2327.87,16666.26,223.32,0,14756.14,1450.35,3967.3,77400.32,0,18056.67,0,0,89730.05,0,0,0,2708.35,2594.22,0,23613.88,34792.79,76.47,2679.76,17049.3,0,0,0,0
2009-12-14 14:00:00,0,3331.31,0,334.73,12321.61,6951.44,6549.58,0,0,2429.24,17366.12,241.22,0,14598.42,1519.16,3922.97,77418.69,0,18090.91,0,0,89015.27,0,0,0,2687.37,2556.08,0,23672.91,34652.88,76.52,2828.47,16908.64,0,0,0,0
2009-12-14 15:00:00,0,3374.54,0,331.45,12101.84,7214.68,6379.37,0,0,2463.26,17764.23,254.74,0,14687.47,1563.69,3879.25,77517.02,0,18278.76,0,0,88662.83,0,0,0,2705.7,2530.96,0,23801.54,34418.52,76.61,2917.4,16758.99,0,0,0,0
2009-12-14 16:00:00,0,3421.96,0,324.14,12051.86,7295.64,6404.39,0,0,2463.03,17752.81,263.93,0,15620.78,1611.35,3831.1,77563.11,0,18889.46,0,0,89749.52,0,0,0,2729.84,2516.5,0,24039.05,34153.31,76.18,2953.07,16764.32,0,0,0,0
2009-12-14 17:00:00,0,3430.26,0,318.48,12355.41,7244.36,6703.46,0,0,2435.26,17321.05,265.7,0,16176.53,1599.76,3853.64,77546.27,0,19431.78,0,0,91654.47,0,0,0,2755.28,2532.19,0,24409.15,33888.96,75.87,2946.88,16754.75,0,0,0,0
2009-12-14 18:00:00,0,3448.21,0,317.7,12621.84,6859.06,6915.57,0,0,2344.17,16848.34,258.14,0,16580.48,1553.73,3961.52,78141.13,0,19826.12,0,0,93410.15,0,0,0,2771.54,2541.75,0,24751.6,34051.12,76.55,2853.46,17079.43,0,0,0,0
2009-12-14 19:00:00,0,3720.75,0,340.9,13079.99,7458.32,7328.4,0,0,2526.65,17527.08,287.17,0,16764.43,1694.09,4093.71,81447.58,0,20471.54,0,0,96153.5,0,0,0,2819.02,2730.38,0,25319.28,36059.75,79.68,3001.15,17749.27,0,0,0,0
2009-12-14 20:00:00,0,3803.05,0,330.66,13029.63,7036.81,7015.37,0,0,2346.9,16440.46,268.5,0,15973.28,1571.15,3938.88,80202.71,0,19797.13,0,0,93461.91,0,0,0,2784.63,2663.9,0,25060.27,36333.77,81.09,2783.63,17838.73,0,0,0,0
2009-12-14 21:00:00,0,3782.5,0,313.85,12461.54,6575.57,6671.83,0,0,2178.36,15430.32,246.97,0,15149.31,1463.07,3804.25,78818.21,0,18987.56,0,0,90848.79,0,0,0,2687.61,2555.33,0,24052.6,36549.07,81.28,2572.94,17311.83,0,0,0,0
2009-12-14 22:00:00,0,3707.41,0,292.78,11773.08,6029.08,6311.15,0,0,2035.84,14401.03,221.61,0,14290.57,1365.12,3657.23,76868.4,0,17791.91,0,0,88002.36,0,0,0,2518.5,2419.04,0,22764.96,35721.71,81.26,2372.44,16722.32,0,0,0,0
2009-12-14 23:00:00,0,3613.53,0,273.6,11089.46,5492.64,5929.1,0,0,1894.44,13314.95,201.12,0,13469.03,1268.02,3523.75,74482.47,0,16584.61,0,0,85073.81,0,0,0,2364.52,2275.03,0,21513.94,34867.58,81.07,2178.32,15978.83,0,0,0,0
2009-12-15 00:00:00,0,3516.57,0,252.85,10439.82,4968.9,5541.63,0,0,1750.26,12306.36,181.99,0,12613.17,1173.97,3426.96,72196.26,0,15459.65,0,0,82123.98,0,0,0,2216.94,2152.96,0,20383.76,34023.9,80.27,2005.05,15337.23,0,0,0,0
2009-12-15 01:00:00,0,3457.63,0,230.85,9827.81,4508.96,5202.07,0,0,1600.76,11248.32,162.18,0,12019.66,1068.96,3345.67,69762.78,0,14405.21,0,0,79058.61,0,0,0,2086.68,2062.38,0,19435.04,33272.13,79.45,1851.83,14706.98,0,0,0,0
2009-12-15 02:00:00,0,3426.56,0,217.62,9495.97,4137.88,5023.1,0,0,1471.94,10344.48,146.7,0,11789.76,993.2,3281.99,67455.99,0,13793.8,0,0,76332.47,0,0,0,2000.95,2016.94,0,18839.3,32683.58,79.87,1727.82,14433.6,0,0,0,0
2009-12-15 03:00:00,0,3458.29,0,219.04,9498.15,4030.66,5033.75,0,0,1441.35,9861.68,143.84,0,12078.75,986.01,3294.04,67065.03,0,13960.53,0,0,76333.28,0,0,0,1995.21,2010.38,0,18909.46,32458.68,80.87,1706.44,14590.64,0,0,0,0
2009-12-15 04:00:00,0,3527.92,0,222.21,9744.82,4128.73,5142.75,0,0,1469.15,10031.06,149.87,0,12494.17,1011.65,3448.32,68606.86,0,14347.96,0,0,78255.97,0,0,0,2042.64,2003.86,0,19313.89,32583.8,82.89,1760.94,15027.44,0,0,0,0
2009-12-15 05:00:00,0,3606.38,0,223.76,10180.45,4293.16,5282.2,0,0,1498.93,10357.01,157.7,0,12842.52,1052.14,3633.25,70580.51,0,14752.8,0,0,80369.39,0,0,0,2114.98,2025.64,0,19799.83,33061.02,85.35,1809.36,15627.53,0,0,0,0
2009-12-15 06:00:00,0,3686.98,0,233.28,10604.63,4465.53,5429.83,0,0,1537.4,10720.23,166.66,0,13185.04,1099.56,3816.55,72670.24,0,15190.97,0,0,82414.36,0,0,0,2180.1,2054.59,0,20287.31,33983.8,87.65,1865.09,16228.13,0,0,0,0
2009-12-15 07:00:00,0,3756.79,0,242.95,11009.31,4638.82,5585.24,0,0,1576.67,11092.75,172.21,0,13557.77,1143.84,3992.11,74901.87,0,15689.66,0,0,84462.82,0,0,0,2246.31,2081.59,0,20778.62,34837.72,89.76,1927.38,16807.35,0,0,0,0
2009-12-15 08:00:00,0,3823.89,0,254.0,11615.95,4891.6,5809.49,0,0,1708.41,12092.03,177.97,0,14317.74,1217.25,4205.28,77165.86,0,16597.26,0,0,88637.77,0,0,0,2340.88,2113.16,0,21365.97,35716.38,91.58,2022.6,17492.53,0,0,0,0
2009-12-15 09:00:00,0,3963.1,0,273.84,11776.4,5205.0,6000.89,0,0,1841.88,13377.13,186.24,0,15060.4,1281.8,4440.57,80446.63,0,17649.79,0,0,93242.25,0,0,0,2414.78,2152.26,0,22011.18,37099.17,94.38,2138.75,18368.12,0,0,0,0
2009-12-15 10:00:00,0,4034.09,0,286.77,11776.74,5531.33,6042.49,0,0,1977.19,14442.91,194.51,0,15395.63,1332.82,4591.66,84224.03,0,18205.35,0,0,93985.31,0,0,0,2481.95,2199.54,0,22561.1,38408.22,97.74,2255.4,19305.03,0,0,0,0
2009-12-15 11:00:00,0,3950.09,0,301.49,11513.01,5744.63,6057.57,0,0,2096.25,15358.36,203.4,0,15499.98,1379.62,4696.52,85199.92,0,18586.72,0,0,93960.4,0,0,0,2548.11,2237.58,0,23093.99,38180.27,98.13,2356.28,19793.04,0,0,0,0
2009-12-15 12:00:00,0,3856.74,0,310.49,11350.6,6089.6,6028.82,0,0,2228.26,16308.53,217.02,0,15490.13,1450.67,4757.53,85786.78,0,18792.73,0,0,93015.36,0,0,0,2596.15,2278.57,0,23607.28,37623.42,97.28,2529.35,20078.07,0,0,0,0
2009-12-15 13:00:00,0,3759.73,0,320.14,11189.57,6534.11,5981.26,0,0,2370.58,17096.28,231.79,0,15383.92,1533.95,4780.65,85980.87,0,18702.89,0,0,92106.48,0,0,0,2634.99,2345.85,0,23818.8,37037.96,95.78,2714.03,20250.86,0,0,0,0
2009-12-15 14:00:00,0,3663.29,0,328.06,11121.9,6936.06,6044.87,0,0,2466.85,17763.02,244.53,0,15185.46,1583.41,4789.15,85732.86,0,18400.72,0,0,92001.3,0,0,0,2647.42,2412.75,0,23974.78,36545.36,93.67,2846.08,20323.15,0,0,0,0
2009-12-15 15:00:00,0,3577.54,0,335.48,11058.37,7207.36,6001.67,0,0,2501.89,18136.23,256.49,0,15277.58,1611.41,4779.37,85383.52,0,18468.12,0,0,92286.99,0,0,0,2650.42,2437.71,0,24064.4,36047.66,91.29,2933.39,20360.76,0,0,0,0
2009-12-15 16:00:00,0,3523.3,0,343.08,11094.92,7288.31,5969.6,0,0,2510.29,18137.3,262.71,0,15646.71,1619.13,4773.85,85086.9,0,18892.15,0,0,93631.38,0,0,0,2653.87,2455.67,0,24402.29,35620.8,89.22,2968.93,20346.8,0,0,0,0
2009-12-15 17:00:00,0,3531.97,0,335.08,11283.42,7213.23,6052.12,0,0,2490.51,17644.45,260.17,0,16081.86,1581.55,4779.78,84996.63,0,19405.85,0,0,95239.47,0,0,0,2648.65,2424.95,0,24839.19,35292.36,87.29,2923.99,20327.71,0,0,0,0
2009-12-15 18:00:00,0,3595.57,0,319.65,11711.03,6826.88,6262.86,0,0,2396.3,16988.54,247.88,0,16410.08,1511.98,4832.46,85127.65,0,19893.71,0,0,96128.78,0,0,0,2632.52,2409.39,0,25438.41,35290.16,86.35,2843.19,20669.27,0,0,0,0
2009-12-15 19:00:00,0,3894.22,0,347.74,12735.52,7385.12,6920.15,0,0,2547.89,17710.04,273.13,0,16799.01,1681.38,4898.04,91923.11,0,20707.0,0,0,102026.1,0,0,0,2760.12,2544.25,0,27143.13,37207.96,93.06,2953.01,21674.35,0,0,0,0
2009-12-15 20:00:00,0,3990.33,0,336.19,12947.81,6945.37,6685.72,0,0,2379.05,16587.2,257.42,0,16025.98,1547.53,4817.63,90850.3,0,20058.11,0,0,99793.82,0,0,0,2707.61,2514.15,0,27588.54,37581.52,91.85,2739.45,22131.87,0,0,0,0
2009-12-15 21:00:00,0,3942.02,0,317.35,12588.97,6480.87,6440.25,0,0,2215.39,15575.1,237.39,0,15299.57,1446.91,4730.49,89523.79,0,19315.53,0,0,97492.42,0,0,0,2628.05,2478.85,0,27073.86,37610.58,90.76,2518.4,21824.45,0,0,0,0
2009-12-15 22:00:00,0,3843.12,0,288.94,12104.57,5876.56,6254.91,0,0,2052.9,14433.93,217.12,0,14573.81,1350.25,4650.08,87323.95,0,18329.42,0,0,94671.0,0,0,0,2497.0,2415.32,0,26205.47,36720.48,89.66,2250.2,21146.07,0,0,0,0
2009-12-15 23:00:00,0,3733.85,0,263.62,11656.19,5294.33,6093.53,0,0,1876.18,13218.22,198.67,0,13737.17,1252.38,4556.48,84881.66,0,17243.76,0,0,91822.49,0,0,0,2364.89,2315.51,0,25301.35,35614.95,88.37,2023.07,20500.19,0,0,0,0
2009-12-16 00:00:00,0,3631.95,0,239.28,11155.01,4753.74,5983.52,0,0,1716.97,12131.3,178.48,0,12933.31,1148.92,4466.39,82345.76,0,16233.86,0,0,89017.4,0,0,0,2249.21,2201.88,0,24543.09,34470.52,87.36,1854.73,19848.77,0,0,0,0
2009-12-16 01:00:00,0,3544.59,0,217.84,10747.26,4324.29,5896.13,0,0,1575.36,11134.79,158.86,0,12224.1,1064.86,4381.49,79811.71,0,15273.74,0,0,86768.06,0,0,0,2139.81,2099.93,0,23817.49,33380.26,86.33,1767.69,19168.17,0,0,0,0
2009-12-16 02:00:00,0,3488.43,0,213.8,10583.86,3977.16,5824.09,0,0,1442.77,10229.47,144.01,0,11984.74,993.19,4331.93,77839.41,0,14453.22,0,0,84793.67,0,0,0,2071.48,2060.63,0,23200.13,32566.64,85.23,1738.64,18894.15,0,0,0,0
2009-12-16 03:00:00,0,3510.0,0,212.44,10700.51,3843.92,6044.6,0,0,1403.37,9808.6,141.33,0,12161.24,964.86,4342.33,77212.35,0,14110.0,0,0,84270.69,0,0,0,2067.64,2053.87,0,23446.27,32200.62,86.0,1698.24,19025.87,0,0,0,0
2009-12-16 04:00:00,0,3550.64,0,214.1,11246.46,3965.19,6378.13,0,0,1424.04,9995.95,146.98,0,12620.96,1003.32,4455.06,78410.34,0,14487.77,0,0,86132.62,0,0,0,2149.64,2077.54,0,24275.65,32099.62,87.38,1720.68,19448.82,0,0,0,0
2009-12-16 05:00:00,0,3594.78,0,221.1,11860.04,4132.88,6694.07,0,0,1464.61,10231.84,148.86,0,13121.08,1058.57,4589.72,79859.84,0,15023.93,0,0,88441.8,0,0,0,2298.0,2156.04,0,25067.56,32412.43,88.99,1765.57,19883.4,0,0,0,0
2009-12-16 06:00:00,0,3643.11,0,233.98,12467.76,4318.48,7040.09,0,0,1512.59,10527.35,153.24,0,13666.36,1102.02,4743.69,81206.3,0,15617.26,0,0,90743.12,0,0,0,2448.74,2281.92,0,25852.56,33080.08,90.6,1821.84,20334.16,0,0,0,0
2009-12-16 07:00:00,0,3691.49,0,237.67,13072.41,4496.19,7402.29,0,0,1560.67,10864.64,156.75,0,14163.1,1140.11,4907.96,82485.19,0,16284.58,0,0,93133.16,0,0,0,2577.55,2405.84,0,26633.99,33786.18,92.12,1881.57,20781.69,0,0,0,0
2009-12-16 08:00:00,0,3735.6,0,268.25,14100.62,4726.65,7766.81,0,0,1672.24,11701.21,166.74,0,15714.14,1228.11,5098.68,83811.58,0,17932.61,0,0,99729.15,0,0,0,2787.57,2552.51,0,28178.01,34465.28,93.75,1954.85,21401.31,0,0,0,0
2009-12-16 09:00:00,0,3850.73,0,293.04,14223.67,4988.79,7835.8,0,0,1765.71,12779.53,176.54,0,15765.68,1290.26,5284.24,88088.04,0,18481.15,0,0,101719.3,0,0,0,2839.65,2601.38,0,29659.79,35655.79,95.82,2038.55,23006.56,0,0,0,0
2009-12-16 10:00:00,0,3715.97,0,299.08,13798.68,5211.27,7691.85,0,0,1845.99,13604.71,180.83,0,15756.13,1330.41,5205.19,89595.23,0,18606.68,0,0,101082.93,0,0,0,2808.41,2633.16,0,29552.16,36048.3,94.66,2140.58,23201.51,0,0,0,0
2009-12-16 11:00:00,0,3483.7,0,299.19,13323.44,5440.61,7352.35,0,0,1920.79,14227.37,186.07,0,15637.24,1372.38,5086.07,89211.35,0,18780.63,0,0,100260.78,0,0,0,2780.81,2639.08,0,29037.36,35297.66,92.12,2231.2,22622.71,0,0,0,0
2009-12-16 12:00:00,0,3275.75,0,296.7,12832.88,5611.0,7073.71,0,0,1985.36,14699.18,189.34,0,15476.42,1410.13,4964.24,88256.27,0,19005.16,0,0,99344.3,0,0,0,2732.07,2608.78,0,28303.92,34408.45,89.92,2317.33,21855.5,0,0,0,0
2009-12-16 13:00:00,0,3103.89,0,294.93,12375.37,5676.03,6852.76,0,0,2025.41,15017.62,192.31,0,15371.14,1403.81,4849.94,87095.32,0,19162.42,0,0,98354.49,0,0,0,2670.53,2569.14,0,27604.44,33507.42,87.46,2364.38,21211.22,0,0,0,0
2009-12-16 14:00:00,0,2961.81,0,291.89,12016.48,5708.47,6755.78,0,0,2054.46,15238.55,194.57,0,15388.08,1416.88,4752.25,85854.12,0,19260.19,0,0,97499.19,0,0,0,2602.19,2518.13,0,26806.03,32716.63,84.97,2406.65,20633.81,0,0,0,0
2009-12-16 15:00:00,0,2857.14,0,285.95,11856.66,5748.18,6706.78,0,0,2079.31,15370.57,197.21,0,15582.85,1420.98,4668.29,84587.59,0,19481.43,0,0,97005.66,0,0,0,2582.51,2439.16,0,26147.65,32044.46,82.61,2456.82,20254.53,0,0,0,0
2009-12-16 16:00:00,0,2805.23,0,283.84,11940.67,5773.9,6766.6,0,0,2087.65,15396.61,200.95,0,16253.45,1409.54,4602.13,83586.42,0,19840.46,0,0,97598.3,0,0,0,2591.01,2406.32,0,25848.41,31445.92,80.31,2500.67,19977.01,0,0,0,0
2009-12-16 17:00:00,0,2883.61,0,281.95,12448.79,5792.39,7330.15,0,0,2077.85,15382.24,202.99,0,16730.81,1369.67,4584.87,83219.85,0,20264.78,0,0,99971.16,0,0,0,2688.81,2509.67,0,26296.81,31249.9,78.62,2488.44,20158.1,0,0,0,0
2009-12-16 18:00:00,0,3006.1,0,282.55,12908.74,5792.51,7716.12,0,0,2097.27,15385.8,207.62,0,17184.59,1365.01,4678.43,82944.79,0,20619.34,0,0,102123.05,0,0,0,2808.99,2715.54,0,27287.7,31682.03,78.31,2417.53,20770.1,0,0,0,0
2009-12-16 19:00:00,0,3228.58,0,315.72,14363.96,6343.86,8877.5,0,0,2160.31,15735.79,213.13,0,18450.06,1554.74,4986.4,88688.98,0,22069.33,0,0,108851.02,0,0,0,3182.89,3129.74,0,30186.15,33419.04,85.57,2560.41,21514.76,0,0,0,0
2009-12-16 20:00:00,0,3350.36,0,310.37,14561.27,6064.13,8656.29,0,0,2021.76,14785.05,210.39,0,17687.86,1481.47,4887.64,87839.06,0,21420.15,0,0,106091.19,0,0,0,3276.29,3118.31,0,30835.62,34010.15,84.68,2385.97,22116.29,0,0,0,0
2009-12-16 21:00:00,0,3359.89,0,302.01,14133.21,5789.15,8371.99,0,0,1889.52,13950.56,204.66,0,16940.75,1412.06,4772.97,86510.04,0,20683.38,0,0,103241.05,0,0,0,3209.68,3091.01,0,30275.44,34210.46,83.23,2220.4,22078.15,0,0,0,0
2009-12-16 22:00:00,0,3277.18,0,285.47,13567.01,5452.92,8054.2,0,0,1776.62,13142.3,189.91,0,16172.97,1341.11,4650.99,84187.3,0,19645.47,0,0,100218.84,0,0,0,3127.92,3038.81,0,29655.78,33472.21,81.56,2090.24,21387.54,0,0,0,0
2009-12-16 23:00:00,0,3162.52,0,275.03,13002.9,4991.95,7762.57,0,0,1667.54,12215.47,175.22,0,15382.74,1264.2,4529.96,81668.28,0,18566.03,0,0,97097.72,0,0,0,3026.99,2970.76,0,28908.1,32400.27,79.89,1952.57,20704.49,0,0,0,0
2009-12-17 00:00:00,0,3044.5,0,256.1,12565.53,4537.44,7559.38,0,0,1551.67,11247.09,160.58,0,14617.27,1189.28,4407.8,79023.27,0,17526.45,0,0,93856.85,0,0,0,2929.14,2898.69,0,28025.07,31301.35,78.1,1822.68,20023.23,0,0,0,0
2009-12-17 01:00:00,0,2939.88,0,241.31,12248.32,4121.99,7430.25,0,0,1435.27,10310.11,148.4,0,13928.26,1117.28,4301.02,76354.3,0,16503.35,0,0,90649.28,0,0,0,2854.63,2875.49,0,27315.01,30186.65,76.62,1714.91,19386.13,0,0,0,0
2009-12-17 02:00:00,0,2855.25,0,228.44,12099.57,3812.95,7459.02,0,0,1349.83,9459.02,139.55,0,13563.55,1043.85,4222.35,74235.53,0,15668.24,0,0,88262.73,0,0,0,2816.41,2914.37,0,26922.77,29347.87,75.65,1620.55,19255.99,0,0,0,0
2009-12-17 03:00:00,0,2863.78,0,232.67,12183.19,3724.78,7743.26,0,0,1334.6,9154.49,136.93,0,13636.7,1021.06,4240.7,73853.85,0,15374.24,0,0,88070.73,0,0,0,2831.56,2958.2,0,26998.74,28856.56,76.07,1583.76,19280.16,0,0,0,0
2009-12-17 04:00:00,0,2910.62,0,246.07,12615.93,3831.23,8055.83,0,0,1365.23,9445.39,142.65,0,13995.82,1058.15,4354.74,75088.02,0,15645.62,0,0,89821.67,0,0,0,2906.78,3017.08,0,27442.12,28710.95,77.43,1649.62,19565.13,0,0,0,0
2009-12-17 05:00:00,0,2958.21,0,261.72,13026.42,4029.84,8282.7,0,0,1416.14,9875.0,149.04,0,14503.2,1088.09,4512.24,76406.89,0,16074.77,0,0,91603.52,0,0,0,3026.49,3107.98,0,27885.11,29239.5,79.0,1719.89,19891.91,0,0,0,0
2009-12-17 06:00:00,0,3017.46,0,273.24,13441.16,4223.23,8452.59,0,0,1473.71,10264.47,152.89,0,14984.26,1113.57,4662.58,77720.61,0,16628.33,0,0,93847.94,0,0,0,3137.03,3194.07,0,28370.22,30024.08,80.75,1788.68,20199.2,0,0,0,0
2009-12-17 07:00:00,0,3081.98,0,285.36,13922.24,4411.23,8668.34,0,0,1526.9,10609.12,159.5,0,15474.86,1147.76,4809.37,78991.6,0,17236.75,0,0,96092.78,0,0,0,3205.22,3260.26,0,28958.57,30838.28,82.72,1852.06,20606.22,0,0,0,0
2009-12-17 08:00:00,0,3155.29,0,314.11,14712.13,4635.24,8922.99,0,0,1640.85,11467.46,164.93,0,17177.38,1260.61,4970.12,80257.67,0,19003.19,0,0,102851.18,0,0,0,3342.81,3298.15,0,30358.61,31641.71,84.67,1919.42,21194.25,0,0,0,0
2009-12-17 09:00:00,0,3304.48,0,327.22,14429.08,4882.64,8527.22,0,0,1722.46,12324.45,173.89,0,17511.63,1314.13,5078.47,83982.84,0,19817.07,0,0,103107.67,0,0,0,3198.44,3168.16,0,31029.7,32923.31,87.28,2011.42,22147.54,0,0,0,0
2009-12-17 10:00:00,0,3199.92,0,321.25,13612.61,5073.34,8005.97,0,0,1773.79,12976.81,175.93,0,17665.5,1335.11,4902.11,85102.11,0,20066.05,0,0,101244.98,0,0,0,3021.24,3015.91,0,29905.11,33364.96,86.97,2089.9,21532.11,0,0,0,0
2009-12-17 11:00:00,0,3029.72,0,311.67,13000.03,5257.8,7570.05,0,0,1831.8,13486.62,180.8,0,17639.48,1360.11,4722.5,84686.27,0,20157.97,0,0,99594.53,0,0,0,2869.28,2875.25,0,28668.28,32798.3,84.46,2169.62,20645.44,0,0,0,0
2009-12-17 12:00:00,0,2874.35,0,313.03,12572.88,5435.22,7245.08,0,0,1869.48,13697.65,186.79,0,17509.78,1376.54,4549.07,84124.68,0,20203.78,0,0,98262.34,0,0,0,2788.19,2793.91,0,27878.76,32215.51,82.16,2252.4,20004.95,0,0,0,0
2009-12-17 13:00:00,0,2745.02,0,302.49,12238.87,5525.87,6990.61,0,0,1920.35,14074.21,191.39,0,17313.03,1389.7,4398.17,83322.14,0,20190.64,0,0,97288.87,0,0,0,2707.12,2712.0,0,27206.59,31581.99,80.03,2330.52,19472.45,0,0,0,0
2009-12-17 14:00:00,0,2653.84,0,298.77,11958.58,5584.81,6856.4,0,0,1956.06,14410.45,195.04,0,17204.14,1402.13,4287.7,82322.82,0,20162.73,0,0,96390.32,0,0,0,2622.89,2623.88,0,26565.37,31011.41,78.08,2379.43,19041.76,0,0,0,0
2009-12-17 15:00:00,0,2589.16,0,299.52,11859.13,5628.35,6759.49,0,0,1981.97,14544.53,200.48,0,17290.66,1391.3,4201.15,81361.79,0,20271.09,0,0,95703.43,0,0,0,2574.58,2518.74,0,26146.83,30525.08,76.53,2395.41,18764.48,0,0,0,0
2009-12-17 16:00:00,0,2571.46,0,294.62,11898.81,5668.22,6905.53,0,0,2007.08,14660.87,205.47,0,18129.82,1370.86,4160.47,80514.83,0,20592.06,0,0,95917.52,0,0,0,2577.37,2451.04,0,26007.6,30079.37,75.08,2392.43,18559.25,0,0,0,0
2009-12-17 17:00:00,0,2637.56,0,292.09,12484.62,5708.76,7464.65,0,0,2035.34,14814.82,208.51,0,18693.95,1329.77,4241.02,80262.82,0,21005.78,0,0,98836.4,0,0,0,2699.41,2563.81,0,26700.63,29936.26,74.47,2384.08,18855.02,0,0,0,0
2009-12-17 18:00:00,0,2761.95,0,294.04,12893.43,5760.23,7837.89,0,0,2070.49,15114.52,210.78,0,19153.81,1343.95,4369.2,80787.47,0,21337.09,0,0,100695.0,0,0,0,2811.17,2738.7,0,27532.4,30333.9,75.15,2390.88,19638.47,0,0,0,0
2009-12-17 19:00:00,0,2956.83,0,319.65,14053.1,6411.08,8826.85,0,0,2125.81,15274.16,222.09,0,19678.0,1571.13,4609.89,85462.11,0,22647.56,0,0,106553.46,0,0,0,3090.09,3153.28,0,28975.73,31883.35,79.91,2604.35,20150.99,0,0,0,0
2009-12-17 20:00:00,0,3092.64,0,313.22,14302.41,6144.79,8669.67,0,0,1991.97,14429.0,219.3,0,18844.76,1492.6,4518.54,84492.91,0,21997.58,0,0,103917.24,0,0,0,3128.04,3126.73,0,29323.69,32599.37,78.45,2436.66,20797.17,0,0,0,0
2009-12-17 21:00:00,0,3141.82,0,304.25,13973.81,5869.76,8442.45,0,0,1869.22,13629.77,212.8,0,17987.44,1409.58,4425.79,83120.35,0,21278.02,0,0,101113.14,0,0,0,3057.29,3076.54,0,28657.69,32785.54,77.0,2272.44,20701.32,0,0,0,0
2009-12-17 22:00:00,0,3069.29,0,283.13,13434.39,5466.19,8177.18,0,0,1748.35,12922.86,195.28,0,17129.2,1326.53,4331.04,80819.53,0,20244.52,0,0,98228.78,0,0,0,2950.71,3026.86,0,27510.83,32203.64,75.57,2124.94,20015.97,0,0,0,0
2009-12-17 23:00:00,0,2982.07,0,261.82,12864.62,4971.7,7915.42,0,0,1635.78,12112.88,180.72,0,16297.88,1240.89,4211.51,78103.29,0,19158.79,0,0,95209.74,0,0,0,2829.79,2974.66,0,26395.59,31256.41,74.04,1947.22,19304.44,0,0,0,0
2009-12-18 00:00:00,0,2879.63,0,242.54,12349.27,4498.22,7643.28,0,0,1528.75,11241.7,167.72,0,15480.89,1159.66,4098.56,75259.27,0,18114.39,0,0,92089.66,0,0,0,2699.03,2888.11,0,25400.4,30305.39,72.74,1803.92,18564.07,0,0,0,0
2009-12-18 01:00:00,0,2788.58,0,226.21,11881.73,4087.19,7414.9,0,0,1431.11,10464.83,152.99,0,14778.56,1081.97,3979.91,72496.82,0,17085.91,0,0,89052.36,0,0,0,2574.55,2830.83,0,24407.46,29306.1,71.7,1694.78,17852.4,0,0,0,0
2009-12-18 02:00:00,0,2711.39,0,213.83,11592.09,3821.54,7396.95,0,0,1356.56,9822.19,142.56,0,14397.88,1020.95,3887.4,70096.36,0,16415.54,0,0,86528.96,0,0,0,2496.99,2810.42,0,23785.36,28561.2,70.82,1609.43,17585.9,0,0,0,0
2009-12-18 03:00:00,0,2709.23,0,221.49,11700.16,3762.43,7538.31,0,0,1355.24,9560.24,139.11,0,14440.25,998.7,3913.62,69575.07,0,16292.62,0,0,86718.99,0,0,0,2480.48,2780.6,0,23700.03,28127.76,71.65,1616.87,17722.71,0,0,0,0
2009-12-18 04:00:00,0,2786.96,0,222.74,12014.15,3895.24,7700.54,0,0,1401.67,9862.05,144.38,0,14606.4,1015.92,4012.53,70670.58,0,16598.52,0,0,88651.02,0,0,0,2518.87,2755.43,0,24117.43,28125.41,73.06,1678.08,18118.97,0,0,0,0
2009-12-18 05:00:00,0,2868.35,0,230.67,12415.49,4093.28,7848.23,0,0,1458.3,10201.31,151.66,0,14882.95,1057.97,4115.68,72159.65,0,16984.56,0,0,90989.11,0,0,0,2563.75,2718.48,0,24689.92,28743.96,74.85,1737.83,18511.47,0,0,0,0
2009-12-18 06:00:00,0,2948.05,0,237.92,12799.21,4300.41,7982.07,0,0,1512.59,10578.13,158.21,0,15251.15,1087.39,4240.71,73649.85,0,17515.79,0,0,93445.15,0,0,0,2603.5,2713.78,0,25314.77,29581.31,76.45,1826.84,18877.11,0,0,0,0
2009-12-18 07:00:00,0,3029.31,0,241.48,13225.15,4509.35,8140.68,0,0,1562.29,10942.11,163.75,0,15663.06,1104.74,4367.09,75091.21,0,18052.6,0,0,95737.7,0,0,0,2644.0,2694.0,0,25853.11,30449.15,77.84,1894.1,19241.61,0,0,0,0
2009-12-18 08:00:00,0,3112.97,0,248.35,13858.88,4738.47,8299.26,0,0,1649.27,11635.16,170.81,0,17183.38,1131.27,4492.38,76390.38,0,19726.78,0,0,100987.11,0,0,0,2740.01,2693.33,0,26410.69,31323.17,79.42,1986.22,19639.92,0,0,0,0
2009-12-18 09:00:00,0,3260.89,0,261.53,14056.69,5004.27,8297.84,0,0,1737.3,12423.37,180.02,0,17261.69,1159.86,4626.48,80220.34,0,20135.2,0,0,103517.1,0,0,0,2809.96,2674.81,0,27058.18,32705.16,81.28,2103.86,20396.29,0,0,0,0
2009-12-18 10:00:00,0,3266.8,0,263.8,14101.16,5283.04,8170.72,0,0,1826.81,12805.49,186.92,0,17187.27,1231.02,4579.09,81537.17,0,20166.7,0,0,102360.67,0,0,0,2864.64,2659.61,0,27319.5,33371.08,83.12,2210.81,20376.35,0,0,0,0
2009-12-18 11:00:00,0,3169.58,0,283.38,14131.13,5578.84,8036.56,0,0,1913.28,13336.05,192.66,0,17028.17,1263.61,4511.43,81417.52,0,20129.51,0,0,100984.55,0,0,0,2850.68,2569.95,0,27430.24,33102.11,82.35,2298.41,19990.27,0,0,0,0
2009-12-18 12:00:00,0,3086.69,0,291.54,14103.36,5747.25,7947.08,0,0,1982.25,13781.33,200.58,0,16805.78,1327.04,4432.45,80961.32,0,20078.14,0,0,99973.88,0,0,0,2841.06,2499.95,0,27389.83,32664.27,80.64,2324.28,19733.9,0,0,0,0
2009-12-18 13:00:00,0,3002.46,0,279.67,14202.31,5834.01,7924.47,0,0,2018.28,14156.06,203.62,0,16531.32,1365.85,4367.0,80283.72,0,19951.62,0,0,98898.57,0,0,0,2832.92,2446.1,0,27577.81,32173.42,79.34,2260.41,19510.36,0,0,0,0
2009-12-18 14:00:00,0,2944.9,0,285.8,14386.71,5866.74,7915.3,0,0,2026.0,14463.84,209.54,0,16360.56,1392.68,4332.96,79338.65,0,19833.73,0,0,97451.12,0,0,0,2835.2,2428.72,0,27781.45,31630.94,78.22,2178.08,19359.89,0,0,0,0
2009-12-18 15:00:00,0,2897.32,0,291.71,14592.36,5915.46,7998.19,0,0,1974.93,14282.27,212.81,0,16379.28,1425.48,4321.74,78505.37,0,19952.61,0,0,96889.27,0,0,0,2837.32,2429.36,0,28138.26,31111.07,77.28,2158.77,19314.75,0,0,0,0
2009-12-18 16:00:00,0,2879.52,0,298.97,14785.08,6004.85,8121.37,0,0,1949.56,14415.62,219.42,0,17388.71,1378.35,4329.95,77947.5,0,20357.84,0,0,97780.63,0,0,0,2824.72,2444.48,0,28429.65,30691.46,75.87,2387.53,19201.63,0,0,0,0
2009-12-18 17:00:00,0,2906.62,0,297.72,14923.84,6046.36,8287.85,0,0,2017.72,14736.33,224.6,0,17996.95,1383.22,4417.95,78325.73,0,20798.54,0,0,99855.32,0,0,0,2820.85,2468.5,0,28697.45,30608.39,74.58,2483.1,19221.24,0,0,0,0
2009-12-18 18:00:00,0,2987.53,0,300.75,15039.81,6125.79,8431.0,0,0,2124.62,15354.67,228.1,0,18409.52,1399.76,4533.78,78585.34,0,21161.96,0,0,101200.03,0,0,0,2829.46,2502.73,0,28971.66,30769.26,74.8,2447.92,19769.57,0,0,0,0
2009-12-18 19:00:00,0,3062.97,0,283.47,15056.27,6090.92,8087.29,0,0,2127.39,14869.75,233.4,0,18286.5,1409.71,4314.66,79336.8,0,21255.63,0,0,101303.56,0,0,0,2865.1,2485.26,0,29422.19,31652.72,70.55,2403.84,19176.03,0,0,0,0
2009-12-18 20:00:00,0,3174.49,0,292.23,15203.83,5690.9,7852.03,0,0,1966.12,13943.67,212.43,0,17559.48,1361.25,4207.77,78965.17,0,20705.37,0,0,98908.75,0,0,0,2875.29,2435.17,0,29665.4,32428.75,69.74,2218.95,19624.07,0,0,0,0
2009-12-18 21:00:00,0,3215.24,0,306.74,14653.94,5356.26,7559.16,0,0,1798.36,12803.69,201.87,0,16815.32,1281.54,4065.0,77790.75,0,20184.4,0,0,96427.93,0,0,0,2883.72,2442.32,0,28667.32,31957.11,68.44,2045.67,19231.24,0,0,0,0
2009-12-18 22:00:00,0,3134.73,0,303.12,14047.35,5078.98,7227.53,0,0,1611.7,11462.84,185.45,0,16032.24,1199.0,3944.19,76030.41,0,19270.41,0,0,93792.22,0,0,0,2742.55,2368.69,0,27471.27,31523.99,67.09,1896.87,18565.57,0,0,0,0
2009-12-18 23:00:00,0,3065.34,0,298.64,13417.19,4671.17,6879.51,0,0,1472.22,10364.28,171.8,0,15257.28,1158.64,3843.99,73836.09,0,18336.64,0,0,90733.12,0,0,0,2613.79,2338.89,0,26325.16,30947.05,65.72,1771.91,17766.28,0,0,0,0
2009-12-19 00:00:00,0,2996.08,0,287.29,12779.26,4309.77,6574.72,0,0,1367.85,9367.99,156.25,0,14471.57,1107.0,3713.6,71559.31,0,17455.2,0,0,87648.48,0,0,0,2524.09,2336.69,0,25342.42,30289.05,64.22,1658.42,17040.78,0,0,0,0
2009-12-19 01:00:00,0,2916.43,0,273.2,12217.49,3990.86,6311.09,0,0,1282.5,8687.49,143.77,0,13792.17,1061.96,3611.37,69287.02,0,16446.21,0,0,84814.82,0,0,0,2504.46,2261.87,0,24611.24,29698.97,62.55,1526.57,16656.37,0,0,0,0
2009-12-19 02:00:00,0,2841.9,0,256.16,11857.68,3841.87,6093.87,0,0,1229.54,8093.54,150.45,0,13431.87,1139.19,3517.14,67531.85,0,15722.74,0,0,82592.25,0,0,0,2506.09,2243.98,0,23943.77,29058.72,61.35,1437.38,16583.92,0,0,0,0
2009-12-19 03:00:00,0,2835.08,0,250.49,11589.61,3884.21,5858.67,0,0,1186.72,7665.07,159.16,0,13492.24,1216.98,3480.04,66413.22,0,15422.08,0,0,81877.52,0,0,0,2540.99,2272.1,0,23609.24,28434.93,60.84,1384.93,16522.44,0,0,0,0
2009-12-19 04:00:00,0,2852.66,0,258.88,11490.01,4000.76,5908.56,0,0,1225.52,7807.24,171.62,0,13650.28,1286.68,3500.36,66112.94,0,15280.13,0,0,82155.27,0,0,0,2594.53,2313.21,0,23590.16,28146.8,61.29,1377.96,16609.76,0,0,0,0
2009-12-19 05:00:00,0,2907.93,0,267.51,11703.6,4094.09,6078.5,0,0,1269.73,8234.71,181.19,0,13878.06,1368.95,3586.37,66732.42,0,15497.8,0,0,83089.39,0,0,0,2653.92,2371.76,0,23574.4,28297.11,62.68,1433.41,16858.8,0,0,0,0
2009-12-19 06:00:00,0,2959.32,0,271.28,12023.15,4277.56,6449.34,0,0,1337.16,8825.42,176.75,0,14090.23,1335.08,3698.88,67832.69,0,15903.82,0,0,84317.92,0,0,0,2722.62,2472.7,0,24119.55,28647.41,64.35,1527.81,17315.89,0,0,0,0
2009-12-19 07:00:00,0,3013.55,0,281.7,12355.25,4445.35,6842.32,0,0,1403.54,9381.77,184.68,0,14374.12,1379.03,3804.61,68949.59,0,16242.36,0,0,85688.37,0,0,0,2797.06,2605.95,0,24853.4,29044.84,66.13,1615.18,17795.59,0,0,0,0
2009-12-19 08:00:00,0,3063.87,0,304.93,12790.83,4782.87,7221.0,0,0,1513.59,10157.92,194.69,0,14852.83,1527.84,3878.6,69885.77,0,17099.15,0,0,88004.22,0,0,0,2896.27,2799.03,0,26008.06,29467.65,68.22,1749.75,18272.64,0,0,0,0
2009-12-19 09:00:00,0,3159.9,0,319.34,13031.81,5350.85,7605.15,0,0,1652.7,10904.83,201.05,0,15180.76,1592.27,3969.69,71842.08,0,17861.47,0,0,90879.67,0,0,0,2903.05,2872.02,0,27435.36,30116.47,70.06,1950.79,19208.17,0,0,0,0
2009-12-19 10:00:00,0,3285.33,0,320.26,13059.79,5774.04,7981.18,0,0,1759.07,11650.21,205.05,0,15199.19,1573.31,4065.84,73699.61,0,18226.34,0,0,92432.14,0,0,0,2859.69,2879.58,0,28074.99,31082.98,71.28,2086.54,19516.74,0,0,0,0
2009-12-19 11:00:00,0,3340.82,0,309.21,13145.79,5885.08,8251.59,0,0,1813.57,12258.47,204.74,0,15069.15,1553.88,4140.67,74428.68,0,18503.38,0,0,94139.36,0,0,0,2796.91,2845.55,0,28080.15,31527.59,71.85,2170.11,19715.64,0,0,0,0
2009-12-19 12:00:00,0,3347.6,0,280.07,13188.42,5848.92,8446.22,0,0,1823.84,12567.55,202.91,0,15043.12,1504.44,4187.48,74784.08,0,18689.45,0,0,95327.05,0,0,0,2732.45,2754.8,0,27800.18,31645.98,71.86,2182.15,19714.84,0,0,0,0
2009-12-19 13:00:00,0,3335.67,0,273.73,13081.61,5713.63,8578.76,0,0,1812.19,12729.93,199.31,0,14976.87,1457.11,4193.81,74890.23,0,18860.5,0,0,95774.04,0,0,0,2682.64,2686.6,0,27316.49,31531.11,71.55,2171.37,19618.78,0,0,0,0
2009-12-19 14:00:00,0,3315.33,0,273.07,13023.48,5555.38,8648.18,0,0,1791.04,12776.72,190.83,0,15013.47,1418.02,4165.11,74694.9,0,18891.97,0,0,95738.55,0,0,0,2632.45,2642.56,0,26791.27,31236.27,71.1,2159.51,19530.51,0,0,0,0
2009-12-19 15:00:00,0,3286.65,0,271.97,13020.41,5357.26,8664.68,0,0,1751.87,12706.19,187.24,0,15227.56,1367.51,4151.41,74186.78,0,18936.96,0,0,95166.06,0,0,0,2590.7,2608.38,0,26437.59,30816.83,71.01,2131.29,19490.85,0,0,0,0
2009-12-19 16:00:00,0,3260.78,0,271.12,13003.06,5115.63,8653.78,0,0,1722.62,12597.55,188.42,0,15790.3,1315.66,4150.87,73753.08,0,19273.25,0,0,95431.11,0,0,0,2556.19,2606.27,0,26351.7,30293.59,71.17,2092.01,19636.93,0,0,0,0
2009-12-19 17:00:00,0,3248.33,0,271.57,13029.89,5013.83,8687.46,0,0,1694.11,12529.86,191.45,0,16253.37,1277.07,4170.51,73421.63,0,19684.45,0,0,96739.13,0,0,0,2599.36,2673.67,0,26351.76,29786.73,71.11,2060.85,19760.55,0,0,0,0
2009-12-19 18:00:00,0,3213.65,0,276.17,13163.03,4958.37,8781.03,0,0,1707.68,12674.14,195.59,0,16627.11,1367.09,4232.8,73467.38,0,20008.99,0,0,97746.34,0,0,0,2677.71,2774.02,0,26913.14,29542.1,71.52,2048.36,20063.68,0,0,0,0
2009-12-19 19:00:00,0,3358.31,0,333.27,13853.32,6026.29,8618.55,0,0,2053.06,14355.1,218.57,0,17772.76,1599.53,4418.55,81304.34,0,21572.42,0,0,103817.9,0,0,0,3011.83,3093.97,0,29975.97,32340.1,76.23,2382.77,20847.39,0,0,0,0
2009-12-19 20:00:00,0,3424.39,0,332.78,14179.44,5897.07,8421.19,0,0,1946.95,13442.51,216.67,0,17046.88,1527.01,4308.03,80825.44,0,21102.43,0,0,101380.86,0,0,0,3048.47,3067.73,0,30643.79,33131.32,74.66,2255.08,21191.08,0,0,0,0
2009-12-19 21:00:00,0,3448.46,0,333.81,13846.48,5774.11,8177.1,0,0,1840.97,12546.26,214.99,0,16265.76,1480.54,4199.79,79664.76,0,20490.57,0,0,99112.67,0,0,0,3028.46,3015.0,0,29835.27,32592.06,72.9,2137.86,20830.22,0,0,0,0
2009-12-19 22:00:00,0,3356.11,0,327.46,13397.88,5541.71,7992.45,0,0,1764.51,11644.51,206.14,0,15511.94,1433.77,4099.09,78002.13,0,19536.01,0,0,96348.81,0,0,0,2941.89,2958.13,0,28952.96,32121.41,71.15,2037.11,20174.5,0,0,0,0
2009-12-19 23:00:00,0,3257.83,0,320.46,12962.92,5208.89,7815.73,0,0,1682.47,10880.64,198.6,0,14787.09,1401.67,4022.65,75910.02,0,18742.81,0,0,93482.18,0,0,0,2856.32,2898.82,0,27909.74,31649.68,69.44,1936.36,19425.48,0,0,0,0
2009-12-20 00:00:00,0,3155.03,0,318.28,12552.63,4827.48,7617.22,0,0,1598.86,10229.33,191.44,0,14123.74,1375.47,3946.48,73645.03,0,17972.19,0,0,90716.59,0,0,0,2764.13,2818.61,0,26987.8,30993.46,67.74,1833.23,18686.62,0,0,0,0
2009-12-20 01:00:00,0,3059.13,0,317.14,12254.77,4483.76,7479.34,0,0,1512.48,9603.8,187.84,0,13586.4,1374.34,3860.29,71501.09,0,17185.95,0,0,88206.97,0,0,0,2668.62,2747.08,0,26295.86,30299.73,66.81,1747.1,18125.55,0,0,0,0
2009-12-20 02:00:00,0,2994.64,0,308.98,12166.35,4346.62,7433.35,0,0,1447.35,9098.06,185.39,0,13341.2,1400.11,3779.76,69968.67,0,16406.66,0,0,87123.69,0,0,0,2634.09,2751.75,0,25620.39,29601.01,66.94,1710.8,17823.91,0,0,0,0
2009-12-20 03:00:00,0,2982.8,0,309.0,12290.24,4234.72,7521.5,0,0,1415.5,8865.5,185.45,0,13228.71,1422.2,3739.59,68994.41,0,15976.92,0,0,86304.85,0,0,0,2657.82,2796.13,0,25210.65,29115.78,66.64,1710.54,17672.24,0,0,0,0
2009-12-20 04:00:00,0,3003.38,0,309.58,12507.95,4404.11,7826.96,0,0,1419.25,8986.82,191.28,0,13451.19,1461.67,3744.81,68816.47,0,16038.13,0,0,86933.35,0,0,0,2678.16,2846.52,0,25307.64,28796.39,66.82,1744.23,17679.77,0,0,0,0
2009-12-20 05:00:00,0,3049.78,0,311.23,12825.19,4667.88,8075.74,0,0,1483.72,9243.41,198.56,0,13705.59,1495.35,3812.46,69456.9,0,16256.75,0,0,88105.16,0,0,0,2748.35,2897.88,0,25609.62,28919.85,67.67,1812.27,17997.1,0,0,0,0
2009-12-20 06:00:00,0,3096.54,0,317.65,13219.69,5070.93,8370.46,0,0,1582.04,9727.31,203.29,0,13922.01,1557.98,3914.87,70399.35,0,16450.62,0,0,89482.47,0,0,0,2834.4,2962.96,0,26024.88,29179.04,68.66,1897.94,18424.7,0,0,0,0
2009-12-20 07:00:00,0,3145.58,0,335.83,13680.55,5448.52,8670.91,0,0,1688.37,10246.18,211.04,0,14105.38,1627.03,4031.25,71279.41,0,16567.37,0,0,90847.41,0,0,0,2945.51,3050.84,0,26402.29,29502.35,69.71,1954.44,18906.82,0,0,0,0
2009-12-20 08:00:00,0,3199.8,0,352.47,14170.7,5797.83,8881.64,0,0,1810.2,10903.64,222.39,0,14594.35,1757.01,4160.46,72090.15,0,17373.04,0,0,93300.22,0,0,0,3066.35,3142.94,0,27111.2,29856.78,70.83,2071.05,19395.95,0,0,0,0
2009-12-20 09:00:00,0,3291.82,0,358.21,14205.83,6026.4,8716.26,0,0,1887.04,11505.39,229.94,0,15035.43,1793.63,4245.97,73746.51,0,17718.21,0,0,94925.36,0,0,0,3058.2,3142.8,0,28457.43,30398.05,71.78,2215.82,20481.99,0,0,0,0
2009-12-20 10:00:00,0,3334.39,0,364.36,13453.44,6191.43,8259.04,0,0,1923.56,12087.59,232.56,0,15313.57,1787.91,4290.99,74762.4,0,17935.66,0,0,94173.19,0,0,0,3025.49,3082.2,0,28862.58,30865.16,71.79,2245.03,20809.22,0,0,0,0
2009-12-20 11:00:00,0,3253.45,0,373.76,12968.2,6258.65,7840.22,0,0,1942.23,12528.06,231.35,0,15375.62,1772.42,4310.56,74994.98,0,18143.61,0,0,93054.76,0,0,0,2920.16,2942.13,0,29327.1,30802.53,70.55,2257.4,21085.41,0,0,0,0
2009-12-20 12:00:00,0,3147.41,0,368.84,12614.91,6225.92,7641.85,0,0,1945.59,12809.77,232.76,0,15399.78,1738.9,4304.46,74824.89,0,18322.0,0,0,91987.28,0,0,0,2781.65,2827.28,0,29350.59,30303.65,68.53,2255.67,21221.33,0,0,0,0
2009-12-20 13:00:00,0,3054.05,0,362.12,12303.14,6124.19,7510.57,0,0,1929.29,12888.91,227.02,0,15401.39,1699.99,4290.46,74590.48,0,18410.9,0,0,91191.39,0,0,0,2666.65,2719.35,0,29050.35,29752.01,66.62,2259.33,21154.76,0,0,0,0
2009-12-20 14:00:00,0,2931.42,0,347.98,12131.11,5973.7,7446.58,0,0,1900.54,12828.49,217.8,0,15353.41,1640.73,4328.81,74243.88,0,18419.34,0,0,90545.55,0,0,0,2582.09,2632.94,0,28480.93,29210.7,64.92,2260.71,20893.2,0,0,0,0
2009-12-20 15:00:00,0,2826.06,0,325.86,12024.27,5765.77,7374.63,0,0,1866.13,12611.56,209.35,0,15549.8,1563.71,4305.43,73653.97,0,18478.91,0,0,89762.65,0,0,0,2527.29,2600.94,0,27689.63,28685.66,63.69,2258.02,20472.59,0,0,0,0
2009-12-20 16:00:00,0,2738.56,0,309.57,12049.47,5529.09,7413.73,0,0,1817.62,12510.11,206.99,0,16113.22,1513.76,4281.51,73039.51,0,18768.34,0,0,90133.79,0,0,0,2525.19,2634.26,0,27131.61,28068.15,62.58,2240.18,20033.03,0,0,0,0
2009-12-20 17:00:00,0,2709.94,0,297.58,12777.67,5335.59,7850.8,0,0,1782.89,12450.07,210.5,0,16631.73,1500.08,4289.19,72755.98,0,19228.65,0,0,93153.22,0,0,0,2590.73,2731.11,0,26453.51,27389.78,61.61,2199.97,19556.67,0,0,0,0
2009-12-20 18:00:00,0,2751.23,0,322.54,13300.23,5689.71,8284.05,0,0,1874.43,12976.62,222.63,0,17081.81,1603.91,4344.23,73069.45,0,19653.16,0,0,95333.93,0,0,0,2761.64,2910.65,0,26957.82,27449.67,63.82,2217.87,20062.07,0,0,0,0
2009-12-20 19:00:00,0,3026.82,0,397.04,15738.99,7150.35,9188.91,0,0,2304.68,14595.09,265.09,0,19029.79,1874.65,4749.85,84174.1,0,22436.06,0,0,108249.04,0,0,0,3271.06,3102.17,0,32147.3,31458.14,80.44,2635.94,21552.91,0,0,0,0
2009-12-20 20:00:00,0,3142.56,0,398.63,16065.09,7146.5,9047.4,0,0,2208.47,13848.32,265.22,0,18161.96,1841.23,4648.98,83405.14,0,21712.6,0,0,105902.45,0,0,0,3402.38,3108.59,0,33138.67,32100.68,78.98,2547.41,22250.87,0,0,0,0
2009-12-20 21:00:00,0,3186.11,0,386.69,15688.93,7014.04,8933.45,0,0,2103.2,13060.68,259.95,0,17268.05,1781.88,4580.94,82030.62,0,20970.11,0,0,103703.42,0,0,0,3370.6,3127.05,0,32947.43,32204.14,77.52,2452.42,22158.15,0,0,0,0
2009-12-20 22:00:00,0,3101.64,0,371.95,15318.59,6697.11,8894.08,0,0,2005.34,12285.3,246.75,0,16345.77,1718.32,4497.97,80007.07,0,19894.3,0,0,101545.54,0,0,0,3316.12,3117.5,0,32260.74,31584.14,76.03,2344.46,21465.95,0,0,0,0
2009-12-20 23:00:00,0,2991.73,0,358.56,14876.3,6369.85,8822.57,0,0,1913.48,11597.4,239.67,0,15433.36,1683.86,4393.25,77707.02,0,18795.27,0,0,99166.37,0,0,0,3238.01,3079.11,0,31432.23,30570.43,74.75,2233.22,20788.2,0,0,0,0
2009-12-21 00:00:00,0,2878.11,0,341.68,14485.97,6120.63,8702.93,0,0,1842.08,10905.13,229.74,0,14566.48,1646.89,4253.28,75219.55,0,17690.44,0,0,96326.64,0,0,0,3130.95,3010.07,0,30482.25,29511.16,73.94,2130.98,20037.47,0,0,0,0
2009-12-21 01:00:00,0,2789.35,0,328.52,14179.04,5884.91,8663.67,0,0,1776.94,10319.83,219.41,0,13814.58,1598.06,4106.66,72443.87,0,16624.18,0,0,93146.47,0,0,0,3047.32,3016.17,0,29734.74,28446.0,72.89,2056.3,19445.6,0,0,0,0
2009-12-21 02:00:00,0,2708.44,0,326.3,14066.99,5715.12,8694.18,0,0,1748.04,10125.56,215.56,0,13472.03,1589.83,4006.21,70324.28,0,15751.85,0,0,90603.19,0,0,0,3030.27,3055.64,0,29510.34,27662.9,71.92,2010.83,19391.03,0,0,0,0
2009-12-21 03:00:00,0,2719.5,0,330.82,14309.4,5820.29,8910.11,0,0,1790.68,10408.54,221.48,0,13539.63,1648.28,4026.04,69992.42,0,15581.49,0,0,90945.68,0,0,0,3071.71,3107.23,0,29820.08,27295.98,71.87,2025.25,19495.87,0,0,0,0
2009-12-21 04:00:00,0,2796.59,0,335.72,14778.11,6054.63,9189.44,0,0,1850.56,10780.43,229.88,0,13716.12,1705.49,4105.13,71181.44,0,15989.62,0,0,92876.39,0,0,0,3156.05,3169.98,0,30320.62,27333.18,73.19,2107.12,19781.92,0,0,0,0
2009-12-21 05:00:00,0,2872.49,0,338.95,15233.17,6399.59,9457.8,0,0,1915.57,11172.82,238.31,0,13983.28,1762.07,4184.58,72516.53,0,16405.41,0,0,94997.12,0,0,0,3248.06,3236.24,0,30902.85,27952.43,75.22,2201.4,20106.71,0,0,0,0
2009-12-21 06:00:00,0,2946.58,0,345.32,15671.11,6709.03,9663.62,0,0,1995.82,11640.09,248.28,0,14269.57,1820.09,4274.79,73809.95,0,16894.63,0,0,97102.45,0,0,0,3330.22,3278.4,0,31551.44,28775.74,77.12,2265.75,20430.07,0,0,0,0
2009-12-21 07:00:00,0,3019.06,0,355.5,16037.32,6958.18,9815.8,0,0,2064.25,12090.96,257.68,0,14589.11,1883.76,4384.42,75139.25,0,17363.01,0,0,99060.49,0,0,0,3388.83,3308.89,0,32167.81,29589.62,78.85,2326.26,20804.49,0,0,0,0
2009-12-21 08:00:00,0,3089.91,0,376.6,16751.38,7268.82,10021.16,0,0,2172.26,13116.55,264.87,0,15772.59,1958.82,4496.53,76527.78,0,18710.89,0,0,103530.4,0,0,0,3528.91,3340.69,0,33236.26,30466.67,80.45,2463.97,21318.83,0,0,0,0
2009-12-21 09:00:00,0,3221.38,0,394.9,16569.81,7334.2,9629.03,0,0,2157.54,13474.06,265.71,0,16203.64,1942.5,4663.03,80527.97,0,19160.93,0,0,104417.22,0,0,0,3458.53,3237.94,0,34085.63,31680.77,82.4,2526.6,22336.48,0,0,0,0
2009-12-21 10:00:00,0,3255.2,0,378.05,15430.2,7184.42,8827.56,0,0,2142.49,13478.99,263.53,0,16095.49,1868.99,4713.0,82124.97,0,19001.35,0,0,100864.39,0,0,0,3327.26,3089.89,0,32206.15,32468.83,83.97,2523.55,21713.2,0,0,0,0
2009-12-21 11:00:00,0,3142.77,0,361.53,14583.47,7113.74,8149.27,0,0,2150.21,13618.44,260.41,0,16022.84,1776.94,4744.5,81918.28,0,18974.8,0,0,98289.19,0,0,0,3177.16,2949.37,0,30720.17,32222.71,83.58,2535.88,21123.56,0,0,0,0
2009-12-21 12:00:00,0,3015.35,0,356.5,13899.79,7047.61,7571.95,0,0,2145.11,13657.09,254.07,0,15962.16,1734.49,4739.85,81598.56,0,19036.93,0,0,97133.06,0,0,0,3011.07,2804.86,0,29734.12,31594.21,81.18,2549.32,20505.74,0,0,0,0
2009-12-21 13:00:00,0,2891.67,0,345.54,13436.38,6923.54,7179.72,0,0,2126.67,13542.16,244.92,0,15960.57,1685.46,4730.68,81288.13,0,19146.37,0,0,96841.71,0,0,0,2866.73,2678.6,0,28798.93,31003.74,79.4,2539.19,19980.88,0,0,0,0
2009-12-21 14:00:00,0,2795.98,0,328.31,13133.16,6744.58,7010.29,0,0,2093.28,13304.95,234.35,0,15980.16,1635.15,4702.68,80783.69,0,19197.96,0,0,96575.66,0,0,0,2704.63,2565.26,0,27807.32,30500.11,77.53,2517.2,19418.49,0,0,0,0
2009-12-21 15:00:00,0,2728.32,0,311.86,12989.31,6457.36,6983.6,0,0,2011.79,13043.44,229.37,0,16149.1,1578.48,4659.91,80034.85,0,19372.62,0,0,96383.18,0,0,0,2602.36,2476.23,0,26878.22,30025.25,75.61,2450.86,19049.63,0,0,0,0
2009-12-21 16:00:00,0,2684.29,0,298.25,13014.35,6157.4,7092.17,0,0,1943.56,12807.24,223.68,0,16754.4,1515.97,4624.76,79103.66,0,19774.97,0,0,97137.16,0,0,0,2591.6,2414.49,0,26184.21,29597.71,73.81,2412.41,18743.17,0,0,0,0
2009-12-21 17:00:00,0,2736.9,0,300.14,13469.29,6222.07,7746.91,0,0,1960.78,13032.92,226.93,0,17266.67,1549.31,4627.76,78764.3,0,20289.79,0,0,99832.56,0,0,0,2704.98,2534.45,0,26349.88,29459.76,72.75,2453.17,18775.4,0,0,0,0
2009-12-21 18:00:00,0,2842.88,0,312.04,13870.86,6461.71,8124.57,0,0,2020.47,13296.88,233.94,0,17782.48,1619.51,4634.59,78849.22,0,20741.15,0,0,101429.23,0,0,0,2820.88,2679.87,0,27413.58,29688.2,73.72,2520.16,19574.37,0,0,0,0
2009-12-21 19:00:00,0,2971.83,0,362.69,15001.1,7028.59,9009.27,0,0,2187.93,14111.51,261.32,0,18937.11,1799.23,4593.52,82908.66,0,22231.26,0,0,106252.22,0,0,0,3186.9,3075.66,0,30073.23,31152.32,78.1,2727.68,19829.2,0,0,0,0
2009-12-21 20:00:00,0,3083.86,0,368.67,15293.02,6952.88,8854.98,0,0,2069.65,13175.42,260.44,0,18135.59,1767.95,4556.13,82074.6,0,21596.22,0,0,103633.28,0,0,0,3253.2,3048.26,0,30806.67,31707.34,76.35,2616.86,20556.88,0,0,0,0
2009-12-21 21:00:00,0,3096.97,0,355.84,14885.39,6808.95,8591.69,0,0,1955.83,12273.75,255.53,0,17305.42,1710.5,4471.79,80598.86,0,20974.07,0,0,101123.58,0,0,0,3181.58,3008.12,0,30238.61,31706.38,73.87,2499.81,20640.67,0,0,0,0
2009-12-21 22:00:00,0,2986.96,0,339.42,14419.62,6491.42,8324.99,0,0,1855.73,11459.88,239.38,0,16450.46,1641.63,4389.83,78511.72,0,20037.77,0,0,98729.49,0,0,0,3090.82,2942.78,0,29445.82,30971.96,71.33,2384.32,20035.32,0,0,0,0
2009-12-21 23:00:00,0,2845.47,0,324.5,13945.44,6132.43,8145.81,0,0,1747.68,10708.16,223.05,0,15601.06,1574.73,4306.43,76111.77,0,19013.88,0,0,96070.49,0,0,0,3002.37,2882.7,0,28620.38,29837.47,69.25,2260.29,19393.76,0,0,0,0
2009-12-22 00:00:00,0,2701.31,0,308.18,13594.1,5875.21,8003.83,0,0,1666.09,10012.38,213.83,0,14770.52,1515.45,4217.11,73653.52,0,18010.68,0,0,92911.35,0,0,0,2909.98,2823.33,0,27744.26,28688.68,67.33,2172.75,18741.34,0,0,0,0
2009-12-22 01:00:00,0,2584.77,0,294.33,13309.84,5713.08,7931.75,0,0,1605.82,9432.84,206.03,0,13994.05,1475.32,4125.4,70915.32,0,17058.9,0,0,89749.86,0,0,0,2842.25,2820.03,0,26979.23,27557.97,65.61,2096.92,18151.72,0,0,0,0
2009-12-22 02:00:00,0,2488.64,0,286.08,13212.5,5548.18,7993.16,0,0,1556.41,9091.42,199.59,0,13546.51,1456.93,4072.78,68507.62,0,16362.02,0,0,87238.23,0,0,0,2843.95,2877.59,0,26681.42,26702.39,64.43,2059.74,18149.11,0,0,0,0
2009-12-22 03:00:00,0,2484.74,0,290.31,13395.67,5655.13,8242.92,0,0,1608.75,9267.65,205.88,0,13598.74,1487.34,4125.38,68105.12,0,16238.93,0,0,88002.73,0,0,0,2934.24,2958.06,0,27211.9,26192.65,64.26,2084.31,18287.2,0,0,0,0
2009-12-22 04:00:00,0,2548.59,0,298.58,13912.33,5890.15,8577.77,0,0,1674.3,9620.01,211.02,0,13846.02,1538.27,4203.05,69476.63,0,16608.76,0,0,90081.91,0,0,0,3026.27,3019.23,0,27809.01,26167.35,65.3,2140.9,18593.58,0,0,0,0
2009-12-22 05:00:00,0,2619.97,0,312.23,14460.4,6163.22,8911.94,0,0,1738.34,10017.44,212.94,0,14237.38,1588.68,4277.02,71107.47,0,17026.53,0,0,92382.95,0,0,0,3133.68,3085.23,0,28441.04,26756.49,66.7,2198.81,18911.29,0,0,0,0
2009-12-22 06:00:00,0,2672.74,0,326.38,14985.45,6374.66,9194.08,0,0,1793.53,10411.0,221.09,0,14629.48,1642.47,4379.8,72640.44,0,17561.06,0,0,94583.76,0,0,0,3249.68,3162.95,0,29105.48,27438.99,67.91,2228.15,19267.99,0,0,0,0
2009-12-22 07:00:00,0,2705.57,0,327.59,15436.76,6523.57,9414.11,0,0,1839.5,10779.45,234.79,0,15033.53,1682.85,4488.39,74027.69,0,18161.45,0,0,96819.76,0,0,0,3343.79,3235.14,0,29786.04,28129.78,69.25,2260.82,19676.2,0,0,0,0
2009-12-22 08:00:00,0,2738.98,0,354.93,16227.87,6782.68,9665.42,0,0,1957.51,11915.55,240.66,0,16419.3,1745.6,4622.71,75297.95,0,19715.06,0,0,101628.69,0,0,0,3511.89,3280.88,0,31071.38,28827.12,70.55,2371.06,20143.14,0,0,0,0
2009-12-22 09:00:00,0,2813.78,0,364.18,16284.25,6940.38,9403.96,0,0,1952.48,12387.61,246.4,0,16499.3,1768.03,4811.75,79383.11,0,20112.58,0,0,103609.51,0,0,0,3408.57,3151.41,0,32208.9,29812.4,71.57,2451.11,21180.42,0,0,0,0
2009-12-22 10:00:00,0,2856.7,0,335.61,15318.04,6409.6,8639.64,0,0,1864.18,12302.41,223.43,0,16392.79,1575.99,4767.52,80128.78,0,19831.85,0,0,101211.86,0,0,0,3206.1,2972.15,0,30253.04,30563.87,72.09,2381.08,20134.06,0,0,0,0
2009-12-22 11:00:00,0,2856.72,0,323.18,14605.4,6138.52,8130.15,0,0,1846.03,12513.91,210.21,0,16289.74,1488.32,4636.67,80012.43,0,19700.98,0,0,99565.73,0,0,0,3046.41,2824.87,0,29125.41,31034.86,72.44,2322.82,19345.98,0,0,0,0
2009-12-22 12:00:00,0,2851.24,0,315.23,14149.28,6054.85,7864.38,0,0,1857.35,12806.65,209.6,0,16153.39,1474.72,4493.78,79677.09,0,19598.02,0,0,98621.34,0,0,0,2971.58,2738.96,0,28141.94,31038.44,72.39,2314.42,18755.73,0,0,0,0
2009-12-22 13:00:00,0,2836.38,0,308.21,13707.62,6032.59,7695.91,0,0,1867.72,13013.84,212.58,0,16020.68,1477.64,4389.77,79204.6,0,19508.49,0,0,97747.24,0,0,0,2899.4,2665.59,0,27196.98,30957.59,72.08,2321.34,18317.33,0,0,0,0
2009-12-22 14:00:00,0,2824.1,0,301.27,13303.4,5947.43,7542.27,0,0,1864.42,13038.65,214.6,0,16010.09,1468.38,4301.99,78596.09,0,19503.6,0,0,96713.36,0,0,0,2807.97,2603.53,0,26304.56,30814.15,71.57,2321.2,17786.93,0,0,0,0
2009-12-22 15:00:00,0,2823.58,0,291.63,12992.97,5709.77,7334.95,0,0,1854.21,12991.8,209.8,0,16142.66,1430.95,4235.13,78273.42,0,19693.98,0,0,95958.92,0,0,0,2713.31,2536.38,0,25322.43,30701.88,71.18,2282.54,17439.34,0,0,0,0
2009-12-22 16:00:00,0,2830.79,0,282.6,12739.01,5501.9,7264.3,0,0,1837.71,12993.73,204.52,0,16900.41,1385.89,4199.51,78380.27,0,20077.43,0,0,96000.56,0,0,0,2675.35,2477.37,0,24553.09,30611.9,70.88,2246.27,17262.54,0,0,0,0
2009-12-22 17:00:00,0,2854.14,0,277.75,13115.83,5519.09,7585.93,0,0,1844.5,13139.49,204.42,0,17700.61,1384.32,4273.52,78431.76,0,20699.59,0,0,99198.86,0,0,0,2719.12,2526.24,0,24954.77,30532.23,71.22,2257.66,17203.15,0,0,0,0
2009-12-22 18:00:00,0,2887.79,0,287.69,13643.47,5714.01,7874.35,0,0,1889.03,13342.74,212.78,0,18223.26,1459.27,4405.69,78754.1,0,21165.81,0,0,101369.26,0,0,0,2812.75,2623.43,0,25898.08,30535.91,72.22,2347.1,17776.79,0,0,0,0
2009-12-22 19:00:00,0,2843.94,0,337.61,14578.47,6553.5,8756.4,0,0,2100.56,14355.14,237.87,0,19040.04,1657.41,4469.49,82361.54,0,22488.34,0,0,105915.8,0,0,0,3146.8,3001.75,0,28084.15,31087.8,71.73,2510.0,18598.79,0,0,0,0
2009-12-22 20:00:00,0,2869.93,0,340.61,14899.92,6332.39,8615.21,0,0,1993.91,13529.12,235.6,0,18259.76,1617.29,4375.33,80961.46,0,21957.14,0,0,103691.57,0,0,0,3191.92,2963.21,0,28775.03,31443.21,68.82,2388.51,19185.42,0,0,0,0
2009-12-22 21:00:00,0,2874.7,0,325.22,14550.15,6091.45,8414.79,0,0,1886.4,12705.36,231.65,0,17454.01,1565.58,4259.45,79438.14,0,21383.68,0,0,101365.26,0,0,0,3101.81,2913.81,0,28407.25,31176.4,66.28,2256.41,19229.75,0,0,0,0
2009-12-22 22:00:00,0,2737.44,0,310.02,14067.34,5653.75,8193.89,0,0,1779.09,11838.09,219.69,0,16633.46,1508.4,4130.53,77170.55,0,20506.23,0,0,98901.25,0,0,0,3008.24,2853.45,0,27687.09,30406.41,64.32,2110.31,18593.27,0,0,0,0
2009-12-22 23:00:00,0,2613.01,0,290.14,13544.3,5268.56,7964.45,0,0,1671.59,10967.58,209.03,0,15798.33,1445.85,4011.4,74500.11,0,19574.61,0,0,96234.42,0,0,0,2924.85,2803.13,0,26769.86,29177.8,62.44,1986.22,17925.81,0,0,0,0
2009-12-23 00:00:00,0,2490.35,0,270.7,13076.13,4927.75,7738.03,0,0,1568.56,10183.83,197.93,0,14996.22,1380.88,3879.59,71649.88,0,18562.0,0,0,93469.55,0,0,0,2844.02,2759.43,0,25765.14,27957.99,60.51,1866.83,17191.93,0,0,0,0
2009-12-23 01:00:00,0,2371.29,0,255.71,12668.72,4637.91,7578.0,0,0,1475.63,9409.67,184.58,0,14316.45,1314.77,3749.79,68797.65,0,17522.59,0,0,90662.44,0,0,0,2777.17,2767.43,0,24851.49,26835.19,59.01,1770.5,16419.05,0,0,0,0
2009-12-23 02:00:00,0,2272.92,0,247.6,12527.63,4399.64,7631.28,0,0,1386.28,8799.68,176.31,0,14051.74,1261.72,3633.89,65973.19,0,16825.26,0,0,88330.02,0,0,0,2754.34,2825.09,0,24382.75,26120.15,58.01,1698.7,16048.49,0,0,0,0
2009-12-23 03:00:00,0,2204.01,0,256.57,12704.87,4368.61,7878.89,0,0,1383.59,8718.65,175.61,0,14126.0,1268.04,3638.27,64961.94,0,16690.5,0,0,89190.24,0,0,0,2824.93,2884.42,0,24837.6,25681.31,57.22,1704.83,16047.06,0,0,0,0
2009-12-23 04:00:00,0,2249.58,0,266.83,13191.39,4547.96,8153.85,0,0,1435.16,9040.91,184.51,0,14346.01,1302.24,3720.44,66058.46,0,16960.53,0,0,91612.24,0,0,0,2906.94,2926.33,0,25506.5,25446.76,57.7,1759.81,16410.64,0,0,0,0
2009-12-23 05:00:00,0,2307.58,0,281.64,13738.73,4819.32,8433.04,0,0,1491.88,9381.09,190.39,0,14685.11,1357.02,3835.94,67502.72,0,17254.51,0,0,94183.18,0,0,0,3002.67,2977.91,0,26256.69,25778.92,59.03,1840.92,16797.17,0,0,0,0
2009-12-23 06:00:00,0,2368.46,0,293.83,14274.42,5093.34,8703.65,0,0,1548.46,9729.37,195.9,0,15076.9,1397.6,3978.47,68917.44,0,17623.72,0,0,96812.17,0,0,0,3101.14,3025.59,0,26903.13,26540.24,60.6,1921.72,17125.6,0,0,0,0
2009-12-23 07:00:00,0,2430.95,0,307.65,14712.55,5362.94,8929.45,0,0,1602.46,10080.86,204.77,0,15472.3,1435.22,4116.4,70369.63,0,18131.6,0,0,99325.47,0,0,0,3186.48,3070.08,0,27525.36,27340.31,62.29,2014.22,17470.76,0,0,0,0
2009-12-23 08:00:00,0,2486.83,0,340.54,15478.7,5836.29,9167.06,0,0,1754.71,11349.76,215.29,0,16850.0,1541.03,4279.5,71842.33,0,19714.84,0,0,104581.37,0,0,0,3319.81,3096.0,0,28813.92,28076.94,63.56,2171.37,17886.65,0,0,0,0
2009-12-23 09:00:00,0,2566.79,0,345.32,15755.44,5988.07,9026.67,0,0,1797.99,12005.05,220.8,0,16932.0,1541.99,4457.38,75195.22,0,20254.29,0,0,106009.25,0,0,0,3212.52,2979.99,0,29856.88,28973.96,65.03,2165.05,18797.85,0,0,0,0
2009-12-23 10:00:00,0,2659.05,0,316.01,14997.76,5479.46,8249.3,0,0,1758.13,12248.26,193.56,0,16875.36,1372.11,4418.57,76843.06,0,20226.79,0,0,102904.12,0,0,0,2983.45,2745.53,0,28382.13,29811.1,66.47,2115.85,18610.35,0,0,0,0
2009-12-23 11:00:00,0,2703.03,0,295.74,14307.17,5424.17,7843.07,0,0,1766.23,12605.72,186.35,0,16819.99,1352.65,4343.96,77320.1,0,20219.25,0,0,100964.81,0,0,0,2836.92,2579.41,0,27510.72,30634.44,67.72,2135.24,18317.46,0,0,0,0
2009-12-23 12:00:00,0,2705.48,0,287.16,13778.44,5423.9,7590.46,0,0,1788.24,12936.85,188.01,0,16664.0,1365.5,4251.24,77345.15,0,20159.29,0,0,99455.98,0,0,0,2746.12,2514.97,0,26730.51,30859.86,68.67,2164.92,18013.72,0,0,0,0
2009-12-23 13:00:00,0,2694.22,0,286.73,13350.41,5458.14,7420.92,0,0,1822.54,13195.26,193.22,0,16519.9,1382.93,4196.61,77432.2,0,20100.53,0,0,98281.94,0,0,0,2686.33,2477.87,0,26030.63,30899.33,69.87,2195.4,17809.21,0,0,0,0
2009-12-23 14:00:00,0,2684.78,0,283.6,13006.11,5471.16,7226.09,0,0,1848.68,13274.47,195.5,0,16479.23,1385.14,4147.2,77426.73,0,20118.36,0,0,97211.85,0,0,0,2602.7,2441.98,0,25154.29,30930.62,70.68,2214.84,17608.89,0,0,0,0
2009-12-23 15:00:00,0,2682.84,0,279.03,12679.71,5489.36,6936.53,0,0,1844.73,13276.79,196.25,0,16582.69,1382.25,4104.37,77580.59,0,20316.43,0,0,96384.21,0,0,0,2523.1,2396.64,0,24618.2,30921.26,70.93,2247.3,17416.74,0,0,0,0
2009-12-23 16:00:00,0,2684.87,0,275.57,12510.35,5523.52,6933.9,0,0,1839.04,13352.13,197.28,0,17378.28,1364.45,4067.83,77719.25,0,20639.34,0,0,97476.26,0,0,0,2545.14,2389.94,0,24516.71,30825.04,71.19,2286.83,17322.73,0,0,0,0
2009-12-23 17:00:00,0,2700.47,0,277.9,12940.18,5516.2,7361.62,0,0,1839.25,13530.34,199.36,0,18064.75,1319.94,4101.31,77909.84,0,21071.21,0,0,101537.52,0,0,0,2652.92,2483.31,0,24697.85,30732.68,71.3,2320.53,17228.78,0,0,0,0
2009-12-23 18:00:00,0,2741.86,0,283.88,13330.01,5543.84,7699.01,0,0,1875.02,13690.64,206.75,0,18573.01,1350.28,4224.41,78381.03,0,21424.77,0,0,103991.46,0,0,0,2735.2,2552.56,0,25412.76,30780.67,71.51,2319.93,17663.08,0,0,0,0
2009-12-23 19:00:00,0,2714.79,0,321.82,14029.83,6403.01,8414.91,0,0,2100.69,14679.8,227.86,0,19141.72,1568.31,4357.18,81734.05,0,22739.68,0,0,109331.69,0,0,0,2974.41,2933.27,0,27130.3,31039.6,70.96,2515.71,18617.38,0,0,0,0
2009-12-23 20:00:00,0,2740.5,0,317.93,14266.46,6149.49,8254.38,0,0,1960.73,13801.55,224.1,0,18262.69,1492.1,4274.9,80188.47,0,22000.17,0,0,106790.19,0,0,0,3012.37,2928.74,0,27394.18,31398.11,68.34,2346.76,19059.94,0,0,0,0
2009-12-23 21:00:00,0,2742.19,0,299.02,13913.38,5899.81,8065.75,0,0,1835.03,12980.64,219.68,0,17346.59,1414.95,4184.58,78623.76,0,21163.16,0,0,104198.89,0,0,0,2948.88,2880.1,0,26677.8,31164.22,66.36,2190.0,18721.3,0,0,0,0
2009-12-23 22:00:00,0,2607.8,0,273.68,13404.6,5457.15,7874.39,0,0,1714.26,12120.35,205.94,0,16445.09,1334.32,4076.18,76359.94,0,20108.99,0,0,101596.52,0,0,0,2853.21,2799.54,0,25545.79,30468.03,64.34,2040.27,18043.08,0,0,0,0
2009-12-23 23:00:00,0,2481.51,0,256.97,12900.31,5006.96,7644.03,0,0,1595.73,11212.14,191.82,0,15524.27,1256.44,3966.55,73513.61,0,19004.61,0,0,98690.65,0,0,0,2777.25,2732.55,0,24287.62,29357.29,62.47,1905.0,17234.92,0,0,0,0
2009-12-24 00:00:00,0,2375.19,0,239.4,12448.76,4576.75,7430.61,0,0,1483.06,10398.01,177.67,0,14651.17,1178.02,3846.22,70588.94,0,17967.46,0,0,95692.1,0,0,0,2710.94,2685.69,0,23167.36,28305.73,60.67,1781.55,16434.4,0,0,0,0
2009-12-24 01:00:00,0,2271.63,0,221.38,12051.88,4196.76,7285.53,0,0,1382.89,9617.63,163.72,0,13878.51,1093.03,3721.51,67689.32,0,16969.05,0,0,92931.94,0,0,0,2655.53,2676.25,0,22208.45,27328.55,59.21,1669.52,15768.68,0,0,0,0
2009-12-24 02:00:00,0,2220.82,0,213.8,11897.87,3881.25,7386.15,0,0,1289.6,8932.22,153.32,0,13362.49,1007.06,3626.98,65044.75,0,16198.39,0,0,90586.68,0,0,0,2635.08,2744.14,0,21501.0,26753.87,58.44,1601.65,15263.11,0,0,0,0
2009-12-24 03:00:00,0,2182.67,0,215.89,12052.89,3770.56,7568.06,0,0,1271.2,8661.23,148.08,0,13172.69,976.38,3632.85,63383.63,0,16206.82,0,0,90970.94,0,0,0,2698.42,2803.86,0,21541.88,26414.38,57.81,1625.61,15183.85,0,0,0,0
2009-12-24 04:00:00,0,2264.74,0,221.55,12484.49,3941.19,7766.8,0,0,1324.05,8961.52,150.35,0,13497.51,1004.81,3741.39,64186.07,0,16432.68,0,0,93216.87,0,0,0,2805.02,2856.74,0,22183.81,26341.23,58.48,1693.47,15322.88,0,0,0,0
2009-12-24 05:00:00,0,2363.87,0,230.59,12927.96,4116.3,7925.56,0,0,1380.96,9290.41,153.84,0,13821.98,1034.1,3834.87,65529.17,0,16648.9,0,0,95383.49,0,0,0,2900.3,2890.28,0,22845.64,26781.28,59.73,1758.59,15638.5,0,0,0,0
2009-12-24 06:00:00,0,2458.97,0,237.66,13478.61,4286.5,8180.61,0,0,1432.01,9635.1,160.55,0,14094.12,1065.3,3951.16,67095.99,0,16984.25,0,0,97649.02,0,0,0,2995.71,2925.94,0,23544.3,27744.59,61.54,1825.46,15930.62,0,0,0,0
2009-12-24 07:00:00,0,2553.84,0,246.08,14000.71,4450.13,8445.44,0,0,1482.28,10006.11,167.11,0,14378.78,1097.02,4079.95,68726.47,0,17397.84,0,0,99824.16,0,0,0,3064.25,2962.83,0,24169.73,28545.57,63.2,1885.97,16276.32,0,0,0,0
2009-12-24 08:00:00,0,2653.23,0,263.12,14838.51,4783.02,8723.6,0,0,1610.03,10916.16,175.66,0,15167.4,1196.95,4206.79,70337.34,0,18769.53,0,0,103791.56,0,0,0,3141.83,2963.06,0,24956.82,29338.13,65.1,1993.09,16565.33,0,0,0,0
2009-12-24 09:00:00,0,2744.66,0,272.05,15026.54,5049.04,8529.53,0,0,1677.37,11720.39,175.81,0,16091.51,1244.84,4401.34,72966.8,0,19286.65,0,0,106222.5,0,0,0,2965.88,2757.42,0,25967.71,30140.17,67.13,2040.68,17321.95,0,0,0,0
2009-12-24 10:00:00,0,2842.96,0,267.73,14658.7,5244.42,8199.32,0,0,1759.02,12485.34,177.83,0,16212.2,1271.98,4448.09,75255.51,0,19145.27,0,0,103586.82,0,0,0,2760.03,2517.79,0,25595.53,31493.3,69.59,2078.59,17848.53,0,0,0,0
2009-12-24 11:00:00,0,2923.85,0,273.3,14078.14,5404.42,7709.89,0,0,1822.05,13124.1,181.34,0,16147.27,1311.9,4456.56,76509.86,0,19112.0,0,0,101374.0,0,0,0,2613.96,2340.7,0,25210.83,32372.79,72.16,2137.78,17914.89,0,0,0,0
2009-12-24 12:00:00,0,2974.56,0,281.44,13540.09,5604.47,7304.26,0,0,1870.25,13661.96,186.34,0,16086.73,1338.09,4424.44,77061.74,0,19090.05,0,0,99661.46,0,0,0,2547.32,2276.22,0,24849.81,32918.44,73.89,2207.75,17904.78,0,0,0,0
2009-12-24 13:00:00,0,3019.56,0,288.16,13218.14,5691.19,7043.52,0,0,1922.81,14112.74,192.05,0,16108.2,1350.65,4377.75,77375.18,0,19053.14,0,0,98155.35,0,0,0,2504.45,2246.5,0,24481.12,33143.61,75.06,2312.25,17812.32,0,0,0,0
2009-12-24 14:00:00,0,3070.3,0,290.98,13025.18,5739.59,6925.26,0,0,1963.43,14327.54,197.45,0,16124.25,1366.82,4343.08,77695.9,0,19076.1,0,0,96423.68,0,0,0,2464.72,2255.07,0,24089.61,33195.21,75.76,2401.93,17613.08,0,0,0,0
2009-12-24 15:00:00,0,3105.17,0,293.01,12975.13,5847.01,6910.38,0,0,2012.74,14671.84,203.49,0,16101.83,1375.43,4304.62,78008.72,0,19514.6,0,0,95562.42,0,0,0,2437.81,2246.58,0,23729.32,33334.8,76.12,2466.4,17359.9,0,0,0,0
2009-12-24 16:00:00,0,3150.43,0,296.13,13204.67,5889.64,6987.07,0,0,2041.82,14921.13,210.54,0,16318.94,1384.23,4278.81,78420.45,0,19844.8,0,0,97069.37,0,0,0,2475.3,2265.98,0,23508.98,33329.61,76.84,2518.67,17135.32,0,0,0,0
2009-12-24 17:00:00,0,3191.79,0,295.71,13802.75,5895.61,7527.13,0,0,2065.91,15058.84,214.98,0,16573.69,1355.22,4249.11,78787.18,0,20304.17,0,0,100165.36,0,0,0,2554.01,2316.85,0,23667.06,33227.64,77.52,2527.57,17079.15,0,0,0,0
2009-12-24 18:00:00,0,3224.34,0,290.95,14231.62,5871.3,7886.33,0,0,2071.49,15066.91,215.08,0,16811.58,1347.55,4236.43,79074.26,0,20690.24,0,0,101851.48,0,0,0,2632.13,2406.42,0,23922.38,33095.84,78.22,2501.02,17183.7,0,0,0,0
2009-12-24 19:00:00,0,3346.2,0,286.94,12631.28,6234.19,6975.65,0,0,2247.42,14804.91,216.12,0,15368.69,1442.55,3694.99,77800.76,0,19714.71,0,0,96853.87,0,0,0,2566.31,2312.07,0,23436.86,34731.75,72.09,2477.79,16989.53,0,0,0,0
2009-12-24 20:00:00,0,3425.38,0,279.37,12711.47,5960.65,6830.71,0,0,2127.5,14134.13,207.92,0,14764.38,1366.32,3587.06,77684.25,0,19083.79,0,0,94010.56,0,0,0,2555.59,2234.68,0,23674.29,34788.53,72.62,2333.49,16740.15,0,0,0,0
2009-12-24 21:00:00,0,3433.49,0,268.59,12157.16,5713.55,6582.27,0,0,1996.71,13509.28,202.94,0,14191.87,1309.79,3490.04,76418.76,0,18551.07,0,0,91188.09,0,0,0,2545.85,2144.53,0,23581.32,34708.39,72.32,2197.99,16224.7,0,0,0,0
2009-12-24 22:00:00,0,3338.64,0,248.7,11493.72,5428.27,6328.66,0,0,1883.75,12887.19,190.58,0,13618.02,1239.06,3416.48,74192.73,0,17657.99,0,0,88218.09,0,0,0,2407.03,2063.15,0,22558.87,33817.23,72.3,2066.49,15714.68,0,0,0,0
2009-12-24 23:00:00,0,3262.28,0,229.7,11006.41,5034.32,6081.92,0,0,1787.87,12119.5,177.5,0,13067.02,1179.5,3357.06,71734.81,0,16786.84,0,0,85300.7,0,0,0,2261.4,1928.51,0,21546.79,32923.22,72.44,1945.68,15397.99,0,0,0,0
2009-12-25 00:00:00,0,3165.74,0,210.39,10624.57,4637.18,5802.79,0,0,1691.76,11370.39,163.64,0,12430.17,1123.31,3280.84,69192.81,0,15806.1,0,0,82652.71,0,0,0,2146.69,1819.04,0,20546.1,32217.14,71.69,1823.01,14985.58,0,0,0,0
2009-12-25 01:00:00,0,3079.14,0,195.22,10277.03,4247.06,5494.82,0,0,1588.88,10690.09,147.68,0,11858.8,1059.31,3202.12,66755.19,0,14879.08,0,0,79854.91,0,0,0,2043.04,2676.25,0,19612.44,31500.1,72.92,1732.88,14502.02,0,0,0,0
2009-12-25 02:00:00,0,3018.55,0,182.02,10060.52,3969.04,5181.35,0,0,1485.14,10176.25,134.32,0,11717.46,992.91,3102.09,64459.25,0,14388.64,0,0,77274.18,0,0,0,1988.22,2744.14,0,19164.93,31031.46,73.29,1636.34,13888.49,0,0,0,0
2009-12-25 03:00:00,0,3003.58,0,176.89,9882.87,3714.59,4963.45,0,0,1406.05,9723.23,128.85,0,11784.43,938.25,2996.74,62876.64,0,13865.16,0,0,75414.74,0,0,0,2698.42,2803.86,0,18901.18,30760.3,74.4,1558.64,13556.51,0,0,0,0
2009-12-25 04:00:00,0,3092.05,0,174.62,9865.72,3605.31,5066.71,0,0,1361.93,9558.46,129.31,0,11944.28,923.48,2937.59,61830.84,0,13862.42,0,0,74754.61,0,0,0,2805.02,2856.74,0,19089.42,30748.62,75.54,1527.23,13525.23,0,0,0,0
2009-12-25 05:00:00,0,3232.65,0,230.59,10107.72,3698.45,5142.64,0,0,1381.67,9690.97,132.57,0,12179.48,941.28,2952.16,62159.42,0,14276.45,0,0,75136.71,0,0,0,2900.3,2890.28,0,19772.03,30844.68,78.41,1566.93,14155.08,0,0,0,0
2009-12-25 06:00:00,0,3364.26,0,171.66,10391.34,3884.36,5240.1,0,0,1425.55,9890.39,138.1,0,12403.81,959.39,3003.31,63503.67,0,14627.78,0,0,75551.36,0,0,0,2011.02,2925.94,0,20437.06,31471.58,81.01,1625.6,14770.75,0,0,0,0
2009-12-25 07:00:00,0,3491.9,0,202.75,10650.24,4087.84,5351.99,0,0,1468.34,10199.0,142.06,0,12660.03,1000.92,3108.27,64814.9,0,15106.84,0,0,76816.73,0,0,0,2088.44,2962.83,0,21089.19,32132.93,83.23,1686.72,15407.77,0,0,0,0
2009-12-25 08:00:00,0,3607.66,0,212.56,10998.69,4415.71,5599.89,0,0,1595.78,11061.98,150.15,0,13425.63,1066.33,3202.74,66172.44,0,15809.79,0,0,79092.88,0,0,0,2145.6,2963.06,0,21856.63,32827.36,85.93,1775.61,15988.12,0,0,0,0
2009-12-25 09:00:00,0,3798.37,0,221.27,11456.03,4783.18,5779.87,0,0,1727.3,12269.18,160.81,0,13913.86,1146.43,3463.3,69124.74,0,16779.66,0,0,82892.17,0,0,0,2251.91,2757.42,0,23507.4,34074.3,89.28,1897.84,17072.2,0,0,0,0
2009-12-25 10:00:00,0,4064.01,0,231.87,11505.2,5192.03,5876.9,0,0,1833.93,13573.09,178.86,0,13807.31,1202.15,3630.88,71531.56,0,17094.06,0,0,84534.53,0,0,0,2308.63,2517.79,0,24746.62,35659.56,92.56,2052.55,18575.93,0,0,0,0
2009-12-25 11:00:00,0,2923.85,0,238.68,11567.68,5533.12,5857.87,0,0,1970.85,14821.57,190.19,0,13713.37,1288.44,3726.06,73056.7,0,17210.13,0,0,85097.41,0,0,0,2338.02,1822.76,0,25180.52,35826.69,94.96,2186.78,19711.23,0,0,0,0
2009-12-25 12:00:00,0,4135.94,0,247.25,11600.2,5831.05,5844.8,0,0,2086.68,15625.25,193.99,0,13670.99,1327.38,3785.49,73859.15,0,17197.02,0,0,85218.96,0,0,0,2360.62,1842.51,0,25040.26,35807.01,96.19,2370.91,20337.18,0,0,0,0
2009-12-25 13:00:00,0,4073.0,0,252.19,11632.15,6006.92,5804.39,0,0,2225.23,16230.29,199.66,0,13632.23,1351.82,3881.32,74553.67,0,17443.76,0,0,85297.8,0,0,0,2411.37,1899.91,0,24912.03,35598.77,94.99,2380.25,20495.5,0,0,0,0
2009-12-25 14:00:00,0,4011.5,0,250.49,11594.09,6012.3,5792.58,0,0,2291.43,16567.84,195.29,0,13653.54,1396.76,4034.46,74841.81,0,17701.26,0,0,85265.84,0,0,0,2435.26,1948.29,0,24639.96,35131.6,92.75,2330.08,20287.45,0,0,0,0
2009-12-25 15:00:00,0,3958.15,0,241.21,11540.8,5888.57,5819.34,0,0,2268.6,16435.09,196.52,0,13665.33,1359.71,4180.01,75092.3,0,17725.12,0,0,85070.25,0,0,0,2478.12,1997.22,0,24605.2,34521.44,89.45,2243.51,19883.32,0,0,0,0
2009-12-25 16:00:00,0,3913.73,0,233.48,11738.17,5731.74,5794.92,0,0,2218.89,15936.5,193.51,0,14162.43,1325.95,4293.41,75054.23,0,17656.84,0,0,85302.85,0,0,0,2506.72,2037.66,0,24590.42,33885.73,85.75,2120.58,19222.36,0,0,0,0
2009-12-25 17:00:00,0,3854.06,0,232.47,11779.75,5589.63,5858.2,0,0,2170.84,15408.46,187.82,0,14602.29,1297.75,4362.07,74123.03,0,17908.08,0,0,85339.1,0,0,0,2506.53,2079.43,0,23859.2,33250.22,81.48,2039.37,18563.01,0,0,0,0
2009-12-25 18:00:00,0,3757.57,0,231.1,11796.64,5494.1,5938.35,0,0,2085.83,15085.36,182.24,0,14970.13,1277.08,4400.48,73483.7,0,18501.83,0,0,86280.6,0,0,0,2537.71,2156.71,0,23978.19,33000.17,79.01,1995.85,18619.36,0,0,0,0
2009-12-25 19:00:00,0,3709.01,0,328.14,13038.85,5697.37,6722.91,0,0,2061.02,15161.49,217.14,0,16932.95,1492.46,4658.14,81954.53,0,19974.49,0,0,98242.95,0,0,0,2678.95,2540.32,0,29070.74,35452.64,84.71,2319.39,20693.71,0,0,0,0
2009-12-25 20:00:00,0,3763.05,0,333.23,13082.5,5510.54,6498.25,0,0,1902.42,14137.93,213.21,0,16153.27,1421.57,4563.17,80874.81,0,19331.11,0,0,96071.58,0,0,0,2694.85,2506.78,0,29791.0,35402.64,83.46,2188.69,21270.46,0,0,0,0
2009-12-25 21:00:00,0,3707.35,0,325.47,12668.27,5356.93,6198.51,0,0,1765.15,13130.25,211.98,0,15357.09,1352.96,4486.28,79592.27,0,18739.25,0,0,93209.55,0,0,0,2689.46,2436.48,0,29260.99,34880.69,81.94,2079.32,21207.04,0,0,0,0
2009-12-25 22:00:00,0,3582.21,0,312.36,12154.44,5110.66,5911.5,0,0,1638.4,12177.19,200.02,0,14622.72,1311.27,4396.96,77614.93,0,17870.21,0,0,90369.99,0,0,0,2583.72,2351.36,0,28900.73,34323.59,80.47,1967.31,20549.62,0,0,0,0
2009-12-25 23:00:00,0,3458.26,0,307.12,11610.54,4783.63,5651.87,0,0,1535.24,11222.45,190.67,0,13878.54,1265.32,4274.1,75520.63,0,17059.57,0,0,87233.74,0,0,0,2502.54,2299.44,0,28366.17,33764.46,78.98,1855.56,19866.93,0,0,0,0
2009-12-26 00:00:00,0,3336.79,0,307.97,11151.79,4492.86,5382.09,0,0,1453.94,10278.4,182.09,0,13140.62,1229.5,4138.82,73528.68,0,16198.98,0,0,83536.46,0,0,0,2461.1,2286.5,0,27919.65,33111.32,77.19,1743.45,19228.11,0,0,0,0
2009-12-26 01:00:00,0,3241.79,0,310.25,10771.41,4275.69,5153.72,0,0,1373.21,9531.05,176.09,0,12535.22,1199.25,4004.81,71584.92,0,15421.17,0,0,80202.97,0,0,0,2434.26,2294.48,0,27764.91,32344.44,75.63,1638.34,18918.42,0,0,0,0
2009-12-26 02:00:00,0,3157.98,0,309.24,10566.59,4102.44,5002.96,0,0,1307.41,8968.06,171.48,0,12165.41,1203.59,3885.01,69997.83,0,14625.37,0,0,78236.56,0,0,0,2453.32,2354.72,0,27628.36,31569.43,74.53,1562.44,18744.54,0,0,0,0
2009-12-26 03:00:00,0,3142.06,0,316.1,10530.84,3942.7,5032.15,0,0,1275.9,8634.19,168.81,0,12231.19,1230.77,3827.61,69423.56,0,14051.73,0,0,76990.14,0,0,0,2509.95,2474.53,0,27468.41,30971.58,74.27,1547.66,18690.84,0,0,0,0
2009-12-26 04:00:00,0,3165.27,0,322.53,10639.86,3999.13,5218.72,0,0,1304.57,8680.66,174.36,0,12419.88,1320.07,3806.82,69076.93,0,14120.12,0,0,76604.71,0,0,0,2603.28,2621.53,0,27352.44,30521.93,74.36,1568.42,18602.14,0,0,0,0
2009-12-26 05:00:00,0,3224.05,0,325.68,11049.35,4169.23,5629.64,0,0,1344.76,8871.55,188.65,0,12626.2,1417.49,3858.33,70119.24,0,14342.75,0,0,77532.45,0,0,0,2732.9,2763.24,0,27365.07,30747.59,75.5,1635.34,18767.48,0,0,0,0
2009-12-26 06:00:00,0,3288.54,0,339.29,11492.25,4434.97,6043.77,0,0,1391.81,9198.39,201.62,0,12877.76,1518.63,3930.21,71215.18,0,14557.62,0,0,78488.3,0,0,0,2881.97,2908.2,0,27619.43,31103.64,76.99,1731.56,19042.0,0,0,0,0
2009-12-26 07:00:00,0,3345.36,0,345.24,11960.6,4773.49,6419.65,0,0,1459.18,9545.03,213.67,0,13162.22,1601.94,4010.08,72259.0,0,14879.61,0,0,79563.34,0,0,0,3019.11,3057.28,0,28097.24,31421.19,78.69,1827.17,19304.94,0,0,0,0
2009-12-26 08:00:00,0,3391.3,0,352.25,12668.07,5215.71,6776.01,0,0,1601.93,10240.49,225.68,0,13543.47,1737.06,4099.68,73309.35,0,15404.68,0,0,80712.7,0,0,0,3173.71,3202.79,0,28784.17,31807.13,80.3,1983.91,19672.11,0,0,0,0
2009-12-26 09:00:00,0,3542.66,0,338.64,13247.53,5709.44,7090.04,0,0,1719.89,11056.62,231.16,0,13936.75,1780.98,4214.69,75030.73,0,15900.64,0,0,83318.9,0,0,0,3261.2,3312.86,0,29845.86,32535.15,81.4,2158.21,20790.73,0,0,0,0
2009-12-26 10:00:00,0,3662.54,0,327.41,13090.72,6010.1,7147.77,0,0,1778.4,11729.38,224.02,0,14272.36,1745.11,4213.75,76214.17,0,16343.15,0,0,84872.88,0,0,0,3256.79,3305.84,0,29611.22,33492.67,81.83,2244.79,20439.24,0,0,0,0
2009-12-26 11:00:00,0,3615.83,0,325.74,12638.89,6111.37,7031.64,0,0,1805.06,12154.2,221.17,0,14413.27,1693.97,4127.29,76907.42,0,16645.46,0,0,85904.24,0,0,0,3134.48,3154.21,0,29196.86,33680.22,81.41,2276.29,19667.2,0,0,0,0
2009-12-26 12:00:00,0,3601.63,0,325.19,12239.14,6106.53,6955.22,0,0,1812.95,12499.63,224.18,0,14481.85,1653.69,4065.98,77320.89,0,16925.81,0,0,86659.68,0,0,0,2959.7,3001.96,0,28681.34,33721.01,81.06,2271.24,19003.34,0,0,0,0
2009-12-26 13:00:00,0,3582.97,0,325.84,11943.48,5995.23,6831.43,0,0,1805.81,12700.47,222.24,0,14509.64,1618.15,4032.89,77297.21,0,17193.6,0,0,86959.34,0,0,0,2776.46,2855.75,0,27830.93,33634.91,80.42,2247.24,18306.14,0,0,0,0
2009-12-26 14:00:00,0,3538.64,0,310.53,11656.49,5825.25,6736.7,0,0,1778.57,12667.01,215.03,0,14493.07,1558.9,4001.45,76931.1,0,17465.23,0,0,86846.31,0,0,0,2629.54,2727.63,0,26922.72,33418.6,79.77,2222.69,17691.64,0,0,0,0
2009-12-26 15:00:00,0,3492.05,0,292.98,11519.8,5598.22,6644.63,0,0,1739.83,12552.38,206.15,0,14602.25,1483.94,3960.51,76236.87,0,17730.26,0,0,86606.92,0,0,0,2520.01,2630.24,0,26028.59,33033.48,78.92,2147.82,17146.4,0,0,0,0
2009-12-26 16:00:00,0,3451.63,0,282.72,11438.05,5314.93,6613.5,0,0,1690.59,12436.75,201.84,0,14917.54,1422.03,3938.37,75581.54,0,17980.86,0,0,86337.98,0,0,0,2504.76,2580.92,0,25162.07,32578.96,77.75,2089.94,16854.83,0,0,0,0
2009-12-26 17:00:00,0,3458.62,0,284.8,11762.13,5222.11,6807.74,0,0,1690.08,12430.7,204.78,0,15214.82,1423.82,3950.96,75471.59,0,18232.31,0,0,87391.77,0,0,0,2595.53,2636.02,0,25018.45,32289.81,76.28,2094.47,17080.85,0,0,0,0
2009-12-26 18:00:00,0,3431.1,0,293.91,12061.67,5391.99,7035.25,0,0,1735.11,12702.78,213.89,0,15480.87,1486.24,4036.92,75806.41,0,18488.92,0,0,89193.02,0,0,0,2700.68,2723.99,0,25710.65,32239.08,76.89,2130.87,17977.36,0,0,0,0
2009-12-26 19:00:00,0,3768.99,0,326.78,13072.27,6164.11,7417.29,0,0,2040.57,14156.35,241.99,0,16217.36,1720.69,4554.88,84157.97,0,18980.47,0,0,95585.2,0,0,0,2965.93,3045.99,0,29995.44,35693.44,83.1,2438.28,19666.78,0,0,0,0
2009-12-26 20:00:00,0,3858.77,0,325.85,13317.44,6055.69,7327.43,0,0,1936.25,13250.84,241.2,0,15328.62,1684.12,4480.83,83331.92,0,18436.55,0,0,93272.14,0,0,0,3014.61,3044.23,0,30901.91,35904.39,82.77,2339.99,20410.11,0,0,0,0
2009-12-26 21:00:00,0,3852.82,0,319.67,13138.21,5970.77,7218.19,0,0,1838.74,12388.35,241.22,0,14505.75,1645.24,4386.87,82130.57,0,17854.16,0,0,90289.02,0,0,0,3017.53,3033.81,0,30347.35,35420.87,81.6,2241.01,20591.77,0,0,0,0
2009-12-26 22:00:00,0,3771.51,0,307.18,12748.44,5752.91,7130.13,0,0,1763.82,11566.25,232.73,0,13655.79,1611.38,4296.23,80102.62,0,16959.48,0,0,87181.56,0,0,0,2940.46,2977.02,0,29550.61,34938.66,80.38,2147.55,20001.73,0,0,0,0
2009-12-26 23:00:00,0,3699.28,0,295.6,12356.66,5440.9,7002.27,0,0,1692.84,10883.12,220.42,0,12807.61,1561.84,4203.53,77767.19,0,16102.95,0,0,84097.07,0,0,0,2858.89,2935.3,0,28653.03,34445.89,79.61,2060.17,19463.73,0,0,0,0
2009-12-27 00:00:00,0,3634.6,0,287.58,11996.86,5099.05,6868.16,0,0,1611.61,10257.74,208.62,0,11966.7,1489.93,4111.94,75438.31,0,15189.41,0,0,81460.28,0,0,0,2808.05,2909.55,0,27921.48,33826.34,78.67,1991.35,18946.07,0,0,0,0
2009-12-27 01:00:00,0,3561.82,0,281.56,11675.72,4835.78,6764.23,0,0,1526.06,9761.31,201.58,0,11249.07,1448.09,4019.64,73155.51,0,14379.46,0,0,78635.68,0,0,0,2776.81,2921.48,0,27178.02,33101.71,78.36,1879.56,18623.77,0,0,0,0
2009-12-27 02:00:00,0,3531.18,0,275.94,11682.48,4644.36,6778.82,0,0,1431.33,9244.05,192.94,0,10882.11,1415.93,3948.26,71468.51,0,13618.81,0,0,76319.73,0,0,0,2794.88,2990.91,0,26629.91,32410.86,78.61,1813.88,18536.83,0,0,0,0
2009-12-27 03:00:00,0,3545.47,0,272.47,11765.54,4617.98,6916.73,0,0,1385.61,9015.85,189.11,0,10867.24,1397.13,3898.87,70533.25,0,13005.63,0,0,75729.42,0,0,0,2819.1,3059.05,0,26395.98,31833.15,79.09,1790.01,18568.44,0,0,0,0
2009-12-27 04:00:00,0,3595.03,0,285.26,11982.8,4629.71,7170.64,0,0,1405.88,9060.87,192.54,0,11018.29,1407.18,3898.47,70441.49,0,12930.96,0,0,76326.08,0,0,0,2872.87,3124.67,0,26610.65,31375.1,79.81,1799.71,18597.32,0,0,0,0
2009-12-27 05:00:00,0,3636.17,0,294.57,12353.2,4705.84,7477.24,0,0,1441.98,9392.02,198.15,0,11195.62,1436.29,3970.21,71211.41,0,13313.95,0,0,77532.83,0,0,0,2970.45,3196.26,0,26955.22,31556.32,80.42,1831.07,18758.83,0,0,0,0
2009-12-27 06:00:00,0,3692.43,0,305.47,12767.07,4773.22,7768.47,0,0,1474.92,9750.25,201.91,0,11387.33,1489.93,4057.59,72331.56,0,13752.01,0,0,78852.99,0,0,0,3057.18,3256.37,0,27231.47,31847.81,81.25,1842.2,18981.36,0,0,0,0
2009-12-27 07:00:00,0,3743.1,0,316.52,13154.88,4908.03,8019.94,0,0,1501.55,10084.45,208.08,0,11601.86,1521.88,4133.5,73187.2,0,14141.0,0,0,80226.85,0,0,0,3135.89,3306.16,0,27642.51,32174.54,82.14,1845.99,19217.0,0,0,0,0
2009-12-27 08:00:00,0,3793.54,0,304.14,13715.11,5079.93,8268.93,0,0,1563.09,10627.46,214.66,0,11856.5,1556.42,4231.89,74059.56,0,14598.81,0,0,82481.23,0,0,0,3210.42,3339.3,0,28187.71,32570.21,83.96,1907.17,19538.89,0,0,0,0
2009-12-27 09:00:00,0,3922.51,0,324.72,14128.67,5298.53,8179.03,0,0,1609.24,11173.61,219.0,0,12173.35,1622.02,4300.44,76250.05,0,15142.5,0,0,85449.73,0,0,0,3121.08,3290.29,0,29184.15,33216.61,85.2,2022.61,20543.03,0,0,0,0
2009-12-27 10:00:00,0,3944.2,0,286.88,13450.7,5363.79,7561.1,0,0,1641.97,11792.88,212.75,0,12541.59,1628.97,4215.32,77506.52,0,15650.61,0,0,86507.05,0,0,0,2959.87,3158.19,0,28244.71,33957.32,84.08,2013.8,19971.69,0,0,0,0
2009-12-27 11:00:00,0,3808.06,0,316.86,12831.88,5435.69,7065.18,0,0,1675.98,12314.87,212.3,0,12878.17,1543.23,4117.55,77949.87,0,16133.19,0,0,85983.55,0,0,0,2795.02,2998.6,0,27433.9,33941.41,80.62,2021.67,19013.84,0,0,0,0
2009-12-27 12:00:00,0,3724.16,0,314.26,12347.83,5570.57,6721.95,0,0,1726.3,12789.54,213.63,0,13175.93,1427.49,4050.63,78367.71,0,15893.3,0,0,85027.7,0,0,0,2652.4,2901.19,0,26941.59,33870.35,79.49,2057.27,18308.76,0,0,0,0
2009-12-27 13:00:00,0,3649.62,0,300.25,11797.09,5575.39,6522.82,0,0,1755.94,13123.54,218.11,0,13430.39,1429.83,4040.43,78099.1,0,15709.89,0,0,84133.75,0,0,0,2570.65,2805.07,0,26469.5,33582.65,79.64,2064.66,17747.81,0,0,0,0
2009-12-27 14:00:00,0,3566.42,0,266.77,11252.26,5503.15,6422.46,0,0,1751.44,13325.01,226.57,0,13665.65,1484.83,4055.51,77728.55,0,15819.09,0,0,83728.02,0,0,0,2462.35,2774.76,0,26007.87,33236.58,79.37,2065.71,17372.42,0,0,0,0
2009-12-27 15:00:00,0,3541.25,0,272.67,10794.01,5314.26,6301.37,0,0,1743.63,13337.83,222.54,0,13926.49,1551.89,4093.07,77127.78,0,16177.06,0,0,83285.91,0,0,0,2405.77,2691.03,0,25317.3,32894.93,79.09,2049.81,17045.76,0,0,0,0
2009-12-27 16:00:00,0,3506.66,0,267.74,10756.93,5225.8,6205.21,0,0,1743.93,13221.7,224.96,0,14315.68,1508.09,4155.66,76048.39,0,16829.4,0,0,84218.55,0,0,0,2467.38,2670.22,0,24654.19,32401.23,79.18,2060.23,16886.96,0,0,0,0
2009-12-27 17:00:00,0,3501.06,0,273.22,11182.61,5177.88,6522.47,0,0,1748.62,13265.2,224.66,0,14722.04,1503.23,4222.04,75846.04,0,17542.63,0,0,87500.17,0,0,0,2534.58,2715.24,0,24758.83,32092.83,78.61,2066.12,17356.55,0,0,0,0
2009-12-27 18:00:00,0,3465.37,0,279.9,11662.12,5332.44,6799.27,0,0,1768.08,13206.27,229.76,0,15128.42,1548.83,4352.81,76043.4,0,18026.13,0,0,90516.56,0,0,0,2593.09,2769.83,0,25335.41,32053.84,78.56,2082.51,18506.31,0,0,0,0
2009-12-27 19:00:00,0,3824.01,0,326.13,13913.73,6517.28,7667.28,0,0,2063.96,14432.85,266.84,0,16523.56,1757.79,4838.54,89198.61,0,20455.8,0,0,103388.0,0,0,0,3031.89,2988.6,0,29913.13,36230.17,92.96,2483.63,20967.24,0,0,0,0
2009-12-27 20:00:00,0,3893.09,0,322.46,14137.58,6341.91,7404.38,0,0,1961.41,13573.04,265.39,0,15822.38,1702.78,4785.68,88273.75,0,19835.49,0,0,101212.73,0,0,0,3063.13,2935.98,0,30654.89,36437.61,91.14,2385.0,21673.83,0,0,0,0
2009-12-27 21:00:00,0,3872.14,0,315.53,13661.83,6118.62,7177.34,0,0,1847.31,12747.05,259.08,0,15110.52,1649.87,4693.85,86902.33,0,19276.37,0,0,98510.22,0,0,0,2967.82,2860.98,0,29954.23,36615.07,89.8,2270.48,21635.32,0,0,0,0
2009-12-27 22:00:00,0,3799.59,0,305.53,13053.42,5691.71,6921.46,0,0,1721.65,11819.03,243.61,0,14375.72,1587.37,4626.82,84585.46,0,18256.53,0,0,95799.92,0,0,0,2849.08,2777.29,0,29167.9,35667.34,90.37,2175.57,21051.29,0,0,0,0
2009-12-27 23:00:00,0,3680.69,0,287.43,12498.5,5276.89,6693.29,0,0,1597.66,10842.68,228.85,0,13618.96,1513.92,4575.14,82001.44,0,17190.69,0,0,92953.43,0,0,0,2744.59,2702.02,0,28289.75,34534.38,90.79,2048.36,20526.73,0,0,0,0
2009-12-28 00:00:00,0,3576.85,0,271.91,12053.8,4904.83,6498.6,0,0,1488.35,9951.48,210.21,0,12839.07,1445.45,4515.32,79343.9,0,16113.11,0,0,90069.21,0,0,0,2638.37,2599.46,0,27345.15,33465.23,89.21,1935.2,20069.06,0,0,0,0
2009-12-28 01:00:00,0,3486.6,0,253.28,11814.44,4620.11,6320.88,0,0,1394.19,9162.18,197.93,0,12210.08,1358.5,4440.48,76690.46,0,15051.57,0,0,87370.76,0,0,0,2545.5,2529.33,0,26372.14,32474.66,86.96,1831.21,19602.34,0,0,0,0
2009-12-28 02:00:00,0,3426.27,0,239.64,11758.96,4438.2,6308.29,0,0,1332.03,8701.33,193.24,0,11945.36,1296.8,4364.07,74302.27,0,14277.22,0,0,85430.67,0,0,0,2537.79,2608.38,0,25873.37,31705.15,86.83,1719.76,19559.87,0,0,0,0
2009-12-28 03:00:00,0,3451.38,0,250.37,11993.83,4416.95,6663.42,0,0,1341.06,8679.07,193.92,0,12034.4,1316.61,4350.58,73324.44,0,13989.44,0,0,85876.61,0,0,0,2660.56,2712.24,0,26113.14,31282.93,88.38,1698.74,19880.65,0,0,0,0
2009-12-28 04:00:00,0,3473.21,0,260.77,12541.4,4508.26,7098.79,0,0,1386.29,8960.46,201.43,0,12360.94,1370.03,4439.75,74628.42,0,14410.07,0,0,87258.66,0,0,0,2769.42,2781.44,0,26956.31,31225.1,90.25,1782.27,20321.3,0,0,0,0
2009-12-28 05:00:00,0,3510.28,0,254.82,13038.01,4778.46,7490.25,0,0,1446.21,9334.05,204.54,0,12736.1,1443.38,4568.83,76138.08,0,14986.92,0,0,88894.2,0,0,0,2863.7,2841.06,0,28097.78,31796.38,92.08,1922.13,20808.75,0,0,0,0
2009-12-28 06:00:00,0,3547.65,0,245.37,13536.2,5252.58,7837.04,0,0,1518.71,9723.14,208.48,0,13135.87,1512.54,4693.28,77401.83,0,15644.85,0,0,90818.91,0,0,0,2954.98,2899.1,0,29050.97,32569.82,94.41,2068.66,21267.83,0,0,0,0
2009-12-28 07:00:00,0,3594.68,0,262.38,14052.35,5809.1,8165.05,0,0,1606.59,10112.93,211.09,0,13516.32,1569.75,4829.18,78549.78,0,16260.47,0,0,92421.48,0,0,0,3037.91,2965.79,0,30059.4,33365.24,96.73,2201.07,21752.37,0,0,0,0
2009-12-28 08:00:00,0,3639.15,0,295.85,14979.02,6396.11,8402.51,0,0,1802.89,11149.68,222.67,0,14716.13,1672.49,4962.95,79902.59,0,17596.86,0,0,97018.58,0,0,0,3169.52,3008.37,0,31771.1,34245.82,98.73,2388.59,22373.22,0,0,0,0
2009-12-28 09:00:00,0,3765.48,0,333.83,14688.67,6689.83,8104.75,0,0,1868.37,11979.6,236.37,0,15062.16,1666.86,5193.79,83692.1,0,18634.6,0,0,101111.63,0,0,0,2993.33,2856.62,0,33092.1,35839.35,100.64,2427.37,23884.43,0,0,0,0
2009-12-28 10:00:00,0,3766.78,0,345.44,14421.81,6286.67,7928.13,0,0,1858.01,12379.18,204.13,0,15220.73,1478.64,5234.12,85503.61,0,18869.91,0,0,101624.46,0,0,0,2894.13,2728.56,0,32870.36,36543.74,100.0,2327.49,23676.67,0,0,0,0
2009-12-28 11:00:00,0,3654.81,0,351.98,14329.93,5898.04,7726.01,0,0,1841.95,12742.73,190.5,0,15531.01,1417.44,5232.97,85873.02,0,19117.09,0,0,101575.25,0,0,0,2884.86,2700.6,0,32411.41,36132.9,96.26,2214.29,23061.32,0,0,0,0
2009-12-28 12:00:00,0,3538.51,0,353.65,14106.74,5604.47,7577.13,0,0,1834.21,12941.83,197.35,0,15665.25,1435.64,5203.28,85943.85,0,19106.42,0,0,101091.54,0,0,0,2865.52,2688.31,0,31659.11,35572.98,92.29,2163.38,22294.82,0,0,0,0
2009-12-28 13:00:00,0,3429.92,0,353.85,13762.68,5547.22,7457.28,0,0,1833.15,13034.94,193.69,0,15587.45,1410.18,5196.84,85847.58,0,19168.92,0,0,100782.67,0,0,0,2824.13,2656.37,0,30898.92,35215.06,89.64,2177.57,21705.77,0,0,0,0
2009-12-28 14:00:00,0,3332.91,0,347.42,13393.59,5529.41,7399.38,0,0,1812.69,12984.73,191.36,0,15528.58,1393.35,5168.79,85293.2,0,19285.24,0,0,100622.6,0,0,0,2783.87,2627.4,0,30023.61,34827.93,87.79,2179.51,21158.01,0,0,0,0
2009-12-28 15:00:00,0,3261.83,0,338.99,13226.26,5540.82,7385.62,0,0,1814.67,12968.19,193.84,0,15589.47,1408.02,5132.47,84616.09,0,19171.32,0,0,100152.95,0,0,0,2766.18,2613.29,0,29253.52,34512.82,85.81,2176.88,20738.91,0,0,0,0
2009-12-28 16:00:00,0,3232.49,0,333.62,13302.75,5535.61,7420.14,0,0,1802.01,12802.17,196.72,0,15721.06,1435.17,5083.63,84100.85,0,19427.69,0,0,100527.2,0,0,0,2772.5,2602.94,0,28723.42,34353.13,83.59,2183.35,20694.12,0,0,0,0
2009-12-28 17:00:00,0,3295.64,0,333.37,13829.12,5512.33,7903.09,0,0,1805.4,12788.47,201.17,0,16162.45,1425.92,5077.71,84148.36,0,19824.88,0,0,101641.14,0,0,0,2835.85,2710.48,0,28678.04,34383.73,82.05,2207.03,20719.25,0,0,0,0
2009-12-28 18:00:00,0,3441.21,0,343.9,14195.84,5478.77,8225.91,0,0,1820.31,12739.51,214.47,0,16441.31,1467.4,5074.77,84559.79,0,20146.73,0,0,102661.05,0,0,0,2992.89,2957.86,0,29854.52,34795.68,82.99,2215.16,21560.35,0,0,0,0
2009-12-28 19:00:00,0,3765.14,0,393.48,15420.3,6488.3,9144.23,0,0,2100.53,14107.36,243.52,0,17599.05,1761.31,5136.28,92110.83,0,21536.69,0,0,108423.02,0,0,0,3404.95,3318.66,0,33397.88,36903.83,89.92,2432.68,22391.28,0,0,0,0
2009-12-28 20:00:00,0,3929.8,0,391.81,15467.37,6294.73,8914.09,0,0,2000.19,13301.15,248.23,0,16790.22,1730.28,4979.97,91330.29,0,21003.62,0,0,105741.73,0,0,0,3481.89,3283.65,0,33808.96,37558.77,90.15,2338.11,22896.36,0,0,0,0
2009-12-28 21:00:00,0,3941.79,0,385.45,14855.26,6110.07,8627.05,0,0,1904.39,12496.15,250.4,0,15957.3,1718.79,4819.68,90045.06,0,20414.35,0,0,102623.69,0,0,0,3356.15,3204.29,0,32776.22,37846.09,89.45,2222.35,22619.43,0,0,0,0
2009-12-28 22:00:00,0,3896.53,0,379.43,14279.17,5805.81,8351.34,0,0,1822.45,11704.83,252.98,0,15125.63,1722.0,4720.47,88045.95,0,19418.69,0,0,99836.87,0,0,0,3195.55,3098.85,0,31740.18,37123.47,88.58,2108.66,22047.31,0,0,0,0
2009-12-28 23:00:00,0,3859.09,0,366.48,13710.35,5553.3,8058.1,0,0,1771.22,11003.98,250.55,0,14249.31,1721.16,4613.67,85732.43,0,18420.52,0,0,97357.43,0,0,0,3078.51,3011.85,0,30744.54,36385.85,88.85,2026.35,21369.53,0,0,0,0
2009-12-29 00:00:00,0,3856.52,0,349.11,13133.99,5388.22,7753.99,0,0,1725.52,10420.54,239.0,0,13368.51,1693.45,4610.43,83249.31,0,17438.51,0,0,94832.14,0,0,0,3006.33,2944.94,0,29863.43,35649.06,88.78,1989.42,20611.67,0,0,0,0
2009-12-29 01:00:00,0,3837.47,0,334.08,12795.91,5301.78,7491.05,0,0,1691.6,9881.83,228.32,0,12612.04,1650.79,4550.97,80902.2,0,16499.81,0,0,92412.22,0,0,0,2928.23,2903.24,0,29118.43,34915.99,88.57,1977.47,19948.75,0,0,0,0
2009-12-29 02:00:00,0,3874.55,0,332.7,12640.41,5324.69,7372.28,0,0,1670.06,9641.12,228.48,0,12338.25,1630.69,4501.6,79413.06,0,15704.19,0,0,90098.86,0,0,0,2906.56,2920.48,0,28766.07,34470.69,88.96,1972.97,19949.15,0,0,0,0
2009-12-29 03:00:00,0,3961.94,0,340.07,12724.76,5595.62,7467.08,0,0,1714.79,9964.65,239.22,0,12453.93,1668.65,4514.73,79016.55,0,15533.62,0,0,89431.72,0,0,0,2950.77,2962.92,0,29100.43,34231.6,90.73,2027.67,20097.63,0,0,0,0
2009-12-29 04:00:00,0,4039.74,0,344.61,13320.35,5956.96,7723.93,0,0,1814.15,10474.11,245.45,0,12922.56,1729.81,4625.68,80080.5,0,16028.21,0,0,91839.12,0,0,0,3035.61,3007.2,0,29968.12,34365.41,92.72,2102.66,20441.15,0,0,0,0
2009-12-29 05:00:00,0,4118.58,0,349.77,13961.96,6322.19,8021.39,0,0,1911.5,10996.44,250.11,0,13494.54,1772.18,4744.96,81531.06,0,16700.21,0,0,94658.49,0,0,0,3121.09,3052.19,0,31016.14,34707.35,94.42,2188.77,20893.66,0,0,0,0
2009-12-29 06:00:00,0,4191.81,0,355.95,14524.38,6698.66,8311.76,0,0,2003.01,11475.01,253.41,0,14151.57,1819.16,4881.51,83045.98,0,17275.95,0,0,97524.95,0,0,0,3197.58,3114.6,0,31794.79,35355.96,96.43,2282.25,21377.54,0,0,0,0
2009-12-29 07:00:00,0,4266.91,0,364.1,14936.17,6978.22,8598.89,0,0,2084.34,11973.53,259.39,0,14762.68,1874.51,5052.3,84415.72,0,17780.17,0,0,100188.41,0,0,0,3293.49,3200.26,0,32366.06,36082.43,98.07,2337.94,21869.67,0,0,0,0
2009-12-29 08:00:00,0,4308.2,0,378.03,15812.38,7373.96,8929.52,0,0,2209.33,13230.69,262.19,0,16172.72,1972.28,5243.42,85651.77,0,19247.77,0,0,105326.66,0,0,0,3463.82,3309.12,0,33355.58,36772.89,99.46,2480.32,22531.81,0,0,0,0
2009-12-29 09:00:00,0,4389.56,0,384.32,15383.44,7491.83,8826.05,0,0,2256.91,13812.98,257.9,0,17211.63,1976.89,5436.03,89471.73,0,20657.89,0,0,108747.71,0,0,0,3420.55,3224.22,0,33920.49,37897.91,101.17,2615.98,24032.33,0,0,0,0
2009-12-29 10:00:00,0,4291.44,0,375.27,14893.71,7399.06,8426.35,0,0,2263.07,14000.75,252.65,0,17508.61,1917.93,5302.48,90916.14,0,21102.89,0,0,107536.84,0,0,0,3318.75,3144.66,0,32625.24,38646.79,101.09,2604.11,23895.17,0,0,0,0
2009-12-29 11:00:00,0,4060.71,0,366.02,14405.11,7337.18,8089.48,0,0,2241.67,14013.97,250.85,0,17550.48,1901.61,5123.84,90071.91,0,21324.23,0,0,105786.25,0,0,0,3238.83,3081.58,0,31917.79,38064.92,98.16,2610.32,23243.2,0,0,0,0
2009-12-29 12:00:00,0,3842.28,0,358.59,13948.04,7261.02,7783.81,0,0,2202.4,13865.26,252.55,0,17573.72,1846.29,4970.93,88702.58,0,21383.54,0,0,104223.93,0,0,0,3153.02,3014.71,0,31054.42,37194.41,95.02,2599.68,22485.39,0,0,0,0
2009-12-29 13:00:00,0,3688.37,0,356.19,13567.67,7131.09,7563.41,0,0,2157.15,13661.15,256.93,0,17539.17,1798.94,4870.12,87803.07,0,21325.36,0,0,103015.44,0,0,0,3029.0,2929.34,0,30338.81,36482.37,92.61,2566.9,21889.1,0,0,0,0
2009-12-29 14:00:00,0,3561.33,0,351.27,13239.07,6915.86,7469.38,0,0,2105.54,13360.41,248.52,0,17499.48,1755.17,4819.68,87002.99,0,21249.98,0,0,102110.24,0,0,0,2899.79,2831.5,0,29568.13,35812.8,90.57,2532.68,21435.9,0,0,0,0
2009-12-29 15:00:00,0,3474.33,0,333.36,13056.65,6538.91,7442.94,0,0,2019.36,13001.14,235.3,0,17602.46,1677.51,4772.6,85866.17,0,21289.4,0,0,101384.97,0,0,0,2797.51,2741.85,0,28799.27,35218.78,88.44,2445.15,21090.89,0,0,0,0
2009-12-29 16:00:00,0,3402.49,0,321.2,13181.06,6123.92,7527.32,0,0,1933.41,12813.86,225.26,0,18258.8,1614.47,4742.08,84881.89,0,21464.35,0,0,102027.32,0,0,0,2779.67,2745.67,0,28496.76,34672.43,86.14,2367.93,20855.82,0,0,0,0
2009-12-29 17:00:00,0,3422.55,0,322.29,13761.07,5913.82,8128.2,0,0,1908.57,12853.39,224.14,0,18756.8,1565.88,4777.01,84609.0,0,21662.02,0,0,105254.37,0,0,0,2896.71,2928.7,0,29056.84,34319.03,83.51,2348.08,21036.09,0,0,0,0
2009-12-29 18:00:00,0,3489.48,0,336.3,14293.71,6283.93,8626.82,0,0,1979.77,13139.32,236.73,0,19325.82,1635.85,4897.46,84433.73,0,22104.18,0,0,107930.35,0,0,0,3100.15,3165.28,0,30375.34,34272.57,83.49,2456.62,21843.51,0,0,0,0
2009-12-29 19:00:00,0,3659.07,0,383.17,15920.87,6972.34,9747.27,0,0,2188.77,14408.65,265.27,0,20148.87,1831.74,5207.86,90577.52,0,24017.14,0,0,114257.27,0,0,0,3518.84,3478.8,0,33933.32,35586.39,89.69,2703.61,22807.31,0,0,0,0
2009-12-29 20:00:00,0,3747.11,0,390.85,16182.69,6977.2,9609.25,0,0,2085.15,13590.86,266.68,0,19227.7,1772.04,5103.25,89521.08,0,23053.34,0,0,111590.18,0,0,0,3572.72,3407.72,0,34868.79,35844.36,87.41,2592.84,23470.84,0,0,0,0
2009-12-29 21:00:00,0,3707.57,0,378.75,15688.86,6855.55,9437.14,0,0,1977.21,12746.46,263.63,0,18297.03,1727.68,4997.82,88285.73,0,22098.18,0,0,108810.29,0,0,0,3437.18,3309.14,0,34220.83,35796.79,84.3,2463.84,23335.97,0,0,0,0
2009-12-29 22:00:00,0,3576.57,0,361.14,15160.74,6523.39,9274.33,0,0,1872.97,11860.94,248.35,0,17390.75,1658.38,4862.7,85888.26,0,20966.97,0,0,105965.83,0,0,0,3336.36,3262.83,0,33256.85,34760.62,81.15,2344.82,22594.97,0,0,0,0
2009-12-29 23:00:00,0,3429.29,0,343.46,14592.11,6150.9,9012.13,0,0,1763.72,11043.56,227.76,0,16520.81,1582.65,4718.11,83184.8,0,19825.72,0,0,103028.85,0,0,0,3239.22,3202.67,0,32274.09,33487.88,78.63,2230.43,21815.43,0,0,0,0
2009-12-30 00:00:00,0,3270.98,0,326.94,14167.96,5831.72,8793.4,0,0,1659.99,10251.23,213.01,0,15648.36,1503.72,4570.98,80301.36,0,18721.4,0,0,99957.38,0,0,0,3162.59,3159.03,0,30727.99,32185.38,76.73,2120.02,21001.96,0,0,0,0
2009-12-30 01:00:00,0,3126.05,0,317.15,13815.42,5561.15,8573.94,0,0,1581.57,9573.82,206.65,0,14878.11,1417.67,4430.49,77388.59,0,17652.47,0,0,96831.2,0,0,0,3113.22,3190.95,0,29308.98,30992.29,74.83,2022.96,20286.19,0,0,0,0
2009-12-30 02:00:00,0,3000.26,0,308.97,13685.16,5392.5,8602.4,0,0,1540.98,9211.68,207.32,0,14391.41,1393.13,4310.58,75053.47,0,16884.22,0,0,94613.79,0,0,0,3114.54,3238.03,0,28160.47,30044.32,73.33,1984.05,20025.18,0,0,0,0
2009-12-30 03:00:00,0,2954.86,0,312.62,13768.03,5490.12,8811.57,0,0,1586.64,9414.02,212.75,0,14384.89,1417.33,4329.59,74303.93,0,16632.23,0,0,94864.93,0,0,0,3165.16,3299.21,0,27827.05,29360.2,73.55,2017.96,20075.9,0,0,0,0
2009-12-30 04:00:00,0,2988.05,0,313.17,14132.21,5687.86,9182.48,0,0,1635.51,9735.82,213.5,0,14521.87,1461.01,4405.01,75040.97,0,16864.84,0,0,96585.99,0,0,0,3243.5,3372.74,0,28136.88,29137.27,74.8,2084.94,20221.1,0,0,0,0
2009-12-30 05:00:00,0,3036.36,0,329.69,14605.06,5905.45,9473.26,0,0,1688.96,10112.34,213.98,0,14818.36,1519.16,4508.59,76014.14,0,17189.92,0,0,98240.17,0,0,0,3276.04,3400.3,0,28698.53,29322.06,75.96,2141.39,20507.91,0,0,0,0
2009-12-30 06:00:00,0,3080.65,0,329.38,15197.89,6037.81,9743.52,0,0,1741.36,10456.42,214.52,0,15207.28,1551.64,4628.87,77087.99,0,17662.38,0,0,100142.25,0,0,0,3308.18,3411.99,0,28944.1,29835.23,77.16,2172.77,20718.09,0,0,0,0
2009-12-30 07:00:00,0,3125.71,0,330.96,15745.23,6135.48,10057.71,0,0,1779.69,10794.78,221.75,0,15586.25,1596.0,4763.54,78146.26,0,18157.63,0,0,102225.19,0,0,0,3326.29,3427.99,0,29177.74,30454.27,78.4,2216.53,20996.17,0,0,0,0
2009-12-30 08:00:00,0,3166.62,0,341.4,16444.21,6576.83,10376.78,0,0,1936.65,12001.53,229.89,0,17038.63,1655.76,4901.6,79141.98,0,19756.62,0,0,107522.09,0,0,0,3429.51,3499.61,0,29957.62,31089.03,79.79,2377.51,21238.69,0,0,0,0
2009-12-30 09:00:00,0,3230.37,0,336.06,16491.69,6558.06,10170.01,0,0,1902.17,12247.51,226.39,0,16938.85,1644.74,5035.64,81367.85,0,20146.54,0,0,109543.25,0,0,0,3385.17,3432.4,0,31264.11,31846.54,81.15,2378.01,21835.75,0,0,0,0
2009-12-30 10:00:00,0,3320.01,0,335.52,15824.81,5952.69,9509.51,0,0,1837.97,12434.79,198.87,0,16763.91,1516.16,4921.55,83479.34,0,20009.79,0,0,107467.89,0,0,0,3240.37,3332.43,0,31148.37,32987.82,82.1,2270.48,21700.63,0,0,0,0
2009-12-30 11:00:00,0,3312.4,0,329.37,15050.02,5690.36,8861.51,0,0,1835.42,12764.42,196.52,0,16603.54,1431.39,4812.18,83611.17,0,19922.6,0,0,105135.79,0,0,0,3118.2,3229.36,0,30740.08,33482.1,82.49,2196.26,21287.03,0,0,0,0
2009-12-30 12:00:00,0,3291.2,0,321.04,14497.55,5643.25,8473.77,0,0,1846.77,13104.85,190.43,0,16409.57,1397.58,4730.75,83389.58,0,19850.95,0,0,103087.58,0,0,0,3005.86,3065.64,0,30201.53,33489.89,82.76,2194.78,21070.73,0,0,0,0
2009-12-30 13:00:00,0,3272.06,0,302.25,14046.18,5593.99,8123.2,0,0,1849.0,13308.64,190.26,0,16215.15,1410.83,4654.33,82783.44,0,19718.92,0,0,101507.15,0,0,0,2891.67,2962.17,0,29433.26,33361.18,82.43,2207.82,20928.71,0,0,0,0
2009-12-30 14:00:00,0,3260.0,0,293.12,13655.79,5503.94,7812.6,0,0,1858.29,13350.46,192.46,0,16055.68,1393.05,4580.9,82217.24,0,19659.08,0,0,100751.55,0,0,0,2813.49,2858.92,0,28622.36,33131.14,82.33,2219.53,20481.76,0,0,0,0
2009-12-30 15:00:00,0,3255.36,0,289.39,13406.7,5429.1,7610.96,0,0,1854.13,13282.28,192.9,0,16088.14,1351.95,4501.8,81741.18,0,19937.37,0,0,99945.17,0,0,0,2777.77,2742.11,0,27917.97,32858.02,82.07,2213.26,20181.48,0,0,0,0
2009-12-30 16:00:00,0,3256.43,0,285.06,13566.98,5449.02,7703.53,0,0,1849.86,13233.4,194.94,0,16903.25,1343.65,4504.86,81413.16,0,20363.0,0,0,100197.64,0,0,0,2794.64,2725.84,0,27813.31,32609.59,81.67,2232.01,20103.26,0,0,0,0
2009-12-30 17:00:00,0,3252.14,0,292.82,14238.92,5456.93,8296.02,0,0,1858.07,13453.97,197.05,0,17632.41,1326.43,4559.03,80751.85,0,20823.04,0,0,102372.27,0,0,0,2853.1,2798.93,0,27944.81,32481.06,81.06,2275.49,20246.39,0,0,0,0
2009-12-30 18:00:00,0,3249.1,0,296.79,14629.5,5507.25,8736.42,0,0,1894.44,13627.53,201.98,0,18003.4,1372.56,4627.21,80807.63,0,21127.28,0,0,103673.34,0,0,0,2955.88,2925.5,0,28715.58,32471.3,80.59,2291.08,20735.55,0,0,0,0
2009-12-30 19:00:00,0,3252.18,0,313.77,14795.88,6365.31,9171.31,0,0,2095.91,14506.46,227.33,0,18272.76,1564.11,4567.34,84672.45,0,21863.48,0,0,107563.44,0,0,0,3084.03,3307.64,0,29810.29,33402.7,78.79,2542.15,21395.8,0,0,0,0
2009-12-30 20:00:00,0,3312.83,0,309.92,14836.06,6112.92,8820.33,0,0,1967.14,13686.53,225.09,0,17421.63,1496.77,4451.17,83220.03,0,21184.18,0,0,104423.22,0,0,0,3109.43,3220.74,0,30283.13,34051.64,76.49,2411.83,21611.09,0,0,0,0
2009-12-30 21:00:00,0,3316.49,0,297.38,14336.26,5832.38,8445.37,0,0,1844.46,12892.94,219.97,0,16550.31,1423.2,4330.5,81751.08,0,20390.76,0,0,101477.99,0,0,0,3071.55,3169.45,0,29482.74,34262.61,74.34,2242.31,21017.62,0,0,0,0
2009-12-30 22:00:00,0,3198.58,0,277.76,13671.26,5400.27,8056.68,0,0,1728.21,11980.29,205.8,0,15649.5,1347.18,4224.11,79612.15,0,19314.52,0,0,98273.55,0,0,0,2962.93,3120.77,0,28401.25,33611.8,72.13,2098.76,20193.49,0,0,0,0
2009-12-30 23:00:00,0,3083.09,0,261.81,13026.38,4980.26,7657.68,0,0,1620.61,11110.1,185.81,0,14723.58,1258.13,4076.58,77202.23,0,18226.42,0,0,94919.6,0,0,0,2862.7,3011.51,0,27191.6,32663.63,70.25,1955.46,19209.64,0,0,0,0
2009-12-31 00:00:00,0,2962.0,0,246.55,12441.02,4576.91,7298.03,0,0,1506.13,10222.17,168.91,0,13795.68,1176.04,3925.46,74661.75,0,17165.21,0,0,91376.95,0,0,0,2760.01,2903.09,0,26091.48,31695.27,68.86,1816.99,18293.56,0,0,0,0
2009-12-31 01:00:00,0,2874.55,0,227.93,11884.11,4205.12,7047.46,0,0,1401.81,9456.36,155.49,0,13143.89,1108.14,3761.5,72059.76,0,16130.71,0,0,87965.94,0,0,0,2677.84,2840.91,0,24997.29,31049.72,68.47,1684.97,17578.4,0,0,0,0
2009-12-31 02:00:00,0,2829.75,0,218.39,11573.05,3918.08,6842.62,0,0,1313.24,8796.36,143.76,0,12923.93,1049.33,3647.5,69823.66,0,15379.96,0,0,85031.4,0,0,0,2647.02,2848.07,0,24302.75,30761.21,68.27,1568.2,17150.3,0,0,0,0
2009-12-31 03:00:00,0,2878.67,0,219.21,11712.77,3906.47,6991.11,0,0,1315.67,8646.98,143.48,0,12973.58,1044.41,3653.37,69470.65,0,15323.17,0,0,85919.47,0,0,0,2704.58,2869.27,0,24223.7,30697.17,69.9,1578.87,17062.27,0,0,0,0
2009-12-31 04:00:00,0,3019.6,0,236.23,12079.63,4086.82,7172.35,0,0,1370.57,8968.55,148.87,0,13240.87,1084.55,3714.66,70686.75,0,16019.89,0,0,87367.74,0,0,0,2820.89,2922.2,0,24663.82,31086.0,71.07,1627.03,17314.35,0,0,0,0
2009-12-31 05:00:00,0,3160.94,0,241.19,12461.92,4255.89,7310.35,0,0,1423.15,9334.34,152.73,0,13608.39,1142.08,3813.07,72395.76,0,16042.76,0,0,88771.37,0,0,0,2924.29,2967.81,0,24939.29,31758.8,72.5,1690.57,17715.14,0,0,0,0
2009-12-31 06:00:00,0,3284.32,0,246.48,12830.69,4436.37,7449.83,0,0,1474.75,9707.28,159.17,0,13964.78,1193.74,3936.25,74168.64,0,16443.49,0,0,90449.28,0,0,0,3010.82,2981.56,0,25302.93,32789.41,74.01,1776.21,18039.24,0,0,0,0
2009-12-31 07:00:00,0,3397.42,0,251.17,13234.34,4611.13,7635.72,0,0,1527.16,10076.37,163.69,0,14320.75,1235.13,4057.05,75797.01,0,16913.59,0,0,92048.28,0,0,0,3070.35,2983.0,0,25725.29,33719.77,77.17,1847.34,18418.99,0,0,0,0
2009-12-31 08:00:00,0,3512.35,0,253.29,13648.64,4851.28,7778.45,0,0,1666.25,10952.81,168.39,0,15312.94,1274.63,4166.34,77317.91,0,17924.65,0,0,94542.44,0,0,0,3143.8,2967.1,0,26247.39,34676.32,80.72,1948.78,18816.39,0,0,0,0
2009-12-31 09:00:00,0,3662.95,0,265.5,14067.44,5065.78,7933.79,0,0,1703.7,11749.45,176.05,0,15966.05,1293.3,4289.57,79974.03,0,19036.55,0,0,99051.78,0,0,0,3155.97,2908.95,0,27163.98,35939.91,84.19,2023.37,19302.62,0,0,0,0
2009-12-31 10:00:00,0,3800.86,0,266.03,14098.66,5233.61,7902.86,0,0,1734.41,12476.04,177.91,0,16041.54,1291.62,4369.92,83489.13,0,19221.56,0,0,99569.4,0,0,0,3086.41,2845.46,0,27240.44,37472.88,87.96,2077.1,19622.14,0,0,0,0
2009-12-31 11:00:00,0,3845.67,0,267.02,14054.08,5380.36,7787.7,0,0,1784.34,13069.26,181.62,0,15958.6,1306.08,4405.82,83922.29,0,19420.78,0,0,99516.06,0,0,0,2962.59,2737.77,0,27172.01,37558.05,90.83,2130.79,19774.54,0,0,0,0
2009-12-31 12:00:00,0,3842.13,0,283.59,13959.14,5446.09,7624.85,0,0,1829.62,13447.68,186.19,0,15951.46,1337.49,4432.21,84049.52,0,19544.52,0,0,99490.04,0,0,0,2783.51,2606.06,0,27136.57,37342.05,91.35,2186.19,19845.63,0,0,0,0
2009-12-31 13:00:00,0,3797.99,0,289.08,13751.66,5499.72,7375.61,0,0,1862.79,13757.62,192.15,0,15997.03,1365.38,4460.31,83800.28,0,19575.51,0,0,99511.49,0,0,0,2589.93,2504.19,0,27079.58,36999.2,90.75,2239.21,19891.79,0,0,0,0
2009-12-31 14:00:00,0,3748.34,0,294.92,13630.41,5584.05,7135.7,0,0,1918.25,13992.27,197.84,0,16040.8,1369.34,4468.74,83296.11,0,19651.88,0,0,99474.9,0,0,0,2542.29,2451.93,0,27069.1,36627.14,89.68,2293.49,19791.69,0,0,0,0
2009-12-31 15:00:00,0,3688.59,0,298.07,13618.18,5689.97,7042.39,0,0,1984.42,14439.84,200.48,0,16095.46,1357.67,4479.67,82739.9,0,19753.38,0,0,99002.24,0,0,0,2521.41,2408.65,0,26869.66,36313.39,88.67,2355.01,19727.4,0,0,0,0
2009-12-31 16:00:00,0,3641.58,0,295.95,13714.49,5752.5,7075.87,0,0,2048.48,14801.22,207.4,0,16439.93,1364.91,4487.2,82171.91,0,19972.08,0,0,98840.94,0,0,0,2556.71,2394.82,0,26708.19,36084.28,87.81,2399.73,19695.36,0,0,0,0
2009-12-31 17:00:00,0,3655.46,0,291.72,13856.91,5780.38,7279.06,0,0,2060.45,14915.84,210.15,0,16768.98,1358.29,4519.33,82137.79,0,20308.76,0,0,99717.96,0,0,0,2628.82,2423.46,0,26980.81,35968.4,87.0,2433.11,19793.72,0,0,0,0
2009-12-31 18:00:00,0,3733.93,0,292.86,13971.24,5743.76,7476.49,0,0,2000.07,14531.53,213.23,0,17008.57,1337.27,4579.38,82467.59,0,20641.54,0,0,100880.53,0,0,0,2693.82,2475.85,0,27469.46,36128.46,86.92,2427.71,20093.19,0,0,0,0
2009-12-31 19:00:00,0,3736.15,0,262.71,12495.72,5949.39,7317.37,0,0,2118.02,13717.88,212.28,0,16001.81,1486.93,4294.99,81567.52,0,20658.11,0,0,94208.45,0,0,0,2625.81,2853.19,0,22411.3,34606.87,90.11,2490.84,18249.76,0,0,0,0
2009-12-31 20:00:00,0,3836.41,0,257.83,12457.03,5786.71,7042.54,0,0,1979.48,12760.58,212.4,0,15233.75,1416.45,4255.13,82257.4,0,20125.41,0,0,91879.03,0,0,0,2603.46,2791.94,0,22913.34,35551.26,91.3,2357.62,19038.72,0,0,0,0
2009-12-31 21:00:00,0,3879.5,0,255.78,12339.91,5543.45,6714.28,0,0,1860.5,12018.36,206.83,0,14538.99,1336.89,4212.19,81909.37,0,19607.45,0,0,89495.87,0,0,0,2572.42,2675.12,0,23294.59,35305.1,92.36,2249.86,19159.92,0,0,0,0
2009-12-31 22:00:00,0,3766.43,0,235.98,11765.61,5118.16,6407.53,0,0,1752.87,11255.6,191.85,0,13857.62,1253.04,4231.57,81443.12,0,18777.07,0,0,87115.23,0,0,0,2480.81,2550.29,0,22295.43,34521.46,92.77,2105.95,19050.34,0,0,0,0
2009-12-31 23:00:00,0,3671.31,0,219.54,11277.07,4663.69,6147.73,0,0,1637.67,10462.83,173.98,0,13156.04,1169.71,4264.17,80030.11,0,17894.96,0,0,85075.37,0,0,0,2327.68,2438.26,0,21354.18,33645.73,92.75,1954.51,18847.76,0,0,0,0
